<COLLADA xmlns="http://www.collada.org/2005/11/COLLADASchema" version="1.4.1">
  <asset>
    <contributor />
    <created>2025-01-08T12:40:59.925488</created>
    <modified>2025-01-08T12:40:59.925488</modified>
    <unit name="meter" meter="1.0" />
    <up_axis>Z_UP</up_axis>
  </asset>
  <library_effects>
    <effect id="effect_Mesh" name="effect_Mesh">
      <profile_COMMON>
        <technique sid="common">
          <phong>
            <emission>
              <color>0.0 0.0 0.0 1.0</color>
            </emission>
            <ambient>
              <color>0.0 0.0 0.0 1.0</color>
            </ambient>
            <diffuse>
              <color>1.0 1.0 1.0 1.0</color>
            </diffuse>
            <specular>
              <color>1 1 1 1.0</color>
            </specular>
            <shininess>
              <float>0.0</float>
            </shininess>
            <reflective>
              <color>0.0 0.0 0.0 1.0</color>
            </reflective>
            <reflectivity>
              <float>0.0</float>
            </reflectivity>
            <transparent>
              <color>0.0 0.0 0.0 1.0</color>
            </transparent>
            <transparency>
              <float>1.0</float>
            </transparency>
          </phong>
        </technique>
        <extra>
          <technique profile="GOOGLEEARTH">
            <double_sided>0</double_sided>
          </technique>
        </extra>
      </profile_COMMON>
    </effect>
  </library_effects>
  <library_geometries>
    <geometry id="geometry0" name="Mesh">
      <mesh>
        <source id="cubeverts-array0">
          <float_array count="4419" id="cubeverts-array0-array">-0.004852662 -0.01717594 0 -0.003048549 -0.01838251 0 -0.005353998 -0.01941667 0 -0.003626864 0.01987239 0 -0.004355752 0.01777697 0 -0.005392106 0.01953786 0 -0.01140164 0.01614186 0 -0.01371678 0.01720029 0 -0.01211973 0.01836061 0 -0.002367588 0.01840857 0 0.01576324 0.008315666 0 0.01772858 0.00944851 0 0.01736643 0.007168729 0 0.01641011 -0.008548414 0 0.01663023 -0.006697974 0 0.01859877 -0.007921975 0 -0.01689274 -0.0111298 0 -0.0147784 -0.01082694 0 -0.01584637 -0.01263706 0 -0.003637641 -0.02024998 0 -0.008300501 -0.01673528 0 -0.01016029 -0.01749884 0 -0.009911319 -0.01565292 0 -0.01329148 0.01515805 0 -0.01710689 0.01112302 0 -0.01592095 0.01253666 0 -0.01510539 0.01055917 0 -0.008591704 -0.01852145 0 -0.006743601 -0.01786471 0 0.01837818 -0.005971434 0 1.24567e-16 0.02043278 0 0.00186674 0.02019298 0 0.0009105326 0.01836767 0 0.01585151 0.01023396 0 -0.0198178 -0.004443778 0 -0.01782338 -0.004580608 0 -0.01927627 -0.006263239 0 -0.01624455 -0.009322905 0 0.008804714 -0.01817012 0 0.007242413 -0.0169787 0 0.008990438 -0.01608392 0 -0.01142199 0.01404371 0 0.01574993 0.01242617 0 0.01467726 0.01422402 0 0.01656757 0.01447465 0 -0.01306516 0.01309312 0 -0.01435424 0.01218739 0 0.01081174 0.01528394 0 0.009107976 0.01643752 0 0.01061536 0.01734985 0 0.01226318 0.01640333 0 0.01572931 -0.01286632 0 0.01451191 -0.01139266 0 0.0168431 -0.01134995 0 -0.0008170537 0.01893331 0 -0.01753093 -0.006673836 0 0.01895038 0.008007363 0 0.01595618 -0.0100272 0 0.01497045 -0.003555642 0 0.01664135 -0.004663933 0 0.01487779 -0.005530069 0 0.01923843 0.006143886 0 0.01729504 0.005248919 0 -0.009696945 0.01289666 0 -0.009556417 0.01486581 0 -0.007923387 0.01378874 0 0.01834342 -0.003707579 0 0.0199268 -0.004748849 0 0.01779837 0.01293128 0 0.01044639 -0.01736523 0 -0.01425684 -0.01254384 0 -0.01679289 0.007371891 0 -0.01852381 0.008103217 0 -0.01679382 0.009277313 0 0.01859699 0.002147565 0 0.02025786 0.00106159 0 0.01855136 0.0001751361 0 0.01775256 -0.00977946 0 -0.01038794 0.01776886 0 -0.001937066 -0.02020144 0 0.01879689 0.004079559 0 0.01078332 -0.01515456 0 0.003712229 -0.01848317 0 0.001999088 -0.01923935 0 0.002103595 -0.01744805 0 0.003648414 0.02010442 0 0.005392106 0.01953786 0 0.004355463 0.01802395 0 0.0170903 0.003279184 0 0.01673547 -0.002668905 0 0.01222004 -0.01631542 0 0.0126616 -0.01425403 0 -0.001159961 -0.0188313 0 -0.009134668 0.01662565 0 -0.007703401 0.01561504 0 0.007077386 -0.01899015 0 -0.01870257 0.0005351519 0 -0.01878889 -0.001512927 0 -0.02033028 -0.0007101609 0 -0.006048598 0.01808935 0 0.0001858429 -0.02021933 0 -0.0009870263 -0.02197785 0 -0.0182671 0.009829947 0 0.002668613 0.01872024 0 -0.02039612 0.001169976 0 0.005525971 -0.01772404 0 0.02030219 0.002993745 0 -0.01340502 -0.01534678 0 -0.01304431 -0.01353888 0 -0.01147286 -0.01459383 0 -0.01191339 -0.01639737 0 0.003491264 -0.02024885 0 0.01369026 -0.01559147 0 -0.0147338 0.01389189 0 -0.006382647 -0.01598884 0 0.01395766 0.01282084 0 -0.001797144 0.02026162 0 0.01848329 -0.001738046 0 0.02008037 -0.002809364 0 0.0009870263 -0.02197785 0 0.01532668 0.002365953 0 0.01691621 0.001275634 0 0.0152128 0.0003870051 0 -0.006139255 0.01463028 0 -0.006000568 0.01646122 0 0.01684255 -0.0006978236 0 0.01319933 -0.004430815 0 0.01331717 -0.002459403 0 0.01508581 -0.001581453 0 0.01369699 0.003451606 0 0.01546933 0.004324143 0 0.01028756 0.003670208 0 0.01192981 0.002575034 0 0.01016016 0.001700293 0 0.01205729 0.004544806 0 0.013827 0.005419447 0 0.0118024 0.0006051832 0 0.01357183 0.001480255 0 0.01344431 -0.0004892076 0 0.01306262 -0.006400175 0 0.0114203 -0.005304877 0 0.01154763 -0.003334721 0 0.009777968 -0.004209527 0 0.009905355 -0.002239569 0 0.01167497 -0.001364661 0 0.006875542 0.003890828 0 0.006748142 0.001920897 0 0.005105827 0.003016189 0 0.00346351 0.004111485 0 0.003590907 0.006081423 0 0.005233224 0.004986125 0 0.006620745 -4.903915e-05 0 0.00497843 0.001046252 0 0.008517855 0.002795543 0 0.008390453 0.0008256135 0 0.005360621 0.006956062 0 0.01003274 -0.0002696069 0 0.008645253 0.004765476 0 0.007002939 0.005860765 0 0.008772653 0.006735404 0 0.003336113 0.002141549 0 0.009650586 -0.006179508 0 0.008008269 -0.005084216 0 0.008135662 -0.003114264 0 0.008263055 -0.001144316 0 0.003208716 0.0001716111 0 0.006238557 -0.005958859 0 0.00611116 -0.007928797 0 0.004468843 -0.006833499 0 0.002826525 -0.005738202 0 0.002953922 -0.003768264 0 0.00459624 -0.004863561 0 0.001184208 -0.004642904 0 0.004723636 -0.002893622 0 0.003081319 -0.001798326 0 0.004851033 -0.0009236848 0 0.001056811 -0.006612842 0 -0.000712903 -0.007487482 0 -0.0005855061 -0.005517544 0 0.007880875 -0.007054157 0 0.0009294145 -0.008582779 0 0.006493349 -0.002018979 0 0.009523192 -0.008149455 0 0.001311605 -0.002672966 0 -0.0004581092 -0.003547606 0 -0.0003307123 -0.001577669 0 0.0006880354 0.01417901 0 0.00233078 0.01308653 0 0.0005610659 0.01221189 0 -0.008032712 0.01177857 0 -0.009802426 0.01090393 0 0.002576069 0.01697722 0 0.0008134767 0.01613502 0 -0.001081252 0.01330719 0 -0.001208648 0.01133725 0 -0.01144474 0.01199923 0 0.002458177 0.01505647 0 -0.002851094 0.0124328 0 0.001439002 -0.0007030292 0 -0.002978401 0.01046269 0 -0.002982538 -0.01622738 0 -0.002863991 -0.01427071 0 -0.001222491 -0.01536723 0 -0.01157214 0.01002929 0 -0.004630224 -0.01514013 0 -0.004620782 0.01155811 0 0.0126559 -0.01219148 0 0.01091053 -0.01318424 0 0.01103808 -0.01121463 0 0.02164645 0.003928252 0 0.02191143 0.001972065 0 -0.005894649 -0.008141462 0 -0.004124935 -0.007266824 0 -0.004252332 -0.009236761 0 0.00572998 -0.01383709 0 0.007498684 -0.01296397 0 0.007371287 -0.01493391 0 -0.009929823 0.008933991 0 -0.01169954 0.008059352 0 0.0009870263 0.02197785 0 0.002953132 0.0218009 0 -0.001094958 -0.01339709 0 5.147831e-05 0.004332143 0 0.001693796 0.003236845 0 -7.591858e-05 0.002362206 0 -0.01271731 -0.007709724 0 -0.010949 -0.006825508 0 -0.0110764 -0.008795444 0 -0.004379597 -0.0112065 0 -0.006149443 -0.01208134 0 -0.006022046 -0.0101114 0 -0.022 9.500549e-17 0 -0.02191143 0.001972065 0 -0.01334186 0.009154651 0 -0.004748077 0.009587975 0 0.002189541 -0.01558789 0 0.003868247 -0.01662862 0 0.01559672 0.006294088 0 0.001821193 0.005206783 0 -0.01435956 -0.006613076 0 -0.01423176 -0.004635034 0 -0.01259132 -0.00573021 0 0.009139858 -0.01405695 0 0.0107801 0.01152429 0 0.009154843 0.01264522 0 0.01086547 0.01343091 0 0.004895461 -0.02144841 0 0.002953132 -0.0218009 0 -0.01284611 -0.009670085 0 -0.007154776 -0.001136353 0 -0.005512458 -0.002231651 0 -0.007282173 -0.003106291 0 0.0004198269 -0.01646253 0 -0.004366597 0.01549917 0 -0.01410332 -0.002665163 0 -0.01246361 -0.003760293 0 0.01041497 0.005640107 0 0.01054237 0.007610044 0 0.01218468 0.006514747 0 -0.01289254 -0.0116423 0 -0.01120379 -0.01076538 0 -0.01131984 -0.01271831 0 -0.002737224 -0.01230171 0 -0.008542299 0.003898819 0 -0.008669696 0.001928882 0 -0.01031201 0.003024179 0 -0.0009676741 -0.01142732 0 0.0008020176 -0.01055272 0 0.0006746207 -0.01252265 0 -0.01018462 0.004994117 0 -0.01195433 0.004119477 0 -0.01182693 0.006089415 0 -0.006262998 0.01265321 0 -0.004493892 0.01352904 0 -0.01694911 0.005433278 0 -0.01536636 0.004340135 0 -0.01704535 0.003459627 0 -0.001718236 0.003457503 0 -0.001845633 0.001487566 0 0.003718304 0.00805136 0 0.003845701 0.0100213 0 0.005488018 0.008926001 0 -0.01596301 -0.007475613 0 -0.01448149 -0.008624022 0 -0.008858547 0.01834309 0 -0.01042511 0.0193731 0 -0.00864655 0.02022961 0 -0.0106942 -0.002885633 0 -0.0108216 -0.00485557 0 -0.01220869 0.000179574 0 -0.01233652 -0.001790335 0 -0.01397623 -0.0006952066 0 0.0005472238 -0.01449259 0 0.01293522 -0.008370112 0 0.01116551 -0.009244753 0 0.01129291 -0.007274815 0 -0.009561476 -0.01186068 0 -0.005767252 -0.006171526 0 0.0139544 0.007389387 0 -0.006390394 0.01068327 0 0.005983764 -0.009898735 0 0.004341446 -0.008803437 0 0.005856367 -0.01186867 0 -0.01600335 -0.005509552 0 0.00864655 -0.02022961 0 0.006798374 -0.02092324 0 -0.01211973 -0.01836061 0 -0.01371678 -0.01720029 0 -0.0002033155 0.0003922683 0 -0.00310576 0.008492676 0 -0.003233156 0.006522738 0 -0.004875474 0.007618036 0 -0.006899982 0.002803521 0 -0.0008402998 -0.009457417 0 0.004086652 -0.01274331 0 0.004214049 -0.01077337 0 -0.008160109 0.009808631 0 -0.008287505 0.007838695 0 0.007753478 -0.009024095 0 0.009395795 -0.01011939 0 -0.003997538 -0.005296886 0 -0.01885636 0.002621544 0 -0.01718222 0.001490303 0 -0.01384868 0.001274721 0 -0.005639855 -0.004201589 0 0.02024786 -0.0009093324 0 0.022 0 0 0.02191143 -0.001972065 0 -0.002953132 -0.0218009 0 0.02059717 0.007730246 0 0.02120718 0.00585281 0 0.001948589 0.00717672 0 0.0003062721 0.008272018 0 0.002075986 0.009146658 0 0.007626081 -0.01099403 0 0.009268398 -0.01208933 0 -0.002723626 0.0144026 0 -0.005385061 -0.0002617136 0 -0.007027379 0.000833584 0 -0.005257665 0.001708224 0 -0.007536966 -0.007046165 0 -0.009306682 -0.007920805 0 -0.009179284 -0.005950868 0 0.004100494 0.01396117 0 0.003973098 0.01199123 0 -0.009670117 -0.01380394 0 -0.007919157 -0.01295598 0 -0.008013444 -0.01488491 0 -0.007409569 -0.005076228 0 -0.01549376 0.002370197 0 0.0003559874 -0.01829648 0 -0.002597203 0.01637132 0 0.005607638 -0.01579945 0 -0.0158647 -0.003540343 0 -0.003615347 0.0006129261 0 0.002203383 0.0111166 0 0.002571732 -0.009678077 0 0.004226081 0.0159284 0 -0.00779176 -0.01098604 0 -0.01346925 0.007184712 0 0.01470494 -0.007495473 0 -0.0009540359 0.01527696 0 -0.0008310691 0.01719592 0 -0.00348795 0.002582864 0 -0.005130268 0.003678161 0 -0.003360554 0.004552801 0 -0.006772585 0.004773459 0 -0.008797093 -4.105576e-05 0 -0.01043941 0.001054242 0 -0.001336045 0.009367315 0 -0.001463442 0.007397378 0 -0.01056681 -0.0009156955 0 -0.009051888 -0.003980931 0 -0.002610014 -0.01033206 0 -0.002482617 -0.008362122 0 0.009027447 0.01067528 0 0.00890005 0.008705342 0 0.007257732 0.00980064 0 -0.009434077 -0.009890742 0 0.007130335 0.007830702 0 0.003959255 -0.01471325 0 0.002316938 -0.01361795 0 -0.01522684 0.006309432 0 -0.01359665 0.005214775 0 -0.006273242 -0.01404588 0 -0.008414903 0.005868756 0 -0.006645188 0.006743396 0 0.01280783 -0.01034005 0 0.01454407 -0.009369432 0 -0.01321446 0.01112459 0 -0.01745917 -0.002448139 0 -0.01574015 -0.001570221 0 0.01249303 0.01231383 0 0.0141467 0.01123556 0 0.01242906 0.010439 0 -0.006798374 0.02092324 0 -0.004895461 0.02144841 0 0.001566399 0.001266908 0 -0.005002871 0.005648098 0 0.000433669 0.01024196 0 0.0001788752 0.006302081 0 -0.01372405 0.003244837 0 -0.01208173 0.002149539 0 0.02059717 -0.007730246 0 0.01982132 -0.009545443 0 -0.01656757 -0.01447465 0 -0.01779837 -0.01293128 0 -0.003742744 -0.001357011 0 -0.00197303 -0.0004823715 0 -0.002100427 -0.002452309 0 -0.001590839 0.005427441 0 -0.00892449 -0.002010993 0 -0.006517791 0.008713334 0 -0.00235522 -0.006392184 0 0.002444335 -0.01164801 0 -0.01005722 0.006964054 0 -0.004506526 -0.01317574 0 -0.0150997 0.008279243 0 0.01464948 -0.01428613 0 0.01656757 -0.01447465 0 0.01520338 -0.01590149 0 0.01888587 0.01128378 0 0.01982132 0.009545443 0 -0.002227823 -0.004422246 0 -0.003870141 -0.003326949 0 0.005615415 0.01089594 0 -0.001297 -0.01725787 0 -0.01735401 -0.0004767638 0 -0.01560761 0.0003993842 0 0.009221363 0.01452173 0 0.005742762 0.0128658 0 0.01066976 0.009579982 0 -0.007664363 -0.009016103 0 -0.01799343 -0.009637123 0 -0.01888587 -0.01128378 0 -0.01982132 -0.009545443 0 -0.02059717 -0.007730246 0 -0.02120718 -0.00585281 0 0.01211973 0.01836061 0 0.01371678 0.01720029 0 0.01231208 0.008484684 0 0.01888587 -0.01128378 0 0.01779837 -0.01293128 0 -0.004895461 -0.02144841 0 -0.006798374 -0.02092324 0 -0.01998951 0.004331662 0 -0.02164645 0.003928252 0 -0.02120718 0.00585281 0 0.007385129 0.01177058 0 0.0140818 0.009359324 0 0.008943953 0.01836429 0 0.00864655 0.02022961 0 0.01042511 0.0193731 0 0.01520338 0.01590149 0 0.007501863 0.01372269 0 0.005869907 0.01483536 0 0.02164645 -0.003928252 0 0.02120718 -0.00585281 0 -0.002953132 0.0218009 0 -0.0009870263 0.02197785 0 0.01211973 -0.01836061 0 0.01042511 -0.0193731 0 -0.02059717 0.007730246 0 -0.01982132 0.009545443 0 0.004895461 0.02144841 0 0.006798374 0.02092324 0 0.005938999 0.01665165 0 -0.00864655 -0.02022961 0 -0.01042511 -0.0193731 0 -0.02023522 -0.002681955 0 -0.02164645 -0.003928252 0 -0.02191143 -0.001972065 0 -0.01520338 0.01590149 0 0.0075763 0.01560402 0 0.01267933 0.01427273 0 -0.01779837 0.01293128 0 -0.01656757 0.01447465 0 0.006365952 -0.003988918 0 0.002699129 -0.007708139 0 -0.01874604 -0.003297928 0 0.005285208 -0.01961008 0 0.01402391 -0.0128831 0 -0.01798438 0.006526737 0 -0.0183344 0.00469198 0 -0.01942267 0.006178377 0 -0.02055998 0.0028047 0 0.01370798 0.01560037 0 -0.007226846 -0.01939114 0 -0.01876131 -0.007970074 0 0.01371678 -0.01720029 0 0.00722244 0.01910099 0 -0.01888587 0.01128378 0 -0.007190932 0.0190946 0 -0.01520338 -0.01590149 0 -0.01472257 -0.01407403 0 0.01720285 0.01126474 0 0.01979571 -0.006439987 0 0.007471271 0.01740105 0 -0.01729865 -0.00821591 0 0.001892687 -0.02078456 0 0.02028361 0.004615607 0 -0.007483217 0.01737836 0 0.006037957 0.01824784 0 0.02178872 0.003041691 0.001657921 0.02144841 0.004895461 0.001709431 0.02167152 0.003787482 0.003734451 0.02178848 -0.00304337 0.00165694 0.02169026 -0.003678675 0.003748409 0.0214892 -0.00471321 0.001723091 0.02026811 -0.008555915 0.003151272 0.01954911 -0.0100912 0.00415131 0.0193731 -0.01042511 0.001709431 0.02135123 -0.005303286 0.003329769 0.02025007 0.008598534 0.003391518 0.02086506 0.006974894 0.004007969 0.02092324 0.006798374 0.001709431 0.02132807 0.005395694 0.003352802 0.01957624 0.01003847 0.001728619 0.01955134 0.01008688 0.004187569 0.02140357 0.005087948 0.006994602 0.02175832 0.00325202 0.008321781 0.02172873 0.003444202 0.005988659 0.02140423 -0.005085181 0.00698732 0.02173398 -0.003410858 0.005994781 0.02175835 -0.003251828 0.008321827 0.02022923 0.008647438 0.001662281 0.0193731 -0.01042511 0.008290569 0.01957199 -0.01004675 0.006179329 0.02022313 -0.008661689 0.007143921 0.0193731 0.01042511 0.008290569 0.02021963 0.008669864 0.007144001 0.01957036 0.01004993 0.006180729 0.0186731 -0.01163251 0.003225941 0.01864274 0.0116811 0.003322453 0.02144841 0.004895461 0.008638607 0.02144841 -0.004895461 0.00863868 0.02091701 -0.006817523 0.0019828 0.02022961 -0.00864655 0.008716049 0.02022961 0.00864655 0.008716152 0.02022961 -0.00864655 0.001422318 0.01651354 0.01453627 0.00682988 0.01567996 0.01543175 0.004915619 0.01520338 0.01590149 0.006581364 0.01678543 0.01422144 0.005217072 0.01656757 -0.01447465 0.00703355 0.01520338 -0.01590149 0.00658149 0.01667034 -0.01435618 0.005466011 0.02091229 0.006832001 0.006011589 0.02092324 0.006798374 0.008290569 0.02091621 -0.006819983 0.006029602 0.02092324 -0.006798374 0.008290569 0.01546832 -0.01564389 0.004903069 0.01720096 0.01371594 0.008300999 0.01836061 0.01211973 0.008290569 0.01778441 0.01295048 0.006535881 0.01720093 -0.01371598 0.00830125 0.01778172 -0.01295417 0.006536053 0.01836061 -0.01211973 0.008290569 0.02193753 -0.001656688 0.003020962 0.02193196 0.001728878 0.003003178 0.02193641 0.001671508 0.006897228 0.02193754 -0.00165656 0.0068983 0.0208937 -0.006888639 0.00403801 0.0203047 -0.008468718 0.005123901 0.01656757 0.01447465 0.003418869 0.01773791 0.0130141 0.004406761 0.01656757 -0.01447465 0.003418869 0.01774123 -0.01300956 0.004394001 0.01872453 -0.01154955 0.0052332 0.02135236 0.005298762 0.005011497 0.02029774 0.008485383 0.005131592 0.01784823 0.01286237 0.002830551 0.01836061 0.01211973 0.001568539 0.02193244 -0.001722805 0.004989323 0.004895252 -0.02144846 0.003290791 0.00684268 -0.0209088 0.003226601 0.005856671 -0.02120612 0.004874851 -0.01520341 0.01590146 0.003290737 -0.01447156 0.01657027 0.00487487 -0.01368023 0.01722937 0.00322662 -0.02197785 0.0009870682 0.001581211 -0.02179465 0.002998844 0.00164518 -0.01371682 -0.01720026 0.003290718 -0.0120808 -0.01838625 0.003226612 -0.01292883 -0.01780015 0.00487384 0.01371678 0.01720029 0.003290421 0.01518493 0.0159191 0.00334827 0.01447696 0.01656556 0.001707253 -0.01128378 -0.01888587 0.001580799 -0.009503159 -0.01984162 0.001645092 -0.01293128 0.01779837 0.001580811 -0.0112435 0.01890989 0.001645092 -0.02092324 0.006798374 0.001580811 -0.02021113 0.008689657 0.001645092 -0.02164645 0.003928251 0.00329089 -0.0214475 0.004899452 0.004874851 -0.02119462 0.00589814 0.00322665 0.007730246 -0.02059717 0.001580811 0.009587668 -0.01980092 0.001645092 -0.02191144 -0.001971982 0.003290768 -0.02197803 -0.0009829242 0.004874889 -0.02199995 4.62507e-05 0.0032267 0.01371678 -0.01720029 0.003290359 0.01447695 -0.01656556 0.001707253 0.01518538 -0.01591867 0.00334837 0.022 -8.8e-19 0.004 0.02193182 0.001730708 0.005 0.02138641 -0.005159588 0.005004082 0.01784044 -0.01287317 0.002833981 0.022 -4.4e-19 0.002 0.022 -1.32e-18 0.006 0.01878952 -0.01144351 0.006885799 0.01873554 0.01153167 0.005247089 -0.01656762 0.0144746 0.006581131 -0.01779845 0.01293117 0.00658112 -0.01720029 0.01371677 0.008290569 -0.004895535 0.0214484 0.006581131 -0.006798494 0.0209232 0.00658112 -0.00585281 0.02120718 0.008290569 0.01879026 0.01144229 0.006887272 -0.007730263 0.02059716 0.008290501 -0.01836061 0.01211973 0.008290569 -0.01720038 0.01371666 0.00487178 -0.005852953 0.02120714 0.00487178 0.002953132 -0.0218009 0.006581631 0.0009869121 -0.02197785 0.006581451 0.001971981 -0.02191144 0.004872459 0.01371668 -0.01720037 0.006581329 0.01442602 -0.01660993 0.004877831 -0.006798409 -0.02092323 0.006581501 -0.008646732 -0.02022953 0.00658144 -0.007730279 -0.02059715 0.004872292 0.01128377 -0.01888588 0.008290642 0.01042504 -0.01937314 0.00658102 0.01211948 -0.01836078 0.006581181 0.00197206 -0.02191143 0.008290581 0.009545429 -0.01982132 0.0082906 -0.0218009 0.002953072 0.004871651 -0.02164643 0.003928396 0.006581181 0.01128383 0.01888584 0.004871651 0.009545443 0.01982132 0.004871689 0.0104251 0.01937311 0.006581173 0.008646467 -0.02022965 0.006581047 -0.01590106 0.01520382 0.004874763 -0.003928284 0.02164644 0.004871712 0.01447465 -0.01656757 0.008290569 0.01293126 -0.01779838 0.008290619 -0.01128378 -0.01888587 0.008290688 -0.01211969 -0.01836064 0.006581161 -0.01042522 -0.01937304 0.006581379 -0.01293128 -0.01779837 0.00829063 -0.01371681 -0.01720027 0.0065811 -0.0202296 -0.00864658 0.00487167 -0.02059718 -0.007730224 0.006581249 -0.02092323 -0.006798398 0.004871811 -0.00954545 0.01982131 0.008290451 -0.01128378 0.01888587 0.00829047 -0.01042511 0.0193731 0.01 -0.00864655 0.02022961 0.01 -0.01937311 0.0104251 0.008290581 -0.01888601 0.01128355 0.006580971 -0.01982132 0.009545443 0.006581131 -0.02022961 0.008646546 0.0082906 -0.02059717 0.007730246 0.01 -0.01982132 0.009545443 0.01 -0.01211973 0.01836061 0.01 0.003928809 -0.02164635 0.004874939 0.004895417 -0.02144842 0.006581329 -0.00773026 -0.02059716 0.008290642 0.007730246 -0.02059717 0.008290569 -0.02180098 -0.002952493 0.004874752 -0.02191145 -0.001971909 0.006581207 -0.005852873 -0.02120717 0.004871731 -0.004895552 -0.02144839 0.006581181 -0.001972091 -0.02191143 0.008290558 -0.0009870263 -0.02197785 0.01 -0.002953132 -0.0218009 0.01 -0.009545457 -0.01982131 0.00829063 -6.704267e-17 -0.022 0.008290569 -0.002953206 -0.02180088 0.006581181 -0.00392829 -0.02164644 0.00829055 -0.01888588 -0.01128377 0.006581249 -0.0193731 -0.01042511 0.008290653 -0.01982133 -0.009545402 0.00658115 -0.02120719 -0.005852785 0.006581261 -0.02144841 -0.004895461 0.008290653 -0.02164646 -0.003928189 0.006581181 -0.022 4.476458e-13 0.00658123 -0.02197785 0.0009870236 0.00829063 -0.02191143 0.001972118 0.006581192 0.003928219 0.02164646 0.004871712 0.001972065 0.02191143 0.004871689 0.002953115 0.0218009 0.006581173 0.01371677 0.0172003 0.006581261 0.01211971 0.01836062 0.006581161 0.01293128 0.01779837 0.00829063 -0.01447465 -0.01656757 0.008290588 0.00679827 -0.02092328 0.00658107 0.01293119 -0.01779844 0.00487154 -0.01293128 0.01779837 0.008290501 -0.02092324 0.006798373 0.008290501 0.0009870231 0.02197785 0.006581192 -0.02120718 0.005852812 0.006581192 0.008646546 0.02022961 0.006581203 0.00585281 -0.02120718 0.008290569 -0.01720033 -0.01371673 0.004871712 -0.01779839 -0.01293125 0.006581203 -0.01836059 -0.01211976 0.004871819 -0.0165676 -0.01447462 0.00658115 0.01128378 0.01888587 0.00829063 -0.02180089 0.002953134 0.00829063 -0.02022961 -0.008646549 0.008290619 -0.02180089 -0.002953134 0.008290619 -0.01520341 -0.01590145 0.0065811 -0.01590152 -0.01520334 0.00487167 -0.009545484 -0.01982129 0.00487162 -0.0152034 0.01590146 0.006581131 -0.002953167 0.02180089 0.006581131 0.004895446 0.02144842 0.00658115 -0.01590149 -0.01520338 0.008290569 -0.01371679 0.01720028 0.006581131 -0.001972096 0.02191143 0.0048717 -0.0009870307 0.02197785 0.006581131 -0.003928313 -0.02164644 0.00487175 -0.01937309 -0.01042514 0.00487175 -0.02144841 -0.004895483 0.00487175 -0.02197772 0.0009898779 0.00487392 0.005852781 0.02120719 0.0048717 0.006798367 0.02092325 0.006581131 0.01293133 0.01779834 0.00487175 0.007732875 -0.02059618 0.004873791 -0.01292893 0.01780008 0.004873871 1.131984e-16 0.022 0.004871689 0.007730246 0.02059717 0.004871689 -0.01447465 0.01656757 0.008290527 -0.001972067 0.02191143 0.008290569 0.005852809 0.02120718 0.008290569 -0.005852816 -0.02120718 0.008290642 0.0144243 0.01661143 0.004877789 -0.01447469 -0.01656754 0.004871658 -0.001972125 -0.02191143 0.004871758 0.009545345 -0.01982136 0.004871597 -0.0009873157 -0.02197783 0.00658128 -0.02191145 0.001971918 0.003162273 0.008646432 -0.02022966 0.00316217 -6.053459e-08 -0.022 0.004871769 0.01128369 -0.01888593 0.004871571 -0.01127989 -0.0188882 0.004874798 -0.01042516 -0.01937308 0.003162201 -0.01042511 0.0193731 0.00658112 -0.01128378 0.01888587 0.004871689 -0.01211974 0.01836061 0.00658112 -0.02022961 0.00864655 0.004871689 -0.02059717 0.007730246 0.006581131 -0.009545443 0.01982132 0.004871689 -0.0193731 0.01042511 0.004871689 -0.007730246 0.02059717 0.001709431 -0.009545443 0.01982132 0.001709431 -0.01590149 0.01520338 0.001709431 -0.01720029 0.01371678 0.001709431 -0.01836061 0.01211973 0.001709431 -0.0193731 0.01042511 0.001709431 -0.01720029 -0.01371678 0.001709431 -0.01590149 -0.01520338 0.001709431 -1.689838e-08 -0.022 0.001708118 0.001972063 -0.02191143 0.00170826 -0.008646804 0.0202295 0.006580971 -0.02092234 0.006801148 0.004873859 -0.007730246 0.02059717 0.004871689 -0.003928252 -0.02164645 0.001709431 -0.001972065 -0.02191143 0.001709431 0.01590307 0.01520172 0.008298149 0.01656757 0.01447465 0.01 -0.01836061 0.01211973 0.004871689 -0.003928252 0.02164645 0.001709431 -0.00585281 0.02120718 0.001709431 7.580159e-16 0.022 0.001709431 -0.001972065 0.02191143 0.001709431 -0.02092324 -0.006798374 0.001709431 -0.02022961 -0.00864655 0.001709431 -0.0218009 -0.002953132 0.001709431 -0.02144841 -0.004895461 0.001709431 -0.01211973 0.01836061 0.003162251 -0.0193731 -0.01042511 0.001709431 -0.01836061 -0.01211973 0.001709431 -0.02059717 0.007730246 0.003162251 -0.01447465 -0.01656757 0.001709431 -0.01293128 -0.01779837 0.001709431 0.003928264 -0.02164645 0.00170813 0.00585281 -0.02120718 0.001709431 0.01656757 -0.01447465 0.01 0.01590312 -0.01520168 0.00829829 0.01585542 -0.01525141 0.001702 0.01779837 -0.01293128 0.01 1.327383e-16 0.022 0.008290569 -0.0009870263 0.02197785 0.01 0.0009870263 0.02197785 0.01 -0.003928253 0.02164645 0.008290569 -0.002953132 0.0218009 0.01 0.001972064 0.02191143 0.008290569 0.002953132 0.0218009 0.01 0.00392825 0.02164645 0.008290569 0.009545441 0.01982132 0.0082906 0.007730246 0.02059717 0.008290569 -0.01590149 0.01520338 0.008290569 -0.01656757 0.01447465 0.01 -0.01520338 0.01590149 0.01 0.01293174 -0.01779804 0.001706619 -0.02120718 0.00585281 0.01 -0.007730246 -0.02059717 0.001709431 -0.006798374 -0.02092324 0.01 -0.00864655 -0.02022961 0.01 0.01520338 -0.01590149 0.01 0.01371678 -0.01720029 0.01 -0.004895461 0.02144841 0.01 0.006798374 -0.02092324 0.01 0.007730246 0.02059717 0.001709431 0.004895461 0.02144841 0.01 0.003928247 -0.02164645 0.008290581 0.002953132 -0.0218009 0.01 0.02059717 0.007730246 0.01 0.02120718 0.00585281 0.01 -0.01371678 0.01720029 0.01 0.01211973 -0.01836061 0.01 0.004895461 -0.02144841 0.01 -0.02191143 0.001972065 0.01 -0.02164645 0.003928252 0.01 0.0009870263 -0.02197785 0.01 -0.01520338 -0.01590149 0.01 -0.01656757 -0.01447465 0.01 0.00585281 0.02120718 0.001709431 0.003928252 0.02164645 0.001709431 0.001972065 0.02191143 0.001709431 -0.006798374 0.02092324 0.01 -0.01720029 -0.01371678 0.008290569 0.01520338 0.01590149 0.01 -0.01447465 0.01656757 0.001709431 0.006798374 0.02092324 0.01 0.00864655 0.02022961 0.01 -0.01779837 -0.01293128 0.01 -0.02197785 -0.0009870263 0.001709431 0.01128378 0.01888587 0.001709431 0.009545443 0.01982132 0.001709431 -0.01888587 0.01128378 0.01 -0.01779837 0.01293128 0.01 0.01042511 0.0193731 0.01 0.01211973 0.01836061 0.01 -0.01371678 -0.01720029 0.01 0.01128378 -0.01888587 0.001709431 -0.01982132 -0.009545443 0.01 -0.02059717 -0.007730246 0.01 0.01708745 -0.0138571 0.00169331 0.01293128 0.01779837 0.001709431 -0.02144841 0.004895461 0.008290569 0.01711736 0.01382013 0.001695351 0.01888587 -0.01128378 0.01 -0.004895461 -0.02144841 0.01 -0.01042511 -0.0193731 0.01 0.02120718 -0.00585281 0.01 0.02059717 -0.007730246 0.01 -0.02164645 -0.003928252 0.01 -0.02191143 -0.001972065 0.01 -0.02144841 0.004895461 0.001709431 0.00864655 -0.02022961 0.01 0.01779837 0.01293128 0.01 0.01888587 0.01128378 0.01 -0.005852814 -0.02120718 0.00170826 0.01586819 0.01523813 0.001702641 -0.02092324 -0.006798374 0.00829063 -0.02120718 -0.00585281 0.01 -0.01836061 -0.01211973 0.008290611 -0.01888587 -0.01128378 0.01 -0.02197785 -0.0009870288 0.00829063 -0.022 9.278549e-17 0.01 0.01447466 0.01656756 0.008290569 0.01371678 0.01720029 0.01 0.01982132 0.009545443 0.01 0.01982132 -0.009545443 0.01 0.01042511 -0.0193731 0.01 -0.01211973 -0.01836061 0.01 0.02164645 0.003928252 0.01 0.02191143 0.001972065 0.01 0.02191143 -0.001972065 0.01 0.02164645 -0.003928252 0.01 0.01836061 -0.01211973 0.001513641 0.022 -1.76e-18 0.008 -0.0086461 -0.0202298 0.003291 -0.01042511 0.0193731 0.003290878 -0.01982132 0.009545443 0.003290878 0.010425 -0.01937316 0.003290871 0.002953091 -0.0218009 0.003290871 -0.0009870124 -0.02197785 0.00329063 0.0009871067 -0.02197784 0.003290897 -0.00679842 -0.02092323 0.00329089 -0.00489566 -0.02144837 0.003290718 -0.01982129 -0.009545484 0.00329076 -0.02059717 -0.007730242 0.00329076 -0.02164646 -0.003928229 0.003290821 -0.01656757 0.01447465 0.003290642 -0.002953166 0.02180089 0.003290703 -0.004895508 0.0214484 0.003290649 -0.01888584 -0.01128384 0.003290779 0.01211973 0.01836061 0.00329047 -0.02120717 -0.00585286 0.003290779 0.01211962 -0.01836068 0.003290691 -0.01520342 -0.01590145 0.003290718 -0.01656762 -0.0144746 0.003290737 -0.002953132 -0.0218009 0.003290501 -0.0177984 -0.01293123 0.00329076 -0.0009870477 0.02197785 0.00329073 0.004895435 0.02144842 0.003290611 0.006798352 0.02092325 0.003290577 0.0009870113 0.02197785 0.003290569 -0.01779837 0.01293128 0.003290558 -0.01888587 0.01128379 0.00329063 -0.006798388 0.02092324 0.003290569 -0.008646541 0.02022962 0.00329063 0.008646537 0.02022962 0.00329063 0.0104251 0.01937311 0.003290512 0.002953102 0.0218009 0.003290642 0.02195134 0.001462415 0.001470039 0.02195145 -0.001460809 0.00146846 0.02195283 -0.001439844 0.008552059 0.022 -4e-18 0.01 0.02195283 0.001439844 0.008552059 -0.01123493 0.0006385554 0.01 -0.009580595 -0.001104542 0.01 -0.009434381 0.00130896 0.01 0.003827004 -0.01011707 0.01 0.001352077 -0.01113535 0.01 0.00346394 -0.0119853 0.01 -0.005970963 -0.01707258 0.01 -0.006830804 -0.01888548 0.01 -0.004473469 -0.01841433 0.01 -0.008529419 0.01805198 0.01 0.005489982 -0.01115356 0.01 0.005982352 -0.009277011 0.01 -0.005344101 -0.01995979 0.01 -0.01163595 -0.00127056 0.01 0.002230765 -0.009092793 0.01 -0.0008404043 -0.01112832 0.01 -9.915608e-05 -0.01300161 0.01 0.009909985 -0.01707882 0.01 0.004367067 -0.008303192 0.01 0.0112836 0.00169301 0.01 0.01154437 0.003606869 0.01 0.009310246 0.003075262 0.01 -0.0006605114 0.01147855 0.01 -0.001796507 0.009537125 0.01 2.427878e-17 0.009611876 0.01 -0.01899349 -0.008118208 0.01 -0.01791294 -0.009714952 0.01 -0.0165456 -0.008231347 0.01 -0.01947698 0.006682066 0.01 -0.01747865 0.006087031 0.01 -0.01863724 0.007965937 0.01 0.01853802 0.002569306 0.01 0.01674207 0.003622237 0.01 0.0164816 0.001698822 0.01 0.008177761 -0.01607197 0.01 0.008400396 -0.013769 0.01 0.006570378 -0.01442985 0.01 0.01182272 -0.01626832 0.01 0.01003247 -0.01509205 0.01 0.003785224 0.01880374 0.01 0.002088374 0.02009596 0.01 0.002150938 0.01811727 0.01 -0.01772837 -0.006760763 0.01 0.003701728 0.0203982 0.01 -0.0102769 0.01721993 0.01 -4.304723e-05 -0.02011028 0.01 -0.01051425 -0.0174474 0.01 -0.009000113 -0.01647299 0.01 -0.0106044 -0.01522596 0.01 -0.01199185 -0.01634928 0.01 0.01168184 -0.01430952 0.01 -0.01781663 0.009567317 0.01 -0.01667107 0.00789883 0.01 0.01793074 0.0004265645 0.01 0.02021544 0.0008776304 0.01 0.01902637 0.006194152 0.01 0.001867414 -0.01286417 0.01 0.01589033 -0.01257655 0.01 0.01394392 -0.01192715 0.01 0.01469891 -0.01397337 0.01 0.009556039 0.0009871942 0.01 -0.002687283 0.01106056 0.01 -0.01938984 -0.006305266 0.01 -0.01778821 -0.004962909 0.01 -0.0197907 -0.004526725 0.01 0.01174948 -0.005268029 0.01 0.0100076 -0.005317986 0.01 0.01114101 -0.007087871 0.01 -0.01203142 0.01623773 0.01 -0.01995882 0.0009208363 0.01 -0.01814972 0.002094743 0.01 -0.02008484 0.002720676 0.01 0.009469572 -0.006665444 0.01 -0.01234345 -0.01404247 0.01 -0.01090484 0.00271343 0.01 -0.009009379 0.003562438 0.01 0.009012818 -0.003473451 0.01 0.008065662 -0.005581541 0.01 0.006345483 0.008994255 0.01 0.00440439 0.008566335 0.01 0.006337206 0.007202782 0.01 -0.006367053 -0.009041179 0.01 -0.004731624 -0.008438831 0.01 -0.006337203 -0.007202778 0.01 0.008357345 -0.007286401 0.01 0.006474551 -0.007316221 0.01 3.286142e-05 -0.009593709 0.01 -0.009707888 -0.007372585 0.01 -0.007978858 -0.006308293 0.01 -0.00939938 -0.005374641 0.01 -0.01356953 -0.01551726 0.01 -0.008207154 -0.007809794 0.01 0.008596876 -0.01820934 0.01 -0.01596793 -0.01278706 0.01 -0.01378132 -0.01248907 0.01 -0.01522462 -0.01110744 0.01 0.006177713 -0.01625415 0.01 -0.01459219 -0.01409276 0.01 -0.003383304 0.009089189 0.01 -0.0043436 0.01043048 0.01 -0.003428562 -0.009384516 0.01 -0.001803788 -0.009520473 0.01 -0.002836839 -0.00748013 0.01 -0.01430702 0.01214525 0.01 -0.01250074 0.01311591 0.01 -0.01446643 0.01410247 0.01 0.0191879 -0.001095326 0.01 0.007940713 0.007605943 0.01 0.007163031 -0.0175184 0.01 -0.01288732 0.01475072 0.01 -0.004929543 0.008475703 0.01 -0.004544518 0.006583871 0.01 -0.002836839 0.00748013 0.01 0.007083648 0.003717785 0.01 0.007767535 0.001914525 0.01 -0.0009642934 0.007941671 0.01 0.007560732 0.005747674 0.01 0.005988086 0.005304981 0.01 -0.0009642934 -0.007941671 0.01 0.01018095 0.004891206 0.01 -0.007679169 0.005417732 0.01 -0.007083648 0.003717785 0.01 -0.005988086 0.005304981 0.01 -0.006373853 0.007194592 0.01 0.004544518 -0.006583871 0.01 -0.004544518 -0.006583871 0.01 -0.007767535 0.001914525 0.01 -0.008 1.101117e-17 0.01 0.007083648 -0.003717785 0.01 0.005988086 -0.005304981 0.01 0.004544518 0.006583871 0.01 0.0009642934 -0.007941671 0.01 0.002836839 -0.00748013 0.01 -0.01901572 0.005218939 0.01 -0.007121759 0.01897586 0.01 0.01319312 0.01320065 0.01 0.01344595 0.01514986 0.01 0.01171857 0.01444477 0.01 -0.003310023 0.02034262 0.01 -0.002888007 0.01841755 0.01 -0.001816833 0.02018667 0.01 -0.008413548 0.007302449 0.01 -0.006889245 0.008869555 0.01 0.002290469 0.009292798 0.01 0.0009642934 0.007941671 0.01 0.002836839 0.00748013 0.01 0.0181832 0.004376867 0.01 0.01983788 0.004241949 0.01 0.01848608 -0.002654756 0.01 0.0185741 -0.004518874 0.01 0.02016804 -0.002803395 0.01 0.001816833 -0.02018667 0.01 -0.00186356 -0.02021492 0.01 -0.008999941 -0.003389732 0.01 -0.007767535 -0.001914525 0.01 -0.004698238 -0.0118896 0.01 -0.002981134 -0.01112104 0.01 -0.004789424 -0.0103621 0.01 -0.01691535 0.01116573 0.01 0.02023028 -0.00461743 0.01 -0.0008419009 0.01871604 0.01 -0.007859136 -0.009255833 0.01 0.01114982 5.308378e-05 0.01 0.01063317 -0.002135182 0.01 0.01247107 -0.001462831 0.01 0.01310801 -0.01359157 0.01 0.02042984 0.00271784 0.01 0.01489642 0.01393081 0.01 0.007372176 -0.01053079 0.01 0.01594306 0.00877939 0.01 0.01737847 0.007506536 0.01 0.01782864 0.009618314 0.01 -0.0182498 0.0001043222 0.01 0.0008618678 -0.01833231 0.01 0.001085023 0.01080285 0.01 0.009066528 -0.001742818 0.01 0.008 -4e-18 0.01 0.007767535 -0.001914525 0.01 0.007914841 0.009339665 0.01 0.009722754 -0.0006392782 0.01 -0.009289563 0.005430942 0.01 -0.02024786 -0.0009093324 0.01 -0.01856152 -0.001813662 0.01 0.002587777 -0.01892933 0.01 -0.007889983 -0.004819087 0.01 -0.005988086 -0.005304981 0.01 -0.007083648 -0.003717785 0.01 -0.01866907 -0.003380468 0.01 -0.0084717 0.00917463 0.01 0.008626966 0.004620901 0.01 0.003691846 0.0101097 0.01 -0.01057555 -0.002633657 0.01 0.00782022 -0.008862927 0.01 0.009776238 -0.00805342 0.01 0.009188087 -0.009920912 0.01 -0.01025501 0.0154542 0.01 -0.01063849 0.004668848 0.01 0.005404052 0.01972885 0.01 0.005720302 0.01771754 0.01 0.007179469 0.01911534 0.01 0.009511816 0.007960439 0.01 0.009512358 0.009941644 0.01 0.01893039 0.008118937 0.01 0.007949604 0.01127842 0.01 0.006319222 0.01076856 0.01 -0.006674122 0.01700996 0.01 0.01532114 -0.01101537 0.01 0.01337194 -0.01520743 0.01 -0.009920944 0.00849196 0.01 -0.01030452 0.006583395 0.01 -0.009565333 -0.009253587 0.01 -0.01890566 0.003540006 0.01 0.01799106 -0.009637601 0.01 0.0160988 -0.009172395 0.01 0.01701203 -0.01113748 0.01 -0.02016364 0.004232288 0.01 0.01608244 0.01079163 0.01 -0.004460656 0.01937827 0.01 0.001200052 0.01242641 0.01 -0.0003299666 0.01367602 0.01 -0.01203305 -0.003106207 0.01 -0.01344737 -0.001787418 0.01 -0.01236605 0.00395398 0.01 -0.0106282 -0.004297246 0.01 0.001509011 0.01433076 0.01 -0.01380214 -0.003706293 0.01 0.001404281 -0.01442704 0.01 -0.0004486383 -0.01510975 0.01 0.01194409 0.005494751 0.01 -0.007552992 0.01082508 0.01 0.01420373 -0.0008635521 0.01 0.01277627 0.0004422019 0.01 0.01621661 0.01268081 0.01 0.01465532 0.01195371 0.01 0.002595103 0.0112046 0.01 0.004507678 0.01164395 0.01 0.003000896 0.01306932 0.01 -0.01231953 -0.004977101 0.01 -0.01083819 -0.006244843 0.01 -0.004008932 0.0123778 0.01 -0.005832625 0.0116862 0.01 0.0105058 0.006748299 0.01 0.01211496 -0.003401039 0.01 0.0135017 -0.004714493 0.01 0.01383846 -0.002789659 0.01 -0.002176886 0.01304523 0.01 0.01308047 0.002309693 0.01 0.01341748 0.004232194 0.01 0.01230924 0.007412992 0.01 0.01094275 0.008659672 0.01 -0.01310744 0.0001336915 0.01 0.01277093 -0.008553946 0.01 0.01314851 -0.006636693 0.01 0.001054299 -0.01628804 0.01 -0.003355056 -0.01285919 0.01 -0.00520998 -0.01337222 0.01 -0.003763635 -0.01452796 0.01 -0.01267795 -0.006893494 0.01 0.00483587 0.01372925 0.01 0.008741081 -0.011782 0.01 0.01454948 0.00104767 0.01 0.003345652 0.01499074 0.01 0.01056514 -0.01112301 0.01 0.01092397 -0.0092033 0.01 0.01490057 0.002967321 0.01 -0.01416082 -0.005624215 0.01 -0.001975846 -0.01397521 0.01 -0.007306657 0.0129129 0.01 0.0119517 0.01640938 0.01 0.006908641 -0.0124243 0.01 0.007132078 -0.01910953 0.01 -0.009175298 0.0122885 0.01 -0.009581763 0.0103841 0.01 0.01883165 -0.008032665 0.01 -0.01126359 -0.008149364 0.01 -0.01156569 -0.01007847 0.01 0.008173275 0.01313323 0.01 0.00637989 0.0125017 0.01 -0.008171212 -0.01084164 0.01 -0.0100457 -0.01131875 0.01 -0.005485198 0.01360082 0.01 0.009676114 0.01187682 0.01 -0.003654695 0.01427119 0.01 0.005064508 -0.01306643 0.01 0.01567784 -0.002137613 0.01 -0.01274638 0.002050352 0.01 0.01532196 -0.004058602 0.01 0.01117948 0.01060266 0.01 -0.001821158 0.01493484 0.01 -0.006671342 -0.01218731 0.01 -0.008570768 -0.01263516 0.01 -0.01456799 0.001398819 0.01 -0.01203905 0.005878237 0.01 0.01496909 -0.005980491 0.01 0.01266117 0.009334593 0.01 -0.007085373 -0.01392438 0.01 -0.01492792 -0.00051686 0.01 0.01461401 -0.007902671 0.01 -0.00560386 -0.01518226 0.01 0.01377104 0.006152297 0.01 1.594117e-05 0.01559212 0.01 -0.01528498 -0.002434393 0.01 -0.01170191 0.007794048 0.01 0.01240939 -0.01047441 0.01 -0.002293278 -0.01579364 0.01 0.001853527 0.01625217 0.01 0.01525396 0.00488804 0.01 -0.01564417 -0.004353313 0.01 -0.01135435 0.009710537 0.01 0.00321593 -0.01377154 0.01 -0.01101213 0.01162688 0.01 -0.01304798 -0.008809874 0.01 0.006682004 0.01439539 0.01 0.004693249 -0.01499326 0.01 0.004320385 -0.01686943 0.01 0.01603498 -0.0002161521 0.01 -0.0007994167 -0.01694224 0.01 0.002580233 -0.01745499 0.01 0.002865198 -0.01564701 0.01 0.003693155 0.01691572 0.01 -0.01600507 -0.0062744 0.01 -0.01420722 0.003311734 0.01 -0.008492563 0.0160837 0.01 -0.006974455 0.01486158 0.01 0.01197733 -0.01238079 0.01 0.007057688 0.01621056 0.01 0.008499922 0.01503429 0.01 0.01743986 -0.001469219 0.01 -0.01481718 -0.009423378 0.01 -0.01338029 -0.01070929 0.01 0.01412023 0.008073795 0.01 -0.01188583 -0.01196965 0.01 -0.01053532 0.01352752 0.01 -0.008918899 -0.01452606 0.01 0.01147708 0.01249641 0.01 -0.01745011 0.003983 0.01 -0.01568602 0.004580425 0.01 0.01419303 -0.00984099 0.01 0.01560518 0.00681053 0.01 0.004066963 -0.01855672 0.01 -0.01706793 -0.003024505 0.01 -0.003309072 0.0161881 0.01 0.01673651 -0.005314466 0.01 -0.01604542 0.002669017 0.01 -0.01283034 0.01094719 0.01 -0.002595674 -0.01754098 0.01 -0.004119652 -0.01641065 0.01 0.0003777124 0.01741404 0.01 0.008832676 0.01682984 0.01 -0.01640564 0.0007521716 0.01 -0.0135123 0.007121602 0.01 0.005190705 0.015637 0.01 0.01446578 0.00999857 0.01 -0.01451279 -0.007536404 0.01 0.01020211 -0.01305466 0.01 -0.008794044 0.01419849 0.01 0.009987998 0.01376412 0.01 -0.005148502 0.01556323 0.01 0.01706049 -0.003386968 0.01 -0.01039436 -0.01324014 0.01 -0.007409854 -0.01576458 0.01 0.01296536 0.01122836 0.01 0.01640111 -0.007239732 0.01 0.01701677 0.005558981 0.01 -0.01676152 -0.001164376 0.01 -0.001460969 0.01680322 0.01 -0.01489884 0.00836136 0.01 -0.0131761 0.00903941 0.01 -0.01385648 0.005221013 0.01 -0.004742994 0.0174759 0.01 -0.005879262 0.01010104 0.01 -0.01459877 0.01027281 0.01 -0.01536475 0.006511697 0.01 -0.006329798 -0.01061887 0.01 1.241229e-16 0.02043278 0.01 -0.005856455 0.01836592 0.01 0.01742456 0.01150195 0.01 -0.007615437 -0.01732099 0.01 0.007568922 0.01764339 0.01 0.01025828 0.01564917 0.01 -0.00190764 -0.01239361 0.01 0.01059798 -0.003847147 0.01 0.0007550248 0.01895522 0.01 0.01042561 0.01754008 0.01 0.005730724 -0.01794702 0.01 0.009180767 0.006083754 0.01 -0.005880923 0.01977035 0.01 -0.02013784 -0.002755084 0.01 -0.01151228 0.01468685 0.01 -0.008865452 -0.0184093 0.01 -0.003722399 -0.02012746 0.01 0.01788574 -0.006589896 0.01 0.01954989 -0.006211609 0.01 -0.01704593 -0.01129673 0.01 -0.01598325 0.01274664 0.01 0.005012294 0.01002749 0.01 0.005387676 -0.01972842 0.01 0.02080478 -0.0009523432 0.01 -0.001187503 -0.01870501 0.01 0.008882948 0.01849972 0.01 0.003612988 -0.02011594 0.01 -0.01606974 0.0097788 0.01 -0.01376958 0.01576113 0.01 -0.00268519 -0.01908936 0.01 -0.01634737 -0.009898529 0.01 -0.01553263 0.01135862 0.01 0.01732613 -0.008327532 0.01 0.001889551 -0.007773648 0.01348644 9.139905e-05 -0.007999478 0.01344162 0.001914525 -0.007767535 0.01166919 -0.003797118 0.007041441 0.01344292 -0.003683385 0.007101597 0.01164297 -0.005263872 0.006024255 0.01171506 -0.00524871 0.00603747 0.01350771 -0.007512052 0.002751194 0.01344162 -0.007466283 0.002873085 0.01164297 -0.007941671 0.0009642934 0.01166919 -0.006598443 -0.004523334 0.01348644 -0.007447231 -0.002922114 0.01344162 -0.006583871 -0.004544518 0.01166919 -3.880105e-05 -0.007999907 0.01164297 -0.007938531 0.0009898128 0.01348644 -0.007493801 -0.002800526 0.01164297 0.005208879 -0.006071868 0.01157209 0.005347234 -0.005950386 0.01335526 0.003717785 -0.007083648 0.01333081 0.003728485 -0.007078022 0.01151802 0.00659766 -0.004524476 0.0134766 0.006583871 -0.004544518 0.01166919 0.00660309 0.004516547 0.01347342 0.006583871 0.004544518 0.01166919 0.005309153 0.005984388 0.01331723 -0.007941671 -0.0009642934 0.01333081 -0.007941671 -0.0009642934 0.01152402 -0.001914525 -0.007767535 0.01333081 -0.006583871 0.004544518 0.01333081 -0.001914525 -0.007767535 0.01152402 -0.006583871 0.004544518 0.01152402 1.984675e-17 0.008 0.01347598 1.984675e-17 0.008 0.01166919 -0.001914525 0.007767535 0.01333081 0.005304981 0.005988086 0.01152402 0.001914525 0.007767535 0.01152402 0.001914697 0.007767492 0.01331787 -0.001914525 0.007767535 0.01152402 -0.003717785 -0.007083648 0.01347598 -0.005304981 -0.005988086 0.01333081 -0.003717785 -0.007083648 0.01166919 0.003718091 0.007083488 0.01168217 0.003717785 0.007083648 0.01347598 -0.005304981 -0.005988086 0.01152402 0.007440559 -0.002939061 0.01340911 0.007437574 -0.002946606 0.01160208 0.007440559 0.002939061 0.01340911 0.007437574 0.002946606 0.01160208 0.004544518 0.006583871 0.015 0.005988086 0.005304981 0.015 -0.007767535 -0.001914525 0.015 -0.008 9.90117e-18 0.015 -0.007083648 0.003717785 0.015 -0.005988086 0.005304981 0.015 -0.004544518 -0.006583871 0.015 -0.005988086 -0.005304981 0.015 -0.002836839 0.00748013 0.015 -0.0009642934 0.007941671 0.015 0.0009642934 0.007941671 0.015 0.002836839 0.00748013 0.015 -0.0009642934 -0.007941671 0.015 -0.002836839 -0.00748013 0.015 0.004544518 -0.006583871 0.015 0.002836839 -0.00748013 0.015 0.005988086 -0.005304981 0.015 0.007083648 0.003717785 0.015 0.007767535 0.001914525 0.015 0.007767535 -0.001914525 0.015 0.007083648 -0.003717785 0.015 0.007868045 0.001447021 0.01250005 0.008 -2.953333e-18 0.01333333 0.008 -2.586667e-18 0.01166667 0.007868045 -0.001447021 0.01249995 -0.004544518 0.006583871 0.015 -0.007083648 -0.003717785 0.015 0.0009642934 -0.007941671 0.015 -0.007767535 0.001914525 0.015 0.007887179 0.001338809 0.01120999 0.007902045 -0.001248075 0.01383489 0.008 -7e-18 0.015 0.007902204 0.001247066 0.01383527 0.007891638 -0.001312268 0.01119685 0.003096331 -0.005789581 0.015 0.001645618 -0.004098026 0.015 0.001426831 -0.006104746 0.015 0.004862755 -0.001544552 0.015 0.003139711 -0.002348963 0.015 0.005161315 -0.003562599 0.015 0.003516497 -0.004197225 0.015 -0.00129494 0.005766712 0.015 -0.005846601 -0.002323284 0.015 -0.004100397 -0.00225544 0.015 -0.004474199 -0.0006055025 0.015 -0.006229573 -0.000679926 0.015 0.005404837 0.003625992 0.015 0.004145713 0.00477972 0.015 0.003423237 0.002923992 0.015 -0.003016958 -0.005885746 0.015 -0.002110042 -0.004461911 0.015 -0.004092533 -0.004813589 0.015 -0.003434326 -0.003491485 0.015 0.005030045 0.001992188 0.015 -0.0006359925 0.003631814 0.015 0.0007355155 0.004816456 0.015 0.0002004208 0.006488879 0.015 -0.004864033 0.001072773 0.015 -0.006526019 0.0009300894 0.015 -7.920402e-05 -0.005094979 0.015 -0.003090647 0.00584547 0.015 -0.005416484 0.00374876 0.015 -0.005874348 0.002261325 0.015 -0.003977585 0.002765448 0.015 0.002453194 0.004525561 0.015 -1.739313e-05 0.001827807 0.015 0.0013003 0.003136914 0.015 -0.001927969 0.002316853 0.015 -0.002735512 -0.0008926578 0.015 -0.002198427 -0.002609107 0.015 -0.0008735153 -0.001395614 0.015 -0.001375641 0.0004564601 0.015 0.002290693 -0.0004458864 0.015 0.00098897 -0.001896153 0.015 0.0004893706 -3.477065e-05 0.015 0.001854959 0.001329166 0.015 -0.00150086 -0.006089228 0.015 -0.004158751 0.00469426 0.015 0.00646329 0.000956642 0.015 0.003552374 0.0008794382 0.015 -0.0003706152 -0.003239241 0.015 -0.003205302 0.0009097731 0.015 -0.002472744 0.004162562 0.015 -0.005090932 -0.003651094 0.015 0.005002942 0.0001461575 0.015 0.003769695 -0.0006627611 0.015 0.006299557 -0.002302472 0.015 0.001730099 0.006188141 0.015 -3.064668e-05 -0.006634459 0.015 0.006390416 -0.0008027347 0.015 0.004535265 -0.005119256 0.015 0.003165711 0.005894176 0.015 0.006349871 0.002441427 0.015</float_array>
          <technique_common>
            <accessor count="1473" source="#cubeverts-array0-array" stride="3">
              <param type="float" name="X" />
              <param type="float" name="Y" />
              <param type="float" name="Z" />
            </accessor>
          </technique_common>
        </source>
        <source id="cubenormals-array0">
          <float_array count="8826" id="cubenormals-array0-array">0 -0 -1 0 0 -1 0 0 -1 0 -0 -1 0 0 -1 0 0 -1 0 0 -1 0 0 -1 -0 0 -1 -0 0 -1 0 0 -1 0 0 -1 0 0 -1 0 -0 -1 0 0 -1 0 -0 -1 0 0 -1 0 -0 -1 0 0 -1 0 0 -1 0 0 -1 -0 0 -1 -0 0 -1 0 0 -1 0 0 -1 0 0 -1 0 0 -1 0 0 -1 -0 0 -1 0 -0 -1 0 -0 -1 0 -0 -1 0 0 -1 0 0 -1 0 0 -1 0 -0 -1 0 0 -1 -0 0 -1 0 0 -1 0 -0 -1 0 0 -1 -0 0 -1 0 0 -1 0 0 -1 0 0 -1 -0 0 -1 0 0 -1 0 0 -1 0 0 -1 0 0 -1 0 0 -1 0 0 -1 -0 0 -1 0 0 -1 0 0 -1 0 0 -1 -0 0 -1 0 0 -1 0 0 -1 -0 0 -1 0 -0 -1 -0 0 -1 0 0 -1 -0 0 -1 -0 0 -1 -0 0 -1 0 0 -1 0 0 -1 -0 0 -1 0 0 -1 0 -0 -1 0 0 -1 -0 0 -1 0 0 -1 0 -0 -1 0 0 -1 0 0 -1 0 0 -1 0 -0 -1 0 0 -1 0 0 -1 0 0 -1 0 -0 -1 -0 0 -1 0 -0 -1 0 -0 -1 0 0 -1 0 0 -1 0 0 -1 0 0 -1 0 0 -1 0 0 -1 0 0 -1 0 -0 -1 0 0 -1 0 0 -1 0 0 -1 0 0 -1 0 -0 -1 0 0 -1 -0 0 -1 0 0 -1 0 -0 -1 0 0 -1 -0 0 -1 0 0 -1 0 -0 -1 0 0 -1 0 0 -1 0 0 -1 0 0 -1 0 0 -1 0 -0 -1 0 -0 -1 0 -0 -1 0 -0 -1 0 0 -1 0 0 -1 0 0 -1 0 0 -1 0 0 -1 0 0 -1 0 0 -1 0 0 -1 0 0 -1 -0 0 -1 0 -0 -1 0 0 -1 0 0 -1 0 -0 -1 0 0 -1 0 0 -1 0 0 -1 0 0 -1 0 0 -1 -0 0 -1 -0 0 -1 0 0 -1 -0 0 -1 0 0 -1 0 0 -1 0 0 -1 0 0 -1 0 0 -1 0 0 -1 0 -0 -1 0 -0 -1 0 0 -1 -0 0 -1 0 -0 -1 0 -0 -1 0 -0 -1 0 0 -1 -0 0 -1 0 0 -1 0 0 -1 0 0 -1 0 0 -1 0 0 -1 0 0 -1 0 0 -1 0 0 -1 0 0 -1 0 0 -1 0 -0 -1 0 0 -1 0 0 -1 0 0 -1 -0 0 -1 0 0 -1 0 0 -1 0 0 -1 0 0 -1 -0 0 -1 0 0 -1 0 0 -1 0 -0 -1 0 0 -1 -0 0 -1 -0 0 -1 0 0 -1 -0 0 -1 0 0 -1 0 0 -1 0 -0 -1 0 0 -1 0 0 -1 -0 0 -1 0 0 -1 0 -0 -1 0 -0 -1 0 -0 -1 0 0 -1 0 0 -1 0 -0 -1 0 0 -1 0 0 -1 0 0 -1 0 0 -1 0 -0 -1 0 0 -1 0 0 -1 -0 0 -1 0 0 -1 0 -0 -1 0 -0 -1 0 0 -1 0 0 -1 0 0 -1 0 0 -1 0 0 -1 0 0 -1 0 0 -1 -0 0 -1 0 0 -1 0 0 -1 0 0 -1 0 0 -1 0 0 -1 0 0 -1 0 -0 -1 0 -0 -1 0 0 -1 0 -0 -1 0 0 -1 0 0 -1 0 0 -1 0 -0 -1 0 0 -1 0 0 -1 0 0 -1 0 0 -1 0 -0 -1 0 0 -1 0 -0 -1 0 0 -1 0 0 -1 0 0 -1 0 -0 -1 -0 0 -1 0 0 -1 0 -0 -1 0 0 -1 0 0 -1 0 0 -1 -0 0 -1 0 0 -1 0 0 -1 0 0 -1 0 0 -1 0 0 -1 0 0 -1 -0 0 -1 -0 0 -1 0 0 -1 -0 0 -1 0 0 -1 0 -0 -1 0 0 -1 0 0 -1 -0 0 -1 0 0 -1 -0 0 -1 0 0 -1 -0 0 -1 0 0 -1 0 -0 -1 -0 0 -1 0 0 -1 -0 0 -1 0 0 -1 0 0 -1 -0 0 -1 0 0 -1 0 0 -1 0 0 -1 0 0 -1 0 0 -1 0 0 -1 0 0 -1 0 0 -1 0 0 -1 0 0 -1 0 0 -1 0 0 -1 0 0 -1 0 0 -1 0 0 -1 0 0 -1 0 -0 -1 0 0 -1 -0 0 -1 0 -0 -1 0 0 -1 0 0 -1 0 0 -1 -0 0 -1 0 -0 -1 0 0 -1 0 0 -1 0 0 -1 0 0 -1 0 0 -1 0 0 -1 0 0 -1 0 0 -1 0 -0 -1 0 0 -1 0 0 -1 0 0 -1 0 -0 -1 -0 0 -1 0 0 -1 -0 0 -1 0 0 -1 0 0 -1 0 0 -1 0 -0 -1 0 0 -1 0 0 -1 0 0 -1 0 -0 -1 0 0 -1 0 -0 -1 0 -0 -1 -0 0 -1 -0 0 -1 0 0 -1 0 0 -1 0 0 -1 0 0 -1 0 0 -1 -0 0 -1 0 -0 -1 -0 0 -1 0 0 -1 0 0 -1 0 -0 -1 -0 0 -1 0 0 -1 0 0 -1 0 0 -1 0 0 -1 -0 0 -1 0 0 -1 0 0 -1 0 0 -1 0 0 -1 -0 0 -1 0 0 -1 0 0 -1 0 0 -1 0 0 -1 0 0 -1 0 -0 -1 0 -0 -1 0 -0 -1 0 0 -1 -0 0 -1 0 0 -1 -0 0 -1 0 0 -1 0 0 -1 0 -0 -1 0 0 -1 0 -0 -1 0 0 -1 0 0 -1 0 0 -1 0 0 -1 0 0 -1 0 0 -1 0 0 -1 0 0 -1 0 -0 -1 0 0 -1 0 0 -1 0 -0 -1 0 0 -1 0 -0 -1 -0 0 -1 0 0 -1 0 0 -1 0 0 -1 0 0 -1 -0 0 -1 -0 0 -1 0 0 -1 -0 0 -1 -0 0 -1 0 0 -1 0 0 -1 0 0 -1 0 0 -1 0 0 -1 -0 0 -1 0 -0 -1 0 0 -1 0 0 -1 0 0 -1 0 0 -1 -0 0 -1 -0 0 -1 -0 0 -1 0 0 -1 -0 0 -1 0 0 -1 -0 0 -1 0 0 -1 0 -0 -1 0 0 -1 0 0 -1 0 0 -1 0 0 -1 -0 0 -1 0 0 -1 0 0 -1 0 -0 -1 0 -0 -1 -0 0 -1 0 0 -1 -0 0 -1 -0 0 -1 0 -0 -1 0 0 -1 0 0 -1 -0 0 -1 -0 0 -1 0 -0 -1 0 0 -1 0 0 -1 0 0 -1 0 0 -1 0 0 -1 -0 0 -1 0 -0 -1 0 0 -1 0 0 -1 0 0 -1 0 0 -1 0 0 -1 -0 0 -1 -0 0 -1 0 0 -1 -0 0 -1 0 0 -1 -0 0 -1 0 0 -1 -0 0 -1 -0 0 -1 0 0 -1 0 -0 -1 0 -0 -1 0 0 -1 0 0 -1 0 0 -1 0 0 -1 0 0 -1 -0 0 -1 0 0 -1 0 0 -1 0 0 -1 0 -0 -1 0 0 -1 -0 0 -1 0 0 -1 -0 0 -1 -0 0 -1 0 0 -1 -0 0 -1 -0 0 -1 -0 0 -1 0 0 -1 0 -0 -1 0 0 -1 -0 0 -1 0 0 -1 0 0 -1 0 -0 -1 -0 0 -1 0 0 -1 0 0 -1 -0 0 -1 0 0 -1 0 0 -1 0 0 -1 0 0 -1 0 -0 -1 0 0 -1 0 0 -1 0 0 -1 0 0 -1 0 0 -1 0 0 -1 0 -0 -1 0 0 -1 -0 0 -1 0 0 -1 0 0 -1 0 0 -1 0 0 -1 0 0 -1 -0 0 -1 0 0 -1 0 0 -1 -0 0 -1 0 -0 -1 0 0 -1 0 0 -1 0 0 -1 0 0 -1 0 0 -1 0 0 -1 0 0 -1 0 0 -1 0 0 -1 0 -0 -1 0 0 -1 0 0 -1 0 0 -1 0 0 -1 0 0 -1 0 0 -1 0 0 -1 -0 0 -1 -0 0 -1 0 -0 -1 0 -0 -1 -0 0 -1 -0 0 -1 -0 0 -1 0 0 -1 0 0 -1 0 0 -1 0 0 -1 0 0 -1 0 0 -1 0 0 -1 0 0 -1 0 0 -1 0 0 -1 0 0 -1 0 -0 -1 0 0 -1 0 0 -1 0 0 -1 0 0 -1 0 0 -1 0 -0 -1 0 0 -1 -0 0 -1 0 0 -1 -0 0 -1 -0 0 -1 0 -0 -1 -0 0 -1 0 0 -1 0 0 -1 0 -0 -1 -0 0 -1 0 0 -1 0 0 -1 0 0 -1 -0 0 -1 0 0 -1 0 -0 -1 0 0 -1 0 0 -1 0 0 -1 0 0 -1 0 0 -1 -0 0 -1 0 0 -1 0 -0 -1 0 -0 -1 0 0 -1 0 0 -1 0 0 -1 0 0 -1 0 0 -1 0 0 -1 0 0 -1 0 -0 -1 0 0 -1 0 0 -1 0 0 -1 0 0 -1 0 -0 -1 0 0 -1 0 0 -1 -0 0 -1 0 0 -1 -0 0 -1 0 0 -1 0 0 -1 0 0 -1 0 0 -1 0 0 -1 0 0 -1 0 0 -1 0 0 -1 -0 0 -1 -0 0 -1 0 0 -1 -0 0 -1 -0 0 -1 0 0 -1 0 0 -1 0 0 -1 0 0 -1 0 0 -1 0 0 -1 0 0 -1 0 0 -1 0 -0 -1 0 0 -1 -0 0 -1 -0 0 -1 -0 0 -1 0 -0 -1 0 0 -1 0 0 -1 0 0 -1 0 0 -1 0 -0 -1 0 0 -1 0 0 -1 0 0 -1 0 0 -1 0 0 -1 0 -0 -1 0 0 -1 0 0 -1 0 0 -1 0 0 -1 0 0 -1 0 0 -1 0 -0 -1 0 0 -1 0 0 -1 0 0 -1 -0 0 -1 0 -0 -1 0 0 -1 0 0 -1 0 0 -1 0 -0 -1 -0 0 -1 0 0 -1 0 0 -1 0 0 -1 0 -0 -1 0 0 -1 0 0 -1 0 0 -1 0 0 -1 0 -0 -1 -0 0 -1 0 0 -1 0 0 -1 0 0 -1 0 -0 -1 -0 0 -1 -0 0 -1 0 0 -1 -0 0 -1 0 -0 -1 0 0 -1 0 0 -1 0 0 -1 0 0 -1 0 0 -1 0 0 -1 0 -0 -1 0 0 -1 0 0 -1 0 0 -1 0 -0 -1 0 0 -1 0 0 -1 0 -0 -1 0 0 -1 0 0 -1 0 0 -1 0 0 -1 0 0 -1 0 -0 -1 0 0 -1 0 -0 -1 0 -0 -1 0 0 -1 0 -0 -1 0 0 -1 -0 0 -1 0 0 -1 0 -0 -1 0 -0 -1 0 0 -1 0 0 -1 0 0 -1 0 0 -1 0 0 -1 0 0 -1 0 0 -1 0 0 -1 0 0 -1 0 -0 -1 0 0 -1 0 0 -1 0 0 -1 0 0 -1 0 0 -1 0 -0 -1 0 0 -1 0 0 -1 0 0 -1 0 0 -1 0 0 -1 0 -0 -1 0 0 -1 0 0 -1 -0 0 -1 0 0 -1 0 0 -1 0 0 -1 0 0 -1 0 0 -1 0 0 -1 0 -0 -1 0 -0 -1 0 -0 -1 0 0 -1 0 0 -1 -0 0 -1 0 0 -1 -0 0 -1 0 0 -1 0 0 -1 0 0 -1 0 0 -1 0 0 -1 0 0 -1 0 0 -1 0 -0 -1 0 0 -1 0 -0 -1 0 0 -1 -0 0 -1 0 0 -1 -0 0 -1 0 0 -1 0 0 -1 0 0 -1 0 0 -1 0 -0 -1 0 0 -1 0 0 -1 0 -0 -1 -0 0 -1 0 0 -1 0 -0 -1 -0 0 -1 0 0 -1 0 0 -1 -0 0 -1 0 -0 -1 0 0 -1 -0 0 -1 0 0 -1 0 0 -1 0 0 -1 -0 0 -1 0 0 -1 0 0 -1 0 -0 -1 0 0 -1 0 0 -1 0 0 -1 0 -0 -1 -0 0 -1 -0 0 -1 0 0 -1 0 -0 -1 -0 0 -1 0 0 -1 0 0 -1 0 0 -1 0 -0 -1 0 0 -1 -0 0 -1 0 0 -1 0 0 -1 0 0 -1 0 0 -1 0 0 -1 0 0 -1 0 -0 -1 0 -0 -1 0 0 -1 -0 0 -1 0 0 -1 0 0 -1 0 -0 -1 0 -0 -1 0 0 -1 0 0 -1 0 0 -1 0 -0 -1 0 0 -1 -0 0 -1 -0 0 -1 0 -0 -1 0 0 -1 0 0 -1 0 0 -1 -0 0 -1 0 0 -1 0 0 -1 0 0 -1 -0 0 -1 0 -0 -1 0 0 -1 0 0 -1 0 0 -1 0 0 -1 0 0 -1 0 -0 -1 0 -0 -1 -0 0 -1 -0 0 -1 0 0 -1 0 0 -1 0 0 -1 0 0 -1 0 0 -1 0 -0 -1 0 0 -1 0 0 -1 0 -0 -1 0 0 -1 0 0 -1 0 -0 -1 0 0 -1 0 0 -1 0 0 -1 0 0 -1 -0 0 -1 0 0 -1 -0 0 -1 0 0 -1 0 0 -1 0 0 -1 0 0 -1 0 0 -1 0 0 -1 0 0 -1 0 0 -1 0 -0 -1 0 0 -1 0 0 -1 0 0 -1 0 0 -1 0 0 -1 0 0 -1 0 -0 -1 -0 0 -1 -0 0 -1 0 -0 -1 0 0 -1 0 0 -1 -0 0 -1 0 0 -1 0 0 -1 0 0 -1 0 0 -1 -0 0 -1 0 -0 -1 0 -0 -1 0 0 -1 0 0 -1 0 0 -1 -0 0 -1 0 0 -1 0 -0 -1 0 0 -1 0 0 -1 0 0 -1 0 0 -1 0 -0 -1 0 -0 -1 0 0 -1 0 0 -1 -0 0 -1 0 0 -1 0 -0 -1 0 0 -1 0 -0 -1 0 -0 -1 0 0 -1 -0 0 -1 -0 0 -1 0 0 -1 0 0 -1 0 0 -1 0 0 -1 0 0 -1 0 0 -1 0 0 -1 0 0 -1 0 0 -1 0 0 -1 0 0 -1 0 -0 -1 0 0 -1 0 -0 -1 0 0 -1 0 0 -1 0 0 -1 0 0 -1 0 0 -1 0 -0 -1 0 0 -1 -0 0 -1 0 -0 -1 0 0 -1 0 0 -1 -0 0 -1 -0 0 -1 0 0 -1 -0 0 -1 -0 0 -1 0 0 -1 0 -0 -1 0 -0 -1 0.9834738 0.180805 -0.00942952 0.984237 -0.1766969 -0.007452061 0.903913 -0.4276646 -0.00667354 0.9784511 -0.2063137 0.008250586 0.9355897 0.3530722 -0.003433381 0.9775553 0.2105459 0.007495101 0.9053752 0.4246118 0.000808895 0.981376 0.1920669 0.003374123 0.981464 -0.1916258 0.002817222 0.9362376 0.351365 -0.00134706 0.9028006 -0.4299854 0.007989282 0.9026995 0.430199 0.00789815 0.868001 -0.4965338 0.005332398 0.8690211 0.4947741 -0.0009405407 0.9052429 0.424893 0.001105941 0.9824926 0.1862347 -0.004992087 0.9824972 -0.1862131 -0.004893025 0.9653121 -0.2607001 0.0144263 0.9009252 -0.4339742 0.0004647984 0.9009016 0.434023 0.0007165771 0.9011334 -0.4335337 0.002660554 0.9509981 -0.3089951 -0.01116594 0.7205001 0.6933737 0.01060809 0.739194 0.6734577 -0.006848957 0.7235371 -0.6902693 -0.004731724 0.9626331 0.2708085 -0.0006302809 0.9626943 -0.2705911 -0.0004073712 0.7287977 -0.6846566 0.009962002 0.9358907 0.3522897 0.0007005179 0.936011 -0.3519705 0.0004533727 0.8090079 0.5876635 0.01256656 0.8090085 -0.5876627 0.01256333 0.9930127 -0.1174999 0.01094177 0.9925584 0.1211243 0.01251769 0.9933873 0.114768 -0.003145399 0.9934853 -0.1139305 -0.002618368 0.9599118 0.2802886 0.002771783 0.9644237 -0.2639833 -0.01413403 0.9365898 -0.3504225 -0.001883013 0.7827237 0.6223277 -0.007198292 0.7814655 -0.6239406 -0.003123478 0.9373331 -0.3484316 0.001416981 0.8698804 -0.493259 -0.001901551 0.9365253 -0.3505968 -0.001509772 0.9606936 0.2775961 -0.002847284 0.9365982 0.3503796 0.004233326 0.9367874 -0.3498712 0.004405974 0.7789469 0.6269246 -0.01439587 0.8289275 -0.5593528 0.001879401 0.7790874 -0.6267557 -0.01415278 0.9609452 -0.2767355 0.00132301 0.7820911 0.6231419 -0.005245084 0.9058415 0.4236008 -0.00367277 0.9060052 -0.423249 -0.003846796 0.8297625 -0.5581152 -0.001252172 0.9368426 0.3497395 0.002860005 0.9637225 -0.2668616 0.004874771 0.9637181 0.2668761 0.004961822 0.8638592 0.503565 -0.01302394 0.9925378 -0.1219283 -0.001528587 0.2665827 -0.963705 -0.01436386 -0.6574136 0.7533931 -0.01436046 -0.9958176 0.09022538 0.0143738 -0.5872355 -0.8092886 -0.01436938 0.6571449 0.7536455 0.01338275 -0.4732858 -0.8807913 0.01439288 -0.550335 0.83482 0.01438734 -0.9359242 0.3519072 0.01439447 -0.9746909 0.2230946 -0.014366 0.393546 -0.9191923 0.01439138 -0.9989167 -0.04426359 -0.01435368 0.6571548 -0.7536367 0.01338801 0.9992599 -0.03844368 0.001293039 0.9920901 0.125528 -4.586089e-05 0.9927941 -0.1197269 -0.005048285 0.9803198 -0.1973658 0.004450759 0.7819911 -0.6232715 -0.004761487 0.9925687 0.121502 -0.006687345 0.9793963 0.2018618 0.005884472 0.9992257 0.0393444 3.361797e-05 0.9065789 0.4220356 -0.0008273009 0.9067444 -0.4216795 -0.00098693 0.9992898 -0.03768067 0 0.980979 -0.194108 -0.001531088 0.7831757 -0.6217991 0.001275203 0.999232 -0.03918511 0 0.999225 0.0393638 0 0.9804634 0.1966523 -0.004413669 0.9619091 0.2733369 0.00421743 0.9624124 -0.2715883 0.001542618 0.8330799 -0.5530255 -0.01185216 0.9992265 0.03932505 0 0.9619278 -0.2733001 -0.001451011 0.8707892 -0.4916556 0.0009524267 0.8710234 0.491241 0.0007949646 0.9060816 -0.4230987 0.001895446 -0.7817692 0.6234334 -0.01295463 -0.2660231 0.9638795 -0.01295733 0.8331617 0.5529031 -0.01182216 0.8696357 0.4936808 -0.003600569 -0.3089907 0.9509768 0.01295624 -0.8089484 0.5877368 0.01296064 -0.7817692 0.6234332 0.01295726 -0.2660232 0.9638795 0.01295776 0.08962432 -0.9958913 0.01296022 0.6578796 -0.7530119 0.01294571 -0.3513516 -0.9361538 0.0129608 0.5128484 -0.8583815 -0.01295405 0.08962665 -0.9958911 -0.01295802 0.4738274 -0.8805224 0.01295628 -0.983826 0.1786522 -0.01302908 0.4738342 0.8805187 -0.01295996 0.4338459 -0.900894 -0.01295551 0.828705 0.5596749 0.003496783 -0.7529882 0.657906 -0.01298233 -0.2225063 0.9748451 -0.01296407 0.6578811 -0.7530103 -0.01295917 0.5508513 -0.8345028 0.01295947 -0.5128555 -0.8583772 -0.01295284 -0.550849 -0.8345043 0.01295958 -0.5877336 -0.8089507 -0.01295677 -0.9361572 -0.3513426 -0.01296016 -0.4738308 0.8805205 -0.01295809 -0.4338475 0.9008931 0.01295694 -0.8805232 0.4738259 -0.01295476 -0.919451 0.3929912 0.0129549 -0.5128575 0.858376 0.01295572 0.1785473 -0.9838457 0.01297977 -0.3513509 -0.9361541 -0.01296215 0.3929934 -0.9194499 0.01295873 -0.9958995 -0.08952308 -0.01302815 -0.2660147 -0.9638819 0.01295934 -0.08963066 -0.9958909 0.01295359 -0.4738319 -0.88052 0.01295907 -0.04486344 -0.9989091 -0.01296076 -0.1785437 -0.9838467 -0.01295905 -0.8805226 -0.4738268 -0.01295845 -0.9748467 -0.2224997 -0.01295699 -0.9989091 0.04486265 -0.01296046 0.1342171 0.9908672 -0.01295955 0.5877327 0.8089514 -0.01295885 -0.9908666 -0.134219 0.01298137 0.8300118 0.5577439 -0.001461394 -0.9194496 -0.3929945 0.01295804 -0.6234389 -0.7817647 0.01296116 0.35134 -0.9361583 -0.0129575 0.2226021 -0.9748224 -0.01302236 0.5128588 0.8583753 0.01295455 -0.9908665 0.1342229 0.01295497 -0.3090007 -0.9509735 -0.01295643 0.6223301 -0.7826608 -0.01213364 -0.8583753 0.5128588 0.0129553 -0.5508489 0.8345044 -0.0129565 -0.9361562 0.3513456 -0.01296067 0.08963141 0.9958907 0.01295237 -0.974844 0.2225096 0.01297692 0.433845 0.9008943 0.01295972 -0.3929926 0.9194503 -0.01295717 0.2660098 -0.9638829 0.01298231 0.3089884 -0.9509775 0.01295851 -0.8089513 -0.5877328 -0.01295575 -0.7817675 -0.6234354 0.01295911 0.7855337 0.6188174 0.001334937 0.5508487 0.8345045 0.0129563 -0.9958904 0.08963522 0.01295783 -0.9509777 -0.308988 0.01295442 0.1342474 -0.9908628 -0.0129809 -0.9008933 -0.4338471 0.01295625 -0.8345029 -0.5508512 0.01295653 -0.9838471 -0.1785415 0.01295861 -0.6578887 -0.7530037 -0.01295574 -0.7530088 -0.6578829 -0.01295808 -0.3929905 -0.9194512 -0.01295877 -0.7227334 0.6910049 0.01298094 -0.1785427 0.9838468 0.01295496 0.1785415 0.9838471 0.01295804 -0.9989091 -0.04485717 0.01297772 -0.7227338 -0.6910051 0.01295763 -0.6910027 -0.7227361 0.01295498 -0.6578855 0.753006 0.0129825 -0.08963405 0.9958904 0.01295569 -0.1785437 -0.9838466 0.01296098 -0.8805233 -0.4738257 0.01296077 -0.9748468 -0.2224986 0.01295962 -0.9989089 0.04486314 0.01297574 0.266013 0.9638824 0.01295515 0.5877317 0.8089522 0.01296115 0.3513403 -0.936158 0.01297281 -0.6233196 0.7818598 -0.01296166 -0.04486347 0.998909 -0.0129608 0.3089883 0.9509776 -0.01296055 -0.6578858 0.7530062 -0.01295851 -0.08963406 0.9958905 -0.01295411 0.2660128 0.9638824 -0.01295424 -0.2225017 -0.9748462 0.01295774 0.657883 0.753009 0.0129431 -0.6578888 -0.7530037 0.01295768 0.5508493 0.8345042 -0.01295528 -0.6909264 0.7228079 -0.01302609 -0.1342242 0.9908662 -0.01296021 -0.222503 -0.9748459 -0.01295509 -0.1342241 -0.9908663 -0.01295437 -0.9008926 -0.4338488 -0.0129545 -0.858374 -0.5128607 -0.01295788 -0.983853 -0.1785072 -0.0129767 -0.9638808 -0.2660185 -0.01295828 -0.9958864 0.08968244 -0.01292739 -0.999916 0.0001502461 -0.01296141 0.2225028 0.9748459 -0.01295875 0.3091328 -0.9509305 -0.01296281 0.3930354 -0.9194325 -0.01293002 -0.6910072 -0.7227318 -0.01295596 -0.6233729 -0.7818164 -0.01300959 -0.089642 -0.9958898 0.01295728 -0.9958841 0.0897121 0.01291318 0.4338461 -0.9008937 0.0129573 0.3930619 -0.9194213 0.0129106 0.6222891 0.7826939 -0.01210235 -0.5877342 -0.8089501 0.01297332 -0.04486404 -0.9989091 -0.01295536 0.4738244 -0.880524 -0.01295717 -0.5507017 -0.8346009 -0.01299806 0.2660066 -0.9638841 -0.01295653 0.5128465 -0.8583826 0.01295403 -0.7227342 -0.6910045 -0.0129606 -0.5128578 -0.8583755 0.01297753 -0.9008943 0.433845 0.01296003 -0.9008943 0.4338447 -0.0129604 0.5508446 -0.8345073 -0.0129562 -0.4737555 -0.8805618 -0.01290839 -0.4737189 -0.8805818 0.01288965 -0.5128552 0.8583774 0.0129549 -0.919451 0.3929912 0.01295545 -0.473833 0.8805194 -0.0129575 -0.9008931 0.4338475 -0.01296083 -0.3929912 0.9194509 0.01295554 -0.7530092 0.6578825 0.01295551 -0.858376 0.5128575 0.01295647 -0.7530092 -0.6578825 0.01295551 0.04486283 -0.9989089 0.01297081 -0.5877377 0.8089477 -0.01295833 -0.3513445 0.9361565 -0.01296032 -0.7227361 0.6910026 -0.01295954 -0.8345045 0.5508488 -0.01295714 -0.9509776 0.3089883 -0.01295696 -0.5877374 0.8089477 0.01297524 -0.4338514 0.9008913 0.01295844 -0.9509771 0.308989 0.01297312 -0.7817649 -0.6234387 -0.01295849 -0.8805223 0.4738278 0.01295404 -0.3929912 0.919451 -0.01295549 -0.5508052 0.8345338 -0.0129302 -0.1342194 -0.9908668 0.01296266 0.9360357 0.351659 0.01315482 0 -0.999916 -0.01296642 0.7530698 0.657812 -0.0130088 -0.858376 0.5128575 -0.01295856 -0.2225033 0.9748459 0.01295675 -0.0448641 0.998909 0.01296114 -0.9361385 0.3513939 -0.01292986 -0.9361565 -0.3513445 0.01296032 -0.9838462 -0.1785462 0.01295722 -0.5507814 0.8345497 0.01291026 -0.858376 -0.5128575 0.01295647 -0.9361286 0.3514206 0.01291346 -0.6234387 -0.7817649 0.01295849 -0.9638413 0.2661613 -0.01296162 0.2224963 -0.9748474 0.01296089 0.7530731 -0.6578083 -0.01300586 0.6899925 -0.7237157 0.01208528 0.781764 -0.623438 0.01304123 0 0.9999161 0.01295647 -0.1342195 0.9908668 -0.01296255 0.0448641 0.9989091 -0.01296051 0.3929912 0.9194509 -0.01295402 0.1342195 0.9908668 -0.01296279 0.3929913 0.9194509 0.01295526 0.7227361 -0.6910027 -0.01295361 -0.7227361 0.6910026 0.01295954 0.6235008 -0.7817146 0.01300923 -0.9509776 0.3089884 0.01295591 -0.3513445 -0.9361565 -0.01296032 -0.3513445 -0.9361566 0.01295848 0.6578825 -0.7530092 0.01295552 -0.3929911 -0.919451 -0.01295793 -0.2225034 0.9748458 -0.01295669 0.3089884 -0.9509776 -0.01295661 -0.08963066 0.9958908 0.01295242 0.3513445 0.9361565 -0.01296032 -0.3089916 -0.9509765 -0.01295799 0.1785462 0.9838462 0.01295702 0.1342194 -0.9908668 -0.01296315 0.9509776 0.3089884 0.0129566 -0.5877345 0.8089501 0.01295874 -0.1785462 0.9838462 0.01295732 0.2225032 0.9748459 -0.01295693 0.5877345 -0.8089501 0.01295817 0.2660139 -0.9638821 0.01295805 -0.1785462 -0.9838462 -0.01295722 -0.9908669 0.1342195 0.01295777 -0.7227361 -0.6910026 -0.01295954 0.04486429 -0.998909 -0.01296125 -0.7227361 -0.6910026 0.01295954 0.3089884 0.9509776 0.01295661 -0.5877345 -0.8089501 -0.01295926 0.1785462 0.9838462 -0.01295722 0.623437 -0.7817662 -0.01295971 0.08963066 -0.9958909 0.01295215 0.1342194 0.9908668 0.01296266 0.2225033 0.9748459 0.01295675 0 -0.9999161 0.01295647 0.6578823 -0.7530091 -0.01297174 -0.8345045 -0.5508488 -0.01295714 -0.3089898 0.950977 -0.01295748 0.1785462 -0.9838462 0.01295679 -0.7530092 -0.6578825 -0.01295551 0.7227356 0.6910021 0.01301498 -0.6578825 0.7530092 -0.01295552 0.2225027 -0.974846 -0.01295712 -0.6234388 0.7817647 -0.01295807 0.3513445 0.9361565 0.01296032 0.04486412 0.9989091 0.01296148 0.9748527 -0.2225049 -0.01239633 0.2660139 -0.9638821 -0.01295805 -0.7817649 -0.6234387 0.01295849 -0.998909 -0.0448641 -0.01296114 0.2660139 0.9638821 -0.01295805 0.473833 0.8805194 0.01295752 -0.8345045 0.5508488 0.01295714 0.5128575 0.858376 0.01295694 0.3929912 0.9194509 0.01295554 -0.08963066 -0.9958909 -0.01295233 -0.08963066 0.9958909 -0.01295233 -0.6578825 -0.7530092 0.01295566 0.04486412 0.998909 -0.01296116 0.8805194 -0.4738329 -0.01295752 0.5128575 -0.858376 -0.01295647 0.6910757 -0.7226651 -0.01301831 -0.919451 -0.3929912 0.0129557 0.781768 -0.6234412 -0.01264964 -0.919451 -0.3929912 -0.01295554 -0.9748459 -0.2225033 -0.01295675 0.5877345 0.8089501 -0.01295926 -0.9638819 0.2660144 0.01295908 0.5877343 -0.8089498 -0.0129825 0.08963066 0.9958909 -0.01295233 0.4338475 0.9008931 -0.01296093 -0.3513445 0.9361566 0.012958 0.7817661 0.6234397 -0.01283185 0.8345045 -0.5508488 0.01295714 -0.2660139 -0.9638821 0.01295956 -0.4338475 -0.900893 0.01295999 -0.8089484 0.5877368 -0.01296089 0.5508735 -0.834488 0.01297428 0.08963066 -0.9958907 -0.01296109 0.5128575 0.858376 -0.01295647 0.9509776 -0.3089884 0.0129566 0.7227355 -0.691002 0.01302125 -0.9638821 0.2660135 -0.01295786 -0.4338475 0.9008931 -0.01296093 -0.9908669 -0.1342195 0.01295768 0.3513477 0.9361553 0.01295846 -0.9748459 0.2225033 -0.01295675 -0.8805194 0.4738329 -0.01295752 0.3513445 -0.9361565 0.01296032 -0.7817649 0.6234387 0.01295501 0.9748459 0.2225033 -0.01295675 -0.6910028 0.7227358 -0.01295939 -0.2660139 0.9638821 0.01295805 0.8345045 0.5508488 0.01295714 -0.2660139 0.9638821 -0.01295805 0.749356 -0.6620694 0.01138924 0.9194465 0.3929893 -0.01332186 -0.04486406 0.998909 -0.01296111 0.2660139 0.9638821 0.0129579 0.3089882 0.9509776 -0.01295669 0.4738327 0.8805196 -0.01295812 -0.04486405 0.998909 0.01296117 4.006023e-07 0.9999161 -0.01295664 -0.7530113 0.65788 -0.01295735 0.3929918 0.9194507 -0.01295588 -0.983847 0.1785413 -0.01296008 -0.7817649 0.6234387 -0.01295849 0.5508488 0.8345045 0.01295713 -0.6910025 -0.7227362 -0.0129596 0.08963066 0.9958909 0.01295226 -0.6578825 0.7530092 0.0129552 0.4338475 0.900893 0.01296067 -0.9748459 0.2225033 0.01295675 -0.6234385 0.781765 0.01295831 -4.006906e-07 0.9999161 0.01295615 0.3513486 0.936155 -0.01295904 0.8089228 -0.5877714 -0.01298575 0.3089882 0.9509775 0.01296064 0.1785462 -0.9838461 -0.01296836 0.1342193 -0.9908667 0.01297164 -0.2660138 -0.963882 -0.01296752 -0.6578825 -0.7530092 -0.01295552 -0.2225104 -0.9748442 0.01296094 -0.3089816 -0.9509797 0.0129607 -0.8805194 -0.4738329 -0.01295752 -0.9509776 -0.3089884 -0.0129566 -0.9908668 -0.1342194 -0.01296266 -0.6910026 -0.7227361 0.01295955 -0.04485587 -0.9989094 0.01296589 -0.9008931 -0.4338475 0.01296092 -0.9638821 -0.2660138 0.01295804 -0.9958909 -0.08963066 0.01295233 -0.1785462 0.9838462 -0.01295722 0 0.9999161 -0.01295647 -0.8089501 -0.5877345 0.01295927 0.7817641 0.6234381 0.01303864 0.9509776 0.3089884 -0.0129566 -0.1342194 0.9908668 0.01296266 -0.8089501 0.5877345 0.01295925 0.0448641 0.998909 0.01296114 -0.6910026 0.7227361 0.01295953 0.8089241 0.5877696 -0.01298447 -0.3089884 0.9509776 0.01295661 0.9638821 0.2660138 0.01295804 0.7227359 0.6910024 -0.01298008 0.750342 0.6609439 0.01183798 0.6578822 0.753009 -0.01297506 0.6235017 0.7817137 0.01300536 0.690291 0.7234269 0.01232111 -0.9509775 -0.3089884 0.01295706 -0.8345045 -0.5508488 0.01295746 -0.9361565 -0.3513446 -0.01296085 0.7492875 -0.6621498 -0.01122579 0.7502832 0.6610132 -0.01168952 -0.9989091 -0.0448641 0.01296167 -0.8089502 -0.5877342 -0.01295941 0.6578825 0.7530092 0.01295499 -0.9958904 -0.08963539 -0.0129554 0.2225032 0.9748458 0.01296053 -0.1342195 0.9908668 0.01295972 -0.6910024 0.7227363 0.01295523 -0.9999161 0 0.0129567 -0.8583758 -0.5128577 0.01295973 -0.963882 -0.266014 0.01295994 0.6910771 0.7226638 -0.01301961 0.6234396 0.7817641 0.01296137 0.8805466 0.4738475 -0.01030675 0.9053322 0.4246423 0.007241364 -0.7530092 -0.6578825 0.01295731 0.550851 -0.8345029 -0.01295677 0.3929938 -0.9194498 -0.0129572 -0.4738325 -0.8805196 -0.01295868 0.858376 0.5128575 -0.01295647 0.8805194 0.4738329 0.01295752 -0.1342233 -0.9908662 -0.01296279 0.2225029 -0.9748459 0.01295827 -0.9999161 0 -0.01295693 0.623439 0.7817646 -0.01295916 -0.6234385 -0.781765 -0.01295879 -0.8583761 -0.5128573 -0.01295695 -0.9638822 -0.2660137 -0.01295859 -0.2225028 -0.9748459 -0.01295678 -0.9008931 -0.4338475 -0.01296156 -0.983847 -0.178542 -0.01296036 0.5508487 0.8345045 -0.0129576 -0.9958904 0.08963522 -0.01295558 -0.5508485 0.8345045 0.01296102 -0.9361566 0.3513443 0.0129609 0.08963114 0.9958907 -0.01295312 0.4338447 0.9008944 -0.01295989 -0.9748444 0.2225098 -0.01295305 -0.8583753 0.5128587 -0.01295569 -0.3929932 0.9194501 0.01295613 0.858376 -0.5128575 -0.01295647 0.8805194 -0.4738329 0.01295752 -0.04486359 -0.9989091 0.01295836 0.04486337 -0.9989091 -0.0129574 0.5128574 -0.8583759 0.0129599 0.4738279 -0.8805222 -0.01295813 0.1785412 0.9838471 -0.01295611 -0.9908665 0.1342227 -0.01295501 0.5128587 0.8583754 -0.01295538 -0.1785427 0.9838468 -0.01295704 -0.7227337 0.6910051 -0.01296097 0.4338475 -0.9008931 0.01295777 -0.1342234 -0.9908664 0.01295701 -0.5128574 -0.8583759 0.01295737 -0.5508484 -0.8345047 -0.01295781 -0.5877345 -0.8089501 0.01295973 -0.9509777 -0.3089879 -0.01295593 -0.8345032 -0.5508507 -0.01295649 -0.1785462 -0.9838462 0.01295558 -0.8805194 -0.4738329 0.01295815 -0.9748458 -0.2225033 0.01295738 0.5877345 0.8089501 0.01295973 -0.9989091 0.0448641 0.01296153 -0.4738307 0.8805206 0.01295959 -0.5128552 0.8583774 -0.0129555 -0.919451 0.3929912 -0.01295438 0.1342195 0.9908668 0.01296172 -0.9838468 0.1785421 0.01296401 0.4738323 0.8805197 0.0129597 -0.4338531 0.9008904 -0.01295499 -0.8805194 0.4738329 0.01295961 -0.2225034 0.9748458 0.01296087 -0.7530112 0.65788 0.01295969 -0.91945 -0.3929933 -0.012957 -0.9989094 -0.04485689 -0.01295727 -0.7817679 -0.6234348 -0.01295856 0.6578838 0.7530079 -0.01295561 -0.990867 -0.1342187 -0.0129571 -0.08964069 -0.9958898 -0.0129566 -0.9361565 -0.3513447 0.01296155 0.587728 -0.8089548 0.0129603 -0.8089499 -0.5877347 0.01295813 0.6234375 -0.7817658 0.0129609 -0.9958904 -0.08963554 0.01295912 0.6910055 0.7227332 0.0129638 -0.4338537 -0.9008903 0.01295219 -0.3929912 -0.9194509 0.01295799 -0.2660188 -0.9638808 -0.01295823 -0.3513519 0.9361538 -0.01296169 -0.8345085 0.5508426 -0.01295775 0.04486413 -0.998909 0.01296054 0.6910028 -0.7227358 0.01296238 0.1785435 -0.9838467 -0.01295872 -0.3089916 -0.9509765 0.01296063 -1.078738e-05 -0.999916 0.01296079 0.5877296 -0.8089536 -0.01295889 0.1342194 -0.9908668 0.01296671 -0.3089908 0.9509768 -0.01295353 -0.808951 0.5877333 -0.01295831 -0.4338529 -0.9008905 -0.01296077 -0.3513536 0.9361531 0.01296424 -0.8345096 0.550841 0.01295902 -8.533213e-06 -0.9999159 -0.01296376 0.9908791 0.1342211 0.01196797 0.9908791 -0.1342211 0.01197094 0.9780491 0.2083633 -0.002146167 0.9639109 0.2660218 -0.01039064 0.858959 -0.5119241 -0.01109442 0.9932532 -0.1159578 0.001370259 0.9931323 0.1169901 0.00124827 0.2674781 -0.9634477 0.01496526 0.6577609 -0.7531003 -0.01380238 -0.9744738 0.2240014 0.01496817 -0.9355871 0.3527784 -0.01497159 -0.5495506 0.8353264 -0.01496418 0.6577491 0.7531108 -0.01379386 -0.6567064 0.7539979 0.01496506 -0.4724586 -0.8812257 -0.01497318 -0.5864769 -0.8098277 0.01496593 0.394401 -0.9188165 -0.01496847 -0.9989486 -0.04333443 0.0149606 -0.9957248 0.09114966 -0.0149596 0.9992899 -0.03767784 0 0.9992771 0.03801659 0 0.990863 0.1342189 -0.01325512 0.990863 -0.1342189 -0.01325527 0.9347081 -0.3551887 0.01272565 0.6899395 -0.7237584 -0.01254157 -0.6233055 0.7818636 0.01339965 -0.9908606 0.1342186 -0.01343481 0.6902434 0.7234643 -0.01278616 0.4338448 -0.9008874 -0.01343258 -0.5128542 0.8583705 -0.01343946 -0.9194452 0.3929887 -0.01343112 -0.9638322 0.2661726 0.01340207 -0.4338448 -0.9008874 -0.01343427 -0.9999102 0.0001631928 0.01340085 -0.5507092 -0.8345889 0.01343729 0.3091445 -0.9509206 0.0134034 -0.4330403 -0.9012739 -0.01346927 -0.999909 0.0008743203 0.01346121 -0.9907421 0.1350884 -0.01346457 0.3098204 -0.9506997 0.013463 -0.6227484 0.7823063 0.01346496 -0.9636419 0.2668577 0.01346449 -0.5121008 0.8588198 -0.01346284 -0.9190997 0.393795 -0.01346187 -0.5501127 -0.8349819 0.0134636 0.43463 -0.9005085 -0.01346559 0.8076965 0.5893965 0.01543259 0.862676 0.5053791 0.01954587 0.7811835 0.6242238 0.009840428 0.7820883 -0.6231537 0.004179453 0.7857407 0.6183536 0.01582148 0.857667 -0.5140218 0.01374337 0.8073067 -0.5899039 0.01640911 0.9361796 0.3515214 -0.0007308146 0.9361991 -0.3514698 -0.0004750855 0.7854555 -0.6187311 0.01520981 0.730383 -0.6830319 0.002860678 0.9992615 -0.03840185 -0.001337129 0.9992515 0.03866541 -0.00121053 0.9835526 0.1802247 0.01197348 0.7376426 0.6751672 0.005703924 0.9843363 -0.1760377 0.009637359 0.9017695 -0.4319855 0.0141489 -0.4346492 -0.9004918 0.01395507 -0.9909752 0.1333176 0.01394971 -0.6241406 0.7811876 -0.01394704 -0.9641107 0.2651341 -0.01394852 -0.9197955 0.3921503 0.01394437 -0.5136309 0.8578978 0.01395303 -0.5515997 -0.8339924 -0.01394833 0.3081196 -0.9512454 -0.01395092 0.4330169 -0.901278 0.01394645 -0.9999023 -0.0009059106 -0.01394758 0.7220091 -0.6917521 0.01348205 -0.9837389 0.1791619 0.01259644 0.721998 0.6917632 0.01351639 0.4744 -0.8802194 0.01258717 -0.9988859 0.04548662 -0.01257696 -0.9507812 0.3096083 -0.01256686 -0.4732614 0.8808321 0.01258143 -0.9006173 0.4344306 0.01258851 -0.5872191 0.8093303 -0.01257531 -0.3924015 -0.9197079 0.01258419 -0.5123133 -0.8587067 -0.01256557 0.3519452 -0.9359362 -0.01257138 0.1785348 -0.983834 0.01399456 2.937081e-06 -0.999902 0.01399722 -0.2660145 -0.9638674 0.01399195 0.1342157 -0.9908533 -0.01399673 0.04486414 -0.998895 -0.01399523 -0.3089925 -0.9509614 -0.0140025 -0.9194359 -0.3929904 0.01400917 -0.2660168 -0.9638665 -0.0140104 0.6222579 -0.7827033 0.01306833 6.725706e-06 -0.9999018 -0.01401174 -0.9908533 -0.134214 0.01401016 -0.7227269 0.6909918 0.01400929 -0.1785429 0.9838324 0.01400876 -0.7529986 0.6578731 -0.01400588 -0.2225002 0.974832 -0.0140079 0.6222196 0.7827343 0.01303163 -0.8583638 -0.5128502 -0.0140086 0.5877259 0.8089389 -0.01401193 -0.9638684 -0.2660101 -0.01401 0.2225105 -0.9748297 -0.01400052 0.5128468 -0.8583658 0.01400619 -0.722726 -0.6909925 0.01400856 -0.04486356 -0.9988949 0.01401054 -0.08962784 -0.9958768 -0.01400638 -0.1342223 -0.9908522 0.01401109 -0.9361433 -0.3513395 -0.01400906 -0.8089387 -0.5877262 -0.01400474 -0.9958767 -0.08962938 -0.01400381 0.5508404 0.834493 0.0140063 -0.1785471 -0.9838316 -0.01401051 -0.7817588 -0.6234235 0.01400875 -0.8805092 -0.4738221 0.01400875 -0.9008804 -0.4338414 -0.01400454 -0.2225001 -0.9748321 0.01400939 -0.9748318 -0.2225017 0.01400388 -0.9838322 -0.1785437 -0.01400951 -0.08963379 0.9958763 0.0140032 0.2660099 0.9638685 0.01400718 1.136813e-06 0.9999018 0.01400683 -0.7529985 -0.6578731 -0.01400761 -0.1342175 0.9908528 -0.01400998 -0.6909928 0.7227258 -0.0140092 0.2225002 0.974832 -0.0140098 -0.04486346 0.9988949 -0.01401178 0.308984 0.9509641 -0.01400908 -0.8344915 0.5508428 -0.01400699 -0.3513396 0.9361433 -0.01400885 -0.6909928 -0.7227259 -0.01400918 0.3929856 0.9194379 0.01400948 0.04486346 0.9988949 -0.01401217 -0.8583638 0.5128502 0.01401136 -0.3929856 0.9194379 0.01401043 0.4738262 0.8805069 -0.01401135 -0.6234298 -0.7817537 -0.01401005 -0.6578761 -0.7529959 0.01400464 0.1785338 -0.9838344 -0.01398193 0.1342149 0.9908533 0.01401083 0.5508336 -0.8344975 -0.0140008 0.5877252 -0.8089396 0.01399046 -0.8805072 0.4738258 0.01400561 -0.4338418 0.9008801 0.01400931 -0.9988948 0.04486345 -0.01401314 -0.9509629 -0.3089879 0.01400432 -0.8089402 0.587724 0.01400897 -0.3089875 0.9509628 0.01400822 -0.8344894 -0.550846 0.01400535 0.3513377 0.9361439 0.01400968 0.3513384 0.9361437 -0.01401046 0.5877212 -0.8089421 -0.01401678 0.08963057 0.9958766 -0.01400483 0.4338416 0.9008802 0.01401018 0.43384 0.9008809 -0.01401038 0.08962954 0.9958767 0.01400401 0.5128517 0.8583629 0.01400736 0.5128512 0.8583633 -0.01400599 0.1785388 0.9838331 0.014008 0.1785384 0.9838331 -0.01401119 -0.9194357 -0.3929904 -0.01401468 -0.9908537 -0.1342148 -0.0139832 -0.7530046 0.6578662 0.01400679 -0.2225022 0.9748315 0.01401194 -0.8805089 0.4738227 -0.01400905 -0.433845 0.9008786 -0.01401276 -0.7227262 0.690993 -0.01398079 -0.1785422 0.9838326 -0.01400832 -0.2660105 0.9638683 0.01400666 -0.7817542 0.6234294 0.01400946 -0.2660094 0.9638687 -0.01400638 -0.7817534 0.6234303 -0.01400762 0.473828 0.880506 0.01401174 0.04485332 -0.9988954 0.0140066 -0.9638674 -0.266014 0.01401209 -0.8583624 -0.5128527 0.01401035 -0.04486267 0.9988949 0.0140143 0.3089841 0.950964 0.01400929 -0.04487315 -0.9988945 -0.01400561 -0.08962967 -0.9958767 0.01400349 -0.1342175 -0.9908528 -0.01401485 -1.136942e-06 0.9999018 -0.01400842 -0.178544 -0.9838322 0.01400921 -0.2224917 -0.974834 -0.01400442 -0.08963341 0.9958763 -0.01400762 0.2660094 0.9638687 -0.01400861 0.6234697 0.7817214 -0.01404311 -0.9361433 -0.3513395 0.01401187 -0.7227262 -0.6909924 -0.01400859 0.04486346 0.9988949 0.01401234 0.3929856 0.9194379 -0.01400823 -0.8583637 0.5128502 -0.01401011 -0.3929856 0.9194379 -0.01400918 -0.834491 0.5508436 0.01400638 -0.3513388 0.9361436 0.01400814 0.1342175 0.9908528 -0.01401107 -0.8089387 0.5877261 -0.01401067 -0.308984 0.950964 -0.01401039 0.2224998 0.9748321 0.01400904 -0.1342221 0.9908522 0.01401267 -0.690918 0.7227969 0.01403563 -0.9748318 -0.2225011 -0.01401075 -0.880509 -0.4738222 -0.01401441 -0.3929934 -0.9194345 0.01401132 -0.9838319 -0.1785451 0.01401018 0.5877264 0.8089384 0.01401166 -0.781759 -0.6234232 -0.01401308 -0.9008803 -0.4338417 0.01400577 -0.7529978 -0.6578739 0.01401189 -0.3089891 -0.9509625 0.01401029 -0.6909972 -0.7227216 0.01401292 -0.9958858 -0.08952374 0.01403223 -0.6233876 -0.7817869 0.0140463 -0.6578761 -0.7529959 -0.01400946 0.550841 0.8344927 -0.01400915 0.623499 -0.7816984 -0.0140238 0.2226003 -0.9748089 0.01402926 0.134212 -0.9908537 0.01400322 -0.808939 -0.5877256 0.01400547 -0.9509629 -0.3089876 -0.01400587 0.5508371 -0.8344952 0.01400676 -0.8344896 -0.5508458 -0.01400815 -0.9838201 0.1786066 0.01405836 0.3513395 -0.9361432 -0.01401461 -0.5877261 0.8089385 -0.01401347 -0.9509641 0.308984 -0.01401059 -0.4738261 0.8805069 0.01401158 -0.9008803 0.4338413 0.01401527 -0.5128502 -0.8583638 -0.01401056 0.5128446 -0.8583671 -0.01401418 0.473818 -0.8805113 0.01401208 -0.3513334 -0.9361457 0.01400023 0.08963028 -0.9958767 0.01399169 -0.3513349 -0.9361452 -0.01399773 0.0896299 -0.9958768 -0.01400353 0.8315561 -0.555433 0.002937465 0.9790667 -0.2035158 -0.003105593 0.9645364 -0.2635553 -0.01442668 0.9645364 0.2635559 -0.01442634 0.8316779 0.5552528 0.002510516 0.9822822 -0.1871443 -0.009934146 0.9822816 0.1871472 -0.009931506 0.9994469 0.03325552 0 0.9989261 0.04486486 -0.01156637 0.9994482 -0.03321643 0 0.9989257 -0.04486485 -0.011605 0.8711333 -0.4910108 -0.005930445 0.8344913 0.5508401 -0.01412078 0.8711159 0.4910425 -0.005874223 0.9354939 0.3533328 -0.002651457 0.9350069 -0.3543207 -0.01480202 0.9350065 0.3543214 -0.01480253 0.9022498 -0.4309596 -0.01480274 0.9022502 0.4309588 -0.01480324 0.7226095 0.691138 -0.01279502 0.7250658 -0.6885191 -0.01486865 0.9598639 0.2804565 0.00233317 0.9994638 -0.03274337 0 0.9994638 0.03274337 0 0.9989201 0.0448646 0.01207116 0.9989201 -0.0448646 0.01207116 0.9363177 -0.3511458 -0.002441864 0.8344852 -0.550836 -0.01463281 -0.3916114 -0.9200379 -0.01306545 -0.9835792 0.1800026 -0.01308146 -0.9505095 0.3104206 0.01306476 -0.5865218 0.809828 0.01307369 -0.9002392 0.4351994 -0.0130725 -0.472504 0.8812316 -0.01306514 0.4751509 -0.8798073 -0.01307082 -0.5115741 -0.8591398 0.01306892 0.3527452 -0.9356281 0.01307254 -0.99884 0.04634296 0.01308149 0.7226557 0.6910791 -0.01335852 0.7225999 -0.6912034 -0.00934114 0.9194167 -0.3929766 -0.0155702 0.684835 0.7286358 -0.009539813 0.679826 -0.7333547 -0.005242297 0.9057692 0.4237625 0.002742619 0.9747986 0.2224926 0.01626833 0.9747986 -0.2224925 0.01626919 0.8583488 -0.5128413 0.01520672 0.8583485 0.5128411 0.01522922 0.9611957 -0.2758452 0.003477604 0.8718107 -0.4898347 -0.002854763 0.871882 0.4897101 -0.002402518 0.9193913 -0.3929657 0.01724767 0.9193913 0.3929657 0.01724906 0.9993919 -0.03454777 -0.004712269 0.9993856 0.03468145 -0.005061445 0.7530228 0.6578246 0.01494837 0.7529919 -0.6577981 0.01746262 0.8054112 -0.5923542 -0.02071613 0.8297433 -0.5581312 0.003970443 0.8289607 0.5592914 0.00418174 0.9948051 -0.1014664 0.008213591 0.9948056 0.101465 0.008168267 0.8063486 0.591087 -0.02045096 0.9993457 0.03558862 0.006447453 0.9993813 -0.03487363 0.004560513 0.6845086 0.7289297 0.01045908 0.6796777 -0.7334869 0.005943598 0.9943742 0.1054199 -0.0103172 0.9943748 -0.1054149 -0.01031534 0.9942058 0.1073693 0.005165704 0.9942118 -0.1073272 0.004872966 0.9946611 0.1030569 -0.005337906 0.9946818 -0.1029162 -0.004066559 0.8284435 0.5600315 0.006794477 0.8291761 -0.5589342 0.007717208 -0 0 1 0 0 1 0 0 1 0 0 1 -0 0 1 0 -0 1 0 0 1 0 0 1 0 0 1 0 0 1 0 0 1 0 -0 1 0 0 1 0 0 1 -0 0 1 0 0 1 0 -0 1 0 0 1 0 0 1 -0 0 1 -0 0 1 0 0 1 0 0 1 0 0 1 0 -0 1 0 0 1 0 0 1 0 0 1 0 0 1 0 0 1 -0 0 1 0 0 1 0 0 1 0 0 1 0 0 1 -0 0 1 0 -0 1 0 0 1 0 0 1 0 -0 1 -0 0 1 0 0 1 0 0 1 -0 0 1 0 0 1 0 0 1 0 0 1 0 0 1 0 -0 1 0 0 1 -0 0 1 -0 0 1 0 -0 1 0 0 1 0 0 1 -0 0 1 0 -0 1 -0 0 1 0 0 1 0 -0 1 0 -0 1 -0 0 1 0 0 1 -0 0 1 -0 0 1 0 0 1 0 0 1 0 0 1 0 0 1 0 0 1 0 0 1 0 0 1 0 -0 1 0 0 1 0 0 1 -0 0 1 0 0 1 0 -0 1 0 0 1 0 0 1 0 -0 1 0 0 1 0 0 1 0 0 1 0 0 1 0 0 1 0 -0 1 0 -0 1 0 0 1 -0 0 1 0 0 1 0 0 1 0 0 1 0 0 1 0 0 1 0 0 1 0 0 1 0 0 1 0 0 1 0 -0 1 0 -0 1 0 -0 1 0 0 1 0 -0 1 0 0 1 0 0 1 0 0 1 -0 0 1 0 -0 1 0 0 1 -0 0 1 0 0 1 0 0 1 0 0 1 -0 0 1 -0 0 1 0 -0 1 -0 0 1 0 -0 1 0 0 1 0 0 1 0 0 1 -0 0 1 0 -0 1 0 0 1 0 0 1 0 0 1 0 -0 1 0 -0 1 0 0 1 -0 0 1 -0 0 1 0 0 1 0 -0 1 0 0 1 0 0 1 0 0 1 0 0 1 -0 0 1 0 0 1 0 0 1 0 0 1 -0 0 1 0 -0 1 0 0 1 0 0 1 0 0 1 0 0 1 0 0 1 0 0 1 0 -0 1 0 -0 1 0 0 1 0 -0 1 -0 0 1 0 0 1 0 0 1 0 0 1 0 0 1 0 -0 1 0 0 1 0 0 1 0 0 1 0 0 1 0 0 1 0 -0 1 0 0 1 0 0 1 0 0 1 0 0 1 0 0 1 0 0 1 0 -0 1 -0 0 1 0 -0 1 0 -0 1 0 0 1 0 0 1 0 -0 1 -0 0 1 0 0 1 0 0 1 0 0 1 0 0 1 0 -0 1 0 0 1 -0 0 1 -0 0 1 0 -0 1 -0 0 1 0 0 1 0 0 1 0 0 1 -0 0 1 0 0 1 0 0 1 -0 0 1 0 0 1 0 -0 1 0 0 1 0 0 1 0 -0 1 -0 0 1 0 0 1 0 -0 1 -0 0 1 0 0 1 0 0 1 0 0 1 0 -0 1 0 0 1 0 -0 1 0 0 1 0 0 1 0 0 1 0 0 1 0 0 1 -0 0 1 0 0 1 -0 0 1 0 0 1 0 0 1 0 0 1 -0 0 1 0 0 1 -0 0 1 0 0 1 0 -0 1 0 -0 1 0 0 1 0 0 1 0 0 1 0 0 1 0 0 1 0 0 1 -0 0 1 0 0 1 -0 0 1 0 0 1 -0 0 1 0 0 1 0 0 1 0 -0 1 0 0 1 0 0 1 0 0 1 0 -0 1 0 0 1 0 0 1 0 -0 1 0 0 1 -0 0 1 0 0 1 0 0 1 0 0 1 0 -0 1 0 0 1 0 -0 1 0 0 1 0 -0 1 0 0 1 0 0 1 0 -0 1 0 0 1 0 -0 1 0 0 1 0 0 1 0 0 1 0 -0 1 0 0 1 0 -0 1 0 0 1 0 -0 1 0 0 1 0 0 1 0 -0 1 0 0 1 0 0 1 0 0 1 0 -0 1 0 0 1 0 -0 1 0 0 1 0 0 1 0 0 1 0 -0 1 0 0 1 0 0 1 0 -0 1 0 0 1 0 0 1 0 0 1 0 -0 1 0 -0 1 0 0 1 0 -0 1 0 0 1 0 -0 1 0 0 1 0 0 1 0 -0 1 0 -0 1 0 0 1 0 -0 1 0 0 1 0 0 1 0 0 1 0 -0 1 -0 0 1 0 0 1 0 0 1 -0 0 1 0 0 1 0 0 1 0 0 1 0 0 1 0 0 1 0 -0 1 0 -0 1 0 0 1 0 0 1 0 0 1 0 -0 1 0 0 1 -0 0 1 0 0 1 0 0 1 0 0 1 0 -0 1 0 -0 1 0 0 1 0 0 1 0 0 1 0 0 1 0 0 1 0 0 1 0 0 1 0 0 1 0 0 1 0 0 1 0 0 1 0 -0 1 0 0 1 0 0 1 0 0 1 0 -0 1 0 0 1 0 0 1 0 0 1 0 -0 1 0 0 1 0 0 1 -0 0 1 -0 0 1 -0 0 1 0 0 1 0 0 1 -0 0 1 0 0 1 0 0 1 0 0 1 0 0 1 -0 0 1 0 0 1 0 0 1 0 0 1 0 0 1 0 0 1 0 0 1 0 0 1 0 -0 1 0 0 1 0 0 1 0 0 1 0 -0 1 -0 0 1 0 0 1 0 0 1 0 0 1 -0 0 1 0 0 1 0 -0 1 0 -0 1 0 0 1 0 0 1 0 -0 1 0 0 1 0 0 1 -0 0 1 0 0 1 -0 0 1 -0 0 1 0 0 1 -0 0 1 -0 0 1 0 0 1 0 0 1 0 0 1 0 0 1 0 -0 1 0 0 1 0 0 1 0 0 1 0 0 1 0 0 1 0 0 1 0 -0 1 0 -0 1 0 -0 1 0 0 1 0 0 1 0 0 1 0 0 1 -0 0 1 0 0 1 0 0 1 0 -0 1 0 0 1 0 0 1 0 0 1 0 0 1 0 0 1 0 0 1 0 0 1 -0 0 1 0 0 1 0 -0 1 0 0 1 0 -0 1 0 0 1 0 0 1 0 0 1 0 0 1 -0 0 1 -0 0 1 0 0 1 0 0 1 0 0 1 0 0 1 0 0 1 0 0 1 0 0 1 0 -0 1 0 0 1 0 0 1 0 -0 1 0 0 1 0 -0 1 0 0 1 0 0 1 -0 0 1 0 0 1 -0 0 1 0 -0 1 0 0 1 0 0 1 -0 0 1 0 0 1 -0 0 1 0 0 1 0 0 1 0 0 1 0 0 1 0 -0 1 0 0 1 0 0 1 0 0 1 -0 0 1 0 0 1 0 0 1 0 0 1 0 0 1 -0 0 1 0 0 1 -0 0 1 0 0 1 0 0 1 0 0 1 -0 0 1 -0 0 1 0 0 1 0 0 1 -0 0 1 0 0 1 0 0 1 0 0 1 -0 0 1 0 0 1 0 -0 1 -0 0 1 0 0 1 0 0 1 0 0 1 -0 0 1 0 0 1 0 -0 1 0 0 1 0 0 1 0 0 1 0 0 1 0 0 1 0 0 1 0 0 1 -0 0 1 0 0 1 0 0 1 0 -0 1 0 0 1 0 0 1 0 0 1 -0 0 1 -0 0 1 0 0 1 0 0 1 -0 0 1 -0 0 1 0 0 1 0 0 1 0 0 1 0 0 1 0 0 1 0 0 1 0 0 1 0 0 1 -0 0 1 0 0 1 0 -0 1 -0 0 1 0 0 1 0 -0 1 -0 0 1 0 0 1 0 0 1 0 0 1 0 0 1 0 0 1 0 0 1 -0 0 1 -0 0 1 -0 0 1 0 0 1 0 -0 1 -0 0 1 0 0 1 0 0 1 0 0 1 0 0 1 0 0 1 0 0 1 -0 0 1 -0 0 1 0 -0 1 0 -0 1 -0 0 1 0 -0 1 -0 0 1 0 0 1 -0 0 1 -0 0 1 -0 0 1 0 0 1 0 0 1 0 0 1 0 0 1 0 0 1 0 -0 1 0 0 1 0 0 1 0 0 1 0 0 1 0 0 1 0 0 1 0 0 1 0 -0 1 -0 0 1 -0 0 1 -0 0 1 -0 0 1 0 0 1 0 0 1 -0 0 1 0 -0 1 0 0 1 0 -0 1 0 0 1 -0 0 1 0 0 1 0 0 1 -0 0 1 0 0 1 0 0 1 0 0 1 0 -0 1 0 0 1 0 0 1 0 0 1 0 0 1 0 0 1 0 0 1 -0 0 1 0 0 1 0 0 1 0 -0 1 0 0 1 0 0 1 0 0 1 0 0 1 0 0 1 -0 0 1 0 -0 1 0 -0 1 0 0 1 -0 0 1 -0 0 1 0 0 1 0 0 1 0 0 1 0 0 1 0 0 1 0 0 1 0 0 1 0 0 1 0 0 1 0 -0 1 0 0 1 0 0 1 -0 0 1 0 0 1 0 -0 1 0 -0 1 -0 0 1 0 0 1 0 0 1 0 -0 1 0 0 1 0 0 1 0 0 1 0 -0 1 0 0 1 -0 0 1 0 0 1 0 -0 1 0 0 1 0 0 1 0 0 1 0 0 1 0 -0 1 0 -0 1 0 0 1 0 0 1 0 0 1 0 -0 1 0 -0 1 0 0 1 -0 0 1 0 0 1 0 0 1 0 0 1 0 0 1 0 0 1 0 0 1 0 0 1 0 -0 1 0 0 1 0 -0 1 0 0 1 0 -0 1 0 0 1 0 0 1 0 0 1 -0 0 1 0 0 1 -0 0 1 0 0 1 0 0 1 -0 0 1 -0 0 1 0 0 1 -0 0 1 -0 0 1 0 -0 1 0 -0 1 0 0 1 0 0 1 -0 0 1 0 0 1 0 0 1 0 -0 1 0 0 1 0 0 1 0 0 1 -0 0 1 0 0 1 0 0 1 0 0 1 0 0 1 0 -0 1 0 0 1 0 0 1 0 0 1 0 0 1 0 0 1 0 0 1 0 -0 1 0 0 1 0 0 1 0 0 1 0 -0 1 0 0 1 0 -0 1 -0 0 1 0 -0 1 0 0 1 0 0 1 0 0 1 -0 0 1 -0 0 1 0 0 1 0 0 1 0 -0 1 0 0 1 0 0 1 0 0 1 -0 0 1 0 0 1 0 -0 1 -0 0 1 0 0 1 -0 0 1 -0 0 1 0 0 1 -0 0 1 0 0 1 0 0 1 0 0 1 -0 0 1 0 0 1 0 0 1 0 0 1 0 -0 1 -0 0 1 0 -0 1 0 0 1 0 0 1 0 0 1 0 0 1 0 0 1 -0 0 1 0 0 1 0 -0 1 0 0 1 0 0 1 0 0 1 -0 0 1 0 0 1 -0 0 1 0 0 1 0 -0 1 0 0 1 0 -0 1 0 0 1 0 0 1 0 0 1 0 0 1 0 0 1 0 0 1 0 0 1 0 0 1 0 0 1 0 -0 1 0 0 1 -0 0 1 0 0 1 0 -0 1 0 0 1 0 0 1 0 0 1 0 0 1 0 0 1 0 -0 1 0 0 1 0 0 1 0 0 1 0 0 1 0 0 1 -0 0 1 0 0 1 -0 0 1 0 -0 1 0 0 1 -0 0 1 0 0 1 0 -0 1 0 0 1 0 0 1 0 0 1 0 -0 1 0 0 1 0 0 1 0 -0 1 -0 0 1 0 0 1 0 -0 1 0 0 1 0 0 1 -0 0 1 0 0 1 0 0 1 0 0 1 -0 0 1 0 0 1 0 0 1 -0 0 1 -0 0 1 -0 0 1 0 -0 1 0 0 1 0 0 1 0 0 1 0 -0 1 0 0 1 0 0 1 0 -0 1 -0 0 1 -0 0 1 0 -0 1 0 0 1 0 0 1 0 -0 1 0 0 1 0 0 1 0 0 1 0 0 1 0 0 1 0 0 1 -0 0 1 0 0 1 0 0 1 -0 0 1 0 -0 1 -0 0 1 0 0 1 -0 0 1 0 0 1 0 0 1 0 0 1 -0 0 1 0 0 1 0 -0 1 0 0 1 0 -0 1 0 0 1 -0 0 1 0 -0 1 0 0 1 0 0 1 0 0 1 0 0 1 0.1246509 -0.9921994 -0.001624606 -0.563474 0.8260951 -0.007995394 -0.568873 0.8224245 -0.001251302 -0.9703519 0.2415534 -0.008322135 -0.8835206 -0.4683895 -0.001624673 0.1182352 -0.9929507 -0.008322127 -0.9719242 0.2352885 -0.001625022 -0.8864983 -0.4626569 -0.008322548 0.5708171 -0.8209948 0.01164246 0.5620947 -0.8270725 0.0007509919 0.751789 -0.6594018 0.00157637 0.7500247 0.6614059 0.002264137 -0.9696385 -0.2443924 0.00858465 -0.9715194 -0.2369602 0 0.7435319 -0.6685903 -0.01214127 -0.1153275 -0.9932904 0.008585029 -0.887847 0.4600586 0.008584989 -0.122944 -0.9924136 0 -0.8843263 0.4668692 0 -0.1205366 0.9927089 0 0.7485294 0.6631015 -0.0003738383 0.1205375 0.9927087 1.219037e-05 -0.1205366 0.9927089 0 -0.5680645 -0.8229841 -0 0.5681078 0.8229541 0.0003755903 -0.7494843 -0.6620199 0.00170731 0.3546259 0.9350082 -1.163765e-05 0.354617 0.9350116 -2.279229e-05 0.5683527 0.822785 2.36491e-05 -1 0 0 0.1205479 0.9927076 0 -0.3546052 -0.9350161 0 -0.745481 0.6665256 0.001391682 -0.3593984 0.9331458 0.008477272 -0.3523363 0.9358734 0 -0.746237 0.6656805 0 -0.9999974 0.001470663 0.001706949 -0.5680645 -0.8229841 0 0.3552527 -0.93477 -0.0008040882 -0.7485108 -0.6631226 0 0.3532289 -0.9355354 0.001707302 -0.3546052 -0.9350161 -0 0.8820214 -0.471209 0.0005107028 0.8820214 0.471209 0.0005107028 0.8829383 -0.4694865 -0.001530132 0.88321 0.4689728 -0.002137879 0.6627246 0.7480615 0.03464068 -0.822482 -0.5677179 -0.03492328 0 0.99939 -0.03492326 -0.4644316 0.8849003 -0.03542266 0.4644441 0.8849242 -0.03465407 0.822482 0.5677179 -0.03492328 -0.9921034 -0.1204631 0.03492308 -0.822482 0.5677179 0.03492328 -0.6627181 -0.7480542 0.03492326 -0.2391695 0.9703496 0.03492324 0.2391718 0.9703587 0.03465462 0.2391695 -0.9703496 -0.03492324 -0.4644398 -0.8849159 -0.03492282 -0.9921034 0.1204631 -0.03492308 -0.6627419 0.748081 -0.03388097 0.822482 -0.5677179 -0.03492328 -0.2391695 -0.9703496 0.03492324 0.4644398 -0.8849159 0.03492282 -0.5618564 0.8265345 0.03403276 -0.8862119 -0.461832 0.03660246 0.570954 -0.8201375 -0.0372281 -0.9695904 0.2419808 0.03660282 0.1175656 -0.9923904 0.03660251 0 -0.9993724 -0.03542309 -0.9344293 -0.3543826 -0.03542283 -0.9344293 0.3543826 -0.03542294 0.6627088 -0.7480438 0.03532033 0.7515908 0.6585718 -0.03734429 0.7528774 -0.6572048 -0.03545837 0.9344153 -0.3543773 -0.03584466 0.9344153 0.3543773 -0.03584466 0.9344043 0.3543732 0.03616871 0.9344043 -0.3543732 0.03616871 -0.3616138 0.9314941 -0.03942382 -0.5699452 -0.8208712 0.03650875 -0.8883979 0.4573748 -0.03946463 -0.1231838 0.9917121 0.03650853 0.7413039 -0.669939 0.04062239 -0.7461867 -0.664735 0.03650871 0.3500513 -0.9359766 -0.03757629 -0.7424754 0.6686994 -0.03963957 0.3577622 -0.9330785 0.03702276 0.7461867 0.664735 0.03650871 0.1231838 0.9917121 0.03650853 -0.3500361 0.9360705 0.03530939 0.570158 0.8207306 0.03634762 0.3571663 0.933333 -0.03635508 0.3516003 0.9354432 0.03637431 -0.1177278 0.9923746 -0.03650853 0.1175081 0.9924057 -0.03636833 -0.3517979 -0.9353637 0.03650891 -0.1126227 -0.9928538 -0.03946473 -0.9992832 0.00459814 -0.03757587 -0.9993296 -0.002748079 0.03650871 -0.9682711 -0.2467666 -0.0394649 -0.7481331 0.6624547 0.03808752 -0.3569369 -0.9334148 -0.0365089 -0.7510237 -0.6592053 -0.03757608 0.5654988 0.823938 -0.03656863 -0.565422 -0.8239934 -0.03650873 -0.9714378 -0.234653 0.03530941 -0.1250723 -0.9915192 0.03530901 -0.8827353 0.468542 0.03530893 0.8821257 -0.4699696 0.03134859 0.8821257 0.4699696 0.03134859 0.9958679 0.09081409 0 0.9958679 -0.09081408 0 0.8223855 0.5676513 0.03813414 0.8223822 -0.5676489 0.03823656 0.6626823 -0.7480139 -0.03643239 -0.4644031 0.884846 0.03711058 -0.8826589 -0.4688233 -0.03343789 0.1253621 -0.9915474 -0.03343823 -0.9343734 -0.3543615 0.03706902 -0.9343736 0.3543615 0.03706863 0 -0.9993127 0.03706877 -0.6626375 -0.7479632 -0.03824516 -0.9919826 -0.1204484 -0.03824497 -0.6626227 0.7479465 0.03882285 -0.2391404 0.9702315 -0.03824514 0 0.9992684 0.03824516 -0.9715668 0.2343924 -0.03343834 -0.5695101 0.8213614 -0.03199657 -0.822382 0.5676488 -0.03824519 0.5610125 -0.8271764 0.03231489 0.4643807 -0.8848032 -0.03838979 0.2391382 -0.9702227 0.03848194 -0.8223745 -0.5676437 0.03848204 -0.2391404 -0.9702315 -0.03824514 -0.4643833 -0.8848082 0.03824469 -0.9919735 0.1204473 0.03848223 0.2391404 0.9702315 -0.03824514 0.4643833 0.8848082 0.03824469 0.6626375 0.7479632 -0.03824516 0.9612508 -0.275675 -0.000436578 0.9612508 0.275675 -0.0004365781 0.9918833 0.1204364 -0.04077377 0.9916757 -0.1204112 0.04561136 0.9916737 0.1204109 0.04565749 0.9918228 -0.120429 -0.04224382 0.8822562 0.4696827 -0.03197346 0.8819337 -0.4702634 -0.03233002 0.9964681 0.08397212 0 0.9969342 -0.07824443 0 0.9969392 0.07818082 0 0.9966079 -0.08229581 0 0.9649979 -0.260421 0.03098191 0.9644786 0.2625049 0.02953247 0.9663314 0.2549915 -0.03439528 0.9663128 -0.2550689 -0.03434164 0.9627782 -0.2700891 -0.01049811 0.9624815 0.2712151 -0.008474471 0.9636381 0.2667726 0.01529744 0.9636274 -0.2668154 0.01522063 0.9962221 0.08651612 0.00751879 0.9964314 -0.08340832 -0.01294804 0.9964333 0.083376 -0.01300601 0.9962906 -0.08556009 0.00919072 0 0 1 0 0 1 0 -0 1 0 -0 1 0 -0 1 0 0 1 0 -0 1 0 0 1 0 -0 1 0 0 1 0 0 1 0 0 1 0 0 1 0 0 1 0 0 1 -0 0 1 -0 0 1 0 0 1 0 0 1 -0 0 1 0 -0 1 0 0 1 0 0 1 0 0 1 -0 0 1 -0 0 1 0 0 1 0 0 1 0 0 1 0 0 1 0 -0 1 0 0 1 0 0 1 0 0 1 0 0 1 0 0 1 0 0 1 0 0 1 -0 0 1 0 0 1 0 0 1 0 -0 1 0 0 1 -0 0 1 0 0 1 0 0 1 0 -0 1 0 0 1 0 0 1 0 0 1 0 -0 1 0 0 1 0 -0 1 0 0 1 0 0 1 0 0 1 0 -0 1 0 0 1 0 0 1 0 0 1 0 0 1 0 -0 1 0 0 1 0 0 1 0 0 1 0 0 1 0 -0 1 0 0 1 0 0 1 0 0 1 0 -0 1 -0 0 1 0 0 1 -0 0 1 -0 0 1 0 0 1 0 -0 1 -0 0 1 0 0 1 0 -0 1 0 0 1 -0 0 1 0 0 1 0 -0 1 0 0 1 0 0 1 0 0 1 0 0 1 0 0 1 -0 0 1 0 0 1 0 -0 1 0 0 1 0 0 1 0 0 1 -0 0 1 0 -0 1 0 0 1 0 0 1 0 -0 1 0 0 1 0 0 1 0 -0 1 0 0 1 0 0 1 0 0 1 -0 0 1 0 0 1 0 0 1 0 0 1 -0 0 1 0 -0 1 0 -0 1 0 0 1 0 0 1 -0 0 1 0 0 1 0 0 1 -0 0 1 0 -0 1 0 0 1 0 0 1 0 0 1 0 0 1 0 0 1 0 0 1 0 0 1 -0 0 1 0 -0 1 0 0 1 -0 0 1 0 0 1 0 0 1 0 0 1 0 0 1 0 0 1 0 0 1 0 0 1 0 0 1 0 -0 1 0 -0 1 -0 0 1</float_array>
          <technique_common>
            <accessor count="2942" source="#cubenormals-array0-array" stride="3">
              <param type="float" name="X" />
              <param type="float" name="Y" />
              <param type="float" name="Z" />
            </accessor>
          </technique_common>
        </source>
        <vertices id="cubeverts-array0-vertices">
          <input semantic="POSITION" source="#cubeverts-array0" />
        </vertices>
        <triangles count="2942" material="ref_Mesh">
          <input offset="0" semantic="VERTEX" source="#cubeverts-array0-vertices" />
          <input offset="1" semantic="NORMAL" source="#cubenormals-array0" />
          <p>0 0 1 0 2 0 3 1 4 1 5 1 6 2 7 2 8 2 3 3 9 3 4 3 10 4 11 4 12 4 13 5 14 5 15 5 16 6 17 6 18 6 19 7 2 7 1 7 20 8 21 8 22 8 6 9 23 9 7 9 24 10 25 10 26 10 20 11 27 11 21 11 28 12 0 12 2 12 29 13 15 13 14 13 30 14 31 14 32 14 33 15 11 15 10 15 34 16 35 16 36 16 37 17 17 17 16 17 38 18 39 18 40 18 6 19 41 19 23 19 42 20 43 20 44 20 41 21 45 21 23 21 46 22 26 22 25 22 47 23 48 23 49 23 47 24 49 24 50 24 51 25 52 25 53 25 54 26 30 26 32 26 55 27 36 27 35 27 56 28 12 28 11 28 57 29 53 29 52 29 58 30 59 30 60 30 12 31 61 31 62 31 63 32 64 32 65 32 66 33 67 33 29 33 42 34 44 34 68 34 66 35 29 35 59 35 38 36 40 36 69 36 70 37 18 37 17 37 71 38 72 38 73 38 74 39 75 39 76 39 77 40 13 40 15 40 78 41 6 41 8 41 19 42 1 42 79 42 80 43 62 43 61 43 40 44 81 44 69 44 82 45 83 45 84 45 24 46 26 46 73 46 85 47 86 47 87 47 74 48 88 48 80 48 58 49 89 49 59 49 90 50 81 50 91 50 63 51 41 51 64 51 92 52 79 52 1 52 59 53 14 53 60 53 93 54 64 54 6 54 94 55 65 55 64 55 38 56 95 56 39 56 96 57 97 57 98 57 99 58 5 58 4 58 100 59 101 59 79 59 102 60 73 60 72 60 80 61 88 61 62 61 103 62 85 62 87 62 64 63 41 63 6 63 93 64 6 64 78 64 96 65 98 65 104 65 39 66 95 66 105 66 74 67 106 67 75 67 90 68 69 68 81 68 107 69 108 69 109 69 109 70 22 70 110 70 82 71 111 71 83 71 112 72 90 72 91 72 113 73 23 73 45 73 114 74 0 74 28 74 74 75 80 75 106 75 107 76 109 76 110 76 115 77 43 77 42 77 59 78 29 78 14 78 3 79 116 79 9 79 66 80 117 80 118 80 21 81 110 81 22 81 100 82 119 82 101 82 103 83 32 83 31 83 120 84 121 84 122 84 94 85 123 85 65 85 94 86 124 86 123 86 120 87 88 87 121 87 121 88 125 88 122 88 126 89 127 89 58 89 126 90 58 90 60 90 58 91 127 91 128 91 129 92 130 92 120 92 131 93 132 93 133 93 129 94 134 94 135 94 120 95 130 95 88 95 131 96 134 96 132 96 132 97 136 97 133 97 132 98 137 98 136 98 137 99 138 99 136 99 129 100 132 100 134 100 126 101 139 101 140 101 129 102 120 102 137 102 129 103 135 103 130 103 126 104 140 104 141 104 142 105 143 105 141 105 126 106 60 106 139 106 142 107 141 107 140 107 141 108 143 108 144 108 145 109 146 109 147 109 148 110 149 110 150 110 146 111 151 111 152 111 150 112 145 112 147 112 147 113 146 113 152 113 153 114 133 114 154 114 146 115 154 115 151 115 148 116 150 116 147 116 150 117 149 117 155 117 133 118 156 118 154 118 157 119 158 119 159 119 131 120 133 120 153 120 146 121 153 121 154 121 160 122 147 122 152 122 161 123 162 123 142 123 161 124 142 124 140 124 142 125 162 125 163 125 145 126 153 126 146 126 142 127 163 127 143 127 163 128 164 128 143 128 160 129 152 129 165 129 166 130 167 130 168 130 169 131 170 131 171 131 169 132 172 132 170 132 170 133 173 133 171 133 173 134 174 134 175 134 176 135 177 135 178 135 161 136 179 136 162 136 176 137 172 137 169 137 166 138 168 138 171 138 170 139 174 139 173 139 176 140 180 140 177 140 176 141 178 141 172 141 173 142 175 142 181 142 166 143 162 143 179 143 161 144 182 144 179 144 166 145 179 145 167 145 183 146 170 146 172 146 183 147 174 147 170 147 183 148 184 148 185 148 186 149 187 149 188 149 63 150 189 150 190 150 32 151 191 151 192 151 186 152 188 152 193 152 188 153 194 153 193 153 63 154 190 154 195 154 183 155 172 155 184 155 186 156 192 156 196 156 197 157 193 157 194 157 192 158 191 158 196 158 63 159 65 159 189 159 183 160 185 160 198 160 199 161 197 161 194 161 186 162 196 162 187 162 200 163 201 163 202 163 195 164 190 164 203 164 200 165 204 165 201 165 199 166 205 166 197 166 0 167 204 167 200 167 206 168 207 168 208 168 106 169 209 169 210 169 211 170 212 170 213 170 0 171 200 171 1 171 214 172 215 172 216 172 217 173 218 173 203 173 31 174 219 174 220 174 221 175 202 175 201 175 222 176 223 176 224 176 225 177 226 177 227 177 228 178 229 178 230 178 104 179 231 179 232 179 203 180 218 180 233 180 199 181 234 181 205 181 217 182 203 182 190 182 84 183 235 183 236 183 10 184 12 184 237 184 222 185 238 185 223 185 239 186 240 186 241 186 242 187 216 187 215 187 243 188 244 188 245 188 111 189 246 189 247 189 225 190 227 190 248 190 249 191 250 191 251 191 84 192 252 192 235 192 4 193 253 193 124 193 254 194 255 194 240 194 256 195 257 195 258 195 259 196 260 196 261 196 108 197 259 197 261 197 228 198 230 198 213 198 262 199 221 199 201 199 263 200 264 200 265 200 266 201 267 201 268 201 269 202 270 202 271 202 205 203 272 203 273 203 274 204 275 204 276 204 277 205 224 205 278 205 279 206 280 206 281 206 282 207 239 207 283 207 284 208 285 208 286 208 255 209 287 209 288 209 289 210 290 210 291 210 225 211 241 211 226 211 202 212 292 212 252 212 293 213 294 213 295 213 261 214 260 214 296 214 211 215 297 215 212 215 10 216 237 216 298 216 272 217 299 217 189 217 167 218 300 218 301 218 214 219 302 219 215 219 279 220 155 220 149 220 211 221 213 221 230 221 282 222 303 222 239 222 95 223 304 223 305 223 110 224 306 224 307 224 224 225 308 225 278 225 309 226 310 226 311 226 263 227 312 227 264 227 205 228 234 228 299 228 266 229 313 229 267 229 314 230 315 230 302 230 217 231 316 231 317 231 167 232 318 232 300 232 182 233 319 233 318 233 179 234 182 234 318 234 167 235 179 235 318 235 320 236 212 236 297 236 321 237 276 237 322 237 323 238 289 238 291 238 320 239 297 239 324 239 325 240 326 240 327 240 79 241 101 241 328 241 61 242 329 242 330 242 331 243 332 243 333 243 217 244 190 244 316 244 319 245 334 245 318 245 208 246 207 246 335 246 259 247 248 247 260 247 197 248 336 248 193 248 249 249 337 249 250 249 337 250 338 250 339 250 279 251 333 251 280 251 340 252 341 252 342 252 180 253 313 253 177 253 343 254 344 254 187 254 273 255 272 255 123 255 256 256 159 256 257 256 221 257 292 257 202 257 139 258 293 258 295 258 345 259 346 259 347 259 324 260 348 260 251 260 322 261 276 261 349 261 84 262 350 262 252 262 197 263 273 263 336 263 197 264 205 264 273 264 351 265 336 265 253 265 214 266 216 266 352 266 240 267 303 267 353 267 222 268 224 268 277 268 63 269 195 269 41 269 81 270 242 270 207 270 337 271 339 271 354 271 280 272 333 272 355 272 255 273 290 273 287 273 188 274 187 274 355 274 301 275 315 275 356 275 279 276 281 276 155 276 254 277 291 277 290 277 214 278 314 278 302 278 255 279 241 279 240 279 357 280 343 280 196 280 230 281 229 281 358 281 218 282 271 282 359 282 13 283 360 283 14 283 186 284 361 284 192 284 32 285 192 285 362 285 303 286 35 286 353 286 279 287 149 287 331 287 277 288 278 288 363 288 364 289 363 289 339 289 365 290 363 290 364 290 277 291 363 291 365 291 366 292 364 292 312 292 367 293 264 293 338 293 368 294 264 294 367 294 369 295 370 295 309 295 279 296 331 296 333 296 289 297 371 297 290 297 348 298 372 298 251 298 373 299 374 299 313 299 375 300 376 300 377 300 254 301 290 301 255 301 378 302 227 302 341 302 159 303 379 303 376 303 314 304 380 304 381 304 248 305 227 305 260 305 382 306 383 306 275 306 382 307 359 307 383 307 384 308 346 308 229 308 385 309 317 309 386 309 124 310 253 310 123 310 336 311 273 311 253 311 52 312 387 312 388 312 203 313 233 313 389 313 353 314 390 314 391 314 239 315 303 315 240 315 385 316 386 316 366 316 392 317 393 317 394 317 5 318 395 318 396 318 223 319 397 319 224 319 339 320 363 320 354 320 398 321 365 321 364 321 310 322 365 322 398 322 386 323 398 323 366 323 194 324 399 324 369 324 331 325 400 325 332 325 348 326 342 326 372 326 313 327 374 327 177 327 213 328 212 328 374 328 292 329 268 329 381 329 401 330 270 330 402 330 271 331 270 331 383 331 205 332 299 332 272 332 196 333 343 333 187 333 294 334 319 334 182 334 225 335 239 335 241 335 346 336 296 336 358 336 191 337 357 337 196 337 237 338 135 338 298 338 389 339 233 339 26 339 15 340 403 340 404 340 18 341 405 341 406 341 407 342 408 342 409 342 410 343 365 343 310 343 410 344 277 344 365 344 264 345 312 345 338 345 371 346 368 346 367 346 402 347 265 347 368 347 263 348 265 348 269 348 249 349 251 349 411 349 316 350 299 350 412 350 177 351 413 351 178 351 267 352 313 352 180 352 414 353 267 353 356 353 266 354 268 354 221 354 383 355 270 355 401 355 189 356 299 356 316 356 190 357 189 357 316 357 376 358 379 358 377 358 227 359 226 359 341 359 358 360 296 360 378 360 345 361 296 361 346 361 250 362 324 362 251 362 217 363 317 363 415 363 385 364 415 364 317 364 4 365 351 365 253 365 228 366 416 366 229 366 262 367 201 367 416 367 73 368 26 368 417 368 254 369 240 369 353 369 262 370 266 370 221 370 418 371 419 371 420 371 11 372 421 372 422 372 423 373 409 373 184 373 407 374 409 374 424 374 337 375 354 375 407 375 312 376 364 376 339 376 311 377 310 377 398 377 386 378 311 378 398 378 270 379 265 379 402 379 425 380 280 380 344 380 281 381 280 381 425 381 348 382 340 382 342 382 178 383 423 383 184 383 374 384 413 384 177 384 356 385 267 385 180 385 315 386 414 386 356 386 381 387 268 387 414 387 314 388 381 388 414 388 300 389 315 389 301 389 302 390 315 390 300 390 221 391 268 391 292 391 323 392 402 392 289 392 215 393 334 393 335 393 235 394 292 394 381 394 380 395 235 395 381 395 359 396 271 396 383 396 130 397 135 397 237 397 236 398 235 398 380 398 350 399 426 399 252 399 415 400 269 400 271 400 416 401 384 401 229 401 214 402 380 402 314 402 62 403 130 403 237 403 427 404 322 404 428 404 291 405 391 405 428 405 35 406 390 406 353 406 245 407 244 407 429 407 408 408 308 408 185 408 278 409 308 409 408 409 354 410 278 410 408 410 407 411 354 411 408 411 338 412 312 412 339 412 366 413 398 413 364 413 370 414 310 414 309 414 410 415 310 415 370 415 263 416 366 416 312 416 265 417 264 417 368 417 234 418 309 418 311 418 332 419 370 419 369 419 400 420 370 420 332 420 333 421 332 421 399 421 251 422 372 422 411 422 187 423 344 423 355 423 212 424 413 424 374 424 430 425 425 425 344 425 430 426 344 426 343 426 257 427 159 427 376 427 375 428 431 428 376 428 335 429 334 429 319 429 349 430 275 430 401 430 134 431 258 431 135 431 256 432 258 432 134 432 242 433 215 433 335 433 207 434 242 434 335 434 140 435 139 435 295 435 347 436 346 436 384 436 276 437 275 437 349 437 426 438 202 438 252 438 193 439 336 439 361 439 214 440 352 440 380 440 201 441 204 441 416 441 14 442 360 442 60 442 88 443 130 443 62 443 211 444 432 444 340 444 26 445 233 445 417 445 385 446 269 446 415 446 250 447 337 447 407 447 433 448 434 448 435 448 36 449 436 449 437 449 50 450 438 450 439 450 224 451 397 451 308 451 363 452 278 452 354 452 249 453 338 453 337 453 410 454 370 454 400 454 355 455 333 455 399 455 188 456 399 456 194 456 386 457 317 457 412 457 172 458 178 458 184 458 413 459 423 459 178 459 431 460 257 460 376 460 215 461 302 461 334 461 65 462 272 462 189 462 123 463 272 463 65 463 440 464 257 464 431 464 258 465 257 465 440 465 229 466 346 466 358 466 360 467 293 467 139 467 60 468 360 468 139 468 361 469 336 469 351 469 192 470 361 470 362 470 297 471 340 471 348 471 250 472 407 472 424 472 250 473 424 473 324 473 320 474 324 474 424 474 225 475 283 475 239 475 41 476 195 476 45 476 53 477 441 477 442 477 2 478 443 478 444 478 445 479 446 479 447 479 185 480 308 480 198 480 409 481 408 481 185 481 249 482 411 482 367 482 199 483 194 483 369 483 287 484 371 484 411 484 269 485 265 485 270 485 288 486 287 486 372 486 299 487 234 487 412 487 317 488 316 488 412 488 226 489 288 489 342 489 241 490 288 490 226 490 266 491 373 491 313 491 268 492 267 492 414 492 448 493 377 493 425 493 430 494 448 494 425 494 379 495 281 495 377 495 375 496 377 496 448 496 244 497 375 497 448 497 260 498 227 498 378 498 387 499 294 499 293 499 238 500 400 500 331 500 225 501 248 501 283 501 10 502 298 502 449 502 204 503 384 503 416 503 12 504 62 504 237 504 149 505 238 505 331 505 385 506 366 506 263 506 324 507 297 507 348 507 450 508 451 508 452 508 43 509 453 509 44 509 184 510 409 510 185 510 424 511 409 511 423 511 249 512 367 512 338 512 411 513 371 513 367 513 412 514 234 514 311 514 386 515 412 515 311 515 199 516 369 516 309 516 290 517 371 517 287 517 213 518 374 518 373 518 314 519 414 519 315 519 323 520 401 520 402 520 454 521 448 521 430 521 296 522 260 522 378 522 252 523 292 523 235 523 455 524 343 524 357 524 298 525 258 525 440 525 432 526 230 526 358 526 283 527 248 527 17 527 352 528 236 528 380 528 454 529 430 529 455 529 186 530 193 530 361 530 216 531 39 531 352 531 254 532 391 532 291 532 243 533 245 533 392 533 67 534 456 534 457 534 116 535 458 535 459 535 199 536 309 536 234 536 289 537 402 537 368 537 372 538 287 538 411 538 342 539 288 539 372 539 341 540 226 540 342 540 320 541 424 541 423 541 320 542 413 542 212 542 432 543 358 543 378 543 275 544 383 544 401 544 449 545 298 545 440 545 345 546 261 546 296 546 253 547 273 547 123 547 393 548 33 548 449 548 200 549 202 549 426 549 39 550 105 550 352 550 323 551 291 551 428 551 254 552 353 552 391 552 222 553 277 553 410 553 69 554 460 554 461 554 72 555 462 555 463 555 86 556 464 556 465 556 399 557 332 557 369 557 188 558 355 558 399 558 377 559 281 559 425 559 155 560 281 560 379 560 430 561 343 561 455 561 135 562 258 562 298 562 388 563 387 563 293 563 17 564 248 564 259 564 228 565 262 565 416 565 206 566 208 566 387 566 362 567 361 567 351 567 105 568 236 568 352 568 390 569 427 569 391 569 195 570 203 570 389 570 91 571 81 571 207 571 344 572 280 572 355 572 255 573 288 573 241 573 454 574 244 574 448 574 394 575 393 575 449 575 382 576 275 576 274 576 22 577 345 577 347 577 217 578 415 578 218 578 289 579 368 579 371 579 320 580 423 580 413 580 323 581 349 581 401 581 233 582 218 582 359 582 417 583 233 583 359 583 382 584 417 584 359 584 466 585 455 585 357 585 211 586 230 586 432 586 45 587 195 587 389 587 385 588 263 588 269 588 27 589 467 589 468 589 469 590 470 590 471 590 23 591 472 591 7 591 334 592 302 592 300 592 222 593 400 593 238 593 33 594 10 594 449 594 428 595 322 595 349 595 454 596 455 596 473 596 1 597 200 597 426 597 429 598 244 598 454 598 318 599 334 599 300 599 222 600 410 600 400 600 323 601 428 601 349 601 473 602 455 602 466 602 308 603 397 603 198 603 432 604 378 604 341 604 415 605 271 605 218 605 211 606 340 606 297 606 474 607 392 607 245 607 295 608 294 608 182 608 388 609 293 609 360 609 388 610 360 610 13 610 391 611 427 611 428 611 243 612 392 612 394 612 432 613 341 613 340 613 206 614 91 614 207 614 394 615 440 615 431 615 429 616 454 616 473 616 243 617 375 617 244 617 208 618 335 618 319 618 243 619 394 619 431 619 262 620 373 620 266 620 228 621 213 621 373 621 25 622 475 622 476 622 228 623 373 623 262 623 394 624 449 624 440 624 243 625 431 625 375 625 208 626 294 626 387 626 206 627 387 627 52 627 208 628 319 628 294 628 183 629 198 629 174 629 397 630 165 630 198 630 198 631 165 631 174 631 174 632 165 632 175 632 171 633 173 633 477 633 165 634 152 634 175 634 162 635 477 635 163 635 173 636 181 636 477 636 152 637 151 637 175 637 477 638 181 638 163 638 168 639 169 639 171 639 478 640 356 640 180 640 478 641 180 641 176 641 161 642 295 642 182 642 478 643 176 643 169 643 175 644 151 644 181 644 163 645 181 645 164 645 478 646 301 646 356 646 168 647 478 647 169 647 161 648 140 648 295 648 166 649 477 649 162 649 168 650 301 650 478 650 168 651 167 651 301 651 166 652 171 652 477 652 181 653 151 653 164 653 151 654 154 654 164 654 160 655 165 655 397 655 154 656 156 656 164 656 160 657 397 657 223 657 148 658 238 658 149 658 164 659 156 659 143 659 148 660 160 660 223 660 148 661 147 661 160 661 148 662 223 662 238 662 157 663 145 663 158 663 158 664 155 664 379 664 158 665 150 665 155 665 133 666 136 666 156 666 143 667 156 667 144 667 157 668 159 668 256 668 131 669 256 669 134 669 158 670 379 670 159 670 157 671 153 671 145 671 158 672 145 672 150 672 157 673 131 673 153 673 157 674 256 674 131 674 156 675 136 675 144 675 141 676 144 676 127 676 136 677 138 677 144 677 126 678 141 678 127 678 144 679 138 679 127 679 137 680 122 680 138 680 127 681 138 681 128 681 120 682 122 682 137 682 129 683 137 683 132 683 138 684 122 684 128 684 58 685 128 685 89 685 122 686 125 686 128 686 128 687 125 687 89 687 479 688 35 688 34 688 121 689 76 689 125 689 89 690 125 690 117 690 9 691 362 691 351 691 125 692 76 692 117 692 40 693 39 693 216 693 40 694 242 694 81 694 42 695 33 695 393 695 87 696 466 696 357 696 9 697 351 697 4 697 96 698 104 698 321 698 47 699 50 699 474 699 40 700 216 700 242 700 114 701 204 701 0 701 114 702 347 702 384 702 87 703 357 703 191 703 117 704 76 704 325 704 71 705 73 705 417 705 71 706 382 706 274 706 114 707 384 707 204 707 109 708 108 708 261 708 109 709 345 709 22 709 66 710 118 710 67 710 480 711 105 711 95 711 481 712 418 712 91 712 482 713 483 713 484 713 71 714 417 714 382 714 483 715 321 715 445 715 118 716 117 716 325 716 20 717 22 717 347 717 56 718 61 718 12 718 485 719 321 719 104 719 37 720 282 720 283 720 486 721 474 721 50 721 55 722 35 722 303 722 74 723 76 723 121 723 112 724 91 724 418 724 37 725 16 725 433 725 76 726 75 726 325 726 109 727 261 727 345 727 20 728 28 728 27 728 92 729 100 729 79 729 48 730 429 730 473 730 487 731 28 731 2 731 487 732 27 732 28 732 55 733 488 733 36 733 485 734 445 734 321 734 483 735 445 735 484 735 82 736 84 736 236 736 47 737 474 737 245 737 96 738 321 738 322 738 115 739 474 739 43 739 82 740 105 740 480 740 70 741 17 741 259 741 83 742 350 742 84 742 90 743 489 743 460 743 90 744 460 744 69 744 46 745 389 745 26 745 57 746 13 746 77 746 481 747 91 747 206 747 30 748 459 748 219 748 30 749 116 749 459 749 113 750 476 750 472 750 490 751 465 751 451 751 480 752 95 752 305 752 30 753 219 753 31 753 19 754 328 754 443 754 24 755 491 755 475 755 490 756 86 756 465 756 480 757 305 757 246 757 19 758 443 758 2 758 113 759 472 759 23 759 38 760 461 760 304 760 16 761 434 761 433 761 492 762 395 762 5 762 98 763 231 763 104 763 98 764 471 764 231 764 98 765 469 765 471 765 24 766 475 766 25 766 3 767 5 767 396 767 75 768 210 768 326 768 19 769 79 769 328 769 492 770 286 770 395 770 492 771 284 771 286 771 3 772 396 772 458 772 490 773 451 773 450 773 34 774 36 774 437 774 85 775 220 775 464 775 480 776 246 776 111 776 21 777 468 777 306 777 21 778 27 778 468 778 21 779 306 779 110 779 484 780 447 780 462 780 484 781 462 781 72 781 118 782 456 782 67 782 113 783 25 783 476 783 484 784 445 784 447 784 38 785 69 785 461 785 38 786 304 786 95 786 488 787 433 787 435 787 488 788 436 788 36 788 488 789 435 789 436 789 85 790 31 790 220 790 85 791 464 791 86 791 118 792 327 792 456 792 51 793 53 793 442 793 3 794 458 794 116 794 77 795 404 795 441 795 51 796 419 796 418 796 77 797 441 797 53 797 51 798 442 798 419 798 34 799 437 799 470 799 34 800 470 800 469 800 16 801 406 801 434 801 16 802 18 802 406 802 75 803 326 803 325 803 77 804 15 804 404 804 75 805 106 805 210 805 118 806 325 806 327 806 483 807 276 807 321 807 92 808 1 808 426 808 115 809 392 809 474 809 57 810 52 810 388 810 107 811 110 811 307 811 115 812 42 812 393 812 107 813 307 813 493 813 78 814 8 814 285 814 494 815 405 815 18 815 56 816 11 816 422 816 56 817 329 817 61 817 37 818 283 818 17 818 66 819 59 819 89 819 82 820 480 820 111 820 78 821 285 821 284 821 46 822 113 822 45 822 494 823 493 823 405 823 49 824 438 824 50 824 49 825 450 825 452 825 103 826 87 826 191 826 495 827 11 827 33 827 47 828 429 828 48 828 496 829 15 829 29 829 496 830 29 830 67 830 495 831 68 831 421 831 112 832 418 832 420 832 100 833 350 833 83 833 66 834 89 834 117 834 486 835 43 835 474 835 54 836 362 836 9 836 495 837 42 837 68 837 54 838 32 838 362 838 103 839 191 839 32 839 57 840 77 840 53 840 485 841 104 841 232 841 485 842 446 842 445 842 20 843 347 843 114 843 497 844 48 844 473 844 497 845 450 845 48 845 54 846 9 846 116 846 55 847 303 847 282 847 487 848 467 848 27 848 487 849 2 849 444 849 481 850 52 850 51 850 498 851 488 851 55 851 102 852 72 852 463 852 56 853 422 853 329 853 486 854 453 854 43 854 486 855 50 855 439 855 496 856 67 856 457 856 496 857 403 857 15 857 499 858 111 858 247 858 500 859 61 859 330 859 500 860 209 860 106 860 20 861 114 861 28 861 92 862 350 862 100 862 99 863 4 863 124 863 500 864 106 864 80 864 500 865 80 865 61 865 74 866 121 866 88 866 494 867 107 867 493 867 494 868 108 868 107 868 479 869 469 869 97 869 49 870 48 870 450 870 46 871 25 871 113 871 49 872 452 872 438 872 102 873 24 873 73 873 97 874 427 874 390 874 97 875 469 875 98 875 96 876 427 876 97 876 112 877 489 877 90 877 495 878 421 878 11 878 499 879 83 879 111 879 112 880 420 880 489 880 495 881 33 881 42 881 82 882 236 882 105 882 47 883 245 883 429 883 498 884 282 884 37 884 96 885 322 885 427 885 481 886 51 886 418 886 102 887 491 887 24 887 501 888 124 888 94 888 93 889 94 889 64 889 497 890 490 890 450 890 501 891 284 891 492 891 485 892 232 892 446 892 479 893 97 893 390 893 487 894 444 894 467 894 502 895 466 895 87 895 497 896 473 896 466 896 482 897 274 897 483 897 70 898 259 898 108 898 102 899 463 899 491 899 502 900 87 900 86 900 486 901 439 901 453 901 103 902 31 902 85 902 46 903 45 903 389 903 54 904 116 904 30 904 483 905 274 905 276 905 496 906 457 906 403 906 479 907 390 907 35 907 92 908 426 908 350 908 57 909 388 909 13 909 482 910 71 910 274 910 70 911 494 911 18 911 499 912 247 912 119 912 500 913 330 913 209 913 115 914 393 914 392 914 481 915 206 915 52 915 502 916 490 916 497 916 498 917 55 917 282 917 93 918 284 918 501 918 93 919 78 919 284 919 498 920 37 920 433 920 499 921 100 921 83 921 499 922 119 922 100 922 70 923 108 923 494 923 482 924 72 924 71 924 93 925 501 925 94 925 479 926 34 926 469 926 99 927 501 927 492 927 99 928 492 928 5 928 482 929 484 929 72 929 498 930 433 930 488 930 502 931 86 931 490 931 502 932 497 932 466 932 99 933 124 933 501 933 503 934 504 934 505 934 506 935 507 935 508 935 509 936 510 936 511 936 512 937 508 937 507 937 513 938 514 938 515 938 516 939 505 939 504 939 513 940 517 940 518 940 519 941 520 941 521 941 522 942 523 942 524 942 513 943 515 943 525 943 526 944 527 944 528 944 529 945 530 945 531 945 532 946 511 946 510 946 517 947 533 947 518 947 513 948 525 948 517 948 534 949 520 949 519 949 535 950 522 950 524 950 536 951 457 951 508 951 537 952 526 952 528 952 538 953 530 953 529 953 539 954 509 954 511 954 536 955 403 955 457 955 540 956 541 956 542 956 540 957 543 957 541 957 544 958 545 958 546 958 547 959 548 959 519 959 549 960 522 960 550 960 551 961 546 961 545 961 530 962 548 962 547 962 528 963 549 963 550 963 552 964 553 964 554 964 555 965 556 965 557 965 506 966 558 966 507 966 503 967 505 967 559 967 560 968 521 968 520 968 561 969 524 969 523 969 516 970 515 970 514 970 512 971 536 971 508 971 562 972 563 972 509 972 564 973 543 973 565 973 566 974 567 974 546 974 562 975 549 975 563 975 532 976 510 976 568 976 536 977 562 977 509 977 514 978 547 978 569 978 570 979 530 979 547 979 563 980 549 980 528 980 540 981 552 981 554 981 567 982 532 982 568 982 544 983 556 983 555 983 512 984 562 984 536 984 571 985 564 985 565 985 531 986 530 986 570 986 527 987 563 987 528 987 556 988 567 988 568 988 514 989 570 989 547 989 535 990 550 990 522 990 534 991 519 991 548 991 572 992 533 992 517 992 507 993 558 993 573 993 574 994 575 994 576 994 577 995 578 995 579 995 580 996 581 996 232 996 582 997 583 997 584 997 585 998 586 998 587 998 588 999 468 999 589 999 590 1000 591 1000 8 1000 592 1001 593 1001 462 1001 594 1002 595 1002 596 1002 597 1003 304 1003 598 1003 599 1004 600 1004 601 1004 602 1005 603 1005 604 1005 558 1006 605 1006 573 1006 505 1007 606 1007 559 1007 523 1008 507 1008 573 1008 607 1009 507 1009 523 1009 608 1010 567 1010 566 1010 521 1011 606 1011 505 1011 569 1012 521 1012 505 1012 559 1013 606 1013 605 1013 518 1014 531 1014 570 1014 510 1015 563 1015 527 1015 558 1016 609 1016 605 1016 522 1017 607 1017 523 1017 546 1018 567 1018 556 1018 573 1019 605 1019 610 1019 606 1020 610 1020 605 1020 519 1021 521 1021 569 1021 547 1022 519 1022 569 1022 549 1023 607 1023 522 1023 611 1024 557 1024 556 1024 559 1025 605 1025 609 1025 562 1026 607 1026 549 1026 568 1027 510 1027 527 1027 612 1028 531 1028 518 1028 509 1029 563 1029 510 1029 613 1030 614 1030 615 1030 616 1031 617 1031 618 1031 619 1032 554 1032 553 1032 533 1033 612 1033 518 1033 618 1034 617 1034 620 1034 615 1035 614 1035 621 1035 613 1036 622 1036 614 1036 616 1037 623 1037 617 1037 624 1038 625 1038 626 1038 545 1039 627 1039 628 1039 629 1040 630 1040 631 1040 632 1041 633 1041 634 1041 624 1042 635 1042 625 1042 636 1043 633 1043 632 1043 637 1044 638 1044 595 1044 639 1045 640 1045 641 1045 636 1046 642 1046 633 1046 565 1047 612 1047 533 1047 643 1048 622 1048 613 1048 644 1049 623 1049 616 1049 545 1050 645 1050 627 1050 632 1051 634 1051 646 1051 647 1052 648 1052 649 1052 650 1053 648 1053 647 1053 650 1054 651 1054 648 1054 652 1055 653 1055 654 1055 655 1056 656 1056 657 1056 655 1057 657 1057 658 1057 659 1058 660 1058 661 1058 662 1059 663 1059 664 1059 656 1060 665 1060 657 1060 666 1061 667 1061 624 1061 629 1062 668 1062 630 1062 636 1063 669 1063 642 1063 670 1064 671 1064 600 1064 672 1065 673 1065 629 1065 674 1066 675 1066 676 1066 647 1067 649 1067 677 1067 674 1068 678 1068 675 1068 679 1069 680 1069 673 1069 681 1070 682 1070 683 1070 684 1071 685 1071 686 1071 687 1072 688 1072 689 1072 690 1073 691 1073 692 1073 693 1074 694 1074 695 1074 670 1075 686 1075 671 1075 554 1076 612 1076 565 1076 652 1077 683 1077 653 1077 650 1078 696 1078 651 1078 642 1079 669 1079 697 1079 666 1080 576 1080 667 1080 639 1081 641 1081 694 1081 637 1082 689 1082 638 1082 672 1083 629 1083 631 1083 628 1084 627 1084 698 1084 659 1085 621 1085 660 1085 656 1086 699 1086 665 1086 662 1087 700 1087 663 1087 692 1088 691 1088 701 1088 638 1089 702 1089 595 1089 641 1090 640 1090 703 1090 655 1091 658 1091 620 1091 576 1092 697 1092 667 1092 697 1093 669 1093 704 1093 705 1094 706 1094 707 1094 705 1095 708 1095 706 1095 543 1096 554 1096 565 1096 695 1097 694 1097 709 1097 688 1098 710 1098 689 1098 653 1099 684 1099 654 1099 666 1100 624 1100 626 1100 682 1101 711 1101 683 1101 706 1102 681 1102 707 1102 685 1103 712 1103 686 1103 651 1104 696 1104 713 1104 705 1105 714 1105 708 1105 631 1106 630 1106 715 1106 643 1107 613 1107 716 1107 644 1108 616 1108 717 1108 690 1109 692 1109 718 1109 671 1110 687 1110 600 1110 714 1111 713 1111 708 1111 713 1112 696 1112 719 1112 578 1113 716 1113 720 1113 721 1114 717 1114 722 1114 723 1115 679 1115 673 1115 724 1116 681 1116 683 1116 725 1117 684 1117 686 1117 726 1118 687 1118 689 1118 727 1119 718 1119 728 1119 729 1120 694 1120 693 1120 730 1121 642 1121 697 1121 578 1122 720 1122 731 1122 721 1123 722 1123 732 1123 727 1124 728 1124 733 1124 720 1125 716 1125 734 1125 722 1126 717 1126 735 1126 728 1127 718 1127 736 1127 680 1128 737 1128 673 1128 542 1129 738 1129 693 1129 739 1130 651 1130 713 1130 639 1131 694 1131 729 1131 643 1132 716 1132 578 1132 644 1133 717 1133 721 1133 672 1134 723 1134 673 1134 740 1135 679 1135 723 1135 652 1136 724 1136 683 1136 707 1137 681 1137 724 1137 670 1138 725 1138 686 1138 654 1139 684 1139 725 1139 637 1140 726 1140 689 1140 600 1141 687 1141 726 1141 690 1142 718 1142 727 1142 576 1143 730 1143 697 1143 741 1144 642 1144 730 1144 714 1145 739 1145 713 1145 584 1146 651 1146 739 1146 742 1147 679 1147 740 1147 743 1148 726 1148 637 1148 633 1149 642 1149 741 1149 744 1150 741 1150 730 1150 738 1151 729 1151 693 1151 648 1152 651 1152 584 1152 745 1153 742 1153 740 1153 746 1154 633 1154 741 1154 747 1155 648 1155 584 1155 697 1156 704 1156 667 1156 634 1157 633 1157 746 1157 713 1158 719 1158 708 1158 649 1159 648 1159 747 1159 659 1160 661 1160 662 1160 659 1161 662 1161 664 1161 698 1162 634 1162 746 1162 715 1163 649 1163 747 1163 748 1164 715 1164 747 1164 749 1165 750 1165 751 1165 661 1166 752 1166 753 1166 754 1167 750 1167 749 1167 755 1168 752 1168 661 1168 756 1169 286 1169 757 1169 758 1170 476 1170 759 1170 760 1171 491 1171 761 1171 762 1172 405 1172 763 1172 764 1173 119 1173 765 1173 751 1174 720 1174 699 1174 756 1175 395 1175 286 1175 758 1176 472 1176 476 1176 760 1177 475 1177 491 1177 753 1178 702 1178 700 1178 731 1179 720 1179 751 1179 766 1180 754 1180 749 1180 767 1181 702 1181 753 1181 762 1182 406 1182 405 1182 660 1183 755 1183 661 1183 768 1184 754 1184 766 1184 750 1185 731 1185 751 1185 769 1186 328 1186 770 1186 515 1187 329 1187 525 1187 764 1188 101 1188 119 1188 552 1189 771 1189 772 1189 773 1190 755 1190 660 1190 774 1191 396 1191 775 1191 776 1192 459 1192 777 1192 752 1193 767 1193 753 1193 778 1194 436 1194 779 1194 780 1195 470 1195 781 1195 782 1196 731 1196 750 1196 783 1197 434 1197 784 1197 785 1198 767 1198 752 1198 786 1199 307 1199 787 1199 595 1200 702 1200 767 1200 788 1201 246 1201 789 1201 555 1202 790 1202 791 1202 792 1203 603 1203 420 1203 555 1204 793 1204 790 1204 794 1205 795 1205 796 1205 735 1206 797 1206 798 1206 691 1207 732 1207 701 1207 640 1208 733 1208 703 1208 799 1209 800 1209 801 1209 802 1210 703 1210 803 1210 792 1211 420 1211 419 1211 804 1212 805 1212 806 1212 807 1213 489 1213 603 1213 700 1214 808 1214 663 1214 809 1215 467 1215 444 1215 668 1216 810 1216 811 1216 645 1217 812 1217 813 1217 668 1218 811 1218 677 1218 618 1219 814 1219 797 1219 704 1220 669 1220 815 1220 735 1221 798 1221 795 1221 816 1222 451 1222 465 1222 668 1223 737 1223 810 1223 801 1224 800 1224 817 1224 635 1225 818 1225 819 1225 548 1226 820 1226 821 1226 699 1227 822 1227 665 1227 797 1228 814 1228 798 1228 736 1229 801 1229 817 1229 646 1230 813 1230 823 1230 704 1231 815 1231 824 1231 769 1232 443 1232 328 1232 710 1233 825 1233 826 1233 763 1234 405 1234 493 1234 635 1235 827 1235 678 1235 719 1236 828 1236 829 1236 816 1237 465 1237 830 1237 787 1238 307 1238 306 1238 831 1239 464 1239 220 1239 645 1240 813 1240 646 1240 635 1241 819 1241 827 1241 831 1242 220 1242 832 1242 831 1243 830 1243 464 1243 678 1244 827 1244 675 1244 603 1245 489 1245 420 1245 784 1246 434 1246 406 1246 618 1247 620 1247 833 1247 818 1248 824 1248 819 1248 719 1249 829 1249 834 1249 771 1250 835 1250 772 1250 836 1251 7 1251 472 1251 704 1252 824 1252 818 1252 734 1253 822 1253 699 1253 803 1254 837 1254 838 1254 799 1255 701 1255 794 1255 508 1256 457 1256 456 1256 789 1257 246 1257 305 1257 834 1258 829 1258 839 1258 840 1259 231 1259 471 1259 830 1260 465 1260 464 1260 841 1261 452 1261 842 1261 621 1262 843 1262 844 1262 709 1263 845 1263 846 1263 816 1264 842 1264 451 1264 770 1265 328 1265 101 1265 777 1266 459 1266 458 1266 696 1267 847 1267 828 1267 799 1268 794 1268 796 1268 511 1269 441 1269 404 1269 848 1270 461 1270 460 1270 645 1271 791 1271 812 1271 711 1272 849 1272 850 1272 851 1273 419 1273 442 1273 779 1274 436 1274 435 1274 781 1275 470 1275 437 1275 852 1276 439 1276 438 1276 702 1277 853 1277 700 1277 807 1278 460 1278 489 1278 832 1279 220 1279 219 1279 842 1280 452 1280 451 1280 620 1281 658 1281 833 1281 854 1282 68 1282 44 1282 557 1283 855 1283 793 1283 737 1284 856 1284 810 1284 677 1285 811 1285 857 1285 615 1286 621 1286 844 1286 807 1287 848 1287 460 1287 765 1288 119 1288 247 1288 841 1289 438 1289 452 1289 550 1290 858 1290 859 1290 791 1291 790 1291 812 1291 853 1292 808 1292 700 1292 757 1293 286 1293 285 1293 712 1294 860 1294 861 1294 733 1295 728 1295 703 1295 862 1296 447 1296 446 1296 761 1297 491 1297 463 1297 669 1298 863 1298 815 1298 615 1299 844 1299 805 1299 504 1300 209 1300 330 1300 734 1301 804 1301 806 1301 618 1302 833 1302 814 1302 553 1303 864 1303 865 1303 775 1304 396 1304 395 1304 792 1305 419 1305 851 1305 525 1306 329 1306 422 1306 735 1307 795 1307 794 1307 736 1308 817 1308 837 1308 736 1309 837 1309 803 1309 802 1310 845 1310 709 1310 722 1311 735 1311 794 1311 701 1312 722 1312 794 1312 615 1313 805 1313 804 1313 802 1314 803 1314 838 1314 853 1315 710 1315 826 1315 759 1316 476 1316 475 1316 841 1317 852 1317 438 1317 719 1318 696 1318 828 1318 799 1319 796 1319 800 1319 734 1320 806 1320 822 1320 802 1321 838 1321 845 1321 853 1322 826 1322 808 1322 720 1323 734 1323 699 1323 732 1324 722 1324 701 1324 703 1325 728 1325 803 1325 555 1326 557 1326 793 1326 728 1327 736 1327 803 1327 788 1328 247 1328 246 1328 788 1329 765 1329 247 1329 866 1330 444 1330 443 1330 786 1331 493 1331 307 1331 769 1332 866 1332 443 1332 866 1333 809 1333 444 1333 783 1334 435 1334 434 1334 778 1335 437 1335 436 1335 780 1336 471 1336 470 1336 786 1337 763 1337 493 1337 764 1338 770 1338 101 1338 783 1339 779 1339 435 1339 778 1340 781 1340 437 1340 780 1341 840 1341 471 1341 774 1342 458 1342 396 1342 776 1343 219 1343 459 1343 762 1344 784 1344 406 1344 552 1345 772 1345 864 1345 515 1346 330 1346 329 1346 774 1347 777 1347 458 1347 760 1348 759 1348 475 1348 776 1349 832 1349 219 1349 758 1350 836 1350 472 1350 552 1351 864 1351 553 1351 756 1352 775 1352 395 1352 515 1353 504 1353 330 1353 867 1354 44 1354 453 1354 867 1355 854 1355 44 1355 587 1356 453 1356 439 1356 587 1357 439 1357 852 1357 867 1358 453 1358 587 1358 868 1359 850 1359 869 1359 870 1360 839 1360 871 1360 868 1361 711 1361 850 1361 566 1362 792 1362 851 1362 564 1363 854 1363 867 1363 872 1364 861 1364 873 1364 870 1365 834 1365 839 1365 874 1366 875 1366 835 1366 872 1367 712 1367 861 1367 736 1368 718 1368 801 1368 735 1369 717 1369 797 1369 734 1370 716 1370 804 1370 872 1371 688 1371 687 1371 870 1372 682 1372 681 1372 868 1373 685 1373 684 1373 874 1374 835 1374 771 1374 874 1375 693 1375 695 1375 517 1376 422 1376 421 1376 517 1377 525 1377 422 1377 719 1378 834 1378 708 1378 632 1379 646 1379 823 1379 636 1380 863 1380 669 1380 647 1381 677 1381 857 1381 529 1382 553 1382 865 1382 529 1383 865 1383 876 1383 674 1384 676 1384 680 1384 704 1385 818 1385 667 1385 872 1386 873 1386 688 1386 874 1387 695 1387 875 1387 650 1388 847 1388 696 1388 870 1389 871 1389 682 1389 868 1390 869 1390 685 1390 680 1391 856 1391 737 1391 682 1392 849 1392 711 1392 685 1393 860 1393 712 1393 695 1394 709 1394 846 1394 688 1395 825 1395 710 1395 656 1396 751 1396 699 1396 662 1397 753 1397 700 1397 692 1398 701 1398 799 1398 641 1399 703 1399 802 1399 638 1400 853 1400 702 1400 659 1401 843 1401 621 1401 655 1402 620 1402 766 1402 526 1403 855 1403 557 1403 526 1404 877 1404 855 1404 674 1405 742 1405 678 1405 626 1406 625 1406 745 1406 632 1407 823 1407 878 1407 636 1408 632 1408 878 1408 718 1409 692 1409 801 1409 689 1410 710 1410 638 1410 694 1411 641 1411 709 1411 717 1412 616 1412 797 1412 716 1413 613 1413 804 1413 636 1414 878 1414 863 1414 674 1415 680 1415 679 1415 647 1416 857 1416 879 1416 650 1417 647 1417 879 1417 650 1418 879 1418 847 1418 653 1419 868 1419 684 1419 706 1420 870 1420 681 1420 680 1421 676 1421 856 1421 682 1422 871 1422 849 1422 685 1423 869 1423 860 1423 695 1424 846 1424 875 1424 688 1425 873 1425 825 1425 655 1426 749 1426 656 1426 656 1427 749 1427 751 1427 662 1428 661 1428 753 1428 692 1429 799 1429 801 1429 638 1430 710 1430 853 1430 641 1431 802 1431 709 1431 655 1432 766 1432 749 1432 659 1433 664 1433 843 1433 616 1434 618 1434 797 1434 613 1435 615 1435 804 1435 683 1436 711 1436 653 1436 671 1437 872 1437 687 1437 708 1438 834 1438 706 1438 542 1439 693 1439 874 1439 686 1440 712 1440 671 1440 674 1441 679 1441 742 1441 653 1442 711 1442 868 1442 627 1443 634 1443 698 1443 706 1444 834 1444 870 1444 645 1445 646 1445 627 1445 671 1446 712 1446 872 1446 542 1447 874 1447 771 1447 630 1448 649 1448 715 1448 668 1449 677 1449 630 1449 673 1450 737 1450 629 1450 617 1451 766 1451 620 1451 614 1452 660 1452 621 1452 635 1453 678 1453 625 1453 545 1454 791 1454 645 1454 667 1455 818 1455 624 1455 629 1456 737 1456 668 1456 625 1457 742 1457 745 1457 627 1458 646 1458 634 1458 624 1459 818 1459 635 1459 623 1460 768 1460 617 1460 622 1461 773 1461 614 1461 630 1462 677 1462 649 1462 617 1463 768 1463 766 1463 614 1464 773 1464 660 1464 625 1465 678 1465 742 1465 520 1466 880 1466 881 1466 524 1467 882 1467 883 1467 516 1468 569 1468 505 1468 516 1469 504 1469 515 1469 884 1470 511 1470 532 1470 561 1471 523 1471 573 1471 560 1472 606 1472 521 1472 574 1473 789 1473 575 1473 602 1474 604 1474 628 1474 594 1475 596 1475 862 1475 592 1476 785 1476 593 1476 590 1477 782 1477 591 1477 585 1478 738 1478 586 1478 577 1479 579 1479 836 1479 588 1480 589 1480 748 1480 582 1481 787 1481 583 1481 597 1482 598 1482 744 1482 599 1483 601 1483 840 1483 580 1484 743 1484 581 1484 561 1485 610 1485 885 1485 560 1486 885 1486 610 1486 503 1487 210 1487 209 1487 506 1488 456 1488 327 1488 539 1489 403 1489 536 1489 604 1490 603 1490 792 1490 579 1491 578 1491 731 1491 581 1492 446 1492 232 1492 586 1493 867 1493 587 1493 598 1494 304 1494 461 1494 591 1495 285 1495 8 1495 593 1496 463 1496 462 1496 596 1497 595 1497 767 1497 589 1498 468 1498 467 1498 601 1499 600 1499 726 1499 583 1500 747 1500 584 1500 575 1501 730 1501 576 1501 886 1502 715 1502 748 1502 580 1503 231 1503 840 1503 594 1504 743 1504 637 1504 597 1505 789 1505 305 1505 590 1506 7 1506 836 1506 592 1507 447 1507 862 1507 887 1508 782 1508 750 1508 888 1509 785 1509 752 1509 588 1510 787 1510 306 1510 889 1511 741 1511 744 1511 572 1512 68 1512 854 1512 572 1513 517 1513 421 1513 540 1514 554 1514 543 1514 544 1515 546 1515 556 1515 571 1516 854 1516 564 1516 884 1517 441 1517 511 1517 884 1518 851 1518 442 1518 538 1519 548 1519 530 1519 537 1520 528 1520 550 1520 608 1521 566 1521 851 1521 551 1522 566 1522 546 1522 561 1523 573 1523 610 1523 560 1524 610 1524 606 1524 503 1525 209 1525 504 1525 541 1526 543 1526 564 1526 506 1527 508 1527 456 1527 539 1528 511 1528 404 1528 886 1529 748 1529 589 1529 594 1530 581 1530 743 1530 590 1531 836 1531 579 1531 592 1532 862 1532 596 1532 888 1533 593 1533 785 1533 887 1534 591 1534 782 1534 588 1535 583 1535 787 1535 597 1536 575 1536 789 1536 889 1537 744 1537 598 1537 580 1538 840 1538 601 1538 604 1539 792 1539 566 1539 581 1540 862 1540 446 1540 586 1541 564 1541 867 1541 598 1542 461 1542 848 1542 601 1543 726 1543 743 1543 596 1544 767 1544 785 1544 591 1545 757 1545 285 1545 593 1546 761 1546 463 1546 579 1547 731 1547 782 1547 589 1548 467 1548 809 1548 583 1549 748 1549 747 1549 575 1550 744 1550 730 1550 574 1551 890 1551 788 1551 891 1552 764 1552 892 1552 893 1553 866 1553 894 1553 890 1554 765 1554 788 1554 892 1555 764 1555 765 1555 893 1556 809 1556 866 1556 895 1557 896 1557 779 1557 893 1558 894 1558 672 1558 602 1559 628 1559 698 1559 891 1560 892 1560 745 1560 897 1561 599 1561 780 1561 577 1562 758 1562 898 1562 899 1563 774 1563 900 1563 898 1564 758 1564 759 1564 900 1565 774 1565 775 1565 585 1566 729 1566 738 1566 901 1567 783 1567 784 1567 902 1568 729 1568 585 1568 903 1569 781 1569 778 1569 574 1570 788 1570 789 1570 889 1571 848 1571 904 1571 905 1572 906 1572 763 1572 891 1573 745 1573 740 1573 907 1574 891 1574 740 1574 907 1575 740 1575 723 1575 896 1576 778 1576 779 1576 908 1577 784 1577 762 1577 599 1578 840 1578 780 1578 902 1579 639 1579 729 1579 894 1580 907 1580 723 1580 906 1581 908 1581 762 1581 895 1582 783 1582 901 1582 895 1583 779 1583 783 1583 894 1584 723 1584 672 1584 897 1585 781 1585 903 1585 897 1586 780 1586 781 1586 899 1587 909 1587 777 1587 910 1588 911 1588 830 1588 912 1589 776 1589 909 1589 906 1590 762 1590 763 1590 899 1591 777 1591 774 1591 577 1592 836 1592 758 1592 910 1593 830 1593 831 1593 909 1594 776 1594 777 1594 911 1595 816 1595 830 1595 913 1596 914 1596 773 1596 915 1597 916 1597 768 1597 905 1598 763 1598 786 1598 917 1599 733 1599 640 1599 912 1600 832 1600 776 1600 914 1601 755 1601 773 1601 916 1602 754 1602 768 1602 918 1603 841 1603 842 1603 582 1604 786 1604 787 1604 582 1605 905 1605 786 1605 574 1606 666 1606 890 1606 919 1607 691 1607 690 1607 904 1608 848 1608 807 1608 904 1609 807 1609 602 1609 888 1610 914 1610 761 1610 887 1611 916 1611 757 1611 580 1612 232 1612 231 1612 896 1613 903 1613 778 1613 913 1614 773 1614 622 1614 915 1615 768 1615 623 1615 908 1616 901 1616 784 1616 917 1617 816 1617 911 1617 917 1618 911 1618 733 1618 904 1619 602 1619 698 1619 919 1620 912 1620 691 1620 918 1621 842 1621 917 1621 918 1622 917 1622 640 1622 919 1623 832 1623 912 1623 902 1624 841 1624 918 1624 902 1625 918 1625 639 1625 910 1626 831 1626 919 1626 910 1627 919 1627 690 1627 895 1628 652 1628 896 1628 897 1629 670 1629 599 1629 898 1630 622 1630 643 1630 900 1631 623 1631 644 1631 888 1632 755 1632 914 1632 887 1633 754 1633 916 1633 577 1634 898 1634 643 1634 899 1635 900 1635 644 1635 915 1636 900 1636 775 1636 913 1637 898 1637 759 1637 915 1638 623 1638 900 1638 913 1639 622 1639 898 1639 918 1640 640 1640 639 1640 892 1641 626 1641 745 1641 903 1642 654 1642 725 1642 901 1643 707 1643 724 1643 909 1644 721 1644 732 1644 911 1645 727 1645 733 1645 891 1646 770 1646 764 1646 907 1647 770 1647 891 1647 907 1648 769 1648 770 1648 912 1649 909 1649 732 1649 894 1650 769 1650 907 1650 894 1651 866 1651 769 1651 899 1652 721 1652 909 1652 910 1653 727 1653 911 1653 585 1654 587 1654 852 1654 896 1655 652 1655 654 1655 905 1656 714 1656 906 1656 912 1657 732 1657 691 1657 917 1658 842 1658 816 1658 914 1659 760 1659 761 1659 916 1660 756 1660 757 1660 913 1661 760 1661 914 1661 915 1662 756 1662 916 1662 919 1663 831 1663 832 1663 913 1664 759 1664 760 1664 915 1665 775 1665 756 1665 910 1666 690 1666 727 1666 899 1667 644 1667 721 1667 577 1668 643 1668 578 1668 897 1669 903 1669 725 1669 895 1670 901 1670 724 1670 886 1671 631 1671 715 1671 897 1672 725 1672 670 1672 902 1673 585 1673 852 1673 906 1674 705 1674 908 1674 895 1675 724 1675 652 1675 906 1676 714 1676 705 1676 893 1677 672 1677 631 1677 905 1678 739 1678 714 1678 599 1679 670 1679 600 1679 582 1680 584 1680 739 1680 582 1681 739 1681 905 1681 902 1682 852 1682 841 1682 602 1683 807 1683 603 1683 574 1684 576 1684 666 1684 890 1685 666 1685 626 1685 908 1686 705 1686 707 1686 896 1687 654 1687 903 1687 904 1688 698 1688 746 1688 908 1689 707 1689 901 1689 594 1690 637 1690 595 1690 597 1691 305 1691 304 1691 590 1692 8 1692 7 1692 592 1693 462 1693 447 1693 887 1694 750 1694 754 1694 888 1695 752 1695 755 1695 588 1696 306 1696 468 1696 889 1697 904 1697 746 1697 889 1698 746 1698 741 1698 886 1699 809 1699 893 1699 890 1700 892 1700 765 1700 886 1701 893 1701 631 1701 890 1702 626 1702 892 1702 611 1703 556 1703 568 1703 512 1704 507 1704 607 1704 535 1705 858 1705 550 1705 534 1706 548 1706 821 1706 619 1707 612 1707 554 1707 535 1708 524 1708 883 1708 534 1709 880 1709 520 1709 920 1710 609 1710 326 1710 920 1711 326 1711 210 1711 921 1712 326 1712 609 1712 921 1713 327 1713 326 1713 611 1714 527 1714 526 1714 572 1715 421 1715 68 1715 619 1716 529 1716 531 1716 513 1717 570 1717 514 1717 537 1718 550 1718 859 1718 538 1719 820 1719 548 1719 537 1720 877 1720 526 1720 538 1721 529 1721 876 1721 540 1722 542 1722 771 1722 544 1723 791 1723 545 1723 516 1724 514 1724 569 1724 922 1725 885 1725 923 1725 924 1726 923 1726 885 1726 924 1727 881 1727 923 1727 922 1728 923 1728 882 1728 539 1729 536 1729 509 1729 884 1730 442 1730 441 1730 886 1731 589 1731 809 1731 594 1732 862 1732 581 1732 592 1733 596 1733 785 1733 590 1734 579 1734 782 1734 888 1735 761 1735 593 1735 887 1736 757 1736 591 1736 889 1737 598 1737 848 1737 588 1738 748 1738 583 1738 597 1739 744 1739 575 1739 580 1740 601 1740 743 1740 541 1741 564 1741 586 1741 551 1742 604 1742 566 1742 539 1743 404 1743 403 1743 541 1744 738 1744 542 1744 551 1745 545 1745 628 1745 513 1746 518 1746 570 1746 534 1747 821 1747 880 1747 535 1748 883 1748 858 1748 611 1749 526 1749 557 1749 619 1750 553 1750 529 1750 512 1751 607 1751 562 1751 611 1752 568 1752 527 1752 619 1753 531 1753 612 1753 537 1754 859 1754 877 1754 538 1755 876 1755 820 1755 922 1756 561 1756 885 1756 924 1757 885 1757 560 1757 540 1758 771 1758 552 1758 544 1759 555 1759 791 1759 608 1760 851 1760 884 1760 608 1761 532 1761 567 1761 571 1762 565 1762 533 1762 921 1763 506 1763 327 1763 920 1764 210 1764 503 1764 571 1765 572 1765 854 1765 920 1766 559 1766 609 1766 921 1767 609 1767 558 1767 541 1768 586 1768 738 1768 551 1769 628 1769 604 1769 924 1770 520 1770 881 1770 922 1771 882 1771 524 1771 924 1772 560 1772 520 1772 922 1773 524 1773 561 1773 920 1774 503 1774 559 1774 921 1775 558 1775 506 1775 571 1776 533 1776 572 1776 608 1777 884 1777 532 1777 925 1778 926 1778 927 1778 928 1779 929 1779 930 1779 931 1780 932 1780 933 1780 934 1781 658 1781 657 1781 928 1782 935 1782 936 1782 937 1783 933 1783 932 1783 925 1784 938 1784 926 1784 928 1785 939 1785 929 1785 940 1786 941 1786 929 1786 942 1787 878 1787 823 1787 928 1788 936 1788 943 1788 944 1789 945 1789 946 1789 947 1790 948 1790 949 1790 950 1791 951 1791 952 1791 953 1792 954 1792 955 1792 956 1793 957 1793 958 1793 959 1794 960 1794 961 1794 942 1795 962 1795 963 1795 964 1796 965 1796 966 1796 950 1797 952 1797 967 1797 942 1798 823 1798 962 1798 968 1799 965 1799 964 1799 934 1800 657 1800 969 1800 970 1801 675 1801 827 1801 971 1802 972 1802 973 1802 971 1803 973 1803 974 1803 975 1804 963 1804 962 1804 976 1805 843 1805 664 1805 977 1806 955 1806 954 1806 956 1807 978 1807 979 1807 980 1808 821 1808 820 1808 981 1809 929 1809 941 1809 982 1810 983 1810 984 1810 944 1811 946 1811 985 1811 956 1812 958 1812 978 1812 986 1813 948 1813 947 1813 987 1814 988 1814 989 1814 990 1815 991 1815 992 1815 969 1816 665 1816 993 1816 994 1817 995 1817 996 1817 997 1818 992 1818 991 1818 994 1819 825 1819 873 1819 973 1820 998 1820 974 1820 999 1821 927 1821 1000 1821 991 1822 1001 1822 1002 1822 1003 1823 1004 1823 1005 1823 1006 1824 1007 1824 1008 1824 1009 1825 1002 1825 1010 1825 929 1826 939 1826 1011 1826 1012 1827 1013 1827 1014 1827 1015 1828 974 1828 998 1828 1012 1829 1016 1829 1013 1829 1017 1830 942 1830 959 1830 1018 1831 1019 1831 1020 1831 959 1832 961 1832 1021 1832 1018 1833 1022 1833 1019 1833 1023 1834 986 1834 1024 1834 1025 1835 1026 1835 1027 1835 959 1836 963 1836 960 1836 1028 1837 1029 1837 1030 1837 1031 1838 979 1838 978 1838 1016 1839 1006 1839 1008 1839 1032 1840 1003 1840 1005 1840 940 1841 929 1841 1011 1841 1033 1842 1017 1842 959 1842 1034 1843 1030 1843 1029 1843 969 1844 657 1844 665 1844 1023 1845 948 1845 986 1845 1035 1846 1036 1846 1037 1846 946 1847 1038 1847 1039 1847 948 1848 1037 1848 1040 1848 1041 1849 1042 1849 1038 1849 1026 1850 1043 1850 1027 1850 946 1851 945 1851 1044 1851 1045 1852 1000 1852 1046 1852 1045 1853 1047 1853 1048 1853 943 1854 1010 1854 1049 1854 1007 1855 1050 1855 1008 1855 927 1856 1051 1856 1000 1856 927 1857 926 1857 1052 1857 1002 1858 1001 1858 1053 1858 1002 1859 1054 1859 1010 1859 1004 1860 1055 1860 1005 1860 939 1861 1056 1861 1011 1861 939 1862 943 1862 1057 1862 953 1863 1058 1863 954 1863 934 1864 1059 1864 658 1864 1060 1865 1061 1865 1062 1865 1063 1866 1064 1866 1065 1866 1066 1867 1048 1867 1067 1867 1066 1868 1045 1868 1048 1868 1068 1869 949 1869 1069 1869 1068 1870 1070 1870 1004 1870 1071 1871 956 1871 1072 1871 980 1872 1072 1872 821 1872 1019 1873 1022 1873 998 1873 1073 1874 1074 1874 1075 1874 970 1875 827 1875 1076 1875 970 1876 1077 1876 675 1876 1078 1877 1079 1877 926 1877 1080 1878 1081 1878 1082 1878 976 1879 1083 1879 843 1879 976 1880 664 1880 955 1880 1015 1881 998 1881 1022 1881 1084 1882 1075 1882 1074 1882 1085 1883 1065 1883 1064 1883 1071 1884 957 1884 956 1884 987 1885 967 1885 988 1885 1086 1886 1006 1886 1016 1886 1087 1887 1088 1887 1089 1887 1090 1888 984 1888 983 1888 1091 1889 1072 1889 956 1889 1060 1890 1092 1890 1061 1890 936 1891 935 1891 1093 1891 1094 1892 1095 1892 1096 1892 994 1893 1097 1893 995 1893 936 1894 1010 1894 943 1894 970 1895 1076 1895 1098 1895 981 1896 930 1896 929 1896 1099 1897 949 1897 1068 1897 1100 1898 1101 1898 1102 1898 1103 1899 1003 1899 1032 1899 1017 1900 878 1900 942 1900 1100 1901 1104 1901 1101 1901 994 1902 996 1902 825 1902 1105 1903 1000 1903 1045 1903 994 1904 873 1904 1106 1904 1107 1905 1097 1905 1106 1905 1025 1906 1027 1906 1007 1906 1108 1907 1098 1907 1076 1907 1109 1908 1110 1908 1111 1908 959 1909 942 1909 963 1909 1112 1910 989 1910 988 1910 928 1911 943 1911 939 1911 1113 1912 1066 1912 1067 1912 1109 1913 1013 1913 1110 1913 1023 1914 1035 1914 1037 1914 1114 1915 1038 1915 946 1915 1023 1916 1037 1916 948 1916 1114 1917 1041 1917 1038 1917 1115 1918 1068 1918 1004 1918 1099 1919 947 1919 949 1919 1116 1920 1078 1920 926 1920 1117 1921 1009 1921 1010 1921 1025 1922 1082 1922 1081 1922 1087 1923 1104 1923 1088 1923 1118 1924 1117 1924 1119 1924 969 1925 993 1925 1120 1925 1121 1926 999 1926 1000 1926 1122 1927 1123 1927 1124 1927 1082 1928 1007 1928 1006 1928 1125 1929 1126 1929 1103 1929 1127 1930 980 1930 820 1930 1103 1931 1128 1931 1129 1931 934 1932 1130 1932 1059 1932 1131 1933 983 1933 982 1933 1132 1934 975 1934 962 1934 1066 1935 1133 1935 1134 1935 994 1936 1106 1936 1097 1936 1105 1937 1066 1937 1134 1937 1012 1938 1135 1938 1016 1938 1136 1939 996 1939 995 1939 1137 1940 1138 1940 1139 1940 1103 1941 1129 1941 1003 1941 953 1942 808 1942 1058 1942 1140 1943 1058 1943 808 1943 1141 1944 1094 1944 1096 1944 1117 1945 1010 1945 936 1945 1063 1946 1142 1946 1064 1946 1118 1947 1009 1947 1117 1947 925 1948 927 1948 999 1948 1143 1949 1144 1949 947 1949 1145 1950 938 1950 1146 1950 1147 1951 999 1951 1121 1951 1014 1952 1078 1952 1148 1952 1143 1953 1149 1953 1144 1953 1145 1954 1146 1954 1150 1954 1151 1955 941 1955 1152 1955 945 1956 1153 1956 1044 1956 1113 1957 1067 1957 1154 1957 1089 1958 1155 1958 1156 1958 1157 1959 1158 1959 1141 1959 1159 1960 1160 1960 1161 1960 1148 1961 1162 1961 1163 1961 1024 1962 1164 1962 1165 1962 1044 1963 1153 1963 1166 1963 1167 1964 1168 1964 1169 1964 1089 1965 1169 1965 1155 1965 947 1966 1144 1966 1170 1966 945 1967 1171 1967 1172 1967 945 1968 1172 1968 1153 1968 1166 1969 1173 1969 1174 1969 938 1970 1175 1970 1146 1970 1105 1971 1045 1971 1066 1971 1089 1972 1167 1972 1169 1972 1145 1973 1150 1973 1162 1973 992 1974 1176 1974 1177 1974 1143 1975 1161 1975 1149 1975 1178 1976 1151 1976 1152 1976 1179 1977 1180 1977 1181 1977 1163 1978 1162 1978 1182 1978 1160 1979 1183 1979 1161 1979 1093 1980 1184 1980 1119 1980 1156 1981 1185 1981 1171 1981 1161 1982 1186 1982 1149 1982 1119 1983 1187 1983 1188 1983 1171 1984 1189 1984 1172 1984 1162 1985 1150 1985 1190 1985 941 1986 1191 1986 1152 1986 1153 1987 1173 1987 1166 1987 1165 1988 1192 1988 1154 1988 1065 1989 795 1989 798 1989 1076 1990 827 1990 819 1990 962 1991 823 1991 813 1991 993 1992 665 1992 822 1992 974 1993 847 1993 879 1993 1193 1994 875 1994 846 1994 1072 1995 880 1995 821 1995 989 1996 860 1996 869 1996 935 1997 1194 1997 1093 1997 1083 1998 844 1998 843 1998 1139 1999 793 1999 855 1999 996 2000 826 2000 825 2000 1075 2001 883 2001 882 2001 951 2002 849 2002 871 2002 1096 2003 876 2003 865 2003 932 2004 811 2004 810 2004 1124 2005 838 2005 837 2005 1059 2006 833 2006 658 2006 1195 2007 815 2007 863 2007 1154 2008 1196 2008 1197 2008 1145 2009 1162 2009 1148 2009 1030 2010 806 2010 805 2010 984 2011 812 2011 790 2011 1106 2012 873 2012 861 2012 979 2013 923 2013 881 2013 1188 2014 1176 2014 992 2014 1143 2015 1159 2015 1161 2015 955 2016 664 2016 663 2016 1198 2017 877 2017 859 2017 1022 2018 829 2018 828 2018 1092 2019 772 2019 835 2019 965 2020 800 2020 796 2020 1077 2021 676 2021 675 2021 1191 2022 1179 2022 1181 2022 1135 2023 1199 2023 1200 2023 1128 2024 1201 2024 1202 2024 1203 2025 1135 2025 1204 2025 1164 2026 1205 2026 1165 2026 1126 2027 1206 2027 1128 2027 1170 2028 1207 2028 1164 2028 930 2029 1208 2029 935 2029 1169 2030 1209 2030 1155 2030 1183 2031 1186 2031 1161 2031 1210 2032 999 2032 1147 2032 1182 2033 1162 2033 1190 2033 1168 2034 1211 2034 1169 2034 1185 2035 1189 2035 1171 2035 1184 2036 1187 2036 1119 2036 1174 2037 1212 2037 1126 2037 1144 2038 1213 2038 1170 2038 1214 2039 1203 2039 1215 2039 1199 2040 1163 2040 1182 2040 1202 2041 1183 2041 1160 2041 1175 2042 1210 2042 1216 2042 1134 2043 1217 2043 1121 2043 1194 2044 1184 2044 1093 2044 1177 2045 1218 2045 1168 2045 1173 2046 1219 2046 1174 2046 1180 2047 1214 2047 1220 2047 1146 2048 1175 2048 1221 2048 1192 2049 1196 2049 1154 2049 1155 2050 1185 2050 1156 2050 1217 2051 1147 2051 1121 2051 1176 2052 1222 2052 1177 2052 1204 2053 1135 2053 1200 2053 1206 2054 1201 2054 1128 2054 1181 2055 1180 2055 1223 2055 1205 2056 1192 2056 1165 2056 1172 2057 1224 2057 1153 2057 1149 2058 1225 2058 1144 2058 1150 2059 1146 2059 1226 2059 1133 2060 1227 2060 1134 2060 1207 2061 1205 2061 1164 2061 1208 2062 1194 2062 935 2062 1211 2063 1209 2063 1169 2063 1187 2064 1228 2064 1188 2064 1212 2065 1206 2065 1126 2065 1215 2066 1203 2066 1204 2066 1213 2067 1207 2067 1170 2067 1152 2068 1191 2068 1229 2068 1186 2069 1230 2069 1149 2069 1189 2070 1231 2070 1172 2070 1190 2071 1150 2071 1232 2071 1197 2072 1233 2072 1133 2072 1218 2073 1211 2073 1168 2073 1219 2074 1212 2074 1174 2074 1220 2075 1214 2075 1215 2075 1234 2076 1208 2076 930 2076 1221 2077 1175 2077 1216 2077 1222 2078 1218 2078 1177 2078 1223 2079 1180 2079 1220 2079 1224 2080 1173 2080 1153 2080 1228 2081 1176 2081 1188 2081 1225 2082 1213 2082 1144 2082 1196 2083 1235 2083 1197 2083 1226 2084 1146 2084 1221 2084 1200 2085 1199 2085 1236 2085 1000 2086 1051 2086 1046 2086 1001 2087 1102 2087 1053 2087 985 2088 1039 2088 1101 2088 926 2089 1079 2089 1052 2089 1005 2090 1055 2090 1042 2090 1008 2091 1050 2091 1110 2091 1010 2092 1054 2092 1049 2092 1048 2093 1047 2093 1036 2093 949 2094 1040 2094 1069 2094 1011 2095 1056 2095 1043 2095 1229 2096 1191 2096 1181 2096 1201 2097 1237 2097 1202 2097 1227 2098 1217 2098 1134 2098 1045 2099 1046 2099 1047 2099 943 2100 1049 2100 1057 2100 1007 2101 1027 2101 1050 2101 927 2102 1052 2102 1051 2102 1021 2103 1238 2103 1239 2103 1002 2104 1053 2104 1054 2104 1004 2105 1070 2105 1055 2105 939 2106 1057 2106 1056 2106 1209 2107 1240 2107 1155 2107 1231 2108 1224 2108 1172 2108 1178 2109 1152 2109 1241 2109 1232 2110 1150 2110 1226 2110 1233 2111 1227 2111 1133 2111 1230 2112 1225 2112 1149 2112 1236 2113 1199 2113 1182 2113 1237 2114 1183 2114 1202 2114 1242 2115 1239 2115 1243 2115 1244 2116 1230 2116 1186 2116 1245 2117 1190 2117 1232 2117 1216 2118 1210 2118 1246 2118 960 2119 1184 2119 1194 2119 1243 2120 1238 2120 1234 2120 957 2121 1231 2121 1189 2121 1130 2122 1247 2122 1248 2122 1249 2123 1228 2123 1187 2123 1250 2124 1237 2124 1251 2124 978 2125 1240 2125 1252 2125 1035 2126 1048 2126 1036 2126 1241 2127 1152 2127 1229 2127 946 2128 1039 2128 985 2128 1240 2129 1185 2129 1155 2129 1246 2130 1210 2130 1147 2130 1013 2131 1008 2131 1110 2131 1253 2132 1254 2132 1236 2132 1255 2133 1173 2133 1224 2133 1104 2134 985 2134 1101 2134 948 2135 1040 2135 949 2135 1256 2136 1204 2136 1200 2136 1041 2137 1005 2137 1042 2137 1257 2138 1235 2138 1196 2138 1248 2139 1192 2139 1205 2139 1026 2140 1011 2140 1043 2140 1255 2141 1219 2141 1173 2141 1235 2142 1233 2142 1197 2142 1251 2143 1237 2143 1201 2143 1258 2144 1220 2144 1215 2144 1259 2145 1206 2145 1212 2145 954 2146 1260 2146 1261 2146 983 2147 1228 2147 1249 2147 1262 2148 1222 2148 1176 2148 1262 2149 1176 2149 1228 2149 1263 2150 1224 2150 1231 2150 1254 2151 1200 2151 1236 2151 1264 2152 1239 2152 1242 2152 1265 2153 1232 2153 1226 2153 1266 2154 1207 2154 1213 2154 1267 2155 1211 2155 1218 2155 1261 2156 1268 2156 1246 2156 1269 2157 1233 2157 1235 2157 1270 2158 1241 2158 1229 2158 1239 2159 1238 2159 1243 2159 1271 2160 1181 2160 1223 2160 1252 2161 1240 2161 1209 2161 1272 2162 1225 2162 1230 2162 1238 2163 1208 2163 1234 2163 1271 2164 1229 2164 1181 2164 1273 2165 1250 2165 1251 2165 1274 2166 1221 2166 1216 2166 1020 2167 1254 2167 1253 2167 1275 2168 1217 2168 1227 2168 1058 2169 1260 2169 954 2169 1255 2170 1224 2170 1263 2170 1260 2171 1268 2171 1261 2171 1268 2172 1216 2172 1246 2172 1122 2173 964 2173 1123 2173 1138 2174 1222 2174 1262 2174 1123 2175 1244 2175 1276 2175 1276 2176 1244 2176 1186 2176 1256 2177 1200 2177 1254 2177 1276 2178 1186 2178 1183 2178 1277 2179 1219 2179 1255 2179 1067 2180 1048 2180 1035 2180 1262 2181 1228 2181 983 2181 1278 2182 1182 2182 1190 2182 1016 2183 1008 2183 1013 2183 1278 2184 1190 2184 1245 2184 1279 2185 1187 2185 1184 2185 940 2186 1011 2186 1026 2186 1032 2187 1005 2187 1041 2187 952 2188 1278 2188 1245 2188 1280 2189 1196 2189 1192 2189 958 2190 1189 2190 1185 2190 1271 2191 1270 2191 1229 2191 1280 2192 1257 2192 1196 2192 1279 2193 1249 2193 1187 2193 958 2194 957 2194 1189 2194 1281 2195 1201 2195 1206 2195 1282 2196 1205 2196 1207 2196 1283 2197 1209 2197 1211 2197 1268 2198 1274 2198 1216 2198 1284 2199 1215 2199 1204 2199 1281 2200 1251 2200 1201 2200 1276 2201 1183 2201 1237 2201 1278 2202 1236 2202 1182 2202 961 2203 1238 2203 1021 2203 963 2204 1279 2204 960 2204 1282 2205 1130 2205 1248 2205 1283 2206 1252 2206 1209 2206 1279 2207 1184 2207 960 2207 1285 2208 1223 2208 1220 2208 1286 2209 1212 2209 1219 2209 1287 2210 1218 2210 1222 2210 1276 2211 1237 2211 1250 2211 1280 2212 1192 2212 1248 2212 1278 2213 1253 2213 1236 2213 958 2214 1185 2214 1240 2214 933 2215 1270 2215 1271 2215 1247 2216 1280 2216 1248 2216 1123 2217 1276 2217 1250 2217 1095 2218 1263 2218 1288 2218 964 2219 966 2219 1244 2219 961 2220 1194 2220 1208 2220 1125 2221 1103 2221 1032 2221 958 2222 1240 2222 978 2222 1284 2223 1204 2223 1256 2223 972 2224 1285 2224 1258 2224 967 2225 1245 2225 988 2225 1281 2226 1206 2226 1259 2226 961 2227 960 2227 1194 2227 1289 2228 1226 2228 1221 2228 1282 2229 1248 2229 1205 2229 1282 2230 1207 2230 1266 2230 1285 2231 1220 2231 1258 2231 1158 2232 1286 2232 1277 2232 1290 2233 1213 2233 1225 2233 952 2234 1253 2234 1278 2234 1283 2235 1211 2235 1267 2235 1284 2236 1258 2236 1215 2236 1074 2237 1283 2237 1267 2237 998 2238 1284 2238 1256 2238 1287 2239 1222 2239 1138 2239 1288 2240 1231 2240 957 2240 1287 2241 1267 2241 1218 2241 1286 2242 1259 2242 1212 2242 1286 2243 1219 2243 1277 2243 1064 2244 1266 2244 1290 2244 988 2245 1245 2245 1232 2245 1288 2246 1263 2246 1231 2246 1289 2247 1265 2247 1226 2247 966 2248 1230 2248 1244 2248 1029 2249 1269 2249 1235 2249 1097 2250 1289 2250 1274 2250 988 2251 1232 2251 1265 2251 1029 2252 1235 2252 1257 2252 1290 2253 1266 2253 1213 2253 1289 2254 1221 2254 1274 2254 966 2255 1272 2255 1230 2255 1290 2256 1225 2256 1272 2256 1291 2257 1275 2257 1292 2257 961 2258 1208 2258 1238 2258 1292 2259 1233 2259 1269 2259 1292 2260 1227 2260 1233 2260 931 2261 1271 2261 1223 2261 1292 2262 1275 2262 1227 2262 1094 2263 1263 2263 1095 2263 931 2264 933 2264 1271 2264 995 2265 1097 2265 1274 2265 931 2266 1223 2266 1285 2266 1293 2267 1147 2267 1217 2267 1094 2268 1277 2268 1255 2268 995 2269 1268 2269 1260 2269 1123 2270 964 2270 1244 2270 995 2271 1274 2271 1268 2271 1094 2272 1255 2272 1263 2272 952 2273 1245 2273 967 2273 1062 2274 1281 2274 1259 2274 1293 2275 1246 2275 1147 2275 1294 2276 1282 2276 1266 2276 1294 2277 1130 2277 1282 2277 1295 2278 1154 2278 1067 2278 1031 2279 978 2279 1252 2279 1142 2280 1294 2280 1064 2280 1131 2281 1139 2281 1138 2281 1293 2282 1261 2282 1246 2282 1109 2283 1078 2283 1014 2283 975 2284 1249 2284 1279 2284 1086 2285 1016 2285 1135 2285 975 2286 1279 2286 963 2286 1293 2287 1217 2287 1275 2287 1294 2288 1266 2288 1064 2288 1060 2289 1158 2289 1092 2289 1296 2290 1291 2290 1292 2290 1297 2291 1261 2291 1293 2291 1296 2292 1292 2292 1269 2292 1297 2293 1293 2293 1275 2293 1298 2294 1086 2294 1203 2294 1297 2295 954 2295 1261 2295 1141 2296 1277 2296 1094 2296 1297 2297 1275 2297 1291 2297 944 2298 1171 2298 945 2298 1120 2299 1257 2299 1280 2299 1107 2300 1289 2300 1097 2300 925 2301 1175 2301 938 2301 1080 2302 1179 2302 1081 2302 1068 2303 1069 2303 1070 2303 1085 2304 1299 2304 1065 2304 1028 2305 1269 2305 1029 2305 1127 2306 1096 2306 1095 2306 925 2307 999 2307 1210 2307 1151 2308 1243 2308 1234 2308 990 2309 1168 2309 1167 2309 990 2310 992 2310 1177 2310 969 2311 1120 2311 1247 2311 1300 2312 1059 2312 1130 2312 1178 2313 1243 2313 1151 2313 1301 2314 1157 2314 1141 2314 1178 2315 1242 2315 1243 2315 1302 2316 932 2316 931 2316 1107 2317 1265 2317 1289 2317 1141 2318 1158 2318 1277 2318 1116 2319 926 2319 938 2319 1120 2320 1280 2320 1247 2320 980 2321 1095 2321 1288 2321 1303 2322 1124 2322 1123 2322 1304 2323 1273 2323 1251 2323 986 2324 1164 2324 1024 2324 986 2325 947 2325 1170 2325 1304 2326 1281 2326 1062 2326 973 2327 972 2327 1258 2327 1304 2328 1062 2328 1193 2328 1019 2329 1254 2329 1020 2329 973 2330 1284 2330 998 2330 1019 2331 998 2331 1256 2331 1098 2332 1178 2332 1241 2332 1305 2333 941 2333 940 2333 1028 2334 1296 2334 1269 2334 1078 2335 1111 2335 1079 2335 944 2336 1156 2336 1171 2336 1306 2337 990 2337 1167 2337 925 2338 1210 2338 1175 2338 1091 2339 956 2339 979 2339 1060 2340 1062 2340 1259 2340 1307 2341 1299 2341 1085 2341 1085 2342 1064 2342 1290 2342 997 2343 991 2343 1002 2343 997 2344 1002 2344 1009 2344 1308 2345 1273 2345 1304 2345 1060 2346 1286 2346 1158 2346 1309 2347 1239 2347 1264 2347 1310 2348 1032 2348 1041 2348 977 2349 954 2349 1297 2349 1125 2350 1032 2350 1310 2350 1099 2351 1143 2351 947 2351 977 2352 1297 2352 1291 2352 990 2353 1177 2353 1168 2353 1073 2354 1075 2354 1031 2354 981 2355 1234 2355 930 2355 1157 2356 1092 2356 1158 2356 1063 2357 814 2357 1142 2357 1311 2358 1142 2358 814 2358 1113 2359 1154 2359 1197 2359 934 2360 1247 2360 1130 2360 1312 2361 1107 2361 1106 2361 1012 2362 1199 2362 1135 2362 1087 2363 1089 2363 1156 2363 981 2364 941 2364 1151 2364 1118 2365 1119 2365 1188 2365 1295 2366 1035 2366 1024 2366 1313 2367 1029 2367 1257 2367 1061 2368 1193 2368 1062 2368 1298 2369 1006 2369 1086 2369 1129 2370 1202 2370 1160 2370 1304 2371 1251 2371 1281 2371 1298 2372 1214 2372 1080 2372 1302 2373 972 2373 1314 2373 1098 2374 1242 2374 1178 2374 1312 2375 860 2375 989 2375 1132 2376 962 2376 813 2376 982 2377 793 2377 1139 2377 1299 2378 795 2378 1065 2378 1015 2379 847 2379 974 2379 1061 2380 875 2380 1193 2380 1314 2381 811 2381 932 2381 928 2382 930 2382 935 2382 1137 2383 1139 2383 855 2383 1312 2384 1106 2384 861 2384 982 2385 984 2385 790 2385 1132 2386 812 2386 984 2386 1295 2387 1165 2387 1154 2387 1090 2388 983 2388 1249 2388 1015 2389 1022 2389 828 2389 1061 2390 1092 2390 835 2390 1299 2391 965 2391 796 2391 1137 2392 877 2392 1198 2392 1116 2393 938 2393 1145 2393 1315 2394 676 2394 1077 2394 1125 2395 1174 2395 1126 2395 1080 2396 1214 2396 1180 2396 1314 2397 857 2397 811 2397 1312 2398 861 2398 860 2398 982 2399 790 2399 793 2399 1132 2400 813 2400 812 2400 1299 2401 796 2401 795 2401 1015 2402 828 2402 847 2402 1061 2403 835 2403 875 2403 1137 2404 855 2404 877 2404 1315 2405 856 2405 676 2405 1131 2406 1138 2406 1262 2406 1316 2407 1074 2407 1267 2407 1317 2408 859 2408 858 2408 1318 2409 871 2409 839 2409 1306 2410 991 2410 990 2410 1115 2411 1160 2411 1159 2411 1318 2412 951 2412 871 2412 1317 2413 1198 2413 859 2413 1319 2414 844 2414 1083 2414 1319 2415 1030 2415 805 2415 1087 2416 985 2416 1104 2416 1112 2417 988 2417 1265 2417 1073 2418 1283 2418 1074 2418 1073 2419 1031 2419 1252 2419 1313 2420 1034 2420 1029 2420 1105 2421 1121 2421 1000 2421 1320 2422 1004 2422 1003 2422 973 2423 1258 2423 1284 2423 1302 2424 1285 2424 972 2424 1306 2425 1088 2425 1001 2425 1100 2426 1001 2426 1088 2426 1303 2427 1123 2427 1250 2427 976 2428 955 2428 977 2428 1308 2429 846 2429 845 2429 986 2430 1170 2430 1164 2430 1321 2431 824 2431 815 2431 971 2432 1314 2432 972 2432 1017 2433 863 2433 878 2433 987 2434 869 2434 850 2434 1090 2435 975 2435 1132 2435 1019 2436 1256 2436 1254 2436 1319 2437 805 2437 844 2437 937 2438 932 2438 810 2438 1308 2439 1304 2439 1193 2439 1122 2440 837 2440 817 2440 971 2441 974 2441 879 2441 1071 2442 980 2442 1288 2442 1023 2443 1024 2443 1035 2443 1091 2444 880 2444 1072 2444 1091 2445 979 2445 881 2445 1322 2446 1031 2446 1075 2446 1309 2447 1264 2447 1321 2447 1071 2448 1072 2448 980 2448 1298 2449 1203 2449 1214 2449 1099 2450 1068 2450 1159 2450 1305 2451 1191 2451 941 2451 1018 2452 829 2452 1022 2452 937 2453 1315 2453 933 2453 1088 2454 1167 2454 1089 2454 1085 2455 1290 2455 1272 2455 1308 2456 1193 2456 846 2456 1319 2457 1028 2457 1030 2457 1127 2458 876 2458 1096 2458 1087 2459 944 2459 985 2459 1323 2460 1098 2460 1241 2460 950 2461 849 2461 951 2461 1321 2462 815 2462 1195 2462 1324 2463 838 2463 1124 2463 1017 2464 1195 2464 863 2464 1157 2465 772 2465 1092 2465 987 2466 989 2466 869 2466 1295 2467 1067 2467 1035 2467 1060 2468 1259 2468 1286 2468 1323 2469 970 2469 1098 2469 1325 2470 1076 2470 819 2470 968 2471 800 2471 965 2471 1127 2472 1095 2472 980 2472 1103 2473 1126 2473 1128 2473 1084 2474 883 2474 1075 2474 1326 2475 977 2475 1291 2475 1316 2476 1317 2476 1074 2476 953 2477 663 2477 808 2477 1327 2478 993 2478 822 2478 1322 2479 1075 2479 882 2479 1327 2480 806 2480 1030 2480 1322 2481 923 2481 979 2481 1140 2482 808 2482 826 2482 937 2483 810 2483 856 2483 1301 2484 1096 2484 865 2484 1063 2485 798 2485 814 2485 1113 2486 1133 2486 1066 2486 1311 2487 814 2487 833 2487 1122 2488 1124 2488 837 2488 1309 2489 1021 2489 1239 2489 1108 2490 1242 2490 1098 2490 1326 2491 976 2491 977 2491 1322 2492 979 2492 1031 2492 968 2493 1122 2493 817 2493 1307 2494 966 2494 965 2494 1116 2495 1145 2495 1148 2495 971 2496 879 2496 857 2496 1328 2497 1270 2497 933 2497 1129 2498 1160 2498 1320 2498 950 2499 987 2499 850 2499 1086 2500 1135 2500 1203 2500 1115 2501 1320 2501 1160 2501 1329 2502 952 2502 951 2502 1323 2503 1241 2503 1270 2503 1091 2504 881 2504 880 2504 1328 2505 933 2505 1315 2505 1324 2506 1308 2506 845 2506 1327 2507 1034 2507 993 2507 1327 2508 1030 2508 1034 2508 1329 2509 1020 2509 1253 2509 1301 2510 1141 2510 1096 2510 1306 2511 1001 2511 991 2511 937 2512 856 2512 1315 2512 1325 2513 824 2513 1321 2513 1018 2514 839 2514 829 2514 971 2515 857 2515 1314 2515 1018 2516 1318 2516 839 2516 1018 2517 1020 2517 1318 2517 1081 2518 940 2518 1026 2518 950 2519 967 2519 987 2519 934 2520 969 2520 1247 2520 1324 2521 1273 2521 1308 2521 968 2522 964 2522 1122 2522 1117 2523 1093 2523 1119 2523 981 2524 1151 2524 1234 2524 1127 2525 820 2525 876 2525 1325 2526 1321 2526 1264 2526 1033 2527 959 2527 1021 2527 1113 2528 1197 2528 1133 2528 1116 2529 1148 2529 1078 2529 950 2530 850 2530 849 2530 1136 2531 995 2531 1260 2531 1014 2532 1148 2532 1163 2532 1114 2533 946 2533 1044 2533 1157 2534 864 2534 772 2534 1324 2535 845 2535 838 2535 1084 2536 1317 2536 858 2536 1012 2537 1014 2537 1163 2537 1084 2538 1074 2538 1317 2538 1330 2539 1083 2539 1326 2539 1099 2540 1159 2540 1143 2540 1307 2541 1272 2541 966 2541 1302 2542 931 2542 1285 2542 1131 2543 982 2543 1139 2543 1012 2544 1163 2544 1199 2544 1326 2545 1083 2545 976 2545 1309 2546 1321 2546 1195 2546 1329 2547 1253 2547 952 2547 1090 2548 1132 2548 984 2548 1118 2549 1188 2549 992 2549 1025 2550 1007 2550 1082 2550 1112 2551 1107 2551 1312 2551 1071 2552 1288 2552 957 2552 1131 2553 1262 2553 983 2553 1033 2554 1195 2554 1017 2554 1307 2555 1085 2555 1272 2555 1329 2556 1318 2556 1020 2556 968 2557 817 2557 800 2557 1325 2558 819 2558 824 2558 1090 2559 1249 2559 975 2559 1316 2560 1267 2560 1287 2560 1129 2561 1128 2561 1202 2561 1300 2562 1130 2562 1294 2562 1084 2563 858 2563 883 2563 1108 2564 1076 2564 1325 2564 1300 2565 1294 2565 1142 2565 1136 2566 1260 2566 1058 2566 1073 2567 1252 2567 1283 2567 1298 2568 1080 2568 1082 2568 1323 2569 1077 2569 970 2569 953 2570 955 2570 663 2570 1331 2571 1198 2571 1316 2571 1313 2572 993 2572 1034 2572 1117 2573 936 2573 1093 2573 1313 2574 1120 2574 993 2574 1140 2575 826 2575 996 2575 1305 2576 1179 2576 1191 2576 1298 2577 1082 2577 1006 2577 1063 2578 1065 2578 798 2578 1295 2579 1024 2579 1165 2579 1331 2580 1316 2580 1287 2580 1087 2581 1156 2581 944 2581 1112 2582 1265 2582 1107 2582 1322 2583 882 2583 923 2583 1080 2584 1180 2584 1179 2584 1311 2585 833 2585 1059 2585 1112 2586 1312 2586 989 2586 1310 2587 1044 2587 1166 2587 1125 2588 1310 2588 1166 2588 1105 2589 1134 2589 1121 2589 1301 2590 865 2590 864 2590 1326 2591 1291 2591 1296 2591 1125 2592 1166 2592 1174 2592 1327 2593 822 2593 806 2593 1331 2594 1138 2594 1137 2594 1303 2595 1250 2595 1273 2595 1100 2596 1102 2596 1001 2596 1108 2597 1264 2597 1242 2597 1302 2598 1314 2598 932 2598 1331 2599 1287 2599 1138 2599 1303 2600 1324 2600 1124 2600 1313 2601 1257 2601 1120 2601 1316 2602 1198 2602 1317 2602 1301 2603 864 2603 1157 2603 1115 2604 1004 2604 1320 2604 1330 2605 1326 2605 1296 2605 1307 2606 965 2606 1299 2606 1129 2607 1320 2607 1003 2607 1115 2608 1159 2608 1068 2608 997 2609 1118 2609 992 2609 1033 2610 1021 2610 1309 2610 1033 2611 1309 2611 1195 2611 1306 2612 1167 2612 1088 2612 1330 2613 1296 2613 1028 2613 1025 2614 1081 2614 1026 2614 1329 2615 951 2615 1318 2615 1108 2616 1325 2616 1264 2616 1109 2617 1111 2617 1078 2617 1100 2618 1088 2618 1104 2618 1310 2619 1114 2619 1044 2619 1331 2620 1137 2620 1198 2620 1330 2621 1319 2621 1083 2621 1310 2622 1041 2622 1114 2622 1328 2623 1315 2623 1077 2623 1303 2624 1273 2624 1324 2624 1328 2625 1323 2625 1270 2625 1330 2626 1028 2626 1319 2626 1305 2627 1081 2627 1179 2627 1300 2628 1142 2628 1311 2628 1136 2629 1058 2629 1140 2629 1328 2630 1077 2630 1323 2630 1305 2631 940 2631 1081 2631 1109 2632 1014 2632 1013 2632 997 2633 1009 2633 1118 2633 1136 2634 1140 2634 996 2634 1300 2635 1311 2635 1059 2635 1332 2636 1333 2636 1334 2636 1335 2637 1336 2637 1337 2637 1338 2638 1335 2638 1337 2638 1339 2639 1340 2639 1341 2639 1342 2640 1343 2640 1344 2640 1333 2641 1345 2641 1334 2641 1346 2642 1339 2642 1341 2642 1343 2643 1347 2643 1344 2643 1348 2644 1349 2644 1350 2644 1351 2645 1348 2645 1350 2645 1352 2646 1349 2646 1353 2646 1354 2647 1355 2647 1356 2647 1343 2648 1357 2648 1347 2648 1358 2649 1347 2649 1357 2649 1348 2650 1353 2650 1349 2650 1333 2651 1359 2651 1345 2651 1339 2652 1360 2652 1340 2652 1361 2653 1345 2653 1359 2653 1362 2654 1340 2654 1360 2654 1363 2655 1364 2655 1365 2655 1366 2656 1356 2656 1355 2656 1367 2657 1364 2657 1368 2657 1369 2658 1365 2658 1364 2658 1370 2659 1371 2659 1372 2659 1366 2660 1373 2660 1356 2660 1342 2661 1344 2661 1371 2661 1367 2662 1368 2662 1373 2662 1374 2663 1373 2663 1368 2663 1374 2664 1356 2664 1373 2664 1358 2665 1357 2665 1341 2665 1363 2666 1368 2666 1364 2666 1361 2667 1359 2667 1372 2667 1338 2668 1337 2668 1360 2668 1335 2669 1365 2669 1336 2669 1369 2670 1336 2670 1365 2670 1362 2671 1360 2671 1337 2671 1346 2672 1341 2672 1357 2672 1375 2673 1372 2673 1371 2673 1351 2674 1350 2674 1334 2674 1375 2675 1371 2675 1344 2675 1332 2676 1334 2676 1350 2676 1370 2677 1372 2677 1359 2677 1376 2678 1353 2678 1377 2678 1378 2679 1379 2679 1355 2679 1352 2680 1353 2680 1376 2680 1354 2681 1378 2681 1355 2681 1356 2682 1380 2682 1381 2682 1344 2683 1111 2683 1110 2683 1364 2684 1069 2684 1040 2684 1336 2685 1037 2685 1036 2685 1373 2686 1055 2686 1070 2686 1355 2687 1038 2687 1042 2687 1357 2688 1382 2688 1383 2688 1360 2689 1384 2689 1385 2689 1371 2690 1386 2690 1387 2690 1365 2691 1388 2691 1389 2691 1368 2692 1390 2692 1391 2692 1334 2693 1056 2693 1057 2693 1372 2694 1050 2694 1027 2694 1341 2695 1051 2695 1052 2695 1337 2696 1036 2696 1047 2696 1353 2697 1054 2697 1053 2697 1359 2698 1392 2698 1393 2698 1350 2699 1394 2699 1395 2699 1337 2700 1336 2700 1036 2700 1347 2701 1111 2701 1344 2701 1349 2702 1394 2702 1350 2702 1340 2703 1051 2703 1341 2703 1345 2704 1056 2704 1334 2704 1345 2705 1043 2705 1056 2705 1347 2706 1079 2706 1111 2706 1340 2707 1046 2707 1051 2707 1349 2708 1396 2708 1394 2708 1354 2709 1356 2709 1381 2709 1352 2710 1396 2710 1349 2710 1377 2711 1053 2711 1102 2711 1379 2712 1039 2712 1038 2712 1378 2713 1397 2713 1398 2713 1376 2714 1399 2714 1400 2714 1335 2715 1388 2715 1365 2715 1375 2716 1050 2716 1372 2716 1339 2717 1384 2717 1360 2717 1369 2718 1364 2718 1040 2718 1348 2719 1054 2719 1353 2719 1375 2720 1344 2720 1110 2720 1332 2721 1350 2721 1395 2721 1338 2722 1360 2722 1385 2722 1351 2723 1334 2723 1057 2723 1366 2724 1355 2724 1042 2724 1367 2725 1069 2725 1364 2725 1369 2726 1037 2726 1336 2726 1366 2727 1055 2727 1373 2727 1374 2728 1368 2728 1391 2728 1367 2729 1373 2729 1070 2729 1363 2730 1365 2730 1389 2730 1363 2731 1390 2731 1368 2731 1361 2732 1372 2732 1027 2732 1333 2733 1392 2733 1359 2733 1346 2734 1357 2734 1383 2734 1358 2735 1341 2735 1052 2735 1343 2736 1382 2736 1357 2736 1362 2737 1337 2737 1047 2737 1370 2738 1359 2738 1393 2738 1342 2739 1371 2739 1387 2739 1374 2740 1380 2740 1356 2740 1370 2741 1386 2741 1371 2741 1358 2742 1079 2742 1347 2742 1361 2743 1043 2743 1345 2743 1362 2744 1046 2744 1340 2744 1377 2745 1353 2745 1053 2745 1379 2746 1038 2746 1355 2746 1401 2747 1402 2747 1403 2747 1404 2748 1403 2748 1402 2748 1354 2749 1381 2749 1397 2749 1352 2750 1400 2750 1396 2750 1348 2751 1049 2751 1054 2751 1335 2752 1405 2752 1388 2752 1342 2753 1406 2753 1343 2753 1332 2754 1407 2754 1333 2754 1343 2755 1406 2755 1382 2755 1339 2756 1408 2756 1384 2756 1333 2757 1407 2757 1392 2757 1375 2758 1110 2758 1050 2758 1358 2759 1052 2759 1079 2759 1338 2760 1385 2760 1405 2760 1369 2761 1040 2761 1037 2761 1363 2762 1389 2762 1390 2762 1346 2763 1408 2763 1339 2763 1338 2764 1405 2764 1335 2764 1362 2765 1047 2765 1046 2765 1351 2766 1049 2766 1348 2766 1351 2767 1057 2767 1049 2767 1332 2768 1395 2768 1407 2768 1342 2769 1387 2769 1406 2769 1361 2770 1027 2770 1043 2770 1370 2771 1393 2771 1386 2771 1346 2772 1383 2772 1408 2772 1367 2773 1070 2773 1069 2773 1374 2774 1391 2774 1380 2774 1366 2775 1042 2775 1055 2775 1376 2776 1377 2776 1404 2776 1378 2777 1401 2777 1379 2777 1409 2778 1101 2778 1039 2778 1410 2779 1411 2779 1399 2779 1412 2780 1398 2780 1411 2780 1413 2781 1102 2781 1101 2781 1354 2782 1397 2782 1378 2782 1352 2783 1376 2783 1400 2783 1409 2784 1403 2784 1101 2784 1410 2785 1402 2785 1411 2785 1412 2786 1411 2786 1402 2786 1413 2787 1101 2787 1403 2787 1413 2788 1377 2788 1102 2788 1409 2789 1039 2789 1379 2789 1412 2790 1378 2790 1398 2790 1410 2791 1399 2791 1376 2791 1413 2792 1404 2792 1377 2792 1409 2793 1379 2793 1401 2793 1412 2794 1401 2794 1378 2794 1410 2795 1376 2795 1404 2795 1409 2796 1401 2796 1403 2796 1410 2797 1404 2797 1402 2797 1412 2798 1402 2798 1401 2798 1413 2799 1403 2799 1404 2799 1414 2800 1415 2800 1416 2800 1417 2801 1418 2801 1419 2801 1414 2802 1420 2802 1415 2802 1421 2803 1389 2803 1388 2803 1420 2804 1419 2804 1418 2804 1422 2805 1423 2805 1424 2805 1422 2806 1424 2806 1425 2806 1426 2807 1427 2807 1428 2807 1429 2808 1430 2808 1431 2808 1432 2809 1431 2809 1430 2809 1426 2810 1428 2810 1433 2810 1421 2811 1434 2811 1435 2811 1421 2812 1436 2812 1389 2812 1437 2813 1438 2813 1425 2813 1437 2814 1425 2814 1424 2814 1421 2815 1435 2815 1436 2815 1439 2816 1416 2816 1415 2816 1421 2817 1388 2817 1440 2817 1441 2818 1442 2818 1443 2818 1444 2819 1428 2819 1427 2819 1437 2820 1443 2820 1442 2820 1434 2821 1445 2821 1446 2821 1434 2822 1447 2822 1445 2822 1448 2823 1449 2823 1450 2823 1423 2824 1449 2824 1448 2824 1448 2825 1450 2825 1451 2825 1452 2826 1453 2826 1418 2826 1452 2827 1454 2827 1453 2827 1452 2828 1455 2828 1454 2828 1427 2829 1381 2829 1380 2829 1436 2830 1390 2830 1389 2830 1442 2831 1384 2831 1408 2831 1431 2832 1387 2832 1386 2832 1425 2833 1383 2833 1382 2833 1456 2834 1393 2834 1392 2834 1419 2835 1396 2835 1400 2835 1457 2836 1405 2836 1385 2836 1416 2837 1407 2837 1395 2837 1458 2838 1411 2838 1398 2838 1420 2839 1418 2839 1415 2839 1418 2840 1453 2840 1415 2840 1452 2841 1459 2841 1455 2841 1459 2842 1428 2842 1455 2842 1449 2843 1460 2843 1450 2843 1415 2844 1453 2844 1460 2844 1428 2845 1446 2845 1455 2845 1460 2846 1453 2846 1450 2846 1446 2847 1445 2847 1455 2847 1453 2848 1454 2848 1450 2848 1455 2849 1445 2849 1454 2849 1450 2850 1454 2850 1451 2850 1454 2851 1445 2851 1451 2851 1448 2852 1451 2852 1461 2852 1445 2853 1447 2853 1451 2853 1451 2854 1447 2854 1461 2854 1434 2855 1462 2855 1447 2855 1461 2856 1447 2856 1443 2856 1432 2857 1423 2857 1463 2857 1447 2858 1462 2858 1443 2858 1421 2859 1462 2859 1434 2859 1464 2860 1458 2860 1433 2860 1464 2861 1433 2861 1459 2861 1430 2862 1456 2862 1439 2862 1422 2863 1425 2863 1382 2863 1422 2864 1382 2864 1406 2864 1424 2865 1423 2865 1448 2865 1443 2866 1462 2866 1457 2866 1465 2867 1418 2867 1417 2867 1433 2868 1428 2868 1459 2868 1444 2869 1446 2869 1428 2869 1463 2870 1423 2870 1422 2870 1441 2871 1443 2871 1457 2871 1466 2872 1417 2872 1419 2872 1424 2873 1448 2873 1461 2873 1429 2874 1456 2874 1430 2874 1467 2875 1390 2875 1436 2875 1467 2876 1391 2876 1390 2876 1437 2877 1461 2877 1443 2877 1468 2878 1439 2878 1456 2878 1439 2879 1415 2879 1460 2879 1465 2880 1452 2880 1418 2880 1430 2881 1439 2881 1460 2881 1464 2882 1417 2882 1469 2882 1430 2883 1460 2883 1449 2883 1435 2884 1434 2884 1446 2884 1462 2885 1440 2885 1457 2885 1469 2886 1417 2886 1466 2886 1432 2887 1463 2887 1431 2887 1467 2888 1435 2888 1444 2888 1466 2889 1400 2889 1399 2889 1466 2890 1419 2890 1400 2890 1426 2891 1381 2891 1427 2891 1426 2892 1397 2892 1381 2892 1414 2893 1395 2893 1394 2893 1414 2894 1416 2894 1395 2894 1432 2895 1430 2895 1449 2895 1440 2896 1388 2896 1405 2896 1440 2897 1405 2897 1457 2897 1441 2898 1385 2898 1384 2898 1441 2899 1457 2899 1385 2899 1468 2900 1456 2900 1392 2900 1429 2901 1431 2901 1386 2901 1438 2902 1442 2902 1408 2902 1438 2903 1408 2903 1383 2903 1468 2904 1392 2904 1407 2904 1429 2905 1386 2905 1393 2905 1468 2906 1407 2906 1416 2906 1438 2907 1383 2907 1425 2907 1429 2908 1393 2908 1456 2908 1441 2909 1384 2909 1442 2909 1469 2910 1399 2910 1411 2910 1470 2911 1419 2911 1420 2911 1471 2912 1380 2912 1391 2912 1463 2913 1406 2913 1387 2913 1469 2914 1411 2914 1458 2914 1470 2915 1396 2915 1419 2915 1472 2916 1458 2916 1398 2916 1421 2917 1440 2917 1462 2917 1471 2918 1427 2918 1380 2918 1468 2919 1416 2919 1439 2919 1437 2920 1442 2920 1438 2920 1444 2921 1435 2921 1446 2921 1467 2922 1436 2922 1435 2922 1463 2923 1387 2923 1431 2923 1472 2924 1433 2924 1458 2924 1471 2925 1467 2925 1444 2925 1470 2926 1394 2926 1396 2926 1472 2927 1398 2927 1397 2927 1432 2928 1449 2928 1423 2928 1465 2929 1459 2929 1452 2929 1464 2930 1469 2930 1458 2930 1463 2931 1422 2931 1406 2931 1437 2932 1424 2932 1461 2932 1471 2933 1391 2933 1467 2933 1469 2934 1466 2934 1399 2934 1471 2935 1444 2935 1427 2935 1470 2936 1420 2936 1414 2936 1470 2937 1414 2937 1394 2937 1472 2938 1426 2938 1433 2938 1472 2939 1397 2939 1426 2939 1465 2940 1464 2940 1459 2940 1465 2941 1417 2941 1464 2941</p>
        </triangles>
      </mesh>
    </geometry>
  </library_geometries>
  <library_materials>
    <material id="mat_Mesh" name="Mesh">
      <instance_effect url="#effect_Mesh" />
    </material>
  </library_materials>
  <library_visual_scenes>
    <visual_scene id="myscene">
      <node id="node0" name="node0">
        <instance_geometry url="#geometry0">
          <bind_material>
            <technique_common>
              <instance_material symbol="ref_Mesh" target="#mat_Mesh" />
            </technique_common>
          </bind_material>
        </instance_geometry>
      </node>
    </visual_scene>
  </library_visual_scenes>
  <scene>
    <instance_visual_scene url="#myscene" />
  </scene>
</COLLADA>
