<COLLADA xmlns="http://www.collada.org/2005/11/COLLADASchema" version="1.4.1">
  <asset>
    <contributor/>
    <created>2023-11-17T11:06:59.505789</created>
    <modified>2023-11-17T11:06:59.505801</modified>
    <unit name="meter" meter="1.0"/>
    <up_axis>Z_UP</up_axis>
  </asset>
  <library_effects>
    <effect id="effect_Mesh" name="effect_Mesh">
      <profile_COMMON>
        <technique sid="common">
          <phong>
            <emission>
              <color>0.0 0.0 0.0 1.0</color>
            </emission>
            <ambient>
              <color>0.0 0.0 0.0 1.0</color>
            </ambient>
            <diffuse>
              <color>0.9882352948188782 0.7098039388656616 0.0784313753247261 1.0</color>
            </diffuse>
            <specular>
              <color>1 1 1 1.0</color>
            </specular>
            <shininess>
              <float>0.0</float>
            </shininess>
            <reflective>
              <color>0.0 0.0 0.0 1.0</color>
            </reflective>
            <reflectivity>
              <float>0.0</float>
            </reflectivity>
            <transparent>
              <color>0.0 0.0 0.0 1.0</color>
            </transparent>
            <transparency>
              <float>1.0</float>
            </transparency>
          </phong>
        </technique>
        <extra>
          <technique profile="GOOGLEEARTH">
            <double_sided>0</double_sided>
          </technique>
        </extra>
      </profile_COMMON>
    </effect>
    <effect id="effect_Mesh001" name="effect_Mesh001">
      <profile_COMMON>
        <technique sid="common">
          <phong>
            <emission>
              <color>0.0 0.0 0.0 1.0</color>
            </emission>
            <ambient>
              <color>0.0 0.0 0.0 1.0</color>
            </ambient>
            <diffuse>
              <color>0.9882352948188782 0.7098039388656616 0.0784313753247261 1.0</color>
            </diffuse>
            <specular>
              <color>1 1 1 1.0</color>
            </specular>
            <shininess>
              <float>0.0</float>
            </shininess>
            <reflective>
              <color>0.0 0.0 0.0 1.0</color>
            </reflective>
            <reflectivity>
              <float>0.0</float>
            </reflectivity>
            <transparent>
              <color>0.0 0.0 0.0 1.0</color>
            </transparent>
            <transparency>
              <float>1.0</float>
            </transparency>
          </phong>
        </technique>
        <extra>
          <technique profile="GOOGLEEARTH">
            <double_sided>0</double_sided>
          </technique>
        </extra>
      </profile_COMMON>
    </effect>
    <effect id="effect_Mesh002" name="effect_Mesh002">
      <profile_COMMON>
        <technique sid="common">
          <phong>
            <emission>
              <color>0.0 0.0 0.0 1.0</color>
            </emission>
            <ambient>
              <color>0.0 0.0 0.0 1.0</color>
            </ambient>
            <diffuse>
              <color>0.9882352948188782 0.7098039388656616 0.0784313753247261 1.0</color>
            </diffuse>
            <specular>
              <color>1 1 1 1.0</color>
            </specular>
            <shininess>
              <float>0.0</float>
            </shininess>
            <reflective>
              <color>0.0 0.0 0.0 1.0</color>
            </reflective>
            <reflectivity>
              <float>0.0</float>
            </reflectivity>
            <transparent>
              <color>0.0 0.0 0.0 1.0</color>
            </transparent>
            <transparency>
              <float>1.0</float>
            </transparency>
          </phong>
        </technique>
        <extra>
          <technique profile="GOOGLEEARTH">
            <double_sided>0</double_sided>
          </technique>
        </extra>
      </profile_COMMON>
    </effect>
    <effect id="effect_Mesh003" name="effect_Mesh003">
      <profile_COMMON>
        <technique sid="common">
          <phong>
            <emission>
              <color>0.0 0.0 0.0 1.0</color>
            </emission>
            <ambient>
              <color>0.0 0.0 0.0 1.0</color>
            </ambient>
            <diffuse>
              <color>0.05882352963089943 0.05882352963089943 0.05882352963089943 1.0</color>
            </diffuse>
            <specular>
              <color>1 1 1 1.0</color>
            </specular>
            <shininess>
              <float>0.0</float>
            </shininess>
            <reflective>
              <color>0.0 0.0 0.0 1.0</color>
            </reflective>
            <reflectivity>
              <float>0.0</float>
            </reflectivity>
            <transparent>
              <color>0.0 0.0 0.0 1.0</color>
            </transparent>
            <transparency>
              <float>1.0</float>
            </transparency>
          </phong>
        </technique>
        <extra>
          <technique profile="GOOGLEEARTH">
            <double_sided>0</double_sided>
          </technique>
        </extra>
      </profile_COMMON>
    </effect>
    <effect id="effect_Mesh004" name="effect_Mesh004">
      <profile_COMMON>
        <technique sid="common">
          <phong>
            <emission>
              <color>0.0 0.0 0.0 1.0</color>
            </emission>
            <ambient>
              <color>0.0 0.0 0.0 1.0</color>
            </ambient>
            <diffuse>
              <color>0.05882352963089943 0.05882352963089943 0.05882352963089943 1.0</color>
            </diffuse>
            <specular>
              <color>1 1 1 1.0</color>
            </specular>
            <shininess>
              <float>0.0</float>
            </shininess>
            <reflective>
              <color>0.0 0.0 0.0 1.0</color>
            </reflective>
            <reflectivity>
              <float>0.0</float>
            </reflectivity>
            <transparent>
              <color>0.0 0.0 0.0 1.0</color>
            </transparent>
            <transparency>
              <float>1.0</float>
            </transparency>
          </phong>
        </technique>
        <extra>
          <technique profile="GOOGLEEARTH">
            <double_sided>0</double_sided>
          </technique>
        </extra>
      </profile_COMMON>
    </effect>
    <effect id="effect_Mesh005" name="effect_Mesh005">
      <profile_COMMON>
        <technique sid="common">
          <phong>
            <emission>
              <color>0.0 0.0 0.0 1.0</color>
            </emission>
            <ambient>
              <color>0.0 0.0 0.0 1.0</color>
            </ambient>
            <diffuse>
              <color>0.800000011920929 0.800000011920929 0.800000011920929 1.0</color>
            </diffuse>
            <specular>
              <color>1 1 1 1.0</color>
            </specular>
            <shininess>
              <float>0.0</float>
            </shininess>
            <reflective>
              <color>0.0 0.0 0.0 1.0</color>
            </reflective>
            <reflectivity>
              <float>0.0</float>
            </reflectivity>
            <transparent>
              <color>0.0 0.0 0.0 1.0</color>
            </transparent>
            <transparency>
              <float>1.0</float>
            </transparency>
          </phong>
        </technique>
        <extra>
          <technique profile="GOOGLEEARTH">
            <double_sided>0</double_sided>
          </technique>
        </extra>
      </profile_COMMON>
    </effect>
    <effect id="effect_Mesh006" name="effect_Mesh006">
      <profile_COMMON>
        <technique sid="common">
          <phong>
            <emission>
              <color>0.0 0.0 0.0 1.0</color>
            </emission>
            <ambient>
              <color>0.0 0.0 0.0 1.0</color>
            </ambient>
            <diffuse>
              <color>0.800000011920929 0.800000011920929 0.800000011920929 1.0</color>
            </diffuse>
            <specular>
              <color>1 1 1 1.0</color>
            </specular>
            <shininess>
              <float>0.0</float>
            </shininess>
            <reflective>
              <color>0.0 0.0 0.0 1.0</color>
            </reflective>
            <reflectivity>
              <float>0.0</float>
            </reflectivity>
            <transparent>
              <color>0.0 0.0 0.0 1.0</color>
            </transparent>
            <transparency>
              <float>1.0</float>
            </transparency>
          </phong>
        </technique>
        <extra>
          <technique profile="GOOGLEEARTH">
            <double_sided>0</double_sided>
          </technique>
        </extra>
      </profile_COMMON>
    </effect>
    <effect id="effect_Mesh007" name="effect_Mesh007">
      <profile_COMMON>
        <technique sid="common">
          <phong>
            <emission>
              <color>0.0 0.0 0.0 1.0</color>
            </emission>
            <ambient>
              <color>0.0 0.0 0.0 1.0</color>
            </ambient>
            <diffuse>
              <color>0.800000011920929 0.800000011920929 0.800000011920929 1.0</color>
            </diffuse>
            <specular>
              <color>1 1 1 1.0</color>
            </specular>
            <shininess>
              <float>0.0</float>
            </shininess>
            <reflective>
              <color>0.0 0.0 0.0 1.0</color>
            </reflective>
            <reflectivity>
              <float>0.0</float>
            </reflectivity>
            <transparent>
              <color>0.0 0.0 0.0 1.0</color>
            </transparent>
            <transparency>
              <float>1.0</float>
            </transparency>
          </phong>
        </technique>
        <extra>
          <technique profile="GOOGLEEARTH">
            <double_sided>0</double_sided>
          </technique>
        </extra>
      </profile_COMMON>
    </effect>
    <effect id="effect_Mesh008" name="effect_Mesh008">
      <profile_COMMON>
        <technique sid="common">
          <phong>
            <emission>
              <color>0.0 0.0 0.0 1.0</color>
            </emission>
            <ambient>
              <color>0.0 0.0 0.0 1.0</color>
            </ambient>
            <diffuse>
              <color>0.20000000298023224 0.20000000298023224 0.20000000298023224 1.0</color>
            </diffuse>
            <specular>
              <color>1 1 1 1.0</color>
            </specular>
            <shininess>
              <float>0.0</float>
            </shininess>
            <reflective>
              <color>0.0 0.0 0.0 1.0</color>
            </reflective>
            <reflectivity>
              <float>0.0</float>
            </reflectivity>
            <transparent>
              <color>0.0 0.0 0.0 1.0</color>
            </transparent>
            <transparency>
              <float>1.0</float>
            </transparency>
          </phong>
        </technique>
        <extra>
          <technique profile="GOOGLEEARTH">
            <double_sided>0</double_sided>
          </technique>
        </extra>
      </profile_COMMON>
    </effect>
    <effect id="effect_Mesh009" name="effect_Mesh009">
      <profile_COMMON>
        <technique sid="common">
          <phong>
            <emission>
              <color>0.0 0.0 0.0 1.0</color>
            </emission>
            <ambient>
              <color>0.0 0.0 0.0 1.0</color>
            </ambient>
            <diffuse>
              <color>0.05882352963089943 0.05882352963089943 0.05882352963089943 1.0</color>
            </diffuse>
            <specular>
              <color>1 1 1 1.0</color>
            </specular>
            <shininess>
              <float>0.0</float>
            </shininess>
            <reflective>
              <color>0.0 0.0 0.0 1.0</color>
            </reflective>
            <reflectivity>
              <float>0.0</float>
            </reflectivity>
            <transparent>
              <color>0.0 0.0 0.0 1.0</color>
            </transparent>
            <transparency>
              <float>1.0</float>
            </transparency>
          </phong>
        </technique>
        <extra>
          <technique profile="GOOGLEEARTH">
            <double_sided>0</double_sided>
          </technique>
        </extra>
      </profile_COMMON>
    </effect>
    <effect id="effect_Mesh010" name="effect_Mesh010">
      <profile_COMMON>
        <technique sid="common">
          <phong>
            <emission>
              <color>0.0 0.0 0.0 1.0</color>
            </emission>
            <ambient>
              <color>0.0 0.0 0.0 1.0</color>
            </ambient>
            <diffuse>
              <color>0.7372549176216125 0.0 0.0 1.0</color>
            </diffuse>
            <specular>
              <color>1 1 1 1.0</color>
            </specular>
            <shininess>
              <float>0.0</float>
            </shininess>
            <reflective>
              <color>0.0 0.0 0.0 1.0</color>
            </reflective>
            <reflectivity>
              <float>0.0</float>
            </reflectivity>
            <transparent>
              <color>0.0 0.0 0.0 1.0</color>
            </transparent>
            <transparency>
              <float>1.0</float>
            </transparency>
          </phong>
        </technique>
        <extra>
          <technique profile="GOOGLEEARTH">
            <double_sided>0</double_sided>
          </technique>
        </extra>
      </profile_COMMON>
    </effect>
    <effect id="effect_Mesh011" name="effect_Mesh011">
      <profile_COMMON>
        <technique sid="common">
          <phong>
            <emission>
              <color>0.0 0.0 0.0 1.0</color>
            </emission>
            <ambient>
              <color>0.0 0.0 0.0 1.0</color>
            </ambient>
            <diffuse>
              <color>1.0 1.0 1.0 1.0</color>
            </diffuse>
            <specular>
              <color>1 1 1 1.0</color>
            </specular>
            <shininess>
              <float>0.0</float>
            </shininess>
            <reflective>
              <color>0.0 0.0 0.0 1.0</color>
            </reflective>
            <reflectivity>
              <float>0.0</float>
            </reflectivity>
            <transparent>
              <color>0.0 0.0 0.0 1.0</color>
            </transparent>
            <transparency>
              <float>1.0</float>
            </transparency>
          </phong>
        </technique>
        <extra>
          <technique profile="GOOGLEEARTH">
            <double_sided>0</double_sided>
          </technique>
        </extra>
      </profile_COMMON>
    </effect>
    <effect id="effect_Mesh012" name="effect_Mesh012">
      <profile_COMMON>
        <technique sid="common">
          <phong>
            <emission>
              <color>0.0 0.0 0.0 1.0</color>
            </emission>
            <ambient>
              <color>0.0 0.0 0.0 1.0</color>
            </ambient>
            <diffuse>
              <color>0.20000000298023224 0.20000000298023224 0.20000000298023224 1.0</color>
            </diffuse>
            <specular>
              <color>1 1 1 1.0</color>
            </specular>
            <shininess>
              <float>0.0</float>
            </shininess>
            <reflective>
              <color>0.0 0.0 0.0 1.0</color>
            </reflective>
            <reflectivity>
              <float>0.0</float>
            </reflectivity>
            <transparent>
              <color>0.0 0.0 0.0 1.0</color>
            </transparent>
            <transparency>
              <float>1.0</float>
            </transparency>
          </phong>
        </technique>
        <extra>
          <technique profile="GOOGLEEARTH">
            <double_sided>0</double_sided>
          </technique>
        </extra>
      </profile_COMMON>
    </effect>
  </library_effects>
  <library_geometries>
    <geometry id="geometry0" name="Mesh">
      <mesh>
        <source id="cubeverts-array0">
          <float_array count="2682" id="cubeverts-array0-array">0.01165067 0.01501006 0.04873327 0.01160102 0.01504847 0.04451423 0.009658449 0.01636226 0.04873327 0.01165066 0.01501007 0.04451423 0.01524336 0.01134329 0.04873326 0.01450885 0.01226878 0.04655495 0.0135436 0.0133269 0.04873326 0.01345439 0.01341518 0.04521735 0.0144673 0.0123176 0.04297751 0.01341004 0.01345954 0.04521735 0.01539184 0.01114096 0.04073198 0.01340951 0.01345901 0.04073198 0.01888613 0.002070496 0.04873326 0.01898167 0.000807089 0.04685247 0.01887293 0.002195084 0.04685247 0.01899943 -0.0001464189 0.04873326 0.01864818 -0.003633222 0.04873326 0.01886075 -0.002294572 0.04623528 0.01873094 -0.003184847 0.04873326 0.01888849 -0.002053994 0.04638033 0.0188354 -0.002494241 0.04603758 0.01881705 -0.002628969 0.04581511 0.01711344 -0.008252766 0.04873326 0.01774031 -0.006801703 0.04631981 0.01793881 -0.006259582 0.04873326 0.01784881 -0.006511737 0.04587044 0.01789137 -0.006393901 0.04562088 0.01795935 -0.006200404 0.04541687 0.01793881 -0.006259582 0.04541687 0.01793881 -0.006259582 0.04425208 0.01791245 -0.006334595 0.04398575 0.01795935 -0.006200404 0.04425208 0.01879051 -0.00281232 0.04276695 0.01864818 -0.003633223 0.04073197 0.01880858 -0.002688885 0.0421217 0.01883276 -0.002514027 0.04171436 0.0188619 -0.002285265 0.04142472 0.01890168 -0.001928892 0.04115383 0.01893598 -0.001556127 0.04097172 0.01515639 -0.01145658 0.04873326 0.01624676 -0.009849591 0.04668605 0.01535332 -0.01119131 0.04873326 0.01632758 -0.009715097 0.04268541 0.01702335 -0.008437016 0.04463885 0.01778489 -0.006684295 0.04333236 0.01714056 -0.0081963 0.04073197 0.01793881 -0.006259583 0.04073197 0.01332281 -0.01354499 0.04873326 0.01203946 -0.0146976 0.04756818 0.0133644 -0.01350395 0.04756818 0.01515639 -0.01145658 0.04073198 0.01553609 -0.01093622 0.04073198 0.01844388 0.004564591 0.04873326 0.01844388 0.004564592 0.04073197 0.01823108 0.00535184 0.04073197 0.01823108 0.005351839 0.04873326 0.01893096 -0.001616873 0.04652383 0.01539184 0.01114096 0.04437671 0.01679575 0.008884052 0.04073197 0.01679575 0.00888405 0.04873326 0.01716881 0.00813963 0.04873326 0.01716881 0.00813963 0.04073197 0.01787018 -0.006452855 0.04371943 0.01878188 -0.002869392 0.044238 0.01880522 -0.00271238 0.04556919 -0.004515614 0.0184555 0.06535001 -0.003924629 0.01858797 0.0598111 -0.005277148 0.01825016 0.0598111 -0.002072065 0.01888653 0.06535001 -0.002613993 0.01881776 0.0598111 -0.001353983 0.01895096 0.05981109 -0.000699165 0.01898695 0.06535001 -0.002784919 0.01879312 0.05704164 0.0001058827 0.01899919 0.05981109 0.0006773967 0.01898789 0.06535001 -0.001746983 0.01891855 0.05704163 0.001391113 0.01894832 0.05981109 -0.0007037789 0.01898644 0.05704164 0.002304617 0.01885897 0.05981109 0.003147034 0.01873737 0.06535001 0.0002465629 0.01899787 0.05704163 0.003575844 0.01865986 0.05981109 0.001196138 0.01896165 0.05704163 0.002431561 0.01884303 0.05704163 0.003112624 0.01874263 0.05704163 0.003789595 0.01861766 0.05704163 -0.001851854 0.01890852 0.03604165 -0.002303584 0.01885851 0.0318111 -0.003079438 0.01874693 0.03604165 -0.003934821 0.01858583 0.0318111 -0.0006141056 0.01898958 0.03604164 0.00136624 0.01895014 0.03493027 0.0006263161 0.01898911 0.03604164 0.002738863 0.01880085 0.03493027 0.005075678 0.01830897 0.03804955 0.003213711 0.01872558 0.03953127 -6.766023e-05 0.0189994 0.03107019 0.003470201 0.01867979 0.03381907 0.004509787 0.01845654 0.03381906 0.002052157 0.01888812 0.03032938 0.00131486 0.01895378 0.02335001 0.004039014 0.0185652 0.02335001 0.005535136 0.0181752 0.03381906 0.007619637 0.01740299 0.03612336 0.003454823 0.01868264 0.03032938 0.006657878 0.01779384 0.032041 0.00792871 0.01726418 0.03204099 0.005797666 0.01809303 0.029144 0.006422075 0.01788049 0.02335001 0.007432405 0.0174839 0.02914399 0.008702221 0.0168872 0.02335 0.00892674 0.01676956 0.02914399 0.009038408 0.01670963 0.03204099 0.002240602 -0.01886739 0.06535001 0.002429973 -0.01883798 0.05981109 0.003336719 -0.01869782 0.05981109 0.0008690186 -0.01898005 0.06535001 0.00151682 -0.01893457 0.05981109 0.003881134 -0.01859216 0.05704163 0.004552094 -0.0184393 0.05704163 -0.0005071186 -0.01899323 0.06535001 0.0005994015 -0.018987 0.05981109 0.003205051 -0.01872094 0.05704163 0.002523713 -0.01882555 0.05704163 -0.001882805 -0.01890642 0.06535001 -0.0006872689 -0.01898517 0.05981109 0.0018391 -0.01890556 0.05704163 0.0006008204 -0.01898696 0.05704163 -0.003248591 -0.01872018 0.06535001 -0.002426589 -0.01884232 0.05981109 -0.0007762728 -0.01898178 0.05704163 -0.005660252 -0.01813723 0.06535001 -0.004233243 -0.01851934 0.05981109 -0.002148439 -0.01887608 0.05704163 -0.00591381 -0.01805074 0.05981109 -0.003376318 -0.01869522 0.05704163 0.006303349 -0.01791773 0.03760552 0.007488774 -0.01745725 0.03337478 0.009204021 -0.01661875 0.03582718 0.009566837 -0.01641273 0.03204099 0.008468489 -0.01700484 0.03204099 0.006202844 -0.01795265 0.03337479 0.009301727 -0.0165643 0.02914399 0.004039512 -0.01855836 0.03938342 0.00397303 -0.01857273 0.03470849 0.00502211 -0.01831704 0.03337479 0.002623276 -0.01881183 0.03470849 0.001549814 -0.01893187 0.03604164 0.008764359 -0.0168545 0.02335 0.007819322 -0.01731219 0.02914399 0.006488251 -0.01785186 0.02335 0.000307737 -0.01899432 0.03604164 0.005507077 -0.01817744 0.03003319 0.004092309 -0.01854679 0.02335001 0.003817986 -0.01860527 0.03003319 0.001366783 -0.01894622 0.02335001 0.001385444 -0.01894484 0.03092233 -0.001102817 -0.01896577 0.02335001 -0.001075964 -0.0189673 0.0318111 -0.00230984 -0.01885702 0.03604164 -0.0009391382 -0.01897451 0.03604164 -0.003535483 -0.0186657 0.03604164 -0.002727927 -0.01880103 0.0318111 -0.003818948 -0.01860959 0.02335001 -0.004444489 -0.01846957 0.0318111 -0.01543044 0.01108596 0.06535001 -0.0157598 0.01060766 0.05883703 -0.01619367 0.009937838 0.06535001 -0.01652077 0.009378654 0.05883704 -0.01472007 0.01200859 0.05883703 -0.01368266 0.01318244 0.06535001 -0.009933375 0.01619573 0.06535001 -0.01044312 0.01587323 0.0635037 -0.01165132 0.01500533 0.06535002 -0.01381179 0.01304382 0.05883703 -0.01316511 0.01369723 0.05883703 -0.009064232 0.01669899 0.0635037 -0.008093536 0.01718738 0.06535002 -0.009813693 0.01626995 0.06258055 -0.01485063 0.01184672 0.05558055 -0.01214475 0.01461122 0.05883703 -0.01425464 0.01255783 0.05558055 -0.008619652 0.01693259 0.06258056 -0.007674941 0.01738052 0.06258055 -0.006336519 0.01791152 0.06535001 -0.01340473 0.01346241 0.05558055 -0.01239574 0.01439852 0.05558055 -0.01186549 0.01483926 0.05558055 -0.01131952 0.01526029 0.05558055 -0.01019449 0.01603409 0.05558055 -0.008628438 0.01692813 0.05699073 0.005897314 0.01806072 0.06258054 0.005816818 0.01808769 0.06535001 0.007503086 0.01745363 0.0635037 0.008125447 0.01717468 0.06535001 -0.002228235 0.0188676 0.05329813 -0.00288749 0.01877757 0.05329813 0.007188694 0.01758567 0.06258054 0.006077971 0.0180006 0.06073424 -0.002985689 0.01876214 0.05142637 -0.003454077 0.01868132 0.05142637 0.007289393 0.0175441 0.06119582 0.008811975 0.01683016 0.06258054 0.01052021 0.01582165 0.06535001 0.007921376 0.01726755 0.06119582 0.002788659 0.01879353 0.05427218 0.003509087 0.01867252 0.05427218 0.0003186639 0.0189968 0.05052867 0.003578201 0.01865941 0.05288745 0.004043724 0.01856417 0.05288745 -0.01490948 0.0117726 0.03458056 -0.01475894 0.01196082 0.03083705 -0.01584637 0.010478 0.03083705 -0.0143789 0.01241529 0.03458056 -0.01564216 0.01078035 0.02335003 -0.01409923 0.01273227 0.02335002 0.006070762 0.01800305 0.05288745 -0.01343643 0.01343075 0.03458056 -0.01360145 0.01326335 0.03083705 0.006799191 0.01774312 0.04873327 0.007303057 0.01753841 0.05150272 0.008259356 0.01711224 0.04873327 0.00681722 0.01773327 0.05288745 0.007926945 0.01726499 0.05288745 0.008513828 0.016983 0.05150272 -0.01223629 0.01453454 0.02617038 -0.01121688 0.01533599 0.02758056 -0.01211757 0.01463385 0.02335002 -0.01085125 0.015597 0.02617038 -0.01018878 0.01603774 0.02758056 -0.01011303 0.01608562 0.02335002 0.000686965 0.018987 0.03778646 -0.001620902 0.01892986 0.04046134 0.009474053 0.0164703 0.04428811 0.007022681 0.01765276 0.0434433 0.008161123 0.01715901 0.04651053 -0.009002985 0.0167321 0.02758056 -0.009377849 0.016525 0.02617038 -0.007931759 0.0172651 0.02335002 -0.009614383 0.01638853 0.03365741 -0.007893816 0.01728245 0.02758056 -0.005535075 0.01817373 0.0318111 0.006442657 0.01787306 0.04190969 0.005740704 0.01811121 0.0430209 0.00599072 0.0180299 0.04062298 0.007331811 0.01752639 0.04116883 0.008768593 0.01685282 0.04102321 0.01145138 0.01516266 0.04073198 0.008410751 0.01703432 0.03939076 0.008148929 0.01716122 0.03830163 0.0113409 0.01524154 0.03638649 0.01282604 0.0140132 0.03783498 0.01252667 0.01428197 0.03638649 0.01104027 0.01546065 0.026247 0.01107641 0.01543479 0.02817833 0.01207941 0.0146628 0.0276955 0.01104667 0.01545609 0.02335 0.01311118 0.01374623 0.0276955 0.01203047 0.01470303 0.026247 0.007038342 -0.01764826 0.06535001 0.008750448 -0.0168617 0.06258054 0.008298449 -0.01709191 0.06535001 0.009514981 -0.01644581 0.06535001 0.0123474 0.01443751 0.02528133 0.01296346 0.01388591 0.02335 0.01365255 0.01320762 0.026247 0.01466881 0.0120676 0.02335 0.005872187 -0.01806312 0.06258054 0.004678543 -0.01841491 0.06535001 0.007103705 -0.01761687 0.06119582 0.008361813 -0.01705743 0.06119582 0.009766721 -0.01630154 0.04873327 0.009433708 -0.01648955 0.05150272 0.008304688 -0.01708825 0.04873327 0.00926728 -0.01658358 0.05288745 0.007596476 -0.0174108 0.05150272 0.007238074 -0.0175623 0.05288745 0.006796329 -0.01774048 0.04873327 0.003116155 -0.01873601 0.05427218 0.004356081 -0.01848658 0.05288745 0.003749734 -0.01861916 0.05288745 0.002252146 -0.01886028 0.05427218 0.003072216 -0.01874331 0.05288745 -0.008222732 -0.01712851 0.06535001 -0.008339335 -0.01706413 0.06258054 -0.0106107 -0.01576112 0.06535001 -0.009832623 -0.01625052 0.0635037 -0.009436369 -0.01648336 0.06258054 0.01382913 -0.01302816 0.04073198 0.01302577 -0.01382916 0.03783498 0.01366623 -0.01319613 0.03783498 0.0123393 -0.01444656 0.04073198 0.01188598 -0.01482041 0.03909705 -0.01432223 -0.01248487 0.06535001 -0.0112101 -0.01533471 0.0635037 -0.01257385 -0.01424415 0.06535001 -0.01049296 -0.01583307 0.06258054 0.008765745 -0.01685487 0.04606697 0.007902883 -0.01727431 0.04294999 0.0106212 -0.01575207 0.04339957 0.009867088 -0.01623409 0.04057902 0.01165535 -0.01500242 0.03827958 0.01284623 -0.01399619 0.03638648 0.01260718 -0.01421198 0.03638649 -0.003276685 -0.01871299 0.05329812 0.00853161 -0.01697331 0.04050254 0.01181942 -0.01487354 0.03638649 0.009481907 -0.0164619 0.03916875 0.007463921 -0.01746785 0.04139149 0.006459019 -0.01786241 0.04272519 0.01098021 -0.01550322 0.03620005 0.009389573 -0.01651471 0.03805489 0.007080381 -0.01762624 0.0401295 -0.009307543 -0.01655634 0.05699073 -0.004507857 -0.01845411 0.05142637 -0.003836586 -0.01860593 0.05142637 -0.0128017 -0.01403409 0.05883703 -0.01087984 -0.01557033 0.05558055 -0.0137843 -0.01306975 0.05883703 -0.01197914 -0.0147425 0.05558055 -0.01439999 -0.01238797 0.05883703 -0.01250586 -0.01429844 0.05558055 0.01487362 -0.01181807 0.02335 0.013879 -0.012972 0.026247 0.01301313 -0.01384106 0.02335 -0.01301601 -0.01383546 0.05558055 -0.01597532 -0.01028539 0.06535001 -0.01520559 -0.01138502 0.05883703 -0.0138912 -0.01295604 0.05558055 0.01243464 -0.01436322 0.0276955 0.0123188 -0.0144627 0.026247 0.01334795 -0.01351823 0.02769549 -0.01667869 -0.009100477 0.06535001 -0.01618591 -0.00994306 0.05883703 0.001563716 -0.01893071 0.03771253 -0.001271919 -0.01895523 0.04041205 0.01255364 -0.01425931 0.02528133 0.01110024 -0.01541754 0.02335 -0.01479219 -0.01191698 0.05558055 0.01124034 -0.01531574 0.026247 0.01144058 -0.01516679 0.02817833 -0.01686256 -0.008745824 0.05883703 -0.01521413 -0.01137362 0.05558055 -0.00143817 -0.01894338 0.04259726 -0.003916374 -0.01858924 0.04092637 -0.003383516 -0.01869392 0.03929813 -0.004586733 -0.01843458 0.04092637 -0.01024883 -0.01599186 0.03365741 -0.01071926 -0.01568111 0.02758056 -0.009669864 -0.01634775 0.02758056 -0.008581712 -0.01694359 0.02758056 -0.01007834 -0.01609964 0.02617038 -0.008512444 -0.01697849 0.02335001 -0.0108759 -0.01557312 0.02335002 -0.01480225 -0.01190452 0.03458056 -0.01417934 -0.01263999 0.03083704 -0.01391271 -0.01293296 0.03458056 -0.01144274 -0.01516224 0.02617038 -0.0118249 -0.01486646 0.02758056 -0.01281194 -0.01402479 0.02335002 -0.01522817 -0.01135487 0.03083704 -0.01453274 -0.01223202 0.02335002 -0.01614466 -0.01000995 0.02335002 -0.01278524 -0.01404913 0.02617038 -0.01861291 0.003815576 0.06535001 -0.0185815 0.003944999 0.06317902 -0.01889622 0.001981949 0.06535001 -0.01899955 0.000129447 0.06535001 -0.01828437 0.005146068 0.06317901 -0.01795667 0.006209133 0.06535001 -0.01834879 0.004911854 0.06209353 -0.01784003 0.006522097 0.06317901 -0.01687176 0.00873747 0.06535001 -0.01808675 0.005802217 0.06209352 -0.0177821 0.006678676 0.06209352 -0.0184342 0.004581834 0.05509353 -0.01794173 0.006236537 0.05634136 -0.01873978 0.003113987 0.04451236 -0.01899959 0.0001294412 0.02335003 -0.01441509 0.0123732 0.05199938 -0.01496798 0.01169811 0.05199938 -0.01530548 0.01125301 0.0502088 -0.01566497 0.01074715 0.0502088 -0.01488778 0.01180002 0.0502088 -0.005614301 0.01814944 0.05794782 -0.01027428 0.01598307 0.05232407 -0.005782167 0.01809676 0.05701619 -0.009884624 0.01622696 0.05232407 -0.007518672 0.01744855 0.05466589 -0.01238326 0.01440927 0.0487429 -0.009293217 0.01657271 0.05232407 -0.005831571 0.01808093 0.05514443 -0.004829441 0.0183736 0.05577683 -0.006951705 0.01768151 0.05350346 -0.009436359 0.01649165 0.05069583 -0.006104458 0.01799083 0.05420855 -0.009135539 0.01666011 0.05069583 -0.008831718 0.01682305 0.05069583 -0.01843422 0.004581834 0.03409353 -0.008221398 0.01712928 0.05069583 -0.005047851 0.01831484 0.05390508 -0.006679946 0.01778569 0.05093934 -0.006131801 0.01798156 0.0458111 -0.01490255 0.01178137 0.0397088 -0.01501587 0.01163659 0.03799939 -0.01531875 0.01123497 0.03970881 -0.01443513 0.01234982 0.03799939 0.0002825831 0.01899737 0.05378515 0.01083941 0.01560208 0.06396527 0.01164023 0.01501661 0.06535001 -0.01796234 0.006176938 0.03300804 -0.01837311 0.004820437 0.02709354 0.006414446 0.01788322 0.0582725 0.009220362 0.01660991 0.05704163 -0.01891384 0.001793496 0.02335003 -0.01860747 0.003821541 0.0258457 -0.01868159 0.003443592 0.02335003 -0.0181437 0.005621748 0.02709354 -0.002950077 0.0187678 0.04816988 0.0003547128 0.01899615 0.04727218 -0.01835124 0.004902853 0.0258457 -0.01798089 0.006122712 0.02335003 0.006581843 0.01782216 0.05704163 -0.002932267 0.0187706 0.04654164 0.01269901 0.01413256 0.06535001 0.01224491 0.01452467 0.06258054 -0.01791398 0.006315972 0.0258457 -0.01787976 0.006412331 0.02709354 0.006660432 0.01779288 0.05565691 -0.003848122 0.01860399 0.04424114 0.001311832 0.01895399 0.04469188 -0.002458074 0.01883888 0.04525149 -0.001505333 0.01893946 0.04267119 0.01443078 0.01235921 0.06535001 0.01352459 0.01333886 0.06258054 -0.01014609 0.01606478 0.03832407 -0.00914925 0.0166526 0.03801636 -0.01146825 0.01514876 0.03458056 -0.009457006 0.01647983 0.04019583 -0.00891393 0.01677967 0.04019583 0.003601805 0.01865488 0.05071646 -0.003904893 0.01859214 0.04313622 0.01304829 0.01380606 0.06119582 0.01201419 0.01471635 0.06119582 0.002534485 0.01882947 0.04884471 0.003613605 0.0186526 0.04963097 -0.006347865 0.01790661 0.03850338 -0.01171306 0.01496007 0.03224723 -0.01243173 0.01436741 0.03458056 0.003631303 0.01864916 0.04800272 0.002862535 0.01878242 0.04689911 0.00410035 0.01855175 0.04671257 -0.006455555 0.01786816 0.03484952 3.306343e-05 0.01899948 0.04088793 0.00465147 0.01842134 0.04548201 0.01149896 0.01512263 0.05288745 0.003551458 0.01866452 0.04385639 0.0008607772 0.01897989 0.04110123 -0.00615047 0.0179752 0.03383672 0.000802847 0.01898243 0.0399963 0.01286157 0.01398053 0.05150272 0.01251038 0.01429626 0.05288745 -0.005460665 0.0181962 0.02546528 -0.005614864 0.01814929 0.02335002 0.01153814 0.01509275 0.03348949 0.01392177 0.01292306 0.03204099 0.01163602 0.01501739 0.03204099 0.01363203 -0.01323502 0.06535001 0.01435301 -0.01244521 0.06258054 0.01524013 -0.01134629 0.06535001 0.01610326 0.01007656 0.03783498 0.01145121 0.01515882 0.03075344 0.01548875 0.01099602 0.03638648 0.01572632 0.01065405 0.03638648 0.0165018 0.009411589 0.03783498 0.01315151 -0.01370955 0.06258054 0.01179146 -0.0148983 0.06535001 0.01388068 -0.01297019 0.06119582 0.01613348 0.01002823 0.03638648 0.01697309 0.008534966 0.03783498 0.01775483 0.006766651 0.04073197 0.01651582 0.009387027 0.03638648 0.01290585 -0.0139412 0.06119582 0.01595866 0.0103035 0.02769549 0.01420931 -0.0126091 0.05150272 0.01427789 -0.0125344 0.04873326 0.01358865 -0.01327605 0.05288745 0.01374792 -0.01311093 0.05150272 0.01606199 0.01014205 0.026247 0.01666372 0.009122684 0.02769549 0.01626377 0.009816076 0.02335 0.01233463 -0.01444919 0.05288745 0.01013784 -0.01606648 0.05704163 0.01334599 -0.01352016 0.05150272 0.01297607 -0.01387583 0.05288745 0.007328671 -0.01752482 0.05842636 0.0126708 -0.01415527 0.05150272 0.01285498 -0.01398815 0.05288745 0.01696613 0.008548743 0.026247 0.01751072 0.007371327 0.02335 0.007440706 -0.01747771 0.05704163 0.007373271 -0.01750617 0.0556569 0.01139654 -0.01519989 0.05081036 0.01076017 -0.01565667 0.05104114 0.01147288 -0.01514237 0.05011799 0.01060821 -0.01576146 0.04756818 0.01639576 -0.009599895 0.04073197 0.01663008 -0.009186227 0.03783498 0.01600119 -0.0102412 0.03783498 0.0151372 -0.01147863 0.03928348 0.01635341 -0.009669601 0.03638648 0.01579491 -0.01055616 0.03638648 -0.0006038746 -0.01898796 0.05487064 -0.0005176566 -0.01899046 0.05378515 0.00332713 -0.01869954 0.04963097 -0.0002592639 -0.01899557 0.05052866 -6.708095e-07 -0.01899712 0.04727218 -0.0004315335 -0.01899256 0.05269965 -0.006258906 -0.01793352 0.05794782 0.003454362 -0.01867637 0.04800272 0.004119332 -0.01854079 0.04668793 -0.006430604 -0.01787244 0.05701618 -0.005395942 -0.01821301 0.05577683 0.0049086 -0.01834772 0.04536702 0.002758092 -0.01879239 0.04688268 0.001355211 -0.01894706 0.04464259 -0.00638298 -0.01788957 0.05514443 -0.005764495 -0.0180992 0.05390507 0.003944082 -0.0185789 0.04368389 -0.00697181 -0.01766773 0.05420855 0.0172817 -0.007893079 0.02335 0.01679656 -0.00887843 0.026247 0.01629108 -0.009774125 0.02335 0.01588731 -0.01041677 0.02769549 0.01412737 -0.0127009 0.03204099 0.01193461 -0.01478129 0.03348949 -0.008327404 -0.01706996 0.05466588 -0.007826622 -0.0173054 0.05350346 0.01602474 -0.01020435 0.026247 0.01653272 -0.009360115 0.02769549 0.01199194 -0.01473483 0.03204099 -0.003582987 -0.0186566 0.04816988 0.01180993 -0.01488108 0.03075344 -0.007485563 -0.01745582 0.05093934 -0.006795014 -0.01773667 0.04581109 -0.003455932 -0.01868063 0.04654164 -0.002786642 -0.01879239 0.04522685 -0.009971881 -0.01616562 0.05232406 -0.008903174 -0.016777 0.05069582 0.001397571 -0.01894393 0.03989773 -0.01055161 -0.01579413 0.05232406 -0.009505502 -0.01644367 0.05069582 -0.01093069 -0.01553475 0.05232406 -0.009802382 -0.01626876 0.05069582 -0.01009602 -0.01608855 0.05069582 -0.00416062 -0.01853588 0.04420417 -0.0181722 -0.005546939 0.06535001 -0.01809598 -0.005770944 0.06317901 -0.01729444 -0.00786775 0.06535001 -0.004079284 -0.01855403 0.04311157 -0.01805969 -0.005883491 0.06209352 -0.01878263 -0.002865534 0.06535001 -0.01846694 -0.004446154 0.06317901 -0.01826111 -0.005225515 0.06209352 -0.01899958 -0.0001240877 0.06535001 -0.01866115 -0.003549479 0.06317901 -0.01894073 -0.001498737 0.06535001 -0.01843888 -0.004560681 0.06209352 -0.01475287 -0.01196562 0.05199938 -0.01277924 -0.01405457 0.04874289 -0.01802394 -0.005992137 0.05634136 -0.007978676 -0.01723578 0.04043934 -0.01552361 -0.01094775 0.05020879 -0.01515764 -0.01144876 0.05020879 -0.006220469 -0.01794696 0.03687514 -0.01844017 -0.004555502 0.05509353 -0.007516643 -0.01744246 0.03729189 -0.00855728 -0.01695593 0.03775346 -0.009575438 -0.01640312 0.04019582 -0.007019434 -0.01764883 0.03484952 -0.006721113 -0.0177649 0.03383671 -0.006118879 -0.01798199 0.0318111 -0.009131955 -0.01665372 0.03638811 -0.01210418 -0.01464008 0.03458056 -0.008243578 -0.01711063 0.03273425 -0.01422881 -0.01258425 0.03799938 -0.01303418 -0.01381836 0.03458056 -0.0155327 -0.01093486 0.0397088 -0.01476474 -0.01195099 0.03799938 -0.01516517 -0.01143881 0.0397088 -0.01478326 -0.01192808 0.0397088 -0.006255442 -0.01793476 0.02546528 -0.006215628 -0.01794865 0.02335001 -0.01232924 -0.01445107 0.03224723 -0.01899961 -0.0001240937 0.02335002 -0.0187427 -0.003094406 0.04451236 -0.01844019 -0.004555508 0.03409353 -0.01620251 -0.00991605 0.03083704 -0.01733555 -0.007764256 0.02709353 -0.01787767 -0.00641567 0.03300803 -0.01731044 -0.007820202 0.02335002 -0.01784585 -0.006503756 0.02709353 -0.01826557 -0.005210087 0.02709353 -0.01796518 -0.006166244 0.02584569 -0.01818485 -0.005484818 0.02335002 -0.01847199 -0.004425379 0.02584569 -0.01878437 -0.002833402 0.02335002 -0.01659749 0.009242085 0.05691965 -0.01754599 0.007277624 0.05388123 -0.01663543 0.009173561 0.05596096 -0.01668089 0.009090537 0.05417037 -0.01695454 0.008568407 0.05327508 -0.01732556 0.00778903 0.05265116 -0.01612484 0.01004427 0.05464044 -0.01792909 0.006272839 0.04993823 -0.01636133 0.009654263 0.05284985 -0.01761883 0.007099077 0.04736058 -0.01801501 0.006021422 0.0446747 -0.0173795 0.007667649 0.0465194 -0.01684622 0.008779885 0.04483704 -0.01247602 0.01432888 0.05216172 -0.01729822 0.007849739 0.0430194 -0.01750508 0.007375735 0.04211058 -0.01488266 0.01180647 0.04678997 -0.01237702 0.01441465 0.04532407 -0.01786233 0.006460771 0.03943823 -0.01488011 0.0118097 0.04508056 -0.01239528 0.01439893 0.0417429 -0.01488759 0.01180026 0.04328997 -0.01720105 0.008060974 0.03690117 -0.0165619 0.009305815 0.03726724 -0.01709303 0.008288088 0.03604646 -0.009429213 0.01649574 0.047277 -0.01741078 0.007596189 0.03503366 -0.01671448 0.009028565 0.03550371 -0.009425636 0.01649778 0.04556759 -0.01616625 0.009977538 0.035196 -0.01667333 0.009104443 0.0337943 -0.009436098 0.0164918 0.043777 -0.01665339 0.009140909 0.03280855 -0.01661327 0.009213713 0.03083705 -0.01241863 0.01437876 0.03935546 -0.01243029 0.01436866 0.03816173 0.0100492 0.01612212 0.06119582 -0.01243077 0.01436824 0.03696801 -0.01698557 0.008506657 0.0289653 -0.006473212 0.01786179 0.04166603 -0.01691245 0.008651427 0.02335003 -0.01690323 0.008669436 0.02522178 0.0138252 0.01302648 0.05704163 0.0117802 0.01490449 0.05842636 0.01166207 0.01499715 0.05704163 0.01585033 0.01046903 0.06258054 0.01606646 0.01014223 0.06535001 -0.004016722 0.01856827 0.03948236 0.01160786 0.01503918 0.0556569 0.01574138 0.01063182 0.06119582 0.01725088 0.007962546 0.06535001 0.01652379 0.009373026 0.06258054 0.01611706 0.01005453 0.06119582 0.01778228 0.006692043 0.06535001 0.01695832 0.008564178 0.06258054 0.01647164 0.009464114 0.06119582 0.01544765 0.01105361 0.05288744 0.01458768 0.01216558 0.05011799 0.01568648 0.01071252 0.05288744 0.01607815 0.01011648 0.05150272 0.01606666 0.0101434 0.04873326 0.01609595 0.01008821 0.05288744 0.01647833 0.009452497 0.05150272 0.01648067 0.009448422 0.05288744 -0.002792812 0.01879196 0.02826774 0.0169518 0.008577047 0.05150272 0.01775483 0.006766649 0.04873326 -0.002134429 0.01887852 0.02662849 -0.0008106774 0.01898218 0.02335001 -0.00315986 0.01873351 0.02440765 -0.002925968 0.0187716 0.02335001 0.01671859 -0.009027045 0.06535001 0.01729794 -0.007857425 0.06258054 0.01775178 -0.006772873 0.06535001 0.009648232 0.01636513 0.03480642 0.01654852 -0.009332183 0.06258054 0.01704649 -0.008388847 0.06119582 0.01646195 -0.009483875 0.06119582 0.01130896 -0.01526514 0.0635037 0.01169874 -0.01496862 0.06211897 0.01577456 0.01058263 0.03348948 0.0172763 0.007904531 0.03204099 0.01106399 -0.01544355 0.06258054 0.0174769 -0.0074509 0.05150272 0.0109263 -0.01554124 0.06188818 0.01579856 0.01054684 0.03204099 0.01074754 -0.01566534 0.06119582 0.01271468 -0.01411586 0.05842636 0.01476126 -0.01195808 0.05704163 0.01009835 -0.01609132 0.06165739 0.01659673 -0.009246278 0.05288744 0.01677533 -0.008918447 0.05150272 0.01721645 -0.008034379 0.05288744 0.01629988 -0.009761868 0.04873326 0.01821518 0.005401073 0.03638648 0.01879418 0.002790726 0.04073197 0.01858265 0.003953785 0.03783498 0.01585234 0.010466 0.03059249 0.01054603 -0.01580165 0.05981109 0.0126182 -0.01420219 0.05704163 0.01845089 0.004530035 0.03638648 0.01897281 0.0009950983 0.04073197 0.01875819 0.003008276 0.03783927 0.0189998 -8.539905e-05 0.04074485 0.01547632 -0.01101747 0.05242587 0.01857202 0.004003527 0.03639292 0.01269753 -0.01413129 0.0556569 0.01581169 -0.01053104 0.05011799 0.01899328 -0.0001942842 0.03494227 0.01870984 -0.00328222 0.03787841 0.01896449 -0.00115925 0.04084941 0.01846923 -0.00444714 0.03787412 0.01788389 -0.00641229 0.03976631 0.01827893 0.005181103 0.02769549 0.01785637 -0.006488616 0.03928347 0.01849688 -0.00433001 0.03639292 0.01836775 -0.004851246 0.0364452 0.01857908 0.003970565 0.02769549 0.01831734 0.005043534 0.026247 0.01839103 0.004767547 0.02335 0.01801077 -0.006046308 0.03638648 0.01868633 0.003428618 0.026247 0.01885285 0.002336464 0.02335 0.01899369 -0.0001528019 0.02335 0.01761421 -0.007120136 0.03686931 0.01706299 -0.008355262 0.03204099 0.01899303 -0.0002167607 0.02914399 0.01442297 -0.01236404 0.03638648 0.01859574 -0.003880629 0.026247 0.01848921 -0.004362836 0.02769549 0.0187711 -0.002908677 0.02335 0.01812414 -0.005696825 0.02769549 0.01574556 -0.01062955 0.03204099 0.01774648 -0.006783596 0.02721266 0.01803411 -0.005976204 0.0247985 0.01807722 -0.005844292 0.02431566 0.0181605 -0.005579535 0.02335 -0.01296545 -0.01388288 0.05216172 -0.009958936 -0.01617359 0.04727699 -0.01265946 -0.0141626 0.04532407 -0.016845 -0.008779654 0.05691965 -0.01683619 -0.008796553 0.05596095 -0.009890122 -0.01621568 0.04556758 -0.01643085 -0.009532898 0.05404357 -0.009785629 -0.01627883 0.043777 -0.01247643 -0.01432415 0.0417429 -0.0169563 -0.00856235 0.05327508 -0.01755012 -0.007265102 0.05388123 -0.01727964 -0.00788809 0.05265116 -0.01505984 -0.01157705 0.04678997 -0.01714695 -0.00817312 0.05004645 -0.01686748 -0.008736352 0.04483704 -0.01501053 -0.01164088 0.04508055 -0.01219684 -0.01456297 0.03997937 -0.01493539 -0.0117371 0.04328997 -0.01205532 -0.01468032 0.0390976 -0.01207162 -0.01466692 0.03759192 -0.01817579 -0.005514649 0.04814764 -0.01802508 -0.005988763 0.0446747 -0.01735683 -0.007716412 0.0430194 -0.01757856 -0.00719592 0.04211058 -0.01623277 -0.009866433 0.0369054 -0.01601885 -0.01020996 0.03519599 -0.01790813 -0.006330045 0.03943823 -0.01685795 -0.008754762 0.03635842 -0.01655527 -0.009315091 0.03550371 -0.01728292 -0.007880919 0.03690116 -0.01656989 -0.009289057 0.03379429 -0.01749462 -0.007398068 0.03560345 -0.01645012 -0.009499626 0.03280854 -0.01694588 0.008585559 0.05007351 -0.01626412 0.009817183 0.04665469 -0.01621444 0.009899014 0.04315469 -0.01702567 0.008425901 0.04041921 -0.01676221 0.008939498 0.03957352 0.01570432 0.01068639 0.05842636 0.01716586 0.008141181 0.05704163 0.01568572 0.01071362 0.05704163 0.01822044 0.005386456 0.06535001 0.01819847 0.005457155 0.06258054 0.01568598 0.01071325 0.0556569 0.01818781 0.005492599 0.06119582 0.0189972 3.818549e-09 0.06535001 0.01863643 0.003691195 0.06258054 0.0188037 0.00272127 0.06535001 0.01853482 0.004172741 0.06119582 -0.005396105 0.01821542 0.02792415 0.01898901 0.0004679601 0.05981109 0.01878613 -0.002838598 0.06535001 0.01879542 -0.002745944 0.06258054 0.01895536 -0.001255249 0.06535001 0.01863586 -0.003681759 0.06258054 0.01848304 -0.004401891 0.06535001 0.01867328 -0.003485582 0.06119582 0.01854869 -0.004100966 0.06119582 0.01855072 0.004101315 0.05288744 0.01833635 0.004973891 0.05150272 0.01827986 0.005177801 0.05288744 0.01868635 0.003428476 0.05150272 0.01899011 0.0004191813 0.05427217 0.01876756 -0.002931547 0.05150272 0.01892623 -0.001671027 0.04873326 0.01865981 -0.003557513 0.05288744 0.01850288 -0.004304176 0.05288744 0.01771986 -0.006852864 0.05704163 0.01644759 -0.009508733 0.05842636 0.0164404 -0.009521152 0.05704163 0.01649302 -0.009429819 0.0556569 0.01858339 0.00395028 0.03349163 0.01899262 -0.0002487392 0.03204099 0.01858902 0.003923644 0.03204099 0.01858572 0.003939287 0.03059249 0.01848446 -0.004383023 0.03349163 0.0184782 -0.004409517 0.03204099 0.01848188 -0.00439396 0.03059249 -0.0162716 -0.009802266 0.04315468 -0.01712688 -0.008215201 0.0404192 -0.01687881 -0.008714406 0.03957351 0.01848212 0.004400688 0.05842636 0.01898204 0.0007018467 0.05704163 0.01845472 0.004514414 0.05704163 0.01751187 0.007368586 0.05288744 0.01848775 0.004376955 0.0556569 0.01871452 -0.003255264 0.05842636 0.01792716 -0.006290171 0.06119582 0.01873407 -0.003139918 0.05704163 0.01871035 -0.0032793 0.0556569 -0.0188996 -0.0001234315 0.03777107 -0.0188996 -0.0001234336 0.02335002 -0.0188996 -0.0001234296 0.06535001 -0.01889958 0.0001287669 0.02335003 -0.01880181 0.001918725 0.02335003 -0.01853463 0.003691635 0.02335003 -0.01837958 0.004795782 0.02335003 -0.01780812 0.006324091 0.02335003 -0.01682369 0.008601057 0.02335003 -0.01538993 0.01096018 0.02335002 -0.01364812 0.01306857 0.02335002 -0.01314269 0.01371883 0.02335002 -0.01182638 0.01473718 0.02335002 -0.009791169 0.01615977 0.02335002 -0.007346716 0.01740932 0.02335002 -0.005021555 0.0182172 0.02335002 -0.004281604 0.01850895 0.02335001 -0.00258891 0.01871679 0.02335001 0.0001631143 0.01889546 0.02335001 0.002683981 0.01880877 0.02335001 0.00288484 0.01867829 0.02335001 0.00529496 0.01814388 0.02335001 0.007324066 0.01742357 0.02335 0.009257892 0.01647659 0.02335 0.01154733 0.01496194 0.02335 0.01317407 0.01355153 0.02335 0.01483373 0.01171057 0.02335 0.01550685 0.01097052 0.02335 0.01636963 0.009446185 0.02335 0.01733726 0.007522694 0.02335 0.01824524 0.004927292 0.02335 0.01873489 0.00248535 0.02335 0.01889913 1.230599e-10 0.02335001 0.018932 -0.001534768 0.02335 0.01880869 -0.001841044 0.02335 0.01853998 -0.003664439 0.02335 0.01800209 -0.005749386 0.02335 0.01697954 -0.00829657 0.02335 0.01592545 -0.01017398 0.02335 0.01445535 -0.01217159 0.02335 0.01254442 -0.01413432 0.02335 0.01059262 -0.01565072 0.02335 0.008743379 -0.01675372 0.02335 0.00678034 -0.01763844 0.02335 0.004154559 -0.01843372 0.02335001 0.002736666 -0.01879556 0.02335001 0.001716218 -0.01881639 0.02335001 -0.0007683102 -0.0188763 0.02335001 -0.003503621 -0.0185648 0.02335001 -0.006141744 -0.01786805 0.02335001 -0.008427698 -0.01690878 0.02335001 -0.0107973 -0.01550331 0.02335002 -0.01291728 -0.01378923 0.02335002 -0.01460869 -0.01198045 0.02335002 -0.01605493 -0.009957792 0.02335002 -0.01733122 -0.007527154 0.02335002 -0.01807717 -0.005507119 0.02335002 -0.01868335 -0.002844837 0.02335002 -0.01889956 0.0001287708 0.0511934 -0.01889955 0.0001287728 0.06535001</float_array>
          <technique_common>
            <accessor count="894" source="#cubeverts-array0-array" stride="3">
              <param type="float" name="X"/>
              <param type="float" name="Y"/>
              <param type="float" name="Z"/>
            </accessor>
          </technique_common>
        </source>
        <source id="cubenormals-array0">
          <float_array count="4767" id="cubenormals-array0-array">0.5615966 0.8274107 0.0009240046 0.6118661 0.7909614 5.836176e-07 0.7591889 0.6505505 0.02040395 0.7069393 0.7067721 -0.02664196 0.7597062 0.6496789 -0.02763637 0.9969437 0.0781023 -0.001822586 0.9985617 0.0510337 0.01644274 0.9832981 -0.1814945 -0.01358608 0.9927549 -0.119828 0.008883164 0.9905518 -0.1366939 0.01103948 0.9892334 -0.1461823 0.006938859 0.9238719 -0.3825723 0.009948592 0.9372149 -0.3487505 0.001253945 0.9462795 -0.3232313 0.008751331 0.9447054 -0.3278982 0.003800463 0.9447116 -0.3279004 -0.001153842 0.9867015 -0.162506 -0.0034574 0.9877694 -0.1557059 -0.008201424 0.9888533 -0.1478821 -0.01731835 0.9897348 -0.1381899 -0.03644955 0.9888147 -0.1282133 -0.07620267 0.8022797 -0.5955922 -0.04021519 0.8772686 -0.4799971 0.001585814 0.9245211 -0.3810568 -0.00751272 0.6693361 -0.7429563 -0.002277111 0.807124 -0.5889475 0.04113128 0.9653543 0.2609427 3.110178e-08 0.9653543 0.2609427 2.968786e-08 0.9945965 -0.1023462 0.01740847 0.7855383 0.6188099 -0.001966355 0.8940193 0.4480284 1.068011e-07 0.8940198 0.4480275 0 0.7336273 0.679552 -0.0001669047 0.9423005 -0.3347683 -0.000137486 0.9439765 -0.3300126 3.98889e-05 0.9417471 -0.3363219 -0.0001236254 0.9387103 -0.3447061 -0.0007358061 0.9850241 -0.1724167 2.055036e-08 0.9867792 -0.1620607 0.001811907 0.9881774 -0.1532503 0.004445419 0.9856203 -0.1689732 -0.0007729311 0.8274966 -0.5614705 0 0.8307983 -0.5565702 -0.00192721 -0.242318 0.9701932 -0.002651345 -0.1737111 0.9847839 0.005017751 -0.1726922 0.9849647 0.004667205 -0.1051272 0.9944566 -0.002061208 -0.07294939 0.9973333 0.002143878 -0.1726938 0.9849737 0.00189463 -0.03301863 0.9994514 -0.002590544 -0.0006830937 0.9999975 0.002110428 -0.1199737 0.992776 -0.001428583 -0.1051268 0.9944534 0.003280407 0.03954862 0.9992156 -0.002042331 -0.0649391 0.9978862 -0.002462608 -0.03301832 0.999442 0.005051604 0.097346 0.9952358 0.005433563 0.1009202 0.9948733 0.006492036 -0.01202717 0.9999271 -0.001087495 0.1547399 0.9879535 -0.001845333 0.03954862 0.9992156 0.002024621 0.0381162 0.9992723 0.00145995 0.09734734 0.9952496 -0.001265392 0.09557439 0.9954205 -0.001937961 0.1547392 0.9879487 0.003644616 0.1458417 0.9893075 0.0009916431 0.1815336 0.9833843 -0.0009734394 -0.1305069 0.9914449 0.002215084 -0.1648714 0.986306 -0.00422267 -0.0653495 0.9978508 -0.004818013 0.00206463 0.9994924 -0.0317909 0.0003780356 0.9993945 -0.03479275 0.1080505 0.9934529 0.0371014 0.2137364 0.9768725 -0.006077684 -0.05224212 0.998117 0.03214348 0.1080505 0.9934523 -0.03711775 0.1122919 0.9932508 -0.02903792 0.2098583 0.9772192 0.03165556 0.1956969 0.9806316 0.008029404 0.06406786 0.9973828 0.03350785 0.1412103 0.9899637 -0.005604001 0.2646041 0.9643555 -0.001755715 0.340335 0.9402765 0.00723053 0.2099633 0.9777092 -0.0001268783 0.144943 0.9894297 -0.004516657 0.1449445 0.9894398 0.0001692214 0.2643957 0.9635959 -0.03972179 0.278152 0.960288 -0.02186974 0.3843188 0.9221079 0.04490091 0.3523723 0.9358458 -0.005143312 0.2460923 0.9692369 0.004289575 0.2553817 0.9665427 0.02398969 0.2761474 0.9610996 -0.005496181 0.3847035 0.9230311 0.004100342 0.3491563 0.9370391 -0.006902028 0.3491628 0.9370564 0.003254553 0.3993664 0.9167655 -0.006888642 0.4312812 0.902201 -0.005459038 0.4312871 0.9022133 0.001605788 0.4470206 0.8945227 0.001274184 0.1527601 -0.9882632 -2.453378e-05 0.08186385 -0.9966425 0.001390792 0.1051894 -0.9944507 -0.001683787 0.2221247 -0.9749968 0.006466423 0.009576931 -0.9999538 0.0007882478 0.05705545 -0.9983698 -0.001524841 0.15276 -0.9882629 0.0009871987 0.1871157 -0.9823377 -0.0006956368 0.1517584 -0.9884174 0.0007003605 -0.06297854 -0.9980147 0.0005959903 -0.00142161 -0.999998 -0.001408998 0.1051894 -0.9944506 0.001823697 0.1160781 -0.99324 -0.0005289851 0.05705552 -0.998371 1.5481e-05 -0.001421612 -0.999999 -1.450242e-05 0.065596 -0.9978423 -0.002819289 -0.1351099 -0.990829 0.001798203 -0.08185309 -0.9966382 -0.003497514 -0.003761778 -0.9999923 -0.00110293 -0.2349499 -0.9719856 0.006522988 -0.1759812 -0.9843836 -0.004409407 -0.08185297 -0.9966366 0.003927559 -0.07680494 -0.9970453 0.001248111 -0.2685884 -0.9632512 -0.002745941 -0.1759772 -0.9843612 0.008063179 -0.1457208 -0.9893224 -0.002576148 0.4179369 -0.9082928 0.01824326 0.4460376 -0.8949943 -0.005957736 0.4739386 -0.8791413 0.04992731 0.3589976 -0.9318672 -0.05238518 0.3594916 -0.933148 -0.0008380037 0.4745288 -0.8802361 0.002628989 0.2716336 -0.9624004 -0.0009050276 0.2687874 -0.9631982 0.001564785 0.294539 -0.9543972 0.04871078 0.1741959 -0.9833632 -0.05150364 0.174194 -0.9833522 0.0517181 0.4013372 -0.9159045 -0.006890131 0.4504234 -0.8927935 -0.006213773 0.4504301 -0.8928068 0.002941807 0.05015419 -0.9975173 -0.04943489 0.3525437 -0.935775 0.006170184 0.3776681 -0.9257965 -0.01635701 0.2948878 -0.9555275 0.002878977 0.3568481 -0.9339666 0.01912292 0.2785588 -0.9604012 -0.005891404 0.2455332 -0.969376 -0.004862414 0.2455357 -0.9693862 0.001595828 0.1450019 -0.9894277 -0.002706135 0.138197 -0.9904047 -0.0001604489 0.007916144 -0.9999687 0.0001623466 0.149434 -0.9882731 0.03139626 0.1876024 -0.9818783 -0.02683934 0.06307896 -0.9976432 -0.02700322 0.009048363 -0.999959 -0.0002097264 0.01949517 -0.9993969 0.02873647 -0.08539981 -0.9963462 0.001064487 -0.01588701 -0.9998731 -0.00118973 -0.1542314 -0.9880324 0.002165234 -0.1001447 -0.9949728 0.0001377237 -0.1001442 -0.9949676 -0.003271774 -0.1300192 -0.9914953 -0.005667933 -0.1895904 -0.9818516 -0.004782055 -0.8327808 0.553601 0.001458203 -0.8502138 0.5264316 -0.002497323 -0.8030033 0.5959662 -0.003158851 -0.7680742 0.6403233 0.006934474 -0.5694974 0.8218794 0.01367109 -0.6653631 0.7414483 -0.08686971 -0.7516932 0.6595124 0.0008667576 -0.6353481 0.7721539 0.01054398 -0.710757 0.7034371 -0.000879745 -0.5137599 0.8578966 -0.008008546 -0.4743932 0.8801566 0.01659062 -0.5136896 0.8577791 0.01838237 -0.8030046 0.5959672 0.002570974 -0.6666313 0.7442136 0.041819 -0.5559607 0.8309179 -0.02198279 -0.7516881 0.6595079 0.003798523 -0.7664154 0.6423441 -0.001201225 -0.4852043 0.8743125 -0.01242747 -0.3302763 0.9438268 0.01041931 -0.2859471 0.9571727 -0.04533043 -0.3810388 0.9245334 0.006883382 -0.4427674 0.8966258 -0.004392901 -0.428319 0.903352 0.02231689 -0.7107563 0.7034366 0.001575421 -0.7287832 0.6847376 -0.003081526 -0.6801323 0.733084 -0.002815799 -0.6672124 0.7448624 0.002773149 -0.6392128 0.7690292 -0.0009633613 -0.610667 0.7918814 0.003084848 -0.5665782 0.8237501 0.02060943 -0.3560597 0.9343447 -0.01488157 -0.5575765 0.829872 -0.0205132 -0.4852419 0.87438 6.516106e-05 -0.428426 0.9035769 -4.743445e-05 -0.5301785 0.8462746 0.05225044 0.243945 0.9697745 0.005315096 0.2364443 0.9716416 -0.002589812 0.3530586 0.9356006 0.001150585 0.3677118 0.929793 0.01652794 -0.1353111 0.9908031 -0.0004083319 -0.1199735 0.9927753 0.001911711 0.3451956 0.9383829 0.01665754 0.2569607 0.9664011 -0.006324981 -0.1353111 0.9908026 -0.001068086 -0.1700367 0.9854375 0.0007979616 0.3452418 0.9385087 -0.003068448 0.3513239 0.9362459 0.003890215 0.4260426 0.9046766 -0.006929069 0.4918652 0.8705646 0.01363127 0.421917 0.906526 -0.01402738 0.4219112 0.9065133 0.01498204 0.4008884 0.9161254 0.001650222 0.1458417 0.9893073 0.001122796 0.09557314 0.9954075 -0.00546795 0.1656512 0.9861836 -0.001251894 0.1815336 0.9833841 0.001092635 -0.07751394 0.9966831 -0.02478845 0.1656512 0.9861838 -0.001069665 0.2004306 0.9797077 0.0007275459 -0.8063947 0.5913715 -0.002694526 -0.7711599 0.6366407 0.0009984832 -0.7844924 0.6201164 -0.005228862 0.2666837 0.9633893 0.02758437 -0.7329568 0.6802725 0.001890023 -0.7474906 0.6642554 -0.004756892 0.3966203 0.9179726 -0.004305984 0.3398662 0.9403827 -0.01308833 0.3887731 0.9213088 0.006754867 0.4724485 0.8813553 -0.002281633 0.4169449 0.9089225 0.00410481 0.4169337 0.9088982 -0.008383365 -0.7469677 0.6637907 -0.03769865 -0.7039316 0.7101803 0.01114969 -0.6375645 0.7700462 0.02324926 -0.6923728 0.7215303 -0.003738075 -0.6086103 0.7933937 -0.0109507 -0.6086451 0.7934392 0.002318413 -0.5637483 0.8259195 0.006701292 -0.5865129 0.809832 -0.01321694 0.09874947 0.9950936 0.006087681 -0.02860968 0.9995852 -0.003331254 0.08779998 0.9961364 -0.001846432 0.0003782644 0.9999992 0.001196967 -0.06526755 0.9966071 0.05014248 0.4395794 0.8980111 -0.01859757 -0.505292 0.862915 0.007591929 -0.5328847 0.8460705 -0.01409572 -0.5329242 0.8461332 0.007098799 -0.4756065 0.8795614 -0.01304992 -0.4444678 0.8957753 0.005926398 -0.4444356 0.8957105 -0.01340172 -0.4549314 0.8905264 0.0004282345 -0.3914766 0.9198626 0.02447334 0.334072 0.9425042 0.009040408 0.3236353 0.9461804 0.001659659 0.2456808 0.9693236 -0.007252904 0.2348455 0.9717865 0.02187859 0.3553491 0.9346703 -0.01088228 0.3612983 0.9324464 -0.002701606 0.4308991 0.902312 0.01260955 0.5317528 0.8467542 -0.01569153 0.4250848 0.9051226 0.007485916 0.3642461 0.9305869 -0.03650779 0.5311748 0.8469697 -0.02226738 0.4250823 0.905124 0.007454582 0.3484023 0.9371451 0.01935796 0.3514546 0.9359106 -0.02347494 0.3867083 0.9220884 0.01447369 0.5235087 0.8520175 0.002156256 0.5059194 0.8623215 -0.02114792 0.7596828 0.649659 -0.02872555 0.656334 0.754373 0.01212091 0.638651 0.7694931 -0.002269134 0.6290005 0.7772747 0.01422441 0.5235432 0.8519939 -0.002988804 0.5279857 0.8492519 0.001491136 0.6096938 0.7926366 -0.0007958915 0.5210233 0.8535424 -0.0001925681 0.6641374 0.7476087 -0.001676153 0.6076564 0.7941986 0.001526122 0.4038755 -0.914758 -0.01012258 0.4690488 -0.8831667 0.003140188 0.6164274 0.7874118 0.0001222762 0.6075481 0.7940571 -0.01893754 0.6335843 0.7734452 -0.01879868 0.67768 0.7350835 -0.02005368 0.7293354 0.6840265 -0.01332723 0.6776767 0.7350798 0.02029487 0.682305 0.7310139 0.00886099 0.1822874 -0.9821596 -0.04619252 0.3089591 -0.950995 0.01236169 0.2272023 -0.9737297 0.01515202 0.3850906 -0.9225678 -0.02395364 0.3848085 -0.9218921 0.04513791 0.4062616 -0.9136317 0.01512043 0.2918572 -0.9552427 -0.04827727 0.4738461 -0.8806033 -0.002803753 0.4482279 -0.8938932 -0.006828188 0.4482135 -0.8938647 0.01051273 0.4343843 -0.9006205 0.01389402 0.3968888 -0.9178508 -0.005405797 0.1871157 -0.9823376 -0.0006607858 0.2221166 -0.9749613 -0.01071187 0.1517585 -0.9884175 0.0005072211 0.1991013 -0.9799774 0.001758773 0.3052913 -0.9519272 -0.02513174 0.2135818 -0.9768054 0.01529634 0.1423659 -0.9898129 -0.001547161 0.1160781 -0.9932395 0.001073545 0.06559486 -0.997825 -0.006530669 0.180243 -0.983622 -0.0005329347 0.142366 -0.9898139 0.0007015961 -0.3662845 -0.9304822 -0.006208071 -0.3741854 -0.9273501 0.002648616 -0.4968103 -0.8676144 0.02061042 -0.478565 -0.8780521 -0.0002619102 -0.4677662 -0.8835766 0.02207512 0.7029677 -0.7112197 0.001708878 0.6895028 -0.7242265 0.009039046 0.6516348 -0.7584983 -0.007238022 -0.7052341 -0.7008641 -0.1069316 -0.611369 -0.7911889 0.0157522 -0.5536062 -0.8326836 -0.0125836 -0.5241169 -0.8515856 -0.01018164 -0.5535452 -0.8325918 0.01945744 0.4908634 -0.8710365 -0.01867151 0.5848276 -0.8108243 0.02325071 0.486069 -0.8737061 0.01935598 0.5865809 -0.8096802 -0.0184591 0.6478216 -0.761678 -0.01317917 0.7029595 -0.7112115 -0.005119715 0.6700681 -0.7422952 0.002541481 0.6524909 -0.7577063 0.01169403 -0.1457212 -0.9893253 0.0008175601 0.4834903 -0.8751929 0.01656743 0.6430982 -0.7657753 0.003602417 0.5633535 -0.8259629 -0.02044452 0.4838592 -0.8750975 0.009204355 0.5642167 -0.8252612 0.02456501 0.4171187 -0.9088403 -0.004620976 0.3759779 -0.9265833 0.009170004 0.6005048 -0.7996175 -0.002393031 0.4128527 -0.9107614 0.008147308 0.5325736 -0.8463699 -0.004831855 0.555593 -0.8314278 -0.006636154 0.5536056 -0.8325202 0.02075693 0.288092 -0.9573529 0.02187055 0.4165449 -0.9088171 -0.02328022 0.2965935 -0.9548718 -0.0158795 0.420094 -0.9062022 -0.04815331 0.4126473 -0.9108233 -0.01109478 0.3701685 -0.9289556 0.004091037 0.4382887 -0.8988123 0.006282666 -0.3920239 -0.9198218 -0.01565657 -0.5241438 -0.8516293 -0.0009611021 -0.46788 -0.8837916 0.0007554854 -0.2205839 -0.9753147 0.01019819 -0.5925938 -0.8052149 -0.02148271 -0.590621 -0.8066106 -0.02337013 -0.5652482 -0.8231048 0.05470896 -0.6998854 -0.7131372 0.03994672 -0.6717349 -0.7407094 0.01103641 -0.601416 -0.798638 0.02182186 -0.7421618 -0.6702199 -0.001110495 -0.6445619 -0.7645441 0.003506792 0.7359453 -0.6768295 -0.01692378 -0.7004422 -0.7137045 0.002563362 -0.6720432 -0.7405115 -0.000940676 -0.7993729 -0.6007949 0.006963109 -0.7796389 -0.6262294 -8.5617e-06 -0.7421619 -0.67022 0.0009602098 -0.7088082 -0.7053999 -0.001363095 0.6791139 -0.7340226 -0.003899345 0.6906896 -0.7228915 -0.01938165 -0.8599088 -0.5104468 0.0009743011 -0.8269804 -0.5622239 -0.002811857 0.05021558 -0.9987383 0.0002742289 0.1481077 -0.9889708 0.0009332935 -0.01586719 -0.998626 0.04994331 0.1463204 -0.9892371 -0.0005319571 0.01384836 -0.9998892 0.005464916 0.6907341 -0.7229382 0.01571325 0.6933558 -0.7205402 0.00891818 0.6359064 -0.7716042 -0.01580836 -0.7555144 -0.6551211 -0.003759848 -0.7796345 -0.6262259 0.003324274 0.5493349 -0.8355687 0.007487136 0.6203665 -0.7843005 0.004251804 0.6271909 -0.7788498 -0.004959302 0.6203085 -0.7842272 -0.0143221 0.523958 -0.8517317 0.004590779 0.625519 -0.7802038 -0.00283424 0.5338635 -0.8455403 -0.007163696 -0.8705755 -0.4920298 -0.002215372 -0.7898261 -0.6133308 -7.598881e-05 -0.8269836 -0.5622261 0.0002003713 -0.1380707 -0.9904091 -0.005133452 -0.1542316 -0.9880338 -0.001365063 -0.1203264 -0.9927229 -0.004783311 -0.08537968 -0.9961112 0.02174023 -0.1332275 -0.9908815 0.02010461 -0.2247924 -0.9743455 -0.01092399 -0.5362113 -0.8440821 -0.001653423 -0.4905843 -0.8713933 -0.0008441845 -0.5361997 -0.8440637 0.006810581 -0.5110295 -0.8594156 -0.01592785 -0.4802267 -0.8770127 -0.01519979 -0.7563319 -0.6541827 0.002672489 -0.5662261 -0.8241514 -0.01274613 -0.5931645 -0.8050404 0.008106166 -0.566261 -0.8242022 0.006264728 -0.6245283 -0.7809137 -0.01175234 -0.7747255 -0.6322803 -0.004691185 -0.809435 -0.5871748 -0.006393088 -0.6686714 -0.7431495 0.02464439 -0.7740989 -0.6317689 -0.0404829 -0.7301342 -0.6831944 0.01222203 -0.6382318 -0.7697582 -0.01150745 -0.6382739 -0.769809 -0.0006007324 -0.7214394 -0.6924772 0.0008539471 -0.9882597 0.152695 -0.00519456 -0.9940304 0.05544494 -0.09396643 -0.9707357 0.2401503 0.0002725864 -0.9642851 0.2643768 0.0160959 -0.9707195 0.2401464 0.005795193 -0.9515936 0.3072834 -0.006829625 -0.9189431 0.3943193 0.007471355 -0.9515414 0.3072665 0.01250166 -0.9593084 0.2823322 -0.003984492 -0.9445607 0.3283229 -0.003049236 -0.8687 0.490731 -0.06740429 -0.902119 0.4314081 0.008267955 -0.9190549 0.3940527 0.00779325 -0.994601 0.1032922 -0.009983967 -0.9720334 0.2348414 0.0007883334 -0.958075 0.2865116 -0.001818005 -0.9445646 0.3283242 0.000976586 -0.9593121 0.2823333 -0.002867796 -0.9091038 0.4165142 -0.006786222 -0.989383 0.1450856 0.008446356 -0.996233 0.08671702 9.381141e-07 -0.7736516 0.6336106 -0.0009423071 -0.7664154 0.6423441 0.001221693 -0.728784 0.6847384 -0.002650006 -0.8150944 0.579248 0.009645834 -0.7736511 0.6336102 0.001410366 -0.7947795 0.6068975 -0.001056327 -0.2284447 0.9733102 -0.02191244 -0.2423099 0.9701608 -0.008597885 -0.3806168 0.9245398 0.01889428 -0.5666984 0.8239248 0.0009764446 -0.3798885 0.9248913 0.01615221 -0.5305567 0.8476493 -0.0002807977 -0.4751007 0.8794222 -0.02993038 -0.3798858 0.9246777 0.02565109 -0.7286376 0.684378 -0.02672384 -0.5046978 0.8632905 0.003106152 -0.4622468 0.8865541 0.01870284 -0.3513219 0.9362537 0.001354214 -0.2018721 0.9794108 0.00146274 -0.2799129 0.9600251 -0.0007316243 -0.2829347 0.9591337 -0.003253672 -0.2147011 0.9764042 0.02319757 -0.4186886 0.9078567 -0.02227108 -0.5627547 0.8260199 -0.0315961 -0.5046998 0.8632939 0.001391154 -0.5305386 0.8476204 -0.008270305 -0.3542539 0.9350551 0.0132749 -0.3537985 0.9352036 0.01485915 -0.4886023 0.8725066 -0.0004826552 -0.4726263 0.8812616 0.001534388 -0.9892498 0.1459918 -0.008444383 -0.4484435 0.8937517 0.01030895 -0.4362414 0.8995998 0.0203402 -0.2819543 0.9594238 0.002781381 -0.3058186 0.9507951 -0.04963426 -0.206174 0.9784405 0.01209661 -0.2110628 0.9774537 -0.006056766 -0.2947586 0.9555526 -0.006046342 -0.2636431 0.9642436 -0.02695408 -0.3165934 0.9485483 0.004985671 -0.3912459 0.9202771 -0.004075064 -0.3908992 0.9204097 -0.00662755 -0.795504 0.6059467 0.00141437 -0.7329578 0.6802734 0.0009718841 -0.7754518 0.6314034 -0.002071004 -0.7754532 0.6314044 0.0009877532 -0.7711602 0.6366409 -0.000491989 0.08971341 0.9949407 -0.04521596 -0.06493049 0.9977564 -0.0163177 -0.05023324 0.9987121 -0.00713467 0.08347423 0.9964317 -0.01248738 -0.01202716 0.9999276 -0.0002864779 -0.05147064 0.9986743 -0.000745175 0.1022721 0.994756 0.000958936 0.03811624 0.9992733 0.0002682623 0.5249843 0.850998 -0.01392205 0.5836384 0.8119931 0.005783162 -0.9586723 0.2845094 0.001328405 0.2584698 0.9659597 -0.01073058 0.4008513 0.9160406 -0.01370878 0.3514872 0.9361865 0.003402853 0.4068457 0.9133317 -0.01736933 0.2668764 0.9637126 0.005913195 -0.9902053 0.1393721 0.008301586 -0.9954326 0.0512946 0.08051729 -0.9951502 0.09764472 0.01190246 -0.9733729 0.2292264 -0.0006843153 -0.9613703 0.2752341 0.003643101 -0.2653205 0.9640362 -0.01546219 -0.2472643 0.9688904 0.01057694 -0.0705768 0.9975059 0.0009616539 -0.1700368 0.9854377 -0.0001469908 -0.06919313 0.9976028 -0.0009652054 -0.9672672 0.2529797 -0.0198855 -0.9730526 0.2305761 -0.001824879 -0.961376 0.2752357 0.001329398 -0.9730366 0.2305723 -0.006019834 0.273979 0.9616789 -0.01044679 0.4174589 0.9086205 0.01169851 -0.2392329 0.9709617 -0.0009470834 -0.06867146 0.9976388 0.0009644327 0.6409219 0.7675977 0.003589485 0.6018511 0.7985401 -0.0104374 -0.9552493 0.2955816 -0.01141105 -0.948534 0.3166713 0.001558314 -0.955308 0.2955997 0.002721442 0.2723166 0.96217 -0.008522687 0.3398952 0.9404628 -0.001000158 0.2616637 0.965 0.01751886 0.2739908 0.9617203 -0.004783933 0.4174834 0.9086736 0.004481538 0.388781 0.9213276 0.002179297 0.4126839 0.9107487 0.0151269 -0.2452513 0.9690707 0.02745449 -0.03484376 0.9989648 -0.02924626 -0.02616278 0.9992286 0.02928899 -0.1615573 0.9868374 -0.007151835 -0.07408296 0.9969251 0.02553315 -0.1536879 0.9879512 -0.01823755 0.7153836 0.6986101 0.01304235 0.6796725 0.7334763 -0.007595339 -0.5141811 0.8572193 -0.02815528 -0.5087682 0.8608961 -0.003596482 -0.5529397 0.8331776 0.008527891 -0.4833396 0.8754323 0.001146524 0.2004307 0.9797079 0.0001349452 0.1036378 0.9946147 -0.0009485416 0.2667589 0.9636611 -0.01403705 0.2850443 0.9583265 0.0189767 0.2988285 0.9527907 -0.05377192 -0.1426492 0.9897683 0.003160555 -0.2610048 0.9653327 0.003057263 -0.1438606 0.9895928 -0.003221842 0.6607303 0.7505978 -0.006189116 0.6796286 0.7334288 0.01368522 0.1015502 0.9942205 0.03483125 0.07578496 0.9971239 0.0006397774 0.2747812 0.9615063 0.0009681454 0.1619651 0.9867964 -0.0003113707 -0.4072098 0.9132875 -0.009280387 -0.5583832 0.8295313 -0.009279998 -0.5050108 0.8624348 0.03420909 -0.6817051 0.7312255 -0.02423669 -0.629872 0.7766921 0.003276435 -0.5587767 0.8292752 -0.008435047 -0.6667143 0.7453029 -0.003938036 -0.6640146 0.7476477 -0.01037467 -0.5637487 0.8259201 0.006591154 0.274778 0.9615072 0.0009558803 0.1619738 0.9867951 -0.0003236098 0.08343175 0.9964629 -0.01002993 0.0872844 0.9960533 0.01610272 0.1652075 0.9862506 0.004005339 0.1820172 0.9832623 -0.008065024 0.2694975 0.9626688 0.02529417 -0.4089253 0.9125646 0.002449133 -0.250973 0.96799 -0.002789431 -0.4210587 0.9069781 -0.01001572 -0.04149678 0.9991363 -0.002170125 0.3307473 0.9432711 0.02908263 0.1796868 0.9834372 -0.02374559 0.3469846 0.9372653 -0.03369561 0.2729634 0.9618098 0.02032134 0.3288337 0.9440138 0.02657698 0.5138632 0.8567781 0.04331161 0.5615958 0.8274095 -0.001911858 0.5207323 0.8533841 0.02394365 0.2041509 0.9789043 0.008292734 0.2431328 0.9699786 -0.005292466 0.1244046 0.9921783 -0.01027751 0.2390654 0.9708627 -0.01653586 -0.01135425 0.9998981 0.008638718 0.1250404 0.9921148 -0.008551197 0.1109912 0.9938069 0.005362819 0.01225262 0.9989479 0.04419247 -0.2493393 0.9682269 0.01914483 -0.2534053 0.9672529 0.0144037 -0.2596891 0.9653988 0.02380475 -0.4150355 0.9093456 -0.02891411 -0.4145877 0.9092634 -0.03683764 0.105278 0.9944369 -0.00346502 -0.02107695 0.9997728 0.003171951 -0.03034839 0.9985126 -0.04529266 0.1053219 0.9944329 -0.003235394 0.02338282 0.999726 0.001072758 0.6644322 0.7472401 -0.01273013 0.644031 0.7649943 0.002790032 0.6326257 0.7742903 -0.01610029 -0.3520865 0.9359672 -0.0006805232 -0.3565408 0.9342649 0.005272414 0.6290615 0.7773501 0.002904376 0.6666923 0.7450918 -0.01896433 0.5458355 0.8378655 -0.006707098 0.6755417 0.7372858 0.007290386 0.7613385 -0.6482174 0.01333835 0.8490332 0.5281417 0.01445112 0.5457966 0.8378059 0.01368665 0.5394116 0.8420355 -0.00337296 0.5317771 0.846779 0.01334938 0.664062 0.7475238 0.01516635 0.6088418 0.7932835 -0.003600214 0.6660014 0.745756 0.01703583 0.6754734 0.7372113 -0.01597624 0.748472 0.6631441 -0.005426659 0.8314032 0.5556697 7.529716e-06 0.7424446 0.669268 -0.0292628 0.7424489 0.6692718 0.02906711 0.8211907 0.5704883 0.01374645 0.8577271 0.5140632 0.00657774 0.7248696 -0.6888426 -0.007741275 0.6704311 -0.7418932 0.01079401 0.7248213 -0.6887967 0.01390121 0.8577453 0.5140742 0.0007426576 0.8382128 0.5453429 -0.000708161 0.8807758 0.4735231 -0.003143244 0.919692 0.3925471 -0.008565795 0.8940195 0.4480274 0.0007396918 0.88078 0.4735254 0.0004961523 0.8588974 0.5121474 -0.0003705707 0.7057021 -0.7084773 -0.006674968 0.769578 0.6365174 0.05094363 0.7751358 -0.631791 0.002153588 0.7361402 -0.6768175 0.003964466 0.736146 -0.6768228 -2.655738e-05 0.7267798 -0.6868594 -0.003908227 0.7861572 0.6178943 -0.01278981 0.8585834 0.5126575 0.004106608 0.8159748 0.5780292 -0.008206595 0.7858032 0.617616 0.03261522 0.5710816 -0.8207063 -0.01751836 0.7134402 -0.7007146 -0.001496018 0.6995987 -0.7145281 0.003364704 0.713441 -0.7007154 0.0003109287 0.2789532 -0.9602601 -0.009256559 0.4063067 -0.9137329 0.002634931 0.294475 -0.9548175 0.040101 0.6631609 -0.7484739 0.002125385 0.6800603 -0.7331535 -0.00197135 0.6851513 -0.7283894 -0.004055087 0.6851568 -0.7283952 0.0007958284 0.86964 0.4934885 -0.0139766 0.8697138 0.4935304 0.005044297 0.8906847 0.4542958 -0.01720367 0.4635936 -0.8860173 0.007365106 0.315842 -0.948788 -0.006724532 0.4558099 -0.8899464 0.01525707 0.3122892 -0.949979 -0.003923361 0.3053848 -0.9522189 0.004391607 0.4636017 -0.8860329 -0.00436798 0.4344243 -0.9007034 -0.002951859 0.3158464 -0.9488013 0.004117502 0.6368805 -0.7709098 -0.009016882 0.5334256 -0.8458204 0.00672169 0.5334139 -0.8458281 0.00667405 0.5704637 -0.8198184 0.04968956 0.5890954 -0.8076502 0.02584333 0.6322334 -0.7747597 0.005344548 0.5709931 -0.8207902 -0.01644363 0.6601816 -0.7509418 0.01570677 0.6466678 -0.7626081 -0.01580475 0.5965405 -0.8025485 -0.007436464 0.5823207 -0.8129523 -0.003331634 0.5539785 -0.832409 0.0142469 0.8833312 -0.4687277 0.004515959 0.858954 -0.5120398 -0.003640365 0.8078064 -0.5894454 -0.001728996 0.7616913 -0.6479188 -0.005263415 0.8406516 -0.5407998 -0.02898993 0.7639944 -0.6452228 -0.0002994985 0.8264276 -0.562914 0.01205177 0.8589398 -0.5120313 0.006806799 0.846097 -0.5330092 -0.004594237 -0.0934719 -0.9955058 -0.01519896 -0.07680459 -0.9970408 -0.003261807 0.0400926 -0.9989584 -0.02178861 -0.003761768 -0.9999896 0.00254691 -0.09908772 -0.9950631 -0.005576331 0.04590347 -0.9989282 0.005948887 0.2136054 -0.9769135 -0.003607159 0.2747002 -0.960892 0.03502057 0.3021162 -0.9526943 -0.03315775 0.180243 -0.9836217 0.0008879607 0.08049635 -0.9967296 -0.007096291 0.08403755 -0.996437 0.007147801 -0.1101006 -0.9938932 -0.007358658 -0.1031751 -0.9943231 -0.02600984 -0.09902512 -0.9950672 -0.005933315 0.04596866 -0.9989273 0.005577895 0.07058416 -0.9974814 0.006983778 0.07307975 -0.9964873 -0.04089517 -0.2611552 -0.9650996 -0.01951584 -0.2685736 -0.9631981 -0.01085313 -0.4168123 -0.9087719 0.02002615 0.09386768 -0.9955612 -0.006831084 0.2681904 -0.9633387 0.007249038 0.2627308 -0.9642895 0.03344233 -0.4160669 -0.9091737 0.01707361 -0.2476688 -0.9684896 0.02623386 -0.3167646 -0.9484965 -0.0038055 -0.2313233 -0.9728757 -0.001538807 0.2712868 -0.9622595 0.02144976 0.3565527 -0.9338859 0.02696661 0.3705115 -0.9276363 0.04703457 0.3666631 -0.9295802 -0.03793042 0.08128397 -0.9953037 0.05256945 0.1803297 -0.9835532 -0.01021945 0.07689333 -0.996825 0.02067126 -0.3118342 -0.9501362 0.0007612733 -0.2348683 -0.9718198 0.02007737 -0.3137281 -0.9495043 0.004040472 -0.2421227 -0.9701797 -0.0113159 0.2667026 -0.9635611 -0.02048752 0.1820096 -0.983295 0.001855876 0.1349293 -0.9907245 -0.01609556 0.2745198 -0.9615802 0.001499405 0.235398 -0.9718981 -0.001403277 -0.3387227 -0.9408342 -0.009899247 0.8847557 -0.4659409 -0.01031538 0.7729625 -0.6328731 0.04472781 0.7735879 -0.6333852 -0.01962141 0.5368485 -0.8429322 -0.03547982 0.5635898 -0.8260052 0.009060822 0.6700386 -0.742263 -0.009689152 0.6823624 -0.7308241 -0.0166672 0.6431019 -0.7657797 0.001185901 0.6003919 -0.7997043 -0.001592589 -0.5135692 -0.8576218 -0.02704558 -0.4160542 -0.9089847 0.02541333 -0.3881201 -0.9216077 -0.001440804 -0.3946267 -0.9183316 0.03060812 -0.3488213 -0.9354057 -0.05779206 -0.3996308 -0.916577 0.01348217 0.7902156 -0.6126485 -0.01487097 0.8642325 -0.5030702 0.004745201 0.7900091 -0.6124885 0.02726609 0.8642002 -0.5030513 -0.009873585 0.8533902 -0.521253 0.004526068 0.8217025 -0.5698444 -0.009081302 0.6896827 -0.7241001 0.004071668 0.5689723 -0.8223476 -0.003857177 -0.1064957 -0.9942873 0.007177653 -0.2205949 -0.9753635 -0.002002267 -0.09640998 -0.9953157 -0.007181845 0.5607539 -0.827944 -0.007997553 0.551199 -0.8342646 0.0135033 0.6790484 -0.7339516 0.01442954 0.6275839 -0.7785405 -0.003635315 0.680469 -0.7326076 0.01574302 0.6896084 -0.724022 -0.01524442 0.5689286 -0.8222845 0.01297641 -0.3143266 -0.9490247 -0.02346984 -0.2848807 -0.9584588 0.01412931 -0.3603865 -0.9327784 0.006783947 -0.3133153 -0.9491763 -0.02996396 -0.2706318 -0.9626581 -0.006911507 -0.09277498 -0.9956591 0.007454007 -0.09838304 -0.9945519 0.03445831 -0.03148112 -0.998655 0.04119846 -0.04309138 -0.9982203 -0.0412224 -0.5016142 -0.864899 0.01824636 -0.4609852 -0.8872066 -0.0188988 -0.4765158 -0.878996 0.01728532 -0.4312627 -0.9022155 -0.004436351 -0.0008287216 -0.9999994 -0.0006670504 0.1441202 -0.989559 -0.001527858 0.1410121 -0.9900076 0.0006058308 0.1453758 -0.9893636 0.0050687 0.005356585 -0.9999686 0.00583034 0.003113544 -0.9999782 -0.00581198 -0.5395263 -0.8419616 0.003482914 -0.4841735 -0.8749062 0.0107235 -0.601559 -0.7988281 0.0006652636 -0.5646987 -0.8252972 -0.0001995156 -0.5076097 -0.8615853 0.001735856 -0.5646769 -0.8252654 -0.008774177 -0.5230659 -0.8522921 -0.0004618067 -0.5395291 -0.8419659 0.001282131 -0.2768124 -0.9606251 0.02396487 -0.1783647 -0.9839385 -0.007158328 -0.9353313 -0.3537541 0.003662101 -0.1853362 -0.9826719 0.002525642 -0.1448607 -0.9894387 0.005143018 -0.1496176 -0.9885424 -0.01996342 -0.2248056 -0.974403 -0.001059284 -0.2936445 -0.955896 -0.005981747 -0.8928879 -0.4459989 -0.06193634 -0.9358644 -0.3523214 0.005242694 -0.9206247 -0.3904202 0.004730543 -0.974861 -0.22193 0.01982131 -0.9629431 -0.2696379 -0.005986461 -0.9561993 -0.292712 -0.0016176 -0.9629022 -0.2696264 0.01100191 -0.9952163 -0.04260703 -0.08791582 -0.9931899 -0.1148829 -0.01938277 -0.9772685 -0.2116657 0.01199821 -0.9660586 -0.2583126 0.00228027 -0.9773346 -0.21168 -0.002931289 -0.7898261 -0.6133308 -0.0003414064 -0.7555196 -0.6551257 0.0006029235 -0.5906074 -0.8064569 -0.02846388 -0.9219171 -0.3873842 0.001586872 -0.9562004 -0.2927123 -0.0004143597 -0.9660471 -0.2583095 -0.005405407 -0.3072348 -0.9514017 -0.02101444 -0.3365121 -0.9413008 0.02669078 -0.8074478 -0.5898114 0.01227565 -0.2575262 -0.9662644 0.003643933 -0.3359702 -0.9416121 0.02215089 -0.2377427 -0.9711009 -0.02101061 -0.9604927 -0.2783051 -2.872317e-05 -0.9959791 -0.0880983 -0.01625906 -0.9766788 -0.2147054 2.13168e-05 -0.3603719 -0.9327714 0.008349618 -0.4245708 -0.9053901 -0.002872497 -0.4632589 -0.8861915 0.007462203 -0.2687372 -0.9625528 -0.03567111 -0.3612466 -0.9324555 0.005247059 -0.2824454 -0.9591462 0.0162221 -0.2795317 -0.9599329 0.01977044 -0.2879378 -0.9573253 0.02490141 -0.5761138 -0.8164981 0.03773326 -0.4302401 -0.9025213 -0.01867827 -0.4332854 -0.901176 -0.01206137 -0.3812746 -0.9244485 -0.0049475 -0.4908406 -0.8711873 -0.01039944 -0.3852018 -0.9226999 -0.01563658 -0.389248 -0.9210882 -0.00909223 -0.4191822 -0.907828 0.01160499 -0.4854766 -0.8742356 0.004946213 -0.48028 -0.8771099 0.003082562 -0.7563307 -0.6541817 -0.003204742 -0.7098418 -0.7043338 0.006208911 -0.807891 -0.5891948 -0.01271197 -0.76333 -0.6460087 -0.0004058033 -0.788284 -0.6153116 -0.0002939233 -0.76333 -0.6460087 0.0003878466 -0.3910636 -0.9203629 0.001189264 -0.1895148 -0.9814603 -0.02863199 -0.2577208 -0.9661525 0.01137204 -0.2795862 -0.96012 -0.001129135 -0.3907789 -0.9204833 0.00155874 -0.3891061 -0.9211921 -0.001274251 -0.2658492 -0.9640136 0.001326929 -0.5915245 -0.8062447 -0.00825374 -0.6969922 -0.7170494 -0.006473922 -0.6621304 -0.749382 0.003162693 -0.695137 -0.7187909 -0.01114434 -0.597449 -0.8018898 0.005244766 -0.5931671 -0.805044 0.007553384 -0.7096601 -0.7041535 -0.02346111 -0.9962807 -0.0861664 7.361962e-07 -0.9895015 -0.1442802 0.008368179 -0.9893698 -0.1451809 -0.008366344 -0.8258916 -0.5592764 -0.07150459 -0.8704516 -0.4919181 0.01818727 -0.8974226 -0.4407943 0.01824979 -0.882701 -0.4699336 0.001102178 -0.9269217 -0.3752542 0.0006018702 -0.9511901 -0.3086054 -0.0005213106 -0.9566383 -0.2912591 0.003371785 -0.9268453 -0.3752232 -0.01285473 -0.9301853 -0.3670896 -0.0007533135 -0.9511634 -0.3085968 0.007491748 -0.9364251 -0.3506148 -0.01330873 -0.9926929 -0.1206532 0.001923707 -0.9600018 -0.2794804 -0.01694629 -0.9601075 -0.2795112 0.00819018 -0.9669847 -0.2548344 -0.0002924389 -0.994122 -0.07897784 0.07405342 -0.9752081 -0.2205072 -0.01859507 -0.8502113 0.5264301 -0.003476864 -0.9133723 0.4070553 0.007553048 -0.8361397 0.5479488 -0.02495049 -0.9527888 0.3025847 -0.02521821 -0.9133393 0.4071385 0.007043701 -0.8320857 0.5546066 -0.006712188 -0.9121084 0.4090981 0.02640047 -0.9026909 0.4302793 0.002967911 -0.9038588 0.4269613 0.02726583 -0.9067556 0.4214641 0.01273321 -0.8274376 0.5594217 0.04893087 -0.8635826 0.5042053 -0.001452739 -0.8172645 0.5762557 0.002866922 -0.9482038 0.3174642 0.01122853 -0.9245374 0.3810221 -0.007267192 -0.9649557 0.2622743 -0.008515816 -0.8225583 0.5683857 0.01832011 -0.8848382 0.4629709 -0.05214908 -0.8790659 0.4766102 -0.009267109 -0.8649395 0.501852 0.004927044 -0.8286046 0.5596952 -0.01247061 -0.9578639 0.2862565 -0.02353751 -0.9698432 0.2391335 0.04710929 -0.9280592 0.3722245 -0.0124541 -0.9195762 0.3915546 -0.03262683 -0.7100012 0.7041953 -0.002705465 -0.6007858 0.7994062 0.002496564 -0.6801346 0.7330865 0.001038325 -0.5998951 0.799938 -0.01500268 -0.6392131 0.7690294 -0.0006547211 -0.7094578 0.7046059 -0.0141453 -0.6106443 0.7918519 -0.009163555 -0.9209747 0.3884472 0.03024112 -0.9675354 0.2447153 -0.06316236 -0.9263595 0.3763592 0.01455791 -0.7213735 0.6925462 0.0002261241 -0.7212039 0.6927228 -0.0002262789 -0.8151121 0.5792606 -0.00703402 -0.7947799 0.6068978 -4.539132e-05 -0.963707 0.2667993 0.009324572 -0.9558647 0.2925048 0.02763545 -0.7210748 0.6928571 0.0002335361 -0.7215315 0.6923813 0.0006398372 -0.7955049 0.6059473 0.0001266783 -0.7219106 0.6919861 -0.0006345913 -0.7210339 0.6928995 -0.0006404181 -0.9363024 0.3504401 -0.02301181 -0.830828 0.5562842 -0.01651234 -0.8905529 0.4548039 0.008301827 -0.4886024 0.8725066 2.272656e-05 -0.4726262 0.8812612 -0.001770515 -0.4182955 0.9080797 -0.0204985 -0.4484558 0.8937761 -0.007192811 -0.5768389 0.8168579 0.0002325414 -0.5769916 0.81675 -0.0002287699 -0.9499807 0.3094957 0.0418236 -0.9492057 0.3133528 0.02861314 -0.907164 0.4207675 -0.002841639 -0.888922 0.4580323 0.00490084 -0.8964092 0.4427197 -0.02121251 -0.5766335 0.8170029 -0.0002318753 -0.4107368 0.9117539 0.0002282886 -0.8663836 0.4993665 -0.00354743 -0.8196172 0.5729051 -0.002713839 -0.8358349 0.5486765 0.01827964 -0.9103876 0.411759 -0.04060809 -0.8656965 0.5005673 0.001380001 -0.8262029 0.561095 -0.05060892 -0.8990787 0.4377816 -0.002210513 -0.5766815 0.8169688 0.000641148 -0.5771319 0.8166507 -0.0006419885 -0.5777213 0.8162338 0.0006446156 -0.410683 0.911778 -0.0006453657 -0.4833399 0.8754327 -0.0001043072 -0.834665 0.5507469 0.003490933 -0.8549969 0.51863 0.001752313 -0.8404657 0.5413712 0.02312383 -0.9148539 0.4037681 -0.003707448 -0.9148509 0.4037762 -0.003568094 -0.5849599 0.8102771 0.03567768 -0.7200204 0.6931383 0.03361556 -0.7226329 0.6912309 0.001227679 -0.5783801 0.8157665 -0.001235195 -0.7096014 0.7046027 0.0009697461 -0.5961171 0.8028969 -0.0009704639 0.5961651 0.8026277 -0.01938916 0.5817716 0.813202 0.01563284 0.4738275 0.8802124 -0.02671613 0.510031 0.8600078 0.01596225 0.4739782 0.8804924 0.008821224 -0.7047461 0.7092218 0.0183656 -0.6028461 0.7976603 0.01773394 -0.7095643 0.7046406 3.688113e-05 -0.5961599 0.8028657 -4.324542e-05 -0.6819054 0.7314404 1.982954e-05 -0.6298754 0.7766962 -1.680543e-05 -0.8547128 0.5184577 -0.02584197 -0.907664 0.419109 0.02221931 -0.7994583 0.5862847 -0.1309074 -0.9264301 0.3764032 -0.006924977 -0.9439378 0.3151369 0.09833646 -0.4119012 0.9111332 0.0131819 -0.4150365 0.9097705 0.007896921 -0.2705909 0.9626786 -0.005529226 -0.4037794 0.9148514 -0.003038027 -0.8587476 0.5123985 -0.0007005585 -0.9211498 0.3892074 0.0007919637 -0.9193289 0.3934562 -0.005171947 -0.8417154 0.5398988 0.004962896 -0.8513282 0.5243329 0.01775761 -0.9193866 0.3933122 -0.005808314 -0.918695 0.3949559 -0.003032801 0.6713581 0.7410101 -0.01350269 0.6607352 0.7506035 -0.004833719 0.5597693 0.8285234 -0.01439799 0.5818319 0.8132863 0.006091053 0.6734346 0.7392037 -0.007986167 0.5511146 0.834383 0.008817843 0.7765231 0.6293018 -0.03147946 0.8046678 0.5936809 0.007258223 -0.1304906 0.9913216 0.0159276 -0.148469 0.9889151 -0.001916531 -0.1504685 0.98861 0.00308951 -0.2644336 0.9641536 -0.02197055 -0.2746488 0.9615422 0.002124122 -0.2741222 0.9616908 0.002764549 0.5143378 0.8575693 0.005615472 0.6734508 0.7392215 -0.003926103 0.5511321 0.8344095 0.003751718 0.6661495 0.7456229 0.01706979 0.6327069 0.7743898 -0.001545474 0.5355924 0.843804 -0.03369766 0.7617961 0.6463232 -0.04396695 0.7768436 0.6295616 0.01289045 0.878588 0.4774173 0.01248394 0.8519966 0.5235261 -0.004713615 0.8519827 0.5235175 0.007403281 0.8381495 0.5454376 -0.001822858 0.922469 0.3858304 -0.01363092 0.880885 0.4732299 0.00974828 0.8572798 0.5148484 0.001580751 0.8809251 0.4732514 -0.002046066 0.7408246 0.6710567 -0.0293574 0.7406933 0.6709377 0.03487268 0.7590736 0.6504517 -0.02682869 0.731856 0.6811812 0.01946503 0.7392284 0.6722437 0.04036918 0.8190606 0.5735059 -0.01518864 0.8245609 0.5657695 0.002078608 0.8007627 0.5985104 0.02375555 0.8361923 0.5484363 0.0004480791 0.8151128 0.5789338 -0.02065956 0.8654222 0.5010301 -0.003648889 0.8564712 0.5161927 0.001464304 0.8569918 0.51533 6.89716e-05 0.856472 0.5161932 -0.000470859 -0.06605884 0.9977694 -0.009618846 -0.1648714 0.986306 0.004239392 0.9196793 0.3925411 0.01006545 0.8940191 0.4480283 -0.0007090475 0.8795958 0.4757113 0.003172402 0.8796002 0.4757138 -8.576579e-05 0.03691083 0.9983342 -0.04434449 -0.01170066 0.9998749 0.01064267 -0.09189787 0.9956452 0.0156647 0.01335119 0.9992266 0.03698483 -0.1112674 0.9936988 -0.01350718 -0.2123158 0.9766002 0.03426642 -0.229525 0.9732907 -0.004852299 -0.09905156 0.9949849 0.01392852 -0.2254528 0.9741421 -0.01477513 0.908969 -0.4166219 0.01419879 0.4577375 0.8890764 0.004424112 0.4501478 0.8928949 -0.01027625 0.5500734 0.8349373 -0.01728918 0.5561558 0.831064 -0.004818069 0.446984 0.8944496 0.01285743 0.5301831 0.8471823 0.03446734 0.8914858 -0.453023 -0.004831678 0.8432136 -0.5375272 0.007443273 0.8167588 -0.5760315 -0.03305711 0.8914322 -0.4529958 0.0119748 0.8821712 -0.4709154 -0.003563353 0.8027426 -0.5943514 -0.04848426 0.8171462 -0.5763047 0.01204695 0.5621018 -0.826885 0.01739672 0.6406589 -0.7676811 -0.01489576 0.5346599 -0.844813 -0.02073178 0.6529191 -0.7573497 0.01086497 0.6510138 -0.7587817 0.02076803 0.7871193 0.616714 -0.01034818 0.8212682 0.5705421 -0.0003905918 0.8382128 0.5453429 0.0005127998 0.8588672 0.5121294 -0.008402247 0.8680634 0.49615 -0.01735004 0.5224305 -0.8522829 0.02608091 0.5974247 -0.8019171 -0.00355335 0.923867 -0.3825703 -0.01047831 0.5965569 -0.8025526 -0.005400636 0.8727782 0.4881112 0.002400797 0.7847481 0.6198105 -0.002311804 0.5975264 -0.8017797 -0.01056313 0.6232519 -0.7801988 -0.0533579 0.705712 -0.7084873 -0.00403205 0.7202116 -0.6935629 -0.01631057 0.5219144 -0.851441 0.05151544 0.5520336 -0.8337932 0.006920811 0.5518364 -0.8339148 0.0079181 0.4889487 -0.8722011 -0.01394274 0.8903221 -0.4552766 0.007045942 0.9021405 -0.4312741 -0.01204324 0.902187 -0.4312964 0.006475022 0.8802164 -0.4745265 -0.006598309 0.9182527 0.3914852 -0.05959244 0.9262276 0.3764249 -0.02017038 0.9477455 0.3190275 0.0001463656 0.9195478 0.3920373 0.02717878 0.9810351 0.193733 0.006145656 0.9694287 0.2453721 -0.0007674706 0.9653171 0.2609326 -0.008775753 0.7847384 0.619803 -0.005454779 0.8702024 0.4924544 0.01537596 0.872769 0.4881061 0.005163572 0.8585874 0.5126598 0.00275374 0.7784225 0.6271856 -0.02639561 0.770557 0.6373272 -0.00746982 0.482672 -0.8752033 -0.0323555 0.6165316 -0.7872982 0.007094204 0.6240805 -0.7812361 -0.01391515 0.5497194 -0.8353463 0.002232587 0.4897412 -0.8716818 -0.01801128 0.4667975 -0.8842239 0.01575356 0.6081844 -0.7936768 -0.01374399 0.7231823 -0.6906183 -0.007331524 0.6008101 -0.7993522 0.007973607 0.9651558 0.2611792 0.01611038 0.9950761 0.09899116 -0.004935533 0.9980696 0.02424861 -0.05717479 0.9831964 0.1825446 0.001496036 0.7660008 -0.6427218 -0.01230877 0.7706245 -0.636093 0.03903569 0.846939 -0.5314317 -0.01657913 0.9745402 0.2242124 0.0005504245 0.9831991 0.182534 -0.0009510419 0.663162 -0.7484752 -0.0009823608 0.7195521 -0.6942267 0.01714306 0.6070386 -0.7945868 0.01166497 0.6995957 -0.714525 0.004453366 0.6800615 -0.7331548 0.0007702527 0.7231884 -0.6906242 0.00606973 0.6008164 -0.7993606 -0.00650824 0.7867098 -0.6171221 -0.01574953 0.7991464 -0.6006845 0.02330965 0.8027927 -0.5959731 0.01843503 0.8337022 -0.5520676 -0.0127317 0.8538097 -0.5204488 0.01192046 0.8529928 -0.5217352 0.01398695 0.9971431 0.07549213 -0.002536917 0.9920875 0.1160839 -0.04782028 0.9904568 -0.137751 0.004458047 0.9963813 -0.08022564 -0.02807474 0.9975742 -0.03845262 -0.05802647 0.9958642 -0.09085257 0.0005859704 0.979324 -0.2022639 -0.003717935 0.9625595 -0.2705505 0.01677988 0.92452 -0.3810564 0.007678925 0.9653155 -0.260728 -0.01366972 0.9250513 0.3790743 -0.02413926 0.9244691 0.3788357 0.04289967 0.924497 -0.3811143 0.007554093 0.9147756 -0.4032848 -0.02338732 0.9561627 -0.2927204 -0.008223634 0.9793237 -0.202286 0.00228558 0.9897324 -0.1351315 -0.04657404 0.9706356 -0.2405529 -0.0009026628 0.9706054 0.2406591 0.002881555 0.9330317 0.3596708 -0.009417821 0.9326752 0.3595334 0.02920377 0.9473035 0.3202732 -0.00641555 0.9592498 -0.2824461 0.008001363 0.957907 -0.2867807 0.01307479 0.9748154 0.2227342 -0.01115709 0.9748698 0.2227466 0.00357663 0.9977536 0.05645204 0.03606862 0.9823361 0.1866094 -0.01388625 0.906168 -0.4224625 0.0196156 0.9376171 -0.3476557 -0.003107684 0.9355111 -0.3529105 -0.01652412 0.8979657 -0.4393607 -0.02489798 0.8954416 -0.4450274 0.0116147 0.9934538 0.1094855 0.0325945 0.9964089 0.08466438 0.001048413 0.8087646 -0.5878011 -0.01974428 0.7190129 -0.6946033 -0.02338084 0.7529526 -0.6578937 0.01543808 0.7192007 -0.6947848 0.004935996 0.7964678 -0.6044131 0.01799928 0.9942619 -0.1069683 -0.001067229 0.9909886 -0.1306852 0.02937677 0.996201 -0.08046223 0.03330688 0.9643951 -0.2639228 -0.01693427 0.7965963 -0.6045105 0.001162659 0.7880204 -0.615621 -0.005882169 0.8533967 -0.521257 0.002314352 0.8652585 -0.5012196 0.01031646 0.8652586 -0.5012197 -0.01030991 0.7880263 -0.6156256 -0.004438858 0.8461058 -0.5330147 -0.000607066 0.9410652 -0.337416 0.02338366 0.9061425 -0.4222546 0.02463447 0.9037659 -0.4278769 -0.01134224 0.9668279 -0.2553712 -0.005419658 0.9442561 -0.3292031 0.002402007 0.9240099 -0.381553 0.02496098 0.9148511 -0.402968 -0.02577127 0.9714495 -0.2363597 -0.02049545 0.9635424 -0.2672387 0.01302321 0.9342965 -0.3562256 -0.01389935 0.9346993 -0.3550454 -0.016735 0.974592 -0.2228075 0.02296134 -0.6295587 -0.776832 -0.01370071 -0.6445531 -0.7645336 -0.006282647 -0.7308347 -0.6824328 -0.01288869 -0.7404239 -0.6721081 -0.006575522 -0.7296993 -0.6830095 -0.03220171 -0.6720434 -0.7405117 0.0003327343 -0.7088087 -0.7054005 -0.0006979734 -0.6304933 -0.7761809 0.004638416 -0.5076104 -0.8615865 -0.0007400067 -0.4841956 -0.8749461 -0.004900856 -0.5230659 -0.8522922 0.0002264566 -0.6021041 -0.7984061 -0.004283049 -0.5992522 -0.8005487 0.00430107 -0.4470732 -0.894427 -0.01121759 -0.4279062 -0.9034105 -0.02730732 -0.9208972 -0.3898023 -0.001555864 -0.8705775 -0.4920309 0.000708644 -0.8519741 -0.5230111 -0.0244841 -0.9208945 -0.3898085 -0.00159141 -0.8462036 -0.5328573 0.00161648 -0.4413106 -0.897344 0.004330381 -0.5953073 -0.8034872 -0.004179979 -0.8146009 -0.5796365 0.02113867 -0.8441904 -0.5353564 0.0271314 -0.8286374 -0.5596052 -0.01422171 -0.4463102 -0.894754 0.01491286 -0.4414056 -0.8972884 0.005885547 -0.5846624 -0.8112533 -0.006160023 -0.4628061 -0.8864522 0.003602028 -0.5907792 -0.8068094 0.006201903 -0.5951747 -0.8035709 -0.006393091 -0.8707611 -0.4910795 -0.02482115 -0.8786092 -0.4775356 -0.002350185 -0.9533393 -0.3005926 -0.02807459 -0.9192173 -0.3928745 0.02624748 -0.9085134 -0.4178348 0.004192869 -0.956377 -0.2845381 -0.06618824 -0.9066468 -0.4216516 0.01418995 -0.7374022 -0.6754405 0.004251252 -0.734059 -0.6790724 -0.004260394 -0.8075082 -0.5898556 -0.0009657789 -0.862273 -0.5058817 -0.02385179 -0.86283 -0.5053957 -0.009978147 -0.8473126 -0.53096 0.01195042 -0.9021336 -0.4314549 0.001256744 -0.7316244 -0.6816941 0.004350362 -0.8423617 -0.5388963 -0.004176132 -0.5755126 -0.817561 0.01947352 -0.7125999 -0.7013397 -0.01799929 -0.7150251 -0.6981673 0.036077 -0.8079532 -0.5892403 0.002760776 -0.7316941 -0.6816074 0.005922172 -0.7266421 -0.6869887 -0.006147157 -0.7229761 -0.6908458 0.006129608 -0.7882838 -0.6153115 -0.0006728441 -0.6902879 -0.7233892 -0.01451533 -0.5753782 -0.8177214 0.01648141 -0.6621336 -0.7493857 0.0004798515 -0.5702025 -0.8215035 -0.00113874 -0.6944619 -0.7195285 0.001114045 -0.5603338 -0.8282659 -0.001323884 -0.5441976 -0.8381339 -0.03715656 -0.6926712 -0.721023 0.01823317 -0.5466729 -0.8361349 0.04502247 -0.9300766 -0.367224 -0.01019247 -0.9720788 -0.2346097 -0.004603068 -0.9419081 -0.3357065 0.01050561 -0.9307765 -0.3655134 -0.007418304 -0.9704502 -0.2411265 -0.009195689 -0.9217447 -0.387582 0.01291151 -0.9217579 -0.3865024 0.03127911 -0.9684725 -0.2431589 -0.05417435 -0.9281723 -0.3719075 0.01345689 -0.8127375 -0.582321 -0.01897536 -0.8121562 -0.5834393 0.0009803576 -0.8205327 -0.5714701 0.01216098 -0.9648365 -0.2627024 0.008826786 -0.9577141 -0.2866118 0.02524468 -0.8735932 -0.4865618 0.009611312 -0.8583506 -0.5130454 -0.004312818 -0.8824176 -0.4665878 0.06029223 -0.8577797 -0.5140173 -0.000491326 -0.9231077 -0.3844673 0.007537908 -0.9467924 -0.321601 -0.01252489 -0.898196 -0.4385296 -0.03059029 -0.9023823 -0.4307386 -0.01305962 -0.9072845 -0.4197744 -0.02498676 -0.8979678 -0.4400601 0.0009787912 -0.9525924 -0.3031494 0.02584409 -0.8290415 -0.5590531 0.01224039 -0.8162434 -0.5771975 -0.02428578 -0.8608426 -0.5088547 0.004104542 -0.8279248 -0.5606533 0.01443838 -0.9078231 -0.4185708 -0.02560744 -0.9078063 -0.4188724 -0.02082302 -0.8597698 0.5104477 -0.01546652 -0.8887377 0.4582908 0.0107095 -0.9198885 0.3919159 -0.01438968 -0.9204945 0.3904912 0.01437174 -0.896854 0.4418897 -0.01965488 -0.8605619 0.5092084 0.01183373 -0.8876529 0.4570492 0.05637676 -0.8879703 0.4593636 0.02222146 -0.8209686 0.5708678 -0.01097462 -0.8213633 0.5704055 -0.0001474867 -0.8364334 0.5463076 -0.04390042 -0.8203004 0.57187 0.008491125 -0.8832629 0.4684482 -0.02007591 -0.8396553 0.5412735 0.04474485 -0.8200601 0.5722772 0.000409119 -0.8842319 0.4669237 0.01077843 -0.9128181 0.4083332 -0.005200734 -0.917575 0.3973377 -0.01337613 -0.8569537 0.514874 -0.02313335 -0.8466609 0.5290154 0.05751611 -0.9142337 0.4048286 0.01704484 -0.8467777 0.5318347 0.01092693 -0.8890458 0.457796 -0.004504186 -0.9126406 0.4070765 -0.03709362 0.7721276 0.6349659 0.02524343 0.762531 0.6469467 0.002544 0.8381507 0.5454385 -0.0004680381 0.8572354 0.5148217 -0.01029757 0.8631861 0.5046179 -0.01644967 0.8667613 0.49872 -0.001835663 0.7791828 0.6267939 0.001859277 0.9480354 0.3181643 0.0006011134 0.9284436 0.3705824 -0.02571593 0.8191551 0.5735722 -2.720041e-06 0.7791842 0.626795 -2.206449e-05 0.7818756 0.6233648 0.009324802 0.8667626 0.4987208 2.848467e-05 0.8361923 0.5484363 6.984665e-06 0.8627256 0.5053952 0.01674032 0.8569441 0.5153013 0.01055718 0.9160384 0.3958381 -0.06469847 0.9176251 0.3965238 0.0270712 0.9287481 0.3707039 0.002338893 0.9968568 0.0708826 -0.03538433 0.9767577 0.2137581 0.01586748 0.9705962 0.2407088 -0.00155514 0.9671317 0.2542742 -0.0009368165 0.9705216 0.2406903 0.01248656 -0.2118849 0.9767193 -0.03352588 -0.3496189 0.9368888 -0.002451482 -0.200141 0.9797642 -0.002403634 -0.2493847 0.9684034 0.001470208 -0.3501412 0.9366951 0.001871458 -0.2146535 0.9766119 -0.0123691 0.9946945 0.1026213 0.007199159 0.9909412 0.1315624 -0.02696178 0.9943369 -0.1062743 -0.0002204571 0.9986548 -0.03328829 -0.0397552 0.9977819 -0.06619181 -0.007067592 0.9857712 -0.168077 -0.002316823 0.9553099 -0.2946383 -0.0238996 0.9817086 -0.1903323 0.004679212 0.9949501 -0.09282774 -0.03817613 0.9857699 -0.1680767 0.002827306 0.9801126 -0.1984355 -0.001626582 0.9697663 0.2440083 0.00362986 0.9477186 0.3190187 0.007513203 0.9653537 0.2609425 -0.001082761 0.932846 0.3584557 0.03616494 0.9752325 0.2208673 -0.01179858 0.9845357 0.1745764 -0.01458089 0.975287 0.2208797 0.00522383 0.9975946 0.05098427 0.04696345 0.9908395 0.1308281 0.03348039 0.9956095 0.09327377 -0.007849428 0.9982241 -0.04792722 0.0353771 0.9917803 -0.1279441 -0.001411797 0.9949051 -0.09468866 0.03461283 0.9651173 -0.2606744 0.02444305 0.9833825 -0.1815101 0.003598493 0.9972264 -0.07385466 0.009219443 0.9451357 -0.3259478 -0.02182828 0.9784808 -0.2056509 -0.01682599 0.9754648 -0.2181328 -0.02977534 0.9445891 -0.3257593 0.04040161 0.947749 -0.3183156 0.02114488 0.8983086 -0.4390464 -0.01672417 0.8821767 -0.4709184 -0.0003475668 0.8036873 -0.5950509 0.001173594 0.814796 -0.5788816 0.03167931 0.9016966 -0.4323686 -0.0008035047 0.8234493 -0.5673893 0.0008136959 0.8996217 -0.4364088 0.01510397 0.8903399 -0.4552856 0.003167972 0.823434 -0.5673788 -0.00613187 0.901682 -0.4323616 0.005746825 0.8455406 -0.5338982 -0.003719575 0.8285688 -0.5597046 0.01430152 0.9950714 0.09913886 0.002080713 0.9952134 0.09770355 -0.002060207 0.9523451 0.303449 -0.03094358 0.9652492 0.2612045 -0.008130824 0.9745425 0.2242026 -0.0002950376 0.9496957 0.3131673 -0.002065432 0.9953519 0.09628185 0.002094114 0.9706094 0.2406601 0.0003738569 0.9952722 0.09711798 0.001212263 0.9951897 0.09795872 -0.001223189 0.9522998 0.3037486 0.0293561 0.9953533 0.09628198 -0.001227623 0.9496971 0.3131678 0.001218581 0.9926154 -0.1212864 0.002050677 0.9927858 -0.1198838 -0.002059005 0.9706627 -0.2404451 0.0002386062 0.9582391 -0.2858712 -0.007453617 0.9447623 -0.3261131 -0.03278052 0.9924415 -0.1227014 -0.002042952 0.9412845 -0.3376078 0.002102952 0.9925451 -0.1218721 -0.001205438 0.9645334 -0.2639607 -0.0003954332 0.9444804 -0.3271492 0.03049852 0.9926462 -0.1210465 0.001211097 0.9924429 -0.1227015 0.001204319 0.9412858 -0.3376083 -0.001233806 -0.8227098 -0.5684476 -0.003977994 -0.8231347 -0.5677562 0.01010569 -0.8863653 -0.4625145 -0.02090236 -0.8433752 -0.5357782 0.04074294 -0.8648667 -0.5015788 -0.02059416 -0.9170585 -0.398726 -0.004613979 -0.9214936 -0.3882039 -0.01213932 -0.8873352 -0.4610173 0.009963773 -0.8554602 -0.5176101 0.01635589 -0.9183123 -0.3955535 0.01549649 -0.8838965 -0.4675246 -0.01215519 -0.8553547 -0.5152969 0.05326945 -0.9168601 -0.3977441 -0.0341631 0.9460266 0.3229787 -0.02680574 0.9913734 0.1307888 0.008550555 0.9671291 0.2542735 0.002525115 0.9921387 0.1248474 -0.008603532 0.9422316 0.334845 0.008855445 0.9905356 0.1370022 -0.008348883 0.8956375 0.4440654 0.02528632 0.9315199 0.3579462 -0.06438417 0.943646 0.3307988 -0.01021624 0.8958954 0.4441933 -0.007989726 0.9422139 0.3348387 -0.01076427 0.9924344 0.1223348 0.01038988 0.9697703 0.2440093 -0.00223553 0.9915298 0.1294676 -0.01032489 0.9905204 0.1370001 0.01002691 0.9434047 0.3307142 0.02481611 0.9454357 0.3252972 0.01824887 0.9970217 -0.07665488 0.008471309 0.9974834 -0.07039372 -0.008455101 0.9801121 -0.1984354 -0.001908198 0.9636605 -0.2669551 0.009664363 0.9616621 -0.2730218 -0.02578918 0.9220847 -0.3869348 0.006397691 0.9650053 -0.2619238 -0.01267708 0.9219383 -0.3868734 -0.01894096 0.9265884 -0.3760493 -0.004577098 0.9617467 -0.2730458 0.02211695 0.9646255 -0.2634923 -0.008329387 0.9978855 -0.06440952 0.008723441 0.9973798 -0.07161882 0.01021608 0.9968038 -0.07923099 -0.01023171 0.9786155 -0.2056793 0.0028029 0.9656987 -0.2586126 0.02335925 0.9978672 -0.06440835 -0.01060989 0.9646108 -0.2634883 0.00999844 -0.006600067 0.9999782 -1.4569e-07 -0.00658211 0.9999783 -6.861779e-08 -0.006601201 0.9999782 -1.378258e-07 0 0 -1 0 0 -1 0 0 -1 0 -0 -1 0 0 -1 0 -0 -1 0 -0 -1 0 0 -1 0 0 -1 0 0 -1 -6.163357e-05 3.341537e-05 -1 -7.865298e-05 5.728686e-05 -1 0 -0 -1 0 0 -1 0 -0 -1 0 -0 -1 0 0 -1 0 -0 -1 0 0 -1 0 -0 -1 0 0 -1 0 -0 -1 6.326412e-06 -5.527104e-05 -1 0 -0 -1 6.994539e-06 -5.696558e-05 -1 0 0 -1 0 -0 -1 0 0 -1 -0 -0 -1 0 -0 -1 0 0 -1 -0 -0 -1 0 0 -1 9.054273e-06 3.874566e-05 -1 3.505928e-05 9.008146e-05 -1 -0 -0 -1 0 0 -1 -0 -0 -1 0 0 -1 -0 -0 -1 0 0 -1 -0 -0 -1 0 0 -1 -0 -0 -1 -0 -0 -1 0 0 -1 0 0 -1 -0 -0 -1 0 0 -1 -0 -0 -1 0 0 -1 -5.283915e-06 -4.186362e-06 -1 -0.0001110018 -6.280387e-06 -1 -9.406766e-05 4.199202e-06 -1 -1.465446e-05 5.899954e-06 -1 0 0 -1 -0 0 -1 0 0 -1 -0 0 -1 0 0 -1 -0 0 -1 0 0 -1 -0 0 -1 0 0 -1 -0 0 -1 0 0 -1 -0 0 -1 0 0 -1 -0 0 -1 0 0 -1 0 0 -1 -0 0 -1 0 0 -1 -6.203336e-06 8.489907e-06 -1 -4.736752e-06 2.607807e-06 -1 -0 0 -1 -0 0 -1 0 0 -1 0 0 -1 -0 0 -1 0 0 -1 0 0 -1 0 0 -1 0 0 -1 0 0 -1 0 0 -1 -2.806151e-06 3.411407e-06 -1 -2.900352e-06 3.265501e-06 -1 0 0 -1 0 0 -1 0 0 -1 0 0 -1 0 0 -1 0 0 -1 0 0 -1 0 0 -1 0 0 -1 0 0 -1 0 0 -1 0 0 -1 0 0 -1 0 0 -1 -0.00674198 -0.9999773 1.44674e-07 -0.006742252 -0.9999773 1.45294e-07 -0.006742014 -0.9999773 1.444398e-07</float_array>
          <technique_common>
            <accessor count="1589" source="#cubenormals-array0-array" stride="3">
              <param type="float" name="X"/>
              <param type="float" name="Y"/>
              <param type="float" name="Z"/>
            </accessor>
          </technique_common>
        </source>
        <vertices id="cubeverts-array0-vertices">
          <input semantic="POSITION" source="#cubeverts-array0"/>
        </vertices>
        <triangles count="1589" material="ref_Mesh">
          <input offset="0" semantic="VERTEX" source="#cubeverts-array0-vertices"/>
          <input offset="1" semantic="NORMAL" source="#cubenormals-array0"/>
          <p>0 0 1 0 2 0 0 1 3 1 1 1 4 2 5 2 6 2 7 3 8 3 9 3 8 4 10 4 11 4 12 5 13 5 14 5 15 6 13 6 12 6 16 7 17 7 18 7 18 8 17 8 19 8 16 9 20 9 17 9 16 10 21 10 20 10 22 11 23 11 24 11 23 12 25 12 24 12 25 13 26 13 27 13 26 14 28 14 27 14 29 15 30 15 31 15 32 16 33 16 34 16 34 17 33 17 35 17 35 18 33 18 36 18 36 19 33 19 37 19 37 20 33 20 38 20 39 21 40 21 41 21 40 22 42 22 43 22 44 23 45 23 46 23 47 24 48 24 49 24 42 25 50 25 51 25 52 26 53 26 54 26 52 27 54 27 55 27 56 28 18 28 19 28 4 29 57 29 5 29 58 30 59 30 60 30 58 31 60 31 61 31 11 32 9 32 8 32 27 33 24 33 25 33 46 34 31 34 30 34 46 35 30 35 62 35 46 36 62 36 44 36 16 37 33 37 63 37 16 38 63 38 64 38 16 39 64 39 21 39 63 40 33 40 32 40 39 41 50 41 40 41 40 42 50 42 42 42 65 43 66 43 67 43 68 44 66 44 65 44 68 45 69 45 66 45 68 46 70 46 69 46 71 47 70 47 68 47 69 48 72 48 66 48 71 49 73 49 70 49 74 50 73 50 71 50 69 51 75 51 72 51 70 52 75 52 69 52 74 53 76 53 73 53 70 54 77 54 75 54 73 55 77 55 70 55 74 56 78 56 76 56 79 57 78 57 74 57 73 58 80 58 77 58 79 59 81 59 78 59 76 60 82 60 73 60 73 61 82 61 80 61 78 62 83 62 76 62 76 63 83 63 82 63 81 64 84 64 78 64 78 65 84 65 83 65 81 66 85 66 84 66 86 67 87 67 88 67 88 68 87 68 89 68 90 69 87 69 86 69 90 70 91 70 87 70 92 71 91 71 90 71 92 72 93 72 91 72 94 73 93 73 95 73 91 74 96 74 87 74 93 75 97 75 91 75 91 76 97 76 96 76 93 77 98 77 97 77 94 78 98 78 93 78 97 79 99 79 96 79 100 80 99 80 101 80 94 81 102 81 98 81 103 82 102 82 94 82 98 83 104 83 97 83 99 84 104 84 101 84 97 85 104 85 99 85 102 86 105 86 98 86 98 87 105 87 104 87 102 88 106 88 105 88 103 89 106 89 102 89 104 90 107 90 101 90 105 91 107 91 104 91 101 92 107 92 108 92 106 93 109 93 105 93 105 94 109 94 107 94 107 95 109 95 108 95 108 96 109 96 110 96 106 97 111 97 109 97 109 98 111 98 110 98 112 99 111 99 106 99 113 100 114 100 115 100 116 101 117 101 113 101 113 102 117 102 114 102 115 103 118 103 119 103 120 104 121 104 116 104 116 105 121 105 117 105 114 106 122 106 115 106 115 107 122 107 118 107 114 108 123 108 122 108 124 109 125 109 120 109 120 110 125 110 121 110 117 111 126 111 114 111 114 112 126 112 123 112 121 113 127 113 117 113 125 114 127 114 121 114 117 115 127 115 126 115 128 116 129 116 124 116 124 117 129 117 125 117 125 118 130 118 127 118 131 119 132 119 128 119 128 120 132 120 129 120 129 121 133 121 125 121 125 122 133 122 130 122 131 123 134 123 132 123 132 124 135 124 129 124 129 125 135 125 133 125 136 126 137 126 138 126 138 127 137 127 139 127 137 128 140 128 139 128 137 129 141 129 140 129 136 130 141 130 137 130 140 131 142 131 139 131 143 132 144 132 136 132 136 133 144 133 141 133 144 134 145 134 141 134 144 135 146 135 145 135 147 136 146 136 144 136 148 137 149 137 150 137 140 138 149 138 142 138 142 139 149 139 148 139 147 140 151 140 146 140 149 141 152 141 150 141 141 142 152 142 140 142 145 143 152 143 141 143 140 144 152 144 149 144 150 145 152 145 153 145 145 146 154 146 152 146 152 147 154 147 153 147 153 148 154 148 155 148 154 149 156 149 155 149 155 150 156 150 157 150 145 151 156 151 154 151 146 152 156 152 145 152 151 153 158 153 146 153 156 154 158 154 157 154 146 155 158 155 156 155 159 156 158 156 160 156 160 157 158 157 151 157 161 158 162 158 159 158 158 159 162 159 157 159 159 160 162 160 158 160 157 161 162 161 163 161 161 162 164 162 162 162 165 163 166 163 167 163 167 164 166 164 168 164 165 165 169 165 166 165 170 166 169 166 165 166 171 167 172 167 173 167 173 168 172 168 170 168 170 169 174 169 169 169 172 170 175 170 170 170 170 171 175 171 174 171 171 172 176 172 172 172 177 173 176 173 171 173 176 174 178 174 172 174 169 175 179 175 166 175 172 176 180 176 175 176 178 177 180 177 172 177 174 178 181 178 169 178 169 179 181 179 179 179 176 180 182 180 178 180 67 181 183 181 65 181 65 182 183 182 184 182 184 183 183 183 177 183 177 184 183 184 176 184 176 185 183 185 182 185 175 186 185 186 174 186 174 187 185 187 181 187 175 188 186 188 185 188 180 189 186 189 175 189 180 190 187 190 186 190 180 191 188 191 187 191 180 192 189 192 188 192 67 193 190 193 183 193 178 194 190 194 180 194 182 195 190 195 178 195 183 196 190 196 182 196 180 197 190 197 189 197 79 198 191 198 81 198 192 199 191 199 79 199 192 200 193 200 191 200 194 201 193 201 192 201 72 202 195 202 196 202 75 203 195 203 72 203 193 204 197 204 191 204 191 205 198 205 81 205 195 206 199 206 196 206 196 207 199 207 200 207 197 208 201 208 191 208 191 209 201 209 198 209 194 210 202 210 193 210 203 211 202 211 194 211 193 212 202 212 197 212 202 213 204 213 197 213 197 214 204 214 201 214 84 215 205 215 83 215 83 216 205 216 82 216 84 217 206 217 205 217 85 218 206 218 84 218 195 219 207 219 199 219 206 220 208 220 205 220 206 221 209 221 208 221 210 222 211 222 212 222 213 223 211 223 210 223 214 224 211 224 215 224 206 225 216 225 209 225 217 226 218 226 213 226 213 227 218 227 211 227 219 228 220 228 221 228 222 229 220 229 216 229 223 230 220 230 222 230 221 231 224 231 2 231 220 232 224 232 221 232 223 233 224 233 220 233 218 234 225 234 211 234 211 235 225 235 215 235 226 236 225 236 218 236 215 237 225 237 227 237 226 238 228 238 225 238 225 239 228 239 227 239 229 240 228 240 226 240 227 241 228 241 230 241 93 242 231 242 95 242 232 243 231 243 86 243 92 244 231 244 93 244 90 245 231 245 92 245 86 246 231 246 90 246 233 247 234 247 235 247 236 248 237 248 229 248 229 249 237 249 228 249 228 250 237 250 230 250 230 251 237 251 238 251 239 252 240 252 236 252 236 253 240 253 237 253 237 254 240 254 238 254 241 255 240 255 239 255 234 256 242 256 243 256 242 257 244 257 243 257 243 258 244 258 95 258 95 259 244 259 94 259 242 260 245 260 244 260 234 261 245 261 242 261 233 262 246 262 234 262 247 263 246 263 233 263 234 264 246 264 245 264 245 265 248 265 244 265 247 266 248 266 246 266 246 267 248 267 245 267 94 268 249 268 103 268 244 269 249 269 94 269 248 270 249 270 244 270 247 271 250 271 248 271 248 272 250 272 249 272 10 273 251 273 11 273 11 274 251 274 247 274 247 275 251 275 250 275 251 276 252 276 250 276 111 277 253 277 110 277 254 278 253 278 111 278 255 279 253 279 254 279 110 280 253 280 256 280 257 281 258 281 255 281 255 282 258 282 253 282 259 283 260 283 261 283 261 284 260 284 262 284 253 285 263 285 256 285 258 286 263 286 253 286 256 287 263 287 264 287 257 288 265 288 258 288 264 289 265 289 266 289 258 290 265 290 263 290 263 291 265 291 264 291 113 292 267 292 268 292 268 293 267 293 259 293 115 294 267 294 113 294 259 295 267 295 260 295 267 296 269 296 260 296 260 297 269 297 270 297 115 298 269 298 267 298 271 299 272 299 273 299 274 300 275 300 272 300 272 301 275 301 273 301 276 302 275 302 274 302 273 303 275 303 277 303 122 304 278 304 118 304 118 305 278 305 119 305 123 306 278 306 122 306 278 307 279 307 119 307 276 308 279 308 275 308 278 309 280 309 279 309 123 310 281 310 278 310 126 311 281 311 123 311 127 312 281 312 126 312 278 313 282 313 280 313 281 314 282 314 278 314 283 315 284 315 131 315 131 316 284 316 134 316 285 317 286 317 283 317 283 318 286 318 284 318 286 319 287 319 284 319 288 320 289 320 290 320 291 321 289 321 288 321 291 322 292 322 289 322 293 323 294 323 295 323 295 324 294 324 285 324 285 325 294 325 286 325 286 326 296 326 287 326 294 327 296 327 286 327 297 328 298 328 299 328 291 329 300 329 292 329 298 330 300 330 299 330 299 331 300 331 291 331 292 332 301 332 289 332 289 333 302 333 290 333 289 334 303 334 302 334 301 335 303 335 289 335 135 336 304 336 133 336 298 337 305 337 300 337 301 338 306 338 303 338 300 339 307 339 292 339 305 340 307 340 300 340 292 341 307 341 301 341 298 342 308 342 305 342 309 343 308 343 298 343 301 344 310 344 306 344 138 345 311 345 136 345 310 346 311 346 138 346 307 347 311 347 301 347 301 348 311 348 310 348 136 349 312 349 143 349 311 350 312 350 136 350 143 351 312 351 309 351 305 352 312 352 307 352 308 353 312 353 305 353 309 354 312 354 308 354 307 355 312 355 311 355 284 356 313 356 134 356 296 357 313 357 287 357 287 358 313 358 284 358 304 359 314 359 315 359 296 360 316 360 313 360 294 361 316 361 296 361 316 362 317 362 313 362 294 363 318 363 316 363 293 364 318 364 294 364 316 365 319 365 317 365 293 366 320 366 318 366 316 367 321 367 319 367 322 368 323 368 324 368 318 369 325 369 316 369 316 370 325 370 321 370 326 371 327 371 293 371 293 372 327 372 320 372 320 373 328 373 318 373 318 374 328 374 325 374 329 375 330 375 331 375 331 376 330 376 323 376 332 377 333 377 326 377 326 378 333 378 327 378 147 379 334 379 151 379 143 380 334 380 144 380 151 381 334 381 160 381 144 382 334 382 147 382 334 383 335 383 160 383 330 384 336 384 323 384 323 385 336 385 324 385 324 386 336 386 337 386 320 387 338 387 328 387 327 388 338 388 320 388 142 389 339 389 340 389 329 390 339 390 330 390 340 391 339 391 329 391 330 392 339 392 336 392 337 393 339 393 148 393 336 394 339 394 337 394 148 395 339 395 142 395 332 396 341 396 333 396 327 397 342 397 338 397 333 398 342 398 327 398 343 399 344 399 335 399 159 400 345 400 161 400 335 401 345 401 160 401 160 402 345 402 159 402 344 403 345 403 335 403 346 404 345 404 344 404 347 405 348 405 349 405 350 406 351 406 352 406 348 407 351 407 349 407 352 408 351 408 353 408 349 409 351 409 350 409 354 410 355 410 356 410 348 411 357 411 351 411 358 412 357 412 348 412 351 413 357 413 353 413 353 414 357 414 359 414 354 415 360 415 355 415 361 416 360 416 362 416 355 417 363 417 358 417 360 418 363 418 355 418 361 419 363 419 360 419 358 420 363 420 357 420 357 421 363 421 359 421 359 422 363 422 361 422 364 423 365 423 366 423 366 424 365 424 367 424 364 425 368 425 365 425 369 426 368 426 364 426 368 427 370 427 365 427 369 428 371 428 368 428 372 429 371 429 369 429 371 430 373 430 368 430 368 431 373 431 370 431 371 432 374 432 373 432 167 433 374 433 372 433 168 434 374 434 167 434 372 435 374 435 371 435 365 436 375 436 367 436 370 437 375 437 365 437 370 438 376 438 375 438 374 439 376 439 373 439 373 440 376 440 370 440 168 441 376 441 374 441 375 442 377 442 367 442 367 443 377 443 378 443 179 444 379 444 380 444 181 445 379 445 179 445 185 446 379 446 181 446 380 447 381 447 382 447 379 448 383 448 380 448 380 449 383 449 381 449 72 450 384 450 66 450 66 451 384 451 67 451 67 452 384 452 190 452 189 453 385 453 188 453 384 454 386 454 190 454 189 455 387 455 385 455 190 456 388 456 189 456 386 457 388 457 190 457 379 458 389 458 383 458 189 459 390 459 387 459 388 460 390 460 189 460 386 461 391 461 388 461 196 462 392 462 72 462 386 463 392 463 391 463 384 464 392 464 386 464 72 465 392 465 384 465 388 466 393 466 390 466 385 467 394 467 389 467 390 468 394 468 387 468 387 469 394 469 385 469 391 470 395 470 388 470 388 471 395 471 393 471 390 472 396 472 394 472 390 473 397 473 396 473 377 474 398 474 378 474 390 475 399 475 397 475 393 476 399 476 390 476 392 477 400 477 391 477 395 478 400 478 393 478 200 479 400 479 196 479 196 480 400 480 392 480 391 481 400 481 395 481 200 482 401 482 400 482 400 483 401 483 393 483 393 484 401 484 399 484 399 485 401 485 402 485 403 486 404 486 405 486 213 487 406 487 217 487 403 488 406 488 404 488 404 489 406 489 210 489 210 490 406 490 213 490 208 491 407 491 205 491 77 492 407 492 75 492 75 493 407 493 195 493 205 494 407 494 82 494 80 495 407 495 77 495 195 496 407 496 207 496 207 497 407 497 208 497 82 498 407 498 80 498 203 499 408 499 202 499 409 500 408 500 203 500 410 501 411 501 398 501 198 502 412 502 81 502 204 503 412 503 201 503 201 504 412 504 198 504 413 505 412 505 204 505 81 506 412 506 85 506 414 507 415 507 416 507 378 508 415 508 414 508 398 509 415 509 378 509 411 510 415 510 398 510 410 511 417 511 411 511 200 512 418 512 401 512 401 513 418 513 402 513 207 514 418 514 199 514 199 515 418 515 200 515 419 516 418 516 207 516 416 517 420 517 421 517 411 518 420 518 415 518 417 519 420 519 411 519 415 520 420 520 416 520 412 521 422 521 85 521 413 522 422 522 412 522 418 523 423 523 402 523 419 524 423 524 418 524 424 525 425 525 409 525 409 526 425 526 408 526 417 527 426 527 420 527 427 528 426 528 417 528 420 529 426 529 421 529 85 530 428 530 206 530 216 531 428 531 222 531 206 532 428 532 216 532 422 533 428 533 85 533 413 534 428 534 422 534 222 535 428 535 223 535 223 536 428 536 413 536 423 537 429 537 402 537 430 538 431 538 419 538 432 539 431 539 430 539 423 540 431 540 429 540 419 541 431 541 423 541 429 542 431 542 432 542 433 543 434 543 424 543 424 544 434 544 425 544 435 545 436 545 437 545 438 546 436 546 435 546 437 547 436 547 239 547 439 548 436 548 438 548 209 549 440 549 208 549 208 550 440 550 207 550 216 551 440 551 209 551 219 552 440 552 220 552 220 553 440 553 216 553 232 554 441 554 432 554 429 555 441 555 402 555 432 556 441 556 429 556 425 557 442 557 443 557 434 558 442 558 425 558 440 559 444 559 207 559 207 560 444 560 419 560 219 561 445 561 440 561 440 562 445 562 444 562 439 563 446 563 436 563 236 564 447 564 239 564 229 565 447 565 236 565 448 566 447 566 217 566 437 567 447 567 448 567 239 568 447 568 437 568 217 569 447 569 218 569 218 570 447 570 226 570 226 571 447 571 229 571 219 572 449 572 445 572 445 573 449 573 444 573 444 574 450 574 419 574 419 575 450 575 430 575 449 576 450 576 444 576 449 577 451 577 450 577 219 578 451 578 449 578 446 579 452 579 436 579 88 580 452 580 446 580 436 581 452 581 239 581 432 582 453 582 232 582 234 583 454 583 235 583 451 584 454 584 450 584 235 585 454 585 219 585 219 586 454 586 451 586 243 587 454 587 234 587 223 588 455 588 224 588 2 589 455 589 0 589 224 590 455 590 2 590 454 591 456 591 450 591 95 592 456 592 243 592 450 593 456 593 430 593 243 594 456 594 454 594 430 595 457 595 432 595 456 596 457 596 430 596 95 597 457 597 456 597 432 598 457 598 453 598 241 599 458 599 89 599 89 600 458 600 88 600 88 601 458 601 452 601 452 602 458 602 239 602 239 603 458 603 241 603 231 604 459 604 95 604 232 605 459 605 231 605 453 606 459 606 232 606 95 607 459 607 457 607 457 608 459 608 453 608 0 609 460 609 6 609 455 610 460 610 0 610 461 611 460 611 455 611 240 612 462 612 238 612 238 613 462 613 463 613 252 614 464 614 250 614 465 615 464 615 252 615 464 616 466 616 112 616 465 617 466 617 464 617 467 618 468 618 469 618 58 619 470 619 10 619 466 620 471 620 112 620 112 621 471 621 111 621 111 622 471 622 254 622 255 623 471 623 257 623 254 624 471 624 255 624 257 625 471 625 465 625 465 626 471 626 466 626 10 627 472 627 251 627 470 628 472 628 10 628 251 629 472 629 252 629 252 630 472 630 465 630 470 631 473 631 472 631 58 632 474 632 470 632 467 633 475 633 468 633 476 634 475 634 467 634 475 635 477 635 468 635 474 636 478 636 470 636 470 637 478 637 473 637 58 638 479 638 474 638 480 639 479 639 61 639 61 640 479 640 58 640 479 641 481 641 474 641 474 642 481 642 478 642 475 643 482 643 477 643 257 644 483 644 265 644 39 645 484 645 485 645 486 646 487 646 484 646 484 647 487 647 485 647 485 648 487 648 47 648 483 649 488 649 265 649 489 650 488 650 483 650 266 651 488 651 490 651 265 652 488 652 266 652 274 653 491 653 492 653 486 654 493 654 487 654 494 655 493 655 486 655 487 656 493 656 47 656 115 657 495 657 269 657 269 658 495 658 270 658 119 659 495 659 115 659 491 660 496 660 497 660 497 661 496 661 494 661 494 662 496 662 493 662 493 663 496 663 47 663 489 664 498 664 488 664 488 665 498 665 490 665 490 666 498 666 499 666 495 667 500 667 492 667 119 668 500 668 495 668 492 669 501 669 274 669 279 670 501 670 119 670 276 671 501 671 279 671 500 672 501 672 492 672 274 673 501 673 276 673 119 674 501 674 500 674 491 675 502 675 496 675 271 676 503 676 272 676 272 677 503 677 274 677 274 678 503 678 491 678 491 679 503 679 502 679 502 680 504 680 496 680 271 681 504 681 503 681 47 682 504 682 48 682 496 683 504 683 47 683 48 684 504 684 505 684 503 685 504 685 502 685 505 686 504 686 271 686 506 687 507 687 45 687 506 688 508 688 507 688 50 689 509 689 51 689 290 690 509 690 288 690 51 691 509 691 506 691 288 692 509 692 50 692 506 693 509 693 508 693 508 694 510 694 507 694 508 695 511 695 510 695 304 696 512 696 133 696 133 697 512 697 130 697 127 698 512 698 281 698 130 699 512 699 127 699 304 700 513 700 512 700 512 701 513 701 281 701 280 702 514 702 279 702 275 703 514 703 277 703 279 704 514 704 275 704 282 705 514 705 280 705 515 706 514 706 282 706 516 707 514 707 515 707 515 708 517 708 315 708 315 709 517 709 304 709 304 710 517 710 513 710 513 711 517 711 281 711 282 712 517 712 515 712 281 713 517 713 282 713 132 714 518 714 135 714 134 715 518 715 132 715 313 716 518 716 134 716 516 717 519 717 514 717 514 718 519 718 277 718 519 719 520 719 277 719 313 720 521 720 518 720 518 721 522 721 135 721 521 722 522 722 518 722 135 723 522 723 304 723 520 724 523 724 277 724 297 725 523 725 298 725 298 726 523 726 309 726 277 727 523 727 297 727 516 728 524 728 519 728 519 729 524 729 520 729 525 730 524 730 516 730 521 731 526 731 522 731 304 732 527 732 314 732 526 733 527 733 522 733 522 734 527 734 304 734 523 735 528 735 309 735 524 736 528 736 520 736 525 737 528 737 524 737 309 738 528 738 143 738 520 739 528 739 523 739 526 740 529 740 527 740 530 741 531 741 532 741 323 742 533 742 331 742 331 743 533 743 534 743 138 744 535 744 310 744 139 745 535 745 138 745 303 746 535 746 302 746 302 747 535 747 534 747 306 748 535 748 303 748 310 749 535 749 306 749 317 750 536 750 313 750 313 751 536 751 521 751 521 752 536 752 526 752 526 753 536 753 529 753 529 754 537 754 527 754 536 755 537 755 529 755 323 756 538 756 533 756 531 757 538 757 532 757 322 758 538 758 323 758 539 759 538 759 531 759 533 760 538 760 539 760 532 761 538 761 322 761 535 762 540 762 534 762 139 763 540 763 535 763 315 764 541 764 515 764 314 765 541 765 315 765 515 766 541 766 516 766 142 767 542 767 139 767 340 768 542 768 142 768 331 769 542 769 329 769 329 770 542 770 340 770 534 771 542 771 331 771 540 772 542 772 534 772 139 773 542 773 540 773 527 774 543 774 314 774 541 775 543 775 544 775 537 776 543 776 527 776 314 777 543 777 541 777 544 778 545 778 541 778 541 779 545 779 516 779 545 780 546 780 516 780 525 781 546 781 343 781 516 782 546 782 525 782 317 783 547 783 536 783 536 784 547 784 537 784 547 785 548 785 537 785 537 786 548 786 543 786 343 787 549 787 525 787 528 788 549 788 143 788 525 789 549 789 528 789 143 790 549 790 334 790 335 791 549 791 343 791 334 792 549 792 335 792 317 793 550 793 547 793 547 794 551 794 548 794 319 795 552 795 317 795 317 796 552 796 550 796 547 797 553 797 551 797 552 798 554 798 550 798 547 799 554 799 553 799 550 800 554 800 547 800 544 801 555 801 545 801 545 802 555 802 546 802 556 803 557 803 558 803 555 804 559 804 546 804 343 805 559 805 344 805 546 806 559 806 343 806 344 807 559 807 346 807 544 808 559 808 555 808 558 809 560 809 332 809 557 810 560 810 558 810 332 811 560 811 341 811 561 812 562 812 556 812 556 813 562 813 557 813 557 814 563 814 560 814 562 815 563 815 557 815 564 816 565 816 566 816 566 817 565 817 561 817 561 818 565 818 562 818 562 819 567 819 563 819 565 820 567 820 562 820 342 821 568 821 338 821 338 822 568 822 328 822 552 823 569 823 554 823 560 824 570 824 341 824 563 825 570 825 560 825 567 826 570 826 563 826 544 827 571 827 559 827 559 828 571 828 346 828 568 829 572 829 573 829 345 830 574 830 161 830 571 831 574 831 346 831 346 832 574 832 345 832 567 833 575 833 570 833 564 834 575 834 565 834 565 835 575 835 567 835 571 836 576 836 574 836 571 837 577 837 576 837 578 838 577 838 571 838 574 839 579 839 161 839 576 840 579 840 574 840 161 841 580 841 164 841 164 842 580 842 581 842 579 843 580 843 161 843 347 844 582 844 583 844 577 845 582 845 576 845 576 846 582 846 579 846 581 847 584 847 350 847 347 848 584 848 582 848 580 849 584 849 581 849 579 850 584 850 580 850 582 851 584 851 579 851 349 852 584 852 347 852 350 853 584 853 349 853 356 854 585 854 354 854 586 855 585 855 356 855 587 856 588 856 589 856 585 857 588 857 354 857 589 858 588 858 590 858 590 859 588 859 585 859 352 860 591 860 350 860 164 861 591 861 162 861 162 862 591 862 163 862 581 863 591 863 164 863 350 864 591 864 581 864 592 865 591 865 352 865 163 866 591 866 592 866 583 867 593 867 347 867 355 868 593 868 356 868 586 869 593 869 583 869 358 870 593 870 355 870 347 871 593 871 348 871 348 872 593 872 358 872 356 873 593 873 586 873 594 874 595 874 564 874 564 875 595 875 575 875 594 876 596 876 595 876 597 877 598 877 360 877 360 878 598 878 362 878 599 879 598 879 597 879 362 880 598 880 600 880 599 881 601 881 598 881 599 882 602 882 601 882 596 883 602 883 599 883 601 884 603 884 598 884 598 885 603 885 600 885 602 886 603 886 601 886 600 887 603 887 604 887 594 888 605 888 596 888 602 889 605 889 603 889 603 890 605 890 604 890 596 891 605 891 602 891 606 892 605 892 594 892 604 893 605 893 606 893 166 894 607 894 168 894 168 895 607 895 376 895 179 896 607 896 166 896 376 897 608 897 375 897 607 898 609 898 376 898 179 899 609 899 607 899 376 900 609 900 608 900 609 901 610 901 608 901 610 902 611 902 608 902 608 903 611 903 612 903 179 904 613 904 609 904 609 905 613 905 610 905 380 906 613 906 179 906 608 907 614 907 375 907 612 908 614 908 608 908 375 909 614 909 377 909 382 910 615 910 380 910 611 911 615 911 612 911 610 912 615 912 611 912 613 913 615 913 610 913 380 914 615 914 613 914 614 915 616 915 377 915 616 916 617 916 377 916 618 917 617 917 616 917 619 918 617 918 618 918 379 919 620 919 389 919 389 920 620 920 385 920 186 921 620 921 185 921 385 922 620 922 188 922 187 923 620 923 186 923 185 924 620 924 379 924 188 925 620 925 187 925 619 926 621 926 617 926 617 927 622 927 377 927 621 928 622 928 617 928 389 929 623 929 383 929 624 930 623 930 389 930 381 931 623 931 382 931 383 932 623 932 381 932 377 933 625 933 398 933 622 934 625 934 377 934 624 935 626 935 623 935 627 936 628 936 624 936 405 937 628 937 403 937 403 938 628 938 627 938 624 939 628 939 626 939 625 940 629 940 398 940 404 941 630 941 405 941 630 942 631 942 629 942 396 943 632 943 394 943 397 944 632 944 396 944 402 945 632 945 399 945 399 946 632 946 397 946 389 947 632 947 624 947 394 948 632 948 389 948 398 949 633 949 410 949 629 950 633 950 398 950 631 951 633 951 629 951 630 952 634 952 631 952 631 953 634 953 633 953 632 954 635 954 624 954 402 955 635 955 632 955 630 956 636 956 634 956 210 957 636 957 404 957 404 958 636 958 630 958 633 959 637 959 410 959 636 960 637 960 634 960 210 961 637 961 636 961 634 962 637 962 633 962 635 963 638 963 624 963 624 964 638 964 627 964 627 965 638 965 438 965 402 966 638 966 635 966 438 967 638 967 439 967 210 968 639 968 637 968 640 969 639 969 212 969 212 970 639 970 210 970 410 971 639 971 640 971 637 972 639 972 410 972 435 973 641 973 438 973 403 974 641 974 406 974 627 975 641 975 403 975 438 976 641 976 627 976 641 977 642 977 406 977 435 978 642 978 641 978 425 979 643 979 408 979 443 980 643 980 425 980 202 981 643 981 204 981 408 982 643 982 202 982 204 983 643 983 413 983 406 984 644 984 217 984 437 985 644 985 435 985 642 986 644 986 406 986 435 987 644 987 642 987 217 988 644 988 448 988 448 989 644 989 437 989 212 990 645 990 640 990 640 991 645 991 410 991 211 992 645 992 212 992 410 993 645 993 417 993 417 994 645 994 427 994 638 995 646 995 439 995 402 996 646 996 638 996 441 997 646 997 402 997 439 998 646 998 446 998 647 999 648 999 214 999 421 1000 648 1000 647 1000 427 1001 648 1001 426 1001 211 1002 648 1002 645 1002 214 1003 648 1003 211 1003 426 1004 648 1004 421 1004 645 1005 648 1005 427 1005 649 1006 650 1006 442 1006 442 1007 650 1007 443 1007 643 1008 650 1008 413 1008 443 1009 650 1009 643 1009 649 1010 651 1010 650 1010 650 1011 651 1011 413 1011 433 1012 652 1012 434 1012 653 1013 652 1013 433 1013 88 1014 654 1014 86 1014 232 1015 654 1015 441 1015 86 1016 654 1016 232 1016 446 1017 654 1017 88 1017 441 1018 654 1018 646 1018 646 1019 654 1019 446 1019 223 1020 655 1020 455 1020 649 1021 655 1021 651 1021 651 1022 655 1022 413 1022 461 1023 655 1023 649 1023 455 1024 655 1024 461 1024 413 1025 655 1025 223 1025 434 1026 656 1026 442 1026 652 1027 656 1027 434 1027 657 1028 658 1028 653 1028 653 1029 658 1029 652 1029 658 1030 659 1030 652 1030 652 1031 659 1031 656 1031 660 1032 661 1032 657 1032 657 1033 661 1033 658 1033 658 1034 662 1034 659 1034 661 1035 662 1035 658 1035 649 1036 663 1036 461 1036 461 1037 663 1037 460 1037 6 1038 664 1038 4 1038 460 1039 664 1039 6 1039 663 1040 664 1040 460 1040 665 1041 666 1041 663 1041 4 1042 666 1042 667 1042 664 1043 666 1043 4 1043 668 1044 666 1044 665 1044 663 1045 666 1045 664 1045 667 1046 669 1046 59 1046 666 1047 669 1047 667 1047 670 1048 669 1048 668 1048 668 1049 669 1049 666 1049 96 1050 671 1050 87 1050 87 1051 671 1051 89 1051 60 1052 672 1052 673 1052 59 1053 672 1053 60 1053 669 1054 672 1054 59 1054 670 1055 672 1055 669 1055 99 1056 674 1056 96 1056 100 1057 674 1057 99 1057 96 1058 674 1058 671 1058 675 1059 674 1059 100 1059 675 1060 676 1060 674 1060 674 1061 676 1061 462 1061 462 1062 676 1062 463 1062 677 1063 676 1063 675 1063 463 1064 676 1064 677 1064 678 1065 679 1065 680 1065 103 1066 681 1066 106 1066 249 1067 681 1067 103 1067 112 1068 681 1068 464 1068 464 1069 681 1069 250 1069 106 1070 681 1070 112 1070 250 1071 681 1071 249 1071 678 1072 682 1072 679 1072 469 1073 682 1073 678 1073 468 1074 682 1074 469 1074 682 1075 683 1075 679 1075 682 1076 684 1076 683 1076 477 1077 684 1077 468 1077 468 1078 684 1078 682 1078 262 1079 685 1079 476 1079 476 1080 685 1080 475 1080 260 1081 685 1081 262 1081 475 1082 686 1082 482 1082 685 1083 686 1083 475 1083 472 1084 687 1084 465 1084 473 1085 687 1085 472 1085 478 1086 687 1086 473 1086 481 1087 687 1087 478 1087 688 1088 687 1088 481 1088 260 1089 689 1089 685 1089 685 1090 689 1090 686 1090 24 1091 690 1091 22 1091 689 1092 691 1092 686 1092 688 1093 692 1093 687 1093 687 1094 692 1094 465 1094 691 1095 693 1095 686 1095 686 1096 693 1096 482 1096 482 1097 694 1097 477 1097 477 1098 694 1098 695 1098 260 1099 696 1099 689 1099 691 1100 696 1100 693 1100 689 1101 696 1101 691 1101 270 1102 696 1102 260 1102 697 1103 698 1103 699 1103 699 1104 698 1104 690 1104 690 1105 698 1105 22 1105 22 1106 698 1106 700 1106 479 1107 701 1107 481 1107 480 1108 701 1108 479 1108 54 1109 701 1109 480 1109 481 1110 701 1110 688 1110 702 1111 703 1111 53 1111 54 1112 703 1112 701 1112 53 1113 703 1113 54 1113 692 1114 704 1114 465 1114 489 1115 704 1115 688 1115 688 1116 704 1116 692 1116 483 1117 704 1117 489 1117 465 1118 704 1118 257 1118 257 1119 704 1119 483 1119 495 1120 705 1120 270 1120 482 1121 705 1121 694 1121 693 1122 705 1122 482 1122 696 1123 705 1123 693 1123 270 1124 705 1124 696 1124 492 1125 705 1125 495 1125 694 1126 705 1126 492 1126 694 1127 706 1127 695 1127 492 1128 706 1128 694 1128 703 1129 707 1129 701 1129 708 1130 709 1130 702 1130 710 1131 709 1131 708 1131 702 1132 709 1132 703 1132 486 1133 711 1133 695 1133 484 1134 711 1134 486 1134 697 1135 711 1135 698 1135 703 1136 712 1136 707 1136 709 1137 712 1137 703 1137 497 1138 713 1138 491 1138 695 1139 713 1139 486 1139 491 1140 713 1140 492 1140 486 1141 713 1141 494 1141 494 1142 713 1142 497 1142 706 1143 713 1143 695 1143 492 1144 713 1144 706 1144 484 1145 714 1145 711 1145 39 1146 714 1146 484 1146 41 1147 714 1147 39 1147 700 1148 714 1148 41 1148 698 1149 714 1149 700 1149 711 1150 714 1150 698 1150 710 1151 715 1151 709 1151 709 1152 715 1152 712 1152 33 1153 716 1153 38 1153 38 1154 716 1154 717 1154 717 1155 716 1155 710 1155 710 1156 716 1156 715 1156 33 1157 718 1157 716 1157 33 1158 719 1158 718 1158 45 1159 719 1159 46 1159 46 1160 719 1160 33 1160 688 1161 720 1161 489 1161 489 1162 720 1162 498 1162 45 1163 721 1163 719 1163 507 1164 721 1164 45 1164 719 1165 721 1165 718 1165 718 1166 722 1166 716 1166 716 1167 722 1167 715 1167 718 1168 723 1168 722 1168 724 1169 725 1169 720 1169 720 1170 725 1170 498 1170 498 1171 725 1171 499 1171 499 1172 725 1172 726 1172 721 1173 727 1173 718 1173 718 1174 727 1174 723 1174 724 1175 728 1175 725 1175 725 1176 728 1176 726 1176 729 1177 728 1177 730 1177 726 1178 728 1178 729 1178 507 1179 731 1179 721 1179 721 1180 731 1180 727 1180 727 1181 731 1181 732 1181 510 1182 731 1182 507 1182 732 1183 731 1183 510 1183 724 1184 733 1184 728 1184 728 1185 733 1185 730 1185 509 1186 734 1186 508 1186 302 1187 734 1187 290 1187 290 1188 734 1188 509 1188 534 1189 734 1189 302 1189 508 1190 734 1190 511 1190 733 1191 735 1191 730 1191 736 1192 735 1192 733 1192 730 1193 735 1193 737 1193 736 1194 738 1194 735 1194 734 1195 739 1195 511 1195 534 1196 739 1196 734 1196 539 1197 739 1197 533 1197 732 1198 739 1198 539 1198 510 1199 739 1199 732 1199 533 1200 739 1200 534 1200 511 1201 739 1201 510 1201 732 1202 740 1202 738 1202 531 1203 740 1203 539 1203 539 1204 740 1204 732 1204 738 1205 741 1205 735 1205 740 1206 741 1206 738 1206 530 1207 741 1207 531 1207 531 1208 741 1208 740 1208 735 1209 742 1209 737 1209 741 1210 742 1210 735 1210 530 1211 742 1211 741 1211 743 1212 742 1212 530 1212 737 1213 742 1213 743 1213 319 1214 744 1214 552 1214 321 1215 744 1215 319 1215 568 1216 744 1216 328 1216 569 1217 744 1217 573 1217 573 1218 744 1218 568 1218 325 1219 744 1219 321 1219 328 1220 744 1220 325 1220 552 1221 744 1221 569 1221 553 1222 745 1222 551 1222 551 1223 745 1223 548 1223 554 1224 745 1224 553 1224 569 1225 745 1225 554 1225 746 1226 745 1226 569 1226 543 1227 745 1227 544 1227 548 1228 745 1228 543 1228 570 1229 747 1229 341 1229 341 1230 747 1230 333 1230 333 1231 747 1231 342 1231 570 1232 748 1232 747 1232 747 1233 748 1233 342 1233 745 1234 749 1234 544 1234 746 1235 749 1235 745 1235 568 1236 750 1236 572 1236 748 1237 750 1237 342 1237 342 1238 750 1238 568 1238 544 1239 751 1239 571 1239 749 1240 751 1240 544 1240 578 1241 751 1241 752 1241 571 1242 751 1242 578 1242 752 1243 751 1243 746 1243 746 1244 751 1244 749 1244 750 1245 753 1245 572 1245 748 1246 753 1246 750 1246 575 1247 754 1247 570 1247 570 1248 754 1248 748 1248 748 1249 754 1249 753 1249 575 1250 755 1250 754 1250 754 1251 755 1251 753 1251 573 1252 756 1252 569 1252 569 1253 756 1253 746 1253 572 1254 756 1254 573 1254 572 1255 757 1255 756 1255 753 1256 757 1256 572 1256 756 1257 757 1257 758 1257 755 1258 757 1258 753 1258 756 1259 759 1259 746 1259 758 1260 759 1260 756 1260 752 1261 760 1261 578 1261 590 1262 760 1262 752 1262 585 1263 760 1263 590 1263 589 1264 761 1264 587 1264 759 1265 761 1265 746 1265 746 1266 761 1266 752 1266 752 1267 761 1267 590 1267 590 1268 761 1268 589 1268 585 1269 762 1269 760 1269 760 1270 762 1270 578 1270 583 1271 763 1271 586 1271 762 1272 763 1272 578 1272 585 1273 763 1273 762 1273 582 1274 763 1274 583 1274 578 1275 763 1275 577 1275 586 1276 763 1276 585 1276 577 1277 763 1277 582 1277 757 1278 764 1278 758 1278 595 1279 764 1279 575 1279 575 1280 764 1280 755 1280 755 1281 764 1281 757 1281 595 1282 765 1282 764 1282 764 1283 765 1283 758 1283 758 1284 765 1284 766 1284 595 1285 767 1285 765 1285 765 1286 767 1286 766 1286 587 1287 768 1287 588 1287 588 1288 769 1288 354 1288 768 1289 769 1289 588 1289 596 1290 770 1290 595 1290 595 1291 770 1291 767 1291 771 1292 772 1292 768 1292 768 1293 772 1293 769 1293 768 1294 773 1294 771 1294 772 1295 774 1295 769 1295 770 1296 775 1296 773 1296 596 1297 775 1297 770 1297 771 1298 775 1298 772 1298 773 1299 775 1299 771 1299 774 1300 775 1300 599 1300 772 1301 775 1301 774 1301 599 1302 775 1302 596 1302 354 1303 776 1303 360 1303 769 1304 776 1304 354 1304 774 1305 776 1305 769 1305 360 1306 776 1306 597 1306 597 1307 776 1307 599 1307 599 1308 776 1308 774 1308 382 1309 777 1309 615 1309 615 1310 777 1310 612 1310 612 1311 777 1311 614 1311 614 1312 777 1312 616 1312 777 1313 778 1313 616 1313 382 1314 778 1314 777 1314 616 1315 778 1315 618 1315 618 1316 778 1316 619 1316 623 1317 778 1317 382 1317 626 1318 778 1318 623 1318 619 1319 778 1319 626 1319 405 1320 779 1320 628 1320 619 1321 779 1321 621 1321 626 1322 779 1322 619 1322 628 1323 779 1323 626 1323 779 1324 780 1324 621 1324 621 1325 780 1325 622 1325 622 1326 780 1326 625 1326 405 1327 780 1327 779 1327 405 1328 781 1328 780 1328 625 1329 781 1329 629 1329 630 1330 781 1330 405 1330 629 1331 781 1331 630 1331 780 1332 781 1332 625 1332 442 1333 782 1333 649 1333 656 1334 782 1334 442 1334 659 1335 782 1335 656 1335 662 1336 782 1336 659 1336 783 1337 782 1337 662 1337 783 1338 784 1338 782 1338 782 1339 784 1339 649 1339 785 1340 786 1340 660 1340 660 1341 786 1341 661 1341 663 1342 787 1342 665 1342 784 1343 787 1343 649 1343 649 1344 787 1344 663 1344 783 1345 787 1345 784 1345 665 1346 787 1346 668 1346 670 1347 787 1347 783 1347 668 1348 787 1348 670 1348 661 1349 788 1349 662 1349 662 1350 788 1350 783 1350 786 1351 788 1351 661 1351 789 1352 790 1352 791 1352 791 1353 790 1353 785 1353 785 1354 790 1354 786 1354 786 1355 792 1355 788 1355 790 1356 792 1356 786 1356 674 1357 793 1357 671 1357 241 1358 793 1358 240 1358 462 1359 793 1359 674 1359 89 1360 793 1360 241 1360 240 1361 793 1361 462 1361 671 1362 793 1362 89 1362 789 1363 794 1363 790 1363 790 1364 794 1364 792 1364 795 1365 796 1365 797 1365 797 1366 796 1366 789 1366 789 1367 796 1367 794 1367 795 1368 798 1368 796 1368 680 1369 798 1369 799 1369 799 1370 798 1370 795 1370 796 1371 800 1371 794 1371 798 1372 800 1372 796 1372 798 1373 801 1373 800 1373 802 1374 803 1374 804 1374 673 1375 803 1375 55 1375 55 1376 803 1376 52 1376 672 1377 803 1377 673 1377 802 1378 805 1378 803 1378 52 1379 805 1379 12 1379 803 1380 805 1380 52 1380 12 1381 805 1381 15 1381 802 1382 806 1382 805 1382 805 1383 806 1383 15 1383 15 1384 807 1384 808 1384 808 1385 807 1385 18 1385 809 1386 807 1386 806 1386 16 1387 807 1387 24 1387 18 1388 807 1388 16 1388 806 1389 807 1389 15 1389 699 1390 810 1390 811 1390 809 1391 810 1391 807 1391 807 1392 810 1392 24 1392 690 1393 810 1393 699 1393 24 1394 810 1394 690 1394 683 1395 812 1395 811 1395 684 1396 812 1396 683 1396 477 1397 812 1397 684 1397 695 1398 812 1398 477 1398 812 1399 813 1399 811 1399 695 1400 813 1400 812 1400 811 1401 814 1401 699 1401 699 1402 814 1402 697 1402 695 1403 814 1403 813 1403 813 1404 814 1404 811 1404 697 1405 814 1405 711 1405 711 1406 814 1406 695 1406 715 1407 815 1407 712 1407 816 1408 815 1408 715 1408 701 1409 815 1409 688 1409 707 1410 815 1410 701 1410 712 1411 815 1411 707 1411 815 1412 817 1412 688 1412 816 1413 817 1413 815 1413 720 1414 818 1414 724 1414 733 1415 818 1415 816 1415 724 1416 818 1416 733 1416 688 1417 818 1417 720 1417 816 1418 818 1418 817 1418 817 1419 818 1419 688 1419 715 1420 819 1420 816 1420 722 1421 819 1421 715 1421 723 1422 819 1422 722 1422 727 1423 819 1423 723 1423 732 1424 819 1424 727 1424 819 1425 820 1425 816 1425 732 1426 820 1426 819 1426 816 1427 821 1427 733 1427 736 1428 821 1428 738 1428 738 1429 821 1429 732 1429 733 1430 821 1430 736 1430 820 1431 821 1431 816 1431 732 1432 821 1432 820 1432 759 1433 822 1433 761 1433 761 1434 822 1434 587 1434 766 1435 822 1435 758 1435 758 1436 822 1436 759 1436 822 1437 823 1437 587 1437 767 1438 823 1438 766 1438 770 1439 823 1439 767 1439 766 1440 823 1440 822 1440 587 1441 824 1441 768 1441 773 1442 824 1442 770 1442 768 1443 824 1443 773 1443 823 1444 824 1444 587 1444 770 1445 824 1445 823 1445 788 1446 825 1446 783 1446 826 1447 825 1447 794 1447 792 1448 825 1448 788 1448 794 1449 825 1449 792 1449 825 1450 827 1450 783 1450 826 1451 827 1451 825 1451 670 1452 828 1452 672 1452 672 1453 828 1453 803 1453 803 1454 828 1454 804 1454 783 1455 828 1455 670 1455 827 1456 829 1456 783 1456 802 1457 829 1457 806 1457 804 1458 829 1458 802 1458 806 1459 829 1459 826 1459 826 1460 829 1460 827 1460 828 1461 829 1461 804 1461 783 1462 829 1462 828 1462 800 1463 830 1463 794 1463 794 1464 830 1464 826 1464 801 1465 830 1465 800 1465 680 1466 831 1466 798 1466 801 1467 831 1467 830 1467 811 1468 831 1468 683 1468 830 1469 831 1469 811 1469 683 1470 831 1470 679 1470 679 1471 831 1471 680 1471 798 1472 831 1472 801 1472 811 1473 832 1473 830 1473 830 1474 832 1474 826 1474 826 1475 833 1475 806 1475 806 1476 833 1476 809 1476 809 1477 833 1477 810 1477 810 1478 833 1478 811 1478 832 1479 833 1479 826 1479 811 1480 833 1480 832 1480 594 1481 834 1481 835 1481 834 1482 564 1482 836 1482 594 1483 564 1483 834 1483 378 1484 414 1484 837 1484 414 1485 838 1485 837 1485 414 1486 416 1486 838 1486 416 1487 839 1487 838 1487 416 1488 840 1488 839 1488 840 1489 841 1489 839 1489 421 1490 841 1490 840 1490 421 1491 647 1491 841 1491 841 1492 647 1492 842 1492 647 1493 214 1493 842 1493 214 1494 843 1494 842 1494 214 1495 215 1495 843 1495 215 1496 844 1496 843 1496 215 1497 845 1497 844 1497 845 1498 846 1498 844 1498 227 1499 846 1499 845 1499 227 1500 230 1500 846 1500 230 1501 847 1501 846 1501 230 1502 238 1502 847 1502 238 1503 848 1503 847 1503 238 1504 463 1504 848 1504 463 1505 849 1505 848 1505 463 1506 850 1506 849 1506 677 1507 851 1507 850 1507 850 1508 851 1508 849 1508 677 1509 675 1509 851 1509 675 1510 852 1510 851 1510 675 1511 100 1511 852 1511 853 1512 854 1512 100 1512 100 1513 854 1513 852 1513 853 1514 101 1514 854 1514 101 1515 855 1515 854 1515 101 1516 108 1516 855 1516 108 1517 856 1517 855 1517 108 1518 110 1518 856 1518 110 1519 857 1519 856 1519 110 1520 256 1520 857 1520 256 1521 858 1521 857 1521 256 1522 264 1522 858 1522 264 1523 859 1523 858 1523 264 1524 266 1524 859 1524 266 1525 860 1525 859 1525 266 1526 861 1526 860 1526 490 1527 862 1527 861 1527 861 1528 862 1528 860 1528 862 1529 499 1529 863 1529 490 1530 499 1530 862 1530 499 1531 864 1531 863 1531 499 1532 726 1532 864 1532 726 1533 865 1533 864 1533 726 1534 729 1534 865 1534 729 1535 866 1535 865 1535 729 1536 730 1536 866 1536 730 1537 867 1537 866 1537 867 1538 868 1538 866 1538 867 1539 737 1539 868 1539 737 1540 869 1540 868 1540 737 1541 743 1541 869 1541 743 1542 870 1542 869 1542 743 1543 530 1543 870 1543 530 1544 871 1544 870 1544 530 1545 532 1545 871 1545 532 1546 872 1546 871 1546 532 1547 322 1547 872 1547 322 1548 873 1548 872 1548 322 1549 324 1549 873 1549 324 1550 874 1550 873 1550 324 1551 337 1551 874 1551 337 1552 875 1552 874 1552 337 1553 148 1553 875 1553 875 1554 148 1554 876 1554 148 1555 877 1555 876 1555 148 1556 150 1556 877 1556 150 1557 878 1557 877 1557 150 1558 153 1558 878 1558 153 1559 879 1559 878 1559 879 1560 880 1560 878 1560 879 1561 155 1561 880 1561 155 1562 881 1562 880 1562 155 1563 157 1563 881 1563 157 1564 882 1564 881 1564 157 1565 163 1565 882 1565 163 1566 883 1566 882 1566 163 1567 592 1567 883 1567 592 1568 884 1568 883 1568 592 1569 352 1569 884 1569 352 1570 885 1570 884 1570 352 1571 353 1571 885 1571 353 1572 359 1572 885 1572 359 1573 886 1573 885 1573 359 1574 361 1574 886 1574 361 1575 887 1575 886 1575 887 1576 362 1576 888 1576 361 1577 362 1577 887 1577 362 1578 600 1578 888 1578 600 1579 889 1579 888 1579 600 1580 604 1580 889 1580 889 1581 604 1581 890 1581 604 1582 891 1582 890 1582 604 1583 606 1583 891 1583 606 1584 835 1584 891 1584 606 1585 594 1585 835 1585 367 1586 892 1586 893 1586 892 1587 378 1587 837 1587 367 1588 378 1588 892 1588</p>
        </triangles>
      </mesh>
    </geometry>
    <geometry id="geometry1" name="Mesh001">
      <mesh>
        <source id="cubeverts-array1">
          <float_array count="54" id="cubeverts-array1-array">0.01899582 -0.0003972649 0.04476377 0.01899943 -0.0001464189 0.04490518 0.01899672 -0.0003514962 0.04482608 0.01899997 3.759387e-05 0.04490518 0.01888006 0.002132848 0.04275416 0.01888006 0.002132848 0.04490518 0.01899237 0.0005395706 0.04490518 0.0189923 -0.000539674 0.04451422 0.01899398 -0.0004767523 0.04470146 0.01899041 -0.0006022887 0.04418947 0.01899405 0.0004766487 0.04275416 0.01899041 -0.0006022887 0.04346957 0.01898832 -0.0006648968 0.04378174 0.01899997 3.759387e-05 0.04275416 0.01899943 -0.0001464189 0.04281648 0.0189923 -0.000539674 0.04320744 0.01899398 -0.0004767523 0.04300372 0.01899672 -0.0003514962 0.04287879</float_array>
          <technique_common>
            <accessor count="18" source="#cubeverts-array1-array" stride="3">
              <param type="float" name="X"/>
              <param type="float" name="Y"/>
              <param type="float" name="Z"/>
            </accessor>
          </technique_common>
        </source>
        <source id="cubenormals-array1">
          <float_array count="48" id="cubenormals-array1-array">0.9999213 -0.01066416 -0.006613989 0.9997891 -0.002932763 -0.02032557 0.9975248 0.07031571 -0 0.999759 -0.02189174 -0.001605398 0.999925 -0.006088048 -0.01062633 0.9995242 0.0151307 -0.0268783 0.9999353 -0.01074654 -0.003748029 0.9999971 -0.002248018 0.0008469558 0.9976391 0.06866425 -0.001229219 0.9994441 -0.03334052 0 0.9999943 -0.003374716 0 0.9995863 0.01347452 0.02540884 0.9998896 -0.01437317 0.003776754 0.9998787 0.002283747 0.01540343 0.9998899 -0.0143415 0.003808606 0.9998776 -0.009418308 0.01249384</float_array>
          <technique_common>
            <accessor count="16" source="#cubenormals-array1-array" stride="3">
              <param type="float" name="X"/>
              <param type="float" name="Y"/>
              <param type="float" name="Z"/>
            </accessor>
          </technique_common>
        </source>
        <vertices id="cubeverts-array1-vertices">
          <input semantic="POSITION" source="#cubeverts-array1"/>
        </vertices>
        <triangles count="16" material="ref_Mesh001">
          <input offset="0" semantic="VERTEX" source="#cubeverts-array1-vertices"/>
          <input offset="1" semantic="NORMAL" source="#cubenormals-array1"/>
          <p>0 0 1 0 2 0 0 1 3 1 1 1 4 2 5 2 6 2 7 3 0 3 8 3 7 4 3 4 0 4 9 5 6 5 3 5 9 6 3 6 7 6 10 7 6 7 9 7 10 8 4 8 6 8 11 9 9 9 12 9 11 10 10 10 9 10 13 11 10 11 11 11 14 12 11 12 15 12 14 13 13 13 11 13 16 14 14 14 15 14 17 15 14 15 16 15</p>
        </triangles>
      </mesh>
    </geometry>
    <geometry id="geometry2" name="Mesh002">
      <mesh>
        <source id="cubeverts-array2">
          <float_array count="9" id="cubeverts-array2-array">0.01354155 -0.01332632 0.04255434 0.01345337 -0.01341532 0.04554179 0.01174729 -0.01493189 0.04554179</float_array>
          <technique_common>
            <accessor count="3" source="#cubeverts-array2-array" stride="3">
              <param type="float" name="X"/>
              <param type="float" name="Y"/>
              <param type="float" name="Z"/>
            </accessor>
          </technique_common>
        </source>
        <source id="cubenormals-array2">
          <float_array count="3" id="cubenormals-array2-array">0.6643752 -0.7473945 -0.002655429</float_array>
          <technique_common>
            <accessor count="1" source="#cubenormals-array2-array" stride="3">
              <param type="float" name="X"/>
              <param type="float" name="Y"/>
              <param type="float" name="Z"/>
            </accessor>
          </technique_common>
        </source>
        <vertices id="cubeverts-array2-vertices">
          <input semantic="POSITION" source="#cubeverts-array2"/>
        </vertices>
        <triangles count="1" material="ref_Mesh002">
          <input offset="0" semantic="VERTEX" source="#cubeverts-array2-vertices"/>
          <input offset="1" semantic="NORMAL" source="#cubenormals-array2"/>
          <p>0 0 1 0 2 0</p>
        </triangles>
      </mesh>
    </geometry>
    <geometry id="geometry3" name="Mesh003">
      <mesh>
        <source id="cubeverts-array3">
          <float_array count="663" id="cubeverts-array3-array">0.01345337 -0.01341532 0.04554179 0.01354155 -0.01332632 0.04255434 0.01354868 -0.01333334 0.04255434 0.01346045 -0.01342239 0.04554179 0.01175227 -0.01493821 0.04554179 0.01174729 -0.01493189 0.04554179 0.006800262 -0.01775075 0.04873327 0.008304688 -0.01708825 0.04873327 0.006796329 -0.01774048 0.04873327 0.008313984 -0.01709238 0.04873327 0.009766721 -0.01630154 0.04873327 0.01060821 -0.01576146 0.04756818 0.01061276 -0.01576822 0.04756818 0.01203946 -0.0146976 0.04756818 0.0120446 -0.01470088 0.04756818 0.0133644 -0.01350395 0.04756818 0.01337143 -0.01351106 0.04756818 0.01332281 -0.01354499 0.04873326 0.01332982 -0.01355212 0.04873326 0.01427789 -0.0125344 0.04873326 0.01429079 -0.01253378 0.04873326 0.01515639 -0.01145658 0.04873326 0.01516437 -0.01146261 0.04873326 0.01516437 -0.01146261 0.04073198 0.01515639 -0.01145658 0.04073198 0.01384193 -0.01302639 0.04073198 0.01382913 -0.01302816 0.04073198 0.01234464 -0.01445281 0.04073198 0.0123393 -0.01444656 0.04073198 0.008768612 -0.01686324 0.04606617 0.008765745 -0.01685487 0.04606697 0.01062403 -0.01575822 0.04339907 0.0106212 -0.01575207 0.04339957 0.01794825 -0.006262877 0.04541687 0.01794825 -0.006262877 0.04425208 0.01796881 -0.006203668 0.04425208 0.01796881 -0.006203668 0.04541687 0.01790078 -0.006397267 0.04562088 0.01865891 -0.003635313 0.04873326 0.01865891 -0.003635313 0.04073197 0.01633279 -0.009724676 0.04267805 0.01554426 -0.01094197 0.04073198 0.0164007 -0.009609555 0.04073197 0.01714958 -0.008200614 0.04073197 0.01779425 -0.006687813 0.04333236 0.0170323 -0.008441455 0.04463885 0.0178582 -0.006515165 0.04587044 0.01774965 -0.006805284 0.04631981 0.01787959 -0.006456252 0.04371943 0.01792188 -0.00633793 0.04398575 0.01625171 -0.009859756 0.04669371 0.01712245 -0.00825711 0.04873326 0.0163045 -0.009772097 0.04873326 0.01536141 -0.01119721 0.04873326 0.01794825 -0.006262877 0.04873326 0.01794825 -0.006262878 0.04073197 0.01793881 -0.006259583 0.04073197 0.01864818 -0.003633223 0.04073197 0.01795935 -0.006200404 0.04425208 0.01793881 -0.006259582 0.04425208 0.01791245 -0.006334595 0.04398575 0.01787018 -0.006452855 0.04371943 0.01778489 -0.006684295 0.04333236 0.01714056 -0.0081963 0.04073197 0.01639576 -0.009599895 0.04073197 0.01553609 -0.01093622 0.04073198 0.01632758 -0.009715097 0.04268541 0.01702335 -0.008437016 0.04463885 0.01535332 -0.01119131 0.04873326 0.01624676 -0.009849591 0.04668605 0.01629988 -0.009761868 0.04873326 0.01711344 -0.008252766 0.04873326 0.01774031 -0.006801703 0.04631981 0.01784881 -0.006511737 0.04587044 0.01789137 -0.006393901 0.04562088 0.01793881 -0.006259582 0.04541687 0.01795935 -0.006200404 0.04541687 0.01793881 -0.006259582 0.04873326 0.01864818 -0.003633222 0.04873326 0.01899997 3.759387e-05 0.04490518 0.01900943 -0.0001464967 0.04490518 0.01899943 -0.0001464189 0.04490518 0.01900997 3.761295e-05 0.04490518 0.01899237 0.0005395706 0.04490518 0.01900237 0.0005398539 0.04490518 0.01888006 0.002132848 0.04490518 0.01889 0.00213397 0.04490518 0.01888006 0.002132848 0.04275416 0.01889 0.00213397 0.04275416 0.01900405 0.0004768989 0.04275416 0.01899405 0.0004766487 0.04275416 0.01900997 3.761296e-05 0.04275416 0.01899997 3.759387e-05 0.04275416 0.01899943 -0.0001464189 0.04281648 0.01900943 -0.0001464967 0.04281648 0.01899672 -0.0003514962 0.04287879 0.01900672 -0.0003516819 0.04287879 0.01899398 -0.0004767523 0.04300372 0.01900398 -0.000477004 0.04300372 0.0189923 -0.000539674 0.04320744 0.01900229 -0.0005399587 0.04320744 0.01899041 -0.0006022887 0.04346957 0.0190004 -0.0006026064 0.04346957 0.01898832 -0.0006648968 0.04378174 0.01899831 -0.0006652474 0.04378174 0.01899041 -0.0006022887 0.04418947 0.0190004 -0.0006026064 0.04418947 0.0189923 -0.000539674 0.04451422 0.01900229 -0.0005399587 0.04451422 0.01899398 -0.0004767523 0.04470146 0.01900398 -0.0004770039 0.04470146 0.01899582 -0.0003972649 0.04476377 0.01900582 -0.0003974747 0.04476377 0.01899672 -0.0003514962 0.04482608 0.01900672 -0.0003516819 0.04482608 0.01873094 -0.003184847 0.04873326 0.01894093 -0.001617725 0.04652383 0.0187408 -0.003186524 0.04873326 0.01893096 -0.001616873 0.04652383 0.01893532 -0.001677133 0.04873326 0.01892623 -0.001671027 0.04873326 0.01900943 -0.0001464966 0.04873326 0.01899943 -0.0001464189 0.04873326 0.01898167 0.000807089 0.04685247 0.0189929 0.0008075643 0.04685247 0.01887293 0.002195084 0.04685247 0.01888286 0.002196238 0.04685247 0.01888613 0.002070496 0.04873326 0.01889692 0.002071677 0.04873326 0.01844388 0.004564591 0.04873326 0.01845359 0.004566992 0.04873326 0.01844388 0.004564592 0.04073197 0.01845359 0.004566994 0.04073197 0.01880233 0.002799781 0.04073197 0.01879418 0.002790726 0.04073197 0.01898398 0.0009956819 0.04073197 0.01897281 0.0009950983 0.04073197 0.01888849 -0.002053994 0.04638033 0.01889841 -0.002055259 0.04638024 0.01886075 -0.002294572 0.04623528 0.01887066 -0.002295941 0.04623515 0.0188354 -0.002494241 0.04603758 0.01884529 -0.002495703 0.04603739 0.01881705 -0.002628969 0.04581511 0.01882693 -0.002630535 0.04581472 0.01880522 -0.00271238 0.04556919 0.0188151 -0.00271397 0.04556854 0.01878934 -0.002820148 0.04490698 0.01879921 -0.002821785 0.04490561 0.01878188 -0.002869392 0.044238 0.01879175 -0.002870977 0.04423591 0.01879051 -0.00281232 0.04276695 0.01880046 -0.002813434 0.04276376 0.01880858 -0.002688885 0.0421217 0.01881864 -0.002689197 0.04211806 0.01883276 -0.002514027 0.04171436 0.01884296 -0.002513202 0.04171079 0.0188619 -0.002285265 0.04142472 0.01887221 -0.002283314 0.04142161 0.01890168 -0.001928892 0.04115383 0.01891639 -0.001882693 0.04112644 0.01893598 -0.001556127 0.04097172 0.01895255 -0.001474478 0.04094088 0.01896449 -0.00115925 0.04084941 0.01898681 -0.0009371992 0.04080704 0.0189998 -8.539905e-05 0.04074485 0.01900834 -0.0002494718 0.04075016 0.01717785 0.008143914 0.04873326 0.01776406 0.006770168 0.04073197 0.01717785 0.008143916 0.04073197 0.01776406 0.006770167 0.04873326 0.01824067 0.005354655 0.04873326 0.01824067 0.005354656 0.04073197 0.01775483 0.006766651 0.04073197 0.01716881 0.00813963 0.04073197 0.01823108 0.00535184 0.04073197 0.01823108 0.005351839 0.04873326 0.01775483 0.006766649 0.04873326 0.01716881 0.00813963 0.04873326 0.008255577 0.01712442 0.04873327 0.0081653 0.01716751 0.04651069 0.00680277 0.01775246 0.04873327 0.009663996 0.01637165 0.04873327 0.009478182 0.01647799 0.04428811 0.01160713 0.01505639 0.04451423 0.0116568 0.01501796 0.04873327 0.01341798 0.01346751 0.04521735 0.0116568 0.01501797 0.04451423 0.01355073 0.01333392 0.04873326 0.014516 0.01227479 0.04655499 0.01346237 0.01342313 0.04521735 0.01145741 0.01517064 0.04073198 0.01539994 0.01114682 0.04437671 0.01447538 0.01232266 0.04297466 0.01680459 0.008888724 0.04873326 0.01607611 0.01014677 0.04873326 0.01341798 0.01346751 0.04073198 0.01539994 0.01114682 0.04073198 0.01680459 0.008888727 0.04073197 0.01525139 0.01134926 0.04873326 0.01165067 0.01501006 0.04873327 0.01165066 0.01501007 0.04451423 0.01160102 0.01504847 0.04451423 0.009658449 0.01636226 0.04873327 0.008259356 0.01711224 0.04873327 0.006799191 0.01774312 0.04873327 0.01145138 0.01516266 0.04073198 0.009474053 0.0164703 0.04428811 0.008161123 0.01715901 0.04651053 0.01340951 0.01345901 0.04073198 0.01341004 0.01345954 0.04521735 0.01345439 0.01341518 0.04521735 0.01539184 0.01114096 0.04073198 0.0144673 0.0123176 0.04297751 0.01679575 0.008884052 0.04073197 0.01679575 0.00888405 0.04873326 0.01606666 0.0101434 0.04873326 0.01524336 0.01134329 0.04873326 0.01539184 0.01114096 0.04437671 0.0135436 0.0133269 0.04873326 0.01450885 0.01226878 0.04655495</float_array>
          <technique_common>
            <accessor count="221" source="#cubeverts-array3-array" stride="3">
              <param type="float" name="X"/>
              <param type="float" name="Y"/>
              <param type="float" name="Z"/>
            </accessor>
          </technique_common>
        </source>
        <source id="cubenormals-array3">
          <float_array count="972" id="cubenormals-array3-array">-0.7010846 -0.711846 -0.04190068 -0.7060088 -0.7069611 -0.04192372 0.5466839 0.555075 0.6269199 0.6120743 0.4822117 0.626767 0 0 -1 -0 0 -1 0 -0 1 0 0 1 0 -0 1 0.6296867 0.4236397 0.6511713 0 -0 1 0 0 1 0 -0 1 0 0 1 -0.7122413 -0.7001436 -0.05011246 -0.7101615 -0.7022548 -0.05008716 0 -0 1 0 0 1 0 -0 1 0 0 1 0.60291 0.7978092 0 0.60291 0.7978092 0 -0 0 -1 -0 0 -1 0 0 -1 0 0 -1 -0.7263007 -0.2781634 -0.6285797 -0.7555208 -0.1990387 -0.624157 -0.7626058 -0.2024058 -0.6143811 -0.7279817 -0.2842362 -0.6239009 -0.7343583 -0.2879132 -0.6146737 -0.5914765 -0.5053849 -0.6282846 0.6897228 -0.7239906 -0.01095727 0.7634928 -0.6456622 0.01410697 0.7582319 -0.6519782 0.002959029 0.7546507 -0.6561268 0 0.644952 -0.7630345 0.04260759 0.7747055 -0.631802 -0.0256443 0.7272214 -0.6864004 0.001911834 0.6316295 -0.7744241 -0.03621308 0.7272956 -0.686322 0.001787519 0.6637149 -0.7479413 -0.008149974 0.6676189 -0.7444962 -0.003248661 0.5976361 -0.8017306 0.00768248 0.5459303 -0.8371832 0.03292907 0.5361826 -0.8429667 -0.0437653 0.5190728 -0.8546109 -0.01426913 0.4781155 -0.8782761 0.006042293 0.3988195 -0.9169658 -0.0107983 0.9446703 -0.3280213 0 0.9446703 -0.3280213 0 0.9429058 -0.3330595 0 0.9657458 -0.2594901 0 0.9657457 -0.2594902 0 0.8412079 -0.5407054 -0.002631288 0.8830128 -0.4693389 0.003049218 0.8978106 -0.4391511 0.03290142 0.924015 -0.381684 -0.0226623 0.9240952 -0.3814664 -0.02305659 0.9236021 -0.3825228 0.02520629 0.9233775 -0.3831666 0.023609 0.9227856 -0.3849335 0.01711237 0.9038849 -0.4255078 -0.04398953 0.9214282 -0.3884994 -0.006187955 0.899061 -0.435933 0.04064218 0.8956768 -0.4434064 -0.03396771 0.8799378 -0.475083 -0.00235742 0.8339299 -0.5518662 0.002133575 0.9653155 -0.2610829 0.001323065 0.9653156 -0.2610828 -0.001246427 -0 0 -1 0 0 -1 -0.3261945 -0.945135 0.01780275 -0.3295078 -0.9439852 0.0177928 -0 0 -1 0 0 -1 0.3194595 0.9033465 -0.2862006 0.3157873 0.9046794 -0.2860659 0.3070628 0.8506725 -0.4266952 0.3015592 0.8527294 -0.4265144 0.2966324 0.7893042 -0.5375947 0.2863306 0.7932373 -0.5373912 0.3647964 0.7626535 -0.5341191 0.2974583 0.791487 -0.5339164 -0 0 -1 0 0 -1 -7.418025e-06 -3.79176e-06 -1 -4.161865e-06 -5.913865e-06 -1 -0.4615777 -0.6558859 0.5972936 -0.4165421 -0.6854176 0.5972399 -0.3564008 -0.7186282 0.5971197 -0.4166186 -0.6854154 0.5971889 -0.4630872 -0.6348643 -0.618464 -0.4142435 -0.6677837 -0.6184393 -0.4144015 -0.6677817 -0.6183357 -0.3492037 -0.7041022 -0.6183016 0 -0 1 0 0 1 0 0 1 0 -0 1 0.2994525 0.7812082 0.547761 0.3633868 0.7537386 0.5475656 0.2823199 0.7734341 0.5675343 0.2947469 0.7689313 0.5673349 0.3009781 0.8414935 0.4486656 0.3064106 0.8394315 0.4488511 0.2701606 0.773965 0.5727053 0.2761258 0.7720105 0.5724983 0 -0 1 0 0 1 -0.3295013 -0.9439662 -0.01888511 -0.3261878 -0.9451161 -0.01889568 0 -0 1 0 0 1 0.1912362 0.981544 0 0.1911522 0.9815604 -1.169923e-07 0 -0 -1 0 0 -1 0 0 -1 0 -0 -1 0 0 -1 0 -0 -1 0.112176 -0.9936883 0 0.112176 -0.9936883 0 0 0 1 0 0 1 0 0 1 0 0 1 0.002495975 0.3207708 0.9471536 -0.0006121335 0.3206285 0.9472048 0.005397455 0.2906576 0.9568119 0.002260901 0.2905591 0.9568544 0.01776561 0.7058711 0.7081175 0.01310603 0.7057865 0.7083032 0.02721161 0.9550027 0.2953459 0.02403938 0.9551319 0.2952037 0.03091235 0.9721214 0.2324317 0.0277013 0.9721904 0.2325475 0.03439118 0.9798309 0.1968473 0.03116159 0.9799588 0.1967478 0.03141417 0.9879035 -0.1518548 0.03467 0.9877827 -0.1519327 0.02796603 0.981482 -0.1895016 0.03120751 0.9814029 -0.1894054 0.02383792 0.9475747 -0.318644 0.02699604 0.947439 -0.3187955 0.01293425 0.616495 -0.7872526 0.01551255 0.6166361 -0.7870955 0.01495922 0.8055985 -0.592273 0.01690406 0.8057089 -0.5920705 0.002798261 0.3596599 -0.9330793 0.006680776 0.3597734 -0.9330158 -0.1363798 -0.8018736 -0.581721 -0.06928419 -0.8105776 -0.5815185 0 -0 1 0 0 1 0 0 1 0 -0 1 -0.03771281 0.8911479 0.452143 0.006929932 0.8918234 0.4523306 0 0 1 0 0 1 0.1085346 -0.9918659 -0.06650062 0.1151562 -0.9911215 -0.06646236 0 0 1 0 0 1 -0.2400223 0.9707674 1.156831e-07 -0.2401121 0.9707451 2.314064e-07 0 -0 -1 0 0 -1 0 0 -1 0 -0 -1 -0.02645113 -0.3094797 0.9505381 -0.0309908 -0.308946 0.9505746 -0.05960475 -0.5103031 0.8579265 -0.05752683 -0.5106067 0.8578877 -0.08898424 -0.6950187 0.713464 -0.08700313 -0.695321 0.7134138 -0.113544 -0.845695 0.5214478 -0.1149297 -0.845479 0.5214943 -0.1297129 -0.9371708 0.32386 -0.135676 -0.93625 0.3240802 -0.1394383 -0.9768543 0.1622113 -0.1464749 -0.9758065 0.1623171 -0.1427739 -0.9869785 0.07408791 -0.1530974 -0.9854181 0.07424463 -0.123689 -0.9915351 -0.03948852 -0.166492 -0.9852632 -0.03920196 -0.1691823 -0.9671465 -0.1897499 -0.09927192 -0.9766154 -0.1907026 -0.1716315 -0.9015441 -0.3971914 -0.06572751 -0.9145376 -0.3991253 -0.04061785 -0.7801331 -0.6242936 -0.1555843 -0.7675214 -0.6218556 -0.1282665 -0.5910404 -0.7963787 0.4729421 -0.5558465 -0.6836377 -0.3875701 -0.3756116 -0.8418463 0.5131021 -0.3924482 -0.7633549 -0.4556216 -0.2321089 -0.8593803 0.8314342 -0.1836496 -0.5243948 0.479546 -0.003436135 -0.8775101 0.0006218244 -0.01190259 -0.999929 -0.8097073 -0.03043802 -0.5860441 -0.5161492 -0.05453261 -0.8547609 0.994918 0.1001758 -0.01015119 0.980859 0.1935615 0.02120587 0.999798 0.0194885 -0.004923716 0.9976102 0.06866172 0.00771317 0.9999055 0.01347173 -0.002742643 0.9842913 0.1765521 0 0.9995125 -0.03120592 0.001028335 0.9999953 -0.003058639 -0.0003746408 0.9966324 -0.07990108 0.01843547 0.9980646 -0.06168817 0.00784317 0.9998751 -0.01485098 -0.005411315 0.9990846 -0.03911022 -0.0173295 0.9954185 -0.09279677 0.02304158 0.9842913 0.1765521 4.208652e-08 0.9951766 -0.0947756 0.02532097 0.9836978 0.1798168 -0.00214251 0.995614 -0.09140335 0.01995566 0.9995955 -0.02780488 0.005992038 0.9962244 -0.08493228 -0.01798228 0.9962198 -0.08583946 -0.01333158 0.9961795 -0.08666942 -0.01072045 0.9960663 -0.08790863 0.01113188 0.9999465 -0.002931682 0.009924141 0.9998817 0.01512815 0.002782787 0.9975133 0.07031488 -0.004815709 0.9968745 0.07899389 0.001129786 0.9845728 0.1749243 0.004224112 0.9957731 -0.09141079 0.008938339 0.9957486 -0.09134941 0.01182659 0.9956844 -0.09277679 0.002263834 0.9995012 -0.02417273 0.02032725 0.9993163 -0.03465218 0.01288415 0.9995095 -0.02185206 0.02243688 0.9959958 -0.08912988 -0.006950354 0.9968421 -0.07755013 0.01707741 0.9952328 -0.09404531 -0.02582884 0.9957373 -0.08965279 -0.02166761 0.9925626 -0.1215618 -0.006494898 0.9944183 -0.1040231 -0.0176481 0.9935513 -0.1125437 -0.01377469 0.9996517 -0.01892986 -0.01838778 0.9988292 -0.04835986 0.001234741 0.9917972 -0.1278179 -0.0009196109 0.9197599 0.3924816 9.355983e-08 0.9197598 0.3924818 4.677994e-08 0.9477203 0.3191023 3.803383e-08 0.9477203 0.3191023 3.990035e-08 0 -0 -1 0 0 -1 0 0 -1 0 -0 -1 0.2817659 -0.9594832 -1.143381e-07 0.2817659 -0.9594832 -1.143609e-07 0 0 1 0 0 1 0 0 1 0 0 1 -0.4282011 0.9036835 0 -0.4283568 0.9036098 2.154026e-07 0.3968027 0.9179024 0.00167873 0.4713733 0.8819314 -0.002047589 0.467125 0.8841898 0.001625761 0.5555642 0.831467 -0.003332386 0.660777 0.7505823 1.696621e-06 0.6644806 0.7472982 0.003305144 0.7061339 0.7063008 0.0501405 0.7369026 0.6759955 -0.002138517 0.6118377 0.7909833 -0.0003265847 0.5550881 0.8317856 0.003152347 0.7668834 0.640995 0.03186551 0.8652244 0.5010139 -0.01928128 0.7551028 0.654793 -0.03264987 0.6557975 0.7549257 -0.004099489 0.7860953 0.6181054 0 0.8491217 0.5281971 1.888676e-07 0.8491216 0.5281973 0 0.6607773 0.7505819 0 0.8246775 0.5656002 0.00183778 -0.790086 0.6129961 1.38562e-06 -0.7895883 0.613637 3.310566e-06 0 0 1 0 0 1 0.7528416 -0.4446107 0.4853358 0.6923658 -0.5341288 0.4851145 0 0 1 0 0 1 0 0 1 0 0 1 -0.6642989 0.5018759 -0.5539202 -0.7339073 0.3939859 -0.5533128 -0.7424238 0.3752593 -0.5549661 -0.7329547 0.3934723 -0.5549385 -0.7769685 0.2977514 -0.5546747 -0.7430324 0.3755382 -0.553962 0 -0 -1 0 0 -1 0.708417 -0.7057942 -1.593936e-07 0.7084619 -0.7057491 0 0 -0 -1 0 0 -1 -0.4877025 0.6742424 -0.5545658 -0.5735149 0.6044848 -0.5528822 -0.5732484 0.6029724 -0.5548066 -0.5873167 0.5895657 -0.554501 -2.52828e-06 3.495314e-06 -1 -2.01802e-06 3.815383e-06 -1 0.4675459 -0.8839688 -2.107206e-07 0.4674714 -0.8840083 -3.16095e-07 0 0 1 0 0 1 0 0 1 0 0 1 -0.5851125 0.8089104 -0.05750977 -0.5956509 0.8011799 -0.05753987 0.5862328 -0.5954711 0.5493134 0.5360855 -0.6412343 0.5490271 0.5359232 -0.6410335 0.5494201 0.4898047 -0.6771424 0.5491534 3.176609e-06 -3.226668e-06 1 3.575705e-06 -2.774247e-06 1</float_array>
          <technique_common>
            <accessor count="324" source="#cubenormals-array3-array" stride="3">
              <param type="float" name="X"/>
              <param type="float" name="Y"/>
              <param type="float" name="Z"/>
            </accessor>
          </technique_common>
        </source>
        <vertices id="cubeverts-array3-vertices">
          <input semantic="POSITION" source="#cubeverts-array3"/>
        </vertices>
        <triangles count="324" material="ref_Mesh003">
          <input offset="0" semantic="VERTEX" source="#cubeverts-array3-vertices"/>
          <input offset="1" semantic="NORMAL" source="#cubenormals-array3"/>
          <p>0 0 1 0 2 0 0 1 2 1 3 1 1 2 4 2 2 2 1 3 5 3 4 3 0 4 4 4 5 4 3 5 4 5 0 5 6 6 7 6 8 6 6 7 9 7 7 7 9 8 10 8 7 8 11 9 10 9 12 9 12 10 13 10 11 10 12 11 14 11 13 11 14 12 15 12 13 12 14 13 16 13 15 13 17 14 16 14 18 14 17 15 15 15 16 15 18 16 19 16 17 16 18 17 20 17 19 17 20 18 21 18 19 18 20 19 22 19 21 19 22 20 23 20 21 20 21 21 23 21 24 21 23 22 25 22 24 22 25 23 26 23 24 23 26 24 27 24 28 24 25 25 27 25 26 25 8 26 29 26 6 26 8 27 30 27 29 27 30 28 31 28 29 28 30 29 32 29 31 29 32 30 27 30 31 30 32 31 28 31 27 31 2 32 27 32 25 32 2 33 25 33 23 33 3 34 2 34 23 34 22 35 3 35 23 35 31 36 27 36 2 36 20 37 3 37 22 37 16 38 3 38 20 38 4 39 31 39 2 39 18 40 16 40 20 40 14 41 4 41 3 41 14 42 3 42 16 42 12 43 4 43 14 43 29 44 31 44 4 44 29 45 4 45 12 45 10 46 29 46 12 46 9 47 29 47 10 47 6 48 29 48 9 48 33 49 34 49 35 49 33 50 35 50 36 50 37 51 34 51 33 51 38 52 35 52 39 52 38 53 36 53 35 53 40 54 41 54 42 54 40 55 42 55 43 55 40 56 43 56 44 56 45 57 37 57 46 57 45 58 46 58 47 58 45 59 44 59 48 59 45 60 48 60 49 60 45 61 49 61 34 61 45 62 40 62 44 62 45 63 34 63 37 63 50 64 45 64 47 64 51 65 50 65 47 65 52 66 50 66 51 66 53 67 50 67 52 67 54 68 36 68 38 68 35 69 55 69 39 69 39 70 56 70 57 70 39 71 55 71 56 71 58 72 55 72 35 72 58 73 56 73 55 73 35 74 34 74 58 74 58 75 34 75 59 75 60 76 34 76 49 76 60 77 59 77 34 77 61 78 49 78 48 78 61 79 60 79 49 79 62 80 48 80 44 80 62 81 61 81 48 81 63 82 44 82 43 82 63 83 62 83 44 83 43 84 64 84 63 84 43 85 42 85 64 85 42 86 65 86 64 86 42 87 41 87 65 87 41 88 40 88 65 88 65 89 40 89 66 89 66 90 45 90 67 90 40 91 45 91 66 91 68 92 50 92 53 92 68 93 69 93 50 93 69 94 45 94 50 94 69 95 67 95 45 95 53 96 52 96 68 96 68 97 52 97 70 97 70 98 51 98 71 98 52 99 51 99 70 99 72 100 51 100 47 100 72 101 71 101 51 101 73 102 47 102 46 102 73 103 72 103 47 103 74 104 73 104 37 104 37 105 73 105 46 105 75 106 37 106 33 106 75 107 74 107 37 107 33 108 76 108 75 108 33 109 36 109 76 109 77 110 76 110 54 110 54 111 76 111 36 111 54 112 38 112 77 112 77 113 38 113 78 113 38 114 39 114 78 114 78 115 39 115 57 115 79 116 80 116 81 116 82 117 80 117 79 117 83 118 82 118 79 118 84 119 82 119 83 119 85 120 84 120 83 120 86 121 84 121 85 121 87 122 86 122 85 122 88 123 86 123 87 123 89 124 87 124 90 124 89 125 88 125 87 125 91 126 90 126 92 126 91 127 89 127 90 127 92 128 93 128 94 128 92 129 94 129 91 129 93 130 95 130 96 130 93 131 96 131 94 131 95 132 97 132 98 132 95 133 98 133 96 133 98 134 99 134 100 134 97 135 99 135 98 135 99 136 101 136 102 136 99 137 102 137 100 137 102 138 103 138 104 138 101 139 103 139 102 139 103 140 105 140 106 140 103 141 106 141 104 141 106 142 107 142 108 142 105 143 107 143 106 143 107 144 109 144 110 144 107 145 110 145 108 145 110 146 111 146 112 146 109 147 111 147 110 147 112 148 113 148 114 148 111 149 113 149 112 149 114 150 81 150 80 150 113 151 81 151 114 151 115 152 116 152 117 152 115 153 118 153 116 153 117 154 119 154 115 154 115 155 119 155 120 155 120 156 121 156 122 156 119 157 121 157 120 157 123 158 122 158 124 158 124 159 122 159 121 159 124 160 125 160 123 160 124 161 126 161 125 161 127 162 126 162 128 162 127 163 125 163 126 163 128 164 129 164 127 164 128 165 130 165 129 165 130 166 131 166 129 166 130 167 132 167 131 167 132 168 133 168 131 168 131 169 133 169 134 169 134 170 135 170 136 170 133 171 135 171 134 171 118 172 137 172 116 172 116 173 137 173 138 173 138 174 139 174 140 174 137 175 139 175 138 175 140 176 141 176 142 176 139 177 141 177 140 177 142 178 143 178 144 178 141 179 143 179 142 179 144 180 145 180 146 180 143 181 145 181 144 181 146 182 147 182 148 182 145 183 147 183 146 183 148 184 149 184 150 184 147 185 149 185 148 185 150 186 151 186 152 186 149 187 151 187 150 187 151 188 153 188 152 188 153 189 154 189 152 189 153 190 155 190 154 190 155 191 156 191 154 191 156 192 157 192 158 192 155 193 157 193 156 193 157 194 159 194 158 194 159 195 160 195 158 195 159 196 161 196 160 196 161 197 162 197 160 197 161 198 163 198 162 198 163 199 164 199 162 199 165 200 135 200 166 200 165 201 136 201 135 201 163 202 165 202 164 202 164 203 165 203 166 203 88 204 135 204 133 204 88 205 133 205 132 205 89 206 166 206 135 206 89 207 135 207 88 207 91 208 166 208 89 208 86 209 88 209 132 209 94 210 164 210 166 210 94 211 166 211 91 211 96 212 160 212 162 212 96 213 162 213 164 213 96 214 164 214 94 214 98 215 160 215 96 215 158 216 160 216 98 216 130 217 86 217 132 217 156 218 158 218 98 218 126 219 86 219 130 219 154 220 156 220 98 220 110 221 112 221 114 221 152 222 98 222 100 222 152 223 100 223 102 223 152 224 102 224 104 224 152 225 154 225 98 225 124 226 80 226 82 226 124 227 82 227 84 227 124 228 84 228 86 228 124 229 86 229 126 229 128 230 126 230 130 230 150 231 104 231 106 231 150 232 106 232 108 232 150 233 152 233 104 233 116 234 80 234 124 234 116 235 110 235 114 235 116 236 114 236 80 236 146 237 150 237 108 237 146 238 108 238 110 238 138 239 146 239 110 239 138 240 110 240 116 240 140 241 144 241 146 241 140 242 146 242 138 242 142 243 144 243 140 243 121 244 116 244 124 244 119 245 116 245 121 245 117 246 116 246 119 246 167 247 168 247 169 247 170 248 168 248 167 248 171 249 172 249 168 249 171 250 168 250 170 250 169 251 173 251 174 251 169 252 168 252 173 252 173 253 172 253 175 253 168 254 172 254 173 254 172 255 176 255 175 255 172 256 171 256 176 256 171 257 177 257 176 257 171 258 170 258 177 258 177 259 167 259 178 259 170 260 167 260 177 260 167 261 174 261 178 261 167 262 169 262 174 262 179 263 180 263 181 263 182 264 180 264 179 264 182 265 183 265 180 265 182 266 184 266 183 266 185 267 186 267 187 267 188 268 186 268 185 268 186 269 189 269 190 269 188 270 189 270 186 270 187 271 191 271 184 271 184 272 191 272 183 272 190 273 192 273 193 273 194 274 192 274 195 274 189 275 192 275 190 275 187 276 196 276 191 276 192 277 197 277 193 277 194 278 198 278 192 278 192 279 198 279 197 279 186 280 196 280 187 280 192 281 199 281 195 281 185 282 187 282 200 282 200 283 187 283 201 283 187 284 202 284 201 284 187 285 184 285 202 285 203 286 184 286 182 286 203 287 202 287 184 287 182 288 204 288 203 288 182 289 179 289 204 289 179 290 205 290 204 290 179 291 181 291 205 291 206 292 207 292 191 292 191 293 207 293 183 293 183 294 208 294 180 294 207 295 208 295 183 295 180 296 205 296 181 296 208 297 205 297 180 297 191 298 196 298 206 298 206 299 196 299 209 299 196 300 210 300 209 300 196 301 186 301 210 301 186 302 190 302 210 302 210 303 190 303 211 303 212 304 193 304 197 304 212 305 213 305 193 305 213 306 190 306 193 306 213 307 211 307 190 307 197 308 198 308 212 308 212 309 198 309 214 309 198 310 215 310 214 310 198 311 194 311 215 311 194 312 195 312 215 312 215 313 195 313 216 313 216 314 199 314 217 314 195 315 199 315 216 315 218 316 217 316 192 316 192 317 217 317 199 317 219 318 189 318 188 318 219 319 220 319 189 319 220 320 192 320 189 320 220 321 218 321 192 321 188 322 200 322 219 322 188 323 185 323 200 323</p>
        </triangles>
      </mesh>
    </geometry>
    <geometry id="geometry4" name="Mesh004">
      <mesh>
        <source id="cubeverts-array4">
          <float_array count="1491" id="cubeverts-array4-array">-0.0188996 -0.0001234315 0.03777107 -0.0189 9.511225e-18 0.02235 -0.0188996 -0.0001234336 0.02335002 -0.01870762 -0.00268975 0.02235 -0.0189 9.511225e-18 0.06535001 -0.01889996 -4.114346e-05 0.06535001 -0.01889982 -8.228672e-05 0.06535001 -0.0188996 -0.0001234296 0.06535001 -0.01813442 -0.005324745 0.02235 -0.01868335 -0.002844837 0.02335002 -0.01807717 -0.005507119 0.02335002 -0.01733122 -0.007527154 0.02335002 -0.01719205 -0.007851344 0.02235 -0.01605493 -0.009957792 0.02335002 -0.01589969 -0.01021811 0.02235 -0.01460869 -0.01198045 0.02335002 -0.01428367 -0.01237687 0.02235 -0.01291728 -0.01378923 0.02335002 -0.01237687 -0.01428367 0.02235 -0.0107973 -0.01550331 0.02335002 -0.01021811 -0.01589969 0.02235 -0.009637939 -0.01624894 0.02335001 -0.007851344 -0.01719205 0.02235 -0.008427698 -0.01690878 0.02335001 -0.006141744 -0.01786805 0.02335001 -0.005324745 -0.01813442 0.02235 -0.003503621 -0.0185648 0.02335001 -0.00268975 -0.01870762 0.02235 -0.002141673 -0.01876994 0.02335001 -0.0007683102 -0.0188763 0.02335001 -1.855785e-17 -0.0189 0.02235 0.001716218 -0.01881639 0.02335001 0.00268975 -0.01870762 0.02235 0.004154559 -0.01843372 0.02335001 0.005324745 -0.01813442 0.02235 0.00678034 -0.01763844 0.02335 0.007851344 -0.01719205 0.02235 0.008743379 -0.01675372 0.02335 0.01021811 -0.01589969 0.02235 0.01059262 -0.01565072 0.02335 0.01237687 -0.01428367 0.02235 0.01254442 -0.01413432 0.02335 0.01428367 -0.01237687 0.02235 0.01445535 -0.01217159 0.02335 0.01589969 -0.01021811 0.02235 0.01592545 -0.01017398 0.02335 0.01697954 -0.00829657 0.02335 0.01719205 -0.007851344 0.02235 0.01800209 -0.005749386 0.02335 0.01813442 -0.005324745 0.02235 0.01853998 -0.003664439 0.02335 0.01870762 -0.00268975 0.02235 0.01880869 -0.001841044 0.02335 0.0189 -5.511226e-18 0.02235 0.01889913 1.230599e-10 0.02335001 -0.019 9.545676e-18 0.06595 -0.019 9.545676e-18 0.06535001 -0.01899995 -4.136286e-05 0.06535001 -0.01899982 -8.272552e-05 0.06535001 -0.01899958 -0.0001240877 0.06535001 -0.01880661 -0.002703982 0.06595 -0.01878263 -0.002865534 0.06535001 -0.01823037 -0.005352919 0.06595 -0.0181722 -0.005546939 0.06535001 -0.01728301 -0.007892885 0.06595 -0.01729444 -0.00786775 0.06535001 -0.01597532 -0.01028539 0.06535001 -0.01598382 -0.01027218 0.06595 -0.01435924 -0.01244235 0.06595 -0.01432223 -0.01248487 0.06535001 -0.01257385 -0.01424415 0.06535001 -0.01244235 -0.01435924 0.06595 -0.0106107 -0.01576112 0.06535001 -0.01027218 -0.01598382 0.06595 -0.008222732 -0.01712851 0.06535001 -0.007892885 -0.01728301 0.06595 -0.005660252 -0.01813723 0.06535001 -0.005352919 -0.01823037 0.06595 -0.003248591 -0.01872018 0.06535001 -0.002703982 -0.01880661 0.06595 -0.001882805 -0.01890642 0.06535001 -2.830178e-17 -0.019 0.06595 -0.0005071186 -0.01899323 0.06535001 0.002240602 -0.01886739 0.06535001 0.002703982 -0.01880661 0.06595 0.004678543 -0.01841491 0.06535001 0.005352919 -0.01823037 0.06595 0.007038342 -0.01764826 0.06535001 0.007892885 -0.01728301 0.06595 0.009514981 -0.01644581 0.06535001 0.01027218 -0.01598382 0.06595 0.01179146 -0.0148983 0.06535001 0.01244235 -0.01435924 0.06595 0.01363203 -0.01323502 0.06535001 0.01435924 -0.01244235 0.06595 0.01524013 -0.01134629 0.06535001 0.01598382 -0.01027218 0.06595 0.01671859 -0.009027045 0.06535001 0.01728301 -0.007892885 0.06595 0.01775178 -0.006772873 0.06535001 0.01823037 -0.005352919 0.06595 0.01848304 -0.004401891 0.06535001 0.01880661 -0.002703982 0.06595 0.01878613 -0.002838598 0.06535001 0.01895536 -0.001255249 0.06535001 0.019 -5.545677e-18 0.06595 0.0189972 3.818549e-09 0.06535001 -0.01920254 -0.002760908 0.06714999 -0.0194 9.683481e-18 0.06595 -0.01920254 -0.002760908 0.06595 -0.0194 9.683481e-18 0.06714999 -0.01861416 -0.005465611 0.06714999 -0.01861416 -0.005465611 0.06595 -0.01764686 -0.008059052 0.06714999 -0.01764686 -0.008059052 0.06595 -0.01632032 -0.01048843 0.06714999 -0.01632032 -0.01048843 0.06595 -0.01466154 -0.0127043 0.06714999 -0.01466154 -0.0127043 0.06595 -0.0127043 -0.01466154 0.06714999 -0.0127043 -0.01466154 0.06595 -0.01048843 -0.01632032 0.06714999 -0.01048843 -0.01632032 0.06595 -0.008059052 -0.01764686 0.06714999 -0.008059052 -0.01764686 0.06595 -0.005465611 -0.01861416 0.06714999 -0.005465611 -0.01861416 0.06595 -0.002760908 -0.01920254 0.06595 -0.002760908 -0.01920254 0.06714999 -2.881935e-17 -0.0194 0.06714999 -2.855289e-17 -0.0194 0.06595 0.002760908 -0.01920254 0.06714999 0.002760908 -0.01920254 0.06595 0.005465611 -0.01861416 0.06714999 0.005465611 -0.01861416 0.06595 0.008059052 -0.01764686 0.06714999 0.008059052 -0.01764686 0.06595 0.01048843 -0.01632032 0.06714999 0.01048843 -0.01632032 0.06595 0.0127043 -0.01466154 0.06714999 0.0127043 -0.01466154 0.06595 0.01466154 -0.0127043 0.06714999 0.01466154 -0.0127043 0.06595 0.01632032 -0.01048843 0.06595 0.01632032 -0.01048843 0.06714999 0.01764686 -0.008059052 0.06714999 0.01764686 -0.008059052 0.06595 0.01861416 -0.005465611 0.06714999 0.01861416 -0.005465611 0.06595 0.01920254 -0.002760908 0.06714999 0.01920254 -0.002760908 0.06595 0.0194 -5.683481e-18 0.06595 0.0194 -5.683481e-18 0.06714999 -0.01860864 -0.002675519 0.07475 -0.0188 9.476774e-18 0.06714999 -0.01860864 -0.002675519 0.06714999 -0.01803847 -0.005296572 0.06714999 -0.0188 9.476774e-18 0.07475 -0.01803847 -0.005296572 0.07475 -0.01710108 -0.007809802 0.07475 -0.01710108 -0.007809802 0.06714999 -0.01581557 -0.01016405 0.06714999 -0.01581557 -0.01016405 0.07475 -0.01420809 -0.01231138 0.07475 -0.01420809 -0.01231138 0.06714999 -0.01231138 -0.01420809 0.07475 -0.01231138 -0.01420809 0.06714999 -0.01016405 -0.01581557 0.07475 -0.01016405 -0.01581557 0.06714999 -0.007809802 -0.01710108 0.06714999 -0.007809802 -0.01710108 0.07475 -0.005296572 -0.01803847 0.07475 -0.005296572 -0.01803847 0.06714999 -0.002675519 -0.01860864 0.06714999 -0.002675519 -0.01860864 0.07475 -3.013022e-17 -0.0188 0.07475 -2.844268e-17 -0.0188 0.06714999 0.002675519 -0.01860864 0.07475 0.002675519 -0.01860864 0.06714999 0.005296572 -0.01803847 0.07475 0.005296572 -0.01803847 0.06714999 0.007809802 -0.01710108 0.07475 0.007809802 -0.01710108 0.06714999 0.01016405 -0.01581557 0.07475 0.01016405 -0.01581557 0.06714999 0.01231138 -0.01420809 0.07475 0.01231138 -0.01420809 0.06714999 0.01420809 -0.01231138 0.06714999 0.01420809 -0.01231138 0.07475 0.01581557 -0.01016405 0.07475 0.01581557 -0.01016405 0.06714999 0.01710108 -0.007809802 0.07475 0.01710108 -0.007809802 0.06714999 0.01803847 -0.005296572 0.06714999 0.01803847 -0.005296572 0.07475 0.01860864 -0.002675519 0.06714999 0.01860864 -0.002675519 0.07475 0.0188 -5.476774e-18 0.07475 0.0188 -5.476774e-18 0.06714999 -0.01920254 -0.002760908 0.07595 -0.0194 9.683481e-18 0.07475 -0.01920254 -0.002760908 0.07475 -0.0194 9.683481e-18 0.07595 -0.01861416 -0.005465611 0.07595 -0.01861416 -0.005465611 0.07475 -0.01764686 -0.008059052 0.07595 -0.01764686 -0.008059052 0.07475 -0.01632032 -0.01048843 0.07595 -0.01632032 -0.01048843 0.07475 -0.01466154 -0.0127043 0.07475 -0.01466154 -0.0127043 0.07595 -0.0127043 -0.01466154 0.07595 -0.0127043 -0.01466154 0.07475 -0.01048843 -0.01632032 0.07595 -0.01048843 -0.01632032 0.07475 -0.008059052 -0.01764686 0.07595 -0.008059052 -0.01764686 0.07475 -0.005465611 -0.01861416 0.07595 -0.005465611 -0.01861416 0.07475 -0.002760908 -0.01920254 0.07475 -0.002760908 -0.01920254 0.07595 -3.077335e-17 -0.0194 0.07595 -3.050689e-17 -0.0194 0.07475 0.002760908 -0.01920254 0.07595 0.002760908 -0.01920254 0.07475 0.005465611 -0.01861416 0.07595 0.005465611 -0.01861416 0.07475 0.008059052 -0.01764686 0.07595 0.008059052 -0.01764686 0.07475 0.01048843 -0.01632032 0.07475 0.01048843 -0.01632032 0.07595 0.0127043 -0.01466154 0.07595 0.0127043 -0.01466154 0.07475 0.01466154 -0.0127043 0.07595 0.01466154 -0.0127043 0.07475 0.01632032 -0.01048843 0.07475 0.01632032 -0.01048843 0.07595 0.01764686 -0.008059052 0.07595 0.01764686 -0.008059052 0.07475 0.01861416 -0.005465611 0.07475 0.01861416 -0.005465611 0.07595 0.01920254 -0.002760908 0.07595 0.01920254 -0.002760908 0.07475 0.0194 -5.683481e-18 0.07595 0.0194 -5.683481e-18 0.07475 0.01920254 0.002760908 0.07595 0.01920254 0.002760908 0.07475 0.01861416 0.005465611 0.07595 0.01861416 0.005465611 0.07475 0.01764686 0.008059052 0.07595 0.01764686 0.008059052 0.07475 0.01632032 0.01048843 0.07595 0.01632032 0.01048843 0.07475 0.01466154 0.0127043 0.07595 0.01466154 0.0127043 0.07475 0.0127043 0.01466154 0.07595 0.0127043 0.01466154 0.07475 0.01048843 0.01632032 0.07595 0.01048843 0.01632032 0.07475 0.008059052 0.01764686 0.07595 0.008059052 0.01764686 0.07475 0.005465611 0.01861416 0.07595 0.005465611 0.01861416 0.07475 0.002760908 0.01920254 0.07595 0.002760908 0.01920254 0.07475 8.883573e-18 0.0194 0.07595 9.150026e-18 0.0194 0.07475 -0.002760908 0.01920254 0.07475 -0.002760908 0.01920254 0.07595 -0.005465611 0.01861416 0.07595 -0.005465611 0.01861416 0.07475 -0.008059052 0.01764686 0.07595 -0.008059052 0.01764686 0.07475 -0.01048843 0.01632032 0.07595 -0.01048843 0.01632032 0.07475 -0.0127043 0.01466154 0.07595 -0.0127043 0.01466154 0.07475 -0.01466154 0.0127043 0.07595 -0.01466154 0.0127043 0.07475 -0.01632032 0.01048843 0.07475 -0.01632032 0.01048843 0.07595 -0.01764686 0.008059052 0.07475 -0.01764686 0.008059052 0.07595 -0.01861416 0.005465611 0.07595 -0.01861416 0.005465611 0.07475 -0.01920254 0.002760908 0.07475 -0.01920254 0.002760908 0.07595 -0.01231138 0.01420809 0.07475 -0.01420809 0.01231138 0.07475 -0.01581557 0.01016405 0.07475 -0.01016405 0.01581557 0.07475 -0.01710108 0.007809802 0.07475 -0.007809802 0.01710108 0.07475 -0.01803847 0.005296572 0.07475 -0.005296572 0.01803847 0.07475 -0.01860864 0.002675519 0.07475 -0.002675519 0.01860864 0.07475 8.3002e-18 0.0188 0.07475 0.002675519 0.01860864 0.07475 0.005296572 0.01803847 0.07475 0.007809802 0.01710108 0.07475 0.01016405 0.01581557 0.07475 0.01231138 0.01420809 0.07475 0.01420809 0.01231138 0.07475 0.01581557 0.01016405 0.07475 0.01710108 0.007809802 0.07475 0.01803847 0.005296572 0.07475 0.01860864 0.002675519 0.07475 0.01860864 0.002675519 0.06714999 0.01803847 0.005296572 0.06714999 0.01710108 0.007809802 0.06714999 0.01581557 0.01016405 0.06714999 0.01420809 0.01231138 0.06714999 0.01231138 0.01420809 0.06714999 0.01016405 0.01581557 0.06714999 0.007809802 0.01710108 0.06714999 0.005296572 0.01803847 0.06714999 0.002675519 0.01860864 0.06714999 9.987739e-18 0.0188 0.06714999 -0.002675519 0.01860864 0.06714999 -0.005296572 0.01803847 0.06714999 -0.007809802 0.01710108 0.06714999 -0.01016405 0.01581557 0.06714999 -0.01231138 0.01420809 0.06714999 -0.01420809 0.01231138 0.06714999 -0.01581557 0.01016405 0.06714999 -0.01710108 0.007809802 0.06714999 -0.01803847 0.005296572 0.06714999 -0.01860864 0.002675519 0.06714999 0.0127043 0.01466154 0.06714999 0.01466154 0.0127043 0.06714999 0.01048843 0.01632032 0.06714999 0.01632032 0.01048843 0.06714999 0.008059052 0.01764686 0.06714999 0.01764686 0.008059052 0.06714999 0.005465611 0.01861416 0.06714999 0.01861416 0.005465611 0.06714999 0.01920254 0.002760908 0.06714999 0.002760908 0.01920254 0.06714999 1.083757e-17 0.0194 0.06714999 -0.002760908 0.01920254 0.06714999 -0.005465611 0.01861416 0.06714999 -0.008059052 0.01764686 0.06714999 -0.01048843 0.01632032 0.06714999 -0.0127043 0.01466154 0.06714999 -0.01466154 0.0127043 0.06714999 -0.01632032 0.01048843 0.06714999 -0.01764686 0.008059052 0.06714999 -0.01861416 0.005465611 0.06714999 -0.01920254 0.002760908 0.06714999 0.01920254 0.002760908 0.06595 0.01861416 0.005465611 0.06595 0.01764686 0.008059052 0.06595 0.01632032 0.01048843 0.06595 0.01466154 0.0127043 0.06595 0.0127043 0.01466154 0.06595 0.01048843 0.01632032 0.06595 0.008059052 0.01764686 0.06595 0.005465611 0.01861416 0.06595 0.002760908 0.01920254 0.06595 1.110402e-17 0.0194 0.06595 -0.002760908 0.01920254 0.06595 -0.005465611 0.01861416 0.06595 -0.008059052 0.01764686 0.06595 -0.01048843 0.01632032 0.06595 -0.0127043 0.01466154 0.06595 -0.01466154 0.0127043 0.06595 -0.01632032 0.01048843 0.06595 -0.01764686 0.008059052 0.06595 -0.01861416 0.005465611 0.06595 -0.01920254 0.002760908 0.06595 -0.01244235 0.01435924 0.06595 -0.01435924 0.01244235 0.06595 -0.01598382 0.01027218 0.06595 -0.01027218 0.01598382 0.06595 -0.01728301 0.007892885 0.06595 -0.007892885 0.01728301 0.06595 -0.01823037 0.005352919 0.06595 -0.005352919 0.01823037 0.06595 -0.01880661 0.002703982 0.06595 -0.002703982 0.01880661 0.06595 1.053746e-17 0.019 0.06595 0.002703982 0.01880661 0.06595 0.005352919 0.01823037 0.06595 0.007892885 0.01728301 0.06595 0.01027218 0.01598382 0.06595 0.01244235 0.01435924 0.06595 0.01435924 0.01244235 0.06595 0.01598382 0.01027218 0.06595 0.01728301 0.007892885 0.06595 0.01823037 0.005352919 0.06595 0.01880661 0.002703982 0.06595 0.0188037 0.00272127 0.06535001 0.01822044 0.005386456 0.06535001 0.01725088 0.007962546 0.06535001 0.01606646 0.01014223 0.06535001 0.01528877 0.01128034 0.06535001 0.01443078 0.01235921 0.06535001 0.01269901 0.01413256 0.06535001 0.01164023 0.01501661 0.06535001 0.01052021 0.01582165 0.06535001 0.008125447 0.01717468 0.06535001 0.005816818 0.01808769 0.06535001 0.003147034 0.01873737 0.06535001 0.0006773967 0.01898789 0.06535001 -0.002072065 0.01888653 0.06535001 -0.004515614 0.0184555 0.06535001 -0.006336519 0.01791152 0.06535001 -0.008093536 0.01718738 0.06535002 -0.009933375 0.01619573 0.06535001 -0.01165132 0.01500533 0.06535002 -0.01368266 0.01318244 0.06535001 -0.01543044 0.01108596 0.06535001 -0.01619367 0.009937838 0.06535001 -0.01687176 0.00873747 0.06535001 -0.01795667 0.006209133 0.06535001 -0.01861291 0.003815576 0.06535001 -0.01889622 0.001981949 0.06535001 -0.01899955 0.000129447 0.06535001 -0.0189998 8.629841e-05 0.06535001 -0.01899995 4.314932e-05 0.06535001 -0.01889981 8.584896e-05 0.06535001 -0.01889955 0.0001287728 0.06535001 -0.01889995 4.292459e-05 0.06535001 0.01873489 0.00248535 0.02335 0.01870762 0.00268975 0.02235 0.01824524 0.004927292 0.02335 0.01813442 0.005324745 0.02235 0.0178383 0.006241447 0.02335 0.01719205 0.007851344 0.02235 0.01733726 0.007522694 0.02335 0.01636963 0.009446185 0.02335 0.01589969 0.01021811 0.02235 0.01483373 0.01171057 0.02335 0.01428367 0.01237687 0.02235 0.01317407 0.01355153 0.02335 0.01237687 0.01428367 0.02235 0.01154733 0.01496194 0.02335 0.01021811 0.01589969 0.02235 0.009257892 0.01647659 0.02335 0.007851344 0.01719205 0.02235 0.007324066 0.01742357 0.02335 0.005324745 0.01813442 0.02235 0.00529496 0.01814388 0.02335001 0.00288484 0.01867829 0.02335001 0.00268975 0.01870762 0.02235 0.0001631143 0.01889546 0.02335001 2.007698e-17 0.0189 0.02235 -0.001216156 0.01885585 0.02335001 -0.00268975 0.01870762 0.02235 -0.00258891 0.01871679 0.02335001 -0.005021555 0.0182172 0.02335002 -0.005324745 0.01813442 0.02235 -0.007346716 0.01740932 0.02335002 -0.007851344 0.01719205 0.02235 -0.009791169 0.01615977 0.02335002 -0.01021811 0.01589969 0.02235 -0.01182638 0.01473718 0.02335002 -0.01237687 0.01428367 0.02235 -0.01364812 0.01306857 0.02335002 -0.01428367 0.01237687 0.02235 -0.01538993 0.01096018 0.02335002 -0.01589969 0.01021811 0.02235 -0.01614948 0.009806561 0.02335003 -0.01682369 0.008601057 0.02335003 -0.01719205 0.007851344 0.02235 -0.01780812 0.006324091 0.02335003 -0.01813442 0.005324745 0.02235 -0.01870762 0.00268975 0.02235 -0.01853463 0.003691635 0.02335003 -0.01889958 0.0001287669 0.02335003 -0.01880181 0.001918725 0.02335003 -0.01889956 0.0001287708 0.0511934 0.006601219 0.004101219 0.07595 0.007522947 0.0029 0.07595 0.0054 0.005022947 0.07595 0.004001151 0.00560237 0.07595 0.00810237 0.00150115 0.07595 0.0025 0.0058 0.07595 0.008300001 -7.650568e-18 0.07595 0.00810237 -0.00150115 0.07595 0.0009988495 0.00560237 0.07595 0.007522947 -0.0029 0.07595 -0.0004 0.005022947 0.07595 0.006601219 -0.004101219 0.07595 -0.001601219 0.004101219 0.07595 0.0054 -0.005022947 0.07595 -0.002522947 0.0029 0.07595 0.004001151 -0.00560237 0.07595 -0.00310237 0.00150115 0.07595 0.0025 -0.0058 0.07595 -0.0033 -1.093658e-17 0.07595 0.0009988495 -0.00560237 0.07595 -0.00310237 -0.00150115 0.07595 -0.0004 -0.005022947 0.07595 -0.002522947 -0.0029 0.07595 -0.001601219 -0.004101219 0.07595</float_array>
          <technique_common>
            <accessor count="497" source="#cubeverts-array4-array" stride="3">
              <param type="float" name="X"/>
              <param type="float" name="Y"/>
              <param type="float" name="Z"/>
            </accessor>
          </technique_common>
        </source>
        <source id="cubenormals-array4">
          <float_array count="2451" id="cubenormals-array4-array">-0.9999948 -0.003244989 4.727762e-10 -0.9974168 -0.07133824 -0.008405858 -0.9999947 -0.003245048 -0 -0.9999996 -0.0009735279 -1.016642e-05 -0.9999942 -0.003384166 -2.97366e-06 -0.9999856 -0.005377583 3.690059e-10 -0.9771056 -0.2125534 -0.009248738 -0.97493 -0.221983 0.01532959 -0.9380406 -0.346396 -0.009471502 -0.9368131 -0.3494121 -0.01709984 -0.8850325 -0.464717 0.02748614 -0.8776196 -0.4792199 -0.01149201 -0.8131942 -0.5814501 0.0251209 -0.8003379 -0.5991223 -0.02262007 -0.7300014 -0.6826317 0.03334425 -0.7067335 -0.7067335 -0.03248784 -0.6281063 -0.7768445 0.0446672 -0.5990102 -0.8001881 -0.02976136 -0.5408161 -0.8409011 0.02008088 -0.4790573 -0.8773219 -0.02846925 -0.4785121 -0.8776603 -0.02717592 -0.386666 -0.9214301 0.03815807 -0.3492378 -0.9363457 -0.03591143 -0.2550477 -0.9656932 0.04885824 -0.2124438 -0.9766016 -0.03342292 -0.148912 -0.9886481 0.02000371 -0.07719821 -0.996819 -0.01980981 -0.07130612 -0.9969677 -0.03115608 0.0240847 -0.9988198 0.04217686 0.07128646 -0.9966929 -0.03900873 0.1548944 -0.9869754 0.04344242 0.2123596 -0.9762149 -0.04367968 0.289468 -0.9557369 0.05267957 0.3491259 -0.9360458 -0.04392463 0.4106621 -0.9111875 0.03307732 0.4788133 -0.876875 -0.04275616 0.5121353 -0.8586237 0.02197188 0.5990866 -0.8002902 -0.02511557 0.6134501 -0.7895884 0.01514213 0.7070482 -0.7070482 -0.01286756 0.7163523 -0.6974466 0.02018905 0.8004596 -0.5992134 -0.0144157 0.8053949 -0.592714 0.005409163 0.8719627 -0.4895717 -0.0008574092 0.8773612 -0.4790788 -0.02684946 0.9275587 -0.3723617 0.03133127 0.9366711 -0.3493592 -0.02440067 0.9680598 -0.2497479 0.02205206 0.9762297 -0.2123628 -0.04333192 0.9890361 -0.1457528 0.02373901 0.9966444 -0.07128301 -0.04023295 0.9987952 -0.04906449 0.0008687009 -0.996787 -0.07920717 0.01190878 -0.9999992 -0.001245039 -0 -0.9999953 -0.003089544 0.0001271606 -0.999983 -0.005810182 0.000502285 -0.9967109 -0.07887658 -0.01859657 -0.9973537 -0.07133115 0.01405508 -0.9748005 -0.2219162 -0.02274473 -0.9769855 -0.21253 0.01817946 -0.9353333 -0.3537548 0.003002626 -0.8778285 -0.4789635 -0.003338581 -0.9367192 -0.3493792 0.02216552 -0.8776782 -0.4792469 -0.00188092 -0.7993742 -0.6007959 -0.006733807 -0.7092873 -0.7048922 0.006200467 -0.8005381 -0.599279 0.001854592 -0.6113483 -0.7911621 -0.01777166 -0.7069746 -0.7069746 0.01933615 -0.4964835 -0.8670438 -0.04170306 -0.5987774 -0.7998681 0.04094687 -0.366024 -0.9298207 -0.03820892 -0.4789118 -0.8770645 0.0374372 -0.2348454 -0.9715533 -0.03052484 -0.3492684 -0.9364223 0.03354038 -0.2122763 -0.9758191 0.05211467 -0.1350829 -0.9906307 -0.02008797 -0.07117242 -0.9951344 0.06813333 -0.06292316 -0.9971371 0.04193401 0.04569348 -0.9977096 -0.04987754 0.07126301 -0.996401 0.04589958 0.1823265 -0.9823703 -0.04129849 0.3085204 -0.9496445 -0.05468442 0.2121626 -0.9752966 0.06151092 0.4355553 -0.8970964 -0.07422706 0.3485464 -0.9344864 0.07245979 0.5607073 -0.8248336 -0.07250452 0.4780446 -0.8754763 0.07081374 0.6692361 -0.7405707 -0.06064753 0.5978534 -0.7986338 0.0689589 0.7597336 -0.6468511 -0.06624576 0.7050118 -0.7050118 0.07691914 0.8403555 -0.5357053 -0.08259763 0.7979538 -0.5973444 0.08030844 0.9069939 -0.4157166 -0.06739396 0.8748652 -0.4777109 0.08001936 0.9535869 -0.2941069 -0.06460007 0.9339889 -0.3483608 0.07943308 0.9816778 -0.1903263 0.009195288 0.9942862 -0.1062688 -0.01009476 0.9744412 -0.2119765 0.07436644 0.9994341 -0.03331427 -0.004664348 0.9946561 -0.07113821 0.07482415 -0.9974521 -0.07133847 -0 -0.9974521 -0.07133847 0 -0.9771464 -0.2125677 -0 -0.9771464 -0.2125677 0 -0.93695 -0.3494633 -0 -0.93695 -0.3494633 0 -0.8776792 -0.4792487 -0 -0.8776792 -0.4792487 0 -0.8005412 -0.5992779 -0 -0.8005412 -0.5992779 0 -0.7071068 -0.7071068 -0 -0.7071068 -0.7071068 0 -0.5992779 -0.8005412 -0 -0.5992779 -0.8005412 0 -0.4792487 -0.8776792 -0 -0.4792487 -0.8776792 0 -0.3494633 -0.93695 -0 -0.2125677 -0.9771464 -0 -0.3494633 -0.93695 0 -0.2125677 -0.9771464 -0 -0.07133847 -0.9974521 -1.584103e-17 -0.07133847 -0.9974521 0 0.07133847 -0.9974521 0 0.07133847 -0.9974521 0 0.2125677 -0.9771464 0 0.2125677 -0.9771464 0 0.3494633 -0.93695 0 0.3494633 -0.93695 0 0.4792487 -0.8776792 0 0.4792487 -0.8776792 0 0.5992779 -0.8005412 0 0.5992779 -0.8005412 0 0.7071068 -0.7071068 0 0.8005412 -0.5992779 0 0.7071068 -0.7071068 0 0.8005412 -0.5992779 0 0.8776792 -0.4792487 0 0.8776792 -0.4792487 0 0.93695 -0.3494633 0 0.93695 -0.3494633 0 0.9771464 -0.2125677 0 0.9974521 -0.07133847 0 0.9771464 -0.2125677 0 0.9974521 -0.07133847 0 -0.997452 -0.0713398 -0 -0.9771473 -0.2125632 -0 -0.997452 -0.0713398 0 -0.9771473 -0.2125632 -0 -0.9369491 -0.3494658 -0 -0.8776798 -0.4792473 -0 -0.9369491 -0.3494658 0 -0.8776798 -0.4792473 -0 -0.8005398 -0.5992795 -0 -0.8005398 -0.5992795 0 -0.7071068 -0.7071068 -0 -0.7071068 -0.7071068 0 -0.5992795 -0.8005398 -0 -0.4792473 -0.8776798 -0 -0.5992795 -0.8005398 0 -0.4792473 -0.8776798 -0 -0.3494658 -0.9369491 -0 -0.2125632 -0.9771473 -0 -0.3494658 -0.9369491 0 -0.2125632 -0.9771473 -0 -0.0713398 -0.997452 -1.584057e-17 -0.0713398 -0.997452 0 0.0713398 -0.997452 0 0.0713398 -0.997452 0 0.2125632 -0.9771473 0 0.2125632 -0.9771473 0 0.3494658 -0.9369491 0 0.3494658 -0.9369491 0 0.4792473 -0.8776798 0 0.4792473 -0.8776798 0 0.5992795 -0.8005398 0 0.5992795 -0.8005398 0 0.7071068 -0.7071068 0 0.7071068 -0.7071068 0 0.8005398 -0.5992795 0 0.8005398 -0.5992795 0 0.8776798 -0.4792473 0 0.9369491 -0.3494658 0 0.8776798 -0.4792473 0 0.9771473 -0.2125632 0 0.9369491 -0.3494658 0 0.9771473 -0.2125632 0 0.997452 -0.0713398 0 0.997452 -0.0713398 0 -0.9974522 -0.07133848 -0 -0.9974522 -0.07133848 0 -0.9771464 -0.2125676 -0 -0.9771464 -0.2125676 0 -0.9369501 -0.3494633 -0 -0.9369501 -0.3494633 0 -0.8776792 -0.4792487 -0 -0.8005411 -0.5992779 -0 -0.8776792 -0.4792487 0 -0.8005411 -0.5992779 -0 -0.7071068 -0.7071068 -0 -0.7071068 -0.7071068 0 -0.5992779 -0.8005411 -0 -0.5992779 -0.8005411 0 -0.4792487 -0.8776792 -0 -0.4792487 -0.8776792 0 -0.3494633 -0.9369501 -0 -0.2125676 -0.9771464 -0 -0.3494633 -0.9369501 0 -0.2125676 -0.9771464 -0 -0.07133848 -0.9974522 -1.584053e-17 -0.07133848 -0.9974522 0 0.07133848 -0.9974522 0 0.07133848 -0.9974522 0 0.2125676 -0.9771464 0 0.2125676 -0.9771464 0 0.3494633 -0.9369501 0 0.3494633 -0.9369501 0 0.4792487 -0.8776792 0 0.4792487 -0.8776792 0 0.5992779 -0.8005411 0 0.5992779 -0.8005411 0 0.7071068 -0.7071068 0 0.7071068 -0.7071068 0 0.8005411 -0.5992779 0 0.8005411 -0.5992779 0 0.8776792 -0.4792487 0 0.9369501 -0.3494633 0 0.8776792 -0.4792487 0 0.9369501 -0.3494633 0 0.9771464 -0.2125676 0 0.9771464 -0.2125676 0 0.9974522 -0.07133848 0 0.9974522 -0.07133848 0 0.9974522 0.07133848 0 0.9974522 0.07133848 0 0.9771464 0.2125676 0 0.9771464 0.2125676 0 0.9369501 0.3494633 0 0.9369501 0.3494633 0 0.8776792 0.4792487 0 0.8776792 0.4792487 0 0.8005411 0.5992779 0 0.8005411 0.5992779 0 0.7071068 0.7071068 0 0.7071068 0.7071068 0 0.5992779 0.8005411 0 0.5992779 0.8005411 0 0.4792487 0.8776792 0 0.4792487 0.8776792 0 0.3494633 0.9369501 0 0.3494633 0.9369501 0 0.2125676 0.9771464 0 0.2125676 0.9771464 0 0.07133848 0.9974522 1.584033e-17 -0.07133848 0.9974522 -1.584033e-17 0.07133848 0.9974522 0 -0.07133848 0.9974522 0 -0.2125676 0.9771464 0 -0.2125676 0.9771464 0 -0.3494633 0.9369501 0 -0.3494633 0.9369501 0 -0.4792487 0.8776792 0 -0.4792487 0.8776792 0 -0.5992779 0.8005411 0 -0.5992779 0.8005411 0 -0.7071068 0.7071068 0 -0.7071068 0.7071068 0 -0.8005411 0.5992779 0 -0.8776792 0.4792487 0 -0.8005411 0.5992779 0 -0.8776792 0.4792487 0 -0.9369501 0.3494633 0 -0.9771464 0.2125676 0 -0.9369501 0.3494633 0 -0.9771464 0.2125676 0 -0.9974522 0.07133848 0 -0.9974522 0.07133848 0 0 0 -1 -0 0 -1 0 0 -1 0 0 -1 0 0 -1 -0 0 -1 0 0 -1 0 0 -1 0 0 -1 -0 0 -1 0 0 -1 0 0 -1 0 0 -1 -0 0 -1 0 0 -1 0 0 -1 -0 0 -1 0 0 -1 0 0 -1 0 0 -1 0 0 -1 -0 0 -1 -0 0 -1 0 0 -1 0 0 -1 0 0 -1 0 0 -1 -0 0 -1 0 0 -1 0 0 -1 -0 0 -1 0 0 -1 0 0 -1 0 0 -1 -0 0 -1 0 0 -1 0 0 -1 0 0 -1 0 0 -1 -0 0 -1 0 0 -1 0 0 -1 0 0 -1 0 0 -1 0 0 -1 -0 0 -1 0 0 -1 0 0 -1 -0 0 -1 0 0 -1 0 0 -1 0 0 -1 -0 0 -1 0 0 -1 0 0 -1 0 0 -1 0 0 -1 -0 0 -1 0 0 -1 0 0 -1 0 0 -1 -0 0 -1 0 0 -1 0 0 -1 0 0 -1 0 0 -1 0 0 -1 -0 0 -1 0 0 -1 0 0 -1 -0 0 -1 0 0 -1 0 0 -1 0 0 -1 0 0 -1 -0 0 -1 0 0 -1 0 0 -1 0 0 -1 -0 0 -1 0 0 -1 -0 0 -1 0 0 -1 0 0 -1 -0 0 -1 -0 0 -1 0 0 -1 0 0 -1 0.997452 0.0713398 0 0.997452 0.0713398 0 0.9771473 0.2125632 0 0.9771473 0.2125632 0 0.9369491 0.3494658 0 0.8776798 0.4792473 0 0.9369491 0.3494658 0 0.8776798 0.4792473 0 0.8005398 0.5992795 0 0.8005398 0.5992795 0 0.7071068 0.7071068 0 0.7071068 0.7071068 0 0.5992795 0.8005398 0 0.4792473 0.8776798 0 0.5992795 0.8005398 0 0.4792473 0.8776798 0 0.3494658 0.9369491 0 0.3494658 0.9369491 0 0.2125632 0.9771473 0 0.0713398 0.997452 0 0.2125632 0.9771473 0 0.0713398 0.997452 1.584059e-17 -0.0713398 0.997452 0 -0.2125632 0.9771473 0 -0.0713398 0.997452 0 -0.2125632 0.9771473 0 -0.3494658 0.9369491 0 -0.3494658 0.9369491 0 -0.4792473 0.8776798 0 -0.4792473 0.8776798 0 -0.5992795 0.8005398 0 -0.5992795 0.8005398 0 -0.7071068 0.7071068 0 -0.7071068 0.7071068 0 -0.8005398 0.5992795 0 -0.8005398 0.5992795 0 -0.8776798 0.4792473 0 -0.8776798 0.4792473 0 -0.9369491 0.3494658 0 -0.9369491 0.3494658 0 -0.9771473 0.2125632 0 -0.997452 0.0713398 0 -0.9771473 0.2125632 0 -0.997452 0.0713398 0 0 0 1 0 -0 1 0 0 1 -0 0 1 0 0 1 0 -0 1 0 0 1 -0 0 1 0 0 1 0 -0 1 0 0 1 -0 0 1 0 -0 1 0 0 1 0 0 1 -0 0 1 0 0 1 0 -0 1 -0 0 1 0 0 1 0 -0 1 -0 0 1 0 0 1 0 -0 1 0 0 1 -0 0 1 0 -0 1 0 -0 1 0 0 1 -0 0 1 0 0 1 0 -0 1 0 0 1 -0 0 1 0 0 1 0 -0 1 0 0 1 -0 0 1 0 0 1 0 -0 1 -0 0 1 0 0 1 0 0 1 -0 0 1 0 -0 1 0 0 1 -0 0 1 0 0 1 0 -0 1 0 0 1 0 0 1 -0 0 1 0 0 1 0 -0 1 -0 0 1 0 0 1 0 0 1 0 -0 1 0 0 1 -0 0 1 0 0 1 0 -0 1 0 0 1 -0 0 1 0 0 1 0 0 1 0 -0 1 0 0 1 -0 0 1 0 0 1 0 0 1 -0 0 1 0 0 1 0 -0 1 0 0 1 0 -0 1 0 0 1 -0 0 1 0 0 1 -0 0 1 0 -0 1 0 0 1 0 -0 1 0 0 1 0 -0 1 -0 0 1 0 0 1 0 0 1 0.9974521 0.07133847 0 0.9974521 0.07133847 0 0.9771464 0.2125677 0 0.9771464 0.2125677 0 0.93695 0.3494633 0 0.93695 0.3494633 0 0.8776792 0.4792487 0 0.8776792 0.4792487 0 0.8005412 0.5992779 0 0.8005412 0.5992779 0 0.7071068 0.7071068 0 0.7071068 0.7071068 0 0.5992779 0.8005412 0 0.5992779 0.8005412 0 0.4792487 0.8776792 0 0.4792487 0.8776792 0 0.3494633 0.93695 0 0.3494633 0.93695 0 0.2125677 0.9771464 0 0.07133847 0.9974521 0 0.2125677 0.9771464 0 0.07133847 0.9974521 1.584022e-17 -0.07133847 0.9974521 0 -0.07133847 0.9974521 0 -0.2125677 0.9771464 0 -0.2125677 0.9771464 0 -0.3494633 0.93695 0 -0.3494633 0.93695 0 -0.4792487 0.8776792 0 -0.4792487 0.8776792 0 -0.5992779 0.8005412 0 -0.5992779 0.8005412 0 -0.7071068 0.7071068 0 -0.7071068 0.7071068 0 -0.8005412 0.5992779 0 -0.8005412 0.5992779 0 -0.8776792 0.4792487 0 -0.8776792 0.4792487 0 -0.93695 0.3494633 0 -0.93695 0.3494633 0 -0.9771464 0.2125677 0 -0.9974521 0.07133847 0 -0.9771464 0.2125677 0 -0.9974521 0.07133847 0 0 0 -1 -0 0 -1 0 0 -1 0 0 -1 0 0 -1 -0 0 -1 0 0 -1 0 0 -1 0 0 -1 -0 0 -1 0 0 -1 0 0 -1 -0 0 -1 0 0 -1 0 0 -1 0 0 -1 0 0 -1 -0 0 -1 0 0 -1 0 0 -1 0 0 -1 -0 0 -1 -0 0 -1 0 0 -1 0 0 -1 0 0 -1 0 0 -1 -0 0 -1 0 0 -1 0 0 -1 -0 0 -1 0 0 -1 0 0 -1 0 0 -1 0 0 -1 -0 0 -1 0 0 -1 0 0 -1 -0 0 -1 0 0 -1 0 0 -1 0 0 -1 0 0 -1 0 0 -1 0 0 -1 -0 0 -1 0 0 -1 0 0 -1 0 0 -1 -0 0 -1 0 0 -1 0 0 -1 0 0 -1 -0 0 -1 0 0 -1 0 0 -1 -0 0 -1 0 0 -1 0 0 -1 0 0 -1 0 0 -1 -0 0 -1 0 0 -1 0 0 -1 0 0 -1 0 0 -1 0 0 -1 -0 0 -1 0 0 -1 0 0 -1 0 0 -1 0 0 -1 -0 0 -1 0 0 -1 0 0 -1 0 0 -1 -0 0 -1 0 0 -1 0 0 -1 -0 0 -1 0 0 -1 0 0 -1 -0 0 -1 0 0 -1 0 0 -1 0 0 -1 0 0 -1 -0 0 -1 0.9974415 0.07133742 -0.004654387 0.9974777 0.07092674 -0.002792034 0.976872 0.2137831 -0.004217415 0.977146 0.2125649 0.001387791 0.9358677 0.3522309 -0.009217206 0.8786256 0.4774377 0.008385087 0.9369418 0.3494622 0.004027388 0.8256217 0.5641605 -0.008472403 0.8775516 0.4791778 0.01708656 0.7826527 0.6224184 0.007071505 0.7153971 0.6986233 -0.01150764 0.7980156 0.5973907 0.07934476 0.6408456 0.7675065 -0.01583348 0.7066658 0.7066658 0.03530927 0.5835096 0.8118138 0.02179446 0.4916597 0.8702008 -0.0319572 0.59756 0.7982419 0.07571037 0.3676438 0.9296213 -0.02534052 0.4790693 0.8773529 0.02728673 0.2361704 0.970516 -0.04819003 0.3490733 0.9358991 0.04733706 0.2123578 0.9761939 0.0441568 0.1008406 0.9940878 -0.04025712 0.07120837 0.9956371 0.06030068 -0.03677043 0.9974205 -0.0616462 -0.07121962 0.9957943 0.05763296 -0.1734809 0.9834787 -0.0517116 -0.2120461 0.9747612 0.06983653 -0.2860132 0.9573944 -0.0399046 -0.3484868 0.9343265 0.07477208 -0.3809723 0.9243718 -0.01992409 -0.4743785 0.8801293 0.01836565 -0.4788769 0.8770005 0.03933424 -0.5692718 0.8215535 -0.03129435 -0.5977346 0.798475 0.07177031 -0.6658081 0.7419443 -0.07885605 -0.7051343 0.7051343 0.07463937 -0.7658676 0.6384837 -0.07606208 -0.7983289 0.5976252 0.07426312 -0.8326581 0.5535195 -0.01722188 -0.870277 0.4916218 0.03042825 -0.8753482 0.4779746 0.07284162 -0.9164086 0.3932317 -0.07459357 -0.9345773 0.3485803 0.07111305 -0.9625253 0.2638944 -0.06248837 -0.9876279 0.1525974 -0.03613093 -0.974161 0.2119156 0.07811616 -0.9999831 0.00579065 0.0004991068 -0.999994 0.003447867 0.0001621296 -0.9999993 0.001193492 0 -0.9983847 0.05568782 0.01126567 -0.9954708 0.07119648 0.06300006 0 0 -1 0 0 -1 0 0 -1 0 0 -1 0 0 -1 0 0 -1 -0 0 -1 0 0 -1 -0 0 -1 0 0 -1 0 0 -1 -0 0 -1 0.9978232 0.06593937 0.0008678322 0.9973726 0.07133508 -0.01261682 0.9803946 0.196585 0.01344722 0.9768708 0.2125023 -0.02379784 0.9551834 0.2957829 0.01170573 0.9312091 0.3641537 -0.01554199 0.936089 0.349142 -0.04286291 0.8931867 0.4493268 0.01797138 0.8768857 0.4788192 -0.04247052 0.8267714 0.5607869 0.04435307 0.7998691 0.5987715 -0.04101415 0.7422088 0.6691147 0.03757212 0.7063597 0.7063597 -0.04595617 0.6547676 0.7551972 0.03092891 0.5986465 0.7997022 -0.0458122 0.5511085 0.8330161 0.04861641 0.4787421 0.8767445 -0.04609822 0.4396662 0.8978416 0.02395803 0.349277 0.9364508 -0.03264091 0.3345346 0.9423829 0.001050588 0.216478 0.9762835 -0.002786388 0.2125451 0.9770674 -0.01280861 0.07953057 0.996738 0.01371787 0.07133896 0.9974268 -0.007108527 -0.02870497 0.9995454 0.009219527 -0.07127574 0.9965429 -0.04268524 -0.1007849 0.9949077 0.001041184 -0.2011569 0.9794939 0.01130391 -0.2125338 0.9770154 -0.01643965 -0.3281303 0.9443921 0.02130786 -0.3493338 0.9366031 -0.02721159 -0.4548602 0.8898268 0.03620173 -0.4791176 0.8774322 -0.02364664 -0.572623 0.8192168 0.03141412 -0.5989465 0.800103 -0.03313993 -0.674963 0.7369049 0.03736596 -0.7065502 0.7065502 -0.03967162 -0.7700042 0.636126 0.04936721 -0.8000065 0.5988743 -0.03659549 -0.8350902 0.5498289 0.01768267 -0.8726474 0.4880506 -0.01712252 -0.8771094 0.4789413 -0.03597515 -0.9171316 0.3965154 0.04056093 -0.9360646 0.3491329 -0.04346562 -0.9762062 0.2123577 -0.04388204 -0.9984898 0.05453929 -0.00660367 -0.9966965 0.07128673 -0.0389125 -0.9999947 0.003252865 7.530706e-07 -0.9999819 0.005998705 5.380722e-07 -0.9999946 0.00328818 -7.680267e-06 -0.9999942 0.003421544 0 -0.9999993 0.001155306 -2.061422e-05 -0.9628231 0.2657214 0.04861985 -0.9886004 0.1489832 0.0217541 0 0 1 0 0 1 0 0 1 0 -0 1 0 0 1 0 0 1 -0 0 1 0 0 1 0 0 1 -0 0 1 0 0 1 0 -0 1 0 0 1 0 -0 1 -0 0 1 0 -0 1 -0 0 1 0 0 1 0 0 1 -0 0 1 0 0 1 0 -0 1 0 0 1 0 0 1 -0 0 1 0 -0 1 0 0 1 0 0 1 -0 0 1 0 -0 1 0 0 1 -0 0 1 0 -0 1 -0 0 1 0 -0 1 -0 0 1 0 -0 1 -0 0 1 0 -0 1 0 0 1 -0 0 1 0 0 1 0 -0 1 -0 0 1 0 0 1 0 -0 1 0 0 1 -0 0 1 0 -0 1 -0 0 1 0 0 1 0 0 1 0 0 1 0 -0 1 0 0 1 -0 0 1 -0 0 1 0 -0 1 0 0 1 0 -0 1 0 0 1 -0 0 1 -0 0 1 0 -0 1 0 -0 1 0 -0 1 0 0 1 -0 0 1</float_array>
          <technique_common>
            <accessor count="817" source="#cubenormals-array4-array" stride="3">
              <param type="float" name="X"/>
              <param type="float" name="Y"/>
              <param type="float" name="Z"/>
            </accessor>
          </technique_common>
        </source>
        <vertices id="cubeverts-array4-vertices">
          <input semantic="POSITION" source="#cubeverts-array4"/>
        </vertices>
        <triangles count="817" material="ref_Mesh004">
          <input offset="0" semantic="VERTEX" source="#cubeverts-array4-vertices"/>
          <input offset="1" semantic="NORMAL" source="#cubenormals-array4"/>
          <p>0 0 1 0 2 0 3 1 2 1 1 1 4 2 1 2 0 2 5 3 4 3 0 3 6 4 5 4 0 4 7 5 6 5 0 5 8 6 9 6 3 6 10 7 9 7 8 7 11 8 10 8 8 8 12 9 11 9 8 9 13 10 11 10 12 10 14 11 13 11 12 11 15 12 13 12 14 12 16 13 15 13 14 13 17 14 15 14 16 14 18 15 17 15 16 15 19 16 17 16 18 16 20 17 19 17 18 17 21 18 19 18 20 18 22 19 21 19 20 19 22 20 23 20 21 20 24 21 23 21 22 21 25 22 24 22 22 22 26 23 24 23 25 23 27 24 26 24 25 24 28 25 26 25 27 25 29 26 28 26 27 26 30 27 29 27 27 27 31 28 29 28 30 28 32 29 31 29 30 29 33 30 31 30 32 30 34 31 33 31 32 31 35 32 33 32 34 32 36 33 35 33 34 33 37 34 35 34 36 34 38 35 37 35 36 35 39 36 37 36 38 36 40 37 39 37 38 37 41 38 39 38 40 38 42 39 41 39 40 39 43 40 41 40 42 40 44 41 43 41 42 41 45 42 43 42 44 42 46 43 45 43 44 43 47 44 46 44 44 44 48 45 46 45 47 45 49 46 48 46 47 46 50 47 48 47 49 47 51 48 50 48 49 48 52 49 50 49 51 49 53 50 52 50 51 50 54 51 52 51 53 51 9 52 2 52 3 52 55 53 56 53 57 53 55 54 57 54 58 54 55 55 58 55 59 55 60 56 59 56 61 56 60 57 55 57 59 57 62 58 61 58 63 58 62 59 60 59 61 59 64 60 63 60 65 60 64 61 65 61 66 61 64 62 62 62 63 62 67 63 64 63 66 63 68 64 66 64 69 64 68 65 69 65 70 65 68 66 67 66 66 66 71 67 70 67 72 67 71 68 68 68 70 68 73 69 72 69 74 69 73 70 71 70 72 70 75 71 74 71 76 71 75 72 73 72 74 72 77 73 76 73 78 73 77 74 75 74 76 74 79 75 77 75 78 75 79 76 78 76 80 76 81 77 79 77 80 77 81 78 80 78 82 78 81 79 82 79 83 79 84 80 81 80 83 80 84 81 83 81 85 81 86 82 85 82 87 82 86 83 84 83 85 83 88 84 87 84 89 84 88 85 86 85 87 85 90 86 89 86 91 86 90 87 88 87 89 87 92 88 91 88 93 88 92 89 90 89 91 89 94 90 93 90 95 90 94 91 92 91 93 91 96 92 95 92 97 92 96 93 94 93 95 93 98 94 97 94 99 94 98 95 96 95 97 95 100 96 99 96 101 96 100 97 98 97 99 97 102 98 101 98 103 98 102 99 103 99 104 99 102 100 100 100 101 100 105 101 104 101 106 101 105 102 102 102 104 102 107 103 108 103 109 103 107 104 110 104 108 104 111 105 109 105 112 105 111 106 107 106 109 106 113 107 112 107 114 107 113 108 111 108 112 108 115 109 114 109 116 109 115 110 113 110 114 110 117 111 116 111 118 111 117 112 115 112 116 112 119 113 118 113 120 113 119 114 117 114 118 114 121 115 120 115 122 115 121 116 119 116 120 116 123 117 122 117 124 117 123 118 121 118 122 118 125 119 124 119 126 119 125 120 126 120 127 120 125 121 123 121 124 121 128 122 125 122 127 122 129 123 127 123 130 123 129 124 128 124 127 124 131 125 130 125 132 125 131 126 129 126 130 126 133 127 131 127 132 127 133 128 132 128 134 128 135 129 133 129 134 129 135 130 134 130 136 130 137 131 135 131 136 131 137 132 136 132 138 132 139 133 137 133 138 133 139 134 138 134 140 134 141 135 140 135 142 135 141 136 142 136 143 136 141 137 139 137 140 137 144 138 141 138 143 138 145 139 143 139 146 139 145 140 144 140 143 140 147 141 146 141 148 141 147 142 145 142 146 142 149 143 148 143 150 143 149 144 150 144 151 144 149 145 147 145 148 145 152 146 149 146 151 146 153 147 154 147 155 147 153 148 155 148 156 148 153 149 157 149 154 149 158 150 153 150 156 150 159 151 156 151 160 151 159 152 160 152 161 152 159 153 158 153 156 153 162 154 159 154 161 154 163 155 161 155 164 155 163 156 162 156 161 156 165 157 164 157 166 157 165 158 163 158 164 158 167 159 166 159 168 159 167 160 168 160 169 160 167 161 165 161 166 161 170 162 167 162 169 162 171 163 169 163 172 163 171 164 172 164 173 164 171 165 170 165 169 165 174 166 171 166 173 166 175 167 173 167 176 167 175 168 174 168 173 168 177 169 176 169 178 169 177 170 175 170 176 170 179 171 177 171 178 171 179 172 178 172 180 172 181 173 179 173 180 173 181 174 180 174 182 174 183 175 181 175 182 175 183 176 182 176 184 176 185 177 183 177 184 177 185 178 184 178 186 178 185 179 186 179 187 179 188 180 185 180 187 180 189 181 187 181 190 181 189 182 188 182 187 182 191 183 190 183 192 183 191 184 192 184 193 184 191 185 189 185 190 185 194 186 193 186 195 186 194 187 191 187 193 187 196 188 194 188 195 188 197 189 195 189 198 189 197 190 196 190 195 190 199 191 200 191 201 191 199 192 202 192 200 192 203 193 201 193 204 193 203 194 199 194 201 194 205 195 204 195 206 195 205 196 203 196 204 196 207 197 206 197 208 197 207 198 208 198 209 198 207 199 205 199 206 199 210 200 207 200 209 200 211 201 209 201 212 201 211 202 210 202 209 202 213 203 212 203 214 203 213 204 211 204 212 204 215 205 214 205 216 205 215 206 213 206 214 206 217 207 216 207 218 207 217 208 218 208 219 208 217 209 215 209 216 209 220 210 217 210 219 210 221 211 219 211 222 211 221 212 220 212 219 212 223 213 222 213 224 213 223 214 221 214 222 214 225 215 223 215 224 215 225 216 224 216 226 216 227 217 225 217 226 217 227 218 226 218 228 218 227 219 228 219 229 219 230 220 227 220 229 220 231 221 230 221 229 221 231 222 229 222 232 222 233 223 231 223 232 223 233 224 232 224 234 224 233 225 234 225 235 225 236 226 233 226 235 226 237 227 235 227 238 227 237 228 238 228 239 228 237 229 236 229 235 229 240 230 237 230 239 230 241 231 239 231 242 231 241 232 240 232 239 232 243 233 242 233 244 233 243 234 241 234 242 234 245 235 243 235 244 235 245 236 244 236 246 236 247 237 246 237 248 237 247 238 245 238 246 238 249 239 248 239 250 239 249 240 247 240 248 240 251 241 250 241 252 241 251 242 249 242 250 242 253 243 252 243 254 243 253 244 251 244 252 244 255 245 254 245 256 245 255 246 253 246 254 246 257 247 256 247 258 247 257 248 255 248 256 248 259 249 258 249 260 249 259 250 257 250 258 250 261 251 260 251 262 251 261 252 259 252 260 252 263 253 262 253 264 253 263 254 261 254 262 254 265 255 264 255 266 255 265 256 266 256 267 256 265 257 263 257 264 257 268 258 265 258 267 258 269 259 268 259 267 259 269 260 267 260 270 260 271 261 269 261 270 261 271 262 270 262 272 262 273 263 271 263 272 263 273 264 272 264 274 264 275 265 273 265 274 265 275 266 274 266 276 266 277 267 275 267 276 267 277 268 276 268 278 268 277 269 278 269 279 269 280 270 279 270 281 270 280 271 277 271 279 271 282 272 280 272 281 272 283 273 281 273 284 273 283 274 284 274 285 274 283 275 282 275 281 275 286 276 283 276 285 276 202 277 285 277 200 277 202 278 286 278 285 278 287 279 288 279 278 279 287 280 278 280 276 280 289 281 278 281 288 281 289 282 279 282 278 282 290 283 287 283 276 283 290 284 276 284 274 284 291 285 279 285 289 285 291 286 281 286 279 286 292 287 290 287 274 287 292 288 274 288 272 288 293 289 281 289 291 289 293 290 284 290 281 290 294 291 292 291 272 291 294 292 272 292 270 292 295 293 284 293 293 293 295 294 285 294 284 294 296 295 294 295 270 295 296 296 270 296 267 296 200 297 285 297 295 297 266 298 296 298 267 298 157 299 200 299 295 299 297 300 296 300 266 300 153 301 201 301 200 301 153 302 200 302 157 302 298 303 266 303 264 303 298 304 297 304 266 304 204 305 201 305 153 305 158 306 204 306 153 306 299 307 264 307 262 307 299 308 298 308 264 308 159 309 206 309 204 309 159 310 204 310 158 310 300 311 299 311 262 311 300 312 262 312 260 312 162 313 208 313 206 313 162 314 206 314 159 314 301 315 260 315 258 315 301 316 300 316 260 316 209 317 208 317 162 317 163 318 209 318 162 318 302 319 258 319 256 319 302 320 301 320 258 320 303 321 302 321 256 321 212 322 163 322 165 322 212 323 209 323 163 323 254 324 303 324 256 324 214 325 165 325 167 325 214 326 212 326 165 326 252 327 304 327 303 327 252 328 303 328 254 328 170 329 214 329 167 329 216 330 214 330 170 330 250 331 305 331 304 331 250 332 304 332 252 332 306 333 305 333 250 333 218 334 216 334 170 334 218 335 170 335 171 335 248 336 306 336 250 336 219 337 218 337 171 337 219 338 171 338 174 338 246 339 306 339 248 339 246 340 307 340 306 340 197 341 307 341 246 341 222 342 219 342 174 342 222 343 174 343 175 343 244 344 197 344 246 344 196 345 197 345 244 345 224 346 222 346 175 346 224 347 175 347 177 347 242 348 196 348 244 348 226 349 224 349 177 349 226 350 177 350 179 350 239 351 194 351 196 351 239 352 196 352 242 352 228 353 226 353 179 353 228 354 179 354 181 354 238 355 194 355 239 355 238 356 191 356 194 356 229 357 228 357 181 357 229 358 181 358 183 358 235 359 191 359 238 359 235 360 188 360 189 360 235 361 189 361 191 361 232 362 229 362 183 362 232 363 183 363 185 363 234 364 185 364 188 364 234 365 188 365 235 365 234 366 232 366 185 366 307 367 197 367 198 367 307 368 198 368 308 368 306 369 308 369 309 369 306 370 307 370 308 370 305 371 309 371 310 371 305 372 310 372 311 372 305 373 306 373 309 373 304 374 305 374 311 374 303 375 311 375 312 375 303 376 304 376 311 376 302 377 312 377 313 377 302 378 303 378 312 378 301 379 313 379 314 379 301 380 314 380 315 380 301 381 302 381 313 381 300 382 301 382 315 382 299 383 315 383 316 383 299 384 300 384 315 384 298 385 316 385 317 385 298 386 317 386 318 386 298 387 299 387 316 387 297 388 298 388 318 388 296 389 318 389 319 389 296 390 319 390 320 390 296 391 297 391 318 391 294 392 296 392 320 392 292 393 294 393 320 393 292 394 320 394 321 394 290 395 292 395 321 395 290 396 321 396 322 396 287 397 290 397 322 397 287 398 322 398 323 398 288 399 287 399 323 399 288 400 323 400 324 400 289 401 288 401 324 401 289 402 324 402 325 402 291 403 325 403 326 403 291 404 289 404 325 404 293 405 326 405 327 405 293 406 291 406 326 406 295 407 327 407 328 407 295 408 328 408 154 408 295 409 293 409 327 409 157 410 295 410 154 410 312 411 329 411 313 411 312 412 330 412 329 412 314 413 313 413 329 413 314 414 329 414 331 414 311 415 330 415 312 415 311 416 332 416 330 416 333 417 314 417 331 417 315 418 314 418 333 418 310 419 332 419 311 419 310 420 334 420 332 420 316 421 315 421 333 421 316 422 333 422 335 422 309 423 336 423 334 423 309 424 334 424 310 424 337 425 336 425 309 425 317 426 316 426 335 426 317 427 335 427 338 427 308 428 337 428 309 428 318 429 317 429 338 429 318 430 338 430 339 430 198 431 337 431 308 431 198 432 152 432 337 432 319 433 318 433 339 433 319 434 339 434 340 434 195 435 152 435 198 435 195 436 149 436 152 436 147 437 149 437 195 437 320 438 340 438 341 438 320 439 319 439 340 439 193 440 147 440 195 440 145 441 147 441 193 441 321 442 341 442 342 442 321 443 320 443 341 443 192 444 145 444 193 444 144 445 145 445 192 445 322 446 342 446 343 446 322 447 321 447 342 447 190 448 144 448 192 448 344 449 322 449 343 449 323 450 322 450 344 450 187 451 141 451 144 451 187 452 144 452 190 452 324 453 323 453 344 453 345 454 324 454 344 454 139 455 187 455 186 455 139 456 141 456 187 456 346 457 325 457 324 457 346 458 324 458 345 458 137 459 186 459 184 459 137 460 139 460 186 460 182 461 137 461 184 461 347 462 326 462 325 462 347 463 325 463 346 463 135 464 137 464 182 464 348 465 327 465 326 465 348 466 326 466 347 466 133 467 135 467 182 467 133 468 182 468 180 468 349 469 327 469 348 469 349 470 328 470 327 470 131 471 133 471 180 471 131 472 180 472 178 472 110 473 328 473 349 473 110 474 154 474 328 474 129 475 178 475 176 475 129 476 131 476 178 476 107 477 154 477 110 477 107 478 155 478 154 478 128 479 129 479 176 479 128 480 176 480 173 480 156 481 155 481 107 481 125 482 128 482 173 482 125 483 173 483 172 483 111 484 156 484 107 484 113 485 156 485 111 485 113 486 160 486 156 486 123 487 125 487 172 487 123 488 172 488 169 488 121 489 123 489 169 489 121 490 169 490 168 490 115 491 161 491 160 491 115 492 160 492 113 492 117 493 164 493 161 493 117 494 161 494 115 494 119 495 166 495 164 495 119 496 168 496 166 496 119 497 121 497 168 497 119 498 164 498 117 498 337 499 152 499 151 499 337 500 151 500 350 500 336 501 350 501 351 501 336 502 337 502 350 502 334 503 351 503 352 503 334 504 336 504 351 504 332 505 352 505 353 505 332 506 334 506 352 506 330 507 353 507 354 507 330 508 332 508 353 508 329 509 354 509 355 509 329 510 330 510 354 510 331 511 355 511 356 511 331 512 329 512 355 512 333 513 356 513 357 513 333 514 331 514 356 514 335 515 357 515 358 515 335 516 333 516 357 516 338 517 358 517 359 517 338 518 359 518 360 518 338 519 335 519 358 519 339 520 338 520 360 520 340 521 360 521 361 521 340 522 339 522 360 522 341 523 340 523 361 523 341 524 361 524 362 524 342 525 341 525 362 525 342 526 362 526 363 526 342 527 363 527 364 527 343 528 342 528 364 528 344 529 343 529 364 529 344 530 364 530 365 530 345 531 344 531 365 531 345 532 365 532 366 532 345 533 366 533 367 533 346 534 345 534 367 534 347 535 367 535 368 535 347 536 346 536 367 536 348 537 368 537 369 537 348 538 347 538 368 538 349 539 369 539 370 539 349 540 370 540 108 540 349 541 348 541 369 541 110 542 349 542 108 542 371 543 372 543 366 543 371 544 366 544 365 544 373 545 366 545 372 545 373 546 367 546 366 546 374 547 371 547 365 547 374 548 365 548 364 548 368 549 367 549 373 549 375 550 368 550 373 550 376 551 374 551 364 551 376 552 364 552 363 552 369 553 368 553 375 553 377 554 369 554 375 554 378 555 363 555 362 555 378 556 376 556 363 556 379 557 369 557 377 557 379 558 370 558 369 558 380 559 378 559 362 559 380 560 362 560 361 560 360 561 380 561 361 561 55 562 370 562 379 562 55 563 108 563 370 563 381 564 380 564 360 564 60 565 109 565 108 565 60 566 108 566 55 566 382 567 381 567 360 567 382 568 360 568 359 568 112 569 109 569 60 569 62 570 112 570 60 570 383 571 359 571 358 571 383 572 382 572 359 572 64 573 114 573 112 573 64 574 112 574 62 574 384 575 383 575 358 575 384 576 358 576 357 576 116 577 114 577 64 577 67 578 116 578 64 578 385 579 357 579 356 579 385 580 384 580 357 580 68 581 118 581 116 581 68 582 116 582 67 582 386 583 356 583 355 583 386 584 385 584 356 584 71 585 118 585 68 585 387 586 386 586 355 586 120 587 118 587 71 587 354 588 387 588 355 588 388 589 387 589 354 589 122 590 71 590 73 590 122 591 120 591 71 591 353 592 388 592 354 592 389 593 388 593 353 593 124 594 73 594 75 594 124 595 122 595 73 595 352 596 389 596 353 596 126 597 124 597 75 597 126 598 75 598 77 598 351 599 390 599 389 599 351 600 389 600 352 600 79 601 126 601 77 601 391 602 390 602 351 602 127 603 126 603 79 603 350 604 391 604 351 604 130 605 79 605 81 605 130 606 127 606 79 606 151 607 391 607 350 607 151 608 105 608 391 608 102 609 105 609 151 609 132 610 130 610 81 610 132 611 81 611 84 611 150 612 102 612 151 612 86 613 132 613 84 613 100 614 102 614 150 614 134 615 132 615 86 615 148 616 100 616 150 616 98 617 100 617 148 617 136 618 134 618 86 618 136 619 86 619 88 619 146 620 98 620 148 620 138 621 136 621 88 621 138 622 88 622 90 622 143 623 98 623 146 623 143 624 96 624 98 624 140 625 90 625 92 625 140 626 138 626 90 626 140 627 92 627 94 627 142 628 96 628 143 628 142 629 94 629 96 629 142 630 140 630 94 630 391 631 105 631 106 631 391 632 106 632 392 632 390 633 392 633 393 633 390 634 391 634 392 634 389 635 393 635 394 635 389 636 394 636 395 636 389 637 390 637 393 637 388 638 395 638 396 638 388 639 389 639 395 639 387 640 396 640 397 640 387 641 397 641 398 641 387 642 388 642 396 642 386 643 398 643 399 643 386 644 387 644 398 644 385 645 399 645 400 645 385 646 400 646 401 646 385 647 386 647 399 647 384 648 401 648 402 648 384 649 385 649 401 649 383 650 402 650 403 650 383 651 384 651 402 651 382 652 383 652 403 652 382 653 403 653 404 653 381 654 382 654 404 654 381 655 404 655 405 655 380 656 381 656 405 656 380 657 405 657 406 657 378 658 380 658 406 658 378 659 406 659 407 659 376 660 378 660 407 660 376 661 407 661 408 661 376 662 408 662 409 662 374 663 376 663 409 663 374 664 409 664 410 664 371 665 374 665 410 665 371 666 410 666 411 666 372 667 371 667 411 667 372 668 411 668 412 668 373 669 372 669 412 669 373 670 412 670 413 670 373 671 413 671 414 671 375 672 373 672 414 672 375 673 414 673 415 673 377 674 375 674 415 674 377 675 415 675 416 675 379 676 416 676 417 676 379 677 377 677 416 677 55 678 418 678 419 678 55 679 419 679 420 679 55 680 420 680 56 680 55 681 417 681 418 681 55 682 379 682 417 682 421 683 419 683 418 683 421 684 418 684 422 684 423 685 420 685 419 685 423 686 419 686 421 686 4 687 56 687 420 687 4 688 420 688 423 688 5 689 57 689 56 689 5 690 56 690 4 690 6 691 58 691 57 691 6 692 59 692 58 692 6 693 57 693 5 693 7 694 59 694 6 694 424 695 54 695 53 695 425 696 424 696 53 696 426 697 424 697 425 697 427 698 426 698 425 698 428 699 426 699 427 699 429 700 430 700 428 700 429 701 428 701 427 701 431 702 430 702 429 702 432 703 431 703 429 703 433 704 431 704 432 704 434 705 433 705 432 705 435 706 433 706 434 706 436 707 435 707 434 707 437 708 435 708 436 708 438 709 437 709 436 709 439 710 437 710 438 710 440 711 439 711 438 711 441 712 439 712 440 712 442 713 441 713 440 713 443 714 441 714 442 714 444 715 443 715 442 715 445 716 444 716 442 716 446 717 444 717 445 717 447 718 446 718 445 718 448 719 446 719 447 719 449 720 448 720 447 720 449 721 450 721 448 721 451 722 450 722 449 722 452 723 451 723 449 723 453 724 451 724 452 724 454 725 453 725 452 725 455 726 453 726 454 726 456 727 455 727 454 727 457 728 455 728 456 728 458 729 457 729 456 729 459 730 457 730 458 730 460 731 459 731 458 731 461 732 459 732 460 732 462 733 461 733 460 733 463 734 461 734 462 734 464 735 463 735 462 735 465 736 464 736 462 736 466 737 464 737 465 737 467 738 466 738 465 738 468 739 469 739 467 739 1 740 470 740 471 740 1 741 471 741 468 741 472 742 470 742 1 742 421 743 422 743 472 743 423 744 421 744 472 744 4 745 472 745 1 745 4 746 423 746 472 746 469 747 466 747 467 747 471 748 469 748 468 748 473 749 251 749 253 749 474 750 247 750 249 750 474 751 249 751 251 751 474 752 251 752 473 752 475 753 253 753 255 753 475 754 255 754 257 754 475 755 473 755 253 755 476 756 257 756 259 756 476 757 259 757 261 757 476 758 475 758 257 758 477 759 245 759 247 759 477 760 247 760 474 760 478 761 261 761 263 761 478 762 263 762 265 762 478 763 476 763 261 763 479 764 245 764 477 764 479 765 241 765 243 765 479 766 243 766 245 766 480 767 240 767 241 767 480 768 241 768 479 768 481 769 265 769 268 769 481 770 478 770 265 770 482 771 236 771 237 771 482 772 237 772 240 772 482 773 240 773 480 773 483 774 481 774 268 774 483 775 268 775 269 775 483 776 269 776 271 776 484 777 236 777 482 777 485 778 483 778 271 778 485 779 271 779 273 779 275 780 485 780 273 780 233 781 236 781 484 781 486 782 233 782 484 782 487 783 485 783 275 783 277 784 487 784 275 784 231 785 233 785 486 785 280 786 487 786 277 786 230 787 231 787 486 787 230 788 486 788 488 788 282 789 487 789 280 789 282 790 489 790 487 790 227 791 230 791 488 791 283 792 489 792 282 792 225 793 488 793 490 793 225 794 227 794 488 794 286 795 491 795 489 795 286 796 489 796 283 796 223 797 225 797 490 797 202 798 491 798 286 798 221 799 223 799 490 799 221 800 490 800 492 800 199 801 493 801 491 801 199 802 491 802 202 802 220 803 492 803 494 803 220 804 221 804 492 804 217 805 220 805 494 805 203 806 493 806 199 806 205 807 495 807 493 807 205 808 493 808 203 808 215 809 494 809 496 809 215 810 217 810 494 810 213 811 215 811 496 811 207 812 495 812 205 812 210 813 495 813 207 813 211 814 495 814 210 814 211 815 496 815 495 815 211 816 213 816 496 816</p>
        </triangles>
      </mesh>
    </geometry>
    <geometry id="geometry5" name="Mesh005">
      <mesh>
        <source id="cubeverts-array5">
          <float_array count="192" id="cubeverts-array5-array">-0.09500002 0.00935 -0.0149 -0.09857809 0.008638273 -0.0149 -0.0968241 0.009170342 -0.0149 -0.0931759 0.009170342 -0.0149 -0.1001946 0.007774241 -0.0149 -0.1041703 -0.001824095 -0.0149 -0.1027742 0.005194582 -0.0149 -0.1016115 0.006611448 -0.0149 -0.1036383 0.00357809 -0.0149 -0.1041703 0.001824095 -0.0149 -0.10435 -4.637094e-17 -0.0149 -0.08980542 0.007774241 -0.0149 -0.09142191 0.008638273 -0.0149 -0.08722575 0.005194582 -0.0149 -0.08838857 0.006611448 -0.0149 -0.1001946 -0.007774241 -0.0149 -0.1036383 -0.00357809 -0.0149 -0.1027742 -0.005194582 -0.0149 -0.1016115 -0.006611448 -0.0149 -0.08582966 -0.001824095 -0.0149 -0.08582966 0.001824095 -0.0149 -0.08564999 -4.794393e-17 -0.0149 -0.08636172 0.00357809 -0.0149 -0.0931759 -0.009170342 -0.0149 -0.09857809 -0.008638273 -0.0149 -0.0968241 -0.009170342 -0.0149 -0.09500002 -0.00935 -0.0149 -0.08838857 -0.006611448 -0.0149 -0.09142191 -0.008638273 -0.0149 -0.08980542 -0.007774241 -0.0149 -0.08636172 -0.00357809 -0.0149 -0.08722575 -0.005194582 -0.0149 -0.0968241 0.009170342 0.004950002 -0.09500002 0.00935 0.004950002 -0.09857809 0.008638273 0.004950002 -0.1001946 0.007774241 0.004950002 -0.1016115 0.006611448 0.004950002 -0.1027742 0.005194582 0.004950002 -0.1036383 0.00357809 0.004950002 -0.1041703 0.001824095 0.004950002 -0.10435 -4.637094e-17 0.004950002 -0.1041703 -0.001824095 0.004950002 -0.1036383 -0.00357809 0.004950002 -0.1027742 -0.005194582 0.004950002 -0.1016115 -0.006611448 0.004950002 -0.1001946 -0.007774241 0.004950002 -0.09857809 -0.008638273 0.004950002 -0.0968241 -0.009170342 0.004950002 -0.09500002 -0.00935 0.004950002 -0.0931759 -0.009170342 0.004950002 -0.09142191 -0.008638273 0.004950002 -0.08980542 -0.007774241 0.004950002 -0.08838857 -0.006611448 0.004950002 -0.08722575 -0.005194582 0.004950002 -0.08636172 -0.00357809 0.004950002 -0.08582966 -0.001824095 0.004950002 -0.08564999 -4.794393e-17 0.004950002 -0.08582966 0.001824095 0.004950002 -0.08636172 0.00357809 0.004950002 -0.08722575 0.005194582 0.004950002 -0.08838857 0.006611448 0.004950002 -0.08980542 0.007774241 0.004950002 -0.09142191 0.008638273 0.004950002 -0.0931759 0.009170342 0.004950002</float_array>
          <technique_common>
            <accessor count="64" source="#cubeverts-array5-array" stride="3">
              <param type="float" name="X"/>
              <param type="float" name="Y"/>
              <param type="float" name="Z"/>
            </accessor>
          </technique_common>
        </source>
        <source id="cubenormals-array5">
          <float_array count="282" id="cubenormals-array5-array">0 0 -1 0 0 -1 -0 0 -1 0 0 -1 0 0 -1 0 0 -1 0 0 -1 0 0 -1 0 0 -1 0 0 -1 0 0 -1 -0 0 -1 0 0 -1 0 0 -1 0 0 -1 0 0 -1 0 0 -1 0 0 -1 0 0 -1 -0 0 -1 0 0 -1 0 0 -1 0 0 -1 -0 0 -1 0 0 -1 0 0 -1 0 0 -1 0 0 -1 -0 0 -1 0 0 -1 -0.09801801 0.9951847 0 -0.09801801 0.9951847 0 -0.2902869 0.9569397 0 -0.471391 0.8819243 0 -0.2902869 0.9569397 0 -0.471391 0.8819243 0 -0.6343845 0.7730177 0 -0.6343845 0.7730177 0 -0.7730358 0.6343623 0 -0.8819066 0.4714242 0 -0.7730358 0.6343623 0 -0.8819066 0.4714242 0 -0.9569499 0.290253 0 -0.9569499 0.290253 0 -0.9951827 0.09803737 0 -0.9951827 0.09803737 0 -0.9951827 -0.09803737 -0 -0.9951827 -0.09803737 -0 -0.9569499 -0.290253 0 -0.9569499 -0.290253 -0 -0.8819066 -0.4714242 -0 -0.8819066 -0.4714242 -0 -0.7730358 -0.6343623 0 -0.7730358 -0.6343623 -0 -0.6343845 -0.7730177 -0 -0.6343845 -0.7730177 -0 -0.471391 -0.8819243 0 -0.471391 -0.8819243 -0 -0.2902869 -0.9569397 -0 -0.2902869 -0.9569397 -0 -0.09801801 -0.9951847 -0 0.09801596 -0.9951848 0 -0.09801801 -0.9951847 -0 0.2902857 -0.95694 0 0.09801596 -0.9951848 0 0.2902857 -0.95694 0 0.4713961 -0.8819215 0 0.6343988 -0.773006 0 0.4713961 -0.8819215 0 0.6343988 -0.773006 0 0.7730032 -0.6344022 0 0.7730032 -0.6344022 0 0.8819221 -0.471395 0 0.8819221 -0.471395 0 0.9569407 -0.2902835 0 0.9569407 -0.2902835 0 0.9951839 -0.09802502 0 0.9951839 -0.09802502 0 0.9951839 0.09802502 0 0.9951839 0.09802502 0 0.9569407 0.2902835 0 0.9569407 0.2902835 0 0.8819221 0.471395 0 0.8819221 0.471395 0 0.7730032 0.6344022 0 0.7730032 0.6344022 0 0.6343988 0.773006 0 0.4713961 0.8819215 0 0.6343988 0.773006 0 0.2902857 0.95694 0 0.4713961 0.8819215 0 0.2902857 0.95694 0 0.09801596 0.9951848 0 0.09801596 0.9951848 0</float_array>
          <technique_common>
            <accessor count="94" source="#cubenormals-array5-array" stride="3">
              <param type="float" name="X"/>
              <param type="float" name="Y"/>
              <param type="float" name="Z"/>
            </accessor>
          </technique_common>
        </source>
        <vertices id="cubeverts-array5-vertices">
          <input semantic="POSITION" source="#cubeverts-array5"/>
        </vertices>
        <triangles count="94" material="ref_Mesh005">
          <input offset="0" semantic="VERTEX" source="#cubeverts-array5-vertices"/>
          <input offset="1" semantic="NORMAL" source="#cubenormals-array5"/>
          <p>0 0 1 0 2 0 3 1 4 1 1 1 3 2 1 2 0 2 5 3 6 3 7 3 5 4 8 4 6 4 5 5 9 5 8 5 5 6 10 6 9 6 11 7 3 7 12 7 11 8 4 8 3 8 13 9 7 9 4 9 13 10 11 10 14 10 13 11 5 11 7 11 13 12 4 12 11 12 15 13 16 13 5 13 15 14 17 14 16 14 15 15 18 15 17 15 19 16 20 16 21 16 19 17 22 17 20 17 19 18 13 18 22 18 19 19 15 19 5 19 19 20 5 20 13 20 23 21 24 21 15 21 23 22 25 22 24 22 23 23 26 23 25 23 27 24 28 24 23 24 27 25 29 25 28 25 27 26 30 26 31 26 27 27 19 27 30 27 27 28 15 28 19 28 27 29 23 29 15 29 32 30 33 30 0 30 32 31 0 31 2 31 34 32 2 32 1 32 34 33 1 33 4 33 34 34 32 34 2 34 35 35 34 35 4 35 36 36 4 36 7 36 36 37 35 37 4 37 37 38 7 38 6 38 37 39 6 39 8 39 37 40 36 40 7 40 38 41 37 41 8 41 39 42 8 42 9 42 39 43 38 43 8 43 40 44 39 44 9 44 40 45 9 45 10 45 40 46 10 46 5 46 41 47 40 47 5 47 42 48 41 48 5 48 42 49 5 49 16 49 42 50 16 50 17 50 43 51 42 51 17 51 44 52 43 52 17 52 44 53 17 53 18 53 44 54 18 54 15 54 45 55 44 55 15 55 46 56 45 56 15 56 46 57 15 57 24 57 46 58 24 58 25 58 47 59 46 59 25 59 47 60 25 60 26 60 48 61 26 61 23 61 48 62 47 62 26 62 49 63 23 63 28 63 49 64 48 64 23 64 50 65 49 65 28 65 51 66 28 66 29 66 51 67 29 67 27 67 51 68 50 68 28 68 52 69 51 69 27 69 53 70 27 70 31 70 53 71 52 71 27 71 54 72 31 72 30 72 54 73 53 73 31 73 55 74 30 74 19 74 55 75 54 75 30 75 56 76 19 76 21 76 56 77 55 77 19 77 57 78 21 78 20 78 57 79 56 79 21 79 58 80 20 80 22 80 58 81 57 81 20 81 59 82 22 82 13 82 59 83 58 83 22 83 60 84 13 84 14 84 60 85 59 85 13 85 61 86 14 86 11 86 61 87 11 87 12 87 61 88 60 88 14 88 62 89 12 89 3 89 62 90 61 90 12 90 63 91 62 91 3 91 33 92 3 92 0 92 33 93 63 93 3 93</p>
        </triangles>
      </mesh>
    </geometry>
    <geometry id="geometry6" name="Mesh006">
      <mesh>
        <source id="cubeverts-array6">
          <float_array count="360" id="cubeverts-array6-array">-0.08315 -0.01285 0.004950002 -0.10685 -0.01285 0.0119 -0.10685 -0.01285 0.004950002 -0.08315 -0.01285 0.0119 -0.10785 -0.01185 0.004950002 -0.1078159 -0.01210882 0.004950002 -0.10785 -0.01185 0.0119 -0.1078159 -0.01210882 0.0119 -0.107716 -0.01235 0.004950002 -0.107716 -0.01235 0.0119 -0.1075571 -0.01255711 0.004950002 -0.1075571 -0.01255711 0.0119 -0.10735 -0.01271603 0.004950002 -0.10735 -0.01271603 0.0119 -0.1071088 -0.01281593 0.004950002 -0.1071088 -0.01281593 0.0119 -0.10785 0.01185 0.0119 -0.10785 0.01185 0.004950002 -0.107716 0.01235 0.0119 -0.10735 0.01271603 0.0119 -0.1075571 0.01255711 0.0119 -0.1078159 0.01210882 0.0119 -0.1071088 0.01281593 0.0119 -0.10685 0.01285 0.0119 -0.1016115 0.006611448 0.0119 -0.1027742 0.005194582 0.0119 -0.1001946 0.007774241 0.0119 -0.1036383 0.00357809 0.0119 -0.09857809 0.008638273 0.0119 -0.1041703 0.001824095 0.0119 -0.0968241 0.009170342 0.0119 -0.10435 -4.637094e-17 0.0119 -0.09500002 0.00935 0.0119 -0.1041703 -0.001824095 0.0119 -0.1036383 -0.00357809 0.0119 -0.1027742 -0.005194582 0.0119 -0.08980542 0.007774241 0.0119 -0.08315 0.01285 0.0119 -0.09142191 0.008638273 0.0119 -0.0931759 0.009170342 0.0119 -0.08838857 0.006611448 0.0119 -0.1016115 -0.006611448 0.0119 -0.08265002 0.01271603 0.0119 -0.08228397 0.01235 0.0119 -0.08244289 0.01255711 0.0119 -0.08289118 0.01281593 0.0119 -0.08214999 0.01185 0.0119 -0.08218407 0.01210882 0.0119 -0.08722575 0.005194582 0.0119 -0.1001946 -0.007774241 0.0119 -0.08636172 0.00357809 0.0119 -0.09857809 -0.008638273 0.0119 -0.08582966 0.001824095 0.0119 -0.0968241 -0.009170342 0.0119 -0.08564999 -4.794393e-17 0.0119 -0.09500002 -0.00935 0.0119 -0.0931759 -0.009170342 0.0119 -0.09142191 -0.008638273 0.0119 -0.08980542 -0.007774241 0.0119 -0.08838857 -0.006611448 0.0119 -0.08214999 -0.01185 0.0119 -0.08722575 -0.005194582 0.0119 -0.08636172 -0.00357809 0.0119 -0.08582966 -0.001824095 0.0119 -0.08289118 -0.01281593 0.0119 -0.08228397 -0.01235 0.0119 -0.08218407 -0.01210882 0.0119 -0.08265002 -0.01271603 0.0119 -0.08244289 -0.01255711 0.0119 -0.10685 0.01285 0.004950002 -0.1071088 0.01281593 0.004950002 -0.10735 0.01271603 0.004950002 -0.1075571 0.01255711 0.004950002 -0.107716 0.01235 0.004950002 -0.1078159 0.01210882 0.004950002 -0.08315 0.01285 0.004950002 -0.08214999 0.01185 0.004950002 -0.08218407 0.01210882 0.004950002 -0.08228397 0.01235 0.004950002 -0.08244289 0.01255711 0.004950002 -0.08265002 0.01271603 0.004950002 -0.08289118 0.01281593 0.004950002 -0.08214999 -0.01185 0.004950002 -0.08289118 -0.01281593 0.004950002 -0.08265002 -0.01271603 0.004950002 -0.08244289 -0.01255711 0.004950002 -0.08228397 -0.01235 0.004950002 -0.08218407 -0.01210882 0.004950002 -0.0931759 -0.009170342 0.03095 -0.09500002 -0.00935 0.03095 -0.09142191 -0.008638273 0.03095 -0.08980542 -0.007774241 0.03095 -0.08838857 -0.006611448 0.03095 -0.08722575 -0.005194582 0.03095 -0.08636172 -0.00357809 0.03095 -0.08582966 -0.001824095 0.03095 -0.08564999 -4.794393e-17 0.03095 -0.08582966 0.001824095 0.03095 -0.08636172 0.00357809 0.03095 -0.08722575 0.005194582 0.03095 -0.08838857 0.006611448 0.03095 -0.08980542 0.007774241 0.03095 -0.09142191 0.008638273 0.03095 -0.0931759 0.009170342 0.03095 -0.09500002 0.00935 0.03095 -0.0968241 0.009170342 0.03095 -0.09857809 0.008638273 0.03095 -0.1001946 0.007774241 0.03095 -0.1016115 0.006611448 0.03095 -0.1027742 0.005194582 0.03095 -0.1036383 0.00357809 0.03095 -0.1041703 0.001824095 0.03095 -0.10435 -4.637094e-17 0.03095 -0.1041703 -0.001824095 0.03095 -0.1036383 -0.00357809 0.03095 -0.1027742 -0.005194582 0.03095 -0.1016115 -0.006611448 0.03095 -0.1001946 -0.007774241 0.03095 -0.09857809 -0.008638273 0.03095 -0.0968241 -0.009170342 0.03095</float_array>
          <technique_common>
            <accessor count="120" source="#cubeverts-array6-array" stride="3">
              <param type="float" name="X"/>
              <param type="float" name="Y"/>
              <param type="float" name="Z"/>
            </accessor>
          </technique_common>
        </source>
        <source id="cubenormals-array6">
          <float_array count="630" id="cubenormals-array6-array">0 -1 0 -0 -1 -0 -0.9914342 -0.1306072 0 -0.9914342 -0.1306072 0 -0.9238808 -0.3826805 0 -0.9238808 -0.3826805 0 -0.7933964 -0.6087053 0 -0.7933964 -0.6087053 0 -0.608764 -0.7933514 0 -0.608764 -0.7933514 0 -0.3826629 -0.923888 0 -0.3826629 -0.923888 0 -0.1305142 -0.9914464 0 -0.1305142 -0.9914464 0 -1 -0 0 -1 0 0 0 0 1 -0 0 1 -0 0 1 -0 0 1 -0 0 1 -0 0 1 0 0 1 0 -0 1 0 0 1 0 -0 1 0 0 1 0 -0 1 0 0 1 0 -0 1 0 0 1 0 0 1 0 0 1 0 0 1 0 -0 1 0 -0 1 0 -0 1 0 -0 1 -0 -0 1 -0 0 1 0 0 1 0 0 1 0 0 1 -0 -0 1 -0 -0 1 -0 -0 1 0 0 1 0 0 1 0 0 1 0 0 1 -0 0 1 -0 -0 1 -0 0 1 0 0 1 -0 0 1 0 0 1 -0 0 1 0 0 1 -0 0 1 0 0 1 -0 0 1 -0 0 1 -0 0 1 -0 0 1 -0 0 1 -0 0 1 -0 0 1 -0 0 1 -0 0 1 0 -0 1 0 0 1 0 0 1 0 -0 1 0 0 1 0 0 1 0 0 1 -0.1305142 0.9914464 0 -0.1305142 0.9914464 0 -0.3826629 0.923888 0 -0.3826629 0.923888 0 -0.608764 0.7933514 0 -0.608764 0.7933514 0 -0.7933964 0.6087053 0 -0.7933964 0.6087053 0 -0.9238808 0.3826805 0 -0.9238808 0.3826805 0 -0.9914342 0.1306072 0 -0.9914342 0.1306072 0 -0 1 0 0 1 0 0.9914417 0.1305498 -0 0.9914417 0.1305498 0 0.9238704 0.3827054 0 0.9238704 0.3827054 -0 0.7933682 0.6087421 0 0.7933682 0.6087421 -0 0.6087075 0.7933947 0 0.6087075 0.7933947 -0 0.3827146 0.9238667 0 0.3827146 0.9238667 -0 0.1305067 0.9914474 0 0.1305067 0.9914474 -0 1 0 0 1 0 0 0.1305067 -0.9914474 0 0.1305067 -0.9914474 0 0.3827146 -0.9238667 0 0.3827146 -0.9238667 0 0.6087075 -0.7933947 0 0.6087075 -0.7933947 0 0.7933682 -0.6087421 0 0.7933682 -0.6087421 0 0.9238704 -0.3827054 0 0.9238704 -0.3827054 0 0.9914417 -0.1305498 0 0.9914417 -0.1305498 0 0.09801597 -0.9951849 0 0.09801597 -0.9951849 0 0.2902857 -0.95694 0 0.4713961 -0.8819215 0 0.2902857 -0.95694 0 0.6343988 -0.773006 0 0.4713961 -0.8819215 0 0.7730032 -0.6344021 0 0.6343988 -0.773006 0 0.7730032 -0.6344021 0 0.8819221 -0.4713951 0 0.9569407 -0.2902835 0 0.8819221 -0.4713951 0 0.9569407 -0.2902835 0 0.9951839 -0.09802501 0 0.9951839 -0.09802501 0 0.9951839 0.09802501 0 0.9951839 0.09802501 0 0.9569407 0.2902835 0 0.9569407 0.2902835 0 0.8819221 0.4713951 0 0.8819221 0.4713951 0 0.7730032 0.6344021 0 0.7730032 0.6344021 0 0.6343988 0.773006 0 0.6343988 0.773006 0 0.4713961 0.8819215 0 0.4713961 0.8819215 0 0.2902857 0.95694 0 0.2902857 0.95694 0 0.09801597 0.9951849 0 0.09801597 0.9951849 0 -0.09801801 0.9951847 0 -0.09801801 0.9951847 0 -0.2902869 0.9569397 0 -0.2902869 0.9569397 0 -0.471391 0.8819243 0 -0.6343844 0.7730177 0 -0.471391 0.8819243 0 -0.6343844 0.7730177 0 -0.7730358 0.6343623 0 -0.7730358 0.6343623 0 -0.8819066 0.4714242 0 -0.8819066 0.4714242 0 -0.9569499 0.290253 0 -0.9951828 0.09803738 0 -0.9569499 0.290253 0 -0.9951828 0.09803738 0 -0.9951828 -0.09803738 -0 -0.9951828 -0.09803738 0 -0.9569499 -0.290253 -0 -0.8819066 -0.4714242 -0 -0.9569499 -0.290253 0 -0.7730358 -0.6343623 -0 -0.8819066 -0.4714242 -0 -0.7730358 -0.6343623 -0 -0.6343844 -0.7730177 -0 -0.6343844 -0.7730177 0 -0.471391 -0.8819243 -0 -0.471391 -0.8819243 0 -0.2902869 -0.9569397 -0 -0.2902869 -0.9569397 0 -0.09801801 -0.9951847 -0 -0.09801801 -0.9951847 0 0 0 1 0 0 1 0 0 1 -0 0 1 -0 0 1 -0 0 1 -0 0 1 0 0 1 0 0 1 -0 0 1 0 0 1 0 0 1 -0 0 1 -0 -0 1 -0 -0 1 -0 -0 1 0 0 1 0 0 1 0 0 1 0 -0 1 0 0 1 -0 -0 1 0 -0 1 0 -0 1 0 -0 1 0 -0 1 0 0 1 0 0 1 0 0 1 0 -0 1</float_array>
          <technique_common>
            <accessor count="210" source="#cubenormals-array6-array" stride="3">
              <param type="float" name="X"/>
              <param type="float" name="Y"/>
              <param type="float" name="Z"/>
            </accessor>
          </technique_common>
        </source>
        <vertices id="cubeverts-array6-vertices">
          <input semantic="POSITION" source="#cubeverts-array6"/>
        </vertices>
        <triangles count="210" material="ref_Mesh006">
          <input offset="0" semantic="VERTEX" source="#cubeverts-array6-vertices"/>
          <input offset="1" semantic="NORMAL" source="#cubenormals-array6"/>
          <p>0 0 1 0 2 0 3 1 1 1 0 1 4 2 5 2 6 2 6 3 5 3 7 3 7 4 8 4 9 4 5 5 8 5 7 5 9 6 10 6 11 6 8 7 10 7 9 7 11 8 12 8 13 8 10 9 12 9 11 9 13 10 14 10 15 10 12 11 14 11 13 11 15 12 2 12 1 12 14 13 2 13 15 13 16 14 4 14 6 14 17 15 4 15 16 15 18 16 19 16 20 16 18 17 21 17 19 17 22 18 16 18 23 18 19 19 16 19 22 19 21 20 16 20 19 20 16 21 24 21 23 21 16 22 25 22 24 22 24 23 26 23 23 23 16 24 27 24 25 24 26 25 28 25 23 25 16 26 29 26 27 26 28 27 30 27 23 27 16 28 31 28 29 28 30 29 32 29 23 29 31 30 6 30 33 30 33 31 6 31 34 31 34 32 6 32 35 32 16 33 6 33 31 33 36 34 37 34 38 34 38 35 37 35 39 35 39 36 37 36 32 36 32 37 37 37 23 37 9 38 11 38 7 38 36 39 40 39 37 39 6 40 41 40 35 40 42 41 43 41 44 41 45 42 43 42 42 42 7 43 15 43 6 43 11 44 15 44 7 44 13 45 15 45 11 45 40 46 46 46 37 46 43 47 46 47 47 47 45 48 46 48 43 48 37 49 46 49 45 49 6 50 1 50 41 50 15 51 1 51 6 51 40 52 48 52 46 52 1 53 49 53 41 53 48 54 50 54 46 54 1 55 51 55 49 55 50 56 52 56 46 56 1 57 53 57 51 57 52 58 54 58 46 58 1 59 55 59 53 59 55 60 3 60 56 60 56 61 3 61 57 61 57 62 3 62 58 62 58 63 3 63 59 63 59 64 60 64 61 64 61 65 60 65 62 65 62 66 60 66 63 66 63 67 60 67 54 67 54 68 60 68 46 68 3 69 60 69 59 69 3 70 64 70 60 70 60 71 65 71 66 71 67 72 68 72 64 72 60 73 68 73 65 73 64 74 68 74 60 74 1 75 3 75 55 75 69 76 70 76 23 76 23 77 70 77 22 77 22 78 71 78 19 78 70 79 71 79 22 79 19 80 72 80 20 80 71 81 72 81 19 81 20 82 73 82 18 82 72 83 73 83 20 83 18 84 74 84 21 84 73 85 74 85 18 85 21 86 17 86 16 86 74 87 17 87 21 87 23 88 37 88 75 88 23 89 75 89 69 89 76 90 77 90 46 90 46 91 77 91 47 91 47 92 78 92 43 92 77 93 78 93 47 93 43 94 79 94 44 94 78 95 79 95 43 95 44 96 80 96 42 96 79 97 80 97 44 97 42 98 81 98 45 98 80 99 81 99 42 99 45 100 75 100 37 100 81 101 75 101 45 101 82 102 76 102 46 102 82 103 46 103 60 103 0 104 83 104 3 104 3 105 83 105 64 105 64 106 84 106 67 106 83 107 84 107 64 107 67 108 85 108 68 108 84 109 85 109 67 109 68 110 86 110 65 110 85 111 86 111 68 111 65 112 87 112 66 112 86 113 87 113 65 113 66 114 82 114 60 114 87 115 82 115 66 115 88 116 89 116 55 116 88 117 55 117 56 117 90 118 56 118 57 118 90 119 57 119 58 119 90 120 88 120 56 120 91 121 58 121 59 121 91 122 90 122 58 122 92 123 59 123 61 123 92 124 91 124 59 124 93 125 92 125 61 125 94 126 61 126 62 126 94 127 62 127 63 127 94 128 93 128 61 128 95 129 94 129 63 129 96 130 95 130 63 130 96 131 63 131 54 131 97 132 96 132 54 132 97 133 54 133 52 133 97 134 52 134 50 134 98 135 97 135 50 135 99 136 98 136 50 136 99 137 50 137 48 137 99 138 48 138 40 138 100 139 99 139 40 139 100 140 40 140 36 140 101 141 100 141 36 141 101 142 36 142 38 142 102 143 101 143 38 143 103 144 102 144 38 144 103 145 38 145 39 145 104 146 39 146 32 146 104 147 103 147 39 147 105 148 32 148 30 148 105 149 104 149 32 149 106 150 30 150 28 150 106 151 105 151 30 151 107 152 28 152 26 152 107 153 26 153 24 153 107 154 106 154 28 154 108 155 107 155 24 155 109 156 24 156 25 156 109 157 108 157 24 157 110 158 25 158 27 158 110 159 109 159 25 159 111 160 27 160 29 160 111 161 29 161 31 161 111 162 110 162 27 162 112 163 111 163 31 163 113 164 31 164 33 164 113 165 112 165 31 165 114 166 33 166 34 166 114 167 34 167 35 167 114 168 113 168 33 168 115 169 35 169 41 169 115 170 114 170 35 170 116 171 115 171 41 171 117 172 41 172 49 172 117 173 116 173 41 173 118 174 49 174 51 174 118 175 117 175 49 175 119 176 51 176 53 176 119 177 118 177 51 177 89 178 53 178 55 178 89 179 119 179 53 179 106 180 104 180 105 180 107 181 103 181 106 181 106 182 103 182 104 182 109 183 113 183 108 183 110 184 113 184 109 184 111 185 113 185 110 185 112 186 113 186 111 186 103 187 101 187 102 187 107 188 101 188 103 188 108 189 99 189 107 189 101 190 99 190 100 190 113 191 99 191 108 191 107 192 99 192 101 192 114 193 117 193 113 193 115 194 117 194 114 194 116 195 117 195 115 195 97 196 95 196 96 196 98 197 95 197 97 197 99 198 95 198 98 198 117 199 95 199 113 199 113 200 95 200 99 200 118 201 88 201 117 201 119 202 88 202 118 202 89 203 88 203 119 203 90 204 92 204 88 204 91 205 92 205 90 205 94 206 92 206 93 206 95 207 92 207 94 207 117 208 92 208 95 208 88 209 92 209 117 209</p>
        </triangles>
      </mesh>
    </geometry>
    <geometry id="geometry7" name="Mesh007">
      <mesh>
        <source id="cubeverts-array7">
          <float_array count="1551" id="cubeverts-array7-array">0.0025 -0.0058 0.0764581 0.004001151 -0.00560237 0.07595 0.004001151 -0.00560237 0.0764581 0.0025 -0.0058 0.07595 0.0054 -0.005022947 0.07595 0.0054 -0.005022947 0.0764581 0.006601219 -0.004101219 0.07595 0.006601219 -0.004101219 0.0764581 0.007522947 -0.0029 0.07595 0.007522947 -0.0029 0.0764581 0.00810237 -0.00150115 0.07595 0.00810237 -0.00150115 0.0764581 0.008300001 -4.502433e-18 0.07595 0.008300001 -4.502433e-18 0.0764581 0.00810237 0.00150115 0.07595 0.00810237 0.00150115 0.0764581 0.007522947 0.0029 0.0764581 0.007522947 0.0029 0.07595 0.006601219 0.004101219 0.07595 0.006601219 0.004101219 0.0764581 0.0054 0.005022947 0.07595 0.0054 0.005022947 0.0764581 0.004001151 0.00560237 0.07595 0.004001151 0.00560237 0.0764581 0.0025 0.0058 0.0764581 0.0025 0.0058 0.07595 0.0009988495 0.00560237 0.07595 0.0009988495 0.00560237 0.0764581 -0.0004 0.005022947 0.07595 -0.0004 0.005022947 0.0764581 -0.001601219 0.004101219 0.0764581 -0.001601219 0.004101219 0.07595 -0.002522947 0.0029 0.07595 -0.002522947 0.0029 0.0764581 -0.00310237 0.00150115 0.07595 -0.00310237 0.00150115 0.0764581 -0.0033 2.202323e-18 0.07595 -0.0033 2.202323e-18 0.0764581 -0.00310237 -0.00150115 0.07595 -0.00310237 -0.00150115 0.0764581 -0.002522947 -0.0029 0.07595 -0.002522947 -0.0029 0.0764581 -0.001601219 -0.004101219 0.07595 -0.001601219 -0.004101219 0.0764581 -0.0004 -0.005022947 0.07595 -0.0004 -0.005022947 0.0764581 0.0009988495 -0.00560237 0.0764581 0.0009988495 -0.00560237 0.07595 0.0025 -0.005847083 0.0767551 0.004071445 -0.00612038 0.0773348 0.0025 -0.006184311 0.07723692 0.0025 -0.006073685 0.07713618 0.0025 -0.0063189 0.0773348 0.0009285535 -0.00612038 0.0773348 0.00403512 -0.005729143 0.07695017 0.0025 -0.005931245 0.07695017 0.004100617 -0.005973587 0.07723692 0.005544153 -0.005537294 0.0773348 0.005465622 -0.005136609 0.07695017 0.005592155 -0.005355771 0.07723692 0.006825585 -0.00460628 0.0773348 0.006694024 -0.004194024 0.07695017 0.006872968 -0.004372968 0.07723692 0.007835224 -0.003385836 0.0773348 0.007636609 -0.002965623 0.07695017 0.00850963 -0.001952647 0.0773348 0.008229143 -0.001535119 0.07695017 0.008806431 -0.000396767 0.0773348 0.008431245 -4.880143e-18 0.07695017 0.008706975 0.001184044 0.0773348 0.008229143 0.001535119 0.07695017 0.008217512 0.002690457 0.0773348 0.007636609 0.002965623 0.07695017 0.007368796 0.004027819 0.0773348 0.006694024 0.004194024 0.07695017 0.006214156 0.005112097 0.0773348 0.005465622 0.005136609 0.07695017 0.004826142 0.005875165 0.0773348 0.00403512 0.005729143 0.07695017 0.003291968 0.006269073 0.0773348 0.0025 0.005931245 0.07695017 0.001708032 0.006269073 0.0773348 0.0009648808 0.005729143 0.07695017 0.0001738578 0.005875165 0.0773348 -0.0004656226 0.005136609 0.07695017 -0.001214156 0.005112097 0.0773348 -0.001694024 0.004194024 0.07695017 -0.002368796 0.004027819 0.0773348 -0.002636609 0.002965623 0.07695017 -0.003217512 0.002690457 0.0773348 -0.003229143 0.001535119 0.07695017 -0.003706975 0.001184044 0.0773348 -0.003431245 2.499097e-18 0.07695017 -0.003806431 -0.000396767 0.0773348 -0.003229143 -0.001535119 0.07695017 -0.003509631 -0.001952647 0.0773348 -0.002636609 -0.002965623 0.07695017 -0.002835224 -0.003385836 0.0773348 -0.001694024 -0.004194024 0.07695017 -0.001872968 -0.004372968 0.07723692 -0.001825585 -0.00460628 0.0773348 -0.0004656226 -0.005136609 0.07695017 -0.0005921555 -0.005355771 0.07723692 -0.0005441533 -0.005537294 0.0773348 0.0009648808 -0.005729143 0.07695017 0.0008993825 -0.005973587 0.07723692 0.007362931 0.003379825 0.0769341 0.006880172 0.00398565 0.0769341 0.006346098 0.004503203 0.0769341 0.00572541 0.004966694 0.0769341 0.005077484 0.005331781 0.0769341 0.004359496 0.005622596 0.0769341 0.003640135 0.005811317 0.0769341 0.002871852 0.005910418 0.0769341 0.002128148 0.005910418 0.0769341 0.001359865 0.005811317 0.0769341 0.0006405041 0.005622596 0.0769341 -7.748368e-05 0.005331781 0.0769341 -0.0007254089 0.004966694 0.0769341 -0.001346099 0.004503203 0.0769341 -0.001880172 0.00398565 0.0769341 -0.002362931 0.003379825 0.0769341 0.0025 -0.00785 0.07817506 0.004388402 -0.00918907 0.0790153 0.0025 -0.009381101 0.0790153 0.0006115984 -0.00918907 0.0790153 0.004711601 -0.00753202 0.07817506 0.006199492 -0.008620835 0.0790153 0.00674403 -0.00660384 0.07817506 0.007859124 -0.007699664 0.0790153 0.009299354 -0.006463267 0.0790153 0.008432634 -0.005140657 0.07817506 0.01046122 -0.004962264 0.0790153 0.009640611 -0.003261008 0.07817506 0.01129715 -0.003258105 0.0790153 0.0102701 -0.001117172 0.07817506 0.01177292 -0.001420559 0.0790153 0.01186906 0.0004751449 0.0790153 0.0102701 0.001117172 0.07817506 0.01158163 0.002351397 0.0790153 0.009640611 0.003261008 0.07817506 0.01092239 0.004131382 0.0790153 0.009918346 0.005742228 0.0790153 0.008432634 0.005140657 0.07817506 0.00861059 0.007117986 0.0790153 0.00674403 0.00660384 0.07817506 0.007052666 0.008202333 0.0790153 0.004711601 0.00753202 0.07817506 0.005308355 0.008950876 0.0790153 0.00344907 0.009332969 0.0790153 0.0025 0.00785 0.07817506 0.00155093 0.009332969 0.0790153 0.0002883994 0.00753202 0.07817506 -0.0003083554 0.008950876 0.0790153 -0.002052666 0.008202333 0.0790153 -0.00174403 0.00660384 0.07817506 -0.00361059 0.007117986 0.0790153 -0.003432634 0.005140657 0.07817506 -0.004918346 0.005742228 0.0790153 -0.004640611 0.003261008 0.07817506 -0.005922394 0.004131382 0.0790153 -0.006581628 0.002351397 0.0790153 -0.005270098 0.001117172 0.07817506 -0.00686906 0.0004751449 0.0790153 -0.005270098 -0.001117172 0.07817506 -0.00677292 -0.001420559 0.0790153 -0.006297146 -0.003258105 0.0790153 -0.004640611 -0.003261008 0.07817506 -0.005461216 -0.004962264 0.0790153 -0.003432634 -0.005140657 0.07817506 -0.004299354 -0.006463267 0.0790153 -0.00174403 -0.00660384 0.07817506 -0.002859124 -0.007699664 0.0790153 -0.001199492 -0.008620835 0.0790153 0.0002883994 -0.00753202 0.07817506 0.0025 -0.00959697 0.07917847 0.0025 -0.009884119 0.07973464 0.0005686058 -0.009709774 0.07989199 0.0025 -0.009843131 0.07957236 0.0025 -0.0099 0.07989199 0.004401759 -0.009560785 0.0793683 0.0025 -0.009748095 0.0793683 0.004428296 -0.009694199 0.07973464 0.006288566 -0.009146407 0.07989199 0.004431394 -0.009709774 0.07989199 0.006344218 -0.008958086 0.0793683 0.006397861 -0.009083092 0.07973464 0.008000145 -0.008231547 0.07989199 0.008068776 -0.008000875 0.0793683 0.008146483 -0.008112524 0.07973464 0.00950036 -0.007000356 0.07989199 0.009565348 -0.006716114 0.0793683 0.009663939 -0.006809831 0.07973464 0.01073155 -0.005500145 0.07989199 0.01077266 -0.005156391 0.0793683 0.01164641 -0.003788566 0.07989199 0.0116413 -0.003385564 0.0793683 0.007230769 0.008523211 0.0793683 0.006288566 0.009146407 0.07989199 0.008000145 0.008231547 0.07989199 0.00541822 0.009301042 0.0793683 0.004431394 0.009709774 0.07989199 0.003486198 0.009698079 0.0793683 0.0025 0.0099 0.07989199 0.001513802 0.009698079 0.0793683 0.0005686058 0.009709774 0.07989199 -0.0004182196 0.009301042 0.0793683 -0.001288566 0.009146407 0.07989199 -0.002230769 0.008523211 0.0793683 -0.003000145 0.008231547 0.07989199 -0.006641295 -0.003385564 0.0793683 -0.005772663 -0.005156391 0.0793683 -0.006646408 -0.003788566 0.07989199 -0.005731549 -0.005500145 0.07989199 -0.004565348 -0.006716114 0.0793683 -0.004663939 -0.006809831 0.07973464 -0.004500357 -0.007000356 0.07989199 -0.003068776 -0.008000875 0.0793683 -0.003146483 -0.008112524 0.07973464 -0.003000145 -0.008231547 0.07989199 -0.001344218 -0.008958086 0.0793683 -0.00139786 -0.009083092 0.07973464 -0.001288566 -0.009146407 0.07989199 0.0005377232 -0.00954855 0.0793683 0.0005103413 -0.00968179 0.07973464 0.01191175 -0.002660825 0.0794258 0.01220977 -0.001931394 0.07989199 0.011919 -0.002248687 0.07927544 0.01213265 -0.001695002 0.0794258 0.01213568 -0.001476132 0.0793683 0.01225241 -0.0007426749 0.0794258 0.0124 -4.878115e-18 0.07989199 0.01217818 -0.0003270589 0.07927544 0.01227751 0.0002477703 0.0794258 0.01223558 0.0004937328 0.0793683 0.01220614 0.001204941 0.0794258 0.01220977 0.001931394 0.07989199 0.01204932 0.001607682 0.07927544 0.01203444 0.002180712 0.0794258 0.01193691 0.002443384 0.0793683 0.01177478 0.00310475 0.0794258 0.01164641 0.003788566 0.07989199 0.01153759 0.003477964 0.07927544 0.01141309 0.004027135 0.0794258 0.01125188 0.004293003 0.0793683 0.01097545 0.004881379 0.0794258 0.01073155 0.005500145 0.07989199 0.01066349 0.005208799 0.07927544 0.01043812 0.005713781 0.0794258 0.01020856 0.005966866 0.0793683 0.009839848 0.006464339 0.0794258 0.00950036 0.007000356 0.07989199 0.00946209 0.00673079 0.07927544 0.009148204 0.007173733 0.0794258 0.008849641 0.007396445 0.0793683 0.008413041 0.007790827 0.0794258 0.007981542 0.007982913 0.07927544 0.007594519 0.00834907 0.0794258 0.006751635 0.008808215 0.0794258 0.006281217 0.008914968 0.07927544 0.005838709 0.009193153 0.0794258 0.004921546 0.009476136 0.0794258 0.004429285 0.009489575 0.07927544 0.003950437 0.009672503 0.0794258 0.002995382 0.009768093 0.0794258 0.0025 0.009683708 0.07927544 0.002004618 0.009768093 0.0794258 0.001049563 0.009672503 0.0794258 0.0005707148 0.009489575 0.07927544 7.84542e-05 0.009476136 0.0794258 -0.0008387092 0.009193153 0.0794258 -0.001281217 0.008914968 0.07927544 -0.001751635 0.008808215 0.0794258 -0.002594518 0.00834907 0.0794258 -0.002981542 0.007982913 0.07927544 -0.003413041 0.007790827 0.0794258 -0.004500357 0.007000356 0.07989199 -0.00384964 0.007396445 0.0793683 -0.004148203 0.007173733 0.0794258 -0.004462088 0.00673079 0.07927544 -0.004839848 0.006464339 0.0794258 -0.005731549 0.005500145 0.07989199 -0.005208556 0.005966866 0.0793683 -0.005438119 0.005713781 0.0794258 -0.005663493 0.005208799 0.07927544 -0.005975446 0.004881379 0.0794258 -0.006251883 0.004293003 0.0793683 -0.006646408 0.003788566 0.07989199 -0.006413094 0.004027135 0.0794258 -0.006537586 0.003477964 0.07927544 -0.006774782 0.00310475 0.0794258 -0.006936906 0.002443384 0.0793683 -0.007209774 0.001931394 0.07989199 -0.00703444 0.002180712 0.0794258 -0.007049322 0.001607682 0.07927544 -0.007206141 0.001204941 0.0794258 -0.007235581 0.0004937328 0.0793683 -0.0074 -2.201093e-17 0.07989199 -0.007277508 0.0002477703 0.0794258 -0.007178183 -0.0003270589 0.07927544 -0.007252409 -0.0007426749 0.0794258 -0.007135681 -0.001476132 0.0793683 -0.007209774 -0.001931394 0.07989199 -0.007132654 -0.001695002 0.0794258 -0.006919003 -0.002248687 0.07927544 -0.006911751 -0.002660825 0.0794258 0.0025 -0.0099 0.0913001 0.004431394 -0.009709774 0.0913001 0.006288566 -0.009146407 0.0913001 0.008000145 -0.008231547 0.0913001 0.00950036 -0.007000356 0.0913001 0.01073155 -0.005500145 0.0913001 0.01164641 -0.003788566 0.0913001 0.01220977 -0.001931394 0.0913001 0.0124 -4.878115e-18 0.0913001 0.01220977 0.001931394 0.0913001 0.01164641 0.003788566 0.0913001 0.01073155 0.005500145 0.0913001 0.00950036 0.007000356 0.0913001 0.008000145 0.008231547 0.0913001 0.006288566 0.009146407 0.0913001 0.004431394 0.009709774 0.0913001 0.0025 0.0099 0.0913001 0.0005686058 0.009709774 0.0913001 -0.001288566 0.009146407 0.0913001 -0.003000145 0.008231547 0.0913001 -0.004500357 0.007000356 0.0913001 -0.005731549 0.005500145 0.0913001 -0.006646408 0.003788566 0.0913001 -0.007209774 0.001931394 0.0913001 -0.0074 -2.201093e-17 0.0913001 -0.007209774 -0.001931394 0.0913001 -0.006646408 -0.003788566 0.0913001 -0.005731549 -0.005500145 0.0913001 -0.004500357 -0.007000356 0.0913001 -0.003000145 -0.008231547 0.0913001 -0.001288566 -0.009146407 0.0913001 0.0005686058 -0.009709774 0.0913001 0.0025 -0.009629335 0.09198135 0.004388402 -0.00918907 0.0921767 0.0025 -0.009381101 0.0921767 0.0006115984 -0.00918907 0.0921767 0.0025 -0.009878953 0.0914613 0.0025 -0.009845996 0.0916032 0.0025 -0.009757051 0.09181341 0.004403506 -0.009569571 0.09181341 0.004427288 -0.009689131 0.0914613 0.00634775 -0.008966317 0.09181341 0.006199492 -0.008620835 0.0921767 0.006395823 -0.009078341 0.0914613 0.008073895 -0.008008227 0.09181341 0.007859124 -0.007699664 0.0921767 0.008143532 -0.008108282 0.0914613 0.009571839 -0.006722285 0.09181341 0.009299354 -0.006463267 0.0921767 0.01078026 -0.005161129 0.09181341 0.01046122 -0.004962264 0.0921767 0.008855474 0.007403241 0.09181341 0.007235116 0.008531044 0.09181341 0.005420901 0.009309587 0.09181341 0.003487104 0.009706989 0.09181341 0.001512896 0.009706989 0.09181341 -0.000420901 0.009309587 0.09181341 -0.002235116 0.008531044 0.09181341 -0.003855474 0.007403241 0.09181341 -0.005461216 -0.004962264 0.0921767 -0.005780264 -0.005161129 0.09181341 -0.004299354 -0.006463267 0.0921767 -0.004571839 -0.006722285 0.09181341 -0.003073893 -0.008008227 0.09181341 -0.002859124 -0.007699664 0.0921767 -0.001199492 -0.008620835 0.0921767 -0.003143532 -0.008108282 0.0914613 -0.00134775 -0.008966317 0.09181341 -0.001395823 -0.009078341 0.0914613 0.0005359203 -0.009557323 0.09181341 0.0005113815 -0.00967673 0.0914613 0.01104557 -0.004696088 0.09182381 0.01116845 -0.004458372 0.09182899 0.01125303 -0.004066617 0.09195757 0.01129715 -0.003258105 0.0921767 0.01157502 -0.003558525 0.09182899 0.01164969 -0.003388675 0.09181341 0.01180986 -0.00289941 0.09182381 0.01188012 -0.002651882 0.09182899 0.01188775 -0.002241226 0.09195757 0.01177292 -0.001420559 0.0921767 0.01210028 -0.001689305 0.09182899 0.01214454 -0.001477488 0.09181341 0.01220087 -0.000986482 0.09182381 0.01221963 -0.0007401788 0.09182899 0.01214607 -0.0003259738 0.09195757 0.01186906 0.0004751449 0.0921767 0.01224465 0.0002469376 0.09182899 0.01224453 0.0004941865 0.09181341 0.01220293 0.0009659986 0.09182381 0.01217352 0.001200891 0.09182899 0.01201764 0.001602348 0.09195757 0.01158163 0.002351397 0.0921767 0.01200239 0.002173383 0.09182899 0.01194558 0.002445629 0.09181341 0.01181596 0.002879748 0.09182381 0.01174361 0.003094315 0.09182899 0.0115076 0.003466425 0.09195757 0.01092239 0.004131382 0.0921767 0.01138314 0.0040136 0.09182899 0.01125992 0.004296948 0.09181341 0.01105547 0.004678036 0.09182381 0.01094696 0.004864973 0.09182899 0.01063641 0.005191517 0.09195757 0.009918346 0.005742228 0.0921767 0.01041144 0.005694577 0.09182899 0.01021564 0.005972349 0.09181341 0.009951948 0.00628876 0.09182381 0.009815179 0.006442613 0.09182899 0.009438989 0.006708458 0.09195757 0.00861059 0.007117986 0.0921767 0.009125855 0.007149622 0.09182899 0.008393167 0.007764643 0.09182899 0.007963356 0.007956427 0.09195757 0.007052666 0.008202333 0.0921767 0.007577396 0.008321007 0.09182899 0.006737346 0.00877861 0.09182899 0.006268671 0.008885386 0.09195757 0.005308355 0.008950876 0.0921767 0.005827488 0.009162252 0.09182899 0.004913407 0.009444287 0.09182899 0.004422884 0.009458092 0.09195757 0.00344907 0.009332969 0.0921767 0.003945562 0.009639995 0.09182899 0.002993717 0.009735263 0.09182899 0.0025 0.009651579 0.09195757 0.00155093 0.009332969 0.0921767 0.002006283 0.009735263 0.09182899 0.001054438 0.009639995 0.09182899 0.0005771158 0.009458092 0.09195757 -0.0003083554 0.008950876 0.0921767 8.659296e-05 0.009444287 0.09182899 -0.0008274879 0.009162252 0.09182899 -0.001268671 0.008885386 0.09195757 -0.002052666 0.008202333 0.0921767 -0.001737346 0.00877861 0.09182899 -0.002577396 0.008321007 0.09182899 -0.002963355 0.007956427 0.09195757 -0.00361059 0.007117986 0.0921767 -0.003393168 0.007764643 0.09182899 -0.004125859 0.007149622 0.09182899 -0.004438989 0.006708458 0.09195757 -0.004918346 0.005742228 0.0921767 -0.004815179 0.006442613 0.09182899 -0.004951949 0.00628876 0.09182381 -0.005215639 0.005972349 0.09181341 -0.005411441 0.005694577 0.09182899 -0.005636407 0.005191517 0.09195757 -0.005922394 0.004131382 0.0921767 -0.00594696 0.004864973 0.09182899 -0.006055467 0.004678036 0.09182381 -0.006259924 0.004296948 0.09181341 -0.006383137 0.0040136 0.09182899 -0.006507601 0.003466425 0.09195757 -0.006581628 0.002351397 0.0921767 -0.006743609 0.003094315 0.09182899 -0.006815959 0.002879748 0.09182381 -0.006945577 0.002445629 0.09181341 -0.007002395 0.002173383 0.09182899 -0.007017639 0.001602348 0.09195757 -0.00686906 0.0004751449 0.0921767 -0.007173519 0.001200891 0.09182899 -0.007202932 0.0009659986 0.09182381 -0.007244527 0.0004941865 0.09181341 -0.007244646 0.0002469376 0.09182899 -0.007146073 -0.0003259738 0.09195757 -0.00677292 -0.001420559 0.0921767 -0.007219632 -0.0007401788 0.09182899 -0.007144535 -0.001477488 0.09181341 -0.007200871 -0.000986482 0.09182381 -0.007100277 -0.001689305 0.09182899 -0.006887752 -0.002241226 0.09195757 -0.006297146 -0.003258105 0.0921767 -0.006880117 -0.002651882 0.09182899 -0.006649694 -0.003388675 0.09181341 -0.006809858 -0.00289941 0.09182381 -0.006575021 -0.003558525 0.09182899 -0.006253033 -0.004066617 0.09195757 -0.00616845 -0.004458372 0.09182899 -0.006045571 -0.004696088 0.09182381 0.0025 -0.009381101 0.0923 0.004388402 -0.00918907 0.0923 0.006199492 -0.008620835 0.0923 0.007859124 -0.007699664 0.0923 0.009299354 -0.006463267 0.0923 0.01046122 -0.004962264 0.0923 0.01129715 -0.003258105 0.0923 0.01177292 -0.001420559 0.0923 0.01186906 0.0004751449 0.0923 0.01158163 0.002351397 0.0923 0.01092239 0.004131382 0.0923 0.009918346 0.005742228 0.0923 0.00861059 0.007117986 0.0923 0.007052666 0.008202333 0.0923 0.005308355 0.008950876 0.0923 0.00344907 0.009332969 0.0923 0.00155093 0.009332969 0.0923 -0.0003083554 0.008950876 0.0923 -0.002052666 0.008202333 0.0923 -0.00361059 0.007117986 0.0923 -0.004918346 0.005742228 0.0923 -0.005922394 0.004131382 0.0923 -0.006581628 0.002351397 0.0923 -0.00686906 0.0004751449 0.0923 -0.00677292 -0.001420559 0.0923 -0.006297146 -0.003258105 0.0923 -0.005461216 -0.004962264 0.0923 -0.004299354 -0.006463267 0.0923 -0.002859124 -0.007699664 0.0923 -0.001199492 -0.008620835 0.0923 0.0006115984 -0.00918907 0.0923</float_array>
          <technique_common>
            <accessor count="517" source="#cubeverts-array7-array" stride="3">
              <param type="float" name="X"/>
              <param type="float" name="Y"/>
              <param type="float" name="Z"/>
            </accessor>
          </technique_common>
        </source>
        <source id="cubenormals-array7">
          <float_array count="2937" id="cubenormals-array7-array">0.130526 -0.9914449 0 0.130526 -0.9914449 0 0.3826835 -0.9238795 0 0.3826835 -0.9238795 0 0.6087615 -0.7933532 0 0.6087615 -0.7933532 0 0.7933533 -0.6087615 0 0.7933533 -0.6087615 0 0.9238795 -0.3826837 0 0.9238795 -0.3826837 0 0.9914448 -0.1305267 0 0.9914448 -0.1305267 0 0.9914448 0.1305267 0 0.9238795 0.3826837 0 0.9914448 0.1305267 -0 0.9238795 0.3826837 0 0.7933533 0.6087615 0 0.7933533 0.6087615 -0 0.6087615 0.7933532 0 0.6087615 0.7933532 -0 0.3826835 0.9238795 0 0.130526 0.9914449 0 0.3826835 0.9238795 -0 0.130526 0.9914449 0 -0.130526 0.9914448 0 -0.130526 0.9914448 0 -0.3826835 0.9238795 0 -0.3826835 0.9238795 0 -0.6087616 0.7933532 0 -0.6087616 0.7933532 0 -0.7933533 0.6087615 0 -0.7933533 0.6087615 0 -0.9238795 0.3826837 0 -0.9238795 0.3826837 0 -0.9914448 0.1305261 0 -0.9914448 0.1305261 0 -0.9914448 -0.1305261 0 -0.9914448 -0.1305261 0 -0.9238795 -0.3826837 0 -0.9238795 -0.3826837 0 -0.7933533 -0.6087615 0 -0.7933533 -0.6087615 0 -0.6087616 -0.7933532 0 -0.3826835 -0.9238795 -0 -0.6087616 -0.7933532 0 -0.3826835 -0.9238795 0 -0.130526 -0.9914448 0 -0.130526 -0.9914448 0 0.128943 -0.9794208 -0.155269 0.07324632 -0.6714832 -0.7373908 0.07409655 -0.5865345 -0.8065277 -0.128943 -0.9794208 -0.155269 -0.07324625 -0.6714833 -0.7373908 -0.07409649 -0.5865345 -0.8065278 0.1200084 -0.9115551 -0.3932751 0.1039599 -0.7896547 -0.6046799 0.1062365 -0.9611022 -0.2549438 0.06963509 -0.6960615 -0.7145973 0.2261148 -0.5711012 -0.7891231 0.2579587 -0.7053773 -0.6602272 0.631062 -0.5132493 -0.5816664 0.3699667 -0.8931786 -0.2556494 0.369967 -0.8931782 -0.2556506 0.2651644 -0.6401628 -0.7210266 0.4275078 -0.6172969 -0.6604406 0.5844175 -0.499402 -0.639573 0.3740546 -0.5148422 -0.7713759 0.5885319 -0.7669894 -0.2556511 0.5885316 -0.7669903 -0.2556491 0.4180438 -0.5448058 -0.7269291 0.506489 -0.4190044 -0.7535942 0.6413803 -0.4039041 -0.652298 0.5692493 -0.4894 -0.6606383 0.7669896 -0.5885319 -0.2556506 0.6617846 -0.3114115 -0.6819559 0.7669896 -0.5885316 -0.2556511 0.540422 -0.4146803 -0.7321095 0.8931785 -0.3699669 -0.2556495 0.7229912 -0.1379182 -0.6769508 0.8931784 -0.3699665 -0.2556503 0.624836 -0.2588155 -0.7366102 0.9584993 -0.1261893 -0.255647 0.9584988 -0.1261884 -0.2556493 0.6663371 -0.08772472 -0.7404723 0.7386038 0.04646884 -0.6725363 0.9584987 0.1261892 -0.2556494 0.6627662 0.08725459 -0.7437255 0.7071053 0.2297522 -0.6687422 0.9584993 0.1261885 -0.255647 0.8931783 0.3699668 -0.2556503 0.6301308 0.3998935 -0.6655979 0.6148422 0.254676 -0.7463974 0.8931786 0.3699666 -0.2556495 0.5123885 0.5456386 -0.6631263 0.3613532 0.6572985 -0.6613489 0.1867715 0.7274285 -0.6602758 0 0.7513382 -0.6599173 -0.1867714 0.7274283 -0.6602761 -0.3613533 0.6572987 -0.6613488 -0.5123884 0.5456384 -0.6631265 -0.6301306 0.3998934 -0.665598 -0.8931783 0.3699668 -0.2556499 -0.7071053 0.2297522 -0.6687422 -0.8931783 0.3699666 -0.2556503 -0.6148421 0.254676 -0.7463976 -0.9584987 0.1261885 -0.2556498 -0.9584987 0.1261886 -0.2556496 -0.6627662 0.0872547 -0.7437255 -0.7386039 0.04646896 -0.6725362 -0.9584987 -0.1261886 -0.2556498 -0.9584987 -0.1261885 -0.2556496 -0.666337 -0.0877248 -0.7404723 -0.7229907 -0.1379179 -0.6769513 -0.8931783 -0.3699668 -0.2556503 -0.7669896 -0.5885319 -0.2556506 -0.8931785 -0.3699667 -0.2556499 -0.6617844 -0.3114118 -0.6819561 -0.6248354 -0.2588153 -0.7366108 -0.5885319 -0.7669893 -0.2556513 -0.7669896 -0.5885316 -0.2556513 -0.5404221 -0.4146803 -0.7321094 -0.5064897 -0.4190048 -0.7535936 -0.6413791 -0.4039048 -0.6522988 -0.5692492 -0.4893994 -0.6606388 -0.3699667 -0.8931785 -0.2556499 -0.5885317 -0.7669899 -0.2556499 -0.4180438 -0.5448056 -0.7269293 -0.374055 -0.5148429 -0.7713752 -0.5844164 -0.4994032 -0.6395732 -0.4275079 -0.6172969 -0.6604404 -0.1200085 -0.9115551 -0.3932751 -0.1039599 -0.7896546 -0.6046801 -0.3699667 -0.8931785 -0.2556501 -0.2651643 -0.6401631 -0.7210265 -0.1062365 -0.9611022 -0.2549436 -0.06963506 -0.6960613 -0.7145975 -0.2261147 -0.5711004 -0.789124 -0.6310641 -0.5132461 -0.5816671 -0.2579586 -0.7053768 -0.660228 0.749522 0.5751285 -0.3277864 0.8107814 0.5257226 -0.2573895 0.642217 0.3989331 -0.6545302 0.5477077 0.4364478 -0.7138134 0.7476237 0.5957533 -0.293491 0.7106555 0.6547196 -0.2575095 0.5167807 0.51445 -0.6843091 0.575704 0.7502718 -0.3250493 0.6484909 0.7163782 -0.2574141 0.5158149 0.5461407 -0.6600496 0.4187576 0.5607828 -0.7142581 0.5707892 0.7643772 -0.2998786 0.5177028 0.8158911 -0.2574988 0.3707201 0.631254 -0.6812378 0.3622992 0.8746677 -0.322018 0.4425919 0.8589761 -0.2574342 0.3572742 0.6557275 -0.6651139 0.2626322 0.6484098 -0.7145551 0.3573452 0.8822455 -0.306508 0.2900017 0.9217369 -0.2574879 0.1989102 0.7078294 -0.6777996 0.1237205 0.9397516 -0.3186851 0.2068478 0.9438913 -0.2574552 0.1772803 0.7211144 -0.6697505 0.08947821 0.6936817 -0.7147022 0.1214862 0.941824 -0.3133827 0.04293731 0.9653311 -0.2574729 0.01223605 0.7386553 -0.6739722 -0.01223605 0.7386553 -0.6739722 -0.04293731 0.9653311 -0.2574729 -0.1237205 0.9397516 -0.3186851 -0.1214862 0.941824 -0.3133827 -0.08947822 0.6936818 -0.7147022 -0.2068482 0.9438913 -0.2574549 -0.1772807 0.7211145 -0.6697503 -0.2900009 0.9217373 -0.2574875 -0.1989097 0.7078298 -0.6777993 -0.3622993 0.8746678 -0.3220178 -0.4425909 0.8589765 -0.2574349 -0.3573454 0.8822453 -0.3065085 -0.2626324 0.6484096 -0.7145552 -0.3572731 0.6557271 -0.6651149 -0.5177051 0.8158894 -0.2574996 -0.370721 0.6312518 -0.6812395 -0.5757038 0.7502716 -0.3250505 -0.5707883 0.7643787 -0.2998767 -0.4187565 0.5607833 -0.7142584 -0.648492 0.7163771 -0.2574142 -0.5158164 0.5461406 -0.6600482 -0.7106557 0.6547194 -0.2575097 -0.5167806 0.5144497 -0.6843094 -0.749522 0.5751285 -0.3277864 -0.7476237 0.5957533 -0.293491 -0.5477077 0.4364477 -0.7138135 -0.8107814 0.5257226 -0.2573895 -0.6422169 0.398933 -0.6545303 0.06066626 -0.4802228 -0.8750461 0.04886397 -0.4805207 -0.8756211 -0.0606662 -0.4802227 -0.8750461 -0.04886399 -0.4805207 -0.875621 0.1756017 -0.4435195 -0.8788939 0.1474743 -0.4700335 -0.8702413 0.06996434 -0.4866133 -0.8708113 0.06635594 -0.4615163 -0.8846466 0.2776153 -0.3821049 -0.8814338 0.2372561 -0.4274534 -0.8723492 0.3092189 -0.3601968 -0.8801374 0.2062993 -0.451732 -0.867974 0.1923384 -0.4211619 -0.8863568 0.361989 -0.2994635 -0.8827716 0.3094372 -0.3571099 -0.8813179 0.3874475 -0.2999076 -0.8717453 0.3272835 -0.3777056 -0.8661547 0.424768 -0.1998802 -0.882961 0.4215123 -0.2708894 -0.8654168 0.4419055 -0.216765 -0.8704783 0.3891995 -0.2501232 -0.8865451 0.462884 -0.0883 -0.8820099 0.4657865 -0.1205998 -0.8766405 0.4840804 -0.02454973 -0.8746791 0.4801428 -0.1409831 -0.8657867 0.4486009 -0.1317215 -0.8839721 0.474259 0.02983772 -0.8798797 0.4871936 0.07463469 -0.8700988 0.4978715 0 -0.8672508 0.4651719 0 -0.8852204 0.4447661 0.1305955 -0.8860744 0.4734893 0.1390294 -0.8697578 0.4578705 0.148771 -0.8764826 0.4111206 0.2609053 -0.8734462 0.457292 0.169364 -0.8730406 0.4048063 0.2523166 -0.8789017 0.3279626 0.349245 -0.8777634 0.4118471 0.2646779 -0.8719676 0.3557812 0.3381954 -0.8712311 0.395951 0.2544621 -0.8823105 0.2281723 0.4150435 -0.8807248 0.2808485 0.403506 -0.8708082 0.3242504 0.3742052 -0.8688107 0.3028488 0.3495064 -0.8866385 0.1169827 0.4556186 -0.882455 0.1889539 0.4403146 -0.8777354 0.09788178 0.4762988 -0.8738184 0.2072624 0.453841 -0.8666434 0.194833 0.4266243 -0.8831941 0 0.4693277 -0.8830241 0.07127676 0.4957413 -0.8655404 0.06607184 0.4595403 -0.8856958 0 0.492961 -0.8700514 -0.1169827 0.4556186 -0.8824549 -0.09788177 0.4762988 -0.8738184 -0.1889539 0.4403146 -0.8777355 -0.07127676 0.4957413 -0.8655404 -0.06607185 0.4595403 -0.8856959 -0.2281723 0.4150436 -0.8807248 -0.2808485 0.403506 -0.8708082 -0.194833 0.4266243 -0.883194 -0.2072624 0.453841 -0.8666433 -0.3279627 0.3492449 -0.8777633 -0.3557811 0.3381954 -0.8712311 -0.3028488 0.3495063 -0.8866386 -0.3242505 0.3742052 -0.8688107 -0.395951 0.2544622 -0.8823105 -0.4111206 0.2609053 -0.8734462 -0.4578705 0.148771 -0.8764826 -0.4048052 0.2523169 -0.8789021 -0.4572919 0.1693624 -0.8730409 -0.4118471 0.264678 -0.8719676 -0.4734898 0.1390291 -0.8697576 -0.4742595 0.02983788 -0.8798794 -0.4447665 0.1305952 -0.8860743 -0.4871933 0.07463538 -0.8700989 -0.4978721 0 -0.8672505 -0.4628845 -0.08830002 -0.8820097 -0.4651714 0 -0.8852206 -0.48408 -0.02454993 -0.8746793 -0.465786 -0.1206005 -0.8766407 -0.4247679 -0.1998804 -0.8829609 -0.4801432 -0.1409828 -0.8657865 -0.4486017 -0.1317213 -0.8839717 -0.4419063 -0.2167654 -0.8704778 -0.3619891 -0.2994635 -0.8827716 -0.3892001 -0.2501236 -0.8865446 -0.3874481 -0.2999071 -0.8717452 -0.4215123 -0.2708894 -0.8654168 -0.3272836 -0.3777056 -0.8661547 -0.2776153 -0.3821049 -0.8814338 -0.3094372 -0.3571098 -0.8813179 -0.3092189 -0.3601967 -0.8801374 -0.2372561 -0.4274534 -0.8723493 -0.1756019 -0.4435196 -0.8788939 -0.1923384 -0.4211619 -0.8863569 -0.1474743 -0.4700335 -0.8702413 -0.2062993 -0.4517321 -0.8679739 -0.06996436 -0.4866133 -0.8708113 -0.06635594 -0.4615163 -0.8846467 -0.06120342 -0.6018647 -0.7962494 -0.1068553 -0.9640027 -0.2434763 -0.09752637 -0.9902025 -0.09993728 0.06972114 -0.6856268 -0.7246067 0.09072863 -0.6005081 -0.7944547 0.07682893 -0.7800473 -0.6209859 0.08893038 -0.9029138 -0.4205211 0.2918441 -0.8917325 -0.3458906 0.1012111 -0.9324249 -0.3469006 0.09752638 -0.9902026 -0.09993698 0.2888314 -0.9521497 -0.09993684 0.0950602 -0.9651632 -0.2437693 0.09752636 -0.9902025 -0.09993733 0.2828937 -0.9117471 -0.2978058 0.2080843 -0.6632109 -0.7189244 0.3373278 -0.607748 -0.7189243 0.2077786 -0.6696565 -0.7130135 0.4712201 -0.881589 -0.02743085 0.06843761 -0.9410934 -0.3311488 0.4665739 -0.8139685 -0.3460693 0.3373293 -0.6077493 -0.7189226 0.4620091 -0.8323786 -0.306094 0.6343835 -0.7730005 0.005272448 0.6192107 -0.7048114 -0.3461488 0.3458475 -0.8745621 -0.339898 0.4527606 -0.5274028 -0.7189257 0.4527616 -0.5274054 -0.7189232 0.6183773 -0.7203251 -0.3142313 0.772525 -0.6339944 0.03544378 0.7471055 -0.5674194 -0.3462206 0.5536906 -0.7587488 -0.3431139 0.5496616 -0.425471 -0.7189204 0.5496587 -0.4254663 -0.7189255 0.8575302 -0.4583603 -0.2335549 0.7487507 -0.5795747 -0.3216604 0.6240512 -0.3061117 -0.7189267 0.6240564 -0.3061171 -0.7189199 0.8480143 -0.4159747 -0.3283851 0.4621206 0.864565 -0.1974125 0.2846544 0.9383798 -0.1959978 0.09612964 0.9760212 -0.1952987 -0.09612963 0.9760212 -0.1952987 -0.2846544 0.9383798 -0.195998 -0.4621206 0.8645652 -0.1974124 -0.6240523 -0.3061123 -0.7189255 -0.6240528 -0.3061126 -0.7189251 -0.8480152 -0.4159715 -0.3283872 -0.8575316 -0.4583603 -0.2335494 -0.5496578 -0.4254667 -0.7189258 -0.7487514 -0.5795761 -0.3216565 -0.5496585 -0.4254669 -0.7189252 -0.7471059 -0.5674188 -0.3462205 -0.5536857 -0.7587525 -0.3431135 -0.7725243 -0.6339945 0.03545696 -0.4527625 -0.5274049 -0.7189229 -0.4527597 -0.5274033 -0.7189259 -0.6183778 -0.7203259 -0.3142283 -0.6192114 -0.704811 -0.3461484 -0.6343842 -0.7729999 0.005271624 -0.3458485 -0.8745617 -0.3398979 -0.3373277 -0.6077479 -0.7189245 -0.3373294 -0.6077493 -0.7189226 -0.4620091 -0.8323784 -0.3060941 -0.4665737 -0.8139692 -0.346068 -0.47122 -0.8815889 -0.0274334 -0.06843831 -0.9410934 -0.3311487 -0.08662052 -0.6888987 -0.7196634 -0.1130682 -0.9514598 -0.2862512 -0.2080843 -0.6632112 -0.718924 -0.07930795 -0.7798954 -0.620865 -0.09179381 -0.9026783 -0.4204114 -0.2080841 -0.663211 -0.7189245 -0.285834 -0.9110174 -0.2972308 0.3684272 -0.8821723 -0.2933145 -0.2953065 -0.890559 -0.3459751 -0.2897158 -0.955065 -0.0625749 0.9452817 -0.2867447 -0.1556278 0.6671969 -0.1918779 -0.7197438 0.9123047 -0.3201896 -0.2553015 0.5785642 -0.1497998 -0.8017627 0.9216869 -0.1471659 -0.3589364 0.6967722 -0.2566265 -0.6698144 0.7184631 -0.08992836 -0.6897273 0.6679107 -0.1977253 -0.7174957 0.9164909 -0.2746536 -0.2908778 0.9787247 -0.06469718 -0.1947107 0.982852 -0.09680486 -0.1569415 0.6921569 -0.05373665 -0.719744 0.9587738 -0.1328992 -0.2511786 0.596473 -0.03024961 -0.8020629 0.9336955 0.03794969 -0.3560512 0.7328205 -0.1119238 -0.6711537 0.722921 0.05523075 -0.6887196 0.9511909 -0.08690973 -0.2961124 0.6941518 -0.04953305 -0.7181224 0.97398 0.1212815 -0.1914518 0.9826103 0.09678105 -0.1584627 0.6888046 0.08669864 -0.719744 0.9671375 0.06000883 -0.2470712 0.5900006 0.09038402 -0.8023279 0.7392383 0.03679536 -0.672438 0.9088493 0.2220591 -0.3531044 0.6983024 0.1985835 -0.6877051 0.9479473 0.1036218 -0.3010955 0.6884845 0.09835193 -0.7185512 0.9335032 0.3055255 -0.1876863 0.9445837 0.2865329 -0.1601891 0.6572183 0.2236836 -0.7197429 0.9370353 0.2508337 -0.2429966 0.5594307 0.2071925 -0.8025638 0.8480041 0.3978829 -0.3501117 0.7158677 0.1835469 -0.6736795 0.8576654 0.4803856 -0.1834114 0.9070327 0.2893742 -0.3058666 0.6454921 0.3343501 -0.6866949 0.6523753 0.2401152 -0.718854 0.8696348 0.4319338 -0.2390995 0.8702566 0.4651627 -0.1621019 0.5986414 0.3515833 -0.7197344 0.5060577 0.3154268 -0.8027525 0.66372 0.3224456 -0.6749108 0.7534274 0.5584711 -0.3470693 0.7486346 0.6384673 -0.178622 0.5665452 0.4570109 -0.6856877 0.8302464 0.4629604 -0.3104168 0.5881599 0.3701304 -0.7190768 0.7625146 0.6257791 -0.1642319 0.767625 0.5961375 -0.2353122 0.515382 0.4651677 -0.7197224 0.5850478 0.4479291 -0.6760759 0.432046 0.4106905 -0.8029132 0.6287906 0.6973761 -0.3439316 0.4645525 0.561617 -0.6846732 0.7207563 0.6176041 -0.3147623 0.4990622 0.4833526 -0.7192407 0.6100974 0.7731349 -0.1733307 0.625532 0.7622148 -0.1665479 0.4108056 0.5597035 -0.7197019 0.6350726 0.7368499 -0.2318081 0.478887 0.8090617 -0.3407146 0.340437 0.4891191 -0.803035 0.4830503 0.555001 -0.677227 0.3435614 0.64388 -0.683655 0.447121 0.8786437 -0.1675351 0.5830395 0.7472304 -0.3189228 0.3891628 0.5753849 -0.719364 0.4951266 0.8588527 -0.1312314 0.2891285 0.631249 -0.7196732 0.2349617 0.5475255 -0.8031244 0.3095845 0.888999 -0.3373989 0.3619245 0.6394182 -0.6783473 0.2083834 0.7004321 -0.6826208 0.4226367 0.8468206 -0.3229136 0.2632766 0.6426945 -0.7194645 0.2659081 0.9504095 -0.1612903 0.155275 0.6767598 -0.7196428 0.3148245 0.9388415 -0.1395064 0.1199223 0.5835493 -0.8031743 0.1275099 0.9339162 -0.3339787 0.2265878 0.6978614 -0.6794464 0.2460019 0.9125345 -0.3267477 0.06443084 0.7288991 -0.6815826 0.1267308 0.6827924 -0.7195373 0.07341751 0.9852592 -0.1545123 0.0147369 0.6942372 -0.7195954 0.1227523 0.9814516 -0.1472575 0 0.595719 -0.8031929 -0.06015519 0.9419119 -0.3304291 0.08253372 0.7280644 -0.6805221 -0.08253374 0.7280645 -0.6805221 0.06015522 0.9419119 -0.3304291 -0.1227522 0.9814516 -0.1472577 -0.01473689 0.6942372 -0.7195954 -0.1267308 0.6827924 -0.7195373 -0.07341757 0.9852593 -0.1545125 -0.1199223 0.5835492 -0.8031743 -0.2460017 0.9125344 -0.3267477 -0.06443083 0.7288991 -0.6815826 -0.12751 0.9339162 -0.3339787 -0.2265879 0.6978616 -0.6794462 -0.3148247 0.9388415 -0.1395065 -0.1552751 0.67676 -0.7196427 -0.2659076 0.9504098 -0.1612896 -0.2632762 0.6426948 -0.7194644 -0.2349618 0.5475255 -0.8031244 -0.2083835 0.700432 -0.682621 -0.4226369 0.8468204 -0.3229136 -0.3095845 0.888999 -0.3373989 -0.3619245 0.6394182 -0.6783473 -0.2891282 0.6312489 -0.7196733 -0.4951263 0.8588529 -0.1312318 -0.4471221 0.8786427 -0.1675372 -0.3891636 0.5753841 -0.7193642 -0.3404368 0.4891189 -0.8030351 -0.5830386 0.7472309 -0.3189231 -0.3435612 0.6438805 -0.6836545 -0.6255327 0.7622144 -0.1665474 -0.4830507 0.555001 -0.6772265 -0.4788874 0.8090615 -0.3407145 -0.6350732 0.7368497 -0.2318069 -0.4108062 0.5597036 -0.7197015 -0.6100976 0.7731351 -0.173329 -0.4990627 0.4833529 -0.7192402 -0.4320473 0.4106919 -0.8029118 -0.7207578 0.6176028 -0.3147618 -0.4645534 0.5616161 -0.6846732 -0.7625146 0.6257799 -0.1642288 -0.6287882 0.697378 -0.3439322 -0.5850453 0.4479298 -0.6760776 -0.7676257 0.5961332 -0.2353209 -0.5153864 0.4651668 -0.7197199 -0.7486306 0.6384733 -0.1786168 -0.5881591 0.370137 -0.7190741 -0.5060555 0.3154266 -0.802754 -0.8302445 0.4629664 -0.3104129 -0.5665446 0.4570152 -0.6856853 -0.5986385 0.3515896 -0.7197338 -0.8702562 0.4651618 -0.1621071 -0.7534361 0.5584644 -0.3470612 -0.6637318 0.3224456 -0.6748993 -0.8696351 0.4319434 -0.2390809 -0.6523753 0.2401164 -0.7188537 -0.8576657 0.4803903 -0.1833978 -0.5594361 0.2071925 -0.80256 -0.9070376 0.2893618 -0.3058634 -0.645493 0.3343422 -0.686698 -0.6572224 0.2236778 -0.719741 -0.9370318 0.2508253 -0.2430183 -0.9445835 0.286536 -0.160185 -0.8479986 0.3978904 -0.3501166 -0.7158594 0.1835494 -0.6736876 -0.6884843 0.0983647 -0.7185498 -0.9334985 0.3055412 -0.1876838 -0.5899972 0.09038439 -0.8023304 -0.6983007 0.198586 -0.6877062 -0.9479453 0.1036261 -0.3011002 -0.7392383 0.03679443 -0.6724381 -0.6888047 0.08669773 -0.7197441 -0.9671376 0.0600075 -0.2470707 -0.9826103 0.09677885 -0.1584643 -0.908849 0.2220573 -0.3531062 -0.6941517 -0.04953969 -0.718122 -0.9739797 0.1212699 -0.1914609 -0.9511921 -0.08690154 -0.2961113 -0.5964695 -0.03024973 -0.8020656 -0.7229242 0.05523581 -0.6887159 -0.9336988 0.03794349 -0.3560434 -0.7328242 -0.1119289 -0.6711487 -0.958773 -0.1328969 -0.2511826 -0.6921561 -0.05373511 -0.7197449 -0.9828516 -0.09680262 -0.1569459 -0.9787274 -0.06468015 -0.1947025 -0.6679119 -0.1977156 -0.7174972 -0.7184595 -0.08992775 -0.6897312 -0.5785596 -0.1497997 -0.8017661 -0.91649 -0.2746554 -0.2908786 -0.6967702 -0.2566292 -0.6698154 -0.9216864 -0.1471692 -0.3589366 -0.9123002 -0.320195 -0.2553106 -0.9452807 -0.2867475 -0.1556285 -0.6671965 -0.1918835 -0.7197428 0.09801708 -0.9951847 0 0.09801708 -0.9951847 0 0.2902847 -0.9569404 0 0.4713975 -0.8819209 0 0.2902847 -0.9569404 0 0.4713975 -0.8819209 0 0.6343923 -0.7730112 0 0.7730107 -0.634393 0 0.6343923 -0.7730112 0 0.7730107 -0.634393 0 0.8819209 -0.4713974 0 0.8819209 -0.4713974 0 0.9569414 -0.2902815 0 0.9569414 -0.2902815 0 0.9951845 -0.09801953 0 0.9951845 -0.09801953 0 0.9951845 0.09801953 -0 0.9951845 0.09801953 0 0.9569414 0.2902815 0 0.9569414 0.2902815 0 0.8819209 0.4713974 0 0.8819209 0.4713974 -0 0.7730107 0.634393 0 0.7730107 0.634393 -0 0.6343923 0.7730112 0 0.6343923 0.7730112 -0 0.4713975 0.8819209 0 0.4713975 0.8819209 -0 0.2902847 0.9569404 0 0.09801708 0.9951847 0 0.2902847 0.9569404 -0 -0.09801708 0.9951847 0 0.09801708 0.9951847 0 -0.09801708 0.9951847 0 -0.2902847 0.9569404 0 -0.4713974 0.8819209 0 -0.2902847 0.9569404 0 -0.4713974 0.8819209 0 -0.634393 0.7730107 0 -0.634393 0.7730107 0 -0.7730103 0.6343935 0 -0.7730103 0.6343935 0 -0.8819212 0.4713968 0 -0.9569404 0.2902844 0 -0.8819212 0.4713968 0 -0.9569404 0.2902844 0 -0.9951847 0.09801733 0 -0.9951847 0.09801733 0 -0.9951847 -0.09801733 0 -0.9569404 -0.2902844 -0 -0.9951847 -0.09801733 0 -0.9569404 -0.2902844 0 -0.8819212 -0.4713968 0 -0.8819212 -0.4713968 0 -0.7730103 -0.6343935 0 -0.7730103 -0.6343935 0 -0.634393 -0.7730107 0 -0.634393 -0.7730107 0 -0.4713974 -0.8819209 0 -0.4713974 -0.8819209 0 -0.2902847 -0.9569404 0 -0.2902847 -0.9569404 0 -0.09801708 -0.9951847 0 -0.09801708 -0.9951847 0 0.06276204 -0.6171922 0.7843052 -0.06276207 -0.6171923 0.7843053 -0.1036451 -0.968824 0.2250284 -0.09720002 -0.9868891 0.1288493 0.07815836 -0.7935509 0.6034635 0.0903357 -0.9171888 0.3880776 0.08527772 -0.6862696 0.7223309 0.100509 -0.9400191 0.3259784 0.09719995 -0.9868882 0.1288553 0.2878647 -0.9489627 0.128855 0.09549948 -0.9696179 0.2252128 0.09720055 -0.9868891 0.1288493 0.2905634 -0.8999013 0.325193 0.2085789 -0.6647875 0.717323 0.2082225 -0.6710855 0.7115389 0.2837707 -0.914572 0.2881532 0.4705864 -0.8804034 0.05863707 0.466752 -0.8223628 0.3253643 0.1221309 -0.9408611 0.3160134 0.3381302 -0.6091936 0.7173223 0.33813 -0.6091927 0.7173229 0.4634524 -0.8349801 0.2966817 0.6341644 -0.7727335 0.02680129 0.6209494 -0.7130977 0.3254436 0.3827246 -0.866013 0.3217815 0.4538372 -0.528657 0.7173238 0.7523394 -0.6174286 0.2297114 0.4538376 -0.5286579 0.7173229 0.6203226 -0.7225898 0.3050639 0.5509688 -0.4264829 0.7173184 0.5509657 -0.4264779 0.7173237 0.7511165 -0.5814057 0.3127162 0.6232097 0.7593852 0.186933 0.4632816 0.8667372 0.1847611 0.2853658 0.9407251 0.1833102 0.09636931 0.9784546 0.1825916 -0.0963693 0.9784545 0.1825916 -0.2853659 0.9407252 0.1833101 -0.4632815 0.8667372 0.1847613 -0.6232105 0.7593848 0.186932 -0.550965 -0.4264785 0.717324 -0.5509653 -0.4264791 0.7173234 -0.7511169 -0.581408 0.3127108 -0.7523395 -0.6174294 0.229709 -0.4538386 -0.5286584 0.7173219 -0.3381305 -0.6091942 0.7173215 -0.6203228 -0.7225904 0.3050619 -0.453837 -0.5286576 0.7173236 -0.3827229 -0.8660131 0.321783 -0.6209497 -0.7130962 0.3254461 -0.6341651 -0.7727331 0.02680008 -0.4634526 -0.8349797 0.2966829 -0.3381302 -0.6091925 0.7173231 -0.1221309 -0.9408611 0.3160133 -0.466752 -0.822363 0.3253641 -0.4705863 -0.8804035 0.0586371 -0.2867191 -0.9138399 0.2875562 -0.08671957 -0.6905585 0.7180589 -0.1107166 -0.9546229 0.2764725 -0.2085792 -0.6647885 0.717322 -0.08068062 -0.7933909 0.6033418 -0.09324461 -0.9169418 0.3879731 -0.2085785 -0.6647877 0.7173231 -0.2939394 -0.8987721 0.325282 0.2883045 -0.912745 0.289443 -0.2890345 -0.9528189 0.09271025 0.8407554 -0.4850363 0.2405622 0.8656269 -0.4626881 0.1913372 0.5965943 -0.35644 0.719045 0.5926263 -0.3224282 0.7381288 0.8666412 -0.4525649 0.2100432 0.511116 -0.2507143 0.8221331 0.6064728 -0.3630981 0.7073545 0.8673424 -0.3140006 0.3861617 0.6581573 -0.223394 0.7189744 0.8883379 -0.364974 0.2786572 0.6528094 -0.2311437 0.7213962 0.8366647 -0.4518948 0.3094888 0.6558017 -0.2299724 0.7190528 0.9226711 -0.3070129 0.2332832 0.9393947 -0.2849589 0.19062 0.64623 -0.1988499 0.7367805 0.9381297 -0.2708018 0.2158217 0.5506378 -0.1425692 0.8224792 0.6659465 -0.2341447 0.7083018 0.9135697 -0.1368778 0.3829554 0.6864322 -0.09641177 0.7207742 0.6889707 -0.09108039 0.7190436 0.9445464 -0.177029 0.2765735 0.9081124 -0.2764169 0.3145242 0.6885186 -0.09421669 0.7190726 0.9673914 -0.1157516 0.2252902 0.9770119 -0.09622964 0.1902305 0.6742557 -0.06682611 0.7354681 0.9720113 -0.078693 0.2213622 0.5676219 -0.02878645 0.822786 0.698422 -0.09611565 0.7092028 0.9239323 0.04620126 0.3797559 0.6934314 0.04564613 0.7190751 0.961524 0.0177414 0.2741474 0.6925054 0.04246666 0.7201616 0.9432805 -0.09062953 0.3193873 0.9770266 0.0962311 0.1901542 0.6934519 0.04529379 0.7190778 0.9728763 0.08100397 0.2166796 0.967043 0.1160797 0.2266126 0.6754867 0.0683814 0.7341946 0.5614076 0.08600375 0.8230582 0.7026693 0.04541744 0.7100655 0.897899 0.228048 0.3765256 0.6708876 0.1811437 0.7190943 0.9389452 0.2114608 0.2714155 0.6707397 0.1799289 0.7195372 0.9409352 0.09809749 0.3240646 0.9394382 0.284972 0.1903861 0.6704096 0.1829481 0.7190834 0.9387294 0.2753225 0.2073271 0.9234762 0.3057958 0.2316905 0.6497505 0.2013945 0.7329833 0.8363495 0.4014671 0.3732876 0.5322839 0.1971383 0.8232924 0.6786023 0.1847626 0.7108879 0.9013238 0.2822247 0.3285797 0.6219071 0.3103996 0.7189462 0.6219242 0.3099959 0.7191055 0.8779358 0.3965416 0.2682971 0.8656958 0.4627249 0.1909355 0.6203426 0.3131853 0.7190897 0.8661131 0.459278 0.1972606 0.8431544 0.4828666 0.2364962 0.5980074 0.3268414 0.731821 0.4814598 0.3000949 0.8234922 0.6272627 0.3163144 0.7116787 0.741596 0.5595865 0.3699978 0.5479605 0.4286481 0.7183316 0.8261592 0.4545532 0.3329298 0.5483373 0.426854 0.7191119 0.7810926 0.5654468 0.2648855 0.7586583 0.6226144 0.1918042 0.5452723 0.4307888 0.7190961 0.7577558 0.6253799 0.1862962 0.7293633 0.6402575 0.2410384 0.5222821 0.4396844 0.730684 0.4110281 0.3907116 0.8236505 0.5507837 0.4348237 0.7124365 0.6172451 0.6961042 0.3666707 0.652355 0.7115098 0.261126 0.4517982 0.5298627 0.7177213 0.7185592 0.6082848 0.3371381 0.4529116 0.5270182 0.7191125 0.4428879 0.5355484 0.7190537 0.6047848 0.7639458 0.2249941 0.3238607 0.4653033 0.8237761 0.452308 0.5355494 0.713165 0.4681118 0.8055428 0.3632798 0.5829111 0.7374262 0.3411997 0.3372476 0.6099311 0.7171109 0.4969267 0.8288623 0.2570044 0.3393737 0.6063877 0.7191101 0.4390389 0.868205 0.231225 0.3273797 0.6129971 0.7190669 0.2235154 0.5208525 0.823865 0.2999948 0.8834743 0.359828 0.3358428 0.6144918 0.7138694 0.2088837 0.665594 0.7164859 0.424663 0.8369815 0.3451424 0.2122257 0.6616985 0.7191074 0.3210771 0.9127538 0.2525668 0.1988134 0.6658798 0.719081 0.2560169 0.9371452 0.2370954 0.1140772 0.5551067 0.8239192 0.2061153 0.6685317 0.7145502 0.1194736 0.9267033 0.3562961 0.1318393 0.9598137 0.2477419 0.07184666 0.6945362 0.7158614 0.2501718 0.9031274 0.3489628 0.07649406 0.690686 0.7190977 0.06313562 0.9680707 0.2425966 0.06236764 0.6921138 0.7190887 0 0.5666815 0.8239369 -0.06635968 0.9333887 0.3526785 0.06836709 0.6955547 0.715213 -0.06313562 0.9680707 0.2425966 -0.06236763 0.6921139 0.7190887 -0.06836711 0.6955547 0.7152129 0.0663597 0.9333886 0.3526785 -0.07649402 0.6906861 0.7190976 -0.1318393 0.9598137 0.247742 -0.1140772 0.5551067 0.8239192 -0.07184663 0.6945363 0.7158613 -0.2501717 0.9031274 0.3489628 -0.2061153 0.6685317 0.7145502 -0.1194736 0.9267033 0.3562961 -0.1988134 0.6658797 0.7190809 -0.2560169 0.9371452 0.2370954 -0.2122258 0.6616983 0.7191074 -0.3210773 0.9127536 0.252567 -0.2235153 0.5208523 0.8238651 -0.2088836 0.6655942 0.7164859 -0.4246627 0.8369818 0.3451421 -0.3358428 0.6144916 0.7138695 -0.2999948 0.8834745 0.3598278 -0.4390392 0.868205 0.2312244 -0.3273798 0.6129969 0.7190669 -0.4969264 0.8288625 0.2570041 -0.3393735 0.6063877 0.7191103 -0.3238608 0.4653035 0.8237759 -0.3372476 0.6099306 0.7171113 -0.5829115 0.7374257 0.3412001 -0.4428893 0.5355476 0.7190534 -0.452306 0.5355485 0.713167 -0.6047869 0.7639452 0.2249904 -0.46811 0.8055435 0.3632805 -0.4529079 0.5270218 0.7191123 -0.652352 0.7115168 0.2611142 -0.4110282 0.3907117 0.8236506 -0.4517973 0.5298591 0.7177246 -0.7185642 0.6082811 0.3371343 -0.6172451 0.6961051 0.3666689 -0.5507837 0.4348237 0.7124364 -0.5222791 0.4396849 0.7306858 -0.7586586 0.6226153 0.1918004 -0.7577577 0.6253756 0.1863027 -0.545275 0.430787 0.7190951 -0.7293609 0.6402599 0.2410392 -0.7810915 0.5654498 0.2648823 -0.5483368 0.4268564 0.7191108 -0.826161 0.4545495 0.3329307 -0.4814633 0.3000982 0.823489 -0.5479609 0.4286455 0.7183326 -0.6272614 0.3163179 0.7116783 -0.7415932 0.5595883 0.3700004 -0.5980217 0.3268392 0.7318102 -0.843164 0.4828576 0.2364806 -0.8656955 0.462724 0.1909391 -0.8661107 0.4592949 0.1972318 -0.6203377 0.3131951 0.7190896 -0.8779411 0.396521 0.2683108 -0.621931 0.3099821 0.7191057 -0.6219131 0.3104052 0.7189386 -0.5322842 0.1971366 0.8232927 -0.901322 0.2822325 0.3285779 -0.6786037 0.1847602 0.7108873 -0.8363521 0.4014661 0.3732828 -0.6497505 0.2013931 0.7329837 -0.9234781 0.3057945 0.231685 -0.9387273 0.2753162 0.2073453 -0.9394368 0.2849748 0.1903887 -0.6704113 0.1829449 0.7190826 -0.9389434 0.2114891 0.2713993 -0.6708833 0.1811639 0.7190934 -0.5614072 0.08600456 0.8230584 -0.6707322 0.1799234 0.7195457 -0.9409355 0.09808774 0.3240667 -0.7026702 0.04541805 0.7100646 -0.8978975 0.2280458 0.3765305 -0.6934555 0.04528575 0.7190748 -0.6754766 0.06839094 0.734203 -0.9670349 0.1160938 0.2266402 -0.9770272 0.09622897 0.190152 -0.9728738 0.0809916 0.2166952 -0.6934349 0.04564328 0.7190721 -0.961522 0.01773816 0.2741544 -0.567618 -0.02878653 0.8227887 -0.9432814 -0.09061778 0.319388 -0.6925115 0.0424729 0.7201555 -0.9239345 0.04620005 0.3797508 -0.6984218 -0.09611805 0.7092026 -0.9673828 -0.1157654 0.2253192 -0.6885221 -0.09422701 0.7190679 -0.6742547 -0.06682736 0.735469 -0.9720127 -0.07869478 0.2213558 -0.977012 -0.09622748 0.1902311 -0.9445471 -0.1770159 0.2765796 -0.6889769 -0.09107272 0.7190387 -0.5506328 -0.1425689 0.8224826 -0.6864367 -0.0964078 0.7207706 -0.9081131 -0.2764069 0.3145312 -0.9135695 -0.1368894 0.3829519 -0.6659502 -0.2341522 0.7082959 -0.9226792 -0.3070034 0.2332637 -0.6557974 -0.2299629 0.7190598 -0.646227 -0.1988454 0.7367844 -0.938127 -0.2707961 0.2158409 -0.9393931 -0.2849615 0.1906241 -0.8883318 -0.3649888 0.2786572 -0.6581468 -0.2234016 0.7189816 -0.511109 -0.2507109 0.8221385 -0.6528075 -0.2311386 0.7213994 -0.8366672 -0.4518938 0.3094834 -0.6064721 -0.3631026 0.707353 -0.8673443 -0.3140056 0.3861532 -0.8407595 -0.485034 0.2405526 -0.8656279 -0.4626879 0.1913324 -0.8666427 -0.4525606 0.2100463 -0.592622 -0.3224225 0.7381347 -0.5965902 -0.3564348 0.719051 0.1011679 -0.9948694 0 0.1011679 -0.9948694 0 0.2993638 -0.9541391 0 0.2993638 -0.9541391 0 0.4853022 -0.8743465 0 0.4853022 -0.8743465 0 0.6513727 -0.758758 0 0.6513727 -0.758758 0 0.7907748 -0.6121072 0 0.7907748 -0.6121072 0 0.8978046 -0.4403941 0 0.8978046 -0.4403941 0 0.9680774 -0.2506512 0 0.9680774 -0.2506512 0 0.9987165 -0.05064903 0 0.9987165 -0.05064903 0 0.9884685 0.1514265 -0 0.9884685 0.1514265 0 0.937751 0.3473084 0 0.937751 0.3473084 0 0.8486453 0.5289623 -0 0.8486453 0.5289623 0 0.7247925 0.6889672 0 0.7247925 0.6889672 -0 0.5712684 0.8207633 0 0.5712684 0.8207633 0 0.3943559 0.9189578 0 0.3943559 0.9189578 -0 0.2012983 0.97953 0 0 1 0 0.2012983 0.97953 -0 0 1 0 -0.2012983 0.97953 0 -0.2012983 0.97953 0 -0.3943559 0.9189578 0 -0.3943559 0.9189578 0 -0.5712683 0.8207634 0 -0.5712683 0.8207634 0 -0.7247925 0.6889672 0 -0.7247925 0.6889672 0 -0.8486444 0.5289638 0 -0.8486444 0.5289638 0 -0.9377521 0.3473055 0 -0.9377521 0.3473055 0 -0.9884682 0.151428 0 -0.9884682 0.151428 0 -0.9987165 -0.05064953 0 -0.9987165 -0.05064953 0 -0.9680771 -0.2506529 0 -0.9680771 -0.2506529 0 -0.8978046 -0.4403941 0 -0.8978046 -0.4403941 0 -0.7907758 -0.6121059 0 -0.7907758 -0.6121059 0 -0.6513727 -0.7587579 0 -0.6513727 -0.7587579 0 -0.4853021 -0.8743466 0 -0.4853021 -0.8743466 0 -0.2993637 -0.9541391 0 -0.2993637 -0.9541391 0 -0.1011679 -0.9948694 0 -0.1011679 -0.9948694 0</float_array>
          <technique_common>
            <accessor count="979" source="#cubenormals-array7-array" stride="3">
              <param type="float" name="X"/>
              <param type="float" name="Y"/>
              <param type="float" name="Z"/>
            </accessor>
          </technique_common>
        </source>
        <vertices id="cubeverts-array7-vertices">
          <input semantic="POSITION" source="#cubeverts-array7"/>
        </vertices>
        <triangles count="979" material="ref_Mesh007">
          <input offset="0" semantic="VERTEX" source="#cubeverts-array7-vertices"/>
          <input offset="1" semantic="NORMAL" source="#cubenormals-array7"/>
          <p>0 0 1 0 2 0 3 1 1 1 0 1 2 2 4 2 5 2 1 3 4 3 2 3 5 4 6 4 7 4 4 5 6 5 5 5 7 6 8 6 9 6 6 7 8 7 7 7 9 8 10 8 11 8 8 9 10 9 9 9 11 10 12 10 13 10 10 11 12 11 11 11 13 12 14 12 15 12 15 13 14 13 16 13 12 14 14 14 13 14 14 15 17 15 16 15 16 16 18 16 19 16 17 17 18 17 16 17 19 18 20 18 21 18 18 19 20 19 19 19 21 20 22 20 23 20 23 21 22 21 24 21 20 22 22 22 21 22 22 23 25 23 24 23 25 24 26 24 24 24 24 25 26 25 27 25 26 26 28 26 27 26 27 27 28 27 29 27 29 28 28 28 30 28 28 29 31 29 30 29 30 30 32 30 33 30 31 31 32 31 30 31 33 32 34 32 35 32 32 33 34 33 33 33 35 34 36 34 37 34 34 35 36 35 35 35 37 36 38 36 39 36 36 37 38 37 37 37 39 38 40 38 41 38 38 39 40 39 39 39 41 40 42 40 43 40 40 41 42 41 41 41 43 42 44 42 45 42 45 43 44 43 46 43 42 44 44 44 43 44 44 45 47 45 46 45 46 46 3 46 0 46 47 47 3 47 46 47 2 48 48 48 0 48 49 49 50 49 51 49 49 50 52 50 50 50 48 51 46 51 0 51 50 52 53 52 51 52 52 53 53 53 50 53 54 54 55 54 48 54 54 55 51 55 55 55 54 56 48 56 2 56 54 57 49 57 51 57 56 58 57 58 49 58 56 59 54 59 57 59 56 60 49 60 54 60 58 61 2 61 5 61 58 62 54 62 2 62 58 63 57 63 54 63 59 64 58 64 60 64 59 65 57 65 58 65 59 66 60 66 57 66 61 67 5 67 7 67 61 68 58 68 5 68 61 69 60 69 58 69 62 70 63 70 60 70 62 71 60 71 61 71 62 72 61 72 63 72 64 73 7 73 9 73 64 74 65 74 63 74 64 75 61 75 7 75 64 76 63 76 61 76 66 77 9 77 11 77 66 78 67 78 65 78 66 79 64 79 9 79 66 80 65 80 64 80 68 81 11 81 13 81 68 82 66 82 11 82 68 83 67 83 66 83 68 84 69 84 67 84 70 85 13 85 15 85 70 86 69 86 68 86 70 87 71 87 69 87 70 88 68 88 13 88 72 89 15 89 16 89 72 90 73 90 71 90 72 91 71 91 70 91 72 92 70 92 15 92 74 93 75 93 73 93 76 94 77 94 75 94 78 95 79 95 77 95 80 96 81 96 79 96 82 97 83 97 81 97 84 98 85 98 83 98 86 99 87 99 85 99 88 100 89 100 87 100 90 101 33 101 35 101 90 102 91 102 89 102 90 103 88 103 33 103 90 104 89 104 88 104 92 105 90 105 35 105 92 106 35 106 37 106 92 107 91 107 90 107 92 108 93 108 91 108 94 109 37 109 39 109 94 110 92 110 37 110 94 111 93 111 92 111 94 112 95 112 93 112 96 113 39 113 41 113 96 114 41 114 43 114 96 115 94 115 39 115 96 116 97 116 95 116 96 117 95 117 94 117 98 118 43 118 45 118 98 119 96 119 43 119 98 120 97 120 96 120 99 121 100 121 97 121 99 122 98 122 100 122 99 123 97 123 98 123 101 124 45 124 46 124 101 125 98 125 45 125 101 126 100 126 98 126 102 127 103 127 100 127 102 128 101 128 103 128 102 129 100 129 101 129 104 130 48 130 55 130 104 131 55 131 51 131 104 132 101 132 46 132 104 133 103 133 101 133 104 134 46 134 48 134 104 135 51 135 53 135 105 136 53 136 103 136 105 137 104 137 53 137 105 138 103 138 104 138 106 139 16 139 19 139 106 140 72 140 16 140 106 141 73 141 72 141 107 142 73 142 106 142 107 143 106 143 19 143 107 144 19 144 74 144 107 145 74 145 73 145 108 146 19 146 21 146 108 147 74 147 19 147 108 148 75 148 74 148 109 149 75 149 108 149 109 150 108 150 21 150 109 151 21 151 76 151 109 152 76 152 75 152 110 153 21 153 23 153 110 154 76 154 21 154 110 155 77 155 76 155 111 156 77 156 110 156 111 157 110 157 23 157 111 158 23 158 78 158 111 159 78 159 77 159 112 160 23 160 24 160 112 161 78 161 23 161 112 162 79 162 78 162 113 163 79 163 112 163 113 164 112 164 24 164 113 165 24 165 80 165 113 166 80 166 79 166 114 167 81 167 80 167 114 168 80 168 24 168 115 169 24 169 27 169 115 170 114 170 24 170 115 171 81 171 114 171 115 172 27 172 82 172 115 173 82 173 81 173 116 174 82 174 27 174 116 175 83 175 82 175 117 176 27 176 29 176 117 177 29 177 84 177 117 178 116 178 27 178 117 179 83 179 116 179 117 180 84 180 83 180 118 181 84 181 29 181 118 182 85 182 84 182 119 183 29 183 30 183 119 184 118 184 29 184 119 185 85 185 118 185 119 186 30 186 86 186 119 187 86 187 85 187 120 188 86 188 30 188 120 189 87 189 86 189 121 190 30 190 33 190 121 191 120 191 30 191 121 192 87 192 120 192 121 193 33 193 88 193 121 194 88 194 87 194 49 195 122 195 52 195 123 196 124 196 122 196 122 197 53 197 52 197 124 198 125 198 122 198 126 199 49 199 57 199 126 200 127 200 123 200 126 201 122 201 49 201 126 202 123 202 122 202 128 203 57 203 60 203 128 204 129 204 127 204 128 205 130 205 129 205 128 206 126 206 57 206 128 207 127 207 126 207 131 208 60 208 63 208 131 209 130 209 128 209 131 210 132 210 130 210 131 211 128 211 60 211 133 212 63 212 65 212 133 213 131 213 63 213 133 214 134 214 132 214 133 215 132 215 131 215 135 216 65 216 67 216 135 217 136 217 134 217 135 218 137 218 136 218 135 219 133 219 65 219 135 220 134 220 133 220 138 221 67 221 69 221 138 222 139 222 137 222 138 223 135 223 67 223 138 224 137 224 135 224 140 225 139 225 138 225 140 226 138 226 69 226 140 227 69 227 71 227 140 228 71 228 73 228 140 229 141 229 139 229 140 230 142 230 141 230 143 231 73 231 75 231 143 232 140 232 73 232 143 233 144 233 142 233 143 234 142 234 140 234 145 235 75 235 77 235 145 236 146 236 144 236 145 237 143 237 75 237 145 238 144 238 143 238 147 239 77 239 79 239 147 240 148 240 146 240 147 241 149 241 148 241 147 242 145 242 77 242 147 243 146 243 145 243 150 244 79 244 81 244 150 245 147 245 79 245 150 246 149 246 147 246 150 247 151 247 149 247 152 248 81 248 83 248 152 249 153 249 151 249 152 250 154 250 153 250 152 251 150 251 81 251 152 252 151 252 150 252 155 253 83 253 85 253 155 254 156 254 154 254 155 255 154 255 152 255 155 256 152 256 83 256 157 257 85 257 87 257 157 258 158 258 156 258 157 259 156 259 155 259 157 260 155 260 85 260 159 261 158 261 157 261 159 262 87 262 89 262 159 263 89 263 91 263 159 264 160 264 158 264 159 265 161 265 160 265 159 266 157 266 87 266 162 267 159 267 91 267 162 268 91 268 93 268 162 269 161 269 159 269 162 270 163 270 161 270 164 271 162 271 93 271 164 272 93 272 95 272 164 273 163 273 162 273 164 274 165 274 163 274 164 275 166 275 165 275 167 276 95 276 97 276 167 277 164 277 95 277 167 278 166 278 164 278 167 279 168 279 166 279 169 280 97 280 100 280 169 281 168 281 167 281 169 282 170 282 168 282 169 283 167 283 97 283 171 284 169 284 100 284 171 285 100 285 103 285 171 286 170 286 169 286 171 287 172 287 170 287 171 288 173 288 172 288 174 289 103 289 53 289 174 290 173 290 171 290 174 291 125 291 173 291 174 292 171 292 103 292 174 293 53 293 122 293 174 294 122 294 125 294 175 295 125 295 124 295 176 296 177 296 178 296 179 297 177 297 176 297 180 298 124 298 123 298 180 299 175 299 124 299 180 300 181 300 175 300 180 301 178 301 181 301 182 302 180 302 183 302 182 303 178 303 180 303 182 304 184 304 179 304 182 305 183 305 184 305 182 306 176 306 178 306 182 307 179 307 176 307 185 308 183 308 180 308 185 309 123 309 127 309 185 310 127 310 129 310 185 311 180 311 123 311 186 312 187 312 183 312 186 313 183 313 185 313 186 314 185 314 187 314 188 315 185 315 129 315 188 316 187 316 185 316 189 317 190 317 187 317 189 318 188 318 190 318 189 319 187 319 188 319 191 320 129 320 130 320 191 321 188 321 129 321 191 322 190 322 188 322 192 323 193 323 190 323 192 324 191 324 193 324 192 325 190 325 191 325 194 326 130 326 132 326 194 327 191 327 130 327 194 328 195 328 193 328 194 329 193 329 191 329 196 330 132 330 134 330 196 331 194 331 132 331 196 332 195 332 194 332 197 333 198 333 199 333 200 334 201 334 198 334 202 335 203 335 201 335 204 336 205 336 203 336 206 337 207 337 205 337 208 338 209 338 207 338 210 339 166 339 168 339 211 340 210 340 168 340 211 341 212 341 210 341 211 342 213 342 212 342 214 343 168 343 170 343 214 344 213 344 211 344 214 345 211 345 168 345 215 346 213 346 214 346 215 347 214 347 216 347 215 348 216 348 213 348 217 349 170 349 172 349 217 350 214 350 170 350 217 351 216 351 214 351 218 352 216 352 217 352 218 353 219 353 216 353 218 354 217 354 219 354 220 355 172 355 173 355 220 356 217 356 172 356 220 357 219 357 217 357 221 358 219 358 220 358 221 359 222 359 219 359 221 360 220 360 222 360 223 361 125 361 175 361 223 362 178 362 177 362 223 363 173 363 125 363 223 364 175 364 181 364 223 365 181 365 178 365 223 366 220 366 173 366 223 367 222 367 220 367 224 368 223 368 177 368 224 369 222 369 223 369 224 370 177 370 222 370 225 371 226 371 195 371 225 372 196 372 134 372 225 373 195 373 196 373 227 374 134 374 136 374 227 375 226 375 225 375 227 376 225 376 134 376 228 377 227 377 136 377 228 378 136 378 229 378 228 379 226 379 227 379 228 380 229 380 226 380 230 381 231 381 226 381 230 382 229 382 136 382 230 383 226 383 229 383 232 384 136 384 137 384 232 385 231 385 230 385 232 386 230 386 136 386 233 387 232 387 137 387 233 388 231 388 232 388 233 389 137 389 234 389 233 390 234 390 231 390 235 391 236 391 231 391 235 392 234 392 137 392 235 393 231 393 234 393 237 394 137 394 139 394 237 395 235 395 137 395 237 396 236 396 235 396 238 397 237 397 139 397 238 398 236 398 237 398 238 399 139 399 239 399 238 400 239 400 236 400 240 401 241 401 236 401 240 402 239 402 139 402 240 403 236 403 239 403 242 404 139 404 141 404 242 405 241 405 240 405 242 406 240 406 139 406 243 407 244 407 241 407 243 408 241 408 242 408 243 409 242 409 141 409 243 410 141 410 244 410 245 411 241 411 244 411 245 412 246 412 241 412 245 413 244 413 141 413 247 414 141 414 142 414 247 415 245 415 141 415 247 416 246 416 245 416 248 417 249 417 246 417 248 418 247 418 142 418 248 419 246 419 247 419 248 420 142 420 249 420 250 421 251 421 246 421 250 422 246 422 249 422 250 423 249 423 142 423 252 424 250 424 142 424 252 425 142 425 144 425 252 426 251 426 250 426 253 427 252 427 144 427 253 428 251 428 252 428 253 429 144 429 254 429 253 430 254 430 251 430 255 431 199 431 251 431 255 432 254 432 144 432 255 433 251 433 254 433 256 434 199 434 255 434 256 435 144 435 146 435 256 436 255 436 144 436 257 437 256 437 146 437 257 438 197 438 199 438 257 439 199 439 256 439 257 440 146 440 197 440 258 441 198 441 197 441 258 442 197 442 146 442 259 443 146 443 148 443 259 444 198 444 258 444 259 445 258 445 146 445 260 446 259 446 148 446 260 447 198 447 259 447 260 448 148 448 200 448 260 449 200 449 198 449 261 450 200 450 148 450 261 451 201 451 200 451 262 452 148 452 149 452 262 453 201 453 261 453 262 454 261 454 148 454 263 455 201 455 262 455 263 456 262 456 149 456 263 457 149 457 202 457 263 458 202 458 201 458 264 459 202 459 149 459 264 460 203 460 202 460 265 461 149 461 151 461 265 462 203 462 264 462 265 463 264 463 149 463 266 464 265 464 151 464 266 465 203 465 265 465 266 466 204 466 203 466 266 467 151 467 204 467 267 468 204 468 151 468 267 469 205 469 204 469 268 470 151 470 153 470 268 471 205 471 267 471 268 472 267 472 151 472 269 473 205 473 268 473 269 474 268 474 153 474 269 475 206 475 205 475 269 476 153 476 206 476 270 477 207 477 206 477 270 478 206 478 153 478 271 479 153 479 154 479 271 480 270 480 153 480 271 481 207 481 270 481 272 482 207 482 271 482 272 483 271 483 154 483 272 484 154 484 208 484 272 485 208 485 207 485 273 486 209 486 208 486 273 487 208 487 154 487 274 488 154 488 156 488 274 489 209 489 273 489 274 490 273 490 154 490 275 491 276 491 209 491 275 492 274 492 156 492 275 493 209 493 274 493 275 494 277 494 276 494 275 495 156 495 277 495 278 496 276 496 277 496 278 497 277 497 156 497 279 498 156 498 158 498 279 499 276 499 278 499 279 500 278 500 156 500 280 501 281 501 276 501 280 502 276 502 279 502 280 503 279 503 158 503 280 504 282 504 281 504 280 505 158 505 282 505 283 506 281 506 282 506 283 507 282 507 158 507 284 508 158 508 160 508 284 509 281 509 283 509 284 510 283 510 158 510 285 511 160 511 286 511 285 512 287 512 281 512 285 513 281 513 284 513 285 514 284 514 160 514 285 515 286 515 287 515 288 516 286 516 160 516 288 517 287 517 286 517 289 518 160 518 161 518 289 519 287 519 288 519 289 520 288 520 160 520 290 521 161 521 291 521 290 522 291 522 292 522 290 523 292 523 287 523 290 524 287 524 289 524 290 525 289 525 161 525 293 526 291 526 161 526 293 527 292 527 291 527 294 528 161 528 163 528 294 529 293 529 161 529 294 530 292 530 293 530 295 531 294 531 163 531 295 532 163 532 296 532 295 533 296 533 297 533 295 534 297 534 292 534 295 535 292 535 294 535 298 536 296 536 163 536 298 537 297 537 296 537 299 538 297 538 298 538 299 539 163 539 165 539 299 540 298 540 163 540 300 541 297 541 299 541 300 542 299 542 165 542 300 543 301 543 302 543 300 544 165 544 301 544 300 545 302 545 297 545 303 546 302 546 301 546 303 547 301 547 165 547 304 548 303 548 165 548 304 549 165 549 166 549 304 550 302 550 303 550 305 551 304 551 166 551 305 552 302 552 304 552 305 553 210 553 212 553 305 554 212 554 302 554 305 555 166 555 210 555 306 556 184 556 307 556 179 557 184 557 306 557 307 558 183 558 308 558 308 559 183 559 309 559 184 560 183 560 307 560 183 561 187 561 309 561 309 562 190 562 310 562 310 563 190 563 311 563 187 564 190 564 309 564 190 565 193 565 311 565 311 566 195 566 312 566 193 567 195 567 311 567 312 568 226 568 313 568 195 569 226 569 312 569 226 570 231 570 313 570 313 571 231 571 314 571 231 572 236 572 314 572 314 573 236 573 315 573 315 574 236 574 316 574 236 575 241 575 316 575 316 576 246 576 317 576 241 577 246 577 316 577 317 578 251 578 318 578 246 579 251 579 317 579 318 580 199 580 319 580 251 581 199 581 318 581 319 582 198 582 320 582 199 583 198 583 319 583 320 584 201 584 321 584 321 585 201 585 322 585 198 586 201 586 320 586 322 587 203 587 323 587 201 588 203 588 322 588 203 589 205 589 323 589 323 590 207 590 324 590 324 591 207 591 325 591 205 592 207 592 323 592 207 593 209 593 325 593 325 594 276 594 326 594 209 595 276 595 325 595 326 596 281 596 327 596 276 597 281 597 326 597 327 598 287 598 328 598 328 599 287 599 329 599 281 600 287 600 327 600 287 601 292 601 329 601 329 602 297 602 330 602 292 603 297 603 329 603 330 604 302 604 331 604 331 605 302 605 332 605 297 606 302 606 330 606 302 607 212 607 332 607 332 608 213 608 333 608 212 609 213 609 332 609 333 610 216 610 334 610 213 611 216 611 333 611 334 612 219 612 335 612 216 613 219 613 334 613 335 614 222 614 336 614 219 615 222 615 335 615 336 616 177 616 337 616 222 617 177 617 336 617 337 618 179 618 306 618 177 619 179 619 337 619 338 620 339 620 340 620 341 621 338 621 340 621 337 622 342 622 343 622 337 623 306 623 342 623 344 624 345 624 338 624 343 625 345 625 344 625 338 626 345 626 339 626 343 627 346 627 345 627 307 628 346 628 306 628 308 629 346 629 307 629 342 630 346 630 343 630 306 631 346 631 342 631 345 632 346 632 308 632 339 633 347 633 348 633 345 634 347 634 339 634 308 635 347 635 345 635 309 636 349 636 308 636 347 637 349 637 309 637 308 638 349 638 347 638 348 639 350 639 351 639 347 640 350 640 348 640 309 641 350 641 347 641 310 642 352 642 309 642 350 643 352 643 310 643 309 644 352 644 350 644 351 645 353 645 354 645 311 646 353 646 310 646 350 647 353 647 351 647 310 648 353 648 350 648 354 649 355 649 356 649 353 650 355 650 354 650 311 651 355 651 353 651 319 652 357 652 318 652 320 653 358 653 319 653 321 654 359 654 320 654 322 655 360 655 321 655 323 656 361 656 322 656 324 657 362 657 323 657 325 658 363 658 324 658 326 659 364 659 325 659 365 660 366 660 367 660 366 661 368 661 367 661 333 662 368 662 366 662 334 663 368 663 333 663 367 664 369 664 370 664 370 665 369 665 371 665 334 666 369 666 368 666 368 667 369 667 367 667 369 668 372 668 335 668 334 669 372 669 369 669 335 670 372 670 334 670 335 671 373 671 369 671 369 672 373 672 371 672 373 673 374 673 336 673 335 674 374 674 373 674 336 675 374 675 335 675 336 676 375 676 373 676 341 677 375 677 338 677 343 678 375 678 337 678 371 679 375 679 341 679 338 680 375 680 344 680 344 681 375 681 343 681 373 682 375 682 371 682 336 683 376 683 375 683 375 684 376 684 337 684 337 685 376 685 336 685 311 686 377 686 355 686 312 687 377 687 311 687 355 688 377 688 356 688 377 689 378 689 356 689 312 690 378 690 377 690 356 691 379 691 380 691 378 692 379 692 356 692 312 693 379 693 378 693 380 694 381 694 382 694 382 695 381 695 312 695 379 696 381 696 380 696 312 697 381 697 379 697 382 698 383 698 380 698 312 699 383 699 382 699 313 700 383 700 312 700 383 701 384 701 380 701 313 702 384 702 383 702 380 703 385 703 386 703 384 704 385 704 380 704 313 705 385 705 384 705 385 706 387 706 386 706 386 707 387 707 388 707 388 708 387 708 313 708 313 709 387 709 385 709 388 710 389 710 386 710 313 711 389 711 388 711 314 712 389 712 313 712 389 713 390 713 386 713 314 714 390 714 389 714 386 715 391 715 392 715 390 716 391 716 386 716 314 717 391 717 390 717 392 718 393 718 394 718 394 719 393 719 314 719 391 720 393 720 392 720 314 721 393 721 391 721 315 722 395 722 314 722 394 723 395 723 392 723 314 724 395 724 394 724 315 725 396 725 395 725 395 726 396 726 392 726 392 727 397 727 398 727 396 728 397 728 392 728 315 729 397 729 396 729 398 730 399 730 400 730 400 731 399 731 315 731 397 732 399 732 398 732 315 733 399 733 397 733 316 734 401 734 315 734 400 735 401 735 398 735 315 736 401 736 400 736 316 737 402 737 401 737 401 738 402 738 398 738 316 739 403 739 402 739 398 740 403 740 404 740 402 741 403 741 398 741 316 742 405 742 403 742 403 743 405 743 404 743 404 744 405 744 406 744 406 745 405 745 316 745 317 746 407 746 316 746 406 747 407 747 404 747 316 748 407 748 406 748 317 749 408 749 407 749 407 750 408 750 404 750 404 751 409 751 410 751 408 752 409 752 404 752 317 753 409 753 408 753 409 754 411 754 410 754 317 755 411 755 409 755 410 756 411 756 412 756 412 757 411 757 317 757 318 758 413 758 317 758 412 759 413 759 410 759 317 760 413 760 412 760 318 761 414 761 413 761 413 762 414 762 410 762 410 763 415 763 416 763 414 764 415 764 410 764 318 765 415 765 414 765 357 766 417 766 318 766 415 767 417 767 416 767 318 768 417 768 415 768 416 769 417 769 357 769 357 770 418 770 416 770 319 771 418 771 357 771 416 772 419 772 420 772 418 773 419 773 416 773 319 774 419 774 418 774 319 775 421 775 419 775 419 776 421 776 420 776 358 777 421 777 319 777 420 778 421 778 358 778 320 779 422 779 358 779 358 780 422 780 420 780 420 781 423 781 424 781 320 782 423 782 422 782 422 783 423 783 420 783 423 784 425 784 424 784 320 785 425 785 423 785 424 786 425 786 359 786 359 787 425 787 320 787 359 788 426 788 424 788 321 789 426 789 359 789 424 790 427 790 428 790 426 791 427 791 424 791 321 792 427 792 426 792 360 793 429 793 321 793 427 794 429 794 428 794 321 795 429 795 427 795 428 796 429 796 360 796 322 797 430 797 360 797 360 798 430 798 428 798 428 799 431 799 432 799 322 800 431 800 430 800 430 801 431 801 428 801 361 802 433 802 322 802 432 803 433 803 361 803 431 804 433 804 432 804 322 805 433 805 431 805 361 806 434 806 432 806 323 807 434 807 361 807 432 808 435 808 436 808 434 809 435 809 432 809 323 810 435 810 434 810 435 811 437 811 436 811 323 812 437 812 435 812 436 813 437 813 362 813 362 814 437 814 323 814 362 815 438 815 436 815 324 816 438 816 362 816 436 817 439 817 440 817 438 818 439 818 436 818 324 819 439 819 438 819 439 820 441 820 440 820 324 821 441 821 439 821 363 822 441 822 324 822 440 823 441 823 363 823 325 824 442 824 363 824 363 825 442 825 440 825 440 826 443 826 444 826 442 827 443 827 440 827 325 828 443 828 442 828 444 829 445 829 364 829 443 830 445 830 444 830 364 831 445 831 325 831 325 832 445 832 443 832 364 833 446 833 444 833 326 834 446 834 364 834 444 835 447 835 448 835 446 836 447 836 444 836 326 837 447 837 446 837 326 838 449 838 447 838 447 839 449 839 448 839 449 840 450 840 448 840 327 841 450 841 326 841 451 842 450 842 327 842 448 843 450 843 451 843 326 844 450 844 449 844 327 845 452 845 451 845 451 846 452 846 448 846 327 847 453 847 452 847 448 848 453 848 454 848 452 849 453 849 448 849 453 850 455 850 454 850 327 851 455 851 453 851 455 852 456 852 454 852 327 853 456 853 455 853 328 854 456 854 327 854 457 855 456 855 328 855 454 856 456 856 457 856 328 857 458 857 457 857 457 858 458 858 454 858 458 859 459 859 454 859 454 860 459 860 460 860 328 861 459 861 458 861 459 862 461 862 460 862 328 863 461 863 459 863 461 864 462 864 460 864 328 865 462 865 461 865 463 866 462 866 329 866 329 867 462 867 328 867 460 868 462 868 463 868 329 869 464 869 463 869 463 870 464 870 460 870 460 871 465 871 466 871 464 872 465 872 460 872 329 873 465 873 464 873 465 874 467 874 466 874 329 875 467 875 465 875 466 876 468 876 469 876 467 877 468 877 466 877 329 878 468 878 467 878 330 879 468 879 329 879 469 880 468 880 330 880 469 881 470 881 466 881 330 882 470 882 469 882 466 883 471 883 472 883 330 884 471 884 470 884 470 885 471 885 466 885 330 886 473 886 471 886 471 887 473 887 472 887 474 888 475 888 331 888 472 889 475 889 474 889 473 890 475 890 472 890 330 891 475 891 473 891 331 892 475 892 330 892 331 893 476 893 474 893 474 894 476 894 472 894 472 895 477 895 478 895 476 896 477 896 472 896 331 897 477 897 476 897 331 898 479 898 477 898 477 899 479 899 478 899 480 900 481 900 332 900 478 901 481 901 480 901 479 902 481 902 478 902 331 903 481 903 479 903 332 904 481 904 331 904 332 905 482 905 480 905 480 906 482 906 478 906 478 907 483 907 365 907 482 908 483 908 478 908 332 909 483 909 482 909 483 910 484 910 365 910 332 911 484 911 483 911 366 912 485 912 333 912 333 913 485 913 332 913 332 914 485 914 484 914 484 915 485 915 365 915 365 916 485 916 366 916 486 917 339 917 487 917 340 918 339 918 486 918 487 919 348 919 488 919 339 920 348 920 487 920 488 921 351 921 489 921 348 922 351 922 488 922 489 923 354 923 490 923 351 924 354 924 489 924 490 925 356 925 491 925 354 926 356 926 490 926 491 927 380 927 492 927 356 928 380 928 491 928 492 929 386 929 493 929 380 930 386 930 492 930 493 931 392 931 494 931 386 932 392 932 493 932 392 933 398 933 494 933 494 934 398 934 495 934 495 935 398 935 496 935 398 936 404 936 496 936 404 937 410 937 496 937 496 938 410 938 497 938 497 939 416 939 498 939 410 940 416 940 497 940 498 941 416 941 499 941 416 942 420 942 499 942 499 943 424 943 500 943 420 944 424 944 499 944 500 945 428 945 501 945 501 946 428 946 502 946 424 947 428 947 500 947 428 948 432 948 502 948 502 949 436 949 503 949 432 950 436 950 502 950 503 951 440 951 504 951 436 952 440 952 503 952 504 953 444 953 505 953 440 954 444 954 504 954 505 955 448 955 506 955 444 956 448 956 505 956 506 957 454 957 507 957 448 958 454 958 506 958 507 959 460 959 508 959 454 960 460 960 507 960 508 961 466 961 509 961 460 962 466 962 508 962 509 963 472 963 510 963 466 964 472 964 509 964 510 965 478 965 511 965 472 966 478 966 510 966 511 967 365 967 512 967 478 968 365 968 511 968 512 969 367 969 513 969 365 970 367 970 512 970 513 971 370 971 514 971 367 972 370 972 513 972 514 973 371 973 515 973 370 974 371 974 514 974 515 975 341 975 516 975 371 976 341 976 515 976 516 977 340 977 486 977 341 978 340 978 516 978</p>
        </triangles>
      </mesh>
    </geometry>
    <geometry id="geometry8" name="Mesh008">
      <mesh>
        <source id="cubeverts-array8">
          <float_array count="333" id="cubeverts-array8-array">-0.006582046 0.01250036 0.0923 -0.00361059 0.007117986 0.0923 -0.008425719 0.01092572 0.0923 -0.004918346 0.005742228 0.0923 -0.01000036 0.009082047 0.0923 -0.004514743 0.01376721 0.0923 -0.002052666 0.008202333 0.0923 -0.005922394 0.004131382 0.0923 -0.01126721 0.007014743 0.0923 -0.01219506 0.004774714 0.0923 -0.0003083554 0.008950876 0.0923 8.288415e-05 0.01526107 0.0923 -0.002274714 0.01469506 0.0923 -0.006581628 0.002351397 0.0923 -0.01276107 0.002417116 0.0923 0.0025 0.0154513 0.0923 0.00155093 0.009332969 0.0923 -0.00686906 0.0004751449 0.0923 -0.0129513 7.300201e-18 0.0923 0.00344907 0.009332969 0.0923 0.004917116 0.01526107 0.0923 -0.00677292 -0.001420559 0.0923 -0.01276107 -0.002417116 0.0923 -0.01219506 -0.004774714 0.0923 0.009514747 0.01376721 0.0923 0.005308355 0.008950876 0.0923 0.007274714 0.01469506 0.0923 -0.006297146 -0.003258105 0.0923 -0.01126721 -0.007014743 0.0923 0.007052666 0.008202333 0.0923 0.01158205 0.01250036 0.0923 -0.005461216 -0.004962264 0.0923 -0.01000036 -0.009082047 0.0923 0.00861059 0.007117986 0.0923 -0.004299354 -0.006463267 0.0923 -0.008425719 -0.01092572 0.0923 0.01342572 0.01092572 0.0923 0.009918346 0.005742228 0.0923 -0.002859124 -0.007699664 0.0923 -0.006582046 -0.01250036 0.0923 0.01500036 0.009082047 0.0923 0.01092239 0.004131382 0.0923 -0.004514743 -0.01376721 0.0923 -0.001199492 -0.008620835 0.0923 0.01626721 0.007014743 0.0923 -0.002274714 -0.01469506 0.0923 0.0006115984 -0.00918907 0.0923 0.01719506 0.004774714 0.0923 0.01158163 0.002351397 0.0923 8.288415e-05 -0.01526107 0.0923 0.0025 -0.009381101 0.0923 0.01776107 0.002417116 0.0923 0.01186906 0.0004751449 0.0923 0.0179513 -7.130509e-18 0.0923 0.01177292 -0.001420559 0.0923 0.0025 -0.0154513 0.0923 0.004388402 -0.00918907 0.0923 0.004917116 -0.01526107 0.0923 0.01776107 -0.002417116 0.0923 0.006199492 -0.008620835 0.0923 0.007274714 -0.01469506 0.0923 0.01719506 -0.004774714 0.0923 0.01129715 -0.003258105 0.0923 0.007859124 -0.007699664 0.0923 0.009514747 -0.01376721 0.0923 0.01626721 -0.007014743 0.0923 0.01046122 -0.004962264 0.0923 0.01158205 -0.01250036 0.0923 0.01500036 -0.009082047 0.0923 0.009299354 -0.006463267 0.0923 0.01342572 -0.01092572 0.0923 0.0025 -0.0154513 0.1008 0.004917116 -0.01526107 0.1008 0.007274714 -0.01469506 0.1008 0.009514747 -0.01376721 0.1008 0.01158205 -0.01250036 0.1008 0.01342572 -0.01092572 0.1008 0.01500036 -0.009082047 0.1008 0.01626721 -0.007014743 0.1008 0.01719506 -0.004774714 0.1008 0.01776107 -0.002417116 0.1008 0.0179513 -7.130509e-18 0.1008 0.01776107 0.002417116 0.1008 0.01719506 0.004774714 0.1008 0.01626721 0.007014743 0.1008 0.01500036 0.009082047 0.1008 0.01342572 0.01092572 0.1008 0.01158205 0.01250036 0.1008 0.009514747 0.01376721 0.1008 0.007274714 0.01469506 0.1008 0.004917116 0.01526107 0.1008 0.0025 0.0154513 0.1008 8.288415e-05 0.01526107 0.1008 -0.002274714 0.01469506 0.1008 -0.004514743 0.01376721 0.1008 -0.006582046 0.01250036 0.1008 -0.008425719 0.01092572 0.1008 -0.01000036 0.009082047 0.1008 -0.01126721 0.007014743 0.1008 -0.01219506 0.004774714 0.1008 -0.01276107 0.002417116 0.1008 -0.0129513 7.300201e-18 0.1008 -0.01276107 -0.002417116 0.1008 -0.01219506 -0.004774714 0.1008 -0.01126721 -0.007014743 0.1008 -0.01000036 -0.009082047 0.1008 -0.008425719 -0.01092572 0.1008 -0.006582046 -0.01250036 0.1008 -0.004514743 -0.01376721 0.1008 -0.002274714 -0.01469506 0.1008 8.288415e-05 -0.01526107 0.1008</float_array>
          <technique_common>
            <accessor count="111" source="#cubeverts-array8-array" stride="3">
              <param type="float" name="X"/>
              <param type="float" name="Y"/>
              <param type="float" name="Z"/>
            </accessor>
          </technique_common>
        </source>
        <source id="cubenormals-array8">
          <float_array count="567" id="cubenormals-array8-array">0 -0 -1 0 -0 -1 -0 0 -1 0 -0 -1 0 0 -1 0 -0 -1 0 -0 -1 -0 0 -1 0 0 -1 0 0 -1 0 -0 -1 0 -0 -1 -0 0 -1 0 0 -1 0 -0 -1 -0 0 -1 0 -0 -1 0 -0 -1 -0 0 -1 0 -0 -1 0 0 -1 0 0 -1 -0 0 -1 -0 0 -1 0 -0 -1 0 -0 -1 0 0 -1 0 0 -1 0 -0 -1 0 -0 -1 0 0 -1 0 0 -1 0 -0 -1 0 0 -1 0 -0 -1 0 0 -1 0 -0 -1 0 0 -1 0 -0 -1 0 0 -1 0 0 -1 -0 0 -1 0 -0 -1 0 0 -1 -0 0 -1 0 0 -1 0 -0 -1 0 0 -1 -0 0 -1 0 0 -1 0 -0 -1 0 -0 -1 0 -0 -1 0 -0 -1 0 -0 -1 0 0 -1 0 0 -1 0 -0 -1 0 0 -1 0 -0 -1 -0 0 -1 0 -0 -1 0 0 -1 -0 0 -1 0 -0 -1 0 0 -1 -0 0 -1 0 -0 -1 0 0 -1 -0 0 -1 0 -0 -1 0.07845839 -0.9969174 0 0.07845839 -0.9969174 0 0.2334455 -0.9723699 0 0.2334455 -0.9723699 0 0.382683 -0.9238797 0 0.382683 -0.9238797 0 0.5225003 -0.8526391 0 0.5225003 -0.8526391 0 0.649447 -0.7604069 0 0.649447 -0.7604069 0 0.760407 -0.6494468 0 0.760407 -0.6494468 0 0.8526395 -0.5224996 0 0.8526395 -0.5224996 0 0.9238794 -0.3826835 0 0.9723699 -0.2334455 0 0.9238794 -0.3826835 0 0.9969174 -0.07845838 0 0.9723699 -0.2334455 0 0.9969174 -0.07845838 0 0.9969174 0.07845838 0 0.9723699 0.2334455 0 0.9969174 0.07845838 -0 0.9723699 0.2334455 0 0.9238794 0.3826835 0 0.8526395 0.5224996 0 0.9238794 0.3826835 -0 0.8526395 0.5224996 0 0.760407 0.6494468 0 0.760407 0.6494468 -0 0.649447 0.7604069 0 0.5225003 0.8526391 0 0.649447 0.7604069 -0 0.5225003 0.8526391 0 0.382683 0.9238797 0 0.382683 0.9238797 -0 0.2334455 0.9723699 0 0.07845839 0.9969174 0 0.2334455 0.9723699 -0 0.07845839 0.9969174 0 -0.07845838 0.9969174 0 -0.2334455 0.9723699 0 -0.07845838 0.9969174 0 -0.2334455 0.9723699 0 -0.3826835 0.9238794 0 -0.3826835 0.9238794 0 -0.5225003 0.8526391 0 -0.5225003 0.8526391 0 -0.6494465 0.7604072 0 -0.7604068 0.6494471 0 -0.6494465 0.7604072 0 -0.7604068 0.6494471 0 -0.8526395 0.5224996 0 -0.9238796 0.3826832 0 -0.8526395 0.5224996 0 -0.9238796 0.3826832 0 -0.9723698 0.2334459 0 -0.9723698 0.2334459 0 -0.9969174 0.07845838 0 -0.9969174 0.07845838 0 -0.9969174 -0.07845838 0 -0.9969174 -0.07845838 0 -0.9723698 -0.2334459 0 -0.9723698 -0.2334459 0 -0.9238796 -0.3826832 0 -0.9238796 -0.3826832 0 -0.8526395 -0.5224996 -0 -0.8526395 -0.5224996 0 -0.7604068 -0.6494471 0 -0.7604068 -0.6494471 0 -0.6494465 -0.7604072 0 -0.6494465 -0.7604072 0 -0.5225003 -0.8526391 0 -0.5225003 -0.8526391 0 -0.3826835 -0.9238794 0 -0.3826835 -0.9238794 0 -0.2334455 -0.9723699 -0 -0.07845838 -0.9969174 -0 -0.2334455 -0.9723699 0 -0.07845838 -0.9969174 0 -0 -0 1 -0 -0 1 0 0 1 0 0 1 0 0 1 0 0 1 0 0 1 0 0 1 0 0 1 0 -0 1 0 -0 1 0 -0 1 0 0 1 0 0 1 0 -0 1 0 -0 1 0 -0 1 -0 0 1 0 -0 1 0 0 1 0 0 1 0 -0 1 0 0 1 0 0 1 0 0 1 0 -0 1 0 -0 1 0 0 1 0 0 1 0 0 1 0 0 1 0 0 1 0 0 1 0 0 1 0 0 1 0 0 1 0 0 1 0 0 1</float_array>
          <technique_common>
            <accessor count="189" source="#cubenormals-array8-array" stride="3">
              <param type="float" name="X"/>
              <param type="float" name="Y"/>
              <param type="float" name="Z"/>
            </accessor>
          </technique_common>
        </source>
        <vertices id="cubeverts-array8-vertices">
          <input semantic="POSITION" source="#cubeverts-array8"/>
        </vertices>
        <triangles count="189" material="ref_Mesh008">
          <input offset="0" semantic="VERTEX" source="#cubeverts-array8-vertices"/>
          <input offset="1" semantic="NORMAL" source="#cubenormals-array8"/>
          <p>0 0 1 0 2 0 2 1 3 1 4 1 1 2 3 2 2 2 5 3 6 3 0 3 0 4 6 4 1 4 4 5 7 5 8 5 8 6 7 6 9 6 3 7 7 7 4 7 5 8 10 8 6 8 11 9 10 9 12 9 12 10 10 10 5 10 9 11 13 11 14 11 7 12 13 12 9 12 15 13 16 13 11 13 11 14 16 14 10 14 13 15 17 15 14 15 14 16 17 16 18 16 15 17 19 17 16 17 20 18 19 18 15 18 17 19 21 19 18 19 18 20 21 20 22 20 22 21 21 21 23 21 24 22 25 22 26 22 26 23 25 23 20 23 20 24 25 24 19 24 21 25 27 25 23 25 23 26 27 26 28 26 24 27 29 27 25 27 24 28 30 28 29 28 27 29 31 29 28 29 28 30 31 30 32 30 30 31 33 31 29 31 31 32 34 32 32 32 34 33 35 33 32 33 30 34 36 34 33 34 36 35 37 35 33 35 34 36 38 36 35 36 38 37 39 37 35 37 36 38 40 38 37 38 40 39 41 39 37 39 38 40 42 40 39 40 43 41 42 41 38 41 40 42 44 42 41 42 43 43 45 43 42 43 46 44 45 44 43 44 41 45 47 45 48 45 44 46 47 46 41 46 46 47 49 47 45 47 50 48 49 48 46 48 48 49 51 49 52 49 47 50 51 50 48 50 52 51 53 51 54 51 51 52 53 52 52 52 50 53 55 53 49 53 56 54 57 54 50 54 50 55 57 55 55 55 53 56 58 56 54 56 59 57 60 57 56 57 56 58 60 58 57 58 54 59 61 59 62 59 58 60 61 60 54 60 63 61 64 61 59 61 59 62 64 62 60 62 61 63 65 63 62 63 62 64 65 64 66 64 63 65 67 65 64 65 65 66 68 66 66 66 66 67 68 67 69 67 63 68 70 68 67 68 68 69 70 69 69 69 69 70 70 70 63 70 71 71 55 71 72 71 55 72 57 72 72 72 72 73 60 73 73 73 57 74 60 74 72 74 73 75 64 75 74 75 60 76 64 76 73 76 64 77 67 77 74 77 74 78 67 78 75 78 67 79 70 79 75 79 75 80 70 80 76 80 76 81 70 81 77 81 70 82 68 82 77 82 77 83 68 83 78 83 68 84 65 84 78 84 78 85 61 85 79 85 79 86 61 86 80 86 65 87 61 87 78 87 80 88 58 88 81 88 61 89 58 89 80 89 58 90 53 90 81 90 81 91 51 91 82 91 82 92 51 92 83 92 53 93 51 93 81 93 51 94 47 94 83 94 83 95 44 95 84 95 84 96 44 96 85 96 47 97 44 97 83 97 44 98 40 98 85 98 85 99 36 99 86 99 40 100 36 100 85 100 86 101 30 101 87 101 87 102 30 102 88 102 36 103 30 103 86 103 30 104 24 104 88 104 88 105 26 105 89 105 24 106 26 106 88 106 89 107 20 107 90 107 90 108 20 108 91 108 26 109 20 109 89 109 20 110 15 110 91 110 91 111 11 111 92 111 92 112 11 112 93 112 15 113 11 113 91 113 11 114 12 114 93 114 93 115 5 115 94 115 12 116 5 116 93 116 94 117 0 117 95 117 5 118 0 118 94 118 95 119 2 119 96 119 96 120 2 120 97 120 0 121 2 121 95 121 2 122 4 122 97 122 97 123 8 123 98 123 98 124 8 124 99 124 4 125 8 125 97 125 8 126 9 126 99 126 9 127 14 127 99 127 99 128 14 128 100 128 14 129 18 129 100 129 100 130 18 130 101 130 18 131 22 131 101 131 101 132 22 132 102 132 22 133 23 133 102 133 102 134 23 134 103 134 23 135 28 135 103 135 103 136 28 136 104 136 104 137 28 137 105 137 28 138 32 138 105 138 32 139 35 139 105 139 105 140 35 140 106 140 35 141 39 141 106 141 106 142 39 142 107 142 39 143 42 143 107 143 107 144 42 144 108 144 108 145 45 145 109 145 42 146 45 146 108 146 109 147 45 147 110 147 110 148 49 148 71 148 45 149 49 149 110 149 49 150 55 150 71 150 107 151 108 151 106 151 109 152 110 152 108 152 103 153 101 153 102 153 104 154 101 154 103 154 105 155 101 155 104 155 106 156 101 156 105 156 108 157 100 157 106 157 110 158 100 158 108 158 106 159 100 159 101 159 72 160 73 160 71 160 71 161 73 161 110 161 110 162 73 162 100 162 73 163 99 163 100 163 73 164 98 164 99 164 74 165 76 165 73 165 75 166 76 166 74 166 73 167 76 167 98 167 98 168 77 168 97 168 76 169 77 169 98 169 97 170 95 170 96 170 97 171 94 171 95 171 78 172 79 172 77 172 97 173 93 173 94 173 93 174 91 174 92 174 97 175 91 175 93 175 80 176 81 176 79 176 79 177 81 177 77 177 91 178 89 178 90 178 82 179 83 179 81 179 83 180 84 180 81 180 91 181 87 181 89 181 89 182 87 182 88 182 97 183 86 183 91 183 81 184 86 184 77 184 84 185 86 185 81 185 91 186 86 186 87 186 85 187 86 187 84 187 77 188 86 188 97 188</p>
        </triangles>
      </mesh>
    </geometry>
    <geometry id="geometry9" name="Mesh009">
      <mesh>
        <source id="cubeverts-array9">
          <float_array count="4728" id="cubeverts-array9-array">-0.01247194 0.02810717 0.004950002 -0.01415719 0.02679674 0.004950002 -0.01485832 0.02660728 0.004950002 -0.01557831 0.02651186 0.004950002 -0.01348713 0.02707692 0.004950002 -0.01034963 0.02842442 0.004950002 -0.009204736 0.02934 0.004950002 -0.007080245 0.02940974 0.004950002 -0.005818819 0.03019443 0.004950002 -0.003720648 0.03002032 0.004950002 -0.002357858 0.03065947 0.004950002 -0.0003136423 0.03024837 0.004950002 0.00113351 0.0307291 0.004950002 0.00309736 0.03009101 0.004950002 0.004610261 0.03040243 0.004950002 0.006468895 0.02955023 0.004950002 0.008027555 0.02968368 0.004950002 0.009758004 0.02863292 0.004950002 0.01134132 0.02858211 0.004950002 0.01292278 0.02735077 0.004950002 0.01450882 0.02711193 0.004950002 0.01592289 0.02572011 0.004950002 0.01748921 0.02529209 0.004950002 0.01872011 0.02376173 0.004950002 0.02024405 0.02314608 0.004950002 0.0212788 0.02150058 0.004950002 0.02273781 0.02070156 0.004950002 0.02356636 0.01896548 0.004950002 0.02493833 0.01799006 0.004950002 0.02555363 0.01618871 0.004950002 0.02681723 0.01504656 0.004950002 0.02721531 0.01320566 0.004950002 -0.01247194 -0.02810717 0.004950002 -0.01557831 -0.02651186 0.004950002 -0.01485832 -0.02660728 0.004950002 -0.01415719 -0.02679674 0.004950002 -0.01348713 -0.02707692 0.004950002 0.02835028 0.011909 0.004950002 -0.01034963 -0.02842442 0.004950002 0.0285302 0.01005436 0.004950002 -0.009204736 -0.02934 0.004950002 0.02951771 0.008617858 0.004950002 -0.007080245 -0.02940974 0.004950002 0.02948157 0.006774934 0.004950002 -0.005818819 -0.03019443 0.004950002 0.03030446 0.005215577 0.004950002 -0.003720648 -0.03002032 0.004950002 0.03005728 0.003409187 0.004950002 -0.002357858 -0.03065947 0.004950002 0.03070039 0.001746032 0.004950002 -0.0003136423 -0.03024837 0.004950002 0.03025 1.285785e-16 0.004950002 0.00113351 -0.0307291 0.004950002 0.03070039 -0.001746032 0.004950002 0.00309736 -0.03009101 0.004950002 0.03005728 -0.003409187 0.004950002 0.004610261 -0.03040243 0.004950002 0.03030446 -0.005215577 0.004950002 0.006468895 -0.02955023 0.004950002 0.02948157 -0.006774934 0.004950002 0.008027555 -0.02968368 0.004950002 0.02951771 -0.008617858 0.004950002 0.009758004 -0.02863292 0.004950002 0.0285302 -0.01005436 0.004950002 0.01134132 -0.02858211 0.004950002 0.02835028 -0.011909 0.004950002 0.01292278 -0.02735077 0.004950002 0.02721531 -0.01320566 0.004950002 0.01450882 -0.02711193 0.004950002 0.01592289 -0.02572011 0.004950002 0.02681723 -0.01504656 0.004950002 0.02555363 -0.01618871 0.004950002 0.01748921 -0.02529209 0.004950002 0.01872011 -0.02376173 0.004950002 0.02493833 -0.01799006 0.004950002 0.02356636 -0.01896548 0.004950002 0.02024405 -0.02314608 0.004950002 0.0212788 -0.02150058 0.004950002 0.02273781 -0.02070156 0.004950002 -0.03075 6.179725e-18 0.01195 -0.03068414 -0.002011476 0.004950002 -0.03055665 -0.003442908 0.01195 -0.03075 1.179725e-18 0.004950002 -0.03048684 -0.004014336 0.004950002 -0.03015895 -0.006 0.004950002 -0.02997903 -0.006842519 0.01195 -0.0293604 -0.009139441 0.004950002 -0.02902441 -0.01015608 0.01195 -0.02823601 -0.01217746 0.004950002 -0.02770479 -0.01334192 0.01195 -0.02679825 -0.01508033 0.004950002 -0.02603677 -0.01635999 0.01195 -0.02506309 -0.01781584 0.004950002 -0.02404132 -0.01917231 0.01195 -0.02304978 -0.02035363 0.004950002 -0.02174353 -0.02174353 0.01195 -0.02078066 -0.02266554 0.004950002 -0.01917231 -0.02404132 0.01195 -0.01828093 -0.0247259 0.004950002 -0.01635999 -0.02603677 0.01195 -0.01334192 -0.02770479 0.01195 -0.01015608 -0.02902441 0.01195 -0.006842519 -0.02997903 0.01195 -0.003442908 -0.03055665 0.01195 -1.083316e-17 -0.03075 0.01195 0.003442908 -0.03055665 0.01195 0.006842519 -0.02997903 0.01195 0.01015608 -0.02902441 0.01195 0.01334192 -0.02770479 0.01195 0.01635999 -0.02603677 0.01195 0.01917231 -0.02404132 0.01195 0.02174353 -0.02174353 0.01195 0.02404132 -0.01917231 0.01195 0.02603677 -0.01635999 0.01195 0.02770479 -0.01334192 0.01195 0.02902441 -0.01015608 0.01195 0.02997903 -0.006842519 0.01195 0.03055665 -0.003442908 0.01195 0.03075 -6.179725e-18 0.01195 0.03055665 0.003442908 0.01195 0.02997903 0.006842519 0.01195 0.02902441 0.01015608 0.01195 0.02770479 0.01334192 0.01195 0.02603677 0.01635999 0.01195 0.02404132 0.01917231 0.01195 0.02174353 0.02174353 0.01195 0.01917231 0.02404132 0.01195 0.01635999 0.02603677 0.01195 0.01334192 0.02770479 0.01195 0.01015608 0.02902441 0.01195 0.006842519 0.02997903 0.01195 0.003442908 0.03055665 0.01195 -3.960303e-21 0.03075 0.01195 -0.003442908 0.03055665 0.01195 -0.006842519 0.02997903 0.01195 -0.01015608 0.02902441 0.01195 -0.01334192 0.02770479 0.01195 -0.01635999 0.02603677 0.01195 -0.01557979 0.02651099 0.004950002 -0.01828214 0.02472501 0.004950002 -0.01917231 0.02404132 0.01195 -0.02078161 0.02266466 0.004950002 -0.02174353 0.02174353 0.01195 -0.02305049 0.02035282 0.004950002 -0.02404132 0.01917231 0.01195 -0.02506359 0.01781514 0.004950002 -0.02603677 0.01635999 0.01195 -0.02679857 0.01507977 0.004950002 -0.02770479 0.01334192 0.01195 -0.02823618 0.01217706 0.004950002 -0.02902441 0.01015608 0.01195 -0.02936046 0.009139238 0.004950002 -0.02997903 0.006842519 0.01195 -0.03015895 0.006 0.004950002 -0.03055665 0.003442908 0.01195 -0.03048684 0.004014336 0.004950002 -0.03068414 0.002011476 0.004950002 -0.01111119 0.02867236 0.004450002 -0.01371006 0.02752448 0.004450002 -0.008417461 0.02957548 0.004450002 -0.005651881 0.03022613 0.004450002 -0.002838054 0.03061875 0.004450002 -7.139444e-17 0.03075 0.004450002 0.003442908 0.03055665 0.004450002 0.006842519 0.02997903 0.004450002 0.01015608 0.02902441 0.004450002 0.01334192 0.02770479 0.004450002 0.01635999 0.02603677 0.004450002 0.01917231 0.02404132 0.004450002 0.02174353 0.02174353 0.004450002 0.02404132 0.01917231 0.004450002 0.02603677 0.01635999 0.004450002 0.02770479 0.01334192 0.004450002 0.02902441 0.01015608 0.004450002 0.02997903 0.006842519 0.004450002 0.03055665 0.003442908 0.004450002 0.03075 1.284063e-16 0.004450002 -0.01371006 -0.02752448 0.004450002 -0.01371006 -0.02752448 0.0004500015 -0.01111119 -0.02867236 0.0004500015 -0.01111119 -0.02867236 0.004450002 -0.008417461 -0.02957548 0.0004500015 -0.008417461 -0.02957548 0.004450002 -0.005651881 -0.03022613 0.0004500015 -0.005651881 -0.03022613 0.004450002 -0.002838054 -0.03061875 0.004450002 -0.002838054 -0.03061875 0.0004500015 -1.035818e-16 -0.03075 0.004450002 -1.026936e-16 -0.03075 0.0004500015 0.003442908 -0.03055665 0.004450002 0.003442908 -0.03055665 0.0004500015 0.006842519 -0.02997903 0.004450002 0.006842519 -0.02997903 0.0004500015 0.01015608 -0.02902441 0.004450002 0.01015608 -0.02902441 0.0004500015 0.01334192 -0.02770479 0.0004500015 0.01334192 -0.02770479 0.004450002 0.01635999 -0.02603677 0.004450002 0.01635999 -0.02603677 0.0004500015 0.01917231 -0.02404132 0.0004500015 0.01917231 -0.02404132 0.004450002 0.02174353 -0.02174353 0.0004500015 0.02174353 -0.02174353 0.004450002 0.02404132 -0.01917231 0.004450002 0.02404132 -0.01917231 0.0004500015 0.02603677 -0.01635999 0.004450002 0.02603677 -0.01635999 0.0004500015 0.02770479 -0.01334192 0.004450002 0.02770479 -0.01334192 0.0004500015 0.02902441 -0.01015608 0.004450002 0.02902441 -0.01015608 0.0004500015 0.02997903 -0.006842519 0.0004500015 0.02997903 -0.006842519 0.004450002 0.03055665 -0.003442908 0.004450002 0.03055665 -0.003442908 0.0004500015 0.03075 1.205147e-16 0.0004500015 0.03055665 0.003442908 0.0004500015 0.02997903 0.006842519 0.0004500015 0.02902441 0.01015608 0.0004500015 0.02770479 0.01334192 0.0004500015 0.02603677 0.01635999 0.0004500015 0.02404132 0.01917231 0.0004500015 0.02174353 0.02174353 0.0004500015 0.01917231 0.02404132 0.0004500015 0.01635999 0.02603677 0.0004500015 0.01334192 0.02770479 0.0004500015 0.01015608 0.02902441 0.0004500015 0.006842519 0.02997903 0.0004500015 0.003442908 0.03055665 0.0004500015 -7.050626e-17 0.03075 0.0004500015 -0.002838054 0.03061875 0.0004500015 -0.005651881 0.03022613 0.0004500015 -0.008417461 0.02957548 0.0004500015 -0.01111119 0.02867236 0.0004500015 -0.01371006 0.02752448 0.0004500015 -0.02071526 0.02272533 -4.999847e-05 -0.02001112 0.02001112 -4.999847e-05 -0.02296158 0.02045308 -4.999847e-05 -0.01932767 0.02053555 -4.999847e-05 -0.02053555 0.01932767 -4.999847e-05 -0.02086522 0.01853177 -4.999847e-05 -0.02495999 0.01796 -4.999847e-05 -0.01824528 0.02475222 -4.999847e-05 -0.01853177 0.02086522 -4.999847e-05 -0.02097767 0.01767767 -4.999847e-05 -0.01767767 0.02097767 -4.999847e-05 -0.02086522 0.01682357 -4.999847e-05 -0.01557831 0.02651186 -4.999847e-05 -0.01682357 0.02086522 -4.999847e-05 -0.02053555 0.01602767 -4.999847e-05 -0.02668891 0.01527301 -4.999847e-05 -0.01485832 0.02660728 -4.999847e-05 -0.01602767 0.02053555 -4.999847e-05 -0.01415719 0.02679674 -4.999847e-05 -0.02001112 0.01534422 -4.999847e-05 -0.02812967 0.01242112 -4.999847e-05 -0.01534422 0.02001112 -4.999847e-05 -0.01348713 0.02707692 -4.999847e-05 -0.01932767 0.01481979 -4.999847e-05 -0.02926672 0.009435118 -4.999847e-05 -0.01034963 0.02842442 -4.999847e-05 -0.01481979 0.01932767 -4.999847e-05 -0.01853177 0.01449011 -4.999847e-05 -0.03008779 0.006347249 -4.999847e-05 -0.007080245 0.02940974 -4.999847e-05 -0.01449011 0.01853177 -4.999847e-05 -0.01767767 0.01437767 -4.999847e-05 -0.030584 0.00319085 -4.999847e-05 -0.003720648 0.03002032 -4.999847e-05 -0.01437767 0.01767767 -4.999847e-05 -0.03075 -2.406339e-18 -4.999847e-05 -0.0003136423 0.03024837 -4.999847e-05 -0.02812967 -0.01242112 -4.999847e-05 -0.02001112 -0.01534422 -4.999847e-05 -0.02668891 -0.01527301 -4.999847e-05 0.01592289 0.02572011 -4.999847e-05 0.01534422 0.02001112 -4.999847e-05 0.01292278 0.02735077 -4.999847e-05 -0.01932767 -0.01481979 -4.999847e-05 -0.02926672 -0.009435118 -4.999847e-05 -0.02053555 -0.01602767 -4.999847e-05 -0.02495999 -0.01796 -4.999847e-05 0.01602767 0.02053555 -4.999847e-05 0.01481979 0.01932767 -4.999847e-05 0.009758004 0.02863292 -4.999847e-05 -0.02086522 -0.01682357 -4.999847e-05 -0.01853177 -0.01449011 -4.999847e-05 -0.03008779 -0.006347249 -4.999847e-05 0.01872011 0.02376173 -4.999847e-05 0.01682357 0.02086522 -4.999847e-05 0.01449011 0.01853177 -4.999847e-05 0.006468895 0.02955023 -4.999847e-05 -0.02097767 -0.01767767 -4.999847e-05 -0.01767767 -0.01437767 -4.999847e-05 -0.030584 -0.00319085 -4.999847e-05 -0.01682357 0.01449011 -4.999847e-05 0.01767767 0.02097767 -4.999847e-05 0.00309736 0.03009101 -4.999847e-05 0.01437767 0.01767767 -4.999847e-05 -0.02086522 -0.01853177 -4.999847e-05 -0.02296158 -0.02045308 -4.999847e-05 -0.01682357 -0.01449011 -4.999847e-05 -0.01602767 0.01481979 -4.999847e-05 0.01853177 0.02086522 -4.999847e-05 -0.01449011 0.01682357 -4.999847e-05 0.01449011 0.01682357 -4.999847e-05 -0.01481979 0.01602767 -4.999847e-05 -0.02053555 -0.01932767 -4.999847e-05 -0.01602767 -0.01481979 -4.999847e-05 -0.01534422 0.01534422 -4.999847e-05 0.01932767 0.02053555 -4.999847e-05 0.01481979 0.01602767 -4.999847e-05 0.0212788 0.02150058 -4.999847e-05 -0.02001112 -0.02001112 -4.999847e-05 -0.01534422 -0.01534422 -4.999847e-05 0.02001112 0.02001112 -4.999847e-05 0.01534422 0.01534422 -4.999847e-05 0.02053555 0.01932767 -4.999847e-05 -0.02071526 -0.02272533 -4.999847e-05 -0.01932767 -0.02053555 -4.999847e-05 -0.01853177 -0.02086522 -4.999847e-05 0.02097767 0.01767767 -4.999847e-05 0.02356636 0.01896548 -4.999847e-05 0.02086522 0.01682357 -4.999847e-05 0.02086522 0.01853177 -4.999847e-05 -0.01824528 -0.02475222 -4.999847e-05 -0.01767767 -0.02097767 -4.999847e-05 -0.01682357 -0.02086522 -4.999847e-05 0.02053555 0.01602767 -4.999847e-05 0.02555363 0.01618871 -4.999847e-05 0.02001112 0.01534422 -4.999847e-05 -0.01602767 -0.02053555 -4.999847e-05 -0.01557831 -0.02651186 -4.999847e-05 -0.01485832 -0.02660728 -4.999847e-05 -0.01415719 -0.02679674 -4.999847e-05 -0.01534422 -0.02001112 -4.999847e-05 -0.01348713 -0.02707692 -4.999847e-05 -0.01481979 -0.01932767 -4.999847e-05 0.02721531 0.01320566 -4.999847e-05 0.01932767 0.01481979 -4.999847e-05 -0.01034963 -0.02842442 -4.999847e-05 -0.01449011 -0.01853177 -4.999847e-05 0.0285302 0.01005436 -4.999847e-05 0.01853177 0.01449011 -4.999847e-05 -0.007080245 -0.02940974 -4.999847e-05 -0.01437767 -0.01767767 -4.999847e-05 0.02948157 0.006774934 -4.999847e-05 0.01767767 0.01437767 -4.999847e-05 -0.003720648 -0.03002032 -4.999847e-05 0.03005728 0.003409187 -4.999847e-05 -0.0003136423 -0.03024837 -4.999847e-05 0.03025 -5.244407e-17 -4.999847e-05 0.01534422 -0.01534422 -4.999847e-05 0.01481979 -0.01602767 -4.999847e-05 -0.01481979 -0.01602767 -4.999847e-05 0.01602767 -0.01481979 -4.999847e-05 0.01602767 0.01481979 -4.999847e-05 0.01682357 0.01449011 -4.999847e-05 0.01449011 -0.01682357 -4.999847e-05 -0.01449011 -0.01682357 -4.999847e-05 0.01682357 -0.01449011 -4.999847e-05 0.01437767 -0.01767767 -4.999847e-05 0.01767767 -0.01437767 -4.999847e-05 0.00309736 -0.03009101 -4.999847e-05 0.03005728 -0.003409187 -4.999847e-05 0.01449011 -0.01853177 -4.999847e-05 0.006468895 -0.02955023 -4.999847e-05 0.02948157 -0.006774934 -4.999847e-05 0.01853177 -0.01449011 -4.999847e-05 0.009758004 -0.02863292 -4.999847e-05 0.01481979 -0.01932767 -4.999847e-05 0.0285302 -0.01005436 -4.999847e-05 0.01932767 -0.01481979 -4.999847e-05 0.01292278 -0.02735077 -4.999847e-05 0.01534422 -0.02001112 -4.999847e-05 0.02721531 -0.01320566 -4.999847e-05 0.02001112 -0.01534422 -4.999847e-05 0.01602767 -0.02053555 -4.999847e-05 0.01592289 -0.02572011 -4.999847e-05 0.01682357 -0.02086522 -4.999847e-05 0.02053555 -0.01602767 -4.999847e-05 0.02555363 -0.01618871 -4.999847e-05 0.02086522 -0.01682357 -4.999847e-05 0.01767767 -0.02097767 -4.999847e-05 0.01872011 -0.02376173 -4.999847e-05 0.01853177 -0.02086522 -4.999847e-05 0.01932767 -0.02053555 -4.999847e-05 0.02356636 -0.01896548 -4.999847e-05 0.02086522 -0.01853177 -4.999847e-05 0.02053555 -0.01932767 -4.999847e-05 0.02097767 -0.01767767 -4.999847e-05 0.02001112 -0.02001112 -4.999847e-05 0.0212788 -0.02150058 -4.999847e-05 -0.1121866 0.0229 -4.999847e-05 -0.1113385 0.02475133 -4.999847e-05 -0.1106236 0.02548569 -4.999847e-05 -0.1118687 0.02387427 -4.999847e-05 -0.1077775 0.0265 -4.999847e-05 -0.1097611 0.02603924 -4.999847e-05 -0.1087957 0.0263833 -4.999847e-05 -0.1131968 0.01722596 -4.999847e-05 -0.1020711 0.007071068 -4.999847e-05 -0.1139202 0.01150828 -4.999847e-05 -0.1033147 0.005555702 -4.999847e-05 -0.114355 0.005761436 -4.999847e-05 -0.1005557 0.008314696 -4.999847e-05 -0.1042388 0.003826834 -4.999847e-05 -0.09882684 0.009238795 -4.999847e-05 -0.1048079 0.001950903 -4.999847e-05 -0.1145 1.924463e-16 -4.999847e-05 -0.0969509 0.009807853 -4.999847e-05 -0.105 2.023601e-16 -4.999847e-05 -0.09500002 0.01 -4.999847e-05 -0.09330038 0.009854506 -4.999847e-05 -0.1048079 -0.001950903 -4.999847e-05 -0.114355 -0.005761436 -4.999847e-05 -0.09165025 0.009422267 -4.999847e-05 -0.1042388 -0.003826834 -4.999847e-05 -0.08984509 0.008568954 -4.999847e-05 -0.1033147 -0.005555702 -4.999847e-05 -0.1139202 -0.01150828 -4.999847e-05 -0.1020711 -0.007071068 -4.999847e-05 -0.1131968 -0.01722596 -4.999847e-05 -0.1005557 -0.008314696 -4.999847e-05 -0.09882684 -0.009238795 -4.999847e-05 -0.1113385 -0.02475133 -4.999847e-05 -0.1118687 -0.02387427 -4.999847e-05 -0.1121866 -0.0229 -4.999847e-05 -0.1106236 -0.02548569 -4.999847e-05 -0.1077775 -0.0265 -4.999847e-05 -0.1097611 -0.02603924 -4.999847e-05 -0.1087957 -0.0263833 -4.999847e-05 -0.0969509 -0.009807853 -4.999847e-05 -0.09500002 -0.01 -4.999847e-05 -0.09301328 -0.009800657 -4.999847e-05 -0.09110576 -0.009210586 -4.999847e-05 -0.03736934 0.02357858 -4.999847e-05 -0.03796933 0.02302858 -4.999847e-05 -0.03846044 0.0223795 -4.999847e-05 -0.03673103 0.0239852 -4.999847e-05 -0.03882659 0.02165257 -4.999847e-05 -0.08824547 0.007374028 -4.999847e-05 -0.03571725 0.02436941 -4.999847e-05 -0.0390558 0.02087158 -4.999847e-05 -0.08691512 0.005885117 -4.999847e-05 -0.03914059 0.02006208 -4.999847e-05 -0.08590708 0.004161589 -4.999847e-05 -0.03464102 0.0245 -4.999847e-05 -0.03907816 0.01925053 -4.999847e-05 -0.03887057 0.0184635 -4.999847e-05 -0.08526154 0.002272146 -4.999847e-05 -0.0385246 0.01772673 -4.999847e-05 -0.08500426 0.0002921216 -4.999847e-05 -0.03805158 0.01706434 -4.999847e-05 -0.0307439 0.02225 -4.999847e-05 -0.03145904 0.02318198 -4.999847e-05 -0.03029435 0.02116469 -4.999847e-05 -0.03239102 0.02389711 -4.999847e-05 -0.03014102 0.02 -4.999847e-05 -0.03029435 0.01883531 -4.999847e-05 -0.01593934 0.0265 -4.999847e-05 -0.03347633 0.02434667 -4.999847e-05 -0.01581892 0.02650132 -4.999847e-05 -0.01569855 0.02650527 -4.999847e-05 -0.0307439 0.01775 -4.999847e-05 -0.03145904 0.01681802 -4.999847e-05 -0.03239102 0.01610289 -4.999847e-05 -0.03347633 0.01565333 -4.999847e-05 -0.03464102 0.0155 -4.999847e-05 -0.03604254 0.01572382 -4.999847e-05 -0.03535066 0.01555631 -4.999847e-05 -0.03746697 0.016498 -4.999847e-05 -0.03678991 0.01604623 -4.999847e-05 -0.037823 -0.01681802 -4.999847e-05 -0.03853813 -0.01775 -4.999847e-05 -0.08514548 -0.001699552 -4.999847e-05 -0.03689102 -0.01610289 -4.999847e-05 -0.03898768 -0.01883531 -4.999847e-05 -0.08658524 -0.005402934 -4.999847e-05 -0.08567957 -0.003623473 -4.999847e-05 -0.0358057 -0.01565333 -4.999847e-05 -0.03914102 -0.02 -4.999847e-05 -0.08782638 -0.006967001 -4.999847e-05 -0.03464102 -0.0155 -4.999847e-05 -0.03898768 -0.02116469 -4.999847e-05 -0.08935351 -0.008253308 -4.999847e-05 -0.03347633 -0.01565333 -4.999847e-05 -0.03853813 -0.02225 -4.999847e-05 -0.03239102 -0.01610289 -4.999847e-05 -0.037823 -0.02318198 -4.999847e-05 -0.03145904 -0.01681802 -4.999847e-05 -0.03689102 -0.02389711 -4.999847e-05 -0.0307439 -0.01775 -4.999847e-05 -0.03029435 -0.01883531 -4.999847e-05 -0.03014102 -0.02 -4.999847e-05 -0.03029435 -0.02116469 -4.999847e-05 -0.0307439 -0.02225 -4.999847e-05 -0.03145904 -0.02318198 -4.999847e-05 -0.03239102 -0.02389711 -4.999847e-05 -0.01593934 -0.0265 -4.999847e-05 -0.03347633 -0.02434667 -4.999847e-05 -0.03464102 -0.0245 -4.999847e-05 -0.01581892 -0.02650132 -4.999847e-05 -0.01569855 -0.02650527 -4.999847e-05 -0.0358057 -0.02434667 -4.999847e-05 -0.03464102 -0.0155 0.004950002 -0.03347633 -0.01565333 0.004950002 -0.03239102 -0.01610289 0.004950002 -0.03145904 -0.01681802 0.004950002 -0.0307439 -0.01775 0.004950002 -0.03029435 -0.01883531 0.004950002 -0.03014102 -0.02 0.004950002 -0.03029435 -0.02116469 0.004950002 -0.0307439 -0.02225 0.004950002 -0.03145904 -0.02318198 0.004950002 -0.03239102 -0.02389711 0.004950002 -0.03347633 -0.02434667 0.004950002 -0.03464102 -0.0245 0.004950002 -0.0358057 -0.02434667 0.004950002 -0.03689102 -0.02389711 0.004950002 -0.037823 -0.02318198 0.004950002 -0.03853813 -0.02225 0.004950002 -0.03898768 -0.02116469 0.004950002 -0.03914102 -0.02 0.004950002 -0.03898768 -0.01883531 0.004950002 -0.03853813 -0.01775 0.004950002 -0.037823 -0.01681802 0.004950002 -0.03689102 -0.01610289 0.004950002 -0.0358057 -0.01565333 0.004950002 -0.09500002 0.01 0.004950002 -0.0930491 0.009807853 0.004950002 -0.09117316 0.009238795 0.004950002 -0.08944431 0.008314696 0.004950002 -0.08792893 0.007071068 0.004950002 -0.0866853 0.005555702 0.004950002 -0.08576122 0.003826834 0.004950002 -0.08519215 0.001950903 0.004950002 -0.085 1.801556e-16 0.004950002 -0.08519215 -0.001950903 0.004950002 -0.08576122 -0.003826834 0.004950002 -0.0866853 -0.005555702 0.004950002 -0.08792893 -0.007071068 0.004950002 -0.08944431 -0.008314696 0.004950002 -0.09117316 -0.009238795 0.004950002 -0.0930491 -0.009807853 0.004950002 -0.09500002 -0.01 0.004950002 -0.0969509 -0.009807853 0.004950002 -0.09882684 -0.009238795 0.004950002 -0.1005557 -0.008314696 0.004950002 -0.1020711 -0.007071068 0.004950002 -0.1033147 -0.005555702 0.004950002 -0.1042388 -0.003826834 0.004950002 -0.1048079 -0.001950903 0.004950002 -0.105 2.023601e-16 0.004950002 -0.1048079 0.001950903 0.004950002 -0.1042388 0.003826834 0.004950002 -0.1033147 0.005555702 0.004950002 -0.1020711 0.007071068 0.004950002 -0.1005557 0.008314696 0.004950002 -0.09882684 0.009238795 0.004950002 -0.0969509 0.009807853 0.004950002 -0.03464102 0.0245 0.004950002 -0.03347633 0.02434667 0.004950002 -0.03239102 0.02389711 0.004950002 -0.03145904 0.02318198 0.004950002 -0.0307439 0.02225 0.004950002 -0.03029435 0.02116469 0.004950002 -0.03014102 0.02 0.004950002 -0.03029435 0.01883531 0.004950002 -0.0307439 0.01775 0.004950002 -0.03145904 0.01681802 0.004950002 -0.03239102 0.01610289 0.004950002 -0.03347633 0.01565333 0.004950002 -0.03464102 0.0155 0.004950002 -0.0358057 0.01565333 0.004950002 -0.03689102 0.01610289 0.004950002 -0.037823 0.01681802 0.004950002 -0.03853813 0.01775 0.004950002 -0.03898768 0.01883531 0.004950002 -0.03914102 0.02 0.004950002 -0.03898768 0.02116469 0.004950002 -0.03853813 0.02225 0.004950002 -0.037823 0.02318198 0.004950002 -0.03689102 0.02389711 0.004950002 -0.0358057 0.02434667 0.004950002 -0.01442316 0.02723542 0.0004500015 -0.01517216 0.02705921 0.0004500015 -0.01593934 0.027 0.0004500015 -0.01517216 0.02705921 0.004450002 -0.01593934 0.027 0.004450002 -0.01442316 0.02723542 0.004450002 -0.1077775 0.027 0.0004500015 -0.1077775 0.027 0.004450002 -0.01593934 0.0265 0.004950002 -0.01581892 0.02650132 0.004950002 -0.01569855 0.02650527 0.004950002 -0.1077775 0.0265 0.004950002 -0.1106236 -0.02548569 0.004950002 -0.1118687 -0.02387427 0.004950002 -0.1113385 -0.02475133 0.004950002 -0.1097611 -0.02603924 0.004950002 -0.1077775 -0.0265 0.004950002 -0.1121866 -0.0229 0.004950002 -0.1087957 -0.0263833 0.004950002 -0.1133178 -0.01641148 0.004950002 -0.10735 -0.01271603 0.004950002 -0.1075571 -0.01255711 0.004950002 -0.107716 -0.01235 0.004950002 -0.1071088 -0.01281593 0.004950002 -0.1078159 -0.01210882 0.004950002 -0.1140739 -0.009868663 0.004950002 -0.10685 -0.01285 0.004950002 -0.10785 -0.01185 0.004950002 -0.1144526 -0.003293186 0.004950002 -0.08315 -0.01285 0.004950002 -0.1144526 0.003293186 0.004950002 -0.10785 0.01185 0.004950002 -0.1140739 0.009868663 0.004950002 -0.1078159 0.01210882 0.004950002 -0.1133178 0.01641148 0.004950002 -0.08289118 -0.01281593 0.004950002 -0.107716 0.01235 0.004950002 -0.1075571 0.01255711 0.004950002 -0.10735 0.01271603 0.004950002 -0.1071088 0.01281593 0.004950002 -0.10685 0.01285 0.004950002 -0.1121866 0.0229 0.004950002 -0.1113385 0.02475133 0.004950002 -0.1118687 0.02387427 0.004950002 -0.1106236 0.02548569 0.004950002 -0.1087957 0.0263833 0.004950002 -0.1097611 0.02603924 0.004950002 -0.08315 0.01285 0.004950002 -0.08289118 0.01281593 0.004950002 -0.08265002 -0.01271603 0.004950002 -0.08244289 -0.01255711 0.004950002 -0.08228397 -0.01235 0.004950002 -0.08218407 -0.01210882 0.004950002 -0.08214999 -0.01185 0.004950002 -0.08214999 0.01185 0.004950002 -0.01593934 -0.0265 0.004950002 -0.01581892 -0.02650132 0.004950002 -0.01569855 -0.02650527 0.004950002 -0.08218407 0.01210882 0.004950002 -0.08228397 0.01235 0.004950002 -0.08244289 0.01255711 0.004950002 -0.08265002 0.01271603 0.004950002 -0.01593934 -0.027 0.0004500015 -0.01517216 -0.02705921 0.0004500015 -0.01442316 -0.02723542 0.0004500015 -0.01442316 -0.02723542 0.004450002 -0.01517216 -0.02705921 0.004450002 -0.01593934 -0.027 0.004450002 -0.1077775 -0.027 0.004450002 -0.1077775 -0.027 0.0004500015 0.02449604 0.01046481 0.01432423 0.02454682 0.01022978 0.01434996 0.02436411 0.01078501 0.01432034 0.02317767 0.01767767 0.01287394 0.02314801 0.01824798 0.0126857 0.02305434 0.01883587 0.01251542 0.02301665 0.01635659 0.01340113 0.02281748 0.01963526 0.01232364 0.02267932 0.01538972 0.01387954 0.02235167 0.02057669 0.01216311 0.02168195 0.02144778 0.01209562 0.02160449 0.01382668 0.01489439 0.02229477 0.01152983 0.01521222 0.0225775 0.01161547 0.01504448 0.02287998 0.01164966 0.01488002 0.02084612 0.02217336 0.01213253 0.02091352 0.0132294 0.01541608 0.02179964 0.01121786 0.01554884 0.02203446 0.01139669 0.01538102 0.01980879 0.02274809 0.01228836 0.0198622 0.01263011 0.01611398 0.02159479 0.01099282 0.01571332 0.01850852 0.02311451 0.01260727 0.01728301 0.007892885 0.01873387 0.02158488 0.009021286 0.01619682 0.02140789 0.009323613 0.01622233 0.01714512 0.02315183 0.0130706 0.0158055 0.02284912 0.01366298 0.01598382 0.01027218 0.01873387 0.01851997 0.01224257 0.01688596 0.01714552 0.01220345 0.01755317 0.01580708 0.01250554 0.01806662 0.01435924 0.01244235 0.01873387 0.01469684 0.01305548 0.01835389 0.01380915 0.0137681 0.01844514 0.01244235 0.01435924 0.01873387 0.01314928 0.01455618 0.01837824 0.0127232 0.01528952 0.01821949 0.01243945 0.01600105 0.01800205 0.01027218 0.01598382 0.01873387 0.01223827 0.01686315 0.01767382 0.01217767 0.01767767 0.01731003 -0.01726099 0.02316186 0.01302606 -0.01853449 0.02311054 0.01259967 -0.01604463 0.02292966 0.01354597 -0.01978858 0.02275646 0.01229237 -0.02084279 0.02217576 0.01213285 -0.02166836 0.02146239 0.01209527 -0.02233368 0.0206054 0.01215952 -0.022816 0.01963929 0.01232277 -0.02308808 0.01866627 0.01256205 -0.02317767 0.01767767 0.01287394 -0.02312713 0.01693388 0.0131544 -0.02298628 0.01623921 0.01345462 -0.01234828 0.01631818 0.0178888 -0.01027218 0.01598382 0.01873387 -0.01217767 0.01767767 0.01731003 -0.01244235 0.01435924 0.01873387 -0.01280501 0.01512657 0.01826118 -0.01339927 0.01422152 0.01842238 -0.01413226 0.01347289 0.01843055 -0.0227517 0.01164215 0.01494796 -0.02134997 0.0135833 0.01509385 -0.02203559 0.01432222 0.01453016 -0.02309491 0.01164012 0.01477182 -0.02242364 0.01157599 0.01513389 -0.02445834 0.01057776 0.01431846 -0.02430253 0.0108895 0.01432827 -0.02211672 0.0114451 0.015326 -0.02055635 0.01299113 0.0156639 -0.02453659 0.01029177 0.0143416 -0.02183892 0.01125253 0.01551952 -0.02160476 0.01100553 0.01570487 -0.01966781 0.0125504 0.01623337 -0.01435924 0.01244235 0.01873387 -0.01495773 0.01289729 0.01830069 -0.01579712 0.01250915 0.01806984 -0.01598382 0.01027218 0.01873387 -0.01660411 0.01228343 0.01777905 -0.01762559 0.01217793 0.0173347 -0.01728301 0.007892885 0.01873387 -0.02140791 0.009323565 0.01622233 -0.02155866 0.009057372 0.01620276 0.02650297 0.004197658 0.01421129 0.02552002 0.008291956 0.01421129 0.02456288 0.01 0.01439193 0.02353492 0.008471749 0.01526211 0.02388418 0.008666197 0.01503431 0.02418125 0.008944635 0.01481797 0.02440606 0.009297976 0.01462475 0.02452172 0.009633739 0.01449252 0.02263453 0.003584956 0.01647258 0.01880661 0.002703982 0.01873387 0.019 -5.545677e-18 0.01873387 0.01823037 0.005352919 0.01873387 0.02319271 0.008373962 0.01546713 0.02390867 0.01218208 0.01421129 0.02220001 0.01454601 0.01438004 0.02319943 0.01162482 0.01472186 0.02353117 0.01152975 0.01457462 0.02386545 0.01134728 0.01444661 0.02414986 0.011092 0.01436025 0.02179505 0.007081639 0.01647258 0.02173347 0.008846217 0.01615607 0.02190207 0.00869591 0.01609813 0.02211991 0.008553167 0.01601111 0.02238191 0.008437768 0.01589355 0.02265172 0.008370796 0.01576113 0.02292465 0.008350056 0.01561732 0.0204189 0.01040395 0.01647258 0.02126288 0.01 0.01613751 0.0213093 0.01038952 0.01601619 0.02142738 0.0107183 0.01587101 0.02129877 0.009657736 0.01620155 0.01218208 0.02390867 0.01421129 0.01356778 0.02133264 0.01510711 0.01456101 0.02220942 0.01437075 0.008291956 0.02552002 0.01421129 0.01040395 0.0204189 0.01647258 0.007892885 0.01728301 0.01873387 0.01235143 0.01904943 0.01659578 0.01282702 0.02027028 0.01585413 0.004197658 0.02650297 0.01421129 0.007081639 0.02179505 0.01647258 0.005352919 0.01823037 0.01873387 9.374927e-18 0.02683333 0.01421129 0.003584956 0.02263453 0.01647258 0.002703982 0.01880661 0.01873387 -0.004197658 0.02650297 0.01421129 7.04384e-18 0.02291667 0.01647258 2.102155e-17 0.019 0.01873387 -0.002703982 0.01880661 0.01873387 -0.008291956 0.02552002 0.01421129 -0.003584956 0.02263453 0.01647258 -0.005352919 0.01823037 0.01873387 -0.01218208 0.02390867 0.01421129 -0.01377343 0.02155153 0.01493672 -0.01288587 0.02037736 0.01578373 -0.01482829 0.02238209 0.0142026 -0.007081639 0.02179505 0.01647258 -0.007892885 0.01728301 0.01873387 -0.01040395 0.0204189 0.01647258 -0.0123618 0.01908908 0.01657332 -0.02390867 0.01218208 0.01421129 -0.02259165 0.01520747 0.0139804 -0.02343729 0.01156445 0.01461442 -0.02376623 0.0114122 0.01448214 -0.02406138 0.01118468 0.01438418 -0.02552002 0.008291956 0.01421129 -0.02359029 0.008495469 0.0152274 -0.02384114 0.008635879 0.01506364 -0.02406948 0.008823232 0.01490275 -0.02426891 0.009059958 0.01474733 -0.02442946 0.009350012 0.01460141 -0.02452599 0.009653032 0.01448615 -0.02456288 0.01 0.01439193 -0.0204189 0.01040395 0.01647258 -0.01869099 0.01227177 0.01679423 -0.02126288 0.01 0.01613751 -0.02130116 0.009646652 0.01620294 -0.02130486 0.01036939 0.01602359 -0.0214227 0.01070841 0.01587599 -0.02650297 0.004197658 0.01421129 -0.02332118 0.008401316 0.01539199 -0.02179505 0.007081639 0.01647258 -0.01823037 0.005352919 0.01873387 -0.02174364 0.008835773 0.01615291 -0.02194572 0.008663251 0.01608165 -0.02215409 0.008534809 0.0159965 -0.0224325 0.008421494 0.01586953 -0.02273978 0.008359097 0.01571576 -0.02303686 0.008354675 0.01555552 -0.02263453 0.003584956 0.01647258 -0.019 9.545676e-18 0.01873387 -0.01880661 0.002703982 0.01873387 -0.02448117 -0.01051212 0.01432136 -0.02454316 -0.01025214 0.01434695 -0.02433801 -0.01083143 0.01432325 -0.02317767 -0.01767767 0.01287394 -0.0230206 -0.0189826 0.01247673 -0.02301227 -0.01633886 0.01340912 -0.02260254 -0.0201264 0.01223024 -0.02200789 -0.02106877 0.01211337 -0.02193417 -0.01419446 0.01461942 -0.02262412 -0.01162447 0.01501816 -0.0230472 -0.01164442 0.01479529 -0.02123335 -0.02187364 0.01210322 -0.02113251 -0.01339813 0.01525715 -0.02192982 -0.01132507 0.01545368 -0.02223742 -0.01150541 0.0152481 -0.02031122 -0.02250618 0.01220044 -0.02019903 -0.01278964 0.01590043 -0.02154756 -0.01092622 0.01575505 -0.0217252 -0.01114539 0.01560619 -0.01929382 -0.02293488 0.01239976 -0.01823446 -0.02314939 0.0126899 -0.01728301 -0.007892885 0.01873387 -0.021517 -0.009120173 0.01621082 -0.02136373 -0.009432014 0.01622055 -0.01717351 -0.02315452 0.01305959 -0.01615742 -0.02296339 0.01349262 -0.01598382 -0.01027218 0.01873387 -0.01809596 -0.01219359 0.01710527 -0.01697171 -0.01222316 0.01762813 -0.01575113 -0.01252612 0.01808455 -0.01435924 -0.01244235 0.01873387 -0.01471998 -0.01304062 0.01834958 -0.01389143 -0.01368839 0.0184438 -0.01244235 -0.01435924 0.01873387 -0.0132855 -0.01436724 0.0184057 -0.01284845 -0.01504543 0.01828062 -0.01253591 -0.01572509 0.01809279 -0.01027218 -0.01598382 0.01873387 -0.01217767 -0.01767767 0.01731003 -0.01220995 -0.01827318 0.01701506 -0.01228376 -0.01660263 0.01777962 -0.01220302 -0.01715007 0.01755117 -0.02650297 -0.004197658 0.01421129 -0.02552002 -0.008291956 0.01421129 -0.02357719 -0.008489637 0.01523565 -0.02456288 -0.01 0.01439193 -0.02452279 -0.009638482 0.01449094 -0.02441891 -0.009325955 0.01461206 -0.02427014 -0.009061735 0.0147463 -0.02408866 -0.0088424 0.01488853 -0.0238823 -0.008664824 0.0150356 -0.02263453 -0.003584956 0.01647258 -0.01880661 -0.002703982 0.01873387 -0.01823037 -0.005352919 0.01873387 -0.02320182 -0.008375537 0.01546187 -0.02390867 -0.01218208 0.01421129 -0.02345191 -0.01155947 0.01460812 -0.02382375 -0.01137582 0.01446125 -0.02411192 -0.01113351 0.01437012 -0.02257601 -0.01517674 0.01399779 -0.02179505 -0.007081639 0.01647258 -0.0227997 -0.008353815 0.01568434 -0.02237733 -0.008439329 0.0158957 -0.02202799 -0.008607368 0.01604923 -0.02174439 -0.008835082 0.01615266 -0.0204189 -0.01040395 0.01647258 -0.02126288 -0.01 0.01613751 -0.02130231 -0.01035756 0.01602791 -0.02140292 -0.01066523 0.01589734 -0.0212868 -0.009720193 0.01619291 -0.01914923 -0.0123782 0.01653901 -0.01218208 -0.02390867 0.01421129 -0.01521559 -0.02259582 0.01397578 -0.0143704 -0.02207221 0.01449727 -0.01364537 -0.02141807 0.01504144 -0.01304934 -0.02064895 0.01560075 -0.008291956 -0.02552002 0.01421129 -0.01040395 -0.0204189 0.01647258 -0.007892885 -0.01728301 0.01873387 -0.01260019 -0.01979173 0.01615758 -0.01230597 -0.01885867 0.01670241 -0.004197658 -0.02650297 0.01421129 -0.007081639 -0.02179505 0.01647258 -0.005352919 -0.01823037 0.01873387 -0.003584956 -0.02263453 0.01647258 -9.705431e-18 -0.019 0.01873387 -0.002703982 -0.01880661 0.01873387 0.01826252 -0.02314649 0.01268119 0.01697229 -0.02313229 0.01313889 0.01954812 -0.02284983 0.01234222 0.01576313 -0.02283369 0.01368422 0.02063935 -0.02231216 0.01215535 0.02150986 -0.02162286 0.0120946 0.02222195 -0.02077595 0.01213978 0.02274838 -0.01980789 0.01228857 0.02306808 -0.01877014 0.01253325 0.02315056 -0.01822379 0.01269319 0.02317767 -0.01767767 0.01287394 0.02309756 -0.01674237 0.0132333 0.02287881 -0.01588945 0.01362129 0.01235455 -0.01629404 0.01789772 0.01027218 -0.01598382 0.01873387 0.01217767 -0.01767767 0.01731003 0.01276533 -0.0152044 0.01824159 0.01244235 -0.01435924 0.01873387 0.01335027 -0.01428301 0.01841585 0.01406519 -0.01353038 0.01843556 0.02276482 -0.01164336 0.0149409 0.021177 -0.01343442 0.01522424 0.02186892 -0.01411641 0.01467552 0.02311048 -0.01163835 0.01476426 0.02243168 -0.01157838 0.01512913 0.02446904 -0.01054815 0.01431957 0.02431803 -0.01086477 0.01432594 0.02212098 -0.01144759 0.01532316 0.02453922 -0.01027665 0.01434356 0.02184308 -0.01125626 0.0155164 0.0203868 -0.01289128 0.01577745 0.02160677 -0.01100833 0.0157031 0.01435924 -0.01244235 0.01873387 0.01488614 -0.01293875 0.01831627 0.01570951 -0.01254185 0.01809768 0.01598382 -0.01027218 0.01873387 0.01650378 -0.0123044 0.01781833 0.01750563 -0.01218029 0.01739084 0.01854907 -0.01224725 0.01687045 0.01728301 -0.007892885 0.01873387 0.02141349 -0.009311274 0.0162222 0.02157001 -0.009041245 0.01620031 0.004197658 -0.02650297 0.01421129 0.008291956 -0.02552002 0.01421129 0.003584956 -0.02263453 0.01647258 0.002703982 -0.01880661 0.01873387 0.005352919 -0.01823037 0.01873387 0.01218208 -0.02390867 0.01421129 0.01467223 -0.02228395 0.01429953 0.01365594 -0.02142942 0.01503264 0.007081639 -0.02179505 0.01647258 0.007892885 -0.01728301 0.01873387 0.01040395 -0.0204189 0.01647258 0.01235791 -0.01907434 0.01658168 0.01287252 -0.02035356 0.01579946 0.02390867 -0.01218208 0.01421129 0.02244542 -0.01493559 0.01413787 0.02345589 -0.01155809 0.01460641 0.02378461 -0.01140092 0.01447538 0.02408003 -0.01116633 0.01437887 0.02552002 -0.008291956 0.01421129 0.02364172 -0.008519718 0.01519471 0.02389375 -0.008673308 0.01502772 0.02412105 -0.008876265 0.01486424 0.02431598 -0.009131764 0.01470734 0.02446646 -0.009444366 0.01456192 0.02453684 -0.009708832 0.0144685 0.02456288 -0.01 0.01439193 0.0204189 -0.01040395 0.01647258 0.01950931 -0.01249157 0.01632876 0.02126288 -0.01 0.01613751 0.02130236 -0.009641205 0.0162036 0.02130501 -0.0103705 0.01602324 0.02142365 -0.01071045 0.01587497 0.02650297 -0.004197658 0.01421129 0.02336978 -0.008414625 0.01536299 0.02179505 -0.007081639 0.01647258 0.01823037 -0.005352919 0.01873387 0.02176104 -0.008818604 0.01614734 0.02196866 -0.008646927 0.01607278 0.02218203 -0.008520671 0.01598439 0.02246635 -0.008411597 0.01585323 0.02277946 -0.008355392 0.015695 0.02308149 -0.00835867 0.01553051 0.02263453 -0.003584956 0.01647258 0.01880661 -0.002703982 0.01873387 -0.01880661 -0.002703982 0.02235 -0.019 9.545676e-18 0.02235 -0.01823037 -0.005352919 0.02235 -0.01728301 -0.007892885 0.02235 -0.01598382 -0.01027218 0.02235 -0.01435924 -0.01244235 0.02235 -0.01244235 -0.01435924 0.02235 -0.01027218 -0.01598382 0.02235 -0.007892885 -0.01728301 0.02235 -0.005352919 -0.01823037 0.02235 -0.002703982 -0.01880661 0.02235 -1.862064e-17 -0.019 0.02235 0.002703982 -0.01880661 0.02235 0.005352919 -0.01823037 0.02235 0.007892885 -0.01728301 0.02235 0.01027218 -0.01598382 0.02235 0.01244235 -0.01435924 0.02235 0.01435924 -0.01244235 0.02235 0.01598382 -0.01027218 0.02235 0.01728301 -0.007892885 0.02235 0.01823037 -0.005352919 0.02235 0.01880661 -0.002703982 0.02235 0.019 -5.545677e-18 0.02235 0.01880661 0.002703982 0.02235 0.01823037 0.005352919 0.02235 0.01728301 0.007892885 0.02235 0.01598382 0.01027218 0.02235 0.01435924 0.01244235 0.02235 0.01244235 0.01435924 0.02235 0.01027218 0.01598382 0.02235 0.007892885 0.01728301 0.02235 0.005352919 0.01823037 0.02235 0.002703982 0.01880661 0.02235 2.021861e-17 0.019 0.02235 -0.002703982 0.01880661 0.02235 -0.005352919 0.01823037 0.02235 -0.007892885 0.01728301 0.02235 -0.01027218 0.01598382 0.02235 -0.01244235 0.01435924 0.02235 -0.01435924 0.01244235 0.02235 -0.01598382 0.01027218 0.02235 -0.01728301 0.007892885 0.02235 -0.01823037 0.005352919 0.02235 -0.01880661 0.002703982 0.02235 0.01428367 0.01237687 0.02235 0.01237687 0.01428367 0.02235 0.01021811 0.01589969 0.02235 0.01589969 0.01021811 0.02235 0.007851344 0.01719205 0.02235 0.01719205 0.007851344 0.02235 0.005324745 0.01813442 0.02235 0.01813442 0.005324745 0.02235 0.00268975 0.01870762 0.02235 0.01870762 0.00268975 0.02235 2.007698e-17 0.0189 0.02235 0.0189 -5.511226e-18 0.02235 -0.00268975 0.01870762 0.02235 0.01870762 -0.00268975 0.02235 -0.005324745 0.01813442 0.02235 0.01813442 -0.005324745 0.02235 -0.007851344 0.01719205 0.02235 0.01719205 -0.007851344 0.02235 -0.01021811 0.01589969 0.02235 0.01589969 -0.01021811 0.02235 -0.01237687 0.01428367 0.02235 0.01428367 -0.01237687 0.02235 -0.01428367 0.01237687 0.02235 0.01237687 -0.01428367 0.02235 -0.01589969 0.01021811 0.02235 0.01021811 -0.01589969 0.02235 -0.01719205 0.007851344 0.02235 0.007851344 -0.01719205 0.02235 -0.01813442 0.005324745 0.02235 0.005324745 -0.01813442 0.02235 -0.01870762 0.00268975 0.02235 0.00268975 -0.01870762 0.02235 -0.0189 9.511225e-18 0.02235 -1.855785e-17 -0.0189 0.02235 -0.01870762 -0.00268975 0.02235 -0.00268975 -0.01870762 0.02235 -0.005324745 -0.01813442 0.02235 -0.01813442 -0.005324745 0.02235 -0.01719205 -0.007851344 0.02235 -0.007851344 -0.01719205 0.02235 -0.01021811 -0.01589969 0.02235 -0.01589969 -0.01021811 0.02235 -0.01237687 -0.01428367 0.02235 -0.01428367 -0.01237687 0.02235 -0.02317767 -0.01767767 0.01155 -0.02299025 -0.01910122 0.01155 -0.02244079 -0.0204277 0.01155 -0.02156674 -0.02156678 0.01155 -0.02042765 -0.02244082 0.01155 -0.01910116 -0.02299026 0.01155 -0.01767767 -0.02317767 0.01155 -0.01625418 -0.02299026 0.01155 -0.01492769 -0.02244082 0.01155 -0.0137886 -0.02156678 0.01155 -0.01291455 -0.0204277 0.01155 -0.01236509 -0.01910122 0.01155 -0.01217767 -0.01767773 0.01155 -0.02299025 -0.01625418 0.01155 -0.02244079 -0.0149277 0.01155 -0.02156674 -0.01378862 0.01155 -0.02042765 -0.01291458 0.01155 -0.01910116 -0.01236514 0.01155 -0.01767767 -0.01217773 0.01155 -0.01625418 -0.01236514 0.01155 -0.01492769 -0.01291458 0.01155 -0.0137886 -0.01378862 0.01155 -0.01291455 -0.0149277 0.01155 -0.01236509 -0.01625418 0.01155 -0.01932767 -0.01481979 0.01155 -0.02001112 -0.01534422 0.01155 -0.01853177 -0.01449011 0.01155 -0.02053555 -0.01602767 0.01155 -0.01767767 -0.01437767 0.01155 -0.02086522 -0.01682357 0.01155 -0.01682357 -0.01449011 0.01155 -0.02097767 -0.01767767 0.01155 -0.01602767 -0.01481979 0.01155 -0.02086522 -0.01853177 0.01155 -0.01534422 -0.01534422 0.01155 -0.02053555 -0.01932767 0.01155 -0.01481979 -0.01602767 0.01155 -0.02001112 -0.02001112 0.01155 -0.01449011 -0.01682357 0.01155 -0.01932767 -0.02053555 0.01155 -0.01437767 -0.01767767 0.01155 -0.01853177 -0.02086522 0.01155 -0.01449011 -0.01853177 0.01155 -0.01767767 -0.02097767 0.01155 -0.01481979 -0.01932767 0.01155 -0.01534422 -0.02001112 0.01155 -0.01682357 -0.02086522 0.01155 -0.01602767 -0.02053555 0.01155 -0.02126288 -0.01 0.0102 -0.0213191 -0.01042705 0.0102 -0.02148394 -0.010825 0.0102 -0.02174615 -0.01116673 0.0102 -0.02208788 -0.01142894 0.0102 -0.02248583 -0.01159378 0.0102 -0.02291288 -0.01165 0.0102 -0.02333993 -0.01159378 0.0102 -0.02373788 -0.01142894 0.0102 -0.02407961 -0.01116673 0.0102 -0.02434182 -0.010825 0.0102 -0.02450666 -0.01042705 0.0102 -0.02456288 -0.01 0.0102 -0.02450666 -0.009572948 0.0102 -0.02434182 -0.009175 0.0102 -0.02407961 -0.008833273 0.0102 -0.02373788 -0.008571056 0.0102 -0.02333993 -0.008406221 0.0102 -0.02291288 -0.008349998 0.0102 -0.02248583 -0.008406221 0.0102 -0.02208788 -0.008571056 0.0102 -0.02174615 -0.008833273 0.0102 -0.02148394 -0.009175 0.0102 -0.0213191 -0.009572948 0.0102 -0.02210788 -0.0086057 0.01024 -0.02151858 -0.009195 0.01024 -0.02177444 -0.008861558 0.01024 -0.02291288 -0.00839 0.01024 -0.02249618 -0.00844486 0.01024 -0.02177444 -0.01113844 0.01024 -0.02135774 -0.0104167 0.01024 -0.02130288 -0.01 0.01024 -0.02151858 -0.010805 0.01024 -0.02135774 -0.009583302 0.01024 -0.02430718 -0.009195 0.01024 -0.02371788 -0.0086057 0.01024 -0.02405132 -0.008861558 0.01024 -0.02332958 -0.00844486 0.01024 -0.02210788 -0.0113943 0.01024 -0.02446802 -0.0104167 0.01024 -0.02446802 -0.009583302 0.01024 -0.02452288 -0.01 0.01024 -0.02405132 -0.01113844 0.01024 -0.02249618 -0.01155514 0.01024 -0.02291288 -0.01161 0.01024 -0.02332958 -0.01155514 0.01024 -0.02371788 -0.0113943 0.01024 -0.02430718 -0.010805 0.01024 -0.02126288 0.01 0.0102 -0.0213191 0.009572948 0.0102 -0.02148394 0.009175 0.0102 -0.02174615 0.008833273 0.0102 -0.02208788 0.008571056 0.0102 -0.02248583 0.008406221 0.0102 -0.02291288 0.008349998 0.0102 -0.02333993 0.008406221 0.0102 -0.02373788 0.008571056 0.0102 -0.02407961 0.008833273 0.0102 -0.02434182 0.009175 0.0102 -0.02450666 0.009572948 0.0102 -0.02456288 0.01 0.0102 -0.02450666 0.01042705 0.0102 -0.02434182 0.010825 0.0102 -0.02407961 0.01116673 0.0102 -0.02373788 0.01142894 0.0102 -0.02333993 0.01159378 0.0102 -0.02291288 0.01165 0.0102 -0.02248583 0.01159378 0.0102 -0.02208788 0.01142894 0.0102 -0.02174615 0.01116673 0.0102 -0.02148394 0.010825 0.0102 -0.0213191 0.01042705 0.0102 -0.02210788 0.0113943 0.01024 -0.02151858 0.010805 0.01024 -0.02177444 0.01113844 0.01024 -0.02291288 0.01161 0.01024 -0.02249618 0.01155514 0.01024 -0.02177444 0.008861558 0.01024 -0.02135774 0.009583302 0.01024 -0.02130288 0.01 0.01024 -0.02151858 0.009195 0.01024 -0.02135774 0.0104167 0.01024 -0.02430718 0.010805 0.01024 -0.02371788 0.0113943 0.01024 -0.02405132 0.01113844 0.01024 -0.02332958 0.01155514 0.01024 -0.02210788 0.0086057 0.01024 -0.02446802 0.009583302 0.01024 -0.02446802 0.0104167 0.01024 -0.02452288 0.01 0.01024 -0.02405132 0.008861558 0.01024 -0.02249618 0.00844486 0.01024 -0.02291288 0.00839 0.01024 -0.02332958 0.00844486 0.01024 -0.02371788 0.0086057 0.01024 -0.02430718 0.009195 0.01024 -0.01217773 0.01767767 0.01155 -0.01236514 0.01625417 0.01155 -0.01291459 0.01492767 0.01155 -0.01378864 0.01378858 0.01155 -0.01492773 0.01291453 0.01155 -0.01625422 0.01236508 0.01155 -0.01767773 0.01217767 0.01155 -0.01910123 0.01236508 0.01155 -0.02042773 0.01291453 0.01155 -0.02156682 0.01378858 0.01155 -0.02244087 0.01492767 0.01155 -0.02299032 0.01625417 0.01155 -0.02317773 0.01767767 0.01155 -0.01236508 0.01910117 0.01155 -0.01291453 0.02042767 0.01155 -0.01378858 0.02156676 0.01155 -0.01492767 0.02244081 0.01155 -0.01625417 0.02299026 0.01155 -0.01767767 0.02317767 0.01155 -0.01910117 0.02299026 0.01155 -0.02042767 0.02244081 0.01155 -0.02156676 0.02156676 0.01155 -0.02244081 0.02042767 0.01155 -0.02299026 0.01910117 0.01155 -0.02001112 0.02001112 0.01155 -0.01932767 0.02053555 0.01155 -0.02053555 0.01932767 0.01155 -0.01853177 0.02086522 0.01155 -0.02086522 0.01853177 0.01155 -0.01767767 0.02097767 0.01155 -0.02097767 0.01767767 0.01155 -0.01682357 0.02086522 0.01155 -0.02086522 0.01682357 0.01155 -0.01602767 0.02053555 0.01155 -0.02053555 0.01602767 0.01155 -0.01534422 0.02001112 0.01155 -0.02001112 0.01534422 0.01155 -0.01481979 0.01932767 0.01155 -0.01932767 0.01481979 0.01155 -0.01449011 0.01853177 0.01155 -0.01853177 0.01449011 0.01155 -0.01437767 0.01767767 0.01155 -0.01449011 0.01682357 0.01155 -0.01767767 0.01437767 0.01155 -0.01481979 0.01602767 0.01155 -0.01682357 0.01449011 0.01155 -0.01534422 0.01534422 0.01155 -0.01602767 0.01481979 0.01155 0.02317767 0.01767773 0.01155 0.02299025 0.01625418 0.01155 0.02244079 0.0149277 0.01155 0.02156674 0.01378862 0.01155 0.02042765 0.01291458 0.01155 0.01910116 0.01236514 0.01155 0.01767767 0.01217773 0.01155 0.01625418 0.01236514 0.01155 0.01492769 0.01291458 0.01155 0.0137886 0.01378862 0.01155 0.01291455 0.0149277 0.01155 0.01236509 0.01625418 0.01155 0.01217767 0.01767767 0.01155 0.01602767 0.02053555 0.01155 0.01492767 0.02244087 0.01155 0.01378858 0.02156682 0.01155 0.01534422 0.02001112 0.01155 0.01291453 0.02042773 0.01155 0.01682357 0.02086522 0.01155 0.01625417 0.02299032 0.01155 0.01481979 0.01932767 0.01155 0.01236508 0.01910123 0.01155 0.01767767 0.02097767 0.01155 0.01910117 0.02299032 0.01155 0.01767767 0.02317773 0.01155 0.01449011 0.01853177 0.01155 0.01853177 0.02086522 0.01155 0.02042767 0.02244087 0.01155 0.01437767 0.01767767 0.01155 0.01932767 0.02053555 0.01155 0.01449011 0.01682357 0.01155 0.02156676 0.02156682 0.01155 0.02001112 0.02001112 0.01155 0.01481979 0.01602767 0.01155 0.02244081 0.02042773 0.01155 0.02053555 0.01932767 0.01155 0.01534422 0.01534422 0.01155 0.02299026 0.01910123 0.01155 0.02086522 0.01853177 0.01155 0.01602767 0.01481979 0.01155 0.02097767 0.01767767 0.01155 0.01682357 0.01449011 0.01155 0.02086522 0.01682357 0.01155 0.01767767 0.01437767 0.01155 0.01853177 0.01449011 0.01155 0.02053555 0.01602767 0.01155 0.01932767 0.01481979 0.01155 0.02001112 0.01534422 0.01155 0.02456288 -0.01 0.0102 0.02450666 -0.01042705 0.0102 0.02434182 -0.010825 0.0102 0.02407961 -0.01116673 0.0102 0.02373788 -0.01142894 0.0102 0.02333993 -0.01159378 0.0102 0.02291288 -0.01165 0.0102 0.02248583 -0.01159378 0.0102 0.02208788 -0.01142894 0.0102 0.02174615 -0.01116673 0.0102 0.02148394 -0.010825 0.0102 0.0213191 -0.01042705 0.0102 0.02126288 -0.01 0.0102 0.0213191 -0.009572948 0.0102 0.02148394 -0.009175 0.0102 0.02174615 -0.008833273 0.0102 0.02208788 -0.008571056 0.0102 0.02248583 -0.008406221 0.0102 0.02291288 -0.008349998 0.0102 0.02333993 -0.008406221 0.0102 0.02373788 -0.008571056 0.0102 0.02407961 -0.008833273 0.0102 0.02434182 -0.009175 0.0102 0.02450666 -0.009572948 0.0102 0.02371788 -0.0086057 0.01024 0.02430718 -0.009195 0.01024 0.02405132 -0.008861558 0.01024 0.02291288 -0.00839 0.01024 0.02332958 -0.00844486 0.01024 0.02405132 -0.01113844 0.01024 0.02446802 -0.0104167 0.01024 0.02452288 -0.01 0.01024 0.02430718 -0.010805 0.01024 0.02446802 -0.009583302 0.01024 0.02151858 -0.009195 0.01024 0.02210788 -0.0086057 0.01024 0.02177444 -0.008861558 0.01024 0.02249618 -0.00844486 0.01024 0.02371788 -0.0113943 0.01024 0.02135774 -0.0104167 0.01024 0.02135774 -0.009583302 0.01024 0.02130288 -0.01 0.01024 0.02177444 -0.01113844 0.01024 0.02332958 -0.01155514 0.01024 0.02291288 -0.01161 0.01024 0.02249618 -0.01155514 0.01024 0.02210788 -0.0113943 0.01024 0.02151858 -0.010805 0.01024 0.01909971 -0.01235925 0.01155 0.0204262 -0.0129087 0.01155 0.02156529 -0.01378275 0.01155 0.02243934 -0.01492184 0.01155 0.02298879 -0.01624833 0.01155 0.0231762 -0.01767184 0.01155 0.01275876 -0.01521673 0.01657453 0.01259001 -0.01558451 0.01485125 0.01337689 -0.01425574 0.01499322 0.01457034 -0.01315117 0.01722081 0.01404084 -0.01356287 0.01670742 0.01291306 -0.01492184 0.01155 0.0127299 -0.01527082 0.01322716 0.01236361 -0.01624833 0.01155 0.01442039 -0.01326091 0.01666653 0.01463572 -0.01311901 0.01491487 0.0149262 -0.0129087 0.01155 0.01416936 -0.01345533 0.01324998 0.01378712 -0.01378275 0.01155 0.01227568 -0.01664062 0.01621059 0.01227478 -0.01663856 0.01310353 0.0121762 -0.01767184 0.01155 0.01331324 -0.01433484 0.01670266 0.01335074 -0.01428525 0.01327277 0.0162009 -0.01239605 0.01681237 0.01605074 -0.0124459 0.01630333 0.0176762 -0.01217184 0.01155 0.0161267 -0.01242978 0.01464855 0.0162527 -0.01235925 0.01155 0.01510471 -0.01284179 0.01400402 0.01736885 -0.01220659 0.01588004 0.01848855 -0.01224759 0.01617428 0.01217767 -0.01767767 0.01155 0.01236508 -0.01910117 0.01155 0.01291453 -0.02042767 0.01155 0.01378858 -0.02156676 0.01155 0.01492767 -0.02244081 0.01155 0.01625417 -0.02299026 0.01155 0.01767767 -0.02317767 0.01155 0.01910117 -0.02299026 0.01155 0.02042767 -0.02244081 0.01155 0.02156676 -0.02156676 0.01155 0.02244081 -0.02042767 0.01155 0.02299026 -0.01910117 0.01155 0.02317767 -0.01767767 0.01155 0.02456288 0.01 0.0102 0.02450666 0.009572948 0.0102 0.02434182 0.009175 0.0102 0.02407961 0.008833273 0.0102 0.02373788 0.008571056 0.0102 0.02333993 0.008406221 0.0102 0.02291288 0.008349998 0.0102 0.02248583 0.008406221 0.0102 0.02208788 0.008571056 0.0102 0.02174615 0.008833273 0.0102 0.02148394 0.009175 0.0102 0.0213191 0.009572948 0.0102 0.02126288 0.01 0.0102 0.0213191 0.01042705 0.0102 0.02148394 0.010825 0.0102 0.02174615 0.01116673 0.0102 0.02208788 0.01142894 0.0102 0.02248583 0.01159378 0.0102 0.02291288 0.01165 0.0102 0.02333993 0.01159378 0.0102 0.02373788 0.01142894 0.0102 0.02407961 0.01116673 0.0102 0.02434182 0.010825 0.0102 0.02450666 0.01042705 0.0102 0.02371788 0.0113943 0.01024 0.02430718 0.010805 0.01024 0.02405132 0.01113844 0.01024 0.02291288 0.01161 0.01024 0.02332958 0.01155514 0.01024 0.02405132 0.008861558 0.01024 0.02446802 0.009583302 0.01024 0.02452288 0.01 0.01024 0.02430718 0.009195 0.01024 0.02446802 0.0104167 0.01024 0.02151858 0.010805 0.01024 0.02210788 0.0113943 0.01024 0.02177444 0.01113844 0.01024 0.02249618 0.01155514 0.01024 0.02371788 0.0086057 0.01024 0.02135774 0.009583302 0.01024 0.02135774 0.0104167 0.01024 0.02130288 0.01 0.01024 0.02177444 0.008861558 0.01024 0.02332958 0.00844486 0.01024 0.02291288 0.00839 0.01024 0.02249618 0.00844486 0.01024 0.02210788 0.0086057 0.01024 0.02151858 0.009195 0.01024 0.02001112 -0.01534422 0.01155 0.02053555 -0.01602767 0.01155 0.01932767 -0.01481979 0.01155 0.02086522 -0.01682357 0.01155 0.01853177 -0.01449011 0.01155 0.01767767 -0.01437767 0.01155 0.02097767 -0.01767767 0.01155 0.02298879 -0.01909534 0.01155 0.02086522 -0.01853177 0.01155 0.01682357 -0.01449011 0.01155 0.02243934 -0.02042184 0.01155 0.01602767 -0.01481979 0.01155 0.02053555 -0.01932767 0.01155 0.02156529 -0.02156092 0.01155 0.01534422 -0.01534422 0.01155 0.02001112 -0.02001112 0.01155 0.01481979 -0.01602767 0.01155 0.0204262 -0.02243498 0.01155 0.01932767 -0.02053555 0.01155 0.01449011 -0.01682357 0.01155 0.01909971 -0.02298443 0.01155 0.01853177 -0.02086522 0.01155 0.01767767 -0.02097767 0.01155 0.0176762 -0.02317184 0.01155 0.01682357 -0.02086522 0.01155 0.01437767 -0.01767767 0.01155 0.0162527 -0.02298443 0.01155 0.01602767 -0.02053555 0.01155 0.01236361 -0.01909534 0.01155 0.01449011 -0.01853177 0.01155 0.01291306 -0.02042184 0.01155 0.01481979 -0.01932767 0.01155 0.0149262 -0.02243498 0.01155 0.01534422 -0.02001112 0.01155 0.01378712 -0.02156092 0.01155 -0.1089089 0.02687033 0.004450002 -0.1089089 0.02687033 0.0004500015 -0.1099815 0.02648805 0.004450002 -0.1099815 0.02648805 0.0004500015 -0.1109398 0.02587298 0.004450002 -0.1109398 0.02587298 0.0004500015 -0.1117341 0.02505704 0.004450002 -0.1117341 0.02505704 0.0004500015 -0.1123232 0.02408253 0.0004500015 -0.1123232 0.02408253 0.004450002 -0.1126765 0.023 0.004450002 -0.1126765 0.023 0.0004500015 -0.1138126 -0.01648315 0.004450002 -0.1126765 -0.023 0.004450002 -0.1145721 -0.009911757 0.004450002 -0.1149524 -0.003307567 0.004450002 -0.1149524 0.003307567 0.004450002 -0.1145721 0.009911757 0.004450002 -0.1138126 0.01648315 0.004450002 -0.1136911 0.01730118 0.0004500015 -0.1144177 0.01155853 0.0004500015 -0.1148543 0.005786595 0.0004500015 -0.115 1.786185e-16 0.0004500015 -0.1148543 -0.005786595 0.0004500015 -0.1144177 -0.01155853 0.0004500015 -0.1136911 -0.01730118 0.0004500015 -0.1126765 -0.023 0.0004500015 -0.1123232 -0.02408253 0.004450002 -0.1123232 -0.02408253 0.0004500015 -0.1117341 -0.02505704 0.004450002 -0.1117341 -0.02505704 0.0004500015 -0.1109398 -0.02587298 0.004450002 -0.1109398 -0.02587298 0.0004500015 -0.1099815 -0.02648805 0.004450002 -0.1099815 -0.02648805 0.0004500015 -0.1089089 -0.02687033 0.0004500015 -0.1089089 -0.02687033 0.004450002 -0.1016115 -0.006611448 0.004950002 -0.1001946 -0.007774241 0.004950002 -0.1027742 -0.005194582 0.004950002 -0.09857809 -0.008638273 0.004950002 -0.1036383 -0.00357809 0.004950002 -0.0968241 -0.009170342 0.004950002 -0.1041703 -0.001824095 0.004950002 -0.09500002 -0.00935 0.004950002 -0.10435 -4.637094e-17 0.004950002 -0.0931759 -0.009170342 0.004950002 -0.1041703 0.001824095 0.004950002 -0.09142191 -0.008638273 0.004950002 -0.1036383 0.00357809 0.004950002 -0.08980542 -0.007774241 0.004950002 -0.1027742 0.005194582 0.004950002 -0.1016115 0.006611448 0.004950002 -0.08838857 -0.006611448 0.004950002 -0.08722575 -0.005194582 0.004950002 -0.1001946 0.007774241 0.004950002 -0.09857809 0.008638273 0.004950002 -0.08636172 -0.00357809 0.004950002 -0.08582966 -0.001824095 0.004950002 -0.0968241 0.009170342 0.004950002 -0.08564999 -4.794393e-17 0.004950002 -0.09500002 0.00935 0.004950002 -0.08582966 0.001824095 0.004950002 -0.0931759 0.009170342 0.004950002 -0.08636172 0.00357809 0.004950002 -0.08722575 0.005194582 0.004950002 -0.09142191 0.008638273 0.004950002 -0.08980542 0.007774241 0.004950002 -0.08838857 0.006611448 0.004950002</float_array>
          <technique_common>
            <accessor count="1576" source="#cubeverts-array9-array" stride="3">
              <param type="float" name="X"/>
              <param type="float" name="Y"/>
              <param type="float" name="Z"/>
            </accessor>
          </technique_common>
        </source>
        <source id="cubenormals-array9">
          <float_array count="9144" id="cubenormals-array9-array">0 0 -1 0 0 -1 -0 0 -1 0 0 -1 0 0 -1 0 0 -1 0 0 -1 -0 0 -1 0 0 -1 -0 0 -1 0 0 -1 0 0 -1 -0 0 -1 0 0 -1 -0 0 -1 0 0 -1 0 0 -1 0 0 -1 0 0 -1 0 0 -1 0 0 -1 0 0 -1 0 0 -1 0 0 -1 0 0 -1 0 0 -1 0 0 -1 0 0 -1 0 0 -1 0 0 -1 0 0 -1 0 0 -1 0 0 -1 0 0 -1 0 0 -1 0 0 -1 0 0 -1 0 0 -1 0 0 -1 0 0 -1 0 0 -1 0 0 -1 -0 0 -1 0 0 -1 0 0 -1 0 0 -1 -0 0 -1 0 0 -1 0 0 -1 0 0 -1 0 0 -1 0 0 -1 -0 0 -1 0 0 -1 0 0 -1 0 0 -1 -0 0 -1 0 0 -1 0 0 -1 0 0 -1 0 0 -1 0 0 -1 0 0 -1 0 0 -1 0 0 -1 0 0 -1 -0 0 -1 0 0 -1 0 0 -1 -0 0 -1 0 0 -1 -0 0 -1 0 0 -1 -0 0 -1 0 0 -1 0 0 -1 -0 0 -1 -0.9984043 -0.05606926 0.006718048 -0.9994644 -0.03272496 2.337498e-17 -0.9951813 -0.09803347 -0.001921929 -0.9858577 -0.1675047 0.005178546 -0.9866329 -0.1629215 0.003460306 -0.9609004 -0.2768312 0.005916903 -0.969129 -0.2465081 -0.004760275 -0.9238604 -0.3826754 0.006451707 -0.9378155 -0.3470921 -0.005395417 -0.8752043 -0.4837059 0.006781603 -0.8960943 -0.4438255 -0.00582784 -0.8155408 -0.5786583 0.006908963 -0.8444306 -0.5356307 -0.006058354 -0.7456239 -0.6663319 0.006833731 -0.7833961 -0.621493 -0.006083662 -0.6663332 -0.7456253 0.006554621 -0.7136683 -0.7004589 -0.005905592 -0.5786615 -0.8155453 0.006071357 -0.6360208 -0.7716522 -0.005525385 -0.4837101 -0.8752117 0.005385342 -0.5513151 -0.8342825 -0.004941909 -0.3826775 -0.9238653 0.00554612 -0.4568308 -0.8895357 -0.00564323 -0.2768315 -0.9609016 0.005698653 -0.353032 -0.9355933 -0.005798492 -0.167504 -0.9858541 0.005839697 -0.2446734 -0.9695873 -0.005946331 -0.05606952 -0.9984089 0.005974217 -0.1331686 -0.9910747 -0.00608443 0.05606948 -0.9984082 0.006098268 -0.01993848 -0.9997819 -0.006213808 0.1675037 -0.9858519 0.006213893 0.09354443 -0.9955949 -0.006334557 0.2768305 -0.960898 0.006321704 0.2058196 -0.9785687 -0.006445368 0.3826755 -0.9238605 0.006419968 0.315443 -0.9489219 -0.006547352 0.4837068 -0.8752059 0.006509061 0.4209968 -0.9070378 -0.00664068 0.5786596 -0.8155425 0.006587838 0.5211238 -0.8534546 -0.006726849 0.614525 -0.7888681 -0.006801967 0.6663327 -0.7456248 0.006660547 0.7000051 -0.7141048 -0.00686795 0.7456245 -0.6663325 0.006722888 0.7764558 -0.6301336 -0.006926518 0.8155416 -0.5786589 0.006775809 0.8428926 -0.5380367 -0.006975676 0.8752041 -0.4837058 0.006821149 0.8984603 -0.4389987 -0.007014696 0.9238578 -0.3826744 0.006857039 0.9608945 -0.2768295 0.006883623 0.9424401 -0.334301 -0.00704603 0.9858475 -0.1675029 0.006900948 0.9742659 -0.2252913 -0.007068684 0.998403 -0.05606918 0.006909672 0.9935268 -0.113377 -0.007082487 0.998403 0.05606918 0.006909671 0.9999748 0 -0.007086987 0.9858475 0.1675029 0.00690095 0.9935268 0.113377 -0.007082486 0.9608945 0.2768295 0.006883623 0.9742659 0.2252913 -0.007068689 0.9238578 0.3826744 0.00685703 0.9424401 0.334301 -0.007046035 0.8752041 0.4837058 0.006821139 0.8984603 0.4389987 -0.007014696 0.8155416 0.5786589 0.006775809 0.8428926 0.5380367 -0.006975676 0.7456245 0.6663325 0.006722897 0.7764558 0.6301336 -0.006926518 0.6663327 0.7456248 0.006660547 0.7000051 0.7141048 -0.00686795 0.5786596 0.8155425 0.006587838 0.614525 0.7888681 -0.006801967 0.4837068 0.8752059 0.006509061 0.5211238 0.8534546 -0.006726859 0.3826755 0.9238605 0.006419973 0.4209968 0.9070378 -0.00664068 0.2768305 0.960898 0.006321706 0.315443 0.9489219 -0.006547352 0.1675037 0.9858519 0.006213891 0.2058196 0.9785687 -0.006445368 0.05606948 0.9984082 0.006098268 0.09354443 0.9955949 -0.006334553 -0.05606952 0.9984089 0.005974218 -0.01993848 0.9997819 -0.006213807 -0.1331686 0.9910747 -0.00608443 -0.167504 0.9858541 0.005839694 -0.2446734 0.9695873 -0.005946329 -0.2768315 0.9609016 0.005698648 -0.353032 0.9355933 -0.005798492 -0.3826775 0.9238653 0.005546116 -0.4568308 0.8895357 -0.005643236 -0.4837101 0.8752117 0.005385337 -0.5066307 0.862161 0.001940069 -0.551358 0.8342542 -0.004935679 -0.5786615 0.8155453 0.006067608 -0.636058 0.7716215 -0.005521402 -0.6663332 0.7456253 0.006551381 -0.7136947 0.700432 -0.005903904 -0.7456239 0.6663319 0.006832348 -0.7834147 0.6214695 -0.00608261 -0.8155408 0.5786583 0.006909329 -0.8444433 0.5356108 -0.006057526 -0.8752043 0.4837059 0.006782966 -0.8961028 0.4438084 -0.005827682 -0.9238604 0.3826754 0.006452517 -0.9378195 0.3470812 -0.005395805 -0.9609004 0.2768312 0.005916992 -0.9691296 0.2465059 -0.004759999 -0.9858577 0.1675047 0.005178545 -0.9866329 0.1629215 0.003460308 -0.9984043 0.05606926 0.006718048 -0.9951813 0.09803347 -0.001921928 -0.9994644 0.03272496 0 -0.2712471 0.631568 0.7263243 -0.2858412 0.6471626 0.7067356 -0.2299639 0.6859113 0.6903929 -0.1951609 0.6475616 0.7365978 -0.1672703 0.7109804 0.6830282 -0.1205438 0.6632683 0.7386098 -0.1006195 0.7211193 0.6854653 -0.04545857 0.6791438 0.7325962 -0.0331068 0.715875 0.6974432 0.03208357 0.6954567 0.7178513 0.04027577 0.7171755 0.6957278 0.1103747 0.6881406 0.7171332 0.1201957 0.7074186 0.6964998 0.1874282 0.6720425 0.7164005 0.1984345 0.6887802 0.6972845 0.2622596 0.6473453 0.7156563 0.2740096 0.6615179 0.698078 0.3339176 0.6143454 0.7148978 0.3459668 0.6259828 0.6988937 0.4014716 0.5734357 0.7141373 0.4134201 0.5826598 0.699708 0.4640708 0.525137 0.7133509 0.4755213 0.5321072 0.7005295 0.5209015 0.4700381 0.7125489 0.5314991 0.4749779 0.7013592 0.5712309 0.4088169 0.711733 0.5806552 0.4119977 0.7022089 0.6143913 0.3422404 0.7109113 0.6224036 0.3439886 0.7030545 0.649839 0.2711475 0.7100621 0.6562168 0.2718139 0.7039153 0.6770858 0.1964244 0.7092053 0.6816968 0.1963938 0.704783 0.6957757 0.1190123 0.7083306 0.6985369 0.1186867 0.7056627 0.7056421 0.03988976 0.7074448 0.7065496 0.03967903 0.7065502 -0.4040286 -0.9147464 -0 -0.3178779 -0.9481317 -0 -0.4040286 -0.9147464 -0 -0.2290144 -0.9734231 -0 -0.3178779 -0.9481317 -0 -0.2290144 -0.9734231 -0 -0.1381936 -0.9904052 -0 -0.1381936 -0.9904052 0 -0.04619724 -0.9989324 0 -0.04619724 -0.9989324 -1.025816e-17 0.05607053 -0.9984268 0 0.05607053 -0.9984268 0 0.1675069 -0.9858709 0 0.1675069 -0.9858709 0 0.276836 -0.9609172 0 0.276836 -0.9609172 0 0.3826834 -0.9238796 0 0.3826834 -0.9238796 0 0.4837171 -0.8752244 0 0.4837171 -0.8752244 0 0.5786722 -0.8155603 0 0.5786722 -0.8155603 0 0.6663475 -0.7456414 0 0.6663475 -0.7456414 0 0.7456414 -0.6663475 0 0.7456414 -0.6663475 0 0.8155603 -0.5786722 0 0.8155603 -0.5786722 0 0.8752244 -0.4837171 0 0.8752244 -0.4837171 0 0.9238796 -0.3826834 0 0.9238796 -0.3826834 0 0.9609172 -0.276836 0 0.9609172 -0.276836 0 0.9858709 -0.1675069 0 0.9858709 -0.1675069 0 0.9984268 -0.05607053 1.106217e-16 0.9984268 -0.05607053 0 0.9984268 0.05607053 -1.106217e-16 0.9858709 0.1675069 0 0.9984268 0.05607053 0 0.9858709 0.1675069 0 0.9609172 0.276836 0 0.9238796 0.3826834 0 0.9609172 0.276836 0 0.9238796 0.3826834 0 0.8752244 0.4837171 0 0.8752244 0.4837171 0 0.8155603 0.5786722 0 0.8155603 0.5786722 0 0.7456414 0.6663475 0 0.6663475 0.7456414 0 0.7456414 0.6663475 0 0.6663475 0.7456414 0 0.5786722 0.8155603 0 0.4837171 0.8752244 0 0.5786722 0.8155603 0 0.4837171 0.8752244 0 0.3826834 0.9238796 0 0.3826834 0.9238796 0 0.276836 0.9609172 0 0.276836 0.9609172 0 0.1675069 0.9858709 0 0.1675069 0.9858709 0 0.05607053 0.9984268 0 0.05607053 0.9984268 1.245016e-17 -0.04619724 0.9989324 -1.025785e-17 -0.04619724 0.9989324 0 -0.1381936 0.9904052 0 -0.1381936 0.9904052 0 -0.2290144 0.9734231 0 -0.2290144 0.9734231 0 -0.3178779 0.9481317 0 -0.3178779 0.9481317 0 -0.4040286 0.9147464 0 -0.4040286 0.9147464 0 0 -0 -1 0 0 -1 -0 0 -1 0 -0 -1 -0 0 -1 0 0 -1 0 0 -1 0 0 -1 0 -0 -1 -0 -0 -1 0 0 -1 0 0 -1 0 -0 -1 -0 -0 -1 0 0 -1 0 0 -1 0 0 -1 0 -0 -1 0 -0 -1 0 0 -1 0 0 -1 0 -0 -1 0 -0 -1 0 0 -1 0 0 -1 0 -0 -1 0 -0 -1 0 0 -1 0 0 -1 0 -0 -1 0 -0 -1 0 0 -1 0 0 -1 0 0 -1 0 -0 -1 0 0 -1 -0 0 -1 0 0 -1 0 0 -1 0 0 -1 -0 0 -1 0 -0 -1 -0 -0 -1 -0 0 -1 0 0 -1 0 0 -1 0 0 -1 -0 0 -1 0 0 -1 -0 -0 -1 -0 0 -1 0 0 -1 0 -0 -1 0 0 -1 0 0 -1 0 0 -1 0 0 -1 0 0 -1 -0 -0 -1 -0 -0 -1 0 -0 -1 -0 0 -1 0 0 -1 0 -0 -1 0 -0 -1 0 0 -1 0 0 -1 0 -0 -1 0 -0 -1 -0 -0 -1 0 -0 -1 0 -0 -1 0 0 -1 0 -0 -1 0 -0 -1 0 -0 -1 0 0 -1 0 -0 -1 0 -0 -1 0 0 -1 0 -0 -1 0 0 -1 0 0 -1 -0 0 -1 0 -0 -1 0 -0 -1 0 0 -1 0 0 -1 0 -0 -1 0 -0 -1 -0 0 -1 0 0 -1 0 -0 -1 0 -0 -1 0 -0 -1 0 -0 -1 0 -0 -1 0 0 -1 0 0 -1 0 -0 -1 0 0 -1 0 -0 -1 0 -0 -1 0 -0 -1 0 0 -1 0 -0 -1 0 -0 -1 -0 -0 -1 0 0 -1 0 -0 -1 0 -0 -1 -0 -0 -1 0 0 -1 -0 -0 -1 0 0 -1 -0 -0 -1 0 0 -1 -0 -0 -1 0 0 -1 -0 0 -1 0 0 -1 -0 -0 -1 -0 0 -1 -0 0 -1 0 0 -1 0 -0 -1 -0 0 -1 0 0 -1 0 0 -1 0 0 -1 -0 -0 -1 -0 0 -1 0 0 -1 0 0 -1 -0 0 -1 0 0 -1 0 0 -1 0 0 -1 0 0 -1 -0 0 -1 0 0 -1 0 0 -1 0 0 -1 -0 0 -1 0 0 -1 0 0 -1 -0 0 -1 -0 0 -1 0 -0 -1 0 0 -1 0 0 -1 0 0 -1 -0 -0 -1 0 -0 -1 0 0 -1 0 -0 -1 0 0 -1 0 -0 -1 0 -0 -1 0 0 -1 0 -0 -1 0 -0 -1 0 -0 -1 0 0 -1 0 0 -1 0 0 -1 0 0 -1 0 0 -1 0 0 -1 0 0 -1 0 0 -1 0 0 -1 0 0 -1 -0 0 -1 0 0 -1 0 0 -1 -0 0 -1 -0 0 -1 0 0 -1 -0 0 -1 -0 0 -1 -0 0 -1 0 0 -1 -0 0 -1 0 0 -1 0 0 -1 -0 0 -1 0 0 -1 0 0 -1 -0 0 -1 0 0 -1 -0 0 -1 -0 0 -1 -0 0 -1 0 0 -1 0 0 -1 0 0 -1 0 0 -1 0 0 -1 0 0 -1 0 0 -1 0 0 -1 0 0 -1 0 0 -1 0 0 -1 -0 0 -1 -0 0 -1 0 0 -1 -0 0 -1 0 0 -1 -0 0 -1 -0 0 -1 0 0 -1 -0 0 -1 0 0 -1 -0 0 -1 -0 0 -1 -0 0 -1 0 0 -1 -0 0 -1 0 0 -1 -0 0 -1 -0 0 -1 -0 0 -1 0 0 -1 0 0 -1 0 0 -1 0 0 -1 0 0 -1 0 0 -1 0 0 -1 0 0 -1 -0 0 -1 0 0 -1 0 0 -1 0 0 -1 0 0 -1 0 0 -1 0 0 -1 0 0 -1 0 0 -1 0 0 -1 0 0 -1 0 0 -1 0 0 -1 0 0 -1 0 0 -1 0 0 -1 0 0 -1 0 0 -1 0 0 -1 0 0 -1 0 0 -1 0 0 -1 0 0 -1 0 0 -1 0 0 -1 0 0 -1 0 0 -1 0 0 -1 -0 0 -1 0 0 -1 0 0 -1 0 0 -1 -0 0 -1 0 0 -1 0 0 -1 0 0 -1 -0 0 -1 0 0 -1 0 0 -1 0 0 -1 -0 0 -1 0 0 -1 0 0 -1 0 0 -1 -0 0 -1 -0 0 -1 0 0 -1 -0 0 -1 0 0 -1 0 0 -1 -0 0 -1 0 0 -1 0 0 -1 -0 0 -1 0 0 -1 -0 0 -1 -0 0 -1 0 0 -1 0 0 -1 0 0 -1 0 0 -1 0 0 -1 0 0 -1 0 0 -1 0 0 -1 0 0 -1 0 0 -1 -0 0 -1 -0 0 -1 -0.130523 -0.9914453 0 -0.130523 -0.9914453 0 -0.3826895 -0.923877 0 -0.608761 -0.7933536 -0 -0.3826895 -0.923877 0 -0.608761 -0.7933536 0 -0.7933501 -0.6087656 0 -0.7933501 -0.6087656 0 -0.9238794 -0.3826838 0 -0.9238794 -0.3826838 0 -0.9914454 -0.1305224 0 -0.9914454 -0.1305224 0 -0.9914454 0.1305224 0 -0.9238794 0.3826838 0 -0.9914454 0.1305224 0 -0.9238794 0.3826838 0 -0.7933501 0.6087656 0 -0.7933501 0.6087656 0 -0.608761 0.7933536 0 -0.608761 0.7933536 0 -0.3826902 0.9238767 0 -0.3826902 0.9238767 0 -0.1305222 0.9914454 0 -0.1305222 0.9914454 0 0.1305239 0.9914452 -0 0.1305239 0.9914452 0 0.3826867 0.9238781 0 0.3826867 0.9238781 0 0.608761 0.7933536 -0 0.608761 0.7933536 0 0.7933548 0.6087595 -0 0.7933548 0.6087595 0 0.9238783 0.3826866 -0 0.9238783 0.3826866 0 0.9914443 0.1305304 -0 0.9914443 0.1305304 0 0.9914443 -0.1305304 0 0.9914443 -0.1305304 0 0.9238783 -0.3826866 0 0.7933548 -0.6087595 0 0.9238783 -0.3826866 0 0.7933548 -0.6087595 0 0.608761 -0.7933536 0 0.608761 -0.7933536 0 0.382686 -0.9238784 0 0.382686 -0.9238784 0 0.1305247 -0.9914451 0 0.1305247 -0.9914451 0 -0.08529088 -0.9963562 0 -0.0980154 -0.9951754 -0.004359795 -0.2902746 -0.9569147 -0.007415993 -0.2533913 -0.9673567 0.003708156 -0.4713901 -0.8818966 -0.00706099 -0.4273543 -0.9040522 0.007603609 -0.6343754 -0.7729964 -0.00667693 -0.5984468 -0.8011299 0.007230467 -0.7729951 -0.6343811 -0.006264977 -0.7456812 -0.6662677 0.006836437 -0.8819103 -0.4713811 -0.005832537 -0.863183 -0.5048506 0.006414288 -0.9569249 -0.2902859 -0.00537184 -0.9462763 -0.3233043 0.005959014 -0.9916491 -0.1288481 0.005482152 -0.9951725 -0.09801938 -0.004877868 -0.9974836 0.07072299 0.004982763 -0.9951749 0.09801962 -0.00436282 -0.9635515 0.2674858 0.004451487 -0.9569317 0.2902879 -0.003821464 -0.8912044 0.4535853 0.003893627 -0.8819207 0.4713867 -0.003247689 -0.7833288 0.6215988 0.003315006 -0.7730075 0.6343912 -0.002651226 -0.6442222 0.7648336 0.002705212 -0.6343882 0.773012 -0.002030395 -0.4794316 0.8775768 0.002067577 -0.4714013 0.8819177 -0.001378586 -0.2955223 0.9553348 0.001406412 -0.2902825 0.9569408 -0.0007024525 -0.09983528 0.9950037 0.0007166843 -0.09801633 0.9951848 0 0.09801823 0.9951847 0 0.09801823 0.9951847 -0 0.2902836 0.9569407 0 0.2902836 0.9569407 -0 0.4713986 0.8819203 0 0.6343856 0.7730167 0 0.4713986 0.8819203 -0 0.6343856 0.7730167 0 0.7730179 0.6343842 0 0.8819205 0.4713982 0 0.7730179 0.6343842 -0 0.8819205 0.4713982 0 0.9569344 0.2903043 0 0.9569344 0.2903043 -0 0.995187 0.09799358 0 0.995187 0.09799358 -0 0.995187 -0.09799358 0 0.9569344 -0.2903043 0 0.995187 -0.09799358 0 0.8819205 -0.4713982 0 0.9569344 -0.2903043 0 0.8819205 -0.4713982 0 0.7730179 -0.6343842 0 0.7730179 -0.6343842 0 0.6343856 -0.7730167 0 0.6343856 -0.7730167 0 0.4713986 -0.8819203 0 0.4713986 -0.8819203 0 0.2902836 -0.9569407 0 0.09801823 -0.9951847 0 0.2902836 -0.9569407 0 0.09801823 -0.9951847 0 -0.1305222 -0.9914454 -0 -0.1305222 -0.9914454 0 -0.3826902 -0.9238767 0 -0.3826902 -0.9238767 0 -0.608761 -0.7933536 0 -0.608761 -0.7933536 0 -0.7933501 -0.6087656 0 -0.7933501 -0.6087656 0 -0.9238794 -0.3826838 0 -0.9238794 -0.3826838 0 -0.9914454 -0.1305224 0 -0.9914454 -0.1305224 0 -0.9914454 0.1305224 0 -0.9914454 0.1305224 0 -0.9238794 0.3826838 0 -0.7933501 0.6087656 0 -0.9238794 0.3826838 0 -0.7933501 0.6087656 0 -0.608761 0.7933536 0 -0.608761 0.7933536 0 -0.3826895 0.923877 0 -0.3826895 0.923877 0 -0.130523 0.9914453 0 -0.130523 0.9914453 0 0.07910232 0.9968665 -0 0.1305212 0.9914182 -0.007359139 0.2353096 0.9719171 0.002555771 0.382681 0.9238665 -0.005102427 0.3961062 0.9182016 -0.00239476 0.5550361 0.8318242 0.001798021 0.6087442 0.7933317 -0.007430331 0.695791 0.7182353 0.0035744 0.7933392 0.6087474 -0.006278945 0.813799 0.5811461 -0.000502974 0.9238568 0.3826777 -0.006817952 0.9051707 0.4250479 0.0004706898 0.9914193 0.1305271 -0.007100625 0.9669243 0.255037 0.003682425 0.9970535 0.07670183 0.001038294 0.9914273 -0.1305282 -0.005854441 0.994558 -0.1041775 -0.001207732 0.9238517 -0.3826756 -0.007574491 0.9595236 -0.2816069 0.003436716 0.8931037 -0.4498454 0.002225269 0.7933466 -0.6087531 -0.004541763 0.7974511 -0.6033749 -0.003237365 0.608743 -0.7933301 -0.007694704 0.6757283 -0.7371454 0.002839576 0.3826836 -0.9238706 -0.004031288 0.5372701 -0.843407 0.002332832 0.1305236 -0.9914428 -0.002199966 0.3543893 -0.9350958 0.002016539 0.1204576 -0.9927185 0 -0.2858413 -0.6471629 -0.7067354 -0.2712472 -0.6315682 -0.726324 -0.229964 -0.6859116 -0.6903926 -0.1951609 -0.6475618 -0.7365974 -0.1672704 -0.7109807 -0.6830279 -0.1205439 -0.6632686 -0.7386095 -0.1006196 -0.7211196 -0.685465 -0.0454586 -0.6791442 -0.7325959 -0.0331068 -0.7158753 -0.6974428 0.03208359 -0.6954572 -0.717851 0.04027579 -0.7171758 -0.6957275 0.1103747 -0.6881409 -0.7171329 0.1201958 -0.7074189 -0.6964995 0.1874283 -0.6720427 -0.7164001 0.1984346 -0.6887804 -0.6972842 0.2622597 -0.6473456 -0.715656 0.2740098 -0.6615182 -0.6980776 0.3339177 -0.6143457 -0.7148975 0.3459669 -0.6259831 -0.6988935 0.4014718 -0.573436 -0.714137 0.4134203 -0.5826601 -0.6997077 0.464071 -0.5251372 -0.7133507 0.4755214 -0.5321074 -0.7005291 0.5209017 -0.4700383 -0.7125486 0.5314994 -0.4749781 -0.7013589 0.5712312 -0.4088171 -0.7117327 0.5806555 -0.4119979 -0.7022086 0.6143915 -0.3422405 -0.710911 0.6224038 -0.3439887 -0.7030542 0.6498394 -0.2711476 -0.7100618 0.6562171 -0.271814 -0.7039149 0.6770861 -0.1964245 -0.7092051 0.6816971 -0.1963939 -0.7047826 0.6957759 -0.1190123 -0.7083303 0.6985372 -0.1186867 -0.7056623 0.7056424 -0.03988977 -0.7074444 0.7065499 -0.03967905 -0.7065499 0.7065499 0.03967905 -0.7065499 0.7056424 0.03988978 -0.7074444 0.6957759 0.1190123 -0.7083303 0.6985372 0.1186867 -0.7056623 0.6770861 0.1964245 -0.7092051 0.6816971 0.1963939 -0.7047826 0.6498394 0.2711476 -0.7100617 0.6562171 0.271814 -0.7039149 0.6143915 0.3422405 -0.710911 0.6224038 0.3439887 -0.7030542 0.5712312 0.4088171 -0.7117327 0.5806555 0.4119979 -0.7022086 0.5209017 0.4700383 -0.7125486 0.5314994 0.4749781 -0.7013588 0.4640709 0.5251372 -0.7133506 0.4755215 0.5321075 -0.700529 0.4014718 0.573436 -0.714137 0.4134203 0.5826601 -0.6997077 0.3339177 0.6143457 -0.7148975 0.3459669 0.6259831 -0.6988934 0.2622597 0.6473456 -0.715656 0.2740097 0.6615181 -0.6980777 0.1874282 0.6720427 -0.7164001 0.1984346 0.6887804 -0.6972842 0.1103747 0.6881409 -0.7171329 0.1201958 0.7074189 -0.6964995 0.04027579 0.7171758 -0.6957274 0.03208359 0.6954572 -0.717851 -0.03310681 0.7158753 -0.6974428 -0.0454586 0.6791441 -0.7325959 -0.1006196 0.7211196 -0.685465 -0.1205439 0.6632686 -0.7386095 -0.1672704 0.7109807 -0.6830279 -0.195161 0.6475619 -0.7365975 -0.229964 0.6859116 -0.6903925 -0.2712472 0.6315683 -0.726324 -0.2858413 0.6471629 -0.7067354 -0.2730792 0.6530783 -0.7063403 -0.2639251 0.6510914 -0.7116344 -0.1600355 0.6802476 -0.7152985 -0.1857774 0.6875058 -0.7020132 -0.05362991 0.6948808 -0.7171224 -0.09390562 0.7085568 -0.6993776 -0.03841937 0.7010062 -0.7121196 -0.02313758 0.7050594 -0.7087707 -0.007750171 0.7070855 -0.7070855 -0.07694974 0.997035 0 -0.07694974 0.997035 0 -0.2290085 0.9734245 0 -0.2290085 0.9734245 0 -0.3756674 0.9267546 0 -0.3756674 0.9267546 0 0 1 0 0 1 -0 0 0.7071068 -0.7071069 0 0.7071068 -0.7071069 -0.007750168 0.7070853 0.7070859 -0.02313757 0.7050591 0.708771 -0.05362989 0.6948805 0.7171227 -0.03841935 0.7010059 0.7121199 -0.1600355 0.6802473 0.7152988 -0.09390558 0.7085564 0.6993779 -0.263925 0.6510911 0.7116346 -0.1857773 0.6875055 0.7020136 -0.273079 0.653078 0.7063405 0 0.7071065 0.7071071 0 0.7071065 0.7071071 0 0 1 0 0 1 -0 -0 1 -0 -0 1 -0 -0 1 0 0 1 0 0 1 0 -0 1 0 0 1 0 -0 1 0 0 1 0 -0 1 0 0 1 0 0 1 0 0 1 0 0 1 0 0 1 0 0 1 0 -0 1 0 0 1 0 -0 1 0 0 1 0 -0 1 0 -0 1 0 -0 1 0 -0 1 0 0 1 0 0 1 0 0 1 0 0 1 0 0 1 0 0 1 0 0 1 0 0 1 0 -0 1 -0 -0 1 -0 0 1 0 0 1 0 0 1 -0 0 1 0 0 1 0 0 1 -0 0 1 0 0 1 0 0 1 -0 0 1 0 -0 1 -0 0 1 0 -0 1 0 -0 1 -0 0 1 0 0 1 0 0 1 0 0 1 -0 0 1 -0 0 1 0 0 1 0 -0 1 0 0 1 0 0 1 -0 0 1 -0 0 1 -0 -0 1 -0 -0 1 -0 -0 1 0 0 1 0 -0 1 0 -0 1 0 -0 1 0 -0 1 0 0 1 0 0 1 0 -0 1 0 -0 1 0 0 1 0 -0 1 0 0 1 0 -0 1 0 0 1 0 0 1 0 0 1 0 -0 1 0 0 1 0 0 1 0 0 1 0 0 1 0 0 1 0 0 1 0 0 1 0 -0 1 0 0 1 0 0 1 0 0 1 0 -0 1 0 -0 1 0 -0 1 0 0 1 0 -0 1 0 -0 1 -0 0 1 0 -0 1 0 0 1 0 -0 1 0 -0 1 0 -0 1 0 -0 1 -0 0 1 0 -0 1 0 -0 1 0 0 1 -0 -0 1 -0 0 1 0 -0 1 -0 -0 1 0 -0 1 0 -0 1 0 -0 1 0 -0 1 0 -0 1 0 -0 1 0 -0 1 0 -0 1 0 0 1 0 0 1 0 0 1 0 -0 1 0 0 1 0 0 1 0 0 1 0 0 1 0.7065496 -0.03967903 0.7065502 0.7056421 -0.03988976 0.7074447 0.6957756 -0.1190123 0.7083306 0.6985369 -0.1186867 0.7056627 0.6770858 -0.1964244 0.7092054 0.6816968 -0.1963938 0.704783 0.6498391 -0.2711475 0.710062 0.6562168 -0.2718139 0.7039152 0.6143913 -0.3422404 0.7109113 0.6224035 -0.3439886 0.7030545 0.571231 -0.4088169 0.711733 0.5806552 -0.4119977 0.7022089 0.5209014 -0.4700381 0.7125489 0.5314991 -0.4749779 0.7013591 0.4640707 -0.5251369 0.7133509 0.4755213 -0.5321072 0.7005293 0.4014716 -0.5734357 0.7141373 0.4134201 -0.5826598 0.699708 0.3339176 -0.6143454 0.7148978 0.3459668 -0.6259828 0.6988937 0.2622596 -0.6473453 0.7156564 0.2740096 -0.6615179 0.698078 0.1874282 -0.6720424 0.7164005 0.1984345 -0.6887801 0.6972845 0.1103747 -0.6881406 0.7171332 0.1201957 -0.7074186 0.6964998 0.03208356 -0.6954568 0.7178513 0.04027577 -0.7171755 0.6957278 -0.0331068 -0.7158751 0.6974431 -0.04545857 -0.6791438 0.7325962 -0.1006195 -0.7211193 0.6854653 -0.1205438 -0.6632683 0.7386098 -0.1672703 -0.7109804 0.6830282 -0.1951609 -0.6475616 0.7365978 -0.2299639 -0.6859113 0.6903928 -0.2712471 -0.631568 0.7263243 -0.2858412 -0.6471626 0.7067356 -0.007750171 -0.7070855 -0.7070855 -0.02313758 -0.7050594 -0.7087707 -0.05362992 -0.6948808 -0.7171224 -0.03841937 -0.7010062 -0.7121196 -0.1600355 -0.6802476 -0.7152985 -0.09390562 -0.7085568 -0.6993777 -0.2639251 -0.6510914 -0.7116344 -0.1857774 -0.6875058 -0.7020132 -0.2730792 -0.6530783 -0.7063403 -0.3756674 -0.9267546 0 -0.3756674 -0.9267546 -0 -0.2290085 -0.9734245 0 -0.2290085 -0.9734245 -0 -0.07694974 -0.997035 0 -0.07694974 -0.997035 -0 -0.263925 -0.6510911 0.7116346 -0.273079 -0.653078 0.7063405 -0.1600354 -0.6802472 0.7152988 -0.1857773 -0.6875055 0.7020136 -0.05362989 -0.6948805 0.7171227 -0.09390558 -0.7085564 0.6993778 -0.03841935 -0.7010059 0.7121199 -0.02313757 -0.7050591 0.708771 -0.007750168 -0.7070853 0.7070859 0 -0.7071065 0.7071071 0 -0.7071065 0.7071071 0 -1 0 0 -1 0 -0 -0.7071068 -0.7071069 0 -0.7071068 -0.7071069 0.4658245 0.1951362 0.8630929 0.4659078 0.1929853 0.8635315 0.4604053 0.2002011 0.864839 0.4137862 0.2935975 0.8617316 0.3959763 0.3063186 0.8656626 0.389549 0.3129603 0.8662029 0.4137494 0.2934765 0.8617905 0.3857018 0.3217349 0.8647085 0.4151263 0.2829887 0.8646315 0.3896212 0.3388104 0.8563893 0.4096922 0.3661242 0.8355269 0.3663576 0.3485094 0.8627417 0.4366323 0.2507777 0.8639808 0.440078 0.252148 0.861831 0.3467151 0.3552369 0.8680987 0.4315857 0.2473749 0.8674904 0.4340965 0.2489432 0.8657872 0.4359602 0.2506287 0.8643633 0.3661968 0.4097734 0.8354555 0.3457855 0.3931003 0.8520004 0.4335845 0.2481745 0.8662643 0.4307375 0.2431298 0.8691105 0.320635 0.3843153 0.8657338 0.4595113 0.1959171 0.8662943 0.289039 0.4073615 0.8663216 0.3028405 0.4155625 0.8576686 0.2883102 0.4138645 0.8634775 0.4125473 0.2814963 0.8663513 0.3992436 0.2913205 0.8693313 0.3842429 0.3241608 0.864452 0.3898 0.2918024 0.8734457 0.3615417 0.3391575 0.8684813 0.3384122 0.3572572 0.8705426 0.3295736 0.3787037 0.8648496 0.3067918 0.3879452 0.8691245 0.3293864 0.3293864 0.884878 0.2905135 0.3989341 0.8697433 0.2848496 0.4084994 0.867173 0.291828 0.3898342 0.8734218 -0.2941172 0.4145185 0.8612024 -0.3059506 0.3949764 0.8662493 -0.2898584 0.4138448 0.8629684 -0.3206706 0.3844718 0.8656511 -0.345317 0.3927495 0.852352 -0.3662479 0.4098305 0.835405 -0.3468578 0.3556954 0.867854 -0.3653553 0.3483588 0.8632274 -0.3897542 0.3392515 0.8561542 -0.4099248 0.3663321 0.8353218 -0.3854042 0.320553 0.8652799 -0.39232 0.3088944 0.8664116 -0.4137861 0.2935975 0.8617316 -0.4145955 0.2962679 0.8604278 -0.4142521 0.2890013 0.8630605 -0.2878492 0.4054826 0.8675982 -0.3078569 0.3892937 0.8681443 -0.2924 0.3905982 0.872889 -0.3352961 0.3741591 0.8646279 -0.3349345 0.3375366 0.879709 -0.4382642 0.251623 0.8629081 -0.4429827 0.2524691 0.8602474 -0.4382962 0.2516479 0.8628846 -0.4657805 0.1929326 0.8636119 -0.4590017 0.2021885 0.8651227 -0.4349304 0.2498903 0.8650956 -0.4349239 0.2498883 0.8650994 -0.4656971 0.1972228 0.8626873 -0.4326467 0.2471644 0.8670217 -0.4332446 0.2466431 0.8668716 -0.4297168 0.2448272 0.8691393 -0.3707846 0.3364495 0.865633 -0.3852852 0.3179883 0.8662786 -0.3329943 0.3329943 0.8821732 -0.3954047 0.2915535 0.8710062 -0.4069123 0.2863106 0.867438 -0.3898085 0.2918088 0.8734397 -0.4593211 0.1964359 0.8662777 0.4908888 0.0275678 0.870786 0.4973755 0.08450782 0.8634095 0.4675176 0.1727549 0.8669389 0.4835279 0.1393023 0.8641734 0.4977039 0.1893833 0.8464188 0.4728352 0.1135172 0.8738082 0.4730725 0.1643187 0.8655644 0.4733491 0.1669811 0.8649035 0.4744437 0.1704054 0.8636349 0.4773932 0.1746931 0.8611491 0.4840982 0.1807303 0.8561457 0.4787608 0.1149399 0.8703889 0.5021504 0.03591398 0.8640342 0.4875427 0.1060584 0.8666336 0.4996135 0.03931944 0.8653556 0.4832069 0.1255915 0.8664513 0.4859112 0.1247485 0.8650597 0.4996142 0.03932143 0.8653551 0.4421978 0.2583084 0.8589167 0.437402 0.2545879 0.8624758 0.440407 0.2434032 0.8641739 0.4506355 0.2145458 0.8665436 0.4260302 0.2531116 0.8685809 0.4462984 0.2254471 0.8660204 0.4481237 0.2228711 0.8657446 0.4514142 0.2203708 0.8646744 0.4582234 0.2190982 0.8614101 0.4760808 0.2216289 0.8510157 0.4341649 0.2486572 0.8658351 0.4905859 0.1177795 0.8633965 0.4660289 0.1738203 0.8675273 0.4660296 0.1738323 0.8675246 0.5035954 0.1209029 0.855438 0.4449488 0.1731314 0.8786616 0.4542438 0.1726186 0.873994 0.4603384 0.1715236 0.8710156 0.4647536 0.1699119 0.8689845 0.4676372 0.1681496 0.8677794 0.4695237 0.1665083 0.8670769 0.4708503 0.1650323 0.8666397 0.4527874 0.2140044 0.8655551 0.4284932 0.2471506 0.8690858 0.4334458 0.2532124 0.8648747 0.4355778 0.2378427 0.8681607 0.4480741 0.216738 0.867326 0.4476229 0.2217674 0.8662868 0.4463829 0.2252503 0.866028 0.4458061 0.2095737 0.8702504 0.4376956 0.1974995 0.8771639 0.4347035 0.2481594 0.8657076 0.2434032 0.440407 0.8641739 0.2552288 0.4228606 0.8695098 0.2541586 0.4367962 0.8629094 0.2595874 0.443903 0.8576505 0.1900906 0.4589193 0.8679048 0.1393023 0.4835279 0.8641734 0.1900912 0.4589182 0.8679051 0.2378427 0.4355778 0.8681607 0.2606609 0.43237 0.8631988 0.2427058 0.4236555 0.8727026 0.247909 0.4306156 0.8678199 0.2475875 0.4358224 0.8653088 0.2481538 0.4345641 0.8657792 0.1149398 0.4787607 0.8703889 0.08450782 0.4973755 0.8634095 0.1935072 0.4671664 0.8627343 0.1917857 0.4630104 0.8653552 0.1738203 0.4660289 0.8675273 0.191786 0.46301 0.8653554 0.02806834 0.4998029 0.8656843 -0.02806834 0.4998029 0.8656843 0.03874381 0.4922904 0.8695684 0.03932026 0.4996144 0.8653551 0.1060584 0.4875427 0.8666336 0.1177795 0.4905859 0.8633965 0.1169928 0.4873122 0.8653551 0.1169934 0.4873115 0.8653554 -0.08450782 0.4973755 0.8634095 -0.03874381 0.4922904 0.8695684 0.03932031 0.4996144 0.865355 0.03573731 0.4996803 0.8654724 -0.03573731 0.4996803 0.8654724 0.03946662 0.5014735 0.8642724 -0.1149399 0.4787608 0.8703889 -0.1393023 0.4835279 0.8641734 -0.1169928 0.4873122 0.8653551 -0.03946662 0.5014735 0.8642724 -0.1060584 0.4875427 0.8666336 -0.03932031 0.4996144 0.865355 -0.03932026 0.4996144 0.8653551 -0.1900903 0.4589185 0.8679052 -0.2434032 0.440407 0.8641739 -0.2500173 0.4350091 0.8650194 -0.2553386 0.4377034 0.8621008 -0.2606957 0.4470259 0.8556901 -0.1900914 0.4589188 0.8679048 -0.2565477 0.4208799 0.8700824 -0.191786 0.46301 0.8653554 -0.1738203 0.4660289 0.8675273 -0.1169934 0.4873115 0.8653554 -0.1177795 0.4905859 0.8633965 -0.2606609 0.43237 0.8631988 -0.2475765 0.4348669 0.8657925 -0.2429357 0.4237681 0.8725841 -0.2480258 0.4308882 0.8676512 -0.2378427 0.4355778 0.8681607 -0.1935072 0.4671664 0.8627343 -0.1917858 0.4630104 0.8653552 -0.4191942 0.2576675 0.8705651 -0.440407 0.2434032 0.8641739 -0.4405187 0.2574041 0.8600502 -0.4518397 0.261781 0.8528256 -0.4316821 0.2486219 0.8670858 -0.4474891 0.223636 0.8658755 -0.4502179 0.2210613 0.8651219 -0.4554243 0.2192963 0.8628429 -0.4677705 0.2200058 0.8560305 -0.4502648 0.2156164 0.8664705 -0.4835279 0.1393023 0.8641734 -0.4730918 0.1642953 0.8655583 -0.4732478 0.166143 0.8651202 -0.4737422 0.1684179 0.8644094 -0.4749872 0.171322 0.8631546 -0.4778796 0.1751784 0.8607807 -0.4844113 0.180929 0.8559266 -0.4672574 0.1732857 0.8669732 -0.499881 0.1907721 0.8448225 -0.4527878 0.2140038 0.865555 -0.4322847 0.2612423 0.8630656 -0.4222693 0.2401145 0.8740901 -0.4286122 0.2468388 0.8691157 -0.445765 0.2094449 0.8703025 -0.4373983 0.1971757 0.877385 -0.4355778 0.2378427 0.8681607 -0.448026 0.2165856 0.8673888 -0.4476746 0.2215645 0.866312 -0.4463889 0.225244 0.8660266 -0.4344175 0.2484957 0.8657548 -0.4973755 0.08450782 0.8634095 -0.4908888 0.0275678 0.870786 -0.4856212 0.1245443 0.8652518 -0.4722437 0.1133753 0.8741463 -0.4787607 0.1149398 0.8703889 -0.4660289 0.1738203 0.8675273 -0.4443521 0.1732007 0.8789498 -0.4553008 0.1725217 0.8734629 -0.4612995 0.1712337 0.8705641 -0.465261 0.1696643 0.8687613 -0.468207 0.1677199 0.8675553 -0.4700542 0.1659621 0.8668942 -0.4714016 0.1643432 0.8664709 -0.4660541 0.1742245 0.8674326 -0.4996142 0.03932143 0.8653551 -0.4996135 0.03931944 0.8653556 -0.5021131 0.120547 0.8563591 -0.4858999 0.1248099 0.8650571 -0.4875427 0.1060584 0.8666336 -0.5021504 0.03591398 0.8640342 -0.4905859 0.1177795 0.8633965 -0.4658611 -0.192966 0.863561 -0.4657682 -0.195998 0.862928 -0.4598123 -0.2010306 0.864962 -0.4137862 -0.2935975 0.8617316 -0.389619 -0.3107896 0.8669526 -0.4137254 -0.2933975 0.861829 -0.3847683 -0.3266707 0.8632726 -0.4015465 -0.3579272 0.8429996 -0.4050427 -0.3619691 0.8395944 -0.4416752 -0.2521621 0.8610094 -0.3499159 -0.3477001 0.869864 -0.4331651 -0.248726 0.866316 -0.4365706 -0.2507249 0.8640273 -0.4372402 -0.2513585 0.8635045 -0.3541827 -0.3853718 0.8520817 -0.4293378 -0.2428391 0.8698841 -0.4316179 -0.2452803 0.8680689 -0.434211 -0.2490693 0.8656936 -0.362847 -0.406025 0.8387406 -0.3314099 -0.3862975 0.8607798 -0.3156361 -0.3868641 0.8664352 -0.458651 -0.1984051 0.8661839 -0.2912795 -0.4105191 0.8640777 -0.3011022 -0.4154271 0.8583459 -0.2898644 -0.4140045 0.8628899 -0.4442862 -0.2425978 0.8624129 -0.4105342 -0.2833395 0.8667066 -0.3976935 -0.2916661 0.8699259 -0.3898742 -0.2918579 0.873394 -0.3838828 -0.3239498 0.864691 -0.363327 -0.3384722 0.8680035 -0.3297266 -0.3297266 0.8846247 -0.3369161 -0.3497859 0.8741495 -0.3332516 -0.374355 0.8653333 -0.3166491 -0.3851645 0.8668227 -0.2918975 -0.389927 0.8733572 -0.2793656 -0.4139825 0.8663564 -0.2918397 -0.394763 0.8712013 -0.287345 -0.4046641 0.8681473 -0.2834803 -0.4098725 0.8669738 -0.4908888 -0.0275678 0.870786 -0.4973755 -0.08450782 0.8634095 -0.4787608 -0.1149399 0.8703889 -0.4835279 -0.1393023 0.8641734 -0.4674259 -0.172942 0.866951 -0.4723903 -0.1134105 0.8740627 -0.4984779 -0.1898769 0.8458525 -0.484167 -0.1807739 0.8560976 -0.4776218 -0.1749131 0.8609779 -0.47492 -0.1711661 0.8632225 -0.4737756 -0.1685079 0.8643736 -0.4732915 -0.1664266 0.8650418 -0.4730859 -0.1644312 0.8655357 -0.5021504 -0.03591398 0.8640342 -0.4875427 -0.1060584 0.8666336 -0.4996135 -0.03931944 0.8653556 -0.4859066 -0.1247733 0.8650586 -0.483845 -0.1254366 0.8661175 -0.4996142 -0.03932143 0.8653551 -0.440407 -0.2434032 0.8641739 -0.4504702 -0.2150235 0.866511 -0.4324524 -0.248531 0.8667279 -0.4474128 -0.2236688 0.8659065 -0.4506563 -0.220702 0.8649853 -0.4569021 -0.2191492 0.8620986 -0.4719082 -0.2207646 0.8535606 -0.4183072 -0.2582559 0.8708174 -0.4522832 -0.2620494 0.852508 -0.4398932 -0.2571027 0.8604604 -0.4660289 -0.1738203 0.8675273 -0.5034766 -0.1208743 0.855512 -0.4660984 -0.1749364 0.8672656 -0.4705735 -0.1654021 0.8667195 -0.4681304 -0.1678584 0.8675699 -0.4639947 -0.1703676 0.8693008 -0.4567352 -0.1724281 0.8727322 -0.4423693 -0.1733253 0.8799248 -0.4905859 -0.1177795 0.8633965 -0.447994 -0.2164839 0.8674307 -0.4477106 -0.2212724 0.8663682 -0.4466335 -0.2246432 0.8660566 -0.4520818 -0.2149963 0.8656781 -0.4406538 -0.2015315 0.8747624 -0.4460592 -0.2103695 0.8699287 -0.4355589 -0.2476901 0.865412 -0.4279282 -0.2482081 0.8690628 -0.4307386 -0.2478151 0.8677856 -0.4255908 -0.2443866 0.8712908 -0.2434032 -0.440407 0.8641739 -0.2571936 -0.419908 0.8703612 -0.2615526 -0.4513013 0.8531807 -0.2575096 -0.4407545 0.8598978 -0.2537296 -0.436743 0.8630625 -0.2500489 -0.435198 0.8649152 -0.1900906 -0.4589193 0.8679048 -0.1393023 -0.4835279 0.8641734 -0.1900912 -0.4589182 0.8679051 -0.2378427 -0.4355778 0.8681607 -0.2475159 -0.4348986 0.8657939 -0.2550061 -0.4331892 0.8644761 -0.2479496 -0.4330161 0.866613 -0.2471831 -0.4292933 0.8686816 -0.243681 -0.4254477 0.8715582 -0.1149398 -0.4787607 0.8703889 -0.08450782 -0.4973755 0.8634095 -0.0275678 -0.4908888 0.870786 -0.1917857 -0.4630104 0.8653552 -0.1738203 -0.4660289 0.8675273 -0.191786 -0.46301 0.8653554 -0.1935072 -0.4671664 0.8627343 -0.1169934 -0.4873115 0.8653554 -0.1177795 -0.4905859 0.8633965 -0.03932143 -0.4996142 0.8653551 -0.03931944 -0.4996135 0.8653556 -0.1169928 -0.4873122 0.8653551 -0.1060584 -0.4875427 0.8666336 -0.03591398 -0.5021504 0.8640342 0.2910927 -0.4102559 0.8642656 0.3001418 -0.4148683 0.8589523 0.3173797 -0.3853377 0.8664785 0.2872702 -0.4141023 0.8637101 0.338323 -0.3888074 0.8569518 0.3665308 -0.4101472 0.8351254 0.3476437 -0.3628356 0.8645774 0.3574844 -0.3468355 0.8671274 0.4102643 -0.3666354 0.835022 0.3926782 -0.3445943 0.8526772 0.3849735 -0.3224885 0.8647524 0.3899855 -0.3124471 0.8661917 0.3961985 -0.3061617 0.8656164 0.4137861 -0.2935975 0.8617316 0.4142995 -0.2952903 0.8609062 0.4144227 -0.2866379 0.8637665 0.2879966 -0.4053341 0.8676187 0.293485 -0.3865594 0.8743216 0.2950896 -0.3941912 0.8703651 0.3343017 -0.3756997 0.864345 0.3360837 -0.3422249 0.8774565 0.4373282 -0.251094 0.8635368 0.443169 -0.2528351 0.8600439 0.4383024 -0.2520813 0.8627549 0.4658195 -0.1929487 0.8635873 0.4593538 -0.2016816 0.8650541 0.4350758 -0.2497823 0.8650537 0.4657297 -0.1966223 0.8628067 0.4319027 -0.248374 0.8670469 0.4347262 -0.249023 0.8654482 0.4301776 -0.2443994 0.8690317 0.3688475 -0.3371685 0.8661806 0.3843199 -0.3204313 0.8658072 0.3317866 -0.3317866 0.8830829 0.3899652 -0.2919261 0.8733307 0.3938158 -0.2919083 0.8716069 0.405811 -0.287079 0.8676999 0.4140964 -0.2794645 0.86627 0.4594413 -0.1960874 0.866293 0.0275678 -0.4908888 0.870786 0.08450782 -0.4973755 0.8634095 0.1149399 -0.4787608 0.8703889 0.1393023 -0.4835279 0.8641734 0.1900906 -0.4589193 0.8679048 0.03591398 -0.5021504 0.8640342 0.1060584 -0.4875427 0.8666336 0.03931944 -0.4996135 0.8653556 0.03932143 -0.4996142 0.8653551 0.2434032 -0.440407 0.8641739 0.2550013 -0.4232016 0.8694106 0.2546577 -0.4371531 0.8625814 0.2596077 -0.4444562 0.8573579 0.1900912 -0.4589182 0.8679051 0.1738203 -0.4660289 0.8675273 0.1177795 -0.4905859 0.8633965 0.1169928 -0.4873117 0.8653553 0.1169936 -0.4873121 0.8653551 0.1917861 -0.4630102 0.8653551 0.2378427 -0.4355778 0.8681607 0.24835 -0.4344612 0.8657746 0.2428517 -0.4237269 0.8726274 0.248003 -0.4308128 0.8676952 0.2474331 -0.4363978 0.8650629 0.1917856 -0.4630101 0.8653554 0.2606609 -0.43237 0.8631988 0.1935072 -0.4671664 0.8627343 0.440407 -0.2434032 0.8641739 0.4390058 -0.2562552 0.8611661 0.4470143 -0.2603678 0.855796 0.4503525 -0.2153632 0.8664879 0.4221792 -0.2556829 0.8697074 0.4321229 -0.247556 0.8671712 0.4476124 -0.2234768 0.865853 0.4504398 -0.2209131 0.8650441 0.4558883 -0.2192267 0.8626155 0.4692548 -0.2202508 0.8551546 0.4835279 -0.1393023 0.8641734 0.4731066 -0.1646641 0.8654802 0.4733214 -0.1666425 0.8649839 0.4739554 -0.1690769 0.8641639 0.475594 -0.1723395 0.8626179 0.4790135 -0.1762852 0.8599241 0.4853351 -0.1815151 0.8552789 0.4673182 -0.1731615 0.8669652 0.4994282 -0.1904832 0.8451553 0.4348775 -0.2475726 0.8657883 0.4355778 -0.2378427 0.8681607 0.4278882 -0.2463429 0.8696131 0.4318986 -0.2479225 0.8671782 0.4528722 -0.2138852 0.8655403 0.4334729 -0.2530216 0.8649169 0.4457394 -0.2093641 0.8703351 0.437021 -0.1966739 0.8776856 0.4480241 -0.2165794 0.8673914 0.447664 -0.2216061 0.866307 0.4463794 -0.2252681 0.8660251 0.4973755 -0.08450782 0.8634095 0.4908888 -0.0275678 0.870786 0.4715987 -0.1132204 0.8745147 0.4787607 -0.1149398 0.8703889 0.4865673 -0.125386 0.8645985 0.4660289 -0.1738203 0.8675273 0.4660431 -0.1740481 0.867474 0.4454331 -0.1731997 0.8784027 0.4560899 -0.1724104 0.8730732 0.4617797 -0.1710811 0.8703394 0.4656857 -0.1694334 0.8685788 0.468446 -0.1675213 0.8674647 0.4702795 -0.1657108 0.8668202 0.4716121 -0.1640651 0.866409 0.4996135 -0.03931944 0.8653556 0.4859072 -0.12477 0.8650587 0.4875427 -0.1060584 0.8666336 0.5021504 -0.03591398 0.8640342 0.4905859 -0.1177795 0.8633965 0.4996142 -0.03932143 0.8653551 0.5016589 -0.1204379 0.8566406 -0.9974522 -0.07133819 0 -0.9974522 -0.07133819 -0 -0.9771469 -0.2125651 0 -0.9771469 -0.2125651 -0 -0.9369494 -0.349465 0 -0.9369494 -0.349465 -0 -0.8776797 -0.4792477 0 -0.8776797 -0.4792477 -0 -0.8005394 -0.59928 0 -0.8005394 -0.59928 -0 -0.7071068 -0.7071068 0 -0.7071068 -0.7071068 -0 -0.59928 -0.8005394 -0 -0.59928 -0.8005394 -0 -0.4792477 -0.8776797 0 -0.4792477 -0.8776797 -0 -0.349465 -0.9369494 0 -0.349465 -0.9369494 -0 -0.2125651 -0.9771469 0 -0.2125651 -0.9771469 -0 -0.07133819 -0.9974522 0 -0.07133819 -0.9974522 -1.758772e-16 0.07133819 -0.9974522 0 0.07133819 -0.9974522 0 0.2125651 -0.9771469 0 0.2125651 -0.9771469 0 0.349465 -0.9369494 0 0.349465 -0.9369494 0 0.4792477 -0.8776797 0 0.4792477 -0.8776797 0 0.59928 -0.8005394 0 0.59928 -0.8005394 0 0.7071068 -0.7071068 0 0.7071068 -0.7071068 0 0.8005394 -0.59928 0 0.8776797 -0.4792477 0 0.8005394 -0.59928 0 0.9369494 -0.349465 0 0.8776797 -0.4792477 0 0.9771469 -0.2125651 0 0.9369494 -0.349465 0 0.9771469 -0.2125651 0 0.9974522 -0.07133819 0 0.9974522 -0.07133819 0 0.9974522 0.07133819 0 0.9771469 0.2125651 0 0.9974522 0.07133819 0 0.9369494 0.349465 0 0.9771469 0.2125651 0 0.8776797 0.4792477 0 0.9369494 0.349465 0 0.8776797 0.4792477 0 0.8005394 0.59928 0 0.8005394 0.59928 0 0.7071068 0.7071068 0 0.7071068 0.7071068 0 0.59928 0.8005394 0 0.59928 0.8005394 0 0.4792477 0.8776797 0 0.4792477 0.8776797 0 0.349465 0.9369494 0 0.349465 0.9369494 0 0.2125651 0.9771469 0 0.2125651 0.9771469 0 0.07133819 0.9974522 0 0.07133819 0.9974522 1.584021e-17 -0.07133819 0.9974522 -1.584021e-17 -0.07133819 0.9974522 0 -0.2125651 0.9771469 0 -0.2125651 0.9771469 0 -0.349465 0.9369494 0 -0.349465 0.9369494 0 -0.4792477 0.8776797 0 -0.4792477 0.8776797 0 -0.59928 0.8005394 0 -0.59928 0.8005394 0 -0.7071068 0.7071068 0 -0.7071068 0.7071068 0 -0.8005394 0.59928 0 -0.8005394 0.59928 0 -0.8776797 0.4792477 0 -0.8776797 0.4792477 0 -0.9369494 0.349465 0 -0.9369494 0.349465 0 -0.9771469 0.2125651 0 -0.9771469 0.2125651 0 -0.9974522 0.07133819 0 -0.9974522 0.07133819 0 0 -0 1 0 0 1 0 0 1 -0 0 1 0 -0 1 0 0 1 0 0 1 0 0 1 -0 0 1 0 -0 1 0 0 1 -0 0 1 0 0 1 0 -0 1 0 0 1 -0 0 1 0 0 1 0 -0 1 0 0 1 -0 0 1 -0 -0 1 0 0 1 0 0 1 0 0 1 0 -0 1 -0 0 1 0 0 1 0 0 1 0 -0 1 -0 0 1 0 0 1 0 -0 1 -0 0 1 0 0 1 0 -0 1 0 0 1 -0 0 1 0 0 1 0 0 1 0 -0 1 0 0 1 -0 0 1 0 0 1 0 0 1 -0 0 1 0 -0 1 0 0 1 -0 0 1 0 -0 1 0 0 1 -0 0 1 0 0 1 0 -0 1 0 0 1 -0 0 1 0 0 1 0 0 1 0 -0 1 0 0 1 -0 0 1 0 0 1 0 -0 1 0 0 1 0 0 1 0 0 1 -0 0 1 0 0 1 0 -0 1 0 0 1 -0 0 1 0 0 1 -0 0 1 0 0 1 0 -0 1 0 -0 1 0 0 1 0 0 1 -0 0 1 0 0 1 -0 0 1 0 0 1 0 -0 1 -0 0 1 0 0 1 0 0 1 0 -0 1 -0 0 1 0 0 1 0.9913211 0.1305141 0.01576176 0.9928339 0.1195026 0 0.9381987 0.3458321 -0.01353798 0.9227155 0.3822104 0.05011204 0.8430303 0.5365775 -0.03720986 0.7906268 0.6066715 0.08281916 0.71937 0.6928833 -0.04918859 0.6071301 0.7912413 0.0730083 0.5669054 0.8235702 -0.01871898 0.3825654 0.923608 0.02433086 0.3836953 0.9230698 0.02683342 0.2031001 0.978997 -0.01775686 0.1304279 0.9906853 0.03912978 0.01151728 0.9997497 -0.01917755 -0.1304752 0.9910454 0.02837737 -0.183014 0.9831001 -0.0044829 -0.3826434 0.9237958 0.01361457 -0.3659428 0.930622 0.005354301 -0.6086782 0.7932582 0.01588183 -0.5232144 0.8521667 -0.007645783 -0.7933345 0.60875 0.006617058 -0.6680961 0.7440627 -0.004284032 -0.7928393 0.6093915 0.006902681 -0.9238279 0.3826718 0.01021056 -0.8847048 0.4661347 -0.003978812 -0.9914301 0.1305334 0.005230897 -0.953149 0.3024833 -0.003302895 -0.987691 0.1560183 0.01116518 -0.9985341 0.05412637 -5.73134e-07 0.9924549 -0.1226102 0 0.936995 -0.3493098 -0.004812744 0.991427 -0.1305335 0.005797185 0.8396603 -0.5430396 -0.008865087 0.9238085 -0.3826636 0.01210013 0.7081451 -0.7060147 -0.008579914 0.7932692 -0.6086991 0.01447709 0.5483936 -0.8362065 -0.004803589 0.6087093 -0.7932985 0.01226131 0.3643325 -0.9312683 0.001072716 0.3826696 -0.9238629 0.006422838 0.1675191 -0.9858201 0.009798996 -0.02412155 -0.9996982 -0.004670448 0.130529 -0.9914436 -0.001337585 -0.2389502 -0.9710161 -0.005526161 -0.1305252 -0.9914146 0.007750011 -0.4458529 -0.8951012 -0.00297229 -0.3826692 -0.9238611 0.006699398 -0.6160767 -0.787683 0.002262767 -0.7460787 -0.6658561 -0.001447621 -0.6087508 -0.793352 0.003889875 -0.8406756 -0.5415376 -0.001216234 -0.9083732 -0.4181574 0.001606723 -0.7933334 -0.608749 0.006839968 -0.961376 -0.2752235 -0.002843511 -0.9890059 -0.1478032 0.004644413 -0.9238544 -0.3826833 0.006825969 -0.9914181 -0.130526 0.007288803 -0.9988477 -0.04799197 5.084429e-07 0 -0 1 0 0 1 0 -0 1 0 -0 1 0 0 1 0 0 1 0 -0 1 0 -0 1 0 0 1 0 -0 1 0 -0 1 0 0 1 0 0 1 0 -0 1 0 -0 1 0 0 1 0 0 1 0 0 1 0 0 1 0 -0 1 0 0 1 0 0 1 0 -0 1 0 0 1 0 0 1 0 -0 1 0 -0 1 0 0 1 0 0 1 0 -0 1 0 -0 1 0 0 1 0 0 1 0 0 1 0 -0 1 0 0 1 0 0 1 0 -0 1 0 -0 1 0 0 1 0 -0 1 0 0 1 0 0 1 0 -0 1 0 0 1 0 0 1 0 0 1 0 -0 1 -0.9939743 0.1096127 0 -0.9503511 0.3111782 -0.0009724656 -0.9914444 0.1305232 0.001300037 -0.8743886 0.4852248 -0.001172881 -0.9238761 0.3826841 0.002406373 -0.7770417 0.6294488 0.0005262691 -0.6596591 0.7515648 -0.0004106144 -0.7933606 0.6087487 0.002005889 -0.5048331 0.863215 -0.001878399 -0.6087464 0.7933605 0.002628983 -0.2929954 0.956111 -0.002319208 -0.382688 0.9238738 0.002658789 -0.04576111 0.9989491 -0.00255038 -0.130521 0.9914423 0.002569176 0.2064789 0.9784482 -0.002370554 0.1305204 0.9914422 0.002611404 0.4435363 0.8962536 -0.002234531 0.3826913 0.9238728 0.002530515 0.6437827 0.7652075 -0.001107758 0.6087468 0.793361 0.002377347 0.7933615 0.6087494 0.00129758 0.8005815 0.599224 0.0001948491 0.9124871 0.4091054 -0.0002049904 0.9238734 0.3826919 0.00218523 0.9727018 0.2320557 -0.001226073 0.9914407 0.1305183 0.003221522 0.9969561 0.07796521 0 0.9939078 -0.1102142 0 0.9914444 -0.1305185 0.001733674 0.9490939 -0.3149909 -0.001242896 0.8717027 -0.4900327 -0.001535345 0.923871 -0.3826918 0.003048749 0.7933569 -0.6087509 0.002657617 0.7703859 -0.6375779 0.0002463003 0.6523471 -0.7579203 -0.0002158579 0.4988723 -0.8666734 -0.001906462 0.6087558 -0.7933527 0.002797112 0.2919805 -0.956422 -0.002086417 0.3826816 -0.9238762 0.002726133 0.0549484 -0.9984875 -0.001828999 0.1305292 -0.9914416 0.0023555 -0.1975056 -0.9802998 -0.001935893 -0.1305299 -0.9914423 0.002003614 -0.4330602 -0.9013643 -0.001161537 -0.3826792 -0.9238793 0.001919508 -0.6260793 -0.7797593 -5.181878e-05 -0.7817845 -0.6235487 4.170298e-05 -0.6087577 -0.7933551 0.001307892 -0.8974478 -0.4411197 -0.0009123741 -0.7933592 -0.6087527 0.001189187 -0.9661933 -0.2578167 -0.001126853 -0.9238763 -0.3826852 0.002109851 -0.9963658 -0.085177 0 -0.991443 -0.1305227 0.002136826 0 0 1 0 0 1 0 0 1 0 0 1 0 0 1 0 0 1 0 0 1 0 0 1 0 0 1 0 0 1 0 0 1 0 -0 1 0 0 1 0 0 1 0 0 1 0 0 1 0 0 1 0 0 1 0 0 1 0 -0 1 -0 0 1 0 0 1 0.7040462 -0.09268562 0.7040797 0.704055 -0.09268852 0.7040706 0.656076 -0.271762 0.7040666 0.6560554 -0.2717486 0.704091 0.5633698 -0.4322878 0.7040893 0.5633357 -0.4322496 0.7041401 0.4322588 -0.5633278 0.7041407 0.4322912 -0.5633918 0.7040697 0.2717565 -0.6560777 0.7040671 0.2717517 -0.6560546 0.7040904 0.09269003 -0.7040291 0.7040963 0.09268817 -0.7040628 0.7040628 -0.0926896 -0.7040293 0.7040962 -0.09268776 -0.7040629 0.7040628 -0.2717487 -0.6560557 0.7040905 -0.271765 -0.6560807 0.7040611 -0.4323101 -0.5633915 0.7040582 -0.4322487 -0.5633365 0.70414 -0.5633883 -0.4323084 0.7040618 -0.5633357 -0.4322496 0.7041401 -0.6560489 -0.2717443 0.7040986 -0.6560817 -0.2717658 0.7040598 -0.7040624 -0.09269419 0.7040624 -0.7040224 -0.09268108 0.7041042 -0.9941834 0.107701 0 -0.9495312 0.3136711 -0.001013145 -0.9914444 0.1305229 0.001360816 -0.8701152 0.4928469 -0.001173242 -0.9238762 0.3826851 0.002223037 -0.7676886 0.640823 5.437704e-05 -0.6492845 0.7605456 -4.578148e-05 -0.7933581 0.6087518 0.002053439 -0.5245336 0.8513895 -0.0006675969 -0.3775587 0.9259844 0.001477718 -0.6087567 0.7933537 0.002277771 -0.1986315 0.9800739 -0.0007716541 -0.3826797 0.9238805 0.001110933 -0.01423195 0.999898 -0.001202828 -0.1305297 0.9914413 0.002460903 0.1616827 0.9868428 0.0003485024 0.3304053 0.9438391 -0.000301481 0.1305292 0.9914421 0.002155761 0.3826817 0.9238765 0.002656204 0.4890432 0.8722587 -0.001242314 0.6087565 0.7933536 0.00235101 0.6341907 0.7731766 0.0002850551 0.7648722 0.644182 -0.0002718107 0.7933569 0.6087509 0.002680225 0.8752958 0.4835846 -0.001800107 0.9529684 0.3030668 -0.001364614 0.9238707 0.3826917 0.003178863 0.994396 0.1057199 0 0.9914438 0.1305184 0.002032866 0.9959648 -0.08974468 0 0.9914416 -0.1305184 0.002901164 0.9645125 -0.2640318 -0.001654496 0.8945132 -0.4470388 -0.001529041 0.923871 -0.3826909 0.0031645 0.7744842 -0.6325929 -0.0006602563 0.7933607 -0.6087487 0.001960276 0.4202917 -0.9073887 -0.0007643675 0.6103268 -0.7921491 0.0009443838 0.6087483 -0.7933631 0.0007514796 0.2165536 -0.9762692 -0.001710285 0.3826915 -0.9238733 0.002301953 0.006881247 -0.9999746 -0.001886835 0.1305202 -0.991441 0.003054365 -0.1971161 -0.9803796 -0.001050087 -0.1305209 -0.9914417 0.002791707 -0.5694175 -0.8220482 -0.0006120731 -0.3926463 -0.9196894 0.0006903507 -0.382689 -0.9238761 0.001492754 -0.7251377 -0.6886023 -0.0015396 -0.6087471 -0.7933614 0.002179923 -0.8522606 -0.5231151 -0.001550031 -0.7933596 -0.6087479 0.00255103 -0.9444396 -0.3286836 -0.0009449268 -0.9238766 -0.3826844 0.002107211 -0.9936039 -0.1129218 0 -0.9914446 -0.1305232 0.001132025 0 0 1 0 0 1 0 0 1 0 0 1 0 0 1 0 0 1 0 0 1 0 0 1 0 0 1 0 0 1 0 0 1 0 -0 1 0 0 1 0 0 1 0 0 1 0 0 1 0 0 1 0 0 1 0 0 1 0 -0 1 -0 0 1 0 0 1 0.7040461 -0.09268583 0.7040797 0.7040529 -0.09268802 0.7040728 0.6560703 -0.2717583 0.7040733 0.6560581 -0.2717504 0.7040877 0.5633745 -0.4322902 0.7040841 0.5633542 -0.4322675 0.7041143 0.4322782 -0.5633552 0.7041069 0.4322862 -0.5633709 0.7040894 0.2717476 -0.656056 0.7040908 0.2717508 -0.6560714 0.7040752 0.09268907 -0.7040464 0.7040792 0.09269004 -0.7040292 0.7040963 -0.09268866 -0.7040465 0.7040791 -0.09268961 -0.7040291 0.7040963 -0.2717547 -0.6560701 0.7040748 -0.2717495 -0.6560622 0.7040842 -0.4322968 -0.5633762 0.7040786 -0.4322757 -0.5633574 0.7041066 -0.5633929 -0.4323107 0.7040567 -0.5633541 -0.4322674 0.7041144 -0.6560433 -0.2717407 0.7041052 -0.6560845 -0.2717676 0.7040564 -0.7040624 -0.0926944 0.7040624 -0.7040201 -0.09268057 0.7041065 -0.9922167 0.1245228 1.018529e-05 -0.9338773 0.3575917 -0.001127104 -0.9914437 0.1305282 0.001318951 -0.8361216 0.548538 -0.002604842 -0.923874 0.3826784 0.003743559 -0.7145463 0.699579 -0.003587283 -0.5729035 0.8195736 0.008992013 -0.7933376 0.6087461 0.006599033 -0.4198104 0.9076117 0.0004521964 -0.2769096 0.9606254 0.02280352 -0.6087595 0.7933545 -0.0006792762 -0.1057847 0.9943637 0.00709218 -0.3826655 0.9238393 -0.009384834 0.08816298 0.9961057 -0.0008393079 0.2569547 0.965883 0.03231595 -0.1305273 0.9914441 0.001132025 0.4354911 0.9000311 0.01707054 0.1304924 0.9911723 -0.02343369 0.5963178 0.8027399 0.003696407 0.382675 0.9238682 -0.00523841 0.7352135 0.6778115 -0.005725382 0.6087365 0.7933246 0.008705005 0.8490427 0.5282615 -0.008142232 0.7932561 0.6086835 0.01578289 0.9338675 0.3576179 0.0008284005 0.9801016 0.198496 -0.0005195963 0.9237993 0.3826475 0.01325941 0.9977006 0.06777697 -4.599419e-05 0.9910209 0.1304725 0.02922992 -0.9915981 -0.1293565 1.017894e-05 -0.9914498 -0.1304876 0.0003334243 -0.9238793 -0.3826802 0.00170666 -0.9262245 -0.3769721 -0.0003024378 -0.7933545 -0.6087595 0.0008117072 -0.7971148 -0.6038252 -0.001779367 -0.608751 -0.793344 0.00524508 -0.6182924 -0.7859478 -0.0007681337 -0.3826541 -0.9238122 0.01212247 -0.4082892 -0.9128395 -0.004910512 -0.1304821 -0.9911039 0.02621852 -0.1831187 -0.9830334 -0.0106231 0.04839334 -0.9985314 -0.02435634 0.1304055 -0.9905235 0.04310038 0.2809575 -0.9588091 -0.0418116 0.381916 -0.9220298 0.06325583 0.4875927 -0.8716882 -0.04912365 0.6071531 -0.7912609 0.07260471 0.654241 -0.7559426 -0.02278699 0.7927805 -0.608319 0.03804022 0.7906369 -0.6115367 0.03026799 0.8926626 -0.4499933 -0.02568157 0.9223221 -0.3820372 0.05804715 0.9611221 -0.2749659 -0.02526165 0.9906581 -0.1304657 0.03968841 0.9959177 -0.0902658 -4.591516e-05 0 0 1 0 -0 1 0 0 1 0 0 1 0 -0 1 0 -0 1 0 0 1 0 0 1 0 -0 1 0 0 1 0 -0 1 0 0 1 0 0 1 0 -0 1 0 -0 1 0 0 1 0 0 1 0 -0 1 0 -0 1 0 0 1 0 0 1 0 -0 1 0 0 1 0 -0 1 0 0 1 0 0 1 0 -0 1 0 0 1 0 0 1 0 0 1 0 0 1 0 -0 1 0 0 1 0 0 1 0 0 1 0 0 1 0 -0 1 0 -0 1 0 0 1 0 0 1 0 0 1 0 -0 1 0 0 1 0 0 1 0 0 1 0 -0 1 0 0 1 0 0 1 -0.9926537 0.1209906 5.577805e-06 -0.9448853 0.3273689 -0.004634588 -0.9914206 0.130527 0.006918924 -0.8714947 0.4903393 -0.008014288 -0.7621562 0.6470048 0.02241787 -0.9237146 0.3826248 0.0186958 -0.65448 0.7560783 -0.001216875 -0.7933506 0.6087616 0.002027155 -0.4991295 0.866492 -0.007831248 -0.608712 0.7933021 0.0119005 -0.2819901 0.9593781 -0.008676762 -0.3826577 0.9238342 0.01017304 -0.03189825 0.9994658 -0.007109831 -0.1305243 0.9914082 0.008556565 0.217943 0.9759426 -0.006073702 0.1305256 0.9914179 0.007322697 0.44313 0.8964505 -0.003529353 0.6263268 0.7795439 0.005107315 0.38267 0.9238632 0.00635012 0.7667344 0.6419643 -0.0003745022 0.6087553 0.7933578 0.0005468563 0.8648754 0.5019807 -0.00241891 0.928166 0.3721108 0.006442372 0.7933384 0.6087528 0.005849684 0.9740297 0.2264081 -0.002343284 0.923867 0.3826886 0.004366114 0.9972439 0.07419378 0 0.9914154 0.1305313 0.007551039 0 0 1 0 0 1 0 -0 1 0 0 1 0 0 1 0 0 1 0 -0 1 0 0 1 0 -0 1 0 0 1 0 0 1 0 -0 1 0 0 1 0 -0 1 0 0 1 0 -0 1 0 -0 1 0 0 1 0 0 1 0 -0 1 0 -0 1 0 0 1 0 0 1 0 0 1 0 -0 1 0 0 1 0 0 1 0 0 1 0 -0 1 0 0 1 0 0 1 0 0 1 0 0 1 0 -0 1 0 0 1 0 -0 1 0 0 1 0 -0 1 0 0 1 0 0 1 0 -0 1 0 0 1 0 -0 1 0 0 1 0 -0 1 0 0 1 0 0 1 0 -0 1 -0.9986504 -0.05193608 -2.394312e-06 -0.9906665 -0.1304245 0.03961614 -0.9883205 -0.1504484 0.02424635 -0.9576666 -0.2874646 -0.01544923 -0.9223395 -0.3820438 0.05772683 -0.8946064 -0.4463313 -0.02162819 -0.7928782 -0.608394 0.0346541 -0.7935711 -0.6076224 0.03224786 -0.6559808 -0.7543268 -0.02608662 -0.6071456 -0.7912511 0.07277313 -0.4895944 -0.8706217 -0.04811613 -0.3819083 -0.9220142 0.06352796 -0.2811757 -0.9586 -0.0450133 -0.130406 -0.9905169 0.04324951 -0.03759808 -0.9988371 -0.03018062 0.1304741 -0.9910329 0.02881521 0.2118072 -0.9771002 -0.02031929 0.3826082 -0.9237046 0.01951668 0.6086994 -0.7932768 0.01403285 0.4504965 -0.8926574 -0.0146859 0.7933214 -0.6087341 0.009167922 0.6581297 -0.7528541 -0.008711847 0.9238703 -0.3826759 0.00478512 0.8188336 -0.5740144 -0.004349816 0.9914444 -0.1305226 0.001342321 0.9315443 -0.3636257 -0.001212757 0.9920728 -0.1256647 0 -0.9963627 0.08521439 0 -0.9681456 0.2503834 -0.001480948 -0.9914412 0.1305183 0.003052884 -0.9026034 0.4304717 -0.001055118 -0.923872 0.3826913 0.002812708 -0.6218684 0.7831217 -1.215514e-05 -0.784976 0.6195261 1.994213e-05 -0.7933615 0.6087494 0.001293204 -0.4317465 0.9019942 -0.001192469 -0.6087478 0.7933624 0.001454111 -0.2271568 0.9738563 -0.001909808 -0.3826912 0.9238726 0.002588079 -0.0154563 0.9998788 -0.001883004 -0.1305202 0.9914408 0.003119969 0.1909156 0.9816059 -0.0009692091 0.1305209 0.9914419 0.002687729 0.5667632 0.8238806 -0.0006627936 0.3884311 0.9214774 0.0008447424 0.3826891 0.9238763 0.001317971 0.7232814 0.6905516 -0.001557872 0.6087469 0.7933612 0.00226169 0.7933596 0.6087479 0.002571654 0.8515055 0.5243435 -0.001538022 0.9238768 0.3826844 0.002090203 0.9440285 0.3298625 -0.000918898 0.9940011 -0.1093701 0 0.9914446 0.1305232 0.001131646 0.9935971 0.1129817 0 0.9477 -0.3191609 -0.0009856923 0.9914445 -0.1305229 0.001280972 0.8651227 -0.5015588 -0.00122929 0.9238763 -0.3826852 0.002147948 0.7588942 -0.6512138 -0.0002938307 0.6373081 -0.770609 0.0003050844 0.7933578 -0.6087517 0.002189603 0.5090079 -0.8607615 -0.0007872061 0.6087569 -0.793354 0.002108559 0.3583159 -0.9336004 0.0003468817 0.1765243 -0.9842963 -0.0003277404 0.3826793 -0.9238794 0.001818799 -0.01154202 -0.9999326 -0.001261796 0.1305298 -0.9914419 0.002196104 -0.1908149 -0.9816259 -0.0004946558 -0.3601708 -0.9328862 0.000563752 -0.1305291 -0.9914412 0.00251575 -0.5210012 -0.853555 -0.001257123 -0.3826822 -0.9238776 0.002128628 -0.6664128 -0.7455823 -0.000951283 -0.7946031 -0.6071275 0.001463843 -0.6087558 -0.7933525 0.002851272 -0.9012179 -0.4333651 -0.001009749 -0.793359 -0.6087526 0.001290981 -0.9664834 -0.2567256 -0.00133918 -0.9238718 -0.3826921 0.002766834 -0.996025 -0.08907434 0 -0.9914418 -0.1305181 0.002854974 0 0 1 0 0 1 0 0 1 0 0 1 0 0 1 0 0 1 0 0 1 0 0 1 0 0 1 0 0 1 0 0 1 0 -0 1 0 0 1 0 0 1 0 0 1 0 0 1 0 0 1 0 0 1 0 0 1 0 -0 1 -0 0 1 0 0 1 0.7040624 -0.09269419 0.7040624 0.7040224 -0.09268108 0.7041042 0.6560489 -0.2717443 0.7040985 0.6560817 -0.2717658 0.7040598 0.5633883 -0.4323085 0.7040618 0.5633357 -0.4322496 0.7041401 0.4322601 -0.5633264 0.704141 0.4322974 -0.5634 0.7040593 0.2717601 -0.656083 0.7040607 0.271754 -0.656054 0.7040902 0.0926896 -0.7040291 0.7040962 0.09268776 -0.7040629 0.7040629 -0.09269002 -0.7040291 0.7040962 -0.09268817 -0.7040628 0.7040628 -0.2717476 -0.656056 0.7040908 -0.2717604 -0.6560757 0.7040674 -0.4323023 -0.5633845 0.7040687 -0.4322487 -0.5633365 0.70414 -0.5633699 -0.4322878 0.7040893 -0.5633357 -0.4322496 0.7041401 -0.6560759 -0.271762 0.7040667 -0.6560554 -0.2717486 0.704091 -0.7040462 -0.0926856 0.7040797 -0.704055 -0.09268852 0.7040706 -0.4093935 -0.9123049 0.009829239 -0.567342 -0.82348 -0.001894396 -0.3826832 -0.9238796 0.0002403453 -0.7048683 -0.7093012 -0.007245873 -0.6087236 -0.7933078 0.01087871 -0.8181373 -0.5750219 -0.00113351 -0.9104437 -0.413633 -5.918092e-05 -0.7932971 -0.6087149 0.01208248 -0.9695996 -0.244527 -0.009115252 -0.9237422 -0.3826263 0.01724726 -0.9963278 -0.08561747 0.0007282958 -0.991116 -0.1304841 0.02574591 0.9358287 -0.3524535 -0.001081979 0.8441874 -0.5360476 0.0006370401 0.8590009 -0.5113624 0.02501797 0.5835938 -0.8119741 -0.01079014 0.4435886 -0.8950654 0.04568286 0.6099902 -0.792384 0.006302162 0.9236708 -0.3825967 0.02126283 0.8613145 -0.5075128 -0.02383608 0.6216612 -0.7831763 -0.01311891 0.671025 -0.7403893 0.03935748 0.6234028 -0.7817876 0.01330264 0.6086857 -0.7932517 0.01591918 0.6684565 -0.7428209 -0.03718919 0.9928281 -0.1174555 -0.0222848 0.9486465 -0.3153005 -0.02560378 0.9449419 -0.3264369 0.02288404 0.9911616 -0.1304901 0.02389651 0.9955293 -0.09445278 -0.0003497453 0.9955289 -0.09445713 -0.0003508287 0.9582846 -0.2858151 -0.0004670349 0.9492248 -0.3136426 -0.02450715 0.9480981 -0.3173245 0.02037357 0.7249591 -0.6887725 0.005168473 0.7277169 -0.685862 -0.004640225 0.7276998 -0.6858908 0.00264147 0.8467139 -0.532044 -0.002204761 0.8461035 -0.5329747 0.006842292 0.7931347 -0.608597 0.02338557 0.7119533 -0.7022258 0.001223497 0.8463584 -0.5322983 -0.01832983 0.8461901 -0.5328683 -0.003721655 0.7113814 -0.7023729 -0.02467531 0.2867346 -0.9580095 0.0009495723 0.1425908 -0.9886584 0.04714099 0.4438551 -0.8959174 -0.01801454 0.4558704 -0.8884916 0.05258351 0.4486729 -0.8929057 0.03757687 0.2978969 -0.9545816 0.005605913 0.1305082 -0.991297 -0.01725707 0.3826749 -0.9238669 -0.005467952 0.3749892 -0.927027 -0.002001773 0.5371062 -0.84328 0.01989757 0.5585039 -0.8293062 -0.01801543 0.4571656 -0.8886893 -0.0350837 0.3695951 -0.9291592 0.007914335 0.1908397 -0.9808158 0.03975604 0.1726661 -0.9849709 0.004351572 0.1620699 -0.9867761 0.002504298 0.1781983 -0.9839936 -0.001405605 -0.04214854 -0.9988863 0.02120423 -0.06115722 -0.9981112 0.005803316 -0.235415 -0.9716693 0.02093912 -0.03385523 -0.9993724 -0.01042316 -0.1305238 -0.9914226 0.006688889 -0.2314471 -0.9728216 -0.007098627 0.9917756 0.1279883 0 0.9914443 0.130528 0.000716844 0.9238779 0.3826796 0.002459604 0.9276022 0.3735689 -0.0006702096 0.7933394 0.6087479 0.00620903 0.8076039 0.5897208 -0.002300657 0.6087205 0.7933044 0.01129485 0.6410801 0.7674516 -0.005848426 0.3826036 0.9236903 0.02026541 0.4456464 0.8951569 -0.0096659 0.2320683 0.9725338 -0.01795289 0.1304697 0.9910098 0.02961751 0.00103728 0.9996049 -0.02808881 -0.1304217 0.9906464 0.04012535 -0.234621 0.9712717 -0.03980273 -0.3821635 0.9226272 0.0520596 -0.4463966 0.8941915 -0.03393534 -0.608164 0.7925784 0.04422686 -0.6200176 0.7844242 0.01602623 -0.7649712 0.6439211 -0.0135923 -0.7916797 0.6074743 0.0649482 -0.8752015 0.4820951 -0.04008518 -0.9220164 0.3819106 0.06348146 -0.9536636 0.299796 -0.02545627 -0.9896207 0.140301 0.03108684 -0.9906977 0.1304284 0.03881492 -0.9987702 0.04957835 0 -0.9937445 0.1116773 0 -0.9456344 0.3252292 -0.001288486 -0.9914445 0.1305185 0.001629686 -0.844355 0.5357776 -0.002631875 -0.9238718 0.3826921 0.00277728 -0.6848214 0.7287067 -0.002499982 -0.7933567 0.6087508 0.002781601 -0.4876413 0.8730407 -0.002424311 -0.6087559 0.7933527 0.002809224 -0.2757612 0.9612244 -0.001820752 -0.3826816 0.9238762 0.002781198 0.07568178 0.997132 -0.0001751421 -0.08873078 0.9960557 0.0001820899 -0.1305292 0.9914415 0.002423724 0.2404488 0.9706612 -0.000989393 0.1305297 0.9914415 0.002421892 0.5479535 0.8365086 -0.0004451282 0.4033121 0.9150623 0.0005939386 0.3826792 0.9238793 0.001865883 0.7624293 0.6470715 0.0002166453 0.6654183 0.7464706 -0.0002058759 0.6087565 0.7933536 0.002383878 0.8629325 0.5053168 -0.00157261 0.7933577 0.6087515 0.002249802 0.950611 0.3103828 -0.001164433 0.9238762 0.3826851 0.002223165 0.9945474 0.1042849 0 0.992974 -0.1183329 0 0.9914442 0.1305229 0.00151489 0.9914449 -0.1305232 0.0008286103 0.9410592 -0.3382413 -0.0005966731 0.8534356 -0.5211967 -0.001294747 0.9238769 -0.3826845 0.002013888 0.7391529 -0.673537 -0.0009536601 0.6065667 -0.795031 0.001533639 0.7933595 -0.6087478 0.002578154 0.4549212 -0.8905312 -0.0008526613 0.608748 -0.7933626 0.001338208 0.2892525 -0.9572521 -0.001187406 0.3826878 -0.9238734 0.002800093 0.112704 -0.9936283 0.0007202106 -0.07783046 -0.9969663 -0.0006194609 0.1305211 -0.9914436 0.001969257 -0.2763052 -0.9610679 -0.001987994 -0.1305203 -0.9914418 0.002750263 -0.4798498 -0.8773472 -0.002455943 -0.3826905 -0.923871 0.003207124 -0.668317 -0.7438736 -0.002076954 -0.6087457 -0.7933596 0.003031219 -0.8201031 -0.5722147 -0.001116907 -0.7933598 -0.6087481 0.002461747 -0.9246005 -0.3809367 0.001106289 -0.97743 -0.2112588 -0.0005832365 -0.9238749 -0.3826925 0.00128393 -0.9975671 -0.06971401 0 -0.9914401 -0.1305182 0.003390391 0 0 1 0 0 1 0 0 1 0 0 1 0 0 1 0 0 1 0 0 1 0 0 1 0 0 1 0 0 1 0 0 1 0 -0 1 0 0 1 0 0 1 0 0 1 0 0 1 0 0 1 0 0 1 0 0 1 0 -0 1 -0 0 1 0 0 1 0.7040625 -0.09269441 0.7040623 0.7040201 -0.09268057 0.7041064 0.6560433 -0.2717406 0.7041054 0.6560845 -0.2717675 0.7040565 0.5633929 -0.4323107 0.7040567 0.5633542 -0.4322675 0.7041143 0.4322796 -0.5633538 0.704107 0.4322924 -0.5633791 0.704079 0.2717511 -0.6560614 0.7040843 0.2717531 -0.6560707 0.7040749 0.09268866 -0.7040464 0.7040791 0.09268962 -0.7040292 0.7040963 -0.09268907 -0.7040464 0.7040791 -0.09269004 -0.7040292 0.7040963 -0.2717536 -0.6560706 0.7040749 -0.2717449 -0.6560572 0.7040907 -0.4322888 -0.5633691 0.7040893 -0.4322757 -0.5633574 0.7041066 -0.5633745 -0.4322901 0.7040842 -0.5633541 -0.4322674 0.7041144 -0.6560703 -0.2717583 0.7040733 -0.6560582 -0.2717504 0.7040876 -0.7040461 -0.09268582 0.7040797 -0.7040529 -0.09268802 0.7040728 -0.7040461 0.09268733 0.7040797 -0.7040554 0.09268682 0.7040704 -0.6560535 0.2717527 0.7040912 -0.6560774 0.2717577 0.7040669 -0.5633295 0.4322568 0.7041407 -0.563375 0.4322798 0.70409 -0.4323022 0.5633844 0.7040688 -0.4322487 0.5633366 0.7041399 -0.2717476 0.656056 0.7040907 -0.2717604 0.6560757 0.7040674 -0.0926944 0.7040624 0.7040624 -0.09268389 0.7040303 0.7040958 0.0926896 0.7040293 0.7040962 0.09268776 0.7040629 0.7040628 0.2717601 0.656083 0.7040607 0.2717539 0.6560538 0.7040903 0.4322602 0.5633264 0.704141 0.4322974 0.5634 0.7040592 0.5633883 0.4323084 0.7040618 0.5633357 0.4322496 0.7041401 0.6560489 0.2717443 0.7040986 0.6560817 0.2717658 0.7040598 0.7040624 0.09269419 0.7040624 0.7040224 0.09268108 0.7041042 -0.7040461 0.09268712 0.7040797 -0.7040532 0.09268673 0.7040727 -0.6560569 0.2717527 0.7040879 -0.6560711 0.2717557 0.7040734 -0.5633505 0.4322717 0.7041146 -0.5633776 0.4322855 0.7040845 -0.4322888 0.5633691 0.7040892 -0.4322757 0.5633574 0.7041066 -0.2717535 0.6560705 0.7040749 -0.2717449 0.6560572 0.7040907 -0.09268683 0.7040293 0.7040965 -0.09269221 0.7040457 0.7040793 0.09268866 0.7040465 0.7040791 0.09268961 0.7040291 0.7040963 0.2717511 0.6560614 0.7040843 0.2717531 0.6560708 0.7040749 0.4322796 0.5633539 0.704107 0.4322925 0.5633792 0.704079 0.5633929 0.4323107 0.7040567 0.5633541 0.4322674 0.7041144 0.6560433 0.2717407 0.7041052 0.6560845 0.2717676 0.7040564 0.7040624 0.0926944 0.7040624 0.7040201 0.09268057 0.7041065 0 0 1 -0 0 1 0 -0 1 0 0 1 -0 0 1 -0 0 1 0 -0 1 0 0 1 -0 0 1 0 -0 1 -0 0 1 -0 0 1 0 -0 1 -0 0 1 0 -0 1 0 0 1 -0 0 1 0 -0 1 0 -0 1 -0 0 1 -0 0 1 0 -0 1 0 -0 1 -0 0 1 -0 0 1 0 0 1 0 0 1 0 -0 1 0 0 1 -0 0 1 0 0 1 0 0 1 0 -0 1 0 0 1 0 -0 1 0 0 1 -0 0 1 0 -0 1 -0 0 1 0 -0 1 0 0 1 0 0 1 0 -0 1 0 0 1 -0 0 1 0 0 1 -0 0 1 0 -0 1 -0.7040629 0.0926862 0.7040629 -0.7040186 0.09268863 0.7041069 -0.6560885 0.2717594 0.7040559 -0.6560404 0.2717493 0.7041046 -0.5633471 0.4322756 0.7041149 -0.563399 0.4323018 0.7040573 -0.4322968 0.5633762 0.7040786 -0.4322757 0.5633574 0.7041066 -0.2717547 0.6560701 0.7040748 -0.2717495 0.6560621 0.7040842 -0.09268641 0.7040293 0.7040965 -0.09269182 0.7040459 0.7040793 0.09268907 0.7040464 0.7040791 0.09269004 0.7040292 0.7040963 0.2717475 0.656056 0.7040908 0.2717508 0.6560714 0.7040752 0.4322782 0.5633552 0.7041069 0.4322862 0.563371 0.7040893 0.5633745 0.4322901 0.7040842 0.5633541 0.4322674 0.7041144 0.6560703 0.2717583 0.7040733 0.6560582 0.2717504 0.7040876 0.7040461 0.09268582 0.7040797 0.7040529 0.09268802 0.7040728 -0.7040629 0.09268641 0.7040629 -0.7040208 0.09268872 0.7041047 -0.656085 0.2717593 0.7040593 -0.6560466 0.2717512 0.7040981 -0.563326 0.4322606 0.704141 -0.5633963 0.4322962 0.7040629 -0.4323101 0.5633915 0.7040582 -0.4322487 0.5633366 0.7041399 -0.2717488 0.6560557 0.7040906 -0.271765 0.6560806 0.7040611 -0.09269398 0.7040624 0.7040624 -0.09268348 0.7040304 0.7040958 0.09269002 0.7040291 0.7040962 0.09268817 0.7040628 0.7040628 0.2717565 0.6560776 0.7040672 0.2717517 0.6560546 0.7040904 0.4322587 0.5633277 0.7041408 0.4322912 0.5633919 0.7040696 0.5633699 0.4322878 0.7040893 0.5633357 0.4322496 0.7041401 0.6560759 0.271762 0.7040667 0.6560554 0.2717486 0.704091 0.7040462 0.0926856 0.7040797 0.704055 0.09268852 0.7040706 -0.113864 0.9934963 0 -0.113864 0.9934963 0 -0.3357198 0.9419619 0 -0.3357198 0.9419619 0 -0.5401465 0.841571 0 -0.5401465 0.841571 0 -0.7165469 0.6975389 0 -0.855784 0.5173332 0 -0.7165469 0.6975389 0 -0.855784 0.5173332 0 -0.9506535 0.3102549 0 -0.9506535 0.3102549 0 -0.6744017 0.2200975 0.7047974 -0.6744552 0.2200729 0.7047538 -0.6071303 0.3670202 0.7047616 -0.6071297 0.3670183 0.7047631 -0.5083369 0.4948686 0.7047685 -0.508336 0.4948513 0.7047814 -0.3831777 0.5970399 0.7047824 -0.3831823 0.597014 0.7048019 -0.2381529 0.6682356 0.704801 -0.2381581 0.6682234 0.7048107 -0.08077945 0.7047913 0.7048005 -0.08077622 0.7047958 0.7047964 -0.6967435 -0.1214661 0.7069615 -0.6967657 -0.1214735 0.7069383 -0.7025403 -0.08118723 0.7069977 -0.7025985 -0.08120305 0.7069381 -0.7060767 -0.04066413 0.7069669 -0.7060462 -0.04065768 0.7069978 -0.7072468 0 0.7069668 -0.7072468 0 0.7069668 -0.7060458 0.04066235 0.7069978 -0.7060769 0.04065946 0.7069669 -0.7025997 0.0811941 0.706938 -0.7025394 0.08119622 0.7069975 -0.6967428 0.1214695 0.7069615 -0.6967663 0.12147 0.7069383 -0.9845185 0.175281 0 -0.9920804 0.125525 -0.004465075 -0.9851284 0.1717414 0.005197685 -0.9971238 0.07542428 -0.007436326 -0.9933478 0.1148065 0.008922823 -0.9996435 0.02516966 -0.008916873 -0.9982841 0.05748621 0.01114488 -0.9996435 -0.02516966 -0.008916873 -0.9999292 0 0.0118991 -0.9971238 -0.07542428 -0.007436326 -0.9982841 -0.05748621 0.01114488 -0.9920804 -0.125525 -0.004465075 -0.9933478 -0.1148065 0.008922818 -0.9845185 -0.175281 -0 -0.9851284 -0.1717414 0.005197687 -0.6962757 0.1239642 -0.7069886 -0.6962694 0.1239619 -0.7069954 -0.7016002 0.0887659 -0.7070203 -0.7016308 0.08877528 -0.7069889 -0.7052462 0.05335805 -0.7069517 -0.7051784 0.05334099 -0.7070206 -0.7069948 0.0177937 -0.7069948 -0.7070376 0.01780224 -0.7069518 -0.08077625 0.7047961 -0.7047962 -0.0807795 0.7047917 -0.7048002 -0.238153 0.6682358 -0.7048007 -0.2381582 0.6682237 -0.7048104 -0.3831778 0.5970402 -0.7047821 -0.3831824 0.5970143 -0.7048015 -0.5083371 0.4948687 -0.7047682 -0.5083362 0.4948515 -0.704781 -0.6071305 0.3670204 -0.7047613 -0.60713 0.3670184 -0.7047628 -0.6744123 0.2200589 -0.7047994 -0.6744409 0.2201103 -0.7047559 -0.7069948 -0.0177937 -0.7069948 -0.7070377 -0.01780224 -0.7069518 -0.7052462 -0.05335805 -0.7069518 -0.7051785 -0.05334099 -0.7070206 -0.7016001 -0.0887659 -0.7070203 -0.7016308 -0.08877528 -0.7069889 -0.6962758 -0.1239643 -0.7069886 -0.6962694 -0.1239619 -0.7069954 -0.9506535 -0.3102549 0 -0.9506535 -0.3102549 -0 -0.855784 -0.5173332 -0 -0.855784 -0.5173332 0 -0.7165469 -0.6975389 -0 -0.7165469 -0.6975389 0 -0.5401465 -0.841571 -0 -0.3357198 -0.9419619 -0 -0.5401465 -0.841571 0 -0.3357198 -0.9419619 -0 -0.113864 -0.9934963 -0 -0.113864 -0.9934963 0 -0.6744123 -0.2200589 -0.7047994 -0.674441 -0.2201103 -0.7047558 -0.6071306 -0.3670204 -0.7047614 -0.60713 -0.3670184 -0.7047628 -0.5083371 -0.4948688 -0.7047682 -0.5083362 -0.4948515 -0.7047811 -0.3831668 -0.5970232 -0.7048026 -0.3831923 -0.5970297 -0.7047831 -0.238153 -0.6682358 -0.7048006 -0.2381582 -0.6682237 -0.7048104 -0.08077996 -0.7047958 -0.704796 -0.08077582 -0.7047923 -0.7048 -0.08077995 -0.7047956 0.7047963 -0.0807758 -0.7047921 0.7048003 -0.2381495 -0.668226 0.7048112 -0.2381612 -0.6682321 0.7048015 -0.3831667 -0.5970228 0.7048028 -0.3831922 -0.5970294 0.7047834 -0.5083273 -0.4948592 0.704782 -0.5083446 -0.4948597 0.7047693 -0.6071289 -0.3670194 0.7047632 -0.6071309 -0.367019 0.7047617 -0.6744552 -0.2200729 0.7047539 -0.6744017 -0.2200975 0.7047974 0 -0 -1 0 -0 -1 -0 0 -1 0 -0 -1 0 0 -1 -0 0 -1 0 -0 -1 0 0 -1 0 0 -1 -0 0 -1 0 0 -1 0 -0 -1 0 0 -1 -0 -0 -1 -0 0 -1 0 -0 -1 -0 0 -1 0 -0 -1 0 0 -1 -0 0 -1 -0 0 -1 0 -0 -1 0 0 -1 -0 0 -1 0 -0 -1 0 0 -1 0 0 -1 -0 0 -1 0 0 -1 0 0 -1 -0 0 -1 0 -0 -1 0 0 -1 0 0 -1 -0 0 -1 0 -0 -1 0 0 -1 0 0 -1 -0 0 -1 0 -0 -1 0 -0 -1 -0 0 -1 0 -0 -1 0 0 -1 0 -0 -1 0 0 -1 0 -0 -1 0 0 -1 0 0 -1 0 -0 -1 0 0 -1 -0 0 -1 0 0 -1 -0 0 -1 0 -0 -1 0 0 -1 -0 0 -1 -0 0 -1 0 0 -1 -0 0 -1 0 -0 -1 -0 0 -1 0 0 -1 0 -0 -1 0.9914441 -0.1305323 0 0.9914441 -0.1305323 0 0.9238802 -0.3826818 0 0.9238802 -0.3826818 0 0.6087619 -0.793353 0 0.793353 -0.6087619 0 0.793353 -0.6087619 0 0.6087619 -0.793353 0 0.3826818 -0.9238802 0 0.3826818 -0.9238802 0 -0.1305323 -0.9914441 -0 0.1305323 -0.9914441 0 0.1305323 -0.9914441 0 -0.1305323 -0.9914441 -0 -0.6087613 -0.7933534 -0 -0.3826826 -0.9238799 -0 -0.3826826 -0.9238799 0 -0.6087613 -0.7933534 -0 -0.9238767 -0.3826903 -0 -0.7933524 -0.6087626 -0 -0.7933524 -0.6087626 0 -0.9238767 -0.3826903 -0 -0.9914457 -0.1305203 0 -0.9914457 -0.1305203 -0 -0.9914457 0.1305203 0 -0.9914457 0.1305203 0 -0.9238763 0.3826911 0 -0.9238763 0.3826911 0 -0.608762 0.7933529 0 -0.7933529 0.608762 0 -0.7933529 0.608762 0 -0.3826911 0.9238763 0 -0.608762 0.7933529 0 -0.3826911 0.9238763 0 -0.1305203 0.9914457 0 -0.1305203 0.9914457 0 0.1305203 0.9914457 0 0.1305203 0.9914457 0 0.3826903 0.9238767 0 0.3826903 0.9238767 0 0.6087626 0.7933524 0 0.6087626 0.7933524 0 0.7933534 0.6087613 0 0.7933534 0.6087613 0 0.9238799 0.3826826 0 0.9238799 0.3826826 0 0.9914441 0.1305323 0 0.9914441 0.1305323 0 0.9914457 -0.1305203 0 0.9914457 -0.1305203 0 0.9238767 -0.3826903 0 0.9238767 -0.3826903 0 0.6087613 -0.7933534 0 0.7933524 -0.6087626 0 0.7933524 -0.6087626 0 0.6087613 -0.7933534 0 0.3826826 -0.9238799 0 0.3826826 -0.9238799 0 -0.1305323 -0.9914441 -0 0.1305323 -0.9914441 0 0.1305323 -0.9914441 0 -0.1305323 -0.9914441 -0 -0.6087619 -0.793353 -0 -0.3826818 -0.9238802 -0 -0.3826818 -0.9238802 0 -0.6087619 -0.793353 -0 -0.9238802 -0.3826818 -0 -0.793353 -0.6087619 -0 -0.793353 -0.6087619 0 -0.9238802 -0.3826818 -0 -0.9914441 -0.1305323 0 -0.9914441 -0.1305323 -0 -0.9914441 0.1305323 0 -0.9914441 0.1305323 0 -0.9238799 0.3826826 0 -0.9238799 0.3826826 0 -0.7933534 0.6087613 0 -0.6087626 0.7933524 0 -0.7933534 0.6087613 0 -0.6087626 0.7933524 0 -0.3826903 0.9238767 0 -0.3826903 0.9238767 0 -0.1305203 0.9914457 0 -0.1305203 0.9914457 0 0.1305203 0.9914457 0 0.1305203 0.9914457 0 0.3826911 0.9238763 0 0.3826911 0.9238763 0 0.608762 0.7933529 0 0.608762 0.7933529 0 0.7933529 0.608762 0 0.7933529 0.608762 0 0.9238763 0.3826911 0 0.9238763 0.3826911 0 0.9914457 0.1305203 0 0.9914457 0.1305203 0 0.9914457 -0.1305203 0 0.9914457 -0.1305203 0 0.9238763 -0.3826911 0 0.9238763 -0.3826911 0 0.608762 -0.7933529 0 0.7933529 -0.608762 0 0.7933529 -0.608762 0 0.608762 -0.7933529 0 0.3826911 -0.9238763 0 0.3826911 -0.9238763 0 -0.1305203 -0.9914457 -0 0.1305203 -0.9914457 0 0.1305203 -0.9914457 0 -0.1305203 -0.9914457 -0 -0.6087626 -0.7933524 -0 -0.3826903 -0.9238767 -0 -0.3826903 -0.9238767 0 -0.6087626 -0.7933524 -0 -0.9238799 -0.3826826 -0 -0.7933534 -0.6087613 -0 -0.7933534 -0.6087613 0 -0.9238799 -0.3826826 -0 -0.9914441 -0.1305323 0 -0.9914441 -0.1305323 -0 -0.9914441 0.1305323 0 -0.9914441 0.1305323 0 -0.9238802 0.3826818 0 -0.9238802 0.3826818 0 -0.6087619 0.793353 0 -0.793353 0.6087619 0 -0.793353 0.6087619 0 -0.3826818 0.9238802 0 -0.6087619 0.793353 0 -0.3826818 0.9238802 0 -0.1305323 0.9914441 0 -0.1305323 0.9914441 0 0.1305323 0.9914441 0 0.1305323 0.9914441 0 0.3826826 0.9238799 0 0.3826826 0.9238799 0 0.6087613 0.7933534 0 0.6087613 0.7933534 0 0.7933524 0.6087626 0 0.7933524 0.6087626 0 0.9238767 0.3826903 0 0.9238767 0.3826903 0 0.9914457 0.1305203 0 0.9914457 0.1305203 0 0.9914441 -0.1305323 0 0.9914441 -0.1305323 0 0.9238799 -0.3826826 0 0.9238799 -0.3826826 0 0.6087626 -0.7933524 0 0.7933534 -0.6087613 0 0.7933534 -0.6087613 0 0.6087626 -0.7933524 0 0.3826903 -0.9238767 0 0.3826903 -0.9238767 0 -0.1305203 -0.9914457 -0 0.1305203 -0.9914457 0 0.1305203 -0.9914457 0 -0.1305203 -0.9914457 -0 -0.608762 -0.7933529 -0 -0.3826911 -0.9238763 -0 -0.3826911 -0.9238763 0 -0.608762 -0.7933529 -0 -0.9238763 -0.3826911 -0 -0.7933529 -0.608762 -0 -0.7933529 -0.608762 0 -0.9238763 -0.3826911 -0 -0.9914457 -0.1305203 0 -0.9914457 -0.1305203 -0 -0.9914457 0.1305203 0 -0.9914457 0.1305203 0 -0.9238767 0.3826903 0 -0.9238767 0.3826903 0 -0.6087613 0.7933534 0 -0.7933524 0.6087626 0 -0.7933524 0.6087626 0 -0.3826826 0.9238799 0 -0.6087613 0.7933534 0 -0.3826826 0.9238799 0 -0.1305323 0.9914441 0 -0.1305323 0.9914441 0 0.1305323 0.9914441 0 0.1305323 0.9914441 0 0.3826818 0.9238802 0 0.3826818 0.9238802 0 0.6087619 0.793353 0 0.6087619 0.793353 0 0.793353 0.6087619 0 0.793353 0.6087619 0 0.9238802 0.3826818 0 0.9238802 0.3826818 0 0.9914441 0.1305323 0 0.9914441 0.1305323 0</float_array>
          <technique_common>
            <accessor count="3048" source="#cubenormals-array9-array" stride="3">
              <param type="float" name="X"/>
              <param type="float" name="Y"/>
              <param type="float" name="Z"/>
            </accessor>
          </technique_common>
        </source>
        <vertices id="cubeverts-array9-vertices">
          <input semantic="POSITION" source="#cubeverts-array9"/>
        </vertices>
        <triangles count="3048" material="ref_Mesh009">
          <input offset="0" semantic="VERTEX" source="#cubeverts-array9-vertices"/>
          <input offset="1" semantic="NORMAL" source="#cubenormals-array9"/>
          <p>0 0 1 0 2 0 0 1 2 1 3 1 4 2 1 2 0 2 5 3 4 3 0 3 6 4 5 4 0 4 7 5 5 5 6 5 8 6 7 6 6 6 9 7 7 7 8 7 10 8 9 8 8 8 11 9 9 9 10 9 12 10 11 10 10 10 13 11 11 11 12 11 14 12 13 12 12 12 15 13 13 13 14 13 16 14 15 14 14 14 17 15 15 15 16 15 18 16 17 16 16 16 19 17 17 17 18 17 20 18 19 18 18 18 21 19 19 19 20 19 22 20 21 20 20 20 23 21 21 21 22 21 24 22 23 22 22 22 25 23 23 23 24 23 26 24 25 24 24 24 27 25 25 25 26 25 28 26 27 26 26 26 29 27 27 27 28 27 30 28 29 28 28 28 31 29 29 29 30 29 32 30 33 30 34 30 32 31 34 31 35 31 32 32 35 32 36 32 37 33 31 33 30 33 38 34 32 34 36 34 39 35 31 35 37 35 40 36 32 36 38 36 41 37 39 37 37 37 42 38 40 38 38 38 43 39 39 39 41 39 44 40 40 40 42 40 45 41 43 41 41 41 46 42 44 42 42 42 47 43 43 43 45 43 48 44 44 44 46 44 49 45 47 45 45 45 50 46 48 46 46 46 51 47 47 47 49 47 52 48 48 48 50 48 53 49 51 49 49 49 54 50 52 50 50 50 55 51 51 51 53 51 56 52 52 52 54 52 57 53 55 53 53 53 58 54 56 54 54 54 59 55 55 55 57 55 60 56 56 56 58 56 61 57 59 57 57 57 62 58 60 58 58 58 63 59 59 59 61 59 64 60 60 60 62 60 65 61 63 61 61 61 66 62 64 62 62 62 67 63 63 63 65 63 68 64 64 64 66 64 69 65 68 65 66 65 70 66 71 66 67 66 70 67 67 67 65 67 72 68 68 68 69 68 72 69 69 69 73 69 74 70 71 70 70 70 74 71 75 71 71 71 76 72 72 72 73 72 76 73 73 73 77 73 78 74 76 74 77 74 78 75 75 75 74 75 78 76 77 76 75 76 79 77 80 77 81 77 82 78 80 78 79 78 80 79 83 79 81 79 81 80 84 80 85 80 83 81 84 81 81 81 85 82 86 82 87 82 84 83 86 83 85 83 87 84 88 84 89 84 86 85 88 85 87 85 89 86 90 86 91 86 88 87 90 87 89 87 91 88 92 88 93 88 90 89 92 89 91 89 93 90 94 90 95 90 92 91 94 91 93 91 95 92 96 92 97 92 94 93 96 93 95 93 97 94 98 94 99 94 96 95 98 95 97 95 99 96 33 96 100 96 98 97 33 97 99 97 100 98 32 98 101 98 33 99 32 99 100 99 101 100 40 100 102 100 32 101 40 101 101 101 102 102 44 102 103 102 40 103 44 103 102 103 103 104 48 104 104 104 44 105 48 105 103 105 104 106 52 106 105 106 48 107 52 107 104 107 105 108 56 108 106 108 52 109 56 109 105 109 106 110 60 110 107 110 56 111 60 111 106 111 107 112 64 112 108 112 60 113 64 113 107 113 108 114 68 114 109 114 64 115 68 115 108 115 109 116 72 116 110 116 68 117 72 117 109 117 72 118 76 118 110 118 110 119 76 119 111 119 76 120 78 120 111 120 111 121 78 121 112 121 78 122 74 122 112 122 112 123 74 123 113 123 74 124 70 124 113 124 113 125 70 125 114 125 70 126 65 126 114 126 114 127 65 127 115 127 115 128 61 128 116 128 65 129 61 129 115 129 116 130 57 130 117 130 61 131 57 131 116 131 117 132 53 132 118 132 57 133 53 133 117 133 118 134 49 134 119 134 53 135 49 135 118 135 119 136 45 136 120 136 49 137 45 137 119 137 120 138 41 138 121 138 45 139 41 139 120 139 121 140 37 140 122 140 41 141 37 141 121 141 122 142 30 142 123 142 37 143 30 143 122 143 123 144 28 144 124 144 30 145 28 145 123 145 124 146 26 146 125 146 28 147 26 147 124 147 125 148 24 148 126 148 26 149 24 149 125 149 126 150 22 150 127 150 24 151 22 151 126 151 127 152 20 152 128 152 22 153 20 153 127 153 128 154 18 154 129 154 20 155 18 155 128 155 129 156 16 156 130 156 18 157 16 157 129 157 130 158 14 158 131 158 16 159 14 159 130 159 131 160 12 160 132 160 14 161 12 161 131 161 132 162 10 162 133 162 12 163 10 163 132 163 10 164 8 164 133 164 133 165 8 165 134 165 8 166 6 166 134 166 134 167 6 167 135 167 6 168 0 168 135 168 135 169 0 169 136 169 0 170 3 170 136 170 136 171 3 171 137 171 3 172 138 172 137 172 138 173 139 173 137 173 137 174 139 174 140 174 139 175 141 175 140 175 140 176 141 176 142 176 141 177 143 177 142 177 142 178 143 178 144 178 143 179 145 179 144 179 144 180 145 180 146 180 145 181 147 181 146 181 146 182 147 182 148 182 147 183 149 183 148 183 148 184 149 184 150 184 149 185 151 185 150 185 150 186 151 186 152 186 151 187 153 187 152 187 152 188 153 188 154 188 153 189 155 189 154 189 154 190 156 190 79 190 155 191 156 191 154 191 156 192 82 192 79 192 157 193 4 193 5 193 157 194 158 194 4 194 159 195 157 195 5 195 7 196 159 196 5 196 160 197 159 197 7 197 9 198 160 198 7 198 161 199 160 199 9 199 11 200 161 200 9 200 162 201 161 201 11 201 13 202 162 202 11 202 163 203 162 203 13 203 15 204 163 204 13 204 164 205 163 205 15 205 17 206 164 206 15 206 165 207 164 207 17 207 19 208 165 208 17 208 166 209 165 209 19 209 21 210 166 210 19 210 167 211 166 211 21 211 23 212 167 212 21 212 168 213 167 213 23 213 25 214 168 214 23 214 169 215 168 215 25 215 27 216 169 216 25 216 170 217 169 217 27 217 29 218 170 218 27 218 171 219 170 219 29 219 31 220 171 220 29 220 172 221 171 221 31 221 39 222 172 222 31 222 173 223 172 223 39 223 43 224 173 224 39 224 174 225 173 225 43 225 47 226 174 226 43 226 175 227 174 227 47 227 51 228 175 228 47 228 176 229 175 229 51 229 177 230 178 230 179 230 180 231 179 231 181 231 180 232 177 232 179 232 182 233 181 233 183 233 182 234 180 234 181 234 184 235 182 235 183 235 185 236 183 236 186 236 185 237 184 237 183 237 187 238 185 238 186 238 187 239 186 239 188 239 189 240 187 240 188 240 189 241 188 241 190 241 191 242 189 242 190 242 191 243 190 243 192 243 193 244 191 244 192 244 193 245 192 245 194 245 193 246 194 246 195 246 196 247 193 247 195 247 197 248 196 248 195 248 197 249 195 249 198 249 197 250 198 250 199 250 200 251 197 251 199 251 200 252 199 252 201 252 202 253 200 253 201 253 203 254 202 254 201 254 203 255 201 255 204 255 205 256 203 256 204 256 205 257 204 257 206 257 207 258 205 258 206 258 207 259 206 259 208 259 209 260 207 260 208 260 209 261 208 261 210 261 209 262 210 262 211 262 212 263 209 263 211 263 213 264 212 264 211 264 213 265 211 265 214 265 176 266 214 266 215 266 176 267 213 267 214 267 176 268 215 268 216 268 175 269 216 269 217 269 175 270 176 270 216 270 174 271 175 271 217 271 173 272 217 272 218 272 173 273 218 273 219 273 173 274 174 274 217 274 172 275 173 275 219 275 171 276 219 276 220 276 171 277 172 277 219 277 170 278 220 278 221 278 170 279 171 279 220 279 169 280 221 280 222 280 169 281 222 281 223 281 169 282 170 282 221 282 168 283 169 283 223 283 167 284 223 284 224 284 167 285 224 285 225 285 167 286 168 286 223 286 166 287 167 287 225 287 165 288 166 288 225 288 165 289 225 289 226 289 165 290 226 290 227 290 164 291 165 291 227 291 163 292 164 292 227 292 163 293 227 293 228 293 162 294 163 294 228 294 162 295 228 295 229 295 162 296 229 296 230 296 161 297 162 297 230 297 160 298 161 298 230 298 160 299 230 299 231 299 160 300 231 300 232 300 159 301 160 301 232 301 157 302 159 302 232 302 157 303 232 303 233 303 158 304 157 304 233 304 158 305 233 305 234 305 235 306 236 306 237 306 235 307 238 307 236 307 236 308 239 308 237 308 237 309 240 309 241 309 239 310 240 310 237 310 242 311 243 311 235 311 235 312 243 312 238 312 240 313 244 313 241 313 242 314 245 314 243 314 244 315 246 315 241 315 247 316 248 316 242 316 242 317 248 317 245 317 241 318 249 318 250 318 246 319 249 319 241 319 251 320 252 320 247 320 253 321 252 321 251 321 247 322 252 322 248 322 250 323 254 323 255 323 249 324 254 324 250 324 253 325 256 325 252 325 257 326 256 326 253 326 254 327 258 327 255 327 255 328 258 328 259 328 260 329 261 329 257 329 257 330 261 330 256 330 258 331 262 331 259 331 259 332 262 332 263 332 264 333 265 333 260 333 260 334 265 334 261 334 263 335 266 335 267 335 262 336 266 336 263 336 268 337 269 337 264 337 264 338 269 338 265 338 266 339 270 339 267 339 268 340 271 340 269 340 272 341 273 341 274 341 275 342 276 342 277 342 272 343 278 343 273 343 279 344 278 344 272 344 274 345 280 345 281 345 273 346 280 346 274 346 275 347 282 347 276 347 277 348 283 348 284 348 276 349 283 349 277 349 280 350 285 350 281 350 279 351 286 351 278 351 287 352 286 352 279 352 288 353 289 353 275 353 275 354 289 354 282 354 284 355 290 355 291 355 283 356 290 356 284 356 285 357 292 357 281 357 266 358 293 358 270 358 287 359 293 359 286 359 294 360 293 360 287 360 270 361 293 361 294 361 295 362 293 362 266 362 288 363 296 363 289 363 297 364 298 364 271 364 291 365 298 365 297 365 271 366 298 366 269 366 290 367 298 367 291 367 281 368 299 368 300 368 292 369 299 369 281 369 295 370 301 370 293 370 302 371 301 371 295 371 288 372 303 372 296 372 304 373 305 373 306 373 269 374 305 374 304 374 298 375 305 375 269 375 299 376 307 376 300 376 302 377 308 377 301 377 309 378 308 378 302 378 288 379 310 379 303 379 306 380 311 380 309 380 305 381 311 381 306 381 288 382 312 382 310 382 307 383 313 383 300 383 309 384 314 384 308 384 312 385 315 385 310 385 311 386 316 386 309 386 312 387 317 387 315 387 313 388 318 388 300 388 319 389 318 389 313 389 319 390 320 390 318 390 321 391 322 391 323 391 324 392 322 392 321 392 317 393 322 393 324 393 312 394 322 394 317 394 320 395 325 395 318 395 326 396 325 396 320 396 327 397 325 397 326 397 328 398 329 398 330 398 323 399 329 399 328 399 322 400 329 400 323 400 331 401 332 401 327 401 327 402 332 402 325 402 331 403 333 403 332 403 331 404 334 404 333 404 335 405 334 405 331 405 335 406 336 406 334 406 337 407 336 407 335 407 330 408 338 408 339 408 329 409 338 409 330 409 337 410 340 410 336 410 341 411 340 411 337 411 339 412 342 412 343 412 338 413 342 413 339 413 341 414 344 414 340 414 345 415 344 415 341 415 343 416 346 416 347 416 342 417 346 417 343 417 345 418 348 418 344 418 346 419 349 419 347 419 345 420 350 420 348 420 349 421 351 421 347 421 309 422 352 422 314 422 316 423 352 423 309 423 314 424 353 424 354 424 352 425 353 425 314 425 316 426 355 426 352 426 356 427 355 427 316 427 357 428 355 428 356 428 353 429 358 429 354 429 354 430 358 430 359 430 357 431 360 431 355 431 358 432 361 432 359 432 359 433 361 433 345 433 345 434 361 434 350 434 357 435 362 435 360 435 347 436 362 436 357 436 351 437 362 437 347 437 361 438 363 438 350 438 351 439 364 439 362 439 365 440 366 440 361 440 361 441 366 441 363 441 364 442 367 442 362 442 362 443 367 443 368 443 365 444 369 444 366 444 370 445 369 445 365 445 367 446 371 446 368 446 368 447 371 447 372 447 370 448 373 448 369 448 374 449 373 449 370 449 371 450 375 450 372 450 372 451 375 451 376 451 377 452 378 452 374 452 379 453 378 453 377 453 374 454 378 454 373 454 380 455 381 455 382 455 376 456 381 456 380 456 375 457 381 457 376 457 383 458 384 458 379 458 385 459 384 459 383 459 386 460 384 460 385 460 379 461 384 461 378 461 381 462 387 462 382 462 388 463 387 463 389 463 390 464 387 464 388 464 382 465 387 465 390 465 391 466 392 466 386 466 389 467 392 467 391 467 386 468 392 468 384 468 387 469 392 469 389 469 393 470 394 470 395 470 393 471 396 471 394 471 397 472 398 472 399 472 397 473 395 473 398 473 397 474 393 474 395 474 400 475 393 475 397 475 401 476 402 476 400 476 403 477 404 477 402 477 403 478 402 478 401 478 405 479 401 479 400 479 406 480 404 480 403 480 407 481 400 481 397 481 407 482 405 482 400 482 408 483 409 483 404 483 408 484 404 484 406 484 410 485 407 485 397 485 411 486 409 486 408 486 412 487 410 487 397 487 413 488 412 488 397 488 414 489 415 489 409 489 414 490 409 490 411 490 416 491 413 491 397 491 417 492 415 492 414 492 418 493 416 493 397 493 419 494 420 494 415 494 419 495 415 495 417 495 421 496 422 496 420 496 421 497 420 497 419 497 423 498 422 498 421 498 424 499 422 499 423 499 425 500 426 500 427 500 428 501 425 501 427 501 429 502 428 502 427 502 429 503 430 503 428 503 429 504 431 504 430 504 429 505 427 505 422 505 429 506 422 506 424 506 429 507 432 507 433 507 429 508 424 508 432 508 429 509 433 509 434 509 429 510 434 510 435 510 436 511 437 511 397 511 438 512 418 512 397 512 438 513 397 513 437 513 439 514 436 514 397 514 440 515 441 515 418 515 440 516 418 516 438 516 442 517 439 517 397 517 443 518 444 518 441 518 443 519 441 519 440 519 445 520 446 520 444 520 445 521 444 521 443 521 447 522 442 522 397 522 448 523 446 523 445 523 449 524 450 524 446 524 449 525 446 525 448 525 451 526 452 526 450 526 451 527 450 527 449 527 453 528 452 528 451 528 235 529 454 529 455 529 237 530 454 530 235 530 237 531 456 531 454 531 242 532 455 532 457 532 242 533 235 533 455 533 241 534 456 534 237 534 241 535 458 535 456 535 241 536 459 536 458 536 460 537 242 537 457 537 460 538 447 538 397 538 460 539 461 539 447 539 460 540 457 540 461 540 462 541 242 541 460 541 463 542 242 542 462 542 247 543 242 543 463 543 250 544 459 544 241 544 250 545 464 545 459 545 250 546 465 546 464 546 255 547 465 547 250 547 255 548 466 548 465 548 255 549 467 549 466 549 259 550 467 550 255 550 259 551 468 551 467 551 263 552 469 552 470 552 263 553 470 553 468 553 263 554 468 554 259 554 267 555 471 555 472 555 267 556 472 556 469 556 267 557 469 557 263 557 270 558 471 558 267 558 270 559 453 559 471 559 473 560 270 560 294 560 473 561 452 561 453 561 473 562 453 562 270 562 474 563 475 563 452 563 474 564 452 564 473 564 476 565 294 565 287 565 476 566 473 566 294 566 477 567 475 567 474 567 477 568 478 568 479 568 477 569 479 569 475 569 480 570 476 570 287 570 481 571 478 571 477 571 481 572 482 572 478 572 483 573 287 573 279 573 483 574 480 574 287 574 484 575 482 575 481 575 484 576 485 576 482 576 486 577 483 577 279 577 487 578 429 578 435 578 487 579 485 579 484 579 487 580 435 580 485 580 272 581 488 581 486 581 272 582 486 582 279 582 489 583 429 583 487 583 490 584 488 584 272 584 491 585 429 585 489 585 274 586 492 586 490 586 274 587 493 587 492 587 274 588 490 588 272 588 281 589 494 589 493 589 281 590 495 590 494 590 281 591 493 591 274 591 300 592 496 592 495 592 300 593 495 593 281 593 318 594 497 594 496 594 318 595 496 595 300 595 325 596 498 596 497 596 325 597 497 597 318 597 499 598 500 598 498 598 499 599 501 599 500 599 499 600 498 600 325 600 502 601 499 601 325 601 503 602 502 602 325 602 332 603 503 603 325 603 499 604 429 604 501 604 501 605 429 605 504 605 504 606 429 606 491 606 483 607 486 607 505 607 505 608 486 608 506 608 506 609 488 609 507 609 507 610 488 610 508 610 486 611 488 611 506 611 488 612 490 612 508 612 508 613 492 613 509 613 490 614 492 614 508 614 509 615 493 615 510 615 492 616 493 616 509 616 510 617 494 617 511 617 493 618 494 618 510 618 511 619 495 619 512 619 512 620 495 620 513 620 494 621 495 621 511 621 495 622 496 622 513 622 513 623 497 623 514 623 496 624 497 624 513 624 514 625 498 625 515 625 497 626 498 626 514 626 515 627 500 627 516 627 498 628 500 628 515 628 500 629 501 629 516 629 516 630 501 630 517 630 501 631 504 631 517 631 517 632 504 632 518 632 518 633 504 633 519 633 504 634 491 634 519 634 491 635 489 635 519 635 519 636 489 636 520 636 489 637 487 637 520 637 520 638 487 638 521 638 487 639 484 639 521 639 521 640 484 640 522 640 484 641 481 641 522 641 522 642 481 642 523 642 481 643 477 643 523 643 523 644 477 644 524 644 524 645 477 645 525 645 525 646 474 646 526 646 477 647 474 647 525 647 474 648 473 648 526 648 526 649 476 649 527 649 473 650 476 650 526 650 527 651 480 651 528 651 476 652 480 652 527 652 528 653 483 653 505 653 480 654 483 654 528 654 412 655 413 655 529 655 529 656 413 656 530 656 530 657 416 657 531 657 413 658 416 658 530 658 531 659 418 659 532 659 416 660 418 660 531 660 532 661 441 661 533 661 418 662 441 662 532 662 533 663 444 663 534 663 441 664 444 664 533 664 534 665 446 665 535 665 444 666 446 666 534 666 535 667 450 667 536 667 446 668 450 668 535 668 450 669 452 669 536 669 536 670 452 670 537 670 452 671 475 671 537 671 537 672 475 672 538 672 475 673 479 673 538 673 538 674 479 674 539 674 479 675 478 675 539 675 539 676 478 676 540 676 478 677 482 677 540 677 540 678 482 678 541 678 482 679 485 679 541 679 541 680 485 680 542 680 485 681 435 681 542 681 542 682 435 682 543 682 435 683 434 683 543 683 543 684 434 684 544 684 434 685 433 685 544 685 544 686 433 686 545 686 545 687 432 687 546 687 433 688 432 688 545 688 546 689 424 689 547 689 432 690 424 690 546 690 547 691 423 691 548 691 548 692 423 692 549 692 424 693 423 693 547 693 423 694 421 694 549 694 549 695 419 695 550 695 550 696 419 696 551 696 421 697 419 697 549 697 419 698 417 698 551 698 551 699 414 699 552 699 417 700 414 700 551 700 552 701 411 701 553 701 414 702 411 702 552 702 553 703 408 703 554 703 554 704 408 704 555 704 411 705 408 705 553 705 555 706 406 706 556 706 408 707 406 707 555 707 406 708 403 708 556 708 556 709 401 709 557 709 403 710 401 710 556 710 557 711 405 711 558 711 401 712 405 712 557 712 558 713 407 713 559 713 405 714 407 714 558 714 559 715 410 715 560 715 560 716 410 716 529 716 407 717 410 717 559 717 410 718 412 718 529 718 561 719 447 719 562 719 447 720 461 720 562 720 562 721 457 721 563 721 461 722 457 722 562 722 563 723 455 723 564 723 457 724 455 724 563 724 564 725 454 725 565 725 455 726 454 726 564 726 565 727 456 727 566 727 454 728 456 728 565 728 566 729 458 729 567 729 456 730 458 730 566 730 567 731 459 731 568 731 458 732 459 732 567 732 568 733 464 733 569 733 569 734 464 734 570 734 459 735 464 735 568 735 464 736 465 736 570 736 570 737 466 737 571 737 465 738 466 738 570 738 466 739 467 739 571 739 571 740 467 740 572 740 572 741 467 741 573 741 467 742 468 742 573 742 468 743 470 743 573 743 573 744 470 744 574 744 470 745 469 745 574 745 574 746 469 746 575 746 469 747 472 747 575 747 472 748 471 748 575 748 575 749 471 749 576 749 471 750 453 750 576 750 576 751 453 751 577 751 453 752 451 752 577 752 577 753 449 753 578 753 451 754 449 754 577 754 578 755 448 755 579 755 449 756 448 756 578 756 448 757 445 757 579 757 579 758 443 758 580 758 445 759 443 759 579 759 580 760 440 760 581 760 443 761 440 761 580 761 440 762 438 762 581 762 581 763 437 763 582 763 438 764 437 764 581 764 582 765 436 765 583 765 437 766 436 766 582 766 583 767 439 767 584 767 436 768 439 768 583 768 584 769 442 769 561 769 439 770 442 770 584 770 442 771 447 771 561 771 179 772 178 772 336 772 179 773 336 773 340 773 181 774 179 774 340 774 344 775 181 775 340 775 183 776 181 776 344 776 348 777 183 777 344 777 186 778 183 778 348 778 350 779 186 779 348 779 188 780 186 780 350 780 363 781 188 781 350 781 190 782 188 782 363 782 366 783 190 783 363 783 192 784 190 784 366 784 369 785 192 785 366 785 194 786 192 786 369 786 373 787 194 787 369 787 195 788 194 788 373 788 378 789 195 789 373 789 198 790 195 790 378 790 384 791 198 791 378 791 199 792 198 792 384 792 392 793 199 793 384 793 201 794 199 794 392 794 387 795 201 795 392 795 204 796 201 796 387 796 381 797 204 797 387 797 206 798 204 798 381 798 375 799 206 799 381 799 208 800 206 800 375 800 371 801 208 801 375 801 210 802 208 802 371 802 367 803 210 803 371 803 211 804 210 804 367 804 364 805 211 805 367 805 214 806 211 806 364 806 351 807 214 807 364 807 215 808 214 808 351 808 216 809 215 809 351 809 216 810 351 810 349 810 217 811 349 811 346 811 217 812 216 812 349 812 218 813 346 813 342 813 218 814 217 814 346 814 219 815 342 815 338 815 219 816 218 816 342 816 220 817 338 817 329 817 220 818 219 818 338 818 221 819 329 819 322 819 221 820 220 820 329 820 222 821 322 821 312 821 222 822 221 822 322 822 223 823 312 823 288 823 223 824 222 824 312 824 224 825 288 825 275 825 224 826 223 826 288 826 225 827 275 827 277 827 225 828 224 828 275 828 226 829 277 829 284 829 226 830 225 830 277 830 227 831 284 831 291 831 227 832 226 832 284 832 228 833 291 833 297 833 228 834 227 834 291 834 229 835 228 835 297 835 229 836 297 836 271 836 230 837 229 837 271 837 268 838 230 838 271 838 231 839 230 839 268 839 264 840 231 840 268 840 232 841 231 841 264 841 260 842 232 842 264 842 233 843 232 843 260 843 257 844 233 844 260 844 234 845 233 845 257 845 257 846 253 846 234 846 234 847 253 847 585 847 585 848 251 848 586 848 253 849 251 849 585 849 586 850 247 850 587 850 251 851 247 851 586 851 247 852 463 852 587 852 463 853 462 853 587 853 462 854 460 854 587 854 587 855 588 855 586 855 589 856 588 856 587 856 586 857 590 857 585 857 588 858 590 858 586 858 585 859 158 859 234 859 590 860 158 860 585 860 589 861 591 861 592 861 587 862 591 862 589 862 460 863 397 863 587 863 587 864 397 864 591 864 593 865 594 865 589 865 594 866 595 866 589 866 589 867 3 867 588 867 595 868 3 868 589 868 588 869 2 869 590 869 3 870 2 870 588 870 590 871 1 871 158 871 2 872 1 872 590 872 1 873 4 873 158 873 589 874 592 874 596 874 589 875 596 875 593 875 597 876 598 876 599 876 600 877 598 877 597 877 598 878 601 878 602 878 603 879 601 879 600 879 600 880 601 880 598 880 604 881 605 881 606 881 606 882 607 882 604 882 602 883 608 883 604 883 604 884 608 884 605 884 604 885 609 885 610 885 607 886 609 886 604 886 601 887 611 887 602 887 602 888 611 888 608 888 609 889 612 889 610 889 612 890 613 890 610 890 601 891 614 891 611 891 615 892 616 892 617 892 613 893 616 893 615 893 612 894 616 894 613 894 617 895 618 895 619 895 616 896 618 896 617 896 601 897 620 897 614 897 618 898 621 898 619 898 621 899 622 899 619 899 622 900 623 900 619 900 623 901 624 901 619 901 625 902 626 902 624 902 624 903 626 903 619 903 626 904 627 904 628 904 626 905 629 905 627 905 629 906 630 906 631 906 626 907 596 907 629 907 629 908 596 908 630 908 625 909 596 909 626 909 625 910 632 910 596 910 632 911 633 911 596 911 620 912 520 912 634 912 601 913 520 913 620 913 601 914 519 914 520 914 634 915 521 915 635 915 520 916 521 916 634 916 601 917 518 917 519 917 635 918 522 918 636 918 521 919 522 919 635 919 522 920 523 920 636 920 636 921 523 921 637 921 523 922 524 922 637 922 637 923 524 923 638 923 524 924 525 924 638 924 525 925 526 925 638 925 638 926 526 926 639 926 514 927 96 927 513 927 96 928 94 928 513 928 513 929 94 929 512 929 514 930 98 930 96 930 515 931 98 931 514 931 94 932 92 932 512 932 511 933 92 933 510 933 512 934 92 934 511 934 515 935 640 935 98 935 516 936 640 936 515 936 517 937 640 937 516 937 640 938 641 938 98 938 641 939 642 939 98 939 642 940 33 940 98 940 92 941 90 941 510 941 509 942 90 942 508 942 510 943 90 943 509 943 507 944 88 944 506 944 508 945 88 945 507 945 90 946 88 946 508 946 88 947 86 947 506 947 506 948 86 948 505 948 505 949 84 949 528 949 86 950 84 950 505 950 528 951 83 951 527 951 84 952 83 952 528 952 527 953 80 953 526 953 83 954 80 954 527 954 80 955 82 955 526 955 156 956 576 956 82 956 526 957 576 957 639 957 82 958 576 958 526 958 156 959 575 959 576 959 155 960 575 960 156 960 576 961 577 961 639 961 153 962 574 962 155 962 155 963 574 963 575 963 577 964 578 964 639 964 639 965 578 965 643 965 151 966 573 966 153 966 153 967 573 967 574 967 578 968 579 968 643 968 643 969 579 969 644 969 579 970 580 970 644 970 644 971 580 971 645 971 151 972 572 972 573 972 580 973 581 973 645 973 645 974 581 974 646 974 572 975 149 975 571 975 151 976 149 976 572 976 149 977 570 977 571 977 633 978 582 978 596 978 581 979 582 979 646 979 646 980 582 980 633 980 582 981 583 981 596 981 570 982 147 982 569 982 149 983 147 983 570 983 583 984 584 984 596 984 147 985 568 985 569 985 567 986 145 986 566 986 568 987 145 987 567 987 147 988 145 988 568 988 566 989 143 989 565 989 145 990 143 990 566 990 565 991 141 991 564 991 143 992 141 992 565 992 564 993 139 993 563 993 141 994 139 994 564 994 562 995 593 995 561 995 563 996 593 996 562 996 139 997 593 997 563 997 139 998 594 998 593 998 139 999 595 999 594 999 139 1000 138 1000 595 1000 138 1001 3 1001 595 1001 601 1002 640 1002 517 1002 601 1003 517 1003 518 1003 593 1004 596 1004 561 1004 561 1005 596 1005 584 1005 213 1006 176 1006 51 1006 213 1007 51 1007 55 1007 212 1008 55 1008 59 1008 212 1009 213 1009 55 1009 209 1010 59 1010 63 1010 209 1011 212 1011 59 1011 207 1012 63 1012 67 1012 207 1013 209 1013 63 1013 205 1014 67 1014 71 1014 205 1015 207 1015 67 1015 203 1016 71 1016 75 1016 203 1017 205 1017 71 1017 202 1018 75 1018 77 1018 202 1019 203 1019 75 1019 200 1020 77 1020 73 1020 200 1021 202 1021 77 1021 197 1022 73 1022 69 1022 197 1023 200 1023 73 1023 196 1024 69 1024 66 1024 196 1025 197 1025 69 1025 193 1026 66 1026 62 1026 193 1027 196 1027 66 1027 191 1028 62 1028 58 1028 191 1029 193 1029 62 1029 189 1030 58 1030 54 1030 189 1031 191 1031 58 1031 187 1032 54 1032 50 1032 187 1033 189 1033 54 1033 185 1034 187 1034 50 1034 46 1035 185 1035 50 1035 184 1036 185 1036 46 1036 42 1037 184 1037 46 1037 182 1038 184 1038 42 1038 38 1039 182 1039 42 1039 180 1040 182 1040 38 1040 36 1041 180 1041 38 1041 177 1042 180 1042 36 1042 499 1043 502 1043 647 1043 502 1044 503 1044 647 1044 647 1045 332 1045 648 1045 503 1046 332 1046 647 1046 648 1047 333 1047 649 1047 332 1048 333 1048 648 1048 649 1049 334 1049 178 1049 333 1050 334 1050 649 1050 334 1051 336 1051 178 1051 178 1052 650 1052 649 1052 177 1053 650 1053 178 1053 649 1054 651 1054 648 1054 650 1055 651 1055 649 1055 648 1056 652 1056 647 1056 651 1057 652 1057 648 1057 177 1058 35 1058 650 1058 36 1059 35 1059 177 1059 650 1060 34 1060 651 1060 35 1061 34 1061 650 1061 651 1062 33 1062 652 1062 34 1063 33 1063 651 1063 33 1064 642 1064 652 1064 642 1065 641 1065 652 1065 641 1066 640 1066 652 1066 652 1067 601 1067 653 1067 640 1068 601 1068 652 1068 654 1069 647 1069 653 1069 653 1070 647 1070 652 1070 647 1071 654 1071 429 1071 647 1072 429 1072 499 1072 655 1073 656 1073 121 1073 655 1074 121 1074 122 1074 657 1075 655 1075 122 1075 658 1076 123 1076 124 1076 659 1077 658 1077 124 1077 660 1078 659 1078 124 1078 661 1079 123 1079 658 1079 662 1080 660 1080 124 1080 663 1081 123 1081 661 1081 664 1082 662 1082 124 1082 125 1083 664 1083 124 1083 665 1084 664 1084 125 1084 666 1085 667 1085 668 1085 666 1086 668 1086 669 1086 670 1087 665 1087 125 1087 671 1088 672 1088 673 1088 671 1089 673 1089 667 1089 671 1090 667 1090 666 1090 126 1091 670 1091 125 1091 126 1092 674 1092 670 1092 675 1093 672 1093 671 1093 675 1094 676 1094 672 1094 677 1095 674 1095 126 1095 678 1096 679 1096 680 1096 127 1097 677 1097 126 1097 681 1098 677 1098 127 1098 682 1099 681 1099 127 1099 683 1100 684 1100 685 1100 686 1101 683 1101 685 1101 687 1102 686 1102 688 1102 687 1103 683 1103 686 1103 689 1104 687 1104 688 1104 690 1105 689 1105 691 1105 690 1106 691 1106 692 1106 690 1107 692 1107 693 1107 690 1108 687 1108 689 1108 694 1109 693 1109 695 1109 694 1110 695 1110 696 1110 694 1111 690 1111 693 1111 697 1112 137 1112 140 1112 698 1113 697 1113 140 1113 699 1114 137 1114 697 1114 700 1115 698 1115 140 1115 701 1116 700 1116 140 1116 142 1117 701 1117 140 1117 702 1118 701 1118 142 1118 703 1119 702 1119 142 1119 144 1120 704 1120 703 1120 144 1121 703 1121 142 1121 705 1122 704 1122 144 1122 706 1123 705 1123 144 1123 146 1124 706 1124 144 1124 707 1125 706 1125 146 1125 708 1126 707 1126 146 1126 709 1127 710 1127 711 1127 712 1128 709 1128 713 1128 712 1129 710 1129 709 1129 714 1130 712 1130 713 1130 715 1131 712 1131 714 1131 716 1132 717 1132 718 1132 716 1133 718 1133 719 1133 720 1134 717 1134 716 1134 721 1135 148 1135 150 1135 721 1136 722 1136 148 1136 723 1137 724 1137 717 1137 723 1138 717 1138 720 1138 725 1139 721 1139 150 1139 726 1140 724 1140 723 1140 727 1141 728 1141 724 1141 727 1142 724 1142 726 1142 729 1143 715 1143 730 1143 729 1144 730 1144 731 1144 729 1145 712 1145 715 1145 732 1146 731 1146 733 1146 732 1147 733 1147 734 1147 732 1148 729 1148 731 1148 735 1149 736 1149 737 1149 738 1150 118 1150 119 1150 738 1151 119 1151 120 1151 739 1152 121 1152 656 1152 739 1153 120 1153 121 1153 739 1154 656 1154 740 1154 739 1155 741 1155 738 1155 739 1156 742 1156 741 1156 739 1157 743 1157 742 1157 739 1158 744 1158 743 1158 739 1159 745 1159 744 1159 739 1160 740 1160 745 1160 739 1161 738 1161 120 1161 746 1162 747 1162 748 1162 746 1163 749 1163 747 1163 746 1164 748 1164 118 1164 746 1165 741 1165 750 1165 746 1166 738 1166 741 1166 746 1167 118 1167 738 1167 751 1168 663 1168 752 1168 751 1169 752 1169 666 1169 751 1170 122 1170 123 1170 751 1171 657 1171 122 1171 751 1172 123 1172 663 1172 751 1173 669 1173 753 1173 751 1174 753 1174 754 1174 751 1175 754 1175 755 1175 751 1176 755 1176 756 1176 751 1177 756 1177 657 1177 751 1178 666 1178 669 1178 757 1179 749 1179 746 1179 757 1180 678 1180 749 1180 757 1181 679 1181 678 1181 757 1182 746 1182 750 1182 757 1183 758 1183 679 1183 757 1184 759 1184 758 1184 757 1185 760 1185 759 1185 757 1186 761 1186 760 1186 757 1187 762 1187 761 1187 757 1188 763 1188 762 1188 757 1189 750 1189 763 1189 764 1190 678 1190 680 1190 764 1191 675 1191 684 1191 764 1192 684 1192 683 1192 764 1193 683 1193 678 1193 764 1194 765 1194 766 1194 764 1195 766 1195 767 1195 764 1196 767 1196 676 1196 764 1197 768 1197 765 1197 764 1198 680 1198 768 1198 764 1199 676 1199 675 1199 769 1200 127 1200 128 1200 769 1201 682 1201 127 1201 769 1202 770 1202 771 1202 769 1203 771 1203 682 1203 772 1204 128 1204 129 1204 772 1205 129 1205 130 1205 772 1206 769 1206 128 1206 773 1207 774 1207 694 1207 773 1208 694 1208 696 1208 773 1209 696 1209 775 1209 773 1210 775 1210 776 1210 773 1211 776 1211 770 1211 773 1212 770 1212 769 1212 777 1213 772 1213 130 1213 777 1214 130 1214 131 1214 778 1215 774 1215 773 1215 778 1216 773 1216 769 1216 778 1217 779 1217 774 1217 778 1218 769 1218 772 1218 780 1219 131 1219 132 1219 780 1220 132 1220 133 1220 780 1221 777 1221 131 1221 781 1222 777 1222 780 1222 781 1223 782 1223 779 1223 781 1224 779 1224 778 1224 781 1225 772 1225 777 1225 781 1226 778 1226 772 1226 783 1227 133 1227 134 1227 783 1228 780 1228 133 1228 784 1229 781 1229 780 1229 784 1230 785 1230 782 1230 784 1231 786 1231 785 1231 784 1232 782 1232 781 1232 787 1233 783 1233 134 1233 787 1234 134 1234 135 1234 788 1235 783 1235 787 1235 788 1236 786 1236 784 1236 788 1237 789 1237 786 1237 788 1238 784 1238 780 1238 788 1239 780 1239 783 1239 790 1240 135 1240 136 1240 790 1241 136 1241 137 1241 790 1242 791 1242 792 1242 790 1243 793 1243 791 1243 790 1244 699 1244 793 1244 790 1245 787 1245 135 1245 790 1246 137 1246 699 1246 794 1247 787 1247 790 1247 794 1248 795 1248 789 1248 794 1249 788 1249 787 1249 794 1250 789 1250 788 1250 796 1251 711 1251 710 1251 796 1252 790 1252 792 1252 796 1253 797 1253 711 1253 796 1254 792 1254 797 1254 796 1255 710 1255 795 1255 796 1256 795 1256 794 1256 796 1257 794 1257 790 1257 798 1258 708 1258 146 1258 798 1259 146 1259 148 1259 798 1260 718 1260 799 1260 798 1261 799 1261 708 1261 798 1262 719 1262 718 1262 798 1263 800 1263 719 1263 798 1264 801 1264 800 1264 798 1265 802 1265 801 1265 798 1266 722 1266 802 1266 798 1267 148 1267 722 1267 803 1268 150 1268 152 1268 803 1269 804 1269 805 1269 803 1270 805 1270 806 1270 803 1271 806 1271 807 1271 803 1272 807 1272 808 1272 803 1273 808 1273 809 1273 803 1274 809 1274 810 1274 803 1275 725 1275 150 1275 803 1276 810 1276 725 1276 811 1277 736 1277 735 1277 811 1278 732 1278 734 1278 811 1279 734 1279 812 1279 811 1280 812 1280 728 1280 811 1281 813 1281 814 1281 811 1282 814 1282 736 1282 811 1283 735 1283 732 1283 811 1284 815 1284 813 1284 811 1285 816 1285 815 1285 811 1286 727 1286 816 1286 811 1287 728 1287 727 1287 817 1288 152 1288 154 1288 817 1289 154 1289 79 1289 817 1290 818 1290 804 1290 817 1291 804 1291 803 1291 817 1292 803 1292 152 1292 819 1293 820 1293 735 1293 819 1294 737 1294 821 1294 819 1295 821 1295 822 1295 819 1296 822 1296 823 1296 819 1297 823 1297 824 1297 819 1298 824 1298 825 1298 819 1299 825 1299 826 1299 819 1300 826 1300 818 1300 819 1301 735 1301 737 1301 827 1302 817 1302 79 1302 827 1303 79 1303 828 1303 827 1304 819 1304 818 1304 827 1305 818 1305 817 1305 827 1306 829 1306 820 1306 827 1307 828 1307 829 1307 827 1308 820 1308 819 1308 830 1309 87 1309 89 1309 830 1310 831 1310 87 1310 832 1311 830 1311 89 1311 833 1312 91 1312 93 1312 834 1313 833 1313 93 1313 835 1314 91 1314 833 1314 836 1315 834 1315 93 1315 837 1316 836 1316 93 1316 95 1317 837 1317 93 1317 838 1318 839 1318 840 1318 841 1319 837 1319 95 1319 842 1320 843 1320 844 1320 842 1321 844 1321 839 1321 842 1322 839 1322 838 1322 845 1323 841 1323 95 1323 846 1324 847 1324 848 1324 846 1325 848 1325 843 1325 846 1326 843 1326 842 1326 97 1327 845 1327 95 1327 849 1328 845 1328 97 1328 850 1329 849 1329 97 1329 851 1330 852 1330 853 1330 99 1331 850 1331 97 1331 854 1332 850 1332 99 1332 855 1333 854 1333 99 1333 856 1334 851 1334 857 1334 856 1335 857 1335 858 1335 859 1336 856 1336 858 1336 860 1337 856 1337 859 1337 860 1338 859 1338 861 1338 862 1339 860 1339 861 1339 863 1340 860 1340 862 1340 863 1341 862 1341 864 1341 863 1342 864 1342 865 1342 863 1343 865 1343 866 1343 867 1344 863 1344 866 1344 867 1345 868 1345 869 1345 867 1346 866 1346 870 1346 867 1347 870 1347 871 1347 867 1348 871 1348 868 1348 872 1349 79 1349 81 1349 872 1350 81 1350 85 1350 873 1351 872 1351 85 1351 873 1352 85 1352 87 1352 873 1353 87 1353 831 1353 873 1354 874 1354 872 1354 873 1355 831 1355 875 1355 873 1356 875 1356 876 1356 873 1357 876 1357 877 1357 873 1358 877 1358 878 1358 873 1359 878 1359 879 1359 873 1360 879 1360 880 1360 873 1361 880 1361 874 1361 881 1362 882 1362 828 1362 881 1363 883 1363 882 1363 881 1364 828 1364 79 1364 881 1365 872 1365 874 1365 881 1366 874 1366 884 1366 881 1367 79 1367 872 1367 885 1368 89 1368 91 1368 885 1369 832 1369 89 1369 885 1370 838 1370 840 1370 885 1371 840 1371 886 1371 885 1372 886 1372 887 1372 885 1373 887 1373 888 1373 885 1374 888 1374 832 1374 885 1375 91 1375 835 1375 885 1376 835 1376 889 1376 885 1377 889 1377 838 1377 890 1378 851 1378 883 1378 890 1379 881 1379 884 1379 890 1380 852 1380 851 1380 890 1381 884 1381 891 1381 890 1382 891 1382 892 1382 890 1383 892 1383 893 1383 890 1384 893 1384 894 1384 890 1385 894 1385 852 1385 890 1386 883 1386 881 1386 895 1387 896 1387 897 1387 895 1388 897 1388 898 1388 895 1389 898 1389 847 1389 895 1390 851 1390 853 1390 895 1391 853 1391 899 1391 895 1392 899 1392 896 1392 895 1393 847 1393 846 1393 895 1394 857 1394 851 1394 895 1395 846 1395 900 1395 895 1396 900 1396 857 1396 901 1397 99 1397 100 1397 901 1398 855 1398 99 1398 901 1399 902 1399 855 1399 901 1400 903 1400 902 1400 901 1401 904 1401 903 1401 901 1402 905 1402 904 1402 906 1403 100 1403 101 1403 906 1404 101 1404 102 1404 906 1405 901 1405 100 1405 907 1406 908 1406 867 1406 907 1407 905 1407 901 1407 907 1408 867 1408 869 1408 907 1409 909 1409 905 1409 907 1410 910 1410 909 1410 907 1411 869 1411 910 1411 911 1412 906 1412 102 1412 911 1413 102 1413 103 1413 911 1414 103 1414 104 1414 912 1415 907 1415 901 1415 912 1416 913 1416 908 1416 912 1417 901 1417 906 1417 912 1418 908 1418 907 1418 914 1419 912 1419 906 1419 914 1420 913 1420 912 1420 914 1421 911 1421 104 1421 914 1422 104 1422 915 1422 914 1423 906 1423 911 1423 914 1424 916 1424 913 1424 914 1425 915 1425 916 1425 917 1426 109 1426 110 1426 918 1427 109 1427 917 1427 919 1428 917 1428 110 1428 920 1429 109 1429 918 1429 921 1430 919 1430 110 1430 111 1431 921 1431 110 1431 922 1432 921 1432 111 1432 923 1433 922 1433 111 1433 112 1434 923 1434 111 1434 112 1435 924 1435 923 1435 925 1436 924 1436 112 1436 926 1437 925 1437 112 1437 927 1438 926 1438 112 1438 113 1439 927 1439 112 1439 928 1440 927 1440 113 1440 929 1441 928 1441 113 1441 930 1442 931 1442 932 1442 933 1443 931 1443 930 1443 934 1444 931 1444 933 1444 935 1445 934 1445 933 1445 936 1446 934 1446 935 1446 937 1447 938 1447 939 1447 937 1448 939 1448 940 1448 941 1449 938 1449 937 1449 942 1450 114 1450 115 1450 942 1451 943 1451 114 1451 944 1452 938 1452 941 1452 945 1453 942 1453 115 1453 946 1454 938 1454 944 1454 946 1455 947 1455 938 1455 948 1456 947 1456 946 1456 949 1457 936 1457 950 1457 949 1458 950 1458 951 1458 949 1459 934 1459 936 1459 952 1460 949 1460 951 1460 952 1461 951 1461 953 1461 952 1462 953 1462 954 1462 952 1463 954 1463 955 1463 956 1464 957 1464 958 1464 959 1465 104 1465 105 1465 959 1466 105 1466 106 1466 960 1467 959 1467 106 1467 960 1468 106 1468 107 1468 960 1469 107 1469 108 1469 961 1470 962 1470 915 1470 961 1471 963 1471 962 1471 961 1472 915 1472 104 1472 961 1473 104 1473 959 1473 964 1474 108 1474 109 1474 964 1475 109 1475 920 1475 964 1476 965 1476 966 1476 964 1477 920 1477 965 1477 964 1478 960 1478 108 1478 967 1479 968 1479 963 1479 967 1480 963 1480 961 1480 967 1481 959 1481 960 1481 967 1482 961 1482 959 1482 969 1483 960 1483 964 1483 969 1484 931 1484 968 1484 969 1485 964 1485 966 1485 969 1486 970 1486 932 1486 969 1487 971 1487 970 1487 969 1488 966 1488 971 1488 969 1489 967 1489 960 1489 969 1490 932 1490 931 1490 969 1491 968 1491 967 1491 972 1492 113 1492 114 1492 972 1493 939 1493 973 1493 972 1494 973 1494 929 1494 972 1495 114 1495 943 1495 972 1496 929 1496 113 1496 972 1497 940 1497 939 1497 972 1498 974 1498 940 1498 972 1499 975 1499 974 1499 972 1500 976 1500 975 1500 972 1501 943 1501 976 1501 977 1502 115 1502 116 1502 977 1503 978 1503 979 1503 977 1504 979 1504 980 1504 977 1505 980 1505 981 1505 977 1506 981 1506 982 1506 977 1507 982 1507 983 1507 977 1508 983 1508 984 1508 977 1509 945 1509 115 1509 977 1510 984 1510 945 1510 985 1511 947 1511 948 1511 985 1512 956 1512 952 1512 985 1513 955 1513 986 1513 985 1514 986 1514 947 1514 985 1515 957 1515 956 1515 985 1516 952 1516 955 1516 985 1517 987 1517 988 1517 985 1518 988 1518 957 1518 985 1519 989 1519 987 1519 985 1520 990 1520 989 1520 985 1521 948 1521 990 1521 991 1522 116 1522 117 1522 991 1523 117 1523 118 1523 991 1524 978 1524 977 1524 991 1525 977 1525 116 1525 991 1526 992 1526 978 1526 993 1527 994 1527 956 1527 993 1528 956 1528 958 1528 993 1529 958 1529 995 1529 993 1530 995 1530 996 1530 993 1531 996 1531 997 1531 993 1532 997 1532 998 1532 993 1533 998 1533 999 1533 993 1534 999 1534 1000 1534 993 1535 1000 1535 992 1535 1001 1536 118 1536 748 1536 1001 1537 992 1537 991 1537 1001 1538 1002 1538 994 1538 1001 1539 748 1539 1002 1539 1001 1540 994 1540 993 1540 1001 1541 991 1541 118 1541 1001 1542 993 1542 992 1542 1003 1543 1004 1543 828 1543 1003 1544 828 1544 882 1544 1005 1545 1003 1545 882 1545 1005 1546 882 1546 883 1546 1006 1547 1005 1547 883 1547 1006 1548 883 1548 851 1548 1007 1549 1006 1549 851 1549 1007 1550 851 1550 856 1550 1008 1551 1007 1551 856 1551 1008 1552 856 1552 860 1552 1009 1553 1008 1553 860 1553 1009 1554 860 1554 863 1554 1009 1555 863 1555 867 1555 1010 1556 1009 1556 867 1556 1011 1557 1010 1557 867 1557 1011 1558 867 1558 908 1558 1012 1559 1011 1559 908 1559 1012 1560 908 1560 913 1560 1013 1561 1012 1561 913 1561 1013 1562 913 1562 916 1562 1014 1563 1013 1563 916 1563 1014 1564 916 1564 915 1564 1015 1565 1014 1565 915 1565 1015 1566 915 1566 962 1566 1016 1567 1015 1567 962 1567 1016 1568 962 1568 963 1568 1016 1569 963 1569 968 1569 1017 1570 1016 1570 968 1570 1018 1571 1017 1571 968 1571 1018 1572 968 1572 931 1572 1019 1573 1018 1573 931 1573 1019 1574 931 1574 934 1574 1019 1575 934 1575 949 1575 1020 1576 1019 1576 949 1576 1021 1577 949 1577 952 1577 1021 1578 952 1578 956 1578 1021 1579 1020 1579 949 1579 1022 1580 956 1580 994 1580 1022 1581 1021 1581 956 1581 1023 1582 994 1582 1002 1582 1023 1583 1022 1583 994 1583 1024 1584 1023 1584 1002 1584 1025 1585 1002 1585 748 1585 1025 1586 1024 1586 1002 1586 1026 1587 748 1587 747 1587 1026 1588 747 1588 749 1588 1026 1589 1025 1589 748 1589 1027 1590 749 1590 678 1590 1027 1591 1026 1591 749 1591 1028 1592 678 1592 683 1592 1028 1593 1027 1593 678 1593 1029 1594 1028 1594 683 1594 1030 1595 1029 1595 683 1595 1030 1596 683 1596 687 1596 1031 1597 1030 1597 687 1597 1031 1598 687 1598 690 1598 1032 1599 1031 1599 690 1599 1032 1600 690 1600 694 1600 1033 1601 1032 1601 694 1601 1033 1602 694 1602 774 1602 1034 1603 1033 1603 774 1603 1034 1604 774 1604 779 1604 1035 1605 1034 1605 779 1605 1035 1606 779 1606 782 1606 1036 1607 1035 1607 782 1607 1036 1608 782 1608 785 1608 1036 1609 785 1609 786 1609 1037 1610 1036 1610 786 1610 1038 1611 1037 1611 786 1611 1038 1612 786 1612 789 1612 1038 1613 789 1613 795 1613 1039 1614 1038 1614 795 1614 1040 1615 1039 1615 795 1615 1040 1616 795 1616 710 1616 1040 1617 710 1617 712 1617 1041 1618 1040 1618 712 1618 1042 1619 1041 1619 712 1619 1042 1620 712 1620 729 1620 1042 1621 729 1621 732 1621 1043 1622 1042 1622 732 1622 1044 1623 1043 1623 732 1623 1044 1624 732 1624 735 1624 1045 1625 1044 1625 735 1625 1045 1626 735 1626 820 1626 1046 1627 1045 1627 820 1627 1046 1628 820 1628 829 1628 1004 1629 1046 1629 829 1629 1004 1630 829 1630 828 1630 1047 1631 1030 1631 1031 1631 1047 1632 1031 1632 1048 1632 1032 1633 1048 1633 1031 1633 1049 1634 1048 1634 1032 1634 1050 1635 1029 1635 1030 1635 1050 1636 1030 1636 1047 1636 1033 1637 1049 1637 1032 1637 1028 1638 1029 1638 1050 1638 1051 1639 1049 1639 1033 1639 1052 1640 1028 1640 1050 1640 1053 1641 1051 1641 1033 1641 1053 1642 1033 1642 1034 1642 1054 1643 1028 1643 1052 1643 1054 1644 1027 1644 1028 1644 1035 1645 1053 1645 1034 1645 1055 1646 1053 1646 1035 1646 1056 1647 1027 1647 1054 1647 1056 1648 1026 1648 1027 1648 1036 1649 1055 1649 1035 1649 1057 1650 1055 1650 1036 1650 1058 1651 1025 1651 1026 1651 1058 1652 1026 1652 1056 1652 1037 1653 1057 1653 1036 1653 1024 1654 1025 1654 1058 1654 1059 1655 1057 1655 1037 1655 1060 1656 1024 1656 1058 1656 1038 1657 1059 1657 1037 1657 1023 1658 1024 1658 1060 1658 1061 1659 1059 1659 1038 1659 1062 1660 1023 1660 1060 1660 1039 1661 1061 1661 1038 1661 1063 1662 1061 1662 1039 1662 1064 1663 1022 1663 1023 1663 1064 1664 1023 1664 1062 1664 1065 1665 1039 1665 1040 1665 1065 1666 1063 1666 1039 1666 1066 1667 1021 1667 1022 1667 1066 1668 1022 1668 1064 1668 1020 1669 1021 1669 1066 1669 1067 1670 1040 1670 1041 1670 1067 1671 1065 1671 1040 1671 1068 1672 1020 1672 1066 1672 1069 1673 1067 1673 1041 1673 1070 1674 1020 1674 1068 1674 1042 1675 1069 1675 1041 1675 1019 1676 1020 1676 1070 1676 1043 1677 1069 1677 1042 1677 1043 1678 1071 1678 1069 1678 1018 1679 1070 1679 1072 1679 1018 1680 1019 1680 1070 1680 1044 1681 1073 1681 1071 1681 1044 1682 1071 1682 1043 1682 1017 1683 1072 1683 1074 1683 1017 1684 1018 1684 1072 1684 1045 1685 1075 1685 1073 1685 1045 1686 1073 1686 1044 1686 1016 1687 1017 1687 1074 1687 1016 1688 1074 1688 1076 1688 1077 1689 1075 1689 1045 1689 1046 1690 1077 1690 1045 1690 1015 1691 1016 1691 1076 1691 1015 1692 1076 1692 1078 1692 1079 1693 1077 1693 1046 1693 1080 1694 1015 1694 1078 1694 1014 1695 1015 1695 1080 1695 1004 1696 1079 1696 1046 1696 1003 1697 1079 1697 1004 1697 1003 1698 1081 1698 1079 1698 1013 1699 1014 1699 1080 1699 1013 1700 1080 1700 1082 1700 1012 1701 1013 1701 1082 1701 1012 1702 1082 1702 1083 1702 1005 1703 1081 1703 1003 1703 1005 1704 1084 1704 1081 1704 1006 1705 1085 1705 1084 1705 1006 1706 1084 1706 1005 1706 1011 1707 1012 1707 1083 1707 1011 1708 1083 1708 1086 1708 1010 1709 1011 1709 1086 1709 1010 1710 1086 1710 1087 1710 1007 1711 1085 1711 1006 1711 1007 1712 1088 1712 1085 1712 1009 1713 1087 1713 1089 1713 1009 1714 1010 1714 1087 1714 1008 1715 1088 1715 1007 1715 1008 1716 1090 1716 1088 1716 1008 1717 1089 1717 1090 1717 1008 1718 1009 1718 1089 1718 1091 1719 834 1719 1092 1719 833 1720 834 1720 1091 1720 834 1721 836 1721 1092 1721 836 1722 1093 1722 1092 1722 836 1723 837 1723 1093 1723 837 1724 1094 1724 1093 1724 837 1725 841 1725 1094 1725 841 1726 1095 1726 1094 1726 841 1727 845 1727 1095 1727 845 1728 1096 1728 1095 1728 845 1729 849 1729 1096 1729 849 1730 850 1730 1096 1730 850 1731 1097 1731 1096 1731 850 1732 854 1732 1097 1732 854 1733 1098 1733 1097 1733 854 1734 855 1734 1098 1734 1098 1735 902 1735 1099 1735 855 1736 902 1736 1098 1736 1099 1737 903 1737 1100 1737 902 1738 903 1738 1099 1738 1100 1739 904 1739 1101 1739 903 1740 904 1740 1100 1740 904 1741 905 1741 1101 1741 1101 1742 909 1742 1102 1742 905 1743 909 1743 1101 1743 1102 1744 910 1744 1103 1744 909 1745 910 1745 1102 1745 910 1746 869 1746 1103 1746 869 1747 868 1747 1103 1747 833 1748 1091 1748 835 1748 835 1749 1104 1749 889 1749 1091 1750 1104 1750 835 1750 889 1751 1105 1751 838 1751 1104 1752 1105 1752 889 1752 838 1753 1106 1753 842 1753 1105 1754 1106 1754 838 1754 842 1755 1107 1755 846 1755 1106 1756 1107 1756 842 1756 846 1757 1108 1757 900 1757 1107 1758 1108 1758 846 1758 900 1759 1109 1759 857 1759 857 1760 1109 1760 858 1760 1108 1761 1109 1761 900 1761 858 1762 1110 1762 859 1762 1109 1763 1110 1763 858 1763 859 1764 1111 1764 861 1764 1110 1765 1111 1765 859 1765 861 1766 1112 1766 862 1766 862 1767 1112 1767 864 1767 1111 1768 1112 1768 861 1768 864 1769 1113 1769 865 1769 865 1770 1113 1770 866 1770 1112 1771 1113 1771 864 1771 866 1772 1114 1772 870 1772 870 1773 1114 1773 871 1773 1113 1774 1114 1774 866 1774 1114 1775 1103 1775 871 1775 871 1776 1103 1776 868 1776 1115 1777 1108 1777 1107 1777 1116 1778 1107 1778 1106 1778 1116 1779 1115 1779 1107 1779 1117 1780 1109 1780 1108 1780 1117 1781 1108 1781 1115 1781 1118 1782 1106 1782 1105 1782 1118 1783 1116 1783 1106 1783 1119 1784 1109 1784 1117 1784 1120 1785 1105 1785 1104 1785 1120 1786 1118 1786 1105 1786 1121 1787 1110 1787 1109 1787 1121 1788 1109 1788 1119 1788 1122 1789 1104 1789 1091 1789 1122 1790 1120 1790 1104 1790 1123 1791 1111 1791 1110 1791 1123 1792 1110 1792 1121 1792 1124 1793 1091 1793 1092 1793 1124 1794 1122 1794 1091 1794 1125 1795 1112 1795 1111 1795 1125 1796 1111 1796 1123 1796 1126 1797 1092 1797 1093 1797 1126 1798 1124 1798 1092 1798 1127 1799 1112 1799 1125 1799 1113 1800 1112 1800 1127 1800 1128 1801 1126 1801 1093 1801 1094 1802 1128 1802 1093 1802 1129 1803 1113 1803 1127 1803 1130 1804 1128 1804 1094 1804 1114 1805 1113 1805 1129 1805 1131 1806 1114 1806 1129 1806 1095 1807 1130 1807 1094 1807 1095 1808 1132 1808 1130 1808 1103 1809 1114 1809 1131 1809 1103 1810 1131 1810 1133 1810 1096 1811 1132 1811 1095 1811 1096 1812 1134 1812 1132 1812 1102 1813 1133 1813 1135 1813 1102 1814 1103 1814 1133 1814 1097 1815 1134 1815 1096 1815 1101 1816 1135 1816 1136 1816 1101 1817 1102 1817 1135 1817 1098 1818 1137 1818 1134 1818 1098 1819 1134 1819 1097 1819 1100 1820 1101 1820 1136 1820 1100 1821 1136 1821 1138 1821 1099 1822 1138 1822 1137 1822 1099 1823 1137 1823 1098 1823 1099 1824 1100 1824 1138 1824 896 1825 1139 1825 897 1825 897 1826 1140 1826 898 1826 1139 1827 1140 1827 897 1827 898 1828 1141 1828 847 1828 1140 1829 1141 1829 898 1829 847 1830 1142 1830 848 1830 848 1831 1142 1831 843 1831 1141 1832 1142 1832 847 1832 843 1833 1143 1833 844 1833 1142 1834 1143 1834 843 1834 844 1835 1144 1835 839 1835 1143 1836 1144 1836 844 1836 839 1837 1145 1837 840 1837 1144 1838 1145 1838 839 1838 840 1839 1146 1839 886 1839 1145 1840 1146 1840 840 1840 886 1841 1147 1841 887 1841 1146 1842 1147 1842 886 1842 887 1843 1148 1843 888 1843 1147 1844 1148 1844 887 1844 1148 1845 1149 1845 888 1845 888 1846 1149 1846 832 1846 832 1847 1149 1847 830 1847 1149 1848 1150 1848 830 1848 830 1849 1150 1849 831 1849 1150 1850 1151 1850 831 1850 831 1851 1151 1851 875 1851 875 1852 1151 1852 876 1852 1151 1853 1152 1853 876 1853 876 1854 1152 1854 877 1854 877 1855 1153 1855 878 1855 1152 1856 1153 1856 877 1856 1153 1857 1154 1857 878 1857 878 1858 1154 1858 879 1858 879 1859 1154 1859 880 1859 880 1860 1155 1860 874 1860 1154 1861 1155 1861 880 1861 874 1862 1156 1862 884 1862 1155 1863 1156 1863 874 1863 884 1864 1157 1864 891 1864 1156 1865 1157 1865 884 1865 891 1866 1158 1866 892 1866 1157 1867 1158 1867 891 1867 892 1868 1159 1868 893 1868 1158 1869 1159 1869 892 1869 893 1870 1160 1870 894 1870 894 1871 1160 1871 852 1871 1159 1872 1160 1872 893 1872 852 1873 1161 1873 853 1873 1160 1874 1161 1874 852 1874 853 1875 1162 1875 899 1875 1161 1876 1162 1876 853 1876 899 1877 1139 1877 896 1877 1162 1878 1139 1878 899 1878 1163 1879 1164 1879 1165 1879 1166 1880 1163 1880 1167 1880 1168 1881 1169 1881 1170 1881 1168 1882 1171 1882 1169 1882 1168 1883 1172 1883 1164 1883 1168 1884 1170 1884 1172 1884 1173 1885 1174 1885 1175 1885 1173 1886 1176 1886 1174 1886 1173 1887 1166 1887 1176 1887 1173 1888 1163 1888 1166 1888 1177 1889 1168 1889 1164 1889 1178 1890 1179 1890 1180 1890 1178 1891 1173 1891 1179 1891 1181 1892 1182 1892 1177 1892 1181 1893 1183 1893 1182 1893 1181 1894 1184 1894 1183 1894 1181 1895 1185 1895 1184 1895 1181 1896 1178 1896 1186 1896 1181 1897 1164 1897 1163 1897 1181 1898 1163 1898 1173 1898 1181 1899 1177 1899 1164 1899 1181 1900 1173 1900 1178 1900 1169 1901 1139 1901 1170 1901 1140 1902 1139 1902 1169 1902 1171 1903 1140 1903 1169 1903 1141 1904 1140 1904 1171 1904 1168 1905 1141 1905 1171 1905 1142 1906 1141 1906 1168 1906 1177 1907 1142 1907 1168 1907 1143 1908 1142 1908 1177 1908 1182 1909 1143 1909 1177 1909 1144 1910 1143 1910 1182 1910 1183 1911 1144 1911 1182 1911 1145 1912 1144 1912 1183 1912 1146 1913 1183 1913 1184 1913 1146 1914 1145 1914 1183 1914 1185 1915 1146 1915 1184 1915 1147 1916 1146 1916 1185 1916 1181 1917 1147 1917 1185 1917 1148 1918 1147 1918 1181 1918 1149 1919 1181 1919 1186 1919 1149 1920 1148 1920 1181 1920 1150 1921 1186 1921 1178 1921 1150 1922 1149 1922 1186 1922 1151 1923 1178 1923 1180 1923 1151 1924 1150 1924 1178 1924 813 1925 1187 1925 814 1925 814 1926 1188 1926 736 1926 1187 1927 1188 1927 814 1927 736 1928 1189 1928 737 1928 1188 1929 1189 1929 736 1929 737 1930 1190 1930 821 1930 821 1931 1190 1931 822 1931 1189 1932 1190 1932 737 1932 822 1933 1191 1933 823 1933 823 1934 1191 1934 824 1934 1190 1935 1191 1935 822 1935 824 1936 1192 1936 825 1936 1191 1937 1192 1937 824 1937 825 1938 1193 1938 826 1938 1192 1939 1193 1939 825 1939 826 1940 1194 1940 818 1940 818 1941 1194 1941 804 1941 1193 1942 1194 1942 826 1942 1194 1943 1195 1943 804 1943 804 1944 1195 1944 805 1944 1195 1945 1196 1945 805 1945 805 1946 1196 1946 806 1946 806 1947 1196 1947 807 1947 1196 1948 1197 1948 807 1948 807 1949 1197 1949 808 1949 808 1950 1198 1950 809 1950 1197 1951 1198 1951 808 1951 809 1952 1199 1952 810 1952 1198 1953 1199 1953 809 1953 810 1954 1199 1954 725 1954 1199 1955 1200 1955 725 1955 725 1956 1200 1956 721 1956 721 1957 1201 1957 722 1957 1200 1958 1201 1958 721 1958 722 1959 1202 1959 802 1959 1201 1960 1202 1960 722 1960 801 1961 1203 1961 800 1961 802 1962 1203 1962 801 1962 1202 1963 1203 1963 802 1963 800 1964 1204 1964 719 1964 1203 1965 1204 1965 800 1965 719 1966 1205 1966 716 1966 1204 1967 1205 1967 719 1967 716 1968 1206 1968 720 1968 1205 1969 1206 1969 716 1969 723 1970 1207 1970 726 1970 720 1971 1207 1971 723 1971 1206 1972 1207 1972 720 1972 726 1973 1208 1973 727 1973 1207 1974 1208 1974 726 1974 727 1975 1209 1975 816 1975 1208 1976 1209 1976 727 1976 816 1977 1210 1977 815 1977 1209 1978 1210 1978 816 1978 815 1979 1187 1979 813 1979 1210 1980 1187 1980 815 1980 1211 1981 1212 1981 1213 1981 1214 1982 1211 1982 1215 1982 1216 1983 1217 1983 1218 1983 1216 1984 1219 1984 1217 1984 1216 1985 1220 1985 1212 1985 1216 1986 1218 1986 1220 1986 1221 1987 1222 1987 1223 1987 1221 1988 1224 1988 1222 1988 1221 1989 1214 1989 1224 1989 1221 1990 1211 1990 1214 1990 1225 1991 1216 1991 1212 1991 1226 1992 1227 1992 1228 1992 1226 1993 1221 1993 1227 1993 1229 1994 1230 1994 1225 1994 1229 1995 1231 1995 1230 1995 1229 1996 1232 1996 1231 1996 1229 1997 1233 1997 1232 1997 1229 1998 1226 1998 1234 1998 1229 1999 1212 1999 1211 1999 1229 2000 1211 2000 1221 2000 1229 2001 1225 2001 1212 2001 1229 2002 1221 2002 1226 2002 1217 2003 1187 2003 1218 2003 1188 2004 1187 2004 1217 2004 1219 2005 1188 2005 1217 2005 1189 2006 1188 2006 1219 2006 1216 2007 1189 2007 1219 2007 1190 2008 1189 2008 1216 2008 1225 2009 1190 2009 1216 2009 1191 2010 1190 2010 1225 2010 1230 2011 1191 2011 1225 2011 1192 2012 1191 2012 1230 2012 1231 2013 1192 2013 1230 2013 1193 2014 1192 2014 1231 2014 1194 2015 1231 2015 1232 2015 1194 2016 1193 2016 1231 2016 1233 2017 1194 2017 1232 2017 1195 2018 1194 2018 1233 2018 1229 2019 1195 2019 1233 2019 1196 2020 1195 2020 1229 2020 1197 2021 1229 2021 1234 2021 1197 2022 1196 2022 1229 2022 1198 2023 1234 2023 1226 2023 1198 2024 1197 2024 1234 2024 1199 2025 1226 2025 1228 2025 1199 2026 1198 2026 1226 2026 711 2027 1235 2027 709 2027 709 2028 1236 2028 713 2028 1235 2029 1236 2029 709 2029 713 2030 1237 2030 714 2030 1236 2031 1237 2031 713 2031 714 2032 1238 2032 715 2032 715 2033 1238 2033 730 2033 1237 2034 1238 2034 714 2034 730 2035 1239 2035 731 2035 731 2036 1239 2036 733 2036 1238 2037 1239 2037 730 2037 733 2038 1240 2038 734 2038 1239 2039 1240 2039 733 2039 734 2040 1241 2040 812 2040 812 2041 1241 2041 728 2041 1240 2042 1241 2042 734 2042 728 2043 1242 2043 724 2043 1241 2044 1242 2044 728 2044 724 2045 1243 2045 717 2045 1242 2046 1243 2046 724 2046 717 2047 1244 2047 718 2047 1243 2048 1244 2048 717 2048 718 2049 1245 2049 799 2049 1244 2050 1245 2050 718 2050 799 2051 1246 2051 708 2051 708 2052 1246 2052 707 2052 1245 2053 1246 2053 799 2053 707 2054 1247 2054 706 2054 1246 2055 1247 2055 707 2055 711 2056 797 2056 1235 2056 1235 2057 797 2057 1248 2057 1248 2058 792 2058 1249 2058 797 2059 792 2059 1248 2059 1249 2060 791 2060 1250 2060 792 2061 791 2061 1249 2061 1250 2062 793 2062 1251 2062 791 2063 793 2063 1250 2063 1251 2064 699 2064 1252 2064 793 2065 699 2065 1251 2065 1252 2066 697 2066 1253 2066 699 2067 697 2067 1252 2067 697 2068 698 2068 1253 2068 698 2069 1254 2069 1253 2069 698 2070 700 2070 1254 2070 700 2071 1255 2071 1254 2071 700 2072 701 2072 1255 2072 701 2073 1256 2073 1255 2073 701 2074 702 2074 1256 2074 1256 2075 703 2075 1257 2075 702 2076 703 2076 1256 2076 703 2077 704 2077 1257 2077 704 2078 1258 2078 1257 2078 704 2079 705 2079 1258 2079 705 2080 1247 2080 1258 2080 705 2081 706 2081 1247 2081 1259 2082 1255 2082 1256 2082 1260 2083 1254 2083 1255 2083 1260 2084 1255 2084 1259 2084 1261 2085 1256 2085 1257 2085 1261 2086 1259 2086 1256 2086 1262 2087 1253 2087 1254 2087 1262 2088 1254 2088 1260 2088 1263 2089 1257 2089 1258 2089 1263 2090 1261 2090 1257 2090 1264 2091 1252 2091 1253 2091 1264 2092 1253 2092 1262 2092 1265 2093 1258 2093 1247 2093 1265 2094 1247 2094 1246 2094 1265 2095 1263 2095 1258 2095 1266 2096 1252 2096 1264 2096 1251 2097 1252 2097 1266 2097 1267 2098 1265 2098 1246 2098 1245 2099 1267 2099 1246 2099 1268 2100 1251 2100 1266 2100 1269 2101 1267 2101 1245 2101 1250 2102 1251 2102 1268 2102 1270 2103 1250 2103 1268 2103 1244 2104 1271 2104 1269 2104 1244 2105 1269 2105 1245 2105 1249 2106 1250 2106 1270 2106 1249 2107 1270 2107 1272 2107 1243 2108 1271 2108 1244 2108 1243 2109 1273 2109 1271 2109 1248 2110 1249 2110 1272 2110 1248 2111 1272 2111 1274 2111 1242 2112 1273 2112 1243 2112 1242 2113 1275 2113 1273 2113 1235 2114 1248 2114 1274 2114 1235 2115 1274 2115 1276 2115 1235 2116 1276 2116 1277 2116 1241 2117 1275 2117 1242 2117 1241 2118 1278 2118 1275 2118 1236 2119 1235 2119 1277 2119 1236 2120 1277 2120 1279 2120 1240 2121 1278 2121 1241 2121 1240 2122 1280 2122 1278 2122 1237 2123 1236 2123 1279 2123 1237 2124 1279 2124 1281 2124 1239 2125 1280 2125 1240 2125 1239 2126 1282 2126 1280 2126 1238 2127 1237 2127 1281 2127 1238 2128 1282 2128 1239 2128 1238 2129 1281 2129 1282 2129 658 2130 1283 2130 661 2130 661 2131 1284 2131 663 2131 1283 2132 1284 2132 661 2132 663 2133 1285 2133 752 2133 752 2134 1285 2134 666 2134 1284 2135 1285 2135 663 2135 666 2136 1286 2136 671 2136 1285 2137 1286 2137 666 2137 671 2138 1287 2138 675 2138 1286 2139 1287 2139 671 2139 675 2140 1288 2140 684 2140 1287 2141 1288 2141 675 2141 684 2142 1289 2142 685 2142 1288 2143 1289 2143 684 2143 685 2144 1290 2144 686 2144 1289 2145 1290 2145 685 2145 686 2146 1291 2146 688 2146 688 2147 1291 2147 689 2147 1290 2148 1291 2148 686 2148 689 2149 1292 2149 691 2149 1291 2150 1292 2150 689 2150 691 2151 1293 2151 692 2151 692 2152 1293 2152 693 2152 1292 2153 1293 2153 691 2153 693 2154 1294 2154 695 2154 1293 2155 1294 2155 693 2155 695 2156 1295 2156 696 2156 1294 2157 1295 2157 695 2157 1296 2158 1297 2158 1298 2158 1299 2159 1298 2159 1300 2159 1299 2160 1296 2160 1298 2160 1301 2161 1302 2161 1297 2161 1301 2162 1297 2162 1296 2162 1303 2163 1300 2163 1304 2163 1303 2164 1299 2164 1300 2164 1305 2165 1306 2165 1307 2165 1305 2166 1307 2166 1302 2166 1305 2167 1302 2167 1301 2167 1308 2168 1304 2168 1295 2168 1308 2169 1303 2169 1304 2169 1309 2170 1310 2170 1306 2170 1309 2171 1306 2171 1305 2171 1311 2172 1295 2172 1294 2172 1311 2173 1308 2173 1295 2173 1312 2174 1310 2174 1309 2174 1313 2175 1311 2175 1294 2175 1314 2176 1310 2176 1312 2176 1293 2177 1313 2177 1294 2177 1315 2178 1314 2178 1312 2178 1316 2179 1313 2179 1293 2179 1317 2180 1315 2180 1318 2180 1317 2181 1314 2181 1315 2181 1292 2182 1316 2182 1293 2182 1292 2183 1319 2183 1316 2183 1320 2184 1317 2184 1318 2184 1320 2185 1318 2185 1321 2185 1291 2186 1319 2186 1292 2186 1291 2187 1322 2187 1319 2187 1283 2188 1320 2188 1321 2188 1283 2189 1321 2189 1323 2189 1290 2190 1322 2190 1291 2190 1290 2191 1324 2191 1322 2191 1284 2192 1323 2192 1325 2192 1284 2193 1283 2193 1323 2193 1289 2194 1324 2194 1290 2194 1289 2195 1326 2195 1324 2195 1289 2196 1327 2196 1326 2196 1285 2197 1325 2197 1328 2197 1285 2198 1284 2198 1325 2198 1288 2199 1327 2199 1289 2199 1288 2200 1329 2200 1327 2200 1286 2201 1328 2201 1330 2201 1286 2202 1285 2202 1328 2202 1287 2203 1330 2203 1329 2203 1287 2204 1329 2204 1288 2204 1287 2205 1286 2205 1330 2205 658 2206 659 2206 1283 2206 659 2207 1320 2207 1283 2207 659 2208 660 2208 1320 2208 660 2209 662 2209 1320 2209 662 2210 1317 2210 1320 2210 662 2211 664 2211 1317 2211 1317 2212 665 2212 1314 2212 664 2213 665 2213 1317 2213 665 2214 670 2214 1314 2214 670 2215 1310 2215 1314 2215 670 2216 674 2216 1310 2216 674 2217 1306 2217 1310 2217 674 2218 677 2218 1306 2218 677 2219 1307 2219 1306 2219 677 2220 681 2220 1307 2220 681 2221 1302 2221 1307 2221 681 2222 682 2222 1302 2222 682 2223 1297 2223 1302 2223 1297 2224 771 2224 1298 2224 682 2225 771 2225 1297 2225 1298 2226 770 2226 1300 2226 771 2227 770 2227 1298 2227 1300 2228 776 2228 1304 2228 770 2229 776 2229 1300 2229 1304 2230 775 2230 1295 2230 776 2231 775 2231 1304 2231 775 2232 696 2232 1295 2232 984 2233 1331 2233 945 2233 945 2234 1332 2234 942 2234 1331 2235 1332 2235 945 2235 942 2236 1333 2236 943 2236 1332 2237 1333 2237 942 2237 976 2238 1334 2238 975 2238 943 2239 1334 2239 976 2239 1333 2240 1334 2240 943 2240 975 2241 1335 2241 974 2241 1334 2242 1335 2242 975 2242 974 2243 1336 2243 940 2243 1335 2244 1336 2244 974 2244 940 2245 1337 2245 937 2245 1336 2246 1337 2246 940 2246 937 2247 1338 2247 941 2247 1337 2248 1338 2248 937 2248 944 2249 1339 2249 946 2249 941 2250 1339 2250 944 2250 1338 2251 1339 2251 941 2251 946 2252 1340 2252 948 2252 1339 2253 1340 2253 946 2253 1340 2254 1341 2254 948 2254 948 2255 1341 2255 990 2255 1341 2256 1342 2256 990 2256 990 2257 1342 2257 989 2257 987 2258 1343 2258 988 2258 1342 2259 1343 2259 989 2259 989 2260 1343 2260 987 2260 988 2261 1344 2261 957 2261 1343 2262 1344 2262 988 2262 957 2263 1345 2263 958 2263 1344 2264 1345 2264 957 2264 958 2265 1346 2265 995 2265 995 2266 1346 2266 996 2266 1345 2267 1346 2267 958 2267 996 2268 1347 2268 997 2268 1346 2269 1347 2269 996 2269 997 2270 1348 2270 998 2270 998 2271 1348 2271 999 2271 1347 2272 1348 2272 997 2272 999 2273 1349 2273 1000 2273 1348 2274 1349 2274 999 2274 1000 2275 1350 2275 992 2275 992 2276 1350 2276 978 2276 1349 2277 1350 2277 1000 2277 978 2278 1351 2278 979 2278 1350 2279 1351 2279 978 2279 979 2280 1352 2280 980 2280 980 2281 1352 2281 981 2281 1351 2282 1352 2282 979 2282 981 2283 1353 2283 982 2283 1352 2284 1353 2284 981 2284 982 2285 1354 2285 983 2285 1353 2286 1354 2286 982 2286 983 2287 1331 2287 984 2287 1354 2288 1331 2288 983 2288 1355 2289 1356 2289 1357 2289 1358 2290 1355 2290 1359 2290 1360 2291 1361 2291 1362 2291 1360 2292 1363 2292 1361 2292 1360 2293 1364 2293 1356 2293 1360 2294 1362 2294 1364 2294 1365 2295 1366 2295 1367 2295 1365 2296 1368 2296 1366 2296 1365 2297 1358 2297 1368 2297 1365 2298 1355 2298 1358 2298 1369 2299 1360 2299 1356 2299 1370 2300 1371 2300 1372 2300 1370 2301 1365 2301 1371 2301 1373 2302 1374 2302 1369 2302 1373 2303 1375 2303 1374 2303 1373 2304 1376 2304 1375 2304 1373 2305 1377 2305 1376 2305 1373 2306 1370 2306 1378 2306 1373 2307 1356 2307 1355 2307 1373 2308 1355 2308 1365 2308 1373 2309 1369 2309 1356 2309 1373 2310 1365 2310 1370 2310 1361 2311 1331 2311 1362 2311 1332 2312 1331 2312 1361 2312 1363 2313 1332 2313 1361 2313 1333 2314 1332 2314 1363 2314 1360 2315 1333 2315 1363 2315 1334 2316 1333 2316 1360 2316 1369 2317 1334 2317 1360 2317 1335 2318 1334 2318 1369 2318 1374 2319 1335 2319 1369 2319 1336 2320 1335 2320 1374 2320 1375 2321 1336 2321 1374 2321 1337 2322 1336 2322 1375 2322 1338 2323 1375 2323 1376 2323 1338 2324 1337 2324 1375 2324 1377 2325 1338 2325 1376 2325 1339 2326 1338 2326 1377 2326 1373 2327 1339 2327 1377 2327 1340 2328 1339 2328 1373 2328 1341 2329 1373 2329 1378 2329 1341 2330 1340 2330 1373 2330 1342 2331 1378 2331 1370 2331 1342 2332 1341 2332 1378 2332 1343 2333 1370 2333 1372 2333 1343 2334 1342 2334 1370 2334 986 2335 1379 2335 947 2335 947 2336 1380 2336 938 2336 1379 2337 1380 2337 947 2337 938 2338 1381 2338 939 2338 1380 2339 1381 2339 938 2339 939 2340 1382 2340 973 2340 973 2341 1382 2341 929 2341 1381 2342 1382 2342 939 2342 929 2343 1383 2343 928 2343 1382 2344 1383 2344 929 2344 928 2345 1384 2345 927 2345 1383 2346 1384 2346 928 2346 930 2347 1385 2347 933 2347 933 2348 1385 2348 935 2348 1385 2349 1386 2349 1387 2349 936 2350 1388 2350 950 2350 950 2351 1388 2351 951 2351 1389 2352 1388 2352 936 2352 1390 2353 1391 2353 1392 2353 1386 2354 1391 2354 1387 2354 1389 2355 1393 2355 1388 2355 1387 2356 1394 2356 1389 2356 1389 2357 1394 2357 1393 2357 1395 2358 1396 2358 1397 2358 1387 2359 1396 2359 1394 2359 932 2360 1398 2360 930 2360 1385 2361 1398 2361 1386 2361 930 2362 1398 2362 1385 2362 1392 2363 1399 2363 1400 2363 1400 2364 1399 2364 932 2364 932 2365 1399 2365 1398 2365 1398 2366 1399 2366 1386 2366 1391 2367 1399 2367 1392 2367 1386 2368 1399 2368 1391 2368 935 2369 1401 2369 936 2369 1389 2370 1401 2370 1387 2370 936 2371 1401 2371 1389 2371 1385 2372 1401 2372 935 2372 1387 2373 1401 2373 1385 2373 1397 2374 1402 2374 1390 2374 1387 2375 1402 2375 1396 2375 1390 2376 1402 2376 1391 2376 1391 2377 1402 2377 1387 2377 1396 2378 1402 2378 1397 2378 951 2379 1403 2379 953 2379 953 2380 1403 2380 954 2380 1394 2381 1404 2381 1393 2381 1393 2382 1404 2382 1388 2382 1388 2383 1404 2383 951 2383 951 2384 1404 2384 1403 2384 1405 2385 1406 2385 1407 2385 1407 2386 1406 2386 1395 2386 1406 2387 1408 2387 1395 2387 1396 2388 1408 2388 1394 2388 1395 2389 1408 2389 1396 2389 1394 2390 1408 2390 1404 2390 1404 2391 1408 2391 1406 2391 1404 2392 1409 2392 1403 2392 1405 2393 1409 2393 1406 2393 1403 2394 1409 2394 954 2394 1406 2395 1409 2395 1404 2395 1409 2396 1410 2396 954 2396 954 2397 1410 2397 955 2397 955 2398 1410 2398 986 2398 1405 2399 1410 2399 1409 2399 1379 2400 1410 2400 1405 2400 986 2401 1410 2401 1379 2401 932 2402 970 2402 1411 2402 1411 2403 970 2403 1412 2403 1412 2404 971 2404 1413 2404 970 2405 971 2405 1412 2405 1413 2406 966 2406 1414 2406 971 2407 966 2407 1413 2407 1414 2408 965 2408 1415 2408 966 2409 965 2409 1414 2409 1415 2410 920 2410 1416 2410 965 2411 920 2411 1415 2411 920 2412 918 2412 1416 2412 918 2413 1417 2413 1416 2413 918 2414 917 2414 1417 2414 917 2415 1418 2415 1417 2415 917 2416 919 2416 1418 2416 919 2417 1419 2417 1418 2417 919 2418 921 2418 1419 2418 921 2419 1420 2419 1419 2419 921 2420 922 2420 1420 2420 922 2421 923 2421 1420 2421 923 2422 1421 2422 1420 2422 923 2423 924 2423 1421 2423 924 2424 1422 2424 1421 2424 924 2425 925 2425 1422 2425 925 2426 926 2426 1422 2426 926 2427 1423 2427 1422 2427 926 2428 927 2428 1423 2428 740 2429 1424 2429 745 2429 745 2430 1425 2430 744 2430 1424 2431 1425 2431 745 2431 744 2432 1426 2432 743 2432 1425 2433 1426 2433 744 2433 743 2434 1427 2434 742 2434 1426 2435 1427 2435 743 2435 742 2436 1428 2436 741 2436 1427 2437 1428 2437 742 2437 741 2438 1429 2438 750 2438 1428 2439 1429 2439 741 2439 763 2440 1430 2440 762 2440 750 2441 1430 2441 763 2441 1429 2442 1430 2442 750 2442 762 2443 1431 2443 761 2443 1430 2444 1431 2444 762 2444 760 2445 1432 2445 759 2445 761 2446 1432 2446 760 2446 1431 2447 1432 2447 761 2447 758 2448 1433 2448 679 2448 759 2449 1433 2449 758 2449 1432 2450 1433 2450 759 2450 679 2451 1434 2451 680 2451 1433 2452 1434 2452 679 2452 680 2453 1435 2453 768 2453 1434 2454 1435 2454 680 2454 768 2455 1436 2455 765 2455 765 2456 1436 2456 766 2456 1435 2457 1436 2457 768 2457 1436 2458 1437 2458 766 2458 766 2459 1437 2459 767 2459 767 2460 1438 2460 676 2460 1437 2461 1438 2461 767 2461 676 2462 1439 2462 672 2462 672 2463 1439 2463 673 2463 1438 2464 1439 2464 676 2464 673 2465 1440 2465 667 2465 1439 2466 1440 2466 673 2466 667 2467 1441 2467 668 2467 1440 2468 1441 2468 667 2468 668 2469 1442 2469 669 2469 669 2470 1442 2470 753 2470 1441 2471 1442 2471 668 2471 753 2472 1443 2472 754 2472 1442 2473 1443 2473 753 2473 754 2474 1444 2474 755 2474 1443 2475 1444 2475 754 2475 755 2476 1445 2476 756 2476 1444 2477 1445 2477 755 2477 756 2478 1446 2478 657 2478 1445 2479 1446 2479 756 2479 657 2480 1447 2480 655 2480 655 2481 1447 2481 656 2481 1446 2482 1447 2482 657 2482 656 2483 1424 2483 740 2483 1447 2484 1424 2484 656 2484 1448 2485 1449 2485 1450 2485 1451 2486 1448 2486 1452 2486 1453 2487 1454 2487 1455 2487 1453 2488 1456 2488 1454 2488 1453 2489 1457 2489 1449 2489 1453 2490 1455 2490 1457 2490 1458 2491 1459 2491 1460 2491 1458 2492 1461 2492 1459 2492 1458 2493 1451 2493 1461 2493 1458 2494 1448 2494 1451 2494 1462 2495 1453 2495 1449 2495 1463 2496 1464 2496 1465 2496 1463 2497 1458 2497 1464 2497 1466 2498 1467 2498 1462 2498 1466 2499 1468 2499 1467 2499 1466 2500 1469 2500 1468 2500 1466 2501 1470 2501 1469 2501 1466 2502 1463 2502 1471 2502 1466 2503 1449 2503 1448 2503 1466 2504 1448 2504 1458 2504 1466 2505 1462 2505 1449 2505 1466 2506 1458 2506 1463 2506 1454 2507 1424 2507 1455 2507 1425 2508 1424 2508 1454 2508 1456 2509 1425 2509 1454 2509 1426 2510 1425 2510 1456 2510 1453 2511 1426 2511 1456 2511 1427 2512 1426 2512 1453 2512 1462 2513 1427 2513 1453 2513 1428 2514 1427 2514 1462 2514 1467 2515 1428 2515 1462 2515 1429 2516 1428 2516 1467 2516 1468 2517 1429 2517 1467 2517 1430 2518 1429 2518 1468 2518 1431 2519 1468 2519 1469 2519 1431 2520 1430 2520 1468 2520 1470 2521 1431 2521 1469 2521 1432 2522 1431 2522 1470 2522 1466 2523 1432 2523 1470 2523 1433 2524 1432 2524 1466 2524 1434 2525 1466 2525 1471 2525 1434 2526 1433 2526 1466 2526 1435 2527 1471 2527 1463 2527 1435 2528 1434 2528 1471 2528 1436 2529 1463 2529 1465 2529 1436 2530 1435 2530 1463 2530 1437 2531 1436 2531 1465 2531 1437 2532 1465 2532 1464 2532 1438 2533 1464 2533 1458 2533 1438 2534 1437 2534 1464 2534 1439 2535 1458 2535 1460 2535 1439 2536 1438 2536 1458 2536 1440 2537 1460 2537 1459 2537 1440 2538 1439 2538 1460 2538 1441 2539 1459 2539 1461 2539 1441 2540 1440 2540 1459 2540 1442 2541 1461 2541 1451 2541 1442 2542 1441 2542 1461 2542 1443 2543 1451 2543 1452 2543 1443 2544 1442 2544 1451 2544 1444 2545 1452 2545 1448 2545 1444 2546 1443 2546 1452 2546 1445 2547 1448 2547 1450 2547 1445 2548 1444 2548 1448 2548 1446 2549 1450 2549 1449 2549 1446 2550 1445 2550 1450 2550 1447 2551 1449 2551 1457 2551 1447 2552 1446 2552 1449 2552 1424 2553 1457 2553 1455 2553 1424 2554 1447 2554 1457 2554 1344 2555 1343 2555 1372 2555 1344 2556 1372 2556 1371 2556 1345 2557 1371 2557 1365 2557 1345 2558 1344 2558 1371 2558 1346 2559 1365 2559 1367 2559 1346 2560 1345 2560 1365 2560 1347 2561 1367 2561 1366 2561 1347 2562 1346 2562 1367 2562 1348 2563 1366 2563 1368 2563 1348 2564 1347 2564 1366 2564 1349 2565 1368 2565 1358 2565 1349 2566 1348 2566 1368 2566 1350 2567 1358 2567 1359 2567 1350 2568 1349 2568 1358 2568 1351 2569 1359 2569 1355 2569 1351 2570 1350 2570 1359 2570 1352 2571 1355 2571 1357 2571 1352 2572 1351 2572 1355 2572 1353 2573 1357 2573 1356 2573 1353 2574 1352 2574 1357 2574 1354 2575 1356 2575 1364 2575 1354 2576 1353 2576 1356 2576 1331 2577 1364 2577 1362 2577 1331 2578 1354 2578 1364 2578 1472 2579 1382 2579 1381 2579 1473 2580 1383 2580 1382 2580 1473 2581 1382 2581 1472 2581 1474 2582 1381 2582 1380 2582 1474 2583 1472 2583 1381 2583 1475 2584 1384 2584 1383 2584 1475 2585 1383 2585 1473 2585 1476 2586 1380 2586 1379 2586 1476 2587 1474 2587 1380 2587 1477 2588 1379 2588 1405 2588 1477 2589 1476 2589 1379 2589 1478 2590 1479 2590 1384 2590 1478 2591 1384 2591 1475 2591 1480 2592 1479 2592 1478 2592 1481 2593 1405 2593 1407 2593 1481 2594 1477 2594 1405 2594 1395 2595 1481 2595 1407 2595 1482 2596 1479 2596 1480 2596 1483 2597 1481 2597 1395 2597 1484 2598 1482 2598 1480 2598 1397 2599 1483 2599 1395 2599 1485 2600 1482 2600 1484 2600 1486 2601 1483 2601 1397 2601 1487 2602 1485 2602 1484 2602 1390 2603 1486 2603 1397 2603 1390 2604 1488 2604 1486 2604 1489 2605 1487 2605 1490 2605 1489 2606 1485 2606 1487 2606 1392 2607 1488 2607 1390 2607 1392 2608 1491 2608 1488 2608 1492 2609 1489 2609 1490 2609 1492 2610 1493 2610 1494 2610 1492 2611 1490 2611 1493 2611 1495 2612 1492 2612 1494 2612 1495 2613 1494 2613 1496 2613 1400 2614 1491 2614 1392 2614 1400 2615 1497 2615 1491 2615 1498 2616 1496 2616 1499 2616 1498 2617 1495 2617 1496 2617 1500 2618 1497 2618 1400 2618 1500 2619 1501 2619 1497 2619 1502 2620 1503 2620 1501 2620 1502 2621 1501 2621 1500 2621 1504 2622 1499 2622 1505 2622 1504 2623 1498 2623 1499 2623 1506 2624 1505 2624 1503 2624 1506 2625 1504 2625 1505 2625 1506 2626 1503 2626 1502 2626 1152 2627 1151 2627 1180 2627 1152 2628 1180 2628 1179 2628 1153 2629 1179 2629 1173 2629 1153 2630 1152 2630 1179 2630 1154 2631 1173 2631 1175 2631 1154 2632 1153 2632 1173 2632 1155 2633 1175 2633 1174 2633 1155 2634 1154 2634 1175 2634 1156 2635 1174 2635 1176 2635 1156 2636 1155 2636 1174 2636 1157 2637 1176 2637 1166 2637 1157 2638 1156 2638 1176 2638 1158 2639 1166 2639 1167 2639 1158 2640 1157 2640 1166 2640 1159 2641 1167 2641 1163 2641 1159 2642 1158 2642 1167 2642 1160 2643 1163 2643 1165 2643 1160 2644 1159 2644 1163 2644 1161 2645 1165 2645 1164 2645 1161 2646 1160 2646 1165 2646 1162 2647 1164 2647 1172 2647 1162 2648 1161 2648 1164 2648 1139 2649 1172 2649 1170 2649 1139 2650 1162 2650 1172 2650 1200 2651 1199 2651 1228 2651 1200 2652 1228 2652 1227 2652 1201 2653 1227 2653 1221 2653 1201 2654 1200 2654 1227 2654 1202 2655 1221 2655 1223 2655 1202 2656 1201 2656 1221 2656 1203 2657 1223 2657 1222 2657 1203 2658 1202 2658 1223 2658 1204 2659 1222 2659 1224 2659 1204 2660 1203 2660 1222 2660 1205 2661 1224 2661 1214 2661 1205 2662 1204 2662 1224 2662 1206 2663 1214 2663 1215 2663 1206 2664 1205 2664 1214 2664 1207 2665 1215 2665 1211 2665 1207 2666 1206 2666 1215 2666 1208 2667 1211 2667 1213 2667 1208 2668 1207 2668 1211 2668 1209 2669 1213 2669 1212 2669 1209 2670 1208 2670 1213 2670 1210 2671 1212 2671 1220 2671 1210 2672 1209 2672 1212 2672 1187 2673 1220 2673 1218 2673 1187 2674 1210 2674 1220 2674 1507 2675 592 2675 591 2675 1507 2676 591 2676 1508 2676 1509 2677 1508 2677 1510 2677 1509 2678 1507 2678 1508 2678 1511 2679 1510 2679 1512 2679 1511 2680 1509 2680 1510 2680 1513 2681 1512 2681 1514 2681 1513 2682 1514 2682 1515 2682 1513 2683 1511 2683 1512 2683 1516 2684 1513 2684 1515 2684 1517 2685 1515 2685 1518 2685 1517 2686 1516 2686 1515 2686 1516 2687 1517 2687 626 2687 1516 2688 626 2688 628 2688 627 2689 1516 2689 628 2689 1513 2690 1516 2690 627 2690 629 2691 1513 2691 627 2691 1511 2692 1513 2692 629 2692 631 2693 1511 2693 629 2693 1509 2694 1511 2694 631 2694 630 2695 1509 2695 631 2695 1507 2696 1509 2696 630 2696 596 2697 1507 2697 630 2697 592 2698 1507 2698 596 2698 1519 2699 1520 2699 602 2699 1519 2700 602 2700 604 2700 1521 2701 604 2701 610 2701 1521 2702 1519 2702 604 2702 1522 2703 610 2703 613 2703 1522 2704 1521 2704 610 2704 1523 2705 613 2705 615 2705 1523 2706 1522 2706 613 2706 1524 2707 615 2707 617 2707 1524 2708 1523 2708 615 2708 1525 2709 617 2709 619 2709 1525 2710 1524 2710 617 2710 1517 2711 619 2711 626 2711 1517 2712 1525 2712 619 2712 1517 2713 1518 2713 1526 2713 1525 2714 1526 2714 1527 2714 1525 2715 1517 2715 1526 2715 1524 2716 1527 2716 1528 2716 1524 2717 1525 2717 1527 2717 1523 2718 1528 2718 1529 2718 1523 2719 1524 2719 1528 2719 1522 2720 1529 2720 1530 2720 1522 2721 1523 2721 1529 2721 1521 2722 1530 2722 1531 2722 1521 2723 1522 2723 1530 2723 1519 2724 1531 2724 1532 2724 1519 2725 1521 2725 1531 2725 1520 2726 1532 2726 1533 2726 1520 2727 1519 2727 1532 2727 1526 2728 393 2728 400 2728 1526 2729 1518 2729 393 2729 1527 2730 400 2730 402 2730 1527 2731 1526 2731 400 2731 1528 2732 402 2732 404 2732 1528 2733 1527 2733 402 2733 1529 2734 404 2734 409 2734 1529 2735 1528 2735 404 2735 1508 2736 591 2736 397 2736 1508 2737 397 2737 399 2737 1510 2738 399 2738 398 2738 1510 2739 1508 2739 399 2739 1512 2740 398 2740 395 2740 1512 2741 1510 2741 398 2741 1514 2742 395 2742 394 2742 1514 2743 1512 2743 395 2743 1515 2744 394 2744 396 2744 1515 2745 1514 2745 394 2745 1518 2746 396 2746 393 2746 1518 2747 1515 2747 396 2747 415 2748 1529 2748 409 2748 1530 2749 1529 2749 415 2749 420 2750 1530 2750 415 2750 1531 2751 1530 2751 420 2751 422 2752 1531 2752 420 2752 1532 2753 1531 2753 422 2753 427 2754 1532 2754 422 2754 1533 2755 1532 2755 427 2755 1534 2756 1520 2756 1533 2756 1534 2757 1533 2757 1535 2757 1536 2758 1535 2758 1537 2758 1536 2759 1534 2759 1535 2759 1538 2760 1537 2760 1539 2760 1538 2761 1536 2761 1537 2761 1540 2762 1539 2762 1541 2762 1540 2763 1541 2763 1542 2763 1540 2764 1538 2764 1539 2764 1543 2765 1540 2765 1542 2765 653 2766 1542 2766 654 2766 653 2767 1543 2767 1542 2767 426 2768 1533 2768 427 2768 1535 2769 1533 2769 426 2769 425 2770 1535 2770 426 2770 1537 2771 1535 2771 425 2771 428 2772 1537 2772 425 2772 1539 2773 1537 2773 428 2773 1541 2774 428 2774 430 2774 1541 2775 1539 2775 428 2775 431 2776 1541 2776 430 2776 1542 2777 1541 2777 431 2777 654 2778 431 2778 429 2778 654 2779 1542 2779 431 2779 603 2780 653 2780 601 2780 1543 2781 653 2781 603 2781 600 2782 1543 2782 603 2782 1540 2783 1543 2783 600 2783 597 2784 1540 2784 600 2784 1538 2785 1540 2785 597 2785 599 2786 1538 2786 597 2786 1536 2787 1538 2787 599 2787 598 2788 1536 2788 599 2788 1534 2789 1536 2789 598 2789 602 2790 1534 2790 598 2790 1520 2791 1534 2791 602 2791 1544 2792 548 2792 549 2792 1545 2793 547 2793 548 2793 1545 2794 548 2794 1544 2794 1546 2795 549 2795 550 2795 1546 2796 1544 2796 549 2796 1547 2797 547 2797 1545 2797 1548 2798 550 2798 551 2798 1548 2799 1546 2799 550 2799 546 2800 547 2800 1547 2800 1549 2801 546 2801 1547 2801 1550 2802 551 2802 552 2802 1550 2803 1548 2803 551 2803 545 2804 546 2804 1549 2804 1551 2805 545 2805 1549 2805 1552 2806 552 2806 553 2806 1552 2807 1550 2807 552 2807 544 2808 545 2808 1551 2808 1553 2809 544 2809 1551 2809 1554 2810 1552 2810 553 2810 1554 2811 553 2811 554 2811 543 2812 544 2812 1553 2812 1555 2813 543 2813 1553 2813 1556 2814 1554 2814 554 2814 1556 2815 554 2815 555 2815 1557 2816 542 2816 543 2816 1557 2817 543 2817 1555 2817 1558 2818 1556 2818 555 2818 1558 2819 555 2819 556 2819 1559 2820 1558 2820 556 2820 1560 2821 542 2821 1557 2821 541 2822 542 2822 1560 2822 557 2823 1559 2823 556 2823 1561 2824 541 2824 1560 2824 1562 2825 1559 2825 557 2825 540 2826 541 2826 1561 2826 558 2827 1562 2827 557 2827 1563 2828 1562 2828 558 2828 1564 2829 540 2829 1561 2829 539 2830 540 2830 1564 2830 559 2831 1563 2831 558 2831 1565 2832 539 2832 1564 2832 538 2833 539 2833 1565 2833 560 2834 1566 2834 1563 2834 560 2835 1563 2835 559 2835 1567 2836 538 2836 1565 2836 529 2837 1566 2837 560 2837 529 2838 1568 2838 1566 2838 537 2839 538 2839 1567 2839 1569 2840 537 2840 1567 2840 536 2841 537 2841 1569 2841 530 2842 1570 2842 1568 2842 530 2843 1568 2843 529 2843 1571 2844 536 2844 1569 2844 535 2845 1571 2845 1572 2845 535 2846 536 2846 1571 2846 531 2847 1573 2847 1570 2847 531 2848 1570 2848 530 2848 532 2849 1574 2849 1573 2849 532 2850 1573 2850 531 2850 534 2851 1572 2851 1575 2851 534 2852 535 2852 1572 2852 533 2853 1575 2853 1574 2853 533 2854 1574 2854 532 2854 533 2855 534 2855 1575 2855 1263 2856 1265 2856 244 2856 1263 2857 244 2857 240 2857 1261 2858 240 2858 239 2858 1261 2859 1263 2859 240 2859 1259 2860 236 2860 238 2860 1259 2861 239 2861 236 2861 1259 2862 1261 2862 239 2862 1260 2863 1259 2863 238 2863 1262 2864 238 2864 243 2864 1262 2865 1260 2865 238 2865 1264 2866 245 2866 248 2866 1264 2867 243 2867 245 2867 1264 2868 1262 2868 243 2868 1266 2869 1264 2869 248 2869 1268 2870 252 2870 256 2870 1268 2871 248 2871 252 2871 1268 2872 1266 2872 248 2872 1270 2873 1268 2873 256 2873 1272 2874 261 2874 265 2874 1272 2875 256 2875 261 2875 1272 2876 1270 2876 256 2876 1274 2877 1272 2877 265 2877 1276 2878 1274 2878 265 2878 1276 2879 265 2879 269 2879 1277 2880 1276 2880 269 2880 1277 2881 269 2881 304 2881 1279 2882 304 2882 306 2882 1279 2883 1277 2883 304 2883 1281 2884 309 2884 302 2884 1281 2885 306 2885 309 2885 1281 2886 1279 2886 306 2886 1282 2887 302 2887 295 2887 1282 2888 1281 2888 302 2888 1280 2889 1282 2889 295 2889 1278 2890 295 2890 266 2890 1278 2891 1280 2891 295 2891 1275 2892 266 2892 262 2892 1275 2893 1278 2893 266 2893 1273 2894 262 2894 258 2894 1273 2895 1275 2895 262 2895 1271 2896 258 2896 254 2896 1271 2897 1273 2897 258 2897 1269 2898 254 2898 249 2898 1269 2899 1271 2899 254 2899 1267 2900 249 2900 246 2900 1267 2901 1269 2901 249 2901 1265 2902 246 2902 244 2902 1265 2903 1267 2903 246 2903 1308 2904 1311 2904 298 2904 1308 2905 298 2905 290 2905 1303 2906 290 2906 283 2906 1303 2907 1308 2907 290 2907 1299 2908 276 2908 282 2908 1299 2909 283 2909 276 2909 1299 2910 1303 2910 283 2910 1296 2911 1299 2911 282 2911 1301 2912 282 2912 289 2912 1301 2913 1296 2913 282 2913 1305 2914 296 2914 303 2914 1305 2915 289 2915 296 2915 1305 2916 1301 2916 289 2916 1309 2917 1305 2917 303 2917 1312 2918 310 2918 315 2918 1312 2919 303 2919 310 2919 1312 2920 1309 2920 303 2920 1315 2921 1312 2921 315 2921 1318 2922 317 2922 324 2922 1318 2923 315 2923 317 2923 1318 2924 1315 2924 315 2924 1321 2925 1318 2925 324 2925 1323 2926 1321 2926 324 2926 1323 2927 324 2927 321 2927 1325 2928 1323 2928 321 2928 1325 2929 321 2929 323 2929 1328 2930 1325 2930 323 2930 1328 2931 323 2931 328 2931 1330 2932 1328 2932 328 2932 1330 2933 330 2933 339 2933 1330 2934 328 2934 330 2934 1329 2935 1330 2935 339 2935 1329 2936 339 2936 343 2936 1327 2937 1329 2937 343 2937 1326 2938 1327 2938 343 2938 1326 2939 343 2939 347 2939 1324 2940 347 2940 357 2940 1324 2941 1326 2941 347 2941 1322 2942 357 2942 356 2942 1322 2943 1324 2943 357 2943 1319 2944 356 2944 316 2944 1319 2945 1322 2945 356 2945 1316 2946 316 2946 311 2946 1316 2947 1319 2947 316 2947 1313 2948 311 2948 305 2948 1313 2949 1316 2949 311 2949 1311 2950 305 2950 298 2950 1311 2951 1313 2951 305 2951 1491 2952 1497 2952 361 2952 1491 2953 361 2953 358 2953 1488 2954 358 2954 353 2954 1488 2955 1491 2955 358 2955 1486 2956 352 2956 355 2956 1486 2957 353 2957 352 2957 1486 2958 1488 2958 353 2958 1483 2959 1486 2959 355 2959 1481 2960 355 2960 360 2960 1481 2961 1483 2961 355 2961 1477 2962 362 2962 368 2962 1477 2963 360 2963 362 2963 1477 2964 1481 2964 360 2964 1476 2965 1477 2965 368 2965 1474 2966 372 2966 376 2966 1474 2967 368 2967 372 2967 1474 2968 1476 2968 368 2968 1472 2969 1474 2969 376 2969 1473 2970 380 2970 382 2970 1473 2971 376 2971 380 2971 1473 2972 1472 2972 376 2972 1475 2973 1473 2973 382 2973 1478 2974 1475 2974 382 2974 1478 2975 382 2975 390 2975 1480 2976 1478 2976 390 2976 1480 2977 390 2977 388 2977 1484 2978 388 2978 389 2978 1484 2979 1480 2979 388 2979 1487 2980 391 2980 386 2980 1487 2981 389 2981 391 2981 1487 2982 1484 2982 389 2982 1490 2983 386 2983 385 2983 1490 2984 1487 2984 386 2984 1493 2985 1490 2985 385 2985 1494 2986 385 2986 383 2986 1494 2987 1493 2987 385 2987 1496 2988 383 2988 379 2988 1496 2989 1494 2989 383 2989 1499 2990 379 2990 377 2990 1499 2991 1496 2991 379 2991 1505 2992 377 2992 374 2992 1505 2993 1499 2993 377 2993 1503 2994 374 2994 370 2994 1503 2995 1505 2995 374 2995 1501 2996 370 2996 365 2996 1501 2997 1503 2997 370 2997 1497 2998 365 2998 361 2998 1497 2999 1501 2999 365 2999 1120 3000 1122 3000 292 3000 1120 3001 292 3001 285 3001 1118 3002 285 3002 280 3002 1118 3003 1120 3003 285 3003 1116 3004 273 3004 278 3004 1116 3005 280 3005 273 3005 1116 3006 1118 3006 280 3006 1115 3007 1116 3007 278 3007 1117 3008 278 3008 286 3008 1117 3009 1115 3009 278 3009 1119 3010 293 3010 301 3010 1119 3011 286 3011 293 3011 1119 3012 1117 3012 286 3012 1121 3013 1119 3013 301 3013 1123 3014 308 3014 314 3014 1123 3015 301 3015 308 3015 1123 3016 1121 3016 301 3016 1125 3017 1123 3017 314 3017 1127 3018 354 3018 359 3018 1127 3019 314 3019 354 3019 1127 3020 1125 3020 314 3020 1129 3021 1127 3021 359 3021 1131 3022 1129 3022 359 3022 1131 3023 359 3023 345 3023 1133 3024 1131 3024 345 3024 1133 3025 345 3025 341 3025 1135 3026 341 3026 337 3026 1135 3027 1133 3027 341 3027 1136 3028 335 3028 331 3028 1136 3029 337 3029 335 3029 1136 3030 1135 3030 337 3030 1138 3031 331 3031 327 3031 1138 3032 1136 3032 331 3032 1137 3033 1138 3033 327 3033 1134 3034 327 3034 326 3034 1134 3035 1137 3035 327 3035 1132 3036 326 3036 320 3036 1132 3037 1134 3037 326 3037 1130 3038 320 3038 319 3038 1130 3039 1132 3039 320 3039 1128 3040 319 3040 313 3040 1128 3041 1130 3041 319 3041 1126 3042 313 3042 307 3042 1126 3043 1128 3043 313 3043 1124 3044 307 3044 299 3044 1124 3045 1126 3045 307 3045 1122 3046 299 3046 292 3046 1122 3047 1124 3047 299 3047</p>
        </triangles>
      </mesh>
    </geometry>
    <geometry id="geometry10" name="Mesh010">
      <mesh>
        <source id="cubeverts-array10">
          <float_array count="270" id="cubeverts-array10-array">-0.003012747 0.01922523 0.1093 -0.01035575 0.01532089 0.1093 -0.0123629 0.01338261 0.1093 -0.00809838 0.01696096 0.1093 -0.005634733 0.01827091 0.1093 -0.01719616 0.003472964 0.1093 -0.01547588 0.008767423 0.1093 -0.01652113 0.00618034 0.1093 0.0025 0.02 0.1093 -0.000283462 0.01980536 0.1093 -0.01739044 -0.002090569 0.1093 -0.01748782 0.0006979901 0.1093 -0.01408075 0.01118386 0.1093 -0.01482051 -0.01 0.1093 -0.01690591 -0.004838438 0.1093 -0.01604368 -0.007492132 0.1093 0.01309838 0.01696096 0.1093 0.005283462 0.01980536 0.1093 0.008012747 0.01922523 0.1093 0.01063473 0.01827091 0.1093 0.0173629 0.01338261 0.1093 0.01535575 0.01532089 0.1093 -0.0092557 -0.01618034 0.1093 -0.01326021 -0.01231323 0.1093 -0.01139317 -0.0143868 0.1093 -0.006889431 -0.01765895 0.1093 0.02047588 0.008767423 0.1093 0.01908075 0.01118386 0.1093 0.02219616 0.003472964 0.1093 0.02152113 0.00618034 0.1093 0.003895129 -0.01995128 0.1093 0.02248782 0.0006979901 0.1093 -0.001658234 -0.01956295 0.1093 0.001104871 -0.01995128 0.1093 -0.004340403 -0.01879385 0.1093 0.006658234 -0.01956295 0.1093 0.02104368 -0.007492132 0.1093 0.02190591 -0.004838438 0.1093 0.02239044 -0.002090569 0.1093 0.0142557 -0.01618034 0.1093 0.009340403 -0.01879385 0.1093 0.01188943 -0.01765895 0.1093 0.01639317 -0.0143868 0.1093 0.01982051 -0.01 0.1093 0.01826021 -0.01231323 0.1093 0.005283462 0.01980536 0.1023 0.0025 0.02 0.1023 0.008012747 0.01922523 0.1023 0.01063473 0.01827091 0.1023 0.01309838 0.01696096 0.1023 0.01535575 0.01532089 0.1023 0.0173629 0.01338261 0.1023 0.01908075 0.01118386 0.1023 0.02047588 0.008767423 0.1023 0.02152113 0.00618034 0.1023 0.02219616 0.003472964 0.1023 0.02248782 0.0006979901 0.1023 0.02239044 -0.002090569 0.1023 0.02190591 -0.004838438 0.1023 0.02104368 -0.007492132 0.1023 0.01982051 -0.01 0.1023 0.01826021 -0.01231323 0.1023 0.01639317 -0.0143868 0.1023 0.0142557 -0.01618034 0.1023 0.01188943 -0.01765895 0.1023 0.009340403 -0.01879385 0.1023 0.006658234 -0.01956295 0.1023 0.003895129 -0.01995128 0.1023 0.001104871 -0.01995128 0.1023 -0.001658234 -0.01956295 0.1023 -0.004340403 -0.01879385 0.1023 -0.006889431 -0.01765895 0.1023 -0.0092557 -0.01618034 0.1023 -0.01139317 -0.0143868 0.1023 -0.01326021 -0.01231323 0.1023 -0.01482051 -0.01 0.1023 -0.01604368 -0.007492132 0.1023 -0.01690591 -0.004838438 0.1023 -0.01739044 -0.002090569 0.1023 -0.01748782 0.0006979901 0.1023 -0.01719616 0.003472964 0.1023 -0.01652113 0.00618034 0.1023 -0.01547588 0.008767423 0.1023 -0.01408075 0.01118386 0.1023 -0.0123629 0.01338261 0.1023 -0.01035575 0.01532089 0.1023 -0.00809838 0.01696096 0.1023 -0.005634733 0.01827091 0.1023 -0.003012747 0.01922523 0.1023 -0.000283462 0.01980536 0.1023</float_array>
          <technique_common>
            <accessor count="90" source="#cubeverts-array10-array" stride="3">
              <param type="float" name="X"/>
              <param type="float" name="Y"/>
              <param type="float" name="Z"/>
            </accessor>
          </technique_common>
        </source>
        <source id="cubenormals-array10">
          <float_array count="528" id="cubenormals-array10-array">0 0 1 0 0 1 0 0 1 0 0 1 0 0 1 0 -0 1 0 0 1 0 0 1 0 0 1 0 0 1 0 0 1 0 0 1 0 0 1 0 0 1 0 0 1 0 0 1 0 0 1 0 0 1 0 0 1 0 0 1 0 0 1 0 0 1 0 0 1 0 0 1 0 0 1 0 0 1 0 0 1 0 0 1 0 0 1 0 0 1 0 0 1 0 -0 1 0 0 1 0 -0 1 0 0 1 0 0 1 0 0 1 0 0 1 0 -0 1 0 0 1 0 0 1 0 0 1 0 0 1 0.06975736 0.997564 -0 0.06975736 0.997564 0 0.2079124 0.9781474 -0 0.2079124 0.9781474 0 0.3420182 0.9396933 -0 0.3420182 0.9396933 0 0.4694731 0.8829468 -0 0.5877841 0.8090178 -0 0.4694731 0.8829468 0 0.5877841 0.8090178 -0 0.6946579 0.7193403 -0 0.6946579 0.7193403 0 0.7880113 0.6156607 -0 0.8660254 0.5 -0 0.7880113 0.6156607 0 0.9271838 0.3746068 -0 0.8660254 0.5 -0 0.9702953 0.2419236 -0 0.9271838 0.3746068 -0 0.9702953 0.2419236 -0 0.9945219 0.1045281 -0 0.9945219 0.1045281 0 0.9993908 -0.03489988 0 0.9848074 -0.1736503 0 0.9993908 -0.03489988 0 0.9848074 -0.1736503 0 0.9510573 -0.3090146 0 0.9510573 -0.3090146 0 0.898794 -0.4383713 0 0.8290361 -0.5591952 0 0.898794 -0.4383713 0 0.8290361 -0.5591952 0 0.743147 -0.6691282 0 0.6427854 -0.7660463 0 0.743147 -0.6691282 0 0.6427854 -0.7660463 0 0.5299197 -0.8480478 0 0.4067362 -0.9135456 0 0.5299197 -0.8480478 0 0.4067362 -0.9135456 0 0.2756376 -0.9612616 0 0.1391736 -0.9902679 0 0.2756376 -0.9612616 0 0.1391736 -0.9902679 0 0 -1 0 0 -1 0 -0.1391736 -0.9902679 0 -0.2756376 -0.9612617 0 -0.1391736 -0.9902679 0 -0.2756376 -0.9612617 0 -0.4067363 -0.9135456 0 -0.5299197 -0.8480478 0 -0.4067363 -0.9135456 0 -0.5299197 -0.8480478 0 -0.6427852 -0.7660465 0 -0.6427852 -0.7660465 0 -0.743147 -0.6691282 0 -0.743147 -0.6691282 0 -0.8290362 -0.5591949 0 -0.8290362 -0.5591949 0 -0.898794 -0.4383713 0 -0.898794 -0.4383713 0 -0.9510573 -0.3090146 0 -0.9510573 -0.3090146 0 -0.9848074 -0.1736503 0 -0.9848074 -0.1736503 0 -0.9993908 -0.03489988 0 -0.9993908 -0.03489988 0 -0.9945219 0.1045281 0 -0.9945219 0.1045281 0 -0.9702953 0.2419236 0 -0.9271838 0.3746068 0 -0.9702953 0.2419236 0 -0.9271838 0.3746068 0 -0.8660254 0.5 0 -0.7880113 0.6156607 0 -0.8660254 0.5 0 -0.7880113 0.6156607 0 -0.6946579 0.7193403 0 -0.6946579 0.7193403 0 -0.5877841 0.8090178 0 -0.5877841 0.8090178 0 -0.4694731 0.8829468 0 -0.4694731 0.8829468 0 -0.3420182 0.9396933 0 -0.3420182 0.9396933 0 -0.2079124 0.9781474 0 -0.2079124 0.9781474 0 -0.06975736 0.997564 0 -0.06975736 0.997564 0 0 0 -1 0 0 -1 0 0 -1 0 0 -1 0 0 -1 0 0 -1 0 0 -1 0 0 -1 0 0 -1 0 -0 -1 0 0 -1 0 0 -1 0 0 -1 0 0 -1 0 0 -1 0 0 -1 0 0 -1 0 0 -1 0 0 -1 0 0 -1 0 0 -1 0 0 -1 0 0 -1 0 0 -1 0 0 -1 0 0 -1 0 0 -1 0 0 -1 0 0 -1 0 -0 -1 -0 0 -1 0 0 -1 0 0 -1 0 0 -1 0 -0 -1 0 0 -1 0 0 -1 0 -0 -1 0 0 -1 0 0 -1 -0 0 -1 0 0 -1 0 -0 -1</float_array>
          <technique_common>
            <accessor count="176" source="#cubenormals-array10-array" stride="3">
              <param type="float" name="X"/>
              <param type="float" name="Y"/>
              <param type="float" name="Z"/>
            </accessor>
          </technique_common>
        </source>
        <vertices id="cubeverts-array10-vertices">
          <input semantic="POSITION" source="#cubeverts-array10"/>
        </vertices>
        <triangles count="176" material="ref_Mesh010">
          <input offset="0" semantic="VERTEX" source="#cubeverts-array10-vertices"/>
          <input offset="1" semantic="NORMAL" source="#cubenormals-array10"/>
          <p>0 0 1 0 2 0 0 1 3 1 1 1 0 2 4 2 3 2 5 3 6 3 7 3 8 4 9 4 0 4 10 5 5 5 11 5 10 6 12 6 6 6 10 7 6 7 5 7 13 8 14 8 15 8 13 9 10 9 14 9 16 10 17 10 8 10 16 11 18 11 17 11 16 12 19 12 18 12 20 13 21 13 16 13 22 14 23 14 24 14 25 15 13 15 23 15 25 16 23 16 22 16 26 17 27 17 20 17 28 18 29 18 26 18 28 19 2 19 12 19 28 20 8 20 0 20 28 21 0 21 2 21 28 22 26 22 20 22 28 23 16 23 8 23 28 24 20 24 16 24 30 25 31 25 28 25 30 26 32 26 33 26 30 27 34 27 32 27 30 28 25 28 34 28 30 29 12 29 10 29 30 30 10 30 13 30 30 31 28 31 12 31 30 32 13 32 25 32 35 33 31 33 30 33 36 34 37 34 38 34 39 35 40 35 41 35 39 36 35 36 40 36 42 37 38 37 31 37 42 38 31 38 35 38 42 39 43 39 36 39 42 40 44 40 43 40 42 41 36 41 38 41 42 42 35 42 39 42 45 43 8 43 17 43 45 44 46 44 8 44 47 45 17 45 18 45 47 46 45 46 17 46 48 47 18 47 19 47 48 48 47 48 18 48 49 49 19 49 16 49 49 50 16 50 21 50 49 51 48 51 19 51 50 52 49 52 21 52 51 53 21 53 20 53 51 54 50 54 21 54 52 55 20 55 27 55 52 56 27 56 26 56 52 57 51 57 20 57 53 58 26 58 29 58 53 59 52 59 26 59 54 60 29 60 28 60 54 61 53 61 29 61 55 62 54 62 28 62 56 63 28 63 31 63 56 64 55 64 28 64 57 65 31 65 38 65 57 66 38 66 37 66 57 67 56 67 31 67 58 68 57 68 37 68 59 69 37 69 36 69 59 70 58 70 37 70 60 71 36 71 43 71 60 72 43 72 44 72 60 73 59 73 36 73 61 74 60 74 44 74 62 75 44 75 42 75 62 76 42 76 39 76 62 77 61 77 44 77 63 78 62 78 39 78 64 79 39 79 41 79 64 80 41 80 40 80 64 81 63 81 39 81 65 82 64 82 40 82 66 83 40 83 35 83 66 84 35 84 30 84 66 85 65 85 40 85 67 86 66 86 30 86 68 87 30 87 33 87 68 88 67 88 30 88 69 89 33 89 32 89 69 90 32 90 34 90 69 91 68 91 33 91 70 92 69 92 34 92 71 93 34 93 25 93 71 94 25 94 22 94 71 95 70 95 34 95 72 96 71 96 22 96 73 97 72 97 22 97 73 98 22 98 24 98 74 99 73 99 24 99 74 100 24 100 23 100 75 101 74 101 23 101 75 102 23 102 13 102 76 103 75 103 13 103 76 104 13 104 15 104 76 105 15 105 14 105 77 106 76 106 14 106 78 107 77 107 14 107 78 108 14 108 10 108 79 109 78 109 10 109 79 110 10 110 11 110 80 111 79 111 11 111 80 112 11 112 5 112 80 113 5 113 7 113 81 114 7 114 6 114 81 115 80 115 7 115 82 116 81 116 6 116 83 117 6 117 12 117 83 118 12 118 2 118 83 119 82 119 6 119 84 120 83 120 2 120 85 121 2 121 1 121 85 122 84 122 2 122 86 123 1 123 3 123 86 124 85 124 1 124 87 125 3 125 4 125 87 126 86 126 3 126 88 127 4 127 0 127 88 128 87 128 4 128 89 129 0 129 9 129 89 130 88 130 0 130 46 131 9 131 8 131 46 132 89 132 9 132 75 133 73 133 74 133 70 134 71 134 72 134 70 135 72 135 73 135 67 136 68 136 69 136 67 137 69 137 70 137 67 138 73 138 75 138 67 139 70 139 73 139 80 140 75 140 76 140 80 141 76 141 77 141 80 142 77 142 78 142 80 143 78 143 79 143 82 144 80 144 81 144 84 145 82 145 83 145 84 146 80 146 82 146 62 147 63 147 64 147 62 148 64 148 65 148 62 149 65 149 66 149 62 150 66 150 67 150 85 151 80 151 84 151 61 152 62 152 67 152 86 153 80 153 85 153 88 154 86 154 87 154 88 155 80 155 86 155 58 156 59 156 60 156 58 157 60 157 61 157 57 158 58 158 61 158 57 159 61 159 67 159 46 160 88 160 89 160 56 161 57 161 67 161 55 162 56 162 67 162 55 163 75 163 80 163 55 164 67 164 75 164 47 165 46 165 45 165 47 166 88 166 46 166 54 167 55 167 80 167 48 168 88 168 47 168 52 169 53 169 54 169 52 170 54 170 80 170 50 171 48 171 49 171 51 172 48 172 50 172 51 173 80 173 88 173 51 174 88 174 48 174 51 175 52 175 80 175</p>
        </triangles>
      </mesh>
    </geometry>
    <geometry id="geometry11" name="Mesh011">
      <mesh>
        <source id="cubeverts-array11">
          <float_array count="759" id="cubeverts-array11-array">-0.00777218 0.01598382 0.11535 -0.00994235 0.01435924 0.11535 -0.01185924 0.01244235 0.11535 -0.005392885 0.01728301 0.11535 -0.01573037 0.005352919 0.11535 -0.01348382 0.01027218 0.11535 -0.01478301 0.007892885 0.11535 -0.0002039819 0.01880661 0.11535 -0.002852919 0.01823037 0.11535 0.0025 0.019 0.11535 -0.0165 0 0.11535 -0.01630661 0.002703982 0.11535 -0.01630661 -0.002703982 0.11535 -0.01478301 -0.00789289 0.11535 -0.01573037 -0.00535292 0.11535 0.01277218 0.01598382 0.11535 0.007852919 0.01823037 0.11535 0.005203982 0.01880661 0.11535 0.01039289 0.01728301 0.11535 -0.00994235 -0.01435924 0.11535 -0.01348382 -0.01027218 0.11535 -0.01185924 -0.01244235 0.11535 0.01848382 0.01027218 0.11535 0.01685924 0.01244235 0.11535 0.01494235 0.01435924 0.11535 -0.005392885 -0.01728301 0.11535 -0.00777218 -0.01598382 0.11535 -0.002852919 -0.01823037 0.11535 0.005203982 -0.01880661 0.11535 0.01978301 0.007892885 0.11535 0.02073037 0.005352919 0.11535 0.02130661 0.002703982 0.11535 -0.0002039819 -0.01880661 0.11535 0.0025 -0.019 0.11535 0.01978301 -0.00789289 0.11535 0.0215 0 0.11535 0.02130661 -0.002703982 0.11535 0.02073037 -0.00535292 0.11535 0.01277218 -0.01598382 0.11535 0.007852919 -0.01823037 0.11535 0.01039289 -0.01728301 0.11535 0.01494235 -0.01435924 0.11535 0.01848382 -0.01027218 0.11535 0.01685924 -0.01244235 0.11535 0.005283462 0.01980536 0.11435 0.0025 0.02 0.11435 0.0025 0.01996593 0.1146088 0.0025 0.01925882 0.1153159 -0.000283462 0.01980536 0.11435 0.0025 0.01986603 0.11485 0.005213876 0.01931023 0.115216 0.0025 0.0195 0.115216 0.0025 0.01970711 0.1150571 0.005264816 0.01967269 0.11485 0.007874928 0.0187446 0.115216 0.007975819 0.01909645 0.11485 0.008012747 0.01922523 0.11435 0.01043136 0.01781414 0.115216 0.01058024 0.01814852 0.11485 0.01063473 0.01827091 0.11435 0.01283343 0.01653694 0.115216 0.01302739 0.01684735 0.11485 0.01309838 0.01696096 0.11435 0.01535575 0.01532089 0.11435 0.01503436 0.01493787 0.115216 0.01526964 0.01521826 0.11485 0.0173629 0.01338261 0.11435 0.01699132 0.01304805 0.115216 0.01726333 0.01329297 0.11485 0.01866623 0.01090426 0.115216 0.01896968 0.01110894 0.11485 0.01908075 0.01118386 0.11435 0.02002648 0.008548237 0.115216 0.02035546 0.008708693 0.11485 0.02047588 0.008767423 0.11435 0.0210456 0.006025831 0.115216 0.02139371 0.006138939 0.11485 0.02152113 0.00618034 0.11435 0.02170375 0.00338614 0.115216 0.02206422 0.003449699 0.11485 0.02219616 0.003472964 0.11435 0.02198812 0.0006805401 0.115216 0.02235392 0.000693314 0.11485 0.02248782 0.0006979901 0.11435 0.02189318 -0.002038305 0.115216 0.0222572 -0.002076565 0.11485 0.02239044 -0.002090569 0.11435 0.02180152 -0.002775139 0.115216 0.02216382 -0.00282723 0.11485 0.02190591 -0.004838438 0.11435 0.02142077 -0.004717477 0.115216 0.02177592 -0.004806026 0.11485 0.02121011 -0.005493785 0.115216 0.02156131 -0.005596907 0.11485 0.02104368 -0.007492132 0.11435 0.02058009 -0.007304829 0.115216 0.02091946 -0.007441944 0.11485 0.02023782 -0.00810059 0.115216 0.02057077 -0.00825265 0.11485 0.01982051 -0.01 0.11435 0.01970448 -0.00993301 0.11485 0.01890444 -0.0105425 0.115216 0.01921236 -0.01074038 0.11485 0.01826021 -0.01231323 0.11435 0.01815464 -0.01223075 0.11485 0.01723712 -0.01276978 0.115216 0.01751374 -0.01300948 0.11485 0.01639317 -0.0143868 0.11435 0.0163001 -0.01429042 0.11485 0.01526978 -0.01473712 0.115216 0.01550948 -0.01501374 0.11485 0.0142557 -0.01618034 0.11435 0.01417696 -0.01607195 0.11485 0.0130425 -0.01640444 0.115216 0.01324038 -0.01671236 0.11485 0.01188943 -0.01765895 0.11435 0.01182653 -0.01754066 0.11485 0.01060059 -0.01773782 0.115216 0.01075264 -0.01807077 0.11485 0.009340403 -0.01879385 0.11435 0.009294581 -0.01866796 0.11485 0.007993785 -0.01871011 0.115216 0.008096906 -0.01906131 0.11485 0.006658234 -0.01956295 0.11435 0.006630379 -0.01943191 0.11485 0.005275139 -0.01930152 0.115216 0.00532723 -0.01966382 0.11485 0.003895129 -0.01995128 0.11435 0.003885784 -0.01981763 0.11485 0.0025 -0.0195 0.115216 0.0025 -0.01986603 0.11485 0.001104871 -0.01995128 0.11435 0.001114216 -0.01981763 0.11485 -0.0002751389 -0.01930152 0.115216 -0.00032723 -0.01966382 0.11485 -0.001658234 -0.01956295 0.11435 -0.001630379 -0.01943191 0.11485 -0.002993785 -0.01871011 0.115216 -0.003096906 -0.01906131 0.11485 -0.004340403 -0.01879385 0.11435 -0.004294581 -0.01866796 0.11485 -0.005600594 -0.01773782 0.115216 -0.005752645 -0.01807077 0.11485 -0.006889431 -0.01765895 0.11435 -0.006826534 -0.01754066 0.11485 -0.0080425 -0.01640444 0.115216 -0.008240379 -0.01671236 0.11485 -0.0092557 -0.01618034 0.11435 -0.00917696 -0.01607195 0.11485 -0.01026978 -0.01473712 0.115216 -0.01050948 -0.01501374 0.11485 -0.01139317 -0.0143868 0.11435 -0.0113001 -0.01429042 0.11485 -0.01223712 -0.01276978 0.115216 -0.01251374 -0.01300948 0.11485 -0.01326021 -0.01231323 0.11435 -0.01315464 -0.01223075 0.11485 -0.01390444 -0.0105425 0.115216 -0.01421236 -0.01074038 0.11485 -0.01482051 -0.01 0.11435 -0.01470448 -0.00993301 0.11485 -0.01523782 -0.00810059 0.115216 -0.01557077 -0.00825265 0.11485 -0.01604368 -0.007492132 0.11435 -0.01558009 -0.007304829 0.115216 -0.01591946 -0.007441944 0.11485 -0.01621011 -0.005493785 0.115216 -0.01656131 -0.005596907 0.11485 -0.01690591 -0.004838438 0.11435 -0.01642077 -0.004717477 0.115216 -0.01677592 -0.004806026 0.11485 -0.01680152 -0.002775139 0.115216 -0.01716382 -0.00282723 0.11485 -0.01739044 -0.002090569 0.11435 -0.01689318 -0.002038305 0.115216 -0.0172572 -0.002076565 0.11485 -0.017 0 0.115216 -0.01736603 0 0.11485 -0.01748782 0.0006979901 0.11435 -0.01680152 0.002775139 0.115216 -0.01716382 0.00282723 0.11485 -0.01719616 0.003472964 0.11435 -0.01621011 0.005493785 0.115216 -0.01656131 0.005596906 0.11485 -0.01652113 0.00618034 0.11435 -0.01523782 0.008100593 0.115216 -0.01557077 0.008252645 0.11485 -0.01547588 0.008767423 0.11435 -0.01390444 0.0105425 0.115216 -0.01421236 0.01074038 0.11485 -0.01408075 0.01118386 0.11435 -0.01223712 0.01276978 0.115216 -0.01251374 0.01300948 0.11485 -0.0123629 0.01338261 0.11435 -0.01026978 0.01473712 0.115216 -0.01050948 0.01501374 0.11485 -0.01035575 0.01532089 0.11435 -0.0080425 0.01640444 0.115216 -0.008240379 0.01671236 0.11485 -0.00809838 0.01696096 0.11435 -0.005600594 0.01773782 0.115216 -0.005752645 0.01807077 0.11485 -0.005634733 0.01827091 0.11435 -0.002993785 0.01871011 0.115216 -0.003096906 0.01906131 0.11485 -0.003012747 0.01922523 0.11435 -0.0002751389 0.01930152 0.115216 -0.00032723 0.01966382 0.11485 0.005283462 0.01980536 0.10935 0.0025 0.02 0.10935 0.008012747 0.01922523 0.10935 0.01063473 0.01827091 0.10935 0.01309838 0.01696096 0.10935 0.01535575 0.01532089 0.10935 0.0173629 0.01338261 0.10935 0.01908075 0.01118386 0.10935 0.02047588 0.008767423 0.10935 0.02152113 0.00618034 0.10935 0.02219616 0.003472964 0.10935 0.02248782 0.0006979901 0.10935 0.02239044 -0.002090569 0.10935 0.02190591 -0.004838438 0.10935 0.02104368 -0.007492132 0.10935 0.01982051 -0.01 0.10935 0.01826021 -0.01231323 0.10935 0.01639317 -0.0143868 0.10935 0.0142557 -0.01618034 0.10935 0.01188943 -0.01765895 0.10935 0.009340403 -0.01879385 0.10935 0.006658234 -0.01956295 0.10935 0.003895129 -0.01995128 0.10935 0.001104871 -0.01995128 0.10935 -0.001658234 -0.01956295 0.10935 -0.004340403 -0.01879385 0.10935 -0.006889431 -0.01765895 0.10935 -0.0092557 -0.01618034 0.10935 -0.01139317 -0.0143868 0.10935 -0.01326021 -0.01231323 0.10935 -0.01482051 -0.01 0.10935 -0.01604368 -0.007492132 0.10935 -0.01690591 -0.004838438 0.10935 -0.01739044 -0.002090569 0.10935 -0.01748782 0.0006979901 0.10935 -0.01719616 0.003472964 0.10935 -0.01652113 0.00618034 0.10935 -0.01547588 0.008767423 0.10935 -0.01408075 0.01118386 0.10935 -0.0123629 0.01338261 0.10935 -0.01035575 0.01532089 0.10935 -0.00809838 0.01696096 0.10935 -0.005634733 0.01827091 0.10935 -0.003012747 0.01922523 0.10935 -0.000283462 0.01980536 0.10935</float_array>
          <technique_common>
            <accessor count="253" source="#cubeverts-array11-array" stride="3">
              <param type="float" name="X"/>
              <param type="float" name="Y"/>
              <param type="float" name="Z"/>
            </accessor>
          </technique_common>
        </source>
        <source id="cubenormals-array11">
          <float_array count="1506" id="cubenormals-array11-array">0 0 1 0 0 1 0 0 1 0 0 1 0 0 1 0 0 1 0 0 1 0 -0 1 0 0 1 0 0 1 0 0 1 0 -0 1 0 0 1 0 0 1 0 0 1 0 0 1 0 0 1 0 0 1 0 0 1 0 0 1 0 0 1 0 0 1 0 -0 1 0 0 1 0 0 1 0 0 1 0 0 1 0 0 1 0 0 1 0 0 1 0 0 1 0 -0 1 0 0 1 0 0 1 0 0 1 0 -0 1 0 0 1 0 0 1 0 0 1 0 0 1 0 -0 1 0 0 1 0.06916355 0.9890722 0.1302017 -0.009340674 0.1306015 0.9913909 -0.08852813 0.9202592 0.3811636 -0.06916355 0.9890722 0.1302017 0.0340014 0.1305317 0.9908609 0.02674964 0.3825435 0.9235502 0.04252566 0.6081546 0.7926787 0.01836204 0.2567384 0.9663065 0.05539239 0.7921333 0.6078294 0.06447126 0.9219647 0.3818699 0.06170793 0.7048769 0.7066404 0.07956665 0.9627508 0.2584187 0.05429823 0.2496051 0.9668242 0.05435999 0.255741 0.9652158 0.1471915 0.6924804 0.7062616 0.2008607 0.9449735 0.2582251 0.2008612 0.9449739 0.2582228 0.1471918 0.6924757 0.7062663 0.08862565 0.2376139 0.9673082 0.09008791 0.2475163 0.9646864 0.2421314 0.6652521 0.7062662 0.2421317 0.6652562 0.7062623 0.3304183 0.9078224 0.258229 0.3304199 0.9078235 0.2582231 0.1245375 0.2342214 0.9641737 0.1207151 0.221074 0.9677573 0.3323615 0.6250833 0.7062625 0.4535476 0.8530018 0.2582292 0.3323612 0.6250817 0.7062641 0.4535523 0.8530042 0.2582134 0.5678512 0.7815824 0.2582132 0.8765046 0.01946243 0.4809998 0.1499839 0.2003537 0.9681752 0.3338007 0.6323909 0.6990414 0.8447552 -0.01042345 0.5350513 0.6710992 0.6949446 0.2582208 0.2983789 0.4106829 0.8615739 0.5678512 0.7815793 0.2582223 0.1759102 0.1759107 0.9685613 0.3536639 0.3662286 0.8606965 0.6710987 0.694941 0.2582316 0.4173909 0.5808279 0.6988733 0.8177411 -0.05149321 0.5732783 0.1980367 0.1482487 0.9689188 0.493061 0.5183934 0.6986839 0.7930045 -0.1015083 0.6006995 0.7612841 0.5947792 0.2582328 0.4023058 0.3143153 0.8598582 0.7612838 0.5947793 0.2582338 0.2159824 0.1179351 0.9692487 0.4432901 0.255933 0.8590647 0.8366527 0.4830405 0.2582326 0.5594137 0.4462992 0.6984793 0.7678484 -0.1583437 0.6207545 0.836651 0.4830407 0.2582379 0.2294456 0.08557902 0.9695519 0.8957354 0.3619008 0.258236 0.4757548 0.1922178 0.8583179 0.8957347 0.361901 0.2582385 0.6152448 0.3659454 0.6982535 0.7398944 -0.2200172 0.6357268 0.2382111 0.05181962 0.96983 0.9373844 0.2337191 0.2582362 0.4990104 0.1244188 0.857618 0.6595569 0.2788672 0.6980099 0.7072534 -0.2846366 0.647128 0.9373862 0.2337184 0.2582301 0.2421534 0.0173189 0.9700833 0.5125484 0.05386949 0.8569669 0.9607915 0.1009804 0.2582301 0.668556 -0.3503717 0.6559516 0.6915988 0.1867315 0.6977266 0.9607878 0.1009825 0.2582428 0.2412373 -0.01725339 0.9703128 0.7108203 0.09126589 0.6974275 0.9654916 -0.03371342 0.2582428 0.5160609 -0.01802002 0.8563623 0.9654952 -0.0337162 0.258229 0.2569194 -0.03195919 0.9659043 0.7017414 -0.08729409 0.7070634 0.7017434 -0.08729257 0.7070616 0.95855 -0.1192401 0.2587735 0.9674081 -0.1705823 0.1871449 0.2355162 -0.05123335 0.9705191 0.2543269 -0.04985494 0.9658324 0.6943289 -0.1361079 0.7066696 0.9479695 -0.1858286 0.2584986 0.6943308 -0.1361076 0.7066679 0.2498737 -0.06780636 0.9659013 0.6824839 -0.1851968 0.7070487 0.6824791 -0.1851993 0.7070527 0.9322294 -0.252967 0.2587586 0.9349006 -0.3037651 0.1835422 0.2251328 -0.08397029 0.9707029 0.2447637 -0.08514763 0.9658367 0.6682332 -0.2324642 0.7067 0.6682368 -0.2324641 0.7066966 0.9123724 -0.3173951 0.2585285 0.2378504 -0.1023028 0.9658992 0.6496358 -0.2794127 0.7070374 0.8873463 -0.3816535 0.2587611 0.6496292 -0.2794146 0.7070427 0.8840619 -0.431186 0.1803139 0.4230733 -0.2310151 0.8761513 0.6288362 -0.3241889 0.7067295 0.171515 -0.2407343 0.9553165 0.8586113 -0.4426467 0.2585546 0.3554431 0.09200106 0.9301592 0.8247982 -0.5027438 0.2587598 0.6038563 -0.3680718 0.7070224 0.8158774 -0.5503194 0.1774611 0.787768 -0.5590814 0.2585526 0.3854305 -0.2885315 0.8764662 0.5769364 -0.4094536 0.7067476 0.1331227 -0.2661002 0.9547088 0.355893 0.02846519 0.9340931 0.7316831 -0.6588061 0.1749693 0.7458369 -0.6138288 0.2587306 0.5460491 -0.4494021 0.7070134 0.09083048 -0.2855977 0.9540355 0.5135407 -0.4865592 0.7067786 0.7012284 -0.6643858 0.2585927 0.3401016 -0.3401014 0.8767337 0.3468163 -0.03188279 0.9373911 0.6520202 -0.7126861 0.2587436 0.4773747 -0.521791 0.706999 0.6331077 -0.7545129 0.1728723 0.04548265 -0.2986235 0.9532866 0.4399343 -0.5539744 0.7068028 0.2879969 -0.3847166 0.8769555 0.6007414 -0.7564662 0.25859 0.3291156 -0.08799643 0.9401807 0.5452215 -0.797371 0.258714 0.5221003 -0.835534 0.171156 0.3991909 -0.5838054 0.706978 0.2301583 -0.4215043 0.8771324 -0.001979401 -0.3046898 0.9524496 0.3575788 -0.6103609 0.7068218 0.4882931 -0.8334805 0.258612 0.3037522 -0.138974 0.9425608 0.4275734 -0.8661704 0.2587077 0.4008291 -0.900278 0.1698102 0.3130576 -0.6341864 0.7069672 0.1677451 -0.4497407 0.8772655 -0.05056024 -0.3034236 0.9515134 0.2681036 -0.6545869 0.7068497 0.3661234 -0.8939063 0.2586215 0.2717475 -0.1840434 0.9446065 0.3014092 -0.9177321 0.2586898 0.2716798 -0.9474593 0.1688514 0.220688 -0.6719517 0.7069495 0.1019973 -0.468876 0.877355 -0.09918761 -0.2945963 0.9504603 0.1733024 -0.6857837 0.7068713 0.2366691 -0.9365354 0.2586297 0.2341717 -0.2225599 0.9463777 0.1692445 -0.9510236 0.2586704 0.1239212 -0.6963416 0.7069314 0.1371891 -0.9761477 0.1682702 0.0342255 -0.4785418 0.8773975 -0.1467596 -0.2781127 0.9492707 0.07504827 -0.7033288 0.706892 0.1024911 -0.9605146 0.2586644 0.1921332 -0.2540331 0.9479198 0.03371737 -0.9653749 0.2586782 0.02468855 -0.7068673 0.7069152 0 -0.985774 0.1680762 -0.1921332 -0.2540331 0.9479198 -0.0342255 -0.4785418 0.8773975 -0.02468855 -0.7068674 0.7069152 -0.03371737 -0.9653749 0.2586782 0.1467596 -0.2781127 0.9492707 -0.1024911 -0.9605146 0.2586644 -0.07504826 -0.7033287 0.706892 -0.1371891 -0.9761477 0.1682702 -0.2341717 -0.2225599 0.9463777 -0.1019973 -0.468876 0.877355 -0.1239212 -0.6963416 0.7069313 -0.1692445 -0.9510236 0.2586704 0.09918763 -0.2945963 0.9504603 -0.2366691 -0.9365354 0.2586297 -0.2716798 -0.9474593 0.1688516 -0.1733024 -0.6857837 0.7068713 -0.2717475 -0.1840434 0.9446065 -0.1677451 -0.4497407 0.8772655 -0.3014092 -0.9177319 0.25869 -0.220688 -0.6719517 0.7069495 0.05056021 -0.3034237 0.9515134 -0.4008292 -0.900278 0.1698104 -0.3661233 -0.8939062 0.2586218 -0.2681036 -0.6545868 0.7068497 -0.3037522 -0.138974 0.9425608 -0.2301583 -0.4215043 0.8771324 -0.4275734 -0.8661704 0.2587078 -0.3130576 -0.6341864 0.7069672 0.001979436 -0.3046898 0.9524496 -0.3575788 -0.6103609 0.7068217 -0.5221003 -0.835534 0.171156 -0.4882931 -0.8334805 0.258612 -0.3991909 -0.5838054 0.706978 -0.5452215 -0.797371 0.258714 -0.3291156 -0.08799641 0.9401807 -0.2879969 -0.3847166 0.8769555 -0.04548266 -0.2986235 0.9532866 -0.6007414 -0.7564662 0.2585899 -0.4399343 -0.5539744 0.7068027 -0.6331075 -0.754513 0.172873 -0.3468162 -0.0318828 0.9373911 -0.4773747 -0.521791 0.706999 -0.6520199 -0.7126858 0.2587447 -0.3401016 -0.3401013 0.8767337 -0.09083034 -0.2855976 0.9540356 -0.7012282 -0.6643856 0.2585939 -0.5135407 -0.4865592 0.7067786 -0.731683 -0.658806 0.1749706 -0.3558927 0.02846578 0.9340932 -0.5460491 -0.4494021 0.7070134 -0.7458366 -0.6138286 0.258732 -0.3854302 -0.2885315 0.8764663 -0.1331227 -0.2661002 0.9547088 -0.7877677 -0.5590813 0.258554 -0.5769364 -0.4094536 0.7067476 -0.8158776 -0.5503192 0.1774617 -0.3554431 0.09200104 0.9301592 -0.6038563 -0.3680718 0.7070224 -0.8247982 -0.5027438 0.2587598 -0.4230733 -0.2310151 0.8761513 -0.1715149 -0.2407343 0.9553165 -0.8586113 -0.4426467 0.2585547 -0.6288362 -0.3241889 0.7067295 -0.8840619 -0.431186 0.1803139 -0.2378504 -0.1023028 0.9658992 -0.2251328 -0.08397029 0.9707029 -0.6496341 -0.2794167 0.7070373 -0.649631 -0.2794106 0.7070426 -0.8873463 -0.3816535 0.258761 -0.2447637 -0.08514763 0.9658367 -0.6682368 -0.2324641 0.7066966 -0.9123724 -0.3173951 0.2585285 -0.6682332 -0.2324642 0.7066999 -0.9349006 -0.3037651 0.1835422 -0.2355162 -0.05123335 0.9705191 -0.2498737 -0.06780636 0.9659013 -0.6824791 -0.1851993 0.7070527 -0.9322294 -0.252967 0.2587587 -0.6824839 -0.1851968 0.7070487 -0.2543269 -0.04985494 0.9658324 -0.694329 -0.1361073 0.7066697 -0.6943307 -0.1361082 0.7066679 -0.9479695 -0.1858286 0.2584986 -0.9674081 -0.1705823 0.1871449 -0.2412373 -0.01725339 0.9703128 -0.2569194 -0.03195919 0.9659043 -0.7017432 -0.08729432 0.7070616 -0.95855 -0.1192401 0.2587735 -0.7017417 -0.08729236 0.7070634 -0.2588321 -0.01356456 0.965827 -0.7066011 -0.03703071 0.7066425 -0.9646909 -0.05055793 0.2584863 -0.6602716 0.3578041 0.6603163 -0.7065978 -0.03703167 0.7066457 -0.9809682 -0.03425654 0.1911227 -0.2588114 0.0185103 0.9657505 -0.2535427 0.0551548 0.9657505 -0.2588116 0.01851027 0.9657505 -0.8479798 0.06064774 0.5265475 -0.5904821 0.4754077 0.6521645 -0.7135361 -0.05543095 0.6984221 -0.9753366 0.1025116 0.1954733 -0.2535457 0.0551561 0.9657497 -0.8317539 0.1809389 0.52483 -0.4971551 0.5840973 0.6416129 -0.7137725 0.0488728 0.6986703 -0.9506549 0.2370267 0.2001839 -0.2431138 0.09067702 0.9657502 -0.2277346 0.1243523 0.9657502 -0.2431157 0.09067734 0.9657497 -0.7986149 0.2978676 0.5229619 -0.3796189 0.679638 0.6276797 -0.6989123 0.1518946 0.6988916 -0.9074434 0.3666312 0.205251 -0.2277361 0.1243535 0.9657497 -0.7491801 0.4090839 0.520941 -0.8465874 0.4887775 0.2106808 -0.2373034 0.7569263 0.6088921 -0.6693435 0.2514908 0.6990935 -0.2077178 0.155496 0.9657506 -0.2077207 0.1554974 0.9657498 -0.6843954 0.5123308 0.5187678 -0.06992992 0.8094711 0.5829806 -0.6257597 0.3455995 0.6992752 -0.7693288 0.6010644 0.216459 -0.605513 0.6055127 0.5164381 -0.1834733 0.1834737 0.9657509 -0.1834747 0.1834746 0.9657506 0.1218095 0.8285843 0.5464526 -0.5691299 0.4322866 0.6994422 -0.6772315 0.7012947 0.2225831 -0.1554947 0.2077169 0.9657511 -0.5140727 0.6867216 0.5139482 -0.1554986 0.2077204 0.9657497 -0.1243531 0.2277365 0.9657496 0.3348143 0.8023896 0.4940349 -0.500693 0.5097902 0.6995859 -0.5721567 0.7875084 0.2290575 -0.1243528 0.2277354 0.9657499 -0.4118674 0.75428 0.5112992 -0.42191 0.5765179 0.6997278 -0.4562273 0.8580351 0.2358655 -0.09067737 0.2431148 0.9657499 -0.09067734 0.2431147 0.9657499 -0.2474161 0.6633481 0.7062255 -0.2474174 0.66335 0.7062232 -0.3353986 0.8992383 0.2808525 -0.3317674 0.911529 0.2429923 -0.05515499 0.2535436 0.9657503 -0.02735943 0.3825372 0.9235349 -0.04349399 0.6081293 0.7926456 -0.05515557 0.253545 0.9657499 -0.03081471 0.2570832 0.9658979 -0.06876673 0.961475 0.2661521 -0.1504949 0.6918091 0.7062234 -0.2044498 0.9398338 0.2737016 -0.06255427 0.7048365 0.7066063 -0.05665104 0.7920772 0.6077864 -0.1504942 0.6918075 0.706225 -0.2012863 0.9469742 0.2504471 0.06975736 0.997564 0 0.06975736 0.997564 -0 0.2079125 0.9781474 -0 0.2079125 0.9781474 0 0.3420182 0.9396933 -0 0.3420182 0.9396933 0 0.4694731 0.8829468 -0 0.4694731 0.8829468 -0 0.5877841 0.8090177 -0 0.5877841 0.8090177 0 0.6946579 0.7193403 -0 0.6946579 0.7193403 0 0.7880113 0.6156608 -0 0.8660254 0.5000001 -0 0.7880113 0.6156608 0 0.8660254 0.5000001 -0 0.9271837 0.3746068 -0 0.9271837 0.3746068 0 0.9702953 0.2419236 -0 0.9702953 0.2419236 0 0.994522 0.1045281 -0 0.994522 0.1045281 0 0.9993908 -0.03489988 0 0.9848074 -0.1736503 0 0.9993908 -0.03489988 0 0.9848074 -0.1736503 0 0.9510573 -0.3090146 0 0.8987941 -0.4383713 0 0.9510573 -0.3090146 0 0.8290361 -0.5591952 0 0.8987941 -0.4383713 0 0.743147 -0.6691282 0 0.8290361 -0.5591952 0 0.743147 -0.6691282 0 0.6427854 -0.7660463 0 0.5299197 -0.8480478 0 0.6427854 -0.7660463 0 0.5299197 -0.8480478 0 0.4067362 -0.9135457 0 0.4067362 -0.9135457 0 0.2756376 -0.9612616 0 0.2756376 -0.9612616 0 0.1391736 -0.990268 0 0.1391736 -0.990268 0 0 -1 0 0 -1 0 -0.1391736 -0.990268 0 -0.1391736 -0.990268 0 -0.2756375 -0.9612617 0 -0.2756375 -0.9612617 0 -0.4067363 -0.9135456 0 -0.4067363 -0.9135456 0 -0.5299197 -0.8480478 0 -0.5299197 -0.8480478 0 -0.6427852 -0.7660464 0 -0.6427852 -0.7660464 0 -0.743147 -0.6691282 0 -0.743147 -0.6691282 0 -0.8290362 -0.5591949 0 -0.8290362 -0.5591949 0 -0.8987941 -0.4383713 0 -0.8987941 -0.4383713 0 -0.9510573 -0.3090146 0 -0.9510573 -0.3090146 0 -0.9848074 -0.1736503 0 -0.9848074 -0.1736503 0 -0.9993908 -0.03489988 0 -0.9993908 -0.03489988 0 -0.994522 0.1045281 0 -0.994522 0.1045281 0 -0.9702953 0.2419236 0 -0.9702953 0.2419236 0 -0.9271837 0.3746068 0 -0.9271837 0.3746068 0 -0.8660254 0.5000001 0 -0.7880113 0.6156608 0 -0.8660254 0.5000001 0 -0.7880113 0.6156608 0 -0.6946579 0.7193403 0 -0.6946579 0.7193403 0 -0.5877841 0.8090177 0 -0.5877841 0.8090177 0 -0.4694731 0.8829468 0 -0.3420182 0.9396933 0 -0.4694731 0.8829468 0 -0.3420182 0.9396933 0 -0.2079125 0.9781474 0 -0.2079125 0.9781474 0 -0.06975736 0.997564 0 -0.06975736 0.997564 0 0 0 -1 0 0 -1 0 0 -1 0 0 -1 0 0 -1 0 0 -1 0 0 -1 0 0 -1 0 0 -1 0 -0 -1 0 0 -1 0 0 -1 0 0 -1 0 0 -1 0 0 -1 0 0 -1 0 0 -1 0 0 -1 0 0 -1 0 0 -1 0 0 -1 0 0 -1 0 0 -1 0 0 -1 0 0 -1 0 0 -1 0 0 -1 0 0 -1 0 0 -1 0 -0 -1 -0 0 -1 0 0 -1 0 0 -1 0 0 -1 0 -0 -1 0 0 -1 0 0 -1 0 -0 -1 0 0 -1 0 0 -1 -0 0 -1 0 0 -1 0 -0 -1</float_array>
          <technique_common>
            <accessor count="502" source="#cubenormals-array11-array" stride="3">
              <param type="float" name="X"/>
              <param type="float" name="Y"/>
              <param type="float" name="Z"/>
            </accessor>
          </technique_common>
        </source>
        <vertices id="cubeverts-array11-vertices">
          <input semantic="POSITION" source="#cubeverts-array11"/>
        </vertices>
        <triangles count="502" material="ref_Mesh011">
          <input offset="0" semantic="VERTEX" source="#cubeverts-array11-vertices"/>
          <input offset="1" semantic="NORMAL" source="#cubenormals-array11"/>
          <p>0 0 1 0 2 0 3 1 0 1 2 1 4 2 5 2 6 2 4 3 2 3 5 3 7 4 8 4 3 4 9 5 7 5 3 5 10 6 4 6 11 6 12 7 4 7 10 7 12 8 3 8 2 8 12 9 2 9 4 9 13 10 12 10 14 10 13 11 3 11 12 11 15 12 16 12 17 12 15 13 18 13 16 13 19 14 20 14 21 14 22 15 23 15 24 15 25 16 19 16 26 16 27 17 17 17 9 17 27 18 19 18 25 18 27 19 24 19 15 19 27 20 13 20 20 20 27 21 15 21 17 21 27 22 9 22 3 22 27 23 3 23 13 23 27 24 22 24 24 24 27 25 20 25 19 25 28 26 29 26 22 26 28 27 30 27 29 27 28 28 31 28 30 28 28 29 32 29 33 29 28 30 27 30 32 30 28 31 22 31 27 31 34 32 35 32 31 32 34 33 36 33 35 33 34 34 37 34 36 34 34 35 31 35 28 35 38 36 39 36 40 36 38 37 28 37 39 37 41 38 42 38 34 38 41 39 43 39 42 39 41 40 34 40 28 40 41 41 28 41 38 41 44 42 45 42 46 42 47 43 7 43 9 43 46 44 48 44 49 44 45 45 48 45 46 45 50 46 47 46 9 46 50 47 51 47 47 47 50 48 52 48 51 48 50 49 9 49 17 49 53 50 49 50 52 50 53 51 46 51 49 51 53 52 52 52 50 52 53 53 44 53 46 53 54 54 17 54 16 54 54 55 50 55 17 55 55 56 53 56 50 56 55 57 44 57 53 57 55 58 56 58 44 58 55 59 50 59 54 59 57 60 16 60 18 60 57 61 54 61 16 61 58 62 55 62 54 62 58 63 54 63 57 63 58 64 59 64 56 64 58 65 56 65 55 65 60 66 57 66 18 66 60 67 18 67 15 67 61 68 58 68 57 68 61 69 59 69 58 69 61 70 57 70 60 70 61 71 62 71 59 71 61 72 63 72 62 72 61 73 60 73 15 73 64 74 15 74 24 74 65 75 15 75 64 75 65 76 64 76 24 76 65 77 66 77 63 77 65 78 61 78 15 78 65 79 63 79 61 79 67 80 24 80 23 80 68 81 65 81 24 81 68 82 66 82 65 82 68 83 24 83 67 83 68 84 67 84 23 84 69 85 23 85 22 85 70 86 23 86 69 86 70 87 69 87 22 87 70 88 71 88 66 88 70 89 68 89 23 89 70 90 66 90 68 90 72 91 22 91 29 91 73 92 70 92 22 92 73 93 71 93 70 93 73 94 22 94 72 94 73 95 72 95 29 95 73 96 74 96 71 96 75 97 29 97 30 97 76 98 77 98 74 98 76 99 73 99 29 99 76 100 74 100 73 100 76 101 29 101 75 101 76 102 75 102 30 102 78 103 30 103 31 103 79 104 77 104 76 104 79 105 76 105 30 105 79 106 30 106 78 106 79 107 78 107 31 107 79 108 80 108 77 108 81 109 31 109 35 109 82 110 79 110 31 110 82 111 80 111 79 111 82 112 81 112 35 112 82 113 31 113 81 113 82 114 83 114 80 114 84 115 35 115 36 115 85 116 35 116 84 116 85 117 83 117 82 117 85 118 82 118 35 118 85 119 86 119 83 119 87 120 84 120 36 120 88 121 85 121 84 121 88 122 84 122 87 122 88 123 86 123 85 123 88 124 89 124 86 124 90 125 36 125 37 125 90 126 87 126 36 126 91 127 88 127 87 127 91 128 89 128 88 128 91 129 87 129 90 129 92 130 90 130 37 130 93 131 91 131 90 131 93 132 90 132 92 132 93 133 89 133 91 133 93 134 94 134 89 134 95 135 37 135 34 135 95 136 92 136 37 136 96 137 93 137 92 137 96 138 92 138 95 138 96 139 94 139 93 139 97 140 95 140 34 140 98 141 96 141 95 141 98 142 94 142 96 142 98 143 95 143 97 143 98 144 99 144 94 144 100 145 34 145 42 145 100 146 98 146 97 146 100 147 97 147 34 147 100 148 99 148 98 148 101 149 100 149 42 149 102 150 99 150 100 150 102 151 100 151 101 151 102 152 103 152 99 152 104 153 103 153 102 153 104 154 42 154 43 154 104 155 102 155 101 155 104 156 101 156 42 156 105 157 104 157 43 157 106 158 107 158 103 158 106 159 103 159 104 159 106 160 104 160 105 160 108 161 105 161 43 161 108 162 106 162 105 162 108 163 107 163 106 163 108 164 43 164 41 164 109 165 108 165 41 165 110 166 107 166 108 166 110 167 108 167 109 167 110 168 111 168 107 168 112 169 109 169 41 169 112 170 110 170 109 170 112 171 41 171 38 171 112 172 111 172 110 172 113 173 112 173 38 173 114 174 111 174 112 174 114 175 115 175 111 175 114 176 112 176 113 176 116 177 38 177 40 177 116 178 113 178 38 178 116 179 114 179 113 179 116 180 115 180 114 180 117 181 116 181 40 181 118 182 115 182 116 182 118 183 119 183 115 183 118 184 116 184 117 184 120 185 40 185 39 185 120 186 117 186 40 186 120 187 118 187 117 187 120 188 119 188 118 188 121 189 120 189 39 189 122 190 119 190 120 190 122 191 123 191 119 191 122 192 120 192 121 192 124 193 39 193 28 193 124 194 121 194 39 194 124 195 122 195 121 195 124 196 123 196 122 196 125 197 124 197 28 197 126 198 123 198 124 198 126 199 124 199 125 199 126 200 127 200 123 200 128 201 28 201 33 201 128 202 125 202 28 202 128 203 126 203 125 203 128 204 127 204 126 204 129 205 128 205 33 205 130 206 127 206 128 206 130 207 128 207 129 207 130 208 131 208 127 208 132 209 129 209 33 209 132 210 33 210 32 210 132 211 130 211 129 211 132 212 131 212 130 212 133 213 132 213 32 213 134 214 131 214 132 214 134 215 132 215 133 215 134 216 135 216 131 216 136 217 133 217 32 217 136 218 32 218 27 218 136 219 134 219 133 219 136 220 135 220 134 220 137 221 136 221 27 221 138 222 135 222 136 222 138 223 139 223 135 223 138 224 136 224 137 224 140 225 137 225 27 225 140 226 27 226 25 226 140 227 139 227 138 227 140 228 138 228 137 228 141 229 140 229 25 229 142 230 143 230 139 230 142 231 139 231 140 231 142 232 140 232 141 232 144 233 141 233 25 233 144 234 25 234 26 234 144 235 143 235 142 235 144 236 142 236 141 236 145 237 144 237 26 237 146 238 144 238 145 238 146 239 147 239 143 239 146 240 143 240 144 240 148 241 146 241 145 241 148 242 147 242 146 242 148 243 145 243 26 243 148 244 26 244 19 244 149 245 148 245 19 245 150 246 147 246 148 246 150 247 148 247 149 247 150 248 151 248 147 248 152 249 149 249 19 249 152 250 150 250 149 250 152 251 151 251 150 251 152 252 19 252 21 252 153 253 152 253 21 253 154 254 151 254 152 254 154 255 152 255 153 255 154 256 155 256 151 256 156 257 153 257 21 257 156 258 154 258 153 258 156 259 155 259 154 259 156 260 21 260 20 260 157 261 156 261 20 261 158 262 155 262 156 262 158 263 156 263 157 263 158 264 159 264 155 264 160 265 157 265 20 265 160 266 158 266 157 266 160 267 159 267 158 267 160 268 20 268 13 268 161 269 160 269 13 269 162 270 159 270 160 270 162 271 160 271 161 271 162 272 163 272 159 272 164 273 161 273 13 273 164 274 13 274 14 274 165 275 161 275 164 275 165 276 162 276 161 276 165 277 163 277 162 277 166 278 164 278 14 278 166 279 165 279 164 279 167 280 163 280 165 280 167 281 165 281 166 281 167 282 168 282 163 282 169 283 14 283 12 283 169 284 166 284 14 284 169 285 167 285 166 285 170 286 168 286 167 286 170 287 167 287 169 287 171 288 169 288 12 288 172 289 169 289 171 289 172 290 170 290 169 290 172 291 168 291 170 291 172 292 173 292 168 292 174 293 12 293 10 293 174 294 171 294 12 294 175 295 172 295 171 295 175 296 173 296 172 296 175 297 171 297 174 297 176 298 174 298 10 298 176 299 175 299 174 299 177 300 173 300 175 300 177 301 176 301 178 301 177 302 175 302 176 302 177 303 178 303 173 303 179 304 10 304 11 304 179 305 11 305 4 305 179 306 176 306 10 306 179 307 178 307 176 307 180 308 179 308 181 308 180 309 178 309 179 309 180 310 181 310 178 310 182 311 179 311 4 311 182 312 181 312 179 312 183 313 182 313 184 313 183 314 181 314 182 314 183 315 184 315 181 315 185 316 4 316 6 316 185 317 6 317 5 317 185 318 182 318 4 318 185 319 184 319 182 319 186 320 185 320 187 320 186 321 184 321 185 321 186 322 187 322 184 322 188 323 185 323 5 323 188 324 187 324 185 324 189 325 190 325 187 325 189 326 188 326 190 326 189 327 187 327 188 327 191 328 5 328 2 328 191 329 188 329 5 329 191 330 190 330 188 330 192 331 191 331 193 331 192 332 190 332 191 332 192 333 193 333 190 333 194 334 193 334 191 334 194 335 2 335 1 335 194 336 191 336 2 336 195 337 194 337 196 337 195 338 193 338 194 338 195 339 196 339 193 339 197 340 194 340 1 340 197 341 196 341 194 341 197 342 1 342 0 342 197 343 0 343 3 343 198 344 197 344 199 344 198 345 196 345 197 345 198 346 199 346 196 346 200 347 197 347 3 347 200 348 199 348 197 348 201 349 199 349 200 349 201 350 202 350 199 350 203 351 3 351 8 351 203 352 200 352 3 352 204 353 201 353 200 353 204 354 200 354 203 354 204 355 202 355 201 355 204 356 205 356 202 356 206 357 8 357 7 357 206 358 47 358 51 358 206 359 51 359 52 359 206 360 203 360 8 360 206 361 7 361 47 361 207 362 49 362 48 362 207 363 204 363 203 363 207 364 205 364 204 364 207 365 206 365 52 365 207 366 52 366 49 366 207 367 203 367 206 367 207 368 48 368 205 368 208 369 209 369 45 369 208 370 45 370 44 370 210 371 44 371 56 371 210 372 208 372 44 372 211 373 56 373 59 373 211 374 210 374 56 374 211 375 59 375 62 375 212 376 211 376 62 376 213 377 62 377 63 377 213 378 212 378 62 378 214 379 63 379 66 379 214 380 213 380 63 380 215 381 66 381 71 381 215 382 71 382 74 382 215 383 214 383 66 383 216 384 215 384 74 384 217 385 74 385 77 385 217 386 216 386 74 386 218 387 77 387 80 387 218 388 217 388 77 388 219 389 80 389 83 389 219 390 218 390 80 390 220 391 83 391 86 391 220 392 86 392 89 392 220 393 219 393 83 393 221 394 220 394 89 394 222 395 89 395 94 395 222 396 94 396 99 396 222 397 221 397 89 397 223 398 99 398 103 398 223 399 222 399 99 399 224 400 103 400 107 400 224 401 223 401 103 401 225 402 224 402 107 402 226 403 107 403 111 403 226 404 111 404 115 404 226 405 225 405 107 405 227 406 226 406 115 406 228 407 115 407 119 407 228 408 227 408 115 408 229 409 119 409 123 409 229 410 228 410 119 410 230 411 123 411 127 411 230 412 229 412 123 412 231 413 127 413 131 413 231 414 230 414 127 414 232 415 131 415 135 415 232 416 231 416 131 416 233 417 135 417 139 417 233 418 232 418 135 418 234 419 139 419 143 419 234 420 233 420 139 420 235 421 234 421 143 421 235 422 143 422 147 422 235 423 147 423 151 423 236 424 235 424 151 424 237 425 236 425 151 425 237 426 151 426 155 426 238 427 237 427 155 427 238 428 155 428 159 428 239 429 238 429 159 429 239 430 159 430 163 430 240 431 239 431 163 431 240 432 163 432 168 432 241 433 240 433 168 433 241 434 168 434 173 434 242 435 241 435 173 435 242 436 173 436 178 436 242 437 178 437 181 437 243 438 242 438 181 438 244 439 181 439 184 439 244 440 243 440 181 440 244 441 184 441 187 441 245 442 244 442 187 442 246 443 187 443 190 443 246 444 190 444 193 444 246 445 245 445 187 445 247 446 246 446 193 446 248 447 193 447 196 447 248 448 247 448 193 448 249 449 196 449 199 449 249 450 248 450 196 450 250 451 199 451 202 451 250 452 202 452 205 452 250 453 249 453 199 453 251 454 250 454 205 454 252 455 205 455 48 455 252 456 251 456 205 456 209 457 48 457 45 457 209 458 252 458 48 458 238 459 236 459 237 459 233 460 234 460 235 460 233 461 235 461 236 461 230 462 231 462 232 462 230 463 232 463 233 463 230 464 236 464 238 464 230 465 233 465 236 465 243 466 238 466 239 466 243 467 239 467 240 467 243 468 240 468 241 468 243 469 241 469 242 469 245 470 243 470 244 470 247 471 245 471 246 471 247 472 243 472 245 472 225 473 226 473 227 473 225 474 227 474 228 474 225 475 228 475 229 475 225 476 229 476 230 476 248 477 243 477 247 477 224 478 225 478 230 478 249 479 243 479 248 479 251 480 249 480 250 480 251 481 243 481 249 481 221 482 222 482 223 482 221 483 223 483 224 483 220 484 221 484 224 484 220 485 224 485 230 485 209 486 251 486 252 486 219 487 220 487 230 487 218 488 219 488 230 488 218 489 238 489 243 489 218 490 230 490 238 490 210 491 209 491 208 491 210 492 251 492 209 492 217 493 218 493 243 493 211 494 251 494 210 494 215 495 216 495 217 495 215 496 217 496 243 496 213 497 211 497 212 497 214 498 211 498 213 498 214 499 243 499 251 499 214 500 251 500 211 500 214 501 215 501 243 501</p>
        </triangles>
      </mesh>
    </geometry>
    <geometry id="geometry12" name="Mesh012">
      <mesh>
        <source id="cubeverts-array12">
          <float_array count="270" id="cubeverts-array12-array">-0.003012747 0.01922523 0.10235 -0.01035575 0.01532089 0.10235 -0.0123629 0.01338261 0.10235 -0.00809838 0.01696096 0.10235 -0.005634733 0.01827091 0.10235 -0.01719616 0.003472964 0.10235 -0.01547588 0.008767423 0.10235 -0.01652113 0.00618034 0.10235 0.0025 0.02 0.10235 -0.000283462 0.01980536 0.10235 -0.01739044 -0.002090569 0.10235 -0.01748782 0.0006979901 0.10235 -0.01408075 0.01118386 0.10235 -0.01482051 -0.01 0.10235 -0.01690591 -0.004838438 0.10235 -0.01604368 -0.007492132 0.10235 0.01309838 0.01696096 0.10235 0.005283462 0.01980536 0.10235 0.008012747 0.01922523 0.10235 0.01063473 0.01827091 0.10235 0.0173629 0.01338261 0.10235 0.01535575 0.01532089 0.10235 -0.0092557 -0.01618034 0.10235 -0.01326021 -0.01231323 0.10235 -0.01139317 -0.0143868 0.10235 -0.006889431 -0.01765895 0.10235 0.02047588 0.008767423 0.10235 0.01908075 0.01118386 0.10235 0.02219616 0.003472964 0.10235 0.02152113 0.00618034 0.10235 0.003895129 -0.01995128 0.10235 0.02248782 0.0006979901 0.10235 -0.001658234 -0.01956295 0.10235 0.001104871 -0.01995128 0.10235 -0.004340403 -0.01879385 0.10235 0.006658234 -0.01956295 0.10235 0.02104368 -0.007492132 0.10235 0.02190591 -0.004838438 0.10235 0.02239044 -0.002090569 0.10235 0.0142557 -0.01618034 0.10235 0.009340403 -0.01879385 0.10235 0.01188943 -0.01765895 0.10235 0.01639317 -0.0143868 0.10235 0.01982051 -0.01 0.10235 0.01826021 -0.01231323 0.10235 0.005283462 0.01980536 0.10085 0.0025 0.02 0.10085 0.008012747 0.01922523 0.10085 0.01063473 0.01827091 0.10085 0.01309838 0.01696096 0.10085 0.01535575 0.01532089 0.10085 0.0173629 0.01338261 0.10085 0.01908075 0.01118386 0.10085 0.02047588 0.008767423 0.10085 0.02152113 0.00618034 0.10085 0.02219616 0.003472964 0.10085 0.02248782 0.0006979901 0.10085 0.02239044 -0.002090569 0.10085 0.02190591 -0.004838438 0.10085 0.02104368 -0.007492132 0.10085 0.01982051 -0.01 0.10085 0.01826021 -0.01231323 0.10085 0.01639317 -0.0143868 0.10085 0.0142557 -0.01618034 0.10085 0.01188943 -0.01765895 0.10085 0.009340403 -0.01879385 0.10085 0.006658234 -0.01956295 0.10085 0.003895129 -0.01995128 0.10085 0.001104871 -0.01995128 0.10085 -0.001658234 -0.01956295 0.10085 -0.004340403 -0.01879385 0.10085 -0.006889431 -0.01765895 0.10085 -0.0092557 -0.01618034 0.10085 -0.01139317 -0.0143868 0.10085 -0.01326021 -0.01231323 0.10085 -0.01482051 -0.01 0.10085 -0.01604368 -0.007492132 0.10085 -0.01690591 -0.004838438 0.10085 -0.01739044 -0.002090569 0.10085 -0.01748782 0.0006979901 0.10085 -0.01719616 0.003472964 0.10085 -0.01652113 0.00618034 0.10085 -0.01547588 0.008767423 0.10085 -0.01408075 0.01118386 0.10085 -0.0123629 0.01338261 0.10085 -0.01035575 0.01532089 0.10085 -0.00809838 0.01696096 0.10085 -0.005634733 0.01827091 0.10085 -0.003012747 0.01922523 0.10085 -0.000283462 0.01980536 0.10085</float_array>
          <technique_common>
            <accessor count="90" source="#cubeverts-array12-array" stride="3">
              <param type="float" name="X"/>
              <param type="float" name="Y"/>
              <param type="float" name="Z"/>
            </accessor>
          </technique_common>
        </source>
        <source id="cubenormals-array12">
          <float_array count="528" id="cubenormals-array12-array">0 0 1 0 0 1 0 0 1 0 0 1 0 0 1 0 -0 1 0 0 1 0 0 1 0 0 1 0 0 1 0 0 1 0 0 1 0 0 1 0 0 1 0 0 1 0 0 1 0 0 1 0 0 1 0 0 1 0 0 1 0 0 1 0 0 1 0 0 1 0 0 1 0 0 1 0 0 1 0 0 1 0 0 1 0 0 1 0 0 1 0 0 1 0 -0 1 0 0 1 0 -0 1 0 0 1 0 0 1 0 0 1 0 0 1 0 -0 1 0 0 1 0 0 1 0 0 1 0 0 1 0.06975736 0.997564 -0 0.06975736 0.997564 0 0.2079125 0.9781475 -0 0.2079125 0.9781475 0 0.3420182 0.9396933 -0 0.3420182 0.9396933 0 0.4694731 0.8829468 -0 0.4694731 0.8829468 0 0.5877842 0.8090178 -0 0.6946579 0.7193403 -0 0.5877842 0.8090178 0 0.6946579 0.7193403 -0 0.7880113 0.6156608 -0 0.8660254 0.5 -0 0.7880113 0.6156608 0 0.8660254 0.5 -0 0.9271837 0.3746068 -0 0.9271837 0.3746068 0 0.9702953 0.2419236 -0 0.9702953 0.2419236 0 0.994522 0.1045281 -0 0.994522 0.1045281 0 0.9993908 -0.03489988 0 0.9993908 -0.03489988 0 0.9848074 -0.1736503 0 0.9848074 -0.1736503 0 0.9510573 -0.3090147 0 0.9510573 -0.3090147 0 0.898794 -0.4383713 0 0.8290361 -0.5591952 0 0.898794 -0.4383713 0 0.8290361 -0.5591952 0 0.743147 -0.6691281 0 0.743147 -0.6691281 0 0.6427854 -0.7660463 0 0.5299197 -0.8480477 0 0.6427854 -0.7660463 0 0.5299197 -0.8480477 0 0.4067362 -0.9135456 0 0.4067362 -0.9135456 0 0.2756376 -0.9612616 0 0.2756376 -0.9612616 0 0.1391736 -0.9902679 0 0.1391736 -0.9902679 0 0 -1 0 -0.1391736 -0.9902679 0 0 -1 0 -0.1391736 -0.9902679 0 -0.2756376 -0.9612616 0 -0.4067363 -0.9135455 0 -0.2756376 -0.9612616 0 -0.4067363 -0.9135455 0 -0.5299197 -0.8480477 0 -0.5299197 -0.8480477 0 -0.6427852 -0.7660465 0 -0.6427852 -0.7660465 0 -0.743147 -0.6691281 0 -0.743147 -0.6691281 0 -0.8290362 -0.5591949 0 -0.8290362 -0.5591949 0 -0.898794 -0.4383713 0 -0.898794 -0.4383713 0 -0.9510573 -0.3090147 0 -0.9510573 -0.3090147 0 -0.9848074 -0.1736503 0 -0.9848074 -0.1736503 0 -0.9993908 -0.03489988 0 -0.9993908 -0.03489988 0 -0.994522 0.1045281 0 -0.994522 0.1045281 0 -0.9702953 0.2419236 0 -0.9702953 0.2419236 0 -0.9271837 0.3746068 0 -0.9271837 0.3746068 0 -0.8660254 0.5 0 -0.8660254 0.5 0 -0.7880113 0.6156608 0 -0.7880113 0.6156608 0 -0.6946579 0.7193403 0 -0.6946579 0.7193403 0 -0.5877842 0.8090178 0 -0.4694731 0.8829468 0 -0.5877842 0.8090178 0 -0.4694731 0.8829468 0 -0.3420182 0.9396933 0 -0.3420182 0.9396933 0 -0.2079125 0.9781475 0 -0.2079125 0.9781475 0 -0.06975736 0.997564 0 -0.06975736 0.997564 0 0 0 -1 0 0 -1 0 0 -1 0 0 -1 0 0 -1 0 0 -1 0 0 -1 0 0 -1 0 0 -1 0 -0 -1 0 0 -1 0 0 -1 0 0 -1 0 0 -1 0 0 -1 0 0 -1 0 0 -1 0 0 -1 0 0 -1 0 0 -1 0 0 -1 0 0 -1 0 0 -1 0 0 -1 0 0 -1 0 0 -1 0 0 -1 0 0 -1 0 0 -1 0 -0 -1 -0 0 -1 0 0 -1 0 0 -1 0 0 -1 0 -0 -1 0 0 -1 0 0 -1 0 -0 -1 0 0 -1 0 0 -1 -0 0 -1 0 0 -1 0 -0 -1</float_array>
          <technique_common>
            <accessor count="176" source="#cubenormals-array12-array" stride="3">
              <param type="float" name="X"/>
              <param type="float" name="Y"/>
              <param type="float" name="Z"/>
            </accessor>
          </technique_common>
        </source>
        <vertices id="cubeverts-array12-vertices">
          <input semantic="POSITION" source="#cubeverts-array12"/>
        </vertices>
        <triangles count="176" material="ref_Mesh012">
          <input offset="0" semantic="VERTEX" source="#cubeverts-array12-vertices"/>
          <input offset="1" semantic="NORMAL" source="#cubenormals-array12"/>
          <p>0 0 1 0 2 0 0 1 3 1 1 1 0 2 4 2 3 2 5 3 6 3 7 3 8 4 9 4 0 4 10 5 5 5 11 5 10 6 12 6 6 6 10 7 6 7 5 7 13 8 14 8 15 8 13 9 10 9 14 9 16 10 17 10 8 10 16 11 18 11 17 11 16 12 19 12 18 12 20 13 21 13 16 13 22 14 23 14 24 14 25 15 13 15 23 15 25 16 23 16 22 16 26 17 27 17 20 17 28 18 29 18 26 18 28 19 2 19 12 19 28 20 8 20 0 20 28 21 0 21 2 21 28 22 26 22 20 22 28 23 16 23 8 23 28 24 20 24 16 24 30 25 31 25 28 25 30 26 32 26 33 26 30 27 34 27 32 27 30 28 25 28 34 28 30 29 12 29 10 29 30 30 10 30 13 30 30 31 28 31 12 31 30 32 13 32 25 32 35 33 31 33 30 33 36 34 37 34 38 34 39 35 40 35 41 35 39 36 35 36 40 36 42 37 38 37 31 37 42 38 31 38 35 38 42 39 43 39 36 39 42 40 44 40 43 40 42 41 36 41 38 41 42 42 35 42 39 42 45 43 8 43 17 43 45 44 46 44 8 44 47 45 17 45 18 45 47 46 45 46 17 46 48 47 18 47 19 47 48 48 47 48 18 48 49 49 19 49 16 49 49 50 48 50 19 50 50 51 16 51 21 51 50 52 21 52 20 52 50 53 49 53 16 53 51 54 50 54 20 54 52 55 20 55 27 55 52 56 27 56 26 56 52 57 51 57 20 57 53 58 52 58 26 58 54 59 26 59 29 59 54 60 53 60 26 60 55 61 29 61 28 61 55 62 54 62 29 62 56 63 28 63 31 63 56 64 55 64 28 64 57 65 31 65 38 65 57 66 56 66 31 66 58 67 38 67 37 67 58 68 57 68 38 68 59 69 37 69 36 69 59 70 58 70 37 70 60 71 36 71 43 71 60 72 43 72 44 72 60 73 59 73 36 73 61 74 60 74 44 74 62 75 44 75 42 75 62 76 61 76 44 76 63 77 42 77 39 77 63 78 39 78 41 78 63 79 62 79 42 79 64 80 63 80 41 80 65 81 41 81 40 81 65 82 64 82 41 82 66 83 40 83 35 83 66 84 65 84 40 84 67 85 35 85 30 85 67 86 66 86 35 86 68 87 30 87 33 87 68 88 33 88 32 88 68 89 67 89 30 89 69 90 68 90 32 90 70 91 32 91 34 91 70 92 34 92 25 92 70 93 69 93 32 93 71 94 70 94 25 94 72 95 71 95 25 95 72 96 25 96 22 96 73 97 72 97 22 97 73 98 22 98 24 98 73 99 24 99 23 99 74 100 73 100 23 100 75 101 74 101 23 101 75 102 23 102 13 102 76 103 75 103 13 103 76 104 13 104 15 104 76 105 15 105 14 105 77 106 76 106 14 106 78 107 77 107 14 107 78 108 14 108 10 108 79 109 78 109 10 109 79 110 10 110 11 110 80 111 79 111 11 111 80 112 11 112 5 112 81 113 80 113 5 113 81 114 5 114 7 114 82 115 7 115 6 115 82 116 81 116 7 116 83 117 6 117 12 117 83 118 82 118 6 118 84 119 12 119 2 119 84 120 83 120 12 120 85 121 2 121 1 121 85 122 84 122 2 122 86 123 1 123 3 123 86 124 3 124 4 124 86 125 85 125 1 125 87 126 86 126 4 126 87 127 4 127 0 127 88 128 87 128 0 128 89 129 0 129 9 129 89 130 88 130 0 130 46 131 9 131 8 131 46 132 89 132 9 132 75 133 73 133 74 133 70 134 71 134 72 134 70 135 72 135 73 135 67 136 68 136 69 136 67 137 69 137 70 137 67 138 73 138 75 138 67 139 70 139 73 139 80 140 75 140 76 140 80 141 76 141 77 141 80 142 77 142 78 142 80 143 78 143 79 143 82 144 80 144 81 144 84 145 82 145 83 145 84 146 80 146 82 146 62 147 63 147 64 147 62 148 64 148 65 148 62 149 65 149 66 149 62 150 66 150 67 150 85 151 80 151 84 151 61 152 62 152 67 152 86 153 80 153 85 153 88 154 86 154 87 154 88 155 80 155 86 155 58 156 59 156 60 156 58 157 60 157 61 157 57 158 58 158 61 158 57 159 61 159 67 159 46 160 88 160 89 160 56 161 57 161 67 161 55 162 56 162 67 162 55 163 75 163 80 163 55 164 67 164 75 164 47 165 46 165 45 165 47 166 88 166 46 166 54 167 55 167 80 167 48 168 88 168 47 168 52 169 53 169 54 169 52 170 54 170 80 170 50 171 48 171 49 171 51 172 48 172 50 172 51 173 80 173 88 173 51 174 88 174 48 174 51 175 52 175 80 175</p>
        </triangles>
      </mesh>
    </geometry>
  </library_geometries>
  <library_materials>
    <material id="mat_Mesh" name="Mesh">
      <instance_effect url="#effect_Mesh"/>
    </material>
    <material id="mat_Mesh001" name="Mesh001">
      <instance_effect url="#effect_Mesh001"/>
    </material>
    <material id="mat_Mesh002" name="Mesh002">
      <instance_effect url="#effect_Mesh002"/>
    </material>
    <material id="mat_Mesh003" name="Mesh003">
      <instance_effect url="#effect_Mesh003"/>
    </material>
    <material id="mat_Mesh004" name="Mesh004">
      <instance_effect url="#effect_Mesh004"/>
    </material>
    <material id="mat_Mesh005" name="Mesh005">
      <instance_effect url="#effect_Mesh005"/>
    </material>
    <material id="mat_Mesh006" name="Mesh006">
      <instance_effect url="#effect_Mesh006"/>
    </material>
    <material id="mat_Mesh007" name="Mesh007">
      <instance_effect url="#effect_Mesh007"/>
    </material>
    <material id="mat_Mesh008" name="Mesh008">
      <instance_effect url="#effect_Mesh008"/>
    </material>
    <material id="mat_Mesh009" name="Mesh009">
      <instance_effect url="#effect_Mesh009"/>
    </material>
    <material id="mat_Mesh010" name="Mesh010">
      <instance_effect url="#effect_Mesh010"/>
    </material>
    <material id="mat_Mesh011" name="Mesh011">
      <instance_effect url="#effect_Mesh011"/>
    </material>
    <material id="mat_Mesh012" name="Mesh012">
      <instance_effect url="#effect_Mesh012"/>
    </material>
  </library_materials>
  <library_visual_scenes>
    <visual_scene id="myscene">
      <node id="node0" name="node0">
        <instance_geometry url="#geometry0">
          <bind_material>
            <technique_common>
              <instance_material symbol="ref_Mesh" target="#mat_Mesh"/>
            </technique_common>
          </bind_material>
        </instance_geometry>
      </node>
      <node id="node1" name="node1">
        <instance_geometry url="#geometry1">
          <bind_material>
            <technique_common>
              <instance_material symbol="ref_Mesh001" target="#mat_Mesh001"/>
            </technique_common>
          </bind_material>
        </instance_geometry>
      </node>
      <node id="node2" name="node2">
        <instance_geometry url="#geometry2">
          <bind_material>
            <technique_common>
              <instance_material symbol="ref_Mesh002" target="#mat_Mesh002"/>
            </technique_common>
          </bind_material>
        </instance_geometry>
      </node>
      <node id="node3" name="node3">
        <instance_geometry url="#geometry3">
          <bind_material>
            <technique_common>
              <instance_material symbol="ref_Mesh003" target="#mat_Mesh003"/>
            </technique_common>
          </bind_material>
        </instance_geometry>
      </node>
      <node id="node4" name="node4">
        <instance_geometry url="#geometry4">
          <bind_material>
            <technique_common>
              <instance_material symbol="ref_Mesh004" target="#mat_Mesh004"/>
            </technique_common>
          </bind_material>
        </instance_geometry>
      </node>
      <node id="node5" name="node5">
        <instance_geometry url="#geometry5">
          <bind_material>
            <technique_common>
              <instance_material symbol="ref_Mesh005" target="#mat_Mesh005"/>
            </technique_common>
          </bind_material>
        </instance_geometry>
      </node>
      <node id="node6" name="node6">
        <instance_geometry url="#geometry6">
          <bind_material>
            <technique_common>
              <instance_material symbol="ref_Mesh006" target="#mat_Mesh006"/>
            </technique_common>
          </bind_material>
        </instance_geometry>
      </node>
      <node id="node7" name="node7">
        <instance_geometry url="#geometry7">
          <bind_material>
            <technique_common>
              <instance_material symbol="ref_Mesh007" target="#mat_Mesh007"/>
            </technique_common>
          </bind_material>
        </instance_geometry>
      </node>
      <node id="node8" name="node8">
        <instance_geometry url="#geometry8">
          <bind_material>
            <technique_common>
              <instance_material symbol="ref_Mesh008" target="#mat_Mesh008"/>
            </technique_common>
          </bind_material>
        </instance_geometry>
      </node>
      <node id="node9" name="node9">
        <instance_geometry url="#geometry9">
          <bind_material>
            <technique_common>
              <instance_material symbol="ref_Mesh009" target="#mat_Mesh009"/>
            </technique_common>
          </bind_material>
        </instance_geometry>
      </node>
      <node id="node10" name="node10">
        <instance_geometry url="#geometry10">
          <bind_material>
            <technique_common>
              <instance_material symbol="ref_Mesh010" target="#mat_Mesh010"/>
            </technique_common>
          </bind_material>
        </instance_geometry>
      </node>
      <node id="node11" name="node11">
        <instance_geometry url="#geometry11">
          <bind_material>
            <technique_common>
              <instance_material symbol="ref_Mesh011" target="#mat_Mesh011"/>
            </technique_common>
          </bind_material>
        </instance_geometry>
      </node>
      <node id="node12" name="node12">
        <instance_geometry url="#geometry12">
          <bind_material>
            <technique_common>
              <instance_material symbol="ref_Mesh012" target="#mat_Mesh012"/>
            </technique_common>
          </bind_material>
        </instance_geometry>
      </node>
    </visual_scene>
  </library_visual_scenes>
  <scene>
    <instance_visual_scene url="#myscene"/>
  </scene>
</COLLADA>
