<COLLADA xmlns="http://www.collada.org/2005/11/COLLADASchema" version="1.4.1">
  <asset>
    <contributor/>
    <created>2023-10-27T11:23:16.984347</created>
    <modified>2023-10-27T11:23:16.984355</modified>
    <unit name="meter" meter="1.0"/>
    <up_axis>Z_UP</up_axis>
  </asset>
  <library_effects>
    <effect id="effect_Mesh" name="effect_Mesh">
      <profile_COMMON>
        <technique sid="common">
          <phong>
            <emission>
              <color>0.0 0.0 0.0 1.0</color>
            </emission>
            <ambient>
              <color>0.0 0.0 0.0 1.0</color>
            </ambient>
            <diffuse>
              <color>0.20000000298023224 0.20000000298023224 0.20000000298023224 1.0</color>
            </diffuse>
            <specular>
              <color>1 1 1 1.0</color>
            </specular>
            <shininess>
              <float>0.0</float>
            </shininess>
            <reflective>
              <color>0.0 0.0 0.0 1.0</color>
            </reflective>
            <reflectivity>
              <float>0.0</float>
            </reflectivity>
            <transparent>
              <color>0.0 0.0 0.0 1.0</color>
            </transparent>
            <transparency>
              <float>1.0</float>
            </transparency>
          </phong>
        </technique>
        <extra>
          <technique profile="GOOGLEEARTH">
            <double_sided>0</double_sided>
          </technique>
        </extra>
      </profile_COMMON>
    </effect>
  </library_effects>
  <library_geometries>
    <geometry id="geometry0" name="Mesh">
      <mesh>
        <source id="cubeverts-array0">
          <float_array count="14607" id="cubeverts-array0-array">0.002723199 -0.0029199 0.087 1.870266e-17 1.428272e-17 0.1050428 0.00240726 -0.003194542 0.087 0.002290326 -0.00327048 0.087 0.001939239 -0.003498479 0.087 0.001812874 -0.003557404 0.087 0.001433472 -0.003734322 0.087 0.001300136 -0.003775086 0.087 0.0008998042 -0.00389748 0.087 0.0007620926 -0.003919292 0.087 0.0003486229 -0.003984779 0.087 0.0002092159 -0.003987212 0.087 -0.0002093441 -0.003994517 0.087 -0.0003477326 -0.003977526 0.087 -0.0007632354 -0.003926509 0.087 -0.0008979125 -0.003890422 0.087 -0.001302272 -0.003782074 0.087 -0.001430617 -0.003727595 0.087 -0.001815962 -0.003564026 0.087 -0.001935475 -0.003492216 0.087 -0.002294306 -0.003276608 0.087 -0.002402662 -0.003188863 0.087 -0.002727993 -0.002925415 0.087 -0.002823083 -0.002823444 0.087 -0.003108584 -0.002517282 0.087 -0.003188556 -0.002403069 0.087 -0.003428669 -0.002060152 0.087 -0.003491968 -0.001935921 0.087 -0.003682019 -0.001562925 0.087 -0.003727412 -0.001431093 0.087 -0.003863704 -0.001035276 0.087 -0.003890308 -0.0008984101 0.087 -0.003970185 -0.0004874774 0.087 -0.003977482 -0.0003482409 0.087 -0.003999391 6.980917e-05 0.087 -0.003987239 0.0002087077 0.087 -0.003950753 0.0006257379 0.087 -0.003919388 0.0007615921 0.087 -0.003825219 0.001169487 0.087 -0.003775252 0.001299654 0.087 -0.003625231 0.001690472 0.087 -0.003557635 0.001812419 0.087 -0.003354683 0.002178557 0.087 -0.003270772 0.002289908 0.087 -0.003018838 0.002624236 0.087 -0.002828427 0.002828427 0.087 -0.002624236 0.003018838 0.087 -0.002923633 0.002726332 0.087 -0.002512884 0.003102749 0.087 -0.002178557 0.003354683 0.087 -0.00205661 0.003422278 0.087 -0.001690472 0.003625231 0.087 -0.001560306 0.003675197 0.087 -0.001169487 0.003825219 0.087 -0.001033633 0.003856584 0.087 -0.0006257379 0.003950753 0.087 -0.0004868408 0.003962906 0.087 -6.980917e-05 0.003999391 0.087 6.942715e-05 0.003992094 0.087 0.0004874774 0.003970185 0.087 0.0006243435 0.00394358 0.087 0.001035276 0.003863704 0.087 0.001167108 0.00381831 0.087 0.001562925 0.003682019 0.087 0.001687155 0.003618721 0.087 0.002060152 0.003428669 0.087 0.002174365 0.003348697 0.087 0.002517282 0.003108584 0.087 0.002619253 0.003013495 0.087 0.002925415 0.002727993 0.087 0.00301316 0.002619638 0.087 0.003276608 0.002294306 0.087 0.003348419 0.002174792 0.087 0.003564026 0.001815962 0.087 0.003618505 0.001687619 0.087 0.003782074 0.001302272 0.087 0.003818161 0.001167595 0.087 0.003926509 0.0007632354 0.087 0.003943501 0.0006248476 0.087 0.003994517 0.0002093441 0.087 0.003992085 6.993713e-05 0.087 0.003984779 -0.0003486229 0.087 0.003962968 -0.0004863347 0.087 0.00389748 -0.0008998042 0.087 0.003856716 -0.00103314 0.087 0.003734322 -0.001433472 0.087 0.003675397 -0.001559837 0.087 0.003498479 -0.001939239 0.087 0.003422541 -0.002056172 0.087 0.003194542 -0.00240726 0.087 0.003103069 -0.002512487 0.087 0.002828427 -0.002828427 0.087 -0.002974954 -0.002673884 0.027 -0.003113047 -0.00251176 0.027 -0.002828427 -0.002828427 0.027 -0.003193483 -0.002406451 0.027 -0.003362395 -0.002166634 0.027 -0.003472942 -0.001984609 0.027 -0.003497556 -0.001938743 0.027 -0.003242316 -0.002342517 0.027 -0.003573645 -0.001796958 0.027 -0.003664218 -0.001604215 0.027 -0.003733715 -0.001433225 0.027 -0.003813977 -0.001205644 0.027 -0.003872738 -0.001000947 0.027 -0.0038961 -0.0008994857 0.027 -0.003744405 -0.001406923 0.027 -0.003920522 -0.0007934134 0.027 -0.003957193 -0.0005836305 0.027 -0.003982647 -0.0003721919 0.027 -0.00398422 -0.0003485851 0.027 -0.003996811 -0.0001597 0.027 -0.003999645 5.32458e-05 0.027 -0.00399341 0.0002092999 0.027 -0.003971327 0.0004780806 0.027 -0.003940254 0.0006887651 0.027 -0.003925235 0.0007629787 0.027 -0.003991143 0.0002660398 0.027 -0.003898012 0.0008974983 0.027 -0.00384472 0.001103687 0.027 -0.003781957 0.001302235 0.027 -0.003705625 0.001506103 0.027 -0.003620214 0.00170119 0.027 -0.003562811 0.00181535 0.027 -0.003780531 0.001306747 0.027 -0.00341888 0.002076358 0.027 -0.003303526 0.002255375 0.027 -0.003275813 0.002293731 0.027 -0.003524543 0.001891454 0.027 -0.003178808 0.002427999 0.027 -0.003045079 0.002593741 0.027 -0.00292486 0.002727495 0.027 -0.002902719 0.00275213 0.027 -0.00275213 0.002902719 0.027 -0.002593741 0.003045079 0.027 -0.002516395 0.003107485 0.027 -0.002427999 0.003178808 0.027 -0.002255375 0.003303526 0.027 -0.002076358 0.00341888 0.027 -0.002059924 0.003428271 0.027 -0.001891454 0.003524543 0.027 -0.00170119 0.003620214 0.027 -0.001562458 0.003680953 0.027 -0.001306747 0.003780531 0.027 -0.001103687 0.00384472 0.027 -0.001034961 0.003862483 0.027 -0.001506103 0.003705625 0.027 -0.0008974983 0.003898012 0.027 -0.0006887651 0.003940254 0.027 -0.0004874426 0.003969946 0.027 -0.0002660398 0.003991143 0.027 -5.32458e-05 0.003999645 0.027 6.979129e-05 0.003998007 0.027 -0.0004780806 0.003971327 0.027 0.0005836305 0.003957193 0.027 0.0006255815 0.00394986 0.027 0.0001597 0.003996811 0.027 0.0003721919 0.003982647 0.027 0.001169258 0.003824422 0.027 0.001000947 0.003872738 0.027 0.0007934134 0.003920522 0.027 0.001604215 0.003664218 0.027 0.001689877 0.003623964 0.027 0.001205644 0.003813977 0.027 0.001406923 0.003744405 0.027 0.002166634 0.003362395 0.027 0.002178357 0.003354391 0.027 0.001984609 0.003472942 0.027 0.001796958 0.003573645 0.027 0.002623448 0.003017913 0.027 0.00251176 0.003113047 0.027 0.002342517 0.003242316 0.027 0.002974954 0.002673884 0.027 0.003017913 0.002623448 0.027 0.002673884 0.002974954 0.027 0.002828427 0.002828427 0.027 0.003354391 0.002178357 0.027 0.003242316 0.002342517 0.027 0.003113047 0.00251176 0.027 0.003573645 0.001796958 0.027 0.003623964 0.001689877 0.027 0.003362395 0.002166634 0.027 0.003472942 0.001984609 0.027 0.003813977 0.001205644 0.027 0.003824422 0.001169258 0.027 0.003664218 0.001604215 0.027 0.003744405 0.001406923 0.027 0.00394986 0.0006255815 0.027 0.003920522 0.0007934134 0.027 0.003872738 0.001000947 0.027 0.003996811 0.0001597 0.027 0.003998007 6.979129e-05 0.027 0.003957193 0.0005836305 0.027 0.003982647 0.0003721919 0.027 0.003971327 -0.0004780806 0.027 0.003969946 -0.0004874426 0.027 0.003991143 -0.0002660398 0.027 0.003999645 -5.32458e-05 0.027 0.003862483 -0.001034961 0.027 0.003898012 -0.0008974983 0.027 0.003940254 -0.0006887651 0.027 0.003705625 -0.001506103 0.027 0.003680953 -0.001562458 0.027 0.00384472 -0.001103687 0.027 0.003780531 -0.001306747 0.027 0.003428271 -0.002059924 0.027 0.003524543 -0.001891454 0.027 0.003620214 -0.00170119 0.027 0.003178808 -0.002427999 0.027 0.003107485 -0.002516395 0.027 0.00341888 -0.002076358 0.027 0.003303526 -0.002255375 0.027 0.00275213 -0.002902719 0.027 0.002727495 -0.00292486 0.027 0.003045079 -0.002593741 0.027 0.002902719 -0.00275213 0.027 0.002293731 -0.003275813 0.027 0.002427999 -0.003178808 0.027 0.002593741 -0.003045079 0.027 0.001891454 -0.003524543 0.027 0.00181535 -0.003562811 0.027 0.002255375 -0.003303526 0.027 0.002076358 -0.00341888 0.027 0.001306747 -0.003780531 0.027 0.001302235 -0.003781957 0.027 0.001506103 -0.003705625 0.027 0.00170119 -0.003620214 0.027 0.0008974983 -0.003898012 0.027 0.0007629787 -0.003925235 0.027 0.001103687 -0.00384472 0.027 0.0002660398 -0.003991143 0.027 0.0002092999 -0.00399341 0.027 0.0006887651 -0.003940254 0.027 0.0004780806 -0.003971327 0.027 5.32458e-05 -0.003999645 0.027 -0.0001597 -0.003996811 0.027 -0.0003485851 -0.00398422 0.027 -0.0005836305 -0.003957193 0.027 -0.0007934134 -0.003920522 0.027 -0.0008994857 -0.0038961 0.027 -0.0003721919 -0.003982647 0.027 -0.001000947 -0.003872738 0.027 -0.001205644 -0.003813977 0.027 -0.001406923 -0.003744405 0.027 -0.001433225 -0.003733715 0.027 -0.001604215 -0.003664218 0.027 -0.001796958 -0.003573645 0.027 -0.001938743 -0.003497556 0.027 -0.002166634 -0.003362395 0.027 -0.002342517 -0.003242316 0.027 -0.002406451 -0.003193483 0.027 -0.001984609 -0.003472942 0.027 -0.002673884 -0.002974954 0.027 -0.00251176 -0.003113047 0.027 -0.00298963 -0.002687075 0.0263721 -0.00284238 -0.00284238 0.0263721 -0.003128404 -0.002524151 0.0263721 -0.003258311 -0.002354073 0.0263721 -0.003378982 -0.002177322 0.0263721 -0.003591274 -0.001805824 0.0263721 -0.003490075 -0.0019944 0.0263721 -0.003682294 -0.001612129 0.0263721 -0.003762876 -0.001413863 0.0263721 -0.003832792 -0.001211591 0.0263721 -0.003891844 -0.001005885 0.0263721 -0.003939863 -0.0007973267 0.0263721 -0.003976714 -0.000586509 0.0263721 -0.004016528 -0.0001604878 0.0263721 -0.004002294 -0.0003740283 0.0263721 -0.004019377 5.35088e-05 0.0263721 -0.004010832 0.0002673521 0.0263721 -0.003990918 0.0004804387 0.0263721 -0.003959692 0.0006921627 0.0263721 -0.003917242 0.0009019259 0.0263721 -0.003863687 0.001109132 0.0263721 -0.003799181 0.001313193 0.0263721 -0.003723905 0.001513533 0.0263721 -0.003638074 0.001709582 0.0263721 -0.00354193 0.001900786 0.0263721 -0.003435746 0.002086601 0.0263721 -0.003319823 0.002266501 0.0263721 -0.003194489 0.002439977 0.0263721 -0.003060101 0.002606536 0.0263721 -0.002917039 0.002765707 0.0263721 -0.002765707 0.002917039 0.0263721 -0.002439977 0.003194489 0.0263721 -0.002606536 0.003060101 0.0263721 -0.002266501 0.003319823 0.0263721 -0.002086601 0.003435746 0.0263721 -0.001900786 0.00354193 0.0263721 -0.001709582 0.003638074 0.0263721 -0.001513533 0.003723905 0.0263721 -0.001313193 0.003799181 0.0263721 -0.001109132 0.003863687 0.0263721 -0.0009019259 0.003917242 0.0263721 -0.0006921627 0.003959692 0.0263721 -0.0004804387 0.003990918 0.0263721 -0.0002673521 0.004010832 0.0263721 -5.35088e-05 0.004019377 0.0263721 0.0001604878 0.004016528 0.0263721 0.0003740283 0.004002294 0.0263721 0.000586509 0.003976714 0.0263721 0.0007973267 0.003939863 0.0263721 0.001005885 0.003891844 0.0263721 0.001211591 0.003832792 0.0263721 0.001413863 0.003762876 0.0263721 0.001612129 0.003682294 0.0263721 0.001805824 0.003591274 0.0263721 0.0019944 0.003490075 0.0263721 0.002354073 0.003258311 0.0263721 0.002177322 0.003378982 0.0263721 0.002524151 0.003128404 0.0263721 0.002687075 0.00298963 0.0263721 0.00284238 0.00284238 0.0263721 0.003128404 0.002524151 0.0263721 0.00298963 0.002687075 0.0263721 0.003258311 0.002354073 0.0263721 0.003378982 0.002177322 0.0263721 0.003490075 0.0019944 0.0263721 0.003591274 0.001805824 0.0263721 0.003682294 0.001612129 0.0263721 0.003762876 0.001413863 0.0263721 0.003891844 0.001005885 0.0263721 0.003832792 0.001211591 0.0263721 0.003939863 0.0007973267 0.0263721 0.003976714 0.000586509 0.0263721 0.004002294 0.0003740283 0.0263721 0.004019377 -5.35088e-05 0.0263721 0.004016528 0.0001604878 0.0263721 0.004010832 -0.0002673521 0.0263721 0.003990918 -0.0004804387 0.0263721 0.003959692 -0.0006921627 0.0263721 0.003917242 -0.0009019259 0.0263721 0.003863687 -0.001109132 0.0263721 0.003799181 -0.001313193 0.0263721 0.003638074 -0.001709582 0.0263721 0.003723905 -0.001513533 0.0263721 0.00354193 -0.001900786 0.0263721 0.003435746 -0.002086601 0.0263721 0.003319823 -0.002266501 0.0263721 0.003194489 -0.002439977 0.0263721 0.003060101 -0.002606536 0.0263721 0.002917039 -0.002765707 0.0263721 0.002606536 -0.003060101 0.0263721 0.002765707 -0.002917039 0.0263721 0.002439977 -0.003194489 0.0263721 0.002266501 -0.003319823 0.0263721 0.002086601 -0.003435746 0.0263721 0.001709582 -0.003638074 0.0263721 0.001900786 -0.00354193 0.0263721 0.001513533 -0.003723905 0.0263721 0.001313193 -0.003799181 0.0263721 0.001109132 -0.003863687 0.0263721 0.0009019259 -0.003917242 0.0263721 0.0006921627 -0.003959692 0.0263721 0.0004804387 -0.003990918 0.0263721 5.35088e-05 -0.004019377 0.0263721 0.0002673521 -0.004010832 0.0263721 -0.0001604878 -0.004016528 0.0263721 -0.0003740283 -0.004002294 0.0263721 -0.000586509 -0.003976714 0.0263721 -0.0007973267 -0.003939863 0.0263721 -0.001005885 -0.003891844 0.0263721 -0.001413863 -0.003762876 0.0263721 -0.001211591 -0.003832792 0.0263721 -0.001612129 -0.003682294 0.0263721 -0.001805824 -0.003591274 0.0263721 -0.0019944 -0.003490075 0.0263721 -0.002177322 -0.003378982 0.0263721 -0.002524151 -0.003128404 0.0263721 -0.002354073 -0.003258311 0.0263721 -0.002687075 -0.00298963 0.0263721 -0.0030336 -0.002726595 0.02574667 -0.003174416 -0.002561276 0.02574667 -0.003306233 -0.002388696 0.02574667 -0.003428679 -0.002209345 0.02574667 -0.003541405 -0.002023732 0.02574667 -0.003644093 -0.001832382 0.02574667 -0.003736451 -0.001635839 0.02574667 -0.003818219 -0.001434658 0.02574667 -0.003889163 -0.001229412 0.02574667 -0.003949083 -0.00102068 0.02574667 -0.003997808 -0.0008090541 0.02574667 -0.004035202 -0.0005951351 0.02574667 -0.004061158 -0.0003795295 0.02574667 -0.004075601 -0.0001628482 0.02574667 -0.004078491 5.429576e-05 0.02574667 -0.004069822 0.0002712849 0.02574667 -0.004049615 0.0004875048 0.02574667 -0.004017929 0.0007023435 0.02574667 -0.003974854 0.0009151908 0.02574667 -0.003920512 0.001125444 0.02574667 -0.003855057 0.001332508 0.02574667 -0.003778675 0.001535793 0.02574667 -0.00369158 0.001734726 0.02574667 -0.003594023 0.001928741 0.02574667 -0.003486277 0.002117289 0.02574667 -0.003368649 0.002299835 0.02574667 -0.003241473 0.002475863 0.02574667 -0.003105108 0.002644872 0.02574667 -0.002959941 0.002806384 0.02574667 -0.002806384 0.002959941 0.02574667 -0.002644872 0.003105108 0.02574667 -0.002475863 0.003241473 0.02574667 -0.002299835 0.003368649 0.02574667 -0.002117289 0.003486277 0.02574667 -0.001928741 0.003594023 0.02574667 -0.001734726 0.00369158 0.02574667 -0.001535793 0.003778675 0.02574667 -0.001332508 0.003855057 0.02574667 -0.001125444 0.003920512 0.02574667 -0.0009151908 0.003974854 0.02574667 -0.0007023435 0.004017929 0.02574667 -0.0004875048 0.004049615 0.02574667 -0.0002712849 0.004069822 0.02574667 -5.429576e-05 0.004078491 0.02574667 0.0001628482 0.004075601 0.02574667 0.0003795295 0.004061158 0.02574667 0.0005951351 0.004035202 0.02574667 0.0008090541 0.003997808 0.02574667 0.00102068 0.003949083 0.02574667 0.001229412 0.003889163 0.02574667 0.001434658 0.003818219 0.02574667 0.001635839 0.003736451 0.02574667 0.001832382 0.003644093 0.02574667 0.002023732 0.003541405 0.02574667 0.002209345 0.003428679 0.02574667 0.002388696 0.003306233 0.02574667 0.002561276 0.003174416 0.02574667 0.002726595 0.0030336 0.02574667 0.002884185 0.002884185 0.02574667 0.0030336 0.002726595 0.02574667 0.003174416 0.002561276 0.02574667 0.003306233 0.002388696 0.02574667 0.003428679 0.002209345 0.02574667 0.003541405 0.002023732 0.02574667 0.003644093 0.001832382 0.02574667 0.003736451 0.001635839 0.02574667 0.003818219 0.001434658 0.02574667 0.003889163 0.001229412 0.02574667 0.003949083 0.00102068 0.02574667 0.003997808 0.0008090541 0.02574667 0.004035202 0.0005951351 0.02574667 0.004061158 0.0003795295 0.02574667 0.004075601 0.0001628482 0.02574667 0.004078491 -5.429576e-05 0.02574667 0.004069822 -0.0002712849 0.02574667 0.004049615 -0.0004875048 0.02574667 0.004017929 -0.0007023435 0.02574667 0.003974854 -0.0009151908 0.02574667 0.003920512 -0.001125444 0.02574667 0.003855057 -0.001332508 0.02574667 0.003778675 -0.001535793 0.02574667 0.00369158 -0.001734726 0.02574667 0.003594023 -0.001928741 0.02574667 0.003486277 -0.002117289 0.02574667 0.003368649 -0.002299835 0.02574667 0.003241473 -0.002475863 0.02574667 0.003105108 -0.002644872 0.02574667 0.002959941 -0.002806384 0.02574667 0.002806384 -0.002959941 0.02574667 0.002644872 -0.003105108 0.02574667 0.002475863 -0.003241473 0.02574667 0.002299835 -0.003368649 0.02574667 0.002117289 -0.003486277 0.02574667 0.001928741 -0.003594023 0.02574667 0.001734726 -0.00369158 0.02574667 0.001535793 -0.003778675 0.02574667 0.001332508 -0.003855057 0.02574667 0.001125444 -0.003920512 0.02574667 0.0009151908 -0.003974854 0.02574667 0.0007023435 -0.004017929 0.02574667 0.0004875048 -0.004049615 0.02574667 0.0002712849 -0.004069822 0.02574667 5.429576e-05 -0.004078491 0.02574667 -0.0001628482 -0.004075601 0.02574667 -0.0003795295 -0.004061158 0.02574667 -0.0005951351 -0.004035202 0.02574667 -0.0008090541 -0.003997808 0.02574667 -0.00102068 -0.003949083 0.02574667 -0.001229412 -0.003889163 0.02574667 -0.001434658 -0.003818219 0.02574667 -0.001635839 -0.003736451 0.02574667 -0.001832382 -0.003644093 0.02574667 -0.002023732 -0.003541405 0.02574667 -0.002209345 -0.003428679 0.02574667 -0.002388696 -0.003306233 0.02574667 -0.002561276 -0.003174416 0.02574667 -0.002726595 -0.0030336 0.02574667 -0.002884185 -0.002884185 0.02574667 -0.00310669 -0.002792288 0.02512619 -0.003250898 -0.002622985 0.02512619 -0.003385892 -0.002446248 0.02512619 -0.003511287 -0.002262576 0.02512619 -0.00362673 -0.002072491 0.02512619 -0.003731893 -0.001876531 0.02512619 -0.003826477 -0.001675253 0.02512619 -0.003910214 -0.001469225 0.02512619 -0.003982867 -0.001259033 0.02512619 -0.004044231 -0.001045271 0.02512619 -0.004094131 -0.0008285474 0.02512619 -0.004132425 -0.0006094744 0.02512619 -0.004159006 -0.000388674 0.02512619 -0.004173797 -0.0001667712 0.02512619 -0.004176757 5.560349e-05 0.02512619 -0.004167878 0.0002778207 0.02512619 -0.004147185 0.0004992507 0.02512619 -0.004114736 0.0007192655 0.02512619 -0.004070624 0.000937241 0.02512619 -0.004014972 0.00115256 0.02512619 -0.003947939 0.001364612 0.02512619 -0.003869717 0.001572796 0.02512619 -0.003780524 0.001776522 0.02512619 -0.003680616 0.001975212 0.02512619 -0.003570274 0.002168302 0.02512619 -0.003449812 0.002355247 0.02512619 -0.003319572 0.002535516 0.02512619 -0.003179921 0.002708597 0.02512619 -0.003031257 0.002874 0.02512619 -0.002874 0.003031257 0.02512619 -0.002708597 0.003179921 0.02512619 -0.002535516 0.003319572 0.02512619 -0.002355247 0.003449812 0.02512619 -0.002168302 0.003570274 0.02512619 -0.001975212 0.003680616 0.02512619 -0.001776522 0.003780524 0.02512619 -0.001572796 0.003869717 0.02512619 -0.001364612 0.003947939 0.02512619 -0.00115256 0.004014972 0.02512619 -0.000937241 0.004070624 0.02512619 -0.0007192655 0.004114736 0.02512619 -0.0004992507 0.004147185 0.02512619 -0.0002778207 0.004167878 0.02512619 -5.560349e-05 0.004176757 0.02512619 0.0001667712 0.004173797 0.02512619 0.000388674 0.004159006 0.02512619 0.0006094744 0.004132425 0.02512619 0.0008285474 0.004094131 0.02512619 0.001045271 0.004044231 0.02512619 0.001259033 0.003982867 0.02512619 0.001469225 0.003910214 0.02512619 0.001675253 0.003826477 0.02512619 0.001876531 0.003731893 0.02512619 0.002072491 0.00362673 0.02512619 0.002262576 0.003511287 0.02512619 0.002446248 0.003385892 0.02512619 0.002622985 0.003250898 0.02512619 0.002792288 0.00310669 0.02512619 0.002953675 0.002953675 0.02512619 0.00310669 0.002792288 0.02512619 0.003250898 0.002622985 0.02512619 0.003385892 0.002446248 0.02512619 0.003511287 0.002262576 0.02512619 0.00362673 0.002072491 0.02512619 0.003731893 0.001876531 0.02512619 0.003826477 0.001675253 0.02512619 0.003910214 0.001469225 0.02512619 0.003982867 0.001259033 0.02512619 0.004044231 0.001045271 0.02512619 0.004094131 0.0008285474 0.02512619 0.004132425 0.0006094744 0.02512619 0.004159006 0.000388674 0.02512619 0.004173797 0.0001667712 0.02512619 0.004176757 -5.560349e-05 0.02512619 0.004167878 -0.0002778207 0.02512619 0.004147185 -0.0004992507 0.02512619 0.004114736 -0.0007192655 0.02512619 0.004070624 -0.000937241 0.02512619 0.004014972 -0.00115256 0.02512619 0.003947939 -0.001364612 0.02512619 0.003869717 -0.001572796 0.02512619 0.003780524 -0.001776522 0.02512619 0.003680616 -0.001975212 0.02512619 0.003570274 -0.002168302 0.02512619 0.003449812 -0.002355247 0.02512619 0.003319572 -0.002535516 0.02512619 0.003179921 -0.002708597 0.02512619 0.003031257 -0.002874 0.02512619 0.002874 -0.003031257 0.02512619 0.002708597 -0.003179921 0.02512619 0.002535516 -0.003319572 0.02512619 0.002355247 -0.003449812 0.02512619 0.002168302 -0.003570274 0.02512619 0.001975212 -0.003680616 0.02512619 0.001776522 -0.003780524 0.02512619 0.001572796 -0.003869717 0.02512619 0.001364612 -0.003947939 0.02512619 0.00115256 -0.004014972 0.02512619 0.000937241 -0.004070624 0.02512619 0.0007192655 -0.004114736 0.02512619 0.0004992507 -0.004147185 0.02512619 0.0002778207 -0.004167878 0.02512619 5.560349e-05 -0.004176757 0.02512619 -0.0001667712 -0.004173797 0.02512619 -0.000388674 -0.004159006 0.02512619 -0.0006094744 -0.004132425 0.02512619 -0.0008285474 -0.004094131 0.02512619 -0.001045271 -0.004044231 0.02512619 -0.001259033 -0.003982867 0.02512619 -0.001469225 -0.003910214 0.02512619 -0.001675253 -0.003826477 0.02512619 -0.001876531 -0.003731893 0.02512619 -0.002072491 -0.00362673 0.02512619 -0.002262576 -0.003511287 0.02512619 -0.002446248 -0.003385892 0.02512619 -0.002622985 -0.003250898 0.02512619 -0.002792288 -0.00310669 0.02512619 -0.002953675 -0.002953675 0.02512619 -0.003208613 -0.002883896 0.0245131 -0.003357552 -0.002709039 0.0245131 -0.003496975 -0.002526503 0.0245131 -0.003626484 -0.002336806 0.0245131 -0.003745714 -0.002140484 0.0245131 -0.003854327 -0.001938096 0.0245131 -0.003952013 -0.001730213 0.0245131 -0.004038498 -0.001517426 0.0245131 -0.004113535 -0.001300338 0.0245131 -0.004176912 -0.001079563 0.0245131 -0.004228449 -0.0008557292 0.0245131 -0.004267999 -0.0006294693 0.0245131 -0.004295452 -0.0004014246 0.0245131 -0.004310729 -0.0001722427 0.0245131 -0.004313786 5.742761e-05 0.0245131 -0.004304616 0.0002869354 0.0245131 -0.004283243 0.0005156301 0.0245131 -0.00424973 0.0007428625 0.0245131 -0.00420417 0.0009679895 0.0245131 -0.004146693 0.001190372 0.0245131 -0.004077461 0.001409382 0.0245131 -0.003996672 0.001624396 0.0245131 -0.003904554 0.001834804 0.0245131 -0.003801368 0.002040013 0.0245131 -0.003687405 0.002239439 0.0245131 -0.003562992 0.002432517 0.0245131 -0.003428478 0.002618699 0.0245131 -0.003284246 0.002797459 0.0245131 -0.003130705 0.002968289 0.0245131 -0.002968289 0.003130705 0.0245131 -0.002797459 0.003284246 0.0245131 -0.002618699 0.003428478 0.0245131 -0.002432517 0.003562992 0.0245131 -0.002239439 0.003687405 0.0245131 -0.002040013 0.003801368 0.0245131 -0.001834804 0.003904554 0.0245131 -0.001624396 0.003996672 0.0245131 -0.001409382 0.004077461 0.0245131 -0.001190372 0.004146693 0.0245131 -0.0009679895 0.00420417 0.0245131 -0.0007428625 0.00424973 0.0245131 -0.0005156301 0.004283243 0.0245131 -0.0002869354 0.004304616 0.0245131 -5.742761e-05 0.004313786 0.0245131 0.0001722427 0.004310729 0.0245131 0.0004014246 0.004295452 0.0245131 0.0006294693 0.004267999 0.0245131 0.0008557292 0.004228449 0.0245131 0.001079563 0.004176912 0.0245131 0.001300338 0.004113535 0.0245131 0.001517426 0.004038498 0.0245131 0.001730213 0.003952013 0.0245131 0.001938096 0.003854327 0.0245131 0.002140484 0.003745714 0.0245131 0.002336806 0.003626484 0.0245131 0.002526503 0.003496975 0.0245131 0.002709039 0.003357552 0.0245131 0.002883896 0.003208613 0.0245131 0.003050577 0.003050577 0.0245131 0.003208613 0.002883896 0.0245131 0.003357552 0.002709039 0.0245131 0.003496975 0.002526503 0.0245131 0.003626484 0.002336806 0.0245131 0.003745714 0.002140484 0.0245131 0.003854327 0.001938096 0.0245131 0.003952013 0.001730213 0.0245131 0.004038498 0.001517426 0.0245131 0.004113535 0.001300338 0.0245131 0.004176912 0.001079563 0.0245131 0.004228449 0.0008557292 0.0245131 0.004267999 0.0006294693 0.0245131 0.004295452 0.0004014246 0.0245131 0.004310729 0.0001722427 0.0245131 0.004313786 -5.742761e-05 0.0245131 0.004304616 -0.0002869354 0.0245131 0.004283243 -0.0005156301 0.0245131 0.00424973 -0.0007428625 0.0245131 0.00420417 -0.0009679895 0.0245131 0.004146693 -0.001190372 0.0245131 0.004077461 -0.001409382 0.0245131 0.003996672 -0.001624396 0.0245131 0.003904554 -0.001834804 0.0245131 0.003801368 -0.002040013 0.0245131 0.003687405 -0.002239439 0.0245131 0.003562992 -0.002432517 0.0245131 0.003428478 -0.002618699 0.0245131 0.003284246 -0.002797459 0.0245131 0.003130705 -0.002968289 0.0245131 0.002968289 -0.003130705 0.0245131 0.002797459 -0.003284246 0.0245131 0.002618699 -0.003428478 0.0245131 0.002432517 -0.003562992 0.0245131 0.002239439 -0.003687405 0.0245131 0.002040013 -0.003801368 0.0245131 0.001834804 -0.003904554 0.0245131 0.001624396 -0.003996672 0.0245131 0.001409382 -0.004077461 0.0245131 0.001190372 -0.004146693 0.0245131 0.0009679895 -0.00420417 0.0245131 0.0007428625 -0.00424973 0.0245131 0.0005156301 -0.004283243 0.0245131 0.0002869354 -0.004304616 0.0245131 5.742761e-05 -0.004313786 0.0245131 -0.0001722427 -0.004310729 0.0245131 -0.0004014246 -0.004295452 0.0245131 -0.0006294693 -0.004267999 0.0245131 -0.0008557292 -0.004228449 0.0245131 -0.001079563 -0.004176912 0.0245131 -0.001300338 -0.004113535 0.0245131 -0.001517426 -0.004038498 0.0245131 -0.001730213 -0.003952013 0.0245131 -0.001938096 -0.003854327 0.0245131 -0.002140484 -0.003745714 0.0245131 -0.002336806 -0.003626484 0.0245131 -0.002526503 -0.003496975 0.0245131 -0.002709039 -0.003357552 0.0245131 -0.002883896 -0.003208613 0.0245131 -0.003050577 -0.003050577 0.0245131 -0.003338965 -0.003001056 0.02390983 -0.003493955 -0.002819095 0.02390983 -0.003639042 -0.002629144 0.02390983 -0.003773813 -0.002431741 0.02390983 -0.003897887 -0.002227443 0.02390983 -0.004010912 -0.002016833 0.02390983 -0.004112567 -0.001800505 0.02390983 -0.004202565 -0.001579073 0.02390983 -0.004280651 -0.001353165 0.02390983 -0.004346602 -0.001123421 0.02390983 -0.004400233 -0.0008904943 0.02390983 -0.00444139 -0.0006550424 0.02390983 -0.004469959 -0.0004177333 0.02390983 -0.004485856 -0.0001792404 0.02390983 -0.004489037 5.97612e-05 0.02390983 -0.004479495 0.0002985927 0.02390983 -0.004457253 0.0005365781 0.02390983 -0.004422379 0.0007730416 0.02390983 -0.004374967 0.001007315 0.02390983 -0.004315155 0.001238733 0.02390983 -0.004243112 0.001466639 0.02390983 -0.00415904 0.001690388 0.02390983 -0.00406318 0.001909345 0.02390983 -0.003955801 0.00212289 0.02390983 -0.003837209 0.002330417 0.02390983 -0.003707741 0.002531339 0.02390983 -0.003567763 0.002725086 0.02390983 -0.003417671 0.002911107 0.02390983 -0.003257892 0.003088878 0.02390983 -0.003088878 0.003257892 0.02390983 -0.002911107 0.003417671 0.02390983 -0.002725086 0.003567763 0.02390983 -0.002531339 0.003707741 0.02390983 -0.002330417 0.003837209 0.02390983 -0.00212289 0.003955801 0.02390983 -0.001909345 0.00406318 0.02390983 -0.001690388 0.00415904 0.02390983 -0.001466639 0.004243112 0.02390983 -0.001238733 0.004315155 0.02390983 -0.001007315 0.004374967 0.02390983 -0.0007730416 0.004422379 0.02390983 -0.0005365781 0.004457253 0.02390983 -0.0002985927 0.004479495 0.02390983 -5.97612e-05 0.004489037 0.02390983 0.0001792404 0.004485856 0.02390983 0.0004177333 0.004469959 0.02390983 0.0006550424 0.00444139 0.02390983 0.0008904943 0.004400233 0.02390983 0.001123421 0.004346602 0.02390983 0.001353165 0.004280651 0.02390983 0.001579073 0.004202565 0.02390983 0.001800505 0.004112567 0.02390983 0.002016833 0.004010912 0.02390983 0.002227443 0.003897887 0.02390983 0.002431741 0.003773813 0.02390983 0.002629144 0.003639042 0.02390983 0.002819095 0.003493955 0.02390983 0.003001056 0.003338965 0.02390983 0.00317451 0.00317451 0.02390983 0.003338965 0.003001056 0.02390983 0.003493955 0.002819095 0.02390983 0.003639042 0.002629144 0.02390983 0.003773813 0.002431741 0.02390983 0.003897887 0.002227443 0.02390983 0.004010912 0.002016833 0.02390983 0.004112567 0.001800505 0.02390983 0.004202565 0.001579073 0.02390983 0.004280651 0.001353165 0.02390983 0.004346602 0.001123421 0.02390983 0.004400233 0.0008904943 0.02390983 0.00444139 0.0006550424 0.02390983 0.004469959 0.0004177333 0.02390983 0.004485856 0.0001792404 0.02390983 0.004489037 -5.97612e-05 0.02390983 0.004479495 -0.0002985927 0.02390983 0.004457253 -0.0005365781 0.02390983 0.004422379 -0.0007730416 0.02390983 0.004374967 -0.001007315 0.02390983 0.004315155 -0.001238733 0.02390983 0.004243112 -0.001466639 0.02390983 0.00415904 -0.001690388 0.02390983 0.00406318 -0.001909345 0.02390983 0.003955801 -0.00212289 0.02390983 0.003837209 -0.002330417 0.02390983 0.003707741 -0.002531339 0.02390983 0.003567763 -0.002725086 0.02390983 0.003417671 -0.002911107 0.02390983 0.003257892 -0.003088878 0.02390983 0.003088878 -0.003257892 0.02390983 0.002911107 -0.003417671 0.02390983 0.002725086 -0.003567763 0.02390983 0.002531339 -0.003707741 0.02390983 0.002330417 -0.003837209 0.02390983 0.00212289 -0.003955801 0.02390983 0.001909345 -0.00406318 0.02390983 0.001690388 -0.00415904 0.02390983 0.001466639 -0.004243112 0.02390983 0.001238733 -0.004315155 0.02390983 0.001007315 -0.004374967 0.02390983 0.0007730416 -0.004422379 0.02390983 0.0005365781 -0.004457253 0.02390983 0.0002985927 -0.004479495 0.02390983 5.97612e-05 -0.004489037 0.02390983 -0.0001792404 -0.004485856 0.02390983 -0.0004177333 -0.004469959 0.02390983 -0.0006550424 -0.00444139 0.02390983 -0.0008904943 -0.004400233 0.02390983 -0.001123421 -0.004346602 0.02390983 -0.001353165 -0.004280651 0.02390983 -0.001579073 -0.004202565 0.02390983 -0.001800505 -0.004112567 0.02390983 -0.002016833 -0.004010912 0.02390983 -0.002227443 -0.003897887 0.02390983 -0.002431741 -0.003773813 0.02390983 -0.002629144 -0.003639042 0.02390983 -0.002819095 -0.003493955 0.02390983 -0.003001056 -0.003338965 0.02390983 -0.00317451 -0.00317451 0.02390983 -0.003497232 -0.003143307 0.02331875 -0.00365957 -0.002952722 0.02331875 -0.003811533 -0.002753766 0.02331875 -0.003952693 -0.002547006 0.02331875 -0.004082647 -0.002333024 0.02331875 -0.00420103 -0.002112431 0.02331875 -0.004307504 -0.001885849 0.02331875 -0.004401768 -0.001653921 0.02331875 -0.004483554 -0.001417306 0.02331875 -0.004552632 -0.001176672 0.02331875 -0.004608805 -0.0009327037 0.02331875 -0.004651913 -0.0006860908 0.02331875 -0.004681835 -0.0004375344 0.02331875 -0.004698486 -0.0001877362 0.02331875 -0.004701818 6.25938e-05 0.02331875 -0.004691823 0.0003127461 0.02331875 -0.004668528 0.0005620114 0.02331875 -0.004632 0.0008096846 0.02331875 -0.004582342 0.001055062 0.02331875 -0.004519695 0.001297449 0.02331875 -0.004444236 0.001536158 0.02331875 -0.004356179 0.001770512 0.02331875 -0.004255775 0.001999848 0.02331875 -0.004143307 0.002223517 0.02331875 -0.004019094 0.00244088 0.02331875 -0.003883489 0.002651326 0.02331875 -0.003736876 0.002854256 0.02331875 -0.003579669 0.003049095 0.02331875 -0.003412317 0.003235292 0.02331875 -0.003235292 0.003412317 0.02331875 -0.003049095 0.003579669 0.02331875 -0.002854256 0.003736876 0.02331875 -0.002651326 0.003883489 0.02331875 -0.00244088 0.004019094 0.02331875 -0.002223517 0.004143307 0.02331875 -0.001999848 0.004255775 0.02331875 -0.001770512 0.004356179 0.02331875 -0.001536158 0.004444236 0.02331875 -0.001297449 0.004519695 0.02331875 -0.001055062 0.004582342 0.02331875 -0.0008096846 0.004632 0.02331875 -0.0005620114 0.004668528 0.02331875 -0.0003127461 0.004691823 0.02331875 -6.25938e-05 0.004701818 0.02331875 0.0001877362 0.004698486 0.02331875 0.0004375344 0.004681835 0.02331875 0.0006860908 0.004651913 0.02331875 0.0009327037 0.004608805 0.02331875 0.001176672 0.004552632 0.02331875 0.001417306 0.004483554 0.02331875 0.001653921 0.004401768 0.02331875 0.001885849 0.004307504 0.02331875 0.002112431 0.00420103 0.02331875 0.002333024 0.004082647 0.02331875 0.002547006 0.003952693 0.02331875 0.002753766 0.003811533 0.02331875 0.002952722 0.00365957 0.02331875 0.003143307 0.003497232 0.02331875 0.003324982 0.003324982 0.02331875 0.003497232 0.003143307 0.02331875 0.00365957 0.002952722 0.02331875 0.003811533 0.002753766 0.02331875 0.003952693 0.002547006 0.02331875 0.004082647 0.002333024 0.02331875 0.00420103 0.002112431 0.02331875 0.004307504 0.001885849 0.02331875 0.004401768 0.001653921 0.02331875 0.004483554 0.001417306 0.02331875 0.004552632 0.001176672 0.02331875 0.004608805 0.0009327037 0.02331875 0.004651913 0.0006860908 0.02331875 0.004681835 0.0004375344 0.02331875 0.004698486 0.0001877362 0.02331875 0.004701818 -6.25938e-05 0.02331875 0.004691823 -0.0003127461 0.02331875 0.004668528 -0.0005620114 0.02331875 0.004632 -0.0008096846 0.02331875 0.004582342 -0.001055062 0.02331875 0.004519695 -0.001297449 0.02331875 0.004444236 -0.001536158 0.02331875 0.004356179 -0.001770512 0.02331875 0.004255775 -0.001999848 0.02331875 0.004143307 -0.002223517 0.02331875 0.004019094 -0.00244088 0.02331875 0.003883489 -0.002651326 0.02331875 0.003736876 -0.002854256 0.02331875 0.003579669 -0.003049095 0.02331875 0.003412317 -0.003235292 0.02331875 0.003235292 -0.003412317 0.02331875 0.003049095 -0.003579669 0.02331875 0.002854256 -0.003736876 0.02331875 0.002651326 -0.003883489 0.02331875 0.00244088 -0.004019094 0.02331875 0.002223517 -0.004143307 0.02331875 0.001999848 -0.004255775 0.02331875 0.001770512 -0.004356179 0.02331875 0.001536158 -0.004444236 0.02331875 0.001297449 -0.004519695 0.02331875 0.001055062 -0.004582342 0.02331875 0.0008096846 -0.004632 0.02331875 0.0005620114 -0.004668528 0.02331875 0.0003127461 -0.004691823 0.02331875 6.25938e-05 -0.004701818 0.02331875 -0.0001877362 -0.004698486 0.02331875 -0.0004375344 -0.004681835 0.02331875 -0.0006860908 -0.004651913 0.02331875 -0.0009327037 -0.004608805 0.02331875 -0.001176672 -0.004552632 0.02331875 -0.001417306 -0.004483554 0.02331875 -0.001653921 -0.004401768 0.02331875 -0.001885849 -0.004307504 0.02331875 -0.002112431 -0.00420103 0.02331875 -0.002333024 -0.004082647 0.02331875 -0.002547006 -0.003952693 0.02331875 -0.002753766 -0.003811533 0.02331875 -0.002952722 -0.00365957 0.02331875 -0.003143307 -0.003497232 0.02331875 -0.003324982 -0.003324982 0.02331875 -0.003682791 -0.003310087 0.02274221 -0.003853742 -0.003109389 0.02274221 -0.004013768 -0.002899878 0.02274221 -0.004162417 -0.002682146 0.02274221 -0.004299267 -0.002456811 0.02274221 -0.004423931 -0.002224513 0.02274221 -0.004536055 -0.001985909 0.02274221 -0.00463532 -0.001741676 0.02274221 -0.004721446 -0.001492507 0.02274221 -0.004794189 -0.001239105 0.02274221 -0.004853341 -0.0009821915 0.02274221 -0.004898737 -0.0007224943 0.02274221 -0.004930247 -0.0004607488 0.02274221 -0.004947782 -0.0001976972 0.02274221 -0.004951291 6.59143e-05 0.02274221 -0.004940765 0.00032934 0.02274221 -0.004916234 0.0005918308 0.02274221 -0.004877768 0.0008526447 0.02274221 -0.004825476 0.001111042 0.02274221 -0.004759504 0.00136629 0.02274221 -0.004680041 0.001617665 0.02274221 -0.004587313 0.001864454 0.02274221 -0.004481581 0.002105958 0.02274221 -0.004363145 0.002341493 0.02274221 -0.004232342 0.00257039 0.02274221 -0.004089542 0.002792001 0.02274221 -0.003935149 0.003005699 0.02274221 -0.003769603 0.003210876 0.02274221 -0.00359337 0.003406952 0.02274221 -0.003406952 0.00359337 0.02274221 -0.003210876 0.003769603 0.02274221 -0.003005699 0.003935149 0.02274221 -0.002792001 0.004089542 0.02274221 -0.00257039 0.004232342 0.02274221 -0.002341493 0.004363145 0.02274221 -0.002105958 0.004481581 0.02274221 -0.001864454 0.004587313 0.02274221 -0.001617665 0.004680041 0.02274221 -0.00136629 0.004759504 0.02274221 -0.001111042 0.004825476 0.02274221 -0.0008526447 0.004877768 0.02274221 -0.0005918308 0.004916234 0.02274221 -0.00032934 0.004940765 0.02274221 -6.59143e-05 0.004951291 0.02274221 0.0001976972 0.004947782 0.02274221 0.0004607488 0.004930247 0.02274221 0.0007224943 0.004898737 0.02274221 0.0009821915 0.004853341 0.02274221 0.001239105 0.004794189 0.02274221 0.001492507 0.004721446 0.02274221 0.001741676 0.00463532 0.02274221 0.001985909 0.004536055 0.02274221 0.002224513 0.004423931 0.02274221 0.002456811 0.004299267 0.02274221 0.002682146 0.004162417 0.02274221 0.002899878 0.004013768 0.02274221 0.003109389 0.003853742 0.02274221 0.003310087 0.003682791 0.02274221 0.003501401 0.003501401 0.02274221 0.003682791 0.003310087 0.02274221 0.003853742 0.003109389 0.02274221 0.004013768 0.002899878 0.02274221 0.004162417 0.002682146 0.02274221 0.004299267 0.002456811 0.02274221 0.004423931 0.002224513 0.02274221 0.004536055 0.001985909 0.02274221 0.00463532 0.001741676 0.02274221 0.004721446 0.001492507 0.02274221 0.004794189 0.001239105 0.02274221 0.004853341 0.0009821915 0.02274221 0.004898737 0.0007224943 0.02274221 0.004930247 0.0004607488 0.02274221 0.004947782 0.0001976972 0.02274221 0.004951291 -6.59143e-05 0.02274221 0.004940765 -0.00032934 0.02274221 0.004916234 -0.0005918308 0.02274221 0.004877768 -0.0008526447 0.02274221 0.004825476 -0.001111042 0.02274221 0.004759504 -0.00136629 0.02274221 0.004680041 -0.001617665 0.02274221 0.004587313 -0.001864454 0.02274221 0.004481581 -0.002105958 0.02274221 0.004363145 -0.002341493 0.02274221 0.004232342 -0.00257039 0.02274221 0.004089542 -0.002792001 0.02274221 0.003935149 -0.003005699 0.02274221 0.003769603 -0.003210876 0.02274221 0.00359337 -0.003406952 0.02274221 0.003406952 -0.00359337 0.02274221 0.003210876 -0.003769603 0.02274221 0.003005699 -0.003935149 0.02274221 0.002792001 -0.004089542 0.02274221 0.00257039 -0.004232342 0.02274221 0.002341493 -0.004363145 0.02274221 0.002105958 -0.004481581 0.02274221 0.001864454 -0.004587313 0.02274221 0.001617665 -0.004680041 0.02274221 0.00136629 -0.004759504 0.02274221 0.001111042 -0.004825476 0.02274221 0.0008526447 -0.004877768 0.02274221 0.0005918308 -0.004916234 0.02274221 0.00032934 -0.004940765 0.02274221 6.59143e-05 -0.004951291 0.02274221 -0.0001976972 -0.004947782 0.02274221 -0.0004607488 -0.004930247 0.02274221 -0.0007224943 -0.004898737 0.02274221 -0.0009821915 -0.004853341 0.02274221 -0.001239105 -0.004794189 0.02274221 -0.001492507 -0.004721446 0.02274221 -0.001741676 -0.00463532 0.02274221 -0.001985909 -0.004536055 0.02274221 -0.002224513 -0.004423931 0.02274221 -0.002456811 -0.004299267 0.02274221 -0.002682146 -0.004162417 0.02274221 -0.002899878 -0.004013768 0.02274221 -0.003109389 -0.003853742 0.02274221 -0.003310087 -0.003682791 0.02274221 -0.003501401 -0.003501401 0.02274221 -0.003894908 -0.003500737 0.02218246 -0.004075705 -0.00328848 0.02218246 -0.004244949 -0.003066902 0.02218246 -0.004402159 -0.002836629 0.02218246 -0.004546892 -0.002598316 0.02218246 -0.004678735 -0.002352638 0.02218246 -0.004797317 -0.002100292 0.02218246 -0.004902299 -0.001841991 0.02218246 -0.004993387 -0.00157847 0.02218246 -0.005070319 -0.001310473 0.02218246 -0.005132878 -0.001038762 0.02218246 -0.005180889 -0.0007641072 0.02218246 -0.005214213 -0.0004872864 0.02218246 -0.005232758 -0.0002090836 0.02218246 -0.005236469 6.97109e-05 0.02218246 -0.005225337 0.0003483088 0.02218246 -0.005199394 0.0006259191 0.02218246 -0.005158712 0.0009017549 0.02218246 -0.005103407 0.001175034 0.02218246 -0.005033636 0.001444984 0.02218246 -0.004949597 0.001710837 0.02218246 -0.004851527 0.00197184 0.02218246 -0.004739705 0.002227254 0.02218246 -0.004614448 0.002476355 0.02218246 -0.004476112 0.002718437 0.02218246 -0.004325086 0.002952812 0.02218246 -0.004161801 0.003178817 0.02218246 -0.003986719 0.003395812 0.02218246 -0.003800336 0.003603181 0.02218246 -0.003603181 0.003800336 0.02218246 -0.003395812 0.003986719 0.02218246 -0.003178817 0.004161801 0.02218246 -0.002952812 0.004325086 0.02218246 -0.002718437 0.004476112 0.02218246 -0.002476355 0.004614448 0.02218246 -0.002227254 0.004739705 0.02218246 -0.00197184 0.004851527 0.02218246 -0.001710837 0.004949597 0.02218246 -0.001444984 0.005033636 0.02218246 -0.001175034 0.005103407 0.02218246 -0.0009017549 0.005158712 0.02218246 -0.0006259191 0.005199394 0.02218246 -0.0003483088 0.005225337 0.02218246 -6.97109e-05 0.005236469 0.02218246 0.0002090836 0.005232758 0.02218246 0.0004872864 0.005214213 0.02218246 0.0007641072 0.005180889 0.02218246 0.001038762 0.005132878 0.02218246 0.001310473 0.005070319 0.02218246 0.00157847 0.004993387 0.02218246 0.001841991 0.004902299 0.02218246 0.002100292 0.004797317 0.02218246 0.002352638 0.004678735 0.02218246 0.002598316 0.004546892 0.02218246 0.002836629 0.004402159 0.02218246 0.003066902 0.004244949 0.02218246 0.00328848 0.004075705 0.02218246 0.003500737 0.003894908 0.02218246 0.003703071 0.003703071 0.02218246 0.003894908 0.003500737 0.02218246 0.004075705 0.00328848 0.02218246 0.004244949 0.003066902 0.02218246 0.004402159 0.002836629 0.02218246 0.004546892 0.002598316 0.02218246 0.004678735 0.002352638 0.02218246 0.004797317 0.002100292 0.02218246 0.004902299 0.001841991 0.02218246 0.004993387 0.00157847 0.02218246 0.005070319 0.001310473 0.02218246 0.005132878 0.001038762 0.02218246 0.005180889 0.0007641072 0.02218246 0.005214213 0.0004872864 0.02218246 0.005232758 0.0002090836 0.02218246 0.005236469 -6.97109e-05 0.02218246 0.005225337 -0.0003483088 0.02218246 0.005199394 -0.0006259191 0.02218246 0.005158712 -0.0009017549 0.02218246 0.005103407 -0.001175034 0.02218246 0.005033636 -0.001444984 0.02218246 0.004949597 -0.001710837 0.02218246 0.004851527 -0.00197184 0.02218246 0.004739705 -0.002227254 0.02218246 0.004614448 -0.002476355 0.02218246 0.004476112 -0.002718437 0.02218246 0.004325086 -0.002952812 0.02218246 0.004161801 -0.003178817 0.02218246 0.003986719 -0.003395812 0.02218246 0.003800336 -0.003603181 0.02218246 0.003603181 -0.003800336 0.02218246 0.003395812 -0.003986719 0.02218246 0.003178817 -0.004161801 0.02218246 0.002952812 -0.004325086 0.02218246 0.002718437 -0.004476112 0.02218246 0.002476355 -0.004614448 0.02218246 0.002227254 -0.004739705 0.02218246 0.00197184 -0.004851527 0.02218246 0.001710837 -0.004949597 0.02218246 0.001444984 -0.005033636 0.02218246 0.001175034 -0.005103407 0.02218246 0.0009017549 -0.005158712 0.02218246 0.0006259191 -0.005199394 0.02218246 0.0003483088 -0.005225337 0.02218246 6.97109e-05 -0.005236469 0.02218246 -0.0002090836 -0.005232758 0.02218246 -0.0004872864 -0.005214213 0.02218246 -0.0007641072 -0.005180889 0.02218246 -0.001038762 -0.005132878 0.02218246 -0.001310473 -0.005070319 0.02218246 -0.00157847 -0.004993387 0.02218246 -0.001841991 -0.004902299 0.02218246 -0.002100292 -0.004797317 0.02218246 -0.002352638 -0.004678735 0.02218246 -0.002598316 -0.004546892 0.02218246 -0.002836629 -0.004402159 0.02218246 -0.003066902 -0.004244949 0.02218246 -0.00328848 -0.004075705 0.02218246 -0.003500737 -0.003894908 0.02218246 -0.003703071 -0.003703071 0.02218246 -0.004132746 -0.003714505 0.02164173 -0.004324583 -0.003489288 0.02164173 -0.004504161 -0.003254178 0.02164173 -0.004670972 -0.003009845 0.02164173 -0.004824542 -0.00275698 0.02164173 -0.004964437 -0.002496299 0.02164173 -0.00509026 -0.002228543 0.02164173 -0.005201653 -0.00195447 0.02164173 -0.005298302 -0.001674857 0.02164173 -0.005379932 -0.001390497 0.02164173 -0.005446313 -0.001102194 0.02164173 -0.005497254 -0.0008107666 0.02164173 -0.005532613 -0.0005170414 0.02164173 -0.00555229 -0.0002218519 0.02164173 -0.005556229 7.396772e-05 0.02164173 -0.005544417 0.000369578 0.02164173 -0.005516889 0.0006641394 0.02164173 -0.005473723 0.0009568194 0.02164173 -0.005415041 0.001246786 0.02164173 -0.00534101 0.00153322 0.02164173 -0.005251838 0.001815306 0.02164173 -0.00514778 0.002092248 0.02164173 -0.005029131 0.002363259 0.02164173 -0.004896225 0.002627571 0.02164173 -0.00474944 0.002884434 0.02164173 -0.004589193 0.003133122 0.02164173 -0.004415937 0.003372928 0.02164173 -0.004230164 0.003603174 0.02164173 -0.004032399 0.003823205 0.02164173 -0.003823205 0.004032399 0.02164173 -0.003603174 0.004230164 0.02164173 -0.003372928 0.004415937 0.02164173 -0.003133122 0.004589193 0.02164173 -0.002884434 0.00474944 0.02164173 -0.002627571 0.004896225 0.02164173 -0.002363259 0.005029131 0.02164173 -0.002092248 0.00514778 0.02164173 -0.001815306 0.005251838 0.02164173 -0.00153322 0.00534101 0.02164173 -0.001246786 0.005415041 0.02164173 -0.0009568194 0.005473723 0.02164173 -0.0006641394 0.005516889 0.02164173 -0.000369578 0.005544417 0.02164173 -7.396772e-05 0.005556229 0.02164173 0.0002218519 0.00555229 0.02164173 0.0005170414 0.005532613 0.02164173 0.0008107666 0.005497254 0.02164173 0.001102194 0.005446313 0.02164173 0.001390497 0.005379932 0.02164173 0.001674857 0.005298302 0.02164173 0.00195447 0.005201653 0.02164173 0.002228543 0.00509026 0.02164173 0.002496299 0.004964437 0.02164173 0.00275698 0.004824542 0.02164173 0.003009845 0.004670972 0.02164173 0.003254178 0.004504161 0.02164173 0.003489288 0.004324583 0.02164173 0.003714505 0.004132746 0.02164173 0.003929195 0.003929195 0.02164173 0.004132746 0.003714505 0.02164173 0.004324583 0.003489288 0.02164173 0.004504161 0.003254178 0.02164173 0.004670972 0.003009845 0.02164173 0.004824542 0.00275698 0.02164173 0.004964437 0.002496299 0.02164173 0.00509026 0.002228543 0.02164173 0.005201653 0.00195447 0.02164173 0.005298302 0.001674857 0.02164173 0.005379932 0.001390497 0.02164173 0.005446313 0.001102194 0.02164173 0.005497254 0.0008107666 0.02164173 0.005532613 0.0005170414 0.02164173 0.00555229 0.0002218519 0.02164173 0.005556229 -7.396772e-05 0.02164173 0.005544417 -0.000369578 0.02164173 0.005516889 -0.0006641394 0.02164173 0.005473723 -0.0009568194 0.02164173 0.005415041 -0.001246786 0.02164173 0.00534101 -0.00153322 0.02164173 0.005251838 -0.001815306 0.02164173 0.00514778 -0.002092248 0.02164173 0.005029131 -0.002363259 0.02164173 0.004896225 -0.002627571 0.02164173 0.00474944 -0.002884434 0.02164173 0.004589193 -0.003133122 0.02164173 0.004415937 -0.003372928 0.02164173 0.004230164 -0.003603174 0.02164173 0.004032399 -0.003823205 0.02164173 0.003823205 -0.004032399 0.02164173 0.003603174 -0.004230164 0.02164173 0.003372928 -0.004415937 0.02164173 0.003133122 -0.004589193 0.02164173 0.002884434 -0.00474944 0.02164173 0.002627571 -0.004896225 0.02164173 0.002363259 -0.005029131 0.02164173 0.002092248 -0.00514778 0.02164173 0.001815306 -0.005251838 0.02164173 0.00153322 -0.00534101 0.02164173 0.001246786 -0.005415041 0.02164173 0.0009568194 -0.005473723 0.02164173 0.0006641394 -0.005516889 0.02164173 0.000369578 -0.005544417 0.02164173 7.396772e-05 -0.005556229 0.02164173 -0.0002218519 -0.00555229 0.02164173 -0.0005170414 -0.005532613 0.02164173 -0.0008107666 -0.005497254 0.02164173 -0.001102194 -0.005446313 0.02164173 -0.001390497 -0.005379932 0.02164173 -0.001674857 -0.005298302 0.02164173 -0.00195447 -0.005201653 0.02164173 -0.002228543 -0.00509026 0.02164173 -0.002496299 -0.004964437 0.02164173 -0.00275698 -0.004824542 0.02164173 -0.003009845 -0.004670972 0.02164173 -0.003254178 -0.004504161 0.02164173 -0.003489288 -0.004324583 0.02164173 -0.003714505 -0.004132746 0.02164173 -0.003929195 -0.003929195 0.02164173 -0.004395367 -0.003950549 0.02112215 -0.004599395 -0.003711019 0.02112215 -0.004790384 -0.003460969 0.02112215 -0.004967795 -0.00320111 0.02112215 -0.005131124 -0.002932176 0.02112215 -0.005279908 -0.00265493 0.02112215 -0.005413726 -0.002370159 0.02112215 -0.005532199 -0.00207867 0.02112215 -0.005634989 -0.001781288 0.02112215 -0.005721807 -0.001478856 0.02112215 -0.005792405 -0.001172235 0.02112215 -0.005846584 -0.0008622876 0.02112215 -0.005884191 -0.0005498979 0.02112215 -0.005905119 -0.0002359495 0.02112215 -0.005909307 7.866861e-05 0.02112215 -0.005896745 0.0003930637 0.02112215 -0.005867467 0.0007063431 0.02112215 -0.005821558 0.001017621 0.02112215 -0.005759146 0.001326015 0.02112215 -0.00568041 0.00163065 0.02112215 -0.005585573 0.001930663 0.02112215 -0.005474903 0.002225203 0.02112215 -0.005348713 0.002513436 0.02112215 -0.005207362 0.002794544 0.02112215 -0.005051249 0.00306773 0.02112215 -0.004880819 0.00333222 0.02112215 -0.004696554 0.003587266 0.02112215 -0.004498976 0.003832143 0.02112215 -0.004288644 0.004066156 0.02112215 -0.004066156 0.004288644 0.02112215 -0.003832143 0.004498976 0.02112215 -0.003587266 0.004696554 0.02112215 -0.00333222 0.004880819 0.02112215 -0.00306773 0.005051249 0.02112215 -0.002794544 0.005207362 0.02112215 -0.002513436 0.005348713 0.02112215 -0.002225203 0.005474903 0.02112215 -0.001930663 0.005585573 0.02112215 -0.00163065 0.00568041 0.02112215 -0.001326015 0.005759146 0.02112215 -0.001017621 0.005821558 0.02112215 -0.0007063431 0.005867467 0.02112215 -0.0003930637 0.005896745 0.02112215 -7.866861e-05 0.005909307 0.02112215 0.0002359495 0.005905119 0.02112215 0.0005498979 0.005884191 0.02112215 0.0008622876 0.005846584 0.02112215 0.001172235 0.005792405 0.02112215 0.001478856 0.005721807 0.02112215 0.001781288 0.005634989 0.02112215 0.00207867 0.005532199 0.02112215 0.002370159 0.005413726 0.02112215 0.00265493 0.005279908 0.02112215 0.002932176 0.005131124 0.02112215 0.00320111 0.004967795 0.02112215 0.003460969 0.004790384 0.02112215 0.003711019 0.004599395 0.02112215 0.003950549 0.004395367 0.02112215 0.004178881 0.004178881 0.02112215 0.004395367 0.003950549 0.02112215 0.004599395 0.003711019 0.02112215 0.004790384 0.003460969 0.02112215 0.004967795 0.00320111 0.02112215 0.005131124 0.002932176 0.02112215 0.005279908 0.00265493 0.02112215 0.005413726 0.002370159 0.02112215 0.005532199 0.00207867 0.02112215 0.005634989 0.001781288 0.02112215 0.005721807 0.001478856 0.02112215 0.005792405 0.001172235 0.02112215 0.005846584 0.0008622876 0.02112215 0.005884191 0.0005498979 0.02112215 0.005905119 0.0002359495 0.02112215 0.005909307 -7.866861e-05 0.02112215 0.005896745 -0.0003930637 0.02112215 0.005867467 -0.0007063431 0.02112215 0.005821558 -0.001017621 0.02112215 0.005759146 -0.001326015 0.02112215 0.00568041 -0.00163065 0.02112215 0.005585573 -0.001930663 0.02112215 0.005474903 -0.002225203 0.02112215 0.005348713 -0.002513436 0.02112215 0.005207362 -0.002794544 0.02112215 0.005051249 -0.00306773 0.02112215 0.004880819 -0.00333222 0.02112215 0.004696554 -0.003587266 0.02112215 0.004498976 -0.003832143 0.02112215 0.004288644 -0.004066156 0.02112215 0.004066156 -0.004288644 0.02112215 0.003832143 -0.004498976 0.02112215 0.003587266 -0.004696554 0.02112215 0.00333222 -0.004880819 0.02112215 0.00306773 -0.005051249 0.02112215 0.002794544 -0.005207362 0.02112215 0.002513436 -0.005348713 0.02112215 0.002225203 -0.005474903 0.02112215 0.001930663 -0.005585573 0.02112215 0.00163065 -0.00568041 0.02112215 0.001326015 -0.005759146 0.02112215 0.001017621 -0.005821558 0.02112215 0.0007063431 -0.005867467 0.02112215 0.0003930637 -0.005896745 0.02112215 7.866861e-05 -0.005909307 0.02112215 -0.0002359495 -0.005905119 0.02112215 -0.0005498979 -0.005884191 0.02112215 -0.0008622876 -0.005846584 0.02112215 -0.001172235 -0.005792405 0.02112215 -0.001478856 -0.005721807 0.02112215 -0.001781288 -0.005634989 0.02112215 -0.00207867 -0.005532199 0.02112215 -0.002370159 -0.005413726 0.02112215 -0.00265493 -0.005279908 0.02112215 -0.002932176 -0.005131124 0.02112215 -0.00320111 -0.004967795 0.02112215 -0.003460969 -0.004790384 0.02112215 -0.003711019 -0.004599395 0.02112215 -0.003950549 -0.004395367 0.02112215 -0.004178881 -0.004178881 0.02112215 -0.004681734 -0.004207935 0.02062576 -0.004899055 -0.0039528 0.02062576 -0.005102488 -0.003686459 0.02062576 -0.005291458 -0.003409668 0.02062576 -0.005465428 -0.003123213 0.02062576 -0.005623905 -0.002827904 0.02062576 -0.005766442 -0.00252458 0.02062576 -0.005892633 -0.002214099 0.02062576 -0.00600212 -0.001897343 0.02062576 -0.006094594 -0.001575208 0.02062576 -0.006169792 -0.001248607 0.02062576 -0.006227501 -0.0009184672 0.02062576 -0.006267558 -0.0005857249 0.02062576 -0.006289849 -0.000251322 0.02062576 -0.006294309 8.379333e-05 0.02062576 -0.006280929 0.0004186716 0.02062576 -0.006249745 0.0007523632 0.02062576 -0.006200845 0.001083922 0.02062576 -0.006134367 0.001412408 0.02062576 -0.006050502 0.00173689 0.02062576 -0.005949485 0.002056449 0.02062576 -0.005831605 0.00237018 0.02062576 -0.005697193 0.002677191 0.02062576 -0.005546633 0.002976613 0.02062576 -0.005380349 0.003267599 0.02062576 -0.005198814 0.003549321 0.02062576 -0.005002544 0.003820983 0.02062576 -0.004792092 0.004081813 0.02062576 -0.004568058 0.004331074 0.02062576 -0.004331074 0.004568058 0.02062576 -0.004081813 0.004792092 0.02062576 -0.003820983 0.005002544 0.02062576 -0.003549321 0.005198814 0.02062576 -0.003267599 0.005380349 0.02062576 -0.002976613 0.005546633 0.02062576 -0.002677191 0.005697193 0.02062576 -0.00237018 0.005831605 0.02062576 -0.002056449 0.005949485 0.02062576 -0.00173689 0.006050502 0.02062576 -0.001412408 0.006134367 0.02062576 -0.001083922 0.006200845 0.02062576 -0.0007523632 0.006249745 0.02062576 -0.0004186716 0.006280929 0.02062576 -8.379333e-05 0.006294309 0.02062576 0.000251322 0.006289849 0.02062576 0.0005857249 0.006267558 0.02062576 0.0009184672 0.006227501 0.02062576 0.001248607 0.006169792 0.02062576 0.001575208 0.006094594 0.02062576 0.001897343 0.00600212 0.02062576 0.002214099 0.005892633 0.02062576 0.00252458 0.005766442 0.02062576 0.002827904 0.005623905 0.02062576 0.003123213 0.005465428 0.02062576 0.003409668 0.005291458 0.02062576 0.003686459 0.005102488 0.02062576 0.0039528 0.004899055 0.02062576 0.004207935 0.004681734 0.02062576 0.004451144 0.004451144 0.02062576 0.004681734 0.004207935 0.02062576 0.004899055 0.0039528 0.02062576 0.005102488 0.003686459 0.02062576 0.005291458 0.003409668 0.02062576 0.005465428 0.003123213 0.02062576 0.005623905 0.002827904 0.02062576 0.005766442 0.00252458 0.02062576 0.005892633 0.002214099 0.02062576 0.00600212 0.001897343 0.02062576 0.006094594 0.001575208 0.02062576 0.006169792 0.001248607 0.02062576 0.006227501 0.0009184672 0.02062576 0.006267558 0.0005857249 0.02062576 0.006289849 0.000251322 0.02062576 0.006294309 -8.379333e-05 0.02062576 0.006280929 -0.0004186716 0.02062576 0.006249745 -0.0007523632 0.02062576 0.006200845 -0.001083922 0.02062576 0.006134367 -0.001412408 0.02062576 0.006050502 -0.00173689 0.02062576 0.005949485 -0.002056449 0.02062576 0.005831605 -0.00237018 0.02062576 0.005697193 -0.002677191 0.02062576 0.005546633 -0.002976613 0.02062576 0.005380349 -0.003267599 0.02062576 0.005198814 -0.003549321 0.02062576 0.005002544 -0.003820983 0.02062576 0.004792092 -0.004081813 0.02062576 0.004568058 -0.004331074 0.02062576 0.004331074 -0.004568058 0.02062576 0.004081813 -0.004792092 0.02062576 0.003820983 -0.005002544 0.02062576 0.003549321 -0.005198814 0.02062576 0.003267599 -0.005380349 0.02062576 0.002976613 -0.005546633 0.02062576 0.002677191 -0.005697193 0.02062576 0.00237018 -0.005831605 0.02062576 0.002056449 -0.005949485 0.02062576 0.00173689 -0.006050502 0.02062576 0.001412408 -0.006134367 0.02062576 0.001083922 -0.006200845 0.02062576 0.0007523632 -0.006249745 0.02062576 0.0004186716 -0.006280929 0.02062576 8.379333e-05 -0.006294309 0.02062576 -0.000251322 -0.006289849 0.02062576 -0.0005857249 -0.006267558 0.02062576 -0.0009184672 -0.006227501 0.02062576 -0.001248607 -0.006169792 0.02062576 -0.001575208 -0.006094594 0.02062576 -0.001897343 -0.00600212 0.02062576 -0.002214099 -0.005892633 0.02062576 -0.00252458 -0.005766442 0.02062576 -0.002827904 -0.005623905 0.02062576 -0.003123213 -0.005465428 0.02062576 -0.003409668 -0.005291458 0.02062576 -0.003686459 -0.005102488 0.02062576 -0.0039528 -0.004899055 0.02062576 -0.004207935 -0.004681734 0.02062576 -0.004451144 -0.004451144 0.02062576 -0.004990718 -0.004485649 0.02015453 -0.00522238 -0.004213674 0.02015453 -0.005439239 -0.003929756 0.02015453 -0.005640681 -0.003634698 0.02015453 -0.005826133 -0.003329337 0.02015453 -0.00599507 -0.00301454 0.02015453 -0.006147014 -0.002691196 0.02015453 -0.006281533 -0.002360224 0.02015453 -0.006398246 -0.002022563 0.02015453 -0.006496823 -0.001679167 0.02015453 -0.006576984 -0.001331013 0.02015453 -0.006638502 -0.0009790847 0.02015453 -0.006681202 -0.0006243813 0.02015453 -0.006704963 -0.000267909 0.02015453 -0.006709719 8.932468e-05 0.02015453 -0.006695455 0.0004463031 0.02015453 -0.006662213 0.0008020174 0.02015453 -0.006610085 0.001155458 0.02015453 -0.006539221 0.001505623 0.02015453 -0.00644982 0.001851522 0.02015453 -0.006342137 0.002192171 0.02015453 -0.006216476 0.002526606 0.02015453 -0.006073194 0.00285388 0.02015453 -0.005912697 0.003173062 0.02015453 -0.00573544 0.003483253 0.02015453 -0.005541924 0.003783569 0.02015453 -0.0053327 0.004073159 0.02015453 -0.005108359 0.004351204 0.02015453 -0.004869539 0.004616915 0.02015453 -0.004616915 0.004869539 0.02015453 -0.004351204 0.005108359 0.02015453 -0.004073159 0.0053327 0.02015453 -0.003783569 0.005541924 0.02015453 -0.003483253 0.00573544 0.02015453 -0.003173062 0.005912697 0.02015453 -0.00285388 0.006073194 0.02015453 -0.002526606 0.006216476 0.02015453 -0.002192171 0.006342137 0.02015453 -0.001851522 0.00644982 0.02015453 -0.001505623 0.006539221 0.02015453 -0.001155458 0.006610085 0.02015453 -0.0008020174 0.006662213 0.02015453 -0.0004463031 0.006695455 0.02015453 -8.932468e-05 0.006709719 0.02015453 0.000267909 0.006704963 0.02015453 0.0006243813 0.006681202 0.02015453 0.0009790847 0.006638502 0.02015453 0.001331013 0.006576984 0.02015453 0.001679167 0.006496823 0.02015453 0.002022563 0.006398246 0.02015453 0.002360224 0.006281533 0.02015453 0.002691196 0.006147014 0.02015453 0.00301454 0.00599507 0.02015453 0.003329337 0.005826133 0.02015453 0.003634698 0.005640681 0.02015453 0.003929756 0.005439239 0.02015453 0.004213674 0.00522238 0.02015453 0.004485649 0.004990718 0.02015453 0.004744909 0.004744909 0.02015453 0.004990718 0.004485649 0.02015453 0.00522238 0.004213674 0.02015453 0.005439239 0.003929756 0.02015453 0.005640681 0.003634698 0.02015453 0.005826133 0.003329337 0.02015453 0.00599507 0.00301454 0.02015453 0.006147014 0.002691196 0.02015453 0.006281533 0.002360224 0.02015453 0.006398246 0.002022563 0.02015453 0.006496823 0.001679167 0.02015453 0.006576984 0.001331013 0.02015453 0.006638502 0.0009790847 0.02015453 0.006681202 0.0006243813 0.02015453 0.006704963 0.000267909 0.02015453 0.006709719 -8.932468e-05 0.02015453 0.006695455 -0.0004463031 0.02015453 0.006662213 -0.0008020174 0.02015453 0.006610085 -0.001155458 0.02015453 0.006539221 -0.001505623 0.02015453 0.00644982 -0.001851522 0.02015453 0.006342137 -0.002192171 0.02015453 0.006216476 -0.002526606 0.02015453 0.006073194 -0.00285388 0.02015453 0.005912697 -0.003173062 0.02015453 0.00573544 -0.003483253 0.02015453 0.005541924 -0.003783569 0.02015453 0.0053327 -0.004073159 0.02015453 0.005108359 -0.004351204 0.02015453 0.004869539 -0.004616915 0.02015453 0.004616915 -0.004869539 0.02015453 0.004351204 -0.005108359 0.02015453 0.004073159 -0.0053327 0.02015453 0.003783569 -0.005541924 0.02015453 0.003483253 -0.00573544 0.02015453 0.003173062 -0.005912697 0.02015453 0.00285388 -0.006073194 0.02015453 0.002526606 -0.006216476 0.02015453 0.002192171 -0.006342137 0.02015453 0.001851522 -0.00644982 0.02015453 0.001505623 -0.006539221 0.02015453 0.001155458 -0.006610085 0.02015453 0.0008020174 -0.006662213 0.02015453 0.0004463031 -0.006695455 0.02015453 8.932468e-05 -0.006709719 0.02015453 -0.000267909 -0.006704963 0.02015453 -0.0006243813 -0.006681202 0.02015453 -0.0009790847 -0.006638502 0.02015453 -0.001331013 -0.006576984 0.02015453 -0.001679167 -0.006496823 0.02015453 -0.002022563 -0.006398246 0.02015453 -0.002360224 -0.006281533 0.02015453 -0.002691196 -0.006147014 0.02015453 -0.00301454 -0.00599507 0.02015453 -0.003329337 -0.005826133 0.02015453 -0.003634698 -0.005640681 0.02015453 -0.003929756 -0.005439239 0.02015453 -0.004213674 -0.00522238 0.02015453 -0.004485649 -0.004990718 0.02015453 -0.004744909 -0.004744909 0.02015453 -0.005321098 -0.004782594 0.01971031 -0.005568096 -0.004492615 0.01971031 -0.005799311 -0.004189902 0.01971031 -0.006014088 -0.003875312 0.01971031 -0.006211816 -0.003549736 0.01971031 -0.006391937 -0.003214099 0.01971031 -0.006553938 -0.002869351 0.01971031 -0.006697363 -0.002516469 0.01971031 -0.006821803 -0.002156454 0.01971031 -0.006926905 -0.001790326 0.01971031 -0.007012372 -0.001419124 0.01971031 -0.007077963 -0.0010439 0.01971031 -0.00712349 -0.0006657145 0.01971031 -0.007148824 -0.0002856437 0.01971031 -0.007153894 9.52367e-05 0.01971031 -0.007138687 0.0004758477 0.01971031 -0.007103243 0.0008551103 0.01971031 -0.007047666 0.001231948 0.01971031 -0.00697211 0.001605294 0.01971031 -0.006876791 0.00197409 0.01971031 -0.006761979 0.00233729 0.01971031 -0.006627999 0.002693864 0.01971031 -0.006475232 0.003042803 0.01971031 -0.006304111 0.003383116 0.01971031 -0.006115119 0.003713839 0.01971031 -0.005908794 0.004034036 0.01971031 -0.005685719 0.004342798 0.01971031 -0.005446527 0.004639249 0.01971031 -0.005191896 0.004922549 0.01971031 -0.004922549 0.005191896 0.01971031 -0.004639249 0.005446527 0.01971031 -0.004342798 0.005685719 0.01971031 -0.004034036 0.005908794 0.01971031 -0.003713839 0.006115119 0.01971031 -0.003383116 0.006304111 0.01971031 -0.003042803 0.006475232 0.01971031 -0.002693864 0.006627999 0.01971031 -0.00233729 0.006761979 0.01971031 -0.00197409 0.006876791 0.01971031 -0.001605294 0.00697211 0.01971031 -0.001231948 0.007047666 0.01971031 -0.0008551103 0.007103243 0.01971031 -0.0004758477 0.007138687 0.01971031 -9.52367e-05 0.007153894 0.01971031 0.0002856437 0.007148824 0.01971031 0.0006657145 0.00712349 0.01971031 0.0010439 0.007077963 0.01971031 0.001419124 0.007012372 0.01971031 0.001790326 0.006926905 0.01971031 0.002156454 0.006821803 0.01971031 0.002516469 0.006697363 0.01971031 0.002869351 0.006553938 0.01971031 0.003214099 0.006391937 0.01971031 0.003549736 0.006211816 0.01971031 0.003875312 0.006014088 0.01971031 0.004189902 0.005799311 0.01971031 0.004492615 0.005568096 0.01971031 0.004782594 0.005321098 0.01971031 0.005059016 0.005059016 0.01971031 0.005321098 0.004782594 0.01971031 0.005568096 0.004492615 0.01971031 0.005799311 0.004189902 0.01971031 0.006014088 0.003875312 0.01971031 0.006211816 0.003549736 0.01971031 0.006391937 0.003214099 0.01971031 0.006553938 0.002869351 0.01971031 0.006697363 0.002516469 0.01971031 0.006821803 0.002156454 0.01971031 0.006926905 0.001790326 0.01971031 0.007012372 0.001419124 0.01971031 0.007077963 0.0010439 0.01971031 0.00712349 0.0006657145 0.01971031 0.007148824 0.0002856437 0.01971031 0.007153894 -9.52367e-05 0.01971031 0.007138687 -0.0004758477 0.01971031 0.007103243 -0.0008551103 0.01971031 0.007047666 -0.001231948 0.01971031 0.00697211 -0.001605294 0.01971031 0.006876791 -0.00197409 0.01971031 0.006761979 -0.00233729 0.01971031 0.006627999 -0.002693864 0.01971031 0.006475232 -0.003042803 0.01971031 0.006304111 -0.003383116 0.01971031 0.006115119 -0.003713839 0.01971031 0.005908794 -0.004034036 0.01971031 0.005685719 -0.004342798 0.01971031 0.005446527 -0.004639249 0.01971031 0.005191896 -0.004922549 0.01971031 0.004922549 -0.005191896 0.01971031 0.004639249 -0.005446527 0.01971031 0.004342798 -0.005685719 0.01971031 0.004034036 -0.005908794 0.01971031 0.003713839 -0.006115119 0.01971031 0.003383116 -0.006304111 0.01971031 0.003042803 -0.006475232 0.01971031 0.002693864 -0.006627999 0.01971031 0.00233729 -0.006761979 0.01971031 0.00197409 -0.006876791 0.01971031 0.001605294 -0.00697211 0.01971031 0.001231948 -0.007047666 0.01971031 0.0008551103 -0.007103243 0.01971031 0.0004758477 -0.007138687 0.01971031 9.52367e-05 -0.007153894 0.01971031 -0.0002856437 -0.007148824 0.01971031 -0.0006657145 -0.00712349 0.01971031 -0.0010439 -0.007077963 0.01971031 -0.001419124 -0.007012372 0.01971031 -0.001790326 -0.006926905 0.01971031 -0.002156454 -0.006821803 0.01971031 -0.002516469 -0.006697363 0.01971031 -0.002869351 -0.006553938 0.01971031 -0.003214099 -0.006391937 0.01971031 -0.003549736 -0.006211816 0.01971031 -0.003875312 -0.006014088 0.01971031 -0.004189902 -0.005799311 0.01971031 -0.004492615 -0.005568096 0.01971031 -0.004782594 -0.005321098 0.01971031 -0.005059016 -0.005059016 0.01971031 -0.00567157 -0.005097598 0.01929487 -0.005934837 -0.00478852 0.01929487 -0.006181282 -0.004465869 0.01929487 -0.006410204 -0.004130558 0.01929487 -0.006620955 -0.003783538 0.01929487 -0.00681294 -0.003425794 0.01929487 -0.006985612 -0.003058339 0.01929487 -0.007138483 -0.002682216 0.01929487 -0.007271119 -0.002298488 0.01929487 -0.007383144 -0.001908246 0.01929487 -0.007474241 -0.001512594 0.01929487 -0.007544151 -0.001112656 0.01929487 -0.007592677 -0.0007095621 0.01929487 -0.007619679 -0.0003044577 0.01929487 -0.007625085 0.0001015095 0.01929487 -0.007608875 0.0005071895 0.01929487 -0.007571098 0.0009114317 0.01929487 -0.007511858 0.001313089 0.01929487 -0.007431326 0.001711026 0.01929487 -0.007329729 0.002104112 0.01929487 -0.007207356 0.002491235 0.01929487 -0.007064551 0.002871295 0.01929487 -0.006901721 0.003243216 0.01929487 -0.00671933 0.003605944 0.01929487 -0.006517889 0.003958451 0.01929487 -0.006297974 0.004299737 0.01929487 -0.006060207 0.004628835 0.01929487 -0.005805261 0.004944811 0.01929487 -0.00553386 0.005246772 0.01929487 -0.005246772 0.00553386 0.01929487 -0.004944811 0.005805261 0.01929487 -0.004628835 0.006060207 0.01929487 -0.004299737 0.006297974 0.01929487 -0.003958451 0.006517889 0.01929487 -0.003605944 0.00671933 0.01929487 -0.003243216 0.006901721 0.01929487 -0.002871295 0.007064551 0.01929487 -0.002491235 0.007207356 0.01929487 -0.002104112 0.007329729 0.01929487 -0.001711026 0.007431326 0.01929487 -0.001313089 0.007511858 0.01929487 -0.0009114317 0.007571098 0.01929487 -0.0005071895 0.007608875 0.01929487 -0.0001015095 0.007625085 0.01929487 0.0003044577 0.007619679 0.01929487 0.0007095621 0.007592677 0.01929487 0.001112656 0.007544151 0.01929487 0.001512594 0.007474241 0.01929487 0.001908246 0.007383144 0.01929487 0.002298488 0.007271119 0.01929487 0.002682216 0.007138483 0.01929487 0.003058339 0.006985612 0.01929487 0.003425794 0.00681294 0.01929487 0.003783538 0.006620955 0.01929487 0.004130558 0.006410204 0.01929487 0.004465869 0.006181282 0.01929487 0.00478852 0.005934837 0.01929487 0.005097598 0.00567157 0.01929487 0.005392227 0.005392227 0.01929487 0.00567157 0.005097598 0.01929487 0.005934837 0.00478852 0.01929487 0.006181282 0.004465869 0.01929487 0.006410204 0.004130558 0.01929487 0.006620955 0.003783538 0.01929487 0.00681294 0.003425794 0.01929487 0.006985612 0.003058339 0.01929487 0.007138483 0.002682216 0.01929487 0.007271119 0.002298488 0.01929487 0.007383144 0.001908246 0.01929487 0.007474241 0.001512594 0.01929487 0.007544151 0.001112656 0.01929487 0.007592677 0.0007095621 0.01929487 0.007619679 0.0003044577 0.01929487 0.007625085 -0.0001015095 0.01929487 0.007608875 -0.0005071895 0.01929487 0.007571098 -0.0009114317 0.01929487 0.007511858 -0.001313089 0.01929487 0.007431326 -0.001711026 0.01929487 0.007329729 -0.002104112 0.01929487 0.007207356 -0.002491235 0.01929487 0.007064551 -0.002871295 0.01929487 0.006901721 -0.003243216 0.01929487 0.00671933 -0.003605944 0.01929487 0.006517889 -0.003958451 0.01929487 0.006297974 -0.004299737 0.01929487 0.006060207 -0.004628835 0.01929487 0.005805261 -0.004944811 0.01929487 0.00553386 -0.005246772 0.01929487 0.005246772 -0.00553386 0.01929487 0.004944811 -0.005805261 0.01929487 0.004628835 -0.006060207 0.01929487 0.004299737 -0.006297974 0.01929487 0.003958451 -0.006517889 0.01929487 0.003605944 -0.00671933 0.01929487 0.003243216 -0.006901721 0.01929487 0.002871295 -0.007064551 0.01929487 0.002491235 -0.007207356 0.01929487 0.002104112 -0.007329729 0.01929487 0.001711026 -0.007431326 0.01929487 0.001313089 -0.007511858 0.01929487 0.0009114317 -0.007571098 0.01929487 0.0005071895 -0.007608875 0.01929487 0.0001015095 -0.007625085 0.01929487 -0.0003044577 -0.007619679 0.01929487 -0.0007095621 -0.007592677 0.01929487 -0.001112656 -0.007544151 0.01929487 -0.001512594 -0.007474241 0.01929487 -0.001908246 -0.007383144 0.01929487 -0.002298488 -0.007271119 0.01929487 -0.002682216 -0.007138483 0.01929487 -0.003058339 -0.006985612 0.01929487 -0.003425794 -0.00681294 0.01929487 -0.003783538 -0.006620955 0.01929487 -0.004130558 -0.006410204 0.01929487 -0.004465869 -0.006181282 0.01929487 -0.00478852 -0.005934837 0.01929487 -0.005097598 -0.00567157 0.01929487 -0.005392227 -0.005392227 0.01929487 -0.006040753 -0.005429419 0.01890983 -0.006321156 -0.005100221 0.01890983 -0.006583642 -0.004756567 0.01890983 -0.006827466 -0.00439943 0.01890983 -0.007051937 -0.004029822 0.01890983 -0.007256417 -0.003648791 0.01890983 -0.007440331 -0.003257418 0.01890983 -0.007603152 -0.002856811 0.01890983 -0.007744421 -0.002448105 0.01890983 -0.007863738 -0.00203246 0.01890983 -0.007960765 -0.001611055 0.01890983 -0.008035226 -0.001185081 0.01890983 -0.008086909 -0.0007557503 0.01890983 -0.008115671 -0.0003242758 0.01890983 -0.008121428 0.0001081175 0.01890983 -0.008104163 0.0005402046 0.01890983 -0.008063928 0.0009707603 0.01890983 -0.008000831 0.001398564 0.01890983 -0.007915057 0.001822403 0.01890983 -0.007806847 0.002241077 0.01890983 -0.007676508 0.002653398 0.01890983 -0.007524408 0.003058198 0.01890983 -0.007350979 0.003454328 0.01890983 -0.007156714 0.003840667 0.01890983 -0.006942161 0.00421612 0.01890983 -0.006707931 0.004579622 0.01890983 -0.006454687 0.004930142 0.01890983 -0.006183146 0.005266687 0.01890983 -0.005894078 0.005588303 0.01890983 -0.005588303 0.005894078 0.01890983 -0.005266687 0.006183146 0.01890983 -0.004930142 0.006454687 0.01890983 -0.004579622 0.006707931 0.01890983 -0.00421612 0.006942161 0.01890983 -0.003840667 0.007156714 0.01890983 -0.003454328 0.007350979 0.01890983 -0.003058198 0.007524408 0.01890983 -0.002653398 0.007676508 0.01890983 -0.002241077 0.007806847 0.01890983 -0.001822403 0.007915057 0.01890983 -0.001398564 0.008000831 0.01890983 -0.0009707603 0.008063928 0.01890983 -0.0005402046 0.008104163 0.01890983 -0.0001081175 0.008121428 0.01890983 0.0003242758 0.008115671 0.01890983 0.0007557503 0.008086909 0.01890983 0.001185081 0.008035226 0.01890983 0.001611055 0.007960765 0.01890983 0.00203246 0.007863738 0.01890983 0.002448105 0.007744421 0.01890983 0.002856811 0.007603152 0.01890983 0.003257418 0.007440331 0.01890983 0.003648791 0.007256417 0.01890983 0.004029822 0.007051937 0.01890983 0.00439943 0.006827466 0.01890983 0.004756567 0.006583642 0.01890983 0.005100221 0.006321156 0.01890983 0.005429419 0.006040753 0.01890983 0.005743226 0.005743226 0.01890983 0.006040753 0.005429419 0.01890983 0.006321156 0.005100221 0.01890983 0.006583642 0.004756567 0.01890983 0.006827466 0.00439943 0.01890983 0.007051937 0.004029822 0.01890983 0.007256417 0.003648791 0.01890983 0.007440331 0.003257418 0.01890983 0.007603152 0.002856811 0.01890983 0.007744421 0.002448105 0.01890983 0.007863738 0.00203246 0.01890983 0.007960765 0.001611055 0.01890983 0.008035226 0.001185081 0.01890983 0.008086909 0.0007557503 0.01890983 0.008115671 0.0003242758 0.01890983 0.008121428 -0.0001081175 0.01890983 0.008104163 -0.0005402046 0.01890983 0.008063928 -0.0009707603 0.01890983 0.008000831 -0.001398564 0.01890983 0.007915057 -0.001822403 0.01890983 0.007806847 -0.002241077 0.01890983 0.007676508 -0.002653398 0.01890983 0.007524408 -0.003058198 0.01890983 0.007350979 -0.003454328 0.01890983 0.007156714 -0.003840667 0.01890983 0.006942161 -0.00421612 0.01890983 0.006707931 -0.004579622 0.01890983 0.006454687 -0.004930142 0.01890983 0.006183146 -0.005266687 0.01890983 0.005894078 -0.005588303 0.01890983 0.005588303 -0.005894078 0.01890983 0.005266687 -0.006183146 0.01890983 0.004930142 -0.006454687 0.01890983 0.004579622 -0.006707931 0.01890983 0.00421612 -0.006942161 0.01890983 0.003840667 -0.007156714 0.01890983 0.003454328 -0.007350979 0.01890983 0.003058198 -0.007524408 0.01890983 0.002653398 -0.007676508 0.01890983 0.002241077 -0.007806847 0.01890983 0.001822403 -0.007915057 0.01890983 0.001398564 -0.008000831 0.01890983 0.0009707603 -0.008063928 0.01890983 0.0005402046 -0.008104163 0.01890983 0.0001081175 -0.008121428 0.01890983 -0.0003242758 -0.008115671 0.01890983 -0.0007557503 -0.008086909 0.01890983 -0.001185081 -0.008035226 0.01890983 -0.001611055 -0.007960765 0.01890983 -0.00203246 -0.007863738 0.01890983 -0.002448105 -0.007744421 0.01890983 -0.002856811 -0.007603152 0.01890983 -0.003257418 -0.007440331 0.01890983 -0.003648791 -0.007256417 0.01890983 -0.004029822 -0.007051937 0.01890983 -0.00439943 -0.006827466 0.01890983 -0.004756567 -0.006583642 0.01890983 -0.005100221 -0.006321156 0.01890983 -0.005429419 -0.006040753 0.01890983 -0.005743226 -0.005743226 0.01890983 -0.006427188 -0.005776746 0.01855672 -0.00672553 -0.00542649 0.01855672 -0.007004807 -0.005060852 0.01855672 -0.007264228 -0.004680867 0.01855672 -0.007503059 -0.004287615 0.01855672 -0.007720621 -0.003882209 0.01855672 -0.007916298 -0.003465799 0.01855672 -0.008089535 -0.003039564 0.01855672 -0.008239843 -0.002604714 0.01855672 -0.008366794 -0.00216248 0.01855672 -0.008470026 -0.001714116 0.01855672 -0.00854925 -0.001260893 0.01855672 -0.00860424 -0.0008040965 0.01855672 -0.008634841 -0.0003450202 0.01855672 -0.008640966 0.0001150336 0.01855672 -0.008622597 0.0005747616 0.01855672 -0.008579786 0.001032861 0.01855672 -0.008512655 0.001488031 0.01855672 -0.008421394 0.001938985 0.01855672 -0.008306261 0.002384441 0.01855672 -0.008167584 0.002823139 0.01855672 -0.008005754 0.003253835 0.01855672 -0.007821231 0.003675307 0.01855672 -0.007614538 0.004086361 0.01855672 -0.007386261 0.004485831 0.01855672 -0.007137046 0.004872586 0.01855672 -0.006867601 0.00524553 0.01855672 -0.006578689 0.005603603 0.01855672 -0.00627113 0.005945794 0.01855672 -0.005945794 0.00627113 0.01855672 -0.005603603 0.006578689 0.01855672 -0.00524553 0.006867601 0.01855672 -0.004872586 0.007137046 0.01855672 -0.004485831 0.007386261 0.01855672 -0.004086361 0.007614538 0.01855672 -0.003675307 0.007821231 0.01855672 -0.003253835 0.008005754 0.01855672 -0.002823139 0.008167584 0.01855672 -0.002384441 0.008306261 0.01855672 -0.001938985 0.008421394 0.01855672 -0.001488031 0.008512655 0.01855672 -0.001032861 0.008579786 0.01855672 -0.0005747616 0.008622597 0.01855672 -0.0001150336 0.008640966 0.01855672 0.0003450202 0.008634841 0.01855672 0.0008040965 0.00860424 0.01855672 0.001260893 0.00854925 0.01855672 0.001714116 0.008470026 0.01855672 0.00216248 0.008366794 0.01855672 0.002604714 0.008239843 0.01855672 0.003039564 0.008089535 0.01855672 0.003465799 0.007916298 0.01855672 0.003882209 0.007720621 0.01855672 0.004287615 0.007503059 0.01855672 0.004680867 0.007264228 0.01855672 0.005060852 0.007004807 0.01855672 0.00542649 0.00672553 0.01855672 0.005776746 0.006427188 0.01855672 0.006110627 0.006110627 0.01855672 0.006427188 0.005776746 0.01855672 0.00672553 0.00542649 0.01855672 0.007004807 0.005060852 0.01855672 0.007264228 0.004680867 0.01855672 0.007503059 0.004287615 0.01855672 0.007720621 0.003882209 0.01855672 0.007916298 0.003465799 0.01855672 0.008089535 0.003039564 0.01855672 0.008239843 0.002604714 0.01855672 0.008366794 0.00216248 0.01855672 0.008470026 0.001714116 0.01855672 0.00854925 0.001260893 0.01855672 0.00860424 0.0008040965 0.01855672 0.008634841 0.0003450202 0.01855672 0.008640966 -0.0001150336 0.01855672 0.008622597 -0.0005747616 0.01855672 0.008579786 -0.001032861 0.01855672 0.008512655 -0.001488031 0.01855672 0.008421394 -0.001938985 0.01855672 0.008306261 -0.002384441 0.01855672 0.008167584 -0.002823139 0.01855672 0.008005754 -0.003253835 0.01855672 0.007821231 -0.003675307 0.01855672 0.007614538 -0.004086361 0.01855672 0.007386261 -0.004485831 0.01855672 0.007137046 -0.004872586 0.01855672 0.006867601 -0.00524553 0.01855672 0.006578689 -0.005603603 0.01855672 0.00627113 -0.005945794 0.01855672 0.005945794 -0.00627113 0.01855672 0.005603603 -0.006578689 0.01855672 0.00524553 -0.006867601 0.01855672 0.004872586 -0.007137046 0.01855672 0.004485831 -0.007386261 0.01855672 0.004086361 -0.007614538 0.01855672 0.003675307 -0.007821231 0.01855672 0.003253835 -0.008005754 0.01855672 0.002823139 -0.008167584 0.01855672 0.002384441 -0.008306261 0.01855672 0.001938985 -0.008421394 0.01855672 0.001488031 -0.008512655 0.01855672 0.001032861 -0.008579786 0.01855672 0.0005747616 -0.008622597 0.01855672 0.0001150336 -0.008640966 0.01855672 -0.0003450202 -0.008634841 0.01855672 -0.0008040965 -0.00860424 0.01855672 -0.001260893 -0.00854925 0.01855672 -0.001714116 -0.008470026 0.01855672 -0.00216248 -0.008366794 0.01855672 -0.002604714 -0.008239843 0.01855672 -0.003039564 -0.008089535 0.01855672 -0.003465799 -0.007916298 0.01855672 -0.003882209 -0.007720621 0.01855672 -0.004287615 -0.007503059 0.01855672 -0.004680867 -0.007264228 0.01855672 -0.005060852 -0.007004807 0.01855672 -0.00542649 -0.00672553 0.01855672 -0.005776746 -0.006427188 0.01855672 -0.006110627 -0.006110627 0.01855672 -0.00682935 -0.006138209 0.01823693 -0.007146361 -0.005766038 0.01823693 -0.007443114 -0.005377521 0.01823693 -0.007718766 -0.004973759 0.01823693 -0.007972541 -0.0045559 0.01823693 -0.008203716 -0.004125127 0.01823693 -0.008411636 -0.003682661 0.01823693 -0.008595716 -0.003229757 0.01823693 -0.008755426 -0.002767696 0.01823693 -0.008890323 -0.002297791 0.01823693 -0.009000012 -0.001821372 0.01823693 -0.009084194 -0.00133979 0.01823693 -0.009142627 -0.0008544097 0.01823693 -0.009175141 -0.0003666085 0.01823693 -0.00918165 0.0001222316 0.01823693 -0.00916213 0.0006107253 0.01823693 -0.009116642 0.001097489 0.01823693 -0.009045309 0.001581141 0.01823693 -0.008948339 0.00206031 0.01823693 -0.008826 0.002533642 0.01823693 -0.008678645 0.002999789 0.01823693 -0.008506689 0.003457432 0.01823693 -0.00831062 0.003905278 0.01823693 -0.008090995 0.004342052 0.01823693 -0.007848435 0.004766519 0.01823693 -0.007583626 0.005177473 0.01823693 -0.007297322 0.005573754 0.01823693 -0.006990332 0.005954233 0.01823693 -0.006663529 0.006317836 0.01823693 -0.006317836 0.006663529 0.01823693 -0.005954233 0.006990332 0.01823693 -0.005573754 0.007297322 0.01823693 -0.005177473 0.007583626 0.01823693 -0.004766519 0.007848435 0.01823693 -0.004342052 0.008090995 0.01823693 -0.003905278 0.00831062 0.01823693 -0.003457432 0.008506689 0.01823693 -0.002999789 0.008678645 0.01823693 -0.002533642 0.008826 0.01823693 -0.00206031 0.008948339 0.01823693 -0.001581141 0.009045309 0.01823693 -0.001097489 0.009116642 0.01823693 -0.0006107253 0.00916213 0.01823693 -0.0001222316 0.00918165 0.01823693 0.0003666085 0.009175141 0.01823693 0.0008544097 0.009142627 0.01823693 0.00133979 0.009084194 0.01823693 0.001821372 0.009000012 0.01823693 0.002297791 0.008890323 0.01823693 0.002767696 0.008755426 0.01823693 0.003229757 0.008595716 0.01823693 0.003682661 0.008411636 0.01823693 0.004125127 0.008203716 0.01823693 0.0045559 0.007972541 0.01823693 0.004973759 0.007718766 0.01823693 0.005377521 0.007443114 0.01823693 0.005766038 0.007146361 0.01823693 0.006138209 0.00682935 0.01823693 0.006492984 0.006492984 0.01823693 0.00682935 0.006138209 0.01823693 0.007146361 0.005766038 0.01823693 0.007443114 0.005377521 0.01823693 0.007718766 0.004973759 0.01823693 0.007972541 0.0045559 0.01823693 0.008203716 0.004125127 0.01823693 0.008411636 0.003682661 0.01823693 0.008595716 0.003229757 0.01823693 0.008755426 0.002767696 0.01823693 0.008890323 0.002297791 0.01823693 0.009000012 0.001821372 0.01823693 0.009084194 0.00133979 0.01823693 0.009142627 0.0008544097 0.01823693 0.009175141 0.0003666085 0.01823693 0.00918165 -0.0001222316 0.01823693 0.00916213 -0.0006107253 0.01823693 0.009116642 -0.001097489 0.01823693 0.009045309 -0.001581141 0.01823693 0.008948339 -0.00206031 0.01823693 0.008826 -0.002533642 0.01823693 0.008678645 -0.002999789 0.01823693 0.008506689 -0.003457432 0.01823693 0.00831062 -0.003905278 0.01823693 0.008090995 -0.004342052 0.01823693 0.007848435 -0.004766519 0.01823693 0.007583626 -0.005177473 0.01823693 0.007297322 -0.005573754 0.01823693 0.006990332 -0.005954233 0.01823693 0.006663529 -0.006317836 0.01823693 0.006317836 -0.006663529 0.01823693 0.005954233 -0.006990332 0.01823693 0.005573754 -0.007297322 0.01823693 0.005177473 -0.007583626 0.01823693 0.004766519 -0.007848435 0.01823693 0.004342052 -0.008090995 0.01823693 0.003905278 -0.00831062 0.01823693 0.003457432 -0.008506689 0.01823693 0.002999789 -0.008678645 0.01823693 0.002533642 -0.008826 0.01823693 0.00206031 -0.008948339 0.01823693 0.001581141 -0.009045309 0.01823693 0.001097489 -0.009116642 0.01823693 0.0006107253 -0.00916213 0.01823693 0.0001222316 -0.00918165 0.01823693 -0.0003666085 -0.009175141 0.01823693 -0.0008544097 -0.009142627 0.01823693 -0.00133979 -0.009084194 0.01823693 -0.001821372 -0.009000012 0.01823693 -0.002297791 -0.008890323 0.01823693 -0.002767696 -0.008755426 0.01823693 -0.003229757 -0.008595716 0.01823693 -0.003682661 -0.008411636 0.01823693 -0.004125127 -0.008203716 0.01823693 -0.0045559 -0.007972541 0.01823693 -0.004973759 -0.007718766 0.01823693 -0.005377521 -0.007443114 0.01823693 -0.005766038 -0.007146361 0.01823693 -0.006138209 -0.00682935 0.01823693 -0.006492984 -0.006492984 0.01823693 -0.007245653 -0.006512381 0.01795173 -0.007581987 -0.006117522 0.01795173 -0.007896831 -0.005705323 0.01795173 -0.008189286 -0.005276949 0.01795173 -0.008458531 -0.004833618 0.01795173 -0.008703797 -0.004376587 0.01795173 -0.008924393 -0.003907148 0.01795173 -0.009119692 -0.003426635 0.01795173 -0.009289139 -0.002936409 0.01795173 -0.009432256 -0.002437857 0.01795173 -0.009548637 -0.0019324 0.01795173 -0.009637948 -0.001421461 0.01795173 -0.009699942 -0.0009064934 0.01795173 -0.009734439 -0.0003889567 0.01795173 -0.009741343 0.0001296832 0.01795173 -0.009720634 0.0006479542 0.01795173 -0.009672373 0.001164389 0.01795173 -0.009596692 0.001677523 0.01795173 -0.009493808 0.002185902 0.01795173 -0.009364017 0.002688086 0.01795173 -0.009207678 0.00318265 0.01795173 -0.009025241 0.003668191 0.01795173 -0.00881722 0.004143336 0.01795173 -0.008584206 0.004606735 0.01795173 -0.008326859 0.005057076 0.01795173 -0.008045909 0.005493082 0.01795173 -0.007742151 0.005913516 0.01795173 -0.007416449 0.00631719 0.01795173 -0.007069721 0.006702955 0.01795173 -0.006702955 0.007069721 0.01795173 -0.00631719 0.007416449 0.01795173 -0.005913516 0.007742151 0.01795173 -0.005493082 0.008045909 0.01795173 -0.005057076 0.008326859 0.01795173 -0.004606735 0.008584206 0.01795173 -0.004143336 0.00881722 0.01795173 -0.003668191 0.009025241 0.01795173 -0.00318265 0.009207678 0.01795173 -0.002688086 0.009364017 0.01795173 -0.002185902 0.009493808 0.01795173 -0.001677523 0.009596692 0.01795173 -0.001164389 0.009672373 0.01795173 -0.0006479542 0.009720634 0.01795173 -0.0001296832 0.009741343 0.01795173 0.0003889567 0.009734439 0.01795173 0.0009064934 0.009699942 0.01795173 0.001421461 0.009637948 0.01795173 0.0019324 0.009548637 0.01795173 0.002437857 0.009432256 0.01795173 0.002936409 0.009289139 0.01795173 0.003426635 0.009119692 0.01795173 0.003907148 0.008924393 0.01795173 0.004376587 0.008703797 0.01795173 0.004833618 0.008458531 0.01795173 0.005276949 0.008189286 0.01795173 0.005705323 0.007896831 0.01795173 0.006117522 0.007581987 0.01795173 0.006512381 0.007245653 0.01795173 0.006888781 0.006888781 0.01795173 0.007245653 0.006512381 0.01795173 0.007581987 0.006117522 0.01795173 0.007896831 0.005705323 0.01795173 0.008189286 0.005276949 0.01795173 0.008458531 0.004833618 0.01795173 0.008703797 0.004376587 0.01795173 0.008924393 0.003907148 0.01795173 0.009119692 0.003426635 0.01795173 0.009289139 0.002936409 0.01795173 0.009432256 0.002437857 0.01795173 0.009548637 0.0019324 0.01795173 0.009637948 0.001421461 0.01795173 0.009699942 0.0009064934 0.01795173 0.009734439 0.0003889567 0.01795173 0.009741343 -0.0001296832 0.01795173 0.009720634 -0.0006479542 0.01795173 0.009672373 -0.001164389 0.01795173 0.009596692 -0.001677523 0.01795173 0.009493808 -0.002185902 0.01795173 0.009364017 -0.002688086 0.01795173 0.009207678 -0.00318265 0.01795173 0.009025241 -0.003668191 0.01795173 0.00881722 -0.004143336 0.01795173 0.008584206 -0.004606735 0.01795173 0.008326859 -0.005057076 0.01795173 0.008045909 -0.005493082 0.01795173 0.007742151 -0.005913516 0.01795173 0.007416449 -0.00631719 0.01795173 0.007069721 -0.006702955 0.01795173 0.006702955 -0.007069721 0.01795173 0.00631719 -0.007416449 0.01795173 0.005913516 -0.007742151 0.01795173 0.005493082 -0.008045909 0.01795173 0.005057076 -0.008326859 0.01795173 0.004606735 -0.008584206 0.01795173 0.004143336 -0.00881722 0.01795173 0.003668191 -0.009025241 0.01795173 0.00318265 -0.009207678 0.01795173 0.002688086 -0.009364017 0.01795173 0.002185902 -0.009493808 0.01795173 0.001677523 -0.009596692 0.01795173 0.001164389 -0.009672373 0.01795173 0.0006479542 -0.009720634 0.01795173 0.0001296832 -0.009741343 0.01795173 -0.0003889567 -0.009734439 0.01795173 -0.0009064934 -0.009699942 0.01795173 -0.001421461 -0.009637948 0.01795173 -0.0019324 -0.009548637 0.01795173 -0.002437857 -0.009432256 0.01795173 -0.002936409 -0.009289139 0.01795173 -0.003426635 -0.009119692 0.01795173 -0.003907148 -0.008924393 0.01795173 -0.004376587 -0.008703797 0.01795173 -0.004833618 -0.008458531 0.01795173 -0.005276949 -0.008189286 0.01795173 -0.005705323 -0.007896831 0.01795173 -0.006117522 -0.007581987 0.01795173 -0.006512381 -0.007245653 0.01795173 -0.006888781 -0.006888781 0.01795173 -0.007674453 -0.006897786 0.01770223 -0.008030694 -0.006479561 0.01770223 -0.008364166 -0.006042965 0.01770223 -0.008673935 -0.005589244 0.01770223 -0.008959109 -0.005119674 0.01770223 -0.00921889 -0.004635594 0.01770223 -0.009452542 -0.004138375 0.01770223 -0.009659398 -0.003629425 0.01770223 -0.009838872 -0.003110186 0.01770223 -0.00999046 -0.002582132 0.01770223 -0.01011373 -0.002046759 0.01770223 -0.01020833 -0.001505583 0.01770223 -0.01027399 -0.0009601399 0.01770223 -0.01031053 -0.0004119753 0.01770223 -0.01031784 0.0001373569 0.01770223 -0.01029591 0.0006863007 0.01770223 -0.01024479 0.001233298 0.01770223 -0.01016463 0.001776801 0.01770223 -0.01005566 0.002315264 0.01770223 -0.009918181 0.002847169 0.01770223 -0.009752592 0.003371 0.01770223 -0.009559357 0.003885277 0.01770223 -0.009339026 0.004388539 0.01770223 -0.009092222 0.004879364 0.01770223 -0.008819648 0.005356358 0.01770223 -0.008522072 0.005818168 0.01770223 -0.008200335 0.00626348 0.01770223 -0.007855358 0.006691045 0.01770223 -0.007488113 0.007099641 0.01770223 -0.007099641 0.007488113 0.01770223 -0.006691045 0.007855358 0.01770223 -0.00626348 0.008200335 0.01770223 -0.005818168 0.008522072 0.01770223 -0.005356358 0.008819648 0.01770223 -0.004879364 0.009092222 0.01770223 -0.004388539 0.009339026 0.01770223 -0.003885277 0.009559357 0.01770223 -0.003371 0.009752592 0.01770223 -0.002847169 0.009918181 0.01770223 -0.002315264 0.01005566 0.01770223 -0.001776801 0.01016463 0.01770223 -0.001233298 0.01024479 0.01770223 -0.0006863007 0.01029591 0.01770223 -0.0001373569 0.01031784 0.01770223 0.0004119753 0.01031053 0.01770223 0.0009601399 0.01027399 0.01770223 0.001505583 0.01020833 0.01770223 0.002046759 0.01011373 0.01770223 0.002582132 0.00999046 0.01770223 0.003110186 0.009838872 0.01770223 0.003629425 0.009659398 0.01770223 0.004138375 0.009452542 0.01770223 0.004635594 0.00921889 0.01770223 0.005119674 0.008959109 0.01770223 0.005589244 0.008673935 0.01770223 0.006042965 0.008364166 0.01770223 0.006479561 0.008030694 0.01770223 0.006897786 0.007674453 0.01770223 0.007296458 0.007296458 0.01770223 0.007674453 0.006897786 0.01770223 0.008030694 0.006479561 0.01770223 0.008364166 0.006042965 0.01770223 0.008673935 0.005589244 0.01770223 0.008959109 0.005119674 0.01770223 0.00921889 0.004635594 0.01770223 0.009452542 0.004138375 0.01770223 0.009659398 0.003629425 0.01770223 0.009838872 0.003110186 0.01770223 0.00999046 0.002582132 0.01770223 0.01011373 0.002046759 0.01770223 0.01020833 0.001505583 0.01770223 0.01027399 0.0009601399 0.01770223 0.01031053 0.0004119753 0.01770223 0.01031784 -0.0001373569 0.01770223 0.01029591 -0.0006863007 0.01770223 0.01024479 -0.001233298 0.01770223 0.01016463 -0.001776801 0.01770223 0.01005566 -0.002315264 0.01770223 0.009918181 -0.002847169 0.01770223 0.009752592 -0.003371 0.01770223 0.009559357 -0.003885277 0.01770223 0.009339026 -0.004388539 0.01770223 0.009092222 -0.004879364 0.01770223 0.008819648 -0.005356358 0.01770223 0.008522072 -0.005818168 0.01770223 0.008200335 -0.00626348 0.01770223 0.007855358 -0.006691045 0.01770223 0.007488113 -0.007099641 0.01770223 0.007099641 -0.007488113 0.01770223 0.006691045 -0.007855358 0.01770223 0.00626348 -0.008200335 0.01770223 0.005818168 -0.008522072 0.01770223 0.005356358 -0.008819648 0.01770223 0.004879364 -0.009092222 0.01770223 0.004388539 -0.009339026 0.01770223 0.003885277 -0.009559357 0.01770223 0.003371 -0.009752592 0.01770223 0.002847169 -0.009918181 0.01770223 0.002315264 -0.01005566 0.01770223 0.001776801 -0.01016463 0.01770223 0.001233298 -0.01024479 0.01770223 0.0006863007 -0.01029591 0.01770223 0.0001373569 -0.01031784 0.01770223 -0.0004119753 -0.01031053 0.01770223 -0.0009601399 -0.01027399 0.01770223 -0.001505583 -0.01020833 0.01770223 -0.002046759 -0.01011373 0.01770223 -0.002582132 -0.00999046 0.01770223 -0.003110186 -0.009838872 0.01770223 -0.003629425 -0.009659398 0.01770223 -0.004138375 -0.009452542 0.01770223 -0.004635594 -0.00921889 0.01770223 -0.005119674 -0.008959109 0.01770223 -0.005589244 -0.008673935 0.01770223 -0.006042965 -0.008364166 0.01770223 -0.006479561 -0.008030694 0.01770223 -0.006897786 -0.007674453 0.01770223 -0.007296458 -0.007296458 0.01770223 -0.008114061 -0.007292905 0.01748944 -0.008490702 -0.006850717 0.01748944 -0.008843281 -0.006389116 0.01748944 -0.009170792 -0.005909405 0.01748944 -0.0094723 -0.005412935 0.01748944 -0.009746967 -0.004901132 0.01748944 -0.009994 -0.004375428 0.01748944 -0.01021271 -0.003837326 0.01748944 -0.01040246 -0.003288343 0.01748944 -0.01056273 -0.002730039 0.01748944 -0.01069306 -0.002164 0.01748944 -0.01079308 -0.001591825 0.01748944 -0.0108625 -0.001015138 0.01748944 -0.01090113 -0.0004355739 0.01748944 -0.01090886 0.0001452256 0.01748944 -0.01088567 0.0007256136 0.01748944 -0.01083162 0.001303942 0.01748944 -0.01074688 0.001878579 0.01748944 -0.01063166 0.002447886 0.01748944 -0.01048631 0.003010259 0.01748944 -0.01031124 0.003564097 0.01748944 -0.01010694 0.004107833 0.01748944 -0.009873981 0.004639923 0.01748944 -0.009613039 0.00515886 0.01748944 -0.009324846 0.005663172 0.01748944 -0.009010229 0.006151441 0.01748944 -0.008670064 0.006622265 0.01748944 -0.008305325 0.007074318 0.01748944 -0.00791704 0.007506317 0.01748944 -0.007506317 0.00791704 0.01748944 -0.007074318 0.008305325 0.01748944 -0.006622265 0.008670064 0.01748944 -0.006151441 0.009010229 0.01748944 -0.005663172 0.009324846 0.01748944 -0.00515886 0.009613039 0.01748944 -0.004639923 0.009873981 0.01748944 -0.004107833 0.01010694 0.01748944 -0.003564097 0.01031124 0.01748944 -0.003010259 0.01048631 0.01748944 -0.002447886 0.01063166 0.01748944 -0.001878579 0.01074688 0.01748944 -0.001303942 0.01083162 0.01748944 -0.0007256136 0.01088567 0.01748944 -0.0001452256 0.01090886 0.01748944 0.0004355739 0.01090113 0.01748944 0.001015138 0.0108625 0.01748944 0.001591825 0.01079308 0.01748944 0.002164 0.01069306 0.01748944 0.002730039 0.01056273 0.01748944 0.003288343 0.01040246 0.01748944 0.003837326 0.01021271 0.01748944 0.004375428 0.009994 0.01748944 0.004901132 0.009746967 0.01748944 0.005412935 0.0094723 0.01748944 0.005909405 0.009170792 0.01748944 0.006389116 0.008843281 0.01748944 0.006850717 0.008490702 0.01748944 0.007292905 0.008114061 0.01748944 0.007714415 0.007714415 0.01748944 0.008114061 0.007292905 0.01748944 0.008490702 0.006850717 0.01748944 0.008843281 0.006389116 0.01748944 0.009170792 0.005909405 0.01748944 0.0094723 0.005412935 0.01748944 0.009746967 0.004901132 0.01748944 0.009994 0.004375428 0.01748944 0.01021271 0.003837326 0.01748944 0.01040246 0.003288343 0.01748944 0.01056273 0.002730039 0.01748944 0.01069306 0.002164 0.01748944 0.01079308 0.001591825 0.01748944 0.0108625 0.001015138 0.01748944 0.01090113 0.0004355739 0.01748944 0.01090886 -0.0001452256 0.01748944 0.01088567 -0.0007256136 0.01748944 0.01083162 -0.001303942 0.01748944 0.01074688 -0.001878579 0.01748944 0.01063166 -0.002447886 0.01748944 0.01048631 -0.003010259 0.01748944 0.01031124 -0.003564097 0.01748944 0.01010694 -0.004107833 0.01748944 0.009873981 -0.004639923 0.01748944 0.009613039 -0.00515886 0.01748944 0.009324846 -0.005663172 0.01748944 0.009010229 -0.006151441 0.01748944 0.008670064 -0.006622265 0.01748944 0.008305325 -0.007074318 0.01748944 0.00791704 -0.007506317 0.01748944 0.007506317 -0.00791704 0.01748944 0.007074318 -0.008305325 0.01748944 0.006622265 -0.008670064 0.01748944 0.006151441 -0.009010229 0.01748944 0.005663172 -0.009324846 0.01748944 0.00515886 -0.009613039 0.01748944 0.004639923 -0.009873981 0.01748944 0.004107833 -0.01010694 0.01748944 0.003564097 -0.01031124 0.01748944 0.003010259 -0.01048631 0.01748944 0.002447886 -0.01063166 0.01748944 0.001878579 -0.01074688 0.01748944 0.001303942 -0.01083162 0.01748944 0.0007256136 -0.01088567 0.01748944 0.0001452256 -0.01090886 0.01748944 -0.0004355739 -0.01090113 0.01748944 -0.001015138 -0.0108625 0.01748944 -0.001591825 -0.01079308 0.01748944 -0.002164 -0.01069306 0.01748944 -0.002730039 -0.01056273 0.01748944 -0.003288343 -0.01040246 0.01748944 -0.003837326 -0.01021271 0.01748944 -0.004375428 -0.009994 0.01748944 -0.004901132 -0.009746967 0.01748944 -0.005412935 -0.0094723 0.01748944 -0.005909405 -0.009170792 0.01748944 -0.006389116 -0.008843281 0.01748944 -0.006850717 -0.008490702 0.01748944 -0.007292905 -0.008114061 0.01748944 -0.007714415 -0.007714415 0.01748944 -0.008562734 -0.00769617 0.01731417 -0.008960209 -0.007229539 0.01731417 -0.009332278 -0.006742409 0.01731417 -0.009677895 -0.006236165 0.01731417 -0.009996082 -0.005712252 0.01731417 -0.01028593 -0.005172142 0.01731417 -0.01054663 -0.004617374 0.01731417 -0.01077743 -0.004049513 0.01731417 -0.01097767 -0.003470173 0.01731417 -0.01114681 -0.002881001 0.01731417 -0.01128434 -0.002283661 0.01731417 -0.01138989 -0.001679847 0.01731417 -0.01146315 -0.001071271 0.01731417 -0.01150392 -0.0004596589 0.01731417 -0.01151208 0.0001532561 0.01731417 -0.01148761 0.0007657368 0.01731417 -0.01143057 0.001376047 0.01731417 -0.01134114 0.001982458 0.01731417 -0.01121955 0.002583246 0.01731417 -0.01106617 0.003176718 0.01731417 -0.01088141 0.003761176 0.01731417 -0.01066581 0.00433498 0.01731417 -0.01041998 0.004896495 0.01731417 -0.01014461 0.005444129 0.01731417 -0.009840477 0.005976328 0.01731417 -0.009508456 0.006491588 0.01731417 -0.009149484 0.006988449 0.01731417 -0.008764579 0.007465502 0.01731417 -0.008354823 0.007921388 0.01731417 -0.007921388 0.008354823 0.01731417 -0.007465502 0.008764579 0.01731417 -0.006988449 0.009149484 0.01731417 -0.006491588 0.009508456 0.01731417 -0.005976328 0.009840477 0.01731417 -0.005444129 0.01014461 0.01731417 -0.004896495 0.01041998 0.01731417 -0.00433498 0.01066581 0.01731417 -0.003761176 0.01088141 0.01731417 -0.003176718 0.01106617 0.01731417 -0.002583246 0.01121955 0.01731417 -0.001982458 0.01134114 0.01731417 -0.001376047 0.01143057 0.01731417 -0.0007657368 0.01148761 0.01731417 -0.0001532561 0.01151208 0.01731417 0.0004596589 0.01150392 0.01731417 0.001071271 0.01146315 0.01731417 0.001679847 0.01138989 0.01731417 0.002283661 0.01128434 0.01731417 0.002881001 0.01114681 0.01731417 0.003470173 0.01097767 0.01731417 0.004049513 0.01077743 0.01731417 0.004617374 0.01054663 0.01731417 0.005172142 0.01028593 0.01731417 0.005712252 0.009996082 0.01731417 0.006236165 0.009677895 0.01731417 0.006742409 0.009332278 0.01731417 0.007229539 0.008960209 0.01731417 0.00769617 0.008562734 0.01731417 0.008140991 0.008140991 0.01731417 0.008562734 0.00769617 0.01731417 0.008960209 0.007229539 0.01731417 0.009332278 0.006742409 0.01731417 0.009677895 0.006236165 0.01731417 0.009996082 0.005712252 0.01731417 0.01028593 0.005172142 0.01731417 0.01054663 0.004617374 0.01731417 0.01077743 0.004049513 0.01731417 0.01097767 0.003470173 0.01731417 0.01114681 0.002881001 0.01731417 0.01128434 0.002283661 0.01731417 0.01138989 0.001679847 0.01731417 0.01146315 0.001071271 0.01731417 0.01150392 0.0004596589 0.01731417 0.01151208 -0.0001532561 0.01731417 0.01148761 -0.0007657368 0.01731417 0.01143057 -0.001376047 0.01731417 0.01134114 -0.001982458 0.01731417 0.01121955 -0.002583246 0.01731417 0.01106617 -0.003176718 0.01731417 0.01088141 -0.003761176 0.01731417 0.01066581 -0.00433498 0.01731417 0.01041998 -0.004896495 0.01731417 0.01014461 -0.005444129 0.01731417 0.009840477 -0.005976328 0.01731417 0.009508456 -0.006491588 0.01731417 0.009149484 -0.006988449 0.01731417 0.008764579 -0.007465502 0.01731417 0.008354823 -0.007921388 0.01731417 0.007921388 -0.008354823 0.01731417 0.007465502 -0.008764579 0.01731417 0.006988449 -0.009149484 0.01731417 0.006491588 -0.009508456 0.01731417 0.005976328 -0.009840477 0.01731417 0.005444129 -0.01014461 0.01731417 0.004896495 -0.01041998 0.01731417 0.00433498 -0.01066581 0.01731417 0.003761176 -0.01088141 0.01731417 0.003176718 -0.01106617 0.01731417 0.002583246 -0.01121955 0.01731417 0.001982458 -0.01134114 0.01731417 0.001376047 -0.01143057 0.01731417 0.0007657368 -0.01148761 0.01731417 0.0001532561 -0.01151208 0.01731417 -0.0004596589 -0.01150392 0.01731417 -0.001071271 -0.01146315 0.01731417 -0.001679847 -0.01138989 0.01731417 -0.002283661 -0.01128434 0.01731417 -0.002881001 -0.01114681 0.01731417 -0.003470173 -0.01097767 0.01731417 -0.004049513 -0.01077743 0.01731417 -0.004617374 -0.01054663 0.01731417 -0.005172142 -0.01028593 0.01731417 -0.005712252 -0.009996082 0.01731417 -0.006236165 -0.009677895 0.01731417 -0.006742409 -0.009332278 0.01731417 -0.007229539 -0.008960209 0.01731417 -0.00769617 -0.008562734 0.01731417 -0.008140991 -0.008140991 0.01731417 -0.00901871 -0.008106002 0.01717713 -0.009437346 -0.007614518 0.01717713 -0.009829231 -0.007101449 0.01717713 -0.01019326 -0.006568255 0.01717713 -0.01052839 -0.006016439 0.01717713 -0.01083367 -0.005447563 0.01717713 -0.01110825 -0.004863255 0.01717713 -0.01135134 -0.004265156 0.01717713 -0.01156225 -0.003654969 0.01717713 -0.01174039 -0.003034421 0.01717713 -0.01188525 -0.002405268 0.01717713 -0.01199641 -0.001769299 0.01717713 -0.01207358 -0.001128318 0.01717713 -0.01211652 -0.0004841351 0.01717713 -0.01212511 0.000161417 0.01717713 -0.01209934 0.000806512 0.01717713 -0.01203926 0.001449323 0.01717713 -0.01194506 0.002088025 0.01717713 -0.01181701 0.00272081 0.01717713 -0.01165545 0.003345878 0.01717713 -0.01146086 0.003961467 0.01717713 -0.01123377 0.004565821 0.01717713 -0.01097485 0.005157238 0.01717713 -0.01068482 0.005734034 0.01717713 -0.01036449 0.006294574 0.01717713 -0.01001479 0.006837273 0.01717713 -0.009636702 0.007360589 0.01717713 -0.009231301 0.007863049 0.01717713 -0.008799729 0.008343213 0.01717713 -0.008343213 0.008799729 0.01717713 -0.007863049 0.009231301 0.01717713 -0.007360589 0.009636702 0.01717713 -0.006837273 0.01001479 0.01717713 -0.006294574 0.01036449 0.01717713 -0.005734034 0.01068482 0.01717713 -0.005157238 0.01097485 0.01717713 -0.004565821 0.01123377 0.01717713 -0.003961467 0.01146086 0.01717713 -0.003345878 0.01165545 0.01717713 -0.00272081 0.01181701 0.01717713 -0.002088025 0.01194506 0.01717713 -0.001449323 0.01203926 0.01717713 -0.000806512 0.01209934 0.01717713 -0.000161417 0.01212511 0.01717713 0.0004841351 0.01211652 0.01717713 0.001128318 0.01207358 0.01717713 0.001769299 0.01199641 0.01717713 0.002405268 0.01188525 0.01717713 0.003034421 0.01174039 0.01717713 0.003654969 0.01156225 0.01717713 0.004265156 0.01135134 0.01717713 0.004863255 0.01110825 0.01717713 0.005447563 0.01083367 0.01717713 0.006016439 0.01052839 0.01717713 0.006568255 0.01019326 0.01717713 0.007101449 0.009829231 0.01717713 0.007614518 0.009437346 0.01717713 0.008106002 0.00901871 0.01717713 0.008574511 0.008574511 0.01717713 0.00901871 0.008106002 0.01717713 0.009437346 0.007614518 0.01717713 0.009829231 0.007101449 0.01717713 0.01019326 0.006568255 0.01717713 0.01052839 0.006016439 0.01717713 0.01083367 0.005447563 0.01717713 0.01110825 0.004863255 0.01717713 0.01135134 0.004265156 0.01717713 0.01156225 0.003654969 0.01717713 0.01174039 0.003034421 0.01717713 0.01188525 0.002405268 0.01717713 0.01199641 0.001769299 0.01717713 0.01207358 0.001128318 0.01717713 0.01211652 0.0004841351 0.01717713 0.01212511 -0.000161417 0.01717713 0.01209934 -0.000806512 0.01717713 0.01203926 -0.001449323 0.01717713 0.01194506 -0.002088025 0.01717713 0.01181701 -0.00272081 0.01717713 0.01165545 -0.003345878 0.01717713 0.01146086 -0.003961467 0.01717713 0.01123377 -0.004565821 0.01717713 0.01097485 -0.005157238 0.01717713 0.01068482 -0.005734034 0.01717713 0.01036449 -0.006294574 0.01717713 0.01001479 -0.006837273 0.01717713 0.009636702 -0.007360589 0.01717713 0.009231301 -0.007863049 0.01717713 0.008799729 -0.008343213 0.01717713 0.008343213 -0.008799729 0.01717713 0.007863049 -0.009231301 0.01717713 0.007360589 -0.009636702 0.01717713 0.006837273 -0.01001479 0.01717713 0.006294574 -0.01036449 0.01717713 0.005734034 -0.01068482 0.01717713 0.005157238 -0.01097485 0.01717713 0.004565821 -0.01123377 0.01717713 0.003961467 -0.01146086 0.01717713 0.003345878 -0.01165545 0.01717713 0.00272081 -0.01181701 0.01717713 0.002088025 -0.01194506 0.01717713 0.001449323 -0.01203926 0.01717713 0.000806512 -0.01209934 0.01717713 0.000161417 -0.01212511 0.01717713 -0.0004841351 -0.01211652 0.01717713 -0.001128318 -0.01207358 0.01717713 -0.001769299 -0.01199641 0.01717713 -0.002405268 -0.01188525 0.01717713 -0.003034421 -0.01174039 0.01717713 -0.003654969 -0.01156225 0.01717713 -0.004265156 -0.01135134 0.01717713 -0.004863255 -0.01110825 0.01717713 -0.005447563 -0.01083367 0.01717713 -0.006016439 -0.01052839 0.01717713 -0.006568255 -0.01019326 0.01717713 -0.007101449 -0.009829231 0.01717713 -0.007614518 -0.009437346 0.01717713 -0.008106002 -0.00901871 0.01717713 -0.008574511 -0.008574511 0.01717713 -0.009480184 -0.008520774 0.01707885 -0.009920247 -0.008004146 0.01707885 -0.01033218 -0.007464821 0.01707885 -0.01071483 -0.006904343 0.01707885 -0.01106711 -0.006324285 0.01707885 -0.01138802 -0.005726312 0.01707885 -0.01167664 -0.005112096 0.01707885 -0.01193217 -0.004483398 0.01707885 -0.01215387 -0.003841985 0.01707885 -0.01234113 -0.003189682 0.01707885 -0.0124934 -0.002528346 0.01707885 -0.01261026 -0.001859835 0.01707885 -0.01269137 -0.001186051 0.01707885 -0.0127365 -0.0005089094 0.01707885 -0.01274554 0.0001696765 0.01707885 -0.01271844 0.0008477815 0.01707885 -0.0126553 0.001523482 0.01707885 -0.01255628 0.002194864 0.01707885 -0.01242167 0.002860028 0.01707885 -0.01225184 0.003517079 0.01707885 -0.01204729 0.004164165 0.01707885 -0.01180859 0.00479945 0.01707885 -0.01153642 0.005421123 0.01707885 -0.01123154 0.006027435 0.01707885 -0.01089483 0.006616656 0.01707885 -0.01052724 0.007187129 0.01707885 -0.01012981 0.007737227 0.01707885 -0.009703652 0.008265388 0.01707885 -0.009249998 0.008770123 0.01707885 -0.008770123 0.009249998 0.01707885 -0.008265388 0.009703652 0.01707885 -0.007737227 0.01012981 0.01707885 -0.007187129 0.01052724 0.01707885 -0.006616656 0.01089483 0.01707885 -0.006027435 0.01123154 0.01707885 -0.005421123 0.01153642 0.01707885 -0.00479945 0.01180859 0.01707885 -0.004164165 0.01204729 0.01707885 -0.003517079 0.01225184 0.01707885 -0.002860028 0.01242167 0.01707885 -0.002194864 0.01255628 0.01707885 -0.001523482 0.0126553 0.01707885 -0.0008477815 0.01271844 0.01707885 -0.0001696765 0.01274554 0.01707885 0.0005089094 0.0127365 0.01707885 0.001186051 0.01269137 0.01707885 0.001859835 0.01261026 0.01707885 0.002528346 0.0124934 0.01707885 0.003189682 0.01234113 0.01707885 0.003841985 0.01215387 0.01707885 0.004483398 0.01193217 0.01707885 0.005112096 0.01167664 0.01707885 0.005726312 0.01138802 0.01707885 0.006324285 0.01106711 0.01707885 0.006904343 0.01071483 0.01707885 0.007464821 0.01033218 0.01707885 0.008004146 0.009920247 0.01707885 0.008520774 0.009480184 0.01707885 0.009013257 0.009013257 0.01707885 0.009480184 0.008520774 0.01707885 0.009920247 0.008004146 0.01707885 0.01033218 0.007464821 0.01707885 0.01071483 0.006904343 0.01707885 0.01106711 0.006324285 0.01707885 0.01138802 0.005726312 0.01707885 0.01167664 0.005112096 0.01707885 0.01193217 0.004483398 0.01707885 0.01215387 0.003841985 0.01707885 0.01234113 0.003189682 0.01707885 0.0124934 0.002528346 0.01707885 0.01261026 0.001859835 0.01707885 0.01269137 0.001186051 0.01707885 0.0127365 0.0005089094 0.01707885 0.01274554 -0.0001696765 0.01707885 0.01271844 -0.0008477815 0.01707885 0.0126553 -0.001523482 0.01707885 0.01255628 -0.002194864 0.01707885 0.01242167 -0.002860028 0.01707885 0.01225184 -0.003517079 0.01707885 0.01204729 -0.004164165 0.01707885 0.01180859 -0.00479945 0.01707885 0.01153642 -0.005421123 0.01707885 0.01123154 -0.006027435 0.01707885 0.01089483 -0.006616656 0.01707885 0.01052724 -0.007187129 0.01707885 0.01012981 -0.007737227 0.01707885 0.009703652 -0.008265388 0.01707885 0.009249998 -0.008770123 0.01707885 0.008770123 -0.009249998 0.01707885 0.008265388 -0.009703652 0.01707885 0.007737227 -0.01012981 0.01707885 0.007187129 -0.01052724 0.01707885 0.006616656 -0.01089483 0.01707885 0.006027435 -0.01123154 0.01707885 0.005421123 -0.01153642 0.01707885 0.00479945 -0.01180859 0.01707885 0.004164165 -0.01204729 0.01707885 0.003517079 -0.01225184 0.01707885 0.002860028 -0.01242167 0.01707885 0.002194864 -0.01255628 0.01707885 0.001523482 -0.0126553 0.01707885 0.0008477815 -0.01271844 0.01707885 0.0001696765 -0.01274554 0.01707885 -0.0005089094 -0.0127365 0.01707885 -0.001186051 -0.01269137 0.01707885 -0.001859835 -0.01261026 0.01707885 -0.002528346 -0.0124934 0.01707885 -0.003189682 -0.01234113 0.01707885 -0.003841985 -0.01215387 0.01707885 -0.004483398 -0.01193217 0.01707885 -0.005112096 -0.01167664 0.01707885 -0.005726312 -0.01138802 0.01707885 -0.006324285 -0.01106711 0.01707885 -0.006904343 -0.01071483 0.01707885 -0.007464821 -0.01033218 0.01707885 -0.008004146 -0.009920247 0.01707885 -0.008520774 -0.009480184 0.01707885 -0.009013257 -0.009013257 0.01707885 -0.009945337 -0.008938853 0.01701973 -0.01040699 -0.008396874 0.01701973 -0.01083914 -0.007831093 0.01701973 -0.01124056 -0.007243108 0.01701973 -0.01161013 -0.006634597 0.01701973 -0.01194678 -0.006007273 0.01701973 -0.01224957 -0.005362931 0.01701973 -0.01251763 -0.004703375 0.01701973 -0.01275022 -0.0040305 0.01701973 -0.01294665 -0.003346188 0.01701973 -0.0131064 -0.002652396 0.01701973 -0.01322899 -0.001951091 0.01701973 -0.01331408 -0.001244247 0.01701973 -0.01336143 -0.0005338785 0.01701973 -0.01337091 0.0001780027 0.01701973 -0.01334249 0.0008893801 0.01701973 -0.01327624 0.001598233 0.01701973 -0.01317236 0.002302558 0.01701973 -0.01303115 0.003000361 0.01701973 -0.012853 0.003689655 0.01701973 -0.01263841 0.004368488 0.01701973 -0.01238799 0.005034937 0.01701973 -0.01210246 0.005687115 0.01701973 -0.01178263 0.006323178 0.01701973 -0.01142939 0.00694131 0.01701973 -0.01104376 0.007539767 0.01701973 -0.01062683 0.008116859 0.01701973 -0.01017977 0.008670936 0.01701973 -0.00970386 0.00920044 0.01701973 -0.00920044 0.00970386 0.01701973 -0.008670936 0.01017977 0.01701973 -0.008116859 0.01062683 0.01701973 -0.007539767 0.01104376 0.01701973 -0.00694131 0.01142939 0.01701973 -0.006323178 0.01178263 0.01701973 -0.005687115 0.01210246 0.01701973 -0.005034937 0.01238799 0.01701973 -0.004368488 0.01263841 0.01701973 -0.003689655 0.012853 0.01701973 -0.003000361 0.01303115 0.01701973 -0.002302558 0.01317236 0.01701973 -0.001598233 0.01327624 0.01701973 -0.0008893801 0.01334249 0.01701973 -0.0001780027 0.01337091 0.01701973 0.0005338785 0.01336143 0.01701973 0.001244247 0.01331408 0.01701973 0.001951091 0.01322899 0.01701973 0.002652396 0.0131064 0.01701973 0.003346188 0.01294665 0.01701973 0.0040305 0.01275022 0.01701973 0.004703375 0.01251763 0.01701973 0.005362931 0.01224957 0.01701973 0.006007273 0.01194678 0.01701973 0.006634597 0.01161013 0.01701973 0.007243108 0.01124056 0.01701973 0.007831093 0.01083914 0.01701973 0.008396874 0.01040699 0.01701973 0.008938853 0.009945337 0.01701973 0.009455503 0.009455503 0.01701973 0.009945337 0.008938853 0.01701973 0.01040699 0.008396874 0.01701973 0.01083914 0.007831093 0.01701973 0.01124056 0.007243108 0.01701973 0.01161013 0.006634597 0.01701973 0.01194678 0.006007273 0.01701973 0.01224957 0.005362931 0.01701973 0.01251763 0.004703375 0.01701973 0.01275022 0.0040305 0.01701973 0.01294665 0.003346188 0.01701973 0.0131064 0.002652396 0.01701973 0.01322899 0.001951091 0.01701973 0.01331408 0.001244247 0.01701973 0.01336143 0.0005338785 0.01701973 0.01337091 -0.0001780027 0.01701973 0.01334249 -0.0008893801 0.01701973 0.01327624 -0.001598233 0.01701973 0.01317236 -0.002302558 0.01701973 0.01303115 -0.003000361 0.01701973 0.012853 -0.003689655 0.01701973 0.01263841 -0.004368488 0.01701973 0.01238799 -0.005034937 0.01701973 0.01210246 -0.005687115 0.01701973 0.01178263 -0.006323178 0.01701973 0.01142939 -0.00694131 0.01701973 0.01104376 -0.007539767 0.01701973 0.01062683 -0.008116859 0.01701973 0.01017977 -0.008670936 0.01701973 0.00970386 -0.00920044 0.01701973 0.00920044 -0.00970386 0.01701973 0.008670936 -0.01017977 0.01701973 0.008116859 -0.01062683 0.01701973 0.007539767 -0.01104376 0.01701973 0.00694131 -0.01142939 0.01701973 0.006323178 -0.01178263 0.01701973 0.005687115 -0.01210246 0.01701973 0.005034937 -0.01238799 0.01701973 0.004368488 -0.01263841 0.01701973 0.003689655 -0.012853 0.01701973 0.003000361 -0.01303115 0.01701973 0.002302558 -0.01317236 0.01701973 0.001598233 -0.01327624 0.01701973 0.0008893801 -0.01334249 0.01701973 0.0001780027 -0.01337091 0.01701973 -0.0005338785 -0.01336143 0.01701973 -0.001244247 -0.01331408 0.01701973 -0.001951091 -0.01322899 0.01701973 -0.002652396 -0.0131064 0.01701973 -0.003346188 -0.01294665 0.01701973 -0.0040305 -0.01275022 0.01701973 -0.004703375 -0.01251763 0.01701973 -0.005362931 -0.01224957 0.01701973 -0.006007273 -0.01194678 0.01701973 -0.006634597 -0.01161013 0.01701973 -0.007243108 -0.01124056 0.01701973 -0.007831093 -0.01083914 0.01701973 -0.008396874 -0.01040699 0.01701973 -0.008938853 -0.009945337 0.01701973 -0.009455503 -0.009455503 0.01701973 -0.01041234 -0.009358593 0.017 -0.009899495 -0.009899495 0.017 -0.01134811 -0.008198812 0.017 -0.01089567 -0.008791162 0.017 -0.01176838 -0.00758322 0.017 -0.0121553 -0.006946132 0.017 -0.01250776 -0.006289359 0.017 -0.01310542 -0.004924234 0.017 -0.01282477 -0.005614754 0.017 -0.01355459 -0.003503317 0.017 -0.01334892 -0.004219756 0.017 -0.01385017 -0.002042702 0.017 -0.01372183 -0.002776949 0.017 -0.01398884 -0.0005589495 0.017 -0.01393927 -0.001302676 0.017 -0.013969 0.0009311399 0.017 -0.01399876 0.0001863572 0.017 -0.01389964 0.001673278 0.017 -0.01379089 0.00241068 0.017 -0.01364304 0.003141242 0.017 -0.01345652 0.003862902 0.017 -0.01323186 0.004573614 0.017 -0.01296969 0.005271361 0.017 -0.01267075 0.005954161 0.017 -0.01196608 0.007267251 0.017 -0.0123359 0.006620092 0.017 -0.01156234 0.007893813 0.017 -0.01065778 0.009078094 0.017 -0.01112583 0.008497998 0.017 -0.01015952 0.009632458 0.017 -0.009632458 0.01015952 0.017 -0.008497998 0.01112583 0.017 -0.009078094 0.01065778 0.017 -0.007893813 0.01156234 0.017 -0.007267251 0.01196608 0.017 -0.005954161 0.01267075 0.017 -0.006620092 0.0123359 0.017 -0.005271361 0.01296969 0.017 -0.003862902 0.01345652 0.017 -0.004573614 0.01323186 0.017 -0.00241068 0.01379089 0.017 -0.003141242 0.01364304 0.017 -0.001673278 0.01389964 0.017 -0.0009311399 0.013969 0.017 -0.0001863572 0.01399876 0.017 0.001302676 0.01393927 0.017 0.0005589495 0.01398884 0.017 0.002042702 0.01385017 0.017 0.003503317 0.01355459 0.017 0.002776949 0.01372183 0.017 0.004924234 0.01310542 0.017 0.004219756 0.01334892 0.017 0.005614754 0.01282477 0.017 0.006289359 0.01250776 0.017 0.006946132 0.0121553 0.017 0.008198812 0.01134811 0.017 0.00758322 0.01176838 0.017 0.008791162 0.01089567 0.017 0.009899495 0.009899495 0.017 0.009358593 0.01041234 0.017 0.01089567 0.008791162 0.017 0.01041234 0.009358593 0.017 0.01134811 0.008198812 0.017 0.01176838 0.00758322 0.017 0.01250776 0.006289359 0.017 0.0121553 0.006946132 0.017 0.01282477 0.005614754 0.017 0.01310542 0.004924234 0.017 0.01334892 0.004219756 0.017 0.01372183 0.002776949 0.017 0.01355459 0.003503317 0.017 0.01385017 0.002042702 0.017 0.01398884 0.0005589495 0.017 0.01393927 0.001302676 0.017 0.01399876 -0.0001863572 0.017 0.013969 -0.0009311399 0.017 0.01389964 -0.001673278 0.017 0.01379089 -0.00241068 0.017 0.01345652 -0.003862902 0.017 0.01364304 -0.003141242 0.017 0.01323186 -0.004573614 0.017 0.01296969 -0.005271361 0.017 0.0123359 -0.006620092 0.017 0.01267075 -0.005954161 0.017 0.01196608 -0.007267251 0.017 0.01112583 -0.008497998 0.017 0.01156234 -0.007893813 0.017 0.01065778 -0.009078094 0.017 0.009632458 -0.01015952 0.017 0.01015952 -0.009632458 0.017 0.009078094 -0.01065778 0.017 0.008497998 -0.01112583 0.017 0.007893813 -0.01156234 0.017 0.006620092 -0.0123359 0.017 0.007267251 -0.01196608 0.017 0.005271361 -0.01296969 0.017 0.005954161 -0.01267075 0.017 0.004573614 -0.01323186 0.017 0.003862902 -0.01345652 0.017 0.00241068 -0.01379089 0.017 0.003141242 -0.01364304 0.017 0.001673278 -0.01389964 0.017 0.0001863572 -0.01399876 0.017 0.0009311399 -0.013969 0.017 -0.0005589495 -0.01398884 0.017 -0.002042702 -0.01385017 0.017 -0.001302676 -0.01393927 0.017 -0.002776949 -0.01372183 0.017 -0.003503317 -0.01355459 0.017 -0.004924234 -0.01310542 0.017 -0.004219756 -0.01334892 0.017 -0.005614754 -0.01282477 0.017 -0.006289359 -0.01250776 0.017 -0.006946132 -0.0121553 0.017 -0.008198812 -0.01134811 0.017 -0.00758322 -0.01176838 0.017 -0.008791162 -0.01089567 0.017 -0.009358593 -0.01041234 0.017 -0.01586447 0.01045556 0.017 -0.01637367 0.009638624 0.017 -0.01684084 0.008796932 0.017 -0.01409826 -0.01273731 0.017 -0.01343503 -0.01343503 0.017 -0.01273731 -0.01409826 0.017 -0.01531454 0.01124567 0.017 -0.01726478 0.007932672 0.017 -0.01764441 0.007048043 0.017 -0.01850821 0.00429491 0.017 -0.01870199 0.003351976 0.017 -0.01870199 -0.003351976 0.017 -0.01850821 -0.00429491 0.017 -0.01826692 -0.005226828 0.017 -0.01797874 -0.006145325 0.017 -0.01764441 -0.007048043 0.017 -0.01726478 -0.007932672 0.017 -0.01684084 -0.008796932 0.017 -0.01586447 -0.01045556 0.017 -0.01531454 -0.01124567 0.017 -0.0147253 -0.0120069 0.017 -0.0120069 -0.0147253 0.017 -0.007048043 -0.01764441 0.017 -0.006145325 -0.01797874 0.017 -0.005226828 -0.01826692 0.017 -0.003351976 -0.01870199 0.017 -0.002400437 -0.01884775 0.017 -0.001442724 -0.01894514 0.017 0.01343503 -0.01343503 0.017 0.01409826 -0.01273731 0.017 0.01586447 -0.01045556 0.017 0.01637367 -0.009638624 0.017 0.01684084 -0.008796932 0.017 0.01726478 -0.007932672 0.017 0.01764441 -0.007048043 0.017 0.01797874 -0.006145325 0.017 -0.01797874 0.006145325 0.017 -0.01826692 0.005226828 0.017 -0.0189939 -0.0004813204 0.017 -0.01894514 -0.001442724 0.017 -0.01124567 -0.01531454 0.017 -0.00429491 -0.01850821 0.017 0.0004813204 -0.0189939 0.017 0.001442724 -0.01894514 0.017 0.002400437 -0.01884775 0.017 0.003351976 -0.01870199 0.017 0.00429491 -0.01850821 0.017 0.006145325 -0.01797874 0.017 0.007048043 -0.01764441 0.017 0.007932672 -0.01726478 0.017 0.008796932 -0.01684084 0.017 0.01273731 -0.01409826 0.017 0.0147253 -0.0120069 0.017 0.01531454 -0.01124567 0.017 -0.00429491 0.01850821 0.017 -0.005226828 0.01826692 0.017 -0.006145325 0.01797874 0.017 -0.007932672 0.01726478 0.017 -0.008796932 0.01684084 0.017 -0.01343503 0.01343503 0.017 -0.0147253 0.0120069 0.017 -0.01884775 0.002400437 0.017 -0.01894514 0.001442724 0.017 -0.01884775 -0.002400437 0.017 -0.01637367 -0.009638624 0.017 -0.0004813204 -0.0189939 0.017 0.01045556 -0.01586447 0.017 0.01124567 -0.01531454 0.017 0.005226828 0.01826692 0.017 -0.0004813204 0.0189939 0.017 -0.001442724 0.01894514 0.017 -0.002400437 0.01884775 0.017 -0.003351976 0.01870199 0.017 -0.007048043 0.01764441 0.017 -0.01273731 0.01409826 0.017 -0.01409826 0.01273731 0.017 -0.0189939 0.0004813204 0.017 -0.01045556 -0.01586447 0.017 -0.009638624 -0.01637367 0.017 -0.008796932 -0.01684084 0.017 -0.007932672 -0.01726478 0.017 0.005226828 -0.01826692 0.017 0.009638624 -0.01637367 0.017 0.0120069 -0.0147253 0.017 0.01850821 -0.00429491 0.017 0.01870199 -0.003351976 0.017 0.006145325 0.01797874 0.017 0.00429491 0.01850821 0.017 0.003351976 0.01870199 0.017 0.002400437 0.01884775 0.017 0.001442724 0.01894514 0.017 0.0004813204 0.0189939 0.017 0.01826692 -0.005226828 0.017 0.01894514 -0.001442724 0.017 0.0189939 -0.0004813204 0.017 -0.009638624 0.01637367 0.017 -0.01045556 0.01586447 0.017 0.01884775 -0.002400437 0.017 0.0189939 0.0004813204 0.017 0.01894514 0.001442724 0.017 -0.01124567 0.01531454 0.017 -0.0120069 0.0147253 0.017 0.01884775 0.002400437 0.017 0.01870199 0.003351976 0.017 0.01826692 0.005226828 0.017 0.01797874 0.006145325 0.017 0.01586447 0.01045556 0.017 0.01531454 0.01124567 0.017 0.0147253 0.0120069 0.017 0.007048043 0.01764441 0.017 0.01850821 0.00429491 0.017 0.01764441 0.007048043 0.017 0.01726478 0.007932672 0.017 0.01684084 0.008796932 0.017 0.01637367 0.009638624 0.017 0.007932672 0.01726478 0.017 0.01273731 0.01409826 0.017 0.0120069 0.0147253 0.017 0.01124567 0.01531454 0.017 0.01045556 0.01586447 0.017 0.009638624 0.01637367 0.017 0.008796932 0.01684084 0.017 0.01409826 0.01273731 0.017 0.01343503 0.01343503 0.017 -0.02747716 -0.0143529 0.012 -0.02671493 -0.01572617 0.012 -0.02878824 -0.01149944 0.012 -0.02816886 -0.01294278 0.012 -0.02933373 -0.01002658 0.012 -0.02980392 -0.008527983 0.012 -0.0301976 -0.007007491 0.012 -0.0307516 -0.003916501 0.012 -0.03051376 -0.00546902 0.012 -0.0309105 -0.002353922 0.012 -0.03099006 -0.0007853138 0.012 -0.0309105 0.002353922 0.012 -0.03099006 0.0007853138 0.012 -0.0307516 0.003916501 0.012 -0.03051376 0.00546902 0.012 -0.02980392 0.008527983 0.012 -0.0301976 0.007007491 0.012 -0.02933373 0.01002658 0.012 -0.02878824 0.01149944 0.012 -0.02816886 0.01294278 0.012 -0.02671493 0.01572617 0.012 -0.02747716 0.0143529 0.012 -0.01572617 0.02671493 0.012 -0.01294278 0.02816886 0.012 -0.0143529 0.02747716 0.012 -0.01002658 0.02933373 0.012 -0.01149944 0.02878824 0.012 -0.007007491 0.0301976 0.012 -0.008527983 0.02980392 0.012 -0.00546902 0.03051376 0.012 -0.003916501 0.0307516 0.012 -0.002353922 0.0309105 0.012 0.0007853138 0.03099006 0.012 -0.0007853138 0.03099006 0.012 0.002353922 0.0309105 0.012 0.00546902 0.03051376 0.012 0.003916501 0.0307516 0.012 0.007007491 0.0301976 0.012 0.008527983 0.02980392 0.012 0.01149944 0.02878824 0.012 0.01002658 0.02933373 0.012 0.01294278 0.02816886 0.012 0.0143529 0.02747716 0.012 0.01572617 0.02671493 0.012 0.02747716 0.0143529 0.012 0.02671493 0.01572617 0.012 0.02878824 0.01149944 0.012 0.02816886 0.01294278 0.012 0.02933373 0.01002658 0.012 0.0301976 0.007007491 0.012 0.02980392 0.008527983 0.012 0.03051376 0.00546902 0.012 0.0307516 0.003916501 0.012 0.0309105 0.002353922 0.012 0.03099006 0.0007853138 0.012 0.03099006 -0.0007853138 0.012 0.0309105 -0.002353922 0.012 0.0307516 -0.003916501 0.012 0.03051376 -0.00546902 0.012 0.0301976 -0.007007491 0.012 0.02980392 -0.008527983 0.012 0.02933373 -0.01002658 0.012 0.02816886 -0.01294278 0.012 0.02878824 -0.01149944 0.012 0.02747716 -0.0143529 0.012 0.02671493 -0.01572617 0.012 0.01572617 -0.02671493 0.012 0.01294278 -0.02816886 0.012 0.0143529 -0.02747716 0.012 0.01149944 -0.02878824 0.012 0.008527983 -0.02980392 0.012 0.01002658 -0.02933373 0.012 0.007007491 -0.0301976 0.012 0.003916501 -0.0307516 0.012 0.00546902 -0.03051376 0.012 0.002353922 -0.0309105 0.012 0.0007853138 -0.03099006 0.012 -0.002353922 -0.0309105 0.012 -0.0007853138 -0.03099006 0.012 -0.00546902 -0.03051376 0.012 -0.003916501 -0.0307516 0.012 -0.008527983 -0.02980392 0.012 -0.007007491 -0.0301976 0.012 -0.01149944 -0.02878824 0.012 -0.01002658 -0.02933373 0.012 -0.0143529 -0.02747716 0.012 -0.01294278 -0.02816886 0.012 0.0217153 0.01432489 0.01407726 0.02588413 0.01705907 0.012 0.02177958 0.01440096 0.01403745 0.02187907 0.01452954 0.01397331 0.02204577 0.01476526 0.01386102 0.02209674 0.01484642 0.01382452 0.02219846 0.01500841 0.01375168 0.02233718 0.0152587 0.01364525 0.02241107 0.01541101 0.01358395 0.02246193 0.01551587 0.01354174 0.02257259 0.01577972 0.01344114 0.02265457 0.0160096 0.01335809 0.02266901 0.01605008 0.01334346 0.02273294 0.0162611 0.01327078 0.02280251 0.01653815 0.01317979 0.02284917 0.01677861 0.01310499 0.02498688 0.01834819 0.012 0.0228211 0.01663396 0.01314998 0.01920378 0.01265612 0.01533366 0.01940219 0.01271899 0.0152502 0.01964911 0.01281262 0.01514274 0.01967461 0.01282229 0.01513164 0.02023188 0.01309194 0.01487571 0.02045085 0.01321987 0.01477015 0.02048879 0.0132437 0.01475149 0.02073162 0.01340732 0.0146295 0.02019921 0.01307285 0.01489146 0.01994038 0.0129403 0.015012 0.02077586 0.01344084 0.01460644 0.02096345 0.01358302 0.01450863 0.02127257 0.01385421 0.01433906 0.02139399 0.01396937 0.01427048 0.02118426 0.01377045 0.01438894 0.02159249 0.01417957 0.0141533 0.0216904 0.01429543 0.01409268 0.01698825 0.01247439 0.0161348 0.01704578 0.01246583 0.01611764 0.01711287 0.01245862 0.01609681 0.01718753 0.0124506 0.01607363 0.01747818 0.01243146 0.01597989 0.01775851 0.01242854 0.01588514 0.01776787 0.01242844 0.01588198 0.01840279 0.01247931 0.01565205 0.01862885 0.01251456 0.01556579 0.01883811 0.01255753 0.01548337 0.01903603 0.01260826 0.01540296 0.01912329 0.01263062 0.01536751 0.01834346 0.01247006 0.0156747 0.01805638 0.01244135 0.01578016 0.01571134 0.01281075 0.01646985 0.01585736 0.01275515 0.01643708 0.01594353 0.01272234 0.01641775 0.01647576 0.01256743 0.01628258 0.01648779 0.01256428 0.01627941 0.01676516 0.01250758 0.01620136 0.01621386 0.01263587 0.01635161 0.01478976 0.01329332 0.01663087 0.01502492 0.01314717 0.01659797 0.01526548 0.01301471 0.01655819 0.01526735 0.01301367 0.01655788 0.01551699 0.01289291 0.01651069 0.01567697 0.01282383 0.01647757 0.01430452 0.01365469 0.01667688 0.01420212 0.0137452 0.01668131 0.01434169 0.01362382 0.01667454 0.01456197 0.01345216 0.01665645 0.01409911 0.01383627 0.01668576 0.01471165 0.01334779 0.01663964 0.01474688 0.01332323 0.01663568 0.01334747 0.01471139 0.01663986 0.01338095 0.01466094 0.01664614 0.0135447 0.01444022 0.01666731 0.01371914 0.01422912 0.01668096 0.01374449 0.0142015 0.01668181 0.01390398 0.01402777 0.01668711 0.01396646 0.01396645 0.01668668 0.01286815 0.01557266 0.01649941 0.01298455 0.01532457 0.01654757 0.01301582 0.01526607 0.01655758 0.01311415 0.01508213 0.01658905 0.01322813 0.01489125 0.01661744 0.0133236 0.01474736 0.01663537 0.01248982 0.01687222 0.01616996 0.01253562 0.01661852 0.01624322 0.01256888 0.01647609 0.01628201 0.01259851 0.01634928 0.01631655 0.01267503 0.01608515 0.01638376 0.01275427 0.01585701 0.01643751 0.01276496 0.01582624 0.01644476 0.01281134 0.01571225 0.01646932 0.01260709 0.01903632 0.01540315 0.01260099 0.01901551 0.01541179 0.0124799 0.01840272 0.01565193 0.01246166 0.01827412 0.01570054 0.0125015 0.01855503 0.01559435 0.01253513 0.01873447 0.01552446 0.01243716 0.01799315 0.01580284 0.01242932 0.01775848 0.01588494 0.01242778 0.01771229 0.0159011 0.01243343 0.01743173 0.01599518 0.01245409 0.01715165 0.01608487 0.01247488 0.0169891 0.01613437 0.01245904 0.01711293 0.01609666 0.0142963 0.02169184 0.01409198 0.01412471 0.02154277 0.01418316 0.01385407 0.02127273 0.01433904 0.01371741 0.02112424 0.01442195 0.01344147 0.02077542 0.01460645 0.01336061 0.02066523 0.0146633 0.01320154 0.02042116 0.01478469 0.01315599 0.02034543 0.01482149 0.0130929 0.02023137 0.01487567 0.01301484 0.02009024 0.01494271 0.01281357 0.01964868 0.01514267 0.01277793 0.01956315 0.01518063 0.01288887 0.01982939 0.01506246 0.01268196 0.01929179 0.01529712 0.01265621 0.01920395 0.01533358 0.01353264 0.02089966 0.01454235 0.01391479 0.02133871 0.01430219 0.01677799 0.02284809 0.01310547 0.01705907 0.02588413 0.012 0.01666609 0.02282929 0.0131394 0.01663381 0.02282203 0.01314975 0.01638537 0.02276613 0.01322936 0.01600974 0.02265411 0.0133582 0.01586854 0.02260611 0.01340846 0.01610848 0.02268767 0.01332304 0.01559591 0.02249729 0.01351065 0.01541091 0.02241121 0.01358392 0.01533149 0.02237426 0.01361538 0.01484577 0.02209776 0.01382434 0.01482777 0.02208681 0.01383232 0.01458881 0.02192283 0.01394445 0.01507539 0.02223734 0.01372262 0.01434717 0.02173603 0.01406495 0.01432422 0.02171609 0.01407714 0.0186246 0.02284122 0.01263666 0.01834819 0.02498688 0.012 0.01861169 0.02284392 0.01263921 0.0185626 0.02285141 0.01264963 0.01832884 0.02288713 0.01269926 0.01792005 0.02292016 0.01279406 0.01775923 0.02292704 0.01283305 0.01752923 0.02292557 0.01289198 0.01727387 0.02291125 0.01296104 0.0172382 0.02290924 0.01297069 0.01804461 0.02291483 0.01276387 0.01695043 0.02287706 0.01305317 0.01992535 0.02242219 0.01241824 0.0195902 0.02402549 0.012 0.01979748 0.02247858 0.01243581 0.01966569 0.02253671 0.01245393 0.01919186 0.02270413 0.01252962 0.01917243 0.02271038 0.01253288 0.01940012 0.02263707 0.01249468 0.01889296 0.02278508 0.01258373 0.02078193 0.02300242 0.012 0.02138876 0.02138878 0.01231309 0.02192031 0.02192031 0.012 0.02132171 0.02145702 0.0123128 0.02090541 0.02181776 0.01232634 0.02089413 0.021827 0.01232683 0.02066689 0.02199358 0.01234163 0.02111294 0.02164773 0.0123172 0.02042619 0.02215072 0.01236204 0.02037171 0.02218219 0.01236767 0.02017892 0.02229354 0.0123876 0.02015328 0.02230655 0.0123907 0.02218206 0.02037159 0.01236773 0.02300242 0.02078193 0.012 0.02207428 0.02054688 0.01235123 0.02222225 0.02030622 0.01237389 0.02191301 0.02077999 0.01233369 0.02188586 0.02081672 0.01233136 0.02181658 0.02090449 0.01232685 0.02170842 0.02104154 0.01231981 0.02152027 0.02125495 0.01231365 0.02138877 0.02138877 0.01231309 0.02282501 0.01871078 0.01261918 0.02402549 0.0195902 0.012 0.02276178 0.01898699 0.01256614 0.0227029 0.01919152 0.01253002 0.02267971 0.01927206 0.0125158 0.02248021 0.0197982 0.01243522 0.02247818 0.01980313 0.01243451 0.02235692 0.02005825 0.01240164 0.02258586 0.01954104 0.01247253 0.02230569 0.02015256 0.01239108 0.02285681 0.01681798 0.01309274 0.02289583 0.01710034 0.01300962 0.02291027 0.01727397 0.0129613 0.02291951 0.01738501 0.0129304 0.02292684 0.01758396 0.0128777 0.0229242 0.01786854 0.01280604 0.02292093 0.01792006 0.01279385 0.02290626 0.01815135 0.0127391 0.02287317 0.01843216 0.01267683 0.02284005 0.01862381 0.01263717 0.02285065 0.01856245 0.01264987 -0.01429572 -0.02169088 0.01409245 -0.01572617 -0.02671493 0.012 -0.01414991 -0.02156578 0.01416939 -0.01408266 -0.02150128 0.01420722 -0.01394013 -0.02136458 0.0142874 -0.01355522 -0.0209285 0.01452715 -0.01351783 -0.02088052 0.0145524 -0.0136402 -0.02103033 0.01447228 -0.01374183 -0.0211521 0.01440668 -0.01334535 -0.02064306 0.01467451 -0.01318748 -0.02039809 0.01479594 -0.01325881 -0.02050877 0.01474108 -0.01294382 -0.01994453 0.01500975 -0.0129151 -0.01988684 0.01503643 -0.01304407 -0.02014592 0.01491661 -0.0128006 -0.01962104 0.01515527 -0.01269986 -0.01934606 0.01527413 -0.01265539 -0.01920712 0.01533268 -0.01265315 -0.01919897 0.01533602 -0.01270071 -0.01934872 0.01527301 -0.01677802 -0.02284815 0.01310544 -0.01705907 -0.02588413 0.012 -0.01667242 -0.02283053 0.01313743 -0.01643619 -0.02277877 0.0132127 -0.01631939 -0.02274687 0.01325185 -0.01615364 -0.02270159 0.01330741 -0.01570667 -0.02254164 0.01346909 -0.01560831 -0.02250263 0.01350587 -0.01512342 -0.0222634 0.01370238 -0.01509038 -0.02224586 0.01371617 -0.01484669 -0.02209899 0.01382371 -0.01460326 -0.02193331 0.01393748 -0.01457919 -0.02191489 0.01394942 -0.01437098 -0.02175546 0.01405273 -0.01534582 -0.02238139 0.01360955 -0.01587764 -0.02260945 0.01340515 -0.01862468 -0.02284133 0.01263661 -0.01834819 -0.02498688 0.012 -0.0186167 -0.02284301 0.01263818 -0.0182424 -0.022896 0.01271879 -0.01810691 -0.02291009 0.01274934 -0.01833503 -0.02288635 0.0126979 -0.01781663 -0.02292583 0.01281879 -0.01759682 -0.0229256 0.01287478 -0.01752785 -0.02292553 0.01289235 -0.01695236 -0.02287724 0.01305263 -0.01695554 -0.02287777 0.01305167 -0.01724076 -0.02290946 0.01296998 -0.02008904 -0.02233903 0.01239848 -0.02078193 -0.02300242 0.012 -0.01994116 -0.02241467 0.0124162 -0.0195902 -0.02402549 0.012 -0.01971275 -0.02251719 0.01244715 -0.01949811 -0.02260058 0.0124795 -0.01944376 -0.0226217 0.01248769 -0.01887957 -0.02278781 0.01258639 -0.01889551 -0.02278446 0.01258325 -0.01917127 -0.02271073 0.01253308 -0.02115377 -0.02161078 0.01231625 -0.02192031 -0.02192031 0.012 -0.02112675 -0.02163575 0.01231675 -0.021351 -0.02142855 0.0123126 -0.02090531 -0.02181831 0.01232623 -0.02064415 -0.02200817 0.01234362 -0.02043845 -0.02214316 0.01236089 -0.02019352 -0.0222856 0.01238597 -0.02015306 -0.02230629 0.01239081 -0.02067579 -0.0219874 0.01234097 -0.02227064 -0.02022072 0.01238297 -0.02300242 -0.02078193 0.012 -0.02221888 -0.02031203 0.01237329 -0.02206878 -0.02055527 0.01235052 -0.02200742 -0.02064361 0.01234394 -0.02190668 -0.02078861 0.01233313 -0.02173288 -0.021012 0.01232104 -0.02161018 -0.02115329 0.01231651 -0.0215476 -0.02122536 0.0123142 -0.02138914 -0.02138914 0.01231291 -0.02278754 -0.01887952 0.01258647 -0.02402549 -0.0195902 0.012 -0.02278165 -0.01890727 0.01258102 -0.0228408 -0.01862877 0.01263572 -0.02270791 -0.01918073 0.01253143 -0.02261982 -0.01944898 0.01248687 -0.0226007 -0.01949816 0.01247946 -0.02251756 -0.01971188 0.01244727 -0.02240116 -0.0199692 0.01241263 -0.02233899 -0.02008901 0.0123985 -0.02230591 -0.02015275 0.01239099 -0.02287576 -0.01695258 0.01305301 -0.02498688 -0.01834819 0.012 -0.02288798 -0.01703333 0.01302893 -0.02291519 -0.01731587 0.01294923 -0.022927 -0.01759683 0.01287438 -0.02292708 -0.01759866 0.01287389 -0.02292371 -0.01788147 0.01280289 -0.02290508 -0.0181641 0.01273618 -0.02289566 -0.01824234 0.01271889 -0.02287109 -0.01844633 0.0126738 -0.02284146 -0.01862477 0.01263655 -0.02172019 -0.01432796 0.01407487 -0.02588413 -0.01705907 0.012 -0.02189802 -0.01455498 0.01396087 -0.02191489 -0.01457915 0.01394943 -0.02206353 -0.01479206 0.01384866 -0.02216259 -0.01494858 0.01377802 -0.02226275 -0.01512381 0.0137025 -0.02230539 -0.01519842 0.01367035 -0.02243363 -0.01545432 0.01356601 -0.0225431 -0.0157061 0.01346876 -0.02254741 -0.01571599 0.01346494 -0.02264669 -0.01598319 0.01336714 -0.02273143 -0.0162557 0.0132726 -0.02274744 -0.0163192 0.01325172 -0.02280144 -0.01653334 0.01318132 -0.02284529 -0.01675128 0.01311306 -0.02284945 -0.01677877 0.01310486 -0.01920233 -0.01265522 0.01533437 -0.01927753 -0.01267737 0.01530314 -0.01934557 -0.01270127 0.01527397 -0.01955549 -0.01277499 0.01518398 -0.01994428 -0.01294439 0.01500971 -0.02008832 -0.01301385 0.0149436 -0.0205089 -0.01325861 0.01474107 -0.02058918 -0.01330896 0.0147016 -0.02034287 -0.01315449 0.01482272 -0.02082699 -0.01347716 0.01458033 -0.02088878 -0.0135242 0.01454807 -0.02103041 -0.01364013 0.01447227 -0.02111453 -0.01370898 0.01442726 -0.02150185 -0.01408211 0.01420715 -0.02153026 -0.01411116 0.01419062 -0.02132836 -0.01390474 0.0143081 -0.02169317 -0.01429711 0.01409133 -0.0198258 -0.01288726 0.01506407 -0.01698901 -0.01247483 0.01613442 -0.01717039 -0.01245223 0.016079 -0.01743524 -0.01243377 0.01599388 -0.01745499 -0.0124324 0.01598754 -0.0176079 -0.01242813 0.01593659 -0.01790032 -0.01243239 0.01583576 -0.01808139 -0.01244511 0.01577064 -0.01819041 -0.01245277 0.01573143 -0.01872153 -0.0125335 0.0155293 -0.01876268 -0.01254101 0.01551333 -0.01904435 -0.01260868 0.0154 -0.01847795 -0.01248903 0.01562388 -0.01571185 -0.01281107 0.01646956 -0.01590872 -0.01273466 0.01642587 -0.01605448 -0.0126849 0.01639125 -0.01616388 -0.01265261 0.0163636 -0.01632969 -0.01260367 0.0163217 -0.01679288 -0.01250452 0.01619276 -0.01688784 -0.01248742 0.01616533 -0.01660754 -0.01253789 0.0162463 -0.0149067 -0.0132185 0.01661529 -0.01498378 -0.01317339 0.01660349 -0.01514759 -0.01307754 0.01657842 -0.01555778 -0.01287655 0.01650181 -0.0156487 -0.01283558 0.01648358 -0.01539496 -0.01294991 0.01653447 -0.01396656 -0.01396655 0.01668661 -0.0140405 -0.01389171 0.01668694 -0.01424275 -0.0137073 0.01668029 -0.0144498 -0.01353742 0.01666646 -0.01445453 -0.01353353 0.01666614 -0.01467242 -0.01337291 0.01664487 -0.0147473 -0.01332355 0.01663541 -0.01342629 -0.01459737 0.01665291 -0.01349168 -0.01450907 0.01666142 -0.01353843 -0.0144506 0.01666579 -0.01366481 -0.0142925 0.01667759 -0.01384781 -0.01408675 0.01668607 -0.01396655 -0.01396656 0.01668661 -0.01287533 -0.01555722 0.01650243 -0.0128808 -0.01554399 0.01650525 -0.01299836 -0.01529721 0.01655253 -0.01312849 -0.01505708 0.01659299 -0.01327113 -0.01482374 0.01662651 -0.01317331 -0.01498377 0.01660353 -0.01332354 -0.01474727 0.01663543 -0.0125045 -0.01679287 0.01619277 -0.01253578 -0.01661769 0.01624345 -0.01248678 -0.01689203 0.01616408 -0.01259944 -0.01634574 0.01631748 -0.01265274 -0.01616391 0.01636355 -0.01268406 -0.01605704 0.01639062 -0.01281124 -0.01571208 0.01646942 -0.01277597 -0.01579729 0.01645126 -0.01253398 -0.0187214 0.01552924 -0.01251855 -0.01865028 0.01555745 -0.01257923 -0.01893004 0.01544647 -0.01247327 -0.01836809 0.01566546 -0.01244339 -0.01808363 0.01577033 -0.01244328 -0.01808151 0.01577108 -0.01242903 -0.0177971 0.01587186 -0.01242791 -0.01772771 0.01589581 -0.01243273 -0.0174472 0.0159901 -0.01243357 -0.01743523 0.01599394 -0.01245241 -0.01716859 0.01607957 -0.01247475 -0.01698888 0.01613449 -0.01281036 0.01571072 0.0164702 -0.01275529 0.01585741 0.01643702 -0.01271474 0.01596541 0.01641259 -0.01256787 0.01647587 0.0162824 -0.01255973 0.01650752 0.01627402 -0.01248226 0.01692249 0.01615499 -0.01247451 0.01698845 0.0161347 -0.01250418 0.01678465 0.01619569 -0.01262995 0.01623439 0.01634638 -0.01329182 0.01479205 0.01663058 -0.0131463 0.0150264 0.01659774 -0.01301474 0.01526549 0.01655817 -0.01301306 0.01526852 0.01655767 -0.01292818 0.01544052 0.01652575 -0.01281411 0.01570073 0.01647246 -0.01385738 0.01407658 0.01668629 -0.01380193 0.01413633 0.01668469 -0.01374507 0.01420197 0.01668142 -0.01361954 0.01434689 0.01667419 -0.0133478 0.01471166 0.01663964 -0.01332325 0.01474691 0.01663567 -0.01344955 0.01456551 0.0166561 -0.01471111 0.01334705 0.01664012 -0.01468474 0.01336433 0.01664348 -0.01446426 0.01352598 0.01666533 -0.01425278 0.01369864 0.01667978 -0.01420184 0.01374486 0.01668155 -0.01405042 0.0138822 0.01668679 -0.0139666 0.0139666 0.01668657 -0.01526608 0.01301586 0.01655756 -0.01515243 0.01307488 0.01657762 -0.01536515 0.01296442 0.01654007 -0.01491413 0.01321388 0.01661424 -0.01561576 0.01284952 0.0164905 -0.01474713 0.01332341 0.01663553 -0.01693867 0.01247994 0.01615014 -0.01666525 0.01252621 0.01623002 -0.01647601 0.0125686 0.01628213 -0.01639613 0.01258648 0.01630413 -0.01613142 0.01266054 0.01637234 -0.01587124 0.01274824 0.01643452 -0.01571218 0.01281129 0.01646937 -0.01585691 0.01275392 0.01643766 -0.01903646 0.01260658 0.01540322 -0.01903549 0.0126063 0.01540362 -0.01887425 0.01256585 0.01546891 -0.01859489 0.01250841 0.01557896 -0.01840275 0.01247965 0.01565198 -0.01831453 0.01246644 0.01568551 -0.01803336 0.01243973 0.01578844 -0.01775851 0.01242847 0.01588516 -0.0177516 0.01242819 0.01588759 -0.01746941 0.0124318 0.01598278 -0.01698781 0.01247414 0.01613503 -0.01711296 0.01245938 0.01609655 -0.01718698 0.01245065 0.0160738 -0.02169163 0.01429617 0.01409208 -0.02154817 0.0141306 0.01417994 -0.02127267 0.01385413 0.01433904 -0.02113179 0.01372399 0.01441782 -0.02067308 0.01336605 0.01465932 -0.02061136 0.01332382 0.01469047 -0.02077543 0.01344145 0.01460645 -0.02090762 0.01353884 0.01453816 -0.02036425 0.01316715 0.01481238 -0.02023137 0.01309291 0.01487567 -0.02011056 0.01302541 0.01493321 -0.01964879 0.01281331 0.01514269 -0.01958463 0.01278625 0.01517124 -0.0198506 0.01289846 0.01505287 -0.01931287 0.01268882 0.01528821 -0.01920457 0.0126566 0.01533327 -0.02134539 0.01392129 0.01429838 -0.02284807 0.01677797 0.01310548 -0.02588413 0.01705907 0.012 -0.02282821 0.01666061 0.01314111 -0.02282214 0.01663378 0.01314972 -0.02276483 0.01638026 0.01323104 -0.02269807 0.01614207 0.0133114 -0.02265358 0.01600992 0.01335832 -0.0226045 0.01586416 0.01341006 -0.02241121 0.01541091 0.01358392 -0.02237386 0.01533069 0.01361571 -0.02209776 0.01484577 0.01382434 -0.02208698 0.01482802 0.0138322 -0.02223735 0.0150754 0.01372261 -0.02191999 0.0145849 0.01394634 -0.02173983 0.01435181 0.01406257 -0.021716 0.0143243 0.01407716 -0.02249632 0.01559366 0.01351151 -0.02284107 0.0186245 0.01263673 -0.02498688 0.01834819 0.012 -0.02284515 0.01860483 0.01264061 -0.02285155 0.01856262 0.01264959 -0.02288788 0.01832281 0.01270058 -0.02292082 0.01792007 0.01279387 -0.02292601 0.01780988 0.01282046 -0.02291523 0.01803881 0.01276523 -0.02292527 0.01751877 0.01289473 -0.02291109 0.01727388 0.01296108 -0.02290855 0.01723007 0.01297295 -0.02287615 0.01694395 0.01305509 -0.02242261 0.01992446 0.01241835 -0.02402549 0.0195902 0.012 -0.02247858 0.01979748 0.01243581 -0.02253704 0.01966489 0.01245404 -0.02262416 0.01943686 0.01248879 -0.0227038 0.01919175 0.01252973 -0.02271345 0.01916207 0.01253469 -0.02300242 0.02078193 0.012 -0.02278705 0.01888465 0.01258531 -0.02138885 0.02138883 0.01231305 -0.02192031 0.02192031 0.012 -0.02145 0.02132897 0.01231274 -0.02164114 0.02112055 0.01231695 -0.02181775 0.0209054 0.01232634 -0.02182693 0.02089421 0.01232683 -0.02218223 0.02037173 0.01236765 -0.02229438 0.02017737 0.01238777 -0.02230658 0.0201533 0.01239068 -0.0221524 0.02042345 0.0123623 -0.02199663 0.02066249 0.01234196 -0.02037139 0.02218171 0.01236786 -0.02078193 0.02300242 0.012 -0.02050272 0.02210278 0.01235505 -0.02057763 0.02205405 0.01234866 -0.02081177 0.02188955 0.01233166 -0.02025987 0.02224874 0.01237874 -0.02090449 0.02181657 0.01232685 -0.02103525 0.02171366 0.01232007 -0.02124801 0.02152672 0.01231377 -0.02138884 0.02138884 0.01231305 -0.01878124 0.02281037 0.01260526 -0.0195902 0.02402549 0.012 -0.01894936 0.02277132 0.01257312 -0.01919178 0.02270376 0.01252973 -0.01922372 0.02269486 0.01252402 -0.01949209 0.02260416 0.01248009 -0.01975436 0.02249948 0.01244127 -0.01979781 0.02247937 0.01243553 -0.02001035 0.02238098 0.01240749 -0.02015252 0.02230564 0.01239111 -0.01687098 0.02286532 0.01307678 -0.01834819 0.02498688 0.012 -0.01708952 0.02289462 0.01301272 -0.01727397 0.02291036 0.01296128 -0.01737351 0.02291885 0.01293351 -0.01765698 0.02292763 0.0128589 -0.01792012 0.02292158 0.01279365 -0.0179397 0.02292113 0.0127888 -0.01822146 0.02289943 0.01272316 -0.01850205 0.02286254 0.01266198 -0.01862365 0.02283982 0.01263727 -0.01856253 0.02285124 0.01264969 -0.0143245 0.02171577 0.01407719 -0.01705907 0.02588413 0.012 -0.01436478 0.02175042 0.0140559 -0.01459281 0.02192575 0.01394251 -0.01483026 0.02208842 0.01383118 -0.01484573 0.02209782 0.01382433 -0.01507698 0.02223825 0.01372193 -0.01525054 0.02233294 0.01364863 -0.015411 0.02241109 0.01358394 -0.01550873 0.02245869 0.01354454 -0.01577201 0.0225696 0.013444 -0.01600953 0.02265478 0.01335804 -0.01604011 0.02266574 0.01334697 -0.01631277 0.02274714 0.01325343 -0.01658979 0.02281372 0.01316336 -0.0167781 0.02284828 0.01310538 -0.01663381 0.0228218 0.01314981 -0.01265466 0.01920141 0.01533483 -0.01273193 0.01943896 0.01523443 -0.01277984 0.01956811 0.01517847 -0.01281357 0.01964869 0.01514267 -0.0128936 0.0198399 0.01505771 -0.01309292 0.02023136 0.01487567 -0.01316322 0.02035764 0.01481558 -0.01331838 0.02060326 0.01469454 -0.01344115 0.02077569 0.01460643 -0.01348683 0.02083984 0.01457365 -0.01366849 0.02106721 0.01445298 -0.01373938 0.02114932 0.0144082 -0.01385423 0.02127255 0.01433906 -0.01393777 0.02136219 0.01428877 -0.0142959 0.02169117 0.01409231 -0.01414635 0.02156255 0.01417133 -0.01302154 0.02010315 0.01493668 -0.01245986 0.01711302 0.0160964 -0.01244884 0.01720671 0.01606758 -0.01243095 0.01749212 0.01597528 -0.01242791 0.01772771 0.01589581 -0.01242906 0.01775849 0.01588501 -0.01243892 0.01802122 0.0157928 -0.01247973 0.01840273 0.01565197 -0.01250914 0.01859898 0.01557738 -0.01264213 0.01916287 0.01535111 -0.01260848 0.01903597 0.01540294 -0.01256786 0.01888278 0.01546549 -0.0124661 0.01831172 0.01568656 0.0224112 -0.01994442 0.01241626 0.02402549 -0.0195902 0.012 0.0224941 -0.01976682 0.01243953 0.02300242 -0.02078193 0.012 0.0223722 -0.02002796 0.01240532 0.02265372 -0.01934547 0.01250409 0.02269253 -0.01923127 0.01252272 0.02282185 -0.0187215 0.01261731 0.02283119 -0.01867951 0.01262544 0.02284068 -0.01862424 0.01263689 0.02276933 -0.01895732 0.01257164 0.02260081 -0.01950117 0.01247868 0.02139396 -0.021386 0.0123125 0.02192031 -0.02192031 0.012 0.02159089 -0.02117756 0.0123153 0.02171538 -0.02103052 0.0123208 0.02177496 -0.02096016 0.01232342 0.02194626 -0.02073408 0.01233678 0.02209796 -0.02050967 0.01235453 0.02210481 -0.02049953 0.01235533 0.02225056 -0.02025668 0.01237909 0.02230585 -0.0201527 0.01239101 0.02023225 -0.02226401 0.01238177 0.02078193 -0.02300242 0.012 0.02023921 -0.02226035 0.01238096 0.02094375 -0.02178804 0.01232423 0.02077574 -0.02191433 0.01233441 0.02071801 -0.02195772 0.0123379 0.02048313 -0.02211523 0.0123568 0.02116019 -0.02160635 0.01231577 0.0212726 -0.02150115 0.01231401 0.02136713 -0.02141269 0.01231253 0.02138997 -0.02138997 0.01231251 0.01903623 -0.0227478 0.0125574 0.0195902 -0.02402549 0.012 0.01907954 -0.02273704 0.0125493 0.01880549 -0.0228051 0.01260052 0.01934929 -0.02265443 0.01250295 0.01961456 -0.02255731 0.01246144 0.01964901 -0.02254256 0.0124566 0.01987512 -0.02244566 0.01242481 0.01998632 -0.02239282 0.01241048 0.0201526 -0.02230573 0.01239107 0.017113 -0.02289559 0.01300647 0.01834819 -0.02498688 0.012 0.01719796 -0.02290571 0.01298194 0.01691656 -0.02287221 0.01306319 0.01748055 -0.02292397 0.01290482 0.01775852 -0.0229269 0.01283327 0.01776412 -0.02292696 0.01283183 0.01804846 -0.02291456 0.01276297 0.01824528 -0.02289689 0.01271781 0.01840273 -0.02287543 0.01268368 0.01852736 -0.02285846 0.01265667 0.01862375 -0.02283996 0.01263721 0.01447648 -0.02183879 0.01399951 0.01705907 -0.02588413 0.012 0.01461084 -0.02193878 0.01393383 0.01471179 -0.0220073 0.01388671 0.01484955 -0.02210082 0.01382241 0.01509543 -0.02224872 0.01371401 0.01526625 -0.02233917 0.01364277 0.01534817 -0.02238255 0.0136086 0.01560753 -0.0225023 0.01350617 0.01585693 -0.02260135 0.01341286 0.0158733 -0.02260786 0.01340673 0.01614531 -0.02269906 0.01331028 0.01635828 -0.02275918 0.0132383 0.0164761 -0.02278637 0.01320033 0.01663659 -0.02282341 0.01314862 0.01677796 -0.02284805 0.01310548 0.0126533 -0.01919921 0.0153359 0.01265621 -0.01920982 0.01533155 0.01275387 -0.01949846 0.01520868 0.01285736 -0.01975785 0.0150946 0.01301603 -0.02008915 0.01494282 0.01311693 -0.02027808 0.01485389 0.01326826 -0.02052716 0.0147325 0.01329637 -0.02057021 0.01471108 0.01334786 -0.02064364 0.01467374 0.01346433 -0.02080981 0.01458925 0.01297994 -0.02002156 0.01497463 0.01374536 -0.02115309 0.01440552 0.01383549 -0.0212554 0.01434931 0.01403811 -0.02146134 0.01423132 0.01364415 -0.02103821 0.01446864 0.01420189 -0.02161042 0.01414195 0.01425181 -0.02165586 0.0141147 0.01429664 -0.02169236 0.01409173 0.01274937 -0.0194872 0.01521363 0.01247494 -0.01698922 0.01613431 0.01245661 -0.01712717 0.01609251 0.01244347 -0.01727066 0.01604729 0.01242895 -0.01756184 0.01595207 0.01242914 -0.01759682 0.01594009 0.01243056 -0.01785178 0.0158528 0.01245995 -0.01824231 0.01571185 0.01248143 -0.01842705 0.01564321 0.01256788 -0.01887949 0.01546662 0.01257821 -0.01892588 0.01544815 0.01253054 -0.01871187 0.01553335 0.01244809 -0.01814026 0.01574977 0.01281052 -0.01571098 0.01647006 0.01279384 -0.01575137 0.01646144 0.01269632 -0.01601977 0.01639963 0.01260722 -0.01631903 0.01632426 0.01254648 -0.01656707 0.0162576 0.01247981 -0.01695259 0.01614541 0.01249402 -0.01684561 0.01617783 0.0126139 -0.01629173 0.0163316 0.01324764 -0.01486033 0.01662165 0.01309175 -0.01512331 0.01658214 0.01297542 -0.01534285 0.01654421 0.01281249 -0.0157062 0.01647108 0.01285857 -0.01559469 0.01649487 0.01310513 -0.01509804 0.0165865 0.01385407 -0.01408264 0.01668527 0.01377311 -0.01416812 0.01668358 0.01396115 -0.01396956 0.0166875 0.01359516 -0.01437682 0.01667213 0.01357124 -0.01440663 0.01666994 0.01344089 -0.01457951 0.01665412 0.01340297 -0.01462981 0.01664952 0.01332369 -0.01474747 0.0166353 0.0145852 -0.01343513 0.01665415 0.01436728 -0.01360289 0.0166728 0.01432448 -0.01363955 0.01667509 0.01415921 -0.01378114 0.01668391 0.01396547 -0.01396546 0.01668742 0.01541084 -0.0129439 0.01653088 0.01523609 -0.01302997 0.01656338 0.01548175 -0.01290898 0.01651769 0.01484583 -0.01325767 0.01662331 0.01481294 -0.01327815 0.01662791 0.01499633 -0.01316403 0.0166023 0.01474718 -0.01332347 0.01663548 0.01663394 -0.01253409 0.01623838 0.01652031 -0.01255683 0.01627051 0.01677485 -0.01250588 0.01619854 0.01625252 -0.0126248 0.01634173 0.01600941 -0.0127003 0.01640195 0.0159901 -0.01270629 0.01640674 0.01573313 -0.01280106 0.01646543 0.01571102 -0.01281055 0.01647003 0.01919194 -0.01265101 0.01533896 0.01892189 -0.01257723 0.01544976 0.01856263 -0.01250362 0.01559121 0.01845497 -0.01248553 0.01563262 0.01817381 -0.01245117 0.01573752 0.01863996 -0.01251661 0.01556147 0.01792009 -0.01243393 0.01582861 0.01789286 -0.01243208 0.01583839 0.01761231 -0.01242807 0.0159351 0.01733235 -0.01243904 0.0160275 0.01727394 -0.01244446 0.01604588 0.01705314 -0.01246495 0.01611538 0.01698839 -0.01247447 0.01613473 0.02169574 -0.0142987 0.01409008 0.02167557 -0.01427483 0.01410257 0.02147834 -0.01405587 0.01422134 0.02138857 -0.01396678 0.01427295 0.02127054 -0.01384964 0.01434081 0.02090451 -0.01353874 0.01453928 0.02082469 -0.01347544 0.01458153 0.02058721 -0.01330765 0.01470258 0.0203719 -0.01317277 0.01480843 0.02034036 -0.013153 0.01482394 0.0202605 -0.01310695 0.0148623 0.02000301 -0.01297072 0.01498321 0.01979768 -0.01287624 0.0150764 0.01974013 -0.01284976 0.01510251 0.01947217 -0.01274388 0.01522013 0.01919935 -0.01265303 0.01533592 0.01919831 -0.01265275 0.01533635 0.02105256 -0.01365615 0.0144609 0.02284874 -0.01677836 0.01310518 0.02588413 -0.01705907 0.012 0.02283932 -0.01671857 0.01312312 0.02270443 -0.01616338 0.0133041 0.0227034 -0.01615961 0.01330536 0.02261254 -0.01588615 0.01340205 0.02258069 -0.01580074 0.01343335 0.02247964 -0.01555738 0.01352582 0.02246805 -0.01552948 0.01353642 0.02218264 -0.01498341 0.01376296 0.02204681 -0.01476681 0.0138603 0.02169899 -0.01430254 0.01408807 0.02181661 -0.01445083 0.01401311 0.0218795 -0.01453011 0.01397302 0.02220081 -0.01501239 0.01374994 0.02234131 -0.01526667 0.01364196 0.02277901 -0.01643716 0.01321239 0.02498688 -0.01834819 0.012 0.02287026 -0.01845194 0.0126726 0.0229048 -0.0181672 0.01273548 0.02291048 -0.01808141 0.01275572 0.0229237 -0.01788169 0.01280283 0.02292684 -0.01758396 0.0128777 0.02292004 -0.0174353 0.01291746 0.0229135 -0.01729214 0.01295575 0.02285101 -0.01679281 0.01310084 0.02288422 -0.01700363 0.01303757 -0.02300242 -0.02078193 6.874547e-18 -0.02402549 -0.0195902 6.848067e-18 -0.02498688 -0.01834819 6.804006e-18 -0.02588413 -0.01705907 6.74248e-18 -0.02671493 -0.01572617 6.663645e-18 -0.02747716 -0.0143529 6.567707e-18 -0.02816886 -0.01294278 6.454908e-18 -0.02878824 -0.01149944 6.325538e-18 -0.02933373 -0.01002658 6.179932e-18 -0.02980392 -0.008527983 6.018463e-18 -0.0301976 -0.007007491 5.841543e-18 -0.03051376 -0.00546902 5.64963e-18 -0.0307516 -0.003916501 5.443212e-18 -0.0309105 -0.002353922 5.222822e-18 -0.03099006 -0.0007853138 4.989027e-18 -0.03099006 0.0007853138 4.742424e-18 -0.0309105 0.002353922 4.483647e-18 -0.0307516 0.003916501 4.213359e-18 -0.03051376 0.00546902 3.932256e-18 -0.0301976 0.007007491 3.641061e-18 -0.02980392 0.008527983 3.340519e-18 -0.02933373 0.01002658 3.031402e-18 -0.02878824 0.01149944 2.714502e-18 -0.02816886 0.01294278 2.390634e-18 -0.02747716 0.0143529 2.060631e-18 -0.02671493 0.01572617 1.725337e-18 -0.02588413 0.01705907 1.385615e-18 -0.02498688 0.01834819 1.042335e-18 -0.02402549 0.0195902 6.963803e-19 -0.02300242 0.02078193 3.486375e-19 -0.02192031 0.02192031 4.214718e-34 -0.02078193 0.02300242 -3.486375e-19 -0.0195902 0.02402549 -6.963803e-19 -0.01834819 0.02498688 -1.042335e-18 -0.01705907 0.02588413 -1.385615e-18 -0.01572617 0.02671493 -1.725337e-18 -0.0143529 0.02747716 -2.060631e-18 -0.01294278 0.02816886 -2.390634e-18 -0.01149944 0.02878824 -2.714502e-18 -0.01002658 0.02933373 -3.031402e-18 -0.008527983 0.02980392 -3.340519e-18 -0.007007491 0.0301976 -3.641061e-18 -0.00546902 0.03051376 -3.932256e-18 -0.003916501 0.0307516 -4.213359e-18 -0.002353922 0.0309105 -4.483647e-18 -0.0007853138 0.03099006 -4.742424e-18 0.0007853138 0.03099006 -4.989027e-18 0.002353922 0.0309105 -5.222822e-18 0.003916501 0.0307516 -5.443212e-18 0.00546902 0.03051376 -5.64963e-18 0.007007491 0.0301976 -5.841543e-18 0.008527983 0.02980392 -6.018463e-18 0.01002658 0.02933373 -6.179932e-18 0.01149944 0.02878824 -6.325538e-18 0.01294278 0.02816886 -6.454908e-18 0.0143529 0.02747716 -6.567707e-18 0.01572617 0.02671493 -6.663645e-18 0.01705907 0.02588413 -6.74248e-18 0.01834819 0.02498688 -6.804006e-18 0.0195902 0.02402549 -6.848067e-18 0.02078193 0.02300242 -6.874547e-18 0.02192031 0.02192031 -6.883383e-18 0.02300242 0.02078193 -6.874547e-18 0.02402549 0.0195902 -6.848067e-18 0.02498688 0.01834819 -6.804006e-18 0.02588413 0.01705907 -6.74248e-18 0.02671493 0.01572617 -6.663645e-18 0.02747716 0.0143529 -6.567707e-18 0.02816886 0.01294278 -6.454908e-18 0.02878824 0.01149944 -6.325538e-18 0.02933373 0.01002658 -6.179932e-18 0.02980392 0.008527983 -6.018463e-18 0.0301976 0.007007491 -5.841543e-18 0.03051376 0.00546902 -5.64963e-18 0.0307516 0.003916501 -5.443212e-18 0.0309105 0.002353922 -5.222822e-18 0.03099006 0.0007853138 -4.989027e-18 0.03099006 -0.0007853138 -4.742424e-18 0.0309105 -0.002353922 -4.483647e-18 0.0307516 -0.003916501 -4.213359e-18 0.03051376 -0.00546902 -3.932256e-18 0.0301976 -0.007007491 -3.641061e-18 0.02980392 -0.008527983 -3.340519e-18 0.02933373 -0.01002658 -3.031402e-18 0.02878824 -0.01149944 -2.714502e-18 0.02816886 -0.01294278 -2.390634e-18 0.02747716 -0.0143529 -2.060631e-18 0.02671493 -0.01572617 -1.725337e-18 0.02588413 -0.01705907 -1.385615e-18 0.02498688 -0.01834819 -1.042335e-18 0.02402549 -0.0195902 -6.963803e-19 0.02300242 -0.02078193 -3.486375e-19 0.02192031 -0.02192031 -1.264415e-33 0.02078193 -0.02300242 3.486375e-19 0.0195902 -0.02402549 6.963803e-19 0.01834819 -0.02498688 1.042335e-18 0.01705907 -0.02588413 1.385615e-18 0.01572617 -0.02671493 1.725337e-18 0.0143529 -0.02747716 2.060631e-18 0.01294278 -0.02816886 2.390634e-18 0.01149944 -0.02878824 2.714502e-18 0.01002658 -0.02933373 3.031402e-18 0.008527983 -0.02980392 3.340519e-18 0.007007491 -0.0301976 3.641061e-18 0.00546902 -0.03051376 3.932256e-18 0.003916501 -0.0307516 4.213359e-18 0.002353922 -0.0309105 4.483647e-18 0.0007853138 -0.03099006 4.742424e-18 -0.0007853138 -0.03099006 4.989027e-18 -0.002353922 -0.0309105 5.222822e-18 -0.003916501 -0.0307516 5.443212e-18 -0.00546902 -0.03051376 5.64963e-18 -0.007007491 -0.0301976 5.841543e-18 -0.008527983 -0.02980392 6.018463e-18 -0.01002658 -0.02933373 6.179932e-18 -0.01149944 -0.02878824 6.325538e-18 -0.01294278 -0.02816886 6.454908e-18 -0.0143529 -0.02747716 6.567707e-18 -0.01572617 -0.02671493 6.663645e-18 -0.01705907 -0.02588413 6.74248e-18 -0.01834819 -0.02498688 6.804006e-18 -0.0195902 -0.02402549 6.848067e-18 -0.02078193 -0.02300242 6.874547e-18 -0.02192031 -0.02192031 6.883383e-18 -0.01250282 -0.01679257 0.012 -0.01243327 -0.0174352 0.012 -0.01265081 -0.01616335 0.012 -0.012875 -0.01555708 0.012 -0.013172 -0.01498297 0.012 -0.0135373 -0.0144497 0.012 -0.01396536 -0.01396536 0.012 -0.01444969 -0.0135373 0.012 -0.01498297 -0.013172 0.012 -0.01555708 -0.012875 0.012 -0.01616335 -0.01265081 0.012 -0.01679257 -0.01250282 0.012 -0.0174352 -0.01243327 0.012 -0.01808152 -0.01244322 0.012 -0.01872171 -0.01253253 0.012 -0.01934607 -0.01269982 0.012 -0.01994515 -0.01294259 0.012 -0.02050985 -0.01325712 0.012 -0.02103161 -0.01363866 0.012 -0.02150254 -0.01408144 0.012 -0.02191549 -0.01457873 0.012 -0.02226419 -0.015123 0.012 -0.02254337 -0.01570599 0.012 -0.02274878 -0.01631887 0.012 -0.02287732 -0.01695235 0.012 -0.02289719 -0.01824252 0.012 -0.02292704 -0.01759682 0.012 -0.02278822 -0.01887966 0.012 -0.02260177 -0.01949857 0.012 -0.02234068 -0.02008989 0.012 -0.02200891 -0.02064464 0.012 -0.02161147 -0.0211544 0.012 -0.0211544 -0.02161147 0.012 -0.02064464 -0.02200891 0.012 -0.02008989 -0.02234068 0.012 -0.01949857 -0.02260177 0.012 -0.01887966 -0.02278822 0.012 -0.01824252 -0.02289719 0.012 -0.01759682 -0.02292704 0.012 -0.01695235 -0.02287732 0.012 -0.01631887 -0.02274878 0.012 -0.01570599 -0.02254337 0.012 -0.01512299 -0.02226419 0.012 -0.01457873 -0.02191549 0.012 -0.01408144 -0.02150254 0.012 -0.01363866 -0.02103161 0.012 -0.01325712 -0.02050985 0.012 -0.01294259 -0.01994515 0.012 -0.01269982 -0.01934607 0.012 -0.01253253 -0.01872171 0.012 -0.01244322 -0.01808152 0.012 -0.01797923 -0.01469286 0.012 -0.01845413 -0.01477989 0.012 -0.0193318 -0.0151749 0.012 -0.01971185 -0.01547265 0.012 -0.02003922 -0.01582751 0.012 -0.02062853 -0.01713691 0.012 -0.01655758 -0.01489461 0.012 -0.01701852 -0.01475098 0.012 -0.01749654 -0.01468315 0.012 -0.01890891 -0.01494197 0.012 -0.02030542 -0.01623029 0.012 -0.02050357 -0.01667056 0.012 -0.01612566 -0.01511033 0.012 -0.02067706 -0.01761726 0.012 -0.02064791 -0.01809918 0.012 -0.02054183 -0.01857018 0.012 -0.01713691 -0.02062853 0.012 -0.01667056 -0.02050357 0.012 -0.02036157 -0.01901807 0.012 -0.01623029 -0.02030542 0.012 -0.0201118 -0.01943123 0.012 -0.01979899 -0.01979899 0.012 -0.01943123 -0.0201118 0.012 -0.01582751 -0.02003922 0.012 -0.01547265 -0.01971185 0.012 -0.0151749 -0.0193318 0.012 -0.01494197 -0.01890891 0.012 -0.01901807 -0.02036157 0.012 -0.01809918 -0.02064791 0.012 -0.01477989 -0.01845413 0.012 -0.01857018 -0.02054183 0.012 -0.01761726 -0.02067706 0.012 -0.01469286 -0.01797923 0.012 -0.01468315 -0.01749654 0.012 -0.01475098 -0.01701852 0.012 -0.01511033 -0.01612566 0.012 -0.01539253 -0.01573393 0.012 -0.01573393 -0.01539253 0.012 -0.01489461 -0.01655758 0.012 -0.01943123 -0.0201118 6.208622e-18 -0.01901807 -0.02036157 6.182967e-18 -0.01857018 -0.02054183 6.140948e-18 -0.01809918 -0.02064791 6.083651e-18 -0.01761726 -0.02067706 6.012562e-18 -0.01713691 -0.02062853 5.929523e-18 -0.01667056 -0.02050357 5.836683e-18 -0.01623029 -0.02030542 5.736445e-18 -0.01582751 -0.02003922 5.631409e-18 -0.01547265 -0.01971185 5.524292e-18 -0.0151749 -0.0193318 5.41787e-18 -0.01494197 -0.01890891 5.314902e-18 -0.01477989 -0.01845413 5.218048e-18 -0.01469286 -0.01797923 5.129821e-18 -0.01468315 -0.01749654 5.052507e-18 -0.01475098 -0.01701852 4.988105e-18 -0.01489461 -0.01655758 4.938285e-18 -0.01511033 -0.01612566 4.904339e-18 -0.01539253 -0.01573393 4.887142e-18 -0.01555635 -0.01555635 4.884981e-18 -0.01573393 -0.01539253 4.887142e-18 -0.01612566 -0.01511033 4.904339e-18 -0.01655758 -0.01489461 4.938285e-18 -0.01701852 -0.01475098 4.988105e-18 -0.01749654 -0.01468315 5.052507e-18 -0.01797923 -0.01469286 5.129821e-18 -0.01845413 -0.01477989 5.218048e-18 -0.01890891 -0.01494197 5.314902e-18 -0.0193318 -0.0151749 5.41787e-18 -0.01971185 -0.01547265 5.524292e-18 -0.02003922 -0.01582751 5.631409e-18 -0.02030542 -0.01623029 5.736445e-18 -0.02050357 -0.01667056 5.836683e-18 -0.02062853 -0.01713691 5.929523e-18 -0.02067706 -0.01761726 6.012562e-18 -0.02064791 -0.01809918 6.083651e-18 -0.02054183 -0.01857018 6.140948e-18 -0.02036157 -0.01901807 6.182967e-18 -0.0201118 -0.01943123 6.208622e-18 -0.01979899 -0.01979899 6.217249e-18 -0.0124283 0.01775852 0.012 -0.01247802 0.01840299 0.012 -0.01260656 0.01903647 0.012 -0.01281197 0.01964935 0.012 -0.01309115 0.02023234 0.012 -0.01343985 0.02077661 0.012 -0.0138528 0.0212739 0.012 -0.01432372 0.02171667 0.012 -0.01484549 0.02209822 0.012 -0.01541019 0.02241275 0.012 -0.01600927 0.02265552 0.012 -0.01663363 0.02282281 0.012 -0.01727382 0.02291212 0.012 -0.01792014 0.02292207 0.012 -0.01856277 0.02285252 0.012 -0.01919199 0.02270453 0.012 -0.01979826 0.02248034 0.012 -0.02037237 0.02218334 0.012 -0.02090565 0.02181804 0.012 -0.02138998 0.02138998 0.012 -0.02181804 0.02090565 0.012 -0.02218334 0.02037237 0.012 -0.02248034 0.01979826 0.012 -0.02270453 0.01919199 0.012 -0.02285252 0.01856277 0.012 -0.02292207 0.01792014 0.012 -0.02291212 0.01727382 0.012 -0.02282281 0.01663363 0.012 -0.02265552 0.01600927 0.012 -0.02241275 0.01541019 0.012 -0.02209822 0.01484549 0.012 -0.02171667 0.01432372 0.012 -0.0212739 0.0138528 0.012 -0.02077661 0.01343985 0.012 -0.02023234 0.01309115 0.012 -0.01964935 0.01281197 0.012 -0.01903647 0.01260656 0.012 -0.01840299 0.01247802 0.012 -0.01775852 0.01242829 0.012 -0.01711282 0.01245815 0.012 -0.01647568 0.01256712 0.012 -0.01585677 0.01275357 0.012 -0.01526545 0.01301466 0.012 -0.0147107 0.01334643 0.012 -0.01420094 0.01374387 0.012 -0.01396536 0.01396536 0.012 -0.01374387 0.01420093 0.012 -0.01334643 0.0147107 0.012 -0.01301466 0.01526545 0.012 -0.01275357 0.01585677 0.012 -0.01256712 0.01647568 0.012 -0.01245815 0.01711282 0.012 -0.01469286 0.01797923 0.012 -0.01494197 0.01890891 0.012 -0.0151749 0.0193318 0.012 -0.01547265 0.01971185 0.012 -0.01582751 0.02003922 0.012 -0.01623029 0.02030542 0.012 -0.02064791 0.01809918 0.012 -0.02067706 0.01761726 0.012 -0.02003922 0.01582751 0.012 -0.01890891 0.01494197 0.012 -0.01468315 0.01749654 0.012 -0.01477989 0.01845413 0.012 -0.01667056 0.02050357 0.012 -0.01809918 0.02064791 0.012 -0.02062853 0.01713691 0.012 -0.02050357 0.01667056 0.012 -0.02030542 0.01623029 0.012 -0.01971185 0.01547265 0.012 -0.0193318 0.0151749 0.012 -0.01713691 0.02062853 0.012 -0.01761726 0.02067706 0.012 -0.01489461 0.01655758 0.012 -0.0201118 0.01943123 0.012 -0.02036157 0.01901807 0.012 -0.01511033 0.01612566 0.012 -0.01475098 0.01701852 0.012 -0.01857018 0.02054183 0.012 -0.01901807 0.02036157 0.012 -0.01979899 0.01979899 0.012 -0.02054183 0.01857018 0.012 -0.01845413 0.01477989 0.012 -0.01797923 0.01469286 0.012 -0.01749654 0.01468315 0.012 -0.01655758 0.01489461 0.012 -0.01612566 0.01511033 0.012 -0.01555635 0.01555635 0.012 -0.01539253 0.01573393 0.012 -0.01943123 0.0201118 0.012 -0.01701852 0.01475098 0.012 -0.01573393 0.01539253 0.012 -0.0201118 0.01943123 1.068554e-19 -0.02036157 0.01901807 2.109433e-19 -0.02054183 0.01857018 3.095679e-19 -0.02064791 0.01809918 4.001748e-19 -0.02067706 0.01761726 4.804172e-19 -0.02062853 0.01713691 5.482175e-19 -0.02050357 0.01667056 6.018188e-19 -0.02030542 0.01623029 6.398335e-19 -0.02003922 0.01582751 6.61277e-19 -0.01971185 0.01547265 6.655936e-19 -0.0193318 0.0151749 6.526717e-19 -0.01890891 0.01494197 6.22846e-19 -0.01845413 0.01477989 5.768887e-19 -0.01797923 0.01469286 5.159906e-19 -0.01749654 0.01468315 4.417284e-19 -0.01701852 0.01475098 3.560257e-19 -0.01655758 0.01489461 2.611022e-19 -0.01612566 0.01511033 1.594163e-19 -0.01573393 0.01539253 5.36015e-20 -0.01555635 0.01555635 -2.498643e-33 -0.01539253 0.01573393 -5.36015e-20 -0.01511033 0.01612566 -1.594163e-19 -0.01489461 0.01655758 -2.611022e-19 -0.01475098 0.01701852 -3.560257e-19 -0.01468315 0.01749654 -4.417284e-19 -0.01469286 0.01797923 -5.159906e-19 -0.01477989 0.01845413 -5.768887e-19 -0.01494197 0.01890891 -6.22846e-19 -0.0151749 0.0193318 -6.526717e-19 -0.01547265 0.01971185 -6.655936e-19 -0.01582751 0.02003922 -6.61277e-19 -0.01623029 0.02030542 -6.398335e-19 -0.01667056 0.02050357 -6.018188e-19 -0.01713691 0.02062853 -5.482175e-19 -0.01761726 0.02067706 -4.804172e-19 -0.01809918 0.02064791 -4.001748e-19 -0.01857018 0.02054183 -3.095679e-19 -0.01901807 0.02036157 -2.109433e-19 -0.01943123 0.0201118 -1.068554e-19 -0.01979899 0.01979899 -2.468163e-33 0.02292207 0.01792014 0.012 0.02285252 0.01856277 0.012 0.02270453 0.01919199 0.012 0.02248034 0.01979826 0.012 0.02218334 0.02037237 0.012 0.02181804 0.02090565 0.012 0.02138998 0.02138998 0.012 0.02090565 0.02181804 0.012 0.02037237 0.02218334 0.012 0.01979826 0.02248034 0.012 0.01919199 0.02270453 0.012 0.01856277 0.02285252 0.012 0.01792014 0.02292207 0.012 0.01727382 0.02291212 0.012 0.01663363 0.02282281 0.012 0.01600927 0.02265552 0.012 0.01541019 0.02241275 0.012 0.01484549 0.02209822 0.012 0.01432372 0.02171667 0.012 0.0138528 0.0212739 0.012 0.01343985 0.02077661 0.012 0.01309115 0.02023234 0.012 0.01281197 0.01964935 0.012 0.01260656 0.01903647 0.012 0.01247802 0.01840299 0.012 0.01242829 0.01775852 0.012 0.01245815 0.01711282 0.012 0.01256712 0.01647568 0.012 0.01275357 0.01585677 0.012 0.01301466 0.01526545 0.012 0.01334643 0.0147107 0.012 0.01374387 0.01420094 0.012 0.01396536 0.01396536 0.012 0.01420093 0.01374387 0.012 0.0147107 0.01334643 0.012 0.01526545 0.01301466 0.012 0.01585677 0.01275357 0.012 0.01647568 0.01256712 0.012 0.01711282 0.01245815 0.012 0.01775852 0.0124283 0.012 0.01840299 0.01247802 0.012 0.01903647 0.01260656 0.012 0.01964935 0.01281197 0.012 0.02023234 0.01309115 0.012 0.02077661 0.01343985 0.012 0.0212739 0.0138528 0.012 0.02171667 0.01432372 0.012 0.02209822 0.01484549 0.012 0.02241275 0.01541019 0.012 0.02265552 0.01600927 0.012 0.02282281 0.01663363 0.012 0.02291212 0.01727382 0.012 0.01797923 0.01469286 0.012 0.01890891 0.01494197 0.012 0.0193318 0.0151749 0.012 0.01979899 0.01555635 0.012 0.02003922 0.01582751 0.012 0.01749654 0.01468315 0.012 0.01845413 0.01477989 0.012 0.01971185 0.01547265 0.012 0.02030542 0.01623029 0.012 0.01573393 0.01539253 0.012 0.01539253 0.01573393 0.012 0.02050357 0.01667056 0.012 0.02062853 0.01713691 0.012 0.02067706 0.01761726 0.012 0.02064791 0.01809918 0.012 0.01655758 0.01489461 0.012 0.01701852 0.01475098 0.012 0.02054183 0.01857018 0.012 0.01494197 0.01890891 0.012 0.01489461 0.01655758 0.012 0.01511033 0.01612566 0.012 0.01612566 0.01511033 0.012 0.02036157 0.01901807 0.012 0.0201118 0.01943123 0.012 0.01943123 0.0201118 0.012 0.01901807 0.02036157 0.012 0.01547265 0.01971185 0.012 0.0151749 0.0193318 0.012 0.01469286 0.01797923 0.012 0.01468315 0.01749654 0.012 0.01475098 0.01701852 0.012 0.01979899 0.01979899 0.012 0.01477989 0.01845413 0.012 0.01857018 0.02054183 0.012 0.01809918 0.02064791 0.012 0.01761726 0.02067706 0.012 0.01582751 0.02003922 0.012 0.01667056 0.02050357 0.012 0.01623029 0.02030542 0.012 0.01713691 0.02062853 0.012 0.01943123 0.0201118 -6.208622e-18 0.01901807 0.02036157 -6.182967e-18 0.01857018 0.02054183 -6.140948e-18 0.01809918 0.02064791 -6.083651e-18 0.01761726 0.02067706 -6.012562e-18 0.01713691 0.02062853 -5.929523e-18 0.01667056 0.02050357 -5.836683e-18 0.01623029 0.02030542 -5.736445e-18 0.01582751 0.02003922 -5.631409e-18 0.01547265 0.01971185 -5.524292e-18 0.0151749 0.0193318 -5.41787e-18 0.01494197 0.01890891 -5.314902e-18 0.01477989 0.01845413 -5.218048e-18 0.01469286 0.01797923 -5.129821e-18 0.01468315 0.01749654 -5.052507e-18 0.01475098 0.01701852 -4.988105e-18 0.01489461 0.01655758 -4.938285e-18 0.01511033 0.01612566 -4.904339e-18 0.01539253 0.01573393 -4.887142e-18 0.01555635 0.01555635 -4.884981e-18 0.01573393 0.01539253 -4.887142e-18 0.01612566 0.01511033 -4.904339e-18 0.01655758 0.01489461 -4.938285e-18 0.01701852 0.01475098 -4.988105e-18 0.01749654 0.01468315 -5.052507e-18 0.01797923 0.01469286 -5.129821e-18 0.01845413 0.01477989 -5.218048e-18 0.01890891 0.01494197 -5.314902e-18 0.0193318 0.0151749 -5.41787e-18 0.01971185 0.01547265 -5.524292e-18 0.02003922 0.01582751 -5.631409e-18 0.02030542 0.01623029 -5.736445e-18 0.02050357 0.01667056 -5.836683e-18 0.02062853 0.01713691 -5.929523e-18 0.02067706 0.01761726 -6.012562e-18 0.02064791 0.01809918 -6.083651e-18 0.02054183 0.01857018 -6.140948e-18 0.02036157 0.01901807 -6.182967e-18 0.0201118 0.01943123 -6.208622e-18 0.01979899 0.01979899 -6.217249e-18 0.02067706 -0.01761726 -4.804172e-19 0.01555635 -0.01555635 8.157222e-34 0.01573393 -0.01539253 -5.36015e-20 0.01749654 -0.01468315 -4.417284e-19 0.01468315 -0.01749654 4.417284e-19 0.02062853 -0.01713691 -5.482175e-19 0.01797923 -0.01469286 -5.159906e-19 0.01845413 -0.01477989 -5.768887e-19 0.01469286 -0.01797923 5.159906e-19 0.01539253 -0.01573393 5.36015e-20 0.0201118 -0.01943123 -1.068554e-19 0.01979899 -0.01979899 3.26263e-34 0.01943123 -0.0201118 1.068554e-19 0.01809918 -0.02064791 4.001748e-19 0.01857018 -0.02054183 3.095679e-19 0.01761726 -0.02067706 4.804172e-19 0.01713691 -0.02062853 5.482175e-19 0.01667056 -0.02050357 6.018188e-19 0.01623029 -0.02030542 6.398335e-19 0.01582751 -0.02003922 6.61277e-19 0.01547265 -0.01971185 6.655936e-19 0.01612566 -0.01511033 -1.594163e-19 0.01701852 -0.01475098 -3.560257e-19 0.0193318 -0.0151749 -6.526717e-19 0.01971185 -0.01547265 -6.655936e-19 0.02003922 -0.01582751 -6.61277e-19 0.02030542 -0.01623029 -6.398335e-19 0.02050357 -0.01667056 -6.018188e-19 0.0151749 -0.0193318 6.526717e-19 0.01494197 -0.01890891 6.22846e-19 0.01477989 -0.01845413 5.768887e-19 0.02064791 -0.01809918 -4.001748e-19 0.01901807 -0.02036157 2.109433e-19 0.01655758 -0.01489461 -2.611022e-19 0.01890891 -0.01494197 -6.22846e-19 0.02054183 -0.01857018 -3.095679e-19 0.02036157 -0.01901807 -2.109433e-19 0.01475098 -0.01701852 3.560257e-19 0.01489461 -0.01655758 2.611022e-19 0.01511033 -0.01612566 1.594163e-19 0.01979899 -0.01979899 0.012 0.0201118 -0.01943123 0.012 0.02036157 -0.01901807 0.012 0.02054183 -0.01857018 0.012 0.02064791 -0.01809918 0.012 0.02067706 -0.01761726 0.012 0.02062853 -0.01713691 0.012 0.02050357 -0.01667056 0.012 0.02030542 -0.01623029 0.012 0.02003922 -0.01582751 0.012 0.01971185 -0.01547265 0.012 0.0193318 -0.0151749 0.012 0.01890891 -0.01494197 0.012 0.01845413 -0.01477989 0.012 0.01797923 -0.01469286 0.012 0.01749654 -0.01468315 0.012 0.01701852 -0.01475098 0.012 0.01655758 -0.01489461 0.012 0.01612566 -0.01511033 0.012 0.01573393 -0.01539253 0.012 0.01539253 -0.01573393 0.012 0.01511033 -0.01612566 0.012 0.01489461 -0.01655758 0.012 0.01475098 -0.01701852 0.012 0.01468315 -0.01749654 0.012 0.01469286 -0.01797923 0.012 0.01477989 -0.01845413 0.012 0.01494197 -0.01890891 0.012 0.0151749 -0.0193318 0.012 0.01547265 -0.01971185 0.012 0.01555635 -0.01979899 0.012 0.01582751 -0.02003922 0.012 0.01623029 -0.02030542 0.012 0.01667056 -0.02050357 0.012 0.01713691 -0.02062853 0.012 0.01761726 -0.02067706 0.012 0.01809918 -0.02064791 0.012 0.01857018 -0.02054183 0.012 0.01901807 -0.02036157 0.012 0.01943123 -0.0201118 0.012 0.02285252 -0.01679257 0.012 0.02292207 -0.01743521 0.012 0.02270453 -0.01616335 0.012 0.02248034 -0.01555708 0.012 0.02218334 -0.01498297 0.012 0.02181804 -0.01444969 0.012 0.02138998 -0.01396536 0.012 0.02090565 -0.0135373 0.012 0.02037237 -0.013172 0.012 0.01979825 -0.012875 0.012 0.01919199 -0.01265081 0.012 0.01856277 -0.01250282 0.012 0.01792013 -0.01243327 0.012 0.01727382 -0.01244322 0.012 0.01663363 -0.01253253 0.012 0.01600926 -0.01269982 0.012 0.01541019 -0.01294258 0.012 0.01484549 -0.01325712 0.012 0.01432373 -0.01363867 0.012 0.01396536 -0.01396536 0.012 0.0138528 -0.01408144 0.012 0.01343985 -0.01457873 0.012 0.01309115 -0.01512299 0.012 0.01275076 -0.01586439 0.01643484 0.01281198 -0.01570599 0.012 0.01260656 -0.01631887 0.012 0.01247801 -0.01695235 0.012 0.01242829 -0.01759682 0.012 0.01245814 -0.01824252 0.012 0.01256712 -0.01887966 0.012 0.01275357 -0.01949858 0.012 0.01301466 -0.02008989 0.012 0.01334643 -0.02064463 0.012 0.01374387 -0.02115441 0.012 0.01420093 -0.02161147 0.012 0.01471071 -0.02200891 0.012 0.01526545 -0.02234068 0.012 0.01585676 -0.02260177 0.012 0.01647568 -0.02278822 0.012 0.01711282 -0.02289719 0.012 0.01840299 -0.02287732 0.012 0.01775852 -0.02292705 0.012 0.01903647 -0.02274878 0.012 0.01964935 -0.02254336 0.012 0.02023235 -0.02226419 0.012 0.02077661 -0.02191548 0.012 0.0212739 -0.02150254 0.012 0.02171667 -0.02103161 0.012 0.02209822 -0.02050984 0.012 0.02241276 -0.01994515 0.012 0.02265552 -0.01934608 0.012 0.02282281 -0.01872171 0.012 0.02291212 -0.01808152 0.012</float_array>
          <technique_common>
            <accessor count="4869" source="#cubeverts-array0-array" stride="3">
              <param type="float" name="X"/>
              <param type="float" name="Y"/>
              <param type="float" name="Z"/>
            </accessor>
          </technique_common>
        </source>
        <source id="cubenormals-array0">
          <float_array count="29250" id="cubenormals-array0-array">0.6405811 -0.7369036 0.2159373 0.5317903 -0.8188835 0.2159374 0.4126475 -0.8849254 0.2159374 0.2854746 -0.9337426 0.2159373 0.1527442 -0.964386 0.2159374 0.01703813 -0.9762585 0.2159373 -0.1189929 -0.9691294 0.2159374 -0.252713 -0.9431369 0.2159373 -0.3815125 -0.8987876 0.2159374 -0.502888 -0.8369436 0.2159374 -0.6144732 -0.7588108 0.2159374 -0.7140985 -0.6659087 0.2159374 -0.7998261 -0.5600439 0.2159374 -0.8699851 -0.4432799 0.2159374 -0.9232103 -0.3178897 0.2159373 -0.9584681 -0.186306 0.2159374 -0.9750691 -0.05110047 0.2159374 -0.9726915 0.08510175 0.2159374 -0.9513825 0.2196415 0.2159373 -0.9115546 0.3499133 0.2159373 -0.8539866 0.4733687 0.2159374 -0.7797938 0.5876161 0.2159374 -0.6658515 0.7140377 0.2163143 -0.7140338 0.6658558 0.2163144 -0.5876175 0.7797927 0.2159374 -0.4733706 0.8539856 0.2159374 -0.3499145 0.9115541 0.2159374 -0.2196409 0.9513826 0.2159374 -0.08509815 0.9726918 0.2159374 0.05110212 0.975069 0.2159374 0.1863051 0.9584683 0.2159373 0.3178876 0.923211 0.2159374 0.4432808 0.8699846 0.2159374 0.5600438 0.7998263 0.2159374 0.6659096 0.7140977 0.2159374 0.7588118 0.6144719 0.2159374 0.8369442 0.5028871 0.2159373 0.8987885 0.3815105 0.2159374 0.9431368 0.2527134 0.2159374 0.9691296 0.1189911 0.2159373 0.9762585 -0.01704035 0.2159374 0.9643857 -0.1527459 0.2159374 0.9337428 -0.2854739 0.2159374 0.8849257 -0.4126469 0.2159374 0.818884 -0.5317894 0.2159373 0.7369041 -0.6405806 0.2159373 0.7369021 -0.6405829 0.2159373 0.8188806 -0.5317949 0.2159372 0.8849244 -0.4126501 0.2159372 0.9337445 -0.2854685 0.2159376 0.9643864 -0.1527411 0.2159374 0.9762588 -0.01702981 0.2159375 0.9691293 0.1189935 0.2159374 0.9431358 0.2527173 0.2159373 0.8987857 0.381517 0.2159375 0.8369451 0.5028855 0.2159376 0.7588078 0.6144769 0.2159374 0.6659075 0.7140996 0.2159374 0.5600402 0.7998288 0.2159373 0.4432784 0.8699858 0.2159374 0.3178921 0.9232095 0.2159371 0.1863126 0.9584668 0.2159372 0.05109862 0.9750692 0.2159374 -0.08510785 0.9726909 0.2159375 -0.2196472 0.9513812 0.2159374 -0.3499129 0.9115548 0.2159374 -0.4733629 0.8539898 0.2159373 -0.5876226 0.7797889 0.2159376 -0.7140416 0.6658474 0.2163142 -0.7797861 0.5876264 0.2159373 -0.853986 0.4733697 0.2159376 -0.9115526 0.3499184 0.2159372 -0.9513813 0.2196469 0.2159373 -0.9726918 0.08509818 0.2159374 -0.9750689 -0.05110445 0.2159374 -0.9584679 -0.1863073 0.2159376 -0.9232123 -0.3178837 0.2159373 -0.8699846 -0.4432807 0.2159374 -0.7998296 -0.5600389 0.2159375 -0.7140974 -0.6659098 0.2159374 -0.6144725 -0.7588114 0.2159372 -0.5028816 -0.8369476 0.2159374 -0.3815094 -0.8987889 0.2159375 -0.252717 -0.9431359 0.2159373 -0.1189871 -0.9691301 0.2159374 0.01703869 -0.9762586 0.2159374 0.1527471 -0.9643854 0.2159375 0.2854651 -0.9337455 0.2159374 0.4126461 -0.8849261 0.2159375 0.5317908 -0.8188832 0.2159374 0.6405816 -0.7369033 0.2159372 -0.7612723 -0.6484322 -3.055073e-06 -0.7313532 -0.6819989 0.0001511902 -0.7256761 -0.6880366 0.0001217706 -0.7947016 -0.6070004 9.947145e-05 -0.8191554 -0.5735716 8.139881e-06 -0.8191522 -0.5735762 0.0001131185 -0.8811358 -0.4728634 0.0001043036 -0.8910059 -0.4539917 8.586009e-05 -0.8547213 -0.5190871 -2.287167e-05 -0.8258805 -0.5638451 0.0001709582 -0.905053 -0.425299 2.416113e-05 -0.9264053 -0.3765278 -1.573629e-05 -0.9455196 -0.3255653 0.0001108967 -0.8910064 -0.4539908 0.0001614464 -0.9455177 -0.3255708 0.0001408192 -0.9745004 -0.2243854 9.809278e-05 -0.9816269 -0.19081 3.862721e-05 -0.9611809 -0.2759192 -1.314639e-05 -0.9451334 -0.3266848 0.0001360792 -0.9850632 -0.1721931 6.265095e-05 -0.9977878 -0.06647947 0.0001124242 -0.9986294 -0.0523391 0.000106852 -0.9928316 -0.1195221 -2.343925e-05 -0.9816275 -0.1908077 0.0001604092 -0.9999114 -0.01330776 7.905242e-06 -0.9992028 0.0399215 -6.792018e-06 -0.9961948 0.0871551 0.0001033187 -0.9986296 -0.0523352 0.0001572463 -0.9961945 0.08715805 0.0001271085 -0.9801306 0.1983535 0.0001000971 -0.9743697 0.2249528 6.580781e-05 -0.9892982 0.145908 -1.983722e-05 -0.9956618 0.09304681 0.0001536877 -0.9681844 0.2502382 4.024739e-05 -0.9534948 0.3014092 -2.06445e-05 -0.9335789 0.3583718 0.0001197434 -0.9743707 0.2249487 0.0001623937 -0.9335803 0.3583682 0.0001497046 -0.8934144 0.4492336 9.901795e-05 -0.8746209 0.4848074 1.346919e-05 -0.916053 0.4010572 -4.955843e-06 -0.9361014 0.3517301 0.0001239387 -0.8746213 0.4848066 0.0001100206 -0.8105649 0.5856487 0.0001054186 -0.798628 0.6018249 8.959209e-05 -0.8405977 0.5416599 -2.322177e-05 -0.8682359 0.4961516 0.0001746937 -0.7782612 0.6279406 2.12208e-05 -0.7437353 0.6684742 -1.448044e-05 -0.7313567 0.6819951 2.817736e-05 -0.7986358 0.6018146 0.0001609912 -0.7313501 0.6820022 3.83168e-05 -0.6684711 0.7437381 -1.447762e-05 -0.6279351 0.7782658 9.817215e-05 -0.6018206 0.7986313 4.340524e-05 -0.6819987 0.7313535 3.832536e-05 -0.7071068 0.7071068 -2.362472e-05 -0.5856299 0.8105786 5.866814e-05 -0.496143 0.8682408 0.0001141265 -0.4848017 0.8746241 0.0001100321 -0.5416599 0.8405977 -2.322177e-05 -0.601816 0.7986347 0.0001609702 -0.449237 0.8934126 5.543858e-06 -0.4010616 0.9160511 -4.954884e-06 -0.3583682 0.9335804 0.0001024139 -0.4848086 0.8746203 0.0001562339 -0.3583694 0.9335799 0.0001244957 -0.2502369 0.9681847 0.0001007265 -0.2249548 0.9743692 6.998506e-05 -0.3014088 0.953495 -2.064401e-05 -0.3517301 0.9361014 0.0001569799 -0.1983525 0.9801307 3.685735e-05 -0.1459061 0.9892984 -1.983926e-05 -0.08716618 0.9961937 0.0001177574 -0.224948 0.9743707 0.0001623807 -0.08715436 0.9961948 0.0001480902 0.01331135 0.9999114 9.86184e-05 0.05233406 0.9986296 1.867327e-05 -0.03992343 0.9992027 -6.792553e-06 -0.0930468 0.9956618 0.000126155 0.1721839 0.9850648 0.0001066553 0.06650893 0.9977858 0.0001785023 0.1195221 0.9928316 -2.343925e-05 0.05233689 0.9986295 0.0001068563 0.01330283 0.9999115 9.861837e-05 0.2759202 0.9611806 -1.314701e-05 0.2243768 0.9745024 1.834931e-05 0.1908067 0.9816276 0.0001604188 0.1721955 0.9850628 0.0001066553 0.4252982 0.9050533 9.838207e-05 0.3266848 0.9451334 0.0001415644 0.376527 0.9264056 -1.573691e-05 0.3255687 0.9455184 0.0001366294 0.2759146 0.9611821 0.0001077974 0.5638641 0.8258675 0.0001158912 0.5735719 0.8191552 0.0001131079 0.5190871 0.8547213 -2.287167e-05 0.4728624 0.8811363 5.481851e-05 0.4539918 0.8910059 0.0001614433 0.4252995 0.9050527 9.838206e-05 0.6484358 0.7612693 -3.05566e-06 0.607 0.7947019 3.244583e-06 0.573576 0.8191523 0.0001550968 0.5638438 0.8258815 0.0001158912 0.761279 0.6484244 0.000101479 0.6880366 0.7256761 0.0001603297 0.7256761 0.6880366 -2.133132e-05 0.6819998 0.7313523 0.0001217762 0.6484244 0.761279 0.0001013926 0.8258815 0.5638438 -1.895973e-05 0.7947019 0.607 3.353722e-05 0.7771469 0.6293193 0.0001622825 0.7612693 0.6484358 0.000101479 0.9050527 0.4252995 9.835165e-05 0.8547213 0.5190871 0.0001285141 0.8811363 0.4728624 -8.510405e-06 0.8571672 0.5150383 0.0001464236 0.8258675 0.5638641 0.0001157047 0.9611821 0.2759146 0.0001079446 0.9264056 0.376527 0.0001824148 0.9451334 0.3266848 -2.3571e-05 0.9205058 0.3907288 0.0001035953 0.9050533 0.4252982 9.835165e-05 0.9850628 0.1721955 -1.168699e-05 0.9745024 0.2243768 1.561223e-05 0.9659257 0.2588197 0.0001597568 0.9611806 0.2759202 0.0001079446 0.9999115 0.01330283 9.866025e-05 0.9928316 0.1195221 0.0001444567 0.9977858 0.06650893 -1.688385e-05 0.9925465 0.1218662 0.0001343996 0.9850648 0.1721839 0.0001065082 0.9892923 -0.1459488 0.0001177462 0.9876888 -0.1564317 0.0001160807 0.9956618 -0.0930468 -2.246787e-05 0.9992027 -0.03992343 5.102592e-05 0.9998477 -0.01745209 0.0001618111 0.9999114 0.01331135 9.866022e-05 0.9681841 -0.2502388 -1.034056e-06 0.9801307 -0.1983525 1.065951e-06 0.9876881 -0.1564367 0.0001538844 0.9892984 -0.1459061 0.0001177461 0.9160578 -0.4010462 0.000102348 0.953495 -0.3014088 0.0001637592 0.9361014 -0.3517301 -2.194743e-05 0.9563047 -0.2923718 0.0001189818 0.9681847 -0.2502369 0.0001006553 0.8682355 -0.4961525 -1.798413e-05 0.8934126 -0.449237 3.03171e-05 0.9063081 -0.4226177 0.0001620926 0.9160511 -0.4010616 0.000102348 0.7782573 -0.6279455 9.817581e-05 0.8405977 -0.5416599 0.0001309415 0.8105786 -0.5856299 -1.013638e-05 0.8386706 -0.5446389 0.0001446549 0.8682408 -0.496143 0.0001139412 0.6684543 -0.7437532 0.0001093437 0.7437381 -0.6684711 0.0001864422 0.7071068 -0.7071068 -2.362472e-05 0.7547097 -0.6560588 0.0001002307 0.7782658 -0.6279351 9.817577e-05 0.5856245 -0.8105825 -1.013929e-05 0.6279406 -0.7782612 1.2963e-05 0.6560593 -0.7547093 0.0001590257 0.6684742 -0.7437353 0.0001093437 0.4492422 -0.89341 9.905196e-05 0.5416599 -0.8405977 0.0001474465 0.4961516 -0.8682359 -1.798322e-05 0.5446398 -0.83867 0.0001320515 0.5856487 -0.8105649 0.0001052815 0.3013918 -0.9535004 0.0001197385 0.2923647 -0.9563068 0.0001189986 0.3517301 -0.9361014 -2.194746e-05 0.4010572 -0.916053 4.735253e-05 0.4226183 -0.9063078 0.0001620909 0.4492336 -0.8934144 9.905203e-05 0.1983519 -0.9801309 0.0001000161 0.2502382 -0.9681844 -1.034029e-06 0.2923725 -0.9563045 0.0001525867 0.3014092 -0.9534948 0.0001197385 0.03992875 -0.9992025 0.0001032724 0.145908 -0.9892982 0.000167314 0.0930468 -0.9956618 -2.246787e-05 0.156435 -0.9876882 0.0001160879 0.1983535 -0.9801306 0.0001000161 -0.01330776 -0.9999114 2.721617e-05 -0.06651261 -0.9977856 -1.68869e-05 -0.1218635 -0.9925469 0.000112464 0.01744981 -0.9998478 0.0001618212 -0.1218681 -0.9925463 0.0001427823 -0.2243684 -0.9745044 9.810643e-05 -0.2588234 -0.9659247 3.379373e-05 -0.1721932 -0.9850632 -1.168819e-05 -0.1195221 -0.9928316 0.0001334618 -0.2759192 -0.9611809 6.671785e-05 -0.376522 -0.9264076 0.0001108596 -0.390729 -0.9205057 0.0001035957 -0.3266848 -0.9451334 -2.3571e-05 -0.2588193 -0.9659258 0.0001597649 -0.425299 -0.905053 1.038873e-05 -0.4728621 -0.8811365 -8.510268e-06 -0.5150337 -0.8571699 0.0001043383 -0.390731 -0.920505 0.0001581861 -0.5150393 -0.8571666 0.0001296268 -0.6069993 -0.7947024 9.95214e-05 -0.6293203 -0.7771459 6.150582e-05 -0.5638451 -0.8258805 -1.895812e-05 -0.519087 -0.8547214 0.0001505122 -0.6880366 -0.7256761 -2.133129e-05 -0.6484322 -0.7612723 4.377466e-05 -0.6293206 -0.7771458 0.0001622899 -0.7313519 -0.6820003 0.0001217749 -0.6070004 -0.7947016 9.952141e-05 -0.4728634 -0.8811358 0.0001041744 -0.3765278 -0.9264053 0.0001108596 -0.2243854 -0.9745004 9.81065e-05 -0.06647947 -0.9977878 0.0001122618 0.0399215 -0.9992028 0.0001032724 0.01745027 -0.9998477 8.202604e-05 0.1564369 -0.9876879 2.743862e-06 0.4226177 -0.906308 5.711884e-05 0.5446408 -0.8386694 0.0001054522 0.6560592 -0.7547094 0.0001002297 0.754708 -0.6560608 2.885914e-05 0.8386676 -0.5446435 0.0001141499 0.9063072 -0.4226195 7.811526e-05 0.9563062 -0.2923668 0.0001007922 0.9998478 -0.01744344 5.265734e-05 0.9925461 0.1218691 0.0001066857 0.9659249 0.2588221 9.677468e-05 0.9205031 0.3907354 2.381307e-05 0.8571683 0.5150366 0.0001159192 0.7771426 0.6293246 7.410948e-05 0.6819975 0.7313544 0.0001015364 0.4539887 0.8910074 4.807161e-05 0.3255717 0.9455174 0.0001079811 0.190813 0.9816264 9.323438e-05 -0.1459488 0.9892923 0.0001175372 -0.2502388 0.9681842 0.0001007265 -0.4010462 0.9160578 0.0001022637 -0.4961525 0.8682355 0.0001141264 -0.6279455 0.7782573 9.817204e-05 -0.7437532 0.6684543 2.816843e-05 -0.8105825 0.5856245 0.0001054185 -0.89341 0.4492422 9.901798e-05 -0.9535004 0.3013918 0.0001195187 -0.9801309 0.1983519 0.000100097 -0.9992025 0.03992875 0.0001031619 -0.9977856 -0.06651261 0.0001124241 -0.9745044 -0.2243684 9.809285e-05 -0.9264076 -0.376522 0.0001106997 -0.8811365 -0.4728621 0.0001043037 -0.7947024 -0.6069993 9.947145e-05 -0.7253178 -0.6876978 0.03140001 -0.7608969 -0.6481125 0.03140022 -0.7943097 -0.6067011 0.03140002 -0.7943103 -0.6067002 0.0313998 -0.8254733 -0.5635672 0.03139985 -0.8542999 -0.5188311 0.0313994 -0.8807028 -0.4726273 0.03140084 -0.8807012 -0.4726302 0.03140111 -0.9046066 -0.4250892 0.03140027 -0.9259485 -0.3763422 0.03139951 -0.9259502 -0.3763381 0.0313982 -0.9446662 -0.326527 0.03139831 -0.9607051 -0.2757895 0.03139957 -0.9740233 -0.2242602 0.03139933 -0.9740199 -0.2242748 0.03140182 -0.9845775 -0.1721082 0.03139981 -0.992342 -0.1194631 0.03139886 -0.9972938 -0.06647705 0.03140105 -0.9972958 -0.06644668 0.03139988 -0.9994184 -0.01330119 0.03140021 -0.99871 0.03990181 0.03140113 -0.9987099 0.03990725 0.03139977 -0.9951705 0.09300321 0.03139993 -0.9888107 0.1458338 0.03139911 -0.9796479 0.1982521 0.03140029 -0.9796472 0.1982557 0.03139985 -0.9677069 0.2501148 0.03140073 -0.9530247 0.3012606 0.03140033 -0.9530243 0.301262 0.03139983 -0.9356399 0.3515567 0.03139965 -0.9156013 0.4008594 0.03139893 -0.8929737 0.449012 0.03140081 -0.8929717 0.4490162 0.03139986 -0.8678065 0.495909 0.03140061 -0.8401836 0.5413922 0.03139979 -0.8101774 0.5853429 0.03140158 -0.8101652 0.58536 0.03139999 -0.777878 0.6276302 0.03139925 -0.7433686 0.6681446 0.03139954 -0.743373 0.6681396 0.03140146 -0.7067581 0.7067581 0.0314004 -0.6681415 0.7433713 0.03140041 -0.6276302 0.777878 0.03140057 -0.6276254 0.777882 0.03139957 -0.585343 0.8101775 0.03139922 -0.5413921 0.8401836 0.03140002 -0.495909 0.8678066 0.03140017 -0.4958984 0.8678127 0.03139978 -0.4490155 0.892972 0.03140052 -0.4008639 0.9155993 0.03140086 -0.4008542 0.9156037 0.03139831 -0.3515588 0.9356391 0.03139889 -0.301262 0.9530243 0.03139968 -0.250116 0.9677065 0.0314006 -0.2501135 0.9677072 0.03140031 -0.1982521 0.9796479 0.03140073 -0.1458341 0.9888106 0.03139987 -0.1458338 0.9888107 0.03139977 -0.09300091 0.9951708 0.03139914 -0.03990375 0.9987101 0.03139994 0.01330479 0.9994183 0.0314011 0.0133038 0.9994183 0.03140129 0.06647706 0.9972938 0.03140022 0.1194662 0.9923416 0.03139993 0.1721054 0.984578 0.03139838 0.1720989 0.9845791 0.03139881 0.2242661 0.974022 0.03139975 0.2757841 0.9607065 0.03140181 0.2757895 0.960705 0.03140025 0.326527 0.9446662 0.03139951 0.376338 0.9259502 0.03139829 0.4250873 0.9046075 0.03139975 0.4250886 0.9046069 0.03139953 0.4726292 0.8807018 0.03140038 0.5188311 0.8542999 0.03140113 0.563566 0.825474 0.03139995 0.5635861 0.8254603 0.03139938 0.6067002 0.7943103 0.03139983 0.6481161 0.7608939 0.03140002 0.648112 0.7608973 0.03140125 0.6876978 0.7253178 0.03140024 0.7253183 0.6876973 0.03140001 0.7608973 0.6481121 0.03140125 0.7609037 0.6481047 0.03140022 0.79431 0.6067007 0.03140001 0.8254743 0.5635658 0.03139985 0.825474 0.563566 0.03139996 0.8542973 0.5188355 0.0313994 0.8807027 0.4726273 0.03140111 0.9046063 0.4250898 0.03140027 0.9046075 0.4250873 0.03139974 0.9259489 0.3763414 0.03139952 0.9446674 0.3265237 0.03139831 0.9607051 0.2757895 0.03140025 0.9607082 0.2757786 0.03139956 0.9740233 0.2242602 0.03140182 0.9845771 0.1721105 0.03139982 0.984578 0.1721053 0.03139837 0.992342 0.1194631 0.03139886 0.9972938 0.06647613 0.0313999 0.9994183 0.01330381 0.0314013 0.9994184 0.01329627 0.03140021 0.9987099 -0.03990725 0.03140112 0.9951705 -0.09300321 0.03139993 0.9888107 -0.1458338 0.03139977 0.9888044 -0.1458768 0.03139908 0.9796479 -0.1982521 0.03139985 0.9677067 -0.2501154 0.03140073 0.9677065 -0.250116 0.03140059 0.9530247 -0.3012601 0.03140034 0.9356399 -0.3515567 0.03139965 0.9156037 -0.4008542 0.03139831 0.9156061 -0.4008485 0.03139893 0.8929717 -0.4490162 0.03140081 0.8678073 -0.4959078 0.03140061 0.8678066 -0.4959091 0.03140017 0.8401832 -0.5413927 0.03139978 0.8101789 -0.5853411 0.03140001 0.7778736 -0.627636 0.03139925 0.777878 -0.6276302 0.03140056 0.7433714 -0.6681415 0.03139954 0.706758 -0.706758 0.0314004 0.6681396 -0.743373 0.03140146 0.6681247 -0.7433864 0.03140039 0.627631 -0.7778775 0.03139958 0.5853357 -0.8101828 0.03139921 0.585343 -0.8101775 0.03140158 0.5413927 -0.8401832 0.03140002 0.495907 -0.8678077 0.03139979 0.4490162 -0.8929717 0.03139986 0.4490207 -0.8929695 0.03140054 0.4008542 -0.9156036 0.03140085 0.3515588 -0.9356391 0.03139889 0.301262 -0.9530243 0.03139983 0.3012432 -0.9530302 0.03139966 0.2501148 -0.9677069 0.03140032 0.198254 -0.9796475 0.03140073 0.1982521 -0.9796479 0.03140029 0.1458361 -0.9888104 0.03139987 0.09300091 -0.9951708 0.03139914 0.03990725 -0.9987099 0.03139977 0.03990906 -0.9987098 0.03139993 -0.01330381 -0.9994183 0.0314011 -0.06647981 -0.9972936 0.03140021 -0.06647705 -0.9972938 0.03140105 -0.1194662 -0.9923416 0.03139993 -0.1721053 -0.984578 0.03139881 -0.2242578 -0.9740239 0.03139976 -0.2242602 -0.9740233 0.03139933 -0.2757831 -0.9607068 0.0314018 -0.326527 -0.9446662 0.03139951 -0.376338 -0.9259502 0.0313982 -0.3763364 -0.9259509 0.03139829 -0.4250873 -0.9046075 0.03139954 -0.4726289 -0.880702 0.03140038 -0.4726273 -0.8807027 0.03140084 -0.5188311 -0.8542999 0.03140113 -0.5635672 -0.8254733 0.03139941 -0.6067002 -0.7943103 0.0313998 -0.6067001 -0.7943105 0.03139983 -0.6481125 -0.760897 0.03140003 -0.6876972 -0.7253182 0.03140025 -0.7224573 -0.6849856 0.09407489 -0.7578964 -0.645556 0.09407718 -0.7911777 -0.6043076 0.0940759 -0.8222186 -0.5613435 0.09407558 -0.8509282 -0.5167894 0.09407371 -0.8772296 -0.4707634 0.09407453 -0.9010401 -0.4234109 0.09407443 -0.9222984 -0.3748538 0.09407574 -0.9409405 -0.3252392 0.09407596 -0.9569163 -0.2747018 0.09407454 -0.970182 -0.2233758 0.09407435 -0.980695 -0.1714266 0.09407582 -0.9884281 -0.1189951 0.09407474 -0.9933608 -0.0662149 0.09407472 -0.995477 -0.01325133 0.09407406 -0.9947711 0.03974988 0.09407601 -0.9912458 0.09263642 0.09407575 -0.9849111 0.1452587 0.0940749 -0.9757845 0.1974703 0.09407343 -0.9638903 0.2491296 0.09407392 -0.9492659 0.3000739 0.09407486 -0.9319491 0.3501723 0.09407602 -0.9119928 0.3992734 0.09407351 -0.8894501 0.4472455 0.09407414 -0.8643842 0.4939533 0.09407427 -0.8368702 0.5392572 0.09407378 -0.8069823 0.5830345 0.09407654 -0.7748103 0.625155 0.09407596 -0.7404414 0.6655047 0.0940752 -0.7039708 0.7039708 0.09407524 -0.6655046 0.7404414 0.09407596 -0.625155 0.7748102 0.09407648 -0.5830346 0.8069825 0.09407373 -0.5392571 0.8368702 0.09407421 -0.4939533 0.8643843 0.09407409 -0.4472455 0.8894502 0.09407359 -0.3992733 0.9119926 0.09407596 -0.3501723 0.9319492 0.09407496 -0.300074 0.9492659 0.09407386 -0.2491296 0.9638903 0.09407341 -0.1974703 0.9757845 0.09407497 -0.1452587 0.984911 0.09407574 -0.09263642 0.9912458 0.09407606 -0.03974986 0.9947714 0.09407405 0.01325133 0.995477 0.09407469 0.06621488 0.9933608 0.09407474 0.1189951 0.988428 0.09407583 0.1714266 0.9806951 0.09407427 0.2233758 0.970182 0.09407444 0.2747018 0.9569162 0.09407584 0.3252393 0.9409406 0.09407573 0.3748539 0.9222986 0.09407445 0.4234109 0.9010401 0.09407463 0.4707635 0.8772297 0.09407375 0.5167893 0.8509281 0.09407561 0.5613434 0.8222185 0.0940759 0.6043075 0.7911776 0.09407715 0.6455561 0.7578965 0.09407491 0.6849856 0.7224573 0.09407597 0.7224573 0.6849856 0.09407489 0.7578964 0.645556 0.09407718 0.7911777 0.6043076 0.0940759 0.8222186 0.5613435 0.09407558 0.8509282 0.5167894 0.09407371 0.8772296 0.4707634 0.09407453 0.9010401 0.4234109 0.09407443 0.9222984 0.3748538 0.09407574 0.9409405 0.3252392 0.09407596 0.9569163 0.2747018 0.09407454 0.970182 0.2233758 0.09407435 0.980695 0.1714266 0.09407582 0.9884281 0.1189951 0.09407474 0.9933608 0.0662149 0.09407472 0.995477 0.01325133 0.09407406 0.9947711 -0.03974988 0.09407601 0.9912458 -0.09263642 0.09407575 0.9849111 -0.1452587 0.0940749 0.9757845 -0.1974703 0.09407343 0.9638903 -0.2491296 0.09407392 0.9492659 -0.3000739 0.09407486 0.9319491 -0.3501723 0.09407602 0.9119928 -0.3992734 0.09407351 0.8894501 -0.4472455 0.09407414 0.8643842 -0.4939533 0.09407427 0.8368702 -0.5392572 0.09407378 0.8069823 -0.5830345 0.09407654 0.7748103 -0.625155 0.09407596 0.7404414 -0.6655047 0.0940752 0.7039708 -0.7039708 0.09407524 0.6655046 -0.7404414 0.09407596 0.625155 -0.7748102 0.09407648 0.5830346 -0.8069825 0.09407373 0.5392571 -0.8368702 0.09407421 0.4939533 -0.8643843 0.09407409 0.4472455 -0.8894502 0.09407359 0.3992733 -0.9119926 0.09407596 0.3501723 -0.9319492 0.09407496 0.300074 -0.9492659 0.09407386 0.2491296 -0.9638903 0.09407341 0.1974703 -0.9757845 0.09407497 0.1452587 -0.984911 0.09407574 0.09263642 -0.9912458 0.09407606 0.03974986 -0.9947714 0.09407405 -0.01325133 -0.995477 0.09407469 -0.06621488 -0.9933608 0.09407474 -0.1189951 -0.988428 0.09407583 -0.1714266 -0.9806951 0.09407427 -0.2233758 -0.970182 0.09407444 -0.2747018 -0.9569162 0.09407584 -0.3252393 -0.9409406 0.09407573 -0.3748539 -0.9222986 0.09407445 -0.4234109 -0.9010401 0.09407463 -0.4707635 -0.8772297 0.09407375 -0.5167893 -0.8509281 0.09407561 -0.5613434 -0.8222185 0.0940759 -0.6043075 -0.7911776 0.09407715 -0.6455561 -0.7578965 0.09407491 -0.6849856 -0.7224573 0.09407597 -0.7167498 -0.6795698 0.1563794 -0.7519029 -0.6404594 0.1563777 -0.7849271 -0.5995288 0.1563798 -0.8157211 -0.5569065 0.1563787 -0.8442059 -0.5127004 0.15638 -0.8702954 -0.4670448 0.1563811 -0.8939188 -0.4200639 0.1563827 -0.9150078 -0.3718947 0.1563818 -0.933504 -0.3226695 0.1563803 -0.9493545 -0.2725271 0.1563807 -0.9625141 -0.22161 0.1563829 -0.9729435 -0.1700761 0.1563808 -0.9806167 -0.1180515 0.1563804 -0.98551 -0.06569146 0.1563805 -0.9876095 -0.01314473 0.1563805 -0.9869096 0.03943006 0.1563797 -0.9834117 0.0919052 0.1563805 -0.9771265 0.1441131 0.1563812 -0.9680714 0.195914 0.1563823 -0.9562724 0.2471592 0.1563822 -0.9417647 0.2976997 0.1563791 -0.9245847 0.347402 0.1563807 -0.904782 0.3961243 0.1563815 -0.8824212 0.4437093 0.1563807 -0.8575531 0.4900491 0.15638 -0.8302553 0.5349962 0.1563813 -0.8006093 0.57842 0.1563808 -0.7686858 0.6202154 0.1563809 -0.734588 0.6602466 0.1563808 -0.6984071 0.6984071 0.1563808 -0.6602466 0.734588 0.156381 -0.6202154 0.7686858 0.1563809 -0.57842 0.8006092 0.1563813 -0.5349963 0.8302556 0.1563799 -0.4900489 0.8575529 0.1563808 -0.4437092 0.8824211 0.1563814 -0.3961243 0.9047821 0.1563807 -0.347402 0.924585 0.156379 -0.2976995 0.9417641 0.1563821 -0.2471592 0.9562724 0.1563823 -0.195914 0.9680716 0.1563812 -0.1441131 0.9771266 0.1563805 -0.09190517 0.9834118 0.1563797 -0.03943001 0.9869095 0.1563804 0.01314473 0.9876095 0.1563805 0.06569146 0.98551 0.1563804 0.1180515 0.9806166 0.1563808 0.1700761 0.9729432 0.1563829 0.2216101 0.9625144 0.1563807 0.2725272 0.9493546 0.1563803 0.3226694 0.9335037 0.1563817 0.3718946 0.9150075 0.1563827 0.4200639 0.893919 0.1563811 0.4670449 0.8702956 0.15638 0.5127006 0.8442062 0.1563786 0.5569064 0.815721 0.1563798 0.599529 0.7849274 0.1563777 0.6404592 0.7519026 0.1563794 0.6795698 0.7167497 0.1563798 0.7167498 0.6795698 0.1563794 0.7519029 0.6404594 0.1563777 0.7849271 0.5995288 0.1563798 0.8157211 0.5569065 0.1563787 0.8442059 0.5127004 0.15638 0.8702954 0.4670448 0.1563811 0.8939188 0.4200639 0.1563827 0.9150078 0.3718947 0.1563818 0.933504 0.3226695 0.1563803 0.9493545 0.2725271 0.1563807 0.9625141 0.22161 0.1563829 0.9729435 0.1700761 0.1563808 0.9806167 0.1180515 0.1563804 0.98551 0.06569146 0.1563805 0.9876095 0.01314473 0.1563805 0.9869096 -0.03943006 0.1563797 0.9834117 -0.0919052 0.1563805 0.9771265 -0.1441131 0.1563812 0.9680714 -0.195914 0.1563823 0.9562724 -0.2471592 0.1563822 0.9417647 -0.2976997 0.1563791 0.9245847 -0.347402 0.1563807 0.904782 -0.3961243 0.1563815 0.8824212 -0.4437093 0.1563807 0.8575531 -0.4900491 0.15638 0.8302553 -0.5349962 0.1563813 0.8006093 -0.57842 0.1563808 0.7686858 -0.6202154 0.1563809 0.734588 -0.6602466 0.1563808 0.6984071 -0.6984071 0.1563808 0.6602466 -0.734588 0.156381 0.6202154 -0.7686858 0.1563809 0.57842 -0.8006092 0.1563813 0.5349963 -0.8302556 0.1563799 0.4900489 -0.8575529 0.1563808 0.4437092 -0.8824211 0.1563814 0.3961243 -0.9047821 0.1563807 0.347402 -0.924585 0.156379 0.2976995 -0.9417641 0.1563821 0.2471592 -0.9562724 0.1563823 0.195914 -0.9680716 0.1563812 0.1441131 -0.9771266 0.1563805 0.09190517 -0.9834118 0.1563797 0.03943001 -0.9869095 0.1563804 -0.01314473 -0.9876095 0.1563805 -0.06569146 -0.98551 0.1563804 -0.1180515 -0.9806166 0.1563808 -0.1700761 -0.9729432 0.1563829 -0.2216101 -0.9625144 0.1563807 -0.2725272 -0.9493546 0.1563803 -0.3226694 -0.9335037 0.1563817 -0.3718946 -0.9150075 0.1563827 -0.4200639 -0.893919 0.1563811 -0.4670449 -0.8702956 0.15638 -0.5127006 -0.8442062 0.1563786 -0.5569064 -0.815721 0.1563798 -0.599529 -0.7849274 0.1563777 -0.6404592 -0.7519026 0.1563794 -0.6795698 -0.7167497 0.1563798 -0.7082143 -0.6714751 0.2180687 -0.7429506 -0.6328275 0.2180687 -0.775575 -0.5923931 0.2180685 -0.8060074 -0.5502709 0.218069 -0.8341494 -0.5065976 0.2180683 -0.8599288 -0.461485 0.2180689 -0.8832712 -0.4150654 0.2180658 -0.9041114 -0.3674632 0.2180671 -0.9223874 -0.3188229 0.218068 -0.9380478 -0.2692823 0.2180677 -0.9510497 -0.2189767 0.2180676 -0.9613571 -0.1680446 0.2180679 -0.9689378 -0.1166445 0.218068 -0.9737726 -0.0649093 0.2180684 -0.9758471 -0.01298818 0.2180687 -0.9751554 0.03896243 0.2180686 -0.9716998 0.09080826 0.218067 -0.9654896 0.1423948 0.218068 -0.9565431 0.1935778 0.2180667 -0.9448838 0.2442161 0.2180672 -0.9305451 0.2941624 0.2180693 -0.9135749 0.3432601 0.2180676 -0.8940072 0.3914044 0.2180683 -0.8719108 0.4384266 0.2180682 -0.8473385 0.4842147 0.2180679 -0.8203692 0.5286212 0.2180685 -0.7910737 0.5715325 0.2180665 -0.759531 0.6128289 0.2180675 -0.7258389 0.6523834 0.2180684 -0.6900892 0.6900892 0.2180684 -0.6523835 0.725839 0.2180675 -0.612829 0.7595312 0.2180665 -0.5715322 0.7910733 0.2180685 -0.5286213 0.8203694 0.2180679 -0.4842146 0.8473384 0.2180682 -0.4384266 0.8719108 0.2180682 -0.3914044 0.8940073 0.2180676 -0.3432599 0.9135745 0.2180694 -0.2941626 0.9305456 0.218067 -0.2442161 0.9448839 0.2180667 -0.1935777 0.9565427 0.218068 -0.1423948 0.9654898 0.218067 -0.09080822 0.9716995 0.2180686 -0.03896243 0.9751554 0.2180686 0.01298818 0.9758471 0.2180684 0.06490925 0.9737726 0.2180681 0.1166445 0.9689378 0.218068 0.1680447 0.9613571 0.2180676 0.2189767 0.9510497 0.2180678 0.2692823 0.9380476 0.218068 0.3188229 0.9223875 0.2180671 0.3674633 0.9041117 0.2180659 0.4150651 0.8832706 0.2180689 0.4614851 0.8599289 0.2180683 0.5065975 0.8341491 0.218069 0.550271 0.8060074 0.2180686 0.5923931 0.775575 0.2180686 0.6328275 0.7429506 0.2180687 0.6714754 0.7082145 0.2180666 0.7082143 0.6714751 0.2180687 0.7429506 0.6328275 0.2180687 0.775575 0.5923931 0.2180685 0.8060074 0.5502709 0.218069 0.8341494 0.5065976 0.2180683 0.8599288 0.461485 0.2180689 0.8832712 0.4150654 0.2180658 0.9041114 0.3674632 0.2180671 0.9223874 0.3188229 0.218068 0.9380478 0.2692823 0.2180677 0.9510497 0.2189767 0.2180676 0.9613571 0.1680446 0.2180679 0.9689378 0.1166445 0.218068 0.9737726 0.0649093 0.2180684 0.9758471 0.01298818 0.2180687 0.9751554 -0.03896243 0.2180686 0.9716998 -0.09080826 0.218067 0.9654896 -0.1423948 0.218068 0.9565431 -0.1935778 0.2180667 0.9448838 -0.2442161 0.2180672 0.9305451 -0.2941624 0.2180693 0.9135749 -0.3432601 0.2180676 0.8940072 -0.3914044 0.2180683 0.8719108 -0.4384266 0.2180682 0.8473385 -0.4842147 0.2180679 0.8203692 -0.5286212 0.2180685 0.7910737 -0.5715325 0.2180665 0.759531 -0.6128289 0.2180675 0.7258389 -0.6523834 0.2180684 0.6900892 -0.6900892 0.2180684 0.6523835 -0.725839 0.2180675 0.612829 -0.7595312 0.2180665 0.5715322 -0.7910733 0.2180685 0.5286213 -0.8203694 0.2180679 0.4842146 -0.8473384 0.2180682 0.4384266 -0.8719108 0.2180682 0.3914044 -0.8940073 0.2180676 0.3432599 -0.9135745 0.2180694 0.2941626 -0.9305456 0.218067 0.2442161 -0.9448839 0.2180667 0.1935777 -0.9565427 0.218068 0.1423948 -0.9654898 0.218067 0.09080822 -0.9716995 0.2180686 0.03896243 -0.9751554 0.2180686 -0.01298818 -0.9758471 0.2180684 -0.06490925 -0.9737726 0.2180681 -0.1166445 -0.9689378 0.218068 -0.1680447 -0.9613571 0.2180676 -0.2189767 -0.9510497 0.2180678 -0.2692823 -0.9380476 0.218068 -0.3188229 -0.9223875 0.2180671 -0.3674633 -0.9041117 0.2180659 -0.4150651 -0.8832706 0.2180689 -0.4614851 -0.8599289 0.2180683 -0.5065975 -0.8341491 0.218069 -0.550271 -0.8060074 0.2180686 -0.5923931 -0.775575 0.2180686 -0.6328275 -0.7429506 0.2180687 -0.6714754 -0.7082145 0.2180666 -0.6968802 -0.6607368 0.2788994 -0.7310646 -0.6227034 0.2788996 -0.7631673 -0.5829155 0.2788999 -0.7931116 -0.5414683 0.2789015 -0.820805 -0.498491 0.2789012 -0.8461704 -0.4541035 0.2789007 -0.8691429 -0.408417 0.2789017 -0.8896453 -0.3615873 0.278901 -0.9076294 -0.3137242 0.2789014 -0.9230406 -0.2649733 0.2789003 -0.9358343 -0.2154729 0.2789006 -0.9459764 -0.1653569 0.2789008 -0.9534357 -0.1147785 0.2789022 -0.9581936 -0.06387173 0.2789003 -0.9602349 -0.01278106 0.2789007 -0.9595541 0.03833926 0.2789016 -0.9561533 0.08935981 0.2789009 -0.9500433 0.1401139 0.2789009 -0.9412388 0.1904844 0.2789002 -0.929767 0.2403077 0.2789005 -0.9156595 0.2894502 0.2789016 -0.8989572 0.3377731 0.2789003 -0.8797049 0.3851407 0.2789014 -0.8579618 0.4314123 0.2788998 -0.833782 0.4764686 0.2789002 -0.8072457 0.5201631 0.2788996 -0.778414 0.562393 0.278901 -0.7473814 0.6030225 0.2788993 -0.7142283 0.6419444 0.2789002 -0.6790488 0.6790489 0.2789003 -0.6419446 0.7142284 0.2788993 -0.6030222 0.747381 0.2789011 -0.5623933 0.7784143 0.2788995 -0.5201629 0.8072454 0.2789001 -0.4764687 0.8337821 0.2788998 -0.4314121 0.8579613 0.2789015 -0.3851408 0.8797052 0.2789002 -0.337773 0.8989568 0.2789016 -0.2894503 0.9156598 0.2789006 -0.2403077 0.9297671 0.2789002 -0.1904844 0.9412385 0.278901 -0.1401139 0.9500433 0.2789009 -0.08935985 0.9561532 0.2789016 -0.03833926 0.9595543 0.2789007 0.01278106 0.960235 0.2789004 0.06387165 0.9581931 0.2789022 0.1147785 0.953436 0.2789008 0.165357 0.9459765 0.2789005 0.2154729 0.9358344 0.2789003 0.2649732 0.9230402 0.2789014 0.3137243 0.9076295 0.278901 0.3615873 0.8896452 0.2789017 0.4084171 0.8691432 0.2789007 0.4541034 0.8461704 0.2789013 0.498491 0.8208049 0.2789015 0.5414686 0.793112 0.2788999 0.5829155 0.7631674 0.2788996 0.6227034 0.7310646 0.2788995 0.6607362 0.6968796 0.2789027 0.6968802 0.6607368 0.2788994 0.7310646 0.6227034 0.2788996 0.7631673 0.5829155 0.2788999 0.7931116 0.5414683 0.2789015 0.820805 0.498491 0.2789012 0.8461704 0.4541035 0.2789007 0.8691429 0.408417 0.2789017 0.8896453 0.3615873 0.278901 0.9076294 0.3137242 0.2789014 0.9230406 0.2649733 0.2789003 0.9358343 0.2154729 0.2789006 0.9459764 0.1653569 0.2789008 0.9534357 0.1147785 0.2789022 0.9581936 0.06387173 0.2789003 0.9602349 0.01278106 0.2789007 0.9595541 -0.03833926 0.2789016 0.9561533 -0.08935981 0.2789009 0.9500433 -0.1401139 0.2789009 0.9412388 -0.1904844 0.2789002 0.929767 -0.2403077 0.2789005 0.9156595 -0.2894502 0.2789016 0.8989572 -0.3377731 0.2789003 0.8797049 -0.3851407 0.2789014 0.8579618 -0.4314123 0.2788998 0.833782 -0.4764686 0.2789002 0.8072457 -0.5201631 0.2788996 0.778414 -0.562393 0.278901 0.7473814 -0.6030225 0.2788993 0.7142283 -0.6419444 0.2789002 0.6790488 -0.6790489 0.2789003 0.6419446 -0.7142284 0.2788993 0.6030222 -0.747381 0.2789011 0.5623933 -0.7784143 0.2788995 0.5201629 -0.8072454 0.2789001 0.4764687 -0.8337821 0.2788998 0.4314121 -0.8579613 0.2789015 0.3851408 -0.8797052 0.2789002 0.337773 -0.8989568 0.2789016 0.2894503 -0.9156598 0.2789006 0.2403077 -0.9297671 0.2789002 0.1904844 -0.9412385 0.278901 0.1401139 -0.9500433 0.2789009 0.08935985 -0.9561532 0.2789016 0.03833926 -0.9595543 0.2789007 -0.01278106 -0.960235 0.2789004 -0.06387165 -0.9581931 0.2789022 -0.1147785 -0.953436 0.2789008 -0.165357 -0.9459765 0.2789005 -0.2154729 -0.9358344 0.2789003 -0.2649732 -0.9230402 0.2789014 -0.3137243 -0.9076295 0.278901 -0.3615873 -0.8896452 0.2789017 -0.4084171 -0.8691432 0.2789007 -0.4541034 -0.8461704 0.2789013 -0.498491 -0.8208049 0.2789015 -0.5414686 -0.793112 0.2788999 -0.5829155 -0.7631674 0.2788996 -0.6227034 -0.7310646 0.2788995 -0.6607362 -0.6968796 0.2789027 -0.6828077 -0.6473824 0.338629 -0.716295 -0.6101232 0.3386312 -0.7477494 -0.5711401 0.3386294 -0.7770869 -0.5305334 0.33863 -0.804224 -0.4884201 0.3386288 -0.8290772 -0.4449287 0.3386289 -0.8515839 -0.4001688 0.3386295 -0.8716736 -0.354281 0.3386298 -0.889294 -0.3073875 0.3386284 -0.9043939 -0.2596174 0.3386303 -0.9169288 -0.2111208 0.3386292 -0.9268659 -0.1620171 0.3386296 -0.934175 -0.1124636 0.3386279 -0.9388368 -0.06257645 0.338629 -0.9408367 -0.01252391 0.3386289 -0.9401703 0.03756243 0.3386279 -0.9368371 0.08755658 0.3386298 -0.9308513 0.1372832 0.3386285 -0.9222233 0.1866382 0.3386303 -0.9109842 0.2354521 0.33863 -0.8971631 0.2836004 0.3386284 -0.8807958 0.3309529 0.3386283 -0.8619351 0.3773575 0.3386284 -0.8406267 0.4227008 0.3386308 -0.8169383 0.4668418 0.3386303 -0.7909365 0.5096558 0.3386302 -0.762691 0.5510282 0.3386301 -0.7322797 0.5908437 0.3386299 -0.6998011 0.628974 0.33863 -0.6653306 0.6653306 0.3386301 -0.628974 0.699801 0.33863 -0.5908437 0.7322797 0.3386301 -0.5510281 0.762691 0.3386303 -0.5096558 0.7909364 0.3386303 -0.4668418 0.8169381 0.3386308 -0.4227012 0.8406274 0.3386284 -0.3773576 0.8619351 0.3386282 -0.3309529 0.8807957 0.3386284 -0.2836002 0.8971626 0.33863 -0.2354521 0.910984 0.3386303 -0.1866384 0.9222239 0.3386285 -0.1372831 0.9308508 0.3386297 -0.08755664 0.9368377 0.3386279 -0.03756242 0.94017 0.3386289 0.01252391 0.9408366 0.338629 0.06257652 0.9388372 0.3386279 0.1124636 0.9341745 0.3386297 0.1620172 0.9268661 0.3386292 0.2111207 0.9169284 0.3386303 0.2596177 0.9043946 0.3386283 0.3073874 0.8892934 0.3386298 0.354281 0.8716737 0.3386295 0.4001689 0.8515841 0.3386289 0.4449288 0.8290771 0.3386288 0.48842 0.8042237 0.3386301 0.5305335 0.7770871 0.3386294 0.5711396 0.7477489 0.3386312 0.6101238 0.7162956 0.3386289 0.6473827 0.6828079 0.3386283 0.6828077 0.6473824 0.338629 0.716295 0.6101232 0.3386312 0.7477494 0.5711401 0.3386294 0.7770869 0.5305334 0.33863 0.804224 0.4884201 0.3386288 0.8290772 0.4449287 0.3386289 0.8515839 0.4001688 0.3386295 0.8716736 0.354281 0.3386298 0.889294 0.3073875 0.3386284 0.9043939 0.2596174 0.3386303 0.9169288 0.2111208 0.3386292 0.9268659 0.1620171 0.3386296 0.934175 0.1124636 0.3386279 0.9388368 0.06257645 0.338629 0.9408367 0.01252391 0.3386289 0.9401703 -0.03756243 0.3386279 0.9368371 -0.08755658 0.3386298 0.9308513 -0.1372832 0.3386285 0.9222233 -0.1866382 0.3386303 0.9109842 -0.2354521 0.33863 0.8971631 -0.2836004 0.3386284 0.8807958 -0.3309529 0.3386283 0.8619351 -0.3773575 0.3386284 0.8406267 -0.4227008 0.3386308 0.8169383 -0.4668418 0.3386303 0.7909365 -0.5096558 0.3386302 0.762691 -0.5510282 0.3386301 0.7322797 -0.5908437 0.3386299 0.6998011 -0.628974 0.33863 0.6653306 -0.6653306 0.3386301 0.628974 -0.699801 0.33863 0.5908437 -0.7322797 0.3386301 0.5510281 -0.762691 0.3386303 0.5096558 -0.7909364 0.3386303 0.4668418 -0.8169381 0.3386308 0.4227012 -0.8406274 0.3386284 0.3773576 -0.8619351 0.3386282 0.3309529 -0.8807957 0.3386284 0.2836002 -0.8971626 0.33863 0.2354521 -0.910984 0.3386303 0.1866384 -0.9222239 0.3386285 0.1372831 -0.9308508 0.3386297 0.08755664 -0.9368377 0.3386279 0.03756242 -0.94017 0.3386289 -0.01252391 -0.9408366 0.338629 -0.06257652 -0.9388372 0.3386279 -0.1124636 -0.9341745 0.3386297 -0.1620172 -0.9268661 0.3386292 -0.2111207 -0.9169284 0.3386303 -0.2596177 -0.9043946 0.3386283 -0.3073874 -0.8892934 0.3386298 -0.354281 -0.8716737 0.3386295 -0.4001689 -0.8515841 0.3386289 -0.4449288 -0.8290771 0.3386288 -0.48842 -0.8042237 0.3386301 -0.5305335 -0.7770871 0.3386294 -0.5711396 -0.7477489 0.3386312 -0.6101238 -0.7162956 0.3386289 -0.6473827 -0.6828079 0.3386283 -0.6660314 -0.6314791 0.3970344 -0.6986943 -0.5951391 0.3970336 -0.729382 -0.5571049 0.3970339 -0.7579959 -0.5175015 0.397032 -0.7844681 -0.4764181 0.3970336 -0.8087091 -0.4339983 0.397033 -0.8306618 -0.3903391 0.3970345 -0.8502589 -0.345578 0.3970338 -0.8674469 -0.299832 0.3970349 -0.8821743 -0.2532445 0.3970338 -0.8944036 -0.2059315 0.3970321 -0.9040956 -0.1580378 0.397033 -0.9112249 -0.1096962 0.3970338 -0.9157714 -0.06104209 0.3970347 -0.9177225 -0.01221583 0.3970342 -0.9170723 0.03664213 0.3970337 -0.9138222 0.08540071 0.3970337 -0.907982 0.1339138 0.3970339 -0.8995675 0.1820484 0.3970349 -0.8886037 0.2296686 0.3970337 -0.8751205 0.2766368 0.3970342 -0.8591555 0.3228225 0.3970358 -0.8407593 0.3680861 0.3970346 -0.8199784 0.4123109 0.3970329 -0.796868 0.4553742 0.3970337 -0.7715054 0.4971353 0.3970339 -0.7439538 0.5374919 0.3970328 -0.7142889 0.5763283 0.3970354 -0.6826091 0.6135219 0.3970335 -0.6489856 0.6489856 0.3970335 -0.6135215 0.6826085 0.3970353 -0.5763289 0.7142898 0.3970329 -0.5374916 0.7439535 0.3970339 -0.4971353 0.7715055 0.3970337 -0.4553743 0.7968683 0.3970329 -0.4123106 0.8199777 0.3970346 -0.3680859 0.8407588 0.3970358 -0.3228227 0.8591562 0.3970341 -0.2766369 0.8751206 0.3970337 -0.2296685 0.8886032 0.3970349 -0.1820485 0.899568 0.3970339 -0.1339138 0.9079821 0.3970337 -0.08540071 0.9138222 0.3970336 -0.03664212 0.9170721 0.3970341 0.01221583 0.9177223 0.3970347 0.06104221 0.9157718 0.3970339 0.1096961 0.9112253 0.397033 0.1580379 0.904096 0.3970321 0.2059314 0.8944029 0.3970337 0.2532444 0.8821738 0.3970348 0.2998322 0.8674473 0.3970337 0.345578 0.8502585 0.3970345 0.3903393 0.8306624 0.397033 0.4339981 0.8087088 0.3970336 0.4764185 0.7844686 0.397032 0.5175011 0.7579952 0.3970338 0.557105 0.7293821 0.3970337 0.5951388 0.6986941 0.3970345 0.6314794 0.6660317 0.3970334 0.6660314 0.6314791 0.3970344 0.6986943 0.5951391 0.3970336 0.729382 0.5571049 0.3970339 0.7579959 0.5175015 0.397032 0.7844681 0.4764181 0.3970336 0.8087091 0.4339983 0.397033 0.8306618 0.3903391 0.3970345 0.8502589 0.345578 0.3970338 0.8674469 0.299832 0.3970349 0.8821743 0.2532445 0.3970338 0.8944036 0.2059315 0.3970321 0.9040956 0.1580378 0.397033 0.9112249 0.1096962 0.3970338 0.9157714 0.06104209 0.3970347 0.9177225 0.01221583 0.3970342 0.9170723 -0.03664213 0.3970337 0.9138222 -0.08540071 0.3970337 0.907982 -0.1339138 0.3970339 0.8995675 -0.1820484 0.3970349 0.8886037 -0.2296686 0.3970337 0.8751205 -0.2766368 0.3970342 0.8591555 -0.3228225 0.3970358 0.8407593 -0.3680861 0.3970346 0.8199784 -0.4123109 0.3970329 0.796868 -0.4553742 0.3970337 0.7715054 -0.4971353 0.3970339 0.7439538 -0.5374919 0.3970328 0.7142889 -0.5763283 0.3970354 0.6826091 -0.6135219 0.3970335 0.6489856 -0.6489856 0.3970335 0.6135215 -0.6826085 0.3970353 0.5763289 -0.7142898 0.3970329 0.5374916 -0.7439535 0.3970339 0.4971353 -0.7715055 0.3970337 0.4553743 -0.7968683 0.3970329 0.4123106 -0.8199777 0.3970346 0.3680859 -0.8407588 0.3970358 0.3228227 -0.8591562 0.3970341 0.2766369 -0.8751206 0.3970337 0.2296685 -0.8886032 0.3970349 0.1820485 -0.899568 0.3970339 0.1339138 -0.9079821 0.3970337 0.08540071 -0.9138222 0.3970336 0.03664212 -0.9170721 0.3970341 -0.01221583 -0.9177223 0.3970347 -0.06104221 -0.9157718 0.3970339 -0.1096961 -0.9112253 0.397033 -0.1580379 -0.904096 0.3970321 -0.2059314 -0.8944029 0.3970337 -0.2532444 -0.8821738 0.3970348 -0.2998322 -0.8674473 0.3970337 -0.345578 -0.8502585 0.3970345 -0.3903393 -0.8306624 0.397033 -0.4339981 -0.8087088 0.3970336 -0.4764185 -0.7844686 0.397032 -0.5175011 -0.7579952 0.3970338 -0.557105 -0.7293821 0.3970337 -0.5951388 -0.6986941 0.3970345 -0.6314794 -0.6660317 0.3970334 -0.6466323 -0.6130898 0.4538587 -0.6783467 -0.5778044 0.4538589 -0.7081382 -0.5408796 0.4538609 -0.7359216 -0.5024254 0.4538592 -0.7616184 -0.462546 0.4538598 -0.7851562 -0.4213564 0.4538596 -0.8064678 -0.3789741 0.4538592 -0.8254967 -0.3355116 0.4538581 -0.842182 -0.2911023 0.45386 -0.8564824 -0.2458663 0.4538587 -0.8683543 -0.1999295 0.4538599 -0.8777636 -0.1534372 0.4538591 -0.8846864 -0.1065034 0.453858 -0.8891006 -0.05926652 0.4538586 -0.8909944 -0.01185876 0.4538593 -0.8903631 0.03557624 0.453859 -0.887207 0.08291325 0.4538603 -0.8815372 0.130013 0.4538599 -0.8733699 0.176744 0.4538575 -0.8627228 0.2229826 0.4538592 -0.8496333 0.2685787 0.4538597 -0.8341359 0.313417 0.4538582 -0.8162723 0.3573692 0.4538578 -0.7960952 0.4003064 0.4538582 -0.77366 0.4421096 0.4538604 -0.7490366 0.4826562 0.4538582 -0.7222848 0.5218396 0.4538592 -0.6934906 0.5595389 0.4538579 -0.6627257 0.5956571 0.4538583 -0.6300845 0.6300845 0.4538582 -0.5956572 0.6627258 0.4538579 -0.5595386 0.6934901 0.4538591 -0.5218399 0.7222852 0.4538582 -0.4826557 0.7490355 0.4538604 -0.4421101 0.773661 0.4538582 -0.4003064 0.7960954 0.4538579 -0.3573692 0.8162721 0.4538582 -0.3134167 0.8341351 0.4538597 -0.2685788 0.8496336 0.4538592 -0.2229827 0.8627236 0.4538574 -0.1767437 0.8733687 0.4538599 -0.130013 0.881537 0.4538603 -0.08291332 0.8872077 0.4538589 -0.03557622 0.8903629 0.4538593 0.01185876 0.8909948 0.4538586 0.05926654 0.8891008 0.453858 0.1065033 0.8846858 0.4538592 0.1534373 0.8777632 0.4538599 0.1999297 0.868355 0.4538587 0.2458661 0.8564817 0.4538601 0.2911026 0.8421829 0.4538581 0.3355114 0.8254962 0.4538592 0.378974 0.8064678 0.4538596 0.4213563 0.7851561 0.4538598 0.4625461 0.7616186 0.4538592 0.5024248 0.7359209 0.453861 0.5408801 0.7081389 0.4538589 0.5778044 0.6783468 0.4538587 0.6130892 0.6466317 0.4538603 0.6466323 0.6130898 0.4538587 0.6783467 0.5778044 0.4538589 0.7081382 0.5408796 0.4538609 0.7359216 0.5024254 0.4538592 0.7616184 0.462546 0.4538598 0.7851562 0.4213564 0.4538596 0.8064678 0.3789741 0.4538592 0.8254967 0.3355116 0.4538581 0.842182 0.2911023 0.45386 0.8564824 0.2458663 0.4538587 0.8683543 0.1999295 0.4538599 0.8777636 0.1534372 0.4538591 0.8846864 0.1065034 0.453858 0.8891006 0.05926652 0.4538586 0.8909944 0.01185876 0.4538593 0.8903631 -0.03557624 0.453859 0.887207 -0.08291325 0.4538603 0.8815372 -0.130013 0.4538599 0.8733699 -0.176744 0.4538575 0.8627228 -0.2229826 0.4538592 0.8496333 -0.2685787 0.4538597 0.8341359 -0.313417 0.4538582 0.8162723 -0.3573692 0.4538578 0.7960952 -0.4003064 0.4538582 0.77366 -0.4421096 0.4538604 0.7490366 -0.4826562 0.4538582 0.7222848 -0.5218396 0.4538592 0.6934906 -0.5595389 0.4538579 0.6627257 -0.5956571 0.4538583 0.6300845 -0.6300845 0.4538582 0.5956572 -0.6627258 0.4538579 0.5595386 -0.6934901 0.4538591 0.5218399 -0.7222852 0.4538582 0.4826557 -0.7490355 0.4538604 0.4421101 -0.773661 0.4538582 0.4003064 -0.7960954 0.4538579 0.3573692 -0.8162721 0.4538582 0.3134167 -0.8341351 0.4538597 0.2685788 -0.8496336 0.4538592 0.2229827 -0.8627236 0.4538574 0.1767437 -0.8733687 0.4538599 0.130013 -0.881537 0.4538603 0.08291332 -0.8872077 0.4538589 0.03557622 -0.8903629 0.4538593 -0.01185876 -0.8909948 0.4538586 -0.05926654 -0.8891008 0.453858 -0.1065033 -0.8846858 0.4538592 -0.1534373 -0.8777632 0.4538599 -0.1999297 -0.868355 0.4538587 -0.2458661 -0.8564817 0.4538601 -0.2911026 -0.8421829 0.4538581 -0.3355114 -0.8254962 0.4538592 -0.378974 -0.8064678 0.4538596 -0.4213563 -0.7851561 0.4538598 -0.4625461 -0.7616186 0.4538592 -0.5024248 -0.7359209 0.453861 -0.5408801 -0.7081389 0.4538589 -0.5778044 -0.6783468 0.4538587 -0.6130892 -0.6466317 0.4538603 -0.6246817 -0.5922725 0.5089067 -0.6553161 -0.5581879 0.5089077 -0.6840954 -0.5225216 0.5089054 -0.7109389 -0.4853642 0.5089079 -0.7357606 -0.4468439 0.5089074 -0.7585005 -0.4070508 0.5089074 -0.7790885 -0.3661072 0.5089073 -0.7974709 -0.324118 0.5089082 -0.813589 -0.281224 0.5089066 -0.827405 -0.2375157 0.5089079 -0.8388723 -0.1931447 0.5089091 -0.8479635 -0.1482262 0.5089076 -0.8546509 -0.1028846 0.5089072 -0.8589153 -0.05725577 0.5089068 -0.8607445 -0.01145801 0.5089084 -0.8601345 0.03436939 0.5089081 -0.8570871 0.08009516 0.508907 -0.8516092 0.1256002 0.508907 -0.8437165 0.1707491 0.5089077 -0.8334338 0.2154078 0.5089082 -0.8207897 0.2594596 0.5089057 -0.8058152 0.3027798 0.5089071 -0.7885577 0.3452363 0.5089093 -0.769067 0.3867145 0.5089084 -0.7473978 0.4270959 0.5089062 -0.7236027 0.4662741 0.5089083 -0.6977644 0.5041212 0.5089074 -0.6699436 0.540544 0.5089083 -0.6402263 0.5754337 0.508907 -0.6086928 0.6086927 0.508907 -0.5754332 0.6402256 0.5089084 -0.5405443 0.669944 0.5089073 -0.504121 0.6977639 0.5089083 -0.4662748 0.7236037 0.5089062 -0.4270953 0.7473968 0.5089085 -0.3867143 0.7690665 0.5089093 -0.3452369 0.7885589 0.5089071 -0.3027801 0.8058159 0.5089056 -0.2594592 0.8207883 0.5089082 -0.2154079 0.833434 0.5089077 -0.1707493 0.843717 0.508907 -0.1256002 0.8516092 0.508907 -0.0800951 0.8570866 0.5089082 -0.03436939 0.8601344 0.5089083 0.01145793 0.8607454 0.5089068 0.05725576 0.8589152 0.5089073 0.1028845 0.8546507 0.5089075 0.148226 0.8479627 0.508909 0.1931449 0.838873 0.5089077 0.2375159 0.8274057 0.5089067 0.2812237 0.8135881 0.5089083 0.3241182 0.7974715 0.5089074 0.3661071 0.7790884 0.5089074 0.4070508 0.7585005 0.5089074 0.4468438 0.7357604 0.5089079 0.4853652 0.7109403 0.5089054 0.5225208 0.6840943 0.5089077 0.5581883 0.6553165 0.5089067 0.5922722 0.6246814 0.5089073 0.6246817 0.5922725 0.5089067 0.6553161 0.5581879 0.5089077 0.6840954 0.5225216 0.5089054 0.7109389 0.4853642 0.5089079 0.7357606 0.4468439 0.5089074 0.7585005 0.4070508 0.5089074 0.7790885 0.3661072 0.5089073 0.7974709 0.324118 0.5089082 0.813589 0.281224 0.5089066 0.827405 0.2375157 0.5089079 0.8388723 0.1931447 0.5089091 0.8479635 0.1482262 0.5089076 0.8546509 0.1028846 0.5089072 0.8589153 0.05725577 0.5089068 0.8607445 0.01145801 0.5089084 0.8601345 -0.03436939 0.5089081 0.8570871 -0.08009516 0.508907 0.8516092 -0.1256002 0.508907 0.8437165 -0.1707491 0.5089077 0.8334338 -0.2154078 0.5089082 0.8207897 -0.2594596 0.5089057 0.8058152 -0.3027798 0.5089071 0.7885577 -0.3452363 0.5089093 0.769067 -0.3867145 0.5089084 0.7473978 -0.4270959 0.5089062 0.7236027 -0.4662741 0.5089083 0.6977644 -0.5041212 0.5089074 0.6699436 -0.540544 0.5089083 0.6402263 -0.5754337 0.508907 0.6086928 -0.6086927 0.508907 0.5754332 -0.6402256 0.5089084 0.5405443 -0.669944 0.5089073 0.504121 -0.6977639 0.5089083 0.4662748 -0.7236037 0.5089062 0.4270953 -0.7473968 0.5089085 0.3867143 -0.7690665 0.5089093 0.3452369 -0.7885589 0.5089071 0.3027801 -0.8058159 0.5089056 0.2594592 -0.8207883 0.5089082 0.2154079 -0.833434 0.5089077 0.1707493 -0.843717 0.508907 0.1256002 -0.8516092 0.508907 0.0800951 -0.8570866 0.5089082 0.03436939 -0.8601344 0.5089083 -0.01145793 -0.8607454 0.5089068 -0.05725576 -0.8589152 0.5089073 -0.1028845 -0.8546507 0.5089075 -0.148226 -0.8479627 0.508909 -0.1931449 -0.838873 0.5089077 -0.2375159 -0.8274057 0.5089067 -0.2812237 -0.8135881 0.5089083 -0.3241182 -0.7974715 0.5089074 -0.3661071 -0.7790884 0.5089074 -0.4070508 -0.7585005 0.5089074 -0.4468438 -0.7357604 0.5089079 -0.4853652 -0.7109403 0.5089054 -0.5225208 -0.6840943 0.5089077 -0.5581883 -0.6553165 0.5089067 -0.5922722 -0.6246814 0.5089073 -0.6002622 -0.5691177 0.5619522 -0.6296971 -0.5363693 0.5619515 -0.6573555 -0.5020903 0.5619511 -0.6831437 -0.4663957 0.5619518 -0.7069991 -0.4293751 0.5619513 -0.7288496 -0.3911387 0.5619509 -0.7486337 -0.3517956 0.5619497 -0.7662961 -0.3114498 0.5619514 -0.7817858 -0.2702268 0.5619506 -0.7950602 -0.2282337 0.5619507 -0.8060802 -0.1855978 0.5619503 -0.8148158 -0.1424284 0.5619513 -0.8212406 -0.09886164 0.5619522 -0.8253378 -0.05501652 0.5619525 -0.8270972 -0.0110137 0.5619511 -0.8265105 0.03302636 0.5619517 -0.8235821 0.07696664 0.561951 -0.8183182 0.1206903 0.5619511 -0.8107354 0.1640726 0.5619504 -0.8008552 0.2069866 0.5619496 -0.7887005 0.2493222 0.5619519 -0.7743151 0.2909402 0.5619519 -0.7577356 0.3317363 0.56195 -0.7390024 0.3715993 0.5619515 -0.718178 0.4104042 0.5619509 -0.6953193 0.4480432 0.5619505 -0.6704857 0.4844156 0.5619522 -0.6437561 0.5194114 0.5619518 -0.615196 0.5529409 0.5619521 -0.5848973 0.5848974 0.5619521 -0.552941 0.6151961 0.5619519 -0.5194112 0.6437559 0.5619524 -0.4844164 0.6704867 0.5619504 -0.448043 0.6953191 0.561951 -0.410404 0.7181776 0.5619514 -0.3715997 0.7390032 0.5619501 -0.3317357 0.7577344 0.561952 -0.2909401 0.7743151 0.5619519 -0.2493226 0.788702 0.5619497 -0.2069864 0.8008547 0.5619505 -0.1640725 0.8107349 0.561951 -0.1206904 0.8183183 0.5619509 -0.07696658 0.8235815 0.5619518 -0.0330263 0.8265108 0.5619511 0.01101368 0.827096 0.5619526 0.05501661 0.825338 0.5619522 0.09886181 0.8212413 0.5619512 0.1424285 0.8148166 0.5619502 0.1855977 0.8060799 0.5619509 0.2282338 0.7950603 0.5619505 0.2702267 0.7817852 0.5619513 0.3114502 0.7662972 0.5619497 0.3517952 0.748633 0.5619508 0.3911385 0.7288494 0.5619513 0.4293749 0.7069988 0.5619518 0.4663959 0.6831441 0.5619511 0.5020901 0.6573554 0.5619516 0.536369 0.6296968 0.5619521 0.569118 0.6002625 0.5619516 0.6002622 0.5691177 0.5619522 0.6296971 0.5363693 0.5619515 0.6573555 0.5020903 0.5619511 0.6831437 0.4663957 0.5619518 0.7069991 0.4293751 0.5619513 0.7288496 0.3911387 0.5619509 0.7486337 0.3517956 0.5619497 0.7662961 0.3114498 0.5619514 0.7817858 0.2702268 0.5619506 0.7950602 0.2282337 0.5619507 0.8060802 0.1855978 0.5619503 0.8148158 0.1424284 0.5619513 0.8212406 0.09886164 0.5619522 0.8253378 0.05501652 0.5619525 0.8270972 0.0110137 0.5619511 0.8265105 -0.03302636 0.5619517 0.8235821 -0.07696664 0.561951 0.8183182 -0.1206903 0.5619511 0.8107354 -0.1640726 0.5619504 0.8008552 -0.2069866 0.5619496 0.7887005 -0.2493222 0.5619519 0.7743151 -0.2909402 0.5619519 0.7577356 -0.3317363 0.56195 0.7390024 -0.3715993 0.5619515 0.718178 -0.4104042 0.5619509 0.6953193 -0.4480432 0.5619505 0.6704857 -0.4844156 0.5619522 0.6437561 -0.5194114 0.5619518 0.615196 -0.5529409 0.5619521 0.5848973 -0.5848974 0.5619521 0.552941 -0.6151961 0.5619519 0.5194112 -0.6437559 0.5619524 0.4844164 -0.6704867 0.5619504 0.448043 -0.6953191 0.561951 0.410404 -0.7181776 0.5619514 0.3715997 -0.7390032 0.5619501 0.3317357 -0.7577344 0.561952 0.2909401 -0.7743151 0.5619519 0.2493226 -0.788702 0.5619497 0.2069864 -0.8008547 0.5619505 0.1640725 -0.8107349 0.561951 0.1206904 -0.8183183 0.5619509 0.07696658 -0.8235815 0.5619518 0.0330263 -0.8265108 0.5619511 -0.01101368 -0.827096 0.5619526 -0.05501661 -0.825338 0.5619522 -0.09886181 -0.8212413 0.5619512 -0.1424285 -0.8148166 0.5619502 -0.1855977 -0.8060799 0.5619509 -0.2282338 -0.7950603 0.5619505 -0.2702267 -0.7817852 0.5619513 -0.3114502 -0.7662972 0.5619497 -0.3517952 -0.748633 0.5619508 -0.3911385 -0.7288494 0.5619513 -0.4293749 -0.7069988 0.5619518 -0.4663959 -0.6831441 0.5619511 -0.5020901 -0.6573554 0.5619516 -0.536369 -0.6296968 0.5619521 -0.569118 -0.6002625 0.5619516 -0.5734777 -0.5437247 0.6127698 -0.6016008 -0.512435 0.6127698 -0.6280236 -0.4796852 0.6127711 -0.6526605 -0.4455863 0.61277 -0.6754526 -0.410215 0.6127703 -0.6963281 -0.3736847 0.6127699 -0.7152287 -0.3360952 0.6127706 -0.7321022 -0.2975565 0.6127695 -0.7469022 -0.2581673 0.6127697 -0.7595836 -0.2180502 0.6127698 -0.7701126 -0.1773151 0.6127691 -0.7784578 -0.1360754 0.61277 -0.7845969 -0.09445286 0.6127694 -0.7885116 -0.05256244 0.6127697 -0.7901924 -0.01051876 0.6127687 -0.7896321 0.0315513 0.6127688 -0.7868324 0.07353412 0.6127704 -0.7818039 0.1153046 0.6127703 -0.7745585 0.1567527 0.6127705 -0.7651183 0.1977521 0.6127709 -0.7535099 0.2381923 0.6127702 -0.7397644 0.2779581 0.6127707 -0.723922 0.3169377 0.6127704 -0.706029 0.3550154 0.6127699 -0.6861312 0.3920923 0.6127704 -0.6642928 0.428052 0.6127696 -0.6405717 0.4627979 0.6127691 -0.6150321 0.496237 0.6127678 -0.5877464 0.5282683 0.6127697 -0.5587993 0.5587993 0.6127697 -0.5282694 0.5877476 0.6127678 -0.4962363 0.6150313 0.6127691 -0.4627976 0.6405713 0.6127698 -0.4280517 0.6642923 0.6127704 -0.3920925 0.6861317 0.6127698 -0.3550153 0.7060288 0.6127703 -0.3169376 0.7239217 0.6127708 -0.2779582 0.7397648 0.6127701 -0.2381922 0.7535095 0.6127707 -0.1977521 0.7651185 0.6127705 -0.1567528 0.7745586 0.6127703 -0.1153046 0.7818039 0.6127704 -0.07353424 0.7868337 0.6127687 -0.03155138 0.7896323 0.6127685 0.01051867 0.7901915 0.6127697 0.05256246 0.7885118 0.6127694 0.09445281 0.7845965 0.61277 0.1360755 0.7784584 0.6127691 0.1773149 0.770112 0.6127698 0.2180502 0.7595837 0.6127697 0.2581673 0.7469022 0.6127695 0.2975561 0.7321014 0.6127706 0.3360955 0.7152293 0.6127698 0.3736846 0.6963279 0.6127703 0.410215 0.6754527 0.6127701 0.4455857 0.6526598 0.6127711 0.4796858 0.6280244 0.6127698 0.512435 0.6016008 0.6127697 0.5437244 0.5734774 0.6127704 0.5734777 0.5437247 0.6127698 0.6016008 0.512435 0.6127698 0.6280236 0.4796852 0.6127711 0.6526605 0.4455863 0.61277 0.6754526 0.410215 0.6127703 0.6963281 0.3736847 0.6127699 0.7152287 0.3360952 0.6127706 0.7321022 0.2975565 0.6127695 0.7469022 0.2581673 0.6127697 0.7595836 0.2180502 0.6127698 0.7701126 0.1773151 0.6127691 0.7784578 0.1360754 0.61277 0.7845969 0.09445286 0.6127694 0.7885116 0.05256244 0.6127697 0.7901924 0.01051876 0.6127687 0.7896321 -0.0315513 0.6127688 0.7868324 -0.07353412 0.6127704 0.7818039 -0.1153046 0.6127703 0.7745585 -0.1567527 0.6127705 0.7651183 -0.1977521 0.6127709 0.7535099 -0.2381923 0.6127702 0.7397644 -0.2779581 0.6127707 0.723922 -0.3169377 0.6127704 0.706029 -0.3550154 0.6127699 0.6861312 -0.3920923 0.6127704 0.6642928 -0.428052 0.6127696 0.6405717 -0.4627979 0.6127691 0.6150321 -0.496237 0.6127678 0.5877464 -0.5282683 0.6127697 0.5587993 -0.5587993 0.6127697 0.5282694 -0.5877476 0.6127678 0.4962363 -0.6150313 0.6127691 0.4627976 -0.6405713 0.6127698 0.4280517 -0.6642923 0.6127704 0.3920925 -0.6861317 0.6127698 0.3550153 -0.7060288 0.6127703 0.3169376 -0.7239217 0.6127708 0.2779582 -0.7397648 0.6127701 0.2381922 -0.7535095 0.6127707 0.1977521 -0.7651185 0.6127705 0.1567528 -0.7745586 0.6127703 0.1153046 -0.7818039 0.6127704 0.07353424 -0.7868337 0.6127687 0.03155138 -0.7896323 0.6127685 -0.01051867 -0.7901915 0.6127697 -0.05256246 -0.7885118 0.6127694 -0.09445281 -0.7845965 0.61277 -0.1360755 -0.7784584 0.6127691 -0.1773149 -0.770112 0.6127698 -0.2180502 -0.7595837 0.6127697 -0.2581673 -0.7469022 0.6127695 -0.2975561 -0.7321014 0.6127706 -0.3360955 -0.7152293 0.6127698 -0.3736846 -0.6963279 0.6127703 -0.410215 -0.6754527 0.6127701 -0.4455857 -0.6526598 0.6127711 -0.4796858 -0.6280244 0.6127698 -0.512435 -0.6016008 0.6127697 -0.5437244 -0.5734774 0.6127704 -0.5444265 -0.5161787 0.6611802 -0.5711249 -0.4864763 0.6611786 -0.5962081 -0.4553882 0.6611788 -0.6195995 -0.4230117 0.661179 -0.6412352 -0.3894345 0.6611794 -0.6610525 -0.3547532 0.6611806 -0.6789952 -0.3190704 0.6611804 -0.6950152 -0.2824802 0.6611798 -0.7090642 -0.2450888 0.6611804 -0.7211037 -0.2070044 0.6611797 -0.7310982 -0.1683304 0.661181 -0.7390214 -0.1291838 0.66118 -0.7448494 -0.0896666 0.6611801 -0.7485674 -0.0499003 0.6611785 -0.7501605 -0.009983479 0.6611804 -0.7496292 0.02995246 0.6611799 -0.7469732 0.06980511 0.6611795 -0.7421993 0.1094636 0.6611792 -0.7353206 0.1488114 0.6611799 -0.726359 0.1877338 0.6611797 -0.7153371 0.2261269 0.6611804 -0.70229 0.2638762 0.6611793 -0.6872486 0.3008829 0.6611798 -0.6702625 0.3370318 0.6611791 -0.6513725 0.3722278 0.6611809 -0.6306385 0.4063679 0.6611809 -0.6081197 0.4393539 0.6611797 -0.5838717 0.4710992 0.6611804 -0.5579747 0.5015035 0.6611797 -0.5304911 0.5304909 0.6611797 -0.5015031 0.5579742 0.6611804 -0.4710996 0.5838721 0.6611797 -0.4393533 0.608119 0.6611809 -0.4063679 0.6306385 0.6611809 -0.3722287 0.651374 0.661179 -0.3370314 0.6702619 0.6611799 -0.3008831 0.6872491 0.6611792 -0.2638758 0.7022891 0.6611805 -0.226127 0.7153376 0.6611798 -0.1877337 0.726359 0.6611798 -0.1488116 0.7353212 0.6611792 -0.1094637 0.7421989 0.6611796 -0.06980515 0.7469728 0.6611799 -0.02995252 0.7496288 0.6611804 0.009983502 0.7501623 0.6611784 0.04990019 0.7485657 0.6611803 0.08966657 0.7448497 0.66118 0.1291836 0.7390205 0.661181 0.1683306 0.7310993 0.6611797 0.2070042 0.7211032 0.6611804 0.245089 0.7090647 0.6611798 0.28248 0.6950147 0.6611804 0.3190703 0.6789951 0.6611806 0.3547536 0.6610535 0.6611794 0.3894347 0.6412355 0.6611789 0.4230117 0.6195996 0.6611788 0.4553883 0.5962082 0.6611787 0.4864753 0.5711238 0.6611803 0.5161792 0.5444271 0.6611795 0.5444265 0.5161787 0.6611802 0.5711249 0.4864763 0.6611786 0.5962081 0.4553882 0.6611788 0.6195995 0.4230117 0.661179 0.6412352 0.3894345 0.6611794 0.6610525 0.3547532 0.6611806 0.6789952 0.3190704 0.6611804 0.6950152 0.2824802 0.6611798 0.7090642 0.2450888 0.6611804 0.7211037 0.2070044 0.6611797 0.7310982 0.1683304 0.661181 0.7390214 0.1291838 0.66118 0.7448494 0.0896666 0.6611801 0.7485674 0.0499003 0.6611785 0.7501605 0.009983479 0.6611804 0.7496292 -0.02995246 0.6611799 0.7469732 -0.06980511 0.6611795 0.7421993 -0.1094636 0.6611792 0.7353206 -0.1488114 0.6611799 0.726359 -0.1877338 0.6611797 0.7153371 -0.2261269 0.6611804 0.70229 -0.2638762 0.6611793 0.6872486 -0.3008829 0.6611798 0.6702625 -0.3370318 0.6611791 0.6513725 -0.3722278 0.6611809 0.6306385 -0.4063679 0.6611809 0.6081197 -0.4393539 0.6611797 0.5838717 -0.4710992 0.6611804 0.5579747 -0.5015035 0.6611797 0.5304911 -0.5304909 0.6611797 0.5015031 -0.5579742 0.6611804 0.4710996 -0.5838721 0.6611797 0.4393533 -0.608119 0.6611809 0.4063679 -0.6306385 0.6611809 0.3722287 -0.651374 0.661179 0.3370314 -0.6702619 0.6611799 0.3008831 -0.6872491 0.6611792 0.2638758 -0.7022891 0.6611805 0.226127 -0.7153376 0.6611798 0.1877337 -0.726359 0.6611798 0.1488116 -0.7353212 0.6611792 0.1094637 -0.7421989 0.6611796 0.06980515 -0.7469728 0.6611799 0.02995252 -0.7496288 0.6611804 -0.009983502 -0.7501623 0.6611784 -0.04990019 -0.7485657 0.6611803 -0.08966657 -0.7448497 0.66118 -0.1291836 -0.7390205 0.661181 -0.1683306 -0.7310993 0.6611797 -0.2070042 -0.7211032 0.6611804 -0.245089 -0.7090647 0.6611798 -0.28248 -0.6950147 0.6611804 -0.3190703 -0.6789951 0.6611806 -0.3547536 -0.6610535 0.6611794 -0.3894347 -0.6412355 0.6611789 -0.4230117 -0.6195996 0.6611788 -0.4553883 -0.5962082 0.6611787 -0.4864753 -0.5711238 0.6611803 -0.5161792 -0.5444271 0.6611795 -0.5132272 -0.4866005 0.7069779 -0.5383978 -0.4585952 0.7069783 -0.562041 -0.4292917 0.7069784 -0.5840917 -0.3987702 0.7069788 -0.6044884 -0.3671185 0.7069779 -0.6231701 -0.3344268 0.7069778 -0.6400867 -0.3007863 0.7069771 -0.6551874 -0.2662912 0.7069784 -0.6684316 -0.2310453 0.7069775 -0.6797814 -0.1951406 0.7069775 -0.6892039 -0.1586875 0.7069768 -0.6966721 -0.1217786 0.7069781 -0.702166 -0.08452895 0.7069778 -0.7056693 -0.0470366 0.7069783 -0.7071738 -0.009415796 0.7069771 -0.7066713 0.02823708 0.7069784 -0.7041682 0.06580599 0.7069772 -0.6996665 0.1031915 0.7069783 -0.6931832 0.1402822 0.706978 -0.6847348 0.176976 0.706978 -0.6743462 0.2131678 0.7069771 -0.6620449 0.2487573 0.7069769 -0.6478668 0.2836399 0.7069774 -0.6318511 0.3177193 0.7069784 -0.6140495 0.3508946 0.7069767 -0.5945003 0.3830816 0.706978 -0.5732691 0.4141781 0.7069788 -0.5504137 0.4441017 0.7069784 -0.5259991 0.4727664 0.7069772 -0.5000916 0.5000916 0.7069772 -0.4727657 0.5259983 0.7069783 -0.4441015 0.5504135 0.7069787 -0.4141786 0.5732698 0.7069779 -0.3830822 0.5945014 0.7069768 -0.3508937 0.6140481 0.7069785 -0.3177198 0.6318521 0.7069773 -0.2836401 0.6478673 0.7069769 -0.2487573 0.6620447 0.7069771 -0.2131676 0.6743454 0.7069779 -0.1769759 0.6847348 0.706978 -0.1402821 0.6931831 0.7069783 -0.1031917 0.6996675 0.7069772 -0.06580582 0.7041671 0.7069783 -0.02823713 0.7066725 0.7069771 0.009415781 0.7071725 0.7069783 0.0470367 0.7056699 0.7069778 0.08452886 0.7021659 0.706978 0.1217787 0.6966733 0.7069768 0.1586874 0.6892032 0.7069776 0.1951406 0.6797814 0.7069775 0.2310451 0.6684309 0.7069783 0.2662917 0.6551886 0.7069771 0.300786 0.640086 0.7069778 0.3344268 0.62317 0.706978 0.367118 0.6044877 0.7069789 0.3987705 0.5840921 0.7069784 0.4292918 0.5620413 0.7069782 0.4585955 0.5383981 0.7069779 0.486601 0.5132277 0.7069772 0.5132272 0.4866005 0.7069779 0.5383978 0.4585952 0.7069783 0.562041 0.4292917 0.7069784 0.5840917 0.3987702 0.7069788 0.6044884 0.3671185 0.7069779 0.6231701 0.3344268 0.7069778 0.6400867 0.3007863 0.7069771 0.6551874 0.2662912 0.7069784 0.6684316 0.2310453 0.7069775 0.6797814 0.1951406 0.7069775 0.6892039 0.1586875 0.7069768 0.6966721 0.1217786 0.7069781 0.702166 0.08452895 0.7069778 0.7056693 0.0470366 0.7069783 0.7071738 0.009415796 0.7069771 0.7066713 -0.02823708 0.7069784 0.7041682 -0.06580599 0.7069772 0.6996665 -0.1031915 0.7069783 0.6931832 -0.1402822 0.706978 0.6847348 -0.176976 0.706978 0.6743462 -0.2131678 0.7069771 0.6620449 -0.2487573 0.7069769 0.6478668 -0.2836399 0.7069774 0.6318511 -0.3177193 0.7069784 0.6140495 -0.3508946 0.7069767 0.5945003 -0.3830816 0.706978 0.5732691 -0.4141781 0.7069788 0.5504137 -0.4441017 0.7069784 0.5259991 -0.4727664 0.7069772 0.5000916 -0.5000916 0.7069772 0.4727657 -0.5259983 0.7069783 0.4441015 -0.5504135 0.7069787 0.4141786 -0.5732698 0.7069779 0.3830822 -0.5945014 0.7069768 0.3508937 -0.6140481 0.7069785 0.3177198 -0.6318521 0.7069773 0.2836401 -0.6478673 0.7069769 0.2487573 -0.6620447 0.7069771 0.2131676 -0.6743454 0.7069779 0.1769759 -0.6847348 0.706978 0.1402821 -0.6931831 0.7069783 0.1031917 -0.6996675 0.7069772 0.06580582 -0.7041671 0.7069783 0.02823713 -0.7066725 0.7069771 -0.009415781 -0.7071725 0.7069783 -0.0470367 -0.7056699 0.7069778 -0.08452886 -0.7021659 0.706978 -0.1217787 -0.6966733 0.7069768 -0.1586874 -0.6892032 0.7069776 -0.1951406 -0.6797814 0.7069775 -0.2310451 -0.6684309 0.7069783 -0.2662917 -0.6551886 0.7069771 -0.300786 -0.640086 0.7069778 -0.3344268 -0.62317 0.706978 -0.367118 -0.6044877 0.7069789 -0.3987705 -0.5840921 0.7069784 -0.4292918 -0.5620413 0.7069782 -0.4585955 -0.5383981 0.7069779 -0.486601 -0.5132277 0.7069772 -0.479993 -0.4550925 0.7499983 -0.5035344 -0.4289006 0.7499983 -0.5256464 -0.4014937 0.749999 -0.5462704 -0.37295 0.749998 -0.5653471 -0.3433447 0.7499981 -0.5828179 -0.3127715 0.7499982 -0.5986384 -0.2813074 0.7499987 -0.6127612 -0.2490507 0.7499983 -0.6251482 -0.2160825 0.7499986 -0.6357624 -0.1825044 0.7499989 -0.6445744 -0.1484099 0.7499989 -0.6515599 -0.1138956 0.7499983 -0.6566979 -0.07905501 0.7499988 -0.6599756 -0.04399195 0.749998 -0.6613798 -0.008803326 0.7499995 -0.660912 0.02640587 0.7499987 -0.6585686 0.06154699 0.7499996 -0.6543616 0.09650742 0.7499981 -0.6482973 0.131199 0.7499984 -0.6403959 0.1655163 0.7499983 -0.6306776 0.1993656 0.7499994 -0.6191732 0.2326493 0.7499992 -0.6059155 0.2652722 0.749998 -0.590938 0.2971438 0.7499986 -0.5742849 0.3281757 0.7499984 -0.5560062 0.3582736 0.7499981 -0.5361502 0.387358 0.749998 -0.5147724 0.4153455 0.7499983 -0.4919358 0.4421538 0.7499994 -0.4677077 0.4677077 0.7499994 -0.4421547 0.4919368 0.7499982 -0.4153459 0.5147728 0.7499979 -0.3873578 0.5361499 0.7499982 -0.3582734 0.5560058 0.7499985 -0.3281755 0.5742847 0.7499986 -0.2971441 0.5909385 0.749998 -0.2652716 0.6059143 0.7499992 -0.2326493 0.6191731 0.7499993 -0.199366 0.6306788 0.7499983 -0.1655163 0.6403958 0.7499984 -0.131199 0.6482974 0.7499981 -0.09650719 0.6543599 0.7499996 -0.06154709 0.6585695 0.7499987 -0.02640584 0.6609111 0.7499996 0.008803351 0.6613815 0.7499979 0.04399189 0.6599746 0.7499988 0.07905515 0.6566985 0.7499983 0.1138955 0.6515592 0.7499989 0.1484099 0.6445745 0.7499988 0.1825045 0.6357627 0.7499986 0.2160826 0.6251487 0.7499983 0.2490505 0.6127606 0.7499989 0.2813076 0.598639 0.7499982 0.3127716 0.5828181 0.749998 0.3433448 0.5653471 0.749998 0.3729493 0.5462694 0.749999 0.4014943 0.5256472 0.7499983 0.4289005 0.5035344 0.7499983 0.4550923 0.4799928 0.7499987 0.479993 0.4550925 0.7499983 0.5035344 0.4289006 0.7499983 0.5256464 0.4014937 0.749999 0.5462704 0.37295 0.749998 0.5653471 0.3433447 0.7499981 0.5828179 0.3127715 0.7499982 0.5986384 0.2813074 0.7499987 0.6127612 0.2490507 0.7499983 0.6251482 0.2160825 0.7499986 0.6357624 0.1825044 0.7499989 0.6445744 0.1484099 0.7499989 0.6515599 0.1138956 0.7499983 0.6566979 0.07905501 0.7499988 0.6599756 0.04399195 0.749998 0.6613798 0.008803326 0.7499995 0.660912 -0.02640587 0.7499987 0.6585686 -0.06154699 0.7499996 0.6543616 -0.09650742 0.7499981 0.6482973 -0.131199 0.7499984 0.6403959 -0.1655163 0.7499983 0.6306776 -0.1993656 0.7499994 0.6191732 -0.2326493 0.7499992 0.6059155 -0.2652722 0.749998 0.590938 -0.2971438 0.7499986 0.5742849 -0.3281757 0.7499984 0.5560062 -0.3582736 0.7499981 0.5361502 -0.387358 0.749998 0.5147724 -0.4153455 0.7499983 0.4919358 -0.4421538 0.7499994 0.4677077 -0.4677077 0.7499994 0.4421547 -0.4919368 0.7499982 0.4153459 -0.5147728 0.7499979 0.3873578 -0.5361499 0.7499982 0.3582734 -0.5560058 0.7499985 0.3281755 -0.5742847 0.7499986 0.2971441 -0.5909385 0.749998 0.2652716 -0.6059143 0.7499992 0.2326493 -0.6191731 0.7499993 0.199366 -0.6306788 0.7499983 0.1655163 -0.6403958 0.7499984 0.131199 -0.6482974 0.7499981 0.09650719 -0.6543599 0.7499996 0.06154709 -0.6585695 0.7499987 0.02640584 -0.6609111 0.7499996 -0.008803351 -0.6613815 0.7499979 -0.04399189 -0.6599746 0.7499988 -0.07905515 -0.6566985 0.7499983 -0.1138955 -0.6515592 0.7499989 -0.1484099 -0.6445745 0.7499988 -0.1825045 -0.6357627 0.7499986 -0.2160826 -0.6251487 0.7499983 -0.2490505 -0.6127606 0.7499989 -0.2813076 -0.598639 0.7499982 -0.3127716 -0.5828181 0.749998 -0.3433448 -0.5653471 0.749998 -0.3729493 -0.5462694 0.749999 -0.4014943 -0.5256472 0.7499983 -0.4289005 -0.5035344 0.7499983 -0.4550923 -0.4799928 0.7499987 -0.4448731 -0.4217936 0.7900494 -0.4666921 -0.3975189 0.7900488 -0.4871865 -0.3721198 0.7900481 -0.5063023 -0.3456603 0.7900487 -0.5239812 -0.3182226 0.7900494 -0.5401745 -0.2898872 0.7900488 -0.5548365 -0.2607256 0.7900498 -0.5679268 -0.2308269 0.7900495 -0.5794079 -0.2002732 0.7900488 -0.5892461 -0.1691518 0.7900485 -0.5974128 -0.1375513 0.7900491 -0.6038871 -0.1055607 0.7900489 -0.6086503 -0.07327214 0.7900482 -0.6116858 -0.04077134 0.7900495 -0.6129891 -0.008162643 0.7900493 -0.612555 0.02447564 0.7900489 -0.6103835 0.05704187 0.7900495 -0.6064828 0.08944923 0.7900491 -0.6008625 0.1215989 0.7900493 -0.593539 0.1534058 0.7900495 -0.584534 0.1847765 0.7900491 -0.5738702 0.2156274 0.7900494 -0.5615802 0.2458648 0.7900495 -0.5477015 0.2754017 0.7900487 -0.5322656 0.3041643 0.790049 -0.5153239 0.33206 0.790049 -0.4969202 0.3590159 0.7900493 -0.4771079 0.3849545 0.7900494 -0.4559446 0.4098013 0.790049 -0.4334873 0.4334873 0.7900491 -0.409801 0.4559443 0.7900494 -0.3849546 0.4771081 0.7900493 -0.3590161 0.4969205 0.7900489 -0.33206 0.5153239 0.790049 -0.3041645 0.532266 0.7900487 -0.2754012 0.5477007 0.7900494 -0.2458649 0.5615805 0.7900494 -0.2156274 0.5738704 0.7900491 -0.1847764 0.5845336 0.7900496 -0.1534059 0.5935391 0.7900493 -0.121599 0.6008629 0.7900491 -0.08944914 0.6064821 0.7900495 -0.05704188 0.6103842 0.7900489 -0.02447562 0.6125546 0.7900493 0.008162638 0.6129887 0.7900496 0.04077145 0.6116876 0.7900481 0.07327201 0.6086492 0.790049 0.1055608 0.603887 0.790049 0.1375515 0.5974135 0.7900485 0.1691517 0.5892458 0.7900488 0.2002729 0.5794072 0.7900494 0.2308268 0.5679264 0.7900497 0.2607262 0.5548377 0.7900487 0.2898868 0.5401737 0.7900494 0.3182231 0.523982 0.7900486 0.3456607 0.5063029 0.7900482 0.3721192 0.4871859 0.7900489 0.3975184 0.4666916 0.7900495 0.4217935 0.444873 0.7900496 0.4448731 0.4217936 0.7900494 0.4666921 0.3975189 0.7900488 0.4871865 0.3721198 0.7900481 0.5063023 0.3456603 0.7900487 0.5239812 0.3182226 0.7900494 0.5401745 0.2898872 0.7900488 0.5548365 0.2607256 0.7900498 0.5679268 0.2308269 0.7900495 0.5794079 0.2002732 0.7900488 0.5892461 0.1691518 0.7900485 0.5974128 0.1375513 0.7900491 0.6038871 0.1055607 0.7900489 0.6086503 0.07327214 0.7900482 0.6116858 0.04077134 0.7900495 0.6129891 0.008162643 0.7900493 0.612555 -0.02447564 0.7900489 0.6103835 -0.05704187 0.7900495 0.6064828 -0.08944923 0.7900491 0.6008625 -0.1215989 0.7900493 0.593539 -0.1534058 0.7900495 0.584534 -0.1847765 0.7900491 0.5738702 -0.2156274 0.7900494 0.5615802 -0.2458648 0.7900495 0.5477015 -0.2754017 0.7900487 0.5322656 -0.3041643 0.790049 0.5153239 -0.33206 0.790049 0.4969202 -0.3590159 0.7900493 0.4771079 -0.3849545 0.7900494 0.4559446 -0.4098013 0.790049 0.4334873 -0.4334873 0.7900491 0.409801 -0.4559443 0.7900494 0.3849546 -0.4771081 0.7900493 0.3590161 -0.4969205 0.7900489 0.33206 -0.5153239 0.790049 0.3041645 -0.532266 0.7900487 0.2754012 -0.5477007 0.7900494 0.2458649 -0.5615805 0.7900494 0.2156274 -0.5738704 0.7900491 0.1847764 -0.5845336 0.7900496 0.1534059 -0.5935391 0.7900493 0.121599 -0.6008629 0.7900491 0.08944914 -0.6064821 0.7900495 0.05704188 -0.6103842 0.7900489 0.02447562 -0.6125546 0.7900493 -0.008162638 -0.6129887 0.7900496 -0.04077145 -0.6116876 0.7900481 -0.07327201 -0.6086492 0.790049 -0.1055608 -0.603887 0.790049 -0.1375515 -0.5974135 0.7900485 -0.1691517 -0.5892458 0.7900488 -0.2002729 -0.5794072 0.7900494 -0.2308268 -0.5679264 0.7900497 -0.2607262 -0.5548377 0.7900487 -0.2898868 -0.5401737 0.7900494 -0.3182231 -0.523982 0.7900486 -0.3456607 -0.5063029 0.7900482 -0.3721192 -0.4871859 0.7900489 -0.3975184 -0.4666916 0.7900495 -0.4217935 -0.444873 0.7900496 -0.4079932 -0.3868266 0.8269866 -0.4280024 -0.364562 0.8269875 -0.4467978 -0.3412684 0.8269871 -0.4643288 -0.3170056 0.8269863 -0.4805417 -0.2918431 0.8269869 -0.4953936 -0.2658535 0.8269868 -0.5088406 -0.239114 0.826986 -0.5208469 -0.2116911 0.8269857 -0.5313736 -0.1836687 0.8269873 -0.540395 -0.1551277 0.8269877 -0.5478863 -0.1261493 0.8269866 -0.5538244 -0.09680943 0.8269863 -0.5581912 -0.06719586 0.8269868 -0.5609773 -0.03739446 0.8269863 -0.5621725 -0.007485351 0.8269861 -0.5617738 0.02244731 0.8269862 -0.5597839 0.05231193 0.8269858 -0.5562042 0.08203491 0.8269868 -0.5510506 0.1115176 0.8269868 -0.544335 0.1406883 0.8269862 -0.5360755 0.1694592 0.8269866 -0.5262961 0.1977512 0.8269866 -0.5150247 0.2254821 0.8269869 -0.5022953 0.2525718 0.8269867 -0.4881402 0.2789479 0.8269868 -0.4726031 0.304532 0.8269865 -0.4557261 0.3292531 0.8269862 -0.4375565 0.3530422 0.8269858 -0.4181459 0.375829 0.8269864 -0.397551 0.397551 0.8269864 -0.3758296 0.4181466 0.8269858 -0.3530418 0.437556 0.8269861 -0.3292528 0.4557257 0.8269865 -0.3045317 0.4726026 0.8269868 -0.278948 0.4881404 0.8269867 -0.2525716 0.5022949 0.826987 -0.2254823 0.5150252 0.8269866 -0.1977513 0.5262963 0.8269865 -0.1694594 0.5360759 0.8269862 -0.1406881 0.5443342 0.8269867 -0.1115175 0.5510505 0.8269868 -0.08203509 0.5562057 0.8269858 -0.05231186 0.5597832 0.8269862 -0.02244737 0.5617739 0.8269861 0.007485349 0.5621724 0.8269862 0.0373944 0.5609763 0.8269869 0.06719593 0.558192 0.8269863 0.09680936 0.553824 0.8269867 0.126149 0.5478848 0.8269877 0.1551279 0.5403957 0.8269872 0.1836694 0.5313758 0.8269857 0.211691 0.5208465 0.8269859 0.2391135 0.5088394 0.8269868 0.2658535 0.4953935 0.8269868 0.2918435 0.4805425 0.8269863 0.3170049 0.4643277 0.8269871 0.341268 0.4467972 0.8269874 0.3645631 0.4280037 0.8269866 0.3868272 0.4079937 0.826986 0.4079932 0.3868266 0.8269866 0.4280024 0.364562 0.8269875 0.4467978 0.3412684 0.8269871 0.4643288 0.3170056 0.8269863 0.4805417 0.2918431 0.8269869 0.4953936 0.2658535 0.8269868 0.5088406 0.239114 0.826986 0.5208469 0.2116911 0.8269857 0.5313736 0.1836687 0.8269873 0.540395 0.1551277 0.8269877 0.5478863 0.1261493 0.8269866 0.5538244 0.09680943 0.8269863 0.5581912 0.06719586 0.8269868 0.5609773 0.03739446 0.8269863 0.5621725 0.007485351 0.8269861 0.5617738 -0.02244731 0.8269862 0.5597839 -0.05231193 0.8269858 0.5562042 -0.08203491 0.8269868 0.5510506 -0.1115176 0.8269868 0.544335 -0.1406883 0.8269862 0.5360755 -0.1694592 0.8269866 0.5262961 -0.1977512 0.8269866 0.5150247 -0.2254821 0.8269869 0.5022953 -0.2525718 0.8269867 0.4881402 -0.2789479 0.8269868 0.4726031 -0.304532 0.8269865 0.4557261 -0.3292531 0.8269862 0.4375565 -0.3530422 0.8269858 0.4181459 -0.375829 0.8269864 0.397551 -0.397551 0.8269864 0.3758296 -0.4181466 0.8269858 0.3530418 -0.437556 0.8269861 0.3292528 -0.4557257 0.8269865 0.3045317 -0.4726026 0.8269868 0.278948 -0.4881404 0.8269867 0.2525716 -0.5022949 0.826987 0.2254823 -0.5150252 0.8269866 0.1977513 -0.5262963 0.8269865 0.1694594 -0.5360759 0.8269862 0.1406881 -0.5443342 0.8269867 0.1115175 -0.5510505 0.8269868 0.08203509 -0.5562057 0.8269858 0.05231186 -0.5597832 0.8269862 0.02244737 -0.5617739 0.8269861 -0.007485349 -0.5621724 0.8269862 -0.0373944 -0.5609763 0.8269869 -0.06719593 -0.558192 0.8269863 -0.09680936 -0.553824 0.8269867 -0.126149 -0.5478848 0.8269877 -0.1551279 -0.5403957 0.8269872 -0.1836694 -0.5313758 0.8269857 -0.211691 -0.5208465 0.8269859 -0.2391135 -0.5088394 0.8269868 -0.2658535 -0.4953935 0.8269868 -0.2918435 -0.4805425 0.8269863 -0.3170049 -0.4643277 0.8269871 -0.341268 -0.4467972 0.8269874 -0.3645631 -0.4280037 0.8269866 -0.3868272 -0.4079937 0.826986 -0.3694998 -0.3503319 0.860661 -0.3876208 -0.3301691 0.8606616 -0.4046438 -0.3090695 0.8606622 -0.420521 -0.2870951 0.8606617 -0.4352038 -0.2643099 0.8606613 -0.4486549 -0.2407709 0.8606615 -0.4608337 -0.2165525 0.860661 -0.4717039 -0.191717 0.8606625 -0.4812407 -0.1663439 0.8606608 -0.4894107 -0.1404931 0.8606619 -0.4961961 -0.1142453 0.860661 -0.5015725 -0.08767519 0.8606614 -0.5055273 -0.06085719 0.8606617 -0.5080503 -0.03386498 0.8606615 -0.5091325 -0.006778932 0.8606614 -0.5087721 0.02032933 0.8606611 -0.5069686 0.04737734 0.8606615 -0.5037292 0.07429285 0.860661 -0.4990611 0.1009965 0.8606611 -0.4929783 0.127416 0.8606611 -0.4854999 0.1534711 0.8606606 -0.4766437 0.1790944 0.8606602 -0.4664357 0.2042086 0.8606606 -0.4549059 0.2287435 0.8606608 -0.442086 0.25263 0.8606614 -0.4280143 0.275801 0.8606611 -0.4127282 0.2981889 0.8606619 -0.3962724 0.3197333 0.8606619 -0.3786946 0.3403685 0.8606624 -0.3600419 0.3600419 0.8606624 -0.340369 0.3786952 0.8606618 -0.3197333 0.3962725 0.8606619 -0.2981897 0.4127293 0.8606611 -0.2758008 0.4280139 0.8606614 -0.2526305 0.4420869 0.8606609 -0.2287437 0.4549063 0.8606606 -0.2042089 0.4664363 0.8606601 -0.1790943 0.4766431 0.8606606 -0.1534707 0.4854988 0.8606611 -0.127416 0.4929783 0.8606612 -0.1009965 0.4990614 0.8606611 -0.07429273 0.5037284 0.8606615 -0.04737744 0.5069691 0.8606612 -0.02032936 0.5087715 0.8606615 0.006778932 0.5091325 0.8606614 0.03386495 0.5080497 0.8606617 0.06085721 0.5055279 0.8606614 0.08767532 0.5015733 0.860661 0.114245 0.4961947 0.8606618 0.1404936 0.4894123 0.8606609 0.1663429 0.481238 0.8606626 0.191718 0.4717064 0.860661 0.2165522 0.4608329 0.8606614 0.240771 0.4486551 0.8606613 0.2643096 0.4352033 0.8606616 0.2870946 0.4205203 0.8606622 0.3090701 0.4046445 0.8606616 0.3301697 0.3876216 0.860661 0.3503303 0.3694981 0.8606625 0.3694998 0.3503319 0.860661 0.3876208 0.3301691 0.8606616 0.4046438 0.3090695 0.8606622 0.420521 0.2870951 0.8606617 0.4352038 0.2643099 0.8606613 0.4486549 0.2407709 0.8606615 0.4608337 0.2165525 0.860661 0.4717039 0.191717 0.8606625 0.4812407 0.1663439 0.8606608 0.4894107 0.1404931 0.8606619 0.4961961 0.1142453 0.860661 0.5015725 0.08767519 0.8606614 0.5055273 0.06085719 0.8606617 0.5080503 0.03386498 0.8606615 0.5091325 0.006778932 0.8606614 0.5087721 -0.02032933 0.8606611 0.5069686 -0.04737734 0.8606615 0.5037292 -0.07429285 0.860661 0.4990611 -0.1009965 0.8606611 0.4929783 -0.127416 0.8606611 0.4854999 -0.1534711 0.8606606 0.4766437 -0.1790944 0.8606602 0.4664357 -0.2042086 0.8606606 0.4549059 -0.2287435 0.8606608 0.442086 -0.25263 0.8606614 0.4280143 -0.275801 0.8606611 0.4127282 -0.2981889 0.8606619 0.3962724 -0.3197333 0.8606619 0.3786946 -0.3403685 0.8606624 0.3600419 -0.3600419 0.8606624 0.340369 -0.3786952 0.8606618 0.3197333 -0.3962725 0.8606619 0.2981897 -0.4127293 0.8606611 0.2758008 -0.4280139 0.8606614 0.2526305 -0.4420869 0.8606609 0.2287437 -0.4549063 0.8606606 0.2042089 -0.4664363 0.8606601 0.1790943 -0.4766431 0.8606606 0.1534707 -0.4854988 0.8606611 0.127416 -0.4929783 0.8606612 0.1009965 -0.4990614 0.8606611 0.07429273 -0.5037284 0.8606615 0.04737744 -0.5069691 0.8606612 0.02032936 -0.5087715 0.8606615 -0.006778932 -0.5091325 0.8606614 -0.03386495 -0.5080497 0.8606617 -0.06085721 -0.5055279 0.8606614 -0.08767532 -0.5015733 0.860661 -0.114245 -0.4961947 0.8606618 -0.1404936 -0.4894123 0.8606609 -0.1663429 -0.481238 0.8606626 -0.191718 -0.4717064 0.860661 -0.2165522 -0.4608329 0.8606614 -0.240771 -0.4486551 0.8606613 -0.2643096 -0.4352033 0.8606616 -0.2870946 -0.4205203 0.8606622 -0.3090701 -0.4046445 0.8606616 -0.3301697 -0.3876216 0.860661 -0.3503303 -0.3694981 0.8606625 -0.3295411 -0.3124417 0.890945 -0.345701 -0.2944641 0.8909442 -0.3608829 -0.2756462 0.8909448 -0.3750435 -0.2560457 0.890945 -0.3881375 -0.2357246 0.8909451 -0.4001338 -0.2147325 0.890945 -0.4109953 -0.1931315 0.890945 -0.4206916 -0.1709876 0.8909444 -0.4291961 -0.1483503 0.8909449 -0.4364839 -0.125302 0.890944 -0.4425315 -0.1018875 0.890946 -0.4473282 -0.07819411 0.8909451 -0.4508564 -0.0542764 0.8909448 -0.4531058 -0.03020198 0.890945 -0.4540717 -0.006045912 0.8909447 -0.4537494 0.01813145 0.8909448 -0.4521418 0.04225289 0.8909447 -0.4492515 0.06625926 0.8909448 -0.4450903 0.09007402 0.8909441 -0.4396626 0.113636 0.8909453 -0.4329921 0.1368744 0.8909451 -0.4250925 0.1597254 0.8909456 -0.4159902 0.1821222 0.8909454 -0.4057079 0.2040043 0.8909452 -0.394276 0.2253073 0.890945 -0.3817242 0.2459737 0.8909453 -0.3680952 0.2659402 0.8909443 -0.353417 0.2851552 0.890945 -0.3377438 0.3035607 0.8909433 -0.3211074 0.3211074 0.8909433 -0.3035586 0.3377415 0.8909449 -0.2851561 0.3534181 0.8909442 -0.2659391 0.3680936 0.8909453 -0.245974 0.3817247 0.890945 -0.2253072 0.3942758 0.8909452 -0.2040042 0.4057076 0.8909454 -0.182122 0.4159898 0.8909456 -0.1597258 0.4250934 0.8909451 -0.1368743 0.4329918 0.8909453 -0.1136366 0.4396651 0.8909441 -0.0900737 0.4450887 0.8909448 -0.06625935 0.4492518 0.8909448 -0.04225291 0.4521415 0.8909449 -0.01813147 0.4537497 0.8909447 0.006045855 0.454071 0.890945 0.03020196 0.4531062 0.8909448 0.05427637 0.4508558 0.890945 0.07819386 0.4473265 0.890946 0.1018884 0.4425354 0.890944 0.1253015 0.4364821 0.890945 0.1483507 0.4291971 0.8909443 0.1709871 0.4206903 0.8909451 0.1931316 0.4109956 0.8909448 0.2147323 0.4001336 0.8909451 0.2357247 0.3881378 0.890945 0.2560459 0.3750438 0.8909448 0.2756468 0.3608837 0.8909443 0.2944633 0.3457001 0.8909448 0.3124425 0.329542 0.8909442 0.3295411 0.3124417 0.890945 0.345701 0.2944641 0.8909442 0.3608829 0.2756462 0.8909448 0.3750435 0.2560457 0.890945 0.3881375 0.2357246 0.8909451 0.4001338 0.2147325 0.890945 0.4109953 0.1931315 0.890945 0.4206916 0.1709876 0.8909444 0.4291961 0.1483503 0.8909449 0.4364839 0.125302 0.890944 0.4425315 0.1018875 0.890946 0.4473282 0.07819411 0.8909451 0.4508564 0.0542764 0.8909448 0.4531058 0.03020198 0.890945 0.4540717 0.006045912 0.8909447 0.4537494 -0.01813145 0.8909448 0.4521418 -0.04225289 0.8909447 0.4492515 -0.06625926 0.8909448 0.4450903 -0.09007402 0.8909441 0.4396626 -0.113636 0.8909453 0.4329921 -0.1368744 0.8909451 0.4250925 -0.1597254 0.8909456 0.4159902 -0.1821222 0.8909454 0.4057079 -0.2040043 0.8909452 0.394276 -0.2253073 0.890945 0.3817242 -0.2459737 0.8909453 0.3680952 -0.2659402 0.8909443 0.353417 -0.2851552 0.890945 0.3377438 -0.3035607 0.8909433 0.3211074 -0.3211074 0.8909433 0.3035586 -0.3377415 0.8909449 0.2851561 -0.3534181 0.8909442 0.2659391 -0.3680936 0.8909453 0.245974 -0.3817247 0.890945 0.2253072 -0.3942758 0.8909452 0.2040042 -0.4057076 0.8909454 0.182122 -0.4159898 0.8909456 0.1597258 -0.4250934 0.8909451 0.1368743 -0.4329918 0.8909453 0.1136366 -0.4396651 0.8909441 0.0900737 -0.4450887 0.8909448 0.06625935 -0.4492518 0.8909448 0.04225291 -0.4521415 0.8909449 0.01813147 -0.4537497 0.8909447 -0.006045855 -0.454071 0.890945 -0.03020196 -0.4531062 0.8909448 -0.05427637 -0.4508558 0.890945 -0.07819386 -0.4473265 0.890946 -0.1018884 -0.4425354 0.890944 -0.1253015 -0.4364821 0.890945 -0.1483507 -0.4291971 0.8909443 -0.1709871 -0.4206903 0.8909451 -0.1931316 -0.4109956 0.8909448 -0.2147323 -0.4001336 0.8909451 -0.2357247 -0.3881378 0.890945 -0.2560459 -0.3750438 0.8909448 -0.2756468 -0.3608837 0.8909443 -0.2944633 -0.3457001 0.8909448 -0.3124425 -0.329542 0.8909442 -0.2882965 -0.2733391 0.9176987 -0.3024334 -0.2576075 0.9176995 -0.3157165 -0.2411492 0.9176983 -0.3281024 -0.2239989 0.9176999 -0.3395606 -0.2062231 0.9176986 -0.350056 -0.1878576 0.9176984 -0.3595566 -0.1689602 0.917699 -0.3680398 -0.1495857 0.9176987 -0.3754805 -0.1297851 0.9176983 -0.3818544 -0.1096171 0.9176989 -0.3871467 -0.08914067 0.917699 -0.3913407 -0.0684052 0.9176999 -0.3944275 -0.04748257 0.9176994 -0.3963956 -0.02642237 0.9176996 -0.3972419 -0.005288473 0.9176987 -0.3969575 0.0158616 0.9176999 -0.395552 0.03696496 0.9176994 -0.3930241 0.05796604 0.9176993 -0.3893802 0.07880165 0.9177 -0.3846384 0.09941123 0.9176986 -0.3788009 0.1197443 0.9176988 -0.371892 0.1397345 0.9176986 -0.3639273 0.1593294 0.9176988 -0.3549314 0.1784726 0.9176989 -0.344929 0.1971086 0.9176994 -0.3339482 0.2151872 0.9176999 -0.3220239 0.2326577 0.9176987 -0.3091854 0.2494648 0.9176992 -0.295467 0.2655678 0.9176999 -0.2809155 0.2809155 0.9176998 -0.2655688 0.2954682 0.9176992 -0.2494654 0.3091861 0.9176987 -0.2326562 0.3220218 0.9176999 -0.2151878 0.3339491 0.9176995 -0.1971092 0.34493 0.9176989 -0.1784728 0.3549317 0.9176988 -0.1593297 0.3639277 0.9176986 -0.1397343 0.3718913 0.9176987 -0.1197444 0.3788015 0.9176986 -0.09941041 0.3846352 0.9176999 -0.07880197 0.3893818 0.9176993 -0.05796599 0.3930239 0.9176995 -0.03696485 0.3955508 0.9176999 -0.01586176 0.3969604 0.9176987 0.005288402 0.39724 0.9176996 0.02642239 0.3963957 0.9176995 0.04748245 0.3944265 0.9176999 0.06840558 0.3913428 0.917699 0.08914067 0.3871468 0.9176989 0.1096175 0.3818557 0.9176983 0.1297848 0.3754798 0.9176987 0.1495854 0.368039 0.917699 0.1689608 0.3595579 0.9176983 0.1878574 0.3500556 0.9176986 0.2062214 0.3395578 0.9177 0.2240012 0.3281056 0.9176983 0.2411474 0.3157142 0.9176995 0.2576087 0.3024349 0.9176987 0.2733412 0.2882987 0.9176974 0.2882965 0.2733391 0.9176987 0.3024334 0.2576075 0.9176995 0.3157165 0.2411492 0.9176983 0.3281024 0.2239989 0.9176999 0.3395606 0.2062231 0.9176986 0.350056 0.1878576 0.9176984 0.3595566 0.1689602 0.917699 0.3680398 0.1495857 0.9176987 0.3754805 0.1297851 0.9176983 0.3818544 0.1096171 0.9176989 0.3871467 0.08914067 0.917699 0.3913407 0.0684052 0.9176999 0.3944275 0.04748257 0.9176994 0.3963956 0.02642237 0.9176996 0.3972419 0.005288473 0.9176987 0.3969575 -0.0158616 0.9176999 0.395552 -0.03696496 0.9176994 0.3930241 -0.05796604 0.9176993 0.3893802 -0.07880165 0.9177 0.3846384 -0.09941123 0.9176986 0.3788009 -0.1197443 0.9176988 0.371892 -0.1397345 0.9176986 0.3639273 -0.1593294 0.9176988 0.3549314 -0.1784726 0.9176989 0.344929 -0.1971086 0.9176994 0.3339482 -0.2151872 0.9176999 0.3220239 -0.2326577 0.9176987 0.3091854 -0.2494648 0.9176992 0.295467 -0.2655678 0.9176999 0.2809155 -0.2809155 0.9176998 0.2655688 -0.2954682 0.9176992 0.2494654 -0.3091861 0.9176987 0.2326562 -0.3220218 0.9176999 0.2151878 -0.3339491 0.9176995 0.1971092 -0.34493 0.9176989 0.1784728 -0.3549317 0.9176988 0.1593297 -0.3639277 0.9176986 0.1397343 -0.3718913 0.9176987 0.1197444 -0.3788015 0.9176986 0.09941041 -0.3846352 0.9176999 0.07880197 -0.3893818 0.9176993 0.05796599 -0.3930239 0.9176995 0.03696485 -0.3955508 0.9176999 0.01586176 -0.3969604 0.9176987 -0.005288402 -0.39724 0.9176996 -0.02642239 -0.3963957 0.9176995 -0.04748245 -0.3944265 0.9176999 -0.06840558 -0.3913428 0.917699 -0.08914067 -0.3871468 0.9176989 -0.1096175 -0.3818557 0.9176983 -0.1297848 -0.3754798 0.9176987 -0.1495854 -0.368039 0.917699 -0.1689608 -0.3595579 0.9176983 -0.1878574 -0.3500556 0.9176986 -0.2062214 -0.3395578 0.9177 -0.2240012 -0.3281056 0.9176983 -0.2411474 -0.3157142 0.9176995 -0.2576087 -0.3024349 0.9176987 -0.2733412 -0.2882987 0.9176974 -0.2458764 -0.2331243 0.9408495 -0.257939 -0.2197105 0.9408479 -0.2692667 -0.2056663 0.940849 -0.2798292 -0.1910474 0.9408488 -0.2896046 -0.1758796 0.9408483 -0.2985502 -0.1602167 0.9408498 -0.3066553 -0.1441029 0.9408489 -0.3138882 -0.1275755 0.94085 -0.3202357 -0.1106888 0.9408492 -0.3256735 -0.09349106 0.9408486 -0.3301879 -0.076026 0.9408486 -0.3337658 -0.05834358 0.9408488 -0.3363986 -0.04049567 0.9408486 -0.3380782 -0.02253534 0.9408481 -0.3387976 -0.004508345 0.9408484 -0.3385599 0.01352513 0.9408476 -0.3373612 0.03152819 0.9408472 -0.3351984 0.04943771 0.9408495 -0.3320966 0.06720696 0.9408481 -0.3280469 0.08478861 0.9408486 -0.3230675 0.1021256 0.9408495 -0.3171721 0.1191748 0.9408503 -0.3103839 0.1358873 0.9408488 -0.3027122 0.1522145 0.9408485 -0.2941858 0.1681101 0.9408473 -0.2848182 0.1835279 0.9408486 -0.2746428 0.198429 0.9408492 -0.2636975 0.2127618 0.9408486 -0.2520003 0.2264973 0.9408479 -0.2395883 0.2395883 0.9408479 -0.2264961 0.251999 0.9408486 -0.2127607 0.263696 0.9408493 -0.1984301 0.2746442 0.9408486 -0.1835298 0.2848211 0.9408473 -0.1681084 0.2941828 0.9408485 -0.1522143 0.3027116 0.9408488 -0.1358857 0.3103803 0.9408503 -0.1191756 0.3171741 0.9408495 -0.1021263 0.3230698 0.9408486 -0.08478901 0.3280484 0.9408481 -0.06720612 0.3320925 0.9408495 -0.04943871 0.335205 0.9408472 -0.03152805 0.3373598 0.9408476 -0.01352501 0.3385576 0.9408485 0.004508336 0.3387986 0.9408481 0.02253525 0.338077 0.9408486 0.04049565 0.3363981 0.9408488 0.05834369 0.3337663 0.9408486 0.0760259 0.3301875 0.9408488 0.0934907 0.3256722 0.9408491 0.110688 0.3202334 0.94085 0.1275765 0.3138907 0.9408491 0.144102 0.3066533 0.9408498 0.1602186 0.298554 0.9408484 0.1758789 0.2896034 0.9408489 0.1910471 0.2798287 0.940849 0.2056681 0.269269 0.9408479 0.2197075 0.2579354 0.9408495 0.2331236 0.2458756 0.9408499 0.2458764 0.2331243 0.9408495 0.257939 0.2197105 0.9408479 0.2692667 0.2056663 0.940849 0.2798292 0.1910474 0.9408488 0.2896046 0.1758796 0.9408483 0.2985502 0.1602167 0.9408498 0.3066553 0.1441029 0.9408489 0.3138882 0.1275755 0.94085 0.3202357 0.1106888 0.9408492 0.3256735 0.09349106 0.9408486 0.3301879 0.076026 0.9408486 0.3337658 0.05834358 0.9408488 0.3363986 0.04049567 0.9408486 0.3380782 0.02253534 0.9408481 0.3387976 0.004508345 0.9408484 0.3385599 -0.01352513 0.9408476 0.3373612 -0.03152819 0.9408472 0.3351984 -0.04943771 0.9408495 0.3320966 -0.06720696 0.9408481 0.3280469 -0.08478861 0.9408486 0.3230675 -0.1021256 0.9408495 0.3171721 -0.1191748 0.9408503 0.3103839 -0.1358873 0.9408488 0.3027122 -0.1522145 0.9408485 0.2941858 -0.1681101 0.9408473 0.2848182 -0.1835279 0.9408486 0.2746428 -0.198429 0.9408492 0.2636975 -0.2127618 0.9408486 0.2520003 -0.2264973 0.9408479 0.2395883 -0.2395883 0.9408479 0.2264961 -0.251999 0.9408486 0.2127607 -0.263696 0.9408493 0.1984301 -0.2746442 0.9408486 0.1835298 -0.2848211 0.9408473 0.1681084 -0.2941828 0.9408485 0.1522143 -0.3027116 0.9408488 0.1358857 -0.3103803 0.9408503 0.1191756 -0.3171741 0.9408495 0.1021263 -0.3230698 0.9408486 0.08478901 -0.3280484 0.9408481 0.06720612 -0.3320925 0.9408495 0.04943871 -0.335205 0.9408472 0.03152805 -0.3373598 0.9408476 0.01352501 -0.3385576 0.9408485 -0.004508336 -0.3387986 0.9408481 -0.02253525 -0.338077 0.9408486 -0.04049565 -0.3363981 0.9408488 -0.05834369 -0.3337663 0.9408486 -0.0760259 -0.3301875 0.9408488 -0.0934907 -0.3256722 0.9408491 -0.110688 -0.3202334 0.94085 -0.1275765 -0.3138907 0.9408491 -0.144102 -0.3066533 0.9408498 -0.1602186 -0.298554 0.9408484 -0.1758789 -0.2896034 0.9408489 -0.1910471 -0.2798287 0.940849 -0.2056681 -0.269269 0.9408479 -0.2197075 -0.2579354 0.9408495 -0.2331236 -0.2458756 0.9408499 -0.2025312 -0.1920258 0.9602642 -0.2124628 -0.1809685 0.9602656 -0.2217932 -0.1694095 0.9602647 -0.2304979 -0.1573669 0.9602638 -0.238545 -0.1448691 0.9602652 -0.2459179 -0.1319761 0.9602638 -0.2525919 -0.1186952 0.960265 -0.2585519 -0.1050876 0.9602643 -0.2637811 -0.09117293 0.960264 -0.2682553 -0.07700676 0.9602651 -0.2719761 -0.06262231 0.9602643 -0.2749236 -0.04805823 0.9602643 -0.2770917 -0.03335592 0.9602643 -0.2784726 -0.01856095 0.9602649 -0.2790647 -0.003714359 0.9602651 -0.2788659 0.0111426 0.9602654 -0.2778778 0.02597041 0.9602653 -0.2761051 0.04071577 0.9602646 -0.2735442 0.05536166 0.960265 -0.2702073 0.06983756 0.9602659 -0.2661127 0.08411902 0.9602645 -0.2612593 0.09816391 0.9602643 -0.2556579 0.1119321 0.9602657 -0.2493389 0.1253773 0.9602659 -0.2423135 0.1384718 0.9602655 -0.234607 0.1511694 0.9602641 -0.2262246 0.1634449 0.9602647 -0.2172043 0.1752515 0.9602651 -0.2075686 0.1865645 0.9602651 -0.1973462 0.1973462 0.960265 -0.1865643 0.2075683 0.9602651 -0.1752527 0.2172058 0.9602646 -0.1634457 0.2262258 0.9602642 -0.1511671 0.2346033 0.9602655 -0.138471 0.2423121 0.9602659 -0.1253777 0.2493396 0.9602658 -0.1119341 0.2556624 0.9602643 -0.09816353 0.2612583 0.9602646 -0.08411754 0.2661081 0.9602659 -0.06983849 0.2702109 0.9602649 -0.05536181 0.2735449 0.9602647 -0.04071542 0.2761027 0.9602654 -0.02597038 0.2778775 0.9602654 -0.01114265 0.2788669 0.9602652 0.003714395 0.2790658 0.9602649 0.01856108 0.2784743 0.9602643 0.03335596 0.277092 0.9602642 0.0480582 0.2749235 0.9602643 0.06262166 0.2719732 0.960265 0.07700778 0.2682588 0.960264 0.09117269 0.2637803 0.9602643 0.1050868 0.2585498 0.9602649 0.1186968 0.2525952 0.9602638 0.131974 0.2459139 0.9602652 0.1448717 0.2385494 0.9602637 0.157365 0.2304952 0.9602646 0.1694076 0.2217907 0.9602655 0.1809717 0.2124666 0.9602641 0.1920245 0.2025299 0.9602646 0.2025312 0.1920258 0.9602642 0.2124628 0.1809685 0.9602656 0.2217932 0.1694095 0.9602647 0.2304979 0.1573669 0.9602638 0.238545 0.1448691 0.9602652 0.2459179 0.1319761 0.9602638 0.2525919 0.1186952 0.960265 0.2585519 0.1050876 0.9602643 0.2637811 0.09117293 0.960264 0.2682553 0.07700676 0.9602651 0.2719761 0.06262231 0.9602643 0.2749236 0.04805823 0.9602643 0.2770917 0.03335592 0.9602643 0.2784726 0.01856095 0.9602649 0.2790647 0.003714359 0.9602651 0.2788659 -0.0111426 0.9602654 0.2778778 -0.02597041 0.9602653 0.2761051 -0.04071577 0.9602646 0.2735442 -0.05536166 0.960265 0.2702073 -0.06983756 0.9602659 0.2661127 -0.08411902 0.9602645 0.2612593 -0.09816391 0.9602643 0.2556579 -0.1119321 0.9602657 0.2493389 -0.1253773 0.9602659 0.2423135 -0.1384718 0.9602655 0.234607 -0.1511694 0.9602641 0.2262246 -0.1634449 0.9602647 0.2172043 -0.1752515 0.9602651 0.2075686 -0.1865645 0.9602651 0.1973462 -0.1973462 0.960265 0.1865643 -0.2075683 0.9602651 0.1752527 -0.2172058 0.9602646 0.1634457 -0.2262258 0.9602642 0.1511671 -0.2346033 0.9602655 0.138471 -0.2423121 0.9602659 0.1253777 -0.2493396 0.9602658 0.1119341 -0.2556624 0.9602643 0.09816353 -0.2612583 0.9602646 0.08411754 -0.2661081 0.9602659 0.06983849 -0.2702109 0.9602649 0.05536181 -0.2735449 0.9602647 0.04071542 -0.2761027 0.9602654 0.02597038 -0.2778775 0.9602654 0.01114265 -0.2788669 0.9602652 -0.003714395 -0.2790658 0.9602649 -0.01856108 -0.2784743 0.9602643 -0.03335596 -0.277092 0.9602642 -0.0480582 -0.2749235 0.9602643 -0.06262166 -0.2719732 0.960265 -0.07700778 -0.2682588 0.960264 -0.09117269 -0.2637803 0.9602643 -0.1050868 -0.2585498 0.9602649 -0.1186968 -0.2525952 0.9602638 -0.131974 -0.2459139 0.9602652 -0.1448717 -0.2385494 0.9602637 -0.157365 -0.2304952 0.9602646 -0.1694076 -0.2217907 0.9602655 -0.1809717 -0.2124666 0.9602641 -0.1920245 -0.2025299 0.9602646 -0.1583536 -0.1501376 0.9759011 -0.1661197 -0.1415004 0.9759006 -0.1734165 -0.1324553 0.9759008 -0.1802174 -0.1230357 0.9759016 -0.1865098 -0.1132729 0.9759013 -0.1922764 -0.1031841 0.975901 -0.1974944 -0.09280787 0.9759009 -0.2021547 -0.08216312 0.9759009 -0.2062402 -0.07128384 0.9759014 -0.2097421 -0.06021289 0.9759009 -0.2126489 -0.04895982 0.9759014 -0.2149566 -0.03757553 0.9759005 -0.2166488 -0.02608018 0.9759012 -0.21773 -0.0145137 0.9759011 -0.2181953 -0.002905129 0.9759008 -0.2180399 0.00871131 0.975901 -0.2172677 0.02030606 0.9759008 -0.215882 0.03183698 0.9759003 -0.2138759 0.04328499 0.9759014 -0.211275 0.05460282 0.9759003 -0.2080639 0.06577393 0.9759012 -0.2042726 0.07675303 0.9759005 -0.1998986 0.08751502 0.9759004 -0.1949558 0.09803065 0.9759007 -0.1894611 0.1082704 0.9759006 -0.1834307 0.1181983 0.9759008 -0.1768811 0.1277933 0.9759006 -0.1698289 0.1370246 0.9759008 -0.1622925 0.1458703 0.9759011 -0.1543001 0.1543001 0.9759011 -0.1458712 0.1622935 0.9759008 -0.1370253 0.1698297 0.9759006 -0.1277927 0.1768804 0.9759008 -0.1181987 0.1834314 0.9759006 -0.1082702 0.1894608 0.9759007 -0.09803116 0.1949569 0.9759005 -0.08751501 0.1998986 0.9759004 -0.07675179 0.2042694 0.9759012 -0.06577517 0.2080679 0.9759004 -0.05460159 0.2112703 0.9759014 -0.04328593 0.2138806 0.9759003 -0.03183663 0.2158796 0.9759008 -0.02030599 0.2172671 0.9759009 -0.008711339 0.2180406 0.9759008 0.002905128 0.2181938 0.9759012 0.01451369 0.2177298 0.9759012 0.02608053 0.2166519 0.9759005 0.03757488 0.2149528 0.9759014 0.04896023 0.2126506 0.9759009 0.06021231 0.2097401 0.9759014 0.07128454 0.2062422 0.9759009 0.08216315 0.2021548 0.9759009 0.09280766 0.197494 0.9759011 0.1031836 0.1922753 0.9759013 0.1132723 0.1865087 0.9759016 0.1230378 0.1802205 0.9759007 0.1324558 0.1734172 0.9759006 0.1414989 0.166118 0.9759011 0.1501374 0.1583533 0.9759011 0.1583536 0.1501376 0.9759011 0.1661197 0.1415004 0.9759006 0.1734165 0.1324553 0.9759008 0.1802174 0.1230357 0.9759016 0.1865098 0.1132729 0.9759013 0.1922764 0.1031841 0.975901 0.1974944 0.09280787 0.9759009 0.2021547 0.08216312 0.9759009 0.2062402 0.07128384 0.9759014 0.2097421 0.06021289 0.9759009 0.2126489 0.04895982 0.9759014 0.2149566 0.03757553 0.9759005 0.2166488 0.02608018 0.9759012 0.21773 0.0145137 0.9759011 0.2181953 0.002905129 0.9759008 0.2180399 -0.00871131 0.975901 0.2172677 -0.02030606 0.9759008 0.215882 -0.03183698 0.9759003 0.2138759 -0.04328499 0.9759014 0.211275 -0.05460282 0.9759003 0.2080639 -0.06577393 0.9759012 0.2042726 -0.07675303 0.9759005 0.1998986 -0.08751502 0.9759004 0.1949558 -0.09803065 0.9759007 0.1894611 -0.1082704 0.9759006 0.1834307 -0.1181983 0.9759008 0.1768811 -0.1277933 0.9759006 0.1698289 -0.1370246 0.9759008 0.1622925 -0.1458703 0.9759011 0.1543001 -0.1543001 0.9759011 0.1458712 -0.1622935 0.9759008 0.1370253 -0.1698297 0.9759006 0.1277927 -0.1768804 0.9759008 0.1181987 -0.1834314 0.9759006 0.1082702 -0.1894608 0.9759007 0.09803116 -0.1949569 0.9759005 0.08751501 -0.1998986 0.9759004 0.07675179 -0.2042694 0.9759012 0.06577517 -0.2080679 0.9759004 0.05460159 -0.2112703 0.9759014 0.04328593 -0.2138806 0.9759003 0.03183663 -0.2158796 0.9759008 0.02030599 -0.2172671 0.9759009 0.008711339 -0.2180406 0.9759008 -0.002905128 -0.2181938 0.9759012 -0.01451369 -0.2177298 0.9759012 -0.02608053 -0.2166519 0.9759005 -0.03757488 -0.2149528 0.9759014 -0.04896023 -0.2126506 0.9759009 -0.06021231 -0.2097401 0.9759014 -0.07128454 -0.2062422 0.9759009 -0.08216315 -0.2021548 0.9759009 -0.09280766 -0.197494 0.9759011 -0.1031836 -0.1922753 0.9759013 -0.1132723 -0.1865087 0.9759016 -0.1230378 -0.1802205 0.9759007 -0.1324558 -0.1734172 0.9759006 -0.1414989 -0.166118 0.9759011 -0.1501374 -0.1583533 0.9759011 -0.1135676 -0.107675 0.9876783 -0.1191356 -0.1014774 0.9876786 -0.1243687 -0.09499341 0.9876785 -0.1292482 -0.08824196 0.9876782 -0.1337624 -0.08123682 0.9876781 -0.1378946 -0.0739995 0.9876786 -0.1416391 -0.06655955 0.9876782 -0.1449805 -0.0589255 0.9876783 -0.1479118 -0.05112512 0.9876783 -0.1504222 -0.04318168 0.9876783 -0.1525072 -0.03511425 0.9876783 -0.1541573 -0.02694475 0.9876788 -0.1553748 -0.01870622 0.9876785 -0.156152 -0.01040881 0.9876782 -0.1564824 -0.00208239 0.9876786 -0.1563739 0.006247032 0.9876782 -0.1558162 0.01456318 0.9876787 -0.1548208 0.02283379 0.9876786 -0.1533882 0.03103974 0.9876784 -0.1515188 0.03916275 0.9876783 -0.1492214 0.04716934 0.9876781 -0.1464956 0.05504666 0.9876785 -0.1433603 0.06276271 0.9876784 -0.1398185 0.07030473 0.9876781 -0.1358747 0.07764802 0.9876785 -0.1315501 0.084767 0.9876786 -0.1268504 0.09164774 0.987679 -0.1217974 0.09826999 0.9876783 -0.116393 0.1046141 0.9876783 -0.1106604 0.1106604 0.9876784 -0.1046144 0.1163934 0.9876783 -0.09826744 0.1217942 0.9876789 -0.09164882 0.1268519 0.9876787 -0.08476753 0.131551 0.9876785 -0.0776493 0.135877 0.9876781 -0.07030383 0.1398167 0.9876784 -0.06276242 0.1433596 0.9876785 -0.05504767 0.1464982 0.9876781 -0.04716906 0.1492205 0.9876783 -0.03916253 0.151518 0.9876784 -0.03103939 0.1533865 0.9876786 -0.02283377 0.1548205 0.9876788 -0.0145635 0.1558195 0.9876782 -0.006246945 0.1563715 0.9876786 0.00208243 0.1564847 0.9876782 0.0104087 0.1561502 0.9876785 0.01870594 0.1553725 0.9876789 0.0269453 0.1541605 0.9876783 0.03511425 0.1525072 0.9876783 0.04318182 0.1504227 0.9876782 0.05112503 0.1479115 0.9876783 0.05892574 0.1449811 0.9876782 0.06655827 0.1416363 0.9876787 0.07400095 0.1378973 0.9876782 0.0812367 0.1337623 0.9876782 0.08824117 0.129247 0.9876785 0.09499269 0.1243677 0.9876786 0.1014785 0.1191369 0.9876783 0.1076745 0.1135671 0.9876784 0.1135676 0.107675 0.9876783 0.1191356 0.1014774 0.9876786 0.1243687 0.09499341 0.9876785 0.1292482 0.08824196 0.9876782 0.1337624 0.08123682 0.9876781 0.1378946 0.0739995 0.9876786 0.1416391 0.06655955 0.9876782 0.1449805 0.0589255 0.9876783 0.1479118 0.05112512 0.9876783 0.1504222 0.04318168 0.9876783 0.1525072 0.03511425 0.9876783 0.1541573 0.02694475 0.9876788 0.1553748 0.01870622 0.9876785 0.156152 0.01040881 0.9876782 0.1564824 0.00208239 0.9876786 0.1563739 -0.006247032 0.9876782 0.1558162 -0.01456318 0.9876787 0.1548208 -0.02283379 0.9876786 0.1533882 -0.03103974 0.9876784 0.1515188 -0.03916275 0.9876783 0.1492214 -0.04716934 0.9876781 0.1464956 -0.05504666 0.9876785 0.1433603 -0.06276271 0.9876784 0.1398185 -0.07030473 0.9876781 0.1358747 -0.07764802 0.9876785 0.1315501 -0.084767 0.9876786 0.1268504 -0.09164774 0.987679 0.1217974 -0.09826999 0.9876783 0.116393 -0.1046141 0.9876783 0.1106604 -0.1106604 0.9876784 0.1046144 -0.1163934 0.9876783 0.09826744 -0.1217942 0.9876789 0.09164882 -0.1268519 0.9876787 0.08476753 -0.131551 0.9876785 0.0776493 -0.135877 0.9876781 0.07030383 -0.1398167 0.9876784 0.06276242 -0.1433596 0.9876785 0.05504767 -0.1464982 0.9876781 0.04716906 -0.1492205 0.9876783 0.03916253 -0.151518 0.9876784 0.03103939 -0.1533865 0.9876786 0.02283377 -0.1548205 0.9876788 0.0145635 -0.1558195 0.9876782 0.006246945 -0.1563715 0.9876786 -0.00208243 -0.1564847 0.9876782 -0.0104087 -0.1561502 0.9876785 -0.01870594 -0.1553725 0.9876789 -0.0269453 -0.1541605 0.9876783 -0.03511425 -0.1525072 0.9876783 -0.04318182 -0.1504227 0.9876782 -0.05112503 -0.1479115 0.9876783 -0.05892574 -0.1449811 0.9876782 -0.06655827 -0.1416363 0.9876787 -0.07400095 -0.1378973 0.9876782 -0.0812367 -0.1337623 0.9876782 -0.08824117 -0.129247 0.9876785 -0.09499269 -0.1243677 0.9876786 -0.1014785 -0.1191369 0.9876783 -0.1076745 -0.1135671 0.9876784 -0.06831694 -0.06477175 0.9955589 -0.07166667 -0.06104561 0.9955589 -0.0748143 -0.05714271 0.9955589 -0.07774996 -0.05308146 0.9955588 -0.08046386 -0.04886728 0.995559 -0.08295166 -0.044517 0.9955587 -0.08520246 -0.04003679 0.9955589 -0.08721344 -0.0354472 0.9955587 -0.08897494 -0.03075367 0.9955589 -0.09048754 -0.02597655 0.9955588 -0.09174099 -0.02112304 0.9955589 -0.09273549 -0.01621082 0.9955588 -0.09346694 -0.01125154 0.9955588 -0.09393254 -0.006260372 0.9955589 -0.09413316 -0.001254013 0.9955589 -0.09406496 0.003759191 0.995559 -0.09373362 0.008758806 0.9955587 -0.09313448 0.01373611 0.9955587 -0.09227078 0.01867297 0.9955589 -0.09114369 0.02355824 0.995559 -0.08976191 0.02837455 0.9955589 -0.08812588 0.03311213 0.9955589 -0.08623929 0.03775578 0.9955588 -0.08410601 0.04229219 0.9955589 -0.08173741 0.04670863 0.9955588 -0.0791366 0.05099262 0.9955587 -0.07631031 0.05513194 0.9955587 -0.07326582 0.05911613 0.9955589 -0.07001617 0.0629302 0.9955589 -0.06656753 0.06656753 0.9955589 -0.06293067 0.07001668 0.9955589 -0.05911678 0.07326663 0.9955587 -0.05513209 0.07631052 0.9955587 -0.05099216 0.07913589 0.9955588 -0.04670798 0.08173627 0.9955589 -0.04229281 0.08410726 0.9955587 -0.03775551 0.08623866 0.9955589 -0.03311162 0.08812453 0.995559 -0.02837431 0.08976114 0.995559 -0.02355879 0.09114582 0.9955589 -0.01867311 0.09227147 0.9955588 -0.01373611 0.09313443 0.9955587 -0.008758626 0.0937317 0.995559 -0.00375925 0.09406641 0.9955589 0.001253997 0.09413258 0.9955589 0.006260419 0.09393339 0.9955587 0.01125153 0.09346693 0.9955588 0.01621074 0.09273507 0.9955589 0.02112325 0.09174194 0.9955588 0.0259759 0.09048527 0.995559 0.0307543 0.08897673 0.9955588 0.03544665 0.08721206 0.9955589 0.04003755 0.08520406 0.9955588 0.04451625 0.08295027 0.9955589 0.04886796 0.080465 0.9955588 0.05308079 0.07774897 0.9955589 0.05714338 0.07481518 0.9955589 0.06104529 0.07166629 0.9955589 0.06477147 0.06831665 0.9955589 0.06831694 0.06477175 0.9955589 0.07166667 0.06104561 0.9955589 0.0748143 0.05714271 0.9955589 0.07774996 0.05308146 0.9955588 0.08046386 0.04886728 0.995559 0.08295166 0.044517 0.9955587 0.08520246 0.04003679 0.9955589 0.08721344 0.0354472 0.9955587 0.08897494 0.03075367 0.9955589 0.09048754 0.02597655 0.9955588 0.09174099 0.02112304 0.9955589 0.09273549 0.01621082 0.9955588 0.09346694 0.01125154 0.9955588 0.09393254 0.006260372 0.9955589 0.09413316 0.001254013 0.9955589 0.09406496 -0.003759191 0.995559 0.09373362 -0.008758806 0.9955587 0.09313448 -0.01373611 0.9955587 0.09227078 -0.01867297 0.9955589 0.09114369 -0.02355824 0.995559 0.08976191 -0.02837455 0.9955589 0.08812588 -0.03311213 0.9955589 0.08623929 -0.03775578 0.9955588 0.08410601 -0.04229219 0.9955589 0.08173741 -0.04670863 0.9955588 0.0791366 -0.05099262 0.9955587 0.07631031 -0.05513194 0.9955587 0.07326582 -0.05911613 0.9955589 0.07001617 -0.0629302 0.9955589 0.06656753 -0.06656753 0.9955589 0.06293067 -0.07001668 0.9955589 0.05911678 -0.07326663 0.9955587 0.05513209 -0.07631052 0.9955587 0.05099216 -0.07913589 0.9955588 0.04670798 -0.08173627 0.9955589 0.04229281 -0.08410726 0.9955587 0.03775551 -0.08623866 0.9955589 0.03311162 -0.08812453 0.995559 0.02837431 -0.08976114 0.995559 0.02355879 -0.09114582 0.9955589 0.01867311 -0.09227147 0.9955588 0.01373611 -0.09313443 0.9955587 0.008758626 -0.0937317 0.995559 0.00375925 -0.09406641 0.9955589 -0.001253997 -0.09413258 0.9955589 -0.006260419 -0.09393339 0.9955587 -0.01125153 -0.09346693 0.9955588 -0.01621074 -0.09273507 0.9955589 -0.02112325 -0.09174194 0.9955588 -0.0259759 -0.09048527 0.995559 -0.0307543 -0.08897673 0.9955588 -0.03544665 -0.08721206 0.9955589 -0.04003755 -0.08520406 0.9955588 -0.04451625 -0.08295027 0.9955589 -0.04886796 -0.080465 0.9955588 -0.05308079 -0.07774897 0.9955589 -0.05714338 -0.07481518 0.9955589 -0.06104529 -0.07166629 0.9955589 -0.06477147 -0.06831665 0.9955589 -0.02279873 -0.02161614 0.9995064 -0.0239164 -0.02037178 0.9995064 -0.02496699 -0.01906988 0.9995064 -0.02594678 -0.01771397 0.9995064 -0.02685229 -0.01630838 0.9995064 -0.02768274 -0.01485574 0.9995064 -0.02843369 -0.01336162 0.9995064 -0.02910472 -0.01182912 0.9995064 -0.02969268 -0.0102637 0.9995064 -0.03019746 -0.008668878 0.9995064 -0.03061524 -0.007049351 0.9995064 -0.03094767 -0.005409374 0.9995064 -0.03119208 -0.003754894 0.9995064 -0.03134696 -0.002089305 0.9995064 -0.03141389 -0.0004183123 0.9995064 -0.03139186 0.001254329 0.9995064 -0.03128086 0.002923531 0.9995064 -0.03108095 0.004583748 0.9995064 -0.03079254 0.006231709 0.9995064 -0.03041768 0.007861769 0.9995064 -0.02995649 0.009469454 0.9995064 -0.02940971 0.01105029 0.9995064 -0.02877935 0.01259989 0.9995064 -0.02806829 0.0141135 0.9995064 -0.02727725 0.01558761 0.9995064 -0.02640872 0.01701707 0.9995064 -0.02546584 0.01839822 0.9995064 -0.02445054 0.01972789 0.9995064 -0.02336583 0.02100112 0.9995064 -0.02221514 0.02221514 0.9995064 -0.02100113 0.02336617 0.9995064 -0.0197278 0.02445042 0.9995064 -0.01839853 0.02546591 0.9995064 -0.0170171 0.02640876 0.9995064 -0.0155877 0.0272768 0.9995064 -0.01411355 0.02806831 0.9995064 -0.01259997 0.02877952 0.9995064 -0.01105052 0.02940906 0.9995064 -0.00946935 0.02995616 0.9995064 -0.007861593 0.03041804 0.9995063 -0.006231795 0.03079297 0.9995064 -0.004583699 0.03108062 0.9995064 -0.002923527 0.03128081 0.9995064 -0.001254339 0.03139212 0.9995064 0.0004183154 0.03141412 0.9995064 0.002089315 0.03134712 0.9995064 0.003755457 0.03119124 0.9995064 0.005409801 0.03094802 0.9995064 0.007049037 0.03061583 0.9995064 0.008667989 0.03019688 0.9995064 0.0102634 0.02969341 0.9995064 0.01182885 0.02910458 0.9995064 0.01336166 0.02843377 0.9995064 0.01485559 0.02768245 0.9995064 0.01630853 0.02685254 0.9995064 0.017714 0.02594656 0.9995064 0.01907008 0.02496703 0.9995064 0.02037186 0.0239165 0.9995064 0.02161576 0.02279833 0.9995064 0.02279908 0.02161579 0.9995064 0.02391647 0.0203717 0.9995064 0.02496699 0.01906988 0.9995064 0.02594678 0.01771397 0.9995064 0.02685229 0.01630838 0.9995064 0.0276826 0.01485598 0.9995064 0.02843372 0.01336155 0.9995064 0.02910472 0.01182912 0.9995064 0.02969268 0.0102637 0.9995064 0.03019767 0.008668216 0.9995064 0.03061534 0.007048925 0.9995064 0.03094767 0.005409374 0.9995064 0.03119208 0.003754894 0.9995064 0.03134696 0.002089305 0.9995064 0.0314139 0.0004181229 0.9995064 0.03139186 -0.001254329 0.9995064 0.03128085 -0.002923571 0.9995064 0.03108092 -0.00458404 0.9995064 0.03079261 -0.00623133 0.9995064 0.03041768 -0.007861769 0.9995064 0.02995649 -0.009469454 0.9995064 0.02940971 -0.01105029 0.9995064 0.02877935 -0.01259989 0.9995064 0.02806827 -0.01411353 0.9995064 0.02727711 -0.01558787 0.9995064 0.02640872 -0.01701707 0.9995064 0.02546572 -0.01839839 0.9995064 0.02445054 -0.01972789 0.9995064 0.02336597 -0.02100095 0.9995064 0.02221514 -0.02221514 0.9995064 0.02100129 -0.02336602 0.9995064 0.0197278 -0.02445042 0.9995064 0.01839837 -0.02546604 0.9995064 0.0170171 -0.02640876 0.9995064 0.01558744 -0.02727696 0.9995064 0.01411352 -0.02806832 0.9995064 0.01260011 -0.02877945 0.9995064 0.01105011 -0.02940923 0.9995064 0.009469633 -0.02995606 0.9995064 0.007861593 -0.03041804 0.9995063 0.006231795 -0.03079297 0.9995064 0.004583699 -0.03108062 0.9995064 0.002923566 -0.0312808 0.9995064 0.001254339 -0.03139212 0.9995064 -0.0004181257 -0.03141411 0.9995064 -0.002089456 -0.03134711 0.9995064 -0.003755457 -0.03119124 0.9995064 -0.005409445 -0.03094807 0.9995064 -0.007049037 -0.03061583 0.9995064 -0.008667989 -0.03019688 0.9995064 -0.0102634 -0.02969341 0.9995064 -0.01182904 -0.02910451 0.9995064 -0.01336159 -0.02843381 0.9995064 -0.01485559 -0.02768245 0.9995064 -0.01630853 -0.02685254 0.9995064 -0.017714 -0.02594656 0.9995064 -0.01906998 -0.0249671 0.9995064 -0.02037178 -0.02391656 0.9995064 -0.02161539 -0.02279865 0.9995064 -0.02161614 -0.02279873 0.9995064 -0.02037178 -0.0239164 0.9995064 -0.01906998 -0.0249669 0.9995064 -0.01771397 -0.02594678 0.9995064 -0.01630818 -0.02685243 0.9995064 -0.01485598 -0.0276826 0.9995064 -0.01336162 -0.02843369 0.9995064 -0.01182894 -0.0291048 0.9995064 -0.01026369 -0.02969268 0.9995064 -0.008668878 -0.03019746 0.9995064 -0.007049349 -0.03061524 0.9995064 -0.005409728 -0.0309476 0.9995064 -0.003754893 -0.03119209 0.9995064 -0.002089304 -0.03134696 0.9995064 -0.0004183122 -0.03141389 0.9995064 0.001254103 -0.03139186 0.9995064 0.00292353 -0.03128086 0.9995064 0.004584041 -0.03108092 0.9995064 0.006231331 -0.03079261 0.9995064 0.007861767 -0.03041768 0.9995064 0.009469454 -0.02995648 0.9995064 0.01105071 -0.02940956 0.9995064 0.01259989 -0.02877934 0.9995064 0.01411353 -0.02806827 0.9995064 0.01558788 -0.02727711 0.9995064 0.01701711 -0.02640869 0.9995064 0.01839839 -0.02546572 0.9995064 0.019728 -0.02445046 0.9995064 0.02100096 -0.02336597 0.9995064 0.02221514 -0.02221514 0.9995064 0.02336602 -0.02100128 0.9995064 0.02445034 -0.0197279 0.9995064 0.02546604 -0.01839837 0.9995064 0.02640874 -0.01701714 0.9995064 0.02727695 -0.01558744 0.9995064 0.02806832 -0.01411352 0.9995064 0.02877945 -0.01260011 0.9995064 0.02940906 -0.01105052 0.9995064 0.02995607 -0.009469634 0.9995064 0.03041804 -0.007861595 0.9995063 0.03079297 -0.006231794 0.9995064 0.03108062 -0.004583699 0.9995064 0.03128081 -0.002923526 0.9995064 0.03139213 -0.001254114 0.9995064 0.03141411 0.0004183152 0.9995064 0.03134711 0.002089456 0.9995064 0.03119124 0.003755458 0.9995064 0.03094802 0.005409801 0.9995064 0.03061574 0.007049466 0.9995064 0.03019671 0.008668661 0.9995064 0.02969341 0.0102634 0.9995064 0.02910458 0.01182885 0.9995064 0.02843377 0.01336166 0.9995064 0.02768245 0.01485559 0.9995064 0.02685267 0.01630832 0.9995064 0.02594656 0.01771399 0.9995064 0.02496703 0.01907008 0.9995064 0.0239165 0.02037186 0.9995064 0.02279833 0.02161576 0.9995064 0.02161579 0.02279908 0.9995064 0.0203717 0.02391647 0.9995064 0.01906989 0.02496699 0.9995064 0.01771397 0.02594678 0.9995064 0.01630818 0.02685243 0.9995064 0.01485598 0.0276826 0.9995064 0.01336155 0.02843372 0.9995064 0.01182912 0.02910472 0.9995064 0.01026369 0.02969268 0.9995064 0.008668878 0.03019746 0.9995064 0.007049349 0.03061524 0.9995064 0.005409374 0.03094767 0.9995064 0.003754893 0.03119209 0.9995064 0.002089445 0.03134695 0.9995064 0.0004181227 0.0314139 0.9995064 -0.001254103 0.03139186 0.9995064 -0.002923571 0.03128085 0.9995064 -0.004584041 0.03108092 0.9995064 -0.006231331 0.03079261 0.9995064 -0.007861767 0.03041768 0.9995064 -0.009469737 0.0299564 0.9995063 -0.01105029 0.02940971 0.9995064 -0.01260004 0.02877928 0.9995064 -0.0141135 0.02806829 0.9995064 -0.01558761 0.02727725 0.9995064 -0.01701711 0.02640869 0.9995064 -0.01839822 0.02546584 0.9995064 -0.019728 0.02445046 0.9995064 -0.02100112 0.02336583 0.9995064 -0.02221514 0.02221514 0.9995064 -0.02336616 0.02100112 0.9995064 -0.02445034 0.0197279 0.9995064 -0.02546591 0.01839853 0.9995064 -0.02640874 0.01701714 0.9995064 -0.0272768 0.0155877 0.9995064 -0.02806831 0.01411355 0.9995064 -0.02877945 0.01260011 0.9995064 -0.02940906 0.01105052 0.9995064 -0.02995607 0.009469634 0.9995064 -0.03041804 0.007861595 0.9995063 -0.03079305 0.006231421 0.9995064 -0.03108057 0.00458399 0.9995064 -0.03128081 0.002923567 0.9995064 -0.03139213 0.001254114 0.9995064 -0.03141411 -0.0004181256 0.9995064 -0.03134711 -0.002089456 0.9995064 -0.03119124 -0.003755458 0.9995064 -0.03094802 -0.005409801 0.9995064 -0.03061583 -0.007049036 0.9995064 -0.03019688 -0.008667989 0.9995064 -0.02969341 -0.0102634 0.9995064 -0.02910458 -0.01182885 0.9995064 -0.02843381 -0.01336159 0.9995064 -0.02768233 -0.01485583 0.9995064 -0.02685267 -0.01630832 0.9995064 -0.02594656 -0.01771399 0.9995064 -0.02496703 -0.01907008 0.9995064 -0.02391657 -0.02037178 0.9995064 -0.02279865 -0.02161539 0.9995064 -0.06477149 -0.0683172 0.9955589 -0.06104526 -0.07166694 0.9955588 -0.0571435 -0.07481372 0.9955589 -0.05308057 -0.07775051 0.9955588 -0.04886829 -0.08046328 0.9955589 -0.04451574 -0.0829523 0.9955588 -0.04003824 -0.08520184 0.9955589 -0.03544598 -0.08721392 0.9955588 -0.03075527 -0.08897443 0.995559 -0.02597452 -0.09048805 0.9955587 -0.02112389 -0.0917408 0.9955588 -0.01621043 -0.09273554 0.9955587 -0.01125152 -0.09346694 0.9955588 -0.006261114 -0.09393252 0.9955589 -0.001253487 -0.09413315 0.9955589 0.003757894 -0.09406503 0.9955589 0.008760511 -0.09373341 0.9955588 0.01373615 -0.09313446 0.9955588 0.01867236 -0.09227092 0.9955589 0.02355638 -0.09114423 0.995559 0.02837524 -0.08976168 0.995559 0.03311332 -0.0881254 0.9955589 0.03775633 -0.08623902 0.9955588 0.04229109 -0.0841066 0.9955589 0.04670961 -0.08173681 0.9955588 0.05099326 -0.07913619 0.9955587 0.05513176 -0.07631045 0.9955587 0.05911544 -0.07326642 0.9955589 0.06292976 -0.07001658 0.9955589 0.06656753 -0.06656753 0.9955589 0.07001707 -0.06293019 0.9955588 0.07326718 -0.05911606 0.9955587 0.07631065 -0.0551319 0.9955587 0.0791355 -0.05099281 0.9955588 0.08173572 -0.046709 0.9955589 0.08410777 -0.04229169 0.9955588 0.08623844 -0.03775606 0.9955589 0.08812411 -0.03311284 0.995559 0.08976094 -0.028375 0.995559 0.09114625 -0.02355691 0.9955589 0.09227157 -0.01867249 0.9955587 0.09313444 -0.01373614 0.9955588 0.09373158 -0.00876034 0.995559 0.09406643 -0.003757949 0.9955588 0.09413259 0.001253488 0.9955589 0.09393331 0.006261175 0.9955588 0.09346693 0.01125152 0.9955588 0.09273515 0.01621037 0.9955589 0.09174173 0.02112411 0.9955588 0.0904859 0.0259739 0.995559 0.08897614 0.03075586 0.9955587 0.0872126 0.03544544 0.9955589 0.08520336 0.04003896 0.9955587 0.08295098 0.04451504 0.9955589 0.08046436 0.04886896 0.9955588 0.07774959 0.05307994 0.9955589 0.07481456 0.05714415 0.9955588 0.07166659 0.06104496 0.9955589 0.06831691 0.06477121 0.9955589 0.06477149 0.0683172 0.9955589 0.06104526 0.07166694 0.9955588 0.0571435 0.07481372 0.9955589 0.05308057 0.07775051 0.9955588 0.04886829 0.08046328 0.9955589 0.04451574 0.0829523 0.9955588 0.04003824 0.08520184 0.9955589 0.03544598 0.08721392 0.9955588 0.03075527 0.08897443 0.995559 0.02597452 0.09048805 0.9955587 0.02112389 0.0917408 0.9955588 0.01621043 0.09273554 0.9955587 0.01125152 0.09346694 0.9955588 0.006261114 0.09393252 0.9955589 0.001253487 0.09413315 0.9955589 -0.003757894 0.09406503 0.9955589 -0.008760511 0.09373341 0.9955588 -0.01373615 0.09313446 0.9955588 -0.01867236 0.09227092 0.9955589 -0.02355638 0.09114423 0.995559 -0.02837524 0.08976168 0.995559 -0.03311332 0.0881254 0.9955589 -0.03775633 0.08623902 0.9955588 -0.04229109 0.0841066 0.9955589 -0.04670961 0.08173681 0.9955588 -0.05099326 0.07913619 0.9955587 -0.05513176 0.07631045 0.9955587 -0.05911544 0.07326642 0.9955589 -0.06292976 0.07001658 0.9955589 -0.06656753 0.06656753 0.9955589 -0.07001707 0.06293019 0.9955588 -0.07326718 0.05911606 0.9955587 -0.07631065 0.0551319 0.9955587 -0.0791355 0.05099281 0.9955588 -0.08173572 0.046709 0.9955589 -0.08410777 0.04229169 0.9955588 -0.08623844 0.03775606 0.9955589 -0.08812411 0.03311284 0.995559 -0.08976094 0.028375 0.995559 -0.09114625 0.02355691 0.9955589 -0.09227157 0.01867249 0.9955587 -0.09313444 0.01373614 0.9955588 -0.09373158 0.00876034 0.995559 -0.09406643 0.003757949 0.9955588 -0.09413259 -0.001253488 0.9955589 -0.09393331 -0.006261175 0.9955588 -0.09346693 -0.01125152 0.9955588 -0.09273515 -0.01621037 0.9955589 -0.09174173 -0.02112411 0.9955588 -0.0904859 -0.0259739 0.995559 -0.08897614 -0.03075586 0.9955587 -0.0872126 -0.03544544 0.9955589 -0.08520336 -0.04003896 0.9955587 -0.08295098 -0.04451504 0.9955589 -0.08046436 -0.04886896 0.9955588 -0.07774959 -0.05307994 0.9955589 -0.07481456 -0.05714415 0.9955588 -0.07166659 -0.06104496 0.9955589 -0.06831691 -0.06477121 0.9955589 -0.1076745 -0.1135679 0.9876783 -0.1014787 -0.1191345 0.9876786 -0.09499252 -0.1243693 0.9876784 -0.08824084 -0.1292489 0.9876782 -0.08123663 -0.1337626 0.9876782 -0.07400208 -0.1378933 0.9876786 -0.06655698 -0.1416402 0.9876782 -0.05892608 -0.1449803 0.9876782 -0.05112486 -0.1479118 0.9876782 -0.04318214 -0.1504221 0.9876783 -0.03511425 -0.1525072 0.9876783 -0.02694771 -0.1541569 0.9876789 -0.01870402 -0.155375 0.9876785 -0.01040714 -0.1561521 0.9876782 -0.002084607 -0.1564824 0.9876785 0.006249286 -0.1563737 0.9876782 0.01456007 -0.1558165 0.9876786 0.02283403 -0.1548207 0.9876786 0.0310413 -0.1533878 0.9876785 0.03916356 -0.1515186 0.9876782 0.04717014 -0.1492211 0.9876781 0.05504416 -0.1464966 0.9876786 0.06276336 -0.14336 0.9876784 0.07030641 -0.1398176 0.9876781 0.07764597 -0.135876 0.9876785 0.08476623 -0.1315507 0.9876786 0.09164638 -0.1268514 0.9876789 0.09827288 -0.1217949 0.9876783 0.1046138 -0.1163933 0.9876784 0.1106604 -0.1106604 0.9876784 0.1163936 -0.1046141 0.9876783 0.1217919 -0.09827047 0.9876789 0.1268528 -0.09164739 0.9876786 0.1315514 -0.08476675 0.9876785 0.1358781 -0.07764718 0.9876781 0.1398159 -0.07030553 0.9876784 0.1433593 -0.06276308 0.9876785 0.1464992 -0.05504512 0.9876781 0.1492203 -0.04716988 0.9876782 0.1515178 -0.03916335 0.9876783 0.1533862 -0.03104098 0.9876786 0.1548205 -0.02283399 0.9876787 0.1558197 -0.01456036 0.9876782 0.1563715 -0.006249187 0.9876786 0.1564846 0.002084628 0.9876782 0.1561504 0.01040702 0.9876785 0.1553728 0.01870375 0.9876788 0.1541599 0.02694823 0.9876783 0.1525072 0.03511425 0.9876784 0.1504225 0.04318228 0.9876783 0.1479116 0.05112477 0.9876783 0.1449809 0.05892632 0.9876782 0.1416376 0.06655578 0.9876786 0.1378959 0.07400347 0.9876782 0.1337624 0.0812365 0.9876782 0.1292478 0.08824008 0.9876784 0.1243684 0.09499183 0.9876786 0.1191358 0.1014798 0.9876783 0.1135675 0.1076741 0.9876784 0.1076745 0.1135679 0.9876783 0.1014787 0.1191345 0.9876786 0.09499252 0.1243693 0.9876784 0.08824084 0.1292489 0.9876782 0.08123663 0.1337626 0.9876782 0.07400208 0.1378933 0.9876786 0.06655698 0.1416402 0.9876782 0.05892608 0.1449803 0.9876782 0.05112486 0.1479118 0.9876782 0.04318214 0.1504221 0.9876783 0.03511425 0.1525072 0.9876783 0.02694771 0.1541569 0.9876789 0.01870402 0.155375 0.9876785 0.01040714 0.1561521 0.9876782 0.002084607 0.1564824 0.9876785 -0.006249286 0.1563737 0.9876782 -0.01456007 0.1558165 0.9876786 -0.02283403 0.1548207 0.9876786 -0.0310413 0.1533878 0.9876785 -0.03916356 0.1515186 0.9876782 -0.04717014 0.1492211 0.9876781 -0.05504416 0.1464966 0.9876786 -0.06276336 0.14336 0.9876784 -0.07030641 0.1398176 0.9876781 -0.07764597 0.135876 0.9876785 -0.08476623 0.1315507 0.9876786 -0.09164638 0.1268514 0.9876789 -0.09827288 0.1217949 0.9876783 -0.1046138 0.1163933 0.9876784 -0.1106604 0.1106604 0.9876784 -0.1163936 0.1046141 0.9876783 -0.1217919 0.09827047 0.9876789 -0.1268528 0.09164739 0.9876786 -0.1315514 0.08476675 0.9876785 -0.1358781 0.07764718 0.9876781 -0.1398159 0.07030553 0.9876784 -0.1433593 0.06276308 0.9876785 -0.1464992 0.05504512 0.9876781 -0.1492203 0.04716988 0.9876782 -0.1515178 0.03916335 0.9876783 -0.1533862 0.03104098 0.9876786 -0.1548205 0.02283399 0.9876787 -0.1558197 0.01456036 0.9876782 -0.1563715 0.006249187 0.9876786 -0.1564846 -0.002084628 0.9876782 -0.1561504 -0.01040702 0.9876785 -0.1553728 -0.01870375 0.9876788 -0.1541599 -0.02694823 0.9876783 -0.1525072 -0.03511425 0.9876784 -0.1504225 -0.04318228 0.9876783 -0.1479116 -0.05112477 0.9876783 -0.1449809 -0.05892632 0.9876782 -0.1416376 -0.06655578 0.9876786 -0.1378959 -0.07400347 0.9876782 -0.1337624 -0.0812365 0.9876782 -0.1292478 -0.08824008 0.9876784 -0.1243684 -0.09499183 0.9876786 -0.1191358 -0.1014798 0.9876783 -0.1135675 -0.1076741 0.9876784 -0.1501374 -0.1583537 0.9759011 -0.1414987 -0.166121 0.9759006 -0.132456 -0.173416 0.9759008 -0.1230389 -0.1802153 0.9759016 -0.1132718 -0.1865104 0.9759013 -0.1031831 -0.1922769 0.9759011 -0.0928074 -0.1974946 0.9759009 -0.08216319 -0.2021547 0.975901 -0.0712859 -0.2062395 0.9759014 -0.06021082 -0.2097427 0.9759009 -0.04896156 -0.2126485 0.9759013 -0.03757178 -0.2149571 0.9759005 -0.02608322 -0.2166486 0.9759012 -0.01451351 -0.21773 0.9759012 -0.002903648 -0.2181953 0.9759008 0.008710562 -0.2180399 0.9759009 0.02030664 -0.2172676 0.9759009 0.03183936 -0.2158815 0.9759002 0.0432803 -0.213877 0.9759014 0.05460746 -0.2112737 0.9759003 0.06577007 -0.2080653 0.9759012 0.07675627 -0.2042713 0.9759005 0.08751505 -0.1998986 0.9759004 0.09802963 -0.1949564 0.9759008 0.1082708 -0.1894609 0.9759007 0.1181976 -0.1834312 0.9759008 0.1277939 -0.1768806 0.9759006 0.1370239 -0.1698295 0.9759008 0.1458694 -0.1622934 0.9759011 0.1543001 -0.1543001 0.9759011 0.1622943 -0.1458702 0.9759008 0.1698303 -0.1370245 0.9759007 0.1768799 -0.1277934 0.9759008 0.1834318 -0.118198 0.9759007 0.1894606 -0.1082706 0.9759007 0.1949574 -0.09803013 0.9759005 0.1998985 -0.08751504 0.9759004 0.2042682 -0.07675509 0.9759011 0.208069 -0.06577124 0.9759003 0.2112692 -0.05460632 0.9759013 0.2138815 -0.04328122 0.9759004 0.2158793 -0.03183903 0.9759008 0.217267 -0.02030661 0.9759009 0.2180407 -0.008710591 0.9759008 0.2181938 0.002903611 0.9759011 0.2177298 0.0145135 0.9759012 0.2166515 0.02608358 0.9759005 0.2149536 0.03757117 0.9759013 0.2126502 0.04896194 0.975901 0.2097407 0.06021024 0.9759014 0.2062415 0.07128657 0.9759009 0.2021548 0.08216324 0.9759009 0.1974942 0.0928072 0.975901 0.1922759 0.1031826 0.9759012 0.1865094 0.1132712 0.9759015 0.1802183 0.1230409 0.9759008 0.1734167 0.1324565 0.9759005 0.1661194 0.1414973 0.975901 0.1583535 0.1501371 0.9759011 0.1501374 0.1583537 0.9759011 0.1414987 0.166121 0.9759006 0.132456 0.173416 0.9759008 0.1230389 0.1802153 0.9759016 0.1132718 0.1865104 0.9759013 0.1031831 0.1922769 0.9759011 0.0928074 0.1974946 0.9759009 0.08216319 0.2021547 0.975901 0.0712859 0.2062395 0.9759014 0.06021082 0.2097427 0.9759009 0.04896156 0.2126485 0.9759013 0.03757178 0.2149571 0.9759005 0.02608322 0.2166486 0.9759012 0.01451351 0.21773 0.9759012 0.002903648 0.2181953 0.9759008 -0.008710562 0.2180399 0.9759009 -0.02030664 0.2172676 0.9759009 -0.03183936 0.2158815 0.9759002 -0.0432803 0.213877 0.9759014 -0.05460746 0.2112737 0.9759003 -0.06577007 0.2080653 0.9759012 -0.07675627 0.2042713 0.9759005 -0.08751505 0.1998986 0.9759004 -0.09802963 0.1949564 0.9759008 -0.1082708 0.1894609 0.9759007 -0.1181976 0.1834312 0.9759008 -0.1277939 0.1768806 0.9759006 -0.1370239 0.1698295 0.9759008 -0.1458694 0.1622934 0.9759011 -0.1543001 0.1543001 0.9759011 -0.1622943 0.1458702 0.9759008 -0.1698303 0.1370245 0.9759007 -0.1768799 0.1277934 0.9759008 -0.1834318 0.118198 0.9759007 -0.1894606 0.1082706 0.9759007 -0.1949574 0.09803013 0.9759005 -0.1998985 0.08751504 0.9759004 -0.2042682 0.07675509 0.9759011 -0.208069 0.06577124 0.9759003 -0.2112692 0.05460632 0.9759013 -0.2138815 0.04328122 0.9759004 -0.2158793 0.03183903 0.9759008 -0.217267 0.02030661 0.9759009 -0.2180407 0.008710591 0.9759008 -0.2181938 -0.002903611 0.9759011 -0.2177298 -0.0145135 0.9759012 -0.2166515 -0.02608358 0.9759005 -0.2149536 -0.03757117 0.9759013 -0.2126502 -0.04896194 0.975901 -0.2097407 -0.06021024 0.9759014 -0.2062415 -0.07128657 0.9759009 -0.2021548 -0.08216324 0.9759009 -0.1974942 -0.0928072 0.975901 -0.1922759 -0.1031826 0.9759012 -0.1865094 -0.1132712 0.9759015 -0.1802183 -0.1230409 0.9759008 -0.1734167 -0.1324565 0.9759005 -0.1661194 -0.1414973 0.975901 -0.1583535 -0.1501371 0.9759011 -0.1920244 -0.2025325 0.9602641 -0.1809726 -0.2124595 0.9602655 -0.1694068 -0.2217951 0.9602647 -0.1573639 -0.2304998 0.9602638 -0.1448738 -0.2385423 0.9602652 -0.1319718 -0.2459201 0.9602639 -0.1186989 -0.2525903 0.960265 -0.1050854 -0.2585528 0.9602643 -0.0911721 -0.2637814 0.9602641 -0.07701059 -0.2682543 0.960265 -0.06261933 -0.2719766 0.9602643 -0.04805808 -0.2749236 0.9602643 -0.03335626 -0.2770917 0.9602643 -0.01856277 -0.2784725 0.9602648 -0.003715583 -0.2790647 0.9602651 0.01114148 -0.2788659 0.9602654 0.02597075 -0.2778777 0.9602653 0.04071826 -0.2761046 0.9602647 0.05536088 -0.2735443 0.9602649 0.06983382 -0.2702084 0.9602659 0.084124 -0.266111 0.9602646 0.09816488 -0.2612588 0.9602642 0.1119273 -0.2556601 0.9602657 0.1253765 -0.2493393 0.9602659 0.1384732 -0.2423126 0.9602655 0.1511733 -0.2346044 0.9602643 0.1634437 -0.2262256 0.9602646 0.17525 -0.2172056 0.9602651 0.1865647 -0.2075684 0.960265 0.1973462 -0.1973462 0.9602651 0.2075681 -0.1865645 0.9602652 0.217207 -0.1752511 0.9602646 0.2262267 -0.1634445 0.9602643 0.2346009 -0.1511711 0.9602655 0.2423113 -0.1384725 0.9602659 0.24934 -0.1253769 0.9602657 0.2556645 -0.1119292 0.9602643 0.2612579 -0.09816457 0.9602645 0.2661065 -0.08412258 0.9602659 0.2702118 -0.06983468 0.9602649 0.273545 -0.05536102 0.9602647 0.2761024 -0.04071793 0.9602653 0.2778774 -0.02597072 0.9602655 0.2788669 -0.01114152 0.9602651 0.2790658 0.003715578 0.9602648 0.2784742 0.01856286 0.9602643 0.277092 0.0333563 0.9602642 0.2749235 0.04805806 0.9602643 0.271974 0.06261873 0.9602651 0.2682577 0.07701156 0.9602641 0.2637806 0.09117182 0.9602643 0.2585508 0.1050846 0.9602649 0.2525935 0.1187004 0.9602638 0.2459164 0.1319698 0.9602652 0.2385464 0.1448763 0.9602637 0.2304972 0.1573621 0.9602647 0.2217928 0.1694051 0.9602655 0.2124631 0.1809756 0.9602641 0.2025312 0.1920232 0.9602646 0.1920244 0.2025325 0.9602641 0.1809726 0.2124595 0.9602655 0.1694068 0.2217951 0.9602647 0.1573639 0.2304998 0.9602638 0.1448738 0.2385423 0.9602652 0.1319718 0.2459201 0.9602639 0.1186989 0.2525903 0.960265 0.1050854 0.2585528 0.9602643 0.0911721 0.2637814 0.9602641 0.07701059 0.2682543 0.960265 0.06261933 0.2719766 0.9602643 0.04805808 0.2749236 0.9602643 0.03335626 0.2770917 0.9602643 0.01856277 0.2784725 0.9602648 0.003715583 0.2790647 0.9602651 -0.01114148 0.2788659 0.9602654 -0.02597075 0.2778777 0.9602653 -0.04071826 0.2761046 0.9602647 -0.05536088 0.2735443 0.9602649 -0.06983382 0.2702084 0.9602659 -0.084124 0.266111 0.9602646 -0.09816488 0.2612588 0.9602642 -0.1119273 0.2556601 0.9602657 -0.1253765 0.2493393 0.9602659 -0.1384732 0.2423126 0.9602655 -0.1511733 0.2346044 0.9602643 -0.1634437 0.2262256 0.9602646 -0.17525 0.2172056 0.9602651 -0.1865647 0.2075684 0.960265 -0.1973462 0.1973462 0.9602651 -0.2075681 0.1865645 0.9602652 -0.217207 0.1752511 0.9602646 -0.2262267 0.1634445 0.9602643 -0.2346009 0.1511711 0.9602655 -0.2423113 0.1384725 0.9602659 -0.24934 0.1253769 0.9602657 -0.2556645 0.1119292 0.9602643 -0.2612579 0.09816457 0.9602645 -0.2661065 0.08412258 0.9602659 -0.2702118 0.06983468 0.9602649 -0.273545 0.05536102 0.9602647 -0.2761024 0.04071793 0.9602653 -0.2778774 0.02597072 0.9602655 -0.2788669 0.01114152 0.9602651 -0.2790658 -0.003715578 0.9602648 -0.2784742 -0.01856286 0.9602643 -0.277092 -0.0333563 0.9602642 -0.2749235 -0.04805806 0.9602643 -0.271974 -0.06261873 0.9602651 -0.2682577 -0.07701156 0.9602641 -0.2637806 -0.09117182 0.9602643 -0.2585508 -0.1050846 0.9602649 -0.2525935 -0.1187004 0.9602638 -0.2459164 -0.1319698 0.9602652 -0.2385464 -0.1448763 0.9602637 -0.2304972 -0.1573621 0.9602647 -0.2217928 -0.1694051 0.9602655 -0.2124631 -0.1809756 0.9602641 -0.2025312 -0.1920232 0.9602646 -0.2331234 -0.2458772 0.9408495 -0.2197064 -0.2579423 0.940848 -0.205669 -0.2692646 0.9408489 -0.1910468 -0.2798295 0.9408488 -0.1758782 -0.2896054 0.9408484 -0.160221 -0.2985481 0.9408498 -0.1441006 -0.3066563 0.940849 -0.1275784 -0.313887 0.94085 -0.1106861 -0.3202365 0.9408491 -0.09348962 -0.3256738 0.9408487 -0.07602555 -0.330188 0.9408486 -0.05834416 -0.3337657 0.9408488 -0.04049523 -0.3363986 0.9408486 -0.02253384 -0.3380784 0.9408482 -0.004509409 -0.3387977 0.9408485 0.01352776 -0.3385597 0.9408477 0.03152969 -0.337361 0.9408472 0.04943017 -0.3351997 0.9408495 0.06721165 -0.3320955 0.9408481 0.08478685 -0.3280474 0.9408486 0.1021229 -0.3230684 0.9408495 0.1191726 -0.317173 0.9408503 0.1358914 -0.310382 0.9408489 0.1522153 -0.3027118 0.9408486 0.1681134 -0.2941838 0.9408474 0.1835245 -0.2848204 0.9408485 0.1984274 -0.274644 0.9408492 0.2127634 -0.2636961 0.9408485 0.2264988 -0.2519989 0.9408479 0.2395884 -0.2395884 0.940848 0.2519976 -0.2264977 0.9408486 0.2636948 -0.2127624 0.9408491 0.2746454 -0.1984283 0.9408486 0.2848233 -0.1835264 0.9408474 0.294181 -0.1681118 0.9408485 0.3027112 -0.152215 0.9408488 0.3103785 -0.1358899 0.9408502 0.3171749 -0.1191733 0.9408495 0.3230706 -0.1021236 0.9408486 0.3280488 -0.08478722 0.9408481 0.3320916 -0.06721087 0.9408495 0.3352059 -0.04943107 0.9408473 0.3373598 -0.03152959 0.9408477 0.3385575 -0.01352769 0.9408485 0.3387986 0.004509441 0.9408481 0.3380772 0.02253376 0.9408486 0.3363982 0.04049516 0.9408487 0.3337662 0.05834422 0.9408486 0.3301876 0.07602547 0.9408488 0.3256727 0.09348929 0.9408491 0.3202344 0.1106854 0.94085 0.3138894 0.1275793 0.9408491 0.3066545 0.1440998 0.9408498 0.2985516 0.1602229 0.9408483 0.2896042 0.1758775 0.9408488 0.2798291 0.1910466 0.940849 0.2692669 0.2056707 0.940848 0.257939 0.2197035 0.9408495 0.2458765 0.2331228 0.9408499 0.2331234 0.2458772 0.9408495 0.2197064 0.2579423 0.940848 0.205669 0.2692646 0.9408489 0.1910468 0.2798295 0.9408488 0.1758782 0.2896054 0.9408484 0.160221 0.2985481 0.9408498 0.1441006 0.3066563 0.940849 0.1275784 0.313887 0.94085 0.1106861 0.3202365 0.9408491 0.09348962 0.3256738 0.9408487 0.07602555 0.330188 0.9408486 0.05834416 0.3337657 0.9408488 0.04049523 0.3363986 0.9408486 0.02253384 0.3380784 0.9408482 0.004509409 0.3387977 0.9408485 -0.01352776 0.3385597 0.9408477 -0.03152969 0.337361 0.9408472 -0.04943017 0.3351997 0.9408495 -0.06721165 0.3320955 0.9408481 -0.08478685 0.3280474 0.9408486 -0.1021229 0.3230684 0.9408495 -0.1191726 0.317173 0.9408503 -0.1358914 0.310382 0.9408489 -0.1522153 0.3027118 0.9408486 -0.1681134 0.2941838 0.9408474 -0.1835245 0.2848204 0.9408485 -0.1984274 0.274644 0.9408492 -0.2127634 0.2636961 0.9408485 -0.2264988 0.2519989 0.9408479 -0.2395884 0.2395884 0.940848 -0.2519976 0.2264977 0.9408486 -0.2636948 0.2127624 0.9408491 -0.2746454 0.1984283 0.9408486 -0.2848233 0.1835264 0.9408474 -0.294181 0.1681118 0.9408485 -0.3027112 0.152215 0.9408488 -0.3103785 0.1358899 0.9408502 -0.3171749 0.1191733 0.9408495 -0.3230706 0.1021236 0.9408486 -0.3280488 0.08478722 0.9408481 -0.3320916 0.06721087 0.9408495 -0.3352059 0.04943107 0.9408473 -0.3373598 0.03152959 0.9408477 -0.3385575 0.01352769 0.9408485 -0.3387986 -0.004509441 0.9408481 -0.3380772 -0.02253376 0.9408486 -0.3363982 -0.04049516 0.9408487 -0.3337662 -0.05834422 0.9408486 -0.3301876 -0.07602547 0.9408488 -0.3256727 -0.09348929 0.9408491 -0.3202344 -0.1106854 0.94085 -0.3138894 -0.1275793 0.9408491 -0.3066545 -0.1440998 0.9408498 -0.2985516 -0.1602229 0.9408483 -0.2896042 -0.1758775 0.9408488 -0.2798291 -0.1910466 0.940849 -0.2692669 -0.2056707 0.940848 -0.257939 -0.2197035 0.9408495 -0.2458765 -0.2331228 0.9408499 -0.2733419 -0.288294 0.9176987 -0.2576093 -0.302432 0.9176995 -0.2411463 -0.3157186 0.9176984 -0.2240031 -0.3280997 0.9176999 -0.2062196 -0.3395626 0.9176987 -0.1878572 -0.3500561 0.9176984 -0.1689619 -0.3595559 0.917699 -0.1495848 -0.3680401 0.9176987 -0.1297841 -0.3754809 0.9176983 -0.1096188 -0.3818539 0.9176989 -0.08914079 -0.3871466 0.917699 -0.06840787 -0.3913403 0.9176999 -0.04748122 -0.3944277 0.9176995 -0.02642258 -0.3963955 0.9176996 -0.005286028 -0.3972419 0.9176987 0.01585808 -0.3969577 0.9176999 0.03696642 -0.3955519 0.9176995 0.0579663 -0.393024 0.9176993 0.07879962 -0.3893807 0.9177001 0.09941529 -0.3846373 0.9176986 0.1197436 -0.3788011 0.9176989 0.1397353 -0.3718917 0.9176986 0.159329 -0.3639275 0.9176988 0.1784723 -0.3549315 0.9176989 0.1971073 -0.3449297 0.9176994 0.2151862 -0.3339489 0.9176999 0.2326604 -0.3220219 0.9176988 0.2494639 -0.3091861 0.9176992 0.2655663 -0.2954684 0.9176998 0.2809155 -0.2809155 0.9176998 0.2954696 -0.2655673 0.9176992 0.3091868 -0.2494645 0.9176988 0.3220199 -0.2326589 0.9176998 0.3339496 -0.2151867 0.9176995 0.3449307 -0.1971079 0.9176989 0.3549318 -0.1784724 0.9176987 0.363928 -0.1593291 0.9176986 0.3718912 -0.1397351 0.9176988 0.3788016 -0.1197438 0.9176986 0.3846343 -0.09941448 0.9177 0.3893822 -0.07879993 0.9176993 0.3930238 -0.05796629 0.9176994 0.3955507 -0.03696631 0.9176999 0.3969604 -0.01585815 0.9176987 0.3972401 0.005286047 0.9176995 0.3963957 0.02642258 0.9176995 0.3944267 0.0474811 0.9176999 0.3913423 0.06840822 0.917699 0.3871467 0.08914084 0.917699 0.3818552 0.1096191 0.9176984 0.3754801 0.1297839 0.9176986 0.3680394 0.1495845 0.917699 0.3595571 0.1689625 0.9176984 0.3500559 0.1878571 0.9176986 0.33956 0.206218 0.9176999 0.3281028 0.2240052 0.9176983 0.3157164 0.2411447 0.9176995 0.3024333 0.2576105 0.9176987 0.288296 0.2733439 0.9176974 0.2733419 0.288294 0.9176987 0.2576093 0.302432 0.9176995 0.2411463 0.3157186 0.9176984 0.2240031 0.3280997 0.9176999 0.2062196 0.3395626 0.9176987 0.1878572 0.3500561 0.9176984 0.1689619 0.3595559 0.917699 0.1495848 0.3680401 0.9176987 0.1297841 0.3754809 0.9176983 0.1096188 0.3818539 0.9176989 0.08914079 0.3871466 0.917699 0.06840787 0.3913403 0.9176999 0.04748122 0.3944277 0.9176995 0.02642258 0.3963955 0.9176996 0.005286028 0.3972419 0.9176987 -0.01585808 0.3969577 0.9176999 -0.03696642 0.3955519 0.9176995 -0.0579663 0.393024 0.9176993 -0.07879962 0.3893807 0.9177001 -0.09941529 0.3846373 0.9176986 -0.1197436 0.3788011 0.9176989 -0.1397353 0.3718917 0.9176986 -0.159329 0.3639275 0.9176988 -0.1784723 0.3549315 0.9176989 -0.1971073 0.3449297 0.9176994 -0.2151862 0.3339489 0.9176999 -0.2326604 0.3220219 0.9176988 -0.2494639 0.3091861 0.9176992 -0.2655663 0.2954684 0.9176998 -0.2809155 0.2809155 0.9176998 -0.2954696 0.2655673 0.9176992 -0.3091868 0.2494645 0.9176988 -0.3220199 0.2326589 0.9176998 -0.3339496 0.2151867 0.9176995 -0.3449307 0.1971079 0.9176989 -0.3549318 0.1784724 0.9176987 -0.363928 0.1593291 0.9176986 -0.3718912 0.1397351 0.9176988 -0.3788016 0.1197438 0.9176986 -0.3846343 0.09941448 0.9177 -0.3893822 0.07879993 0.9176993 -0.3930238 0.05796629 0.9176994 -0.3955507 0.03696631 0.9176999 -0.3969604 0.01585815 0.9176987 -0.3972401 -0.005286047 0.9176995 -0.3963957 -0.02642258 0.9176995 -0.3944267 -0.0474811 0.9176999 -0.3913423 -0.06840822 0.917699 -0.3871467 -0.08914084 0.917699 -0.3818552 -0.1096191 0.9176984 -0.3754801 -0.1297839 0.9176986 -0.3680394 -0.1495845 0.917699 -0.3595571 -0.1689625 0.9176984 -0.3500559 -0.1878571 0.9176986 -0.33956 -0.206218 0.9176999 -0.3281028 -0.2240052 0.9176983 -0.3157164 -0.2411447 0.9176995 -0.3024333 -0.2576105 0.9176987 -0.288296 -0.2733439 0.9176974 -0.3124429 -0.3295401 0.8909448 -0.2944629 -0.345702 0.8909442 -0.2756473 -0.3608821 0.8909449 -0.256046 -0.3750433 0.890945 -0.2357249 -0.3881374 0.8909451 -0.2147321 -0.4001341 0.890945 -0.1931318 -0.4109952 0.890945 -0.1709858 -0.4206923 0.8909444 -0.1483517 -0.4291956 0.890945 -0.1252996 -0.4364846 0.890944 -0.1018928 -0.4425304 0.890946 -0.07819174 -0.4473286 0.8909451 -0.05427568 -0.4508564 0.8909448 -0.03020249 -0.4531058 0.890945 -0.006044991 -0.4540717 0.8909447 0.01813089 -0.4537494 0.8909449 0.04225338 -0.4521417 0.8909447 0.06625892 -0.4492516 0.8909449 0.09007598 -0.4450898 0.8909441 0.1136327 -0.4396635 0.8909453 0.1368748 -0.4329919 0.8909451 0.1597243 -0.4250931 0.8909456 0.1821228 -0.41599 0.8909454 0.2040048 -0.4057077 0.8909451 0.2253077 -0.3942757 0.890945 0.2459731 -0.3817247 0.8909453 0.2659424 -0.3680936 0.8909443 0.2851538 -0.3534182 0.890945 0.3035639 -0.3377409 0.8909434 0.3211074 -0.3211074 0.8909433 0.3377386 -0.3035618 0.8909448 0.3534192 -0.2851546 0.8909443 0.368092 -0.2659413 0.8909453 0.3817251 -0.2459733 0.890945 0.3942755 -0.2253076 0.8909451 0.4057073 -0.2040047 0.8909453 0.4159895 -0.1821226 0.8909456 0.4250939 -0.1597246 0.8909452 0.4329916 -0.1368747 0.8909453 0.4396658 -0.1136333 0.8909441 0.4450884 -0.09007569 0.8909448 0.4492519 -0.06625891 0.8909447 0.4521414 -0.0422533 0.8909449 0.4537497 -0.0181309 0.8909446 0.454071 0.006045028 0.890945 0.4531062 0.03020256 0.8909448 0.4508559 0.05427558 0.8909451 0.4473269 0.07819141 0.890946 0.4425341 0.1018936 0.8909441 0.4364829 0.1252991 0.8909449 0.4291967 0.1483521 0.8909444 0.420691 0.1709852 0.890945 0.4109953 0.1931319 0.8909449 0.4001338 0.2147319 0.8909451 0.3881376 0.235725 0.890945 0.3750435 0.2560462 0.8909448 0.3608828 0.2756479 0.8909444 0.3457011 0.2944622 0.8909448 0.3295409 0.3124436 0.8909443 0.3124429 0.3295401 0.8909448 0.2944629 0.345702 0.8909442 0.2756473 0.3608821 0.8909449 0.256046 0.3750433 0.890945 0.2357249 0.3881374 0.8909451 0.2147321 0.4001341 0.890945 0.1931318 0.4109952 0.890945 0.1709858 0.4206923 0.8909444 0.1483517 0.4291956 0.890945 0.1252996 0.4364846 0.890944 0.1018928 0.4425304 0.890946 0.07819174 0.4473286 0.8909451 0.05427568 0.4508564 0.8909448 0.03020249 0.4531058 0.890945 0.006044991 0.4540717 0.8909447 -0.01813089 0.4537494 0.8909449 -0.04225338 0.4521417 0.8909447 -0.06625892 0.4492516 0.8909449 -0.09007598 0.4450898 0.8909441 -0.1136327 0.4396635 0.8909453 -0.1368748 0.4329919 0.8909451 -0.1597243 0.4250931 0.8909456 -0.1821228 0.41599 0.8909454 -0.2040048 0.4057077 0.8909451 -0.2253077 0.3942757 0.890945 -0.2459731 0.3817247 0.8909453 -0.2659424 0.3680936 0.8909443 -0.2851538 0.3534182 0.890945 -0.3035639 0.3377409 0.8909434 -0.3211074 0.3211074 0.8909433 -0.3377386 0.3035618 0.8909448 -0.3534192 0.2851546 0.8909443 -0.368092 0.2659413 0.8909453 -0.3817251 0.2459733 0.890945 -0.3942755 0.2253076 0.8909451 -0.4057073 0.2040047 0.8909453 -0.4159895 0.1821226 0.8909456 -0.4250939 0.1597246 0.8909452 -0.4329916 0.1368747 0.8909453 -0.4396658 0.1136333 0.8909441 -0.4450884 0.09007569 0.8909448 -0.4492519 0.06625891 0.8909447 -0.4521414 0.0422533 0.8909449 -0.4537497 0.0181309 0.8909446 -0.454071 -0.006045028 0.890945 -0.4531062 -0.03020256 0.8909448 -0.4508559 -0.05427558 0.8909451 -0.4473269 -0.07819141 0.890946 -0.4425341 -0.1018936 0.8909441 -0.4364829 -0.1252991 0.8909449 -0.4291967 -0.1483521 0.8909444 -0.420691 -0.1709852 0.890945 -0.4109953 -0.1931319 0.8909449 -0.4001338 -0.2147319 0.8909451 -0.3881376 -0.235725 0.890945 -0.3750435 -0.2560462 0.8909448 -0.3608828 -0.2756479 0.8909444 -0.3457011 -0.2944622 0.8909448 -0.3295409 -0.3124436 0.8909443 -0.3503293 -0.3695022 0.8606611 -0.3301702 -0.38762 0.8606616 -0.3090707 -0.404643 0.8606622 -0.287094 -0.4205216 0.8606617 -0.2643092 -0.4352043 0.8606614 -0.2407713 -0.4486546 0.8606614 -0.2165514 -0.4608342 0.860661 -0.1917207 -0.4717025 0.8606625 -0.1663398 -0.481242 0.860661 -0.1404956 -0.4894101 0.8606619 -0.1142432 -0.4961966 0.860661 -0.08767617 -0.5015724 0.8606614 -0.06085796 -0.5055272 0.8606617 -0.0338643 -0.5080503 0.8606615 -0.006779006 -0.5091324 0.8606614 0.02033014 -0.508772 0.8606611 0.04737655 -0.5069687 0.8606616 0.07429405 -0.503729 0.860661 0.1009962 -0.4990612 0.8606613 0.1274161 -0.4929782 0.8606611 0.1534726 -0.4854993 0.8606606 0.1790953 -0.4766433 0.8606602 0.2042076 -0.4664361 0.8606605 0.228743 -0.4549062 0.8606608 0.2526286 -0.4420868 0.8606614 0.2758017 -0.4280139 0.860661 0.2981874 -0.4127294 0.8606618 0.3197333 -0.3962725 0.8606619 0.3403676 -0.3786954 0.8606623 0.3600419 -0.3600419 0.8606623 0.378696 -0.3403681 0.8606619 0.3962725 -0.3197333 0.8606617 0.4127304 -0.2981881 0.860661 0.4280135 -0.2758014 0.8606613 0.4420877 -0.2526291 0.8606608 0.4549065 -0.2287432 0.8606606 0.4664367 -0.2042079 0.8606601 0.4766428 -0.1790951 0.8606606 0.4854983 -0.1534723 0.8606611 0.4929782 -0.1274161 0.8606611 0.4990614 -0.1009963 0.8606611 0.5037283 -0.07429393 0.8606616 0.5069692 -0.04737654 0.8606613 0.5087716 -0.02033007 0.8606615 0.5091325 0.006779006 0.8606614 0.5080498 0.03386427 0.8606617 0.5055277 0.06085807 0.8606613 0.5015731 0.08767629 0.860661 0.4961953 0.1142429 0.8606619 0.4894116 0.140496 0.8606609 0.4812395 0.1663389 0.8606625 0.4717048 0.1917216 0.860661 0.4608335 0.2165511 0.8606615 0.4486549 0.2407714 0.8606613 0.4352038 0.2643089 0.8606616 0.4205211 0.2870935 0.8606622 0.4046436 0.3090712 0.8606616 0.3876206 0.3301708 0.8606611 0.3695006 0.3503278 0.8606624 0.3503293 0.3695022 0.8606611 0.3301702 0.38762 0.8606616 0.3090707 0.404643 0.8606622 0.287094 0.4205216 0.8606617 0.2643092 0.4352043 0.8606614 0.2407713 0.4486546 0.8606614 0.2165514 0.4608342 0.860661 0.1917207 0.4717025 0.8606625 0.1663398 0.481242 0.860661 0.1404956 0.4894101 0.8606619 0.1142432 0.4961966 0.860661 0.08767617 0.5015724 0.8606614 0.06085796 0.5055272 0.8606617 0.0338643 0.5080503 0.8606615 0.006779006 0.5091324 0.8606614 -0.02033014 0.508772 0.8606611 -0.04737655 0.5069687 0.8606616 -0.07429405 0.503729 0.860661 -0.1009962 0.4990612 0.8606613 -0.1274161 0.4929782 0.8606611 -0.1534726 0.4854993 0.8606606 -0.1790953 0.4766433 0.8606602 -0.2042076 0.4664361 0.8606605 -0.228743 0.4549062 0.8606608 -0.2526286 0.4420868 0.8606614 -0.2758017 0.4280139 0.860661 -0.2981874 0.4127294 0.8606618 -0.3197333 0.3962725 0.8606619 -0.3403676 0.3786954 0.8606623 -0.3600419 0.3600419 0.8606623 -0.378696 0.3403681 0.8606619 -0.3962725 0.3197333 0.8606617 -0.4127304 0.2981881 0.860661 -0.4280135 0.2758014 0.8606613 -0.4420877 0.2526291 0.8606608 -0.4549065 0.2287432 0.8606606 -0.4664367 0.2042079 0.8606601 -0.4766428 0.1790951 0.8606606 -0.4854983 0.1534723 0.8606611 -0.4929782 0.1274161 0.8606611 -0.4990614 0.1009963 0.8606611 -0.5037283 0.07429393 0.8606616 -0.5069692 0.04737654 0.8606613 -0.5087716 0.02033007 0.8606615 -0.5091325 -0.006779006 0.8606614 -0.5080498 -0.03386427 0.8606617 -0.5055277 -0.06085807 0.8606613 -0.5015731 -0.08767629 0.860661 -0.4961953 -0.1142429 0.8606619 -0.4894116 -0.140496 0.8606609 -0.4812395 -0.1663389 0.8606625 -0.4717048 -0.1917216 0.860661 -0.4608335 -0.2165511 0.8606615 -0.4486549 -0.2407714 0.8606613 -0.4352038 -0.2643089 0.8606616 -0.4205211 -0.2870935 0.8606622 -0.4046436 -0.3090712 0.8606616 -0.3876206 -0.3301708 0.8606611 -0.3695006 -0.3503278 0.8606624 -0.3868276 -0.4079922 0.8269866 -0.364564 -0.4280008 0.8269875 -0.3412675 -0.4467984 0.826987 -0.3170039 -0.4643298 0.8269863 -0.2918443 -0.480541 0.8269868 -0.2658533 -0.4953937 0.8269868 -0.2391121 -0.5088415 0.826986 -0.2116905 -0.5208471 0.8269857 -0.1836722 -0.5313725 0.8269872 -0.1551289 -0.5403946 0.8269877 -0.1261467 -0.5478868 0.8269866 -0.09680882 -0.5538245 0.8269864 -0.06719704 -0.5581911 0.8269868 -0.03739294 -0.5609773 0.8269863 -0.007485115 -0.5621724 0.8269862 0.02244723 -0.5617739 0.8269862 0.05231305 -0.5597838 0.8269858 0.08203217 -0.5562046 0.8269868 0.1115177 -0.5510505 0.8269867 0.1406896 -0.5443347 0.8269863 0.1694585 -0.5360757 0.8269865 0.197751 -0.5262962 0.8269867 0.2254813 -0.5150251 0.8269869 0.2525724 -0.502295 0.8269867 0.2789477 -0.4881404 0.8269868 0.3045326 -0.4726026 0.8269865 0.3292538 -0.4557256 0.8269863 0.3530429 -0.4375559 0.8269858 0.375828 -0.4181469 0.8269864 0.397551 -0.397551 0.8269864 0.4181475 -0.3758285 0.8269858 0.4375554 -0.3530426 0.8269862 0.4557252 -0.3292535 0.8269865 0.4726022 -0.3045323 0.8269867 0.4881404 -0.2789477 0.8269867 0.5022946 -0.2525722 0.8269869 0.5150255 -0.2254815 0.8269866 0.5262963 -0.197751 0.8269865 0.5360761 -0.1694587 0.8269863 0.5443339 -0.1406894 0.8269868 0.5510505 -0.1115178 0.8269868 0.5562061 -0.08203245 0.8269858 0.5597831 -0.05231299 0.8269862 0.561774 -0.02244718 0.8269861 0.5621723 0.007485113 0.8269862 0.5609764 0.03739288 0.8269868 0.5581918 0.06719712 0.8269863 0.5538241 0.09680876 0.8269866 0.5478854 0.1261464 0.8269876 0.5403953 0.1551291 0.8269873 0.5313745 0.1836729 0.8269858 0.5208468 0.2116904 0.826986 0.5088404 0.2391116 0.8269867 0.4953935 0.2658532 0.826987 0.4805417 0.2918448 0.8269863 0.4643289 0.3170033 0.8269871 0.446798 0.3412671 0.8269876 0.4280019 0.364565 0.8269865 0.4079928 0.3868281 0.826986 0.3868276 0.4079922 0.8269866 0.364564 0.4280008 0.8269875 0.3412675 0.4467984 0.826987 0.3170039 0.4643298 0.8269863 0.2918443 0.480541 0.8269868 0.2658533 0.4953937 0.8269868 0.2391121 0.5088415 0.826986 0.2116905 0.5208471 0.8269857 0.1836722 0.5313725 0.8269872 0.1551289 0.5403946 0.8269877 0.1261467 0.5478868 0.8269866 0.09680882 0.5538245 0.8269864 0.06719704 0.5581911 0.8269868 0.03739294 0.5609773 0.8269863 0.007485115 0.5621724 0.8269862 -0.02244723 0.5617739 0.8269862 -0.05231305 0.5597838 0.8269858 -0.08203217 0.5562046 0.8269868 -0.1115177 0.5510505 0.8269867 -0.1406896 0.5443347 0.8269863 -0.1694585 0.5360757 0.8269865 -0.197751 0.5262962 0.8269867 -0.2254813 0.5150251 0.8269869 -0.2525724 0.502295 0.8269867 -0.2789477 0.4881404 0.8269868 -0.3045326 0.4726026 0.8269865 -0.3292538 0.4557256 0.8269863 -0.3530429 0.4375559 0.8269858 -0.375828 0.4181469 0.8269864 -0.397551 0.397551 0.8269864 -0.4181475 0.3758285 0.8269858 -0.4375554 0.3530426 0.8269862 -0.4557252 0.3292535 0.8269865 -0.4726022 0.3045323 0.8269867 -0.4881404 0.2789477 0.8269867 -0.5022946 0.2525722 0.8269869 -0.5150255 0.2254815 0.8269866 -0.5262963 0.197751 0.8269865 -0.5360761 0.1694587 0.8269863 -0.5443339 0.1406894 0.8269868 -0.5510505 0.1115178 0.8269868 -0.5562061 0.08203245 0.8269858 -0.5597831 0.05231299 0.8269862 -0.561774 0.02244718 0.8269861 -0.5621723 -0.007485113 0.8269862 -0.5609764 -0.03739288 0.8269868 -0.5581918 -0.06719712 0.8269863 -0.5538241 -0.09680876 0.8269866 -0.5478854 -0.1261464 0.8269876 -0.5403953 -0.1551291 0.8269873 -0.5313745 -0.1836729 0.8269858 -0.5208468 -0.2116904 0.826986 -0.5088404 -0.2391116 0.8269867 -0.4953935 -0.2658532 0.826987 -0.4805417 -0.2918448 0.8269863 -0.4643289 -0.3170033 0.8269871 -0.446798 -0.3412671 0.8269876 -0.4280019 -0.364565 0.8269865 -0.4079928 -0.3868281 0.826986 -0.4217934 -0.4448732 0.7900494 -0.3975178 -0.4666931 0.7900488 -0.3721185 -0.4871876 0.7900482 -0.3456612 -0.5063016 0.7900486 -0.3182242 -0.5239803 0.7900494 -0.2898857 -0.5401753 0.7900487 -0.2607279 -0.5548354 0.7900497 -0.2308262 -0.567927 0.7900494 -0.2002718 -0.5794083 0.7900489 -0.1691512 -0.5892463 0.7900485 -0.1375526 -0.5974126 0.790049 -0.1055605 -0.6038871 0.7900489 -0.07327017 -0.6086504 0.7900482 -0.04077465 -0.6116856 0.7900494 -0.008161997 -0.612989 0.7900493 0.02447645 -0.612555 0.7900489 0.05704046 -0.6103836 0.7900495 0.08945045 -0.6064826 0.7900491 0.1215982 -0.6008626 0.7900494 0.1534056 -0.593539 0.7900494 0.1847774 -0.5845338 0.7900491 0.2156268 -0.5738704 0.7900493 0.2458645 -0.5615804 0.7900495 0.2754033 -0.5477007 0.7900486 0.3041636 -0.532266 0.7900491 0.3320601 -0.5153239 0.790049 0.3590154 -0.4969206 0.7900493 0.3849544 -0.4771081 0.7900494 0.4098018 -0.455944 0.790049 0.4334873 -0.4334873 0.790049 0.4559437 -0.4098016 0.7900494 0.4771082 -0.3849544 0.7900493 0.4969209 -0.3590156 0.790049 0.5153239 -0.33206 0.790049 0.5322664 -0.3041638 0.7900487 0.5476998 -0.2754029 0.7900494 0.5615805 -0.2458646 0.7900493 0.5738706 -0.2156269 0.7900491 0.5845333 -0.1847773 0.7900495 0.5935391 -0.1534056 0.7900494 0.600863 -0.1215982 0.790049 0.606482 -0.08945035 0.7900495 0.6103843 -0.05704059 0.790049 0.6125546 -0.02447643 0.7900492 0.6129888 0.008161993 0.7900495 0.6116874 0.04077477 0.7900482 0.6086495 0.07327005 0.7900488 0.603887 0.1055605 0.790049 0.5974132 0.1375527 0.7900485 0.589246 0.1691511 0.7900488 0.5794076 0.2002716 0.7900495 0.5679267 0.230826 0.7900497 0.5548366 0.2607284 0.7900487 0.5401745 0.2898853 0.7900494 0.523981 0.3182247 0.7900487 0.5063022 0.3456616 0.7900482 0.4871868 0.3721181 0.7900488 0.4666925 0.3975173 0.7900494 0.4448732 0.4217933 0.7900495 0.4217934 0.4448732 0.7900494 0.3975178 0.4666931 0.7900488 0.3721185 0.4871876 0.7900482 0.3456612 0.5063016 0.7900486 0.3182242 0.5239803 0.7900494 0.2898857 0.5401753 0.7900487 0.2607279 0.5548354 0.7900497 0.2308262 0.567927 0.7900494 0.2002718 0.5794083 0.7900489 0.1691512 0.5892463 0.7900485 0.1375526 0.5974126 0.790049 0.1055605 0.6038871 0.7900489 0.07327017 0.6086504 0.7900482 0.04077465 0.6116856 0.7900494 0.008161997 0.612989 0.7900493 -0.02447645 0.612555 0.7900489 -0.05704046 0.6103836 0.7900495 -0.08945045 0.6064826 0.7900491 -0.1215982 0.6008626 0.7900494 -0.1534056 0.593539 0.7900494 -0.1847774 0.5845338 0.7900491 -0.2156268 0.5738704 0.7900493 -0.2458645 0.5615804 0.7900495 -0.2754033 0.5477007 0.7900486 -0.3041636 0.532266 0.7900491 -0.3320601 0.5153239 0.790049 -0.3590154 0.4969206 0.7900493 -0.3849544 0.4771081 0.7900494 -0.4098018 0.455944 0.790049 -0.4334873 0.4334873 0.790049 -0.4559437 0.4098016 0.7900494 -0.4771082 0.3849544 0.7900493 -0.4969209 0.3590156 0.790049 -0.5153239 0.33206 0.790049 -0.5322664 0.3041638 0.7900487 -0.5476998 0.2754029 0.7900494 -0.5615805 0.2458646 0.7900493 -0.5738706 0.2156269 0.7900491 -0.5845333 0.1847773 0.7900495 -0.5935391 0.1534056 0.7900494 -0.600863 0.1215982 0.790049 -0.606482 0.08945035 0.7900495 -0.6103843 0.05704059 0.790049 -0.6125546 0.02447643 0.7900492 -0.6129888 -0.008161993 0.7900495 -0.6116874 -0.04077477 0.7900482 -0.6086495 -0.07327005 0.7900488 -0.603887 -0.1055605 0.790049 -0.5974132 -0.1375527 0.7900485 -0.589246 -0.1691511 0.7900488 -0.5794076 -0.2002716 0.7900495 -0.5679267 -0.230826 0.7900497 -0.5548366 -0.2607284 0.7900487 -0.5401745 -0.2898853 0.7900494 -0.523981 -0.3182247 0.7900487 -0.5063022 -0.3456616 0.7900482 -0.4871868 -0.3721181 0.7900488 -0.4666925 -0.3975173 0.7900494 -0.4448732 -0.4217933 0.7900495 -0.455092 -0.4799935 0.7499983 -0.4289004 -0.5035345 0.7499983 -0.4014952 -0.5256455 0.749999 -0.372948 -0.5462717 0.7499981 -0.3433448 -0.565347 0.749998 -0.3127718 -0.5828177 0.7499983 -0.2813086 -0.5986379 0.7499988 -0.2490495 -0.6127617 0.7499983 -0.2160833 -0.6251481 0.7499986 -0.182505 -0.6357622 0.7499988 -0.14841 -0.6445744 0.7499989 -0.1138941 -0.6515601 0.7499983 -0.07905631 -0.6566978 0.7499988 -0.04399003 -0.6599756 0.749998 -0.008807032 -0.6613798 0.7499995 0.02640783 -0.6609119 0.7499987 0.06154484 -0.6585687 0.7499996 0.09651076 -0.6543609 0.7499982 0.1311985 -0.6482973 0.7499984 0.1655164 -0.6403959 0.7499983 0.1993632 -0.6306785 0.7499993 0.2326496 -0.6191732 0.7499993 0.2652747 -0.6059144 0.749998 0.2971426 -0.5909386 0.7499986 0.3281762 -0.5742847 0.7499985 0.3582742 -0.5560057 0.7499981 0.3873585 -0.5361497 0.7499979 0.4153447 -0.5147731 0.7499983 0.4421518 -0.4919377 0.7499995 0.4677077 -0.4677077 0.7499994 0.4919387 -0.4421526 0.7499983 0.5147735 -0.415345 0.7499979 0.5361495 -0.3873584 0.7499982 0.5560055 -0.358274 0.7499985 0.5742844 -0.3281761 0.7499986 0.590939 -0.2971428 0.749998 0.6059133 -0.2652743 0.7499992 0.619173 -0.2326495 0.7499993 0.6306797 -0.1993635 0.7499983 0.6403958 -0.1655164 0.7499983 0.6482976 -0.1311986 0.7499982 0.6543595 -0.09651054 0.7499995 0.6585698 -0.06154494 0.7499987 0.660911 -0.0264078 0.7499995 0.6613815 0.008807054 0.749998 0.6599748 0.04398997 0.7499987 0.6566983 0.07905632 0.7499983 0.6515595 0.113894 0.7499989 0.6445745 0.1484101 0.7499989 0.6357625 0.182505 0.7499986 0.6251484 0.2160835 0.7499983 0.6127612 0.2490492 0.7499989 0.5986384 0.2813088 0.7499983 0.5828178 0.3127719 0.749998 0.565347 0.3433447 0.749998 0.5462707 0.3729474 0.7499989 0.525646 0.4014956 0.7499983 0.5035344 0.4289004 0.7499983 0.4799933 0.4550918 0.7499986 0.455092 0.4799935 0.7499983 0.4289004 0.5035345 0.7499983 0.4014952 0.5256455 0.749999 0.372948 0.5462717 0.7499981 0.3433448 0.565347 0.749998 0.3127718 0.5828177 0.7499983 0.2813086 0.5986379 0.7499988 0.2490495 0.6127617 0.7499983 0.2160833 0.6251481 0.7499986 0.182505 0.6357622 0.7499988 0.14841 0.6445744 0.7499989 0.1138941 0.6515601 0.7499983 0.07905631 0.6566978 0.7499988 0.04399003 0.6599756 0.749998 0.008807032 0.6613798 0.7499995 -0.02640783 0.6609119 0.7499987 -0.06154484 0.6585687 0.7499996 -0.09651076 0.6543609 0.7499982 -0.1311985 0.6482973 0.7499984 -0.1655164 0.6403959 0.7499983 -0.1993632 0.6306785 0.7499993 -0.2326496 0.6191732 0.7499993 -0.2652747 0.6059144 0.749998 -0.2971426 0.5909386 0.7499986 -0.3281762 0.5742847 0.7499985 -0.3582742 0.5560057 0.7499981 -0.3873585 0.5361497 0.7499979 -0.4153447 0.5147731 0.7499983 -0.4421518 0.4919377 0.7499995 -0.4677077 0.4677077 0.7499994 -0.4919387 0.4421526 0.7499983 -0.5147735 0.415345 0.7499979 -0.5361495 0.3873584 0.7499982 -0.5560055 0.358274 0.7499985 -0.5742844 0.3281761 0.7499986 -0.590939 0.2971428 0.749998 -0.6059133 0.2652743 0.7499992 -0.619173 0.2326495 0.7499993 -0.6306797 0.1993635 0.7499983 -0.6403958 0.1655164 0.7499983 -0.6482976 0.1311986 0.7499982 -0.6543595 0.09651054 0.7499995 -0.6585698 0.06154494 0.7499987 -0.660911 0.0264078 0.7499995 -0.6613815 -0.008807054 0.749998 -0.6599748 -0.04398997 0.7499987 -0.6566983 -0.07905632 0.7499983 -0.6515595 -0.113894 0.7499989 -0.6445745 -0.1484101 0.7499989 -0.6357625 -0.182505 0.7499986 -0.6251484 -0.2160835 0.7499983 -0.6127612 -0.2490492 0.7499989 -0.5986384 -0.2813088 0.7499983 -0.5828178 -0.3127719 0.749998 -0.565347 -0.3433447 0.749998 -0.5462707 -0.3729474 0.7499989 -0.525646 -0.4014956 0.7499983 -0.5035344 -0.4289004 0.7499983 -0.4799933 -0.4550918 0.7499986 -0.4866017 -0.5132263 0.7069778 -0.458596 -0.5383971 0.7069782 -0.429292 -0.5620407 0.7069784 -0.398771 -0.5840912 0.7069789 -0.3671166 -0.6044894 0.706978 -0.3344267 -0.6231701 0.7069778 -0.3007847 -0.6400873 0.7069772 -0.266294 -0.6551864 0.7069783 -0.2310436 -0.6684322 0.7069775 -0.1951407 -0.6797815 0.7069775 -0.1586857 -0.6892043 0.7069769 -0.1217813 -0.6966716 0.706978 -0.08452862 -0.702166 0.7069778 -0.0470378 -0.7056693 0.7069783 -0.009412872 -0.7071738 0.7069771 0.02823411 -0.7066714 0.7069783 0.0658085 -0.7041678 0.7069772 0.1031892 -0.6996669 0.7069782 0.1402827 -0.6931831 0.706978 0.1769761 -0.6847347 0.7069779 0.2131696 -0.6743457 0.7069771 0.2487579 -0.6620447 0.7069769 0.2836388 -0.6478673 0.7069774 0.317717 -0.6318523 0.7069784 0.350898 -0.6140475 0.7069768 0.3830791 -0.5945019 0.706978 0.4141766 -0.5732703 0.7069787 0.4441025 -0.5504131 0.7069784 0.4727685 -0.5259974 0.7069772 0.5000916 -0.5000916 0.7069772 0.5259965 -0.4727677 0.7069783 0.5504128 -0.4441022 0.7069788 0.5732709 -0.4141771 0.706978 0.5945029 -0.3830798 0.7069768 0.6140461 -0.3508973 0.7069784 0.6318533 -0.3177175 0.7069774 0.6478677 -0.283639 0.7069769 0.6620445 -0.2487578 0.7069771 0.6743448 -0.2131694 0.7069779 0.6847346 -0.1769761 0.706978 0.6931828 -0.1402827 0.7069783 0.6996679 -0.1031893 0.7069772 0.7041668 -0.06580845 0.7069783 0.7066726 -0.02823415 0.7069771 0.7071726 0.009412855 0.7069783 0.7056698 0.04703777 0.7069779 0.702166 0.08452867 0.706978 0.6966727 0.1217816 0.7069769 0.6892036 0.1586856 0.7069775 0.6797815 0.1951407 0.7069775 0.6684315 0.2310433 0.7069783 0.6551874 0.2662945 0.7069771 0.6400867 0.3007844 0.7069778 0.6231702 0.3344267 0.7069779 0.6044887 0.3671162 0.7069788 0.5840915 0.3987712 0.7069785 0.5620409 0.4292922 0.7069783 0.5383974 0.4585962 0.7069778 0.5132267 0.486602 0.7069773 0.4866017 0.5132263 0.7069778 0.458596 0.5383971 0.7069782 0.429292 0.5620407 0.7069784 0.398771 0.5840912 0.7069789 0.3671166 0.6044894 0.706978 0.3344267 0.6231701 0.7069778 0.3007847 0.6400873 0.7069772 0.266294 0.6551864 0.7069783 0.2310436 0.6684322 0.7069775 0.1951407 0.6797815 0.7069775 0.1586857 0.6892043 0.7069769 0.1217813 0.6966716 0.706978 0.08452862 0.702166 0.7069778 0.0470378 0.7056693 0.7069783 0.009412872 0.7071738 0.7069771 -0.02823411 0.7066714 0.7069783 -0.0658085 0.7041678 0.7069772 -0.1031892 0.6996669 0.7069782 -0.1402827 0.6931831 0.706978 -0.1769761 0.6847347 0.7069779 -0.2131696 0.6743457 0.7069771 -0.2487579 0.6620447 0.7069769 -0.2836388 0.6478673 0.7069774 -0.317717 0.6318523 0.7069784 -0.350898 0.6140475 0.7069768 -0.3830791 0.5945019 0.706978 -0.4141766 0.5732703 0.7069787 -0.4441025 0.5504131 0.7069784 -0.4727685 0.5259974 0.7069772 -0.5000916 0.5000916 0.7069772 -0.5259965 0.4727677 0.7069783 -0.5504128 0.4441022 0.7069788 -0.5732709 0.4141771 0.706978 -0.5945029 0.3830798 0.7069768 -0.6140461 0.3508973 0.7069784 -0.6318533 0.3177175 0.7069774 -0.6478677 0.283639 0.7069769 -0.6620445 0.2487578 0.7069771 -0.6743448 0.2131694 0.7069779 -0.6847346 0.1769761 0.706978 -0.6931828 0.1402827 0.7069783 -0.6996679 0.1031893 0.7069772 -0.7041668 0.06580845 0.7069783 -0.7066726 0.02823415 0.7069771 -0.7071726 -0.009412855 0.7069783 -0.7056698 -0.04703777 0.7069779 -0.702166 -0.08452867 0.706978 -0.6966727 -0.1217816 0.7069769 -0.6892036 -0.1586856 0.7069775 -0.6797815 -0.1951407 0.7069775 -0.6684315 -0.2310433 0.7069783 -0.6551874 -0.2662945 0.7069771 -0.6400867 -0.3007844 0.7069778 -0.6231702 -0.3344267 0.7069779 -0.6044887 -0.3671162 0.7069788 -0.5840915 -0.3987712 0.7069785 -0.5620409 -0.4292922 0.7069783 -0.5383974 -0.4585962 0.7069778 -0.5132267 -0.486602 0.7069773 -0.51618 -0.5444254 0.6611802 -0.4864734 -0.5711272 0.6611787 -0.4553885 -0.5962079 0.6611789 -0.4230119 -0.6195992 0.6611789 -0.3894353 -0.6412348 0.6611794 -0.3547558 -0.6610511 0.6611806 -0.31907 -0.6789954 0.6611804 -0.2824788 -0.6950158 0.6611798 -0.24509 -0.7090638 0.6611803 -0.2070028 -0.7211041 0.6611797 -0.1683334 -0.7310975 0.661181 -0.1291813 -0.7390218 0.66118 -0.08966721 -0.7448494 0.6611801 -0.04989607 -0.7485676 0.6611785 -0.009988138 -0.7501605 0.6611803 0.02995365 -0.7496291 0.6611799 0.06980617 -0.746973 0.6611796 0.1094646 -0.7421992 0.6611792 0.1488097 -0.7353209 0.6611799 0.1877341 -0.7263589 0.6611797 0.2261256 -0.7153375 0.6611804 0.2638787 -0.702289 0.6611794 0.3008817 -0.6872491 0.6611798 0.3370335 -0.6702616 0.6611791 0.3722239 -0.6513748 0.6611809 0.4063681 -0.6306384 0.6611809 0.439356 -0.6081181 0.6611798 0.471098 -0.5838726 0.6611804 0.5015048 -0.5579734 0.6611797 0.5304911 -0.530491 0.6611797 0.557973 -0.5015044 0.6611804 0.583873 -0.4710983 0.6611797 0.6081174 -0.4393554 0.6611808 0.6306384 -0.4063681 0.661181 0.6513762 -0.3722247 0.6611791 0.6702609 -0.3370333 0.6611798 0.6872496 -0.3008819 0.6611793 0.7022882 -0.2638784 0.6611804 0.7153379 -0.2261258 0.6611798 0.7263587 -0.187734 0.6611799 0.7353215 -0.1488098 0.6611792 0.7421988 -0.1094645 0.6611796 0.7469727 -0.06980608 0.66118 0.7496288 -0.02995356 0.6611804 0.7501622 0.009988162 0.6611784 0.7485661 0.04989596 0.6611801 0.7448496 0.08966731 0.6611799 0.7390209 0.1291812 0.6611809 0.7310986 0.1683337 0.6611798 0.7211036 0.2070027 0.6611803 0.7090642 0.2450901 0.6611798 0.6950153 0.2824786 0.6611805 0.6789953 0.31907 0.6611806 0.661052 0.3547563 0.6611794 0.641235 0.3894354 0.661179 0.6195993 0.423012 0.6611789 0.596208 0.4553886 0.6611787 0.5711262 0.4864726 0.6611801 0.5444258 0.5161805 0.6611795 0.51618 0.5444254 0.6611802 0.4864734 0.5711272 0.6611787 0.4553885 0.5962079 0.6611789 0.4230119 0.6195992 0.6611789 0.3894353 0.6412348 0.6611794 0.3547558 0.6610511 0.6611806 0.31907 0.6789954 0.6611804 0.2824788 0.6950158 0.6611798 0.24509 0.7090638 0.6611803 0.2070028 0.7211041 0.6611797 0.1683334 0.7310975 0.661181 0.1291813 0.7390218 0.66118 0.08966721 0.7448494 0.6611801 0.04989607 0.7485676 0.6611785 0.009988138 0.7501605 0.6611803 -0.02995365 0.7496291 0.6611799 -0.06980617 0.746973 0.6611796 -0.1094646 0.7421992 0.6611792 -0.1488097 0.7353209 0.6611799 -0.1877341 0.7263589 0.6611797 -0.2261256 0.7153375 0.6611804 -0.2638787 0.702289 0.6611794 -0.3008817 0.6872491 0.6611798 -0.3370335 0.6702616 0.6611791 -0.3722239 0.6513748 0.6611809 -0.4063681 0.6306384 0.6611809 -0.439356 0.6081181 0.6611798 -0.471098 0.5838726 0.6611804 -0.5015048 0.5579734 0.6611797 -0.5304911 0.530491 0.6611797 -0.557973 0.5015044 0.6611804 -0.583873 0.4710983 0.6611797 -0.6081174 0.4393554 0.6611808 -0.6306384 0.4063681 0.661181 -0.6513762 0.3722247 0.6611791 -0.6702609 0.3370333 0.6611798 -0.6872496 0.3008819 0.6611793 -0.7022882 0.2638784 0.6611804 -0.7153379 0.2261258 0.6611798 -0.7263587 0.187734 0.6611799 -0.7353215 0.1488098 0.6611792 -0.7421988 0.1094645 0.6611796 -0.7469727 0.06980608 0.66118 -0.7496288 0.02995356 0.6611804 -0.7501622 -0.009988162 0.6611784 -0.7485661 -0.04989596 0.6611801 -0.7448496 -0.08966731 0.6611799 -0.7390209 -0.1291812 0.6611809 -0.7310986 -0.1683337 0.6611798 -0.7211036 -0.2070027 0.6611803 -0.7090642 -0.2450901 0.6611798 -0.6950153 -0.2824786 0.6611805 -0.6789953 -0.31907 0.6611806 -0.661052 -0.3547563 0.6611794 -0.641235 -0.3894354 0.661179 -0.6195993 -0.423012 0.6611789 -0.596208 -0.4553886 0.6611787 -0.5711262 -0.4864726 0.6611801 -0.5444258 -0.5161805 0.6611795 -0.5437235 -0.5734788 0.6127698 -0.5124351 -0.6016006 0.6127698 -0.4796877 -0.6280217 0.6127711 -0.4455841 -0.652662 0.61277 -0.4102153 -0.6754525 0.6127703 -0.373684 -0.6963286 0.6127699 -0.3360968 -0.7152281 0.6127704 -0.2975541 -0.7321031 0.6127696 -0.2581676 -0.7469022 0.6127697 -0.2180506 -0.7595835 0.6127699 -0.1773133 -0.770113 0.6127691 -0.1360773 -0.7784575 0.6127699 -0.09445147 -0.7845972 0.6127694 -0.052563 -0.7885116 0.6127697 -0.01051619 -0.7901924 0.6127687 0.03155086 -0.7896322 0.6127688 0.07353009 -0.7868328 0.6127704 0.1153048 -0.7818039 0.6127703 0.1567523 -0.7745586 0.6127705 0.1977515 -0.7651185 0.6127707 0.2381936 -0.7535095 0.6127702 0.2779569 -0.7397649 0.6127707 0.3169386 -0.7239215 0.6127703 0.3550163 -0.7060287 0.61277 0.3920911 -0.686132 0.6127703 0.4280533 -0.6642919 0.6127697 0.4627991 -0.6405708 0.6127691 0.4962395 -0.6150301 0.6127679 0.5282649 -0.5877495 0.6127697 0.5587993 -0.5587993 0.6127697 0.5877506 -0.5282659 0.6127678 0.6150293 -0.4962388 0.6127691 0.6405705 -0.4627989 0.6127697 0.6642915 -0.4280531 0.6127703 0.6861323 -0.3920914 0.6127698 0.7060283 -0.3550162 0.6127703 0.7239213 -0.3169385 0.6127707 0.7397653 -0.277957 0.6127701 0.753509 -0.2381935 0.6127707 0.7651187 -0.1977516 0.6127706 0.7745587 -0.1567523 0.6127704 0.7818038 -0.1153048 0.6127704 0.786834 -0.0735302 0.6127688 0.7896323 -0.0315508 0.6127686 0.7901916 0.01051625 0.6127696 0.7885118 0.05256301 0.6127694 0.7845967 0.09445141 0.6127699 0.778458 0.1360774 0.6127691 0.7701125 0.1773132 0.6127698 0.7595836 0.2180506 0.6127697 0.7469022 0.2581676 0.6127696 0.7321024 0.2975538 0.6127706 0.7152286 0.336097 0.6127699 0.6963283 0.3736838 0.6127703 0.6754525 0.4102154 0.6127701 0.6526614 0.4455836 0.6127711 0.6280224 0.4796883 0.6127698 0.6016007 0.5124351 0.6127698 0.5734785 0.5437232 0.6127704 0.5437235 0.5734788 0.6127698 0.5124351 0.6016006 0.6127698 0.4796877 0.6280217 0.6127711 0.4455841 0.652662 0.61277 0.4102153 0.6754525 0.6127703 0.373684 0.6963286 0.6127699 0.3360968 0.7152281 0.6127704 0.2975541 0.7321031 0.6127696 0.2581676 0.7469022 0.6127697 0.2180506 0.7595835 0.6127699 0.1773133 0.770113 0.6127691 0.1360773 0.7784575 0.6127699 0.09445147 0.7845972 0.6127694 0.052563 0.7885116 0.6127697 0.01051619 0.7901924 0.6127687 -0.03155086 0.7896322 0.6127688 -0.07353009 0.7868328 0.6127704 -0.1153048 0.7818039 0.6127703 -0.1567523 0.7745586 0.6127705 -0.1977515 0.7651185 0.6127707 -0.2381936 0.7535095 0.6127702 -0.2779569 0.7397649 0.6127707 -0.3169386 0.7239215 0.6127703 -0.3550163 0.7060287 0.61277 -0.3920911 0.686132 0.6127703 -0.4280533 0.6642919 0.6127697 -0.4627991 0.6405708 0.6127691 -0.4962395 0.6150301 0.6127679 -0.5282649 0.5877495 0.6127697 -0.5587993 0.5587993 0.6127697 -0.5877506 0.5282659 0.6127678 -0.6150293 0.4962388 0.6127691 -0.6405705 0.4627989 0.6127697 -0.6642915 0.4280531 0.6127703 -0.6861323 0.3920914 0.6127698 -0.7060283 0.3550162 0.6127703 -0.7239213 0.3169385 0.6127707 -0.7397653 0.277957 0.6127701 -0.753509 0.2381935 0.6127707 -0.7651187 0.1977516 0.6127706 -0.7745587 0.1567523 0.6127704 -0.7818038 0.1153048 0.6127704 -0.786834 0.0735302 0.6127688 -0.7896323 0.0315508 0.6127686 -0.7901916 -0.01051625 0.6127696 -0.7885118 -0.05256301 0.6127694 -0.7845967 -0.09445141 0.6127699 -0.778458 -0.1360774 0.6127691 -0.7701125 -0.1773132 0.6127698 -0.7595836 -0.2180506 0.6127697 -0.7469022 -0.2581676 0.6127696 -0.7321024 -0.2975538 0.6127706 -0.7152286 -0.336097 0.6127699 -0.6963283 -0.3736838 0.6127703 -0.6754525 -0.4102154 0.6127701 -0.6526614 -0.4455836 0.6127711 -0.6280224 -0.4796883 0.6127698 -0.6016007 -0.5124351 0.6127698 -0.5734785 -0.5437232 0.6127704 -0.5691187 -0.6002613 0.5619522 -0.536368 -0.6296982 0.5619515 -0.5020894 -0.6573561 0.5619511 -0.466397 -0.6831427 0.5619518 -0.4293741 -0.7069997 0.5619513 -0.3911377 -0.7288502 0.5619508 -0.3517932 -0.7486348 0.5619498 -0.3114536 -0.7662945 0.5619513 -0.2702251 -0.7817863 0.5619506 -0.2282343 -0.79506 0.5619507 -0.1855965 -0.8060805 0.5619503 -0.1424307 -0.8148155 0.5619512 -0.09886424 -0.8212402 0.5619522 -0.05501732 -0.8253378 0.5619525 -0.01100998 -0.8270972 0.5619512 0.0330248 -0.8265105 0.5619518 0.07696858 -0.8235818 0.561951 0.12069 -0.8183183 0.5619511 0.164074 -0.8107351 0.5619504 0.2069885 -0.8008547 0.5619497 0.2493169 -0.7887022 0.5619519 0.2909401 -0.7743151 0.5619519 0.3317406 -0.7577337 0.56195 0.3715964 -0.739004 0.5619514 0.4104052 -0.7181774 0.561951 0.4480443 -0.6953186 0.5619504 0.4844121 -0.6704884 0.5619522 0.5194123 -0.6437554 0.5619519 0.5529405 -0.6151965 0.5619521 0.5848973 -0.5848974 0.5619521 0.6151966 -0.5529406 0.5619519 0.6437551 -0.5194122 0.5619523 0.6704893 -0.4844127 0.5619505 0.6953183 -0.4480441 0.561951 0.7181771 -0.410405 0.5619514 0.7390047 -0.3715968 0.56195 0.7577325 -0.3317402 0.561952 0.7743151 -0.2909402 0.5619519 0.7887036 -0.2493174 0.5619497 0.8008541 -0.2069884 0.5619504 0.8107346 -0.1640739 0.5619511 0.8183185 -0.1206899 0.5619509 0.8235813 -0.07696853 0.5619517 0.826511 -0.03302488 0.5619511 0.8270962 0.01100997 0.5619525 0.825338 0.05501727 0.5619522 0.821241 0.09886424 0.5619512 0.8148161 0.1424309 0.5619503 0.8060801 0.1855964 0.5619508 0.7950602 0.2282342 0.5619506 0.7817859 0.2702249 0.5619513 0.7662956 0.311454 0.5619498 0.7486341 0.3517929 0.5619507 0.7288498 0.3911376 0.5619513 0.7069995 0.429374 0.5619518 0.6831431 0.4663974 0.5619511 0.657356 0.5020893 0.5619515 0.6296979 0.5363677 0.5619522 0.6002616 0.5691189 0.5619516 0.5691187 0.6002613 0.5619522 0.536368 0.6296982 0.5619515 0.5020894 0.6573561 0.5619511 0.466397 0.6831427 0.5619518 0.4293741 0.7069997 0.5619513 0.3911377 0.7288502 0.5619508 0.3517932 0.7486348 0.5619498 0.3114536 0.7662945 0.5619513 0.2702251 0.7817863 0.5619506 0.2282343 0.79506 0.5619507 0.1855965 0.8060805 0.5619503 0.1424307 0.8148155 0.5619512 0.09886424 0.8212402 0.5619522 0.05501732 0.8253378 0.5619525 0.01100998 0.8270972 0.5619512 -0.0330248 0.8265105 0.5619518 -0.07696858 0.8235818 0.561951 -0.12069 0.8183183 0.5619511 -0.164074 0.8107351 0.5619504 -0.2069885 0.8008547 0.5619497 -0.2493169 0.7887022 0.5619519 -0.2909401 0.7743151 0.5619519 -0.3317406 0.7577337 0.56195 -0.3715964 0.739004 0.5619514 -0.4104052 0.7181774 0.561951 -0.4480443 0.6953186 0.5619504 -0.4844121 0.6704884 0.5619522 -0.5194123 0.6437554 0.5619519 -0.5529405 0.6151965 0.5619521 -0.5848973 0.5848974 0.5619521 -0.6151966 0.5529406 0.5619519 -0.6437551 0.5194122 0.5619523 -0.6704893 0.4844127 0.5619505 -0.6953183 0.4480441 0.561951 -0.7181771 0.410405 0.5619514 -0.7390047 0.3715968 0.56195 -0.7577325 0.3317402 0.561952 -0.7743151 0.2909402 0.5619519 -0.7887036 0.2493174 0.5619497 -0.8008541 0.2069884 0.5619504 -0.8107346 0.1640739 0.5619511 -0.8183185 0.1206899 0.5619509 -0.8235813 0.07696853 0.5619517 -0.826511 0.03302488 0.5619511 -0.8270962 -0.01100997 0.5619525 -0.825338 -0.05501727 0.5619522 -0.821241 -0.09886424 0.5619512 -0.8148161 -0.1424309 0.5619503 -0.8060801 -0.1855964 0.5619508 -0.7950602 -0.2282342 0.5619506 -0.7817859 -0.2702249 0.5619513 -0.7662956 -0.311454 0.5619498 -0.7486341 -0.3517929 0.5619507 -0.7288498 -0.3911376 0.5619513 -0.7069995 -0.429374 0.5619518 -0.6831431 -0.4663974 0.5619511 -0.657356 -0.5020893 0.5619515 -0.6296979 -0.5363677 0.5619522 -0.6002616 -0.5691189 0.5619516 -0.5922713 -0.6246829 0.5089067 -0.5581898 -0.6553144 0.5089076 -0.522517 -0.6840989 0.5089054 -0.4853696 -0.7109354 0.5089079 -0.446843 -0.7357612 0.5089074 -0.4070509 -0.7585004 0.5089074 -0.3661068 -0.7790887 0.5089073 -0.3241201 -0.7974702 0.5089082 -0.2812202 -0.8135903 0.5089066 -0.2375186 -0.8274042 0.5089079 -0.1931479 -0.8388715 0.508909 -0.1482226 -0.8479642 0.5089076 -0.1028837 -0.854651 0.5089072 -0.05725477 -0.8589154 0.5089068 -0.01146169 -0.8607444 0.5089083 0.03436988 -0.8601344 0.5089081 0.08009784 -0.8570868 0.508907 0.1256004 -0.8516093 0.508907 0.1707472 -0.843717 0.5089077 0.2154068 -0.833434 0.5089082 0.2594655 -0.8207878 0.5089057 0.3027764 -0.8058164 0.508907 0.3452312 -0.7885599 0.5089092 0.3867165 -0.769066 0.5089085 0.4271004 -0.7473952 0.5089064 0.46627 -0.7236054 0.5089082 0.504123 -0.697763 0.5089073 0.5405419 -0.6699452 0.5089083 0.5754362 -0.640224 0.5089071 0.6086928 -0.6086927 0.508907 0.6402234 -0.5754356 0.5089083 0.6699457 -0.5405424 0.5089074 0.6977627 -0.5041227 0.5089082 0.7236063 -0.4662706 0.5089063 0.7473942 -0.4270998 0.5089084 0.7690656 -0.3867163 0.5089093 0.7885611 -0.3452316 0.5089071 0.8058172 -0.3027767 0.5089056 0.8207864 -0.259465 0.5089081 0.8334343 -0.2154069 0.5089077 0.8437173 -0.1707472 0.508907 0.8516092 -0.1256003 0.5089071 0.8570863 -0.08009779 0.5089081 0.8601343 -0.03436987 0.5089083 0.8607453 0.01146178 0.5089069 0.8589152 0.05725475 0.5089073 0.8546509 0.1028837 0.5089076 0.8479633 0.1482225 0.5089089 0.8388723 0.1931481 0.5089077 0.8274049 0.2375188 0.5089067 0.8135895 0.2812199 0.5089082 0.7974706 0.3241203 0.5089073 0.7790887 0.3661067 0.5089074 0.7585004 0.4070508 0.5089074 0.735761 0.4468428 0.5089079 0.7109365 0.4853705 0.5089054 0.6840979 0.5225161 0.5089076 0.6553149 0.5581902 0.5089067 0.6246825 0.592271 0.5089073 0.5922713 0.6246829 0.5089067 0.5581898 0.6553144 0.5089076 0.522517 0.6840989 0.5089054 0.4853696 0.7109354 0.5089079 0.446843 0.7357612 0.5089074 0.4070509 0.7585004 0.5089074 0.3661068 0.7790887 0.5089073 0.3241201 0.7974702 0.5089082 0.2812202 0.8135903 0.5089066 0.2375186 0.8274042 0.5089079 0.1931479 0.8388715 0.508909 0.1482226 0.8479642 0.5089076 0.1028837 0.854651 0.5089072 0.05725477 0.8589154 0.5089068 0.01146169 0.8607444 0.5089083 -0.03436988 0.8601344 0.5089081 -0.08009784 0.8570868 0.508907 -0.1256004 0.8516093 0.508907 -0.1707472 0.843717 0.5089077 -0.2154068 0.833434 0.5089082 -0.2594655 0.8207878 0.5089057 -0.3027764 0.8058164 0.508907 -0.3452312 0.7885599 0.5089092 -0.3867165 0.769066 0.5089085 -0.4271004 0.7473952 0.5089064 -0.46627 0.7236054 0.5089082 -0.504123 0.697763 0.5089073 -0.5405419 0.6699452 0.5089083 -0.5754362 0.640224 0.5089071 -0.6086928 0.6086927 0.508907 -0.6402234 0.5754356 0.5089083 -0.6699457 0.5405424 0.5089074 -0.6977627 0.5041227 0.5089082 -0.7236063 0.4662706 0.5089063 -0.7473942 0.4270998 0.5089084 -0.7690656 0.3867163 0.5089093 -0.7885611 0.3452316 0.5089071 -0.8058172 0.3027767 0.5089056 -0.8207864 0.259465 0.5089081 -0.8334343 0.2154069 0.5089077 -0.8437173 0.1707472 0.508907 -0.8516092 0.1256003 0.5089071 -0.8570863 0.08009779 0.5089081 -0.8601343 0.03436987 0.5089083 -0.8607453 -0.01146178 0.5089069 -0.8589152 -0.05725475 0.5089073 -0.8546509 -0.1028837 0.5089076 -0.8479633 -0.1482225 0.5089089 -0.8388723 -0.1931481 0.5089077 -0.8274049 -0.2375188 0.5089067 -0.8135895 -0.2812199 0.5089082 -0.7974706 -0.3241203 0.5089073 -0.7790887 -0.3661067 0.5089074 -0.7585004 -0.4070508 0.5089074 -0.735761 -0.4468428 0.5089079 -0.7109365 -0.4853705 0.5089054 -0.6840979 -0.5225161 0.5089076 -0.6553149 -0.5581902 0.5089067 -0.6246825 -0.592271 0.5089073 -0.6130868 -0.646635 0.4538587 -0.5778047 -0.6783463 0.4538589 -0.5408835 -0.7081351 0.4538609 -0.5024217 -0.735924 0.4538592 -0.4625473 -0.7616175 0.4538598 -0.4213558 -0.7851565 0.4538595 -0.3789733 -0.8064682 0.4538592 -0.335509 -0.8254977 0.4538582 -0.2911069 -0.8421804 0.45386 -0.2458629 -0.8564833 0.4538587 -0.1999326 -0.8683537 0.4538599 -0.1534353 -0.8777639 0.4538591 -0.1065003 -0.8846867 0.453858 -0.05926793 -0.8891005 0.4538586 -0.01186064 -0.8909944 0.4538593 0.03557719 -0.890363 0.4538589 0.08290993 -0.8872073 0.4538602 0.1300142 -0.881537 0.4538598 0.17675 -0.8733686 0.4538575 0.2229781 -0.8627239 0.4538592 0.2685775 -0.8496337 0.4538597 0.3134206 -0.8341344 0.4538582 0.3573698 -0.8162719 0.4538579 0.4003054 -0.7960956 0.4538582 0.4421048 -0.7736628 0.4538604 0.4826612 -0.7490333 0.4538581 0.5218378 -0.7222861 0.4538591 0.5595413 -0.6934887 0.4538579 0.5956566 -0.6627262 0.4538582 0.6300845 -0.6300845 0.4538583 0.6627263 -0.5956566 0.453858 0.6934883 -0.5595409 0.453859 0.7222865 -0.521838 0.4538583 0.7490324 -0.4826605 0.4538603 0.7736637 -0.4421054 0.4538583 0.7960958 -0.4003056 0.4538579 0.8162718 -0.3573698 0.4538582 0.8341338 -0.3134203 0.4538597 0.849634 -0.2685776 0.4538593 0.8627247 -0.2229784 0.4538575 0.8733675 -0.1767498 0.4538599 0.8815368 -0.1300141 0.4538603 0.887208 -0.08291 0.4538589 0.8903629 -0.03557718 0.4538593 0.8909947 0.01186064 0.4538586 0.8891008 0.05926795 0.453858 0.8846861 0.1065003 0.4538592 0.8777635 0.1534352 0.4538599 0.8683543 0.1999327 0.4538586 0.8564826 0.2458627 0.45386 0.8421813 0.2911072 0.4538582 0.8254972 0.3355088 0.4538592 0.8064681 0.3789733 0.4538595 0.7851564 0.4213558 0.4538597 0.7616177 0.4625476 0.4538592 0.7359233 0.5024213 0.4538608 0.7081358 0.5408841 0.453859 0.6783464 0.5778047 0.4538588 0.6466345 0.6130863 0.4538603 0.6130868 0.646635 0.4538587 0.5778047 0.6783463 0.4538589 0.5408835 0.7081351 0.4538609 0.5024217 0.735924 0.4538592 0.4625473 0.7616175 0.4538598 0.4213558 0.7851565 0.4538595 0.3789733 0.8064682 0.4538592 0.335509 0.8254977 0.4538582 0.2911069 0.8421804 0.45386 0.2458629 0.8564833 0.4538587 0.1999326 0.8683537 0.4538599 0.1534353 0.8777639 0.4538591 0.1065003 0.8846867 0.453858 0.05926793 0.8891005 0.4538586 0.01186064 0.8909944 0.4538593 -0.03557719 0.890363 0.4538589 -0.08290993 0.8872073 0.4538602 -0.1300142 0.881537 0.4538598 -0.17675 0.8733686 0.4538575 -0.2229781 0.8627239 0.4538592 -0.2685775 0.8496337 0.4538597 -0.3134206 0.8341344 0.4538582 -0.3573698 0.8162719 0.4538579 -0.4003054 0.7960956 0.4538582 -0.4421048 0.7736628 0.4538604 -0.4826612 0.7490333 0.4538581 -0.5218378 0.7222861 0.4538591 -0.5595413 0.6934887 0.4538579 -0.5956566 0.6627262 0.4538582 -0.6300845 0.6300845 0.4538583 -0.6627263 0.5956566 0.453858 -0.6934883 0.5595409 0.453859 -0.7222865 0.521838 0.4538583 -0.7490324 0.4826605 0.4538603 -0.7736637 0.4421054 0.4538583 -0.7960958 0.4003056 0.4538579 -0.8162718 0.3573698 0.4538582 -0.8341338 0.3134203 0.4538597 -0.849634 0.2685776 0.4538593 -0.8627247 0.2229784 0.4538575 -0.8733675 0.1767498 0.4538599 -0.8815368 0.1300141 0.4538603 -0.887208 0.08291 0.4538589 -0.8903629 0.03557718 0.4538593 -0.8909947 -0.01186064 0.4538586 -0.8891008 -0.05926795 0.453858 -0.8846861 -0.1065003 0.4538592 -0.8777635 -0.1534352 0.4538599 -0.8683543 -0.1999327 0.4538586 -0.8564826 -0.2458627 0.45386 -0.8421813 -0.2911072 0.4538582 -0.8254972 -0.3355088 0.4538592 -0.8064681 -0.3789733 0.4538595 -0.7851564 -0.4213558 0.4538597 -0.7616177 -0.4625476 0.4538592 -0.7359233 -0.5024213 0.4538608 -0.7081358 -0.5408841 0.453859 -0.6783464 -0.5778047 0.4538588 -0.6466345 -0.6130863 0.4538603 -0.631481 -0.6660296 0.3970344 -0.5951374 -0.6986957 0.3970337 -0.5571054 -0.7293817 0.3970339 -0.5174976 -0.7579985 0.3970321 -0.4764217 -0.7844658 0.3970336 -0.4339966 -0.8087099 0.397033 -0.3903425 -0.8306603 0.3970344 -0.3455762 -0.8502595 0.3970337 -0.2998349 -0.8674459 0.3970348 -0.2532418 -0.882175 0.3970338 -0.2059273 -0.8944045 0.3970321 -0.1580402 -0.9040952 0.397033 -0.1096982 -0.9112247 0.3970338 -0.06104438 -0.9157713 0.3970346 -0.01221455 -0.9177225 0.3970342 0.03664343 -0.9170723 0.3970336 0.08540056 -0.9138222 0.3970337 0.1339132 -0.907982 0.3970338 0.1820456 -0.899568 0.3970349 0.2296716 -0.888603 0.3970338 0.2766357 -0.8751209 0.3970342 0.3228185 -0.8591571 0.3970358 0.3680892 -0.8407579 0.3970346 0.4123147 -0.8199763 0.397033 0.4553724 -0.796869 0.3970337 0.4971347 -0.7715058 0.3970339 0.537494 -0.7439523 0.3970329 0.5763232 -0.7142931 0.3970353 0.6135255 -0.6826059 0.3970335 0.6489855 -0.6489855 0.3970335 0.6826054 -0.613525 0.3970353 0.7142938 -0.5763239 0.3970329 0.743952 -0.5374938 0.3970338 0.7715058 -0.4971348 0.3970337 0.7968693 -0.4553725 0.3970329 0.8199758 -0.4123144 0.3970346 0.8407574 -0.368089 0.3970358 0.8591577 -0.3228187 0.3970342 0.8751211 -0.2766357 0.3970337 0.8886025 -0.2296715 0.3970349 0.8995685 -0.1820457 0.3970339 0.9079821 -0.1339132 0.3970336 0.9138222 -0.08540056 0.3970337 0.917072 -0.03664342 0.3970341 0.9177223 0.01221455 0.3970346 0.9157717 0.06104431 0.3970338 0.911225 0.1096983 0.3970331 0.9040955 0.1580402 0.3970321 0.8944038 0.2059271 0.3970337 0.8821746 0.2532417 0.3970348 0.8674464 0.299835 0.3970337 0.8502593 0.345576 0.3970345 0.8306607 0.3903428 0.397033 0.8087097 0.4339965 0.3970336 0.7844665 0.4764221 0.3970321 0.7579979 0.5174972 0.3970338 0.7293817 0.5571055 0.3970337 0.6986955 0.5951372 0.3970344 0.6660299 0.6314813 0.3970334 0.631481 0.6660296 0.3970344 0.5951374 0.6986957 0.3970337 0.5571054 0.7293817 0.3970339 0.5174976 0.7579985 0.3970321 0.4764217 0.7844658 0.3970336 0.4339966 0.8087099 0.397033 0.3903425 0.8306603 0.3970344 0.3455762 0.8502595 0.3970337 0.2998349 0.8674459 0.3970348 0.2532418 0.882175 0.3970338 0.2059273 0.8944045 0.3970321 0.1580402 0.9040952 0.397033 0.1096982 0.9112247 0.3970338 0.06104438 0.9157713 0.3970346 0.01221455 0.9177225 0.3970342 -0.03664343 0.9170723 0.3970336 -0.08540056 0.9138222 0.3970337 -0.1339132 0.907982 0.3970338 -0.1820456 0.899568 0.3970349 -0.2296716 0.888603 0.3970338 -0.2766357 0.8751209 0.3970342 -0.3228185 0.8591571 0.3970358 -0.3680892 0.8407579 0.3970346 -0.4123147 0.8199763 0.397033 -0.4553724 0.796869 0.3970337 -0.4971347 0.7715058 0.3970339 -0.537494 0.7439523 0.3970329 -0.5763232 0.7142931 0.3970353 -0.6135255 0.6826059 0.3970335 -0.6489855 0.6489855 0.3970335 -0.6826054 0.613525 0.3970353 -0.7142938 0.5763239 0.3970329 -0.743952 0.5374938 0.3970338 -0.7715058 0.4971348 0.3970337 -0.7968693 0.4553725 0.3970329 -0.8199758 0.4123144 0.3970346 -0.8407574 0.368089 0.3970358 -0.8591577 0.3228187 0.3970342 -0.8751211 0.2766357 0.3970337 -0.8886025 0.2296715 0.3970349 -0.8995685 0.1820457 0.3970339 -0.9079821 0.1339132 0.3970336 -0.9138222 0.08540056 0.3970337 -0.917072 0.03664342 0.3970341 -0.9177223 -0.01221455 0.3970346 -0.9157717 -0.06104431 0.3970338 -0.911225 -0.1096983 0.3970331 -0.9040955 -0.1580402 0.3970321 -0.8944038 -0.2059271 0.3970337 -0.8821746 -0.2532417 0.3970348 -0.8674464 -0.299835 0.3970337 -0.8502593 -0.345576 0.3970345 -0.8306607 -0.3903428 0.397033 -0.8087097 -0.4339965 0.3970336 -0.7844665 -0.4764221 0.3970321 -0.7579979 -0.5174972 0.3970338 -0.7293817 -0.5571055 0.3970337 -0.6986955 -0.5951372 0.3970344 -0.6660299 -0.6314813 0.3970334 -0.6473838 -0.6828064 0.338629 -0.6101278 -0.7162911 0.3386311 -0.5711362 -0.7477523 0.3386294 -0.5305348 -0.777086 0.33863 -0.4884173 -0.8042257 0.3386288 -0.4449289 -0.8290771 0.3386289 -0.4001703 -0.8515831 0.3386295 -0.3542818 -0.8716733 0.3386298 -0.3073838 -0.8892952 0.3386284 -0.2596226 -0.9043923 0.3386303 -0.211118 -0.9169294 0.3386293 -0.1620181 -0.9268658 0.3386296 -0.112459 -0.9341756 0.338628 -0.06257959 -0.9388366 0.338629 -0.01252347 -0.9408366 0.3386288 0.03756506 -0.9401702 0.3386279 0.08755155 -0.9368376 0.3386297 0.1372866 -0.9308508 0.3386285 0.1866335 -0.9222242 0.3386302 0.2354529 -0.9109839 0.33863 0.2836044 -0.8971619 0.3386285 0.3309535 -0.8807955 0.3386282 0.3773571 -0.8619353 0.3386284 0.422695 -0.8406296 0.3386307 0.4668431 -0.8169376 0.3386303 0.509656 -0.7909364 0.3386303 0.5510288 -0.7626906 0.3386301 0.590844 -0.7322795 0.3386299 0.628974 -0.699801 0.33863 0.6653306 -0.6653306 0.3386301 0.6998011 -0.6289739 0.33863 0.7322794 -0.5908439 0.3386301 0.7626905 -0.5510288 0.3386303 0.7909364 -0.509656 0.3386303 0.8169375 -0.4668429 0.3386308 0.8406304 -0.4226954 0.3386284 0.8619353 -0.3773571 0.3386282 0.8807955 -0.3309535 0.3386285 0.8971613 -0.2836042 0.3386299 0.9109838 -0.2354529 0.3386303 0.9222248 -0.1866336 0.3386286 0.9308503 -0.1372865 0.3386297 0.9368383 -0.08755162 0.338628 0.9401698 -0.03756505 0.3386288 0.9408367 0.01252347 0.338629 0.938837 0.06257958 0.3386279 0.934175 0.1124589 0.3386296 0.9268658 0.1620181 0.3386292 0.916929 0.2111178 0.3386303 0.904393 0.2596228 0.3386284 0.8892948 0.3073837 0.3386299 0.8716735 0.3542818 0.3386295 0.8515833 0.4001704 0.3386289 0.8290771 0.4449289 0.3386288 0.8042254 0.488417 0.3386301 0.7770861 0.5305349 0.3386294 0.7477518 0.5711359 0.3386311 0.7162918 0.6101283 0.338629 0.6828066 0.6473839 0.3386283 0.6473838 0.6828064 0.338629 0.6101278 0.7162911 0.3386311 0.5711362 0.7477523 0.3386294 0.5305348 0.777086 0.33863 0.4884173 0.8042257 0.3386288 0.4449289 0.8290771 0.3386289 0.4001703 0.8515831 0.3386295 0.3542818 0.8716733 0.3386298 0.3073838 0.8892952 0.3386284 0.2596226 0.9043923 0.3386303 0.211118 0.9169294 0.3386293 0.1620181 0.9268658 0.3386296 0.112459 0.9341756 0.338628 0.06257959 0.9388366 0.338629 0.01252347 0.9408366 0.3386288 -0.03756506 0.9401702 0.3386279 -0.08755155 0.9368376 0.3386297 -0.1372866 0.9308508 0.3386285 -0.1866335 0.9222242 0.3386302 -0.2354529 0.9109839 0.33863 -0.2836044 0.8971619 0.3386285 -0.3309535 0.8807955 0.3386282 -0.3773571 0.8619353 0.3386284 -0.422695 0.8406296 0.3386307 -0.4668431 0.8169376 0.3386303 -0.509656 0.7909364 0.3386303 -0.5510288 0.7626906 0.3386301 -0.590844 0.7322795 0.3386299 -0.628974 0.699801 0.33863 -0.6653306 0.6653306 0.3386301 -0.6998011 0.6289739 0.33863 -0.7322794 0.5908439 0.3386301 -0.7626905 0.5510288 0.3386303 -0.7909364 0.509656 0.3386303 -0.8169375 0.4668429 0.3386308 -0.8406304 0.4226954 0.3386284 -0.8619353 0.3773571 0.3386282 -0.8807955 0.3309535 0.3386285 -0.8971613 0.2836042 0.3386299 -0.9109838 0.2354529 0.3386303 -0.9222248 0.1866336 0.3386286 -0.9308503 0.1372865 0.3386297 -0.9368383 0.08755162 0.338628 -0.9401698 0.03756505 0.3386288 -0.9408367 -0.01252347 0.338629 -0.938837 -0.06257958 0.3386279 -0.934175 -0.1124589 0.3386296 -0.9268658 -0.1620181 0.3386292 -0.916929 -0.2111178 0.3386303 -0.904393 -0.2596228 0.3386284 -0.8892948 -0.3073837 0.3386299 -0.8716735 -0.3542818 0.3386295 -0.8515833 -0.4001704 0.3386289 -0.8290771 -0.4449289 0.3386288 -0.8042254 -0.488417 0.3386301 -0.7770861 -0.5305349 0.3386294 -0.7477518 -0.5711359 0.3386311 -0.7162918 -0.6101283 0.338629 -0.6828066 -0.6473839 0.3386283 -0.6607305 -0.6968862 0.2788996 -0.6227036 -0.7310645 0.2788996 -0.5829161 -0.7631668 0.2788999 -0.5414721 -0.7931091 0.2789015 -0.4984904 -0.8208054 0.2789012 -0.4541023 -0.8461711 0.2789008 -0.4084194 -0.8691418 0.2789017 -0.3615857 -0.8896461 0.278901 -0.3137252 -0.9076291 0.2789013 -0.2649704 -0.9230414 0.2789003 -0.2154737 -0.9358341 0.2789006 -0.1653577 -0.9459763 0.2789008 -0.1147824 -0.9534351 0.2789021 -0.06386667 -0.958194 0.2789004 -0.01278212 -0.9602349 0.2789007 0.03833689 -0.9595541 0.2789016 0.08936189 -0.9561531 0.2789009 0.1401137 -0.9500433 0.2789009 0.1904865 -0.9412383 0.2789002 0.2403069 -0.9297673 0.2789005 0.2894476 -0.9156604 0.2789016 0.3377765 -0.8989559 0.2789003 0.3851377 -0.8797061 0.2789014 0.4314165 -0.8579597 0.2788998 0.4764676 -0.8337826 0.2789002 0.5201643 -0.8072448 0.2788996 0.5623896 -0.7784165 0.278901 0.6030261 -0.7473784 0.2788994 0.6419426 -0.7142299 0.2789002 0.6790488 -0.6790488 0.2789002 0.7142302 -0.6419427 0.2788993 0.7473781 -0.6030259 0.278901 0.7784168 -0.5623898 0.2788995 0.8072446 -0.5201643 0.2789001 0.8337827 -0.4764676 0.2788997 0.8579592 -0.4314162 0.2789014 0.8797064 -0.3851379 0.2789002 0.8989556 -0.3377763 0.2789016 0.9156607 -0.2894477 0.2789006 0.9297674 -0.2403069 0.2789002 0.9412381 -0.1904864 0.2789009 0.9500433 -0.1401137 0.2789009 0.9561529 -0.08936182 0.2789016 0.9595544 -0.03833691 0.2789008 0.9602349 0.01278212 0.2789003 0.9581934 0.06386669 0.2789021 0.9534355 0.1147824 0.2789008 0.9459764 0.1653577 0.2789006 0.9358342 0.2154737 0.2789003 0.923041 0.2649702 0.2789013 0.9076292 0.3137252 0.278901 0.8896459 0.3615856 0.2789017 0.8691421 0.4084196 0.2789007 0.8461709 0.4541022 0.2789012 0.8208053 0.4984903 0.2789015 0.7931094 0.5414723 0.2788999 0.7631669 0.5829161 0.2788996 0.7310644 0.6227036 0.2788995 0.6968855 0.6607298 0.2789026 0.6607305 0.6968862 0.2788996 0.6227036 0.7310645 0.2788996 0.5829161 0.7631668 0.2788999 0.5414721 0.7931091 0.2789015 0.4984904 0.8208054 0.2789012 0.4541023 0.8461711 0.2789008 0.4084194 0.8691418 0.2789017 0.3615857 0.8896461 0.278901 0.3137252 0.9076291 0.2789013 0.2649704 0.9230414 0.2789003 0.2154737 0.9358341 0.2789006 0.1653577 0.9459763 0.2789008 0.1147824 0.9534351 0.2789021 0.06386667 0.958194 0.2789004 0.01278212 0.9602349 0.2789007 -0.03833689 0.9595541 0.2789016 -0.08936189 0.9561531 0.2789009 -0.1401137 0.9500433 0.2789009 -0.1904865 0.9412383 0.2789002 -0.2403069 0.9297673 0.2789005 -0.2894476 0.9156604 0.2789016 -0.3377765 0.8989559 0.2789003 -0.3851377 0.8797061 0.2789014 -0.4314165 0.8579597 0.2788998 -0.4764676 0.8337826 0.2789002 -0.5201643 0.8072448 0.2788996 -0.5623896 0.7784165 0.278901 -0.6030261 0.7473784 0.2788994 -0.6419426 0.7142299 0.2789002 -0.6790488 0.6790488 0.2789002 -0.7142302 0.6419427 0.2788993 -0.7473781 0.6030259 0.278901 -0.7784168 0.5623898 0.2788995 -0.8072446 0.5201643 0.2789001 -0.8337827 0.4764676 0.2788997 -0.8579592 0.4314162 0.2789014 -0.8797064 0.3851379 0.2789002 -0.8989556 0.3377763 0.2789016 -0.9156607 0.2894477 0.2789006 -0.9297674 0.2403069 0.2789002 -0.9412381 0.1904864 0.2789009 -0.9500433 0.1401137 0.2789009 -0.9561529 0.08936182 0.2789016 -0.9595544 0.03833691 0.2789008 -0.9602349 -0.01278212 0.2789003 -0.9581934 -0.06386669 0.2789021 -0.9534355 -0.1147824 0.2789008 -0.9459764 -0.1653577 0.2789006 -0.9358342 -0.2154737 0.2789003 -0.923041 -0.2649702 0.2789013 -0.9076292 -0.3137252 0.278901 -0.8896459 -0.3615856 0.2789017 -0.8691421 -0.4084196 0.2789007 -0.8461709 -0.4541022 0.2789012 -0.8208053 -0.4984903 0.2789015 -0.7931094 -0.5414723 0.2788999 -0.7631669 -0.5829161 0.2788996 -0.7310644 -0.6227036 0.2788995 -0.6968855 -0.6607298 0.2789026 -0.6714793 -0.7082102 0.2180686 -0.6328275 -0.7429506 0.2180687 -0.5923928 -0.7755752 0.2180685 -0.550272 -0.8060067 0.218069 -0.5065958 -0.8341503 0.2180683 -0.4614866 -0.859928 0.2180689 -0.4150576 -0.8832748 0.2180659 -0.3674664 -0.9041101 0.2180671 -0.318825 -0.9223865 0.2180679 -0.2692814 -0.9380479 0.2180677 -0.2189763 -0.9510499 0.2180676 -0.1680454 -0.9613569 0.2180679 -0.1166446 -0.9689377 0.218068 -0.06491014 -0.9737725 0.2180684 -0.01298894 -0.975847 0.2180686 0.03896264 -0.9751554 0.2180685 0.09081276 -0.9716995 0.218067 0.142392 -0.9654899 0.218068 0.1935815 -0.9565423 0.2180667 0.2442149 -0.9448841 0.2180671 0.2941563 -0.9305471 0.2180693 0.3432648 -0.9135731 0.2180676 0.3914026 -0.8940079 0.2180683 0.4384263 -0.8719109 0.2180682 0.4842153 -0.8473382 0.2180679 0.52862 -0.8203701 0.2180685 0.571537 -0.7910704 0.2180666 0.6128268 -0.7595327 0.2180675 0.6523815 -0.7258406 0.2180684 0.6900892 -0.6900892 0.2180684 0.7258407 -0.6523817 0.2180675 0.7595329 -0.6128269 0.2180665 0.79107 -0.5715367 0.2180685 0.8203702 -0.52862 0.218068 0.8473381 -0.4842153 0.2180682 0.8719109 -0.4384263 0.2180682 0.894008 -0.3914028 0.2180676 0.9135727 -0.3432647 0.2180693 0.9305475 -0.2941564 0.2180671 0.9448842 -0.2442149 0.2180667 0.956542 -0.1935814 0.218068 0.9654902 -0.142392 0.218067 0.9716992 -0.09081274 0.2180685 0.9751554 -0.03896264 0.2180686 0.975847 0.01298894 0.2180684 0.9737725 0.0649102 0.2180681 0.9689377 0.1166447 0.2180679 0.9613571 0.1680455 0.2180677 0.9510498 0.2189763 0.2180678 0.9380479 0.2692814 0.218068 0.9223867 0.3188251 0.2180672 0.9041104 0.3674665 0.2180659 0.8832743 0.4150574 0.2180689 0.8599281 0.4614867 0.2180683 0.8341503 0.5065958 0.218069 0.8060067 0.550272 0.2180686 0.7755752 0.5923928 0.2180686 0.7429506 0.6328275 0.2180687 0.7082106 0.6714795 0.2180666 0.6714793 0.7082102 0.2180686 0.6328275 0.7429506 0.2180687 0.5923928 0.7755752 0.2180685 0.550272 0.8060067 0.218069 0.5065958 0.8341503 0.2180683 0.4614866 0.859928 0.2180689 0.4150576 0.8832748 0.2180659 0.3674664 0.9041101 0.2180671 0.318825 0.9223865 0.2180679 0.2692814 0.9380479 0.2180677 0.2189763 0.9510499 0.2180676 0.1680454 0.9613569 0.2180679 0.1166446 0.9689377 0.218068 0.06491014 0.9737725 0.2180684 0.01298894 0.975847 0.2180686 -0.03896264 0.9751554 0.2180685 -0.09081276 0.9716995 0.218067 -0.142392 0.9654899 0.218068 -0.1935815 0.9565423 0.2180667 -0.2442149 0.9448841 0.2180671 -0.2941563 0.9305471 0.2180693 -0.3432648 0.9135731 0.2180676 -0.3914026 0.8940079 0.2180683 -0.4384263 0.8719109 0.2180682 -0.4842153 0.8473382 0.2180679 -0.52862 0.8203701 0.2180685 -0.571537 0.7910704 0.2180666 -0.6128268 0.7595327 0.2180675 -0.6523815 0.7258406 0.2180684 -0.6900892 0.6900892 0.2180684 -0.7258407 0.6523817 0.2180675 -0.7595329 0.6128269 0.2180665 -0.79107 0.5715367 0.2180685 -0.8203702 0.52862 0.218068 -0.8473381 0.4842153 0.2180682 -0.8719109 0.4384263 0.2180682 -0.894008 0.3914028 0.2180676 -0.9135727 0.3432647 0.2180693 -0.9305475 0.2941564 0.2180671 -0.9448842 0.2442149 0.2180667 -0.956542 0.1935814 0.218068 -0.9654902 0.142392 0.218067 -0.9716992 0.09081274 0.2180685 -0.9751554 0.03896264 0.2180686 -0.975847 -0.01298894 0.2180684 -0.9737725 -0.0649102 0.2180681 -0.9689377 -0.1166447 0.2180679 -0.9613571 -0.1680455 0.2180677 -0.9510498 -0.2189763 0.2180678 -0.9380479 -0.2692814 0.218068 -0.9223867 -0.3188251 0.2180672 -0.9041104 -0.3674665 0.2180659 -0.8832743 -0.4150574 0.2180689 -0.8599281 -0.4614867 0.2180683 -0.8341503 -0.5065958 0.218069 -0.8060067 -0.550272 0.2180686 -0.7755752 -0.5923928 0.2180686 -0.7429506 -0.6328275 0.2180687 -0.7082106 -0.6714795 0.2180666 -0.6795688 -0.7167508 0.1563794 -0.6404556 -0.751906 0.1563777 -0.5995335 -0.7849236 0.1563797 -0.5569039 -0.8157229 0.1563787 -0.5127039 -0.8442038 0.15638 -0.4670475 -0.870294 0.1563811 -0.420068 -0.8939168 0.1563827 -0.3718923 -0.9150087 0.1563818 -0.3226657 -0.9335052 0.1563803 -0.2725281 -0.9493543 0.1563807 -0.2216161 -0.9625127 0.1563829 -0.1700701 -0.9729446 0.1563808 -0.1180505 -0.9806167 0.1563804 -0.06569164 -0.9855099 0.1563804 -0.01314474 -0.9876093 0.1563805 0.03943202 -0.9869096 0.1563797 0.09190279 -0.983412 0.1563805 0.1441111 -0.9771268 0.1563812 0.1959109 -0.968072 0.1563823 0.2471595 -0.9562723 0.1563821 0.2977082 -0.9417618 0.1563791 0.3473975 -0.9245865 0.1563807 0.3961221 -0.9047829 0.1563814 0.4437112 -0.8824203 0.1563807 0.4900512 -0.8575519 0.15638 0.5349929 -0.8302575 0.1563813 0.5784211 -0.8006085 0.1563808 0.6202154 -0.7686858 0.1563809 0.660247 -0.7345877 0.1563808 0.6984072 -0.6984071 0.1563808 0.7345877 -0.6602468 0.156381 0.7686858 -0.6202154 0.1563809 0.8006085 -0.5784211 0.1563813 0.8302575 -0.534993 0.1563799 0.8575518 -0.4900511 0.1563807 0.8824201 -0.4437111 0.1563814 0.904783 -0.3961222 0.1563807 0.9245867 -0.3473976 0.156379 0.9417614 -0.2977081 0.1563821 0.9562723 -0.2471596 0.1563823 0.9680722 -0.195911 0.1563813 0.977127 -0.1441111 0.1563806 0.9834121 -0.09190284 0.1563797 0.9869094 -0.03943207 0.1563804 0.9876093 0.01314474 0.1563805 0.9855099 0.06569164 0.1563804 0.9806167 0.1180505 0.1563807 0.9729443 0.1700701 0.1563829 0.962513 0.2216161 0.1563807 0.9493544 0.2725281 0.1563804 0.933505 0.3226657 0.1563817 0.9150085 0.3718922 0.1563827 0.8939171 0.4200681 0.1563811 0.8702941 0.4670476 0.15638 0.844204 0.512704 0.1563786 0.8157227 0.5569037 0.1563797 0.7849238 0.5995338 0.1563777 0.7519058 0.6404554 0.1563794 0.7167508 0.6795688 0.1563799 0.6795688 0.7167508 0.1563794 0.6404556 0.751906 0.1563777 0.5995335 0.7849236 0.1563797 0.5569039 0.8157229 0.1563787 0.5127039 0.8442038 0.15638 0.4670475 0.870294 0.1563811 0.420068 0.8939168 0.1563827 0.3718923 0.9150087 0.1563818 0.3226657 0.9335052 0.1563803 0.2725281 0.9493543 0.1563807 0.2216161 0.9625127 0.1563829 0.1700701 0.9729446 0.1563808 0.1180505 0.9806167 0.1563804 0.06569164 0.9855099 0.1563804 0.01314474 0.9876093 0.1563805 -0.03943202 0.9869096 0.1563797 -0.09190279 0.983412 0.1563805 -0.1441111 0.9771268 0.1563812 -0.1959109 0.968072 0.1563823 -0.2471595 0.9562723 0.1563821 -0.2977082 0.9417618 0.1563791 -0.3473975 0.9245865 0.1563807 -0.3961221 0.9047829 0.1563814 -0.4437112 0.8824203 0.1563807 -0.4900512 0.8575519 0.15638 -0.5349929 0.8302575 0.1563813 -0.5784211 0.8006085 0.1563808 -0.6202154 0.7686858 0.1563809 -0.660247 0.7345877 0.1563808 -0.6984072 0.6984071 0.1563808 -0.7345877 0.6602468 0.156381 -0.7686858 0.6202154 0.1563809 -0.8006085 0.5784211 0.1563813 -0.8302575 0.534993 0.1563799 -0.8575518 0.4900511 0.1563807 -0.8824201 0.4437111 0.1563814 -0.904783 0.3961222 0.1563807 -0.9245867 0.3473976 0.156379 -0.9417614 0.2977081 0.1563821 -0.9562723 0.2471596 0.1563823 -0.9680722 0.195911 0.1563813 -0.977127 0.1441111 0.1563806 -0.9834121 0.09190284 0.1563797 -0.9869094 0.03943207 0.1563804 -0.9876093 -0.01314474 0.1563805 -0.9855099 -0.06569164 0.1563804 -0.9806167 -0.1180505 0.1563807 -0.9729443 -0.1700701 0.1563829 -0.962513 -0.2216161 0.1563807 -0.9493544 -0.2725281 0.1563804 -0.933505 -0.3226657 0.1563817 -0.9150085 -0.3718922 0.1563827 -0.8939171 -0.4200681 0.1563811 -0.8702941 -0.4670476 0.15638 -0.844204 -0.512704 0.1563786 -0.8157227 -0.5569037 0.1563797 -0.7849238 -0.5995338 0.1563777 -0.7519058 -0.6404554 0.1563794 -0.7167508 -0.6795688 0.1563799 -0.6849834 -0.7224595 0.09407489 -0.645561 -0.7578921 0.09407715 -0.6043047 -0.7911799 0.09407591 -0.5613427 -0.8222191 0.09407557 -0.5167847 -0.850931 0.09407374 -0.4707655 -0.8772285 0.09407452 -0.4234104 -0.9010404 0.09407443 -0.3748573 -0.922297 0.09407574 -0.3252399 -0.9409403 0.09407596 -0.2746982 -0.9569175 0.09407455 -0.2233755 -0.9701821 0.09407435 -0.171431 -0.9806943 0.09407581 -0.1189919 -0.9884285 0.09407474 -0.06621478 -0.9933608 0.09407471 -0.01324945 -0.9954771 0.09407406 0.03974412 -0.9947714 0.09407599 0.09263733 -0.9912457 0.09407575 0.1452611 -0.9849107 0.0940749 0.1974748 -0.9757838 0.09407344 0.2491282 -0.9638907 0.09407391 0.3000712 -0.9492667 0.09407485 0.3501694 -0.9319501 0.094076 0.39928 -0.9119899 0.09407353 0.447244 -0.8894508 0.09407414 0.4939529 -0.8643845 0.09407427 0.5392582 -0.8368697 0.09407379 0.5830278 -0.806987 0.09407652 0.6251562 -0.7748092 0.09407596 0.6655063 -0.7404398 0.09407519 0.7039708 -0.7039708 0.09407523 0.7404398 -0.6655063 0.09407596 0.7748092 -0.6251561 0.09407648 0.8069872 -0.583028 0.09407375 0.8368696 -0.5392582 0.09407423 0.8643845 -0.4939529 0.0940741 0.8894509 -0.447244 0.09407358 0.9119897 -0.3992799 0.09407595 0.9319502 -0.3501694 0.09407496 0.9492668 -0.3000712 0.09407388 0.9638907 -0.2491283 0.09407342 0.9757836 -0.1974747 0.09407497 0.9849106 -0.1452611 0.09407574 0.9912457 -0.09263733 0.09407606 0.9947715 -0.03974416 0.09407405 0.995477 0.01324945 0.0940747 0.9933608 0.0662148 0.09407476 0.9884284 0.1189919 0.09407583 0.9806944 0.171431 0.09407428 0.9701821 0.2233755 0.09407445 0.9569172 0.2746981 0.09407584 0.9409404 0.3252399 0.09407573 0.9222971 0.3748574 0.09407446 0.9010403 0.4234103 0.09407461 0.8772286 0.4707655 0.09407376 0.8509309 0.5167846 0.09407558 0.822219 0.5613427 0.0940759 0.7911798 0.6043046 0.09407713 0.7578923 0.6455611 0.09407492 0.7224594 0.6849833 0.09407596 0.6849834 0.7224595 0.09407489 0.645561 0.7578921 0.09407715 0.6043047 0.7911799 0.09407591 0.5613427 0.8222191 0.09407557 0.5167847 0.850931 0.09407374 0.4707655 0.8772285 0.09407452 0.4234104 0.9010404 0.09407443 0.3748573 0.922297 0.09407574 0.3252399 0.9409403 0.09407596 0.2746982 0.9569175 0.09407455 0.2233755 0.9701821 0.09407435 0.171431 0.9806943 0.09407581 0.1189919 0.9884285 0.09407474 0.06621478 0.9933608 0.09407471 0.01324945 0.9954771 0.09407406 -0.03974412 0.9947714 0.09407599 -0.09263733 0.9912457 0.09407575 -0.1452611 0.9849107 0.0940749 -0.1974748 0.9757838 0.09407344 -0.2491282 0.9638907 0.09407391 -0.3000712 0.9492667 0.09407485 -0.3501694 0.9319501 0.094076 -0.39928 0.9119899 0.09407353 -0.447244 0.8894508 0.09407414 -0.4939529 0.8643845 0.09407427 -0.5392582 0.8368697 0.09407379 -0.5830278 0.806987 0.09407652 -0.6251562 0.7748092 0.09407596 -0.6655063 0.7404398 0.09407519 -0.7039708 0.7039708 0.09407523 -0.7404398 0.6655063 0.09407596 -0.7748092 0.6251561 0.09407648 -0.8069872 0.583028 0.09407375 -0.8368696 0.5392582 0.09407423 -0.8643845 0.4939529 0.0940741 -0.8894509 0.447244 0.09407358 -0.9119897 0.3992799 0.09407595 -0.9319502 0.3501694 0.09407496 -0.9492668 0.3000712 0.09407388 -0.9638907 0.2491283 0.09407342 -0.9757836 0.1974747 0.09407497 -0.9849106 0.1452611 0.09407574 -0.9912457 0.09263733 0.09407606 -0.9947715 0.03974416 0.09407405 -0.995477 -0.01324945 0.0940747 -0.9933608 -0.0662148 0.09407476 -0.9884284 -0.1189919 0.09407583 -0.9806944 -0.171431 0.09407428 -0.9701821 -0.2233755 0.09407445 -0.9569172 -0.2746981 0.09407584 -0.9409404 -0.3252399 0.09407573 -0.9222971 -0.3748574 0.09407446 -0.9010403 -0.4234103 0.09407461 -0.8772286 -0.4707655 0.09407376 -0.8509309 -0.5167846 0.09407558 -0.822219 -0.5613427 0.0940759 -0.7911798 -0.6043046 0.09407713 -0.7578923 -0.6455611 0.09407492 -0.7224594 -0.6849833 0.09407596 -0.6876978 -0.7253178 0.0314 -0.6481121 -0.7608974 0.03140023 -0.6067011 -0.7943097 0.03140002 -0.563566 -0.825474 0.03139985 -0.5188355 -0.8542972 0.0313994 -0.4726302 -0.8807012 0.03140111 -0.4250892 -0.9046066 0.03140027 -0.3763422 -0.9259485 0.03139951 -0.3265237 -0.9446674 0.0313983 -0.2757895 -0.960705 0.03139957 -0.2242748 -0.9740198 0.03140182 -0.1721082 -0.9845775 0.03139982 -0.1194631 -0.992342 0.03139886 -0.06644665 -0.9972958 0.03139988 -0.01330119 -0.9994184 0.03140022 0.03990181 -0.99871 0.03140113 0.09300321 -0.9951705 0.03139992 0.1458338 -0.9888107 0.03139911 0.1982557 -0.9796472 0.03139985 0.250116 -0.9677065 0.03140072 0.3012605 -0.9530247 0.03140033 0.3515567 -0.9356399 0.03139964 0.4008594 -0.9156013 0.03139892 0.449012 -0.8929738 0.03140081 0.495909 -0.8678065 0.03140061 0.5413922 -0.8401836 0.03139979 0.58536 -0.8101653 0.03139998 0.6276302 -0.777878 0.03139926 0.6681446 -0.7433686 0.03139954 0.7067581 -0.7067581 0.0314004 0.743373 -0.6681396 0.03140039 0.777882 -0.6276253 0.03139957 0.8101775 -0.585343 0.03139922 0.8401836 -0.5413922 0.03140002 0.8678127 -0.4958984 0.03139978 0.892972 -0.4490155 0.03140053 0.9155993 -0.4008638 0.03140086 0.9356391 -0.3515587 0.03139889 0.9530243 -0.301262 0.03139967 0.9677072 -0.2501135 0.03140031 0.9796474 -0.1982547 0.03140073 0.9888106 -0.1458342 0.03139987 0.9951708 -0.09300091 0.03139914 0.9987101 -0.03990375 0.03139994 0.9994183 0.01330479 0.03140109 0.9972938 0.06647705 0.03140021 0.9923416 0.1194662 0.03139993 0.9845791 0.172099 0.03139882 0.974022 0.2242661 0.03139975 0.9607065 0.2757841 0.0314018 0.9446662 0.326527 0.03139951 0.9259502 0.3763381 0.03139828 0.904607 0.4250885 0.03139954 0.8807018 0.4726293 0.03140038 0.8542998 0.5188311 0.03140113 0.8254604 0.5635861 0.03139938 0.7943103 0.6067002 0.03139983 0.7608939 0.6481161 0.03140002 0.7253178 0.6876978 0.03140023 0.6876973 0.7253183 0.03140001 0.6481047 0.7609037 0.03140022 0.6067007 0.79431 0.03140002 0.5635658 0.8254742 0.03139985 0.5188355 0.8542972 0.0313994 0.4726273 0.8807027 0.0314011 0.4250898 0.9046063 0.03140027 0.3763414 0.9259488 0.03139951 0.3265237 0.9446674 0.0313983 0.2757785 0.9607082 0.03139956 0.2242602 0.9740233 0.03140181 0.1721106 0.9845771 0.03139982 0.1194631 0.992342 0.03139886 0.06647614 0.9972939 0.03139991 0.01329627 0.9994184 0.03140021 -0.03990725 0.9987099 0.03140112 -0.09300321 0.9951705 0.03139992 -0.1458767 0.9888044 0.03139908 -0.1982547 0.9796475 0.03139986 -0.2501155 0.9677067 0.03140073 -0.3012601 0.9530248 0.03140033 -0.3515567 0.9356399 0.03139964 -0.4008485 0.9156061 0.03139893 -0.4490162 0.8929717 0.03140082 -0.4959077 0.8678073 0.03140061 -0.5413927 0.8401832 0.03139978 -0.5853412 0.8101789 0.03140001 -0.6276359 0.7778736 0.03139925 -0.6681396 0.743373 0.03139954 -0.706758 0.706758 0.0314004 -0.7433864 0.6681248 0.03140039 -0.7778775 0.627631 0.03139958 -0.8101828 0.5853357 0.03139921 -0.8401832 0.5413927 0.03140002 -0.8678078 0.495907 0.03139979 -0.8929695 0.4490207 0.03140054 -0.9156036 0.4008542 0.03140084 -0.9356391 0.3515587 0.03139889 -0.9530303 0.3012433 0.03139966 -0.9677066 0.250116 0.03140031 -0.9796475 0.198254 0.03140073 -0.9888104 0.1458361 0.03139987 -0.9951708 0.09300091 0.03139914 -0.9987098 0.03990906 0.03139993 -0.9994183 -0.0133038 0.03140109 -0.9972936 -0.06647981 0.03140021 -0.9923416 -0.1194662 0.03139993 -0.984578 -0.1721053 0.03139881 -0.9740239 -0.2242578 0.03139976 -0.9607068 -0.2757831 0.03140181 -0.9446674 -0.3265237 0.03139951 -0.9259509 -0.3763363 0.03139829 -0.9046075 -0.4250873 0.03139954 -0.880702 -0.4726289 0.03140038 -0.8542972 -0.5188355 0.03140113 -0.825474 -0.563566 0.03139939 -0.7943105 -0.6067001 0.03139983 -0.7608974 -0.6481121 0.03140003 -0.7253182 -0.6876972 0.03140023 0 0 1 0 0 1 0 0 1 0 0 1 0 0 1 0 0 1 0 0 1 0 0 1 0 0 1 0 0 1 0 0 1 0 0 1 0 0 1 0 0 1 0 0 1 0 0 1 0 0 1 0 -0 1 0 0 1 0 0 1 0 0 1 0 0 1 0 0 1 0 0 1 0 0 1 0 0 1 0 0 1 0 0 1 0 0 1 0 0 1 0 0 1 0 0 1 -0 0 1 0 0 1 0 0 1 0 -0 1 0 -0 1 0 0 1 0 0 1 0 0 1 0 0 1 0 -0 1 0 0 1 0 -0 1 0 -0 1 0 0 1 0 0 1 0 0 1 0 0 1 0 0 1 0 0 1 -0 0 1 -0 0 1 -0 0 1 -0 0 1 -0 0 1 0 0 1 0 0 1 0 0 1 0 0 1 0 0 1 0 0 1 0 0 1 0 0 1 0 0 1 0 0 1 0 0 1 0 0 1 0 0 1 0 0 1 0 0 1 -0 0 1 0 0 1 0 0 1 0 -0 1 0 0 1 0 0 1 0 0 1 0 0 1 0 0 1 0 0 1 0 -0 1 0 0 1 0 0 1 0 0 1 0 0 1 0 -0 1 0 0 1 0 0 1 0 0 1 -0 0 1 -0 0 1 0 0 1 0 0 1 0 0 1 0 0 1 0 -0 1 0 -0 1 0 -0 1 0 0 1 -0 0 1 0 0 1 -0 0 1 -0 0 1 0 0 1 0 0 1 0 0 1 0 0 1 0 0 1 0 -0 1 0 0 1 0 0 1 0 0 1 0 0 1 0 0 1 0 0 1 0 0 1 0 0 1 0 -0 1 0 -0 1 0 0 1 0 0 1 -0 0 1 0 0 1 -0 0 1 0 0 1 0 0 1 -0 0 1 -0 0 1 0 0 1 0 0 1 0 0 1 0 -0 1 0 0 1 0 -0 1 0 0 1 -0 0 1 0 0 1 0 0 1 0 0 1 0 -0 1 0 0 1 0 -0 1 0 -0 1 0 0 1 0 0 1 0 0 1 0 0 1 0 0 1 0 0 1 0 0 1 0 0 1 0 0 1 0 0 1 0 0 1 0 0 1 0 -0 1 0 0 1 -0 0 1 0 0 1 0 0 1 0 0 1 0 0 1 0 0 1 0 -0 1 0 -0 1 0 0 1 0 0 1 0 0 1 0 0 1 0 0 1 0 -0 1 0 -0 1 0 0 1 0 0 1 0 0 1 -0 0 1 0 0 1 0 0 1 0 0 1 0 0 1 0 -0 1 0 0 1 0 0 1 0 0 1 0 0 1 -0 0 1 -0 0 1 0 0 1 0 0 1 0 0 1 0 -0 1 0 -0 1 0 0 1 0 0 1 0 0 1 0 -0 1 0 -0 1 0 0 1 -0 0 1 0 0 1 0 0 1 0 -0 1 0 0 1 0 0 1 0 0 1 0 0 1 0 0 1 0 0 1 0 0 1 0 -0 1 0 0 1 -0 0 1 0 0 1 0 0 1 0 0 1 0 0 1 0 0 1 0 -0 1 0 -0 1 0 -0 1 0 -0 1 0 0 1 0 -0 1 0 0 1 0 0 1 0 0 1 0 0 1 0 -0 1 0 -0 1 0 0 1 0 0 1 0 0 1 0 0 1 0 0 1 0 0 1 0 0 1 0 0 1 0 0 1 0 0 1 0 0 1 0 0 1 -0.336379 -0.1867062 0.9230331 -0.3454037 -0.1694288 0.9230331 -0.3535424 -0.1517153 0.9230331 -0.3607726 -0.1336158 0.9230331 -0.3670768 -0.1151721 0.923033 -0.3724395 -0.09643018 0.9230331 -0.3768454 -0.07744414 0.9230331 -0.3802842 -0.05825835 0.9230329 -0.3827466 -0.03892175 0.9230332 -0.3842267 -0.01948604 0.9230331 -0.3847202 0 0.9230332 -0.3842264 0.01948822 0.9230332 -0.3827466 0.03892175 0.9230332 -0.3802839 0.0582583 0.9230331 -0.3768455 0.07744417 0.9230329 -0.3724395 0.09643038 0.9230331 -0.3670766 0.115172 0.9230331 -0.3607726 0.1336156 0.9230331 -0.3535427 0.1517154 0.923033 -0.3454036 0.1694288 0.9230332 -0.3363788 0.1867062 0.9230331 -0.1867032 0.3363807 0.923033 -0.1694295 0.3454033 0.9230332 -0.1517184 0.353541 0.9230332 -0.1336158 0.3607726 0.9230331 -0.1151709 0.3670772 0.923033 -0.09643018 0.3724395 0.9230331 -0.07744279 0.3768457 0.923033 -0.05825835 0.3802842 0.9230329 -0.03892175 0.3827466 0.9230332 -0.01948604 0.3842267 0.9230331 0 0.3847202 0.9230332 0.01948822 0.3842264 0.9230332 0.03892202 0.3827465 0.9230331 0.0582583 0.3802839 0.9230331 0.0774428 0.3768457 0.923033 0.09643038 0.3724395 0.9230331 0.1151708 0.3670771 0.9230331 0.1336156 0.3607726 0.9230331 0.1517154 0.3535427 0.923033 0.1694297 0.3454031 0.9230332 0.1867062 0.3363788 0.9230331 0.336379 0.1867062 0.9230331 0.3454037 0.1694288 0.9230331 0.3535424 0.1517153 0.9230331 0.3607726 0.1336158 0.9230331 0.3670772 0.1151709 0.923033 0.3724395 0.09643018 0.9230331 0.3768457 0.07744279 0.923033 0.3802842 0.05825835 0.9230329 0.3827466 0.03892175 0.9230332 0.3842265 0.01948841 0.9230332 0.3847202 0 0.9230332 0.3842264 -0.01948822 0.9230332 0.3827466 -0.03892175 0.9230332 0.3802839 -0.0582583 0.9230331 0.3768457 -0.0774428 0.923033 0.3724395 -0.09643038 0.9230331 0.3670766 -0.115172 0.9230331 0.3607725 -0.1336161 0.9230331 0.3535427 -0.1517154 0.923033 0.3454031 -0.1694297 0.9230332 0.3363788 -0.1867062 0.9230331 0.1867032 -0.3363807 0.923033 0.1694295 -0.3454033 0.9230332 0.1517184 -0.353541 0.9230332 0.1336161 -0.3607724 0.9230331 0.1151721 -0.3670768 0.923033 0.09643018 -0.3724395 0.9230331 0.07744414 -0.3768454 0.9230331 0.05825835 -0.3802842 0.9230329 0.03892175 -0.3827466 0.9230332 0.01948841 -0.3842265 0.9230332 0 -0.3847202 0.9230332 -0.01948822 -0.3842264 0.9230332 -0.03892202 -0.3827465 0.9230331 -0.0582583 -0.3802839 0.9230331 -0.07744417 -0.3768455 0.9230329 -0.09643038 -0.3724395 0.9230331 -0.1151708 -0.3670771 0.9230331 -0.1336156 -0.3607726 0.9230331 -0.1517186 -0.3535414 0.9230331 -0.1694297 -0.3454031 0.9230332 -0.186703 -0.3363804 0.9230331 0.3210469 0.2117939 0.9230776 0.3207162 0.212303 0.9230756 0.3200147 0.2134054 0.9230649 0.319328 0.2145338 0.9230411 0.3192922 0.2145924 0.9230399 0.3185175 0.215948 0.9229913 0.3177615 0.2173766 0.9229165 0.317818 0.2172643 0.9229236 0.3170344 0.2188832 0.9228106 0.3162842 0.2206613 0.9226445 0.3157795 0.2220546 0.9224831 0.3152648 0.2237248 0.9222556 0.3163375 0.2205177 0.9226606 0.3157572 0.2197724 0.9230371 0.3148135 0.2256569 0.9219389 0.3147914 0.2257648 0.9219201 0.3228042 0.2072237 0.9235019 0.3236851 0.2062969 0.9234011 0.3261426 0.2034941 0.9231582 0.3278845 0.200817 0.9231275 0.3273598 0.202039 0.9230471 0.3270382 0.2027933 0.9229956 0.3260972 0.2035368 0.9231648 0.3251818 0.2046193 0.9232485 0.326469 0.2041523 0.9228975 0.3256854 0.2061164 0.9227378 0.3256812 0.2061253 0.9227373 0.326049 0.205184 0.9228172 0.3253054 0.2071435 0.9226419 0.3265666 0.2039155 0.9229153 0.3264895 0.2035021 0.9230338 0.3249913 0.2080535 0.9225478 0.3243933 0.2055193 0.923326 0.3236162 0.2063723 0.9234083 0.3090431 0.2240823 0.9242724 0.3108081 0.2229103 0.923964 0.3108217 0.2229006 0.9239616 0.3125034 0.2216602 0.9236928 0.3141325 0.2202587 0.9234754 0.3186928 0.2151339 0.923121 0.3196749 0.2137953 0.9230923 0.3205429 0.2125566 0.9230773 0.3205409 0.2125591 0.9230776 0.3211266 0.2116807 0.9230758 0.3189103 0.2148551 0.9231107 0.317468 0.2166763 0.9231823 0.3160759 0.2182752 0.9232833 0.3144113 0.2199755 0.923448 0.297956 0.2376309 0.924529 0.297895 0.2376577 0.9245418 0.3044651 0.2337167 0.9234053 0.3094026 0.228519 0.923065 0.3070537 0.2312802 0.9231617 0.3044588 0.2337226 0.9234059 0.3014719 0.2358585 0.9238428 0.2854538 0.2510953 0.9249148 0.2917078 0.2485595 0.9236475 0.2967362 0.2446426 0.9230914 0.299316 0.2416148 0.9230559 0.2940786 0.2471223 0.9232813 0.2901514 0.2494978 0.9238847 0.2915664 0.2503031 0.9232213 0.2769248 0.2632355 0.9241318 0.2757743 0.2667942 0.9234551 0.27683 0.263264 0.9241521 0.2801032 0.2621222 0.9234902 0.2757698 0.2668039 0.9234536 0.284379 0.2591195 0.9230307 0.2843561 0.259143 0.9230312 0.2575923 0.2858146 0.9230147 0.2609217 0.2821307 0.9232129 0.2633457 0.2770407 0.9240657 0.2632892 0.2773083 0.9240016 0.268647 0.2747924 0.9232107 0.2684795 0.2748705 0.9232361 0.2727585 0.2714285 0.9230002 0.2464883 0.2948661 0.9231996 0.2490035 0.2911442 0.9237057 0.250596 0.2871472 0.9245259 0.257525 0.2858914 0.9230098 0.2497757 0.2909521 0.9235578 0.2490006 0.2911492 0.9237049 0.2301083 0.3081025 0.9231051 0.2325377 0.3057954 0.9232634 0.2325672 0.3057636 0.9232665 0.2348083 0.303046 0.9235952 0.2366939 0.2999791 0.924115 0.2367124 0.299937 0.9241239 0.235548 0.304301 0.9229941 0.2382526 0.2962291 0.9249238 0.2113205 0.3213729 0.9230726 0.2155629 0.3183606 0.9231355 0.2154795 0.318426 0.9231324 0.2141778 0.3193972 0.9230999 0.2131932 0.3201031 0.9230832 0.2169765 0.3172174 0.9231979 0.218619 0.3157567 0.9233112 0.2186623 0.3157139 0.9233155 0.2202608 0.3141069 0.9234836 0.2219212 0.3121763 0.9237407 0.2197973 0.3157931 0.9230188 0.2234822 0.310006 0.9240952 0.2234946 0.3099858 0.924099 0.2078402 0.3250619 0.922571 0.205842 0.325791 0.9227617 0.2037562 0.3266333 0.9229269 0.2032464 0.3263483 0.9231401 0.2020405 0.327359 0.9230469 0.2040305 0.3256874 0.9232005 0.2040745 0.3256482 0.9232047 0.2059679 0.3239879 0.9233683 0.2059136 0.3240378 0.9233629 0.2066897 0.323319 0.9234415 0.2049765 0.3248715 0.9232785 0.2035049 0.3264928 0.9230321 0.2075369 0.322492 0.9235407 0.2022349 0.3272763 0.9230337 0.2038168 0.3266057 0.9229233 0.2049011 0.3261631 0.9228398 0.2060482 0.3257129 0.9227433 0.2068588 0.3254074 0.9226698 0.2266313 0.3146448 0.9217575 0.2245952 0.3150441 0.9221194 0.220916 0.3161857 0.9226173 0.2210875 0.3161219 0.9225981 0.2194371 0.316786 0.9227644 0.2178514 0.3175214 0.9228873 0.2152127 0.3189271 0.9230217 0.2136271 0.3198778 0.923061 0.2149214 0.3191005 0.9230296 0.2163022 0.3183244 0.922975 0.2107796 0.3217128 0.9230779 0.2117897 0.3210499 0.9230775 0.2124696 0.3206061 0.9230756 0.2177487 0.3175731 0.9228937 0.222654 0.3155772 0.9224079 0.2248239 0.3149973 0.9220796 0.2454985 0.3046882 0.9202693 0.2421212 0.3045508 0.921209 0.2366861 0.3053496 0.9223564 0.2344484 0.3061176 0.9226732 0.2323562 0.3070461 0.9228939 0.2323702 0.3070384 0.9228929 0.2366228 0.3053669 0.9223669 0.2279187 0.3097851 0.9230852 0.2300808 0.3083283 0.9230365 0.2392611 0.3047986 0.9218742 0.2420212 0.3045489 0.921236 0.2560846 0.2937688 0.9209347 0.2561999 0.2937746 0.9209006 0.2494816 0.2945417 0.9224989 0.249599 0.294499 0.9224807 0.24691 0.295513 0.92288 0.2525125 0.2938871 0.9218827 0.2442189 0.2971199 0.9230801 0.251718 0.2932157 0.9223137 0.27228 0.2714659 0.9231304 0.2677974 0.2817231 0.9213666 0.2708057 0.2817889 0.9204669 0.2665563 0.2817326 0.9217235 0.2684569 0.2780935 0.922277 0.2700137 0.2742817 0.9229638 0.2626464 0.2824809 0.9226166 0.2594488 0.2840035 0.9230537 0.2568811 0.2862081 0.923091 0.2594628 0.2839958 0.9230522 0.2831493 0.2609746 0.9228861 0.2831185 0.2610303 0.9228797 0.2818216 0.2668097 0.9216231 0.2796699 0.2680753 0.9219113 0.2816368 0.2677154 0.9214169 0.2816778 0.2696491 0.9208403 0.2820128 0.2644874 0.9222338 0.2723015 0.2714437 0.9231307 0.2753914 0.2694317 0.9228035 0.296513 0.2451242 0.9230353 0.295068 0.2478881 0.9227601 0.2950634 0.2479011 0.9227582 0.2937207 0.2537959 0.9215833 0.2876781 0.2556486 0.9229762 0.2936247 0.2520691 0.9220876 0.2937506 0.2543681 0.921416 0.2849535 0.2581599 0.9231224 0.2941312 0.2509805 0.9222232 0.3090117 0.2290271 0.9230701 0.3076396 0.2312461 0.9229751 0.3066849 0.2331414 0.922816 0.3058391 0.2351564 0.9225854 0.3076254 0.2312714 0.9229735 0.305107 0.2376489 0.9221891 0.3051306 0.2375622 0.9222037 0.3046681 0.2402762 0.9216532 0.304188 0.2354592 0.923054 0.3045505 0.2432114 0.9209219 0.3045505 0.2432127 0.9209216 -0.2079504 -0.3250259 0.9225588 -0.206989 -0.325361 0.922657 -0.2044419 -0.3263517 0.9228749 -0.2051521 -0.3260603 0.9228203 -0.2048378 -0.3261868 0.9228454 -0.2036515 -0.3266769 0.9229347 -0.2060324 -0.3257182 0.9227449 -0.2020472 -0.327355 0.9230469 -0.2018567 -0.327437 0.9230595 -0.2047555 -0.3250648 0.9232595 -0.2047479 -0.3250721 0.9232586 -0.2057298 -0.3242042 0.9233454 -0.203867 -0.3258261 0.9231877 -0.2071638 -0.3228575 0.9234967 -0.2035046 -0.3264921 0.9230325 -0.2088673 -0.3211651 0.9237031 -0.2078154 -0.3222236 0.9235717 -0.2064864 -0.3235096 0.9234201 -0.202115 -0.3273256 0.9230425 -0.2069366 -0.3253792 0.9226623 -0.2267198 -0.3146301 0.9217407 -0.224791 -0.3150028 0.9220858 -0.2229943 -0.3154713 0.9223619 -0.2230012 -0.3154695 0.9223608 -0.2194011 -0.3168029 0.9227671 -0.21618 -0.3183928 0.9229801 -0.2150653 -0.3190171 0.9230249 -0.2137361 -0.3198105 0.923059 -0.2125611 -0.3205486 0.9230744 -0.2115655 -0.3211983 0.9230773 -0.2126374 -0.3204921 0.9230765 -0.2163966 -0.3182725 0.9229708 -0.2178753 -0.3175101 0.9228855 -0.2194619 -0.316776 0.9227619 -0.2211953 -0.316076 0.9225879 -0.245176 -0.3046769 0.9203591 -0.2395404 -0.3047745 0.9218096 -0.2396317 -0.304763 0.9217896 -0.2372052 -0.3052115 0.9222687 -0.2421731 -0.3045498 0.9211957 -0.2347112 -0.3060028 0.9226446 -0.2279239 -0.3097807 0.9230854 -0.2272635 -0.3102248 0.923099 -0.2301086 -0.3083136 0.9230345 -0.2323697 -0.3070418 0.922892 -0.2347001 -0.3060074 0.9226458 -0.2569512 -0.2861046 0.9231036 -0.2566456 -0.293821 0.9207618 -0.2516575 -0.2931453 0.9223526 -0.2530792 -0.2938233 0.9217477 -0.2530774 -0.2938235 0.9217481 -0.2442562 -0.2970942 0.9230784 -0.2442402 -0.2971052 0.9230792 -0.2469137 -0.2955131 0.922879 -0.2498458 -0.2944027 0.9224446 -0.2702172 -0.2738774 0.9230242 -0.2701875 -0.2739405 0.9230142 -0.2678176 -0.2817444 0.9213544 -0.2628075 -0.2824328 0.9225855 -0.2568101 -0.2862356 0.9231022 -0.2596143 -0.2838998 0.9230391 -0.262713 -0.282453 0.9226062 -0.2667343 -0.2817201 0.921676 -0.2685274 -0.2778251 0.9223374 -0.2843926 -0.2590553 0.9230445 -0.2830936 -0.2610845 0.9228721 -0.2819815 -0.2646632 0.922193 -0.2815202 -0.2676046 0.9214848 -0.2759427 -0.2691831 0.9227113 -0.2759141 -0.2691966 0.9227159 -0.2726891 -0.2711102 0.9231142 -0.2816578 -0.2689818 0.9210416 -0.2820042 -0.2645576 0.9222163 -0.2970316 -0.244338 0.923077 -0.2970006 -0.2443889 0.9230735 -0.2954584 -0.2470244 0.9228669 -0.2943899 -0.2499005 0.9224339 -0.2938229 -0.2531281 0.9217343 -0.2938213 -0.2531391 0.9217319 -0.2930167 -0.2515472 0.9224235 -0.2938181 -0.256853 0.9207048 -0.2859072 -0.257144 0.923111 -0.2858534 -0.2571966 0.9231131 -0.3094105 -0.2284394 0.9230821 -0.3079524 -0.2307069 0.9230057 -0.3064796 -0.2336227 0.9227626 -0.3067548 -0.2329574 0.9228392 -0.3058029 -0.2352593 0.9225712 -0.3050777 -0.2377703 0.9221675 -0.3046536 -0.240415 0.9216219 -0.3042244 -0.2354873 0.9230348 -0.3045722 -0.2428377 0.9210134 -0.3046621 -0.2403473 0.9216367 -0.320709 -0.2123129 0.9230758 -0.3199429 -0.2135216 0.9230629 -0.3193854 -0.2144442 0.923042 -0.3187256 -0.2155745 0.9230068 -0.318693 -0.2156336 0.9230043 -0.3198642 -0.2136469 0.9230612 -0.3179668 -0.2169746 0.9229405 -0.3173601 -0.218161 0.9228696 -0.3171971 -0.2185303 0.9228383 -0.3164927 -0.2201308 0.9226997 -0.3158515 -0.2218241 0.9225139 -0.3152692 -0.2237019 0.9222596 -0.31487 -0.2254132 0.9219793 -0.3157578 -0.2197728 0.9230368 -0.314541 -0.2273494 0.9216161 -0.3152522 -0.2237605 0.9222512 -0.3223765 -0.2076537 0.9235547 -0.323261 -0.2067496 0.9234484 -0.3232908 -0.2067206 0.9234444 -0.3249525 -0.2048838 0.9232705 -0.3278306 -0.2009327 0.9231215 -0.3273537 -0.2020494 0.9230469 -0.3269067 -0.2025847 0.923088 -0.3265201 -0.2040324 0.922906 -0.3262369 -0.204716 0.9228547 -0.3261481 -0.2049387 0.9228366 -0.3267681 -0.2034348 0.9229501 -0.3256696 -0.2040504 0.9232025 -0.3254521 -0.2067368 0.9226813 -0.3254142 -0.2068427 0.922671 -0.3264895 -0.2035021 0.9230338 -0.3250664 -0.2078274 0.9225723 -0.3258017 -0.2058139 0.9227643 -0.3246726 -0.2052032 0.9232981 -0.3241151 -0.2058287 0.9233547 -0.3101872 -0.2233639 0.924063 -0.3120143 -0.222074 0.9237587 -0.3138628 -0.2204636 0.9235183 -0.3151957 -0.2192025 0.9233644 -0.3167614 -0.2175096 0.923229 -0.3190947 -0.2146057 0.9231051 -0.3211123 -0.2117029 0.9230756 -0.3202231 -0.213022 0.9230811 -0.3193043 -0.2143145 0.9231002 -0.3180599 -0.2159464 0.9231495 -0.3167506 -0.2175215 0.9232299 -0.3123259 -0.2218058 0.9237179 -0.297494 -0.2378076 0.9246323 -0.3002342 -0.2365017 0.9240813 -0.3027684 -0.2350119 0.9236344 -0.3027912 -0.2349962 0.9236311 -0.3081006 -0.2301206 0.9231027 -0.3102942 -0.2273145 0.9230632 -0.3080917 -0.2301313 0.923103 -0.3056364 -0.2326898 0.9232778 -0.2908788 -0.2497128 0.9235979 -0.2879789 -0.2503807 0.9243255 -0.2957825 -0.2456813 0.9231215 -0.2989233 -0.242135 0.9230469 -0.2958349 -0.2456292 0.9231186 -0.2922346 -0.2483878 0.9235272 -0.2880136 -0.2503702 0.9243175 -0.2717001 -0.2725013 0.9229962 -0.277641 -0.2631725 0.9239349 -0.2786451 -0.2626654 0.9237769 -0.2823419 -0.2607661 0.9231923 -0.2861647 -0.2572123 0.9230122 -0.2770091 -0.2633157 0.9240838 -0.2749979 -0.2683027 0.9232496 -0.2607641 -0.2820938 0.9232687 -0.2626776 -0.2789084 0.923694 -0.2626224 -0.2790175 0.9236767 -0.2670955 -0.2756299 0.9234111 -0.2716663 -0.2725351 0.9229963 -0.2632423 -0.2769319 0.9241278 -0.2437705 -0.2976018 0.9230434 -0.2468247 -0.2944601 0.9232393 -0.2492299 -0.2907137 0.9237803 -0.2500996 -0.2913294 0.9233512 -0.2509123 -0.2861718 0.9247425 -0.2508731 -0.2863025 0.9247127 -0.2586077 -0.2848958 0.9230148 -0.230076 -0.3081372 0.9231015 -0.2300184 -0.3081857 0.9230998 -0.2325623 -0.3057709 0.9232653 -0.234984 -0.3028159 0.9236261 -0.2349388 -0.3028829 0.9236156 -0.2355405 -0.3042912 0.9229992 -0.2383722 -0.2958354 0.9250189 -0.2368952 -0.2995789 0.9241933 -0.213603 -0.3198138 0.9230887 -0.2134904 -0.3198943 0.9230869 -0.2149356 -0.318841 0.9231159 -0.2165233 -0.317593 0.9231752 -0.218103 -0.3162315 0.9232707 -0.2201757 -0.3141977 0.9234731 -0.2192071 -0.3151638 0.9233742 -0.2187592 -0.3157143 0.9232923 -0.2218091 -0.3123183 0.9237196 -0.2221944 -0.3118696 0.9237787 -0.2197949 -0.3157896 0.9230207 -0.223376 -0.3101645 0.9240677 -0.2374981 0.2982706 0.9244616 -0.2374934 0.2982813 0.9244594 -0.2336032 0.3046091 0.9233866 -0.2268781 0.310609 0.9230646 -0.2290128 0.3089781 0.9230849 -0.231082 0.3072417 0.9231488 -0.2335313 0.3046863 0.9233793 -0.2357175 0.3016988 0.9238046 -0.2510793 0.2855192 0.9248989 -0.2490537 0.2909018 0.9237686 -0.2474832 0.293488 0.9233725 -0.2450272 0.2964571 0.9230791 -0.2414405 0.2994193 0.9230681 -0.2494859 0.2901843 0.9238776 -0.2502868 0.2915474 0.9232315 -0.2689956 0.2743631 0.9232369 -0.2639965 0.2747923 0.9245513 -0.2635505 0.2772562 0.9239427 -0.2657526 0.2762313 0.9236189 -0.2590697 0.2844201 0.923032 -0.2591286 0.2843622 0.9230333 -0.2620772 0.2801932 0.9234757 -0.2861604 0.2571677 0.923026 -0.2825639 0.2606124 0.9231678 -0.2779107 0.2630747 0.9238816 -0.2751838 0.2679257 0.9233037 -0.2751083 0.2680875 0.9232792 -0.2769871 0.2632947 0.9240963 -0.271836 0.272388 0.9229897 -0.2920432 0.2484653 0.9235669 -0.2920589 0.2484557 0.9235645 -0.2880655 0.2503489 0.9243071 -0.295396 0.2460283 0.9231529 -0.2862729 0.2570546 0.9230226 -0.2908531 0.2496907 0.9236119 -0.3085421 0.2295952 0.923086 -0.3062336 0.2321166 0.9232242 -0.3062154 0.2321336 0.9232259 -0.3035562 0.2344316 0.9235234 -0.3005186 0.2364031 0.9240141 -0.3042944 0.2355429 0.9229975 -0.2969504 0.2380044 0.9247564 -0.2969593 0.2379998 0.9247547 -0.3174406 0.2171276 0.9230856 -0.3196814 0.2137923 0.9230908 -0.3204096 0.212747 0.9230799 -0.3186173 0.2152321 0.9231241 -0.3185981 0.2152575 0.9231248 -0.3173631 0.2168024 0.9231886 -0.3160226 0.2183367 0.923287 -0.3159587 0.2184015 0.9232935 -0.3143226 0.2200596 0.9234582 -0.3157807 0.2197886 0.9230253 -0.3104295 0.2231939 0.9240227 -0.3103113 0.2232762 0.9240426 -0.3124816 0.2216771 0.9236961 -0.3250306 0.2079336 0.9225609 -0.3257461 0.2059567 0.922752 -0.3269689 0.2029604 0.9229834 -0.3266327 0.2037611 0.922926 -0.3265784 0.2038898 0.9229169 -0.3273492 0.2020569 0.9230468 -0.3274951 0.2017215 0.9230685 -0.3261612 0.2049075 0.922839 -0.3257394 0.2039692 0.9231958 -0.3239974 0.205957 0.9233674 -0.3241168 0.2058261 0.9233547 -0.3249073 0.2049344 0.9232752 -0.3233876 0.2066176 0.9234336 -0.325792 0.2039089 0.9231905 -0.3264933 0.2035053 0.9230317 -0.3225212 0.2075124 0.9235359 -0.3257557 0.2059341 0.9227537 -0.3254159 0.2068373 0.9226716 -0.3146502 0.2265955 0.9217644 -0.3150498 0.2245665 0.9221245 -0.3155498 0.2227553 0.9223927 -0.3161318 0.2210485 0.9226041 -0.3160956 0.221146 0.9225931 -0.3174979 0.2178982 0.9228843 -0.3191143 0.2148994 0.92303 -0.3190795 0.2149571 0.9230286 -0.3198527 0.2136676 0.9230603 -0.3183504 0.2162532 0.9229776 -0.3216147 0.2109312 0.9230775 -0.3215436 0.2110396 0.9230775 -0.3205889 0.2125006 0.9230744 -0.317558 0.2177788 0.9228919 -0.3168108 0.21938 0.9227694 -0.3150364 0.2246332 0.9221127 -0.3046531 0.2447743 0.9204738 -0.3045534 0.2420167 0.9212356 -0.3052912 0.2369499 0.922308 -0.3053198 0.236845 0.9223254 -0.3060404 0.2346136 0.9226569 -0.3048043 0.2392085 0.9218858 -0.3071098 0.232233 0.9229038 -0.3098579 0.227819 0.9230854 -0.3083345 0.2300721 0.9230366 -0.3070886 0.2322718 0.922901 -0.3045559 0.2421504 0.9211997 -0.2937705 0.2561186 0.9209246 -0.2937717 0.2561416 0.9209178 -0.2938768 0.2527544 0.9218197 -0.2943811 0.2498798 0.9224423 -0.2944309 0.2497425 0.9224635 -0.2932153 0.2517177 0.9223139 -0.2971655 0.2441596 0.9230811 -0.2955653 0.2468099 0.9228901 -0.271337 0.2724104 0.9231299 -0.2741686 0.2700782 0.9229785 -0.2817182 0.2677927 0.9213696 -0.2818004 0.2715799 0.9202353 -0.2780166 0.2684652 0.9222978 -0.2840071 0.2594372 0.9230559 -0.2863642 0.2567004 0.923093 -0.284077 0.2593099 0.9230702 -0.2824998 0.2625994 0.9226243 -0.2817336 0.2665102 0.9217367 -0.2603809 0.2834437 0.9229634 -0.2625531 0.2826256 0.9225988 -0.2650163 0.2819158 0.9221116 -0.2603993 0.2834336 0.9229613 -0.268043 0.2798339 0.9218709 -0.2677134 0.2816347 0.9214181 -0.2713821 0.2723653 0.92313 -0.269385 0.2755011 0.9227843 -0.2694774 0.2816721 0.9208924 -0.2453092 0.2964433 0.9230086 -0.2472561 0.2953305 0.9228458 -0.247456 0.295258 0.9228154 -0.2536706 0.293783 0.921598 -0.2504276 0.2942554 0.9223338 -0.2552161 0.2882894 0.9229052 -0.2520427 0.2935939 0.9221047 -0.2575986 0.2938813 0.9204763 -0.2576196 0.2854468 0.9231209 -0.2291551 0.3089364 0.9230635 -0.2312458 0.3076435 0.9229739 -0.2311482 0.3076971 0.9229805 -0.2333881 0.306554 0.9227971 -0.2355997 0.3056751 0.9225267 -0.2357774 0.305627 0.9224973 -0.2382937 0.3049676 0.9220688 -0.2409672 0.3046059 0.9214934 -0.2354541 0.3041814 0.9230574 -0.2439914 0.3045788 0.9207062 -0.2440191 0.3045794 0.9206986 -0.2116039 0.3211724 0.9230775 -0.2125318 0.3205664 0.923075 -0.2136585 0.3198574 0.9230608 -0.2149612 0.3190775 0.9230283 -0.2160567 0.3184615 0.9229853 -0.2173009 0.3177983 0.9229217 -0.2173036 0.3177968 0.9229216 -0.2147337 0.3192221 0.9230312 -0.2188305 0.3170579 0.922815 -0.2206251 0.3162985 0.9226483 -0.2204696 0.3163564 0.9226656 -0.2222064 0.3157217 0.9224663 -0.224098 0.3151649 0.922199 -0.2197663 0.3157485 0.9230415 -0.2260983 0.3147317 0.9218588 -0.2259935 0.314753 0.9218771 -0.2070768 0.3229468 0.923485 -0.2064686 0.3235229 0.9234195 -0.2058108 0.3241306 0.9233533 -0.2059096 0.32404 0.923363 -0.2039331 0.3257703 0.9231929 -0.2015605 0.3275634 0.9230794 -0.2033881 0.3267873 0.9229536 -0.2034535 0.3267616 0.9229482 -0.2053137 0.3259996 0.9228058 -0.2059516 0.3257479 0.9227525 -0.2060148 0.3257238 0.922747 -0.2046741 0.3262545 0.9228578 -0.2020592 0.3273478 0.9230468 -0.2035026 0.3264902 0.9230335 -0.2079265 0.3250345 0.9225612 -0.20694 0.3253785 0.9226617 -0.2039554 0.3257484 0.9231957 -0.2050022 0.3248496 0.9232805 -0.2232508 0.3103565 0.9240335 -0.2231597 0.310487 0.9240116 -0.2200333 0.3143399 0.9234586 -0.2185182 0.3158504 0.9233029 -0.2185746 0.3157903 0.9233102 -0.2152593 0.3185962 0.923125 -0.2116654 0.3211346 0.9230766 -0.2122894 0.3207224 0.9230766 -0.2125506 0.320544 0.9230784 -0.213758 0.3197066 0.92309 -0.2152017 0.3186405 0.9231232 -0.2168346 0.3173355 0.9231907 -0.2215813 0.3126 0.9236791 0.293904 -0.257787 0.9204164 0.2930541 -0.2515793 0.922403 0.2880786 -0.2553549 0.9229326 0.2942472 -0.2504621 0.9223272 0.2967746 -0.2447343 0.9230547 0.2985035 -0.2424909 0.9230893 0.296699 -0.2448369 0.9230518 0.2952166 -0.2475539 0.9228024 0.294237 -0.2505029 0.9223193 0.2937745 -0.2538194 0.9215597 0.2733178 -0.2706263 0.9230703 0.2768981 -0.2688291 0.9225283 0.2816622 -0.2678645 0.9213658 0.2822699 -0.2634718 0.9224459 0.2854671 -0.2576149 0.923116 0.2834368 -0.2604072 0.9229581 0.2821816 -0.2637112 0.9224045 0.2816537 -0.2677315 0.921407 0.2768061 -0.2688572 0.9225476 0.2575524 -0.2855384 0.9231113 0.2677599 -0.2816837 0.9213896 0.267556 -0.2816732 0.9214521 0.2674316 -0.2816839 0.9214849 0.2634959 -0.2822366 0.9224491 0.2687306 -0.2771747 0.9224738 0.260138 -0.2835845 0.9229887 0.2704602 -0.273562 0.9230466 0.2716252 -0.2723098 0.9230748 0.270462 -0.2735594 0.9230469 0.2461399 -0.2959251 0.9229537 0.2459867 -0.295999 0.9229708 0.2487936 -0.2947326 0.9226237 0.2519032 -0.2939664 0.9220241 0.2553934 -0.2937484 0.921133 0.2556775 -0.2877747 0.922938 0.2518799 -0.2934042 0.9222096 0.2573756 -0.2856791 0.9231172 0.2552221 -0.2937555 0.9211782 0.2297582 -0.3085305 0.9230493 0.2297989 -0.3085056 0.9230475 0.2320129 -0.3072239 0.9229212 0.2340489 -0.3062519 0.9227301 0.234279 -0.3061729 0.9226979 0.2389087 -0.3048779 0.9219393 0.2411732 -0.3045904 0.9214446 0.2412494 -0.3045864 0.921426 0.2366876 -0.3053523 0.9223552 0.2354577 -0.3041861 0.923055 0.2443181 -0.3045986 0.9206131 0.2127754 -0.3204132 0.9230721 0.213732 -0.3198121 0.9230595 0.2138158 -0.3197614 0.9230577 0.2150208 -0.3190435 0.9230262 0.2164681 -0.3182361 0.9229667 0.2163972 -0.3182735 0.9229704 0.2178758 -0.3175109 0.9228852 0.2195276 -0.3167501 0.9227551 0.2194321 -0.3167889 0.9227645 0.2226718 -0.3155782 0.9224032 0.2243997 -0.3150886 0.9221518 0.2244659 -0.3150719 0.9221414 0.2211566 -0.3160907 0.9225923 0.2197641 -0.3157454 0.9230431 0.226443 -0.3146724 0.9217944 0.2086798 -0.3213529 0.9236802 0.2060839 -0.3238828 0.9233793 0.204305 -0.3254529 0.9232225 0.2019769 -0.3273872 0.9230509 0.2020348 -0.3273624 0.9230469 0.2030267 -0.326539 0.923121 0.2031696 -0.3268793 0.9229691 0.2031844 -0.3268731 0.9229681 0.2044493 -0.3253259 0.9232354 0.2055639 -0.3258988 0.9227856 0.2064065 -0.3255751 0.9227118 0.2056005 -0.3258844 0.9227827 0.2076713 -0.3251219 0.9225879 0.2074223 -0.3252065 0.9226141 0.2045154 -0.3263201 0.9228698 0.205247 -0.3246354 0.9233014 0.203503 -0.3264908 0.9230332 0.2080907 -0.3249796 0.9225435 0.2067086 -0.3233016 0.9234434 0.2069323 -0.3230873 0.9234682 0.2236529 -0.3097408 0.9241428 0.2223995 -0.3115157 0.9238486 0.2211917 -0.3130648 0.923615 0.2194797 -0.3149202 0.9233927 0.2161956 -0.3178629 0.9231591 0.2132886 -0.3200332 0.9230855 0.2134228 -0.3199391 0.9230871 0.2121773 -0.3207988 0.9230758 0.2146707 -0.3190413 0.9231085 0.2161392 -0.3179104 0.9231559 0.2178061 -0.3165002 0.9232486 0.2193851 -0.3150172 0.923382 0.2383074 -0.2958649 0.9250262 0.2371645 -0.2990245 0.9243037 0.2330775 -0.3052089 0.9233214 0.2277211 -0.310002 0.9230611 0.2277512 -0.3099796 0.9230612 0.2304847 -0.3077812 0.9231184 0.2329969 -0.3053081 0.923309 0.2352889 -0.3023654 0.923696 0.2499191 -0.2911192 0.9234663 0.2488491 -0.2914367 0.9236552 0.2437481 -0.2975495 0.9230662 0.2436713 -0.2976124 0.9230661 0.2462647 -0.2951342 0.9231735 0.2489532 -0.2912015 0.9237012 0.2506958 -0.287002 0.9245439 0.2699547 -0.2739309 0.9230852 0.2700145 -0.2738897 0.92308 0.2637866 -0.2756326 0.924361 0.2626167 -0.2785853 0.9238088 0.2613533 -0.2814807 0.9232892 0.2613241 -0.2815206 0.9232853 0.2635495 -0.2772551 0.9239433 0.2580464 -0.2854348 0.9230054 0.2806068 -0.26185 0.9234146 0.2764589 -0.265156 0.9237223 0.2770126 -0.263319 0.9240818 0.2737687 -0.2701852 0.9230658 0.27545 -0.2638268 0.924404 0.293605 -0.2474692 0.923339 0.2936268 -0.2474524 0.9233366 0.2877661 -0.254865 0.9231654 0.2912479 -0.2500297 0.9233958 0.2853358 -0.2510699 0.9249581 0.2846622 -0.2588633 0.9230153 0.28963 -0.2497299 0.9239856 0.3072705 -0.2310392 0.9231498 0.3072673 -0.2310426 0.9231501 0.3048086 -0.2334237 0.9233662 0.3020778 -0.2354809 0.9237411 0.3019801 -0.235535 0.9237592 0.2986511 -0.2373264 0.9243829 0.3042509 -0.2355092 0.9230205 0.2949307 -0.2386232 0.9252432 0.32074 -0.2122635 0.9230764 0.3189895 -0.2147331 0.9231118 0.318031 -0.2159826 0.923151 0.3189239 -0.2148199 0.9231144 0.3198364 -0.2135747 0.9230875 0.3168444 -0.2174218 0.9232212 0.3166681 -0.2176144 0.9232364 0.3151672 -0.2192292 0.9233679 0.3134717 -0.2208363 0.923562 0.3114486 -0.222479 0.9238521 0.3113537 -0.2225535 0.9238662 0.3157876 -0.2197935 0.9230217 0.309118 -0.2240356 0.9242586 0.3249825 -0.2080883 0.922543 0.3251595 -0.2075567 0.9226004 0.3255302 -0.2065269 0.9227008 0.3263249 -0.2045053 0.9228703 0.3268399 -0.2032633 0.9229625 0.3275851 -0.2015091 0.9230829 0.3260102 -0.2036479 0.9231711 0.3273447 -0.2020644 0.9230468 0.3276026 -0.2014638 0.9230866 0.3253919 -0.204376 0.9232283 0.3243165 -0.2056028 0.9233344 0.3238777 -0.2060896 0.9233798 0.3230068 -0.2070149 0.9234779 0.3245822 -0.2053063 0.9233069 0.3264908 -0.2035038 0.9230329 0.3254147 -0.2046267 0.9231648 0.3262554 -0.2046745 0.9228574 0.3258877 -0.2055914 0.9227835 0.3255443 -0.2064904 0.922704 0.3145893 -0.2270117 0.9216829 0.3157482 -0.2221775 0.9224643 0.3165081 -0.2201201 0.9226969 0.3170525 -0.2188501 0.9228122 0.3169696 -0.2190249 0.9227992 0.3160801 -0.2211843 0.9225892 0.3193013 -0.214579 0.9230399 0.3217233 -0.2107696 0.9230765 0.3208135 -0.2121501 0.9230769 0.3206221 -0.2124517 0.9230741 0.3200481 -0.2133511 0.9230658 0.3193514 -0.2144934 0.9230424 0.3185128 -0.2159575 0.9229907 0.3177529 -0.2173907 0.9229163 0.3154625 -0.2230329 0.9223556 0.3149511 -0.2249974 0.9220531 0.3045646 -0.2431591 0.9209311 0.3046481 -0.2404748 0.921608 0.3050901 -0.2377184 0.9221768 0.3050835 -0.2377518 0.9221703 0.3058088 -0.2352288 0.922577 0.3068163 -0.2328217 0.9228531 0.3093417 -0.2285319 0.9230823 0.3095287 -0.2282754 0.9230831 0.3080769 -0.230495 0.9230172 0.3068369 -0.2327787 0.922857 0.3042033 -0.235471 0.9230459 0.3157529 -0.2197694 0.9230393 0.3264908 -0.2035029 0.9230332 0.3200663 -0.2132701 0.9230782 0.3094386 -0.2284726 0.9230645 0.2968803 -0.2445771 0.9230623 0.2847623 -0.2587526 0.9230155 0.2737052 -0.2702498 0.9230658 0.2579909 -0.2854849 0.9230055 0.2355056 -0.3042462 0.9230229 0.2197987 -0.315795 0.9230179 0.2035049 -0.3264926 0.9230322 0.2121133 -0.3208385 0.9230767 0.2276222 -0.3099991 0.9230865 0.2434573 -0.2976883 0.9230981 0.2574132 -0.2856451 0.9231172 0.2725317 -0.2714013 0.9230751 0.2853881 -0.2577024 0.923116 -0.2197935 0.3157876 0.9230217 -0.203504 0.3264912 0.9230328 -0.211937 0.3209558 0.9230764 -0.2273271 0.3102203 0.9230849 -0.2431791 0.2979074 0.9231008 -0.2576556 0.2854141 0.923121 -0.2728197 0.2714624 0.9229721 -0.2862944 0.2567777 0.9230931 -0.3042176 0.2354821 0.9230384 -0.3157477 0.2197658 0.9230419 -0.3264892 0.203502 0.923034 -0.3210865 0.2117456 0.9230748 -0.3106055 0.226868 0.9230683 -0.2985017 0.2426784 0.9230406 -0.2862915 0.2570343 0.9230226 -0.2718818 0.2723422 0.9229897 -0.2590565 0.2844319 0.9230321 -0.2355007 0.3042398 0.9230264 -0.2121984 -0.3207844 0.923076 -0.2273445 -0.3102702 0.9230639 -0.2437491 -0.2976235 0.9230421 -0.2586036 -0.2848995 0.9230148 -0.2719947 -0.2719947 0.9230589 -0.2860817 -0.2573042 0.9230124 -0.3042817 -0.2355331 0.9230042 -0.3157911 -0.2197959 0.9230199 -0.326493 -0.2035051 0.9230319 -0.3218074 -0.2106358 0.9230778 -0.3093428 -0.22854 0.9230799 -0.2998808 -0.2408504 0.9230723 -0.285815 -0.2572463 0.9231111 -0.2726753 -0.2711242 0.9231142 -0.2569203 -0.286136 0.9231024 -0.2354858 -0.3042223 0.9230359 -0.2197658 -0.3157477 0.9230421 -0.2035024 -0.32649 0.9230335 0.3104918 0.2269743 0.9230804 0.2984311 0.2425497 0.9230973 0.2850507 0.2580524 0.9231225 0.2971947 0.2466346 0.9224135 0.2567862 0.2862937 0.9230908 0.2354835 0.3042194 0.9230374 0.219766 0.315748 0.9230418 0.2035022 0.3264896 0.9230338 0.211845 0.3210205 0.9230751 0.2275241 0.3101439 0.9230621 0.2433248 0.2979855 0.9230372 0.2573871 0.2860161 0.9230096 0.272765 0.271422 0.9230003 0.2843488 0.2591529 0.9230306 0.3042631 0.2355187 0.923014 0.3157866 0.2197928 0.9230222 0.3264926 0.2035049 0.9230322 0.3210062 0.2118597 0.9230767 -0.1867063 -0.336379 0.9230331 -0.169429 -0.3454037 0.9230331 -0.1517154 -0.3535424 0.9230331 -0.1336158 -0.3607724 0.9230331 -0.1151721 -0.3670768 0.9230331 -0.09643175 -0.372439 0.9230331 -0.07744288 -0.3768457 0.923033 -0.05825321 -0.3802851 0.9230329 -0.03892165 -0.3827466 0.9230332 -0.01948589 -0.3842267 0.9230331 0 -0.3847202 0.9230332 0.01948618 -0.3842264 0.9230332 0.03892217 -0.3827465 0.9230331 0.05825311 -0.3802845 0.9230332 0.07744289 -0.3768457 0.923033 0.09643149 -0.3724392 0.923033 0.1151707 -0.3670771 0.9230331 0.1336157 -0.3607726 0.9230331 0.1517155 -0.3535427 0.9230331 0.1694287 -0.3454038 0.9230331 0.1867061 -0.3363788 0.9230331 0.3363808 -0.1867031 0.9230331 0.3454037 -0.169429 0.9230331 0.353541 -0.1517186 0.9230331 0.3607726 -0.1336157 0.9230331 0.3670772 -0.1151707 0.9230331 0.372439 -0.09643175 0.9230331 0.3768453 -0.07744414 0.9230331 0.3802851 -0.05825321 0.9230329 0.3827465 -0.03892216 0.9230331 0.3842267 -0.01948589 0.9230331 0.3847202 0 0.9230332 0.3842264 0.01948618 0.9230332 0.3827465 0.03892217 0.9230331 0.3802845 0.05825311 0.9230332 0.3768456 0.07744417 0.923033 0.3724392 0.09643149 0.923033 0.3670767 0.1151721 0.9230331 0.3607726 0.1336161 0.923033 0.3535413 0.1517187 0.9230331 0.3454033 0.1694296 0.9230332 0.3363804 0.1867029 0.9230331 0.1867031 0.3363808 0.9230331 0.169429 0.3454037 0.9230331 0.1517186 0.353541 0.9230331 0.1336158 0.3607724 0.9230331 0.1151721 0.3670768 0.9230331 0.09643175 0.372439 0.9230331 0.07744414 0.3768453 0.9230331 0.05825321 0.3802851 0.9230329 0.03892165 0.3827466 0.9230332 0.01948589 0.3842267 0.9230331 0 0.3847202 0.9230332 -0.01948831 0.3842264 0.9230332 -0.03892217 0.3827465 0.9230331 -0.05825311 0.3802845 0.9230332 -0.07744417 0.3768456 0.923033 -0.09643149 0.3724392 0.923033 -0.1151721 0.3670767 0.9230331 -0.1336161 0.3607726 0.923033 -0.1517155 0.3535427 0.9230331 -0.1694287 0.3454038 0.9230331 -0.1867061 0.3363788 0.9230331 -0.3363808 0.1867031 0.9230331 -0.3454033 0.1694296 0.9230331 -0.353541 0.1517186 0.9230331 -0.3607724 0.1336158 0.9230331 -0.3670772 0.1151707 0.9230331 -0.372439 0.09643175 0.9230331 -0.3768457 0.07744288 0.923033 -0.3802851 0.05825321 0.9230329 -0.3827465 0.03892216 0.9230331 -0.3842267 0.01948589 0.9230331 -0.3847202 0 0.9230332 -0.3842264 -0.01948831 0.9230332 -0.3827465 -0.03892217 0.9230331 -0.3802845 -0.05825311 0.9230332 -0.3768457 -0.07744289 0.923033 -0.3724392 -0.09643149 0.923033 -0.3670771 -0.1151707 0.9230331 -0.3607726 -0.1336161 0.923033 -0.3535413 -0.1517187 0.9230331 -0.3454033 -0.1694296 0.9230332 -0.3363804 -0.1867029 0.9230331 -0.7247933 -0.6889665 0 -0.7587574 -0.6513734 0 -0.7907755 -0.6121063 0 -0.8207648 -0.5712662 0 -0.8486446 -0.5289634 0 -0.8743458 -0.4853033 0 -0.8978032 -0.4403967 0 -0.9189593 -0.3943523 0 -0.9377519 -0.3473057 0 -0.9541385 -0.2993655 0 -0.9680777 -0.2506501 0 -0.9795303 -0.2012963 0 -0.988468 -0.15143 0 -0.9948692 -0.1011687 0 -0.9987162 -0.0506558 0 -1 0 0 -0.9987162 0.0506558 0 -0.9948692 0.1011687 0 -0.988468 0.15143 0 -0.9795303 0.2012963 0 -0.9680777 0.2506501 0 -0.9541385 0.2993655 0 -0.9377519 0.3473057 0 -0.9189593 0.3943523 0 -0.8978032 0.4403967 0 -0.8743458 0.4853033 0 -0.8486446 0.5289634 0 -0.8207648 0.5712662 0 -0.7907755 0.6121063 0 -0.7587574 0.6513734 0 -0.7247933 0.6889665 0 -0.6889665 0.7247933 0 -0.6513734 0.7587574 0 -0.6121063 0.7907755 0 -0.5712662 0.8207648 0 -0.5289634 0.8486446 0 -0.4853033 0.8743458 0 -0.4403967 0.8978032 0 -0.3943523 0.9189593 0 -0.3473057 0.9377519 0 -0.2993655 0.9541385 0 -0.2506501 0.9680777 0 -0.2012963 0.9795303 0 -0.15143 0.988468 0 -0.1011687 0.9948692 0 -0.0506558 0.9987162 0 0 1 -0 0.0506558 0.9987162 -0 0.1011687 0.9948692 -0 0.15143 0.988468 -0 0.2012963 0.9795303 -0 0.2506501 0.9680777 -0 0.2993655 0.9541385 -0 0.3473057 0.9377519 -0 0.3943523 0.9189593 -0 0.4403967 0.8978032 -0 0.4853033 0.8743458 -0 0.5289634 0.8486446 -0 0.5712662 0.8207648 -0 0.6121063 0.7907755 -0 0.6513734 0.7587574 -0 0.6889665 0.7247933 -0 0.7247933 0.6889665 -0 0.7587574 0.6513734 -0 0.7907755 0.6121063 -0 0.8207648 0.5712662 -0 0.8486446 0.5289634 -0 0.8743458 0.4853033 -0 0.8978032 0.4403967 -0 0.9189593 0.3943523 -0 0.9377519 0.3473057 -0 0.9541385 0.2993655 -0 0.9680777 0.2506501 -0 0.9795303 0.2012963 -0 0.988468 0.15143 -0 0.9948692 0.1011687 -0 0.9987162 0.0506558 -0 1 0 0 0.9987162 -0.0506558 0 0.9948692 -0.1011687 0 0.988468 -0.15143 0 0.9795303 -0.2012963 0 0.9680777 -0.2506501 0 0.9541385 -0.2993655 0 0.9377519 -0.3473057 0 0.9189593 -0.3943523 0 0.8978032 -0.4403967 0 0.8743458 -0.4853033 0 0.8486446 -0.5289634 0 0.8207648 -0.5712662 0 0.7907755 -0.6121063 0 0.7587574 -0.6513734 0 0.7247933 -0.6889665 0 0.6889665 -0.7247933 0 0.6513734 -0.7587574 0 0.6121063 -0.7907755 0 0.5712662 -0.8207648 0 0.5289634 -0.8486446 0 0.4853033 -0.8743458 0 0.4403967 -0.8978032 0 0.3943523 -0.9189593 0 0.3473057 -0.9377519 0 0.2993655 -0.9541385 0 0.2506501 -0.9680777 0 0.2012963 -0.9795303 0 0.15143 -0.988468 0 0.1011687 -0.9948692 0 0.0506558 -0.9987162 0 0 -1 0 -0.0506558 -0.9987162 0 -0.1011687 -0.9948692 0 -0.15143 -0.988468 0 -0.2012963 -0.9795303 0 -0.2506501 -0.9680777 0 -0.2993655 -0.9541385 0 -0.3473057 -0.9377519 0 -0.3943523 -0.9189593 0 -0.4403967 -0.8978032 0 -0.4853033 -0.8743458 0 -0.5289634 -0.8486446 0 -0.5712662 -0.8207648 0 -0.6121063 -0.7907755 0 -0.6513734 -0.7587574 0 -0.6889665 -0.7247933 0 -0.6889665 -0.7247933 -0 -0.6513734 -0.7587574 -0 -0.6121063 -0.7907755 -0 -0.5712662 -0.8207648 -0 -0.5289634 -0.8486446 -0 -0.4853033 -0.8743458 -0 -0.4403967 -0.8978032 -0 -0.3943523 -0.9189593 -0 -0.3473057 -0.9377519 -0 -0.2993655 -0.9541385 -0 -0.2506501 -0.9680777 -0 -0.2012963 -0.9795303 -0 -0.15143 -0.988468 -0 -0.1011687 -0.9948692 -0 -0.0506558 -0.9987162 -0 0 -1 -0 0.0506558 -0.9987162 0 0.1011687 -0.9948692 0 0.15143 -0.988468 0 0.2012963 -0.9795303 0 0.2506501 -0.9680777 0 0.2993655 -0.9541385 0 0.3473057 -0.9377519 0 0.3943523 -0.9189593 0 0.4403967 -0.8978032 0 0.4853033 -0.8743458 0 0.5289634 -0.8486446 0 0.5712662 -0.8207648 0 0.6121063 -0.7907755 0 0.6513734 -0.7587574 0 0.6889665 -0.7247933 0 0.7247933 -0.6889665 0 0.7587574 -0.6513734 0 0.7907755 -0.6121063 0 0.8207648 -0.5712662 0 0.8486446 -0.5289634 0 0.8743458 -0.4853033 0 0.8978032 -0.4403967 0 0.9189593 -0.3943523 0 0.9377519 -0.3473057 0 0.9541385 -0.2993655 0 0.9680777 -0.2506501 0 0.9795303 -0.2012963 0 0.988468 -0.15143 0 0.9948692 -0.1011687 0 0.9987162 -0.0506558 0 1 0 0 0.9987162 0.0506558 0 0.9948692 0.1011687 0 0.988468 0.15143 0 0.9795303 0.2012963 0 0.9680777 0.2506501 0 0.9541385 0.2993655 0 0.9377519 0.3473057 0 0.9189593 0.3943523 0 0.8978032 0.4403967 0 0.8743458 0.4853033 0 0.8486446 0.5289634 0 0.8207648 0.5712662 0 0.7907755 0.6121063 0 0.7587574 0.6513734 0 0.7247933 0.6889665 0 0.6889665 0.7247933 0 0.6513734 0.7587574 0 0.6121063 0.7907755 0 0.5712662 0.8207648 0 0.5289634 0.8486446 0 0.4853033 0.8743458 0 0.4403967 0.8978032 0 0.3943523 0.9189593 0 0.3473057 0.9377519 0 0.2993655 0.9541385 0 0.2506501 0.9680777 0 0.2012963 0.9795303 0 0.15143 0.988468 0 0.1011687 0.9948692 0 0.0506558 0.9987162 0 0 1 0 -0.0506558 0.9987162 0 -0.1011687 0.9948692 0 -0.15143 0.988468 0 -0.2012963 0.9795303 0 -0.2506501 0.9680777 0 -0.2993655 0.9541385 0 -0.3473057 0.9377519 0 -0.3943523 0.9189593 0 -0.4403967 0.8978032 0 -0.4853033 0.8743458 0 -0.5289634 0.8486446 0 -0.5712662 0.8207648 0 -0.6121063 0.7907755 0 -0.6513734 0.7587574 0 -0.6889665 0.7247933 0 -0.7247933 0.6889665 0 -0.7587574 0.6513734 0 -0.7907755 0.6121063 0 -0.8207648 0.5712662 0 -0.8486446 0.5289634 0 -0.8743458 0.4853033 0 -0.8978032 0.4403967 0 -0.9189593 0.3943523 0 -0.9377519 0.3473057 0 -0.9541385 0.2993655 0 -0.9680777 0.2506501 0 -0.9795303 0.2012963 0 -0.988468 0.15143 0 -0.9948692 0.1011687 0 -0.9987162 0.0506558 0 -1 0 0 -0.9987162 -0.0506558 -0 -0.9948692 -0.1011687 -0 -0.988468 -0.15143 -0 -0.9795303 -0.2012963 -0 -0.9680777 -0.2506501 -0 -0.9541385 -0.2993655 -0 -0.9377519 -0.3473057 -0 -0.9189593 -0.3943523 -0 -0.8978032 -0.4403967 -0 -0.8743458 -0.4853033 -0 -0.8486446 -0.5289634 -0 -0.8207648 -0.5712662 -0 -0.7907755 -0.6121063 -0 -0.7587574 -0.6513734 -0 -0.7247933 -0.6889665 -0 -0.9923407 -0.1235273 0.0008719569 -0.9941944 -0.1075982 -7.53639e-05 -0.9973677 -0.07228862 0.005661278 -0.9923286 -0.1236255 0.0008672122 -0.9735593 -0.2284265 0.001933687 -0.9734384 -0.2289488 -0.0004064855 -0.9840175 -0.1779087 0.007626049 -0.9379272 -0.3468318 -0.0004592629 -0.9589461 -0.2834314 0.009428323 -0.9425059 -0.3341766 0.002934988 -0.9239761 -0.3824501 -8.230498e-05 -0.8791552 -0.4765353 0.0006391358 -0.9024367 -0.430797 0.004684211 -0.888188 -0.4594802 -7.949692e-05 -0.9231663 -0.3842189 0.01182451 -0.8036195 -0.5951434 0.0002847652 -0.8247338 -0.5655185 0.001728729 -0.8249966 -0.5651376 -0.0003330528 -0.85277 -0.5222419 0.006839386 -0.8247644 -0.5654739 0.001733011 -0.7492995 -0.6622312 -0.0003094018 -0.7808595 -0.6246731 0.006484421 -0.7471766 -0.6646236 0.001526149 -0.7113845 -0.702803 -0.0003607123 -0.6344901 -0.7729146 0.005011884 -0.7113733 -0.7028143 -0.0003607309 -0.6737804 -0.7389312 0.0008094811 -0.5061494 -0.862394 0.009450268 -0.5505547 -0.8347932 0.003146694 -0.5933673 -0.8049318 3.485765e-05 -0.6352527 -0.7723044 -3.494676e-05 -0.5506427 -0.8347352 0.003138382 -0.4119776 -0.9111655 0.007196038 -0.5049876 -0.8631266 -0.000349521 -0.4587737 -0.8885513 0.001836678 -0.2852016 -0.9584236 0.009185697 -0.3619808 -0.9321852 0.0007988384 -0.3239786 -0.9460548 0.00425795 -0.4107656 -0.9117408 -0.0003778188 -0.3619806 -0.9321854 0.000798847 -0.17927 -0.983772 0.007408154 -0.2829848 -0.9591243 -0.0004301464 -0.2308217 -0.9729945 0.001728898 -0.07136944 -0.9974334 0.005760219 -0.1239006 -0.9922943 0.0008307586 -0.1771051 -0.9841919 -0.0004120543 -0.1237389 -0.9923144 0.0008385768 0.06708182 -0.9977124 0.00836323 0.01390623 -0.9999015 0.001915716 -0.06918688 -0.9976037 -0.0001255168 -0.02793789 -0.9996097 7.96253e-05 0.1769937 -0.9841877 0.006920863 0.0702672 -0.9975281 -0.0005025028 0.1247069 -0.992193 0.001099811 0.3262488 -0.9451883 0.01345246 0.2805798 -0.9598171 0.00512627 0.1796504 -0.9837305 -0.0002791994 0.2334543 -0.9723678 0.0003756452 0.2806251 -0.9598038 0.005133293 0.4298095 -0.902839 0.01206419 0.3315206 -0.9434479 -0.0004683235 0.3823059 -0.9240298 0.003330436 0.5275247 -0.8494741 0.01055823 0.4346097 -0.9006186 -0.0006643821 0.4827694 -0.8757445 0.002280151 0.6294506 -0.7769453 0.01217042 0.6036742 -0.7972069 0.006213415 0.5770144 -0.8167329 0.001271658 0.5315536 -0.8470244 -0.0006445165 0.7118289 -0.7022735 0.01056009 0.6747501 -0.7380443 0.001669237 0.6336088 -0.7736533 -0.0007678497 0.8143491 -0.5798702 0.02420751 0.7850611 -0.6193562 0.008764831 0.752014 -0.6591469 0.0005737313 0.7521126 -0.6590343 0.0005943 0.7150725 -0.6990502 -0.0004351152 0.8650946 -0.5013555 0.01593835 0.8438213 -0.5365945 0.005651717 0.8200331 -0.572316 -0.0003754045 0.9150349 -0.4031413 0.01371266 0.8937274 -0.448607 0.0017881 0.8683996 -0.4958642 -0.0009703505 0.9665137 -0.2544983 0.03289437 0.9537337 -0.3004456 0.01115851 0.9373621 -0.3483564 0.0002068904 0.9167466 -0.3994695 -0.000198879 0.9873192 -0.156817 0.02468472 0.9873345 -0.1567135 0.02472919 0.9798701 -0.1994961 0.007461497 0.9697309 -0.2441738 -0.001101686 0.9986278 -0.04772247 0.02156324 0.9953184 -0.09661178 0.002708448 0.988803 -0.1492186 -0.001499303 0.9978854 0.06488795 0.00378125 0.9995056 0.004084081 0.03117751 0.9990449 -0.04369583 -4.624165e-05 0.9989332 0.04617969 0.0001430495 0.9927736 0.1199838 -0.002142401 0.9855767 0.168564 0.01499193 0.9867931 0.1616341 0.01066659 0.9869552 0.160679 0.01007814 0.9927653 0.1200521 -0.002142402 0.9573275 0.2883987 0.01871324 0.950251 0.3114657 0.003503986 0.9655764 0.2601158 0.001443537 0.9781716 0.207795 -0.001185045 0.9120484 0.4094065 0.02353728 0.9146793 0.4038659 0.01593879 0.9318447 0.3628495 -0.002393672 0.857953 0.5130998 0.02539968 0.8873494 0.4610728 -0.004782519 0.8873646 0.4610435 -0.004788601 0.8703317 0.4923831 0.009032515 0.8514429 0.5243158 0.01174419 0.7896556 0.6131321 0.02264839 0.7883754 0.6146656 0.02550388 0.8210483 0.5708344 -0.005265456 0.706829 0.706829 0.02802681 0.718682 0.6952531 0.01092074 0.7549694 0.6557379 -0.005379895 0.7180367 0.6945381 0.04516785 0.5929822 0.8052086 0.003367776 0.6360186 0.7716652 0.003629859 0.6145791 0.7882645 0.03052414 0.6787459 0.7343673 -0.002958649 0.4557576 0.8900918 -0.004656565 0.5130919 0.8579398 0.02600369 0.5488122 0.8359416 -0.002587914 0.5018171 0.8648999 0.01130487 0.4038497 0.9146426 0.01828264 0.4558222 0.8900587 -0.004660448 0.4068843 0.913211 0.02215323 0.309962 0.9507404 0.004017441 0.2883993 0.9573295 0.01860323 0.3625549 0.9319586 -0.002660814 0.2581641 0.9661008 0.0007886399 0.1511094 0.9885061 0.004677298 0.2056343 0.9786287 -0.0007158203 0.1685647 0.9855807 0.0147116 0.1993857 0.9793393 0.03376159 0.1038029 0.9945965 -0.001664224 0.04617789 0.9988942 0.008838342 0.05121068 0.9986125 0.01227061 -0.0006038989 0.9999985 -0.001646179 -0.07691761 0.9970284 0.00425714 -0.05998547 0.998083 0.01523412 -0.1104544 0.9938812 8.86548e-05 -0.1988613 0.9800277 -7.6385e-05 -0.1698683 0.9853021 0.01801577 -0.1698751 0.985301 0.01801279 -0.2150402 0.9765994 0.003348739 -0.3177788 0.9481636 -0.001578269 -0.2708429 0.9623312 0.02372321 -0.3184644 0.9479179 0.005673631 -0.4319012 0.90192 -0.001261986 -0.3767067 0.9259894 0.02521302 -0.4217829 0.9066648 0.00762571 -0.5394652 0.8420077 -0.0005271606 -0.4774352 0.8782603 0.02672873 -0.5192965 0.8545393 0.009682043 -0.5628047 0.8265898 0.0004770611 -0.6516668 0.7585037 0.001538999 -0.6388527 0.769329 -0.0003873092 -0.611427 0.7912209 0.01124601 -0.6516259 0.758539 0.001546363 -0.7285448 0.6849977 -0.0007932836 -0.6958799 0.7180439 0.01280933 -0.7318476 0.6814629 0.002743978 -0.807204 0.5902719 -0.0008085846 -0.7714829 0.6360876 0.0143718 -0.7908153 0.6120013 0.008101138 -0.8097024 0.5868353 0.002517285 -0.8700097 0.493021 0.003666772 -0.8736255 0.4865984 -0.0007302453 -0.8434383 0.5370657 0.01312932 -0.9192027 0.3937536 0.004954895 -0.9267938 0.3755703 -0.0004561809 -0.8978062 0.4401442 0.01473384 -0.938836 0.3443646 2.371788e-05 -0.9645362 0.2639348 0.002885016 -0.9659284 0.2588092 -1.257061e-05 -0.953436 0.3014681 0.008760549 -0.9644937 0.2640896 0.002908611 -0.9945288 0.1044632 1.367061e-05 -0.9876097 0.1568739 0.00416792 -0.9904087 0.1381684 -0.0004189678 -0.9781975 0.2073047 0.01243003 -0.9998519 -0.01720802 8.375027e-05 -0.9998803 0.01526291 0.002521819 -0.9998816 0.01539253 -1.596921e-05 -0.9988284 0.04806788 0.005586927 -0.9975469 -0.07000284 -7.532799e-05 -0.9986631 0.05169167 -1.604159e-05 -0.9772464 0.2121068 -0.000420075 -0.9526008 0.304223 -1.253984e-05 -0.8951315 0.4458021 -0.0004577039 -0.8404125 0.5419468 -0.0007315678 -0.7675239 0.6410196 -0.0008101897 -0.691967 0.7219288 -0.0007941331 -0.6075986 0.7942442 -0.0003875787 -0.4684834 0.8834722 -0.0005284204 -0.3682622 0.9297211 -0.001265268 -0.2629798 0.9648 -0.001580849 -0.1638967 0.9864775 -7.655907e-05 -0.0006219571 0.9999985 -0.00164618 0.1039802 0.994578 -0.001664223 0.2057677 0.9786006 -0.0007158222 0.3624924 0.9319829 -0.002660814 0.4557389 0.8901014 -0.004660444 0.5489513 0.8358503 -0.002587903 0.6786526 0.7344534 -0.00295865 0.7549325 0.6557804 -0.005379897 0.8211265 0.5707218 -0.005265465 0.8873736 0.4610264 -0.004782521 0.9319059 0.3626923 -0.002393674 0.9781295 0.2079936 -0.001185043 0.9970374 -0.07691831 -4.651452e-05 0.9800265 -0.198861 -0.001497076 0.9481642 -0.317779 -0.001098025 0.9019177 -0.4319079 -0.0001985638 0.8420122 -0.5394576 -0.0009687731 0.769329 -0.6388527 -0.0003741788 0.6849979 -0.728545 -0.0004346816 0.590272 -0.8072041 -0.0007667255 0.4865985 -0.8736255 -0.0006433915 0.3755702 -0.9267937 -0.0006629797 0.2588092 -0.9659283 -0.0004671794 0.1381684 -0.9904087 -0.0002789252 0.01539253 -0.9998814 -0.0005017673 -0.1075982 -0.9941944 -0.0001254744 -0.2289488 -0.9734384 -0.0004115393 -0.3468319 -0.9379272 -0.000429157 -0.4594802 -0.888188 -0.0003772952 -0.5651308 -0.8250014 -0.0003485809 -0.6622385 -0.7492931 -3.499129e-05 -0.7071068 -0.7071068 -0.0003607284 -0.7810429 -0.6244773 -0.000309798 -0.853203 -0.521579 -0.0003335106 -0.9240026 -0.3823861 -7.970492e-05 -0.959654 -0.2811829 -0.0004604326 -0.9844258 -0.1758004 -0.0004070931 0 0 1 0 0 1 0 0 1 0 0 1 0 0 1 0 -0 1 0 0 1 0 0 1 -0 0 1 0 0 1 -0 0 1 -0 0 1 0 0 1 -0 0 1 0 -0 1 0 0 1 -0 0 1 0 0 1 0 0 1 0 0 1 0 0 1 0 0 1 0 0 1 0 0 1 0 0 1 0 0 1 0 0 1 0 0 1 0 -0 1 -0 0 1 0 0 1 -0 0 1 0 0 1 0 0 1 0 0 1 0 0 1 0 0 1 0 0 1 0 0 1 0 0 1 0 0 1 0 0 1 -0 0 1 -0 0 1 0 0 1 -0 0 1 0 -0 1 0 -0 1 0 -0 1 0 0 1 0 0 1 0 0 1 0 0 1 0 0 1 -0 0 1 0 -0 1 0 0 1 0 0 1 0 -0 1 0 0 1 -0 0 1 0 0 1 0 0 1 0 0 1 0 0 1 0 0 1 0 0 1 0 0 1 0 0 1 0 0 1 -0 0 1 0 -0 1 0 0 1 0 -0 1 0 0 1 0 0 1 0 0 1 0 0 1 0 0 1 0 0 1 0 0 1 0 0 1 0 -0 1 0 0 1 0 0 1 0 0 1 0 0 1 0 0 1 0 0 1 0 0 1 0.6479048 0.7617213 -0 0.5173484 0.8557749 -0 0.3733597 0.9276867 -0 0.219718 0.9755634 -0 0.06037686 0.9981756 -0 -0.1005164 0.9949355 0 -0.258826 0.9659239 0 -0.410412 0.9119003 0 -0.55137 0.8342608 0 -0.6780604 0.7350062 0 -0.7871847 0.6167174 0 -0.8759177 0.4824607 0 -0.941966 0.3357084 0 -0.9836192 0.1802588 0 -0.9997977 0.02011297 0 -0.9900821 -0.1404902 0 -0.9547229 -0.2974963 0 -0.8946262 -0.4468153 0 -0.811383 -0.5845148 0 -0.6780615 -0.7350051 0 -0.7071065 -0.7071065 -0.0008106804 -0.5845148 -0.811383 0 -0.4468153 -0.8946262 0 -0.2974963 -0.9547229 0 -0.1404902 -0.9900821 0 0.02011297 -0.9997977 0 0.1802588 -0.9836192 0 0.3357084 -0.941966 0 0.4824607 -0.8759177 0 0.6167174 -0.7871847 0 0.7350062 -0.6780604 0 0.8342608 -0.55137 0 0.9119003 -0.410412 0 0.9659239 -0.258826 0 0.9949355 -0.1005164 0 0.9981756 0.06037686 -0 0.9755634 0.219718 -0 0.9276867 0.3733597 -0 0.8557749 0.5173484 -0 0.7617213 0.6479048 -0 0.7617213 0.6479048 0 0.8557749 0.5173484 0 0.9276867 0.3733597 0 0.9755634 0.219718 0 0.9981756 0.06037686 0 0.9949355 -0.1005164 0 0.9659239 -0.258826 0 0.9119003 -0.410412 0 0.8342608 -0.55137 0 0.7350062 -0.6780604 0 0.6167174 -0.7871847 0 0.4824607 -0.8759177 0 0.3357084 -0.941966 0 0.1802588 -0.9836192 0 0.02011297 -0.9997977 0 -0.1404902 -0.9900821 -0 -0.2974963 -0.9547229 -0 -0.4468153 -0.8946262 -0 -0.5845148 -0.811383 -0 -0.7350051 -0.6780615 -0 -0.811383 -0.5845148 -0 -0.8946262 -0.4468153 -0 -0.9547229 -0.2974963 -0 -0.9900821 -0.1404902 -0 -0.9997977 0.02011297 0 -0.9836192 0.1802588 0 -0.941966 0.3357084 0 -0.8759177 0.4824607 0 -0.7871847 0.6167174 0 -0.6780604 0.7350062 0 -0.55137 0.8342608 0 -0.410412 0.9119003 0 -0.258826 0.9659239 0 -0.1005164 0.9949355 0 0.06037686 0.9981756 0 0.219718 0.9755634 0 0.3733597 0.9276867 0 0.5173484 0.8557749 0 0.6479048 0.7617213 0 -0.9895336 -0.1438486 0.01143986 -0.9992939 -0.03757108 -0.0001955556 -0.9957656 -0.09185886 0.003574461 -0.9675415 -0.2525189 0.009878003 -0.98893 -0.1483821 -0.0004736577 -0.9794529 -0.2016571 0.002527502 -0.9244616 -0.3810419 0.01333545 -0.9511483 -0.3087303 0.001550776 -0.9384736 -0.345288 0.006591251 -0.9665333 -0.2565405 -0.0005826658 -0.9511892 -0.3086043 0.001543954 -0.8760654 -0.4820436 0.01197083 -0.9223723 -0.3863017 -0.0005507975 -0.8999702 -0.4359401 0.003140623 -0.8170843 -0.5764236 0.01044343 -0.8735895 -0.4866629 -0.0007035892 -0.8458999 -0.5333375 0.002082343 -0.7352207 -0.6776945 0.0134384 -0.7586571 -0.6514582 0.006462889 -0.7815378 -0.6238571 0.00106038 -0.8144334 -0.5802568 -0.0006112601 -0.6556026 -0.755015 0.01173255 -0.6555737 -0.7550399 0.01174363 -0.6933576 -0.7205907 0.002055904 -0.7313192 -0.6820347 -0.0008407168 -0.5276541 -0.8490488 0.02640713 -0.5682756 -0.8227794 0.009837478 -0.6097988 -0.7925558 0.0008323081 -0.6519789 -0.7582369 -0.0005734816 -0.4438088 -0.8959302 0.01851723 -0.4810743 -0.8766549 0.006617238 -0.5189731 -0.8547906 -0.0002557737 -0.3426984 -0.9393065 0.01616096 -0.389064 -0.9212071 0.002577317 -0.4374955 -0.8992198 -0.001166513 -0.1916267 -0.9807419 0.03774363 -0.2377889 -0.9712242 0.01341427 -0.2862881 -0.9581434 0.0007147285 -0.3372402 -0.9414185 -0.0005787555 -0.09294017 -0.995257 0.02873313 -0.1355388 -0.990729 0.009235657 -0.1802357 -0.9836231 -0.000893189 -0.1801921 -0.983631 -0.0008873019 0.01666226 -0.9995363 0.02548341 -0.03196025 -0.9994819 0.003791576 -0.08447007 -0.9964244 -0.001838087 0.1257409 -0.9918336 0.0213385 0.1075997 -0.9941807 0.005180506 0.07662362 -0.9970598 0.0007090367 0.02323503 -0.9997298 -0.00061803 0.2289162 -0.973306 0.0165113 0.2238877 -0.974529 0.01294614 0.1840464 -0.9829155 -0.002004337 0.1840986 -0.9829057 -0.001999148 0.3467575 -0.9377261 0.02070877 0.3702545 -0.928924 0.003453808 0.3198982 -0.94745 0.001886373 0.268659 -0.9632341 -0.001507571 0.4656768 -0.8845523 0.02668949 0.4593939 -0.8880197 0.0194497 0.4670241 -0.8841346 0.01394569 0.42036 -0.9073541 -0.002457026 0.5649281 -0.8247061 0.02676187 0.5154871 -0.8568817 -0.005169823 0.5446944 -0.8385785 0.009705974 0.5741343 -0.8186415 0.01399554 0.6995906 -0.7145254 -0.005152313 0.6595221 -0.7513628 0.02201398 0.6619991 -0.7490221 0.02689002 0.6186349 -0.7856577 -0.005726157 0.7370622 -0.6757563 0.009626752 0.6995257 -0.7145889 -0.005152775 0.7489377 -0.6619245 0.0307951 0.83801 -0.5456284 0.005360762 0.8068244 -0.59079 0.001270125 0.8246547 -0.5648928 0.02899681 0.7729912 -0.6344157 -0.001176977 0.8879624 -0.4593642 0.02252438 0.8930222 -0.4490164 0.02992291 0.8659852 -0.5000574 -0.003486429 0.8924581 -0.4509466 0.01287503 0.9378184 -0.3467916 0.01524141 0.9147809 -0.4039264 -0.004418344 0.935072 -0.3536826 0.02343171 0.9791929 -0.2029211 0.002065267 0.9666432 -0.2561205 0.001795116 0.9732978 -0.2289142 0.01701907 0.9509135 -0.309453 -0.001451732 0.9792389 -0.2026991 0.002042912 0.9955029 -0.09455526 0.005762892 0.9886689 -0.1501053 -0.001511984 0.9941059 -0.1075916 0.01332394 0.9988734 -0.04742844 -0.001578544 0.999858 0.01539364 0.00686857 0.9998971 0.005880196 0.01308501 0.9859536 0.1670181 0.0007207206 0.9983389 0.05760402 -0.001073556 0.9904056 0.1381665 0.002578063 0.9930084 0.1169823 0.01579385 0.985947 0.1670574 0.0007154318 0.9659283 0.2588092 -0.0005984092 0.9739418 0.2260538 0.01835522 0.9625556 0.2710581 0.003781534 0.9267914 0.3755735 -0.001504659 0.944921 0.3264614 0.02339375 0.9277063 0.3732631 0.005984988 0.8736262 0.4865966 -0.001070176 0.9024768 0.4300222 0.02482656 0.8804444 0.4740847 0.007835751 0.807201 0.5902767 -0.0002937972 0.8491341 0.5275158 0.02642559 0.8221638 0.5691716 0.009508776 0.7910762 0.6117173 0.0005520447 0.7285461 0.6849967 -0.0004260293 0.7528993 0.6580459 0.01087486 0.7528643 0.6580861 0.01085937 0.7177753 0.6962729 0.001578312 0.638854 0.7693276 -0.000772747 0.6747501 0.7379421 0.01239895 0.6359367 0.7717365 0.002725738 0.5346649 0.8450611 0.00224051 0.539456 0.8420134 -0.0007613241 0.5883768 0.8084667 0.01394066 0.5620476 0.8270695 0.007653937 0.4375575 0.8991841 0.003370051 0.431906 0.9019183 -0.0006979671 0.4832627 0.8753892 0.01228812 0.3357012 0.9419571 0.004653917 0.3177814 0.9481639 -0.0004607675 0.3833034 0.9235175 0.01392695 0.2851588 0.9584803 -7.915e-06 0.2004798 0.9796948 0.002430449 0.2402491 0.9706778 0.008061506 0.1988599 0.980028 -6.049866e-06 0.2711893 0.9624224 0.01412268 0.09320868 0.9956395 0.003755629 0.07693443 0.997036 -0.0004500265 0.1438116 0.9895388 0.01145292 -0.01458761 0.9998795 0.005308877 -0.06679134 0.9977668 0.0006209429 -0.04619428 0.9989324 -4.596226e-05 0.03577726 0.9992675 0.01357977 -0.1674332 0.9858813 0.002030886 -0.1194973 0.992806 0.00752408 -0.1685815 0.9856876 -0.0003015134 -0.1194165 0.9928157 0.007534299 -0.3194364 0.9476077 9.691272e-05 -0.2702669 0.9627791 0.003508309 -0.2884524 0.9574943 -0.0003533104 -0.2210827 0.9752022 0.01015398 -0.3695902 0.9291795 0.00533866 -0.4169132 0.9089459 0.0009028076 -0.4039153 0.9147965 -8.471354e-05 -0.3695033 0.9292141 0.005348899 -0.5041447 0.8636153 0.002581867 -0.5132669 0.8582289 -0.0002970182 -0.4619735 0.8868574 0.008030042 -0.5484158 0.8362058 -0.0001573016 -0.6324468 0.7746037 0.0004806477 -0.5915486 0.806258 0.0042674 -0.6148656 0.7886319 -0.0001596958 -0.549063 0.8357072 0.01110099 -0.7557886 0.6548111 0.002468688 -0.7329804 0.6802494 0.0007446167 -0.7095518 0.7046531 -0.0003743994 -0.6849827 0.7285593 -0.0002857769 -0.67185 0.7406866 0.0009487954 -0.7095403 0.7046648 -0.000374399 -0.8203017 0.5718872 0.007072997 -0.7558713 0.6547201 -0.0003393769 -0.7893595 0.6139286 0.001825173 -0.8757629 0.4827158 0.004974796 -0.8206827 0.5713841 -0.0003594774 -0.8494936 0.5275984 0.000749529 -0.8206087 0.5714904 -0.0003606781 -0.9356055 0.3529653 0.007601176 -0.9157116 0.4018313 0.001953509 -0.8746904 0.4846821 -1.963153e-05 -0.8967496 0.4425381 1.650457e-05 -0.9356422 0.3528675 0.007612593 -0.9681205 0.2504184 0.005778635 -0.9362164 0.3514237 -0.0004134192 -0.9536674 0.3008614 0.0009850042 -0.9928583 0.1190657 0.007472006 -0.9684871 0.2490634 -0.0001808321 -0.9804838 0.1965992 0.000230743 -0.9874405 0.157959 0.003180564 -0.9928699 0.1189679 0.007484407 -0.9993781 -0.0328057 0.01293523 -0.9931686 0.1166873 -0.0004202779 -0.998024 0.06282756 0.0008340445 -0.9998766 0.01473683 0.005435271 -0.9989331 0.04617808 -0.0001948276 -0.9856876 0.1685815 -0.000419694 -0.9574941 0.2884523 -0.0001806609 -0.9147964 0.4039152 -0.0004126758 -0.858229 0.513267 -1.959275e-05 -0.7886379 0.6148577 -0.0003602126 -0.7285441 0.6849989 -0.0003390967 -0.6719596 0.7405877 -0.000285816 -0.5486746 0.836036 -0.0001601789 -0.4607725 0.8875182 -0.0002974565 -0.3684926 0.9296306 -8.476128e-05 -0.2184868 0.9758399 -0.0003542289 -0.1170207 0.9931294 -0.0003019941 0.04094969 0.9991612 -4.622951e-05 0.1482052 0.9889565 -0.0004511108 0.2851906 0.9584708 -6.17097e-06 0.3889206 0.9212711 -0.0004619519 0.487998 0.8728445 -0.0006991051 0.5934066 0.8049025 -0.0007629774 0.6786982 0.7344168 -0.000773829 0.755966 0.6546108 -0.0004263846 0.8545656 0.5193435 -0.0002948669 0.9066747 0.421829 -0.00107285 0.9478917 0.318589 -0.001507535 0.9753807 0.2205271 -0.0005988483 0.9983442 0.05751361 -0.001073555 0.9988743 -0.04740907 -0.001578543 0.9886537 -0.1502057 -0.001511986 0.9509844 -0.3092353 -0.001451731 0.9148158 -0.4038471 -0.004418348 0.8660854 -0.499884 -0.003486417 0.7729155 -0.634508 -0.00117698 0.7071009 -0.707094 -0.005152591 0.6186649 -0.7856341 -0.005726152 0.5155231 -0.85686 -0.005169827 0.4202814 -0.9073905 -0.002457036 0.268703 -0.9632219 -0.00150757 0.1840696 -0.9829112 -0.002004337 -0.015394 -0.9998813 -0.0006171946 -0.1381667 -0.9904072 -0.001835485 -0.2588092 -0.9659281 -0.0008900192 -0.3755738 -0.9267923 -0.0005780953 -0.4865965 -0.8736261 -0.001164745 -0.5902766 -0.807201 -0.0002546715 -0.6849966 -0.7285461 -0.0005730132 -0.7693276 -0.6388539 -0.0008390156 -0.8420135 -0.5394561 -0.0006105949 -0.9019184 -0.431906 -0.0007024007 -0.9481639 -0.3177813 -0.0005495396 -0.9800277 -0.1988598 -0.000581803 -0.9970373 -0.0769183 -0.0004723393 -0 0 1 0 -0 1 0 0 1 0 -0 1 0 -0 1 0 0 1 0 0 1 0 0 1 0 0 1 -0 0 1 0 0 1 0 0 1 0 0 1 0 0 1 0 -0 1 0 0 1 0 0 1 0 0 1 0 0 1 0 -0 1 0 0 1 0 0 1 0 -0 1 0 0 1 0 -0 1 0 0 1 0 0 1 0 0 1 0 0 1 -0 0 1 0 -0 1 0 0 1 0 0 1 0 0 1 0 0 1 0 0 1 0 -0 1 0 0 1 0 0 1 0 0 1 0 -0 1 0 0 1 0 0 1 0 0 1 0 0 1 0 -0 1 0 0 1 0 0 1 -0 0 1 0 0 1 0 0 1 0 0 1 0 0 1 0 0 1 -0 0 1 0 0 1 -0 0 1 0 0 1 0 0 1 0 0 1 -0 0 1 0 0 1 0 0 1 0 0 1 0 0 1 0 0 1 0 0 1 0 0 1 -0 0 1 0 0 1 0 0 1 0 0 1 0 0 1 0 0 1 -0 0 1 0 0 1 0 0 1 0 0 1 0 -0 1 0 0 1 0 0 1 -0 0 1 0 0 1 0 0 1 0 0 1 0 0 1 0 0 1 0 0 1 0 0 1 0 0 1 0 0 1 -0 0 1 0.7617213 -0.6479048 0 0.8557749 -0.5173484 0 0.9276867 -0.3733597 0 0.9755634 -0.219718 0 0.9981756 -0.06037686 0 0.9949355 0.1005164 -0 0.9659239 0.258826 -0 0.9119003 0.410412 -0 0.8342608 0.55137 -0 0.7350062 0.6780604 -0 0.6167174 0.7871847 -0 0.4824607 0.8759177 -0 0.3357084 0.941966 -0 0.1802588 0.9836192 -0 0.02011297 0.9997977 -0 -0.1404902 0.9900821 0 -0.2974963 0.9547229 0 -0.4468153 0.8946262 0 -0.5845148 0.811383 0 -0.6780615 0.7350051 0 -0.7350051 0.6780615 0 -0.7350051 0.6780615 0 -0.811383 0.5845148 0 -0.8946262 0.4468153 0 -0.9547229 0.2974963 0 -0.9900821 0.1404902 0 -0.9997977 -0.02011297 0 -0.9836192 -0.1802588 0 -0.941966 -0.3357084 0 -0.8759177 -0.4824607 0 -0.7871847 -0.6167174 0 -0.6780604 -0.7350062 0 -0.55137 -0.8342608 0 -0.410412 -0.9119003 0 -0.258826 -0.9659239 0 -0.1005164 -0.9949355 0 0.06037686 -0.9981756 0 0.219718 -0.9755634 0 0.3733597 -0.9276867 0 0.5173484 -0.8557749 0 0.6479048 -0.7617213 0 0.6479048 -0.7617213 0 0.5173484 -0.8557749 0 0.3733597 -0.9276867 0 0.219718 -0.9755634 0 0.06037686 -0.9981756 0 -0.1005164 -0.9949355 -0 -0.258826 -0.9659239 -0 -0.410412 -0.9119003 -0 -0.55137 -0.8342608 -0 -0.6780604 -0.7350062 -0 -0.7871847 -0.6167174 -0 -0.8759177 -0.4824607 -0 -0.941966 -0.3357084 -0 -0.9836192 -0.1802588 -0 -0.9997977 -0.02011297 -0 -0.9900821 0.1404902 0 -0.9547229 0.2974963 0 -0.8946262 0.4468153 0 -0.811383 0.5845148 0 -0.6780615 0.7350051 0 -0.5845148 0.811383 0 -0.4468153 0.8946262 0 -0.2974963 0.9547229 0 -0.1404902 0.9900821 0 0.02011297 0.9997977 0 0.1802588 0.9836192 0 0.3357084 0.941966 0 0.4824607 0.8759177 0 0.6167174 0.7871847 0 0.7350062 0.6780604 0 0.8342608 0.55137 0 0.9119003 0.410412 0 0.9659239 0.258826 0 0.9949355 0.1005164 0 0.9981756 -0.06037686 0 0.9755634 -0.219718 0 0.9276867 -0.3733597 0 0.8557749 -0.5173484 0 0.7617213 -0.6479048 0 -0.9933913 -0.1138733 0.01437315 -0.9941486 -0.1075962 0.009569825 -0.9979721 -0.06363644 -0.001440296 -0.9733213 -0.2289198 0.01553513 -0.9853016 -0.1707989 -0.002921102 -0.9852706 -0.1709777 -0.002903362 -0.9751399 -0.2213824 0.009595744 -0.9377275 -0.3467579 0.02064334 -0.9444419 -0.3286317 0.00556751 -0.9608032 -0.2772129 -0.003201634 -0.8798375 -0.4738797 0.03638617 -0.8880169 -0.4593924 0.01960857 -0.8791131 -0.4765591 0.007174375 -0.9031876 -0.429246 0.0003184827 -0.9246612 -0.3807907 -0.0003313436 -0.8230245 -0.5673941 0.02635343 -0.8248022 -0.5649939 0.02198122 -0.8042901 -0.5942146 0.005139655 -0.8516748 -0.5240549 -0.004075862 -0.7132387 -0.7008998 -0.005470489 -0.7502317 -0.6607534 0.02360542 -0.749037 -0.6620123 0.02614165 -0.7848287 -0.6196865 -0.005703243 -0.674284 -0.7383888 0.01108703 -0.6619314 -0.7489455 0.03045388 -0.7132776 -0.7008603 -0.005466594 -0.5911624 -0.8065516 0.001274214 -0.6336798 -0.7735947 -0.001127603 -0.5648938 -0.8246561 0.02893563 -0.5463094 -0.8375638 0.005744391 -0.4593652 -0.8879642 0.02243351 -0.4495337 -0.8927773 0.02946447 -0.5004111 -0.8657804 -0.003603917 -0.4511599 -0.892348 0.0130276 -0.3467919 -0.9378192 0.01517934 -0.3507583 -0.9362547 0.01989693 -0.4040724 -0.9147163 -0.004418347 -0.2042987 -0.9789054 0.002467742 -0.2580395 -0.9661337 0.001130952 -0.3062661 -0.9519457 -0.0007949432 -0.2289142 -0.9732974 0.01703963 -0.2041818 -0.9789298 0.002455949 -0.1514076 -0.9884698 -0.001728642 -0.1075917 -0.9941074 0.0132084 -0.09561861 -0.9953991 0.006145863 -0.04332289 -0.9990581 -0.002409346 0.01539339 -0.9998416 0.008936793 0.009547392 -0.9998782 0.01234385 0.1659423 -0.9861351 0.0008792025 0.05602685 -0.9984288 -0.0009064789 0.1381666 -0.9904067 0.002131466 0.1157451 -0.9931445 0.01633994 0.1659341 -0.9861364 0.0008803092 0.2735235 -0.9618611 0.002861828 0.2588092 -0.9659282 -0.0006977722 0.2251884 -0.9741347 0.01875337 0.3755737 -0.926792 -0.001093394 0.3289616 -0.944074 0.02255369 0.372672 -0.927943 0.006114643 0.4865966 -0.8736262 -0.001070176 0.429803 -0.9025787 0.02492494 0.4740181 -0.8804801 0.007846191 0.5902767 -0.807201 -0.0002937972 0.5280127 -0.8488317 0.02622002 0.5688596 -0.8223781 0.009639604 0.6117579 -0.7910449 0.0004690884 0.6849967 -0.7285461 -0.0003681726 0.6589092 -0.7521481 0.01057718 0.6589808 -0.7520857 0.01054937 0.6974332 -0.7166484 0.001395831 0.7693277 -0.638854 -0.0007368365 0.7390773 -0.6735142 0.01197174 0.7728881 -0.6345376 0.00250254 0.8571373 -0.5150869 0.0009475776 0.8420134 -0.539456 -0.0007697677 0.8094592 -0.5870206 0.01351629 0.8386104 -0.5447193 0.003691287 0.9010056 -0.4337979 0.002878141 0.9019183 -0.431906 -0.000694677 0.8772963 -0.4798137 0.01140695 0.9433239 -0.3318479 0.004125187 0.9481639 -0.3177813 -0.0005505071 0.9250289 -0.3796731 0.01303024 0.9596003 -0.2813668 -0.00015614 0.9829807 -0.1837036 0.001349486 0.9800279 -0.1988599 -0.0001612278 0.961163 -0.2755825 0.01483236 0.9740936 -0.2260788 0.005478933 0.9963083 -0.08579512 0.002969564 0.997036 -0.07693443 -0.0005191526 0.9905646 -0.1366739 0.01011033 0.9972835 0.07365865 0.0002909792 0.9997562 0.02162732 0.00445962 0.9989325 0.04619428 -0.000264359 0.9995032 -0.02904384 0.01224413 0.9840251 0.1780251 0.001312049 0.9916734 0.1286316 0.006150867 0.9856877 0.1685815 -0.0002186398 0.9916622 0.1287183 0.006139852 0.9603189 0.2788912 0.00267607 0.9574942 0.2884523 -0.0004212835 0.9732046 0.2297746 0.008743051 0.9052719 0.4248322 0.0004709117 0.9258959 0.3777535 0.004356903 0.9147964 0.4039153 -0.0001658099 0.9437243 0.3305395 0.01131327 0.9259243 0.3776841 0.004365132 0.8584521 0.5128901 0.001938987 0.858229 0.5132669 -0.0002882931 0.8814235 0.4722837 0.006388312 0.8332795 0.5528518 -0.0002685154 0.7708592 0.6370054 0.000237741 0.8029394 0.5960491 0.003706431 0.7886318 0.6148656 -0.0002683441 0.8325969 0.5537854 0.01020742 0.7285593 0.6849827 -0.0001786556 0.7366448 0.6762795 0.0006417595 0.6623936 0.749154 0.00173135 0.7004294 0.7137216 -0.000330478 0.6849989 0.7285441 -0.0003811992 0.5724813 0.8198881 0.006975443 0.6147665 0.7887072 0.001743453 0.6389214 0.7692719 0.0005169648 0.6622604 0.7492737 -0.0003813095 0.4829669 0.8756247 0.004941025 0.572062 0.8202104 -0.0003599419 0.5279295 0.8492879 0.0007269842 0.5718485 0.8203592 -0.0003575309 0.3572054 0.9339998 0.006975104 0.4858305 0.8740529 -1.276199e-05 0.4354656 0.9002053 1.392054e-05 0.3968821 0.9178658 0.002642226 0.3570608 0.934055 0.006992085 0.2541375 0.9671535 0.005304889 0.3557553 0.9345791 -0.0003798216 0.304829 0.9524068 0.0007463298 0.1096857 0.9939231 0.00926321 0.148283 0.9889377 0.003796664 0.2531838 0.9674182 -7.475114e-05 0.2003042 0.9797338 8.308009e-05 0.1482618 0.9889408 0.003799359 0.01230067 0.9999088 0.005576265 0.06591345 0.9978251 0.000640551 0.1067739 0.9942833 -0.0001153994 -0.1493546 0.9887042 0.01253863 0.01067542 0.9999431 -6.15773e-05 -0.04467686 0.9990014 7.177349e-05 -0.09795278 0.9951818 0.004282857 -0.2450492 0.9694735 0.008481194 -0.1542016 0.9880394 -0.0003575445 -0.2001477 0.9797622 0.002637542 -0.3518021 0.9360467 0.007206109 -0.3017035 0.9534012 0.0009685919 -0.2484227 0.9686516 -0.0005159118 -0.3016327 0.9534238 0.0009647049 -0.4984697 0.8667483 0.01659053 -0.3546769 0.9349888 -0.0002204075 -0.4057234 0.9139959 0.0002605359 -0.4536466 0.8911624 0.005863915 -0.5981088 0.8012298 0.0172272 -0.55676 0.830653 0.00583818 -0.5045637 0.8633744 -0.0003182996 -0.5310115 0.8473608 0.00251202 -0.6834269 0.7298518 0.01561729 -0.6457028 0.7635756 0.004513122 -0.6041927 0.7968382 -0.0004768371 -0.7600948 0.6496642 0.0138675 -0.76013 0.6496227 0.01388332 -0.7261776 0.6875001 0.003111877 -0.6884018 0.725329 -0.0008283469 -0.8423392 0.5385311 0.02118852 -0.790597 0.6123357 0.001197436 -0.7640414 0.6451666 -0.0008671446 -0.8149526 0.5794896 0.006627781 -0.896518 0.4425977 0.0190519 -0.8737747 0.4863075 0.004770798 -0.8470737 0.5314744 -0.0009580243 -0.9398347 0.3412192 0.01674522 -0.9217905 0.3876779 0.002831185 -0.8999326 0.4360275 -0.001180226 -0.9792483 0.2000711 0.03231409 -0.95697 0.2901858 0.0007934539 -0.9419568 0.3357332 -0.0007408555 -0.9690455 0.246673 0.01015205 -0.9953935 0.09110019 0.02987778 -0.990263 0.1390146 0.007357629 -0.9817737 0.1900477 -0.001515171 -0.9817781 0.1900252 -0.001512117 -0.9998197 -0.004645127 0.01841052 -0.999282 0.03773361 0.003426626 -0.9965987 0.08238557 -0.001930978 -0.9998748 0.0153939 0.00362594 -0.9979701 -0.0636676 -0.001440297 -0.9904072 0.1381667 -0.001927809 -0.9659274 0.258809 -0.00151132 -0.9267922 0.3755738 -0.0007399907 -0.8736261 0.4865965 -0.001178463 -0.8072006 0.5902764 -0.0009556442 -0.7285459 0.6849965 -0.0008661771 -0.6388539 0.7693276 -0.0008266961 -0.5394561 0.8420136 -0.0004753328 -0.4319061 0.9019186 -0.0003172902 -0.3177814 0.948164 -0.0002203318 -0.1988598 0.9800277 -0.0005151771 -0.0769183 0.9970374 -0.0003564845 0.04617808 0.9989332 -6.14106e-05 0.1685815 0.9856877 -0.0001151626 0.2884524 0.9574943 -7.469174e-05 0.4039153 0.9147964 -0.0003791646 0.513267 0.858229 -1.277518e-05 0.6148577 0.7886379 -0.0003570376 0.7004511 0.7137002 -0.0003304777 0.736709 0.6762099 -0.0001786855 0.8332432 0.5529066 -0.0002691278 0.8819357 0.4713697 -0.0002886179 0.9446547 0.3280664 -0.0001664383 0.9738266 0.2272916 -0.0004221411 0.9919366 0.1267351 -0.000218867 0.9994392 -0.03348328 -0.0002653148 0.990067 -0.1405952 -0.0005202851 0.9596301 -0.281265 -0.0001617041 0.9229832 -0.38484 -0.0005519704 0.8749149 -0.4842762 -0.0006959244 0.8060238 -0.5918826 -0.0007713344 0.7356254 -0.6773882 -0.000737809 0.655744 -0.7549833 -0.0003685149 0.5193385 -0.8545685 -0.0002948669 0.4215194 -0.9068188 -0.001072849 0.321458 -0.9469232 -0.001095543 0.2192497 -0.9756686 -0.0006981627 0.05574645 -0.9984446 -0.0009064787 -0.04332818 -0.999058 -0.002409346 -0.1511888 -0.9885033 -0.001728644 -0.3066266 -0.9518296 -0.0007949438 -0.4039969 -0.9147497 -0.00441835 -0.500497 -0.8657308 -0.003603908 -0.6337853 -0.7735081 -0.001127606 -0.7682135 -0.6401706 -0.005448217 -0.7847855 -0.6197412 -0.005703249 -0.8516957 -0.5240209 -0.004075864 -0.9249642 -0.3800541 -0.0003313351 -0.9608151 -0.2771717 -0.003201633 -0.9852799 -0.170924 -0.002921102 0 0 1 -0 0 1 -0 0 1 0 0 1 0 0 1 -0 0 1 0 0 1 0 0 1 0 0 1 -0 0 1 0 0 1 0 -0 1 0 0 1 0 0 1 0 0 1 -0 0 1 0 0 1 -0 0 1 0 0 1 0 -0 1 0 0 1 0 0 1 0 0 1 0 0 1 0 0 1 0 0 1 0 0 1 0 0 1 -0 0 1 0 0 1 0 0 1 0 0 1 0 0 1 0 -0 1 0 0 1 0 0 1 0 0 1 0 0 1 0 -0 1 0 0 1 0 -0 1 0 0 1 -0 0 1 0 0 1 0 0 1 0 -0 1 0 -0 1 0 0 1 0 0 1 0 0 1 0 0 1 0 0 1 0 -0 1 0 0 1 0 0 1 0 0 1 0 0 1 0 0 1 0 0 1 0 0 1 0 0 1 0 0 1 0 0 1 0 0 1 0 0 1 0 0 1 0 0 1 0 0 1 0 0 1 0 0 1 0 0 1 0 0 1 0 0 1 0 0 1 0 0 1 -0 0 1 0 0 1 0 -0 1 0 0 1 0 -0 1 0 -0 1 0 0 1 0 0 1 0 0 1 -0 0 1 0 0 1 0 0 1 0 0 1 0 -0 1 -0 0 1 0 0 1 -0 0 1 -0.6479048 -0.7617213 0 -0.5173484 -0.8557749 0 -0.3733597 -0.9276867 0 -0.219718 -0.9755634 0 -0.06037686 -0.9981756 0 0.1005164 -0.9949355 0 0.258826 -0.9659239 0 0.410412 -0.9119003 0 0.55137 -0.8342608 0 0.6780604 -0.7350062 0 0.7871847 -0.6167174 0 0.8759177 -0.4824607 0 0.941966 -0.3357084 0 0.9836192 -0.1802588 0 0.9997977 -0.02011297 0 0.9900821 0.1404902 -0 0.9547229 0.2974963 -0 0.8946262 0.4468153 -0 0.811383 0.5845148 -0 0.6780615 0.7350051 0 0.7071065 0.7071065 -0.0008106804 0.5845148 0.811383 -0 0.4468153 0.8946262 -0 0.2974963 0.9547229 -0 0.1404902 0.9900821 -0 -0.02011297 0.9997977 0 -0.1802588 0.9836192 0 -0.3357084 0.941966 0 -0.4824607 0.8759177 0 -0.6167174 0.7871847 0 -0.7350061 0.6780602 0.0006077816 -0.6927367 0.7211906 0 -0.8342608 0.55137 0 -0.9119003 0.410412 0 -0.9659239 0.258826 0 -0.9949355 0.1005164 0 -0.9981756 -0.06037686 0 -0.9755634 -0.219718 0 -0.9276867 -0.3733597 0 -0.8557749 -0.5173484 0 -0.7617213 -0.6479048 0 -0.7617213 -0.6479048 -0 -0.8557749 -0.5173484 -0 -0.9276867 -0.3733597 -0 -0.9755634 -0.219718 -0 -0.9981756 -0.06037686 -0 -0.9949355 0.1005164 0 -0.9659239 0.258826 0 -0.9119003 0.410412 0 -0.8342608 0.55137 0 -0.7485083 0.6631253 0 -0.6167174 0.7871847 0 -0.4824607 0.8759177 0 -0.3357084 0.941966 0 -0.1802588 0.9836192 0 -0.02011297 0.9997977 0 0.1404902 0.9900821 0 0.2974963 0.9547229 0 0.4468153 0.8946262 0 0.5845148 0.811383 0 0.7350051 0.6780615 0 0.811383 0.5845148 0 0.8946262 0.4468153 0 0.9547229 0.2974963 0 0.9900821 0.1404902 0 0.9997977 -0.02011297 0 0.9836192 -0.1802588 0 0.941966 -0.3357084 0 0.8759177 -0.4824607 0 0.7871847 -0.6167174 0 0.6780604 -0.7350062 0 0.55137 -0.8342608 0 0.410412 -0.9119003 0 0.258826 -0.9659239 0 0.1005164 -0.9949355 0 -0.06037686 -0.9981756 -0 -0.219718 -0.9755634 -0 -0.3733597 -0.9276867 -0 -0.5173484 -0.8557749 -0 -0.6479048 -0.7617213 -0 -1.570093e-16 -1.570093e-16 -1 -1.570091e-16 -1.57009e-16 -1 -1.570097e-16 -1.5701e-16 -1 -1.570087e-16 -1.570087e-16 -1 -1.570086e-16 -1.570088e-16 -1 -1.570104e-16 -1.570089e-16 -1 -1.570092e-16 -1.570089e-16 -1 -1.570092e-16 -1.570141e-16 -1 -1.570087e-16 -1.570082e-16 -1 -1.570099e-16 -1.57011e-16 -1 -1.570093e-16 -1.570094e-16 -1 -1.570099e-16 -1.570101e-16 -1 -1.570088e-16 -1.570086e-16 -1 -1.570093e-16 -1.570093e-16 -1 -1.570104e-16 -1.570104e-16 -1 -1.570091e-16 -1.57009e-16 -1 -1.570092e-16 -1.570093e-16 -1 -1.570095e-16 -1.570107e-16 -1 -1.570084e-16 -1.570052e-16 -1 -1.570097e-16 -1.570107e-16 -1 -1.570101e-16 -1.570099e-16 -1 -1.570093e-16 -1.570093e-16 -1 -1.5701e-16 -1.570095e-16 -1 -1.57012e-16 -1.570106e-16 -1 -1.570076e-16 -1.570083e-16 -1 -1.5701e-16 -1.57009e-16 -1 -1.570104e-16 -1.570088e-16 -1 -1.570074e-16 -1.570093e-16 -1 -1.570093e-16 -1.570099e-16 -1 -1.570093e-16 -1.570073e-16 -1 -1.570093e-16 -1.570076e-16 -1 -1.570095e-16 -1.570098e-16 -1 -1.570094e-16 -1.570099e-16 -1 -1.57009e-16 -1.570086e-16 -1 -1.570092e-16 -1.570092e-16 -1 -1.57008e-16 -1.570083e-16 -1 -1.570091e-16 -1.570091e-16 -1 -1.570098e-16 -1.570095e-16 -1 -1.570087e-16 -1.570087e-16 -1 -1.570088e-16 -1.570086e-16 -1 -1.570098e-16 -1.570095e-16 -1 -1.570082e-16 -1.570104e-16 -1 -1.570089e-16 -1.570083e-16 -1 -1.570095e-16 -1.570098e-16 -1 -1.570091e-16 -1.570092e-16 -1 -1.570084e-16 -1.570082e-16 -1 -1.570102e-16 -1.570106e-16 -1 -1.570092e-16 -1.570092e-16 -1 -1.570104e-16 -1.570104e-16 -1 -1.570099e-16 -1.570096e-16 -1 -1.570056e-16 -1.570067e-16 -1 -1.570071e-16 -1.570085e-16 -1 -1.570084e-16 -1.570089e-16 -1 -1.570092e-16 -1.570092e-16 -1 -1.570008e-16 -1.570094e-16 -1 -1.570054e-16 -1.570092e-16 -1 -1.570046e-16 -1.570094e-16 -1 -1.570098e-16 -1.570089e-16 -1 -1.570095e-16 -1.570091e-16 -1 -1.570093e-16 -1.570093e-16 -1 -1.570093e-16 -1.570088e-16 -1 -1.570085e-16 -1.57007e-16 -1 -1.570103e-16 -1.570104e-16 -1 -1.570094e-16 -1.570092e-16 -1 -1.5701e-16 -1.570095e-16 -1 -1.570092e-16 -1.570141e-16 -1 -1.570091e-16 -1.57009e-16 -1 -1.5701e-16 -1.570102e-16 -1 -1.570091e-16 -1.57009e-16 -1 -1.5701e-16 -1.570095e-16 -1 -1.570083e-16 -1.570089e-16 -1 -1.570084e-16 -1.570097e-16 -1 -1.570096e-16 -1.570085e-16 -1 -1.570085e-16 -1.570096e-16 -1 -1.570086e-16 -1.570111e-16 -1 -1.570093e-16 -1.570089e-16 -1 -1.570095e-16 -1.5701e-16 -1 -1.570091e-16 -1.570091e-16 -1 -1.570093e-16 -1.570094e-16 -1 -1.570087e-16 -1.570087e-16 -1 -1.570088e-16 -1.57009e-16 -1 -1.570112e-16 -1.5701e-16 -1 -1.570073e-16 -1.570086e-16 -1 -1.569375e-16 -1.570033e-16 -1 -1.570092e-16 -1.570092e-16 -1 -1.570073e-16 -1.570092e-16 -1 -1.570103e-16 -1.570092e-16 -1 -1.570137e-16 -1.570089e-16 -1 -1.570112e-16 -1.570091e-16 -1 -1.570084e-16 -1.570092e-16 -1 -1.570093e-16 -1.570092e-16 -1 -1.570105e-16 -1.570086e-16 -1 -1.570095e-16 -1.570091e-16 -1 -1.570098e-16 -1.570072e-16 -1 -1.570089e-16 -1.570098e-16 -1 -1.570085e-16 -1.570088e-16 -1 -1.57009e-16 -1.57009e-16 -1 -1.570093e-16 -1.57009e-16 -1 -1.570093e-16 -1.570104e-16 -1 -1.570091e-16 -1.570109e-16 -1 -1.57007e-16 -1.570059e-16 -1 -1.570107e-16 -1.570097e-16 -1 -1.570083e-16 -1.570089e-16 -1 -1.570099e-16 -1.570095e-16 -1 -1.570093e-16 -1.570088e-16 -1 -1.570106e-16 -1.570114e-16 -1 -1.570103e-16 -1.570104e-16 -1 -1.570093e-16 -1.570093e-16 -1 -1.570104e-16 -1.570104e-16 -1 -1.570091e-16 -1.570091e-16 -1 -1.570051e-16 -1.570084e-16 -1 -1.570114e-16 -1.570076e-16 -1 -1.570076e-16 -1.570115e-16 -1 -1.5701e-16 -1.570063e-16 -1 -1.570093e-16 -1.570086e-16 -1 -1.570091e-16 -1.570091e-16 -1 -1.570085e-16 -1.570087e-16 -1 -1.570099e-16 -1.570094e-16 -1 -1.570139e-16 -1.570096e-16 -1 -1.570092e-16 -1.57002e-16 -1 -1.570093e-16 -1.570093e-16 -1 -1.569857e-16 -1.570113e-16 -1 -1.570112e-16 -1.570091e-16 -1 -1.570076e-16 -1.570093e-16 -1 -1.570054e-16 -1.570092e-16 -1 -1.570104e-16 -1.570091e-16 -1 -1.570094e-16 -1.570092e-16 -1 -1.570099e-16 -1.570088e-16 -1 -1.570092e-16 -1.570093e-16 -1 -1.570098e-16 -1.570087e-16 -1 -1.570084e-16 -1.570098e-16 -1 -1.570096e-16 -1.570088e-16 -1 -1.570092e-16 -1.570093e-16 -1 -1.57009e-16 -1.570099e-16 -1 -1.570082e-16 -1.570111e-16 -1 -1.57009e-16 -1.570099e-16 -1 -1.570089e-16 -1.570103e-16 -1 -1.57009e-16 -1.570093e-16 -1 -1.570083e-16 -1.570076e-16 -1 -1.570093e-16 -1.570092e-16 -1 -1.570092e-16 -1.570093e-16 -1 -1.570081e-16 -1.570093e-16 -1 -1.570091e-16 -1.570097e-16 -1 -1.570106e-16 -1.570102e-16 -1 -1.570106e-16 -1.570095e-16 -1 -1.570092e-16 -1.57005e-16 -1 -1.57007e-16 -1.570059e-16 -1 -1.57008e-16 -1.570083e-16 -1 -1.570107e-16 -1.570097e-16 -1 -1.570104e-16 -1.570083e-16 -1 -1.570092e-16 -1.570097e-16 -1 -1.570104e-16 -1.570104e-16 -1 -1.570089e-16 -1.570103e-16 -1 -1.57009e-16 -1.57009e-16 -1 -1.570092e-16 -1.570093e-16 -1 -1.5701e-16 -1.57009e-16 -1 -1.570086e-16 -1.570088e-16 -1 -1.570104e-16 -1.570089e-16 -1 -1.570095e-16 -1.570091e-16 -1 -1.570081e-16 -1.570095e-16 -1 -1.57008e-16 -1.5701e-16 -1 -1.5701e-16 -1.570086e-16 -1 -1.570093e-16 -1.570093e-16 -1 -1.570131e-16 -1.570092e-16 -1 -1.57007e-16 -1.570091e-16 -1 -1.5701e-16 -1.570093e-16 -1 -1.570088e-16 -1.570092e-16 -1 -1.570124e-16 -1.570094e-16 -1 -1.570071e-16 -1.57009e-16 -1 -1.570105e-16 -1.570089e-16 -1 -1.570085e-16 -1.570091e-16 -1 -1.570135e-16 -1.570093e-16 -1 -1.570092e-16 -1.570093e-16 -1 -1.570088e-16 -1.570094e-16 -1 -1.570086e-16 -1.570094e-16 -1 -1.570085e-16 -1.570096e-16 -1 -1.570102e-16 -1.57009e-16 -1 -1.57008e-16 -1.5701e-16 -1 -1.570086e-16 -1.570095e-16 -1 -1.57006e-16 -1.570125e-16 -1 -1.570086e-16 -1.570097e-16 -1 -1.570101e-16 -1.570081e-16 -1 -1.570091e-16 -1.570095e-16 -1 -1.570088e-16 -1.570085e-16 -1 -1.570106e-16 -1.57012e-16 -1 -1.570121e-16 -1.570107e-16 -1 -1.570092e-16 -1.570069e-16 -1 -1.570051e-16 -1.570084e-16 -1 -1.570093e-16 -1.570099e-16 -1 -1.570093e-16 -1.570073e-16 -1 -1.570092e-16 -1.570093e-16 -1 -1.570094e-16 -1.570092e-16 -1 -1.570099e-16 -1.570095e-16 -1 -1.570086e-16 -1.570093e-16 -1 -1.570097e-16 -1.570092e-16 -1 -1.570084e-16 -1.570097e-16 -1 -1.570086e-16 -1.570093e-16 -1 -1.570097e-16 -1.570092e-16 -1 -1.570097e-16 -1.570084e-16 -1 -1.570089e-16 -1.570091e-16 -1 -1.57009e-16 -1.570093e-16 -1 -1.570089e-16 -1.570098e-16 -1 -1.570093e-16 -1.570092e-16 -1 -1.570121e-16 -1.570107e-16 -1 -1.570076e-16 -1.570083e-16 -1 -1.570093e-16 -1.57009e-16 -1 -1.5701e-16 -1.57009e-16 -1 -1.570072e-16 -1.570099e-16 -1 -1.570099e-16 -1.57009e-16 -1 -1.570087e-16 -1.570095e-16 -1 -1.570108e-16 -1.570092e-16 -1 -1.57009e-16 -1.570092e-16 -1 -1.570101e-16 -1.570092e-16 -1 -1.570122e-16 -1.570093e-16 -1 -1.570085e-16 -1.570091e-16 -1 -1.570067e-16 -1.570109e-16 -1 -1.570059e-16 -1.570104e-16 -1 -1.570117e-16 -1.570092e-16 -1 -1.570097e-16 -1.570087e-16 -1 -1.570099e-16 -1.57009e-16 -1 -1.570089e-16 -1.570096e-16 -1 -1.570091e-16 -1.570095e-16 -1 -1.570099e-16 -1.570087e-16 -1 -1.5701e-16 -1.570079e-16 -1 -1.570088e-16 -1.570105e-16 -1 -1.57009e-16 -1.57009e-16 -1 -1.570103e-16 -1.570115e-16 -1 -1.570098e-16 -1.569996e-16 -1 -1.570093e-16 -1.570107e-16 -1 -1.570106e-16 -1.570102e-16 -1 -1.570089e-16 -1.570092e-16 -1 -1.570063e-16 -1.5701e-16 -1 -1.570111e-16 -1.570086e-16 -1 -1.570095e-16 -1.570098e-16 -1 -1.57009e-16 -1.5701e-16 -1 -1.570085e-16 -1.570088e-16 -1 -1.57009e-16 -1.57009e-16 -1 -1.570098e-16 -1.570089e-16 -1 -1.570112e-16 -1.570082e-16 -1 -1.570093e-16 -1.570093e-16 -1 -1.570103e-16 -1.570092e-16 -1 -1.570129e-16 -1.570075e-16 -1 -1.570097e-16 -1.570092e-16 -1 -1.570082e-16 -1.570094e-16 -1 -1.570097e-16 -1.57009e-16 -1 -1.570125e-16 -1.570059e-16 -1 -1.570093e-16 -1.570093e-16 -1 -1.570096e-16 -1.570082e-16 -1 -1.570088e-16 -1.570085e-16 -1 -1.570097e-16 -1.570032e-16 -1 -1.570092e-16 -1.570072e-16 -1 -1.570111e-16 -1.570086e-16 -1 -1.570082e-16 -1.570104e-16 -1 -1.570063e-16 -1.5701e-16 -1 -1.570083e-16 -1.570076e-16 -1 -1.570088e-16 -1.570085e-16 -1 -1.570081e-16 -1.5701e-16 -1 -1.570091e-16 -1.570073e-16 -1 -1.570092e-16 -1.570108e-16 -1 -1.570102e-16 -1.570092e-16 -1 -1.570125e-16 -1.570059e-16 -1 -1.570021e-16 -1.570114e-16 -1 -1.570104e-16 -1.570087e-16 -1 -1.570091e-16 -1.570105e-16 -1 -1.57009e-16 -1.5701e-16 -1 -1.570087e-16 -1.570154e-16 -1 -1.570089e-16 -1.570129e-16 -1 -1.570093e-16 -1.5701e-16 -1 -1.570106e-16 -1.570095e-16 -1 -1.570096e-16 -1.570085e-16 -1 -1.570088e-16 -1.570085e-16 -1 -1.570104e-16 -1.570088e-16 -1 -1.570093e-16 -1.570102e-16 -1 -1.570092e-16 -1.570092e-16 -1 -1.570074e-16 -1.570098e-16 -1 -1.570127e-16 -1.570059e-16 -1 -1.570091e-16 -1.570134e-16 -1 -1.570089e-16 -1.570146e-16 -1 -1.570128e-16 -1.569687e-16 -1 -1.570092e-16 -1.570093e-16 -1 -1.570114e-16 -1.570076e-16 -1 -1.570106e-16 -1.57012e-16 -1 -1.570093e-16 -1.570131e-16 -1 -1.570099e-16 -1.570086e-16 -1 -1.570093e-16 -1.5701e-16 -1 -1.570095e-16 -1.57017e-16 -1 -1.570089e-16 -1.570092e-16 -1 -1.570093e-16 -1.570091e-16 -1 -1.570092e-16 -1.570086e-16 -1 -1.570104e-16 -1.570083e-16 -1 -0.7617213 0.6479048 0 -0.8557749 0.5173484 0 -0.9276867 0.3733597 0 -0.9755634 0.219718 0 -0.9981756 0.06037686 0 -0.9949355 -0.1005164 0 -0.9659239 -0.258826 0 -0.9119003 -0.410412 0 -0.8342608 -0.55137 0 -0.7350062 -0.6780604 0 -0.6167174 -0.7871847 0 -0.4824607 -0.8759177 0 -0.3357084 -0.941966 0 -0.1802588 -0.9836192 0 -0.02011297 -0.9997977 0 0.1404902 -0.9900821 0 0.2974963 -0.9547229 0 0.4468153 -0.8946262 0 0.5845148 -0.811383 0 0.7071065 -0.7071065 -0.0008106801 0.7350051 -0.6780615 0 0.811383 -0.5845148 0 0.8946262 -0.4468153 0 0.9547229 -0.2974963 0 0.9900821 -0.1404902 0 0.9997977 0.02011297 -0 0.9836192 0.1802588 -0 0.941966 0.3357084 -0 0.8759177 0.4824607 -0 0.7871847 0.6167174 -0 0.6780602 0.7350061 0.0006077816 0.7211906 0.6927367 0 0.55137 0.8342608 -0 0.410412 0.9119003 -0 0.258826 0.9659239 -0 0.1005164 0.9949355 -0 -0.06037686 0.9981756 0 -0.219718 0.9755634 0 -0.3733597 0.9276867 0 -0.5173484 0.8557749 0 -0.6479048 0.7617213 0 -0.6479048 0.7617213 0 -0.5173484 0.8557749 0 -0.3733597 0.9276867 0 -0.219718 0.9755634 0 -0.06037686 0.9981756 0 0.1005164 0.9949355 0 0.258826 0.9659239 0 0.410412 0.9119003 0 0.55137 0.8342608 0 0.6631253 0.7485083 -0 0.7871847 0.6167174 0 0.8759177 0.4824607 0 0.941966 0.3357084 0 0.9836192 0.1802588 0 0.9997977 0.02011297 0 0.9900821 -0.1404902 0 0.9547229 -0.2974963 0 0.8946262 -0.4468153 0 0.811383 -0.5845148 0 0.6780615 -0.7350051 0 0.5845148 -0.811383 0 0.4468153 -0.8946262 0 0.2974963 -0.9547229 0 0.1404902 -0.9900821 0 -0.02011297 -0.9997977 -0 -0.1802588 -0.9836192 -0 -0.3357084 -0.941966 -0 -0.4824607 -0.8759177 -0 -0.6167174 -0.7871847 -0 -0.7350062 -0.6780604 -0 -0.8342608 -0.55137 -0 -0.9119003 -0.410412 -0 -0.9659239 -0.258826 -0 -0.9949355 -0.1005164 -0 -0.9981756 0.06037686 0 -0.9755634 0.219718 0 -0.9276867 0.3733597 0 -0.8557749 0.5173484 0 -0.7617213 0.6479048 0 -0.9941918 -0.1075993 -0.002211731 -0.9978779 -0.05493763 0.03495181 -0.9945778 -0.1035775 0.009317179 -0.9734379 -0.2289472 -0.001384088 -0.9854884 -0.165811 0.03632109 -0.9854474 -0.16609 0.03616004 -0.9769489 -0.2131429 0.01187923 -0.9473715 -0.3198183 0.01426339 -0.9362584 -0.3512634 0.005835157 -0.9379273 -0.3468319 -8.132856e-05 -0.9607542 -0.2748834 0.0372901 -0.8881873 -0.4594813 -0.0004982225 -0.9189114 -0.3932918 0.03038584 -0.8989677 -0.437881 0.0108296 -0.8751681 -0.4838186 0.0006027485 -0.825002 -0.5651297 -0.0004685044 -0.8445693 -0.5352978 0.0126096 -0.8161747 -0.5778021 0.001872161 -0.7610832 -0.6486063 0.007895466 -0.749292 -0.6622391 -0.0009076588 -0.779849 -0.6258031 0.01435479 -0.7616949 -0.6478853 0.00809992 -0.7424113 -0.6699407 0.002234419 -0.6622375 -0.7492934 -0.0008787951 -0.7003078 -0.7137051 0.01393427 -0.6627907 -0.748797 0.003403658 -0.5651313 -0.8250007 -0.0007214012 -0.6162631 -0.7873893 0.01542597 -0.5754405 -0.8178301 0.004695222 -0.4663168 -0.8846103 0.003622841 -0.4959933 -0.8682717 0.00973948 -0.4594736 -0.8881914 -0.0003201625 -0.5250071 -0.8509277 0.01701653 -0.3159211 -0.9487854 6.561141e-05 -0.3656138 -0.9307536 0.004910485 -0.3468366 -0.9379255 -0.000442061 -0.4125194 -0.9108338 0.01447497 -0.2600001 -0.9656086 -6.897068e-05 -0.2289488 -0.9734384 -6.178748e-05 -0.261115 -0.9652867 0.006361175 -0.2099244 -0.9777174 0.0007640931 -0.1200566 -0.9927613 0.00339421 -0.1075969 -0.9941945 -0.0002256814 -0.1620848 -0.9867294 0.009668902 0.03930489 -0.9992271 0.0004660596 -0.01258904 -0.9999086 0.004932521 0.01539271 -0.9998815 -0.0001721822 -0.06314141 -0.9979189 0.01307964 0.1459243 -0.9892948 0.001371515 0.1381684 -0.9904087 -0.0003076591 0.09449383 -0.9955028 0.006715288 0.145872 -0.9893026 0.001376102 0.2467436 -0.9690765 0.002920075 0.2588055 -0.9659293 -0.0003744563 0.1986803 -0.9800227 0.009038285 0.3946027 -0.9188516 0.0005832723 0.346945 -0.9378741 0.004632086 0.3755625 -0.9267971 -0.0001136517 0.2989712 -0.9541889 0.01182024 0.3944919 -0.9188992 0.0005921253 0.4866103 -0.8736191 -0.0003244271 0.4428418 -0.8965745 0.006723782 0.4882374 -0.8727093 0.001650242 0.6100273 -0.7923803 0.0003819808 0.5678731 -0.8231059 0.004093916 0.5902825 -0.8071967 -0.00013942 0.5295547 -0.8482157 0.0100988 0.5677857 -0.8231663 0.004106005 0.6736861 -0.7390175 -0.0002470104 0.6506941 -0.7593343 0.00293503 0.7261062 -0.6875826 3.585366e-05 0.6885345 -0.7252036 -3.160204e-05 0.7179108 -0.6961349 -0.0003728943 0.7981824 -0.6023843 0.006177175 0.7798204 -0.625994 0.00342605 0.7260433 -0.6876488 -0.0003729212 0.7609148 -0.6488512 0.0009384543 0.8828954 -0.4694343 0.01128105 0.8292707 -0.558847 0.0004376016 0.8573891 -0.5146509 0.00429992 0.7985145 -0.6019754 -0.0002795373 0.8292823 -0.5588297 0.0004385251 0.9235997 -0.3832834 0.007567534 0.8836283 -0.4681892 -0.000148507 0.9069068 -0.4213228 0.00271186 0.2703974 0.1216869 -0.9550275 0.524231 -0.37925 0.7624639 0.9705325 -0.2406795 0.01183565 0.9436653 -0.3308994 0.001207796 0.9567014 -0.2910382 0.004393401 0.9245803 -0.3809871 -0.0001232702 0.9318073 -0.3629533 -0.0001007798 0.9481595 -0.3177951 -0.0001562641 0.9908566 -0.1345684 0.009724864 0.9713113 -0.2378113 -0.0001568329 0.9825601 -0.1859207 0.003026898 0.9999201 0.001115174 0.01258495 0.9986748 -0.0512707 0.004490521 0.991304 -0.1315913 -0.0004374281 0.9957956 -0.09159426 0.001294595 0.9912969 -0.1316445 -0.0004379078 0.993713 0.111425 0.01090123 0.999984 0.005647006 -0.0002154155 0.9982247 0.05946488 0.003347021 0.9767486 0.2142212 0.008441907 0.9932867 0.1156774 -0.0004905981 0.9856014 0.1690703 0.002262905 0.9309262 0.3648487 0.01618046 0.9644293 0.2643408 0.0004064055 0.9487065 0.3161018 0.005956457 0.9760716 0.2174491 -0.0002246578 0.9643211 0.2647349 0.0004469526 0.8848544 0.4656409 0.0145286 0.9287897 0.3706073 -0.0001003391 0.9076302 0.4197442 0.004726109 0.8223214 0.568817 0.01532835 0.8393264 0.5435519 0.009085167 0.8819839 0.4712792 -0.0005295474 0.855383 0.5179842 0.003503479 0.7540131 0.6567151 0.01376683 0.7866195 0.6174277 0.003570781 0.8187283 0.5741809 -0.0006502119 0.6766748 0.7361836 0.01203433 0.713484 0.7006678 0.002294973 0.7501326 0.6612868 -0.0008271406 0.5675588 0.8231134 0.01901099 0.5996187 0.8002424 0.008344281 0.6317173 0.7751981 0.001072448 0.6317249 0.7751919 0.001071854 0.6729424 0.7396946 -0.0006646467 0.4734023 0.8806831 0.01695936 0.5166832 0.8561682 0.003814797 0.5613334 0.8275892 -0.001028151 0.3737873 0.9273992 0.01462099 0.4198524 0.9075901 0.00203307 0.4676253 0.8839262 -0.001039556 0.2336076 0.9719004 0.02893292 0.275041 0.9613716 0.0108137 0.3180118 0.9480867 0.0003642616 0.3694007 0.9292701 -0.0003213799 0.1256157 0.9917315 0.02625517 0.173436 0.9848276 0.005875867 0.173463 0.9848229 0.005868211 0.2244043 0.9744948 -0.001580844 0.01643209 0.9996026 0.02290825 0.06530533 0.9978609 0.002993958 0.1178069 0.9930352 -0.001600114 -0.07692891 0.9969836 0.01027559 -0.08571161 0.9961872 0.01626475 -0.04352242 0.9990525 0.0001853315 0.01051209 0.9999447 -0.0001785315 -0.1988376 0.9799111 0.01542209 -0.1870727 0.9823197 0.007215269 -0.1869783 0.9823378 0.00718153 -0.1355075 0.9907724 -0.002793758 -0.3177337 0.9479735 0.01978635 -0.3434486 0.9391681 0.002500405 -0.2924333 0.9562827 0.002491453 -0.2414159 0.9704201 -0.001810898 -0.4317652 0.9016729 0.02376533 -0.464014 0.8858277 -0.0005289306 -0.3941323 0.9190518 -0.001901657 -0.4270986 0.9040038 0.01907952 -0.5392683 0.8416803 0.0276401 -0.5565404 0.8307881 0.007335201 -0.5112555 0.8594286 0.0005412036 -0.4655057 0.8850447 -0.0005410017 -0.6386139 0.7690563 0.02692276 -0.6010177 0.799224 -0.004315341 -0.6423362 0.766147 0.02057066 -0.7268487 0.686403 0.02327708 -0.7051918 0.7089864 0.006539618 -0.6833168 0.7300969 -0.006055027 -0.705386 0.7087919 0.006682116 -0.7282978 0.6847507 0.02643707 -0.7972997 0.6034945 0.01037696 -0.8068663 0.5900319 0.02879225 -0.7630318 0.6463395 -0.005264928 -0.8832636 0.4688191 0.007345556 -0.8574744 0.5145257 0.0009718512 -0.8733192 0.4864493 0.02608869 -0.8831994 0.4689389 0.007426753 -0.8285974 0.5598441 -0.0008787784 -0.9266258 0.3754976 0.0191345 -0.9285589 0.3709195 0.0140422 -0.9059254 0.4234171 -0.004138633 -0.9658653 0.2587876 0.01154228 -0.9466224 0.3223226 -0.003775057 -0.9635998 0.2666191 0.01974133 -0.9903871 0.1381639 0.00664389 -0.9856349 0.1688807 0.001809666 -0.9760755 0.2174261 -0.001593889 -0.9861507 0.1633677 0.02859628 -0.9928211 0.1195402 0.004044096 -0.9977794 0.06656799 -0.002177981 -0.9998254 0.01539337 0.01058932 -0.9999372 0.008808533 0.006927503 -0.9989794 -0.04511255 -0.002216226 -0.9977805 0.06655338 -0.002177982 -0.97602 0.2176748 -0.001593887 -0.9466296 0.3223015 -0.003775054 -0.9059083 0.4234537 -0.004138626 -0.8284342 0.5600856 -0.0008787746 -0.7631013 0.6462575 -0.005264926 -0.6833422 0.7300732 -0.006055015 -0.6009848 0.7992488 -0.004315348 -0.4640604 0.8858034 -0.0005409863 -0.393825 0.9191836 -0.001901666 -0.2413322 0.9704409 -0.001810899 -0.1356402 0.9907542 -0.00279376 0.04619428 0.9989324 -0.0001783495 0.1685827 0.9856862 -0.001597563 0.2884448 0.9574953 -0.001577124 0.4039237 0.9147926 -0.0003211911 0.5132716 0.8582255 -0.001038189 0.6148495 0.7886437 -0.00102551 0.7071081 0.7071052 -0.0006639733 0.7886438 0.6148496 -0.0008255698 0.8582238 0.5132753 -0.0006488408 0.9147941 0.4039201 -0.0005278452 0.9574956 0.2884479 -9.999025e-05 0.9856852 0.1685959 -0.0002243752 0.9989331 0.04617969 -0.0004894566 0.9970373 -0.07691977 -0.0002147806 0.980025 -0.198874 -0.0004368816 0.9019276 -0.4318872 -0.0001230885 0.8420085 -0.5394642 -0.0001480146 0.7693291 -0.6388527 -0.0002791965 0.6892731 -0.7245016 -3.160436e-05 0.6505134 -0.7594948 -0.0002471463 0.5282703 -0.8490762 -0.0001398507 0.4417417 -0.8971422 -0.0003248531 0.2965598 -0.9550143 -0.0001140162 0.1962068 -0.9805624 -0.0003752197 0.09230991 -0.9957303 -0.0003079062 -0.06785231 -0.9976954 -0.0001727178 -0.1657457 -0.9861685 -0.0002261476 -0.2635076 -0.9646573 -6.177406e-05 -0.4181798 -0.9083642 -0.0004433292 -0.5309946 -0.8473752 -0.0003209264 -0.6216018 -0.7833331 -0.0007231522 -0.7046681 -0.7095366 -0.0008802696 -0.7836636 -0.6211848 -0.0009088225 -0.8473466 -0.5310401 -0.0004688753 -0.9236155 -0.3833201 -0.0004994334 -0.9648476 -0.2628105 -8.132623e-05 -0.9878825 -0.1551976 -0.001387784 0 0 1 0 0 1 0 0 1 0 0 1 0 0 1 0 0 1 0 0 1 0 0 1 0 -0 1 0 0 1 0 0 1 0 0 1 0 0 1 0 0 1 0 0 1 0 0 1 0 -0 1 0 -0 1 0 0 1 0 -0 1 0 -0 1 0 -0 1 0 -0 1 0 0 1 -0 0 1 -0 0 1 0 0 1 0 0 1 0 0 1 0 0 1 0 -0 1 0 0 1 0 0 1 -0 0 1 0 0 1 0 0 1 0 0 1 0 0 1 0 0 1 0 0 1 -0 0 1 0 -0 1 0 0 1 0 0 1 0 -0 1 0 0 1 0 -0 1 0 0 1 -0 0 1 0 0 1 -0 0 1 0 0 1 0 0 1 0 0 1 0 0 1 -0 0 1 -0 0 1 -0 0 1 0 0 1 0 0 1 0 0 1 0 0 1 -0 0 1 0 0 1 -0 0 1 0 0 1 0 0 1 0 0 1 0 -0 1 0 0 1 0 0 1 0 0 1 -0 0 1 0 0 1 -0 0 1 0 0 1 0 -0 1 0 0 1 -0 0 1 -0 0 1 0 0 1 0 0 1 0 0 1 0 0 1 0 0 1 0 0 1 0 0 1 0 0 1 0 0 1 0 0 1 -0 0 1 0 0 1</float_array>
          <technique_common>
            <accessor count="9750" source="#cubenormals-array0-array" stride="3">
              <param type="float" name="X"/>
              <param type="float" name="Y"/>
              <param type="float" name="Z"/>
            </accessor>
          </technique_common>
        </source>
        <vertices id="cubeverts-array0-vertices">
          <input semantic="POSITION" source="#cubeverts-array0"/>
        </vertices>
        <triangles count="9750" material="ref_Mesh">
          <input offset="0" semantic="VERTEX" source="#cubeverts-array0-vertices"/>
          <input offset="1" semantic="NORMAL" source="#cubenormals-array0"/>
          <p>0 0 1 0 2 0 3 1 1 1 4 1 5 2 1 2 6 2 7 3 1 3 8 3 9 4 1 4 10 4 11 5 1 5 12 5 13 6 1 6 14 6 15 7 1 7 16 7 17 8 1 8 18 8 19 9 1 9 20 9 21 10 1 10 22 10 23 11 1 11 24 11 25 12 1 12 26 12 27 13 1 13 28 13 29 14 1 14 30 14 31 15 1 15 32 15 33 16 1 16 34 16 35 17 1 17 36 17 37 18 1 18 38 18 39 19 1 19 40 19 41 20 1 20 42 20 43 21 1 21 44 21 45 22 1 22 46 22 1 23 45 23 47 23 48 24 1 24 49 24 50 25 1 25 51 25 52 26 1 26 53 26 54 27 1 27 55 27 56 28 1 28 57 28 58 29 1 29 59 29 60 30 1 30 61 30 62 31 1 31 63 31 64 32 1 32 65 32 66 33 1 33 67 33 68 34 1 34 69 34 70 35 1 35 71 35 72 36 1 36 73 36 74 37 1 37 75 37 76 38 1 38 77 38 78 39 1 39 79 39 80 40 1 40 81 40 82 41 1 41 83 41 84 42 1 42 85 42 86 43 1 43 87 43 88 44 1 44 89 44 90 45 1 45 91 45 1 46 90 46 89 46 1 47 88 47 87 47 1 48 86 48 85 48 1 49 84 49 83 49 1 50 82 50 81 50 1 51 80 51 79 51 1 52 78 52 77 52 1 53 76 53 75 53 1 54 74 54 73 54 1 55 72 55 71 55 1 56 70 56 69 56 1 57 68 57 67 57 1 58 66 58 65 58 1 59 64 59 63 59 1 60 62 60 61 60 1 61 60 61 59 61 1 62 58 62 57 62 1 63 56 63 55 63 1 64 54 64 53 64 1 65 52 65 51 65 1 66 50 66 49 66 1 67 48 67 46 67 1 68 47 68 44 68 1 69 43 69 42 69 1 70 41 70 40 70 1 71 39 71 38 71 1 72 37 72 36 72 1 73 35 73 34 73 1 74 33 74 32 74 1 75 31 75 30 75 1 76 29 76 28 76 1 77 27 77 26 77 1 78 25 78 24 78 1 79 23 79 22 79 1 80 21 80 20 80 1 81 19 81 18 81 1 82 17 82 16 82 1 83 15 83 14 83 1 84 13 84 12 84 1 85 11 85 10 85 1 86 9 86 8 86 1 87 7 87 6 87 1 88 5 88 4 88 1 89 3 89 2 89 1 90 0 90 91 90 92 91 24 91 93 91 24 92 92 92 23 92 23 93 92 93 94 93 93 94 25 94 95 94 25 95 93 95 24 95 96 96 25 96 26 96 97 97 27 97 98 97 27 98 97 98 26 98 26 99 97 99 96 99 25 100 96 100 99 100 100 101 28 101 101 101 28 102 102 102 101 102 102 103 28 103 29 103 28 104 100 104 27 104 103 105 29 105 30 105 104 106 31 106 105 106 31 107 104 107 30 107 30 108 104 108 103 108 29 109 103 109 106 109 107 110 32 110 108 110 109 111 33 111 110 111 33 112 109 112 32 112 32 113 109 113 108 113 32 114 107 114 31 114 111 115 34 115 112 115 34 116 113 116 112 116 113 117 34 117 35 117 34 118 111 118 33 118 114 119 35 119 36 119 115 120 37 120 116 120 37 121 115 121 36 121 36 122 115 122 114 122 35 123 114 123 117 123 118 124 38 124 119 124 38 125 120 125 119 125 120 126 38 126 39 126 38 127 118 127 37 127 121 128 39 128 40 128 122 129 41 129 123 129 41 130 122 130 40 130 40 131 122 131 121 131 39 132 121 132 124 132 125 133 41 133 42 133 126 134 43 134 127 134 43 135 126 135 42 135 42 136 126 136 125 136 41 137 125 137 128 137 129 138 44 138 130 138 44 139 131 139 130 139 131 140 44 140 47 140 44 141 129 141 43 141 45 142 132 142 47 142 133 143 46 143 134 143 134 144 48 144 135 144 48 145 134 145 46 145 46 146 133 146 45 146 132 147 45 147 133 147 136 148 49 148 137 148 138 149 50 149 139 149 50 150 138 150 49 150 49 151 138 151 137 151 49 152 136 152 48 152 140 153 51 153 141 153 51 154 142 154 141 154 142 155 51 155 52 155 51 156 140 156 50 156 143 157 52 157 53 157 144 158 54 158 145 158 54 159 144 159 53 159 53 160 144 160 143 160 52 161 143 161 146 161 147 162 55 162 148 162 55 163 149 163 148 163 149 164 55 164 56 164 55 165 147 165 54 165 150 166 56 166 57 166 151 167 58 167 152 167 58 168 151 168 57 168 57 169 151 169 150 169 56 170 150 170 153 170 154 171 60 171 155 171 156 172 58 172 157 172 157 173 59 173 154 173 59 174 157 174 58 174 58 175 156 175 152 175 61 176 158 176 159 176 160 177 61 177 159 177 61 178 160 178 60 178 60 179 160 179 155 179 161 180 64 180 162 180 163 181 62 181 164 181 164 182 63 182 161 182 63 183 164 183 62 183 62 184 163 184 158 184 165 185 66 185 166 185 66 186 165 186 65 186 65 187 165 187 167 187 168 188 65 188 167 188 65 189 168 189 64 189 64 190 168 190 162 190 67 191 169 191 170 191 171 192 67 192 170 192 67 193 171 193 66 193 66 194 171 194 166 194 172 195 70 195 173 195 174 196 68 196 175 196 175 197 69 197 172 197 69 198 175 198 68 198 68 199 174 199 169 199 71 200 176 200 177 200 178 201 71 201 177 201 71 202 178 202 70 202 70 203 178 203 173 203 179 204 74 204 180 204 181 205 72 205 182 205 182 206 73 206 179 206 73 207 182 207 72 207 72 208 181 208 176 208 183 209 76 209 184 209 185 210 74 210 186 210 186 211 75 211 183 211 75 212 186 212 74 212 74 213 185 213 180 213 77 214 187 214 188 214 189 215 77 215 188 215 77 216 189 216 76 216 76 217 189 217 184 217 190 218 80 218 191 218 192 219 78 219 193 219 193 220 79 220 190 220 79 221 193 221 78 221 78 222 192 222 187 222 194 223 82 223 195 223 82 224 194 224 81 224 81 225 194 225 196 225 197 226 81 226 196 226 81 227 197 227 80 227 80 228 197 228 191 228 83 229 198 229 199 229 200 230 83 230 199 230 83 231 200 231 82 231 82 232 200 232 195 232 201 233 86 233 202 233 203 234 84 234 204 234 204 235 85 235 201 235 85 236 204 236 84 236 84 237 203 237 198 237 87 238 205 238 206 238 207 239 87 239 206 239 87 240 207 240 86 240 86 241 207 241 202 241 208 242 90 242 209 242 210 243 88 243 211 243 211 244 89 244 208 244 89 245 211 245 88 245 88 246 210 246 205 246 212 247 0 247 213 247 214 248 90 248 215 248 215 249 91 249 212 249 91 250 215 250 90 250 90 251 214 251 209 251 2 252 216 252 217 252 218 253 2 253 217 253 2 254 218 254 0 254 0 255 218 255 213 255 219 256 5 256 220 256 221 257 3 257 222 257 222 258 4 258 219 258 4 259 222 259 3 259 3 260 221 260 216 260 223 261 7 261 224 261 7 262 223 262 6 262 6 263 223 263 225 263 226 264 6 264 225 264 6 265 226 265 5 265 5 266 226 266 220 266 227 267 9 267 228 267 229 268 8 268 227 268 8 269 229 269 7 269 7 270 229 270 224 270 230 271 11 271 231 271 232 272 9 272 233 272 233 273 10 273 230 273 10 274 233 274 9 274 9 275 232 275 228 275 234 276 12 276 235 276 12 277 236 277 235 277 236 278 12 278 13 278 12 279 234 279 11 279 237 280 13 280 14 280 238 281 15 281 239 281 15 282 238 282 14 282 14 283 238 283 237 283 13 284 237 284 240 284 241 285 16 285 242 285 243 286 17 286 244 286 17 287 243 287 16 287 16 288 243 288 242 288 16 289 241 289 15 289 245 290 18 290 246 290 18 291 247 291 246 291 247 292 18 292 19 292 18 293 245 293 17 293 248 294 19 294 20 294 249 295 21 295 250 295 21 296 249 296 20 296 20 297 249 297 248 297 19 298 248 298 251 298 22 299 94 299 252 299 253 300 22 300 252 300 22 301 253 301 21 301 94 302 22 302 23 302 21 303 253 303 250 303 19 304 251 304 247 304 17 305 245 305 244 305 15 306 241 306 239 306 13 307 240 307 236 307 11 308 234 308 231 308 11 309 230 309 10 309 9 310 227 310 8 310 5 311 219 311 4 311 216 312 2 312 3 312 0 313 212 313 91 313 90 314 208 314 89 314 205 315 87 315 88 315 86 316 201 316 85 316 198 317 83 317 84 317 80 318 190 318 79 318 187 319 77 319 78 319 76 320 183 320 75 320 74 321 179 321 73 321 176 322 71 322 72 322 70 323 172 323 69 323 169 324 67 324 68 324 64 325 161 325 63 325 158 326 61 326 62 326 60 327 154 327 59 327 56 328 153 328 149 328 54 329 147 329 145 329 52 330 146 330 142 330 50 331 140 331 139 331 48 332 136 332 135 332 47 333 132 333 131 333 43 334 129 334 127 334 41 335 128 335 123 335 39 336 124 336 120 336 37 337 118 337 116 337 35 338 117 338 113 338 33 339 111 339 110 339 31 340 107 340 105 340 29 341 106 341 102 341 27 342 100 342 98 342 25 343 99 343 95 343 94 344 254 344 255 344 93 345 254 345 92 345 95 346 256 346 93 346 256 347 95 347 257 347 96 348 257 348 99 348 97 349 258 349 96 349 98 350 259 350 260 350 98 351 260 351 97 351 101 352 259 352 100 352 102 353 261 353 101 353 261 354 102 354 262 354 106 355 263 355 262 355 103 356 264 356 263 356 105 357 265 357 264 357 105 358 264 358 104 358 108 359 265 359 107 359 109 360 266 360 108 360 110 361 267 361 268 361 110 362 268 362 109 362 112 363 267 363 111 363 113 364 269 364 112 364 269 365 113 365 270 365 117 366 271 366 270 366 114 367 272 367 271 367 116 368 273 368 272 368 116 369 272 369 115 369 119 370 273 370 118 370 120 371 274 371 119 371 274 372 120 372 275 372 121 373 275 373 124 373 122 374 276 374 121 374 123 375 277 375 122 375 277 376 123 376 278 376 128 377 279 377 278 377 125 378 280 378 279 378 127 379 281 379 280 379 127 380 280 380 126 380 129 381 282 381 281 381 131 382 282 382 130 382 282 383 131 383 283 383 132 384 284 384 283 384 134 385 284 385 133 385 135 386 285 386 286 386 135 387 286 387 134 387 136 388 287 388 285 388 137 389 288 389 287 389 139 390 289 390 288 390 139 391 288 391 138 391 141 392 289 392 140 392 142 393 290 393 141 393 290 394 142 394 291 394 146 395 292 395 291 395 143 396 293 396 292 396 145 397 294 397 293 397 145 398 293 398 144 398 147 399 295 399 294 399 149 400 295 400 148 400 295 401 149 401 296 401 150 402 296 402 153 402 151 403 297 403 150 403 152 404 298 404 151 404 298 405 152 405 299 405 156 406 300 406 299 406 157 407 301 407 300 407 155 408 302 408 301 408 155 409 301 409 154 409 159 410 302 410 160 410 158 411 303 411 159 411 303 412 158 412 304 412 163 413 305 413 304 413 164 414 306 414 305 414 162 415 307 415 306 415 162 416 306 416 161 416 167 417 307 417 168 417 165 418 308 418 167 418 166 419 309 419 310 419 166 420 310 420 165 420 171 421 311 421 309 421 169 422 311 422 170 422 311 423 169 423 312 423 174 424 313 424 312 424 172 425 313 425 175 425 173 426 314 426 315 426 173 427 315 427 172 427 177 428 314 428 178 428 176 429 316 429 177 429 316 430 176 430 317 430 181 431 318 431 317 431 182 432 319 432 318 432 180 433 319 433 179 433 319 434 180 434 320 434 186 435 320 435 185 435 183 436 321 436 186 436 184 437 322 437 323 437 184 438 323 438 183 438 189 439 324 439 322 439 187 440 324 440 188 440 324 441 187 441 325 441 193 442 325 442 192 442 190 443 326 443 193 443 191 444 327 444 328 444 191 445 328 445 190 445 197 446 329 446 327 446 196 447 330 447 329 447 195 448 331 448 330 448 195 449 330 449 194 449 200 450 332 450 331 450 198 451 332 451 199 451 332 452 198 452 333 452 204 453 333 453 203 453 201 454 334 454 204 454 202 455 335 455 336 455 202 456 336 456 201 456 207 457 337 457 335 457 205 458 337 458 206 458 337 459 205 459 338 459 211 460 338 460 210 460 208 461 339 461 211 461 209 462 340 462 208 462 340 463 209 463 341 463 215 464 341 464 214 464 212 465 342 465 215 465 213 466 343 466 344 466 213 467 344 467 212 467 217 468 343 468 218 468 216 469 345 469 217 469 345 470 216 470 346 470 222 471 346 471 221 471 219 472 347 472 222 472 220 473 348 473 349 473 220 474 349 474 219 474 226 475 350 475 348 475 225 476 351 476 350 476 224 477 352 477 351 477 224 478 351 478 223 478 227 479 352 479 229 479 228 480 353 480 227 480 353 481 228 481 354 481 233 482 354 482 232 482 230 483 355 483 233 483 231 484 356 484 357 484 231 485 357 485 230 485 234 486 358 486 356 486 236 487 358 487 235 487 358 488 236 488 359 488 240 489 360 489 359 489 237 490 361 490 360 490 239 491 361 491 238 491 361 492 239 492 362 492 242 493 362 493 241 493 242 494 363 494 364 494 244 495 365 495 363 495 244 496 363 496 243 496 245 497 366 497 365 497 247 498 366 498 246 498 366 499 247 499 367 499 248 500 367 500 251 500 249 501 368 501 248 501 250 502 369 502 370 502 250 503 370 503 249 503 252 504 369 504 253 504 94 505 371 505 252 505 372 506 255 506 254 506 373 507 254 507 256 507 374 508 256 508 257 508 375 509 257 509 258 509 376 510 258 510 260 510 377 511 260 511 259 511 378 512 259 512 261 512 379 513 261 513 262 513 380 514 262 514 263 514 381 515 263 515 264 515 382 516 264 516 265 516 383 517 265 517 266 517 384 518 266 518 268 518 385 519 268 519 267 519 386 520 267 520 269 520 387 521 269 521 270 521 388 522 270 522 271 522 389 523 271 523 272 523 390 524 272 524 273 524 391 525 273 525 274 525 392 526 274 526 275 526 393 527 275 527 276 527 394 528 276 528 277 528 395 529 277 529 278 529 396 530 278 530 279 530 397 531 279 531 280 531 398 532 280 532 281 532 399 533 281 533 282 533 400 534 282 534 283 534 401 535 283 535 284 535 402 536 284 536 286 536 403 537 286 537 285 537 404 538 285 538 287 538 405 539 287 539 288 539 406 540 288 540 289 540 407 541 289 541 290 541 408 542 290 542 291 542 409 543 291 543 292 543 410 544 292 544 293 544 411 545 293 545 294 545 412 546 294 546 295 546 413 547 295 547 296 547 414 548 296 548 297 548 415 549 297 549 298 549 416 550 298 550 299 550 417 551 299 551 300 551 418 552 300 552 301 552 419 553 301 553 302 553 420 554 302 554 303 554 421 555 303 555 304 555 422 556 304 556 305 556 423 557 305 557 306 557 424 558 306 558 307 558 425 559 307 559 308 559 426 560 308 560 310 560 427 561 310 561 309 561 428 562 309 562 311 562 429 563 311 563 312 563 430 564 312 564 313 564 431 565 313 565 315 565 432 566 315 566 314 566 433 567 314 567 316 567 434 568 316 568 317 568 435 569 317 569 318 569 436 570 318 570 319 570 437 571 319 571 320 571 438 572 320 572 321 572 439 573 321 573 323 573 440 574 323 574 322 574 441 575 322 575 324 575 442 576 324 576 325 576 443 577 325 577 326 577 444 578 326 578 328 578 445 579 328 579 327 579 446 580 327 580 329 580 447 581 329 581 330 581 448 582 330 582 331 582 449 583 331 583 332 583 450 584 332 584 333 584 451 585 333 585 334 585 452 586 334 586 336 586 453 587 336 587 335 587 454 588 335 588 337 588 455 589 337 589 338 589 456 590 338 590 339 590 457 591 339 591 340 591 458 592 340 592 341 592 459 593 341 593 342 593 460 594 342 594 344 594 461 595 344 595 343 595 462 596 343 596 345 596 463 597 345 597 346 597 464 598 346 598 347 598 465 599 347 599 349 599 466 600 349 600 348 600 467 601 348 601 350 601 468 602 350 602 351 602 469 603 351 603 352 603 470 604 352 604 353 604 471 605 353 605 354 605 472 606 354 606 355 606 473 607 355 607 357 607 474 608 357 608 356 608 475 609 356 609 358 609 476 610 358 610 359 610 477 611 359 611 360 611 478 612 360 612 361 612 479 613 361 613 362 613 480 614 362 614 364 614 481 615 364 615 363 615 482 616 363 616 365 616 483 617 365 617 366 617 484 618 366 618 367 618 485 619 367 619 368 619 486 620 368 620 370 620 487 621 370 621 369 621 488 622 369 622 371 622 489 623 371 623 255 623 490 624 489 624 372 624 491 625 372 625 373 625 492 626 373 626 374 626 493 627 374 627 375 627 494 628 375 628 376 628 495 629 376 629 377 629 496 630 377 630 378 630 497 631 378 631 379 631 498 632 379 632 380 632 499 633 380 633 381 633 500 634 381 634 382 634 501 635 382 635 383 635 502 636 383 636 384 636 503 637 384 637 385 637 504 638 385 638 386 638 505 639 386 639 387 639 506 640 387 640 388 640 507 641 388 641 389 641 508 642 389 642 390 642 509 643 390 643 391 643 510 644 391 644 392 644 511 645 392 645 393 645 512 646 393 646 394 646 513 647 394 647 395 647 514 648 395 648 396 648 515 649 396 649 397 649 516 650 397 650 398 650 517 651 398 651 399 651 518 652 399 652 400 652 519 653 400 653 401 653 520 654 401 654 402 654 521 655 402 655 403 655 522 656 403 656 404 656 523 657 404 657 405 657 524 658 405 658 406 658 525 659 406 659 407 659 526 660 407 660 408 660 527 661 408 661 409 661 528 662 409 662 410 662 529 663 410 663 411 663 530 664 411 664 412 664 531 665 412 665 413 665 532 666 413 666 414 666 533 667 414 667 415 667 534 668 415 668 416 668 535 669 416 669 417 669 536 670 417 670 418 670 537 671 418 671 419 671 538 672 419 672 420 672 539 673 420 673 421 673 540 674 421 674 422 674 541 675 422 675 423 675 542 676 423 676 424 676 543 677 424 677 425 677 544 678 425 678 426 678 545 679 426 679 427 679 546 680 427 680 428 680 547 681 428 681 429 681 548 682 429 682 430 682 549 683 430 683 431 683 550 684 431 684 432 684 551 685 432 685 433 685 552 686 433 686 434 686 553 687 434 687 435 687 554 688 435 688 436 688 555 689 436 689 437 689 556 690 437 690 438 690 557 691 438 691 439 691 558 692 439 692 440 692 559 693 440 693 441 693 560 694 441 694 442 694 561 695 442 695 443 695 562 696 443 696 444 696 563 697 444 697 445 697 564 698 445 698 446 698 565 699 446 699 447 699 566 700 447 700 448 700 567 701 448 701 449 701 568 702 449 702 450 702 569 703 450 703 451 703 570 704 451 704 452 704 571 705 452 705 453 705 572 706 453 706 454 706 573 707 454 707 455 707 574 708 455 708 456 708 575 709 456 709 457 709 576 710 457 710 458 710 577 711 458 711 459 711 578 712 459 712 460 712 579 713 460 713 461 713 580 714 461 714 462 714 581 715 462 715 463 715 582 716 463 716 464 716 583 717 464 717 465 717 584 718 465 718 466 718 585 719 466 719 467 719 586 720 467 720 468 720 587 721 468 721 469 721 588 722 469 722 470 722 589 723 470 723 471 723 590 724 471 724 472 724 591 725 472 725 473 725 592 726 473 726 474 726 593 727 474 727 475 727 594 728 475 728 476 728 595 729 476 729 477 729 596 730 477 730 478 730 597 731 478 731 479 731 598 732 479 732 480 732 599 733 480 733 481 733 600 734 481 734 482 734 601 735 482 735 483 735 602 736 483 736 484 736 603 737 484 737 485 737 604 738 485 738 486 738 605 739 486 739 487 739 606 740 487 740 488 740 607 741 488 741 489 741 608 742 607 742 490 742 609 743 490 743 491 743 610 744 491 744 492 744 611 745 492 745 493 745 612 746 493 746 494 746 613 747 494 747 495 747 614 748 495 748 496 748 615 749 496 749 497 749 616 750 497 750 498 750 617 751 498 751 499 751 618 752 499 752 500 752 619 753 500 753 501 753 620 754 501 754 502 754 621 755 502 755 503 755 622 756 503 756 504 756 623 757 504 757 505 757 624 758 505 758 506 758 625 759 506 759 507 759 626 760 507 760 508 760 627 761 508 761 509 761 628 762 509 762 510 762 629 763 510 763 511 763 630 764 511 764 512 764 631 765 512 765 513 765 632 766 513 766 514 766 633 767 514 767 515 767 634 768 515 768 516 768 635 769 516 769 517 769 636 770 517 770 518 770 637 771 518 771 519 771 638 772 519 772 520 772 639 773 520 773 521 773 640 774 521 774 522 774 641 775 522 775 523 775 642 776 523 776 524 776 643 777 524 777 525 777 644 778 525 778 526 778 645 779 526 779 527 779 646 780 527 780 528 780 647 781 528 781 529 781 648 782 529 782 530 782 649 783 530 783 531 783 650 784 531 784 532 784 651 785 532 785 533 785 652 786 533 786 534 786 653 787 534 787 535 787 654 788 535 788 536 788 655 789 536 789 537 789 656 790 537 790 538 790 657 791 538 791 539 791 658 792 539 792 540 792 659 793 540 793 541 793 660 794 541 794 542 794 661 795 542 795 543 795 662 796 543 796 544 796 663 797 544 797 545 797 664 798 545 798 546 798 665 799 546 799 547 799 666 800 547 800 548 800 667 801 548 801 549 801 668 802 549 802 550 802 669 803 550 803 551 803 670 804 551 804 552 804 671 805 552 805 553 805 672 806 553 806 554 806 673 807 554 807 555 807 674 808 555 808 556 808 675 809 556 809 557 809 676 810 557 810 558 810 677 811 558 811 559 811 678 812 559 812 560 812 679 813 560 813 561 813 680 814 561 814 562 814 681 815 562 815 563 815 682 816 563 816 564 816 683 817 564 817 565 817 684 818 565 818 566 818 685 819 566 819 567 819 686 820 567 820 568 820 687 821 568 821 569 821 688 822 569 822 570 822 689 823 570 823 571 823 690 824 571 824 572 824 691 825 572 825 573 825 692 826 573 826 574 826 693 827 574 827 575 827 694 828 575 828 576 828 695 829 576 829 577 829 696 830 577 830 578 830 697 831 578 831 579 831 698 832 579 832 580 832 699 833 580 833 581 833 700 834 581 834 582 834 701 835 582 835 583 835 702 836 583 836 584 836 703 837 584 837 585 837 704 838 585 838 586 838 705 839 586 839 587 839 706 840 587 840 588 840 707 841 588 841 589 841 708 842 589 842 590 842 709 843 590 843 591 843 710 844 591 844 592 844 711 845 592 845 593 845 712 846 593 846 594 846 713 847 594 847 595 847 714 848 595 848 596 848 715 849 596 849 597 849 716 850 597 850 598 850 717 851 598 851 599 851 718 852 599 852 600 852 719 853 600 853 601 853 720 854 601 854 602 854 721 855 602 855 603 855 722 856 603 856 604 856 723 857 604 857 605 857 724 858 605 858 606 858 725 859 606 859 607 859 726 860 725 860 608 860 727 861 608 861 609 861 728 862 609 862 610 862 729 863 610 863 611 863 730 864 611 864 612 864 731 865 612 865 613 865 732 866 613 866 614 866 733 867 614 867 615 867 734 868 615 868 616 868 735 869 616 869 617 869 736 870 617 870 618 870 737 871 618 871 619 871 738 872 619 872 620 872 739 873 620 873 621 873 740 874 621 874 622 874 741 875 622 875 623 875 742 876 623 876 624 876 743 877 624 877 625 877 744 878 625 878 626 878 745 879 626 879 627 879 746 880 627 880 628 880 747 881 628 881 629 881 748 882 629 882 630 882 749 883 630 883 631 883 750 884 631 884 632 884 751 885 632 885 633 885 752 886 633 886 634 886 753 887 634 887 635 887 754 888 635 888 636 888 755 889 636 889 637 889 756 890 637 890 638 890 757 891 638 891 639 891 758 892 639 892 640 892 759 893 640 893 641 893 760 894 641 894 642 894 761 895 642 895 643 895 762 896 643 896 644 896 763 897 644 897 645 897 764 898 645 898 646 898 765 899 646 899 647 899 766 900 647 900 648 900 767 901 648 901 649 901 768 902 649 902 650 902 769 903 650 903 651 903 770 904 651 904 652 904 771 905 652 905 653 905 772 906 653 906 654 906 773 907 654 907 655 907 774 908 655 908 656 908 775 909 656 909 657 909 776 910 657 910 658 910 777 911 658 911 659 911 778 912 659 912 660 912 779 913 660 913 661 913 780 914 661 914 662 914 781 915 662 915 663 915 782 916 663 916 664 916 783 917 664 917 665 917 784 918 665 918 666 918 785 919 666 919 667 919 786 920 667 920 668 920 787 921 668 921 669 921 788 922 669 922 670 922 789 923 670 923 671 923 790 924 671 924 672 924 791 925 672 925 673 925 792 926 673 926 674 926 793 927 674 927 675 927 794 928 675 928 676 928 795 929 676 929 677 929 796 930 677 930 678 930 797 931 678 931 679 931 798 932 679 932 680 932 799 933 680 933 681 933 800 934 681 934 682 934 801 935 682 935 683 935 802 936 683 936 684 936 803 937 684 937 685 937 804 938 685 938 686 938 805 939 686 939 687 939 806 940 687 940 688 940 807 941 688 941 689 941 808 942 689 942 690 942 809 943 690 943 691 943 810 944 691 944 692 944 811 945 692 945 693 945 812 946 693 946 694 946 813 947 694 947 695 947 814 948 695 948 696 948 815 949 696 949 697 949 816 950 697 950 698 950 817 951 698 951 699 951 818 952 699 952 700 952 819 953 700 953 701 953 820 954 701 954 702 954 821 955 702 955 703 955 822 956 703 956 704 956 823 957 704 957 705 957 824 958 705 958 706 958 825 959 706 959 707 959 826 960 707 960 708 960 827 961 708 961 709 961 828 962 709 962 710 962 829 963 710 963 711 963 830 964 711 964 712 964 831 965 712 965 713 965 832 966 713 966 714 966 833 967 714 967 715 967 834 968 715 968 716 968 835 969 716 969 717 969 836 970 717 970 718 970 837 971 718 971 719 971 838 972 719 972 720 972 839 973 720 973 721 973 840 974 721 974 722 974 841 975 722 975 723 975 842 976 723 976 724 976 843 977 724 977 725 977 844 978 843 978 726 978 845 979 726 979 727 979 846 980 727 980 728 980 847 981 728 981 729 981 848 982 729 982 730 982 849 983 730 983 731 983 850 984 731 984 732 984 851 985 732 985 733 985 852 986 733 986 734 986 853 987 734 987 735 987 854 988 735 988 736 988 855 989 736 989 737 989 856 990 737 990 738 990 857 991 738 991 739 991 858 992 739 992 740 992 859 993 740 993 741 993 860 994 741 994 742 994 861 995 742 995 743 995 862 996 743 996 744 996 863 997 744 997 745 997 864 998 745 998 746 998 865 999 746 999 747 999 866 1000 747 1000 748 1000 867 1001 748 1001 749 1001 868 1002 749 1002 750 1002 869 1003 750 1003 751 1003 870 1004 751 1004 752 1004 871 1005 752 1005 753 1005 872 1006 753 1006 754 1006 873 1007 754 1007 755 1007 874 1008 755 1008 756 1008 875 1009 756 1009 757 1009 876 1010 757 1010 758 1010 877 1011 758 1011 759 1011 878 1012 759 1012 760 1012 879 1013 760 1013 761 1013 880 1014 761 1014 762 1014 881 1015 762 1015 763 1015 882 1016 763 1016 764 1016 883 1017 764 1017 765 1017 884 1018 765 1018 766 1018 885 1019 766 1019 767 1019 886 1020 767 1020 768 1020 887 1021 768 1021 769 1021 888 1022 769 1022 770 1022 889 1023 770 1023 771 1023 890 1024 771 1024 772 1024 891 1025 772 1025 773 1025 892 1026 773 1026 774 1026 893 1027 774 1027 775 1027 894 1028 775 1028 776 1028 895 1029 776 1029 777 1029 896 1030 777 1030 778 1030 897 1031 778 1031 779 1031 898 1032 779 1032 780 1032 899 1033 780 1033 781 1033 900 1034 781 1034 782 1034 901 1035 782 1035 783 1035 902 1036 783 1036 784 1036 903 1037 784 1037 785 1037 904 1038 785 1038 786 1038 905 1039 786 1039 787 1039 906 1040 787 1040 788 1040 907 1041 788 1041 789 1041 908 1042 789 1042 790 1042 909 1043 790 1043 791 1043 910 1044 791 1044 792 1044 911 1045 792 1045 793 1045 912 1046 793 1046 794 1046 913 1047 794 1047 795 1047 914 1048 795 1048 796 1048 915 1049 796 1049 797 1049 916 1050 797 1050 798 1050 917 1051 798 1051 799 1051 918 1052 799 1052 800 1052 919 1053 800 1053 801 1053 920 1054 801 1054 802 1054 921 1055 802 1055 803 1055 922 1056 803 1056 804 1056 923 1057 804 1057 805 1057 924 1058 805 1058 806 1058 925 1059 806 1059 807 1059 926 1060 807 1060 808 1060 927 1061 808 1061 809 1061 928 1062 809 1062 810 1062 929 1063 810 1063 811 1063 930 1064 811 1064 812 1064 931 1065 812 1065 813 1065 932 1066 813 1066 814 1066 933 1067 814 1067 815 1067 934 1068 815 1068 816 1068 935 1069 816 1069 817 1069 936 1070 817 1070 818 1070 937 1071 818 1071 819 1071 938 1072 819 1072 820 1072 939 1073 820 1073 821 1073 940 1074 821 1074 822 1074 941 1075 822 1075 823 1075 942 1076 823 1076 824 1076 943 1077 824 1077 825 1077 944 1078 825 1078 826 1078 945 1079 826 1079 827 1079 946 1080 827 1080 828 1080 947 1081 828 1081 829 1081 948 1082 829 1082 830 1082 949 1083 830 1083 831 1083 950 1084 831 1084 832 1084 951 1085 832 1085 833 1085 952 1086 833 1086 834 1086 953 1087 834 1087 835 1087 954 1088 835 1088 836 1088 955 1089 836 1089 837 1089 956 1090 837 1090 838 1090 957 1091 838 1091 839 1091 958 1092 839 1092 840 1092 959 1093 840 1093 841 1093 960 1094 841 1094 842 1094 961 1095 842 1095 843 1095 962 1096 961 1096 844 1096 963 1097 844 1097 845 1097 964 1098 845 1098 846 1098 965 1099 846 1099 847 1099 966 1100 847 1100 848 1100 967 1101 848 1101 849 1101 968 1102 849 1102 850 1102 969 1103 850 1103 851 1103 970 1104 851 1104 852 1104 971 1105 852 1105 853 1105 972 1106 853 1106 854 1106 973 1107 854 1107 855 1107 974 1108 855 1108 856 1108 975 1109 856 1109 857 1109 976 1110 857 1110 858 1110 977 1111 858 1111 859 1111 978 1112 859 1112 860 1112 979 1113 860 1113 861 1113 980 1114 861 1114 862 1114 981 1115 862 1115 863 1115 982 1116 863 1116 864 1116 983 1117 864 1117 865 1117 984 1118 865 1118 866 1118 985 1119 866 1119 867 1119 986 1120 867 1120 868 1120 987 1121 868 1121 869 1121 988 1122 869 1122 870 1122 989 1123 870 1123 871 1123 990 1124 871 1124 872 1124 991 1125 872 1125 873 1125 992 1126 873 1126 874 1126 993 1127 874 1127 875 1127 994 1128 875 1128 876 1128 995 1129 876 1129 877 1129 996 1130 877 1130 878 1130 997 1131 878 1131 879 1131 998 1132 879 1132 880 1132 999 1133 880 1133 881 1133 1000 1134 881 1134 882 1134 1001 1135 882 1135 883 1135 1002 1136 883 1136 884 1136 1003 1137 884 1137 885 1137 1004 1138 885 1138 886 1138 1005 1139 886 1139 887 1139 1006 1140 887 1140 888 1140 1007 1141 888 1141 889 1141 1008 1142 889 1142 890 1142 1009 1143 890 1143 891 1143 1010 1144 891 1144 892 1144 1011 1145 892 1145 893 1145 1012 1146 893 1146 894 1146 1013 1147 894 1147 895 1147 1014 1148 895 1148 896 1148 1015 1149 896 1149 897 1149 1016 1150 897 1150 898 1150 1017 1151 898 1151 899 1151 1018 1152 899 1152 900 1152 1019 1153 900 1153 901 1153 1020 1154 901 1154 902 1154 1021 1155 902 1155 903 1155 1022 1156 903 1156 904 1156 1023 1157 904 1157 905 1157 1024 1158 905 1158 906 1158 1025 1159 906 1159 907 1159 1026 1160 907 1160 908 1160 1027 1161 908 1161 909 1161 1028 1162 909 1162 910 1162 1029 1163 910 1163 911 1163 1030 1164 911 1164 912 1164 1031 1165 912 1165 913 1165 1032 1166 913 1166 914 1166 1033 1167 914 1167 915 1167 1034 1168 915 1168 916 1168 1035 1169 916 1169 917 1169 1036 1170 917 1170 918 1170 1037 1171 918 1171 919 1171 1038 1172 919 1172 920 1172 1039 1173 920 1173 921 1173 1040 1174 921 1174 922 1174 1041 1175 922 1175 923 1175 1042 1176 923 1176 924 1176 1043 1177 924 1177 925 1177 1044 1178 925 1178 926 1178 1045 1179 926 1179 927 1179 1046 1180 927 1180 928 1180 1047 1181 928 1181 929 1181 1048 1182 929 1182 930 1182 1049 1183 930 1183 931 1183 1050 1184 931 1184 932 1184 1051 1185 932 1185 933 1185 1052 1186 933 1186 934 1186 1053 1187 934 1187 935 1187 1054 1188 935 1188 936 1188 1055 1189 936 1189 937 1189 1056 1190 937 1190 938 1190 1057 1191 938 1191 939 1191 1058 1192 939 1192 940 1192 1059 1193 940 1193 941 1193 1060 1194 941 1194 942 1194 1061 1195 942 1195 943 1195 1062 1196 943 1196 944 1196 1063 1197 944 1197 945 1197 1064 1198 945 1198 946 1198 1065 1199 946 1199 947 1199 1066 1200 947 1200 948 1200 1067 1201 948 1201 949 1201 1068 1202 949 1202 950 1202 1069 1203 950 1203 951 1203 1070 1204 951 1204 952 1204 1071 1205 952 1205 953 1205 1072 1206 953 1206 954 1206 1073 1207 954 1207 955 1207 1074 1208 955 1208 956 1208 1075 1209 956 1209 957 1209 1076 1210 957 1210 958 1210 1077 1211 958 1211 959 1211 1078 1212 959 1212 960 1212 1079 1213 960 1213 961 1213 1080 1214 1079 1214 962 1214 1081 1215 962 1215 963 1215 1082 1216 963 1216 964 1216 1083 1217 964 1217 965 1217 1084 1218 965 1218 966 1218 1085 1219 966 1219 967 1219 1086 1220 967 1220 968 1220 1087 1221 968 1221 969 1221 1088 1222 969 1222 970 1222 1089 1223 970 1223 971 1223 1090 1224 971 1224 972 1224 1091 1225 972 1225 973 1225 1092 1226 973 1226 974 1226 1093 1227 974 1227 975 1227 1094 1228 975 1228 976 1228 1095 1229 976 1229 977 1229 1096 1230 977 1230 978 1230 1097 1231 978 1231 979 1231 1098 1232 979 1232 980 1232 1099 1233 980 1233 981 1233 1100 1234 981 1234 982 1234 1101 1235 982 1235 983 1235 1102 1236 983 1236 984 1236 1103 1237 984 1237 985 1237 1104 1238 985 1238 986 1238 1105 1239 986 1239 987 1239 1106 1240 987 1240 988 1240 1107 1241 988 1241 989 1241 1108 1242 989 1242 990 1242 1109 1243 990 1243 991 1243 1110 1244 991 1244 992 1244 1111 1245 992 1245 993 1245 1112 1246 993 1246 994 1246 1113 1247 994 1247 995 1247 1114 1248 995 1248 996 1248 1115 1249 996 1249 997 1249 1116 1250 997 1250 998 1250 1117 1251 998 1251 999 1251 1118 1252 999 1252 1000 1252 1119 1253 1000 1253 1001 1253 1120 1254 1001 1254 1002 1254 1121 1255 1002 1255 1003 1255 1122 1256 1003 1256 1004 1256 1123 1257 1004 1257 1005 1257 1124 1258 1005 1258 1006 1258 1125 1259 1006 1259 1007 1259 1126 1260 1007 1260 1008 1260 1127 1261 1008 1261 1009 1261 1128 1262 1009 1262 1010 1262 1129 1263 1010 1263 1011 1263 1130 1264 1011 1264 1012 1264 1131 1265 1012 1265 1013 1265 1132 1266 1013 1266 1014 1266 1133 1267 1014 1267 1015 1267 1134 1268 1015 1268 1016 1268 1135 1269 1016 1269 1017 1269 1136 1270 1017 1270 1018 1270 1137 1271 1018 1271 1019 1271 1138 1272 1019 1272 1020 1272 1139 1273 1020 1273 1021 1273 1140 1274 1021 1274 1022 1274 1141 1275 1022 1275 1023 1275 1142 1276 1023 1276 1024 1276 1143 1277 1024 1277 1025 1277 1144 1278 1025 1278 1026 1278 1145 1279 1026 1279 1027 1279 1146 1280 1027 1280 1028 1280 1147 1281 1028 1281 1029 1281 1148 1282 1029 1282 1030 1282 1149 1283 1030 1283 1031 1283 1150 1284 1031 1284 1032 1284 1151 1285 1032 1285 1033 1285 1152 1286 1033 1286 1034 1286 1153 1287 1034 1287 1035 1287 1154 1288 1035 1288 1036 1288 1155 1289 1036 1289 1037 1289 1156 1290 1037 1290 1038 1290 1157 1291 1038 1291 1039 1291 1158 1292 1039 1292 1040 1292 1159 1293 1040 1293 1041 1293 1160 1294 1041 1294 1042 1294 1161 1295 1042 1295 1043 1295 1162 1296 1043 1296 1044 1296 1163 1297 1044 1297 1045 1297 1164 1298 1045 1298 1046 1298 1165 1299 1046 1299 1047 1299 1166 1300 1047 1300 1048 1300 1167 1301 1048 1301 1049 1301 1168 1302 1049 1302 1050 1302 1169 1303 1050 1303 1051 1303 1170 1304 1051 1304 1052 1304 1171 1305 1052 1305 1053 1305 1172 1306 1053 1306 1054 1306 1173 1307 1054 1307 1055 1307 1174 1308 1055 1308 1056 1308 1175 1309 1056 1309 1057 1309 1176 1310 1057 1310 1058 1310 1177 1311 1058 1311 1059 1311 1178 1312 1059 1312 1060 1312 1179 1313 1060 1313 1061 1313 1180 1314 1061 1314 1062 1314 1181 1315 1062 1315 1063 1315 1182 1316 1063 1316 1064 1316 1183 1317 1064 1317 1065 1317 1184 1318 1065 1318 1066 1318 1185 1319 1066 1319 1067 1319 1186 1320 1067 1320 1068 1320 1187 1321 1068 1321 1069 1321 1188 1322 1069 1322 1070 1322 1189 1323 1070 1323 1071 1323 1190 1324 1071 1324 1072 1324 1191 1325 1072 1325 1073 1325 1192 1326 1073 1326 1074 1326 1193 1327 1074 1327 1075 1327 1194 1328 1075 1328 1076 1328 1195 1329 1076 1329 1077 1329 1196 1330 1077 1330 1078 1330 1197 1331 1078 1331 1079 1331 1198 1332 1197 1332 1080 1332 1199 1333 1080 1333 1081 1333 1200 1334 1081 1334 1082 1334 1201 1335 1082 1335 1083 1335 1202 1336 1083 1336 1084 1336 1203 1337 1084 1337 1085 1337 1204 1338 1085 1338 1086 1338 1205 1339 1086 1339 1087 1339 1206 1340 1087 1340 1088 1340 1207 1341 1088 1341 1089 1341 1208 1342 1089 1342 1090 1342 1209 1343 1090 1343 1091 1343 1210 1344 1091 1344 1092 1344 1211 1345 1092 1345 1093 1345 1212 1346 1093 1346 1094 1346 1213 1347 1094 1347 1095 1347 1214 1348 1095 1348 1096 1348 1215 1349 1096 1349 1097 1349 1216 1350 1097 1350 1098 1350 1217 1351 1098 1351 1099 1351 1218 1352 1099 1352 1100 1352 1219 1353 1100 1353 1101 1353 1220 1354 1101 1354 1102 1354 1221 1355 1102 1355 1103 1355 1222 1356 1103 1356 1104 1356 1223 1357 1104 1357 1105 1357 1224 1358 1105 1358 1106 1358 1225 1359 1106 1359 1107 1359 1226 1360 1107 1360 1108 1360 1227 1361 1108 1361 1109 1361 1228 1362 1109 1362 1110 1362 1229 1363 1110 1363 1111 1363 1230 1364 1111 1364 1112 1364 1231 1365 1112 1365 1113 1365 1232 1366 1113 1366 1114 1366 1233 1367 1114 1367 1115 1367 1234 1368 1115 1368 1116 1368 1235 1369 1116 1369 1117 1369 1236 1370 1117 1370 1118 1370 1237 1371 1118 1371 1119 1371 1238 1372 1119 1372 1120 1372 1239 1373 1120 1373 1121 1373 1240 1374 1121 1374 1122 1374 1241 1375 1122 1375 1123 1375 1242 1376 1123 1376 1124 1376 1243 1377 1124 1377 1125 1377 1244 1378 1125 1378 1126 1378 1245 1379 1126 1379 1127 1379 1246 1380 1127 1380 1128 1380 1247 1381 1128 1381 1129 1381 1248 1382 1129 1382 1130 1382 1249 1383 1130 1383 1131 1383 1250 1384 1131 1384 1132 1384 1251 1385 1132 1385 1133 1385 1252 1386 1133 1386 1134 1386 1253 1387 1134 1387 1135 1387 1254 1388 1135 1388 1136 1388 1255 1389 1136 1389 1137 1389 1256 1390 1137 1390 1138 1390 1257 1391 1138 1391 1139 1391 1258 1392 1139 1392 1140 1392 1259 1393 1140 1393 1141 1393 1260 1394 1141 1394 1142 1394 1261 1395 1142 1395 1143 1395 1262 1396 1143 1396 1144 1396 1263 1397 1144 1397 1145 1397 1264 1398 1145 1398 1146 1398 1265 1399 1146 1399 1147 1399 1266 1400 1147 1400 1148 1400 1267 1401 1148 1401 1149 1401 1268 1402 1149 1402 1150 1402 1269 1403 1150 1403 1151 1403 1270 1404 1151 1404 1152 1404 1271 1405 1152 1405 1153 1405 1272 1406 1153 1406 1154 1406 1273 1407 1154 1407 1155 1407 1274 1408 1155 1408 1156 1408 1275 1409 1156 1409 1157 1409 1276 1410 1157 1410 1158 1410 1277 1411 1158 1411 1159 1411 1278 1412 1159 1412 1160 1412 1279 1413 1160 1413 1161 1413 1280 1414 1161 1414 1162 1414 1281 1415 1162 1415 1163 1415 1282 1416 1163 1416 1164 1416 1283 1417 1164 1417 1165 1417 1284 1418 1165 1418 1166 1418 1285 1419 1166 1419 1167 1419 1286 1420 1167 1420 1168 1420 1287 1421 1168 1421 1169 1421 1288 1422 1169 1422 1170 1422 1289 1423 1170 1423 1171 1423 1290 1424 1171 1424 1172 1424 1291 1425 1172 1425 1173 1425 1292 1426 1173 1426 1174 1426 1293 1427 1174 1427 1175 1427 1294 1428 1175 1428 1176 1428 1295 1429 1176 1429 1177 1429 1296 1430 1177 1430 1178 1430 1297 1431 1178 1431 1179 1431 1298 1432 1179 1432 1180 1432 1299 1433 1180 1433 1181 1433 1300 1434 1181 1434 1182 1434 1301 1435 1182 1435 1183 1435 1302 1436 1183 1436 1184 1436 1303 1437 1184 1437 1185 1437 1304 1438 1185 1438 1186 1438 1305 1439 1186 1439 1187 1439 1306 1440 1187 1440 1188 1440 1307 1441 1188 1441 1189 1441 1308 1442 1189 1442 1190 1442 1309 1443 1190 1443 1191 1443 1310 1444 1191 1444 1192 1444 1311 1445 1192 1445 1193 1445 1312 1446 1193 1446 1194 1446 1313 1447 1194 1447 1195 1447 1314 1448 1195 1448 1196 1448 1315 1449 1196 1449 1197 1449 1316 1450 1315 1450 1198 1450 1317 1451 1198 1451 1199 1451 1318 1452 1199 1452 1200 1452 1319 1453 1200 1453 1201 1453 1320 1454 1201 1454 1202 1454 1321 1455 1202 1455 1203 1455 1322 1456 1203 1456 1204 1456 1323 1457 1204 1457 1205 1457 1324 1458 1205 1458 1206 1458 1325 1459 1206 1459 1207 1459 1326 1460 1207 1460 1208 1460 1327 1461 1208 1461 1209 1461 1328 1462 1209 1462 1210 1462 1329 1463 1210 1463 1211 1463 1330 1464 1211 1464 1212 1464 1331 1465 1212 1465 1213 1465 1332 1466 1213 1466 1214 1466 1333 1467 1214 1467 1215 1467 1334 1468 1215 1468 1216 1468 1335 1469 1216 1469 1217 1469 1336 1470 1217 1470 1218 1470 1337 1471 1218 1471 1219 1471 1338 1472 1219 1472 1220 1472 1339 1473 1220 1473 1221 1473 1340 1474 1221 1474 1222 1474 1341 1475 1222 1475 1223 1475 1342 1476 1223 1476 1224 1476 1343 1477 1224 1477 1225 1477 1344 1478 1225 1478 1226 1478 1345 1479 1226 1479 1227 1479 1346 1480 1227 1480 1228 1480 1347 1481 1228 1481 1229 1481 1348 1482 1229 1482 1230 1482 1349 1483 1230 1483 1231 1483 1350 1484 1231 1484 1232 1484 1351 1485 1232 1485 1233 1485 1352 1486 1233 1486 1234 1486 1353 1487 1234 1487 1235 1487 1354 1488 1235 1488 1236 1488 1355 1489 1236 1489 1237 1489 1356 1490 1237 1490 1238 1490 1357 1491 1238 1491 1239 1491 1358 1492 1239 1492 1240 1492 1359 1493 1240 1493 1241 1493 1360 1494 1241 1494 1242 1494 1361 1495 1242 1495 1243 1495 1362 1496 1243 1496 1244 1496 1363 1497 1244 1497 1245 1497 1364 1498 1245 1498 1246 1498 1365 1499 1246 1499 1247 1499 1366 1500 1247 1500 1248 1500 1367 1501 1248 1501 1249 1501 1368 1502 1249 1502 1250 1502 1369 1503 1250 1503 1251 1503 1370 1504 1251 1504 1252 1504 1371 1505 1252 1505 1253 1505 1372 1506 1253 1506 1254 1506 1373 1507 1254 1507 1255 1507 1374 1508 1255 1508 1256 1508 1375 1509 1256 1509 1257 1509 1376 1510 1257 1510 1258 1510 1377 1511 1258 1511 1259 1511 1378 1512 1259 1512 1260 1512 1379 1513 1260 1513 1261 1513 1380 1514 1261 1514 1262 1514 1381 1515 1262 1515 1263 1515 1382 1516 1263 1516 1264 1516 1383 1517 1264 1517 1265 1517 1384 1518 1265 1518 1266 1518 1385 1519 1266 1519 1267 1519 1386 1520 1267 1520 1268 1520 1387 1521 1268 1521 1269 1521 1388 1522 1269 1522 1270 1522 1389 1523 1270 1523 1271 1523 1390 1524 1271 1524 1272 1524 1391 1525 1272 1525 1273 1525 1392 1526 1273 1526 1274 1526 1393 1527 1274 1527 1275 1527 1394 1528 1275 1528 1276 1528 1395 1529 1276 1529 1277 1529 1396 1530 1277 1530 1278 1530 1397 1531 1278 1531 1279 1531 1398 1532 1279 1532 1280 1532 1399 1533 1280 1533 1281 1533 1400 1534 1281 1534 1282 1534 1401 1535 1282 1535 1283 1535 1402 1536 1283 1536 1284 1536 1403 1537 1284 1537 1285 1537 1404 1538 1285 1538 1286 1538 1405 1539 1286 1539 1287 1539 1406 1540 1287 1540 1288 1540 1407 1541 1288 1541 1289 1541 1408 1542 1289 1542 1290 1542 1409 1543 1290 1543 1291 1543 1410 1544 1291 1544 1292 1544 1411 1545 1292 1545 1293 1545 1412 1546 1293 1546 1294 1546 1413 1547 1294 1547 1295 1547 1414 1548 1295 1548 1296 1548 1415 1549 1296 1549 1297 1549 1416 1550 1297 1550 1298 1550 1417 1551 1298 1551 1299 1551 1418 1552 1299 1552 1300 1552 1419 1553 1300 1553 1301 1553 1420 1554 1301 1554 1302 1554 1421 1555 1302 1555 1303 1555 1422 1556 1303 1556 1304 1556 1423 1557 1304 1557 1305 1557 1424 1558 1305 1558 1306 1558 1425 1559 1306 1559 1307 1559 1426 1560 1307 1560 1308 1560 1427 1561 1308 1561 1309 1561 1428 1562 1309 1562 1310 1562 1429 1563 1310 1563 1311 1563 1430 1564 1311 1564 1312 1564 1431 1565 1312 1565 1313 1565 1432 1566 1313 1566 1314 1566 1433 1567 1314 1567 1315 1567 1434 1568 1433 1568 1316 1568 1435 1569 1316 1569 1317 1569 1436 1570 1317 1570 1318 1570 1437 1571 1318 1571 1319 1571 1438 1572 1319 1572 1320 1572 1439 1573 1320 1573 1321 1573 1440 1574 1321 1574 1322 1574 1441 1575 1322 1575 1323 1575 1442 1576 1323 1576 1324 1576 1443 1577 1324 1577 1325 1577 1444 1578 1325 1578 1326 1578 1445 1579 1326 1579 1327 1579 1446 1580 1327 1580 1328 1580 1447 1581 1328 1581 1329 1581 1448 1582 1329 1582 1330 1582 1449 1583 1330 1583 1331 1583 1450 1584 1331 1584 1332 1584 1451 1585 1332 1585 1333 1585 1452 1586 1333 1586 1334 1586 1453 1587 1334 1587 1335 1587 1454 1588 1335 1588 1336 1588 1455 1589 1336 1589 1337 1589 1456 1590 1337 1590 1338 1590 1457 1591 1338 1591 1339 1591 1458 1592 1339 1592 1340 1592 1459 1593 1340 1593 1341 1593 1460 1594 1341 1594 1342 1594 1461 1595 1342 1595 1343 1595 1462 1596 1343 1596 1344 1596 1463 1597 1344 1597 1345 1597 1464 1598 1345 1598 1346 1598 1465 1599 1346 1599 1347 1599 1466 1600 1347 1600 1348 1600 1467 1601 1348 1601 1349 1601 1468 1602 1349 1602 1350 1602 1469 1603 1350 1603 1351 1603 1470 1604 1351 1604 1352 1604 1471 1605 1352 1605 1353 1605 1472 1606 1353 1606 1354 1606 1473 1607 1354 1607 1355 1607 1474 1608 1355 1608 1356 1608 1475 1609 1356 1609 1357 1609 1476 1610 1357 1610 1358 1610 1477 1611 1358 1611 1359 1611 1478 1612 1359 1612 1360 1612 1479 1613 1360 1613 1361 1613 1480 1614 1361 1614 1362 1614 1481 1615 1362 1615 1363 1615 1482 1616 1363 1616 1364 1616 1483 1617 1364 1617 1365 1617 1484 1618 1365 1618 1366 1618 1485 1619 1366 1619 1367 1619 1486 1620 1367 1620 1368 1620 1487 1621 1368 1621 1369 1621 1488 1622 1369 1622 1370 1622 1489 1623 1370 1623 1371 1623 1490 1624 1371 1624 1372 1624 1491 1625 1372 1625 1373 1625 1492 1626 1373 1626 1374 1626 1493 1627 1374 1627 1375 1627 1494 1628 1375 1628 1376 1628 1495 1629 1376 1629 1377 1629 1496 1630 1377 1630 1378 1630 1497 1631 1378 1631 1379 1631 1498 1632 1379 1632 1380 1632 1499 1633 1380 1633 1381 1633 1500 1634 1381 1634 1382 1634 1501 1635 1382 1635 1383 1635 1502 1636 1383 1636 1384 1636 1503 1637 1384 1637 1385 1637 1504 1638 1385 1638 1386 1638 1505 1639 1386 1639 1387 1639 1506 1640 1387 1640 1388 1640 1507 1641 1388 1641 1389 1641 1508 1642 1389 1642 1390 1642 1509 1643 1390 1643 1391 1643 1510 1644 1391 1644 1392 1644 1511 1645 1392 1645 1393 1645 1512 1646 1393 1646 1394 1646 1513 1647 1394 1647 1395 1647 1514 1648 1395 1648 1396 1648 1515 1649 1396 1649 1397 1649 1516 1650 1397 1650 1398 1650 1517 1651 1398 1651 1399 1651 1518 1652 1399 1652 1400 1652 1519 1653 1400 1653 1401 1653 1520 1654 1401 1654 1402 1654 1521 1655 1402 1655 1403 1655 1522 1656 1403 1656 1404 1656 1523 1657 1404 1657 1405 1657 1524 1658 1405 1658 1406 1658 1525 1659 1406 1659 1407 1659 1526 1660 1407 1660 1408 1660 1527 1661 1408 1661 1409 1661 1528 1662 1409 1662 1410 1662 1529 1663 1410 1663 1411 1663 1530 1664 1411 1664 1412 1664 1531 1665 1412 1665 1413 1665 1532 1666 1413 1666 1414 1666 1533 1667 1414 1667 1415 1667 1534 1668 1415 1668 1416 1668 1535 1669 1416 1669 1417 1669 1536 1670 1417 1670 1418 1670 1537 1671 1418 1671 1419 1671 1538 1672 1419 1672 1420 1672 1539 1673 1420 1673 1421 1673 1540 1674 1421 1674 1422 1674 1541 1675 1422 1675 1423 1675 1542 1676 1423 1676 1424 1676 1543 1677 1424 1677 1425 1677 1544 1678 1425 1678 1426 1678 1545 1679 1426 1679 1427 1679 1546 1680 1427 1680 1428 1680 1547 1681 1428 1681 1429 1681 1548 1682 1429 1682 1430 1682 1549 1683 1430 1683 1431 1683 1550 1684 1431 1684 1432 1684 1551 1685 1432 1685 1433 1685 1552 1686 1551 1686 1434 1686 1553 1687 1434 1687 1435 1687 1554 1688 1435 1688 1436 1688 1555 1689 1436 1689 1437 1689 1556 1690 1437 1690 1438 1690 1557 1691 1438 1691 1439 1691 1558 1692 1439 1692 1440 1692 1559 1693 1440 1693 1441 1693 1560 1694 1441 1694 1442 1694 1561 1695 1442 1695 1443 1695 1562 1696 1443 1696 1444 1696 1563 1697 1444 1697 1445 1697 1564 1698 1445 1698 1446 1698 1565 1699 1446 1699 1447 1699 1566 1700 1447 1700 1448 1700 1567 1701 1448 1701 1449 1701 1568 1702 1449 1702 1450 1702 1569 1703 1450 1703 1451 1703 1570 1704 1451 1704 1452 1704 1571 1705 1452 1705 1453 1705 1572 1706 1453 1706 1454 1706 1573 1707 1454 1707 1455 1707 1574 1708 1455 1708 1456 1708 1575 1709 1456 1709 1457 1709 1576 1710 1457 1710 1458 1710 1577 1711 1458 1711 1459 1711 1578 1712 1459 1712 1460 1712 1579 1713 1460 1713 1461 1713 1580 1714 1461 1714 1462 1714 1581 1715 1462 1715 1463 1715 1582 1716 1463 1716 1464 1716 1583 1717 1464 1717 1465 1717 1584 1718 1465 1718 1466 1718 1585 1719 1466 1719 1467 1719 1586 1720 1467 1720 1468 1720 1587 1721 1468 1721 1469 1721 1588 1722 1469 1722 1470 1722 1589 1723 1470 1723 1471 1723 1590 1724 1471 1724 1472 1724 1591 1725 1472 1725 1473 1725 1592 1726 1473 1726 1474 1726 1593 1727 1474 1727 1475 1727 1594 1728 1475 1728 1476 1728 1595 1729 1476 1729 1477 1729 1596 1730 1477 1730 1478 1730 1597 1731 1478 1731 1479 1731 1598 1732 1479 1732 1480 1732 1599 1733 1480 1733 1481 1733 1600 1734 1481 1734 1482 1734 1601 1735 1482 1735 1483 1735 1602 1736 1483 1736 1484 1736 1603 1737 1484 1737 1485 1737 1604 1738 1485 1738 1486 1738 1605 1739 1486 1739 1487 1739 1606 1740 1487 1740 1488 1740 1607 1741 1488 1741 1489 1741 1608 1742 1489 1742 1490 1742 1609 1743 1490 1743 1491 1743 1610 1744 1491 1744 1492 1744 1611 1745 1492 1745 1493 1745 1612 1746 1493 1746 1494 1746 1613 1747 1494 1747 1495 1747 1614 1748 1495 1748 1496 1748 1615 1749 1496 1749 1497 1749 1616 1750 1497 1750 1498 1750 1617 1751 1498 1751 1499 1751 1618 1752 1499 1752 1500 1752 1619 1753 1500 1753 1501 1753 1620 1754 1501 1754 1502 1754 1621 1755 1502 1755 1503 1755 1622 1756 1503 1756 1504 1756 1623 1757 1504 1757 1505 1757 1624 1758 1505 1758 1506 1758 1625 1759 1506 1759 1507 1759 1626 1760 1507 1760 1508 1760 1627 1761 1508 1761 1509 1761 1628 1762 1509 1762 1510 1762 1629 1763 1510 1763 1511 1763 1630 1764 1511 1764 1512 1764 1631 1765 1512 1765 1513 1765 1632 1766 1513 1766 1514 1766 1633 1767 1514 1767 1515 1767 1634 1768 1515 1768 1516 1768 1635 1769 1516 1769 1517 1769 1636 1770 1517 1770 1518 1770 1637 1771 1518 1771 1519 1771 1638 1772 1519 1772 1520 1772 1639 1773 1520 1773 1521 1773 1640 1774 1521 1774 1522 1774 1641 1775 1522 1775 1523 1775 1642 1776 1523 1776 1524 1776 1643 1777 1524 1777 1525 1777 1644 1778 1525 1778 1526 1778 1645 1779 1526 1779 1527 1779 1646 1780 1527 1780 1528 1780 1647 1781 1528 1781 1529 1781 1648 1782 1529 1782 1530 1782 1649 1783 1530 1783 1531 1783 1650 1784 1531 1784 1532 1784 1651 1785 1532 1785 1533 1785 1652 1786 1533 1786 1534 1786 1653 1787 1534 1787 1535 1787 1654 1788 1535 1788 1536 1788 1655 1789 1536 1789 1537 1789 1656 1790 1537 1790 1538 1790 1657 1791 1538 1791 1539 1791 1658 1792 1539 1792 1540 1792 1659 1793 1540 1793 1541 1793 1660 1794 1541 1794 1542 1794 1661 1795 1542 1795 1543 1795 1662 1796 1543 1796 1544 1796 1663 1797 1544 1797 1545 1797 1664 1798 1545 1798 1546 1798 1665 1799 1546 1799 1547 1799 1666 1800 1547 1800 1548 1800 1667 1801 1548 1801 1549 1801 1668 1802 1549 1802 1550 1802 1669 1803 1550 1803 1551 1803 1670 1804 1669 1804 1552 1804 1671 1805 1552 1805 1553 1805 1672 1806 1553 1806 1554 1806 1673 1807 1554 1807 1555 1807 1674 1808 1555 1808 1556 1808 1675 1809 1556 1809 1557 1809 1676 1810 1557 1810 1558 1810 1677 1811 1558 1811 1559 1811 1678 1812 1559 1812 1560 1812 1679 1813 1560 1813 1561 1813 1680 1814 1561 1814 1562 1814 1681 1815 1562 1815 1563 1815 1682 1816 1563 1816 1564 1816 1683 1817 1564 1817 1565 1817 1684 1818 1565 1818 1566 1818 1685 1819 1566 1819 1567 1819 1686 1820 1567 1820 1568 1820 1687 1821 1568 1821 1569 1821 1688 1822 1569 1822 1570 1822 1689 1823 1570 1823 1571 1823 1690 1824 1571 1824 1572 1824 1691 1825 1572 1825 1573 1825 1692 1826 1573 1826 1574 1826 1693 1827 1574 1827 1575 1827 1694 1828 1575 1828 1576 1828 1695 1829 1576 1829 1577 1829 1696 1830 1577 1830 1578 1830 1697 1831 1578 1831 1579 1831 1698 1832 1579 1832 1580 1832 1699 1833 1580 1833 1581 1833 1700 1834 1581 1834 1582 1834 1701 1835 1582 1835 1583 1835 1702 1836 1583 1836 1584 1836 1703 1837 1584 1837 1585 1837 1704 1838 1585 1838 1586 1838 1705 1839 1586 1839 1587 1839 1706 1840 1587 1840 1588 1840 1707 1841 1588 1841 1589 1841 1708 1842 1589 1842 1590 1842 1709 1843 1590 1843 1591 1843 1710 1844 1591 1844 1592 1844 1711 1845 1592 1845 1593 1845 1712 1846 1593 1846 1594 1846 1713 1847 1594 1847 1595 1847 1714 1848 1595 1848 1596 1848 1715 1849 1596 1849 1597 1849 1716 1850 1597 1850 1598 1850 1717 1851 1598 1851 1599 1851 1718 1852 1599 1852 1600 1852 1719 1853 1600 1853 1601 1853 1720 1854 1601 1854 1602 1854 1721 1855 1602 1855 1603 1855 1722 1856 1603 1856 1604 1856 1723 1857 1604 1857 1605 1857 1724 1858 1605 1858 1606 1858 1725 1859 1606 1859 1607 1859 1726 1860 1607 1860 1608 1860 1727 1861 1608 1861 1609 1861 1728 1862 1609 1862 1610 1862 1729 1863 1610 1863 1611 1863 1730 1864 1611 1864 1612 1864 1731 1865 1612 1865 1613 1865 1732 1866 1613 1866 1614 1866 1733 1867 1614 1867 1615 1867 1734 1868 1615 1868 1616 1868 1735 1869 1616 1869 1617 1869 1736 1870 1617 1870 1618 1870 1737 1871 1618 1871 1619 1871 1738 1872 1619 1872 1620 1872 1739 1873 1620 1873 1621 1873 1740 1874 1621 1874 1622 1874 1741 1875 1622 1875 1623 1875 1742 1876 1623 1876 1624 1876 1743 1877 1624 1877 1625 1877 1744 1878 1625 1878 1626 1878 1745 1879 1626 1879 1627 1879 1746 1880 1627 1880 1628 1880 1747 1881 1628 1881 1629 1881 1748 1882 1629 1882 1630 1882 1749 1883 1630 1883 1631 1883 1750 1884 1631 1884 1632 1884 1751 1885 1632 1885 1633 1885 1752 1886 1633 1886 1634 1886 1753 1887 1634 1887 1635 1887 1754 1888 1635 1888 1636 1888 1755 1889 1636 1889 1637 1889 1756 1890 1637 1890 1638 1890 1757 1891 1638 1891 1639 1891 1758 1892 1639 1892 1640 1892 1759 1893 1640 1893 1641 1893 1760 1894 1641 1894 1642 1894 1761 1895 1642 1895 1643 1895 1762 1896 1643 1896 1644 1896 1763 1897 1644 1897 1645 1897 1764 1898 1645 1898 1646 1898 1765 1899 1646 1899 1647 1899 1766 1900 1647 1900 1648 1900 1767 1901 1648 1901 1649 1901 1768 1902 1649 1902 1650 1902 1769 1903 1650 1903 1651 1903 1770 1904 1651 1904 1652 1904 1771 1905 1652 1905 1653 1905 1772 1906 1653 1906 1654 1906 1773 1907 1654 1907 1655 1907 1774 1908 1655 1908 1656 1908 1775 1909 1656 1909 1657 1909 1776 1910 1657 1910 1658 1910 1777 1911 1658 1911 1659 1911 1778 1912 1659 1912 1660 1912 1779 1913 1660 1913 1661 1913 1780 1914 1661 1914 1662 1914 1781 1915 1662 1915 1663 1915 1782 1916 1663 1916 1664 1916 1783 1917 1664 1917 1665 1917 1784 1918 1665 1918 1666 1918 1785 1919 1666 1919 1667 1919 1786 1920 1667 1920 1668 1920 1787 1921 1668 1921 1669 1921 1788 1922 1787 1922 1670 1922 1789 1923 1670 1923 1671 1923 1790 1924 1671 1924 1672 1924 1791 1925 1672 1925 1673 1925 1792 1926 1673 1926 1674 1926 1793 1927 1674 1927 1675 1927 1794 1928 1675 1928 1676 1928 1795 1929 1676 1929 1677 1929 1796 1930 1677 1930 1678 1930 1797 1931 1678 1931 1679 1931 1798 1932 1679 1932 1680 1932 1799 1933 1680 1933 1681 1933 1800 1934 1681 1934 1682 1934 1801 1935 1682 1935 1683 1935 1802 1936 1683 1936 1684 1936 1803 1937 1684 1937 1685 1937 1804 1938 1685 1938 1686 1938 1805 1939 1686 1939 1687 1939 1806 1940 1687 1940 1688 1940 1807 1941 1688 1941 1689 1941 1808 1942 1689 1942 1690 1942 1809 1943 1690 1943 1691 1943 1810 1944 1691 1944 1692 1944 1811 1945 1692 1945 1693 1945 1812 1946 1693 1946 1694 1946 1813 1947 1694 1947 1695 1947 1814 1948 1695 1948 1696 1948 1815 1949 1696 1949 1697 1949 1816 1950 1697 1950 1698 1950 1817 1951 1698 1951 1699 1951 1818 1952 1699 1952 1700 1952 1819 1953 1700 1953 1701 1953 1820 1954 1701 1954 1702 1954 1821 1955 1702 1955 1703 1955 1822 1956 1703 1956 1704 1956 1823 1957 1704 1957 1705 1957 1824 1958 1705 1958 1706 1958 1825 1959 1706 1959 1707 1959 1826 1960 1707 1960 1708 1960 1827 1961 1708 1961 1709 1961 1828 1962 1709 1962 1710 1962 1829 1963 1710 1963 1711 1963 1830 1964 1711 1964 1712 1964 1831 1965 1712 1965 1713 1965 1832 1966 1713 1966 1714 1966 1833 1967 1714 1967 1715 1967 1834 1968 1715 1968 1716 1968 1835 1969 1716 1969 1717 1969 1836 1970 1717 1970 1718 1970 1837 1971 1718 1971 1719 1971 1838 1972 1719 1972 1720 1972 1839 1973 1720 1973 1721 1973 1840 1974 1721 1974 1722 1974 1841 1975 1722 1975 1723 1975 1842 1976 1723 1976 1724 1976 1843 1977 1724 1977 1725 1977 1844 1978 1725 1978 1726 1978 1845 1979 1726 1979 1727 1979 1846 1980 1727 1980 1728 1980 1847 1981 1728 1981 1729 1981 1848 1982 1729 1982 1730 1982 1849 1983 1730 1983 1731 1983 1850 1984 1731 1984 1732 1984 1851 1985 1732 1985 1733 1985 1852 1986 1733 1986 1734 1986 1853 1987 1734 1987 1735 1987 1854 1988 1735 1988 1736 1988 1855 1989 1736 1989 1737 1989 1856 1990 1737 1990 1738 1990 1857 1991 1738 1991 1739 1991 1858 1992 1739 1992 1740 1992 1859 1993 1740 1993 1741 1993 1860 1994 1741 1994 1742 1994 1861 1995 1742 1995 1743 1995 1862 1996 1743 1996 1744 1996 1863 1997 1744 1997 1745 1997 1864 1998 1745 1998 1746 1998 1865 1999 1746 1999 1747 1999 1866 2000 1747 2000 1748 2000 1867 2001 1748 2001 1749 2001 1868 2002 1749 2002 1750 2002 1869 2003 1750 2003 1751 2003 1870 2004 1751 2004 1752 2004 1871 2005 1752 2005 1753 2005 1872 2006 1753 2006 1754 2006 1873 2007 1754 2007 1755 2007 1874 2008 1755 2008 1756 2008 1875 2009 1756 2009 1757 2009 1876 2010 1757 2010 1758 2010 1877 2011 1758 2011 1759 2011 1878 2012 1759 2012 1760 2012 1879 2013 1760 2013 1761 2013 1880 2014 1761 2014 1762 2014 1881 2015 1762 2015 1763 2015 1882 2016 1763 2016 1764 2016 1883 2017 1764 2017 1765 2017 1884 2018 1765 2018 1766 2018 1885 2019 1766 2019 1767 2019 1886 2020 1767 2020 1768 2020 1887 2021 1768 2021 1769 2021 1888 2022 1769 2022 1770 2022 1889 2023 1770 2023 1771 2023 1890 2024 1771 2024 1772 2024 1891 2025 1772 2025 1773 2025 1892 2026 1773 2026 1774 2026 1893 2027 1774 2027 1775 2027 1894 2028 1775 2028 1776 2028 1895 2029 1776 2029 1777 2029 1896 2030 1777 2030 1778 2030 1897 2031 1778 2031 1779 2031 1898 2032 1779 2032 1780 2032 1899 2033 1780 2033 1781 2033 1900 2034 1781 2034 1782 2034 1901 2035 1782 2035 1783 2035 1902 2036 1783 2036 1784 2036 1903 2037 1784 2037 1785 2037 1904 2038 1785 2038 1786 2038 1905 2039 1786 2039 1787 2039 1906 2040 1905 2040 1788 2040 1907 2041 1788 2041 1789 2041 1908 2042 1789 2042 1790 2042 1909 2043 1790 2043 1791 2043 1910 2044 1791 2044 1792 2044 1911 2045 1792 2045 1793 2045 1912 2046 1793 2046 1794 2046 1913 2047 1794 2047 1795 2047 1914 2048 1795 2048 1796 2048 1915 2049 1796 2049 1797 2049 1916 2050 1797 2050 1798 2050 1917 2051 1798 2051 1799 2051 1918 2052 1799 2052 1800 2052 1919 2053 1800 2053 1801 2053 1920 2054 1801 2054 1802 2054 1921 2055 1802 2055 1803 2055 1922 2056 1803 2056 1804 2056 1923 2057 1804 2057 1805 2057 1924 2058 1805 2058 1806 2058 1925 2059 1806 2059 1807 2059 1926 2060 1807 2060 1808 2060 1927 2061 1808 2061 1809 2061 1928 2062 1809 2062 1810 2062 1929 2063 1810 2063 1811 2063 1930 2064 1811 2064 1812 2064 1931 2065 1812 2065 1813 2065 1932 2066 1813 2066 1814 2066 1933 2067 1814 2067 1815 2067 1934 2068 1815 2068 1816 2068 1935 2069 1816 2069 1817 2069 1936 2070 1817 2070 1818 2070 1937 2071 1818 2071 1819 2071 1938 2072 1819 2072 1820 2072 1939 2073 1820 2073 1821 2073 1940 2074 1821 2074 1822 2074 1941 2075 1822 2075 1823 2075 1942 2076 1823 2076 1824 2076 1943 2077 1824 2077 1825 2077 1944 2078 1825 2078 1826 2078 1945 2079 1826 2079 1827 2079 1946 2080 1827 2080 1828 2080 1947 2081 1828 2081 1829 2081 1948 2082 1829 2082 1830 2082 1949 2083 1830 2083 1831 2083 1950 2084 1831 2084 1832 2084 1951 2085 1832 2085 1833 2085 1952 2086 1833 2086 1834 2086 1953 2087 1834 2087 1835 2087 1954 2088 1835 2088 1836 2088 1955 2089 1836 2089 1837 2089 1956 2090 1837 2090 1838 2090 1957 2091 1838 2091 1839 2091 1958 2092 1839 2092 1840 2092 1959 2093 1840 2093 1841 2093 1960 2094 1841 2094 1842 2094 1961 2095 1842 2095 1843 2095 1962 2096 1843 2096 1844 2096 1963 2097 1844 2097 1845 2097 1964 2098 1845 2098 1846 2098 1965 2099 1846 2099 1847 2099 1966 2100 1847 2100 1848 2100 1967 2101 1848 2101 1849 2101 1968 2102 1849 2102 1850 2102 1969 2103 1850 2103 1851 2103 1970 2104 1851 2104 1852 2104 1971 2105 1852 2105 1853 2105 1972 2106 1853 2106 1854 2106 1973 2107 1854 2107 1855 2107 1974 2108 1855 2108 1856 2108 1975 2109 1856 2109 1857 2109 1976 2110 1857 2110 1858 2110 1977 2111 1858 2111 1859 2111 1978 2112 1859 2112 1860 2112 1979 2113 1860 2113 1861 2113 1980 2114 1861 2114 1862 2114 1981 2115 1862 2115 1863 2115 1982 2116 1863 2116 1864 2116 1983 2117 1864 2117 1865 2117 1984 2118 1865 2118 1866 2118 1985 2119 1866 2119 1867 2119 1986 2120 1867 2120 1868 2120 1987 2121 1868 2121 1869 2121 1988 2122 1869 2122 1870 2122 1989 2123 1870 2123 1871 2123 1990 2124 1871 2124 1872 2124 1991 2125 1872 2125 1873 2125 1992 2126 1873 2126 1874 2126 1993 2127 1874 2127 1875 2127 1994 2128 1875 2128 1876 2128 1995 2129 1876 2129 1877 2129 1996 2130 1877 2130 1878 2130 1997 2131 1878 2131 1879 2131 1998 2132 1879 2132 1880 2132 1999 2133 1880 2133 1881 2133 2000 2134 1881 2134 1882 2134 2001 2135 1882 2135 1883 2135 2002 2136 1883 2136 1884 2136 2003 2137 1884 2137 1885 2137 2004 2138 1885 2138 1886 2138 2005 2139 1886 2139 1887 2139 2006 2140 1887 2140 1888 2140 2007 2141 1888 2141 1889 2141 2008 2142 1889 2142 1890 2142 2009 2143 1890 2143 1891 2143 2010 2144 1891 2144 1892 2144 2011 2145 1892 2145 1893 2145 2012 2146 1893 2146 1894 2146 2013 2147 1894 2147 1895 2147 2014 2148 1895 2148 1896 2148 2015 2149 1896 2149 1897 2149 2016 2150 1897 2150 1898 2150 2017 2151 1898 2151 1899 2151 2018 2152 1899 2152 1900 2152 2019 2153 1900 2153 1901 2153 2020 2154 1901 2154 1902 2154 2021 2155 1902 2155 1903 2155 2022 2156 1903 2156 1904 2156 2023 2157 1904 2157 1905 2157 2024 2158 2023 2158 1906 2158 2025 2159 1906 2159 1907 2159 2026 2160 1907 2160 1908 2160 2027 2161 1908 2161 1909 2161 2028 2162 1909 2162 1910 2162 2029 2163 1910 2163 1911 2163 2030 2164 1911 2164 1912 2164 2031 2165 1912 2165 1913 2165 2032 2166 1913 2166 1914 2166 2033 2167 1914 2167 1915 2167 2034 2168 1915 2168 1916 2168 2035 2169 1916 2169 1917 2169 2036 2170 1917 2170 1918 2170 2037 2171 1918 2171 1919 2171 2038 2172 1919 2172 1920 2172 2039 2173 1920 2173 1921 2173 2040 2174 1921 2174 1922 2174 2041 2175 1922 2175 1923 2175 2042 2176 1923 2176 1924 2176 2043 2177 1924 2177 1925 2177 2044 2178 1925 2178 1926 2178 2045 2179 1926 2179 1927 2179 2046 2180 1927 2180 1928 2180 2047 2181 1928 2181 1929 2181 2048 2182 1929 2182 1930 2182 2049 2183 1930 2183 1931 2183 2050 2184 1931 2184 1932 2184 2051 2185 1932 2185 1933 2185 2052 2186 1933 2186 1934 2186 2053 2187 1934 2187 1935 2187 2054 2188 1935 2188 1936 2188 2055 2189 1936 2189 1937 2189 2056 2190 1937 2190 1938 2190 2057 2191 1938 2191 1939 2191 2058 2192 1939 2192 1940 2192 2059 2193 1940 2193 1941 2193 2060 2194 1941 2194 1942 2194 2061 2195 1942 2195 1943 2195 2062 2196 1943 2196 1944 2196 2063 2197 1944 2197 1945 2197 2064 2198 1945 2198 1946 2198 2065 2199 1946 2199 1947 2199 2066 2200 1947 2200 1948 2200 2067 2201 1948 2201 1949 2201 2068 2202 1949 2202 1950 2202 2069 2203 1950 2203 1951 2203 2070 2204 1951 2204 1952 2204 2071 2205 1952 2205 1953 2205 2072 2206 1953 2206 1954 2206 2073 2207 1954 2207 1955 2207 2074 2208 1955 2208 1956 2208 2075 2209 1956 2209 1957 2209 2076 2210 1957 2210 1958 2210 2077 2211 1958 2211 1959 2211 2078 2212 1959 2212 1960 2212 2079 2213 1960 2213 1961 2213 2080 2214 1961 2214 1962 2214 2081 2215 1962 2215 1963 2215 2082 2216 1963 2216 1964 2216 2083 2217 1964 2217 1965 2217 2084 2218 1965 2218 1966 2218 2085 2219 1966 2219 1967 2219 2086 2220 1967 2220 1968 2220 2087 2221 1968 2221 1969 2221 2088 2222 1969 2222 1970 2222 2089 2223 1970 2223 1971 2223 2090 2224 1971 2224 1972 2224 2091 2225 1972 2225 1973 2225 2092 2226 1973 2226 1974 2226 2093 2227 1974 2227 1975 2227 2094 2228 1975 2228 1976 2228 2095 2229 1976 2229 1977 2229 2096 2230 1977 2230 1978 2230 2097 2231 1978 2231 1979 2231 2098 2232 1979 2232 1980 2232 2099 2233 1980 2233 1981 2233 2100 2234 1981 2234 1982 2234 2101 2235 1982 2235 1983 2235 2102 2236 1983 2236 1984 2236 2103 2237 1984 2237 1985 2237 2104 2238 1985 2238 1986 2238 2105 2239 1986 2239 1987 2239 2106 2240 1987 2240 1988 2240 2107 2241 1988 2241 1989 2241 2108 2242 1989 2242 1990 2242 2109 2243 1990 2243 1991 2243 2110 2244 1991 2244 1992 2244 2111 2245 1992 2245 1993 2245 2112 2246 1993 2246 1994 2246 2113 2247 1994 2247 1995 2247 2114 2248 1995 2248 1996 2248 2115 2249 1996 2249 1997 2249 2116 2250 1997 2250 1998 2250 2117 2251 1998 2251 1999 2251 2118 2252 1999 2252 2000 2252 2119 2253 2000 2253 2001 2253 2120 2254 2001 2254 2002 2254 2121 2255 2002 2255 2003 2255 2122 2256 2003 2256 2004 2256 2123 2257 2004 2257 2005 2257 2124 2258 2005 2258 2006 2258 2125 2259 2006 2259 2007 2259 2126 2260 2007 2260 2008 2260 2127 2261 2008 2261 2009 2261 2128 2262 2009 2262 2010 2262 2129 2263 2010 2263 2011 2263 2130 2264 2011 2264 2012 2264 2131 2265 2012 2265 2013 2265 2132 2266 2013 2266 2014 2266 2133 2267 2014 2267 2015 2267 2134 2268 2015 2268 2016 2268 2135 2269 2016 2269 2017 2269 2136 2270 2017 2270 2018 2270 2137 2271 2018 2271 2019 2271 2138 2272 2019 2272 2020 2272 2139 2273 2020 2273 2021 2273 2140 2274 2021 2274 2022 2274 2141 2275 2022 2275 2023 2275 2142 2276 2141 2276 2024 2276 2143 2277 2024 2277 2025 2277 2144 2278 2025 2278 2026 2278 2145 2279 2026 2279 2027 2279 2146 2280 2027 2280 2028 2280 2147 2281 2028 2281 2029 2281 2148 2282 2029 2282 2030 2282 2149 2283 2030 2283 2031 2283 2150 2284 2031 2284 2032 2284 2151 2285 2032 2285 2033 2285 2152 2286 2033 2286 2034 2286 2153 2287 2034 2287 2035 2287 2154 2288 2035 2288 2036 2288 2155 2289 2036 2289 2037 2289 2156 2290 2037 2290 2038 2290 2157 2291 2038 2291 2039 2291 2158 2292 2039 2292 2040 2292 2159 2293 2040 2293 2041 2293 2160 2294 2041 2294 2042 2294 2161 2295 2042 2295 2043 2295 2162 2296 2043 2296 2044 2296 2163 2297 2044 2297 2045 2297 2164 2298 2045 2298 2046 2298 2165 2299 2046 2299 2047 2299 2166 2300 2047 2300 2048 2300 2167 2301 2048 2301 2049 2301 2168 2302 2049 2302 2050 2302 2169 2303 2050 2303 2051 2303 2170 2304 2051 2304 2052 2304 2171 2305 2052 2305 2053 2305 2172 2306 2053 2306 2054 2306 2173 2307 2054 2307 2055 2307 2174 2308 2055 2308 2056 2308 2175 2309 2056 2309 2057 2309 2176 2310 2057 2310 2058 2310 2177 2311 2058 2311 2059 2311 2178 2312 2059 2312 2060 2312 2179 2313 2060 2313 2061 2313 2180 2314 2061 2314 2062 2314 2181 2315 2062 2315 2063 2315 2182 2316 2063 2316 2064 2316 2183 2317 2064 2317 2065 2317 2184 2318 2065 2318 2066 2318 2185 2319 2066 2319 2067 2319 2186 2320 2067 2320 2068 2320 2187 2321 2068 2321 2069 2321 2188 2322 2069 2322 2070 2322 2189 2323 2070 2323 2071 2323 2190 2324 2071 2324 2072 2324 2191 2325 2072 2325 2073 2325 2192 2326 2073 2326 2074 2326 2193 2327 2074 2327 2075 2327 2194 2328 2075 2328 2076 2328 2195 2329 2076 2329 2077 2329 2196 2330 2077 2330 2078 2330 2197 2331 2078 2331 2079 2331 2198 2332 2079 2332 2080 2332 2199 2333 2080 2333 2081 2333 2200 2334 2081 2334 2082 2334 2201 2335 2082 2335 2083 2335 2202 2336 2083 2336 2084 2336 2203 2337 2084 2337 2085 2337 2204 2338 2085 2338 2086 2338 2205 2339 2086 2339 2087 2339 2206 2340 2087 2340 2088 2340 2207 2341 2088 2341 2089 2341 2208 2342 2089 2342 2090 2342 2209 2343 2090 2343 2091 2343 2210 2344 2091 2344 2092 2344 2211 2345 2092 2345 2093 2345 2212 2346 2093 2346 2094 2346 2213 2347 2094 2347 2095 2347 2214 2348 2095 2348 2096 2348 2215 2349 2096 2349 2097 2349 2216 2350 2097 2350 2098 2350 2217 2351 2098 2351 2099 2351 2218 2352 2099 2352 2100 2352 2219 2353 2100 2353 2101 2353 2220 2354 2101 2354 2102 2354 2221 2355 2102 2355 2103 2355 2222 2356 2103 2356 2104 2356 2223 2357 2104 2357 2105 2357 2224 2358 2105 2358 2106 2358 2225 2359 2106 2359 2107 2359 2226 2360 2107 2360 2108 2360 2227 2361 2108 2361 2109 2361 2228 2362 2109 2362 2110 2362 2229 2363 2110 2363 2111 2363 2230 2364 2111 2364 2112 2364 2231 2365 2112 2365 2113 2365 2232 2366 2113 2366 2114 2366 2233 2367 2114 2367 2115 2367 2234 2368 2115 2368 2116 2368 2235 2369 2116 2369 2117 2369 2236 2370 2117 2370 2118 2370 2237 2371 2118 2371 2119 2371 2238 2372 2119 2372 2120 2372 2239 2373 2120 2373 2121 2373 2240 2374 2121 2374 2122 2374 2241 2375 2122 2375 2123 2375 2242 2376 2123 2376 2124 2376 2243 2377 2124 2377 2125 2377 2244 2378 2125 2378 2126 2378 2245 2379 2126 2379 2127 2379 2246 2380 2127 2380 2128 2380 2247 2381 2128 2381 2129 2381 2248 2382 2129 2382 2130 2382 2249 2383 2130 2383 2131 2383 2250 2384 2131 2384 2132 2384 2251 2385 2132 2385 2133 2385 2252 2386 2133 2386 2134 2386 2253 2387 2134 2387 2135 2387 2254 2388 2135 2388 2136 2388 2255 2389 2136 2389 2137 2389 2256 2390 2137 2390 2138 2390 2257 2391 2138 2391 2139 2391 2258 2392 2139 2392 2140 2392 2259 2393 2140 2393 2141 2393 2260 2394 2259 2394 2142 2394 2261 2395 2142 2395 2143 2395 2262 2396 2143 2396 2144 2396 2263 2397 2144 2397 2145 2397 2264 2398 2145 2398 2146 2398 2265 2399 2146 2399 2147 2399 2266 2400 2147 2400 2148 2400 2267 2401 2148 2401 2149 2401 2268 2402 2149 2402 2150 2402 2269 2403 2150 2403 2151 2403 2270 2404 2151 2404 2152 2404 2271 2405 2152 2405 2153 2405 2272 2406 2153 2406 2154 2406 2273 2407 2154 2407 2155 2407 2274 2408 2155 2408 2156 2408 2275 2409 2156 2409 2157 2409 2276 2410 2157 2410 2158 2410 2277 2411 2158 2411 2159 2411 2278 2412 2159 2412 2160 2412 2279 2413 2160 2413 2161 2413 2280 2414 2161 2414 2162 2414 2281 2415 2162 2415 2163 2415 2282 2416 2163 2416 2164 2416 2283 2417 2164 2417 2165 2417 2284 2418 2165 2418 2166 2418 2285 2419 2166 2419 2167 2419 2286 2420 2167 2420 2168 2420 2287 2421 2168 2421 2169 2421 2288 2422 2169 2422 2170 2422 2289 2423 2170 2423 2171 2423 2290 2424 2171 2424 2172 2424 2291 2425 2172 2425 2173 2425 2292 2426 2173 2426 2174 2426 2293 2427 2174 2427 2175 2427 2294 2428 2175 2428 2176 2428 2295 2429 2176 2429 2177 2429 2296 2430 2177 2430 2178 2430 2297 2431 2178 2431 2179 2431 2298 2432 2179 2432 2180 2432 2299 2433 2180 2433 2181 2433 2300 2434 2181 2434 2182 2434 2301 2435 2182 2435 2183 2435 2302 2436 2183 2436 2184 2436 2303 2437 2184 2437 2185 2437 2304 2438 2185 2438 2186 2438 2305 2439 2186 2439 2187 2439 2306 2440 2187 2440 2188 2440 2307 2441 2188 2441 2189 2441 2308 2442 2189 2442 2190 2442 2309 2443 2190 2443 2191 2443 2310 2444 2191 2444 2192 2444 2311 2445 2192 2445 2193 2445 2312 2446 2193 2446 2194 2446 2313 2447 2194 2447 2195 2447 2314 2448 2195 2448 2196 2448 2315 2449 2196 2449 2197 2449 2316 2450 2197 2450 2198 2450 2317 2451 2198 2451 2199 2451 2318 2452 2199 2452 2200 2452 2319 2453 2200 2453 2201 2453 2320 2454 2201 2454 2202 2454 2321 2455 2202 2455 2203 2455 2322 2456 2203 2456 2204 2456 2323 2457 2204 2457 2205 2457 2324 2458 2205 2458 2206 2458 2325 2459 2206 2459 2207 2459 2326 2460 2207 2460 2208 2460 2327 2461 2208 2461 2209 2461 2328 2462 2209 2462 2210 2462 2329 2463 2210 2463 2211 2463 2330 2464 2211 2464 2212 2464 2331 2465 2212 2465 2213 2465 2332 2466 2213 2466 2214 2466 2333 2467 2214 2467 2215 2467 2334 2468 2215 2468 2216 2468 2335 2469 2216 2469 2217 2469 2336 2470 2217 2470 2218 2470 2337 2471 2218 2471 2219 2471 2338 2472 2219 2472 2220 2472 2339 2473 2220 2473 2221 2473 2340 2474 2221 2474 2222 2474 2341 2475 2222 2475 2223 2475 2342 2476 2223 2476 2224 2476 2343 2477 2224 2477 2225 2477 2344 2478 2225 2478 2226 2478 2345 2479 2226 2479 2227 2479 2346 2480 2227 2480 2228 2480 2347 2481 2228 2481 2229 2481 2348 2482 2229 2482 2230 2482 2349 2483 2230 2483 2231 2483 2350 2484 2231 2484 2232 2484 2351 2485 2232 2485 2233 2485 2352 2486 2233 2486 2234 2486 2353 2487 2234 2487 2235 2487 2354 2488 2235 2488 2236 2488 2355 2489 2236 2489 2237 2489 2356 2490 2237 2490 2238 2490 2357 2491 2238 2491 2239 2491 2358 2492 2239 2492 2240 2492 2359 2493 2240 2493 2241 2493 2360 2494 2241 2494 2242 2494 2361 2495 2242 2495 2243 2495 2362 2496 2243 2496 2244 2496 2363 2497 2244 2497 2245 2497 2364 2498 2245 2498 2246 2498 2365 2499 2246 2499 2247 2499 2366 2500 2247 2500 2248 2500 2367 2501 2248 2501 2249 2501 2368 2502 2249 2502 2250 2502 2369 2503 2250 2503 2251 2503 2370 2504 2251 2504 2252 2504 2371 2505 2252 2505 2253 2505 2372 2506 2253 2506 2254 2506 2373 2507 2254 2507 2255 2507 2374 2508 2255 2508 2256 2508 2375 2509 2256 2509 2257 2509 2376 2510 2257 2510 2258 2510 2377 2511 2258 2511 2259 2511 2378 2512 2377 2512 2260 2512 2379 2513 2260 2513 2261 2513 2380 2514 2261 2514 2262 2514 2381 2515 2262 2515 2263 2515 2382 2516 2263 2516 2264 2516 2383 2517 2264 2517 2265 2517 2384 2518 2265 2518 2266 2518 2385 2519 2266 2519 2267 2519 2386 2520 2267 2520 2268 2520 2387 2521 2268 2521 2269 2521 2388 2522 2269 2522 2270 2522 2389 2523 2270 2523 2271 2523 2390 2524 2271 2524 2272 2524 2391 2525 2272 2525 2273 2525 2392 2526 2273 2526 2274 2526 2393 2527 2274 2527 2275 2527 2394 2528 2275 2528 2276 2528 2395 2529 2276 2529 2277 2529 2396 2530 2277 2530 2278 2530 2397 2531 2278 2531 2279 2531 2398 2532 2279 2532 2280 2532 2399 2533 2280 2533 2281 2533 2400 2534 2281 2534 2282 2534 2401 2535 2282 2535 2283 2535 2402 2536 2283 2536 2284 2536 2403 2537 2284 2537 2285 2537 2404 2538 2285 2538 2286 2538 2405 2539 2286 2539 2287 2539 2406 2540 2287 2540 2288 2540 2407 2541 2288 2541 2289 2541 2408 2542 2289 2542 2290 2542 2409 2543 2290 2543 2291 2543 2410 2544 2291 2544 2292 2544 2411 2545 2292 2545 2293 2545 2412 2546 2293 2546 2294 2546 2413 2547 2294 2547 2295 2547 2414 2548 2295 2548 2296 2548 2415 2549 2296 2549 2297 2549 2416 2550 2297 2550 2298 2550 2417 2551 2298 2551 2299 2551 2418 2552 2299 2552 2300 2552 2419 2553 2300 2553 2301 2553 2420 2554 2301 2554 2302 2554 2421 2555 2302 2555 2303 2555 2422 2556 2303 2556 2304 2556 2423 2557 2304 2557 2305 2557 2424 2558 2305 2558 2306 2558 2425 2559 2306 2559 2307 2559 2426 2560 2307 2560 2308 2560 2427 2561 2308 2561 2309 2561 2428 2562 2309 2562 2310 2562 2429 2563 2310 2563 2311 2563 2430 2564 2311 2564 2312 2564 2431 2565 2312 2565 2313 2565 2432 2566 2313 2566 2314 2566 2433 2567 2314 2567 2315 2567 2434 2568 2315 2568 2316 2568 2435 2569 2316 2569 2317 2569 2436 2570 2317 2570 2318 2570 2437 2571 2318 2571 2319 2571 2438 2572 2319 2572 2320 2572 2439 2573 2320 2573 2321 2573 2440 2574 2321 2574 2322 2574 2441 2575 2322 2575 2323 2575 2442 2576 2323 2576 2324 2576 2443 2577 2324 2577 2325 2577 2444 2578 2325 2578 2326 2578 2445 2579 2326 2579 2327 2579 2446 2580 2327 2580 2328 2580 2447 2581 2328 2581 2329 2581 2448 2582 2329 2582 2330 2582 2449 2583 2330 2583 2331 2583 2450 2584 2331 2584 2332 2584 2451 2585 2332 2585 2333 2585 2452 2586 2333 2586 2334 2586 2453 2587 2334 2587 2335 2587 2454 2588 2335 2588 2336 2588 2455 2589 2336 2589 2337 2589 2456 2590 2337 2590 2338 2590 2457 2591 2338 2591 2339 2591 2458 2592 2339 2592 2340 2592 2459 2593 2340 2593 2341 2593 2460 2594 2341 2594 2342 2594 2461 2595 2342 2595 2343 2595 2462 2596 2343 2596 2344 2596 2463 2597 2344 2597 2345 2597 2464 2598 2345 2598 2346 2598 2465 2599 2346 2599 2347 2599 2466 2600 2347 2600 2348 2600 2467 2601 2348 2601 2349 2601 2468 2602 2349 2602 2350 2602 2469 2603 2350 2603 2351 2603 2470 2604 2351 2604 2352 2604 2471 2605 2352 2605 2353 2605 2472 2606 2353 2606 2354 2606 2473 2607 2354 2607 2355 2607 2474 2608 2355 2608 2356 2608 2475 2609 2356 2609 2357 2609 2476 2610 2357 2610 2358 2610 2477 2611 2358 2611 2359 2611 2478 2612 2359 2612 2360 2612 2479 2613 2360 2613 2361 2613 2480 2614 2361 2614 2362 2614 2481 2615 2362 2615 2363 2615 2482 2616 2363 2616 2364 2616 2483 2617 2364 2617 2365 2617 2484 2618 2365 2618 2366 2618 2485 2619 2366 2619 2367 2619 2486 2620 2367 2620 2368 2620 2487 2621 2368 2621 2369 2621 2488 2622 2369 2622 2370 2622 2489 2623 2370 2623 2371 2623 2490 2624 2371 2624 2372 2624 2491 2625 2372 2625 2373 2625 2492 2626 2373 2626 2374 2626 2493 2627 2374 2627 2375 2627 2494 2628 2375 2628 2376 2628 2495 2629 2376 2629 2377 2629 2496 2630 2495 2630 2378 2630 2497 2631 2378 2631 2379 2631 2498 2632 2379 2632 2380 2632 2499 2633 2380 2633 2381 2633 2500 2634 2381 2634 2382 2634 2501 2635 2382 2635 2383 2635 2502 2636 2383 2636 2384 2636 2503 2637 2384 2637 2385 2637 2504 2638 2385 2638 2386 2638 2505 2639 2386 2639 2387 2639 2506 2640 2387 2640 2388 2640 2507 2641 2388 2641 2389 2641 2508 2642 2389 2642 2390 2642 2509 2643 2390 2643 2391 2643 2510 2644 2391 2644 2392 2644 2511 2645 2392 2645 2393 2645 2512 2646 2393 2646 2394 2646 2513 2647 2394 2647 2395 2647 2514 2648 2395 2648 2396 2648 2515 2649 2396 2649 2397 2649 2516 2650 2397 2650 2398 2650 2517 2651 2398 2651 2399 2651 2518 2652 2399 2652 2400 2652 2519 2653 2400 2653 2401 2653 2520 2654 2401 2654 2402 2654 2521 2655 2402 2655 2403 2655 2522 2656 2403 2656 2404 2656 2523 2657 2404 2657 2405 2657 2524 2658 2405 2658 2406 2658 2525 2659 2406 2659 2407 2659 2526 2660 2407 2660 2408 2660 2527 2661 2408 2661 2409 2661 2528 2662 2409 2662 2410 2662 2529 2663 2410 2663 2411 2663 2530 2664 2411 2664 2412 2664 2531 2665 2412 2665 2413 2665 2532 2666 2413 2666 2414 2666 2533 2667 2414 2667 2415 2667 2534 2668 2415 2668 2416 2668 2535 2669 2416 2669 2417 2669 2536 2670 2417 2670 2418 2670 2537 2671 2418 2671 2419 2671 2538 2672 2419 2672 2420 2672 2539 2673 2420 2673 2421 2673 2540 2674 2421 2674 2422 2674 2541 2675 2422 2675 2423 2675 2542 2676 2423 2676 2424 2676 2543 2677 2424 2677 2425 2677 2544 2678 2425 2678 2426 2678 2545 2679 2426 2679 2427 2679 2546 2680 2427 2680 2428 2680 2547 2681 2428 2681 2429 2681 2548 2682 2429 2682 2430 2682 2549 2683 2430 2683 2431 2683 2550 2684 2431 2684 2432 2684 2551 2685 2432 2685 2433 2685 2552 2686 2433 2686 2434 2686 2553 2687 2434 2687 2435 2687 2554 2688 2435 2688 2436 2688 2555 2689 2436 2689 2437 2689 2556 2690 2437 2690 2438 2690 2557 2691 2438 2691 2439 2691 2558 2692 2439 2692 2440 2692 2559 2693 2440 2693 2441 2693 2560 2694 2441 2694 2442 2694 2561 2695 2442 2695 2443 2695 2562 2696 2443 2696 2444 2696 2563 2697 2444 2697 2445 2697 2564 2698 2445 2698 2446 2698 2565 2699 2446 2699 2447 2699 2566 2700 2447 2700 2448 2700 2567 2701 2448 2701 2449 2701 2568 2702 2449 2702 2450 2702 2569 2703 2450 2703 2451 2703 2570 2704 2451 2704 2452 2704 2571 2705 2452 2705 2453 2705 2572 2706 2453 2706 2454 2706 2573 2707 2454 2707 2455 2707 2574 2708 2455 2708 2456 2708 2575 2709 2456 2709 2457 2709 2576 2710 2457 2710 2458 2710 2577 2711 2458 2711 2459 2711 2578 2712 2459 2712 2460 2712 2579 2713 2460 2713 2461 2713 2580 2714 2461 2714 2462 2714 2581 2715 2462 2715 2463 2715 2582 2716 2463 2716 2464 2716 2583 2717 2464 2717 2465 2717 2584 2718 2465 2718 2466 2718 2585 2719 2466 2719 2467 2719 2586 2720 2467 2720 2468 2720 2587 2721 2468 2721 2469 2721 2588 2722 2469 2722 2470 2722 2589 2723 2470 2723 2471 2723 2590 2724 2471 2724 2472 2724 2591 2725 2472 2725 2473 2725 2592 2726 2473 2726 2474 2726 2593 2727 2474 2727 2475 2727 2594 2728 2475 2728 2476 2728 2595 2729 2476 2729 2477 2729 2596 2730 2477 2730 2478 2730 2597 2731 2478 2731 2479 2731 2598 2732 2479 2732 2480 2732 2599 2733 2480 2733 2481 2733 2600 2734 2481 2734 2482 2734 2601 2735 2482 2735 2483 2735 2602 2736 2483 2736 2484 2736 2603 2737 2484 2737 2485 2737 2604 2738 2485 2738 2486 2738 2605 2739 2486 2739 2487 2739 2606 2740 2487 2740 2488 2740 2607 2741 2488 2741 2489 2741 2608 2742 2489 2742 2490 2742 2609 2743 2490 2743 2491 2743 2610 2744 2491 2744 2492 2744 2611 2745 2492 2745 2493 2745 2612 2746 2493 2746 2494 2746 2613 2747 2494 2747 2495 2747 2614 2748 2613 2748 2496 2748 2615 2749 2496 2749 2497 2749 2616 2750 2497 2750 2498 2750 2617 2751 2498 2751 2499 2751 2618 2752 2499 2752 2500 2752 2619 2753 2500 2753 2501 2753 2620 2754 2501 2754 2502 2754 2621 2755 2502 2755 2503 2755 2622 2756 2503 2756 2504 2756 2623 2757 2504 2757 2505 2757 2624 2758 2505 2758 2506 2758 2625 2759 2506 2759 2507 2759 2626 2760 2507 2760 2508 2760 2627 2761 2508 2761 2509 2761 2628 2762 2509 2762 2510 2762 2629 2763 2510 2763 2511 2763 2630 2764 2511 2764 2512 2764 2631 2765 2512 2765 2513 2765 2632 2766 2513 2766 2514 2766 2633 2767 2514 2767 2515 2767 2634 2768 2515 2768 2516 2768 2635 2769 2516 2769 2517 2769 2636 2770 2517 2770 2518 2770 2637 2771 2518 2771 2519 2771 2638 2772 2519 2772 2520 2772 2639 2773 2520 2773 2521 2773 2640 2774 2521 2774 2522 2774 2641 2775 2522 2775 2523 2775 2642 2776 2523 2776 2524 2776 2643 2777 2524 2777 2525 2777 2644 2778 2525 2778 2526 2778 2645 2779 2526 2779 2527 2779 2646 2780 2527 2780 2528 2780 2647 2781 2528 2781 2529 2781 2648 2782 2529 2782 2530 2782 2649 2783 2530 2783 2531 2783 2650 2784 2531 2784 2532 2784 2651 2785 2532 2785 2533 2785 2652 2786 2533 2786 2534 2786 2653 2787 2534 2787 2535 2787 2654 2788 2535 2788 2536 2788 2655 2789 2536 2789 2537 2789 2656 2790 2537 2790 2538 2790 2657 2791 2538 2791 2539 2791 2658 2792 2539 2792 2540 2792 2659 2793 2540 2793 2541 2793 2660 2794 2541 2794 2542 2794 2661 2795 2542 2795 2543 2795 2662 2796 2543 2796 2544 2796 2663 2797 2544 2797 2545 2797 2664 2798 2545 2798 2546 2798 2665 2799 2546 2799 2547 2799 2666 2800 2547 2800 2548 2800 2667 2801 2548 2801 2549 2801 2668 2802 2549 2802 2550 2802 2669 2803 2550 2803 2551 2803 2670 2804 2551 2804 2552 2804 2671 2805 2552 2805 2553 2805 2672 2806 2553 2806 2554 2806 2673 2807 2554 2807 2555 2807 2674 2808 2555 2808 2556 2808 2675 2809 2556 2809 2557 2809 2676 2810 2557 2810 2558 2810 2677 2811 2558 2811 2559 2811 2678 2812 2559 2812 2560 2812 2679 2813 2560 2813 2561 2813 2680 2814 2561 2814 2562 2814 2681 2815 2562 2815 2563 2815 2682 2816 2563 2816 2564 2816 2683 2817 2564 2817 2565 2817 2684 2818 2565 2818 2566 2818 2685 2819 2566 2819 2567 2819 2686 2820 2567 2820 2568 2820 2687 2821 2568 2821 2569 2821 2688 2822 2569 2822 2570 2822 2689 2823 2570 2823 2571 2823 2690 2824 2571 2824 2572 2824 2691 2825 2572 2825 2573 2825 2692 2826 2573 2826 2574 2826 2693 2827 2574 2827 2575 2827 2694 2828 2575 2828 2576 2828 2695 2829 2576 2829 2577 2829 2696 2830 2577 2830 2578 2830 2697 2831 2578 2831 2579 2831 2698 2832 2579 2832 2580 2832 2699 2833 2580 2833 2581 2833 2700 2834 2581 2834 2582 2834 2701 2835 2582 2835 2583 2835 2702 2836 2583 2836 2584 2836 2703 2837 2584 2837 2585 2837 2704 2838 2585 2838 2586 2838 2705 2839 2586 2839 2587 2839 2706 2840 2587 2840 2588 2840 2707 2841 2588 2841 2589 2841 2708 2842 2589 2842 2590 2842 2709 2843 2590 2843 2591 2843 2710 2844 2591 2844 2592 2844 2711 2845 2592 2845 2593 2845 2712 2846 2593 2846 2594 2846 2713 2847 2594 2847 2595 2847 2714 2848 2595 2848 2596 2848 2715 2849 2596 2849 2597 2849 2716 2850 2597 2850 2598 2850 2717 2851 2598 2851 2599 2851 2718 2852 2599 2852 2600 2852 2719 2853 2600 2853 2601 2853 2720 2854 2601 2854 2602 2854 2721 2855 2602 2855 2603 2855 2722 2856 2603 2856 2604 2856 2723 2857 2604 2857 2605 2857 2724 2858 2605 2858 2606 2858 2725 2859 2606 2859 2607 2859 2726 2860 2607 2860 2608 2860 2727 2861 2608 2861 2609 2861 2728 2862 2609 2862 2610 2862 2729 2863 2610 2863 2611 2863 2730 2864 2611 2864 2612 2864 2731 2865 2612 2865 2613 2865 2732 2866 2731 2866 2614 2866 2733 2867 2614 2867 2615 2867 2734 2868 2615 2868 2616 2868 2735 2869 2616 2869 2617 2869 2736 2870 2617 2870 2618 2870 2737 2871 2618 2871 2619 2871 2738 2872 2619 2872 2620 2872 2739 2873 2620 2873 2621 2873 2740 2874 2621 2874 2622 2874 2741 2875 2622 2875 2623 2875 2742 2876 2623 2876 2624 2876 2743 2877 2624 2877 2625 2877 2744 2878 2625 2878 2626 2878 2745 2879 2626 2879 2627 2879 2746 2880 2627 2880 2628 2880 2747 2881 2628 2881 2629 2881 2748 2882 2629 2882 2630 2882 2749 2883 2630 2883 2631 2883 2750 2884 2631 2884 2632 2884 2751 2885 2632 2885 2633 2885 2752 2886 2633 2886 2634 2886 2753 2887 2634 2887 2635 2887 2754 2888 2635 2888 2636 2888 2755 2889 2636 2889 2637 2889 2756 2890 2637 2890 2638 2890 2757 2891 2638 2891 2639 2891 2758 2892 2639 2892 2640 2892 2759 2893 2640 2893 2641 2893 2760 2894 2641 2894 2642 2894 2761 2895 2642 2895 2643 2895 2762 2896 2643 2896 2644 2896 2763 2897 2644 2897 2645 2897 2764 2898 2645 2898 2646 2898 2765 2899 2646 2899 2647 2899 2766 2900 2647 2900 2648 2900 2767 2901 2648 2901 2649 2901 2768 2902 2649 2902 2650 2902 2769 2903 2650 2903 2651 2903 2770 2904 2651 2904 2652 2904 2771 2905 2652 2905 2653 2905 2772 2906 2653 2906 2654 2906 2773 2907 2654 2907 2655 2907 2774 2908 2655 2908 2656 2908 2775 2909 2656 2909 2657 2909 2776 2910 2657 2910 2658 2910 2777 2911 2658 2911 2659 2911 2778 2912 2659 2912 2660 2912 2779 2913 2660 2913 2661 2913 2780 2914 2661 2914 2662 2914 2781 2915 2662 2915 2663 2915 2782 2916 2663 2916 2664 2916 2783 2917 2664 2917 2665 2917 2784 2918 2665 2918 2666 2918 2785 2919 2666 2919 2667 2919 2786 2920 2667 2920 2668 2920 2787 2921 2668 2921 2669 2921 2788 2922 2669 2922 2670 2922 2789 2923 2670 2923 2671 2923 2790 2924 2671 2924 2672 2924 2791 2925 2672 2925 2673 2925 2792 2926 2673 2926 2674 2926 2793 2927 2674 2927 2675 2927 2794 2928 2675 2928 2676 2928 2795 2929 2676 2929 2677 2929 2796 2930 2677 2930 2678 2930 2797 2931 2678 2931 2679 2931 2798 2932 2679 2932 2680 2932 2799 2933 2680 2933 2681 2933 2800 2934 2681 2934 2682 2934 2801 2935 2682 2935 2683 2935 2802 2936 2683 2936 2684 2936 2803 2937 2684 2937 2685 2937 2804 2938 2685 2938 2686 2938 2805 2939 2686 2939 2687 2939 2806 2940 2687 2940 2688 2940 2807 2941 2688 2941 2689 2941 2808 2942 2689 2942 2690 2942 2809 2943 2690 2943 2691 2943 2810 2944 2691 2944 2692 2944 2811 2945 2692 2945 2693 2945 2812 2946 2693 2946 2694 2946 2813 2947 2694 2947 2695 2947 2814 2948 2695 2948 2696 2948 2815 2949 2696 2949 2697 2949 2816 2950 2697 2950 2698 2950 2817 2951 2698 2951 2699 2951 2818 2952 2699 2952 2700 2952 2819 2953 2700 2953 2701 2953 2820 2954 2701 2954 2702 2954 2821 2955 2702 2955 2703 2955 2822 2956 2703 2956 2704 2956 2823 2957 2704 2957 2705 2957 2824 2958 2705 2958 2706 2958 2825 2959 2706 2959 2707 2959 2826 2960 2707 2960 2708 2960 2827 2961 2708 2961 2709 2961 2828 2962 2709 2962 2710 2962 2829 2963 2710 2963 2711 2963 2830 2964 2711 2964 2712 2964 2831 2965 2712 2965 2713 2965 2832 2966 2713 2966 2714 2966 2833 2967 2714 2967 2715 2967 2834 2968 2715 2968 2716 2968 2835 2969 2716 2969 2717 2969 2836 2970 2717 2970 2718 2970 2837 2971 2718 2971 2719 2971 2838 2972 2719 2972 2720 2972 2839 2973 2720 2973 2721 2973 2840 2974 2721 2974 2722 2974 2841 2975 2722 2975 2723 2975 2842 2976 2723 2976 2724 2976 2843 2977 2724 2977 2725 2977 2844 2978 2725 2978 2726 2978 2845 2979 2726 2979 2727 2979 2846 2980 2727 2980 2728 2980 2847 2981 2728 2981 2729 2981 2848 2982 2729 2982 2730 2982 2849 2983 2730 2983 2731 2983 2850 2984 2849 2984 2732 2984 2851 2985 2732 2985 2733 2985 2852 2986 2733 2986 2734 2986 2853 2987 2734 2987 2735 2987 2854 2988 2735 2988 2736 2988 2855 2989 2736 2989 2737 2989 2856 2990 2737 2990 2738 2990 2857 2991 2738 2991 2739 2991 2858 2992 2739 2992 2740 2992 2859 2993 2740 2993 2741 2993 2860 2994 2741 2994 2742 2994 2861 2995 2742 2995 2743 2995 2862 2996 2743 2996 2744 2996 2863 2997 2744 2997 2745 2997 2864 2998 2745 2998 2746 2998 2865 2999 2746 2999 2747 2999 2866 3000 2747 3000 2748 3000 2867 3001 2748 3001 2749 3001 2868 3002 2749 3002 2750 3002 2869 3003 2750 3003 2751 3003 2870 3004 2751 3004 2752 3004 2871 3005 2752 3005 2753 3005 2872 3006 2753 3006 2754 3006 2873 3007 2754 3007 2755 3007 2874 3008 2755 3008 2756 3008 2875 3009 2756 3009 2757 3009 2876 3010 2757 3010 2758 3010 2877 3011 2758 3011 2759 3011 2878 3012 2759 3012 2760 3012 2879 3013 2760 3013 2761 3013 2880 3014 2761 3014 2762 3014 2881 3015 2762 3015 2763 3015 2882 3016 2763 3016 2764 3016 2883 3017 2764 3017 2765 3017 2884 3018 2765 3018 2766 3018 2885 3019 2766 3019 2767 3019 2886 3020 2767 3020 2768 3020 2887 3021 2768 3021 2769 3021 2888 3022 2769 3022 2770 3022 2889 3023 2770 3023 2771 3023 2890 3024 2771 3024 2772 3024 2891 3025 2772 3025 2773 3025 2892 3026 2773 3026 2774 3026 2893 3027 2774 3027 2775 3027 2894 3028 2775 3028 2776 3028 2895 3029 2776 3029 2777 3029 2896 3030 2777 3030 2778 3030 2897 3031 2778 3031 2779 3031 2898 3032 2779 3032 2780 3032 2899 3033 2780 3033 2781 3033 2900 3034 2781 3034 2782 3034 2901 3035 2782 3035 2783 3035 2902 3036 2783 3036 2784 3036 2903 3037 2784 3037 2785 3037 2904 3038 2785 3038 2786 3038 2905 3039 2786 3039 2787 3039 2906 3040 2787 3040 2788 3040 2907 3041 2788 3041 2789 3041 2908 3042 2789 3042 2790 3042 2909 3043 2790 3043 2791 3043 2910 3044 2791 3044 2792 3044 2911 3045 2792 3045 2793 3045 2912 3046 2793 3046 2794 3046 2913 3047 2794 3047 2795 3047 2914 3048 2795 3048 2796 3048 2915 3049 2796 3049 2797 3049 2916 3050 2797 3050 2798 3050 2917 3051 2798 3051 2799 3051 2918 3052 2799 3052 2800 3052 2919 3053 2800 3053 2801 3053 2920 3054 2801 3054 2802 3054 2921 3055 2802 3055 2803 3055 2922 3056 2803 3056 2804 3056 2923 3057 2804 3057 2805 3057 2924 3058 2805 3058 2806 3058 2925 3059 2806 3059 2807 3059 2926 3060 2807 3060 2808 3060 2927 3061 2808 3061 2809 3061 2928 3062 2809 3062 2810 3062 2929 3063 2810 3063 2811 3063 2930 3064 2811 3064 2812 3064 2931 3065 2812 3065 2813 3065 2932 3066 2813 3066 2814 3066 2933 3067 2814 3067 2815 3067 2934 3068 2815 3068 2816 3068 2935 3069 2816 3069 2817 3069 2936 3070 2817 3070 2818 3070 2937 3071 2818 3071 2819 3071 2938 3072 2819 3072 2820 3072 2939 3073 2820 3073 2821 3073 2940 3074 2821 3074 2822 3074 2941 3075 2822 3075 2823 3075 2942 3076 2823 3076 2824 3076 2943 3077 2824 3077 2825 3077 2944 3078 2825 3078 2826 3078 2945 3079 2826 3079 2827 3079 2946 3080 2827 3080 2828 3080 2947 3081 2828 3081 2829 3081 2948 3082 2829 3082 2830 3082 2949 3083 2830 3083 2831 3083 2950 3084 2831 3084 2832 3084 2951 3085 2832 3085 2833 3085 2952 3086 2833 3086 2834 3086 2953 3087 2834 3087 2835 3087 2954 3088 2835 3088 2836 3088 2955 3089 2836 3089 2837 3089 2956 3090 2837 3090 2838 3090 2957 3091 2838 3091 2839 3091 2958 3092 2839 3092 2840 3092 2959 3093 2840 3093 2841 3093 2960 3094 2841 3094 2842 3094 2961 3095 2842 3095 2843 3095 2962 3096 2843 3096 2844 3096 2963 3097 2844 3097 2845 3097 2964 3098 2845 3098 2846 3098 2965 3099 2846 3099 2847 3099 2966 3100 2847 3100 2848 3100 2967 3101 2848 3101 2849 3101 2968 3102 2967 3102 2850 3102 2969 3103 2850 3103 2851 3103 2970 3104 2851 3104 2852 3104 2971 3105 2852 3105 2853 3105 2972 3106 2853 3106 2854 3106 2973 3107 2854 3107 2855 3107 2974 3108 2855 3108 2856 3108 2975 3109 2856 3109 2857 3109 2976 3110 2857 3110 2858 3110 2977 3111 2858 3111 2859 3111 2978 3112 2859 3112 2860 3112 2979 3113 2860 3113 2861 3113 2980 3114 2861 3114 2862 3114 2981 3115 2862 3115 2863 3115 2982 3116 2863 3116 2864 3116 2983 3117 2864 3117 2865 3117 2984 3118 2865 3118 2866 3118 2985 3119 2866 3119 2867 3119 2986 3120 2867 3120 2868 3120 2987 3121 2868 3121 2869 3121 2988 3122 2869 3122 2870 3122 2989 3123 2870 3123 2871 3123 2990 3124 2871 3124 2872 3124 2991 3125 2872 3125 2873 3125 2992 3126 2873 3126 2874 3126 2993 3127 2874 3127 2875 3127 2994 3128 2875 3128 2876 3128 2995 3129 2876 3129 2877 3129 2996 3130 2877 3130 2878 3130 2997 3131 2878 3131 2879 3131 2998 3132 2879 3132 2880 3132 2999 3133 2880 3133 2881 3133 3000 3134 2881 3134 2882 3134 3001 3135 2882 3135 2883 3135 3002 3136 2883 3136 2884 3136 3003 3137 2884 3137 2885 3137 3004 3138 2885 3138 2886 3138 3005 3139 2886 3139 2887 3139 3006 3140 2887 3140 2888 3140 3007 3141 2888 3141 2889 3141 3008 3142 2889 3142 2890 3142 3009 3143 2890 3143 2891 3143 3010 3144 2891 3144 2892 3144 3011 3145 2892 3145 2893 3145 3012 3146 2893 3146 2894 3146 3013 3147 2894 3147 2895 3147 3014 3148 2895 3148 2896 3148 3015 3149 2896 3149 2897 3149 3016 3150 2897 3150 2898 3150 3017 3151 2898 3151 2899 3151 3018 3152 2899 3152 2900 3152 3019 3153 2900 3153 2901 3153 3020 3154 2901 3154 2902 3154 3021 3155 2902 3155 2903 3155 3022 3156 2903 3156 2904 3156 3023 3157 2904 3157 2905 3157 3024 3158 2905 3158 2906 3158 3025 3159 2906 3159 2907 3159 3026 3160 2907 3160 2908 3160 3027 3161 2908 3161 2909 3161 3028 3162 2909 3162 2910 3162 3029 3163 2910 3163 2911 3163 3030 3164 2911 3164 2912 3164 3031 3165 2912 3165 2913 3165 3032 3166 2913 3166 2914 3166 3033 3167 2914 3167 2915 3167 3034 3168 2915 3168 2916 3168 3035 3169 2916 3169 2917 3169 3036 3170 2917 3170 2918 3170 3037 3171 2918 3171 2919 3171 3038 3172 2919 3172 2920 3172 3039 3173 2920 3173 2921 3173 3040 3174 2921 3174 2922 3174 3041 3175 2922 3175 2923 3175 3042 3176 2923 3176 2924 3176 3043 3177 2924 3177 2925 3177 3044 3178 2925 3178 2926 3178 3045 3179 2926 3179 2927 3179 3046 3180 2927 3180 2928 3180 3047 3181 2928 3181 2929 3181 3048 3182 2929 3182 2930 3182 3049 3183 2930 3183 2931 3183 3050 3184 2931 3184 2932 3184 3051 3185 2932 3185 2933 3185 3052 3186 2933 3186 2934 3186 3053 3187 2934 3187 2935 3187 3054 3188 2935 3188 2936 3188 3055 3189 2936 3189 2937 3189 3056 3190 2937 3190 2938 3190 3057 3191 2938 3191 2939 3191 3058 3192 2939 3192 2940 3192 3059 3193 2940 3193 2941 3193 3060 3194 2941 3194 2942 3194 3061 3195 2942 3195 2943 3195 3062 3196 2943 3196 2944 3196 3063 3197 2944 3197 2945 3197 3064 3198 2945 3198 2946 3198 3065 3199 2946 3199 2947 3199 3066 3200 2947 3200 2948 3200 3067 3201 2948 3201 2949 3201 3068 3202 2949 3202 2950 3202 3069 3203 2950 3203 2951 3203 3070 3204 2951 3204 2952 3204 3071 3205 2952 3205 2953 3205 3072 3206 2953 3206 2954 3206 3073 3207 2954 3207 2955 3207 3074 3208 2955 3208 2956 3208 3075 3209 2956 3209 2957 3209 3076 3210 2957 3210 2958 3210 3077 3211 2958 3211 2959 3211 3078 3212 2959 3212 2960 3212 3079 3213 2960 3213 2961 3213 3080 3214 2961 3214 2962 3214 3081 3215 2962 3215 2963 3215 3082 3216 2963 3216 2964 3216 3083 3217 2964 3217 2965 3217 3084 3218 2965 3218 2966 3218 3085 3219 2966 3219 2967 3219 3085 3220 3086 3220 3087 3220 2969 3221 3086 3221 2968 3221 2969 3222 3088 3222 3089 3222 2971 3223 3088 3223 2970 3223 2972 3224 3090 3224 2971 3224 2973 3225 3091 3225 2972 3225 2974 3226 3092 3226 2973 3226 2974 3227 3093 3227 3094 3227 2976 3228 3093 3228 2975 3228 2976 3229 3095 3229 3096 3229 2978 3230 3095 3230 2977 3230 2978 3231 3097 3231 3098 3231 2980 3232 3097 3232 2979 3232 2980 3233 3099 3233 3100 3233 2982 3234 3099 3234 2981 3234 2982 3235 3101 3235 3102 3235 2983 3236 3103 3236 3101 3236 2984 3237 3104 3237 3103 3237 2985 3238 3105 3238 3104 3238 2986 3239 3106 3239 3105 3239 2987 3240 3107 3240 3106 3240 2988 3241 3108 3241 3107 3241 2990 3242 3108 3242 2989 3242 2991 3243 3109 3243 2990 3243 2991 3244 3110 3244 3111 3244 2993 3245 3110 3245 2992 3245 2994 3246 3112 3246 2993 3246 2994 3247 3113 3247 3114 3247 2995 3248 3115 3248 3113 3248 2997 3249 3115 3249 2996 3249 2998 3250 3116 3250 2997 3250 2998 3251 3117 3251 3118 3251 2999 3252 3119 3252 3117 3252 3001 3253 3119 3253 3000 3253 3002 3254 3120 3254 3001 3254 3002 3255 3121 3255 3122 3255 3004 3256 3121 3256 3003 3256 3005 3257 3123 3257 3004 3257 3005 3258 3124 3258 3125 3258 3007 3259 3124 3259 3006 3259 3007 3260 3126 3260 3127 3260 3008 3261 3128 3261 3126 3261 3009 3262 3129 3262 3128 3262 3010 3263 3130 3263 3129 3263 3012 3264 3130 3264 3011 3264 3012 3265 3131 3265 3132 3265 3013 3266 3133 3266 3131 3266 3015 3267 3133 3267 3014 3267 3015 3268 3134 3268 3135 3268 3017 3269 3134 3269 3016 3269 3017 3270 3136 3270 3137 3270 3019 3271 3136 3271 3018 3271 3020 3272 3138 3272 3019 3272 3021 3273 3139 3273 3020 3273 3022 3274 3140 3274 3021 3274 3022 3275 3141 3275 3142 3275 3024 3276 3141 3276 3023 3276 3025 3277 3143 3277 3024 3277 3025 3278 3144 3278 3145 3278 3027 3279 3144 3279 3026 3279 3027 3280 3146 3280 3147 3280 3028 3281 3148 3281 3146 3281 3030 3282 3148 3282 3029 3282 3031 3283 3149 3283 3030 3283 3031 3284 3150 3284 3151 3284 3032 3285 3152 3285 3150 3285 3033 3286 3153 3286 3152 3286 3035 3287 3153 3287 3034 3287 3036 3288 3154 3288 3035 3288 3036 3289 3155 3289 3156 3289 3037 3290 3157 3290 3155 3290 3039 3291 3157 3291 3038 3291 3039 3292 3158 3292 3159 3292 3040 3293 3160 3293 3158 3293 3041 3294 3161 3294 3160 3294 3043 3295 3161 3295 3042 3295 3044 3296 3162 3296 3043 3296 3045 3297 3163 3297 3044 3297 3045 3298 3164 3298 3165 3298 3046 3299 3166 3299 3164 3299 3047 3300 3167 3300 3166 3300 3049 3301 3167 3301 3048 3301 3049 3302 3168 3302 3169 3302 3051 3303 3168 3303 3050 3303 3052 3304 3170 3304 3051 3304 3052 3305 3171 3305 3172 3305 3053 3306 3173 3306 3171 3306 3055 3307 3173 3307 3054 3307 3055 3308 3174 3308 3175 3308 3056 3309 3176 3309 3174 3309 3057 3310 3177 3310 3176 3310 3059 3311 3177 3311 3058 3311 3060 3312 3178 3312 3059 3312 3060 3313 3179 3313 3180 3313 3062 3314 3179 3314 3061 3314 3062 3315 3181 3315 3182 3315 3063 3316 3183 3316 3181 3316 3065 3317 3183 3317 3064 3317 3066 3318 3184 3318 3065 3318 3066 3319 3185 3319 3186 3319 3067 3320 3187 3320 3185 3320 3069 3321 3187 3321 3068 3321 3069 3322 3188 3322 3189 3322 3070 3323 3190 3323 3188 3323 3072 3324 3190 3324 3071 3324 3072 3325 3191 3325 3192 3325 3073 3326 3193 3326 3191 3326 3074 3327 3194 3327 3193 3327 3076 3328 3194 3328 3075 3328 3076 3329 3195 3329 3196 3329 3077 3330 3197 3330 3195 3330 3078 3331 3198 3331 3197 3331 3080 3332 3198 3332 3079 3332 3081 3333 3199 3333 3080 3333 3081 3334 3200 3334 3201 3334 3082 3335 3202 3335 3200 3335 3083 3336 3203 3336 3202 3336 3085 3337 3203 3337 3084 3337 3203 3338 3085 3338 3087 3338 3203 3339 3083 3339 3084 3339 3202 3340 3082 3340 3083 3340 3200 3341 3081 3341 3082 3341 3199 3342 3081 3342 3201 3342 3198 3343 3080 3343 3199 3343 3198 3344 3078 3344 3079 3344 3197 3345 3077 3345 3078 3345 3195 3346 3076 3346 3077 3346 3194 3347 3076 3347 3196 3347 3194 3348 3074 3348 3075 3348 3193 3349 3073 3349 3074 3349 3191 3350 3072 3350 3073 3350 3190 3351 3072 3351 3192 3351 3190 3352 3070 3352 3071 3352 3188 3353 3069 3353 3070 3353 3187 3354 3069 3354 3189 3354 3187 3355 3067 3355 3068 3355 3185 3356 3066 3356 3067 3356 3184 3357 3066 3357 3186 3357 3183 3358 3065 3358 3184 3358 3183 3359 3063 3359 3064 3359 3181 3360 3062 3360 3063 3360 3179 3361 3062 3361 3182 3361 3179 3362 3060 3362 3061 3362 3178 3363 3060 3363 3180 3363 3177 3364 3059 3364 3178 3364 3177 3365 3057 3365 3058 3365 3176 3366 3056 3366 3057 3366 3174 3367 3055 3367 3056 3367 3173 3368 3055 3368 3175 3368 3173 3369 3053 3369 3054 3369 3171 3370 3052 3370 3053 3370 3170 3371 3052 3371 3172 3371 3168 3372 3051 3372 3170 3372 3168 3373 3049 3373 3050 3373 3167 3374 3049 3374 3169 3374 3167 3375 3047 3375 3048 3375 3166 3376 3046 3376 3047 3376 3164 3377 3045 3377 3046 3377 3163 3378 3045 3378 3165 3378 3162 3379 3044 3379 3163 3379 3161 3380 3043 3380 3162 3380 3161 3381 3041 3381 3042 3381 3160 3382 3040 3382 3041 3382 3158 3383 3039 3383 3040 3383 3157 3384 3039 3384 3159 3384 3157 3385 3037 3385 3038 3385 3155 3386 3036 3386 3037 3386 3154 3387 3036 3387 3156 3387 3153 3388 3035 3388 3154 3388 3153 3389 3033 3389 3034 3389 3152 3390 3032 3390 3033 3390 3150 3391 3031 3391 3032 3391 3149 3392 3031 3392 3151 3392 3148 3393 3030 3393 3149 3393 3148 3394 3028 3394 3029 3394 3146 3395 3027 3395 3028 3395 3144 3396 3027 3396 3147 3396 3144 3397 3025 3397 3026 3397 3143 3398 3025 3398 3145 3398 3141 3399 3024 3399 3143 3399 3141 3400 3022 3400 3023 3400 3140 3401 3022 3401 3142 3401 3139 3402 3021 3402 3140 3402 3138 3403 3020 3403 3139 3403 3136 3404 3019 3404 3138 3404 3136 3405 3017 3405 3018 3405 3134 3406 3017 3406 3137 3406 3134 3407 3015 3407 3016 3407 3133 3408 3015 3408 3135 3408 3133 3409 3013 3409 3014 3409 3131 3410 3012 3410 3013 3410 3130 3411 3012 3411 3132 3411 3130 3412 3010 3412 3011 3412 3129 3413 3009 3413 3010 3413 3128 3414 3008 3414 3009 3414 3126 3415 3007 3415 3008 3415 3124 3416 3007 3416 3127 3416 3124 3417 3005 3417 3006 3417 3123 3418 3005 3418 3125 3418 3121 3419 3004 3419 3123 3419 3121 3420 3002 3420 3003 3420 3120 3421 3002 3421 3122 3421 3119 3422 3001 3422 3120 3422 3119 3423 2999 3423 3000 3423 3117 3424 2998 3424 2999 3424 3116 3425 2998 3425 3118 3425 3115 3426 2997 3426 3116 3426 3115 3427 2995 3427 2996 3427 3113 3428 2994 3428 2995 3428 3112 3429 2994 3429 3114 3429 3110 3430 2993 3430 3112 3430 3110 3431 2991 3431 2992 3431 3109 3432 2991 3432 3111 3432 3108 3433 2990 3433 3109 3433 3108 3434 2988 3434 2989 3434 3107 3435 2987 3435 2988 3435 3106 3436 2986 3436 2987 3436 3105 3437 2985 3437 2986 3437 3104 3438 2984 3438 2985 3438 3103 3439 2983 3439 2984 3439 3101 3440 2982 3440 2983 3440 3099 3441 2982 3441 3102 3441 3099 3442 2980 3442 2981 3442 3097 3443 2980 3443 3100 3443 3097 3444 2978 3444 2979 3444 3095 3445 2978 3445 3098 3445 3095 3446 2976 3446 2977 3446 3093 3447 2976 3447 3096 3447 3093 3448 2974 3448 2975 3448 3092 3449 2974 3449 3094 3449 3091 3450 2973 3450 3092 3450 3090 3451 2972 3451 3091 3451 3088 3452 2971 3452 3090 3452 3088 3453 2969 3453 2970 3453 3086 3454 2969 3454 3089 3454 3086 3455 3085 3455 2968 3455 2966 3456 3085 3456 3084 3456 2965 3457 3084 3457 3083 3457 2964 3458 3083 3458 3082 3458 2963 3459 3082 3459 3081 3459 2962 3460 3081 3460 3080 3460 2961 3461 3080 3461 3079 3461 2960 3462 3079 3462 3078 3462 2959 3463 3078 3463 3077 3463 2958 3464 3077 3464 3076 3464 2957 3465 3076 3465 3075 3465 2956 3466 3075 3466 3074 3466 2955 3467 3074 3467 3073 3467 2954 3468 3073 3468 3072 3468 2953 3469 3072 3469 3071 3469 2952 3470 3071 3470 3070 3470 2951 3471 3070 3471 3069 3471 2950 3472 3069 3472 3068 3472 2949 3473 3068 3473 3067 3473 2948 3474 3067 3474 3066 3474 2947 3475 3066 3475 3065 3475 2946 3476 3065 3476 3064 3476 2945 3477 3064 3477 3063 3477 2944 3478 3063 3478 3062 3478 2943 3479 3062 3479 3061 3479 2942 3480 3061 3480 3060 3480 2941 3481 3060 3481 3059 3481 2940 3482 3059 3482 3058 3482 2939 3483 3058 3483 3057 3483 2938 3484 3057 3484 3056 3484 2937 3485 3056 3485 3055 3485 2936 3486 3055 3486 3054 3486 2935 3487 3054 3487 3053 3487 2934 3488 3053 3488 3052 3488 2933 3489 3052 3489 3051 3489 2932 3490 3051 3490 3050 3490 2931 3491 3050 3491 3049 3491 2930 3492 3049 3492 3048 3492 2929 3493 3048 3493 3047 3493 2928 3494 3047 3494 3046 3494 2927 3495 3046 3495 3045 3495 2926 3496 3045 3496 3044 3496 2925 3497 3044 3497 3043 3497 2924 3498 3043 3498 3042 3498 2923 3499 3042 3499 3041 3499 2922 3500 3041 3500 3040 3500 2921 3501 3040 3501 3039 3501 2920 3502 3039 3502 3038 3502 2919 3503 3038 3503 3037 3503 2918 3504 3037 3504 3036 3504 2917 3505 3036 3505 3035 3505 2916 3506 3035 3506 3034 3506 2915 3507 3034 3507 3033 3507 2914 3508 3033 3508 3032 3508 2913 3509 3032 3509 3031 3509 2912 3510 3031 3510 3030 3510 2911 3511 3030 3511 3029 3511 2910 3512 3029 3512 3028 3512 2909 3513 3028 3513 3027 3513 2908 3514 3027 3514 3026 3514 2907 3515 3026 3515 3025 3515 2906 3516 3025 3516 3024 3516 2905 3517 3024 3517 3023 3517 2904 3518 3023 3518 3022 3518 2903 3519 3022 3519 3021 3519 2902 3520 3021 3520 3020 3520 2901 3521 3020 3521 3019 3521 2900 3522 3019 3522 3018 3522 2899 3523 3018 3523 3017 3523 2898 3524 3017 3524 3016 3524 2897 3525 3016 3525 3015 3525 2896 3526 3015 3526 3014 3526 2895 3527 3014 3527 3013 3527 2894 3528 3013 3528 3012 3528 2893 3529 3012 3529 3011 3529 2892 3530 3011 3530 3010 3530 2891 3531 3010 3531 3009 3531 2890 3532 3009 3532 3008 3532 2889 3533 3008 3533 3007 3533 2888 3534 3007 3534 3006 3534 2887 3535 3006 3535 3005 3535 2886 3536 3005 3536 3004 3536 2885 3537 3004 3537 3003 3537 2884 3538 3003 3538 3002 3538 2883 3539 3002 3539 3001 3539 2882 3540 3001 3540 3000 3540 2881 3541 3000 3541 2999 3541 2880 3542 2999 3542 2998 3542 2879 3543 2998 3543 2997 3543 2878 3544 2997 3544 2996 3544 2877 3545 2996 3545 2995 3545 2876 3546 2995 3546 2994 3546 2875 3547 2994 3547 2993 3547 2874 3548 2993 3548 2992 3548 2873 3549 2992 3549 2991 3549 2872 3550 2991 3550 2990 3550 2871 3551 2990 3551 2989 3551 2870 3552 2989 3552 2988 3552 2869 3553 2988 3553 2987 3553 2868 3554 2987 3554 2986 3554 2867 3555 2986 3555 2985 3555 2866 3556 2985 3556 2984 3556 2865 3557 2984 3557 2983 3557 2864 3558 2983 3558 2982 3558 2863 3559 2982 3559 2981 3559 2862 3560 2981 3560 2980 3560 2861 3561 2980 3561 2979 3561 2860 3562 2979 3562 2978 3562 2859 3563 2978 3563 2977 3563 2858 3564 2977 3564 2976 3564 2857 3565 2976 3565 2975 3565 2856 3566 2975 3566 2974 3566 2855 3567 2974 3567 2973 3567 2854 3568 2973 3568 2972 3568 2853 3569 2972 3569 2971 3569 2852 3570 2971 3570 2970 3570 2851 3571 2970 3571 2969 3571 2850 3572 2969 3572 2968 3572 2967 3573 2968 3573 3085 3573 2848 3574 2967 3574 2966 3574 2847 3575 2966 3575 2965 3575 2846 3576 2965 3576 2964 3576 2845 3577 2964 3577 2963 3577 2844 3578 2963 3578 2962 3578 2843 3579 2962 3579 2961 3579 2842 3580 2961 3580 2960 3580 2841 3581 2960 3581 2959 3581 2840 3582 2959 3582 2958 3582 2839 3583 2958 3583 2957 3583 2838 3584 2957 3584 2956 3584 2837 3585 2956 3585 2955 3585 2836 3586 2955 3586 2954 3586 2835 3587 2954 3587 2953 3587 2834 3588 2953 3588 2952 3588 2833 3589 2952 3589 2951 3589 2832 3590 2951 3590 2950 3590 2831 3591 2950 3591 2949 3591 2830 3592 2949 3592 2948 3592 2829 3593 2948 3593 2947 3593 2828 3594 2947 3594 2946 3594 2827 3595 2946 3595 2945 3595 2826 3596 2945 3596 2944 3596 2825 3597 2944 3597 2943 3597 2824 3598 2943 3598 2942 3598 2823 3599 2942 3599 2941 3599 2822 3600 2941 3600 2940 3600 2821 3601 2940 3601 2939 3601 2820 3602 2939 3602 2938 3602 2819 3603 2938 3603 2937 3603 2818 3604 2937 3604 2936 3604 2817 3605 2936 3605 2935 3605 2816 3606 2935 3606 2934 3606 2815 3607 2934 3607 2933 3607 2814 3608 2933 3608 2932 3608 2813 3609 2932 3609 2931 3609 2812 3610 2931 3610 2930 3610 2811 3611 2930 3611 2929 3611 2810 3612 2929 3612 2928 3612 2809 3613 2928 3613 2927 3613 2808 3614 2927 3614 2926 3614 2807 3615 2926 3615 2925 3615 2806 3616 2925 3616 2924 3616 2805 3617 2924 3617 2923 3617 2804 3618 2923 3618 2922 3618 2803 3619 2922 3619 2921 3619 2802 3620 2921 3620 2920 3620 2801 3621 2920 3621 2919 3621 2800 3622 2919 3622 2918 3622 2799 3623 2918 3623 2917 3623 2798 3624 2917 3624 2916 3624 2797 3625 2916 3625 2915 3625 2796 3626 2915 3626 2914 3626 2795 3627 2914 3627 2913 3627 2794 3628 2913 3628 2912 3628 2793 3629 2912 3629 2911 3629 2792 3630 2911 3630 2910 3630 2791 3631 2910 3631 2909 3631 2790 3632 2909 3632 2908 3632 2789 3633 2908 3633 2907 3633 2788 3634 2907 3634 2906 3634 2787 3635 2906 3635 2905 3635 2786 3636 2905 3636 2904 3636 2785 3637 2904 3637 2903 3637 2784 3638 2903 3638 2902 3638 2783 3639 2902 3639 2901 3639 2782 3640 2901 3640 2900 3640 2781 3641 2900 3641 2899 3641 2780 3642 2899 3642 2898 3642 2779 3643 2898 3643 2897 3643 2778 3644 2897 3644 2896 3644 2777 3645 2896 3645 2895 3645 2776 3646 2895 3646 2894 3646 2775 3647 2894 3647 2893 3647 2774 3648 2893 3648 2892 3648 2773 3649 2892 3649 2891 3649 2772 3650 2891 3650 2890 3650 2771 3651 2890 3651 2889 3651 2770 3652 2889 3652 2888 3652 2769 3653 2888 3653 2887 3653 2768 3654 2887 3654 2886 3654 2767 3655 2886 3655 2885 3655 2766 3656 2885 3656 2884 3656 2765 3657 2884 3657 2883 3657 2764 3658 2883 3658 2882 3658 2763 3659 2882 3659 2881 3659 2762 3660 2881 3660 2880 3660 2761 3661 2880 3661 2879 3661 2760 3662 2879 3662 2878 3662 2759 3663 2878 3663 2877 3663 2758 3664 2877 3664 2876 3664 2757 3665 2876 3665 2875 3665 2756 3666 2875 3666 2874 3666 2755 3667 2874 3667 2873 3667 2754 3668 2873 3668 2872 3668 2753 3669 2872 3669 2871 3669 2752 3670 2871 3670 2870 3670 2751 3671 2870 3671 2869 3671 2750 3672 2869 3672 2868 3672 2749 3673 2868 3673 2867 3673 2748 3674 2867 3674 2866 3674 2747 3675 2866 3675 2865 3675 2746 3676 2865 3676 2864 3676 2745 3677 2864 3677 2863 3677 2744 3678 2863 3678 2862 3678 2743 3679 2862 3679 2861 3679 2742 3680 2861 3680 2860 3680 2741 3681 2860 3681 2859 3681 2740 3682 2859 3682 2858 3682 2739 3683 2858 3683 2857 3683 2738 3684 2857 3684 2856 3684 2737 3685 2856 3685 2855 3685 2736 3686 2855 3686 2854 3686 2735 3687 2854 3687 2853 3687 2734 3688 2853 3688 2852 3688 2733 3689 2852 3689 2851 3689 2732 3690 2851 3690 2850 3690 2849 3691 2850 3691 2967 3691 2730 3692 2849 3692 2848 3692 2729 3693 2848 3693 2847 3693 2728 3694 2847 3694 2846 3694 2727 3695 2846 3695 2845 3695 2726 3696 2845 3696 2844 3696 2725 3697 2844 3697 2843 3697 2724 3698 2843 3698 2842 3698 2723 3699 2842 3699 2841 3699 2722 3700 2841 3700 2840 3700 2721 3701 2840 3701 2839 3701 2720 3702 2839 3702 2838 3702 2719 3703 2838 3703 2837 3703 2718 3704 2837 3704 2836 3704 2717 3705 2836 3705 2835 3705 2716 3706 2835 3706 2834 3706 2715 3707 2834 3707 2833 3707 2714 3708 2833 3708 2832 3708 2713 3709 2832 3709 2831 3709 2712 3710 2831 3710 2830 3710 2711 3711 2830 3711 2829 3711 2710 3712 2829 3712 2828 3712 2709 3713 2828 3713 2827 3713 2708 3714 2827 3714 2826 3714 2707 3715 2826 3715 2825 3715 2706 3716 2825 3716 2824 3716 2705 3717 2824 3717 2823 3717 2704 3718 2823 3718 2822 3718 2703 3719 2822 3719 2821 3719 2702 3720 2821 3720 2820 3720 2701 3721 2820 3721 2819 3721 2700 3722 2819 3722 2818 3722 2699 3723 2818 3723 2817 3723 2698 3724 2817 3724 2816 3724 2697 3725 2816 3725 2815 3725 2696 3726 2815 3726 2814 3726 2695 3727 2814 3727 2813 3727 2694 3728 2813 3728 2812 3728 2693 3729 2812 3729 2811 3729 2692 3730 2811 3730 2810 3730 2691 3731 2810 3731 2809 3731 2690 3732 2809 3732 2808 3732 2689 3733 2808 3733 2807 3733 2688 3734 2807 3734 2806 3734 2687 3735 2806 3735 2805 3735 2686 3736 2805 3736 2804 3736 2685 3737 2804 3737 2803 3737 2684 3738 2803 3738 2802 3738 2683 3739 2802 3739 2801 3739 2682 3740 2801 3740 2800 3740 2681 3741 2800 3741 2799 3741 2680 3742 2799 3742 2798 3742 2679 3743 2798 3743 2797 3743 2678 3744 2797 3744 2796 3744 2677 3745 2796 3745 2795 3745 2676 3746 2795 3746 2794 3746 2675 3747 2794 3747 2793 3747 2674 3748 2793 3748 2792 3748 2673 3749 2792 3749 2791 3749 2672 3750 2791 3750 2790 3750 2671 3751 2790 3751 2789 3751 2670 3752 2789 3752 2788 3752 2669 3753 2788 3753 2787 3753 2668 3754 2787 3754 2786 3754 2667 3755 2786 3755 2785 3755 2666 3756 2785 3756 2784 3756 2665 3757 2784 3757 2783 3757 2664 3758 2783 3758 2782 3758 2663 3759 2782 3759 2781 3759 2662 3760 2781 3760 2780 3760 2661 3761 2780 3761 2779 3761 2660 3762 2779 3762 2778 3762 2659 3763 2778 3763 2777 3763 2658 3764 2777 3764 2776 3764 2657 3765 2776 3765 2775 3765 2656 3766 2775 3766 2774 3766 2655 3767 2774 3767 2773 3767 2654 3768 2773 3768 2772 3768 2653 3769 2772 3769 2771 3769 2652 3770 2771 3770 2770 3770 2651 3771 2770 3771 2769 3771 2650 3772 2769 3772 2768 3772 2649 3773 2768 3773 2767 3773 2648 3774 2767 3774 2766 3774 2647 3775 2766 3775 2765 3775 2646 3776 2765 3776 2764 3776 2645 3777 2764 3777 2763 3777 2644 3778 2763 3778 2762 3778 2643 3779 2762 3779 2761 3779 2642 3780 2761 3780 2760 3780 2641 3781 2760 3781 2759 3781 2640 3782 2759 3782 2758 3782 2639 3783 2758 3783 2757 3783 2638 3784 2757 3784 2756 3784 2637 3785 2756 3785 2755 3785 2636 3786 2755 3786 2754 3786 2635 3787 2754 3787 2753 3787 2634 3788 2753 3788 2752 3788 2633 3789 2752 3789 2751 3789 2632 3790 2751 3790 2750 3790 2631 3791 2750 3791 2749 3791 2630 3792 2749 3792 2748 3792 2629 3793 2748 3793 2747 3793 2628 3794 2747 3794 2746 3794 2627 3795 2746 3795 2745 3795 2626 3796 2745 3796 2744 3796 2625 3797 2744 3797 2743 3797 2624 3798 2743 3798 2742 3798 2623 3799 2742 3799 2741 3799 2622 3800 2741 3800 2740 3800 2621 3801 2740 3801 2739 3801 2620 3802 2739 3802 2738 3802 2619 3803 2738 3803 2737 3803 2618 3804 2737 3804 2736 3804 2617 3805 2736 3805 2735 3805 2616 3806 2735 3806 2734 3806 2615 3807 2734 3807 2733 3807 2614 3808 2733 3808 2732 3808 2731 3809 2732 3809 2849 3809 2612 3810 2731 3810 2730 3810 2611 3811 2730 3811 2729 3811 2610 3812 2729 3812 2728 3812 2609 3813 2728 3813 2727 3813 2608 3814 2727 3814 2726 3814 2607 3815 2726 3815 2725 3815 2606 3816 2725 3816 2724 3816 2605 3817 2724 3817 2723 3817 2604 3818 2723 3818 2722 3818 2603 3819 2722 3819 2721 3819 2602 3820 2721 3820 2720 3820 2601 3821 2720 3821 2719 3821 2600 3822 2719 3822 2718 3822 2599 3823 2718 3823 2717 3823 2598 3824 2717 3824 2716 3824 2597 3825 2716 3825 2715 3825 2596 3826 2715 3826 2714 3826 2595 3827 2714 3827 2713 3827 2594 3828 2713 3828 2712 3828 2593 3829 2712 3829 2711 3829 2592 3830 2711 3830 2710 3830 2591 3831 2710 3831 2709 3831 2590 3832 2709 3832 2708 3832 2589 3833 2708 3833 2707 3833 2588 3834 2707 3834 2706 3834 2587 3835 2706 3835 2705 3835 2586 3836 2705 3836 2704 3836 2585 3837 2704 3837 2703 3837 2584 3838 2703 3838 2702 3838 2583 3839 2702 3839 2701 3839 2582 3840 2701 3840 2700 3840 2581 3841 2700 3841 2699 3841 2580 3842 2699 3842 2698 3842 2579 3843 2698 3843 2697 3843 2578 3844 2697 3844 2696 3844 2577 3845 2696 3845 2695 3845 2576 3846 2695 3846 2694 3846 2575 3847 2694 3847 2693 3847 2574 3848 2693 3848 2692 3848 2573 3849 2692 3849 2691 3849 2572 3850 2691 3850 2690 3850 2571 3851 2690 3851 2689 3851 2570 3852 2689 3852 2688 3852 2569 3853 2688 3853 2687 3853 2568 3854 2687 3854 2686 3854 2567 3855 2686 3855 2685 3855 2566 3856 2685 3856 2684 3856 2565 3857 2684 3857 2683 3857 2564 3858 2683 3858 2682 3858 2563 3859 2682 3859 2681 3859 2562 3860 2681 3860 2680 3860 2561 3861 2680 3861 2679 3861 2560 3862 2679 3862 2678 3862 2559 3863 2678 3863 2677 3863 2558 3864 2677 3864 2676 3864 2557 3865 2676 3865 2675 3865 2556 3866 2675 3866 2674 3866 2555 3867 2674 3867 2673 3867 2554 3868 2673 3868 2672 3868 2553 3869 2672 3869 2671 3869 2552 3870 2671 3870 2670 3870 2551 3871 2670 3871 2669 3871 2550 3872 2669 3872 2668 3872 2549 3873 2668 3873 2667 3873 2548 3874 2667 3874 2666 3874 2547 3875 2666 3875 2665 3875 2546 3876 2665 3876 2664 3876 2545 3877 2664 3877 2663 3877 2544 3878 2663 3878 2662 3878 2543 3879 2662 3879 2661 3879 2542 3880 2661 3880 2660 3880 2541 3881 2660 3881 2659 3881 2540 3882 2659 3882 2658 3882 2539 3883 2658 3883 2657 3883 2538 3884 2657 3884 2656 3884 2537 3885 2656 3885 2655 3885 2536 3886 2655 3886 2654 3886 2535 3887 2654 3887 2653 3887 2534 3888 2653 3888 2652 3888 2533 3889 2652 3889 2651 3889 2532 3890 2651 3890 2650 3890 2531 3891 2650 3891 2649 3891 2530 3892 2649 3892 2648 3892 2529 3893 2648 3893 2647 3893 2528 3894 2647 3894 2646 3894 2527 3895 2646 3895 2645 3895 2526 3896 2645 3896 2644 3896 2525 3897 2644 3897 2643 3897 2524 3898 2643 3898 2642 3898 2523 3899 2642 3899 2641 3899 2522 3900 2641 3900 2640 3900 2521 3901 2640 3901 2639 3901 2520 3902 2639 3902 2638 3902 2519 3903 2638 3903 2637 3903 2518 3904 2637 3904 2636 3904 2517 3905 2636 3905 2635 3905 2516 3906 2635 3906 2634 3906 2515 3907 2634 3907 2633 3907 2514 3908 2633 3908 2632 3908 2513 3909 2632 3909 2631 3909 2512 3910 2631 3910 2630 3910 2511 3911 2630 3911 2629 3911 2510 3912 2629 3912 2628 3912 2509 3913 2628 3913 2627 3913 2508 3914 2627 3914 2626 3914 2507 3915 2626 3915 2625 3915 2506 3916 2625 3916 2624 3916 2505 3917 2624 3917 2623 3917 2504 3918 2623 3918 2622 3918 2503 3919 2622 3919 2621 3919 2502 3920 2621 3920 2620 3920 2501 3921 2620 3921 2619 3921 2500 3922 2619 3922 2618 3922 2499 3923 2618 3923 2617 3923 2498 3924 2617 3924 2616 3924 2497 3925 2616 3925 2615 3925 2496 3926 2615 3926 2614 3926 2613 3927 2614 3927 2731 3927 2494 3928 2613 3928 2612 3928 2493 3929 2612 3929 2611 3929 2492 3930 2611 3930 2610 3930 2491 3931 2610 3931 2609 3931 2490 3932 2609 3932 2608 3932 2489 3933 2608 3933 2607 3933 2488 3934 2607 3934 2606 3934 2487 3935 2606 3935 2605 3935 2486 3936 2605 3936 2604 3936 2485 3937 2604 3937 2603 3937 2484 3938 2603 3938 2602 3938 2483 3939 2602 3939 2601 3939 2482 3940 2601 3940 2600 3940 2481 3941 2600 3941 2599 3941 2480 3942 2599 3942 2598 3942 2479 3943 2598 3943 2597 3943 2478 3944 2597 3944 2596 3944 2477 3945 2596 3945 2595 3945 2476 3946 2595 3946 2594 3946 2475 3947 2594 3947 2593 3947 2474 3948 2593 3948 2592 3948 2473 3949 2592 3949 2591 3949 2472 3950 2591 3950 2590 3950 2471 3951 2590 3951 2589 3951 2470 3952 2589 3952 2588 3952 2469 3953 2588 3953 2587 3953 2468 3954 2587 3954 2586 3954 2467 3955 2586 3955 2585 3955 2466 3956 2585 3956 2584 3956 2465 3957 2584 3957 2583 3957 2464 3958 2583 3958 2582 3958 2463 3959 2582 3959 2581 3959 2462 3960 2581 3960 2580 3960 2461 3961 2580 3961 2579 3961 2460 3962 2579 3962 2578 3962 2459 3963 2578 3963 2577 3963 2458 3964 2577 3964 2576 3964 2457 3965 2576 3965 2575 3965 2456 3966 2575 3966 2574 3966 2455 3967 2574 3967 2573 3967 2454 3968 2573 3968 2572 3968 2453 3969 2572 3969 2571 3969 2452 3970 2571 3970 2570 3970 2451 3971 2570 3971 2569 3971 2450 3972 2569 3972 2568 3972 2449 3973 2568 3973 2567 3973 2448 3974 2567 3974 2566 3974 2447 3975 2566 3975 2565 3975 2446 3976 2565 3976 2564 3976 2445 3977 2564 3977 2563 3977 2444 3978 2563 3978 2562 3978 2443 3979 2562 3979 2561 3979 2442 3980 2561 3980 2560 3980 2441 3981 2560 3981 2559 3981 2440 3982 2559 3982 2558 3982 2439 3983 2558 3983 2557 3983 2438 3984 2557 3984 2556 3984 2437 3985 2556 3985 2555 3985 2436 3986 2555 3986 2554 3986 2435 3987 2554 3987 2553 3987 2434 3988 2553 3988 2552 3988 2433 3989 2552 3989 2551 3989 2432 3990 2551 3990 2550 3990 2431 3991 2550 3991 2549 3991 2430 3992 2549 3992 2548 3992 2429 3993 2548 3993 2547 3993 2428 3994 2547 3994 2546 3994 2427 3995 2546 3995 2545 3995 2426 3996 2545 3996 2544 3996 2425 3997 2544 3997 2543 3997 2424 3998 2543 3998 2542 3998 2423 3999 2542 3999 2541 3999 2422 4000 2541 4000 2540 4000 2421 4001 2540 4001 2539 4001 2420 4002 2539 4002 2538 4002 2419 4003 2538 4003 2537 4003 2418 4004 2537 4004 2536 4004 2417 4005 2536 4005 2535 4005 2416 4006 2535 4006 2534 4006 2415 4007 2534 4007 2533 4007 2414 4008 2533 4008 2532 4008 2413 4009 2532 4009 2531 4009 2412 4010 2531 4010 2530 4010 2411 4011 2530 4011 2529 4011 2410 4012 2529 4012 2528 4012 2409 4013 2528 4013 2527 4013 2408 4014 2527 4014 2526 4014 2407 4015 2526 4015 2525 4015 2406 4016 2525 4016 2524 4016 2405 4017 2524 4017 2523 4017 2404 4018 2523 4018 2522 4018 2403 4019 2522 4019 2521 4019 2402 4020 2521 4020 2520 4020 2401 4021 2520 4021 2519 4021 2400 4022 2519 4022 2518 4022 2399 4023 2518 4023 2517 4023 2398 4024 2517 4024 2516 4024 2397 4025 2516 4025 2515 4025 2396 4026 2515 4026 2514 4026 2395 4027 2514 4027 2513 4027 2394 4028 2513 4028 2512 4028 2393 4029 2512 4029 2511 4029 2392 4030 2511 4030 2510 4030 2391 4031 2510 4031 2509 4031 2390 4032 2509 4032 2508 4032 2389 4033 2508 4033 2507 4033 2388 4034 2507 4034 2506 4034 2387 4035 2506 4035 2505 4035 2386 4036 2505 4036 2504 4036 2385 4037 2504 4037 2503 4037 2384 4038 2503 4038 2502 4038 2383 4039 2502 4039 2501 4039 2382 4040 2501 4040 2500 4040 2381 4041 2500 4041 2499 4041 2380 4042 2499 4042 2498 4042 2379 4043 2498 4043 2497 4043 2378 4044 2497 4044 2496 4044 2495 4045 2496 4045 2613 4045 2376 4046 2495 4046 2494 4046 2375 4047 2494 4047 2493 4047 2374 4048 2493 4048 2492 4048 2373 4049 2492 4049 2491 4049 2372 4050 2491 4050 2490 4050 2371 4051 2490 4051 2489 4051 2370 4052 2489 4052 2488 4052 2369 4053 2488 4053 2487 4053 2368 4054 2487 4054 2486 4054 2367 4055 2486 4055 2485 4055 2366 4056 2485 4056 2484 4056 2365 4057 2484 4057 2483 4057 2364 4058 2483 4058 2482 4058 2363 4059 2482 4059 2481 4059 2362 4060 2481 4060 2480 4060 2361 4061 2480 4061 2479 4061 2360 4062 2479 4062 2478 4062 2359 4063 2478 4063 2477 4063 2358 4064 2477 4064 2476 4064 2357 4065 2476 4065 2475 4065 2356 4066 2475 4066 2474 4066 2355 4067 2474 4067 2473 4067 2354 4068 2473 4068 2472 4068 2353 4069 2472 4069 2471 4069 2352 4070 2471 4070 2470 4070 2351 4071 2470 4071 2469 4071 2350 4072 2469 4072 2468 4072 2349 4073 2468 4073 2467 4073 2348 4074 2467 4074 2466 4074 2347 4075 2466 4075 2465 4075 2346 4076 2465 4076 2464 4076 2345 4077 2464 4077 2463 4077 2344 4078 2463 4078 2462 4078 2343 4079 2462 4079 2461 4079 2342 4080 2461 4080 2460 4080 2341 4081 2460 4081 2459 4081 2340 4082 2459 4082 2458 4082 2339 4083 2458 4083 2457 4083 2338 4084 2457 4084 2456 4084 2337 4085 2456 4085 2455 4085 2336 4086 2455 4086 2454 4086 2335 4087 2454 4087 2453 4087 2334 4088 2453 4088 2452 4088 2333 4089 2452 4089 2451 4089 2332 4090 2451 4090 2450 4090 2331 4091 2450 4091 2449 4091 2330 4092 2449 4092 2448 4092 2329 4093 2448 4093 2447 4093 2328 4094 2447 4094 2446 4094 2327 4095 2446 4095 2445 4095 2326 4096 2445 4096 2444 4096 2325 4097 2444 4097 2443 4097 2324 4098 2443 4098 2442 4098 2323 4099 2442 4099 2441 4099 2322 4100 2441 4100 2440 4100 2321 4101 2440 4101 2439 4101 2320 4102 2439 4102 2438 4102 2319 4103 2438 4103 2437 4103 2318 4104 2437 4104 2436 4104 2317 4105 2436 4105 2435 4105 2316 4106 2435 4106 2434 4106 2315 4107 2434 4107 2433 4107 2314 4108 2433 4108 2432 4108 2313 4109 2432 4109 2431 4109 2312 4110 2431 4110 2430 4110 2311 4111 2430 4111 2429 4111 2310 4112 2429 4112 2428 4112 2309 4113 2428 4113 2427 4113 2308 4114 2427 4114 2426 4114 2307 4115 2426 4115 2425 4115 2306 4116 2425 4116 2424 4116 2305 4117 2424 4117 2423 4117 2304 4118 2423 4118 2422 4118 2303 4119 2422 4119 2421 4119 2302 4120 2421 4120 2420 4120 2301 4121 2420 4121 2419 4121 2300 4122 2419 4122 2418 4122 2299 4123 2418 4123 2417 4123 2298 4124 2417 4124 2416 4124 2297 4125 2416 4125 2415 4125 2296 4126 2415 4126 2414 4126 2295 4127 2414 4127 2413 4127 2294 4128 2413 4128 2412 4128 2293 4129 2412 4129 2411 4129 2292 4130 2411 4130 2410 4130 2291 4131 2410 4131 2409 4131 2290 4132 2409 4132 2408 4132 2289 4133 2408 4133 2407 4133 2288 4134 2407 4134 2406 4134 2287 4135 2406 4135 2405 4135 2286 4136 2405 4136 2404 4136 2285 4137 2404 4137 2403 4137 2284 4138 2403 4138 2402 4138 2283 4139 2402 4139 2401 4139 2282 4140 2401 4140 2400 4140 2281 4141 2400 4141 2399 4141 2280 4142 2399 4142 2398 4142 2279 4143 2398 4143 2397 4143 2278 4144 2397 4144 2396 4144 2277 4145 2396 4145 2395 4145 2276 4146 2395 4146 2394 4146 2275 4147 2394 4147 2393 4147 2274 4148 2393 4148 2392 4148 2273 4149 2392 4149 2391 4149 2272 4150 2391 4150 2390 4150 2271 4151 2390 4151 2389 4151 2270 4152 2389 4152 2388 4152 2269 4153 2388 4153 2387 4153 2268 4154 2387 4154 2386 4154 2267 4155 2386 4155 2385 4155 2266 4156 2385 4156 2384 4156 2265 4157 2384 4157 2383 4157 2264 4158 2383 4158 2382 4158 2263 4159 2382 4159 2381 4159 2262 4160 2381 4160 2380 4160 2261 4161 2380 4161 2379 4161 2260 4162 2379 4162 2378 4162 2377 4163 2378 4163 2495 4163 2258 4164 2377 4164 2376 4164 2257 4165 2376 4165 2375 4165 2256 4166 2375 4166 2374 4166 2255 4167 2374 4167 2373 4167 2254 4168 2373 4168 2372 4168 2253 4169 2372 4169 2371 4169 2252 4170 2371 4170 2370 4170 2251 4171 2370 4171 2369 4171 2250 4172 2369 4172 2368 4172 2249 4173 2368 4173 2367 4173 2248 4174 2367 4174 2366 4174 2247 4175 2366 4175 2365 4175 2246 4176 2365 4176 2364 4176 2245 4177 2364 4177 2363 4177 2244 4178 2363 4178 2362 4178 2243 4179 2362 4179 2361 4179 2242 4180 2361 4180 2360 4180 2241 4181 2360 4181 2359 4181 2240 4182 2359 4182 2358 4182 2239 4183 2358 4183 2357 4183 2238 4184 2357 4184 2356 4184 2237 4185 2356 4185 2355 4185 2236 4186 2355 4186 2354 4186 2235 4187 2354 4187 2353 4187 2234 4188 2353 4188 2352 4188 2233 4189 2352 4189 2351 4189 2232 4190 2351 4190 2350 4190 2231 4191 2350 4191 2349 4191 2230 4192 2349 4192 2348 4192 2229 4193 2348 4193 2347 4193 2228 4194 2347 4194 2346 4194 2227 4195 2346 4195 2345 4195 2226 4196 2345 4196 2344 4196 2225 4197 2344 4197 2343 4197 2224 4198 2343 4198 2342 4198 2223 4199 2342 4199 2341 4199 2222 4200 2341 4200 2340 4200 2221 4201 2340 4201 2339 4201 2220 4202 2339 4202 2338 4202 2219 4203 2338 4203 2337 4203 2218 4204 2337 4204 2336 4204 2217 4205 2336 4205 2335 4205 2216 4206 2335 4206 2334 4206 2215 4207 2334 4207 2333 4207 2214 4208 2333 4208 2332 4208 2213 4209 2332 4209 2331 4209 2212 4210 2331 4210 2330 4210 2211 4211 2330 4211 2329 4211 2210 4212 2329 4212 2328 4212 2209 4213 2328 4213 2327 4213 2208 4214 2327 4214 2326 4214 2207 4215 2326 4215 2325 4215 2206 4216 2325 4216 2324 4216 2205 4217 2324 4217 2323 4217 2204 4218 2323 4218 2322 4218 2203 4219 2322 4219 2321 4219 2202 4220 2321 4220 2320 4220 2201 4221 2320 4221 2319 4221 2200 4222 2319 4222 2318 4222 2199 4223 2318 4223 2317 4223 2198 4224 2317 4224 2316 4224 2197 4225 2316 4225 2315 4225 2196 4226 2315 4226 2314 4226 2195 4227 2314 4227 2313 4227 2194 4228 2313 4228 2312 4228 2193 4229 2312 4229 2311 4229 2192 4230 2311 4230 2310 4230 2191 4231 2310 4231 2309 4231 2190 4232 2309 4232 2308 4232 2189 4233 2308 4233 2307 4233 2188 4234 2307 4234 2306 4234 2187 4235 2306 4235 2305 4235 2186 4236 2305 4236 2304 4236 2185 4237 2304 4237 2303 4237 2184 4238 2303 4238 2302 4238 2183 4239 2302 4239 2301 4239 2182 4240 2301 4240 2300 4240 2181 4241 2300 4241 2299 4241 2180 4242 2299 4242 2298 4242 2179 4243 2298 4243 2297 4243 2178 4244 2297 4244 2296 4244 2177 4245 2296 4245 2295 4245 2176 4246 2295 4246 2294 4246 2175 4247 2294 4247 2293 4247 2174 4248 2293 4248 2292 4248 2173 4249 2292 4249 2291 4249 2172 4250 2291 4250 2290 4250 2171 4251 2290 4251 2289 4251 2170 4252 2289 4252 2288 4252 2169 4253 2288 4253 2287 4253 2168 4254 2287 4254 2286 4254 2167 4255 2286 4255 2285 4255 2166 4256 2285 4256 2284 4256 2165 4257 2284 4257 2283 4257 2164 4258 2283 4258 2282 4258 2163 4259 2282 4259 2281 4259 2162 4260 2281 4260 2280 4260 2161 4261 2280 4261 2279 4261 2160 4262 2279 4262 2278 4262 2159 4263 2278 4263 2277 4263 2158 4264 2277 4264 2276 4264 2157 4265 2276 4265 2275 4265 2156 4266 2275 4266 2274 4266 2155 4267 2274 4267 2273 4267 2154 4268 2273 4268 2272 4268 2153 4269 2272 4269 2271 4269 2152 4270 2271 4270 2270 4270 2151 4271 2270 4271 2269 4271 2150 4272 2269 4272 2268 4272 2149 4273 2268 4273 2267 4273 2148 4274 2267 4274 2266 4274 2147 4275 2266 4275 2265 4275 2146 4276 2265 4276 2264 4276 2145 4277 2264 4277 2263 4277 2144 4278 2263 4278 2262 4278 2143 4279 2262 4279 2261 4279 2142 4280 2261 4280 2260 4280 2259 4281 2260 4281 2377 4281 2140 4282 2259 4282 2258 4282 2139 4283 2258 4283 2257 4283 2138 4284 2257 4284 2256 4284 2137 4285 2256 4285 2255 4285 2136 4286 2255 4286 2254 4286 2135 4287 2254 4287 2253 4287 2134 4288 2253 4288 2252 4288 2133 4289 2252 4289 2251 4289 2132 4290 2251 4290 2250 4290 2131 4291 2250 4291 2249 4291 2130 4292 2249 4292 2248 4292 2129 4293 2248 4293 2247 4293 2128 4294 2247 4294 2246 4294 2127 4295 2246 4295 2245 4295 2126 4296 2245 4296 2244 4296 2125 4297 2244 4297 2243 4297 2124 4298 2243 4298 2242 4298 2123 4299 2242 4299 2241 4299 2122 4300 2241 4300 2240 4300 2121 4301 2240 4301 2239 4301 2120 4302 2239 4302 2238 4302 2119 4303 2238 4303 2237 4303 2118 4304 2237 4304 2236 4304 2117 4305 2236 4305 2235 4305 2116 4306 2235 4306 2234 4306 2115 4307 2234 4307 2233 4307 2114 4308 2233 4308 2232 4308 2113 4309 2232 4309 2231 4309 2112 4310 2231 4310 2230 4310 2111 4311 2230 4311 2229 4311 2110 4312 2229 4312 2228 4312 2109 4313 2228 4313 2227 4313 2108 4314 2227 4314 2226 4314 2107 4315 2226 4315 2225 4315 2106 4316 2225 4316 2224 4316 2105 4317 2224 4317 2223 4317 2104 4318 2223 4318 2222 4318 2103 4319 2222 4319 2221 4319 2102 4320 2221 4320 2220 4320 2101 4321 2220 4321 2219 4321 2100 4322 2219 4322 2218 4322 2099 4323 2218 4323 2217 4323 2098 4324 2217 4324 2216 4324 2097 4325 2216 4325 2215 4325 2096 4326 2215 4326 2214 4326 2095 4327 2214 4327 2213 4327 2094 4328 2213 4328 2212 4328 2093 4329 2212 4329 2211 4329 2092 4330 2211 4330 2210 4330 2091 4331 2210 4331 2209 4331 2090 4332 2209 4332 2208 4332 2089 4333 2208 4333 2207 4333 2088 4334 2207 4334 2206 4334 2087 4335 2206 4335 2205 4335 2086 4336 2205 4336 2204 4336 2085 4337 2204 4337 2203 4337 2084 4338 2203 4338 2202 4338 2083 4339 2202 4339 2201 4339 2082 4340 2201 4340 2200 4340 2081 4341 2200 4341 2199 4341 2080 4342 2199 4342 2198 4342 2079 4343 2198 4343 2197 4343 2078 4344 2197 4344 2196 4344 2077 4345 2196 4345 2195 4345 2076 4346 2195 4346 2194 4346 2075 4347 2194 4347 2193 4347 2074 4348 2193 4348 2192 4348 2073 4349 2192 4349 2191 4349 2072 4350 2191 4350 2190 4350 2071 4351 2190 4351 2189 4351 2070 4352 2189 4352 2188 4352 2069 4353 2188 4353 2187 4353 2068 4354 2187 4354 2186 4354 2067 4355 2186 4355 2185 4355 2066 4356 2185 4356 2184 4356 2065 4357 2184 4357 2183 4357 2064 4358 2183 4358 2182 4358 2063 4359 2182 4359 2181 4359 2062 4360 2181 4360 2180 4360 2061 4361 2180 4361 2179 4361 2060 4362 2179 4362 2178 4362 2059 4363 2178 4363 2177 4363 2058 4364 2177 4364 2176 4364 2057 4365 2176 4365 2175 4365 2056 4366 2175 4366 2174 4366 2055 4367 2174 4367 2173 4367 2054 4368 2173 4368 2172 4368 2053 4369 2172 4369 2171 4369 2052 4370 2171 4370 2170 4370 2051 4371 2170 4371 2169 4371 2050 4372 2169 4372 2168 4372 2049 4373 2168 4373 2167 4373 2048 4374 2167 4374 2166 4374 2047 4375 2166 4375 2165 4375 2046 4376 2165 4376 2164 4376 2045 4377 2164 4377 2163 4377 2044 4378 2163 4378 2162 4378 2043 4379 2162 4379 2161 4379 2042 4380 2161 4380 2160 4380 2041 4381 2160 4381 2159 4381 2040 4382 2159 4382 2158 4382 2039 4383 2158 4383 2157 4383 2038 4384 2157 4384 2156 4384 2037 4385 2156 4385 2155 4385 2036 4386 2155 4386 2154 4386 2035 4387 2154 4387 2153 4387 2034 4388 2153 4388 2152 4388 2033 4389 2152 4389 2151 4389 2032 4390 2151 4390 2150 4390 2031 4391 2150 4391 2149 4391 2030 4392 2149 4392 2148 4392 2029 4393 2148 4393 2147 4393 2028 4394 2147 4394 2146 4394 2027 4395 2146 4395 2145 4395 2026 4396 2145 4396 2144 4396 2025 4397 2144 4397 2143 4397 2024 4398 2143 4398 2142 4398 2141 4399 2142 4399 2259 4399 2022 4400 2141 4400 2140 4400 2021 4401 2140 4401 2139 4401 2020 4402 2139 4402 2138 4402 2019 4403 2138 4403 2137 4403 2018 4404 2137 4404 2136 4404 2017 4405 2136 4405 2135 4405 2016 4406 2135 4406 2134 4406 2015 4407 2134 4407 2133 4407 2014 4408 2133 4408 2132 4408 2013 4409 2132 4409 2131 4409 2012 4410 2131 4410 2130 4410 2011 4411 2130 4411 2129 4411 2010 4412 2129 4412 2128 4412 2009 4413 2128 4413 2127 4413 2008 4414 2127 4414 2126 4414 2007 4415 2126 4415 2125 4415 2006 4416 2125 4416 2124 4416 2005 4417 2124 4417 2123 4417 2004 4418 2123 4418 2122 4418 2003 4419 2122 4419 2121 4419 2002 4420 2121 4420 2120 4420 2001 4421 2120 4421 2119 4421 2000 4422 2119 4422 2118 4422 1999 4423 2118 4423 2117 4423 1998 4424 2117 4424 2116 4424 1997 4425 2116 4425 2115 4425 1996 4426 2115 4426 2114 4426 1995 4427 2114 4427 2113 4427 1994 4428 2113 4428 2112 4428 1993 4429 2112 4429 2111 4429 1992 4430 2111 4430 2110 4430 1991 4431 2110 4431 2109 4431 1990 4432 2109 4432 2108 4432 1989 4433 2108 4433 2107 4433 1988 4434 2107 4434 2106 4434 1987 4435 2106 4435 2105 4435 1986 4436 2105 4436 2104 4436 1985 4437 2104 4437 2103 4437 1984 4438 2103 4438 2102 4438 1983 4439 2102 4439 2101 4439 1982 4440 2101 4440 2100 4440 1981 4441 2100 4441 2099 4441 1980 4442 2099 4442 2098 4442 1979 4443 2098 4443 2097 4443 1978 4444 2097 4444 2096 4444 1977 4445 2096 4445 2095 4445 1976 4446 2095 4446 2094 4446 1975 4447 2094 4447 2093 4447 1974 4448 2093 4448 2092 4448 1973 4449 2092 4449 2091 4449 1972 4450 2091 4450 2090 4450 1971 4451 2090 4451 2089 4451 1970 4452 2089 4452 2088 4452 1969 4453 2088 4453 2087 4453 1968 4454 2087 4454 2086 4454 1967 4455 2086 4455 2085 4455 1966 4456 2085 4456 2084 4456 1965 4457 2084 4457 2083 4457 1964 4458 2083 4458 2082 4458 1963 4459 2082 4459 2081 4459 1962 4460 2081 4460 2080 4460 1961 4461 2080 4461 2079 4461 1960 4462 2079 4462 2078 4462 1959 4463 2078 4463 2077 4463 1958 4464 2077 4464 2076 4464 1957 4465 2076 4465 2075 4465 1956 4466 2075 4466 2074 4466 1955 4467 2074 4467 2073 4467 1954 4468 2073 4468 2072 4468 1953 4469 2072 4469 2071 4469 1952 4470 2071 4470 2070 4470 1951 4471 2070 4471 2069 4471 1950 4472 2069 4472 2068 4472 1949 4473 2068 4473 2067 4473 1948 4474 2067 4474 2066 4474 1947 4475 2066 4475 2065 4475 1946 4476 2065 4476 2064 4476 1945 4477 2064 4477 2063 4477 1944 4478 2063 4478 2062 4478 1943 4479 2062 4479 2061 4479 1942 4480 2061 4480 2060 4480 1941 4481 2060 4481 2059 4481 1940 4482 2059 4482 2058 4482 1939 4483 2058 4483 2057 4483 1938 4484 2057 4484 2056 4484 1937 4485 2056 4485 2055 4485 1936 4486 2055 4486 2054 4486 1935 4487 2054 4487 2053 4487 1934 4488 2053 4488 2052 4488 1933 4489 2052 4489 2051 4489 1932 4490 2051 4490 2050 4490 1931 4491 2050 4491 2049 4491 1930 4492 2049 4492 2048 4492 1929 4493 2048 4493 2047 4493 1928 4494 2047 4494 2046 4494 1927 4495 2046 4495 2045 4495 1926 4496 2045 4496 2044 4496 1925 4497 2044 4497 2043 4497 1924 4498 2043 4498 2042 4498 1923 4499 2042 4499 2041 4499 1922 4500 2041 4500 2040 4500 1921 4501 2040 4501 2039 4501 1920 4502 2039 4502 2038 4502 1919 4503 2038 4503 2037 4503 1918 4504 2037 4504 2036 4504 1917 4505 2036 4505 2035 4505 1916 4506 2035 4506 2034 4506 1915 4507 2034 4507 2033 4507 1914 4508 2033 4508 2032 4508 1913 4509 2032 4509 2031 4509 1912 4510 2031 4510 2030 4510 1911 4511 2030 4511 2029 4511 1910 4512 2029 4512 2028 4512 1909 4513 2028 4513 2027 4513 1908 4514 2027 4514 2026 4514 1907 4515 2026 4515 2025 4515 1906 4516 2025 4516 2024 4516 2023 4517 2024 4517 2141 4517 1904 4518 2023 4518 2022 4518 1903 4519 2022 4519 2021 4519 1902 4520 2021 4520 2020 4520 1901 4521 2020 4521 2019 4521 1900 4522 2019 4522 2018 4522 1899 4523 2018 4523 2017 4523 1898 4524 2017 4524 2016 4524 1897 4525 2016 4525 2015 4525 1896 4526 2015 4526 2014 4526 1895 4527 2014 4527 2013 4527 1894 4528 2013 4528 2012 4528 1893 4529 2012 4529 2011 4529 1892 4530 2011 4530 2010 4530 1891 4531 2010 4531 2009 4531 1890 4532 2009 4532 2008 4532 1889 4533 2008 4533 2007 4533 1888 4534 2007 4534 2006 4534 1887 4535 2006 4535 2005 4535 1886 4536 2005 4536 2004 4536 1885 4537 2004 4537 2003 4537 1884 4538 2003 4538 2002 4538 1883 4539 2002 4539 2001 4539 1882 4540 2001 4540 2000 4540 1881 4541 2000 4541 1999 4541 1880 4542 1999 4542 1998 4542 1879 4543 1998 4543 1997 4543 1878 4544 1997 4544 1996 4544 1877 4545 1996 4545 1995 4545 1876 4546 1995 4546 1994 4546 1875 4547 1994 4547 1993 4547 1874 4548 1993 4548 1992 4548 1873 4549 1992 4549 1991 4549 1872 4550 1991 4550 1990 4550 1871 4551 1990 4551 1989 4551 1870 4552 1989 4552 1988 4552 1869 4553 1988 4553 1987 4553 1868 4554 1987 4554 1986 4554 1867 4555 1986 4555 1985 4555 1866 4556 1985 4556 1984 4556 1865 4557 1984 4557 1983 4557 1864 4558 1983 4558 1982 4558 1863 4559 1982 4559 1981 4559 1862 4560 1981 4560 1980 4560 1861 4561 1980 4561 1979 4561 1860 4562 1979 4562 1978 4562 1859 4563 1978 4563 1977 4563 1858 4564 1977 4564 1976 4564 1857 4565 1976 4565 1975 4565 1856 4566 1975 4566 1974 4566 1855 4567 1974 4567 1973 4567 1854 4568 1973 4568 1972 4568 1853 4569 1972 4569 1971 4569 1852 4570 1971 4570 1970 4570 1851 4571 1970 4571 1969 4571 1850 4572 1969 4572 1968 4572 1849 4573 1968 4573 1967 4573 1848 4574 1967 4574 1966 4574 1847 4575 1966 4575 1965 4575 1846 4576 1965 4576 1964 4576 1845 4577 1964 4577 1963 4577 1844 4578 1963 4578 1962 4578 1843 4579 1962 4579 1961 4579 1842 4580 1961 4580 1960 4580 1841 4581 1960 4581 1959 4581 1840 4582 1959 4582 1958 4582 1839 4583 1958 4583 1957 4583 1838 4584 1957 4584 1956 4584 1837 4585 1956 4585 1955 4585 1836 4586 1955 4586 1954 4586 1835 4587 1954 4587 1953 4587 1834 4588 1953 4588 1952 4588 1833 4589 1952 4589 1951 4589 1832 4590 1951 4590 1950 4590 1831 4591 1950 4591 1949 4591 1830 4592 1949 4592 1948 4592 1829 4593 1948 4593 1947 4593 1828 4594 1947 4594 1946 4594 1827 4595 1946 4595 1945 4595 1826 4596 1945 4596 1944 4596 1825 4597 1944 4597 1943 4597 1824 4598 1943 4598 1942 4598 1823 4599 1942 4599 1941 4599 1822 4600 1941 4600 1940 4600 1821 4601 1940 4601 1939 4601 1820 4602 1939 4602 1938 4602 1819 4603 1938 4603 1937 4603 1818 4604 1937 4604 1936 4604 1817 4605 1936 4605 1935 4605 1816 4606 1935 4606 1934 4606 1815 4607 1934 4607 1933 4607 1814 4608 1933 4608 1932 4608 1813 4609 1932 4609 1931 4609 1812 4610 1931 4610 1930 4610 1811 4611 1930 4611 1929 4611 1810 4612 1929 4612 1928 4612 1809 4613 1928 4613 1927 4613 1808 4614 1927 4614 1926 4614 1807 4615 1926 4615 1925 4615 1806 4616 1925 4616 1924 4616 1805 4617 1924 4617 1923 4617 1804 4618 1923 4618 1922 4618 1803 4619 1922 4619 1921 4619 1802 4620 1921 4620 1920 4620 1801 4621 1920 4621 1919 4621 1800 4622 1919 4622 1918 4622 1799 4623 1918 4623 1917 4623 1798 4624 1917 4624 1916 4624 1797 4625 1916 4625 1915 4625 1796 4626 1915 4626 1914 4626 1795 4627 1914 4627 1913 4627 1794 4628 1913 4628 1912 4628 1793 4629 1912 4629 1911 4629 1792 4630 1911 4630 1910 4630 1791 4631 1910 4631 1909 4631 1790 4632 1909 4632 1908 4632 1789 4633 1908 4633 1907 4633 1788 4634 1907 4634 1906 4634 1905 4635 1906 4635 2023 4635 1786 4636 1905 4636 1904 4636 1785 4637 1904 4637 1903 4637 1784 4638 1903 4638 1902 4638 1783 4639 1902 4639 1901 4639 1782 4640 1901 4640 1900 4640 1781 4641 1900 4641 1899 4641 1780 4642 1899 4642 1898 4642 1779 4643 1898 4643 1897 4643 1778 4644 1897 4644 1896 4644 1777 4645 1896 4645 1895 4645 1776 4646 1895 4646 1894 4646 1775 4647 1894 4647 1893 4647 1774 4648 1893 4648 1892 4648 1773 4649 1892 4649 1891 4649 1772 4650 1891 4650 1890 4650 1771 4651 1890 4651 1889 4651 1770 4652 1889 4652 1888 4652 1769 4653 1888 4653 1887 4653 1768 4654 1887 4654 1886 4654 1767 4655 1886 4655 1885 4655 1766 4656 1885 4656 1884 4656 1765 4657 1884 4657 1883 4657 1764 4658 1883 4658 1882 4658 1763 4659 1882 4659 1881 4659 1762 4660 1881 4660 1880 4660 1761 4661 1880 4661 1879 4661 1760 4662 1879 4662 1878 4662 1759 4663 1878 4663 1877 4663 1758 4664 1877 4664 1876 4664 1757 4665 1876 4665 1875 4665 1756 4666 1875 4666 1874 4666 1755 4667 1874 4667 1873 4667 1754 4668 1873 4668 1872 4668 1753 4669 1872 4669 1871 4669 1752 4670 1871 4670 1870 4670 1751 4671 1870 4671 1869 4671 1750 4672 1869 4672 1868 4672 1749 4673 1868 4673 1867 4673 1748 4674 1867 4674 1866 4674 1747 4675 1866 4675 1865 4675 1746 4676 1865 4676 1864 4676 1745 4677 1864 4677 1863 4677 1744 4678 1863 4678 1862 4678 1743 4679 1862 4679 1861 4679 1742 4680 1861 4680 1860 4680 1741 4681 1860 4681 1859 4681 1740 4682 1859 4682 1858 4682 1739 4683 1858 4683 1857 4683 1738 4684 1857 4684 1856 4684 1737 4685 1856 4685 1855 4685 1736 4686 1855 4686 1854 4686 1735 4687 1854 4687 1853 4687 1734 4688 1853 4688 1852 4688 1733 4689 1852 4689 1851 4689 1732 4690 1851 4690 1850 4690 1731 4691 1850 4691 1849 4691 1730 4692 1849 4692 1848 4692 1729 4693 1848 4693 1847 4693 1728 4694 1847 4694 1846 4694 1727 4695 1846 4695 1845 4695 1726 4696 1845 4696 1844 4696 1725 4697 1844 4697 1843 4697 1724 4698 1843 4698 1842 4698 1723 4699 1842 4699 1841 4699 1722 4700 1841 4700 1840 4700 1721 4701 1840 4701 1839 4701 1720 4702 1839 4702 1838 4702 1719 4703 1838 4703 1837 4703 1718 4704 1837 4704 1836 4704 1717 4705 1836 4705 1835 4705 1716 4706 1835 4706 1834 4706 1715 4707 1834 4707 1833 4707 1714 4708 1833 4708 1832 4708 1713 4709 1832 4709 1831 4709 1712 4710 1831 4710 1830 4710 1711 4711 1830 4711 1829 4711 1710 4712 1829 4712 1828 4712 1709 4713 1828 4713 1827 4713 1708 4714 1827 4714 1826 4714 1707 4715 1826 4715 1825 4715 1706 4716 1825 4716 1824 4716 1705 4717 1824 4717 1823 4717 1704 4718 1823 4718 1822 4718 1703 4719 1822 4719 1821 4719 1702 4720 1821 4720 1820 4720 1701 4721 1820 4721 1819 4721 1700 4722 1819 4722 1818 4722 1699 4723 1818 4723 1817 4723 1698 4724 1817 4724 1816 4724 1697 4725 1816 4725 1815 4725 1696 4726 1815 4726 1814 4726 1695 4727 1814 4727 1813 4727 1694 4728 1813 4728 1812 4728 1693 4729 1812 4729 1811 4729 1692 4730 1811 4730 1810 4730 1691 4731 1810 4731 1809 4731 1690 4732 1809 4732 1808 4732 1689 4733 1808 4733 1807 4733 1688 4734 1807 4734 1806 4734 1687 4735 1806 4735 1805 4735 1686 4736 1805 4736 1804 4736 1685 4737 1804 4737 1803 4737 1684 4738 1803 4738 1802 4738 1683 4739 1802 4739 1801 4739 1682 4740 1801 4740 1800 4740 1681 4741 1800 4741 1799 4741 1680 4742 1799 4742 1798 4742 1679 4743 1798 4743 1797 4743 1678 4744 1797 4744 1796 4744 1677 4745 1796 4745 1795 4745 1676 4746 1795 4746 1794 4746 1675 4747 1794 4747 1793 4747 1674 4748 1793 4748 1792 4748 1673 4749 1792 4749 1791 4749 1672 4750 1791 4750 1790 4750 1671 4751 1790 4751 1789 4751 1670 4752 1789 4752 1788 4752 1787 4753 1788 4753 1905 4753 1668 4754 1787 4754 1786 4754 1667 4755 1786 4755 1785 4755 1666 4756 1785 4756 1784 4756 1665 4757 1784 4757 1783 4757 1664 4758 1783 4758 1782 4758 1663 4759 1782 4759 1781 4759 1662 4760 1781 4760 1780 4760 1661 4761 1780 4761 1779 4761 1660 4762 1779 4762 1778 4762 1659 4763 1778 4763 1777 4763 1658 4764 1777 4764 1776 4764 1657 4765 1776 4765 1775 4765 1656 4766 1775 4766 1774 4766 1655 4767 1774 4767 1773 4767 1654 4768 1773 4768 1772 4768 1653 4769 1772 4769 1771 4769 1652 4770 1771 4770 1770 4770 1651 4771 1770 4771 1769 4771 1650 4772 1769 4772 1768 4772 1649 4773 1768 4773 1767 4773 1648 4774 1767 4774 1766 4774 1647 4775 1766 4775 1765 4775 1646 4776 1765 4776 1764 4776 1645 4777 1764 4777 1763 4777 1644 4778 1763 4778 1762 4778 1643 4779 1762 4779 1761 4779 1642 4780 1761 4780 1760 4780 1641 4781 1760 4781 1759 4781 1640 4782 1759 4782 1758 4782 1639 4783 1758 4783 1757 4783 1638 4784 1757 4784 1756 4784 1637 4785 1756 4785 1755 4785 1636 4786 1755 4786 1754 4786 1635 4787 1754 4787 1753 4787 1634 4788 1753 4788 1752 4788 1633 4789 1752 4789 1751 4789 1632 4790 1751 4790 1750 4790 1631 4791 1750 4791 1749 4791 1630 4792 1749 4792 1748 4792 1629 4793 1748 4793 1747 4793 1628 4794 1747 4794 1746 4794 1627 4795 1746 4795 1745 4795 1626 4796 1745 4796 1744 4796 1625 4797 1744 4797 1743 4797 1624 4798 1743 4798 1742 4798 1623 4799 1742 4799 1741 4799 1622 4800 1741 4800 1740 4800 1621 4801 1740 4801 1739 4801 1620 4802 1739 4802 1738 4802 1619 4803 1738 4803 1737 4803 1618 4804 1737 4804 1736 4804 1617 4805 1736 4805 1735 4805 1616 4806 1735 4806 1734 4806 1615 4807 1734 4807 1733 4807 1614 4808 1733 4808 1732 4808 1613 4809 1732 4809 1731 4809 1612 4810 1731 4810 1730 4810 1611 4811 1730 4811 1729 4811 1610 4812 1729 4812 1728 4812 1609 4813 1728 4813 1727 4813 1608 4814 1727 4814 1726 4814 1607 4815 1726 4815 1725 4815 1606 4816 1725 4816 1724 4816 1605 4817 1724 4817 1723 4817 1604 4818 1723 4818 1722 4818 1603 4819 1722 4819 1721 4819 1602 4820 1721 4820 1720 4820 1601 4821 1720 4821 1719 4821 1600 4822 1719 4822 1718 4822 1599 4823 1718 4823 1717 4823 1598 4824 1717 4824 1716 4824 1597 4825 1716 4825 1715 4825 1596 4826 1715 4826 1714 4826 1595 4827 1714 4827 1713 4827 1594 4828 1713 4828 1712 4828 1593 4829 1712 4829 1711 4829 1592 4830 1711 4830 1710 4830 1591 4831 1710 4831 1709 4831 1590 4832 1709 4832 1708 4832 1589 4833 1708 4833 1707 4833 1588 4834 1707 4834 1706 4834 1587 4835 1706 4835 1705 4835 1586 4836 1705 4836 1704 4836 1585 4837 1704 4837 1703 4837 1584 4838 1703 4838 1702 4838 1583 4839 1702 4839 1701 4839 1582 4840 1701 4840 1700 4840 1581 4841 1700 4841 1699 4841 1580 4842 1699 4842 1698 4842 1579 4843 1698 4843 1697 4843 1578 4844 1697 4844 1696 4844 1577 4845 1696 4845 1695 4845 1576 4846 1695 4846 1694 4846 1575 4847 1694 4847 1693 4847 1574 4848 1693 4848 1692 4848 1573 4849 1692 4849 1691 4849 1572 4850 1691 4850 1690 4850 1571 4851 1690 4851 1689 4851 1570 4852 1689 4852 1688 4852 1569 4853 1688 4853 1687 4853 1568 4854 1687 4854 1686 4854 1567 4855 1686 4855 1685 4855 1566 4856 1685 4856 1684 4856 1565 4857 1684 4857 1683 4857 1564 4858 1683 4858 1682 4858 1563 4859 1682 4859 1681 4859 1562 4860 1681 4860 1680 4860 1561 4861 1680 4861 1679 4861 1560 4862 1679 4862 1678 4862 1559 4863 1678 4863 1677 4863 1558 4864 1677 4864 1676 4864 1557 4865 1676 4865 1675 4865 1556 4866 1675 4866 1674 4866 1555 4867 1674 4867 1673 4867 1554 4868 1673 4868 1672 4868 1553 4869 1672 4869 1671 4869 1552 4870 1671 4870 1670 4870 1669 4871 1670 4871 1787 4871 1550 4872 1669 4872 1668 4872 1549 4873 1668 4873 1667 4873 1548 4874 1667 4874 1666 4874 1547 4875 1666 4875 1665 4875 1546 4876 1665 4876 1664 4876 1545 4877 1664 4877 1663 4877 1544 4878 1663 4878 1662 4878 1543 4879 1662 4879 1661 4879 1542 4880 1661 4880 1660 4880 1541 4881 1660 4881 1659 4881 1540 4882 1659 4882 1658 4882 1539 4883 1658 4883 1657 4883 1538 4884 1657 4884 1656 4884 1537 4885 1656 4885 1655 4885 1536 4886 1655 4886 1654 4886 1535 4887 1654 4887 1653 4887 1534 4888 1653 4888 1652 4888 1533 4889 1652 4889 1651 4889 1532 4890 1651 4890 1650 4890 1531 4891 1650 4891 1649 4891 1530 4892 1649 4892 1648 4892 1529 4893 1648 4893 1647 4893 1528 4894 1647 4894 1646 4894 1527 4895 1646 4895 1645 4895 1526 4896 1645 4896 1644 4896 1525 4897 1644 4897 1643 4897 1524 4898 1643 4898 1642 4898 1523 4899 1642 4899 1641 4899 1522 4900 1641 4900 1640 4900 1521 4901 1640 4901 1639 4901 1520 4902 1639 4902 1638 4902 1519 4903 1638 4903 1637 4903 1518 4904 1637 4904 1636 4904 1517 4905 1636 4905 1635 4905 1516 4906 1635 4906 1634 4906 1515 4907 1634 4907 1633 4907 1514 4908 1633 4908 1632 4908 1513 4909 1632 4909 1631 4909 1512 4910 1631 4910 1630 4910 1511 4911 1630 4911 1629 4911 1510 4912 1629 4912 1628 4912 1509 4913 1628 4913 1627 4913 1508 4914 1627 4914 1626 4914 1507 4915 1626 4915 1625 4915 1506 4916 1625 4916 1624 4916 1505 4917 1624 4917 1623 4917 1504 4918 1623 4918 1622 4918 1503 4919 1622 4919 1621 4919 1502 4920 1621 4920 1620 4920 1501 4921 1620 4921 1619 4921 1500 4922 1619 4922 1618 4922 1499 4923 1618 4923 1617 4923 1498 4924 1617 4924 1616 4924 1497 4925 1616 4925 1615 4925 1496 4926 1615 4926 1614 4926 1495 4927 1614 4927 1613 4927 1494 4928 1613 4928 1612 4928 1493 4929 1612 4929 1611 4929 1492 4930 1611 4930 1610 4930 1491 4931 1610 4931 1609 4931 1490 4932 1609 4932 1608 4932 1489 4933 1608 4933 1607 4933 1488 4934 1607 4934 1606 4934 1487 4935 1606 4935 1605 4935 1486 4936 1605 4936 1604 4936 1485 4937 1604 4937 1603 4937 1484 4938 1603 4938 1602 4938 1483 4939 1602 4939 1601 4939 1482 4940 1601 4940 1600 4940 1481 4941 1600 4941 1599 4941 1480 4942 1599 4942 1598 4942 1479 4943 1598 4943 1597 4943 1478 4944 1597 4944 1596 4944 1477 4945 1596 4945 1595 4945 1476 4946 1595 4946 1594 4946 1475 4947 1594 4947 1593 4947 1474 4948 1593 4948 1592 4948 1473 4949 1592 4949 1591 4949 1472 4950 1591 4950 1590 4950 1471 4951 1590 4951 1589 4951 1470 4952 1589 4952 1588 4952 1469 4953 1588 4953 1587 4953 1468 4954 1587 4954 1586 4954 1467 4955 1586 4955 1585 4955 1466 4956 1585 4956 1584 4956 1465 4957 1584 4957 1583 4957 1464 4958 1583 4958 1582 4958 1463 4959 1582 4959 1581 4959 1462 4960 1581 4960 1580 4960 1461 4961 1580 4961 1579 4961 1460 4962 1579 4962 1578 4962 1459 4963 1578 4963 1577 4963 1458 4964 1577 4964 1576 4964 1457 4965 1576 4965 1575 4965 1456 4966 1575 4966 1574 4966 1455 4967 1574 4967 1573 4967 1454 4968 1573 4968 1572 4968 1453 4969 1572 4969 1571 4969 1452 4970 1571 4970 1570 4970 1451 4971 1570 4971 1569 4971 1450 4972 1569 4972 1568 4972 1449 4973 1568 4973 1567 4973 1448 4974 1567 4974 1566 4974 1447 4975 1566 4975 1565 4975 1446 4976 1565 4976 1564 4976 1445 4977 1564 4977 1563 4977 1444 4978 1563 4978 1562 4978 1443 4979 1562 4979 1561 4979 1442 4980 1561 4980 1560 4980 1441 4981 1560 4981 1559 4981 1440 4982 1559 4982 1558 4982 1439 4983 1558 4983 1557 4983 1438 4984 1557 4984 1556 4984 1437 4985 1556 4985 1555 4985 1436 4986 1555 4986 1554 4986 1435 4987 1554 4987 1553 4987 1434 4988 1553 4988 1552 4988 1551 4989 1552 4989 1669 4989 1432 4990 1551 4990 1550 4990 1431 4991 1550 4991 1549 4991 1430 4992 1549 4992 1548 4992 1429 4993 1548 4993 1547 4993 1428 4994 1547 4994 1546 4994 1427 4995 1546 4995 1545 4995 1426 4996 1545 4996 1544 4996 1425 4997 1544 4997 1543 4997 1424 4998 1543 4998 1542 4998 1423 4999 1542 4999 1541 4999 1422 5000 1541 5000 1540 5000 1421 5001 1540 5001 1539 5001 1420 5002 1539 5002 1538 5002 1419 5003 1538 5003 1537 5003 1418 5004 1537 5004 1536 5004 1417 5005 1536 5005 1535 5005 1416 5006 1535 5006 1534 5006 1415 5007 1534 5007 1533 5007 1414 5008 1533 5008 1532 5008 1413 5009 1532 5009 1531 5009 1412 5010 1531 5010 1530 5010 1411 5011 1530 5011 1529 5011 1410 5012 1529 5012 1528 5012 1409 5013 1528 5013 1527 5013 1408 5014 1527 5014 1526 5014 1407 5015 1526 5015 1525 5015 1406 5016 1525 5016 1524 5016 1405 5017 1524 5017 1523 5017 1404 5018 1523 5018 1522 5018 1403 5019 1522 5019 1521 5019 1402 5020 1521 5020 1520 5020 1401 5021 1520 5021 1519 5021 1400 5022 1519 5022 1518 5022 1399 5023 1518 5023 1517 5023 1398 5024 1517 5024 1516 5024 1397 5025 1516 5025 1515 5025 1396 5026 1515 5026 1514 5026 1395 5027 1514 5027 1513 5027 1394 5028 1513 5028 1512 5028 1393 5029 1512 5029 1511 5029 1392 5030 1511 5030 1510 5030 1391 5031 1510 5031 1509 5031 1390 5032 1509 5032 1508 5032 1389 5033 1508 5033 1507 5033 1388 5034 1507 5034 1506 5034 1387 5035 1506 5035 1505 5035 1386 5036 1505 5036 1504 5036 1385 5037 1504 5037 1503 5037 1384 5038 1503 5038 1502 5038 1383 5039 1502 5039 1501 5039 1382 5040 1501 5040 1500 5040 1381 5041 1500 5041 1499 5041 1380 5042 1499 5042 1498 5042 1379 5043 1498 5043 1497 5043 1378 5044 1497 5044 1496 5044 1377 5045 1496 5045 1495 5045 1376 5046 1495 5046 1494 5046 1375 5047 1494 5047 1493 5047 1374 5048 1493 5048 1492 5048 1373 5049 1492 5049 1491 5049 1372 5050 1491 5050 1490 5050 1371 5051 1490 5051 1489 5051 1370 5052 1489 5052 1488 5052 1369 5053 1488 5053 1487 5053 1368 5054 1487 5054 1486 5054 1367 5055 1486 5055 1485 5055 1366 5056 1485 5056 1484 5056 1365 5057 1484 5057 1483 5057 1364 5058 1483 5058 1482 5058 1363 5059 1482 5059 1481 5059 1362 5060 1481 5060 1480 5060 1361 5061 1480 5061 1479 5061 1360 5062 1479 5062 1478 5062 1359 5063 1478 5063 1477 5063 1358 5064 1477 5064 1476 5064 1357 5065 1476 5065 1475 5065 1356 5066 1475 5066 1474 5066 1355 5067 1474 5067 1473 5067 1354 5068 1473 5068 1472 5068 1353 5069 1472 5069 1471 5069 1352 5070 1471 5070 1470 5070 1351 5071 1470 5071 1469 5071 1350 5072 1469 5072 1468 5072 1349 5073 1468 5073 1467 5073 1348 5074 1467 5074 1466 5074 1347 5075 1466 5075 1465 5075 1346 5076 1465 5076 1464 5076 1345 5077 1464 5077 1463 5077 1344 5078 1463 5078 1462 5078 1343 5079 1462 5079 1461 5079 1342 5080 1461 5080 1460 5080 1341 5081 1460 5081 1459 5081 1340 5082 1459 5082 1458 5082 1339 5083 1458 5083 1457 5083 1338 5084 1457 5084 1456 5084 1337 5085 1456 5085 1455 5085 1336 5086 1455 5086 1454 5086 1335 5087 1454 5087 1453 5087 1334 5088 1453 5088 1452 5088 1333 5089 1452 5089 1451 5089 1332 5090 1451 5090 1450 5090 1331 5091 1450 5091 1449 5091 1330 5092 1449 5092 1448 5092 1329 5093 1448 5093 1447 5093 1328 5094 1447 5094 1446 5094 1327 5095 1446 5095 1445 5095 1326 5096 1445 5096 1444 5096 1325 5097 1444 5097 1443 5097 1324 5098 1443 5098 1442 5098 1323 5099 1442 5099 1441 5099 1322 5100 1441 5100 1440 5100 1321 5101 1440 5101 1439 5101 1320 5102 1439 5102 1438 5102 1319 5103 1438 5103 1437 5103 1318 5104 1437 5104 1436 5104 1317 5105 1436 5105 1435 5105 1316 5106 1435 5106 1434 5106 1433 5107 1434 5107 1551 5107 1314 5108 1433 5108 1432 5108 1313 5109 1432 5109 1431 5109 1312 5110 1431 5110 1430 5110 1311 5111 1430 5111 1429 5111 1310 5112 1429 5112 1428 5112 1309 5113 1428 5113 1427 5113 1308 5114 1427 5114 1426 5114 1307 5115 1426 5115 1425 5115 1306 5116 1425 5116 1424 5116 1305 5117 1424 5117 1423 5117 1304 5118 1423 5118 1422 5118 1303 5119 1422 5119 1421 5119 1302 5120 1421 5120 1420 5120 1301 5121 1420 5121 1419 5121 1300 5122 1419 5122 1418 5122 1299 5123 1418 5123 1417 5123 1298 5124 1417 5124 1416 5124 1297 5125 1416 5125 1415 5125 1296 5126 1415 5126 1414 5126 1295 5127 1414 5127 1413 5127 1294 5128 1413 5128 1412 5128 1293 5129 1412 5129 1411 5129 1292 5130 1411 5130 1410 5130 1291 5131 1410 5131 1409 5131 1290 5132 1409 5132 1408 5132 1289 5133 1408 5133 1407 5133 1288 5134 1407 5134 1406 5134 1287 5135 1406 5135 1405 5135 1286 5136 1405 5136 1404 5136 1285 5137 1404 5137 1403 5137 1284 5138 1403 5138 1402 5138 1283 5139 1402 5139 1401 5139 1282 5140 1401 5140 1400 5140 1281 5141 1400 5141 1399 5141 1280 5142 1399 5142 1398 5142 1279 5143 1398 5143 1397 5143 1278 5144 1397 5144 1396 5144 1277 5145 1396 5145 1395 5145 1276 5146 1395 5146 1394 5146 1275 5147 1394 5147 1393 5147 1274 5148 1393 5148 1392 5148 1273 5149 1392 5149 1391 5149 1272 5150 1391 5150 1390 5150 1271 5151 1390 5151 1389 5151 1270 5152 1389 5152 1388 5152 1269 5153 1388 5153 1387 5153 1268 5154 1387 5154 1386 5154 1267 5155 1386 5155 1385 5155 1266 5156 1385 5156 1384 5156 1265 5157 1384 5157 1383 5157 1264 5158 1383 5158 1382 5158 1263 5159 1382 5159 1381 5159 1262 5160 1381 5160 1380 5160 1261 5161 1380 5161 1379 5161 1260 5162 1379 5162 1378 5162 1259 5163 1378 5163 1377 5163 1258 5164 1377 5164 1376 5164 1257 5165 1376 5165 1375 5165 1256 5166 1375 5166 1374 5166 1255 5167 1374 5167 1373 5167 1254 5168 1373 5168 1372 5168 1253 5169 1372 5169 1371 5169 1252 5170 1371 5170 1370 5170 1251 5171 1370 5171 1369 5171 1250 5172 1369 5172 1368 5172 1249 5173 1368 5173 1367 5173 1248 5174 1367 5174 1366 5174 1247 5175 1366 5175 1365 5175 1246 5176 1365 5176 1364 5176 1245 5177 1364 5177 1363 5177 1244 5178 1363 5178 1362 5178 1243 5179 1362 5179 1361 5179 1242 5180 1361 5180 1360 5180 1241 5181 1360 5181 1359 5181 1240 5182 1359 5182 1358 5182 1239 5183 1358 5183 1357 5183 1238 5184 1357 5184 1356 5184 1237 5185 1356 5185 1355 5185 1236 5186 1355 5186 1354 5186 1235 5187 1354 5187 1353 5187 1234 5188 1353 5188 1352 5188 1233 5189 1352 5189 1351 5189 1232 5190 1351 5190 1350 5190 1231 5191 1350 5191 1349 5191 1230 5192 1349 5192 1348 5192 1229 5193 1348 5193 1347 5193 1228 5194 1347 5194 1346 5194 1227 5195 1346 5195 1345 5195 1226 5196 1345 5196 1344 5196 1225 5197 1344 5197 1343 5197 1224 5198 1343 5198 1342 5198 1223 5199 1342 5199 1341 5199 1222 5200 1341 5200 1340 5200 1221 5201 1340 5201 1339 5201 1220 5202 1339 5202 1338 5202 1219 5203 1338 5203 1337 5203 1218 5204 1337 5204 1336 5204 1217 5205 1336 5205 1335 5205 1216 5206 1335 5206 1334 5206 1215 5207 1334 5207 1333 5207 1214 5208 1333 5208 1332 5208 1213 5209 1332 5209 1331 5209 1212 5210 1331 5210 1330 5210 1211 5211 1330 5211 1329 5211 1210 5212 1329 5212 1328 5212 1209 5213 1328 5213 1327 5213 1208 5214 1327 5214 1326 5214 1207 5215 1326 5215 1325 5215 1206 5216 1325 5216 1324 5216 1205 5217 1324 5217 1323 5217 1204 5218 1323 5218 1322 5218 1203 5219 1322 5219 1321 5219 1202 5220 1321 5220 1320 5220 1201 5221 1320 5221 1319 5221 1200 5222 1319 5222 1318 5222 1199 5223 1318 5223 1317 5223 1198 5224 1317 5224 1316 5224 1315 5225 1316 5225 1433 5225 1196 5226 1315 5226 1314 5226 1195 5227 1314 5227 1313 5227 1194 5228 1313 5228 1312 5228 1193 5229 1312 5229 1311 5229 1192 5230 1311 5230 1310 5230 1191 5231 1310 5231 1309 5231 1190 5232 1309 5232 1308 5232 1189 5233 1308 5233 1307 5233 1188 5234 1307 5234 1306 5234 1187 5235 1306 5235 1305 5235 1186 5236 1305 5236 1304 5236 1185 5237 1304 5237 1303 5237 1184 5238 1303 5238 1302 5238 1183 5239 1302 5239 1301 5239 1182 5240 1301 5240 1300 5240 1181 5241 1300 5241 1299 5241 1180 5242 1299 5242 1298 5242 1179 5243 1298 5243 1297 5243 1178 5244 1297 5244 1296 5244 1177 5245 1296 5245 1295 5245 1176 5246 1295 5246 1294 5246 1175 5247 1294 5247 1293 5247 1174 5248 1293 5248 1292 5248 1173 5249 1292 5249 1291 5249 1172 5250 1291 5250 1290 5250 1171 5251 1290 5251 1289 5251 1170 5252 1289 5252 1288 5252 1169 5253 1288 5253 1287 5253 1168 5254 1287 5254 1286 5254 1167 5255 1286 5255 1285 5255 1166 5256 1285 5256 1284 5256 1165 5257 1284 5257 1283 5257 1164 5258 1283 5258 1282 5258 1163 5259 1282 5259 1281 5259 1162 5260 1281 5260 1280 5260 1161 5261 1280 5261 1279 5261 1160 5262 1279 5262 1278 5262 1159 5263 1278 5263 1277 5263 1158 5264 1277 5264 1276 5264 1157 5265 1276 5265 1275 5265 1156 5266 1275 5266 1274 5266 1155 5267 1274 5267 1273 5267 1154 5268 1273 5268 1272 5268 1153 5269 1272 5269 1271 5269 1152 5270 1271 5270 1270 5270 1151 5271 1270 5271 1269 5271 1150 5272 1269 5272 1268 5272 1149 5273 1268 5273 1267 5273 1148 5274 1267 5274 1266 5274 1147 5275 1266 5275 1265 5275 1146 5276 1265 5276 1264 5276 1145 5277 1264 5277 1263 5277 1144 5278 1263 5278 1262 5278 1143 5279 1262 5279 1261 5279 1142 5280 1261 5280 1260 5280 1141 5281 1260 5281 1259 5281 1140 5282 1259 5282 1258 5282 1139 5283 1258 5283 1257 5283 1138 5284 1257 5284 1256 5284 1137 5285 1256 5285 1255 5285 1136 5286 1255 5286 1254 5286 1135 5287 1254 5287 1253 5287 1134 5288 1253 5288 1252 5288 1133 5289 1252 5289 1251 5289 1132 5290 1251 5290 1250 5290 1131 5291 1250 5291 1249 5291 1130 5292 1249 5292 1248 5292 1129 5293 1248 5293 1247 5293 1128 5294 1247 5294 1246 5294 1127 5295 1246 5295 1245 5295 1126 5296 1245 5296 1244 5296 1125 5297 1244 5297 1243 5297 1124 5298 1243 5298 1242 5298 1123 5299 1242 5299 1241 5299 1122 5300 1241 5300 1240 5300 1121 5301 1240 5301 1239 5301 1120 5302 1239 5302 1238 5302 1119 5303 1238 5303 1237 5303 1118 5304 1237 5304 1236 5304 1117 5305 1236 5305 1235 5305 1116 5306 1235 5306 1234 5306 1115 5307 1234 5307 1233 5307 1114 5308 1233 5308 1232 5308 1113 5309 1232 5309 1231 5309 1112 5310 1231 5310 1230 5310 1111 5311 1230 5311 1229 5311 1110 5312 1229 5312 1228 5312 1109 5313 1228 5313 1227 5313 1108 5314 1227 5314 1226 5314 1107 5315 1226 5315 1225 5315 1106 5316 1225 5316 1224 5316 1105 5317 1224 5317 1223 5317 1104 5318 1223 5318 1222 5318 1103 5319 1222 5319 1221 5319 1102 5320 1221 5320 1220 5320 1101 5321 1220 5321 1219 5321 1100 5322 1219 5322 1218 5322 1099 5323 1218 5323 1217 5323 1098 5324 1217 5324 1216 5324 1097 5325 1216 5325 1215 5325 1096 5326 1215 5326 1214 5326 1095 5327 1214 5327 1213 5327 1094 5328 1213 5328 1212 5328 1093 5329 1212 5329 1211 5329 1092 5330 1211 5330 1210 5330 1091 5331 1210 5331 1209 5331 1090 5332 1209 5332 1208 5332 1089 5333 1208 5333 1207 5333 1088 5334 1207 5334 1206 5334 1087 5335 1206 5335 1205 5335 1086 5336 1205 5336 1204 5336 1085 5337 1204 5337 1203 5337 1084 5338 1203 5338 1202 5338 1083 5339 1202 5339 1201 5339 1082 5340 1201 5340 1200 5340 1081 5341 1200 5341 1199 5341 1080 5342 1199 5342 1198 5342 1197 5343 1198 5343 1315 5343 1078 5344 1197 5344 1196 5344 1077 5345 1196 5345 1195 5345 1076 5346 1195 5346 1194 5346 1075 5347 1194 5347 1193 5347 1074 5348 1193 5348 1192 5348 1073 5349 1192 5349 1191 5349 1072 5350 1191 5350 1190 5350 1071 5351 1190 5351 1189 5351 1070 5352 1189 5352 1188 5352 1069 5353 1188 5353 1187 5353 1068 5354 1187 5354 1186 5354 1067 5355 1186 5355 1185 5355 1066 5356 1185 5356 1184 5356 1065 5357 1184 5357 1183 5357 1064 5358 1183 5358 1182 5358 1063 5359 1182 5359 1181 5359 1062 5360 1181 5360 1180 5360 1061 5361 1180 5361 1179 5361 1060 5362 1179 5362 1178 5362 1059 5363 1178 5363 1177 5363 1058 5364 1177 5364 1176 5364 1057 5365 1176 5365 1175 5365 1056 5366 1175 5366 1174 5366 1055 5367 1174 5367 1173 5367 1054 5368 1173 5368 1172 5368 1053 5369 1172 5369 1171 5369 1052 5370 1171 5370 1170 5370 1051 5371 1170 5371 1169 5371 1050 5372 1169 5372 1168 5372 1049 5373 1168 5373 1167 5373 1048 5374 1167 5374 1166 5374 1047 5375 1166 5375 1165 5375 1046 5376 1165 5376 1164 5376 1045 5377 1164 5377 1163 5377 1044 5378 1163 5378 1162 5378 1043 5379 1162 5379 1161 5379 1042 5380 1161 5380 1160 5380 1041 5381 1160 5381 1159 5381 1040 5382 1159 5382 1158 5382 1039 5383 1158 5383 1157 5383 1038 5384 1157 5384 1156 5384 1037 5385 1156 5385 1155 5385 1036 5386 1155 5386 1154 5386 1035 5387 1154 5387 1153 5387 1034 5388 1153 5388 1152 5388 1033 5389 1152 5389 1151 5389 1032 5390 1151 5390 1150 5390 1031 5391 1150 5391 1149 5391 1030 5392 1149 5392 1148 5392 1029 5393 1148 5393 1147 5393 1028 5394 1147 5394 1146 5394 1027 5395 1146 5395 1145 5395 1026 5396 1145 5396 1144 5396 1025 5397 1144 5397 1143 5397 1024 5398 1143 5398 1142 5398 1023 5399 1142 5399 1141 5399 1022 5400 1141 5400 1140 5400 1021 5401 1140 5401 1139 5401 1020 5402 1139 5402 1138 5402 1019 5403 1138 5403 1137 5403 1018 5404 1137 5404 1136 5404 1017 5405 1136 5405 1135 5405 1016 5406 1135 5406 1134 5406 1015 5407 1134 5407 1133 5407 1014 5408 1133 5408 1132 5408 1013 5409 1132 5409 1131 5409 1012 5410 1131 5410 1130 5410 1011 5411 1130 5411 1129 5411 1010 5412 1129 5412 1128 5412 1009 5413 1128 5413 1127 5413 1008 5414 1127 5414 1126 5414 1007 5415 1126 5415 1125 5415 1006 5416 1125 5416 1124 5416 1005 5417 1124 5417 1123 5417 1004 5418 1123 5418 1122 5418 1003 5419 1122 5419 1121 5419 1002 5420 1121 5420 1120 5420 1001 5421 1120 5421 1119 5421 1000 5422 1119 5422 1118 5422 999 5423 1118 5423 1117 5423 998 5424 1117 5424 1116 5424 997 5425 1116 5425 1115 5425 996 5426 1115 5426 1114 5426 995 5427 1114 5427 1113 5427 994 5428 1113 5428 1112 5428 993 5429 1112 5429 1111 5429 992 5430 1111 5430 1110 5430 991 5431 1110 5431 1109 5431 990 5432 1109 5432 1108 5432 989 5433 1108 5433 1107 5433 988 5434 1107 5434 1106 5434 987 5435 1106 5435 1105 5435 986 5436 1105 5436 1104 5436 985 5437 1104 5437 1103 5437 984 5438 1103 5438 1102 5438 983 5439 1102 5439 1101 5439 982 5440 1101 5440 1100 5440 981 5441 1100 5441 1099 5441 980 5442 1099 5442 1098 5442 979 5443 1098 5443 1097 5443 978 5444 1097 5444 1096 5444 977 5445 1096 5445 1095 5445 976 5446 1095 5446 1094 5446 975 5447 1094 5447 1093 5447 974 5448 1093 5448 1092 5448 973 5449 1092 5449 1091 5449 972 5450 1091 5450 1090 5450 971 5451 1090 5451 1089 5451 970 5452 1089 5452 1088 5452 969 5453 1088 5453 1087 5453 968 5454 1087 5454 1086 5454 967 5455 1086 5455 1085 5455 966 5456 1085 5456 1084 5456 965 5457 1084 5457 1083 5457 964 5458 1083 5458 1082 5458 963 5459 1082 5459 1081 5459 962 5460 1081 5460 1080 5460 1079 5461 1080 5461 1197 5461 960 5462 1079 5462 1078 5462 959 5463 1078 5463 1077 5463 958 5464 1077 5464 1076 5464 957 5465 1076 5465 1075 5465 956 5466 1075 5466 1074 5466 955 5467 1074 5467 1073 5467 954 5468 1073 5468 1072 5468 953 5469 1072 5469 1071 5469 952 5470 1071 5470 1070 5470 951 5471 1070 5471 1069 5471 950 5472 1069 5472 1068 5472 949 5473 1068 5473 1067 5473 948 5474 1067 5474 1066 5474 947 5475 1066 5475 1065 5475 946 5476 1065 5476 1064 5476 945 5477 1064 5477 1063 5477 944 5478 1063 5478 1062 5478 943 5479 1062 5479 1061 5479 942 5480 1061 5480 1060 5480 941 5481 1060 5481 1059 5481 940 5482 1059 5482 1058 5482 939 5483 1058 5483 1057 5483 938 5484 1057 5484 1056 5484 937 5485 1056 5485 1055 5485 936 5486 1055 5486 1054 5486 935 5487 1054 5487 1053 5487 934 5488 1053 5488 1052 5488 933 5489 1052 5489 1051 5489 932 5490 1051 5490 1050 5490 931 5491 1050 5491 1049 5491 930 5492 1049 5492 1048 5492 929 5493 1048 5493 1047 5493 928 5494 1047 5494 1046 5494 927 5495 1046 5495 1045 5495 926 5496 1045 5496 1044 5496 925 5497 1044 5497 1043 5497 924 5498 1043 5498 1042 5498 923 5499 1042 5499 1041 5499 922 5500 1041 5500 1040 5500 921 5501 1040 5501 1039 5501 920 5502 1039 5502 1038 5502 919 5503 1038 5503 1037 5503 918 5504 1037 5504 1036 5504 917 5505 1036 5505 1035 5505 916 5506 1035 5506 1034 5506 915 5507 1034 5507 1033 5507 914 5508 1033 5508 1032 5508 913 5509 1032 5509 1031 5509 912 5510 1031 5510 1030 5510 911 5511 1030 5511 1029 5511 910 5512 1029 5512 1028 5512 909 5513 1028 5513 1027 5513 908 5514 1027 5514 1026 5514 907 5515 1026 5515 1025 5515 906 5516 1025 5516 1024 5516 905 5517 1024 5517 1023 5517 904 5518 1023 5518 1022 5518 903 5519 1022 5519 1021 5519 902 5520 1021 5520 1020 5520 901 5521 1020 5521 1019 5521 900 5522 1019 5522 1018 5522 899 5523 1018 5523 1017 5523 898 5524 1017 5524 1016 5524 897 5525 1016 5525 1015 5525 896 5526 1015 5526 1014 5526 895 5527 1014 5527 1013 5527 894 5528 1013 5528 1012 5528 893 5529 1012 5529 1011 5529 892 5530 1011 5530 1010 5530 891 5531 1010 5531 1009 5531 890 5532 1009 5532 1008 5532 889 5533 1008 5533 1007 5533 888 5534 1007 5534 1006 5534 887 5535 1006 5535 1005 5535 886 5536 1005 5536 1004 5536 885 5537 1004 5537 1003 5537 884 5538 1003 5538 1002 5538 883 5539 1002 5539 1001 5539 882 5540 1001 5540 1000 5540 881 5541 1000 5541 999 5541 880 5542 999 5542 998 5542 879 5543 998 5543 997 5543 878 5544 997 5544 996 5544 877 5545 996 5545 995 5545 876 5546 995 5546 994 5546 875 5547 994 5547 993 5547 874 5548 993 5548 992 5548 873 5549 992 5549 991 5549 872 5550 991 5550 990 5550 871 5551 990 5551 989 5551 870 5552 989 5552 988 5552 869 5553 988 5553 987 5553 868 5554 987 5554 986 5554 867 5555 986 5555 985 5555 866 5556 985 5556 984 5556 865 5557 984 5557 983 5557 864 5558 983 5558 982 5558 863 5559 982 5559 981 5559 862 5560 981 5560 980 5560 861 5561 980 5561 979 5561 860 5562 979 5562 978 5562 859 5563 978 5563 977 5563 858 5564 977 5564 976 5564 857 5565 976 5565 975 5565 856 5566 975 5566 974 5566 855 5567 974 5567 973 5567 854 5568 973 5568 972 5568 853 5569 972 5569 971 5569 852 5570 971 5570 970 5570 851 5571 970 5571 969 5571 850 5572 969 5572 968 5572 849 5573 968 5573 967 5573 848 5574 967 5574 966 5574 847 5575 966 5575 965 5575 846 5576 965 5576 964 5576 845 5577 964 5577 963 5577 844 5578 963 5578 962 5578 961 5579 962 5579 1079 5579 842 5580 961 5580 960 5580 841 5581 960 5581 959 5581 840 5582 959 5582 958 5582 839 5583 958 5583 957 5583 838 5584 957 5584 956 5584 837 5585 956 5585 955 5585 836 5586 955 5586 954 5586 835 5587 954 5587 953 5587 834 5588 953 5588 952 5588 833 5589 952 5589 951 5589 832 5590 951 5590 950 5590 831 5591 950 5591 949 5591 830 5592 949 5592 948 5592 829 5593 948 5593 947 5593 828 5594 947 5594 946 5594 827 5595 946 5595 945 5595 826 5596 945 5596 944 5596 825 5597 944 5597 943 5597 824 5598 943 5598 942 5598 823 5599 942 5599 941 5599 822 5600 941 5600 940 5600 821 5601 940 5601 939 5601 820 5602 939 5602 938 5602 819 5603 938 5603 937 5603 818 5604 937 5604 936 5604 817 5605 936 5605 935 5605 816 5606 935 5606 934 5606 815 5607 934 5607 933 5607 814 5608 933 5608 932 5608 813 5609 932 5609 931 5609 812 5610 931 5610 930 5610 811 5611 930 5611 929 5611 810 5612 929 5612 928 5612 809 5613 928 5613 927 5613 808 5614 927 5614 926 5614 807 5615 926 5615 925 5615 806 5616 925 5616 924 5616 805 5617 924 5617 923 5617 804 5618 923 5618 922 5618 803 5619 922 5619 921 5619 802 5620 921 5620 920 5620 801 5621 920 5621 919 5621 800 5622 919 5622 918 5622 799 5623 918 5623 917 5623 798 5624 917 5624 916 5624 797 5625 916 5625 915 5625 796 5626 915 5626 914 5626 795 5627 914 5627 913 5627 794 5628 913 5628 912 5628 793 5629 912 5629 911 5629 792 5630 911 5630 910 5630 791 5631 910 5631 909 5631 790 5632 909 5632 908 5632 789 5633 908 5633 907 5633 788 5634 907 5634 906 5634 787 5635 906 5635 905 5635 786 5636 905 5636 904 5636 785 5637 904 5637 903 5637 784 5638 903 5638 902 5638 783 5639 902 5639 901 5639 782 5640 901 5640 900 5640 781 5641 900 5641 899 5641 780 5642 899 5642 898 5642 779 5643 898 5643 897 5643 778 5644 897 5644 896 5644 777 5645 896 5645 895 5645 776 5646 895 5646 894 5646 775 5647 894 5647 893 5647 774 5648 893 5648 892 5648 773 5649 892 5649 891 5649 772 5650 891 5650 890 5650 771 5651 890 5651 889 5651 770 5652 889 5652 888 5652 769 5653 888 5653 887 5653 768 5654 887 5654 886 5654 767 5655 886 5655 885 5655 766 5656 885 5656 884 5656 765 5657 884 5657 883 5657 764 5658 883 5658 882 5658 763 5659 882 5659 881 5659 762 5660 881 5660 880 5660 761 5661 880 5661 879 5661 760 5662 879 5662 878 5662 759 5663 878 5663 877 5663 758 5664 877 5664 876 5664 757 5665 876 5665 875 5665 756 5666 875 5666 874 5666 755 5667 874 5667 873 5667 754 5668 873 5668 872 5668 753 5669 872 5669 871 5669 752 5670 871 5670 870 5670 751 5671 870 5671 869 5671 750 5672 869 5672 868 5672 749 5673 868 5673 867 5673 748 5674 867 5674 866 5674 747 5675 866 5675 865 5675 746 5676 865 5676 864 5676 745 5677 864 5677 863 5677 744 5678 863 5678 862 5678 743 5679 862 5679 861 5679 742 5680 861 5680 860 5680 741 5681 860 5681 859 5681 740 5682 859 5682 858 5682 739 5683 858 5683 857 5683 738 5684 857 5684 856 5684 737 5685 856 5685 855 5685 736 5686 855 5686 854 5686 735 5687 854 5687 853 5687 734 5688 853 5688 852 5688 733 5689 852 5689 851 5689 732 5690 851 5690 850 5690 731 5691 850 5691 849 5691 730 5692 849 5692 848 5692 729 5693 848 5693 847 5693 728 5694 847 5694 846 5694 727 5695 846 5695 845 5695 726 5696 845 5696 844 5696 843 5697 844 5697 961 5697 724 5698 843 5698 842 5698 723 5699 842 5699 841 5699 722 5700 841 5700 840 5700 721 5701 840 5701 839 5701 720 5702 839 5702 838 5702 719 5703 838 5703 837 5703 718 5704 837 5704 836 5704 717 5705 836 5705 835 5705 716 5706 835 5706 834 5706 715 5707 834 5707 833 5707 714 5708 833 5708 832 5708 713 5709 832 5709 831 5709 712 5710 831 5710 830 5710 711 5711 830 5711 829 5711 710 5712 829 5712 828 5712 709 5713 828 5713 827 5713 708 5714 827 5714 826 5714 707 5715 826 5715 825 5715 706 5716 825 5716 824 5716 705 5717 824 5717 823 5717 704 5718 823 5718 822 5718 703 5719 822 5719 821 5719 702 5720 821 5720 820 5720 701 5721 820 5721 819 5721 700 5722 819 5722 818 5722 699 5723 818 5723 817 5723 698 5724 817 5724 816 5724 697 5725 816 5725 815 5725 696 5726 815 5726 814 5726 695 5727 814 5727 813 5727 694 5728 813 5728 812 5728 693 5729 812 5729 811 5729 692 5730 811 5730 810 5730 691 5731 810 5731 809 5731 690 5732 809 5732 808 5732 689 5733 808 5733 807 5733 688 5734 807 5734 806 5734 687 5735 806 5735 805 5735 686 5736 805 5736 804 5736 685 5737 804 5737 803 5737 684 5738 803 5738 802 5738 683 5739 802 5739 801 5739 682 5740 801 5740 800 5740 681 5741 800 5741 799 5741 680 5742 799 5742 798 5742 679 5743 798 5743 797 5743 678 5744 797 5744 796 5744 677 5745 796 5745 795 5745 676 5746 795 5746 794 5746 675 5747 794 5747 793 5747 674 5748 793 5748 792 5748 673 5749 792 5749 791 5749 672 5750 791 5750 790 5750 671 5751 790 5751 789 5751 670 5752 789 5752 788 5752 669 5753 788 5753 787 5753 668 5754 787 5754 786 5754 667 5755 786 5755 785 5755 666 5756 785 5756 784 5756 665 5757 784 5757 783 5757 664 5758 783 5758 782 5758 663 5759 782 5759 781 5759 662 5760 781 5760 780 5760 661 5761 780 5761 779 5761 660 5762 779 5762 778 5762 659 5763 778 5763 777 5763 658 5764 777 5764 776 5764 657 5765 776 5765 775 5765 656 5766 775 5766 774 5766 655 5767 774 5767 773 5767 654 5768 773 5768 772 5768 653 5769 772 5769 771 5769 652 5770 771 5770 770 5770 651 5771 770 5771 769 5771 650 5772 769 5772 768 5772 649 5773 768 5773 767 5773 648 5774 767 5774 766 5774 647 5775 766 5775 765 5775 646 5776 765 5776 764 5776 645 5777 764 5777 763 5777 644 5778 763 5778 762 5778 643 5779 762 5779 761 5779 642 5780 761 5780 760 5780 641 5781 760 5781 759 5781 640 5782 759 5782 758 5782 639 5783 758 5783 757 5783 638 5784 757 5784 756 5784 637 5785 756 5785 755 5785 636 5786 755 5786 754 5786 635 5787 754 5787 753 5787 634 5788 753 5788 752 5788 633 5789 752 5789 751 5789 632 5790 751 5790 750 5790 631 5791 750 5791 749 5791 630 5792 749 5792 748 5792 629 5793 748 5793 747 5793 628 5794 747 5794 746 5794 627 5795 746 5795 745 5795 626 5796 745 5796 744 5796 625 5797 744 5797 743 5797 624 5798 743 5798 742 5798 623 5799 742 5799 741 5799 622 5800 741 5800 740 5800 621 5801 740 5801 739 5801 620 5802 739 5802 738 5802 619 5803 738 5803 737 5803 618 5804 737 5804 736 5804 617 5805 736 5805 735 5805 616 5806 735 5806 734 5806 615 5807 734 5807 733 5807 614 5808 733 5808 732 5808 613 5809 732 5809 731 5809 612 5810 731 5810 730 5810 611 5811 730 5811 729 5811 610 5812 729 5812 728 5812 609 5813 728 5813 727 5813 608 5814 727 5814 726 5814 725 5815 726 5815 843 5815 606 5816 725 5816 724 5816 605 5817 724 5817 723 5817 604 5818 723 5818 722 5818 603 5819 722 5819 721 5819 602 5820 721 5820 720 5820 601 5821 720 5821 719 5821 600 5822 719 5822 718 5822 599 5823 718 5823 717 5823 598 5824 717 5824 716 5824 597 5825 716 5825 715 5825 596 5826 715 5826 714 5826 595 5827 714 5827 713 5827 594 5828 713 5828 712 5828 593 5829 712 5829 711 5829 592 5830 711 5830 710 5830 591 5831 710 5831 709 5831 590 5832 709 5832 708 5832 589 5833 708 5833 707 5833 588 5834 707 5834 706 5834 587 5835 706 5835 705 5835 586 5836 705 5836 704 5836 585 5837 704 5837 703 5837 584 5838 703 5838 702 5838 583 5839 702 5839 701 5839 582 5840 701 5840 700 5840 581 5841 700 5841 699 5841 580 5842 699 5842 698 5842 579 5843 698 5843 697 5843 578 5844 697 5844 696 5844 577 5845 696 5845 695 5845 576 5846 695 5846 694 5846 575 5847 694 5847 693 5847 574 5848 693 5848 692 5848 573 5849 692 5849 691 5849 572 5850 691 5850 690 5850 571 5851 690 5851 689 5851 570 5852 689 5852 688 5852 569 5853 688 5853 687 5853 568 5854 687 5854 686 5854 567 5855 686 5855 685 5855 566 5856 685 5856 684 5856 565 5857 684 5857 683 5857 564 5858 683 5858 682 5858 563 5859 682 5859 681 5859 562 5860 681 5860 680 5860 561 5861 680 5861 679 5861 560 5862 679 5862 678 5862 559 5863 678 5863 677 5863 558 5864 677 5864 676 5864 557 5865 676 5865 675 5865 556 5866 675 5866 674 5866 555 5867 674 5867 673 5867 554 5868 673 5868 672 5868 553 5869 672 5869 671 5869 552 5870 671 5870 670 5870 551 5871 670 5871 669 5871 550 5872 669 5872 668 5872 549 5873 668 5873 667 5873 548 5874 667 5874 666 5874 547 5875 666 5875 665 5875 546 5876 665 5876 664 5876 545 5877 664 5877 663 5877 544 5878 663 5878 662 5878 543 5879 662 5879 661 5879 542 5880 661 5880 660 5880 541 5881 660 5881 659 5881 540 5882 659 5882 658 5882 539 5883 658 5883 657 5883 538 5884 657 5884 656 5884 537 5885 656 5885 655 5885 536 5886 655 5886 654 5886 535 5887 654 5887 653 5887 534 5888 653 5888 652 5888 533 5889 652 5889 651 5889 532 5890 651 5890 650 5890 531 5891 650 5891 649 5891 530 5892 649 5892 648 5892 529 5893 648 5893 647 5893 528 5894 647 5894 646 5894 527 5895 646 5895 645 5895 526 5896 645 5896 644 5896 525 5897 644 5897 643 5897 524 5898 643 5898 642 5898 523 5899 642 5899 641 5899 522 5900 641 5900 640 5900 521 5901 640 5901 639 5901 520 5902 639 5902 638 5902 519 5903 638 5903 637 5903 518 5904 637 5904 636 5904 517 5905 636 5905 635 5905 516 5906 635 5906 634 5906 515 5907 634 5907 633 5907 514 5908 633 5908 632 5908 513 5909 632 5909 631 5909 512 5910 631 5910 630 5910 511 5911 630 5911 629 5911 510 5912 629 5912 628 5912 509 5913 628 5913 627 5913 508 5914 627 5914 626 5914 507 5915 626 5915 625 5915 506 5916 625 5916 624 5916 505 5917 624 5917 623 5917 504 5918 623 5918 622 5918 503 5919 622 5919 621 5919 502 5920 621 5920 620 5920 501 5921 620 5921 619 5921 500 5922 619 5922 618 5922 499 5923 618 5923 617 5923 498 5924 617 5924 616 5924 497 5925 616 5925 615 5925 496 5926 615 5926 614 5926 495 5927 614 5927 613 5927 494 5928 613 5928 612 5928 493 5929 612 5929 611 5929 492 5930 611 5930 610 5930 491 5931 610 5931 609 5931 490 5932 609 5932 608 5932 607 5933 608 5933 725 5933 488 5934 607 5934 606 5934 487 5935 606 5935 605 5935 486 5936 605 5936 604 5936 485 5937 604 5937 603 5937 484 5938 603 5938 602 5938 483 5939 602 5939 601 5939 482 5940 601 5940 600 5940 481 5941 600 5941 599 5941 480 5942 599 5942 598 5942 479 5943 598 5943 597 5943 478 5944 597 5944 596 5944 477 5945 596 5945 595 5945 476 5946 595 5946 594 5946 475 5947 594 5947 593 5947 474 5948 593 5948 592 5948 473 5949 592 5949 591 5949 472 5950 591 5950 590 5950 471 5951 590 5951 589 5951 470 5952 589 5952 588 5952 469 5953 588 5953 587 5953 468 5954 587 5954 586 5954 467 5955 586 5955 585 5955 466 5956 585 5956 584 5956 465 5957 584 5957 583 5957 464 5958 583 5958 582 5958 463 5959 582 5959 581 5959 462 5960 581 5960 580 5960 461 5961 580 5961 579 5961 460 5962 579 5962 578 5962 459 5963 578 5963 577 5963 458 5964 577 5964 576 5964 457 5965 576 5965 575 5965 456 5966 575 5966 574 5966 455 5967 574 5967 573 5967 454 5968 573 5968 572 5968 453 5969 572 5969 571 5969 452 5970 571 5970 570 5970 451 5971 570 5971 569 5971 450 5972 569 5972 568 5972 449 5973 568 5973 567 5973 448 5974 567 5974 566 5974 447 5975 566 5975 565 5975 446 5976 565 5976 564 5976 445 5977 564 5977 563 5977 444 5978 563 5978 562 5978 443 5979 562 5979 561 5979 442 5980 561 5980 560 5980 441 5981 560 5981 559 5981 440 5982 559 5982 558 5982 439 5983 558 5983 557 5983 438 5984 557 5984 556 5984 437 5985 556 5985 555 5985 436 5986 555 5986 554 5986 435 5987 554 5987 553 5987 434 5988 553 5988 552 5988 433 5989 552 5989 551 5989 432 5990 551 5990 550 5990 431 5991 550 5991 549 5991 430 5992 549 5992 548 5992 429 5993 548 5993 547 5993 428 5994 547 5994 546 5994 427 5995 546 5995 545 5995 426 5996 545 5996 544 5996 425 5997 544 5997 543 5997 424 5998 543 5998 542 5998 423 5999 542 5999 541 5999 422 6000 541 6000 540 6000 421 6001 540 6001 539 6001 420 6002 539 6002 538 6002 419 6003 538 6003 537 6003 418 6004 537 6004 536 6004 417 6005 536 6005 535 6005 416 6006 535 6006 534 6006 415 6007 534 6007 533 6007 414 6008 533 6008 532 6008 413 6009 532 6009 531 6009 412 6010 531 6010 530 6010 411 6011 530 6011 529 6011 410 6012 529 6012 528 6012 409 6013 528 6013 527 6013 408 6014 527 6014 526 6014 407 6015 526 6015 525 6015 406 6016 525 6016 524 6016 405 6017 524 6017 523 6017 404 6018 523 6018 522 6018 403 6019 522 6019 521 6019 402 6020 521 6020 520 6020 401 6021 520 6021 519 6021 400 6022 519 6022 518 6022 399 6023 518 6023 517 6023 398 6024 517 6024 516 6024 397 6025 516 6025 515 6025 396 6026 515 6026 514 6026 395 6027 514 6027 513 6027 394 6028 513 6028 512 6028 393 6029 512 6029 511 6029 392 6030 511 6030 510 6030 391 6031 510 6031 509 6031 390 6032 509 6032 508 6032 389 6033 508 6033 507 6033 388 6034 507 6034 506 6034 387 6035 506 6035 505 6035 386 6036 505 6036 504 6036 385 6037 504 6037 503 6037 384 6038 503 6038 502 6038 383 6039 502 6039 501 6039 382 6040 501 6040 500 6040 381 6041 500 6041 499 6041 380 6042 499 6042 498 6042 379 6043 498 6043 497 6043 378 6044 497 6044 496 6044 377 6045 496 6045 495 6045 376 6046 495 6046 494 6046 375 6047 494 6047 493 6047 374 6048 493 6048 492 6048 373 6049 492 6049 491 6049 372 6050 491 6050 490 6050 489 6051 490 6051 607 6051 371 6052 489 6052 488 6052 369 6053 488 6053 487 6053 370 6054 487 6054 486 6054 368 6055 486 6055 485 6055 367 6056 485 6056 484 6056 366 6057 484 6057 483 6057 365 6058 483 6058 482 6058 363 6059 482 6059 481 6059 364 6060 481 6060 480 6060 362 6061 480 6061 479 6061 361 6062 479 6062 478 6062 360 6063 478 6063 477 6063 359 6064 477 6064 476 6064 358 6065 476 6065 475 6065 356 6066 475 6066 474 6066 357 6067 474 6067 473 6067 355 6068 473 6068 472 6068 354 6069 472 6069 471 6069 353 6070 471 6070 470 6070 352 6071 470 6071 469 6071 351 6072 469 6072 468 6072 350 6073 468 6073 467 6073 348 6074 467 6074 466 6074 349 6075 466 6075 465 6075 347 6076 465 6076 464 6076 346 6077 464 6077 463 6077 345 6078 463 6078 462 6078 343 6079 462 6079 461 6079 344 6080 461 6080 460 6080 342 6081 460 6081 459 6081 341 6082 459 6082 458 6082 340 6083 458 6083 457 6083 339 6084 457 6084 456 6084 338 6085 456 6085 455 6085 337 6086 455 6086 454 6086 335 6087 454 6087 453 6087 336 6088 453 6088 452 6088 334 6089 452 6089 451 6089 333 6090 451 6090 450 6090 332 6091 450 6091 449 6091 331 6092 449 6092 448 6092 330 6093 448 6093 447 6093 329 6094 447 6094 446 6094 327 6095 446 6095 445 6095 328 6096 445 6096 444 6096 326 6097 444 6097 443 6097 325 6098 443 6098 442 6098 324 6099 442 6099 441 6099 322 6100 441 6100 440 6100 323 6101 440 6101 439 6101 321 6102 439 6102 438 6102 320 6103 438 6103 437 6103 319 6104 437 6104 436 6104 318 6105 436 6105 435 6105 317 6106 435 6106 434 6106 316 6107 434 6107 433 6107 314 6108 433 6108 432 6108 315 6109 432 6109 431 6109 313 6110 431 6110 430 6110 312 6111 430 6111 429 6111 311 6112 429 6112 428 6112 309 6113 428 6113 427 6113 310 6114 427 6114 426 6114 308 6115 426 6115 425 6115 307 6116 425 6116 424 6116 306 6117 424 6117 423 6117 305 6118 423 6118 422 6118 304 6119 422 6119 421 6119 303 6120 421 6120 420 6120 302 6121 420 6121 419 6121 301 6122 419 6122 418 6122 300 6123 418 6123 417 6123 299 6124 417 6124 416 6124 298 6125 416 6125 415 6125 297 6126 415 6126 414 6126 296 6127 414 6127 413 6127 295 6128 413 6128 412 6128 294 6129 412 6129 411 6129 293 6130 411 6130 410 6130 292 6131 410 6131 409 6131 291 6132 409 6132 408 6132 290 6133 408 6133 407 6133 289 6134 407 6134 406 6134 288 6135 406 6135 405 6135 287 6136 405 6136 404 6136 285 6137 404 6137 403 6137 286 6138 403 6138 402 6138 284 6139 402 6139 401 6139 283 6140 401 6140 400 6140 282 6141 400 6141 399 6141 281 6142 399 6142 398 6142 280 6143 398 6143 397 6143 279 6144 397 6144 396 6144 278 6145 396 6145 395 6145 277 6146 395 6146 394 6146 276 6147 394 6147 393 6147 275 6148 393 6148 392 6148 274 6149 392 6149 391 6149 273 6150 391 6150 390 6150 272 6151 390 6151 389 6151 271 6152 389 6152 388 6152 270 6153 388 6153 387 6153 269 6154 387 6154 386 6154 267 6155 386 6155 385 6155 268 6156 385 6156 384 6156 266 6157 384 6157 383 6157 265 6158 383 6158 382 6158 264 6159 382 6159 381 6159 263 6160 381 6160 380 6160 262 6161 380 6161 379 6161 261 6162 379 6162 378 6162 259 6163 378 6163 377 6163 260 6164 377 6164 376 6164 258 6165 376 6165 375 6165 257 6166 375 6166 374 6166 256 6167 374 6167 373 6167 254 6168 373 6168 372 6168 255 6169 372 6169 489 6169 371 6170 94 6170 255 6170 369 6171 252 6171 371 6171 369 6172 250 6172 253 6172 368 6173 249 6173 370 6173 367 6174 248 6174 368 6174 367 6175 247 6175 251 6175 366 6176 245 6176 246 6176 365 6177 244 6177 245 6177 363 6178 242 6178 243 6178 362 6179 242 6179 364 6179 362 6180 239 6180 241 6180 361 6181 237 6181 238 6181 360 6182 240 6182 237 6182 359 6183 236 6183 240 6183 358 6184 234 6184 235 6184 356 6185 231 6185 234 6185 355 6186 230 6186 357 6186 354 6187 233 6187 355 6187 354 6188 228 6188 232 6188 352 6189 227 6189 353 6189 352 6190 224 6190 229 6190 351 6191 225 6191 223 6191 350 6192 226 6192 225 6192 348 6193 220 6193 226 6193 347 6194 219 6194 349 6194 346 6195 222 6195 347 6195 346 6196 216 6196 221 6196 343 6197 217 6197 345 6197 343 6198 213 6198 218 6198 342 6199 212 6199 344 6199 341 6200 215 6200 342 6200 341 6201 209 6201 214 6201 339 6202 208 6202 340 6202 338 6203 211 6203 339 6203 338 6204 205 6204 210 6204 337 6205 207 6205 206 6205 335 6206 202 6206 207 6206 334 6207 201 6207 336 6207 333 6208 204 6208 334 6208 333 6209 198 6209 203 6209 332 6210 200 6210 199 6210 331 6211 195 6211 200 6211 330 6212 196 6212 194 6212 329 6213 197 6213 196 6213 327 6214 191 6214 197 6214 326 6215 190 6215 328 6215 325 6216 193 6216 326 6216 325 6217 187 6217 192 6217 324 6218 189 6218 188 6218 322 6219 184 6219 189 6219 321 6220 183 6220 323 6220 320 6221 186 6221 321 6221 320 6222 180 6222 185 6222 319 6223 182 6223 179 6223 318 6224 181 6224 182 6224 317 6225 176 6225 181 6225 314 6226 177 6226 316 6226 314 6227 173 6227 178 6227 313 6228 172 6228 315 6228 313 6229 174 6229 175 6229 312 6230 169 6230 174 6230 311 6231 171 6231 170 6231 309 6232 166 6232 171 6232 308 6233 165 6233 310 6233 307 6234 167 6234 308 6234 307 6235 162 6235 168 6235 306 6236 164 6236 161 6236 305 6237 163 6237 164 6237 304 6238 158 6238 163 6238 302 6239 159 6239 303 6239 302 6240 155 6240 160 6240 301 6241 157 6241 154 6241 300 6242 156 6242 157 6242 299 6243 152 6243 156 6243 297 6244 151 6244 298 6244 296 6245 150 6245 297 6245 296 6246 149 6246 153 6246 295 6247 147 6247 148 6247 294 6248 145 6248 147 6248 293 6249 143 6249 144 6249 292 6250 146 6250 143 6250 291 6251 142 6251 146 6251 289 6252 141 6252 290 6252 289 6253 139 6253 140 6253 288 6254 137 6254 138 6254 287 6255 136 6255 137 6255 285 6256 135 6256 136 6256 284 6257 134 6257 286 6257 284 6258 132 6258 133 6258 283 6259 131 6259 132 6259 282 6260 129 6260 130 6260 281 6261 127 6261 129 6261 280 6262 125 6262 126 6262 279 6263 128 6263 125 6263 278 6264 123 6264 128 6264 276 6265 122 6265 277 6265 275 6266 121 6266 276 6266 275 6267 120 6267 124 6267 273 6268 119 6268 274 6268 273 6269 116 6269 118 6269 272 6270 114 6270 115 6270 271 6271 117 6271 114 6271 270 6272 113 6272 117 6272 267 6273 112 6273 269 6273 267 6274 110 6274 111 6274 266 6275 109 6275 268 6275 265 6276 108 6276 266 6276 265 6277 105 6277 107 6277 264 6278 103 6278 104 6278 263 6279 106 6279 103 6279 262 6280 102 6280 106 6280 259 6281 101 6281 261 6281 259 6282 98 6282 100 6282 258 6283 97 6283 260 6283 257 6284 96 6284 258 6284 257 6285 95 6285 99 6285 254 6286 93 6286 256 6286 254 6287 94 6287 92 6287 3110 6288 3204 6288 3205 6288 3111 6289 3205 6289 3206 6289 3087 6290 3207 6290 3208 6290 3087 6291 3209 6291 3203 6291 3112 6292 3210 6292 3204 6292 3205 6293 3111 6293 3110 6293 3109 6294 3206 6294 3211 6294 3108 6295 3211 6295 3212 6295 3106 6296 3213 6296 3105 6296 3105 6297 3214 6297 3104 6297 3097 6298 3215 6298 3098 6298 3098 6299 3216 6299 3095 6299 3096 6300 3217 6300 3218 6300 3094 6301 3219 6301 3220 6301 3092 6302 3220 6302 3221 6302 3088 6303 3222 6303 3223 6303 3089 6304 3223 6304 3224 6304 3209 6305 3087 6305 3208 6305 3203 6306 3225 6306 3202 6306 3197 6307 3226 6307 3195 6307 3195 6308 3227 6308 3196 6308 3196 6309 3228 6309 3194 6309 3191 6310 3229 6310 3230 6310 3192 6311 3230 6311 3231 6311 3175 6312 3232 6312 3233 6312 3170 6313 3234 6313 3235 6313 3168 6314 3235 6314 3236 6314 3167 6315 3237 6315 3238 6315 3166 6316 3238 6316 3239 6316 3204 6317 3110 6317 3112 6317 3211 6318 3108 6318 3109 6318 3106 6319 3240 6319 3241 6319 3214 6320 3105 6320 3213 6320 3102 6321 3242 6321 3099 6321 3099 6322 3243 6322 3100 6322 3216 6323 3098 6323 3215 6323 3217 6324 3095 6324 3216 6324 3093 6325 3218 6325 3219 6325 3220 6326 3092 6326 3094 6326 3223 6327 3089 6327 3088 6327 3086 6328 3224 6328 3207 6328 3225 6329 3203 6329 3209 6329 3202 6330 3244 6330 3200 6330 3227 6331 3195 6331 3226 6331 3228 6332 3196 6332 3227 6332 3193 6333 3245 6333 3229 6333 3230 6334 3192 6334 3191 6334 3189 6335 3246 6335 3247 6335 3187 6336 3247 6336 3248 6336 3185 6337 3248 6337 3249 6337 3186 6338 3249 6338 3250 6338 3184 6339 3251 6339 3183 6339 3183 6340 3252 6340 3181 6340 3181 6341 3253 6341 3182 6341 3182 6342 3254 6342 3179 6342 3176 6343 3255 6343 3174 6343 3232 6344 3174 6344 3255 6344 3173 6345 3233 6345 3256 6345 3171 6346 3256 6346 3257 6346 3172 6347 3257 6347 3234 6347 3235 6348 3168 6348 3170 6348 3169 6349 3236 6349 3237 6349 3238 6350 3166 6350 3167 6350 3124 6351 3258 6351 3259 6351 3124 6352 3260 6352 3125 6352 3123 6353 3261 6353 3121 6353 3121 6354 3262 6354 3122 6354 3116 6355 3263 6355 3115 6355 3114 6356 3264 6356 3210 6356 3206 6357 3109 6357 3111 6357 3107 6358 3212 6358 3240 6358 3213 6359 3106 6359 3241 6359 3104 6360 3265 6360 3103 6360 3103 6361 3266 6361 3101 6361 3243 6362 3099 6362 3242 6362 3100 6363 3267 6363 3097 6363 3217 6364 3096 6364 3095 6364 3219 6365 3094 6365 3093 6365 3091 6366 3221 6366 3268 6366 3090 6367 3268 6367 3222 6367 3224 6368 3086 6368 3089 6368 3244 6369 3202 6369 3225 6369 3194 6370 3228 6370 3245 6370 3229 6371 3191 6371 3193 6371 3190 6372 3231 6372 3269 6372 3188 6373 3269 6373 3246 6373 3247 6374 3187 6374 3189 6374 3249 6375 3186 6375 3185 6375 3252 6376 3183 6376 3251 6376 3254 6377 3182 6377 3253 6377 3180 6378 3270 6378 3178 6378 3178 6379 3271 6379 3177 6379 3232 6380 3175 6380 3174 6380 3256 6381 3171 6381 3173 6381 3234 6382 3170 6382 3172 6382 3237 6383 3167 6383 3169 6383 3137 6384 3272 6384 3134 6384 3129 6385 3273 6385 3274 6385 3128 6386 3274 6386 3275 6386 3127 6387 3276 6387 3258 6387 3260 6388 3124 6388 3259 6388 3125 6389 3277 6389 3123 6389 3262 6390 3121 6390 3261 6390 3263 6391 3116 6391 3278 6391 3113 6392 3279 6392 3264 6392 3210 6393 3112 6393 3114 6393 3240 6394 3106 6394 3107 6394 3266 6395 3103 6395 3265 6395 3101 6396 3280 6396 3102 6396 3267 6397 3100 6397 3243 6397 3218 6398 3093 6398 3096 6398 3268 6399 3090 6399 3091 6399 3207 6400 3087 6400 3086 6400 3200 6401 3281 6401 3201 6401 3201 6402 3282 6402 3199 6402 3199 6403 3283 6403 3198 6403 3198 6404 3284 6404 3197 6404 3245 6405 3193 6405 3194 6405 3269 6406 3188 6406 3190 6406 3248 6407 3185 6407 3187 6407 3184 6408 3250 6408 3285 6408 3253 6409 3181 6409 3252 6409 3179 6410 3286 6410 3180 6410 3271 6411 3178 6411 3270 6411 3177 6412 3287 6412 3176 6412 3233 6413 3173 6413 3175 6413 3236 6414 3169 6414 3168 6414 3164 6415 3288 6415 3165 6415 3165 6416 3289 6416 3163 6416 3272 6417 3137 6417 3290 6417 3135 6418 3291 6418 3292 6418 3131 6419 3293 6419 3294 6419 3132 6420 3294 6420 3295 6420 3274 6421 3128 6421 3129 6421 3126 6422 3275 6422 3276 6422 3258 6423 3124 6423 3127 6423 3261 6424 3123 6424 3277 6424 3279 6425 3113 6425 3115 6425 3212 6426 3107 6426 3108 6426 3280 6427 3101 6427 3266 6427 3215 6428 3097 6428 3267 6428 3222 6429 3088 6429 3090 6429 3282 6430 3201 6430 3281 6430 3284 6431 3198 6431 3283 6431 3231 6432 3190 6432 3192 6432 3250 6433 3184 6433 3186 6433 3286 6434 3179 6434 3254 6434 3287 6435 3177 6435 3271 6435 3257 6436 3172 6436 3171 6436 3164 6437 3239 6437 3296 6437 3289 6438 3165 6438 3288 6438 3162 6439 3297 6439 3161 6439 3161 6440 3298 6440 3160 6440 3291 6441 3135 6441 3134 6441 3133 6442 3292 6442 3293 6442 3294 6443 3132 6443 3131 6443 3130 6444 3295 6444 3273 6444 3275 6445 3126 6445 3128 6445 3277 6446 3125 6446 3260 6446 3122 6447 3299 6447 3120 6447 3120 6448 3300 6448 3119 6448 3118 6449 3278 6449 3116 6449 3264 6450 3114 6450 3113 6450 3242 6451 3102 6451 3280 6451 3281 6452 3200 6452 3244 6452 3226 6453 3197 6453 3284 6453 3251 6454 3184 6454 3285 6454 3255 6455 3176 6455 3287 6455 3288 6456 3164 6456 3296 6456 3163 6457 3301 6457 3162 6457 3298 6458 3161 6458 3297 6458 3160 6459 3302 6459 3158 6459 3158 6460 3303 6460 3159 6460 3292 6461 3133 6461 3135 6461 3295 6462 3130 6462 3132 6462 3276 6463 3127 6463 3126 6463 3300 6464 3120 6464 3299 6464 3119 6465 3304 6465 3117 6465 3117 6466 3305 6466 3118 6466 3115 6467 3263 6467 3279 6467 3221 6468 3091 6468 3092 6468 3246 6469 3189 6469 3188 6469 3239 6470 3164 6470 3166 6470 3297 6471 3162 6471 3301 6471 3303 6472 3158 6472 3302 6472 3293 6473 3131 6473 3133 6473 3299 6474 3122 6474 3262 6474 3305 6475 3117 6475 3304 6475 3265 6476 3104 6476 3214 6476 3270 6477 3180 6477 3286 6477 3302 6478 3160 6478 3298 6478 3159 6479 3306 6479 3157 6479 3157 6480 3307 6480 3155 6480 3154 6481 3308 6481 3309 6481 3148 6482 3310 6482 3311 6482 3146 6483 3311 6483 3312 6483 3138 6484 3313 6484 3136 6484 3136 6485 3290 6485 3137 6485 3273 6486 3129 6486 3130 6486 3278 6487 3118 6487 3305 6487 3301 6488 3163 6488 3289 6488 3307 6489 3157 6489 3306 6489 3155 6490 3314 6490 3156 6490 3308 6491 3156 6491 3314 6491 3153 6492 3309 6492 3315 6492 3152 6493 3315 6493 3316 6493 3150 6494 3316 6494 3317 6494 3151 6495 3317 6495 3318 6495 3149 6496 3318 6496 3310 6496 3311 6497 3146 6497 3148 6497 3139 6498 3319 6498 3138 6498 3290 6499 3136 6499 3313 6499 3304 6500 3119 6500 3300 6500 3306 6501 3159 6501 3303 6501 3308 6502 3154 6502 3156 6502 3315 6503 3152 6503 3153 6503 3317 6504 3151 6504 3150 6504 3310 6505 3148 6505 3149 6505 3144 6506 3320 6506 3145 6506 3145 6507 3321 6507 3143 6507 3143 6508 3322 6508 3141 6508 3141 6509 3323 6509 3142 6509 3313 6510 3138 6510 3319 6510 3283 6511 3199 6511 3282 6511 3309 6512 3153 6512 3154 6512 3318 6513 3149 6513 3151 6513 3321 6514 3145 6514 3320 6514 3323 6515 3141 6515 3322 6515 3142 6516 3324 6516 3140 6516 3140 6517 3325 6517 3139 6517 3134 6518 3272 6518 3291 6518 3316 6519 3150 6519 3152 6519 3147 6520 3312 6520 3326 6520 3144 6521 3326 6521 3327 6521 3322 6522 3143 6522 3321 6522 3325 6523 3140 6523 3324 6523 3314 6524 3155 6524 3307 6524 3326 6525 3144 6525 3147 6525 3324 6526 3142 6526 3323 6526 3312 6527 3147 6527 3146 6527 3319 6528 3139 6528 3325 6528 3320 6529 3144 6529 3327 6529 3268 6530 3328 6530 3329 6530 3220 6531 3328 6531 3221 6531 3220 6532 3330 6532 3331 6532 3219 6533 3332 6533 3330 6533 3218 6534 3333 6534 3332 6534 3217 6535 3334 6535 3333 6535 3215 6536 3334 6536 3216 6536 3215 6537 3335 6537 3336 6537 3267 6538 3337 6538 3335 6538 3242 6539 3337 6539 3243 6539 3280 6540 3338 6540 3242 6540 3280 6541 3339 6541 3340 6541 3266 6542 3341 6542 3339 6542 3265 6543 3342 6543 3341 6543 3213 6544 3342 6544 3214 6544 3213 6545 3343 6545 3344 6545 3241 6546 3345 6546 3343 6546 3240 6547 3346 6547 3345 6547 3212 6548 3347 6548 3346 6548 3206 6549 3347 6549 3211 6549 3206 6550 3348 6550 3349 6550 3262 6551 3350 6551 3299 6551 3262 6552 3351 6552 3352 6552 3277 6553 3351 6553 3261 6553 3277 6554 3353 6554 3354 6554 3259 6555 3353 6555 3260 6555 3259 6556 3355 6556 3356 6556 3258 6557 3357 6557 3355 6557 3276 6558 3358 6558 3357 6558 3275 6559 3359 6559 3358 6559 3273 6560 3359 6560 3274 6560 3273 6561 3360 6561 3361 6561 3295 6562 3362 6562 3360 6562 3293 6563 3362 6563 3294 6563 3293 6564 3363 6564 3364 6564 3292 6565 3365 6565 3363 6565 3291 6566 3366 6566 3365 6566 3290 6567 3366 6567 3272 6567 3290 6568 3367 6568 3368 6568 3313 6569 3369 6569 3367 6569 3319 6570 3370 6570 3369 6570 3325 6571 3371 6571 3370 6571 3318 6572 3372 6572 3373 6572 3316 6573 3372 6573 3317 6573 3316 6574 3374 6574 3375 6574 3315 6575 3376 6575 3374 6575 3308 6576 3376 6576 3309 6576 3308 6577 3377 6577 3378 6577 3314 6578 3379 6578 3377 6578 3307 6579 3380 6579 3379 6579 3306 6580 3381 6580 3380 6580 3303 6581 3382 6581 3381 6581 3302 6582 3383 6582 3382 6582 3298 6583 3384 6583 3383 6583 3297 6584 3385 6584 3384 6584 3301 6585 3386 6585 3385 6585 3289 6586 3387 6586 3386 6586 3288 6587 3388 6587 3387 6587 3296 6588 3389 6588 3388 6588 3238 6589 3389 6589 3239 6589 3238 6590 3390 6590 3391 6590 3237 6591 3392 6591 3390 6591 3236 6592 3393 6592 3392 6592 3254 6593 3394 6593 3286 6593 3254 6594 3395 6594 3396 6594 3252 6595 3395 6595 3253 6595 3251 6596 3397 6596 3252 6596 3251 6597 3398 6597 3399 6597 3285 6598 3400 6598 3398 6598 3249 6599 3400 6599 3250 6599 3249 6600 3401 6600 3402 6600 3248 6601 3403 6601 3401 6601 3247 6602 3404 6602 3403 6602 3269 6603 3404 6603 3246 6603 3269 6604 3405 6604 3406 6604 3230 6605 3405 6605 3231 6605 3230 6606 3407 6606 3408 6606 3245 6607 3407 6607 3229 6607 3245 6608 3409 6608 3410 6608 3227 6609 3409 6609 3228 6609 3227 6610 3411 6610 3412 6610 3284 6611 3411 6611 3226 6611 3284 6612 3413 6612 3414 6612 3282 6613 3413 6613 3283 6613 3415 6614 3416 6614 3417 6614 3417 6615 3416 6615 3418 6615 3418 6616 3416 6616 3419 6616 3420 6617 3416 6617 3421 6617 3416 6618 3420 6618 3419 6618 3421 6619 3416 6619 3422 6619 3423 6620 3416 6620 3424 6620 3416 6621 3423 6621 3422 6621 3424 6622 3416 6622 3425 6622 3426 6623 3416 6623 3427 6623 3427 6624 3416 6624 3428 6624 3428 6625 3416 6625 3429 6625 3416 6626 3426 6626 3425 6626 3430 6627 3416 6627 3431 6627 3416 6628 3430 6628 3432 6628 3416 6629 3432 6629 3429 6629 3433 6630 3318 6630 3434 6630 3435 6631 3318 6631 3436 6631 3437 6632 3318 6632 3438 6632 3438 6633 3373 6633 3439 6633 3373 6634 3438 6634 3318 6634 3439 6635 3373 6635 3440 6635 3318 6636 3437 6636 3441 6636 3318 6637 3441 6637 3442 6637 3443 6638 3373 6638 3444 6638 3445 6639 3373 6639 3446 6639 3373 6640 3445 6640 3447 6640 3373 6641 3447 6641 3444 6641 3446 6642 3373 6642 3448 6642 3373 6643 3443 6643 3440 6643 3449 6644 3373 6644 3416 6644 3373 6645 3449 6645 3448 6645 3318 6646 3442 6646 3436 6646 3318 6647 3435 6647 3434 6647 3450 6648 3310 6648 3451 6648 3452 6649 3310 6649 3453 6649 3310 6650 3452 6650 3451 6650 3453 6651 3310 6651 3454 6651 3455 6652 3310 6652 3456 6652 3457 6653 3310 6653 3458 6653 3458 6654 3310 6654 3459 6654 3460 6655 3310 6655 3461 6655 3310 6656 3460 6656 3459 6656 3461 6657 3310 6657 3433 6657 3310 6658 3457 6658 3462 6658 3310 6659 3462 6659 3463 6659 3310 6660 3463 6660 3456 6660 3310 6661 3455 6661 3454 6661 3464 6662 3311 6662 3465 6662 3465 6663 3311 6663 3466 6663 3467 6664 3311 6664 3468 6664 3469 6665 3311 6665 3450 6665 3311 6666 3469 6666 3468 6666 3311 6667 3467 6667 3470 6667 3311 6668 3470 6668 3466 6668 3471 6669 3312 6669 3472 6669 3473 6670 3312 6670 3474 6670 3475 6671 3312 6671 3476 6671 3476 6672 3312 6672 3464 6672 3312 6673 3475 6673 3474 6673 3312 6674 3473 6674 3472 6674 3312 6675 3471 6675 3326 6675 3477 6676 3327 6676 3326 6676 3327 6677 3477 6677 3478 6677 3477 6678 3326 6678 3479 6678 3479 6679 3326 6679 3480 6679 3327 6680 3478 6680 3481 6680 3482 6681 3326 6681 3483 6681 3326 6682 3482 6682 3480 6682 3484 6683 3320 6683 3485 6683 3485 6684 3320 6684 3486 6684 3487 6685 3320 6685 3327 6685 3320 6686 3487 6686 3486 6686 3488 6687 3327 6687 3489 6687 3327 6688 3488 6688 3487 6688 3489 6689 3327 6689 3490 6689 3491 6690 3321 6690 3492 6690 3493 6691 3321 6691 3494 6691 3494 6692 3321 6692 3495 6692 3495 6693 3320 6693 3496 6693 3320 6694 3495 6694 3321 6694 3321 6695 3493 6695 3492 6695 3497 6696 3322 6696 3498 6696 3499 6697 3322 6697 3500 6697 3322 6698 3499 6698 3498 6698 3500 6699 3322 6699 3501 6699 3502 6700 3322 6700 3503 6700 3322 6701 3502 6701 3501 6701 3504 6702 3322 6702 3321 6702 3322 6703 3504 6703 3503 6703 3505 6704 3323 6704 3506 6704 3507 6705 3323 6705 3508 6705 3323 6706 3507 6706 3509 6706 3323 6707 3509 6707 3510 6707 3323 6708 3510 6708 3506 6708 3508 6709 3323 6709 3511 6709 3512 6710 3323 6710 3513 6710 3323 6711 3512 6711 3511 6711 3513 6712 3323 6712 3514 6712 3514 6713 3323 6713 3515 6713 3516 6714 3323 6714 3322 6714 3323 6715 3516 6715 3517 6715 3323 6716 3517 6716 3515 6716 3518 6717 3371 6717 3519 6717 3520 6718 3371 6718 3521 6718 3522 6719 3371 6719 3523 6719 3524 6720 3324 6720 3525 6720 3324 6721 3524 6721 3371 6721 3526 6722 3324 6722 3527 6722 3324 6723 3526 6723 3525 6723 3528 6724 3324 6724 3529 6724 3324 6725 3528 6725 3530 6725 3529 6726 3324 6726 3531 6726 3324 6727 3530 6727 3527 6727 3532 6728 3324 6728 3323 6728 3324 6729 3532 6729 3531 6729 3371 6730 3524 6730 3523 6730 3371 6731 3522 6731 3533 6731 3371 6732 3533 6732 3521 6732 3371 6733 3520 6733 3534 6733 3371 6734 3534 6734 3519 6734 3535 6735 3536 6735 3537 6735 3538 6736 3536 6736 3539 6736 3540 6737 3536 6737 3541 6737 3536 6738 3540 6738 3542 6738 3541 6739 3536 6739 3543 6739 3544 6740 3536 6740 3545 6740 3546 6741 3536 6741 3547 6741 3547 6742 3536 6742 3548 6742 3536 6743 3546 6743 3549 6743 3536 6744 3549 6744 3545 6744 3550 6745 3536 6745 3551 6745 3551 6746 3536 6746 3518 6746 3536 6747 3550 6747 3548 6747 3536 6748 3544 6748 3543 6748 3536 6749 3542 6749 3539 6749 3536 6750 3538 6750 3537 6750 3552 6751 3553 6751 3554 6751 3555 6752 3553 6752 3556 6752 3557 6753 3553 6753 3558 6753 3558 6754 3553 6754 3559 6754 3560 6755 3553 6755 3561 6755 3553 6756 3560 6756 3559 6756 3553 6757 3557 6757 3562 6757 3563 6758 3553 6758 3535 6758 3553 6759 3563 6759 3561 6759 3553 6760 3562 6760 3556 6760 3553 6761 3555 6761 3554 6761 3564 6762 3565 6762 3566 6762 3566 6763 3565 6763 3567 6763 3568 6764 3565 6764 3569 6764 3565 6765 3568 6765 3570 6765 3569 6766 3565 6766 3571 6766 3565 6767 3570 6767 3567 6767 3571 6768 3565 6768 3552 6768 3565 6769 3564 6769 3572 6769 3573 6770 3574 6770 3575 6770 3576 6771 3574 6771 3572 6771 3576 6772 3572 6772 3577 6772 3577 6773 3572 6773 3578 6773 3574 6774 3576 6774 3579 6774 3574 6775 3579 6775 3575 6775 3578 6776 3572 6776 3580 6776 3581 6777 3572 6777 3582 6777 3582 6778 3572 6778 3583 6778 3572 6779 3581 6779 3580 6779 3584 6780 3585 6780 3586 6780 3585 6781 3584 6781 3587 6781 3588 6782 3585 6782 3589 6782 3590 6783 3574 6783 3591 6783 3574 6784 3590 6784 3585 6784 3585 6785 3590 6785 3589 6785 3585 6786 3588 6786 3586 6786 3592 6787 3574 6787 3593 6787 3574 6788 3592 6788 3591 6788 3594 6789 3595 6789 3596 6789 3597 6790 3595 6790 3598 6790 3595 6791 3597 6791 3596 6791 3599 6792 3595 6792 3600 6792 3600 6793 3585 6793 3601 6793 3585 6794 3600 6794 3595 6794 3595 6795 3599 6795 3602 6795 3601 6796 3585 6796 3603 6796 3595 6797 3602 6797 3598 6797 3604 6798 3431 6798 3605 6798 3606 6799 3431 6799 3607 6799 3607 6800 3431 6800 3608 6800 3608 6801 3431 6801 3609 6801 3431 6802 3606 6802 3605 6802 3610 6803 3431 6803 3611 6803 3431 6804 3610 6804 3609 6804 3611 6805 3431 6805 3612 6805 3613 6806 3431 6806 3595 6806 3431 6807 3613 6807 3614 6807 3431 6808 3614 6808 3612 6808 3615 6809 3616 6809 3617 6809 3618 6810 3616 6810 3619 6810 3620 6811 3616 6811 3621 6811 3616 6812 3620 6812 3622 6812 3616 6813 3622 6813 3623 6813 3621 6814 3616 6814 3624 6814 3616 6815 3623 6815 3619 6815 3625 6816 3616 6816 3282 6816 3616 6817 3625 6817 3626 6817 3627 6818 3282 6818 3628 6818 3282 6819 3627 6819 3629 6819 3628 6820 3282 6820 3630 6820 3282 6821 3629 6821 3625 6821 3631 6822 3282 6822 3632 6822 3633 6823 3282 6823 3281 6823 3282 6824 3633 6824 3632 6824 3282 6825 3631 6825 3634 6825 3282 6826 3634 6826 3630 6826 3616 6827 3626 6827 3624 6827 3616 6828 3618 6828 3617 6828 3635 6829 3636 6829 3637 6829 3637 6830 3636 6830 3638 6830 3639 6831 3636 6831 3640 6831 3636 6832 3639 6832 3638 6832 3641 6833 3636 6833 3642 6833 3643 6834 3636 6834 3644 6834 3644 6835 3636 6835 3645 6835 3645 6836 3636 6836 3646 6836 3647 6837 3636 6837 3648 6837 3648 6838 3636 6838 3615 6838 3636 6839 3647 6839 3646 6839 3636 6840 3643 6840 3649 6840 3636 6841 3649 6841 3642 6841 3636 6842 3641 6842 3650 6842 3636 6843 3650 6843 3640 6843 3651 6844 3652 6844 3653 6844 3654 6845 3652 6845 3655 6845 3652 6846 3654 6846 3656 6846 3655 6847 3652 6847 3657 6847 3652 6848 3656 6848 3653 6848 3658 6849 3652 6849 3659 6849 3660 6850 3652 6850 3635 6850 3652 6851 3660 6851 3661 6851 3652 6852 3661 6852 3662 6852 3652 6853 3662 6853 3659 6853 3652 6854 3658 6854 3657 6854 3663 6855 3664 6855 3665 6855 3665 6856 3666 6856 3667 6856 3666 6857 3665 6857 3664 6857 3668 6858 3666 6858 3669 6858 3666 6859 3668 6859 3667 6859 3670 6860 3666 6860 3651 6860 3666 6861 3670 6861 3671 6861 3666 6862 3671 6862 3672 6862 3666 6863 3672 6863 3669 6863 3673 6864 3674 6864 3675 6864 3674 6865 3673 6865 3676 6865 3677 6866 3674 6866 3664 6866 3678 6867 3664 6867 3679 6867 3680 6868 3664 6868 3681 6868 3664 6869 3680 6869 3679 6869 3664 6870 3678 6870 3682 6870 3664 6871 3682 6871 3677 6871 3674 6872 3677 6872 3675 6872 3683 6873 3684 6873 3685 6873 3685 6874 3684 6874 3686 6874 3687 6875 3684 6875 3688 6875 3689 6876 3684 6876 3674 6876 3690 6877 3674 6877 3691 6877 3674 6878 3690 6878 3689 6878 3691 6879 3674 6879 3692 6879 3684 6880 3689 6880 3688 6880 3684 6881 3687 6881 3686 6881 3693 6882 3694 6882 3695 6882 3694 6883 3693 6883 3696 6883 3695 6884 3694 6884 3697 6884 3697 6885 3694 6885 3698 6885 3699 6886 3694 6886 3700 6886 3694 6887 3699 6887 3698 6887 3701 6888 3694 6888 3684 6888 3694 6889 3701 6889 3700 6889 3702 6890 3684 6890 3703 6890 3684 6891 3702 6891 3701 6891 3704 6892 3705 6892 3706 6892 3706 6893 3705 6893 3707 6893 3708 6894 3705 6894 3709 6894 3705 6895 3708 6895 3707 6895 3709 6896 3705 6896 3710 6896 3710 6897 3705 6897 3711 6897 3712 6898 3705 6898 3713 6898 3714 6899 3705 6899 3694 6899 3705 6900 3714 6900 3713 6900 3705 6901 3712 6901 3711 6901 3715 6902 3716 6902 3717 6902 3718 6903 3716 6903 3719 6903 3719 6904 3716 6904 3720 6904 3721 6905 3716 6905 3722 6905 3716 6906 3721 6906 3720 6906 3716 6907 3718 6907 3717 6907 3722 6908 3716 6908 3723 6908 3724 6909 3716 6909 3725 6909 3716 6910 3724 6910 3723 6910 3725 6911 3716 6911 3726 6911 3726 6912 3716 6912 3727 6912 3728 6913 3716 6913 3729 6913 3729 6914 3716 6914 3730 6914 3731 6915 3716 6915 3705 6915 3716 6916 3731 6916 3730 6916 3716 6917 3728 6917 3727 6917 3732 6918 3268 6918 3733 6918 3734 6919 3268 6919 3735 6919 3268 6920 3734 6920 3733 6920 3736 6921 3268 6921 3737 6921 3738 6922 3329 6922 3739 6922 3329 6923 3738 6923 3268 6923 3268 6924 3738 6924 3740 6924 3741 6925 3329 6925 3742 6925 3743 6926 3329 6926 3744 6926 3329 6927 3743 6927 3742 6927 3329 6928 3741 6928 3739 6928 3268 6929 3740 6929 3737 6929 3745 6930 3329 6930 3746 6930 3329 6931 3745 6931 3747 6931 3748 6932 3329 6932 3716 6932 3329 6933 3748 6933 3746 6933 3329 6934 3747 6934 3744 6934 3268 6935 3736 6935 3749 6935 3268 6936 3749 6936 3735 6936 3750 6937 3222 6937 3751 6937 3752 6938 3222 6938 3753 6938 3753 6939 3222 6939 3754 6939 3754 6940 3222 6940 3755 6940 3756 6941 3222 6941 3757 6941 3758 6942 3222 6942 3759 6942 3760 6943 3222 6943 3732 6943 3222 6944 3760 6944 3759 6944 3222 6945 3758 6945 3761 6945 3222 6946 3761 6946 3757 6946 3222 6947 3756 6947 3755 6947 3222 6948 3752 6948 3751 6948 3762 6949 3223 6949 3763 6949 3763 6950 3223 6950 3764 6950 3765 6951 3223 6951 3766 6951 3223 6952 3765 6952 3764 6952 3767 6953 3223 6953 3768 6953 3768 6954 3223 6954 3750 6954 3223 6955 3767 6955 3769 6955 3223 6956 3769 6956 3766 6956 3770 6957 3207 6957 3224 6957 3771 6958 3224 6958 3772 6958 3773 6959 3224 6959 3774 6959 3774 6960 3224 6960 3762 6960 3224 6961 3773 6961 3775 6961 3224 6962 3775 6962 3772 6962 3224 6963 3771 6963 3770 6963 3776 6964 3208 6964 3777 6964 3778 6965 3207 6965 3779 6965 3779 6966 3207 6966 3780 6966 3780 6967 3207 6967 3781 6967 3781 6968 3207 6968 3782 6968 3207 6969 3778 6969 3208 6969 3208 6970 3778 6970 3777 6970 3783 6971 3209 6971 3784 6971 3785 6972 3209 6972 3786 6972 3209 6973 3785 6973 3784 6973 3786 6974 3208 6974 3787 6974 3787 6975 3208 6975 3788 6975 3208 6976 3786 6976 3209 6976 3789 6977 3225 6977 3790 6977 3790 6978 3225 6978 3791 6978 3791 6979 3225 6979 3792 6979 3793 6980 3225 6980 3209 6980 3225 6981 3793 6981 3794 6981 3225 6982 3794 6982 3792 6982 3793 6983 3209 6983 3795 6983 3796 6984 3244 6984 3797 6984 3244 6985 3796 6985 3798 6985 3797 6986 3244 6986 3799 6986 3800 6987 3244 6987 3801 6987 3244 6988 3800 6988 3799 6988 3802 6989 3244 6989 3225 6989 3244 6990 3802 6990 3803 6990 3244 6991 3803 6991 3801 6991 3804 6992 3281 6992 3805 6992 3281 6993 3804 6993 3806 6993 3805 6994 3281 6994 3807 6994 3807 6995 3281 6995 3808 6995 3809 6996 3281 6996 3810 6996 3811 6997 3281 6997 3812 6997 3281 6998 3811 6998 3810 6998 3281 6999 3809 6999 3808 6999 3813 7000 3281 7000 3814 7000 3281 7001 3813 7001 3812 7001 3815 7002 3281 7002 3244 7002 3281 7003 3815 7003 3814 7003 3816 7004 3304 7004 3817 7004 3817 7005 3304 7005 3818 7005 3819 7006 3304 7006 3820 7006 3821 7007 3304 7007 3822 7007 3304 7008 3821 7008 3823 7008 3304 7009 3823 7009 3820 7009 3304 7010 3819 7010 3824 7010 3304 7011 3824 7011 3818 7011 3825 7012 3305 7012 3826 7012 3827 7013 3305 7013 3828 7013 3828 7014 3305 7014 3829 7014 3829 7015 3305 7015 3830 7015 3830 7016 3305 7016 3816 7016 3305 7017 3827 7017 3826 7017 3305 7018 3825 7018 3278 7018 3831 7019 3263 7019 3832 7019 3833 7020 3278 7020 3834 7020 3278 7021 3833 7021 3263 7021 3263 7022 3833 7022 3832 7022 3835 7023 3278 7023 3836 7023 3278 7024 3835 7024 3837 7024 3278 7025 3837 7025 3834 7025 3838 7026 3279 7026 3839 7026 3839 7027 3279 7027 3840 7027 3840 7028 3279 7028 3841 7028 3841 7029 3263 7029 3842 7029 3842 7030 3263 7030 3843 7030 3263 7031 3841 7031 3279 7031 3843 7032 3263 7032 3844 7032 3845 7033 3264 7033 3846 7033 3264 7034 3845 7034 3847 7034 3846 7035 3264 7035 3848 7035 3264 7036 3847 7036 3849 7036 3848 7037 3279 7037 3850 7037 3279 7038 3848 7038 3264 7038 3851 7039 3210 7039 3852 7039 3853 7040 3210 7040 3854 7040 3210 7041 3853 7041 3852 7041 3854 7042 3210 7042 3855 7042 3855 7043 3210 7043 3856 7043 3857 7044 3210 7044 3264 7044 3210 7045 3857 7045 3858 7045 3210 7046 3858 7046 3856 7046 3859 7047 3204 7047 3860 7047 3861 7048 3204 7048 3862 7048 3204 7049 3861 7049 3860 7049 3863 7050 3204 7050 3864 7050 3204 7051 3863 7051 3862 7051 3864 7052 3204 7052 3865 7052 3866 7053 3204 7053 3867 7053 3204 7054 3866 7054 3865 7054 3867 7055 3204 7055 3868 7055 3869 7056 3204 7056 3210 7056 3204 7057 3869 7057 3870 7057 3204 7058 3870 7058 3871 7058 3204 7059 3871 7059 3868 7059 3872 7060 3348 7060 3873 7060 3874 7061 3348 7061 3875 7061 3876 7062 3348 7062 3877 7062 3348 7063 3876 7063 3878 7063 3348 7064 3878 7064 3879 7064 3880 7065 3348 7065 3205 7065 3348 7066 3880 7066 3877 7066 3348 7067 3879 7067 3875 7067 3881 7068 3205 7068 3882 7068 3883 7069 3205 7069 3884 7069 3205 7070 3883 7070 3885 7070 3205 7071 3885 7071 3882 7071 3884 7072 3205 7072 3886 7072 3205 7073 3881 7073 3880 7073 3887 7074 3205 7074 3204 7074 3205 7075 3887 7075 3886 7075 3348 7076 3874 7076 3888 7076 3348 7077 3888 7077 3873 7077 3889 7078 3890 7078 3891 7078 3892 7079 3890 7079 3893 7079 3893 7080 3890 7080 3894 7080 3895 7081 3890 7081 3896 7081 3890 7082 3895 7082 3894 7082 3897 7083 3890 7083 3898 7083 3899 7084 3890 7084 3900 7084 3890 7085 3899 7085 3901 7085 3900 7086 3890 7086 3902 7086 3890 7087 3901 7087 3898 7087 3903 7088 3890 7088 3904 7088 3904 7089 3890 7089 3872 7089 3890 7090 3903 7090 3902 7090 3890 7091 3897 7091 3905 7091 3890 7092 3905 7092 3896 7092 3890 7093 3892 7093 3891 7093 3906 7094 3907 7094 3908 7094 3909 7095 3907 7095 3910 7095 3911 7096 3907 7096 3912 7096 3907 7097 3911 7097 3913 7097 3912 7098 3907 7098 3914 7098 3907 7099 3913 7099 3910 7099 3915 7100 3907 7100 3916 7100 3917 7101 3907 7101 3889 7101 3907 7102 3917 7102 3916 7102 3907 7103 3915 7103 3914 7103 3907 7104 3909 7104 3908 7104 3918 7105 3919 7105 3920 7105 3920 7106 3919 7106 3921 7106 3921 7107 3919 7107 3922 7107 3923 7108 3919 7108 3924 7108 3919 7109 3923 7109 3922 7109 3919 7110 3918 7110 3925 7110 3926 7111 3919 7111 3906 7111 3919 7112 3926 7112 3924 7112 3927 7113 3928 7113 3929 7113 3929 7114 3928 7114 3930 7114 3931 7115 3928 7115 3925 7115 3931 7116 3925 7116 3932 7116 3928 7117 3931 7117 3930 7117 3933 7118 3925 7118 3934 7118 3934 7119 3925 7119 3935 7119 3925 7120 3933 7120 3936 7120 3925 7121 3936 7121 3937 7121 3925 7122 3937 7122 3932 7122 3938 7123 3939 7123 3940 7123 3940 7124 3939 7124 3941 7124 3941 7125 3939 7125 3942 7125 3939 7126 3938 7126 3943 7126 3944 7127 3928 7127 3945 7127 3928 7128 3944 7128 3939 7128 3946 7129 3928 7129 3947 7129 3928 7130 3946 7130 3945 7130 3939 7131 3944 7131 3942 7131 3948 7132 3949 7132 3950 7132 3951 7133 3949 7133 3952 7133 3949 7134 3951 7134 3950 7134 3953 7135 3949 7135 3954 7135 3949 7136 3953 7136 3952 7136 3955 7137 3939 7137 3956 7137 3939 7138 3955 7138 3949 7138 3949 7139 3955 7139 3954 7139 3956 7140 3939 7140 3957 7140 3958 7141 3959 7141 3960 7141 3961 7142 3959 7142 3962 7142 3959 7143 3961 7143 3960 7143 3962 7144 3959 7144 3963 7144 3964 7145 3959 7145 3965 7145 3959 7146 3964 7146 3963 7146 3965 7147 3959 7147 3966 7147 3966 7148 3959 7148 3967 7148 3968 7149 3959 7149 3949 7149 3959 7150 3968 7150 3969 7150 3959 7151 3969 7151 3967 7151 3970 7152 3971 7152 3972 7152 3972 7153 3971 7153 3973 7153 3973 7154 3971 7154 3974 7154 3975 7155 3971 7155 3976 7155 3976 7156 3971 7156 3977 7156 3978 7157 3971 7157 3979 7157 3971 7158 3978 7158 3977 7158 3971 7159 3975 7159 3974 7159 3979 7160 3971 7160 3980 7160 3981 7161 3971 7161 3982 7161 3971 7162 3981 7162 3980 7162 3982 7163 3971 7163 3983 7163 3983 7164 3971 7164 3984 7164 3985 7165 3971 7165 3959 7165 3971 7166 3985 7166 3986 7166 3971 7167 3986 7167 3984 7167 3987 7168 3299 7168 3988 7168 3988 7169 3299 7169 3989 7169 3990 7170 3299 7170 3991 7170 3299 7171 3990 7171 3989 7171 3992 7172 3299 7172 3993 7172 3993 7173 3350 7173 3994 7173 3995 7174 3350 7174 3996 7174 3350 7175 3995 7175 3994 7175 3997 7176 3350 7176 3998 7176 3999 7177 3350 7177 4000 7177 3350 7178 3999 7178 3998 7178 3350 7179 3997 7179 3996 7179 3350 7180 3993 7180 3299 7180 4001 7181 3350 7181 3971 7181 3350 7182 4001 7182 4002 7182 3350 7183 4002 7183 4000 7183 3299 7184 3992 7184 4003 7184 3299 7185 4003 7185 3991 7185 3822 7186 3300 7186 4004 7186 4004 7187 3300 7187 4005 7187 4006 7188 3300 7188 4007 7188 4008 7189 3300 7189 4009 7189 3300 7190 4008 7190 4007 7190 4010 7191 3300 7191 4011 7191 4012 7192 3300 7192 3987 7192 3300 7193 4012 7193 4013 7193 3300 7194 4013 7194 4014 7194 3300 7195 4014 7195 4011 7195 3300 7196 4010 7196 4015 7196 3300 7197 4015 7197 4009 7197 3300 7198 4006 7198 4005 7198 4016 7199 4017 7199 4018 7199 4017 7200 4016 7200 4019 7200 4019 7201 4016 7201 4020 7201 4021 7202 4017 7202 4022 7202 4023 7203 4017 7203 4024 7203 4024 7204 4017 7204 4025 7204 4017 7205 4023 7205 4026 7205 4017 7206 4026 7206 4022 7206 4017 7207 4021 7207 4027 7207 4017 7208 4027 7208 4018 7208 4028 7209 4029 7209 4030 7209 4031 7210 4029 7210 4032 7210 4032 7211 4019 7211 4033 7211 4034 7212 4019 7212 4035 7212 4036 7213 4019 7213 4037 7213 4019 7214 4036 7214 4035 7214 4019 7215 4034 7215 4033 7215 4019 7216 4032 7216 4029 7216 4029 7217 4031 7217 4030 7217 4038 7218 4039 7218 4040 7218 4041 7219 4039 7219 4029 7219 4039 7220 4041 7220 4042 7220 4039 7221 4042 7221 4043 7221 4039 7222 4043 7222 4044 7222 4041 7223 4029 7223 4045 7223 4039 7224 4044 7224 4040 7224 4046 7225 4029 7225 4047 7225 4047 7226 4029 7226 4048 7226 4029 7227 4046 7227 4045 7227 4049 7228 4050 7228 4051 7228 4050 7229 4049 7229 4052 7229 4051 7230 4050 7230 4053 7230 4053 7231 4050 7231 4054 7231 4055 7232 4050 7232 4056 7232 4056 7233 4039 7233 4057 7233 4039 7234 4056 7234 4050 7234 4057 7235 4039 7235 4058 7235 4050 7236 4055 7236 4054 7236 4059 7237 4060 7237 4061 7237 4060 7238 4059 7238 4062 7238 4061 7239 4060 7239 4063 7239 4064 7240 4060 7240 4065 7240 4060 7241 4064 7241 4063 7241 4066 7242 4060 7242 4067 7242 4068 7243 4060 7243 4069 7243 4060 7244 4068 7244 4067 7244 4060 7245 4066 7245 4065 7245 4070 7246 4060 7246 4050 7246 4060 7247 4070 7247 4069 7247 4071 7248 4072 7248 4073 7248 4074 7249 4072 7249 4075 7249 4072 7250 4074 7250 4073 7250 4075 7251 4072 7251 4076 7251 4077 7252 4072 7252 4078 7252 4072 7253 4077 7253 4076 7253 4078 7254 4072 7254 4079 7254 4080 7255 4072 7255 4081 7255 4072 7256 4080 7256 4079 7256 4082 7257 4072 7257 4083 7257 4084 7258 4072 7258 4085 7258 4072 7259 4084 7259 4083 7259 4072 7260 4082 7260 4081 7260 4086 7261 4072 7261 4060 7261 4072 7262 4086 7262 4085 7262 4087 7263 3286 7263 4088 7263 4089 7264 3286 7264 4090 7264 4091 7265 3286 7265 4092 7265 4093 7266 3394 7266 4094 7266 3394 7267 4093 7267 3286 7267 3286 7268 4093 7268 4092 7268 4095 7269 3394 7269 4096 7269 3394 7270 4095 7270 4094 7270 3286 7271 4091 7271 4097 7271 4098 7272 3394 7272 4099 7272 4099 7273 3394 7273 4100 7273 3394 7274 4098 7274 4101 7274 4102 7275 3394 7275 4103 7275 3394 7276 4102 7276 4100 7276 3394 7277 4101 7277 4096 7277 3286 7278 4097 7278 4090 7278 4104 7279 3394 7279 4072 7279 3394 7280 4104 7280 4103 7280 3286 7281 4089 7281 4105 7281 3286 7282 4105 7282 4088 7282 4106 7283 3270 7283 4107 7283 4107 7284 3270 7284 4108 7284 4108 7285 3270 7285 4109 7285 4110 7286 3270 7286 4111 7286 4112 7287 3270 7287 4113 7287 4114 7288 3270 7288 4115 7288 3270 7289 4114 7289 4116 7289 4115 7290 3270 7290 4087 7290 3270 7291 4116 7291 4113 7291 3270 7292 4112 7292 4117 7292 3270 7293 4117 7293 4111 7293 3270 7294 4110 7294 4109 7294 4118 7295 3271 7295 4119 7295 4119 7296 3271 7296 4120 7296 4121 7297 3271 7297 4122 7297 4123 7298 3271 7298 4106 7298 3271 7299 4123 7299 4124 7299 3271 7300 4124 7300 4122 7300 3271 7301 4121 7301 4125 7301 3271 7302 4125 7302 4120 7302 4126 7303 3255 7303 3287 7303 4127 7304 3287 7304 4128 7304 4129 7305 3287 7305 4118 7305 3287 7306 4129 7306 4130 7306 3287 7307 4130 7307 4128 7307 3287 7308 4127 7308 4131 7308 3287 7309 4131 7309 4126 7309 4132 7310 3232 7310 4133 7310 3232 7311 4132 7311 4134 7311 4133 7312 3255 7312 4135 7312 4135 7313 3255 7313 4136 7313 4137 7314 3255 7314 4138 7314 3255 7315 4137 7315 4136 7315 3255 7316 4133 7316 3232 7316 4138 7317 3255 7317 4139 7317 4140 7318 3233 7318 4141 7318 4142 7319 3232 7319 4143 7319 3232 7320 4142 7320 3233 7320 4143 7321 3232 7321 4144 7321 3233 7322 4142 7322 4141 7322 4145 7323 3256 7323 4146 7323 3256 7324 4145 7324 4147 7324 4148 7325 3233 7325 4149 7325 3233 7326 4148 7326 3256 7326 3256 7327 4148 7327 4150 7327 4149 7328 3233 7328 4151 7328 3256 7329 4150 7329 4146 7329 4152 7330 3257 7330 4153 7330 3257 7331 4152 7331 4154 7331 4153 7332 3257 7332 4155 7332 4156 7333 3257 7333 4157 7333 3257 7334 4156 7334 4155 7334 4157 7335 3257 7335 4158 7335 4159 7336 3257 7336 3256 7336 3257 7337 4159 7337 4158 7337 4160 7338 3234 7338 4161 7338 4162 7339 3234 7339 4163 7339 4163 7340 3234 7340 4164 7340 3234 7341 4162 7341 4165 7341 3234 7342 4165 7342 4161 7342 4166 7343 3234 7343 4167 7343 3234 7344 4166 7344 4164 7344 4167 7345 3234 7345 4168 7345 4168 7346 3234 7346 4169 7346 4170 7347 3234 7347 4171 7347 3234 7348 4170 7348 4169 7348 4172 7349 3234 7349 3257 7349 3234 7350 4172 7350 4171 7350 4173 7351 3393 7351 4174 7351 4174 7352 3393 7352 4175 7352 4176 7353 3393 7353 4177 7353 4178 7354 3393 7354 4179 7354 4179 7355 3393 7355 4180 7355 4181 7356 3393 7356 4182 7356 4182 7357 3235 7357 4183 7357 3235 7358 4182 7358 3393 7358 3393 7359 4181 7359 4180 7359 4183 7360 3235 7360 4184 7360 4185 7361 3235 7361 4186 7361 4186 7362 3235 7362 4187 7362 4187 7363 3235 7363 4188 7363 3235 7364 4185 7364 4184 7364 4189 7365 3235 7365 3234 7365 3235 7366 4189 7366 4188 7366 3393 7367 4178 7367 4190 7367 3393 7368 4190 7368 4177 7368 3393 7369 4176 7369 4175 7369 4191 7370 4192 7370 4193 7370 4194 7371 4192 7371 4195 7371 4196 7372 4192 7372 4197 7372 4198 7373 4192 7373 4199 7373 4192 7374 4198 7374 4197 7374 4192 7375 4196 7375 4195 7375 4200 7376 4192 7376 4201 7376 4202 7377 4192 7377 4173 7377 4192 7378 4202 7378 4203 7378 4192 7379 4203 7379 4204 7379 4192 7380 4204 7380 4201 7380 4192 7381 4200 7381 4205 7381 4192 7382 4205 7382 4206 7382 4192 7383 4206 7383 4199 7383 4192 7384 4194 7384 4207 7384 4192 7385 4207 7385 4193 7385 4025 7386 4208 7386 4209 7386 4209 7387 4208 7387 4210 7387 4211 7388 4208 7388 4212 7388 4208 7389 4211 7389 4210 7389 4212 7390 4208 7390 4213 7390 4214 7391 4208 7391 4215 7391 4216 7392 4208 7392 4191 7392 4208 7393 4216 7393 4217 7393 4208 7394 4217 7394 4215 7394 4208 7395 4214 7395 4213 7395 4208 7396 4025 7396 4017 7396 4192 7397 4191 7397 4208 7397 3393 7398 4173 7398 4192 7398 3234 7399 4160 7399 4189 7399 3257 7400 4154 7400 4172 7400 3256 7401 4147 7401 4159 7401 3233 7402 4140 7402 4151 7402 3232 7403 4134 7403 4144 7403 3255 7404 4126 7404 4139 7404 3271 7405 4118 7405 3287 7405 3270 7406 4106 7406 3271 7406 3286 7407 4087 7407 3270 7407 4072 7408 4071 7408 4104 7408 4060 7409 4062 7409 4086 7409 4050 7410 4052 7410 4070 7410 4039 7411 4038 7411 4058 7411 4029 7412 4028 7412 4048 7412 4019 7413 4020 7413 4037 7413 3300 7414 3822 7414 3304 7414 3299 7415 3987 7415 3300 7415 3971 7416 3970 7416 4001 7416 3959 7417 3958 7417 3985 7417 3949 7418 3948 7418 3968 7418 3939 7419 3943 7419 3957 7419 3928 7420 3927 7420 3947 7420 3925 7421 3918 7421 3935 7421 3907 7422 3906 7422 3919 7422 3890 7423 3889 7423 3907 7423 3348 7424 3872 7424 3890 7424 3204 7425 3859 7425 3887 7425 3210 7426 3851 7426 3869 7426 3264 7427 3849 7427 3857 7427 3279 7428 3838 7428 3850 7428 3263 7429 3831 7429 3844 7429 3278 7430 3825 7430 3836 7430 3304 7431 3816 7431 3305 7431 3281 7432 3806 7432 3633 7432 3244 7433 3798 7433 3815 7433 3225 7434 3789 7434 3802 7434 3209 7435 3783 7435 3795 7435 3208 7436 3776 7436 3788 7436 3207 7437 3770 7437 3782 7437 3223 7438 3762 7438 3224 7438 3222 7439 3750 7439 3223 7439 3268 7440 3732 7440 3222 7440 3716 7441 3715 7441 3748 7441 3705 7442 3704 7442 3731 7442 3694 7443 3696 7443 3714 7443 3684 7444 3683 7444 3703 7444 3674 7445 3676 7445 3692 7445 3664 7446 3663 7446 3681 7446 3652 7447 3651 7447 3666 7447 3636 7448 3635 7448 3652 7448 3616 7449 3615 7449 3636 7449 3431 7450 3604 7450 3430 7450 3595 7451 3594 7451 3613 7451 3585 7452 3587 7452 3603 7452 3574 7453 3573 7453 3593 7453 3572 7454 3564 7454 3583 7454 3553 7455 3552 7455 3565 7455 3536 7456 3535 7456 3553 7456 3371 7457 3518 7457 3536 7457 3323 7458 3505 7458 3532 7458 3322 7459 3497 7459 3516 7459 3321 7460 3491 7460 3504 7460 3320 7461 3484 7461 3496 7461 3327 7462 3481 7462 3490 7462 3326 7463 3471 7463 3483 7463 3311 7464 3464 7464 3312 7464 3310 7465 3450 7465 3311 7465 3318 7466 3433 7466 3310 7466 3416 7467 3415 7467 3449 7467 3413 7468 3282 7468 3616 7468 3413 7469 3284 7469 3283 7469 3411 7470 3284 7470 3414 7470 3411 7471 3227 7471 3226 7471 3409 7472 3227 7472 3412 7472 3409 7473 3245 7473 3228 7473 3407 7474 3245 7474 3410 7474 3407 7475 3230 7475 3229 7475 3405 7476 3230 7476 3408 7476 3405 7477 3269 7477 3231 7477 3404 7478 3269 7478 3406 7478 3404 7479 3247 7479 3246 7479 3403 7480 3248 7480 3247 7480 3401 7481 3249 7481 3248 7481 3400 7482 3249 7482 3402 7482 3400 7483 3285 7483 3250 7483 3398 7484 3251 7484 3285 7484 3397 7485 3251 7485 3399 7485 3395 7486 3252 7486 3397 7486 3395 7487 3254 7487 3253 7487 3394 7488 3254 7488 3396 7488 3393 7489 3236 7489 3235 7489 3392 7490 3237 7490 3236 7490 3390 7491 3238 7491 3237 7491 3389 7492 3238 7492 3391 7492 3389 7493 3296 7493 3239 7493 3388 7494 3288 7494 3296 7494 3387 7495 3289 7495 3288 7495 3386 7496 3301 7496 3289 7496 3385 7497 3297 7497 3301 7497 3384 7498 3298 7498 3297 7498 3383 7499 3302 7499 3298 7499 3382 7500 3303 7500 3302 7500 3381 7501 3306 7501 3303 7501 3380 7502 3307 7502 3306 7502 3379 7503 3314 7503 3307 7503 3377 7504 3308 7504 3314 7504 3376 7505 3308 7505 3378 7505 3376 7506 3315 7506 3309 7506 3374 7507 3316 7507 3315 7507 3372 7508 3316 7508 3375 7508 3372 7509 3318 7509 3317 7509 3371 7510 3325 7510 3324 7510 3370 7511 3319 7511 3325 7511 3369 7512 3313 7512 3319 7512 3367 7513 3290 7513 3313 7513 3366 7514 3290 7514 3368 7514 3366 7515 3291 7515 3272 7515 3365 7516 3292 7516 3291 7516 3363 7517 3293 7517 3292 7517 3362 7518 3293 7518 3364 7518 3362 7519 3295 7519 3294 7519 3360 7520 3273 7520 3295 7520 3359 7521 3273 7521 3361 7521 3359 7522 3275 7522 3274 7522 3358 7523 3276 7523 3275 7523 3357 7524 3258 7524 3276 7524 3355 7525 3259 7525 3258 7525 3353 7526 3259 7526 3356 7526 3353 7527 3277 7527 3260 7527 3351 7528 3277 7528 3354 7528 3351 7529 3262 7529 3261 7529 3350 7530 3262 7530 3352 7530 3348 7531 3206 7531 3205 7531 3347 7532 3206 7532 3349 7532 3347 7533 3212 7533 3211 7533 3346 7534 3240 7534 3212 7534 3345 7535 3241 7535 3240 7535 3343 7536 3213 7536 3241 7536 3342 7537 3213 7537 3344 7537 3342 7538 3265 7538 3214 7538 3341 7539 3266 7539 3265 7539 3339 7540 3280 7540 3266 7540 3338 7541 3280 7541 3340 7541 3337 7542 3242 7542 3338 7542 3337 7543 3267 7543 3243 7543 3335 7544 3215 7544 3267 7544 3334 7545 3215 7545 3336 7545 3334 7546 3217 7546 3216 7546 3333 7547 3218 7547 3217 7547 3332 7548 3219 7548 3218 7548 3330 7549 3220 7549 3219 7549 3328 7550 3220 7550 3331 7550 3328 7551 3268 7551 3221 7551 4218 7552 3674 7552 3684 7552 4219 7553 3684 7553 3694 7553 4220 7554 3694 7554 3705 7554 4221 7555 3705 7555 3716 7555 4222 7556 3716 7556 3329 7556 4223 7557 3329 7557 3328 7557 4224 7558 3328 7558 3331 7558 4225 7559 3331 7559 3330 7559 4226 7560 3330 7560 3332 7560 4227 7561 3332 7561 3333 7561 4228 7562 3333 7562 3334 7562 4229 7563 3334 7563 3336 7563 4230 7564 3336 7564 3335 7564 4231 7565 3335 7565 3337 7565 4232 7566 3337 7566 3338 7566 4233 7567 3338 7567 3340 7567 4234 7568 3340 7568 3339 7568 4235 7569 3339 7569 3341 7569 4236 7570 3341 7570 3342 7570 4237 7571 3342 7571 3344 7571 4238 7572 3344 7572 3343 7572 4239 7573 3343 7573 3345 7573 4240 7574 3345 7574 3346 7574 4241 7575 3346 7575 3347 7575 4242 7576 3347 7576 3349 7576 4243 7577 3349 7577 3348 7577 4244 7578 3348 7578 3890 7578 4245 7579 3890 7579 3907 7579 4246 7580 3907 7580 3919 7580 4247 7581 3919 7581 3925 7581 4248 7582 3925 7582 3928 7582 4249 7583 3928 7583 3939 7583 4250 7584 3939 7584 3949 7584 4251 7585 3949 7585 3959 7585 4252 7586 3959 7586 3971 7586 4253 7587 3971 7587 3350 7587 4254 7588 3350 7588 3352 7588 4255 7589 3352 7589 3351 7589 4256 7590 3351 7590 3354 7590 4257 7591 3354 7591 3353 7591 4258 7592 3353 7592 3356 7592 4259 7593 3356 7593 3355 7593 4260 7594 3355 7594 3357 7594 4261 7595 3357 7595 3358 7595 4262 7596 3358 7596 3359 7596 4263 7597 3359 7597 3361 7597 4264 7598 3361 7598 3360 7598 4265 7599 3360 7599 3362 7599 4266 7600 3362 7600 3364 7600 4267 7601 3364 7601 3363 7601 4268 7602 3363 7602 3365 7602 4269 7603 3365 7603 3366 7603 4270 7604 3366 7604 3368 7604 4271 7605 3368 7605 3367 7605 4272 7606 3367 7606 3369 7606 4273 7607 3369 7607 3370 7607 4274 7608 3370 7608 3371 7608 4275 7609 3371 7609 3536 7609 4276 7610 3536 7610 3553 7610 4277 7611 3553 7611 3565 7611 4278 7612 3565 7612 3572 7612 4279 7613 3572 7613 3574 7613 4280 7614 3574 7614 3585 7614 4281 7615 3585 7615 3595 7615 4282 7616 3595 7616 3431 7616 4283 7617 3431 7617 3416 7617 4284 7618 3416 7618 3373 7618 4285 7619 3373 7619 3372 7619 4286 7620 3372 7620 3375 7620 4287 7621 3375 7621 3374 7621 4288 7622 3374 7622 3376 7622 4289 7623 3376 7623 3378 7623 4290 7624 3378 7624 3377 7624 4291 7625 3377 7625 3379 7625 4292 7626 3379 7626 3380 7626 4293 7627 3380 7627 3381 7627 4294 7628 3381 7628 3382 7628 4295 7629 3382 7629 3383 7629 4296 7630 3383 7630 3384 7630 4297 7631 3384 7631 3385 7631 4298 7632 3385 7632 3386 7632 4299 7633 3386 7633 3387 7633 4300 7634 3387 7634 3388 7634 4301 7635 3388 7635 3389 7635 4302 7636 3389 7636 3391 7636 4303 7637 3391 7637 3390 7637 4304 7638 3390 7638 3392 7638 4305 7639 3392 7639 3393 7639 4306 7640 3393 7640 4192 7640 4307 7641 4192 7641 4208 7641 4308 7642 4208 7642 4017 7642 4309 7643 4017 7643 4019 7643 4310 7644 4019 7644 4029 7644 4311 7645 4029 7645 4039 7645 4312 7646 4039 7646 4050 7646 4313 7647 4050 7647 4060 7647 4314 7648 4060 7648 4072 7648 4315 7649 4072 7649 3394 7649 4316 7650 3394 7650 3396 7650 4317 7651 3396 7651 3395 7651 4318 7652 3395 7652 3397 7652 4319 7653 3397 7653 3399 7653 4320 7654 3399 7654 3398 7654 4321 7655 3398 7655 3400 7655 4322 7656 3400 7656 3402 7656 4323 7657 3402 7657 3401 7657 4324 7658 3401 7658 3403 7658 4325 7659 3403 7659 3404 7659 4326 7660 3404 7660 3406 7660 4327 7661 3406 7661 3405 7661 4328 7662 3405 7662 3408 7662 4329 7663 3408 7663 3407 7663 4330 7664 3407 7664 3410 7664 4331 7665 3410 7665 3409 7665 4332 7666 3409 7666 3412 7666 4333 7667 3412 7667 3411 7667 4334 7668 3411 7668 3414 7668 4335 7669 3414 7669 3413 7669 4336 7670 3413 7670 3616 7670 4337 7671 3616 7671 3636 7671 4338 7672 3636 7672 3652 7672 4339 7673 3652 7673 3666 7673 4340 7674 3666 7674 3664 7674 4341 7675 3664 7675 3674 7675 3664 7676 4341 7676 4340 7676 3666 7677 4340 7677 4339 7677 3652 7678 4339 7678 4338 7678 3636 7679 4338 7679 4337 7679 3616 7680 4337 7680 4336 7680 3413 7681 4336 7681 4335 7681 3414 7682 4335 7682 4334 7682 3411 7683 4334 7683 4333 7683 3412 7684 4333 7684 4332 7684 3409 7685 4332 7685 4331 7685 3410 7686 4331 7686 4330 7686 3407 7687 4330 7687 4329 7687 3408 7688 4329 7688 4328 7688 3405 7689 4328 7689 4327 7689 3406 7690 4327 7690 4326 7690 3404 7691 4326 7691 4325 7691 3403 7692 4325 7692 4324 7692 3401 7693 4324 7693 4323 7693 3402 7694 4323 7694 4322 7694 3400 7695 4322 7695 4321 7695 3398 7696 4321 7696 4320 7696 3399 7697 4320 7697 4319 7697 3397 7698 4319 7698 4318 7698 3395 7699 4318 7699 4317 7699 3396 7700 4317 7700 4316 7700 3394 7701 4316 7701 4315 7701 4072 7702 4315 7702 4314 7702 4060 7703 4314 7703 4313 7703 4050 7704 4313 7704 4312 7704 4039 7705 4312 7705 4311 7705 4029 7706 4311 7706 4310 7706 4019 7707 4310 7707 4309 7707 4017 7708 4309 7708 4308 7708 4208 7709 4308 7709 4307 7709 4192 7710 4307 7710 4306 7710 3393 7711 4306 7711 4305 7711 3392 7712 4305 7712 4304 7712 3390 7713 4304 7713 4303 7713 3391 7714 4303 7714 4302 7714 3389 7715 4302 7715 4301 7715 3388 7716 4301 7716 4300 7716 3387 7717 4300 7717 4299 7717 3386 7718 4299 7718 4298 7718 3385 7719 4298 7719 4297 7719 3384 7720 4297 7720 4296 7720 3383 7721 4296 7721 4295 7721 3382 7722 4295 7722 4294 7722 3381 7723 4294 7723 4293 7723 3380 7724 4293 7724 4292 7724 3379 7725 4292 7725 4291 7725 3377 7726 4291 7726 4290 7726 3378 7727 4290 7727 4289 7727 3376 7728 4289 7728 4288 7728 3374 7729 4288 7729 4287 7729 3375 7730 4287 7730 4286 7730 3372 7731 4286 7731 4285 7731 3373 7732 4285 7732 4284 7732 3416 7733 4284 7733 4283 7733 3431 7734 4283 7734 4282 7734 3595 7735 4282 7735 4281 7735 3585 7736 4281 7736 4280 7736 3574 7737 4280 7737 4279 7737 3572 7738 4279 7738 4278 7738 3565 7739 4278 7739 4277 7739 3553 7740 4277 7740 4276 7740 3536 7741 4276 7741 4275 7741 3371 7742 4275 7742 4274 7742 3370 7743 4274 7743 4273 7743 3369 7744 4273 7744 4272 7744 3367 7745 4272 7745 4271 7745 3368 7746 4271 7746 4270 7746 3366 7747 4270 7747 4269 7747 3365 7748 4269 7748 4268 7748 3363 7749 4268 7749 4267 7749 3364 7750 4267 7750 4266 7750 3362 7751 4266 7751 4265 7751 3360 7752 4265 7752 4264 7752 3361 7753 4264 7753 4263 7753 3359 7754 4263 7754 4262 7754 3358 7755 4262 7755 4261 7755 3357 7756 4261 7756 4260 7756 3355 7757 4260 7757 4259 7757 3356 7758 4259 7758 4258 7758 3353 7759 4258 7759 4257 7759 3354 7760 4257 7760 4256 7760 3351 7761 4256 7761 4255 7761 3352 7762 4255 7762 4254 7762 3350 7763 4254 7763 4253 7763 3971 7764 4253 7764 4252 7764 3959 7765 4252 7765 4251 7765 3949 7766 4251 7766 4250 7766 3939 7767 4250 7767 4249 7767 3928 7768 4249 7768 4248 7768 3925 7769 4248 7769 4247 7769 3919 7770 4247 7770 4246 7770 3907 7771 4246 7771 4245 7771 3890 7772 4245 7772 4244 7772 3348 7773 4244 7773 4243 7773 3349 7774 4243 7774 4242 7774 3347 7775 4242 7775 4241 7775 3346 7776 4241 7776 4240 7776 3345 7777 4240 7777 4239 7777 3343 7778 4239 7778 4238 7778 3344 7779 4238 7779 4237 7779 3342 7780 4237 7780 4236 7780 3341 7781 4236 7781 4235 7781 3339 7782 4235 7782 4234 7782 3340 7783 4234 7783 4233 7783 3338 7784 4233 7784 4232 7784 3337 7785 4232 7785 4231 7785 3335 7786 4231 7786 4230 7786 3336 7787 4230 7787 4229 7787 3334 7788 4229 7788 4228 7788 3333 7789 4228 7789 4227 7789 3332 7790 4227 7790 4226 7790 3330 7791 4226 7791 4225 7791 3331 7792 4225 7792 4224 7792 3328 7793 4224 7793 4223 7793 3329 7794 4223 7794 4222 7794 3716 7795 4222 7795 4221 7795 3705 7796 4221 7796 4220 7796 3694 7797 4220 7797 4219 7797 3684 7798 4219 7798 4218 7798 3674 7799 4218 7799 4341 7799 3798 7800 4342 7800 3815 7800 3813 7801 4342 7801 4343 7801 4342 7802 3813 7802 3814 7802 4342 7803 3814 7803 3815 7803 3799 7804 4344 7804 3797 7804 3796 7805 4344 7805 4342 7805 4344 7806 3796 7806 3797 7806 3800 7807 4345 7807 4344 7807 4345 7808 3800 7808 3801 7808 4345 7809 3801 7809 3803 7809 4345 7810 3803 7810 3802 7810 3792 7811 4346 7811 3791 7811 3791 7812 4346 7812 3790 7812 3789 7813 4346 7813 4345 7813 4346 7814 3789 7814 3790 7814 3784 7815 4347 7815 3783 7815 3783 7816 4347 7816 3795 7816 3794 7817 4347 7817 4346 7817 4347 7818 3794 7818 3793 7818 4347 7819 3793 7819 3795 7819 3785 7820 4348 7820 4347 7820 4348 7821 3785 7821 3786 7821 4348 7822 3786 7822 3787 7822 4348 7823 3787 7823 3788 7823 3779 7824 4348 7824 3778 7824 3777 7825 4348 7825 3776 7825 4348 7826 3777 7826 3778 7826 3771 7827 4349 7827 3770 7827 3770 7828 4349 7828 3782 7828 3781 7829 4349 7829 3780 7829 3780 7830 4349 7830 3779 7830 4349 7831 3781 7831 3782 7831 3773 7832 4350 7832 3775 7832 3772 7833 4350 7833 3771 7833 4350 7834 3772 7834 3775 7834 3765 7835 4351 7835 3764 7835 3763 7836 4351 7836 3762 7836 4351 7837 3763 7837 3764 7837 3774 7838 4351 7838 3773 7838 4351 7839 3774 7839 3762 7839 3767 7840 4352 7840 3769 7840 3766 7841 4352 7841 3765 7841 4352 7842 3766 7842 3769 7842 3752 7843 4353 7843 3751 7843 3751 7844 4353 7844 3750 7844 3768 7845 4353 7845 3767 7845 4353 7846 3768 7846 3750 7846 3756 7847 4354 7847 3755 7847 3755 7848 4354 7848 3754 7848 3753 7849 4354 7849 3752 7849 4354 7850 3753 7850 3754 7850 3758 7851 4355 7851 3761 7851 3757 7852 4355 7852 3756 7852 4355 7853 3757 7853 3761 7853 3734 7854 4356 7854 3733 7854 3733 7855 4356 7855 3732 7855 3759 7856 4356 7856 3758 7856 4356 7857 3759 7857 3760 7857 4356 7858 3760 7858 3732 7858 3736 7859 4357 7859 3749 7859 3735 7860 4357 7860 3734 7860 4357 7861 3735 7861 3749 7861 3738 7862 4358 7862 3740 7862 3737 7863 4358 7863 3736 7863 4358 7864 3737 7864 3740 7864 3743 7865 4359 7865 3742 7865 3742 7866 4359 7866 3741 7866 3741 7867 4359 7867 3739 7867 3739 7868 4359 7868 3738 7868 3745 7869 4360 7869 3747 7869 3747 7870 4360 7870 3744 7870 3744 7871 4360 7871 3743 7871 3718 7872 4361 7872 3717 7872 3717 7873 4361 7873 3715 7873 3748 7874 4361 7874 3746 7874 4361 7875 3748 7875 3715 7875 3746 7876 4361 7876 3745 7876 3721 7877 4362 7877 3720 7877 3720 7878 4362 7878 3719 7878 3719 7879 4362 7879 3718 7879 3724 7880 4363 7880 3723 7880 3723 7881 4363 7881 3722 7881 3722 7882 4363 7882 3721 7882 3728 7883 4364 7883 3727 7883 3727 7884 4364 7884 3726 7884 3726 7885 4364 7885 3725 7885 3725 7886 4364 7886 3724 7886 3704 7887 4365 7887 3731 7887 3731 7888 4365 7888 3730 7888 3730 7889 4365 7889 3729 7889 3729 7890 4365 7890 3728 7890 3708 7891 4366 7891 3707 7891 3707 7892 4366 7892 3706 7892 3706 7893 4366 7893 3704 7893 3711 7894 4367 7894 3710 7894 3710 7895 4367 7895 3709 7895 3709 7896 4368 7896 3708 7896 4368 7897 3709 7897 4367 7897 4367 7898 3711 7898 3712 7898 3696 7899 4369 7899 4367 7899 3714 7900 4367 7900 3713 7900 4367 7901 3714 7901 3696 7901 3713 7902 4367 7902 3712 7902 3697 7903 4370 7903 4369 7903 4370 7904 3697 7904 3698 7904 3697 7905 4369 7905 3695 7905 3695 7906 4369 7906 3693 7906 3701 7907 4370 7907 3700 7907 4370 7908 3701 7908 4371 7908 3700 7909 4370 7909 3699 7909 3685 7910 4372 7910 4371 7910 3703 7911 4371 7911 3702 7911 4371 7912 3703 7912 3683 7912 4371 7913 3683 7913 3685 7913 4372 7914 3685 7914 3686 7914 3689 7915 4372 7915 3688 7915 4372 7916 3689 7916 4373 7916 3688 7917 4372 7917 3687 7917 3692 7918 4374 7918 4373 7918 3692 7919 4373 7919 3691 7919 3691 7920 4373 7920 3690 7920 4374 7921 3692 7921 3676 7921 3682 7922 4375 7922 3677 7922 3677 7923 4374 7923 3675 7923 4374 7924 3677 7924 4375 7924 3675 7925 4374 7925 3673 7925 3681 7926 4376 7926 3680 7926 3679 7927 4376 7927 4375 7927 3679 7928 4375 7928 3678 7928 4376 7929 3679 7929 3680 7929 3665 7930 4377 7930 4376 7930 3665 7931 4376 7931 3663 7931 4377 7932 3665 7932 3667 7932 3672 7933 4377 7933 3669 7933 4377 7934 3672 7934 4378 7934 3669 7935 4377 7935 3668 7935 4378 7936 3672 7936 3671 7936 3656 7937 4379 7937 3653 7937 3651 7938 4378 7938 3670 7938 4378 7939 3651 7939 4379 7939 4379 7940 3651 7940 3653 7940 3655 7941 4379 7941 3654 7941 4379 7942 3655 7942 4380 7942 4380 7943 3655 7943 3657 7943 3659 7944 4380 7944 3658 7944 4380 7945 3659 7945 4381 7945 4381 7946 3659 7946 3662 7946 4381 7947 3662 7947 3661 7947 3660 7948 4382 7948 4381 7948 4382 7949 3660 7949 3635 7949 4382 7950 3635 7950 3637 7950 4382 7951 3637 7951 3638 7951 3639 7952 4383 7952 4382 7952 4383 7953 3639 7953 3640 7953 4383 7954 3640 7954 3650 7954 3641 7955 4384 7955 4383 7955 4384 7956 3641 7956 3642 7956 4384 7957 3642 7957 3649 7957 3643 7958 4385 7958 4384 7958 4385 7959 3643 7959 3644 7959 4385 7960 3644 7960 3645 7960 4385 7961 3645 7961 3646 7961 3615 7962 4386 7962 3648 7962 3647 7963 4386 7963 4385 7963 4386 7964 3647 7964 3648 7964 4386 7965 3615 7965 3617 7965 3618 7966 4387 7966 4386 7966 4387 7967 3618 7967 3619 7967 4387 7968 3619 7968 3623 7968 3622 7969 4388 7969 4387 7969 4388 7970 3622 7970 3620 7970 4388 7971 3620 7971 3621 7971 4388 7972 3621 7972 3624 7972 3629 7973 4389 7973 3625 7973 3626 7974 4389 7974 4388 7974 4389 7975 3626 7975 3625 7975 3630 7976 4390 7976 3628 7976 3627 7977 4390 7977 4389 7977 4390 7978 3627 7978 3628 7978 4390 7979 3630 7979 3634 7979 3806 7980 4391 7980 3633 7980 3631 7981 4391 7981 4390 7981 4391 7982 3631 7982 3632 7982 4391 7983 3632 7983 3633 7983 3808 7984 4392 7984 3807 7984 3807 7985 4392 7985 3805 7985 3804 7986 4392 7986 4391 7986 4392 7987 3804 7987 3805 7987 3812 7988 4343 7988 3811 7988 3811 7989 4343 7989 3810 7989 3809 7990 4343 7990 4392 7990 4343 7991 3809 7991 3810 7991 4343 7992 3812 7992 3813 7992 4392 7993 3808 7993 3809 7993 4391 7994 3806 7994 3804 7994 4390 7995 3634 7995 3631 7995 4389 7996 3629 7996 3627 7996 4388 7997 3624 7997 3626 7997 4387 7998 3623 7998 3622 7998 4386 7999 3617 7999 3618 7999 4385 8000 3646 8000 3647 8000 4384 8001 3649 8001 3643 8001 4383 8002 3650 8002 3641 8002 4382 8003 3638 8003 3639 8003 4381 8004 3661 8004 3660 8004 4380 8005 3657 8005 3658 8005 4379 8006 3656 8006 3654 8006 4378 8007 3671 8007 3670 8007 4377 8008 3667 8008 3668 8008 4376 8009 3681 8009 3663 8009 4375 8010 3682 8010 3678 8010 4374 8011 3676 8011 3673 8011 4373 8012 3689 8012 3690 8012 4372 8013 3686 8013 3687 8013 4371 8014 3701 8014 3702 8014 4370 8015 3698 8015 3699 8015 4369 8016 3696 8016 3693 8016 4366 8017 3708 8017 4368 8017 4365 8018 3704 8018 4366 8018 4364 8019 3728 8019 4365 8019 4363 8020 3724 8020 4364 8020 4362 8021 3721 8021 4363 8021 4361 8022 3718 8022 4362 8022 4360 8023 3745 8023 4361 8023 4359 8024 3743 8024 4360 8024 4358 8025 3738 8025 4359 8025 4357 8026 3736 8026 4358 8026 4356 8027 3734 8027 4357 8027 4355 8028 3758 8028 4356 8028 4354 8029 3756 8029 4355 8029 4353 8030 3752 8030 4354 8030 4352 8031 3767 8031 4353 8031 4351 8032 3765 8032 4352 8032 4350 8033 3773 8033 4351 8033 4349 8034 3771 8034 4350 8034 4348 8035 3779 8035 4349 8035 4348 8036 3788 8036 3776 8036 4347 8037 3784 8037 3785 8037 4346 8038 3792 8038 3794 8038 4345 8039 3802 8039 3789 8039 4344 8040 3799 8040 3800 8040 4342 8041 3798 8041 3796 8041 4393 8042 4356 8042 4394 8042 4395 8043 4358 8043 4359 8043 4395 8044 4360 8044 4396 8044 4397 8045 4361 8045 4362 8045 4398 8046 4365 8046 4366 8046 4399 8047 4352 8047 4400 8047 4401 8048 4353 8048 4354 8048 4401 8049 4355 8049 4393 8049 4356 8050 4393 8050 4355 8050 4402 8051 4357 8051 4358 8051 4360 8052 4395 8052 4359 8052 4361 8053 4396 8053 4360 8053 4403 8054 4364 8054 4404 8054 4365 8055 4404 8055 4364 8055 4405 8056 4351 8056 4399 8056 4352 8057 4399 8057 4351 8057 4355 8058 4401 8058 4354 8058 4357 8059 4402 8059 4394 8059 4361 8060 4397 8060 4396 8060 4403 8061 4362 8061 4363 8061 4365 8062 4398 8062 4404 8062 4406 8063 4366 8063 4368 8063 4407 8064 4369 8064 4408 8064 4400 8065 4352 8065 4353 8065 4394 8066 4356 8066 4357 8066 4362 8067 4403 8067 4397 8067 4366 8068 4406 8068 4398 8068 4406 8069 4367 8069 4407 8069 4369 8070 4407 8070 4367 8070 4409 8071 4382 8071 4410 8071 4353 8072 4401 8072 4400 8072 4364 8073 4403 8073 4363 8073 4408 8074 4369 8074 4370 8074 4411 8075 4370 8075 4371 8075 4382 8076 4409 8076 4381 8076 4412 8077 4383 8077 4384 8077 4358 8078 4395 8078 4402 8078 4370 8079 4411 8079 4408 8079 4411 8080 4372 8080 4413 8080 4413 8081 4373 8081 4414 8081 4415 8082 4374 8082 4375 8082 4383 8083 4412 8083 4410 8083 4412 8084 4385 8084 4416 8084 4416 8085 4386 8085 4417 8085 4418 8086 4387 8086 4388 8086 4418 8087 4389 8087 4419 8087 4367 8088 4406 8088 4368 8088 4373 8089 4413 8089 4372 8089 4374 8090 4414 8090 4373 8090 4420 8091 4375 8091 4376 8091 4421 8092 4378 8092 4379 8092 4385 8093 4412 8093 4384 8093 4386 8094 4416 8094 4385 8094 4389 8095 4418 8095 4388 8095 4419 8096 4390 8096 4422 8096 4372 8097 4411 8097 4371 8097 4375 8098 4420 8098 4415 8098 4420 8099 4377 8099 4423 8099 4378 8100 4423 8100 4377 8100 4424 8101 4379 8101 4380 8101 4424 8102 4381 8102 4409 8102 4417 8103 4386 8103 4387 8103 4390 8104 4419 8104 4389 8104 4425 8105 4391 8105 4392 8105 4405 8106 4349 8106 4350 8106 4374 8107 4415 8107 4414 8107 4378 8108 4421 8108 4423 8108 4381 8109 4424 8109 4380 8109 4387 8110 4418 8110 4417 8110 4391 8111 4422 8111 4390 8111 4426 8112 4392 8112 4343 8112 4426 8113 4342 8113 4427 8113 4428 8114 4345 8114 4346 8114 4428 8115 4347 8115 4429 8115 4430 8116 4348 8116 4349 8116 4351 8117 4405 8117 4350 8117 4379 8118 4424 8118 4421 8118 4391 8119 4425 8119 4422 8119 4342 8120 4426 8120 4343 8120 4431 8121 4344 8121 4345 8121 4347 8122 4428 8122 4346 8122 4348 8123 4429 8123 4347 8123 4377 8124 4420 8124 4376 8124 4392 8125 4426 8125 4425 8125 4344 8126 4427 8126 4342 8126 4348 8127 4430 8127 4429 8127 4410 8128 4382 8128 4383 8128 4345 8129 4428 8129 4431 8129 4344 8130 4431 8130 4427 8130 4349 8131 4405 8131 4430 8131 4432 8132 4414 8132 4415 8132 4433 8133 4415 8133 4420 8133 4434 8134 4420 8134 4423 8134 4435 8135 4423 8135 4421 8135 4436 8136 4421 8136 4424 8136 4437 8137 4424 8137 4409 8137 4438 8138 4409 8138 4410 8138 4439 8139 4410 8139 4412 8139 4440 8140 4412 8140 4416 8140 4441 8141 4416 8141 4417 8141 4442 8142 4417 8142 4418 8142 4443 8143 4418 8143 4419 8143 4444 8144 4419 8144 4422 8144 4445 8145 4422 8145 4425 8145 4446 8146 4425 8146 4426 8146 4447 8147 4426 8147 4427 8147 4448 8148 4427 8148 4431 8148 4449 8149 4431 8149 4428 8149 4450 8150 4428 8150 4429 8150 4451 8151 4430 8151 4452 8151 4430 8152 4451 8152 4429 8152 4453 8153 4430 8153 4405 8153 4454 8154 4405 8154 4399 8154 4455 8155 4399 8155 4400 8155 4456 8156 4400 8156 4401 8156 4457 8157 4401 8157 4393 8157 4458 8158 4393 8158 4394 8158 4459 8159 4394 8159 4402 8159 4460 8160 4402 8160 4395 8160 4461 8161 4395 8161 4396 8161 4462 8162 4396 8162 4397 8162 4463 8163 4397 8163 4403 8163 4464 8164 4403 8164 4404 8164 4465 8165 4404 8165 4398 8165 4466 8166 4398 8166 4406 8166 4467 8167 4406 8167 4407 8167 4468 8168 4407 8168 4408 8168 4469 8169 4408 8169 4411 8169 4470 8170 4411 8170 4413 8170 4471 8171 4413 8171 4414 8171 4413 8172 4471 8172 4470 8172 4411 8173 4470 8173 4469 8173 4408 8174 4469 8174 4468 8174 4407 8175 4468 8175 4467 8175 4406 8176 4467 8176 4466 8176 4398 8177 4466 8177 4465 8177 4404 8178 4465 8178 4464 8178 4403 8179 4464 8179 4463 8179 4397 8180 4463 8180 4462 8180 4396 8181 4462 8181 4461 8181 4395 8182 4461 8182 4460 8182 4402 8183 4460 8183 4459 8183 4394 8184 4459 8184 4458 8184 4393 8185 4458 8185 4457 8185 4401 8186 4457 8186 4456 8186 4400 8187 4456 8187 4455 8187 4399 8188 4455 8188 4454 8188 4405 8189 4454 8189 4453 8189 4430 8190 4453 8190 4452 8190 4429 8191 4451 8191 4450 8191 4428 8192 4450 8192 4449 8192 4431 8193 4449 8193 4448 8193 4427 8194 4448 8194 4447 8194 4426 8195 4447 8195 4446 8195 4425 8196 4446 8196 4445 8196 4422 8197 4445 8197 4444 8197 4419 8198 4444 8198 4443 8198 4418 8199 4443 8199 4442 8199 4417 8200 4442 8200 4441 8200 4416 8201 4441 8201 4440 8201 4412 8202 4440 8202 4439 8202 4410 8203 4439 8203 4438 8203 4409 8204 4438 8204 4437 8204 4424 8205 4437 8205 4436 8205 4421 8206 4436 8206 4435 8206 4423 8207 4435 8207 4434 8207 4420 8208 4434 8208 4433 8208 4415 8209 4433 8209 4432 8209 4414 8210 4432 8210 4471 8210 4010 8211 4472 8211 4015 8211 4009 8212 4472 8212 4008 8212 4472 8213 4009 8213 4015 8213 4013 8214 4473 8214 4014 8214 4011 8215 4473 8215 4010 8215 4473 8216 4011 8216 4014 8216 3990 8217 4474 8217 3989 8217 3988 8218 4474 8218 3987 8218 4474 8219 3988 8219 3989 8219 4012 8220 4474 8220 4013 8220 4474 8221 4012 8221 3987 8221 3992 8222 4475 8222 4003 8222 3991 8223 4475 8223 3990 8223 4475 8224 3991 8224 4003 8224 3995 8225 4476 8225 3994 8225 3993 8226 4476 8226 3992 8226 4476 8227 3993 8227 3994 8227 3999 8228 4477 8228 3998 8228 3998 8229 4477 8229 3997 8229 3997 8230 4477 8230 3996 8230 3996 8231 4477 8231 3995 8231 3970 8232 4478 8232 4001 8232 4001 8233 4478 8233 4002 8233 4002 8234 4478 8234 4000 8234 4000 8235 4478 8235 3999 8235 3975 8236 4479 8236 3974 8236 3974 8237 4479 8237 3973 8237 3973 8238 4479 8238 3972 8238 3972 8239 4479 8239 3970 8239 3978 8240 4480 8240 3977 8240 3977 8241 4480 8241 3976 8241 3976 8242 4480 8242 3975 8242 3981 8243 4481 8243 3980 8243 3980 8244 4481 8244 3979 8244 3979 8245 4481 8245 3978 8245 3986 8246 4482 8246 3984 8246 3984 8247 4482 8247 3983 8247 3983 8248 4482 8248 3982 8248 3982 8249 4482 8249 3981 8249 3961 8250 4483 8250 3960 8250 3960 8251 4483 8251 3958 8251 3985 8252 4483 8252 3986 8252 4483 8253 3985 8253 3958 8253 3964 8254 4484 8254 3963 8254 3963 8255 4484 8255 3962 8255 3962 8256 4484 8256 3961 8256 3967 8257 4485 8257 3966 8257 4485 8258 3967 8258 4486 8258 3966 8259 4485 8259 3965 8259 3965 8260 4485 8260 3964 8260 3950 8261 4487 8261 4486 8261 3950 8262 4486 8262 3948 8262 3968 8263 4486 8263 3969 8263 4486 8264 3968 8264 3948 8264 3953 8265 4488 8265 4487 8265 4488 8266 3953 8266 3954 8266 3953 8267 4487 8267 3952 8267 3952 8268 4487 8268 3951 8268 3957 8269 4488 8269 3956 8269 4488 8270 3957 8270 4489 8270 4489 8271 3957 8271 3943 8271 3956 8272 4488 8272 3955 8272 3941 8273 4490 8273 4489 8273 3940 8274 4489 8274 3938 8274 4489 8275 3940 8275 3941 8275 4490 8276 3941 8276 3942 8276 3947 8277 4491 8277 3946 8277 3946 8278 4490 8278 3945 8278 4490 8279 3946 8279 4491 8279 3945 8280 4490 8280 3944 8280 3930 8281 4491 8281 3929 8281 3929 8282 4491 8282 3927 8282 4491 8283 3930 8283 4492 8283 3936 8284 4493 8284 3937 8284 3937 8285 4492 8285 3932 8285 4492 8286 3937 8286 4493 8286 3932 8287 4492 8287 3931 8287 3935 8288 4494 8288 4493 8288 3935 8289 4493 8289 3934 8289 3934 8290 4493 8290 3933 8290 4494 8291 3935 8291 3918 8291 3921 8292 4495 8292 4494 8292 3921 8293 4494 8293 3920 8293 4495 8294 3921 8294 3922 8294 3906 8295 4496 8295 3926 8295 3926 8296 4495 8296 3924 8296 4495 8297 3926 8297 4496 8297 3924 8298 4495 8298 3923 8298 4496 8299 3906 8299 3908 8299 3913 8300 4497 8300 3910 8300 3910 8301 4496 8301 3909 8301 4496 8302 3910 8302 4497 8302 3912 8303 4497 8303 3911 8303 4497 8304 3912 8304 4498 8304 4498 8305 3912 8305 3914 8305 3889 8306 4499 8306 3917 8306 3916 8307 4498 8307 3915 8307 4498 8308 3916 8308 4499 8308 4499 8309 3916 8309 3917 8309 4499 8310 3889 8310 3891 8310 3892 8311 4500 8311 4499 8311 4500 8312 3892 8312 3893 8312 4500 8313 3893 8313 3894 8313 3895 8314 4501 8314 4500 8314 4501 8315 3895 8315 3896 8315 4501 8316 3896 8316 3905 8316 3897 8317 4502 8317 4501 8317 4502 8318 3897 8318 3898 8318 4502 8319 3898 8319 3901 8319 3899 8320 4503 8320 4502 8320 4503 8321 3899 8321 3900 8321 4503 8322 3900 8322 3902 8322 4503 8323 3902 8323 3903 8323 3904 8324 4504 8324 4503 8324 4504 8325 3904 8325 3872 8325 4504 8326 3872 8326 3873 8326 4504 8327 3873 8327 3888 8327 3874 8328 4505 8328 4504 8328 4505 8329 3874 8329 3875 8329 4505 8330 3875 8330 3879 8330 3880 8331 4506 8331 3877 8331 3878 8332 4506 8332 4505 8332 4506 8333 3878 8333 3876 8333 4506 8334 3876 8334 3877 8334 3885 8335 4507 8335 3882 8335 3881 8336 4507 8336 4506 8336 4507 8337 3881 8337 3882 8337 3886 8338 4508 8338 3884 8338 3883 8339 4508 8339 4507 8339 4508 8340 3883 8340 3884 8340 4508 8341 3886 8341 3887 8341 3862 8342 4509 8342 3861 8342 3861 8343 4509 8343 3860 8343 3859 8344 4509 8344 4508 8344 4509 8345 3859 8345 3860 8345 3865 8346 4510 8346 3864 8346 3863 8347 4510 8347 4509 8347 4510 8348 3863 8348 3864 8348 3868 8349 4511 8349 3867 8349 4511 8350 3868 8350 3871 8350 3866 8351 4511 8351 4510 8351 4511 8352 3866 8352 3867 8352 3852 8353 4512 8353 3851 8353 3851 8354 4512 8354 3869 8354 3870 8355 4512 8355 4511 8355 4512 8356 3870 8356 3869 8356 3856 8357 4513 8357 3855 8357 3855 8358 4513 8358 3854 8358 3853 8359 4513 8359 4512 8359 4513 8360 3853 8360 3854 8360 3849 8361 4514 8361 3857 8361 4514 8362 3849 8362 3847 8362 3858 8363 4514 8363 4513 8363 4514 8364 3858 8364 3857 8364 3848 8365 4515 8365 3846 8365 3845 8366 4515 8366 4514 8366 4515 8367 3845 8367 3846 8367 4515 8368 3848 8368 3850 8368 3841 8369 4516 8369 3840 8369 3840 8370 4516 8370 3839 8370 3838 8371 4516 8371 4515 8371 4516 8372 3838 8372 3839 8372 3833 8373 4517 8373 3832 8373 3832 8374 4517 8374 3831 8374 3831 8375 4517 8375 3844 8375 3842 8376 4517 8376 4516 8376 4517 8377 3842 8377 3843 8377 4517 8378 3843 8378 3844 8378 3835 8379 4518 8379 3837 8379 3834 8380 4518 8380 3833 8380 4518 8381 3834 8381 3837 8381 3827 8382 4519 8382 3826 8382 3825 8383 4519 8383 3836 8383 4519 8384 3825 8384 3826 8384 3836 8385 4519 8385 3835 8385 3817 8386 4520 8386 3816 8386 3830 8387 4520 8387 3829 8387 3828 8388 4520 8388 3827 8388 4520 8389 3828 8389 3829 8389 4520 8390 3830 8390 3816 8390 3819 8391 4521 8391 3824 8391 3818 8392 4521 8392 3817 8392 4521 8393 3818 8393 3824 8393 4004 8394 4522 8394 3822 8394 3820 8395 4522 8395 3819 8395 4522 8396 3820 8396 3823 8396 4522 8397 3823 8397 3821 8397 4522 8398 3821 8398 3822 8398 4008 8399 4523 8399 4007 8399 4005 8400 4523 8400 4004 8400 4523 8401 4005 8401 4006 8401 4523 8402 4006 8402 4007 8402 4523 8403 4008 8403 4472 8403 4522 8404 4004 8404 4523 8404 4521 8405 3819 8405 4522 8405 4520 8406 3817 8406 4521 8406 4519 8407 3827 8407 4520 8407 4518 8408 3835 8408 4519 8408 4517 8409 3833 8409 4518 8409 4516 8410 3841 8410 3842 8410 4515 8411 3850 8411 3838 8411 4514 8412 3847 8412 3845 8412 4513 8413 3856 8413 3858 8413 4512 8414 3852 8414 3853 8414 4511 8415 3871 8415 3870 8415 4510 8416 3865 8416 3866 8416 4509 8417 3862 8417 3863 8417 4508 8418 3887 8418 3859 8418 4507 8419 3885 8419 3883 8419 4506 8420 3880 8420 3881 8420 4505 8421 3879 8421 3878 8421 4504 8422 3888 8422 3874 8422 4503 8423 3903 8423 3904 8423 4502 8424 3901 8424 3899 8424 4501 8425 3905 8425 3897 8425 4500 8426 3894 8426 3895 8426 4499 8427 3891 8427 3892 8427 4498 8428 3914 8428 3915 8428 4497 8429 3913 8429 3911 8429 4496 8430 3908 8430 3909 8430 4495 8431 3922 8431 3923 8431 4494 8432 3918 8432 3920 8432 4493 8433 3936 8433 3933 8433 4492 8434 3930 8434 3931 8434 4491 8435 3947 8435 3927 8435 4490 8436 3942 8436 3944 8436 4489 8437 3943 8437 3938 8437 4488 8438 3954 8438 3955 8438 4487 8439 3950 8439 3951 8439 4486 8440 3967 8440 3969 8440 4484 8441 3964 8441 4485 8441 4483 8442 3961 8442 4484 8442 4482 8443 3986 8443 4483 8443 4481 8444 3981 8444 4482 8444 4480 8445 3978 8445 4481 8445 4479 8446 3975 8446 4480 8446 4478 8447 3970 8447 4479 8447 4477 8448 3999 8448 4478 8448 4476 8449 3995 8449 4477 8449 4475 8450 3992 8450 4476 8450 4474 8451 3990 8451 4475 8451 4473 8452 4013 8452 4474 8452 4472 8453 4010 8453 4473 8453 4524 8454 4472 8454 4473 8454 4525 8455 4476 8455 4526 8455 4527 8456 4477 8456 4478 8456 4527 8457 4479 8457 4528 8457 4528 8458 4480 8458 4529 8458 4530 8459 4497 8459 4531 8459 4532 8460 4502 8460 4503 8460 4533 8461 4506 8461 4507 8461 4472 8462 4534 8462 4523 8462 4535 8463 4473 8463 4474 8463 4476 8464 4525 8464 4475 8464 4479 8465 4527 8465 4478 8465 4480 8466 4528 8466 4479 8466 4536 8467 4481 8467 4482 8467 4537 8468 4485 8468 4486 8468 4497 8469 4530 8469 4496 8469 4538 8470 4498 8470 4499 8470 4539 8471 4499 8471 4500 8471 4539 8472 4501 8472 4540 8472 4502 8473 4540 8473 4501 8473 4541 8474 4503 8474 4504 8474 4541 8475 4505 8475 4542 8475 4506 8476 4542 8476 4505 8476 4473 8477 4535 8477 4524 8477 4535 8478 4475 8478 4525 8478 4477 8479 4527 8479 4526 8479 4481 8480 4536 8480 4529 8480 4543 8481 4484 8481 4544 8481 4485 8482 4544 8482 4484 8482 4498 8483 4538 8483 4531 8483 4501 8484 4539 8484 4500 8484 4503 8485 4541 8485 4532 8485 4506 8486 4533 8486 4542 8486 4545 8487 4520 8487 4521 8487 4475 8488 4535 8488 4474 8488 4529 8489 4480 8489 4481 8489 4536 8490 4483 8490 4543 8490 4485 8491 4537 8491 4544 8491 4546 8492 4493 8492 4547 8492 4499 8493 4539 8493 4538 8493 4505 8494 4541 8494 4504 8494 4520 8495 4548 8495 4519 8495 4549 8496 4521 8496 4522 8496 4526 8497 4476 8497 4477 8497 4484 8498 4543 8498 4483 8498 4550 8499 4486 8499 4487 8499 4550 8500 4488 8500 4551 8500 4552 8501 4492 8501 4546 8501 4493 8502 4546 8502 4492 8502 4553 8503 4494 8503 4495 8503 4553 8504 4496 8504 4530 8504 4502 8505 4532 8505 4540 8505 4554 8506 4507 8506 4508 8506 4555 8507 4510 8507 4556 8507 4557 8508 4514 8508 4558 8508 4559 8509 4516 8509 4517 8509 4559 8510 4518 8510 4560 8510 4521 8511 4549 8511 4545 8511 4549 8512 4523 8512 4534 8512 4483 8513 4536 8513 4482 8513 4488 8514 4550 8514 4487 8514 4561 8515 4489 8515 4490 8515 4547 8516 4493 8516 4494 8516 4496 8517 4553 8517 4495 8517 4507 8518 4554 8518 4533 8518 4554 8519 4509 8519 4555 8519 4510 8520 4555 8520 4509 8520 4562 8521 4511 8521 4512 8521 4562 8522 4513 8522 4557 8522 4514 8523 4557 8523 4513 8523 4563 8524 4515 8524 4516 8524 4518 8525 4559 8525 4517 8525 4523 8526 4549 8526 4522 8526 4486 8527 4550 8527 4537 8527 4489 8528 4551 8528 4488 8528 4552 8529 4490 8529 4491 8529 4494 8530 4553 8530 4547 8530 4509 8531 4554 8531 4508 8531 4511 8532 4562 8532 4556 8532 4558 8533 4514 8533 4515 8533 4516 8534 4559 8534 4563 8534 4560 8535 4519 8535 4548 8535 4472 8536 4524 8536 4534 8536 4490 8537 4552 8537 4561 8537 4531 8538 4497 8538 4498 8538 4513 8539 4562 8539 4512 8539 4519 8540 4560 8540 4518 8540 4489 8541 4561 8541 4551 8541 4556 8542 4510 8542 4511 8542 4520 8543 4545 8543 4548 8543 4515 8544 4563 8544 4558 8544 4492 8545 4552 8545 4491 8545 4564 8546 4552 8546 4546 8546 4565 8547 4546 8547 4547 8547 4566 8548 4547 8548 4553 8548 4567 8549 4553 8549 4530 8549 4568 8550 4530 8550 4531 8550 4569 8551 4531 8551 4538 8551 4570 8552 4538 8552 4539 8552 4571 8553 4539 8553 4540 8553 4572 8554 4540 8554 4532 8554 4573 8555 4532 8555 4541 8555 4574 8556 4541 8556 4542 8556 4575 8557 4542 8557 4533 8557 4576 8558 4533 8558 4554 8558 4577 8559 4554 8559 4555 8559 4578 8560 4555 8560 4556 8560 4579 8561 4556 8561 4562 8561 4580 8562 4562 8562 4557 8562 4581 8563 4557 8563 4558 8563 4582 8564 4558 8564 4563 8564 4559 8565 4582 8565 4563 8565 4583 8566 4560 8566 4584 8566 4560 8567 4583 8567 4559 8567 4585 8568 4560 8568 4548 8568 4586 8569 4548 8569 4545 8569 4587 8570 4545 8570 4549 8570 4588 8571 4549 8571 4534 8571 4589 8572 4534 8572 4524 8572 4590 8573 4524 8573 4535 8573 4591 8574 4535 8574 4525 8574 4592 8575 4525 8575 4526 8575 4593 8576 4526 8576 4527 8576 4594 8577 4527 8577 4528 8577 4595 8578 4528 8578 4529 8578 4596 8579 4529 8579 4536 8579 4597 8580 4536 8580 4543 8580 4598 8581 4543 8581 4544 8581 4599 8582 4544 8582 4537 8582 4600 8583 4537 8583 4550 8583 4601 8584 4550 8584 4551 8584 4602 8585 4551 8585 4561 8585 4603 8586 4561 8586 4552 8586 4561 8587 4603 8587 4602 8587 4551 8588 4602 8588 4601 8588 4550 8589 4601 8589 4600 8589 4537 8590 4600 8590 4599 8590 4544 8591 4599 8591 4598 8591 4543 8592 4598 8592 4597 8592 4536 8593 4597 8593 4596 8593 4529 8594 4596 8594 4595 8594 4528 8595 4595 8595 4594 8595 4527 8596 4594 8596 4593 8596 4526 8597 4593 8597 4592 8597 4525 8598 4592 8598 4591 8598 4535 8599 4591 8599 4590 8599 4524 8600 4590 8600 4589 8600 4534 8601 4589 8601 4588 8601 4549 8602 4588 8602 4587 8602 4545 8603 4587 8603 4586 8603 4548 8604 4586 8604 4585 8604 4560 8605 4585 8605 4584 8605 4582 8606 4559 8606 4583 8606 4558 8607 4582 8607 4581 8607 4557 8608 4581 8608 4580 8608 4562 8609 4580 8609 4579 8609 4556 8610 4579 8610 4578 8610 4555 8611 4578 8611 4577 8611 4554 8612 4577 8612 4576 8612 4533 8613 4576 8613 4575 8613 4542 8614 4575 8614 4574 8614 4541 8615 4574 8615 4573 8615 4532 8616 4573 8616 4572 8616 4540 8617 4572 8617 4571 8617 4539 8618 4571 8618 4570 8618 4538 8619 4570 8619 4569 8619 4531 8620 4569 8620 4568 8620 4530 8621 4568 8621 4567 8621 4553 8622 4567 8622 4566 8622 4547 8623 4566 8623 4565 8623 4546 8624 4565 8624 4564 8624 4552 8625 4564 8625 4603 8625 3612 8626 4604 8626 3611 8626 4604 8627 3612 8627 4605 8627 3611 8628 4604 8628 3610 8628 3596 8629 4606 8629 4605 8629 3613 8630 4605 8630 3614 8630 4605 8631 3613 8631 3594 8631 4605 8632 3594 8632 3596 8632 3602 8633 4607 8633 4606 8633 3602 8634 4606 8634 3598 8634 3598 8635 4606 8635 3597 8635 3603 8636 4607 8636 3601 8636 4607 8637 3603 8637 4608 8637 4608 8638 3603 8638 3587 8638 3601 8639 4607 8639 3600 8639 3600 8640 4607 8640 3599 8640 3588 8641 4608 8641 3586 8641 4608 8642 3588 8642 4609 8642 4609 8643 3588 8643 3589 8643 3586 8644 4608 8644 3584 8644 3593 8645 4610 8645 3592 8645 3592 8646 4609 8646 3591 8646 4609 8647 3592 8647 4610 8647 3591 8648 4609 8648 3590 8648 3579 8649 4610 8649 3575 8649 4610 8650 3579 8650 4611 8650 3575 8651 4610 8651 3573 8651 3578 8652 4611 8652 3577 8652 3577 8653 4611 8653 3576 8653 4611 8654 3578 8654 4612 8654 4612 8655 3578 8655 3580 8655 3583 8656 4613 8656 4612 8656 3583 8657 4612 8657 3582 8657 3582 8658 4612 8658 3581 8658 4613 8659 3583 8659 3564 8659 3567 8660 4614 8660 4613 8660 4614 8661 3567 8661 3570 8661 3567 8662 4613 8662 3566 8662 3552 8663 4615 8663 3571 8663 3571 8664 4614 8664 3569 8664 3569 8665 4614 8665 3568 8665 4614 8666 3571 8666 4615 8666 4615 8667 3552 8667 3554 8667 3556 8668 4615 8668 3555 8668 4615 8669 3556 8669 4616 8669 4616 8670 3556 8670 3562 8670 3558 8671 4616 8671 3557 8671 4616 8672 3558 8672 4617 8672 4617 8673 3558 8673 3559 8673 3535 8674 4618 8674 3563 8674 3561 8675 4617 8675 3560 8675 4617 8676 3561 8676 4618 8676 4618 8677 3561 8677 3563 8677 4618 8678 3535 8678 3537 8678 3542 8679 4619 8679 3539 8679 3538 8680 4619 8680 4618 8680 4619 8681 3538 8681 3539 8681 3540 8682 4620 8682 4619 8682 4620 8683 3540 8683 3541 8683 4620 8684 3541 8684 3543 8684 3544 8685 4621 8685 4620 8685 4621 8686 3544 8686 3545 8686 4621 8687 3545 8687 3549 8687 3546 8688 4622 8688 4621 8688 4622 8689 3546 8689 3547 8689 4622 8690 3547 8690 3548 8690 4622 8691 3548 8691 3550 8691 3551 8692 4623 8692 4622 8692 4623 8693 3551 8693 3518 8693 4623 8694 3518 8694 3519 8694 4623 8695 3519 8695 3534 8695 3520 8696 4624 8696 4623 8696 4624 8697 3520 8697 3521 8697 4624 8698 3521 8698 3533 8698 3525 8699 4625 8699 3524 8699 3522 8700 4625 8700 4624 8700 4625 8701 3522 8701 3523 8701 4625 8702 3523 8702 3524 8702 3530 8703 4626 8703 3527 8703 3526 8704 4626 8704 4625 8704 4626 8705 3526 8705 3527 8705 3531 8706 4627 8706 3529 8706 3528 8707 4627 8707 4626 8707 4627 8708 3528 8708 3529 8708 4627 8709 3531 8709 3532 8709 3509 8710 4628 8710 3510 8710 3505 8711 4628 8711 4627 8711 4628 8712 3505 8712 3506 8712 4628 8713 3506 8713 3510 8713 3511 8714 4629 8714 3508 8714 3507 8715 4629 8715 4628 8715 4629 8716 3507 8716 3508 8716 3515 8717 4630 8717 3514 8717 3514 8718 4630 8718 3513 8718 3512 8719 4630 8719 4629 8719 4630 8720 3512 8720 3513 8720 3498 8721 4631 8721 3497 8721 3497 8722 4631 8722 3516 8722 3517 8723 4631 8723 4630 8723 4631 8724 3517 8724 3516 8724 3501 8725 4632 8725 3500 8725 3499 8726 4632 8726 4631 8726 4632 8727 3499 8727 3500 8727 3492 8728 4633 8728 3491 8728 3491 8729 4633 8729 3504 8729 3502 8730 4633 8730 4632 8730 4633 8731 3502 8731 3503 8731 4633 8732 3503 8732 3504 8732 3495 8733 4634 8733 3494 8733 3493 8734 4634 8734 4633 8734 4634 8735 3493 8735 3494 8735 4634 8736 3495 8736 3496 8736 3487 8737 4635 8737 3486 8737 3486 8738 4635 8738 3485 8738 3484 8739 4635 8739 4634 8739 4635 8740 3484 8740 3485 8740 3488 8741 4636 8741 4635 8741 4636 8742 3488 8742 3489 8742 3478 8743 4636 8743 3481 8743 3481 8744 4636 8744 3490 8744 4636 8745 3478 8745 4637 8745 3482 8746 4637 8746 3480 8746 3480 8747 4637 8747 3479 8747 3479 8748 4637 8748 3477 8748 3477 8749 4637 8749 3478 8749 3473 8750 4638 8750 3472 8750 3471 8751 4638 8751 3483 8751 4638 8752 3471 8752 3472 8752 3483 8753 4638 8753 3482 8753 3465 8754 4639 8754 3464 8754 3474 8755 4639 8755 3473 8755 4639 8756 3474 8756 3475 8756 4639 8757 3475 8757 3476 8757 4639 8758 3476 8758 3464 8758 3467 8759 4640 8759 3470 8759 3466 8760 4640 8760 3465 8760 4640 8761 3466 8761 3470 8761 3452 8762 4641 8762 3451 8762 3451 8763 4641 8763 3450 8763 3468 8764 4641 8764 3467 8764 4641 8765 3468 8765 3469 8765 4641 8766 3469 8766 3450 8766 3455 8767 4642 8767 3454 8767 3454 8768 4642 8768 3453 8768 3453 8769 4642 8769 3452 8769 3457 8770 4643 8770 3462 8770 3456 8771 4643 8771 3455 8771 4643 8772 3456 8772 3463 8772 4643 8773 3463 8773 3462 8773 3460 8774 4644 8774 3459 8774 3458 8775 4644 8775 3457 8775 4644 8776 3458 8776 3459 8776 3435 8777 4645 8777 3434 8777 3434 8778 4645 8778 3433 8778 3461 8779 4645 8779 3460 8779 4645 8780 3461 8780 3433 8780 3437 8781 4646 8781 3441 8781 3436 8782 4646 8782 3435 8782 4646 8783 3436 8783 3442 8783 4646 8784 3442 8784 3441 8784 3443 8785 4647 8785 3440 8785 3440 8786 4647 8786 3439 8786 3438 8787 4647 8787 3437 8787 4647 8788 3438 8788 3439 8788 3445 8789 4648 8789 3447 8789 3447 8790 4648 8790 3444 8790 3444 8791 4648 8791 3443 8791 3415 8792 4649 8792 3449 8792 3449 8793 4649 8793 3448 8793 3448 8794 4649 8794 3446 8794 3446 8795 4649 8795 3445 8795 3420 8796 4650 8796 3419 8796 3418 8797 4650 8797 3417 8797 3417 8798 4650 8798 3415 8798 4650 8799 3418 8799 3419 8799 3423 8800 4651 8800 3422 8800 3422 8801 4651 8801 3421 8801 3421 8802 4651 8802 3420 8802 3426 8803 4652 8803 3425 8803 3425 8804 4652 8804 3424 8804 3424 8805 4652 8805 3423 8805 3432 8806 4653 8806 3429 8806 3428 8807 4653 8807 3427 8807 3427 8808 4653 8808 3426 8808 4653 8809 3428 8809 3429 8809 3606 8810 4654 8810 3605 8810 3605 8811 4654 8811 3604 8811 3430 8812 4654 8812 3432 8812 4654 8813 3430 8813 3604 8813 3609 8814 4655 8814 3608 8814 3608 8815 4655 8815 3607 8815 3607 8816 4655 8816 3606 8816 4655 8817 3609 8817 4604 8817 4604 8818 3609 8818 3610 8818 4654 8819 3606 8819 4655 8819 4653 8820 3432 8820 4654 8820 4652 8821 3426 8821 4653 8821 4651 8822 3423 8822 4652 8822 4650 8823 3420 8823 4651 8823 4649 8824 3415 8824 4650 8824 4648 8825 3445 8825 4649 8825 4647 8826 3443 8826 4648 8826 4646 8827 3437 8827 4647 8827 4645 8828 3435 8828 4646 8828 4644 8829 3460 8829 4645 8829 4643 8830 3457 8830 4644 8830 4642 8831 3455 8831 4643 8831 4641 8832 3452 8832 4642 8832 4640 8833 3467 8833 4641 8833 4639 8834 3465 8834 4640 8834 4638 8835 3473 8835 4639 8835 4637 8836 3482 8836 4638 8836 4636 8837 3489 8837 3490 8837 4635 8838 3487 8838 3488 8838 4634 8839 3496 8839 3484 8839 4633 8840 3492 8840 3493 8840 4632 8841 3501 8841 3502 8841 4631 8842 3498 8842 3499 8842 4630 8843 3515 8843 3517 8843 4629 8844 3511 8844 3512 8844 4628 8845 3509 8845 3507 8845 4627 8846 3532 8846 3505 8846 4626 8847 3530 8847 3528 8847 4625 8848 3525 8848 3526 8848 4624 8849 3533 8849 3522 8849 4623 8850 3534 8850 3520 8850 4622 8851 3550 8851 3551 8851 4621 8852 3549 8852 3546 8852 4620 8853 3543 8853 3544 8853 4619 8854 3542 8854 3540 8854 4618 8855 3537 8855 3538 8855 4617 8856 3559 8856 3560 8856 4616 8857 3562 8857 3557 8857 4615 8858 3554 8858 3555 8858 4614 8859 3570 8859 3568 8859 4613 8860 3564 8860 3566 8860 4612 8861 3580 8861 3581 8861 4611 8862 3579 8862 3576 8862 4610 8863 3593 8863 3573 8863 4609 8864 3589 8864 3590 8864 4608 8865 3587 8865 3584 8865 4607 8866 3602 8866 3599 8866 4606 8867 3596 8867 3597 8867 4605 8868 3612 8868 3614 8868 4656 8869 4643 8869 4644 8869 4657 8870 4647 8870 4658 8870 4659 8871 4650 8871 4660 8871 4643 8872 4661 8872 4642 8872 4662 8873 4644 8873 4645 8873 4662 8874 4646 8874 4657 8874 4647 8875 4657 8875 4646 8875 4663 8876 4648 8876 4649 8876 4650 8877 4659 8877 4649 8877 4660 8878 4651 8878 4664 8878 4636 8879 4665 8879 4666 8879 4644 8880 4662 8880 4656 8880 4658 8881 4647 8881 4648 8881 4649 8882 4659 8882 4663 8882 4651 8883 4660 8883 4650 8883 4667 8884 4654 8884 4668 8884 4668 8885 4655 8885 4669 8885 4670 8886 4604 8886 4605 8886 4666 8887 4634 8887 4635 8887 4636 8888 4666 8888 4635 8888 4671 8889 4639 8889 4640 8889 4672 8890 4640 8890 4641 8890 4672 8891 4642 8891 4661 8891 4646 8892 4662 8892 4645 8892 4664 8893 4651 8893 4652 8893 4667 8894 4652 8894 4653 8894 4655 8895 4668 8895 4654 8895 4604 8896 4669 8896 4655 8896 4673 8897 4605 8897 4606 8897 4674 8898 4625 8898 4626 8898 4675 8899 4633 8899 4676 8899 4665 8900 4636 8900 4637 8900 4665 8901 4638 8901 4677 8901 4639 8902 4677 8902 4638 8902 4642 8903 4672 8903 4641 8903 4648 8904 4663 8904 4658 8904 4654 8905 4667 8905 4653 8905 4605 8906 4673 8906 4670 8906 4673 8907 4607 8907 4678 8907 4679 8908 4608 8908 4609 8908 4680 8909 4612 8909 4681 8909 4682 8910 4624 8910 4683 8910 4625 8911 4683 8911 4624 8911 4684 8912 4629 8912 4685 8912 4686 8913 4632 8913 4675 8913 4633 8914 4675 8914 4632 8914 4638 8915 4665 8915 4637 8915 4640 8916 4672 8916 4671 8916 4652 8917 4667 8917 4664 8917 4607 8918 4673 8918 4606 8918 4608 8919 4678 8919 4607 8919 4687 8920 4609 8920 4610 8920 4687 8921 4611 8921 4680 8921 4612 8922 4680 8922 4611 8922 4625 8923 4674 8923 4683 8923 4688 8924 4626 8924 4627 8924 4688 8925 4628 8925 4684 8925 4629 8926 4684 8926 4628 8926 4676 8927 4633 8927 4634 8927 4639 8928 4671 8928 4677 8928 4604 8929 4670 8929 4669 8929 4609 8930 4687 8930 4679 8930 4681 8931 4612 8931 4613 8931 4689 8932 4613 8932 4614 8932 4690 8933 4616 8933 4691 8933 4692 8934 4621 8934 4622 8934 4626 8935 4688 8935 4674 8935 4685 8936 4629 8936 4630 8936 4686 8937 4630 8937 4631 8937 4634 8938 4666 8938 4676 8938 4608 8939 4679 8939 4678 8939 4613 8940 4689 8940 4681 8940 4689 8941 4615 8941 4690 8941 4616 8942 4690 8942 4615 8942 4693 8943 4620 8943 4694 8943 4621 8944 4694 8944 4620 8944 4628 8945 4688 8945 4627 8945 4632 8946 4686 8946 4631 8946 4611 8947 4687 8947 4610 8947 4691 8948 4616 8948 4617 8948 4695 8949 4617 8949 4618 8949 4693 8950 4618 8950 4619 8950 4621 8951 4692 8951 4694 8951 4682 8952 4622 8952 4623 8952 4630 8953 4686 8953 4685 8953 4615 8954 4689 8954 4614 8954 4618 8955 4693 8955 4695 8955 4622 8956 4682 8956 4692 8956 4643 8957 4656 8957 4661 8957 4620 8958 4693 8958 4619 8958 4617 8959 4695 8959 4691 8959 4624 8960 4682 8960 4623 8960 4696 8961 4687 8961 4680 8961 4697 8962 4680 8962 4681 8962 4698 8963 4681 8963 4689 8963 4699 8964 4689 8964 4690 8964 4700 8965 4690 8965 4691 8965 4701 8966 4691 8966 4695 8966 4702 8967 4695 8967 4693 8967 4703 8968 4693 8968 4694 8968 4704 8969 4694 8969 4692 8969 4705 8970 4692 8970 4682 8970 4706 8971 4682 8971 4683 8971 4707 8972 4683 8972 4674 8972 4708 8973 4674 8973 4688 8973 4709 8974 4688 8974 4684 8974 4710 8975 4684 8975 4685 8975 4711 8976 4685 8976 4686 8976 4712 8977 4686 8977 4675 8977 4713 8978 4675 8978 4676 8978 4714 8979 4676 8979 4666 8979 4715 8980 4665 8980 4716 8980 4665 8981 4715 8981 4666 8981 4717 8982 4665 8982 4677 8982 4718 8983 4677 8983 4671 8983 4719 8984 4671 8984 4672 8984 4720 8985 4672 8985 4661 8985 4721 8986 4661 8986 4656 8986 4722 8987 4656 8987 4662 8987 4723 8988 4662 8988 4657 8988 4724 8989 4657 8989 4658 8989 4725 8990 4658 8990 4663 8990 4659 8991 4726 8991 4725 8991 4659 8992 4725 8992 4663 8992 4727 8993 4660 8993 4664 8993 4728 8994 4664 8994 4667 8994 4729 8995 4667 8995 4668 8995 4730 8996 4668 8996 4669 8996 4731 8997 4669 8997 4670 8997 4732 8998 4670 8998 4673 8998 4733 8999 4673 8999 4678 8999 4734 9000 4678 9000 4679 9000 4735 9001 4679 9001 4687 9001 4679 9002 4735 9002 4734 9002 4678 9003 4734 9003 4733 9003 4673 9004 4733 9004 4732 9004 4670 9005 4732 9005 4731 9005 4669 9006 4731 9006 4730 9006 4668 9007 4730 9007 4729 9007 4667 9008 4729 9008 4728 9008 4664 9009 4728 9009 4727 9009 4660 9010 4727 9010 4726 9010 4726 9011 4659 9011 4660 9011 4658 9012 4725 9012 4724 9012 4657 9013 4724 9013 4723 9013 4662 9014 4723 9014 4722 9014 4656 9015 4722 9015 4721 9015 4661 9016 4721 9016 4720 9016 4672 9017 4720 9017 4719 9017 4671 9018 4719 9018 4718 9018 4677 9019 4718 9019 4717 9019 4665 9020 4717 9020 4716 9020 4666 9021 4715 9021 4714 9021 4676 9022 4714 9022 4713 9022 4675 9023 4713 9023 4712 9023 4686 9024 4712 9024 4711 9024 4685 9025 4711 9025 4710 9025 4684 9026 4710 9026 4709 9026 4688 9027 4709 9027 4708 9027 4674 9028 4708 9028 4707 9028 4683 9029 4707 9029 4706 9029 4682 9030 4706 9030 4705 9030 4692 9031 4705 9031 4704 9031 4694 9032 4704 9032 4703 9032 4693 9033 4703 9033 4702 9033 4695 9034 4702 9034 4701 9034 4691 9035 4701 9035 4700 9035 4690 9036 4700 9036 4699 9036 4689 9037 4699 9037 4698 9037 4681 9038 4698 9038 4697 9038 4680 9039 4697 9039 4696 9039 4687 9040 4696 9040 4735 9040 4593 9041 4253 9041 4708 9041 4262 9042 4707 9042 4261 9042 4260 9043 4707 9043 4259 9043 4266 9044 4706 9044 4265 9044 4251 9045 4598 9045 4599 9045 4252 9046 4597 9046 4598 9046 4593 9047 4708 9047 4592 9047 4588 9048 4709 9048 4710 9048 4258 9049 4708 9049 4257 9049 4256 9050 4708 9050 4255 9050 4707 9051 4260 9051 4261 9051 4265 9052 4706 9052 4264 9052 4263 9053 4706 9053 4262 9053 4269 9054 4705 9054 4268 9054 4267 9055 4705 9055 4266 9055 4271 9056 4704 9056 4270 9056 4326 9057 4442 9057 4325 9057 4283 9058 4729 9058 4730 9058 4284 9059 4728 9059 4729 9059 4285 9060 4727 9060 4728 9060 4294 9061 4724 9061 4293 9061 4298 9062 4723 9062 4297 9062 4302 9063 4722 9063 4301 9063 4300 9064 4722 9064 4723 9064 4601 9065 4250 9065 4600 9065 4250 9066 4599 9066 4600 9066 4597 9067 4252 9067 4253 9067 4595 9068 4253 9068 4594 9068 4592 9069 4708 9069 4591 9069 4590 9070 4708 9070 4589 9070 4709 9071 4589 9071 4708 9071 4708 9072 4256 9072 4257 9072 4254 9073 4708 9073 4253 9073 4259 9074 4707 9074 4258 9074 4706 9075 4263 9075 4264 9075 4705 9076 4267 9076 4268 9076 4270 9077 4704 9077 4269 9077 4273 9078 4703 9078 4272 9078 4328 9079 4442 9079 4327 9079 4325 9080 4442 9080 4324 9080 4335 9081 4439 9081 4334 9081 4696 9082 4279 9082 4735 9082 4728 9083 4284 9083 4285 9083 4727 9084 4285 9084 4286 9084 4287 9085 4726 9085 4727 9085 4291 9086 4725 9086 4290 9086 4289 9087 4725 9087 4726 9087 4724 9088 4294 9088 4295 9088 4292 9089 4724 9089 4725 9089 4723 9090 4298 9090 4299 9090 4296 9091 4723 9091 4724 9091 4304 9092 4722 9092 4303 9092 4722 9093 4300 9093 4301 9093 4721 9094 4305 9094 4736 9094 4737 9095 4717 9095 4738 9095 4720 9096 4739 9096 4719 9096 4460 9097 4577 9097 4459 9097 4599 9098 4250 9098 4251 9098 4597 9099 4253 9099 4596 9099 4253 9100 4593 9100 4594 9100 4709 9101 4588 9101 4589 9101 4708 9102 4254 9102 4255 9102 4706 9103 4266 9103 4705 9103 4704 9104 4271 9104 4703 9104 4272 9105 4703 9105 4271 9105 4740 9106 4445 9106 4446 9106 4324 9107 4443 9107 4323 9107 4442 9108 4326 9108 4327 9108 4333 9109 4440 9109 4332 9109 4334 9110 4439 9110 4333 9110 4336 9111 4438 9111 4335 9111 4697 9112 4277 9112 4278 9112 4279 9113 4696 9113 4278 9113 4734 9114 4279 9114 4280 9114 4281 9115 4731 9115 4732 9115 4282 9116 4730 9116 4731 9116 4727 9117 4286 9117 4287 9117 4726 9118 4287 9118 4288 9118 4725 9119 4289 9119 4290 9119 4724 9120 4292 9120 4293 9120 4723 9121 4296 9121 4297 9121 4722 9122 4302 9122 4303 9122 4305 9123 4721 9123 4722 9123 4741 9124 4721 9124 4736 9124 4717 9125 4737 9125 4451 9125 4742 9126 4720 9126 4743 9126 4465 9127 4341 9127 4577 9127 4464 9128 4577 9128 4463 9128 4577 9129 4460 9129 4461 9129 4456 9130 4577 9130 4578 9130 4227 9131 4576 9131 4226 9131 4229 9132 4575 9132 4228 9132 4235 9133 4574 9133 4234 9133 4242 9134 4571 9134 4241 9134 4246 9135 4567 9135 4245 9135 4565 9136 4246 9136 4247 9136 4564 9137 4248 9137 4603 9137 4598 9138 4251 9138 4252 9138 4708 9139 4590 9139 4591 9139 4586 9140 4710 9140 4585 9140 4707 9141 4262 9141 4706 9141 4703 9142 4273 9142 4702 9142 4274 9143 4702 9143 4273 9143 4275 9144 4701 9144 4274 9144 4445 9145 4740 9145 4744 9145 4444 9146 4323 9146 4443 9146 4442 9147 4328 9147 4441 9147 4331 9148 4441 9148 4330 9148 4329 9149 4441 9149 4328 9149 4332 9150 4440 9150 4331 9150 4438 9151 4336 9151 4437 9151 4278 9152 4696 9152 4697 9152 4734 9153 4280 9153 4733 9153 4733 9154 4281 9154 4732 9154 4730 9155 4282 9155 4283 9155 4726 9156 4288 9156 4289 9156 4724 9157 4295 9157 4296 9157 4722 9158 4304 9158 4305 9158 4721 9159 4741 9159 4720 9159 4451 9160 4737 9160 4745 9160 4719 9161 4739 9161 4718 9161 4577 9162 4464 9162 4465 9162 4577 9163 4461 9163 4462 9163 4458 9164 4577 9164 4457 9164 4456 9165 4578 9165 4455 9165 4219 9166 4577 9166 4218 9166 4226 9167 4576 9167 4225 9167 4231 9168 4575 9168 4230 9168 4228 9169 4575 9169 4227 9169 4234 9170 4574 9170 4233 9170 4232 9171 4574 9171 4231 9171 4238 9172 4573 9172 4237 9172 4236 9173 4573 9173 4235 9173 4240 9174 4572 9174 4239 9174 4241 9175 4571 9175 4240 9175 4243 9176 4570 9176 4242 9176 4244 9177 4569 9177 4243 9177 4245 9178 4568 9178 4244 9178 4246 9179 4565 9179 4566 9179 4248 9180 4564 9180 4247 9180 4602 9181 4248 9181 4249 9181 4253 9182 4595 9182 4596 9182 4710 9183 4586 9183 4587 9183 4705 9184 4269 9184 4704 9184 4701 9185 4275 9185 4700 9185 4740 9186 4446 9186 4447 9186 4443 9187 4324 9187 4442 9187 4441 9188 4329 9188 4330 9188 4439 9189 4335 9189 4438 9189 4279 9190 4734 9190 4735 9190 4731 9191 4281 9191 4282 9191 4725 9192 4291 9192 4292 9192 4736 9193 4305 9193 4306 9193 4746 9194 4310 9194 4747 9194 4748 9195 4310 9195 4311 9195 4312 9196 4749 9196 4750 9196 4313 9197 4751 9197 4749 9197 4314 9198 4752 9198 4751 9198 4315 9199 4753 9199 4752 9199 4316 9200 4754 9200 4753 9200 4318 9201 4755 9201 4754 9201 4322 9202 4756 9202 4321 9202 4320 9203 4756 9203 4755 9203 4738 9204 4717 9204 4757 9204 4758 9205 4717 9205 4739 9205 4718 9206 4739 9206 4717 9206 4759 9207 4720 9207 4760 9207 4761 9208 4720 9208 4762 9208 4763 9209 4720 9209 4741 9209 4467 9210 4341 9210 4466 9210 4577 9211 4462 9211 4463 9211 4577 9212 4456 9212 4457 9212 4454 9213 4578 9213 4710 9213 4222 9214 4577 9214 4221 9214 4577 9215 4219 9215 4220 9215 4225 9216 4576 9216 4224 9216 4223 9217 4576 9217 4222 9217 4575 9218 4229 9218 4230 9218 4574 9219 4232 9219 4233 9219 4715 9220 4452 9220 4714 9220 4573 9221 4236 9221 4237 9221 4239 9222 4572 9222 4238 9222 4570 9223 4243 9223 4569 9223 4568 9224 4245 9224 4567 9224 4247 9225 4564 9225 4565 9225 4602 9226 4249 9226 4601 9226 4710 9227 4587 9227 4588 9227 4702 9228 4274 9228 4701 9228 4764 9229 4445 9229 4765 9229 4445 9230 4744 9230 4766 9230 4323 9231 4444 9231 4756 9231 4440 9232 4333 9232 4439 9232 4337 9233 4437 9233 4336 9233 4338 9234 4436 9234 4337 9234 4339 9235 4435 9235 4338 9235 4433 9236 4339 9236 4340 9236 4276 9237 4700 9237 4275 9237 4277 9238 4699 9238 4276 9238 4281 9239 4733 9239 4280 9239 4723 9240 4299 9240 4300 9240 4307 9241 4736 9241 4306 9241 4308 9242 4767 9242 4307 9242 4310 9243 4746 9243 4309 9243 4748 9244 4311 9244 4768 9244 4768 9245 4312 9245 4750 9245 4751 9246 4313 9246 4314 9246 4753 9247 4315 9247 4316 9247 4754 9248 4316 9248 4317 9248 4755 9249 4318 9249 4319 9249 4756 9250 4320 9250 4321 9250 4757 9251 4717 9251 4769 9251 4739 9252 4720 9252 4742 9252 4720 9253 4759 9253 4770 9253 4720 9254 4763 9254 4762 9254 4720 9255 4761 9255 4760 9255 4470 9256 4341 9256 4469 9256 4341 9257 4467 9257 4468 9257 4577 9258 4458 9258 4459 9258 4454 9259 4710 9259 4453 9259 4577 9260 4220 9260 4221 9260 4576 9261 4223 9261 4224 9261 4574 9262 4235 9262 4573 9262 4714 9263 4452 9263 4713 9263 4572 9264 4240 9264 4571 9264 4569 9265 4244 9265 4568 9265 4248 9266 4602 9266 4603 9266 4708 9267 4258 9267 4707 9267 4583 9268 4710 9268 4582 9268 4445 9269 4766 9269 4765 9269 4441 9270 4331 9270 4440 9270 4436 9271 4338 9271 4435 9271 4339 9272 4433 9272 4434 9272 4699 9273 4277 9273 4698 9273 4729 9274 4283 9274 4284 9274 4767 9275 4308 9275 4771 9275 4772 9276 4308 9276 4309 9276 4310 9277 4748 9277 4747 9277 4749 9278 4312 9278 4313 9278 4754 9279 4317 9279 4318 9279 4756 9280 4322 9280 4323 9280 4717 9281 4758 9281 4769 9281 4341 9282 4468 9282 4469 9282 4578 9283 4454 9283 4455 9283 4218 9284 4577 9284 4341 9284 4575 9285 4231 9285 4574 9285 4452 9286 4715 9286 4451 9286 4712 9287 4453 9287 4711 9287 4571 9288 4242 9288 4570 9288 4250 9289 4601 9289 4249 9289 4710 9290 4583 9290 4584 9290 4756 9291 4444 9291 4445 9291 4435 9292 4339 9292 4434 9292 4432 9293 4341 9293 4471 9293 4277 9294 4697 9294 4698 9294 4308 9295 4772 9295 4771 9295 4312 9296 4768 9296 4311 9296 4755 9297 4319 9297 4320 9297 4450 9298 4773 9298 4740 9298 4774 9299 4451 9299 4775 9299 4720 9300 4770 9300 4743 9300 4716 9301 4451 9301 4715 9301 4341 9302 4465 9302 4466 9302 4576 9303 4227 9303 4575 9303 4453 9304 4712 9304 4713 9304 4567 9305 4246 9305 4566 9305 4582 9306 4710 9306 4581 9306 4580 9307 4710 9307 4579 9307 4449 9308 4740 9308 4448 9308 4437 9309 4337 9309 4436 9309 4341 9310 4432 9310 4340 9310 4736 9311 4307 9311 4767 9311 4752 9312 4314 9312 4315 9312 4451 9313 4774 9313 4773 9313 4451 9314 4716 9314 4717 9314 4577 9315 4222 9315 4576 9315 4711 9316 4453 9316 4710 9316 4710 9317 4584 9317 4585 9317 4710 9318 4580 9318 4581 9318 4579 9319 4710 9319 4578 9319 4448 9320 4740 9320 4447 9320 4340 9321 4432 9321 4433 9321 4309 9322 4746 9322 4772 9322 4451 9323 4745 9323 4775 9323 4713 9324 4452 9324 4453 9324 4445 9325 4764 9325 4756 9325 4773 9326 4450 9326 4451 9326 4700 9327 4276 9327 4699 9327 4573 9328 4238 9328 4572 9328 4740 9329 4449 9329 4450 9329 4341 9330 4470 9330 4471 9330 4746 9331 4776 9331 4777 9331 4772 9332 4777 9332 4778 9332 4771 9333 4778 9333 4779 9333 4767 9334 4779 9334 4780 9334 4736 9335 4780 9335 4781 9335 4741 9336 4781 9336 4782 9336 4763 9337 4782 9337 4783 9337 4762 9338 4783 9338 4784 9338 4761 9339 4784 9339 4785 9339 4760 9340 4785 9340 4786 9340 4759 9341 4786 9341 4787 9341 4770 9342 4787 9342 4788 9342 4743 9343 4788 9343 4789 9343 4742 9344 4789 9344 4790 9344 4739 9345 4790 9345 4791 9345 4758 9346 4791 9346 4792 9346 4769 9347 4792 9347 4793 9347 4757 9348 4793 9348 4794 9348 4738 9349 4794 9349 4795 9349 4737 9350 4795 9350 4796 9350 4737 9351 4796 9351 4745 9351 4775 9352 4796 9352 4797 9352 4774 9353 4797 9353 4798 9353 4773 9354 4798 9354 4799 9354 4740 9355 4799 9355 4800 9355 4744 9356 4800 9356 4801 9356 4766 9357 4801 9357 4802 9357 4765 9358 4802 9358 4803 9358 4764 9359 4803 9359 4804 9359 4756 9360 4804 9360 4805 9360 4806 9361 4755 9361 4756 9361 4806 9362 4756 9362 4805 9362 4754 9363 4807 9363 4808 9363 4753 9364 4808 9364 4809 9364 4752 9365 4809 9365 4810 9365 4751 9366 4810 9366 4811 9366 4749 9367 4811 9367 4812 9367 4750 9368 4812 9368 4813 9368 4768 9369 4813 9369 4814 9369 4748 9370 4814 9370 4815 9370 4747 9371 4815 9371 4776 9371 4815 9372 4747 9372 4748 9372 4814 9373 4748 9373 4768 9373 4813 9374 4768 9374 4750 9374 4812 9375 4750 9375 4749 9375 4811 9376 4749 9376 4751 9376 4810 9377 4751 9377 4752 9377 4809 9378 4752 9378 4753 9378 4808 9379 4753 9379 4754 9379 4807 9380 4754 9380 4755 9380 4755 9381 4806 9381 4807 9381 4804 9382 4756 9382 4764 9382 4803 9383 4764 9383 4765 9383 4802 9384 4765 9384 4766 9384 4801 9385 4766 9385 4744 9385 4800 9386 4744 9386 4740 9386 4799 9387 4740 9387 4773 9387 4798 9388 4773 9388 4774 9388 4797 9389 4774 9389 4775 9389 4796 9390 4775 9390 4745 9390 4795 9391 4737 9391 4738 9391 4794 9392 4738 9392 4757 9392 4793 9393 4757 9393 4769 9393 4792 9394 4769 9394 4758 9394 4791 9395 4758 9395 4739 9395 4790 9396 4739 9396 4742 9396 4789 9397 4742 9397 4743 9397 4788 9398 4743 9398 4770 9398 4787 9399 4770 9399 4759 9399 4786 9400 4759 9400 4760 9400 4785 9401 4760 9401 4761 9401 4784 9402 4761 9402 4762 9402 4783 9403 4762 9403 4763 9403 4782 9404 4763 9404 4741 9404 4781 9405 4741 9405 4736 9405 4780 9406 4736 9406 4767 9406 4779 9407 4767 9407 4771 9407 4778 9408 4771 9408 4772 9408 4777 9409 4772 9409 4746 9409 4776 9410 4746 9410 4747 9410 4214 9411 4816 9411 4817 9411 4816 9412 4214 9412 4215 9412 4816 9413 4215 9413 4217 9413 4216 9414 4818 9414 4816 9414 4818 9415 4216 9415 4191 9415 4818 9416 4191 9416 4193 9416 4818 9417 4193 9417 4207 9417 4196 9418 4819 9418 4195 9418 4819 9419 4196 9419 4197 9419 4194 9420 4819 9420 4818 9420 4819 9421 4194 9421 4195 9421 4198 9422 4820 9422 4819 9422 4820 9423 4198 9423 4199 9423 4820 9424 4199 9424 4206 9424 4820 9425 4206 9425 4205 9425 4200 9426 4821 9426 4820 9426 4821 9427 4200 9427 4201 9427 4821 9428 4201 9428 4204 9428 4173 9429 4822 9429 4202 9429 4203 9430 4822 9430 4821 9430 4822 9431 4203 9431 4202 9431 4822 9432 4173 9432 4174 9432 4822 9433 4174 9433 4175 9433 4176 9434 4823 9434 4822 9434 4823 9435 4176 9435 4177 9435 4823 9436 4177 9436 4190 9436 4178 9437 4824 9437 4823 9437 4824 9438 4178 9438 4179 9438 4824 9439 4179 9439 4180 9439 4184 9440 4825 9440 4183 9440 4183 9441 4825 9441 4182 9441 4181 9442 4825 9442 4824 9442 4825 9443 4181 9443 4182 9443 4188 9444 4826 9444 4187 9444 4187 9445 4826 9445 4186 9445 4185 9446 4826 9446 4825 9446 4826 9447 4185 9447 4186 9447 4826 9448 4188 9448 4189 9448 4160 9449 4827 9449 4826 9449 4827 9450 4160 9450 4161 9450 4827 9451 4161 9451 4165 9451 4164 9452 4828 9452 4163 9452 4162 9453 4828 9453 4827 9453 4828 9454 4162 9454 4163 9454 4169 9455 4829 9455 4168 9455 4168 9456 4829 9456 4167 9456 4166 9457 4829 9457 4828 9457 4829 9458 4166 9458 4167 9458 4154 9459 4830 9459 4172 9459 4170 9460 4830 9460 4829 9460 4830 9461 4170 9461 4171 9461 4830 9462 4171 9462 4172 9462 4155 9463 4831 9463 4153 9463 4152 9464 4831 9464 4830 9464 4831 9465 4152 9465 4153 9465 4147 9466 4832 9466 4159 9466 4158 9467 4832 9467 4157 9467 4156 9468 4832 9468 4831 9468 4832 9469 4156 9469 4157 9469 4832 9470 4158 9470 4159 9470 4145 9471 4833 9471 4832 9471 4833 9472 4145 9472 4146 9472 4833 9473 4146 9473 4150 9473 4141 9474 4834 9474 4140 9474 4140 9475 4834 9475 4151 9475 4148 9476 4834 9476 4833 9476 4834 9477 4148 9477 4149 9477 4834 9478 4149 9478 4151 9478 4142 9479 4835 9479 4834 9479 4835 9480 4142 9480 4143 9480 4132 9481 4835 9481 4134 9481 4134 9482 4835 9482 4144 9482 4835 9483 4132 9483 4836 9483 4137 9484 4836 9484 4136 9484 4136 9485 4836 9485 4135 9485 4133 9486 4836 9486 4132 9486 4836 9487 4133 9487 4135 9487 4127 9488 4837 9488 4131 9488 4126 9489 4837 9489 4139 9489 4837 9490 4126 9490 4131 9490 4138 9491 4837 9491 4137 9491 4837 9492 4138 9492 4139 9492 4129 9493 4838 9493 4130 9493 4128 9494 4838 9494 4127 9494 4838 9495 4128 9495 4130 9495 4839 9496 4119 9496 4120 9496 4119 9497 4839 9497 4118 9497 4121 9498 4840 9498 4125 9498 4120 9499 4840 9499 4839 9499 4840 9500 4120 9500 4125 9500 4118 9501 4840 9501 4129 9501 4840 9502 4118 9502 4839 9502 4840 9503 4121 9503 4841 9503 4123 9504 4841 9504 4124 9504 4122 9505 4841 9505 4121 9505 4841 9506 4122 9506 4124 9506 4110 9507 4842 9507 4109 9507 4109 9508 4842 9508 4108 9508 4107 9509 4842 9509 4106 9509 4842 9510 4107 9510 4108 9510 4106 9511 4842 9511 4123 9511 4112 9512 4843 9512 4117 9512 4111 9513 4843 9513 4110 9513 4843 9514 4111 9514 4117 9514 4114 9515 4844 9515 4116 9515 4113 9516 4844 9516 4112 9516 4844 9517 4113 9517 4116 9517 4089 9518 4845 9518 4105 9518 4088 9519 4845 9519 4087 9519 4845 9520 4088 9520 4105 9520 4115 9521 4845 9521 4114 9521 4845 9522 4115 9522 4087 9522 4091 9523 4846 9523 4097 9523 4090 9524 4846 9524 4089 9524 4846 9525 4090 9525 4097 9525 4095 9526 4847 9526 4094 9526 4094 9527 4847 9527 4093 9527 4092 9528 4847 9528 4091 9528 4847 9529 4092 9529 4093 9529 4098 9530 4848 9530 4101 9530 4101 9531 4848 9531 4096 9531 4096 9532 4848 9532 4095 9532 4102 9533 4849 9533 4100 9533 4100 9534 4849 9534 4099 9534 4099 9535 4849 9535 4098 9535 4074 9536 4850 9536 4073 9536 4073 9537 4850 9537 4071 9537 4104 9538 4850 9538 4103 9538 4850 9539 4104 9539 4071 9539 4103 9540 4850 9540 4102 9540 4077 9541 4851 9541 4076 9541 4076 9542 4851 9542 4075 9542 4075 9543 4851 9543 4074 9543 4080 9544 4852 9544 4079 9544 4079 9545 4852 9545 4078 9545 4078 9546 4852 9546 4077 9546 4084 9547 4853 9547 4083 9547 4083 9548 4853 9548 4082 9548 4082 9549 4853 9549 4081 9549 4081 9550 4853 9550 4080 9550 4059 9551 4854 9551 4062 9551 4086 9552 4854 9552 4085 9552 4854 9553 4086 9553 4062 9553 4085 9554 4854 9554 4084 9554 4064 9555 4855 9555 4063 9555 4063 9556 4855 9556 4061 9556 4061 9557 4855 9557 4059 9557 4067 9558 4856 9558 4857 9558 4067 9559 4857 9559 4066 9559 4066 9560 4857 9560 4065 9560 4065 9561 4857 9561 4064 9561 4052 9562 4858 9562 4856 9562 4070 9563 4856 9563 4069 9563 4856 9564 4070 9564 4052 9564 4069 9565 4856 9565 4068 9565 4053 9566 4859 9566 4858 9566 4859 9567 4053 9567 4054 9567 4053 9568 4858 9568 4051 9568 4051 9569 4858 9569 4049 9569 4057 9570 4860 9570 4859 9570 4860 9571 4057 9571 4058 9571 4056 9572 4859 9572 4055 9572 4859 9573 4056 9573 4057 9573 4044 9574 4861 9574 4860 9574 4861 9575 4044 9575 4043 9575 4044 9576 4860 9576 4040 9576 4040 9577 4860 9577 4038 9577 4041 9578 4862 9578 4861 9578 4041 9579 4861 9579 4042 9579 4862 9580 4041 9580 4045 9580 4030 9581 4862 9581 4028 9581 4048 9582 4862 9582 4047 9582 4047 9583 4862 9583 4046 9583 4862 9584 4048 9584 4028 9584 4862 9585 4030 9585 4863 9585 4033 9586 4863 9586 4032 9586 4863 9587 4033 9587 4864 9587 4032 9588 4863 9588 4031 9588 4037 9589 4865 9589 4036 9589 4036 9590 4864 9590 4035 9590 4864 9591 4036 9591 4865 9591 4865 9592 4037 9592 4020 9592 4035 9593 4864 9593 4034 9593 4018 9594 4866 9594 4865 9594 4866 9595 4018 9595 4027 9595 4018 9596 4865 9596 4016 9596 4022 9597 4867 9597 4866 9597 4022 9598 4866 9598 4021 9598 4867 9599 4022 9599 4026 9599 4025 9600 4868 9600 4867 9600 4025 9601 4867 9601 4024 9601 4024 9602 4867 9602 4023 9602 4868 9603 4025 9603 4209 9603 4868 9604 4209 9604 4210 9604 4212 9605 4868 9605 4211 9605 4868 9606 4212 9606 4817 9606 4817 9607 4212 9607 4213 9607 4817 9608 4213 9608 4214 9608 4868 9609 4210 9609 4211 9609 4867 9610 4026 9610 4023 9610 4866 9611 4027 9611 4021 9611 4865 9612 4020 9612 4016 9612 4864 9613 4033 9613 4034 9613 4863 9614 4030 9614 4031 9614 4862 9615 4045 9615 4046 9615 4861 9616 4043 9616 4042 9616 4860 9617 4058 9617 4038 9617 4859 9618 4054 9618 4055 9618 4858 9619 4052 9619 4049 9619 4856 9620 4067 9620 4068 9620 4855 9621 4064 9621 4857 9621 4854 9622 4059 9622 4855 9622 4853 9623 4084 9623 4854 9623 4852 9624 4080 9624 4853 9624 4851 9625 4077 9625 4852 9625 4850 9626 4074 9626 4851 9626 4849 9627 4102 9627 4850 9627 4848 9628 4098 9628 4849 9628 4847 9629 4095 9629 4848 9629 4846 9630 4091 9630 4847 9630 4845 9631 4089 9631 4846 9631 4844 9632 4114 9632 4845 9632 4843 9633 4112 9633 4844 9633 4842 9634 4110 9634 4843 9634 4841 9635 4123 9635 4842 9635 4838 9636 4129 9636 4840 9636 4837 9637 4127 9637 4838 9637 4836 9638 4137 9638 4837 9638 4835 9639 4143 9639 4144 9639 4834 9640 4141 9640 4142 9640 4833 9641 4150 9641 4148 9641 4832 9642 4147 9642 4145 9642 4831 9643 4155 9643 4156 9643 4830 9644 4154 9644 4152 9644 4829 9645 4169 9645 4170 9645 4828 9646 4164 9646 4166 9646 4827 9647 4165 9647 4162 9647 4826 9648 4189 9648 4160 9648 4825 9649 4184 9649 4185 9649 4824 9650 4180 9650 4181 9650 4823 9651 4190 9651 4178 9651 4822 9652 4175 9652 4176 9652 4821 9653 4204 9653 4203 9653 4820 9654 4205 9654 4200 9654 4819 9655 4197 9655 4198 9655 4818 9656 4207 9656 4194 9656 4816 9657 4217 9657 4216 9657 4806 9658 4849 9658 4850 9658 4807 9659 4850 9659 4851 9659 4804 9660 4849 9660 4805 9660 4850 9661 4807 9661 4806 9661 4811 9662 4855 9662 4857 9662 4849 9663 4806 9663 4805 9663 4808 9664 4851 9664 4852 9664 4809 9665 4854 9665 4810 9665 4855 9666 4810 9666 4854 9666 4801 9667 4843 9667 4844 9667 4801 9668 4845 9668 4802 9668 4802 9669 4846 9669 4803 9669 4804 9670 4847 9670 4848 9670 4851 9671 4808 9671 4807 9671 4809 9672 4852 9672 4853 9672 4855 9673 4811 9673 4810 9673 4786 9674 4823 9674 4787 9674 4789 9675 4827 9675 4790 9675 4794 9676 4832 9676 4833 9676 4845 9677 4801 9677 4844 9677 4846 9678 4802 9678 4845 9678 4849 9679 4804 9679 4848 9679 4854 9680 4809 9680 4853 9680 4812 9681 4857 9681 4856 9681 4812 9682 4858 9682 4813 9682 4813 9683 4859 9683 4814 9683 4784 9684 4819 9684 4820 9684 4823 9685 4786 9685 4822 9685 4788 9686 4824 9686 4825 9686 4827 9687 4789 9687 4826 9687 4791 9688 4828 9688 4829 9688 4791 9689 4830 9689 4792 9689 4792 9690 4831 9690 4793 9690 4832 9691 4793 9691 4831 9691 4795 9692 4833 9692 4834 9692 4795 9693 4835 9693 4796 9693 4803 9694 4846 9694 4847 9694 4852 9695 4809 9695 4808 9695 4858 9696 4812 9696 4856 9696 4859 9697 4813 9697 4858 9697 4781 9698 4868 9698 4817 9698 4782 9699 4818 9699 4783 9699 4819 9700 4783 9700 4818 9700 4785 9701 4820 9701 4821 9701 4785 9702 4822 9702 4786 9702 4824 9703 4788 9703 4787 9703 4788 9704 4826 9704 4789 9704 4828 9705 4791 9705 4790 9705 4831 9706 4792 9706 4830 9706 4833 9707 4795 9707 4794 9707 4835 9708 4795 9708 4834 9708 4797 9709 4837 9709 4838 9709 4847 9710 4804 9710 4803 9710 4814 9711 4859 9711 4860 9711 4815 9712 4860 9712 4861 9712 4815 9713 4862 9713 4776 9713 4776 9714 4863 9714 4777 9714 4779 9715 4867 9715 4780 9715 4868 9716 4780 9716 4867 9716 4819 9717 4784 9717 4783 9717 4822 9718 4785 9718 4821 9718 4826 9719 4788 9719 4825 9719 4830 9720 4791 9720 4829 9720 4796 9721 4835 9721 4836 9721 4837 9722 4796 9722 4836 9722 4798 9723 4838 9723 4840 9723 4798 9724 4841 9724 4799 9724 4799 9725 4842 9725 4800 9725 4857 9726 4812 9726 4811 9726 4862 9727 4815 9727 4861 9727 4863 9728 4776 9728 4862 9728 4778 9729 4864 9729 4865 9729 4778 9730 4866 9730 4779 9730 4868 9731 4781 9731 4780 9731 4782 9732 4817 9732 4816 9732 4820 9733 4785 9733 4784 9733 4790 9734 4827 9734 4828 9734 4837 9735 4797 9735 4796 9735 4841 9736 4798 9736 4840 9736 4842 9737 4799 9737 4841 9737 4860 9738 4815 9738 4814 9738 4864 9739 4778 9739 4777 9739 4867 9740 4779 9740 4866 9740 4818 9741 4782 9741 4816 9741 4832 9742 4794 9742 4793 9742 4800 9743 4842 9743 4843 9743 4777 9744 4863 9744 4864 9744 4817 9745 4782 9745 4781 9745 4838 9746 4798 9746 4797 9746 4866 9747 4778 9747 4865 9747 4843 9748 4801 9748 4800 9748 4787 9749 4823 9749 4824 9749</p>
        </triangles>
      </mesh>
    </geometry>
  </library_geometries>
  <library_materials>
    <material id="mat_Mesh" name="Mesh">
      <instance_effect url="#effect_Mesh"/>
    </material>
  </library_materials>
  <library_visual_scenes>
    <visual_scene id="myscene">
      <node id="node0" name="node0">
        <instance_geometry url="#geometry0">
          <bind_material>
            <technique_common>
              <instance_material symbol="ref_Mesh" target="#mat_Mesh"/>
            </technique_common>
          </bind_material>
        </instance_geometry>
      </node>
    </visual_scene>
  </library_visual_scenes>
  <scene>
    <instance_visual_scene url="#myscene"/>
  </scene>
</COLLADA>
