<COLLADA xmlns="http://www.collada.org/2005/11/COLLADASchema" version="1.4.1">
  <asset>
    <contributor />
    <created>2025-01-08T12:42:18.409796</created>
    <modified>2025-01-08T12:42:18.409796</modified>
    <unit name="meter" meter="1.0" />
    <up_axis>Z_UP</up_axis>
  </asset>
  <library_effects>
    <effect id="effect_Mesh" name="effect_Mesh">
      <profile_COMMON>
        <technique sid="common">
          <phong>
            <emission>
              <color>0.0 0.0 0.0 1.0</color>
            </emission>
            <ambient>
              <color>0.0 0.0 0.0 1.0</color>
            </ambient>
            <diffuse>
              <color>1.0 0.1725490242242813 0.027450980618596077 1.0</color>
            </diffuse>
            <specular>
              <color>1 1 1 1.0</color>
            </specular>
            <shininess>
              <float>0.0</float>
            </shininess>
            <reflective>
              <color>0.0 0.0 0.0 1.0</color>
            </reflective>
            <reflectivity>
              <float>0.0</float>
            </reflectivity>
            <transparent>
              <color>0.0 0.0 0.0 1.0</color>
            </transparent>
            <transparency>
              <float>1.0</float>
            </transparency>
          </phong>
        </technique>
        <extra>
          <technique profile="GOOGLEEARTH">
            <double_sided>0</double_sided>
          </technique>
        </extra>
      </profile_COMMON>
    </effect>
    <effect id="effect_Mesh001" name="effect_Mesh001">
      <profile_COMMON>
        <technique sid="common">
          <phong>
            <emission>
              <color>0.0 0.0 0.0 1.0</color>
            </emission>
            <ambient>
              <color>0.0 0.0 0.0 1.0</color>
            </ambient>
            <diffuse>
              <color>0.12941177189350128 0.12941177189350128 0.12941177189350128 1.0</color>
            </diffuse>
            <specular>
              <color>1 1 1 1.0</color>
            </specular>
            <shininess>
              <float>0.0</float>
            </shininess>
            <reflective>
              <color>0.0 0.0 0.0 1.0</color>
            </reflective>
            <reflectivity>
              <float>0.0</float>
            </reflectivity>
            <transparent>
              <color>0.0 0.0 0.0 1.0</color>
            </transparent>
            <transparency>
              <float>1.0</float>
            </transparency>
          </phong>
        </technique>
        <extra>
          <technique profile="GOOGLEEARTH">
            <double_sided>0</double_sided>
          </technique>
        </extra>
      </profile_COMMON>
    </effect>
    <effect id="effect_Mesh002" name="effect_Mesh002">
      <profile_COMMON>
        <technique sid="common">
          <phong>
            <emission>
              <color>0.0 0.0 0.0 1.0</color>
            </emission>
            <ambient>
              <color>0.0 0.0 0.0 1.0</color>
            </ambient>
            <diffuse>
              <color>0.09803921729326248 0.09803921729326248 0.09803921729326248 1.0</color>
            </diffuse>
            <specular>
              <color>1 1 1 1.0</color>
            </specular>
            <shininess>
              <float>0.0</float>
            </shininess>
            <reflective>
              <color>0.0 0.0 0.0 1.0</color>
            </reflective>
            <reflectivity>
              <float>0.0</float>
            </reflectivity>
            <transparent>
              <color>0.0 0.0 0.0 1.0</color>
            </transparent>
            <transparency>
              <float>1.0</float>
            </transparency>
          </phong>
        </technique>
        <extra>
          <technique profile="GOOGLEEARTH">
            <double_sided>0</double_sided>
          </technique>
        </extra>
      </profile_COMMON>
    </effect>
  </library_effects>
  <library_geometries>
    <geometry id="geometry0" name="Mesh">
      <mesh>
        <source id="cubeverts-array0">
          <float_array count="10098" id="cubeverts-array0-array">-0.0254183 0.02412269 0.02830353 -0.02673729 0.02331047 0.02955219 -0.02556337 0.02518024 0.03074551 0.03441634 0.01358365 0.03399737 0.03509585 0.01171672 0.03399737 0.03417861 0.0121977 0.03193179 -0.009805729 -0.03017893 0.01867229 -0.007891428 -0.03073508 0.01867229 -0.009036494 -0.03115236 0.02072176 0.01988727 0.03053388 0.03236618 0.01910849 0.03023611 0.03041366 0.01823296 0.03156798 0.03241235 -0.01383164 -0.03371212 0.03236618 -0.0133334 -0.03311591 0.03021362 -0.01163447 -0.03394829 0.03075835 -0.03453719 0.009729798 0.03074372 -0.03490863 0.007803204 0.03041956 -0.03560448 0.007768039 0.03237416 -0.02542395 -0.01981141 0.02012535 -0.02564244 -0.02050965 0.02188291 -0.02704599 -0.01867073 0.02196711 0.02804544 0.01840065 0.02394053 0.0267476 0.01910647 0.02198521 0.02706136 0.02011724 0.02445476 0.009695232 0.0329226 0.02620238 0.01145072 0.0321269 0.02558006 0.0096133 0.03209901 0.02383777 0.03312307 0.01330417 0.03020123 0.03237987 0.01511219 0.030311 0.03351899 0.0143511 0.03243224 -0.03517543 0.009678768 0.03249258 0.02081734 0.02648179 0.02435233 0.02099997 0.02527535 0.0219565 0.01934927 0.02688909 0.0227313 0.03486133 0.01060702 0.03236618 -0.007044181 -0.03151385 0.02030003 0.004411138 0.03548848 0.03039468 0.003419498 0.03627848 0.03236618 0.005362279 0.03604535 0.03237416 0.01351083 0.02871198 0.01867229 0.01282452 0.02963571 0.02030003 0.01468945 0.028894 0.02065519 0.01717016 0.03149568 0.03071558 -0.0120175 -0.03444997 0.0325018 0.03130627 -0.01029267 0.02222964 0.03110643 -0.008664351 0.0202972 0.03193006 -0.007713997 0.02192074 -0.02418873 0.02568466 0.0289986 0.01005006 -0.03125722 0.0218757 0.01097418 -0.03037643 0.0203188 0.01212718 -0.03053397 0.02193658 0.01528701 0.02780697 0.01867229 0.03047244 -0.0104118 0.02003984 -0.02019329 0.03100373 0.03399737 -0.0185 0.03204294 0.03399737 -0.01902326 0.03095361 0.03205392 0.03580705 0.005031555 0.03155033 0.03634303 0.003168786 0.03248727 0.03573967 0.002868523 0.0306653 -0.02529376 -0.024437 0.02867424 -0.02664126 -0.02398777 0.03064977 -0.02658803 -0.02286088 0.02836781 0.02214432 0.02502382 0.02356829 0.01422323 -0.02997895 0.02289013 0.01299967 -0.03085819 0.02377078 -0.02799287 -0.01643534 0.02079324 -0.02659718 -0.01828518 0.0202556 0.02662618 -0.01925975 0.02195869 0.02536749 -0.0211134 0.02237357 0.02555385 -0.01977514 0.0203591 -0.02880944 0.0158269 0.02198449 -0.02911838 0.01686246 0.02424758 -0.02820485 0.01780772 0.02339689 0.009195387 0.03526281 0.03237416 0.009408514 0.03434695 0.0299603 0.007557102 0.0350289 0.0306077 -0.02913311 0.02190177 0.0323903 -0.0292068 0.02066315 0.03043991 -0.03027314 0.02030181 0.03239833 -0.02812595 -0.01737971 0.02254259 0.02918377 0.01657275 0.02399335 0.02783011 0.0174992 0.02199609 -0.03257809 0.01453203 0.0301349 -0.03312783 0.01517787 0.03236618 -0.03180174 0.01647192 0.03054848 -0.009805729 0.03017893 0.01867229 -0.01168133 0.02950367 0.01867229 -0.01089889 0.03057672 0.02079324 -0.02780697 -0.01528701 0.01867229 -0.02679222 -0.01700286 0.01867229 -0.03281198 0.006604517 0.02372848 -0.03248939 0.008415498 0.02399475 -0.03185723 0.007889144 0.02183601 0.01081665 0.03423416 0.03080416 0.0327084 0.01606181 0.03236618 0.01391629 -0.02957363 0.02144256 -0.004165842 -0.03620472 0.03237875 -0.003377388 -0.03562917 0.03047412 -0.002393956 -0.0363624 0.03237152 -0.01552695 -0.02984116 0.02421986 -0.01589185 -0.02876268 0.02195652 -0.01428759 -0.03016108 0.02344909 0.03377556 -0.001474421 0.02471075 0.03410999 -0.003306979 0.02605531 0.03337502 -0.002950164 0.02383055 0.02022674 -0.02444993 0.01867229 0.02172205 -0.02313164 0.01867229 0.02153508 -0.02424203 0.02069075 0.02601299 0.02063483 0.022953 -0.009526843 0.03156738 0.02228428 -0.01063385 0.03201758 0.02450583 -0.008584337 0.03237921 0.02380922 0.0288747 0.01569201 0.02196292 0.01815054 -0.0267077 0.02030003 0.02006686 -0.02582197 0.02149553 0.01874113 -0.02713185 0.02228901 -0.02543441 -0.02249581 0.0251404 -0.02522945 -0.0218192 0.02339577 -0.02395477 -0.02325911 0.02349229 -0.01127449 0.03114111 0.02270783 0.01107409 -0.03471579 0.03236618 0.01207098 -0.03371307 0.03053242 0.01317175 -0.0340138 0.03247041 0.01466005 -0.02877197 0.02030003 0.01641543 -0.02777855 0.02022661 0.01572467 -0.02889108 0.02205019 0.03537118 0.004362905 0.03003878 -0.02103347 -0.02528018 0.02202959 -0.02151239 -0.02590603 0.0243203 -0.02260669 -0.02463727 0.02363332 -0.03227134 -0.01703041 0.0325119 -0.03183736 -0.01659364 0.0308037 -0.03089425 -0.01822958 0.03071476 -0.03138333 -0.01856301 0.03243311 0.01130559 -0.03131335 0.0232098 0.01241662 0.03428586 0.03244086 0.01270592 0.03348181 0.03054025 -0.02775846 -0.02225285 0.02985767 0.02418207 -0.02145818 0.02041178 0.03379555 -0.01205071 0.03073856 0.03427982 -0.01040689 0.0305783 0.03484192 -0.01085911 0.03252807 -0.006161363 -0.03227502 0.02194753 -0.003962161 -0.03292902 0.02284548 -0.0056626 -0.03308124 0.02399702 0.03144836 0.01707915 0.03046812 -0.02431269 -0.02208782 0.02191827 -0.02296088 -0.0227127 0.02031467 -0.02252505 -0.02393569 0.02197652 0.005766461 -0.03535201 0.03056237 0.0072661 -0.03570935 0.03237149 0.005334552 -0.03605034 0.0323767 0.008055206 0.03295686 0.0250577 0.02304585 -0.02822605 0.03236618 0.02132996 -0.02890991 0.03087594 0.02269731 -0.02753847 0.03017663 -0.01736582 0.03203513 0.03236618 0.0336376 -0.01541142 0.03399737 0.03276187 -0.01719476 0.03399737 0.03267573 -0.01595343 0.03214217 0.003298251 -0.0340521 0.02588525 0.001484271 -0.03390231 0.02508037 0.003088713 -0.03327394 0.02357407 0.01971599 -0.0254177 0.01994061 -0.01282452 0.02963571 0.02030003 -0.02282018 -0.02541699 0.02573036 -0.02417237 -0.02397264 0.02539796 0.01077673 0.0348193 0.03239413 0.01157805 0.03142215 0.02377875 -0.01437794 -0.02955207 0.0219657 0.03039347 -0.01178119 0.02118842 -0.02994459 0.01484365 0.02358787 -0.01027443 0.03495864 0.03236016 -0.01100099 0.03406815 0.0305073 -0.01202323 0.0344066 0.03238818 0.0322684 -0.009036604 0.0238442 0.03424172 -0.01246297 0.03236618 -0.02793531 0.01726436 0.0218944 0.007374384 -0.03515658 0.03086041 -0.01660757 0.02812376 0.02137555 -0.01815054 0.0267077 0.02030003 -0.01817877 0.02758913 0.02247677 -0.00740095 -0.03625225 0.03399737 -0.00933618 -0.03580273 0.03399737 -0.008392804 -0.03535841 0.0320798 0.004897959 -0.03349602 0.0248402 0.02853271 0.02275457 0.03252832 0.0283035 0.02217539 0.03096037 0.02702767 0.02369135 0.03091741 -0.03389861 -0.01340436 0.03240493 -0.03344578 -0.01291535 0.03066019 -0.03269297 -0.01467909 0.03061472 0.004908133 0.03275713 0.0227182 0.005036413 0.03191056 0.02034083 0.003359015 0.032637 0.02180655 0.02216001 0.02599872 0.02573954 0.02358249 0.02452669 0.02534246 0.02732292 0.02418924 0.03251936 0.01793831 0.02814073 0.02344289 0.01935095 0.02775478 0.02478924 0.02313164 -0.02172205 0.01867229 0.02444993 -0.02022674 0.01867229 -0.008960016 0.03110452 0.0205263 -0.02887463 -0.01462971 0.0205263 -0.01729765 -0.02858747 0.02356348 0.01053764 -0.03433707 0.03084867 0.006170096 0.035434 0.03099282 -0.03312783 -0.01517787 0.03236618 -0.02514843 -0.02544813 0.03044187 -0.02524238 -0.0262801 0.03236618 -0.02660622 -0.02489577 0.03236096 -0.03227237 0.006154562 0.02193623 -0.03271652 0.001935003 0.02170266 -0.0322756 0.001014302 0.02030003 -0.03279819 -0.0001932849 0.02177559 0.01028661 0.03120335 0.02193974 0.0120932 0.03054394 0.0219271 0.006730143 0.03213535 0.02187386 0.03019681 0.01581693 0.0255274 0.03101881 0.01401574 0.02538158 0.02987456 0.01491979 0.02350415 0.03174611 0.01217392 0.02527094 0.03149878 0.01114076 0.0235564 0.03074086 0.01307256 0.02353911 0.02969156 -0.01243113 0.02000126 0.02950367 -0.01168133 0.01867229 0.02424504 -0.02669712 0.03127229 0.02524528 -0.02540996 0.03056131 0.0259408 -0.02559484 0.03237416 0.02304585 0.02822605 0.03236618 0.02416152 0.0280218 0.03399737 0.02467788 0.02669616 0.03212087 -0.03226781 0.01693545 0.03237416 -0.02227973 0.02883461 0.03236618 -0.02052497 0.02956936 0.03107298 -0.0217607 0.02834916 0.03032603 -0.0213905 0.02419766 0.02031519 -0.02283357 0.02283357 0.02030003 -0.02233759 0.02419152 0.02214909 0.002270591 0.03583667 0.03082217 -0.03325574 0.0005730229 0.02311934 -0.03036144 0.01933485 0.03107428 0.02294736 -0.02278358 0.02043188 -0.01270222 -0.03027521 0.02187203 -0.01237572 -0.03098739 0.02342951 0.03177 0.01781684 0.03232433 -0.01101079 -0.03035443 0.02029487 -0.03036937 0.01238347 0.02177073 -0.02963571 0.01282452 0.02030003 -0.03024109 0.01089294 0.01986824 -0.005045121 -0.03563531 0.03106115 -0.03103899 0.01800315 0.03074557 -0.02261746 -0.02721298 0.0292991 -0.02388086 -0.02690642 0.03101757 -0.0239905 -0.02582631 0.02890561 0.008374797 0.03176747 0.02193291 0.03433437 -0.001558991 0.0263457 -0.03515161 -0.009672213 0.0324207 -0.03471949 -0.008933045 0.03065273 -0.03410956 -0.01095285 0.03057903 -0.03456398 -0.01153915 0.03236618 -0.03688002 0.002977263 0.03399737 -0.03625404 0.004107115 0.03250191 -0.03646378 0.001672963 0.03254905 0.02462137 -0.02705123 0.03277096 -0.03084642 0.01076755 0.02140601 0.03349089 -0.004570496 0.02469211 -0.00933618 0.03580273 0.03399737 -0.007944162 0.03552182 0.03224988 -0.02694324 0.02387847 0.03109309 -0.02707312 0.01952289 0.0234609 -0.02694027 0.01874196 0.02183235 0.02828115 0.01927559 0.02592554 0.02928307 0.01757204 0.02570869 -0.0103941 -0.03492412 0.03236261 -0.003988888 0.03263165 0.02199603 -0.005977278 0.03234247 0.0220415 -0.005251264 0.0330555 0.0237283 -0.03162172 0.009660213 0.02254828 -0.03103173 0.008905024 0.0202786 0.0256308 0.02668449 0.03399737 0.01732668 -0.02784986 0.02177868 0.0317991 -0.01779433 0.03236618 -0.02661316 -0.01999815 0.02320298 0.03317199 0.001673539 0.02298407 0.03324917 0.003442183 0.02360281 0.03372805 0.001580432 0.02458662 -0.00403554 -0.03242273 0.02140946 0.03061539 0.01192882 0.02194573 0.02963571 0.01282452 0.02030003 0.02972367 0.0139869 0.02192497 0.03395574 0.002935476 0.02550977 0.01559373 -0.03227159 0.03062745 0.01649948 -0.03248982 0.03236618 0.01500719 -0.03327211 0.03254277 -0.0004892049 0.036436 0.03236618 -0.001175632 0.0358372 0.03067078 -0.002429115 0.03635956 0.03237005 0.02666415 -0.02021889 0.02370827 -0.02806446 0.02236997 0.03076575 -0.03358572 0.0132994 0.03144622 -0.007891428 0.03073508 0.01867229 -0.02871198 -0.01351083 0.01867229 -0.02075945 0.03007525 0.03267128 0.01404447 -0.03423087 0.03399737 -0.03456398 0.01153915 0.03236618 -0.02384968 0.0225321 0.02180856 0.02283357 0.02283357 0.02030003 0.02374773 0.02267299 0.02187577 0.02413089 0.02127424 0.01994576 0.02868349 -0.02147435 0.03059785 0.02971427 -0.02109909 0.03237768 0.02854263 -0.02265981 0.03237926 0.03550607 0.001559014 0.02975092 0.03498656 0.002912066 0.02849203 0.03262255 -0.007227117 0.02356391 -0.03393957 0.0116791 0.03077653 -0.009309464 0.03473464 0.03097351 -0.01385015 0.03371318 0.03238948 -0.01451989 0.0327948 0.03069669 -0.01555926 0.03295686 0.03238309 -0.03514101 -0.007130646 0.03067278 -0.03560188 -0.007856583 0.032422 -0.03135907 0.01857029 0.03238317 0.03048724 0.01881718 0.03058434 0.01653861 0.02772219 0.02026856 -0.009676974 -0.03461105 0.03090906 0.03296985 0.005493375 0.02359553 0.03367744 0.004796356 0.02532037 -0.03547559 -0.00516625 0.03065131 -0.03595245 -0.005977142 0.03238548 -0.03622288 -0.004027226 0.03238589 0.03079812 0.01947555 0.03236618 -0.03579224 -0.002965312 0.03084061 -0.01516492 0.02923812 0.02217758 -0.01465957 0.02877103 0.02029694 -0.002905685 0.03584998 0.03099385 0.01865304 -0.03062024 0.0306646 0.01966729 -0.03068222 0.03238132 0.01822075 -0.03156444 0.03238568 -0.03595921 0.00292619 0.03131539 -0.02126586 -0.02433452 0.02037487 -0.01956786 0.02635979 0.02186338 -0.03305264 0.004521235 0.02340954 -0.03252795 0.004075949 0.02172777 -0.01697508 -0.02957369 0.02555872 -0.01854354 -0.0284331 0.02511185 -0.00352132 0.0331639 0.02338013 0.01355741 0.02985218 0.02173997 -0.03090867 0.01405433 0.0251361 -0.03019761 0.01585806 0.02558505 0.007288793 0.03570287 0.03236618 0.03166939 0.001992469 0.01867229 0.03148179 0.003977075 0.01867229 0.03219345 0.003130251 0.02045636 -0.02028603 -0.0264124 0.02324454 -0.03405789 0.01344495 0.03287928 -0.00493764 0.03192155 0.02032805 -0.007044181 0.03151385 0.02030003 -0.03042828 -0.01083205 0.02032119 -0.02963571 -0.01282452 0.02030003 -0.03060403 -0.01203329 0.02202573 0.008031484 0.03239884 0.02346493 0.01404447 0.03423087 0.03399737 0.01412353 0.03336735 0.03176704 0.02146096 -0.02951668 0.03252518 -0.0211476 -0.0285295 0.02967072 -0.02096698 -0.02939518 0.03139855 -0.02252051 -0.027985 0.03085909 0.02357477 0.02369094 0.02358866 -0.00798011 0.03191932 0.02207518 -0.02985862 -0.01381984 0.02207518 0.03040058 0.0108932 0.02030514 -0.007367572 -0.03254028 0.02341969 0.006524491 0.03287921 0.02387465 -0.01254103 0.03041978 0.02208028 0.03226344 -0.006147498 0.02190687 0.008994534 -0.03095939 0.02014865 -0.02172205 -0.02313164 0.01867229 0.03369505 -0.01435612 0.03290897 0.01093837 0.03038249 0.02030003 -0.02779469 0.01643773 0.02030003 0.02492568 0.02119043 0.02153426 0.03338546 0.006437402 0.02527133 0.007963988 -0.03219742 0.02284898 0.006029974 -0.03231679 0.02199603 0.00815738 -0.03162293 0.02136643 -0.02022674 -0.02444993 0.01867229 -0.02429278 -0.02121985 0.02019534 -0.00740095 0.03625225 0.03399737 -0.001235112 -0.03590952 0.03088683 0.02337828 0.02720725 0.03071503 0.01406524 -0.03311093 0.03101408 -0.02998328 -0.01996853 0.03115852 -0.02889931 -0.02162325 0.03136005 -0.03026314 -0.02051198 0.03271598 -0.01635924 0.02766197 0.01985148 0.01539741 0.033132 0.03264477 -0.01792954 -0.03103015 0.03061604 -0.01704273 -0.03221296 0.03237849 -0.01863297 -0.03144345 0.03268731 -0.006336541 -0.03593631 0.03251572 0.03189398 0.00505151 0.02030003 0.03227158 0.00623116 0.02197598 0.03256168 0.004519787 0.02199407 0.03261557 0.007282276 0.02357893 0.01649948 0.03248982 0.03236618 0.006831634 -0.03155775 0.0202919 0.02781071 0.01641911 0.02031261 0.0267077 0.01815054 0.02030003 -0.007759957 -0.0318617 0.021759 -0.02926087 -0.02198812 0.03283833 0.004953152 -0.03191415 0.02031367 0.0294977 0.02051836 0.03089082 -0.02427888 0.0264631 0.03083583 0.03631667 0.004905242 0.03296886 -0.01627251 0.03213893 0.03115715 0.02752022 -0.02311032 0.03090424 -0.01466752 -0.02876908 0.02030239 -0.01282452 -0.02963571 0.02030003 0.006487351 -0.03286742 0.02382001 0.03179169 0.01892852 0.03399737 0.03276187 0.01719476 0.03399737 0.03253835 -0.004505883 0.02192131 0.03189398 -0.00505151 0.02030003 0.03214823 -0.003038902 0.02030003 -0.01248146 0.03112113 0.02390501 -0.02791411 -0.02342272 0.03236618 0.009009615 0.03100957 0.02030106 -0.02877207 0.01466064 0.02030106 -0.0197192 -0.025597 0.02035899 0.03181849 0.008155082 0.02191573 0.03212715 0.009177311 0.0235602 -0.005945984 0.03116994 0.01867229 -0.0186516 0.02567173 0.01867229 -0.01985048 0.02548804 0.02034228 -0.005945984 -0.03116994 0.01867229 -0.0049914 -0.03191814 0.02034228 -0.02950367 -0.01168133 0.01867229 0.03290663 0.00839149 0.02515295 0.02022087 -0.02980745 0.03114351 0.03151524 0.007045665 0.02030489 -0.01639008 -0.03194865 0.03081927 0.03073508 0.007891428 0.01867229 0.03102389 0.008970171 0.02030914 0.01718408 -0.03164524 0.03111713 0.03434729 0.01072233 0.03103592 -0.00613064 0.03556465 0.03134772 -0.00439227 0.0361736 0.03236618 -0.004414419 0.03552282 0.030495 0.01915048 0.02641333 0.02127072 0.03368904 0.007581612 0.0268166 0.001187293 -0.03333494 0.02339687 0.02135478 0.02422224 0.02030003 0.01985567 0.0254613 0.02029018 -0.01643773 -0.02779469 0.02030003 -0.00215032 -0.03334274 0.02355956 -0.002026145 -0.03274136 0.02179079 0.01572 0.03231325 0.03089677 0.03155326 -0.00686389 0.020299 0.03073508 -0.007891428 0.01867229 0.008895973 -0.0346104 0.03031852 0.009165885 -0.03525814 0.03233937 0.02554231 0.01976742 0.0203188 0.0332048 0.009462319 0.02680238 -0.03259395 -0.004108705 0.02193015 -0.0319023 -0.00503369 0.02031583 -0.03227663 -0.006129123 0.02193459 0.02774044 -0.01760262 0.02193623 0.02780577 -0.01642564 0.02030989 0.02880724 -0.01579667 0.02193658 0.02950367 0.01168133 0.01867229 -0.02227973 -0.02883461 0.03236618 -0.001014302 -0.0322756 0.02030003 0.001026508 -0.0322789 0.02031072 0.0004856362 -0.03285281 0.02194324 -0.03214823 -0.003038902 0.02030003 -0.03278703 -0.002099074 0.02193671 -0.03227392 -0.001027815 0.02029636 0.02567173 -0.0186516 0.01867229 0.02967134 0.02126102 0.03254958 0.02679222 0.01700286 0.01867229 0.03148179 -0.003977075 0.01867229 0.0009821615 0.0322789 0.02030672 -0.0009874345 0.03228086 0.0203129 1.690568e-06 0.03285398 0.02193623 -0.03153262 0.006954061 0.02029649 -0.03190592 0.005017216 0.0203188 0.0267077 -0.01815054 0.02030003 0.003012418 -0.03215516 0.0203129 0.002128497 -0.03278782 0.02194453 -0.03152405 -0.007018775 0.0203129 0.02022674 0.02444993 0.01867229 0.009805729 0.03017893 0.01867229 0.003977075 0.03148179 0.01867229 0.003038902 0.03214823 0.02030003 3.022877e-16 0.031732 0.01867229 -0.02419073 0.02139245 0.02030386 -0.02444993 0.02022674 0.01867229 -0.02549012 0.01984243 0.02033266 -0.02780697 0.01528701 0.01867229 -0.03116994 0.005945984 0.01867229 -0.03166939 -0.001992469 0.01867229 -0.03116994 -0.005945984 0.01867229 0.001992469 -0.03166939 0.01867229 -0.01528701 -0.02780697 0.01867229 0.02679222 -0.01700286 0.01867229 0.005945984 -0.03116994 0.01867229 -0.0186516 -0.02567173 0.01867229 0.01745292 -0.02838939 0.02330674 0.0161823 -0.02937055 0.02391301 -0.03079485 -0.01307334 0.02368454 -0.03155875 -0.01315711 0.02582741 -0.03158589 -0.01171426 0.02436295 -0.03130621 -0.01003279 0.02199603 0.01790393 0.02750061 0.02182327 0.03465483 -0.008507277 0.03016832 0.03386507 -0.009658046 0.02880566 0.0342154 -0.007739375 0.02841129 -0.002976624 0.03216163 0.02032197 -0.03102551 -0.008976525 0.0203188 -0.03318041 0.00255011 0.02317048 0.03128244 0.01006136 0.0219556 0.03475866 0.004819746 0.02844457 -0.0187857 -0.02757196 0.02341811 0.02047426 0.02965256 0.03118802 -0.01749622 0.03128786 0.03064481 -0.03062164 0.01326531 0.02344158 -0.001949896 0.03281095 0.02197945 -0.002083459 0.03350786 0.02402666 -0.0004589686 0.03336657 0.02343655 -0.003977075 0.03148179 0.01867229 -0.02022674 0.02444993 0.01867229 -0.03017893 -0.009805729 0.01867229 -0.003977075 -0.03148179 0.01867229 0.03487912 0.008831084 0.0310293 0.0353907 0.00869453 0.03237717 0.03530635 0.006897455 0.03101202 0.0357975 0.006808817 0.03236618 -0.0238197 -0.02765175 0.03253275 0.001943953 0.03280545 0.02196243 0.03237585 0.01029748 0.0251945 0.03435871 0.003736622 0.02690295 0.02877197 0.01466005 0.02030003 0.03377085 -0.007006344 0.02669553 0.03331449 -0.006249122 0.02496618 0.03399181 -0.005148695 0.02637418 -0.002610781 0.03538351 0.02957468 -0.004233059 0.03489213 0.02860963 0.03694666 -0.001986035 0.03399737 0.03678679 -0.003966344 0.03399737 0.03632112 -0.002932144 0.03236618 0.004014333 -0.03261601 0.02195992 -0.03184639 -0.008105513 0.02195869 0.0340808 0.005628044 0.02684792 0.03678679 0.003966344 0.03399737 0.03694666 0.001986035 0.03399737 0.03443018 0.006705982 0.02840366 0.03514463 0.005866891 0.03001469 -0.01963201 -0.02976339 0.03008449 -0.0196419 -0.03049315 0.03187868 0.02243235 0.02399863 0.02192561 -0.0267077 0.01815054 0.02030003 -0.01815054 -0.0267077 0.02030003 -0.01760236 -0.02773689 0.0219271 -0.00298786 -0.03215708 0.0203118 0.03446577 -0.005868948 0.02806832 0.03510072 -0.00488378 0.02945583 0.03493951 -0.006640951 0.02982291 0.002195685 -0.03581807 0.03075462 0.003410828 -0.03628301 0.03237693 0.0014672 -0.03641423 0.03237926 0.03116994 0.005945984 0.01867229 -0.02019329 -0.03100373 0.03399737 7.056574e-05 -0.03495589 0.02805106 0.001691648 -0.03453769 0.02695472 0.001865358 -0.03518251 0.02885389 0.03344651 -0.008900583 0.0270462 0.03400014 0.008623568 0.02840234 0.03476982 0.007782475 0.03001235 0.0284069 -0.02071815 0.02864332 0.02739878 -0.02235778 0.02923608 -0.02756237 0.02098204 0.02713194 -0.02878322 0.02005479 0.02841449 -0.02783207 0.02168525 0.02900179 -0.002423631 0.03476204 0.02773241 -0.004062318 0.0342541 0.02670761 -0.01824697 -0.03008975 0.02873228 0.02871198 0.01351083 0.01867229 0.03301942 -0.008140658 0.02529374 0.03166939 -0.001992469 0.01867229 0.03116994 -0.005945984 0.01867229 0.003505814 -0.03468218 0.02776878 0.005338139 -0.03474063 0.02861079 0.003748305 -0.03530915 0.02965569 0.02477584 0.02490766 0.0285622 0.02349303 0.02546078 0.02714215 0.02343933 0.0263415 0.02893593 -0.03543691 -6.778274e-05 0.02945039 -0.03545657 0.001931019 0.02966026 -0.03489617 0.001085696 0.02792624 -0.01979447 -0.02891002 0.02828762 -0.01839797 -0.02926228 0.02691486 0.02715361 -0.02165773 0.02740221 0.02172205 0.02313164 0.01867229 0.01168133 0.02950367 0.01867229 -0.02313164 0.02172205 0.01867229 -0.02679222 0.01700286 0.01867229 -0.03214823 0.003038902 0.02030003 -0.03166939 0.001992469 0.01867229 -0.01700286 -0.02679222 0.01867229 0.01282452 -0.02963571 0.02030003 0.01351083 -0.02871198 0.01867229 0.03461225 -0.004161822 0.02777647 -0.005846311 0.03430433 0.02759428 -0.007622767 0.03427813 0.02851511 -0.006020987 0.03493655 0.0294929 0.02780697 0.01528701 0.01867229 0.03262772 -0.01002378 0.02565627 0.02567173 0.0186516 0.01867229 0.02444993 0.02022674 0.01867229 0.0186516 0.02567173 0.01867229 0.01915159 0.02939068 0.02841145 0.01758408 0.03054672 0.02889571 0.007891428 0.03073508 0.01867229 -0.001992469 0.03166939 0.01867229 0.005945984 0.03116994 0.01867229 0.001992469 0.03166939 0.01867229 -0.02172205 0.02313164 0.01867229 -0.02567173 0.0186516 0.01867229 -0.02871198 0.01351083 0.01867229 -0.03148179 -0.003977075 0.01867229 -4.547456e-17 -0.031732 0.01867229 -0.031732 2.295115e-16 0.01867229 -0.03073508 -0.007891428 0.01867229 0.003977075 -0.03148179 0.01867229 -0.01351083 -0.02871198 0.01867229 0.02780697 -0.01528701 0.01867229 0.009805729 -0.03017893 0.01867229 0.01168133 -0.02950367 0.01867229 -0.001992469 -0.03166939 0.01867229 -0.03148179 0.003977075 0.01867229 -0.01351683 -0.03236046 0.02838278 -0.01180352 -0.03322463 0.02893272 0.01436716 0.03259038 0.02997318 0.01450297 0.03183782 0.02813689 0.01282938 0.03276003 0.02871025 0.03652086 -0.005935217 0.03399737 0.0357975 -0.006808817 0.03236618 0.03612192 -0.004868599 0.03239314 -0.01351083 0.02871198 0.01867229 0.03017893 0.009805729 0.01867229 0.009561546 0.03364259 0.02810629 0.007970743 0.03363249 0.02691112 0.007836746 0.03432063 0.02877259 -0.008524299 -0.03398509 0.02828925 -0.006940041 -0.03391735 0.027074 -0.006748597 -0.0346083 0.02893598 0.03325303 -0.01411915 0.03145589 -0.004969836 -0.03512721 0.02956693 -0.006541234 -0.03529993 0.03079993 0.02471582 0.02582155 0.03034318 0.03614963 -0.007886978 0.03399737 0.005103796 -0.0341185 0.02671918 0.03262234 0.0113582 0.02685004 0.03214272 -0.01190226 0.02607191 0.03175708 -0.01115067 0.0242747 0.03302851 -0.01078179 0.02743378 0.03155233 -0.01698493 0.03060381 -0.007453658 0.03364884 0.02662136 0.0350964 -0.009268619 0.03195998 0.03567417 -0.009815998 0.03399737 -0.02024341 0.02897664 0.02918993 0.01347484 -0.03206372 0.02753938 0.01495048 -0.03106437 0.02665132 0.01517283 -0.03167926 0.02854382 -0.01416885 0.03217966 0.02864716 -0.01401593 0.03154193 0.02677058 -0.01566644 0.03115727 0.02781335 -0.005147235 -0.03446695 0.02774041 -0.003344857 -0.03492748 0.02843307 0.006206515 0.03424364 0.02760186 0.004433062 0.03476572 0.02831651 0.006086617 0.03490714 0.0294412 0.03252466 -0.01264381 0.02787617 0.02111669 -0.02826754 0.02900569 0.02090027 -0.02762604 0.02713567 0.02240413 -0.02692754 0.02826381 0.03216813 0.01417576 0.02862457 0.03131052 0.0160831 0.02875996 0.03429483 0.00969706 0.03003931 0.006906254 -0.03410368 0.02758554 0.008678703 -0.03400897 0.02846678 0.007142918 -0.03470137 0.02942686 0.03291319 -0.005469094 0.02342131 0.03614963 0.007886978 0.03399737 0.03652086 0.005935217 0.03399737 0.01684295 -0.03120684 0.02952312 -0.02653056 0.02258153 0.02771249 -0.02910666 -0.01553114 0.02233515 0.03117875 0.01504508 0.02707055 -0.0212869 -0.02765624 0.02788783 -0.009206065 0.03354662 0.02755923 -0.01095029 0.03336637 0.02852036 -0.009365486 0.03416294 0.02941097 0.03347212 0.0105311 0.02844012 0.0002140537 -0.03558227 0.02987494 0.02209201 0.02685943 0.0275324 0.01660056 -0.03061445 0.02767186 0.01824131 -0.03008691 0.02871668 0.01771721 0.0297451 0.02707903 -0.01681531 -0.0303791 0.02737158 -0.03179326 -0.01543094 0.02916867 -0.03094695 -0.01715168 0.02929078 -0.01200129 -0.0324827 0.02709946 0.01297837 0.03202024 0.02687143 -0.0332822 -0.01174429 0.02903307 -0.03260266 -0.01356755 0.02908988 -0.0348517 0.003060513 0.02813793 0.03156503 -0.01375041 0.026521 -0.003548531 -0.03426459 0.02657291 0.004587473 0.03409927 0.02645255 -0.008314842 -0.03469067 0.03013766 -0.0007981873 0.0351913 0.02876203 0.01367151 -0.03268184 0.02941895 -0.03483828 -0.0008992286 0.02774248 -0.03532304 -0.002102064 0.02930074 0.008473825 -0.03339607 0.02659188 -0.02852037 0.01932607 0.02658366 -0.02940016 0.01761686 0.02606787 -0.02968527 0.01835752 0.02789677 -0.01918978 -0.02667615 0.02195748 0.03343327 -0.01148427 0.02919939 0.03288987 -0.01340175 0.02967881 0.03047805 -0.01799442 0.02932436 0.03014508 -0.01733147 0.02751649 0.03123673 -0.01626575 0.02881337 -0.01077927 0.0327435 0.02664362 -0.01550858 0.0305145 0.02593741 -0.03222164 0.01378221 0.02831139 -0.03188007 0.01299763 0.02651476 -0.03281435 0.01190718 0.02791129 -0.03085026 -0.01610817 0.02760455 0.01800817 -0.02947393 0.02684081 -0.02157124 0.02769287 0.02847852 -0.03245838 -0.01239353 0.02743447 -0.03511419 -0.004025028 0.02918027 -0.0344282 -0.004850035 0.02750468 -0.03479892 -0.005998324 0.02908712 0.02216733 -0.02628481 0.02638813 0.02206207 0.02767099 0.02931236 -0.0200794 0.02831468 0.02734055 -0.02139182 0.02701912 0.02661464 -0.03468534 -0.002879563 0.02761094 -0.03049594 0.01662192 0.02739866 -0.03155584 0.015588 0.02874931 -0.03079524 0.01735867 0.02919933 0.03191673 -0.01449167 0.02833225 0.01331397 0.0305545 0.02331883 0.02812727 -0.02002195 0.02679931 -0.03439261 -0.007934787 0.02904048 -0.0338819 -0.009857962 0.02901369 -0.01581755 0.03180154 0.02968629 0.02599901 0.02435263 0.02999158 0.0272581 0.02275617 0.0296582 0.02603757 0.02341525 0.02823026 -0.03123164 0.01483058 0.02693992 0.03120546 -0.01300768 0.02471153 0.02721586 0.02186859 0.02792696 0.02602865 0.02250779 0.02646465 -0.03244557 0.01110589 0.02612442 -0.03518475 0.00584056 0.03011726 -0.03446456 0.006986346 0.02866075 -0.03470712 0.00502846 0.02838136 0.02384202 -0.02619313 0.02939878 -0.02888991 -0.02063198 0.029636 -0.02994229 -0.01895163 0.02944735 0.02479861 0.02401579 0.02678699 0.03372121 0.01159383 0.03009515 -0.0353707 0.003825345 0.02985761 -0.03400778 0.006166754 0.0269061 0.02837215 0.02120458 0.0294025 0.02943979 0.0195431 0.02915668 -0.02886728 -0.01963099 0.02791685 0.03089753 -0.01556244 0.02700239 0.03056218 -0.01482952 0.02518285 -0.02762791 -0.02304497 0.03102249 0.03284831 0.01241257 0.02851456 -0.02997331 0.01903309 0.02965044 -0.01886555 0.03020621 0.02996404 0.02833261 0.02024437 0.02766135 -0.02776739 -0.021276 0.02812499 -0.02661585 -0.02189781 0.02662624 0.02586057 -0.02255355 0.02618275 0.0261126 -0.02323147 0.0280365 0.02287437 -0.02362342 0.02202114 0.03226926 -0.0152126 0.03014374 -0.03369064 0.01082358 0.02930373 -0.03412607 0.008921686 0.0289734 0.02500597 -0.024745 0.02870204 0.01982066 -0.02949351 0.02973512 -0.0172792 0.03071228 0.0288756 -0.01869468 0.02955377 0.02809255 -0.0126488 0.0331143 0.02948197 -0.02974228 0.01395668 0.02193658 -0.01666521 -0.03116423 0.02916921 0.007044181 0.03151385 0.02030003 0.02877197 -0.01466005 0.02030003 0.002635995 0.03520405 0.02905947 0.001005966 0.03491483 0.02797356 0.0008220938 0.03554498 0.02979224 -0.001544551 -0.03530055 0.02915176 -0.001735229 -0.03465287 0.02729565 0.002797911 0.03454967 0.02719817 -0.01027154 -0.03327863 0.02767806 -0.01007411 -0.03398938 0.02949084 0.01129216 0.03287141 0.02747199 0.01113559 0.03358601 0.02929601 -0.01518648 -0.03141221 0.02786102 -0.01501312 -0.03217308 0.02964401 0.01023457 -0.0332287 0.02750758 0.01196568 -0.03298951 0.02844834 0.01041385 -0.0338369 0.02935202 0.01613176 0.03083304 0.02759192 0.01600939 0.0315945 0.02939841 -0.01249327 0.03249327 0.02763306 -0.02272012 -0.02632529 0.02752145 -0.03330284 0.01003074 0.02754112 -0.0337035 0.008110384 0.02720638 -0.01711834 0.03006331 0.0270021 0.01957991 -0.02889966 0.02791132 -0.02538932 -0.02344283 0.02689037 -0.02410305 -0.02490601 0.02718802 0.02065009 0.02816375 0.02795547 0.02060027 0.028952 0.02972954 0.02360523 -0.02554047 0.02753393 -0.02284458 0.02633519 0.02778014 -0.02301426 0.02702737 0.02962901 -0.02988421 -0.01792948 0.02774322 0.03567417 0.009815998 0.03399737 -0.03169881 -0.01427981 0.02750067 0.02931156 -0.01905364 0.02806313 0.02960226 -0.01976001 0.0298998 -0.03407054 -0.006806298 0.0274337 -0.03361302 -0.008742634 0.02739774 -0.03422284 -0.001778781 0.02605274 -0.03402411 -0.003707625 0.02592615 -0.03421354 0.004205138 0.02664024 -0.03431909 0.002231096 0.0264091 -0.0240616 0.02490965 0.02711183 0.02476479 -0.02407822 0.02684286 -0.03290164 0.009225027 0.02576592 -0.01852718 0.02889792 0.02622151 0.02901699 -0.0183439 0.02622737 -0.007792671 0.03490261 0.03039581 0.01176208 -0.03237528 0.02656664 -0.02522206 0.02341329 0.02647491 -0.02630412 0.02186633 0.02586906 0.02688781 -0.02096877 0.02555391 -0.02265232 0.0256538 0.02592014 0.0233722 -0.02488197 0.02567024 0.01937204 -0.02826284 0.02603989 0.01820443 0.02666741 0.0202914 0.02634491 -0.02389911 0.02983723 -0.01695524 0.02941458 0.02512872 0.001163409 0.03426518 0.02609896 -0.0001255512 -0.03431129 0.02617632 0.01638903 -0.0299938 0.02579187 -0.01232656 0.03186428 0.02575132 -0.009038232 0.03292236 0.02567871 0.01002619 -0.03261556 0.0256245 -0.005669759 0.03367783 0.02571156 -0.008714541 -0.03327969 0.02643884 0.006692499 -0.03348584 0.02570085 -0.0006349425 0.03455447 0.02690005 -0.002270746 0.03412431 0.02585126 -0.0136985 -0.03159966 0.02655322 0.01463708 0.03108047 0.0263017 -0.03073508 0.007891428 0.01867229 0.02871198 -0.01351083 0.01867229 0.01700286 -0.02679222 0.01867229 0.0186516 -0.02567173 0.01867229 -0.02313164 -0.02172205 0.01867229 0.01528701 -0.02780697 0.01867229 0.01700286 0.02679222 0.01867229 0.03017893 -0.009805729 0.01867229 -0.02950367 0.01168133 0.01867229 0.007891428 -0.03073508 0.01867229 -0.01168133 -0.02950367 0.01867229 -0.01700286 0.02679222 0.01867229 -0.02567173 -0.0186516 0.01867229 0.02313164 0.02172205 0.01867229 -0.01535825 -0.03062969 0.02603944 0.002959161 0.03389064 0.02532706 -0.001942721 -0.03399864 0.02542747 0.006350771 0.03356812 0.02574599 -0.005352499 -0.03378862 0.02588083 -0.0199288 -0.0280638 0.02649181 0.01925369 0.02857573 0.02659921 -0.02140298 -0.02678526 0.02610242 -0.01046602 -0.03255317 0.02583518 0.02073637 0.02732623 0.02615257 0.01625586 0.03005542 0.0257643 -0.02776416 -0.02028912 0.02639722 -0.02883045 -0.01862038 0.02620316 -0.02983506 -0.01685409 0.02604529 -0.03070193 -0.01512115 0.02592069 -0.03305683 -0.01065332 0.02739684 -0.03229705 -0.01119288 0.0257983 -0.03280948 -0.009544247 0.02576318 -0.03372088 -0.005672291 0.0258363 -0.03331567 -0.007619805 0.02578194 -0.03358899 -0.002561219 0.02435809 -0.03432317 0.0002503639 0.02621289 -0.03373273 -0.0006359342 0.02451001 0.0303178 0.01682757 0.02723293 0.02936791 0.01856244 0.02742997 0.03043752 0.01780656 0.02894581 -0.03377004 0.001400648 0.02468558 -0.03370491 0.003378059 0.02490289 -0.03326896 0.007295955 0.02544339 -0.0335415 0.005321616 0.02515675 0.02482314 0.02310627 0.02501684 -0.03206476 0.01030621 0.02434026 -0.03154098 0.01218469 0.02472527 0.02983139 -0.01661007 0.02568872 -0.02731993 0.02025397 0.02529583 -0.02825946 0.01858485 0.02475513 0.02784171 -0.01932717 0.02495731 0.001233702 0.03362492 0.02424477 -0.02385894 0.02421681 0.02525737 -0.02500571 0.0227095 0.02462659 0.0245219 -0.0234095 0.02498426 -0.0003682705 -0.03369014 0.02437455 0.02560571 -0.02187384 0.02432948 -0.01989535 0.02765657 0.02547141 0.02068079 -0.02698442 0.02526384 -0.02120566 0.02634782 0.02475055 0.0219391 -0.02563622 0.02452031 0.02720933 0.02090431 0.02617876 0.01781261 -0.0288459 0.02498627 -0.01386539 0.0309094 0.02491179 -0.01534439 0.02988032 0.02407719 -0.003755173 -0.03359799 0.02470921 -0.008945678 -0.03256247 0.02459785 0.01326921 -0.03144781 0.02565594 0.004750378 0.03342898 0.02458591 0.01474405 -0.03044599 0.02477023 -0.0072796 0.03303869 0.02477892 -0.01677601 0.02877238 0.02325097 0.008266595 -0.03278056 0.02470815 0.01480896 0.03030316 0.02447919 -0.003874177 0.03364012 0.02487 -0.03334196 -0.00453339 0.02424825 -0.000486562 0.03392264 0.02505521 -0.01835761 0.02824159 0.02434985 0.01152273 -0.03178781 0.0247226 0.00277738 0.03322739 0.02335958 -0.007142651 -0.03322366 0.02522 0.02045497 -0.02634599 0.02339204 0.01914699 -0.02763415 0.02416242 -0.0197184 0.02699828 0.02361876 -0.01387724 -0.03083377 0.02472523 0.01311886 0.03127783 0.02503053 -0.01218914 -0.0317377 0.02526396 0.02425551 -0.02278254 0.02316747 0.02314146 -0.02422027 0.02381116 -0.02365381 0.02352178 0.02340337 -0.02245778 0.02497115 0.02406099 -0.01065936 -0.03182344 0.02399355 -0.01675337 0.03298977 0.03399737 -0.02633799 0.02598674 0.03399737 -0.02490514 0.02736301 0.03399737 -0.02520725 0.0263215 0.03238237 0.01935362 0.0315347 0.03399737 0.0210184 0.0304504 0.03399737 -0.02340048 0.02866038 0.03399737 -0.02182835 0.02987512 0.03399737 -0.01495844 0.03384147 0.03399737 -0.01312038 0.0345956 0.03399737 0.01763304 -0.03252808 0.03399737 0.01586162 -0.03342767 0.03399737 0.02702618 0.02527025 0.03399737 0.02834365 0.02378314 0.03399737 0.03072984 0.0206077 0.03399737 -0.005444382 0.03659725 0.03399737 -0.003472117 0.03683673 0.03399737 -0.01124449 -0.03524998 0.03399737 0.008371583 -0.03604049 0.03399737 0.006424983 -0.03643789 0.03399737 -0.01312038 -0.0345956 0.03399737 -0.01495844 -0.03384147 0.03399737 0.03072984 -0.0206077 0.03399737 0.02957938 -0.02222746 0.03399737 -0.03321171 -0.01630897 0.03399737 -0.03403924 -0.01450276 0.03399737 -0.03634835 -0.006913589 0.03399737 -0.03666704 -0.004952566 0.03399737 -0.03228842 0.01806815 0.03399737 -0.03127203 0.01977524 0.03399737 -0.02182835 -0.02987512 0.03399737 -0.02340048 -0.02866038 0.03399737 -0.02490514 -0.02736301 0.03399737 -0.02633799 -0.02598674 0.03399737 0.002481873 0.03691667 0.03399737 0.004459857 0.03673023 0.03399737 -0.00148984 0.03696999 0.03399737 0.0004967326 0.03699667 0.03399737 -0.01675337 -0.03298977 0.03399737 -0.0185 -0.03204294 0.03399737 -0.03698666 -0.0009933757 0.03399737 -0.03698666 0.0009933757 0.03399737 -0.03643928 3.678336e-17 0.03236618 -0.03403924 0.01450276 0.03399737 -0.03321171 0.01630897 0.03399737 -0.02897196 0.0230136 0.03399737 -0.0276949 0.02453554 0.03399737 -0.02793304 0.02341398 0.03239204 -0.01124449 0.03524998 0.03399737 0.01029405 0.03553917 0.03399737 0.01218683 0.03493539 0.03399737 -0.03127203 -0.01977524 0.03399737 -0.03228842 -0.01806815 0.03399737 0.01586162 0.03342767 0.03399737 0.01763304 0.03252808 0.03399737 -0.0276949 -0.02453554 0.03399737 -0.02897196 -0.0230136 0.03399737 0.03179169 -0.01892852 0.03399737 0.0004967326 -0.03699667 0.03399737 -0.00148984 -0.03696999 0.03399737 -0.0004892049 -0.036436 0.03236618 0.01218683 -0.03493539 0.03399737 0.01029405 -0.03553917 0.03399737 -0.03476863 -0.01265475 0.03399737 -0.03539777 -0.01077024 0.03399737 -0.03539777 0.01077024 0.03399737 -0.03476863 0.01265475 0.03399737 0.0336376 0.01541142 0.03399737 -0.03666704 0.004952566 0.03399737 -0.03634835 0.006913589 0.03399737 -0.0359674 0.005845272 0.03236618 0.02416152 -0.0280218 0.03399737 0.02262257 -0.02927831 0.03399737 0.03509585 -0.01171672 0.03399737 0.03441634 -0.01358365 0.03399737 0.02834365 -0.02378314 0.03399737 0.02702618 -0.02527025 0.03399737 0.02727923 -0.02416678 0.03238088 0.004459857 -0.03673023 0.03399737 0.002481873 -0.03691667 0.03399737 -0.003472117 -0.03683673 0.03399737 -0.005444382 -0.03659725 0.03399737 0.0210184 -0.0304504 0.03399737 0.01935362 -0.0315347 0.03399737 0.006424983 0.03643789 0.03399737 0.008371583 0.03604049 0.03399737 0.02262257 0.02927831 0.03399737 0.01782932 0.0289462 0.02526012 -0.02609123 0.02113083 0.02403302 0.01637727 0.02927232 0.02393851 -0.01085121 -0.0310891 0.02215276 -0.009200147 -0.03183887 0.02277251 0.02950433 -0.0158136 0.0237428 0.02870701 -0.01766736 0.02442058 -0.02005711 -0.02721024 0.02469881 0.01649553 0.02848341 0.02211417 0.01502067 0.02950131 0.02266675 -0.02663162 -0.02092576 0.02488993 -0.02972053 -0.01585314 0.02435168 -0.02881827 -0.01751828 0.0244704 0.009822253 -0.03200105 0.02374142 -0.03299124 -0.006490779 0.02417535 -0.03253695 -0.008428472 0.02413813 -0.03122954 0.01127129 0.02294661 0.02602581 0.02157613 0.02470688 -0.031981 -0.0103386 0.02413721 -0.02776612 -0.01926911 0.02468034 0.02491089 0.02211223 0.0232605 -0.0248295 0.0219903 0.02284802 -0.0210054 0.02570313 0.02292696 0.02170834 -0.02498733 0.02265228 0.03083941 -0.01226168 0.0229068 0.03194774 0.01322022 0.02694289 -0.02591314 0.02037166 0.02225053 0.02996463 -0.01314608 0.0215509 0.03023993 -0.0140771 0.02339643 -0.01528701 0.02780697 0.01867229 -0.01487772 -0.03276656 0.03104763 0.004157617 -0.03575848 0.03108646 -0.03592485 0.008854679 0.03399737 -0.02378414 0.0276129 0.03237961 0.0256308 -0.02668449 0.03399737 0.03079788 -0.01948441 0.03237937 0.02149917 0.02942459 0.03237416 -0.02661437 0.02490214 0.03239091 -0.03639323 -0.001976014 0.03238818 -0.01560669 -0.03293636 0.03238818 0.001469277 0.03641234 0.03237402 -0.03315908 0.01271757 0.02967516 -0.03075434 -0.01411099 0.0247962 0.0356334 -0.008064646 0.03264352 -0.01275888 0.03366141 0.0310834 -0.03017893 0.009805729 0.01867229 0.03465867 -6.147511e-18 0.02718622 0.03407333 -5.769388e-18 0.02548344 0.03433437 0.001558991 0.0263457 0.035244 -6.525633e-18 0.02888902 0.03582933 -6.903756e-18 0.03059179 0.03550344 -0.001496647 0.02973545 -0.03016548 0.0214253 0.03399737 -0.03688002 -0.002977263 0.03399737 0.033488 -5.391266e-18 0.02378065 0.03290267 -5.013144e-18 0.02207787 0.03316835 -0.001489473 0.02294799 -0.03588413 -0.001194535 0.03080901 0.004933442 -0.03295174 0.023289 0.03494403 -0.001364128 0.0280938 -0.03008056 -0.01450938 0.02351604 0.02383886 -0.02247694 0.02167555 0.03570088 -0.004138552 0.0309136 0.03517847 -0.003088369 0.02909199 0.03231734 -4.635021e-18 0.02037507 0.03257978 -0.001503626 0.02123943 -0.02487669 0.02126067 0.02155835 0.03257694 0.001552362 0.02123783 -0.03592485 -0.008854679 0.03399737 -0.02093866 -0.03000321 0.03279638 0.000966239 0.03317871 0.0229218 0.02588605 0.02530535 0.03167042 0.02996584 -0.02008487 0.03130437 -0.006356214 0.03604788 0.03284529 0.03216669 0.001424176 0.02002851 0.03459953 -0.002723562 0.02732553 -0.03592208 0.0007871551 0.03088668 0.03492708 0.001421274 0.02805115 -0.03132812 -0.01107921 0.02302866 0.03073366 -0.01865742 0.03095312 -0.0138392 0.03028154 0.02321649 0.03609933 -0.001363234 0.0314521 0.03609476 0.0014832 0.03145255 0.03280048 -0.002730933 0.02211073 0.029538 -0.01459421 0.02220592 -0.02444993 -0.02022674 0.01867229 -0.02297775 0.02769194 0.03104061 -0.02894543 -0.01655331 0.02336294 0.03641467 -7.281878e-18 0.03229459 0.02190936 0.02850277 0.03094386 0.03552655 -0.005548233 0.03096369 0.02768653 -0.01855348 0.02331606 0.03522626 -0.007425491 0.03108939 0.03576294 -0.002536156 0.03065992 0.02583655 0.02013148 0.02164444 -0.03571017 0.004831327 0.03119157 0.03279671 0.002771157 0.02210958 0.02616877 0.02565898 0.03297781 0.031732 -7e-18 0.01867229 0.03211848 -0.001347189 0.01987872 0.037 -1.5e-17 0.03399737 0.03656021 -0.001326618 0.03278798 0.03656021 0.001326618 0.03278798 0.02957938 0.02222746 0.03399737 0.02860727 -0.01689681 0.02301455 -0.007045796 0.03254086 0.02321891 -0.03307562 -0.003209331 0.02303287 -0.03280264 -0.005176711 0.02296784 -0.0208854 0.02513965 0.02143987 -0.02767552 -0.01858168 0.02333516 -0.01374669 0.02971277 0.02160075 0.0004862247 -0.03607289 0.03130984 -0.000831393 -0.03322449 0.02304432 0.0004886841 0.03605155 0.03124786 -0.03324058 -0.001169864 0.02312073 0.02634417 -0.02460985 0.03123605 0.03460374 0.00247371 0.02728333 -0.03242417 -0.007197776 0.02298202 0.0330347 -0.004115057 0.02320468 -0.03016548 -0.0214253 0.03399737 -0.035436 0.006732858 0.03129178 -0.03193161 -0.009149109 0.02299075 0.03078632 -6e-18 0.01799736 0.03072175 0.001992793 0.01799736 0.03131769 0.001111982 0.01816293 0.0307025 -0.006862822 0.01825849 0.03131769 -0.001111982 0.01816293 0.03105414 0.00493907 0.01824447 -0.0207981 0.02359081 0.01824913 -0.0207981 -0.02359081 0.01824913 -0.01064956 -0.02958029 0.01823968 -0.01064956 0.02958029 0.01823968 0.03104076 -0.004916373 0.01823013 -0.01925509 0.02482351 0.01822051 -0.01925509 -0.02482351 0.01822051 -0.01247198 0.02882104 0.01821083 -0.01247198 -0.02882104 0.01821083 0.03125196 -0.00295418 0.01820111 0.03125196 0.00295418 0.01820111 -0.01652979 -0.02597235 0.01799736 -0.01481394 -0.02698786 0.01799736 -0.0159638 -0.02697517 0.01816792 -0.01481394 0.02698786 0.01799736 -0.01652979 0.02597235 0.01799736 -0.0159638 0.02697517 0.01816792 -0.01763717 -0.02595231 0.01819135 -0.01763717 0.02595231 0.01819135 -0.01422917 0.02795146 0.0181817 -0.01422917 -0.02795146 0.0181817 -0.01303596 -0.02789016 0.01799736 -0.01303596 0.02789016 0.01799736 -0.01817632 0.02484792 0.01799736 -0.01817632 -0.02484792 0.01799736 0.03052833 0.003977227 0.01799736 0.03052833 -0.003977227 0.01799736 0.03072175 -0.001992793 0.01799736 -0.01120329 -0.02867549 0.01799736 -0.01120329 0.02867549 0.01799736 -0.0197466 -0.02361926 0.01799736 -0.0197466 0.02361926 0.01799736 0.03020686 -0.005944979 0.01799736 -0.009323639 0.02934054 0.01799736 -0.009323639 -0.02934054 0.01799736 0.03020686 0.005944979 0.01799736 -0.02123405 -0.02229153 0.01799736 -0.02123405 0.02229153 0.01799736 0.0297587 -0.007887795 0.01799736 0.01026885 0.02902323 0.01799736 0.01026885 -0.02902323 0.01799736 0.01212598 0.02829766 0.01799736 0.01212598 -0.02829766 0.01799736 -0.03038353 -0.004963706 0.01799736 -0.03038353 0.004963706 0.01799736 -0.03064111 -0.002986576 0.01799736 -0.03064111 0.002986576 0.01799736 0.01897141 -0.0242463 0.01799736 0.01897141 0.0242463 0.01799736 0.01736216 -0.02542347 0.01799736 0.01736216 0.02542347 0.01799736 0.01393226 0.02745341 0.01799736 0.01393226 -0.02745341 0.01799736 -0.03077017 -0.0009969192 0.01799736 -0.03077017 0.0009969192 0.01799736 0.01568009 -0.026494 0.01799736 0.01568009 0.026494 0.01799736 0.03136723 -2.236073e-18 0.0181834 0.02918571 -0.009797529 0.01799736 0.02849031 -0.01166617 0.01799736 0.02767541 -0.01348588 0.01799736 0.02674443 -0.01524902 0.01799736 0.02570128 -0.0169482 0.01799736 0.02455033 -0.0185763 0.01799736 0.0232964 -0.02012648 0.01799736 0.02194476 -0.02159224 0.01799736 0.02050108 -0.02296744 0.01799736 0.008368647 -0.02962707 0.01799736 0.006433342 -0.03010663 0.01799736 0.004471053 -0.03045992 0.01799736 0.002490011 -0.03068546 0.01799736 0.000498525 -0.03078228 0.01799736 -0.001495052 -0.03074999 0.01799736 -0.003482358 -0.03058873 0.01799736 -0.005455058 -0.03029917 0.01799736 -0.007404878 -0.02988252 0.01799736 -0.02263245 -0.0208703 0.01799736 -0.02393592 -0.01936154 0.01799736 -0.02513899 -0.01777157 0.01799736 -0.02623662 -0.01610706 0.01799736 -0.0272242 -0.01437498 0.01799736 -0.0280976 -0.01258262 0.01799736 -0.02885314 -0.01073748 0.01799736 -0.02948767 -0.008847301 0.01799736 -0.02999851 -0.006920017 0.01799736 -0.02999851 0.006920017 0.01799736 -0.02948767 0.008847301 0.01799736 -0.02885314 0.01073748 0.01799736 -0.0280976 0.01258262 0.01799736 -0.0272242 0.01437498 0.01799736 -0.02623662 0.01610706 0.01799736 -0.02513899 0.01777157 0.01799736 -0.02393592 0.01936154 0.01799736 -0.02263245 0.0208703 0.01799736 -0.007404878 0.02988252 0.01799736 -0.005455058 0.03029917 0.01799736 -0.003482358 0.03058873 0.01799736 -0.001495052 0.03074999 0.01799736 0.000498525 0.03078228 0.01799736 0.002490011 0.03068546 0.01799736 0.004471053 0.03045992 0.01799736 0.006433342 0.03010663 0.01799736 0.008368647 0.02962707 0.01799736 0.02050108 0.02296744 0.01799736 0.02194476 0.02159224 0.01799736 0.0232964 0.02012648 0.01799736 0.02455033 0.0185763 0.01799736 0.02570128 0.0169482 0.01799736 0.02674443 0.01524902 0.01799736 0.02767541 0.01348588 0.01799736 0.02849031 0.01166617 0.01799736 0.02918571 0.009797529 0.01799736 0.0297587 0.007887795 0.01799736 -0.01657873 -0.03081449 0.03399737 -0.01426443 -0.03042024 0.03399737 -0.01576479 -0.02902781 0.03399737 0.02880147 -0.01663561 0.03399737 0.02983328 -0.0187087 0.03399737 0.03081358 -0.01708106 0.03399737 -0.03343646 0.01108684 0.03399737 -0.01518076 -0.03208561 0.03399737 -0.02292902 -0.02660848 0.03399737 -0.02061716 -0.02556672 0.03399737 -0.02234134 -0.02443147 0.03399737 -0.02488551 0.02203039 0.03399737 -0.02574555 0.02402807 0.03399737 -0.02699734 0.02262578 0.03399737 0.03424132 0.008439727 0.03399737 0.03281236 0.00651323 0.03399737 0.0348971 0.006389226 0.03399737 0.03251718 0.008555392 0.03399737 -0.02819698 -0.02115005 0.03399737 -0.02710239 -0.01926784 0.03399737 -0.02927767 -0.01957648 0.03399737 -0.03122657 0.01638897 0.03399737 -0.02902331 0.01625273 0.03399737 -0.03025865 0.01807698 0.03399737 0.02815066 -0.01833391 0.03399737 0.02464007 -0.02186267 0.03399737 0.02621695 -0.02318469 0.03399737 0.02642582 -0.02100403 0.03399737 -0.02095894 -0.02783453 0.03399737 -0.006262236 0.03423597 0.03399737 0.02510372 0.02476893 0.03399737 0.02391809 0.0230845 0.03399737 0.02648429 0.02346304 0.03399737 0.02559182 0.02165187 0.03399737 -0.02271628 0.02672664 0.03399737 -0.02093342 0.02539249 0.03399737 -0.02062621 0.02734174 0.03399737 0.02228125 -0.02727986 0.03399737 0.0227276 -0.02476225 0.03399737 0.02076803 -0.02557198 0.03399737 0.02846487 -0.02027143 0.03399737 0.02668417 -0.01910749 0.03399737 -0.009766104 -0.03379598 0.03399737 -0.007583436 -0.03280147 0.03399737 -0.009182967 -0.03161534 0.03399737 0.02791429 -0.02215075 0.03399737 0.01607028 0.03097405 0.03399737 -0.02853777 -0.01774564 0.03399737 0.0334804 -0.002808646 0.03399737 0.03525337 -0.0009468236 0.03399737 0.03325215 -0.000797409 0.03399737 -0.02271319 0.02453906 0.03399737 0.03548978 -0.002854087 0.03399737 -0.02832504 0.0182498 0.03399737 -0.0328035 0.01294709 0.03399737 -0.03400238 0.009355995 0.03399737 0.02388253 -0.0262472 0.03399737 0.01348465 -0.03086845 0.03399737 0.01596827 -0.03144378 0.03399737 0.01511085 -0.02966826 0.03399737 -0.02660519 0.02071049 0.03399737 0.01441707 -0.03258624 0.03399737 -0.01338631 -0.03262673 0.03399737 -0.03117094 0.01119502 0.03399737 -0.030751 0.01335578 0.03399737 -0.02414052 0.02367298 0.03399737 -0.02430383 -0.02523452 0.03399737 -0.01252071 -0.03101305 0.03399737 -0.02659606 -0.02105007 0.03399737 -0.03446669 -0.007558216 0.03399737 -0.03285286 -0.0062594 0.03399737 -0.03489343 -0.005731616 0.03399737 0.03316827 -0.004969451 0.03399737 0.03290626 -0.006973931 0.03399737 0.03467859 -0.006457597 0.03399737 -0.02010991 -0.02932991 0.03399737 -0.007866976 -0.03459451 0.03399737 -0.008042074 0.03447965 0.03399737 -0.004128021 0.03488855 0.03399737 0.03498168 -0.004562585 0.03399737 0.03380896 0.001128283 0.03399737 0.003309404 0.03511046 0.03399737 0.004031144 0.03315672 0.03399737 0.00520425 0.03498307 0.03399737 -0.01900474 -0.02661784 0.03399737 -0.01884957 -0.02835689 0.03399737 -0.03035458 0.01496253 0.03399737 0.00446641 -0.03326643 0.03399737 0.003309404 -0.03511046 0.03399737 0.004943901 -0.03516799 0.03399737 0.03564313 0.001035691 0.03399737 0.01143837 -0.03162434 0.03399737 0.009565506 -0.03235691 0.03399737 0.01087685 -0.03360628 0.03399737 0.01706131 -0.02919431 0.03399737 0.01272632 -0.03296041 0.03399737 0.0190685 0.02811023 0.03399737 0.01937158 0.02988524 0.03399737 0.01731009 0.02920829 0.03399737 0.0178166 0.03075505 0.03399737 0.01786021 -0.03084348 0.03399737 0.002424364 -0.03363221 0.03399737 -0.01122213 -0.03218761 0.03399737 0.01425745 0.03225557 0.03399737 -0.0004451412 0.0353204 0.03399737 0.0004576155 0.03345222 0.03399737 0.001424128 0.03533938 0.03399737 -0.03366372 -0.00129618 0.03399737 -0.03527293 -0.002115583 0.03399737 -0.03372332 -0.003166254 0.03399737 -0.009712443 0.03399787 0.03399737 -0.009862932 0.03215197 0.03399737 -0.007951145 0.03281161 0.03399737 0.03382201 0.01009235 0.03399737 0.01411479 0.02996955 0.03399737 0.01249733 0.03112325 0.03399737 0.02017261 -0.02754875 0.03399737 -0.006357029 0.03191689 0.03399737 0.02498566 -0.02496599 0.03399737 0.03520668 0.003010962 0.03399737 0.03404756 0.004750295 0.03399737 0.03349527 0.003089305 0.03399737 0.0323284 0.01028939 0.03399737 0.02426872 -0.02345057 0.03399737 0.03561086 0.004809909 0.03399737 -0.01349924 0.03064455 0.03399737 -0.01170258 0.03144208 0.03399737 -0.01332225 0.03262586 0.03399737 0.01763251 -0.02326149 0.03399737 0.01727106 -0.02522263 0.03399737 0.01918586 -0.02438531 0.03399737 -0.03378979 -0.004697733 0.03399737 -0.0352156 -0.003940273 0.03399737 -0.02577972 -0.02397237 0.03399737 0.02987282 0.01651544 0.03399737 0.02985181 0.01871764 0.03399737 0.02832388 0.01758963 0.03399737 -0.01527615 0.02981857 0.03399737 -0.01686586 0.03103594 0.03399737 -0.01703745 0.02887984 0.03399737 -0.002805494 0.03354568 0.03399737 -0.004583222 0.03279835 0.03399737 0.01563017 0.02874988 0.03399737 0.03168731 0.01547943 0.03399737 0.02985475 0.01449378 0.03399737 0.03142793 0.01331986 0.03399737 -0.03127583 -0.01642939 0.03399737 -0.03006428 -0.01480776 0.03399737 -0.03215396 -0.01473168 0.03399737 -0.02189066 0.02833106 0.03399737 0.03008466 -0.01547448 0.03399737 -0.03345972 0.00261608 0.03399737 -0.03520829 0.001811626 0.03399737 -0.03353513 0.0006364543 0.03399737 0.03117248 0.01744369 0.03399737 -0.01073501 -0.03035586 0.03399737 -0.008723758 -0.02770976 0.03399737 -0.01058076 -0.02842585 0.03399737 -0.008930322 -0.02963537 0.03399737 -0.02444755 0.02542078 0.03399737 -0.002388006 -0.0341401 0.03399737 -0.0006385686 -0.03525098 0.03399737 -0.0006773623 -0.03335519 0.03399737 0.005907632 0.03342384 0.03399737 -0.0310217 0.009161413 0.03399737 -0.03247627 0.009702341 0.03399737 -0.0328035 -0.01294709 0.03399737 -0.03152335 -0.01150713 0.03399737 -0.03354045 -0.01121753 0.03399737 0.002213281 0.0338119 0.03399737 -0.01176226 -0.03371829 0.03399737 -0.01152682 0.03338443 0.03399737 -0.03269697 -0.008371761 0.03399737 0.01891785 -0.02630585 0.03399737 0.007054123 0.03455338 0.03399737 0.007604782 0.03269704 0.03399737 0.008917157 0.03422228 0.03399737 -0.01512605 0.03184702 0.03399737 0.006214167 -0.03413779 0.03399737 -0.01861736 0.03006835 0.03399737 -0.03206443 0.01474435 0.03399737 0.007576639 -0.03479557 0.03399737 -0.02537562 -0.02207311 0.03399737 -0.02386793 -0.02323281 0.03399737 -0.005967471 -0.03380857 0.03399737 -0.03123432 0.007288906 0.03399737 -0.03304628 0.006483768 0.03399737 -0.03145836 0.005399986 0.03399737 -0.001327845 0.03397932 0.03399737 -0.03535146 -0.0001212211 0.03399737 0.03165532 -0.01554469 0.03399737 0.03077419 -0.01375851 0.03399737 -0.01234623 -0.02925709 0.03399737 0.02758694 0.02204837 0.03399737 0.03308521 0.01207477 0.03399737 0.03118643 0.01134338 0.03399737 -0.03327329 0.00459072 0.03399737 0.03256557 -0.01427482 0.03399737 -0.005674259 -0.03197837 0.03399737 -0.004082691 -0.03309217 0.03399737 0.01928479 -0.02951653 0.03399737 0.01856708 -0.02795966 0.03399737 0.02109608 -0.02887291 0.03399737 0.0266451 0.01677259 0.03399737 0.02822373 0.01559358 0.03399737 0.02704597 0.02030694 0.03399737 -0.02984507 0.004262712 0.03399737 -0.02964762 0.006220106 0.03399737 -0.03165374 0.003438794 0.03399737 -0.03181954 0.001459192 0.03399737 -0.0319815 -0.0005182147 0.03399737 -0.03020933 0.0003070014 0.03399737 -0.03003159 0.002284834 0.03399737 -0.02784674 0.007064326 0.03399737 -0.02946419 0.00821802 0.03399737 -0.02803703 0.005086688 0.03399737 -0.02641956 0.003933015 0.03399737 -0.02622923 0.005910627 0.03399737 -0.02822691 0.003109038 0.03399737 -0.03039783 -0.001669142 0.03399737 -0.02860616 -0.0008460861 0.03399737 -0.02699084 -0.001999794 0.03399737 -0.0287953 -0.002823559 0.03399737 -0.02556381 -0.005131093 0.03399737 -0.02375595 -0.004307179 0.03399737 -0.0253734 -0.003153487 0.03399737 -0.02841719 0.001131436 0.03399737 -0.02356555 -0.002329573 0.03399737 -0.02194809 -0.003483266 0.03399737 -0.02175769 -0.001505659 0.03399737 -0.0215673 0.0004719477 0.03399737 -0.02318475 0.001625641 0.03399737 -0.02337515 -0.0003519663 0.03399737 -0.0249926 0.0008017266 0.03399737 -0.02680033 -2.21983e-05 0.03399737 -0.02518299 -0.001175881 0.03399737 -0.02661001 0.001955416 0.03399737 -0.02442141 0.006734549 0.03399737 -0.02603887 0.007888241 0.03399737 -0.02461179 0.004756939 0.03399737 -0.02480219 0.002779332 0.03399737 -0.01994984 -0.0006817458 0.03399737 0.003552308 0.01002913 0.03399737 0.00193485 0.01118282 0.03399737 0.001744451 0.009205215 0.03399737 -0.004534985 0.0157976 0.03399737 -0.006342842 0.01497368 0.03399737 -0.004725383 0.01381999 0.03399737 -0.004915782 0.01184238 0.03399737 -0.00653324 0.01299608 0.03399737 -0.006723639 0.01101847 0.03399737 -0.008341098 0.01217216 0.03399737 0.0003173913 0.01233652 0.03399737 0.0001269925 0.01035891 0.03399737 -0.008531497 0.01019456 0.03399737 -0.001490466 0.0115126 0.03399737 -0.001300067 0.01349021 0.03399737 -0.003107925 0.0126663 0.03399737 -0.002917526 0.0146439 0.03399737 0.002981112 0.004096306 0.03399737 0.003171511 0.006073914 0.03399737 0.001363653 0.00525 0.03399737 -0.02423102 0.008712155 0.03399737 -0.02261356 0.007558463 0.03399737 -0.01357427 0.01167803 0.03399737 -0.01519173 0.01283172 0.03399737 -0.01538213 0.01085412 0.03399737 -0.01176641 0.01250194 0.03399737 -0.01157602 0.01447955 0.03399737 -0.01338387 0.01365564 0.03399737 -0.01376467 0.009700422 0.03399737 -0.01014896 0.01134825 0.03399737 -0.02280395 0.005580855 0.03399737 -0.01557253 0.008876509 0.03399737 -0.01319347 0.01563324 0.03399737 -0.01500133 0.01480933 0.03399737 -0.01738038 0.008052596 0.03399737 -0.01718999 0.0100302 0.03399737 -0.0209961 0.006404769 0.03399737 -0.0211865 0.004427162 0.03399737 -0.009958556 0.01332586 0.03399737 0.00336191 0.00805152 0.03399737 -0.02242316 0.00953607 0.03399737 -0.0208057 0.008382377 0.03399737 -0.0213769 0.002449555 0.03399737 -0.01956904 0.003273468 0.03399737 0.003742707 0.01200673 0.03399737 0.002125249 0.01316043 0.03399737 -0.01937864 0.005251075 0.03399737 -0.0206153 0.01035998 0.03399737 -0.01899784 0.009206289 0.03399737 -0.01880744 0.0111839 0.03399737 -0.02299435 0.003603248 0.03399737 -0.009768158 0.01530346 0.03399737 -0.01776118 0.004097382 0.03399737 -0.01033935 0.009370642 0.03399737 -0.005486979 0.005909561 0.03399737 -0.007294836 0.005085648 0.03399737 -0.005677377 0.003931954 0.03399737 -0.007485235 0.003108041 0.03399737 -0.01918824 0.007228683 0.03399737 -0.00386952 0.004755867 0.03399737 -0.004059918 0.00277826 0.03399737 -0.002252061 0.003602174 0.03399737 -0.01757078 0.006074989 0.03399737 0.001554052 0.007227607 0.03399737 -0.001109668 0.01546782 0.03399737 -0.01975944 0.001295861 0.03399737 -0.01576293 0.006898902 0.03399737 -0.00821494 0.03105843 0.03399737 -0.006617622 0.02996255 0.03399737 0.0299959 -0.002496522 0.03399737 0.02838538 -0.001343457 0.03399737 0.02819401 -0.003320982 0.03399737 -0.004813495 0.03079678 0.03399737 0.02980335 -0.00447404 0.03399737 0.02800459 -0.005298671 0.03399737 0.02960635 -0.006451451 0.03399737 0.02781175 -0.007276208 0.03399737 -0.00501005 0.02881693 0.03399737 0.02940729 -0.008429729 0.03399737 0.02762379 -0.009253884 0.03399737 0.02922883 -0.0104122 0.03399737 -0.003202541 0.02963981 0.03399737 -0.005200449 0.02683932 0.03399737 -0.00358299 0.02568563 0.03399737 -0.003392664 0.02766305 0.03399737 0.02742928 -0.01123207 0.03399737 0.03176486 -0.001668845 0.03399737 0.03195314 0.0003089868 0.03399737 0.03018344 -0.0005186053 0.03399737 0.0048851 0.02387238 0.03399737 0.003077242 0.02304846 0.03399737 0.004694701 0.02189477 0.03399737 0.00631216 0.02074108 0.03399737 0.008120017 0.02156499 0.03399737 0.006502559 0.02271868 0.03399737 0.008310416 0.0235426 0.03399737 0.006692957 0.02469629 0.03399737 -0.001584821 0.02848703 0.03399737 -0.001775133 0.02650954 0.03399737 3.255674e-05 0.02733322 0.03399737 -0.001965532 0.02453194 0.03399737 -0.0003480733 0.02337824 0.03399737 -0.0001577024 0.02535581 0.03399737 0.003267641 0.02502607 0.03399737 -0.02014024 -0.002659353 0.03399737 -0.01833238 -0.001835439 0.03399737 0.02581593 -0.0100778 0.03399737 0.02562485 -0.0120555 0.03399737 0.007929617 0.01958738 0.03399737 0.001459779 0.02420215 0.03399737 -0.02727554 0.01299715 0.03399737 -0.02713587 0.01499375 0.03399737 -0.02889299 0.01415084 0.03399737 0.02419847 -0.008924106 0.03399737 0.02239062 -0.009748018 0.03399737 0.02400794 -0.01090173 0.03399737 -0.02547613 0.01382423 0.03399737 -0.02365982 0.01464498 0.03399737 -0.02528359 0.01580057 0.03399737 0.001650119 0.02617968 0.03399737 0.006121761 0.01876347 0.03399737 0.00773922 0.01760978 0.03399737 -0.02793477 -0.01188706 0.03399737 -0.026135 -0.01106391 0.03399737 -0.0277499 -0.009909929 0.03399737 -0.03111873 -0.009469049 0.03399737 -0.02936992 -0.008756527 0.03399737 -0.03099411 -0.007517923 0.03399737 0.02201168 0.02222347 0.03399737 0.02362087 0.02105892 0.03399737 -0.02955302 -0.01073316 0.03399737 0.0220992 0.02407425 0.03399737 -0.02632191 -0.01304147 0.03399737 -0.02470794 -0.01419522 0.03399737 -0.02451696 -0.0122176 0.03399737 0.03036912 0.001459461 0.03399737 0.02857371 0.0006343486 0.03399737 0.009831744 0.003436746 0.03399737 0.01002214 0.005414353 0.03399737 0.008214285 0.004590439 0.03399737 0.01363786 0.00706218 0.03399737 0.01544571 0.007886093 0.03399737 0.01382826 0.009039785 0.03399737 0.003648439 0.02898129 0.03399737 0.00203098 0.03013498 0.03399737 0.001840401 0.02815712 0.03399737 0.02055901 0.02531888 0.03399737 0.02037281 0.02335005 0.03399737 -0.02308862 0.0205778 0.03399737 -0.02128077 0.02140171 0.03399737 -0.02289823 0.02255541 0.03399737 0.01021254 0.00739196 0.03399737 0.008404684 0.006568047 0.03399737 0.008595083 0.008545653 0.03399737 0.0116396 0.004260659 0.03399737 0.02724299 -0.0132091 0.03399737 -0.02290009 -0.0133713 0.03399737 0.02543513 -0.01403301 0.03399737 0.02903862 -0.01238401 0.03399737 0.004123505 0.01596195 0.03399737 0.005931362 0.01678586 0.03399737 0.004313903 0.01793956 0.03399737 0.01534958 0.02485802 0.03399737 0.01373186 0.02601214 0.03399737 0.01354342 0.02403652 0.03399737 0.02096355 -0.006616717 0.03399737 0.0191557 -0.007440631 0.03399737 0.02077316 -0.008594324 0.03399737 -0.001395408 0.03046326 0.03399737 -0.02309049 -0.01534891 0.03399737 0.009737474 0.02041129 0.03399737 0.01877676 0.02453086 0.03399737 0.01858636 0.02255326 0.03399737 -0.01395693 -0.02820389 0.03399737 0.01706317 0.006732399 0.03399737 0.01725357 0.008710007 0.03399737 0.02353301 0.002117624 0.03399737 0.02191555 0.003271318 0.03399737 0.02172515 0.001293711 0.03399737 -0.005298442 -0.02803954 0.03399737 -0.006915901 -0.02688585 0.03399737 -0.007083226 -0.02886521 0.03399737 0.0114492 0.002283052 0.03399737 0.009641345 0.001459139 0.03399737 0.0112588 0.0003054448 0.03399737 -0.01804585 0.01909432 0.03399737 -0.01966331 0.02024802 0.03399737 -0.01985371 0.01827041 0.03399737 -0.01395507 0.007722816 0.03399737 0.0002222041 0.02930978 0.03399737 -0.01814198 0.0001421676 0.03399737 0.005264035 -0.008099116 0.03399737 0.003456178 -0.008923031 0.03399737 0.005073637 -0.01007672 0.03399737 0.01715744 -0.01024215 0.03399737 0.01553998 -0.009088457 0.03399737 0.01534958 -0.01106606 0.03399737 0.01696704 -0.01221976 0.03399737 0.005075499 0.02584998 0.03399737 0.00345804 0.02700368 0.03399737 -0.01766505 0.02304954 0.03399737 -0.01747465 0.02502715 0.03399737 -0.01928251 0.02420323 0.03399737 0.02524473 -0.01601062 0.03399737 0.02505433 -0.01798823 0.03399737 0.02686219 -0.01716431 0.03399737 0.0156002 -0.02605973 0.03399737 0.0154198 -0.02800247 0.03399737 0.01715949 -0.02713247 0.03399737 -0.02109037 0.02337932 0.03399737 0.02182128 0.02024587 0.03399737 0.01553063 0.02682252 0.03399737 0.01306666 0.001129358 0.03399737 0.01487452 0.001953272 0.03399737 0.01325706 0.003106965 0.03399737 0.00307538 -0.01287824 0.03399737 0.002884981 -0.01485585 0.03399737 0.004692839 -0.01403194 0.03399737 0.02343874 0.01909217 0.03399737 0.01887103 0.007556312 0.03399737 0.01192613 0.02519042 0.03399737 -0.01909398 0.02617823 0.03399737 0.01563611 0.0098637 0.03399737 0.009164412 -0.02144823 0.03399737 0.008973999 -0.02342584 0.03399737 0.01078173 -0.02260191 0.03399737 0.001267523 -0.01370216 0.03399737 -0.0005403345 -0.01452607 0.03399737 0.001077124 -0.01567976 0.03399737 0.01401204 -0.02490886 0.03399737 0.01220801 -0.02573314 0.03399737 0.01381974 -0.02688628 0.03399737 -0.003020886 0.03160571 0.03399737 0.01458985 0.01695021 0.03399737 0.01639771 0.01777413 0.03399737 0.01478025 0.01892782 0.03399737 0.0171593 0.02568456 0.03399737 0.00888622 0.02946281 0.03399737 0.01071409 0.03024378 0.03399737 0.009159139 0.0313054 0.03399737 0.0189653 -0.009418238 0.03399737 0.01734784 -0.008264544 0.03399737 -0.02004411 0.0162928 0.03399737 -0.02166145 0.01744649 0.03399737 -0.02185183 0.01546888 0.03399737 -0.02927379 0.01019563 0.03399737 -0.02913001 0.01214752 0.03399737 0.006977624 0.009699347 0.03399737 0.006787226 0.00772174 0.03399737 -0.003963788 0.02173042 0.03399737 -0.005581246 0.02288411 0.03399737 -0.005771646 0.0209065 0.03399737 0.01201835 -0.02771082 0.03399737 -0.0004539454 -0.03147803 0.03399737 0.001361791 -0.03067671 0.03399737 -0.0002567698 -0.02951895 0.03399737 0.01278013 -0.01980041 0.03399737 0.01097225 -0.02062432 0.03399737 0.01258957 -0.021778 0.03399737 0.001085999 -0.03249038 0.03399737 -0.01681105 -0.02194129 0.03399737 -0.01500319 -0.02111738 0.03399737 -0.01662065 -0.01996368 0.03399737 0.02381756 -0.01287934 0.03399737 -0.00206244 -0.03034541 0.03399737 0.001269385 0.02222455 0.03399737 -0.0003499357 -0.01254846 0.03399737 0.001457922 -0.01172455 0.03399737 -0.0001595369 -0.01057086 0.03399737 0.0057391 -0.02111845 0.03399737 0.007356555 -0.02227215 0.03399737 0.007546957 -0.02029454 0.03399737 -0.02489834 -0.01617282 0.03399737 0.0003155288 -0.02359019 0.03399737 0.001932987 -0.02474389 0.03399737 0.002123386 -0.02276628 0.03399737 -0.01471666 -0.0001876128 0.03399737 -0.01652452 -0.001011526 0.03399737 -0.01490706 -0.00216522 0.03399737 0.00012513 -0.0255678 0.03399737 -0.008435366 0.02914671 0.03399737 -0.01842665 0.01513911 0.03399737 -0.01823625 0.01711672 0.03399737 -0.003773389 0.02370802 0.03399737 0.0187749 -0.01139585 0.03399737 -0.02128263 -0.01452499 0.03399737 0.003360047 -0.02787519 0.03399737 0.004977506 -0.02902888 0.03399737 0.005167903 -0.02705127 0.03399737 -0.02166343 -0.01848021 0.03399737 -0.02147303 -0.0165026 0.03399737 -0.02328089 -0.01732652 0.03399737 0.01849023 0.003601098 0.03399737 0.02010769 0.002447404 0.03399737 0.02029809 0.004425012 0.03399737 0.01658811 0.01975174 0.03399737 -0.0009192697 0.01744542 0.03399737 0.0008885877 0.01826934 0.03399737 -0.0007288709 0.01942303 0.03399737 0.01620545 -0.02013019 0.03399737 0.01601505 -0.02210779 0.03399737 0.01782568 -0.02127748 0.03399737 -0.01671492 -0.002989133 0.03399737 -0.01243374 -0.01238304 0.03399737 -0.01081628 -0.01353673 0.03399737 -0.01062588 -0.01155912 0.03399737 0.0105914 -0.02457953 0.03399737 0.006881494 -0.00925281 0.03399737 -0.03506287 0.003780471 0.03399737 0.01620731 0.01579652 0.03399737 0.01782477 0.01464283 0.03399737 0.01801517 0.01662043 0.03399737 0.0183941 -0.01535106 0.03399737 0.02020196 -0.01452715 0.03399737 0.0185845 -0.01337345 0.03399737 0.001742589 -0.02672149 0.03399737 -0.001967394 -0.01139477 0.03399737 -0.002157793 -0.01337238 0.03399737 -0.007389104 0.0220602 0.03399737 0.0005059276 -0.02161259 0.03399737 -0.01633412 0.0009660808 0.03399737 0.01011827 0.02436651 0.03399737 0.01030867 0.02634412 0.03399737 -0.01880931 -0.02474281 0.03399737 -0.01861891 -0.0227652 0.03399737 -0.02042677 -0.02358912 0.03399737 0.01677851 0.02172934 0.03399737 0.01497065 0.02090543 0.03399737 -6.526876e-05 -0.02754541 0.03399737 -0.001682727 -0.02639171 0.03399737 -0.001872945 -0.02836907 0.03399737 0.02162902 -0.01765845 0.03399737 0.01982116 -0.01848236 0.03399737 0.02143648 -0.01963132 0.03399737 0.0169689 0.02370695 0.03399737 0.03090995 0.007395166 0.03399737 0.03075696 0.005413991 0.03399737 0.0182037 -0.01732867 0.03399737 0.01801331 -0.01930627 0.03399737 0.01362022 -0.02883229 0.03399737 -0.003775252 -0.01221868 0.03399737 0.01230378 0.02914337 0.03399737 0.01050265 0.02831209 0.03399737 0.01211345 0.02716378 0.03399737 -0.02520006 -0.02013565 0.03399737 -0.02508874 -0.01815043 0.03399737 -0.01338573 -0.02227107 0.03399737 -0.01176828 -0.02342476 0.03399737 -0.01157788 -0.02144716 0.03399737 -0.005488841 -0.03001715 0.03399737 0.01649198 0.0007995778 0.03399737 0.01468412 -2.433554e-05 0.03399737 -0.01966517 -0.01567869 0.03399737 -0.01947477 -0.01370108 0.03399737 -0.0202345 0.0143152 0.03399737 0.01458799 -0.01897649 0.03399737 0.01297053 -0.0178228 0.03399737 -0.01947291 0.02222563 0.03399737 0.0120204 0.008215873 0.03399737 0.01040294 0.009369567 0.03399737 0.01287626 -0.0008482489 0.03399737 0.01449372 -0.002001943 0.03399737 0.01639585 -0.01815258 0.03399737 0.006373696 -0.03209245 0.03399737 0.004787107 -0.03100649 0.03399737 -0.009960419 -0.02260085 0.03399737 -0.00834296 -0.02375455 0.03399737 -0.008152561 -0.02177694 0.03399737 -0.007579503 0.02008259 0.03399737 -0.01423974 0.02271976 0.03399737 -0.01262228 0.02156606 0.03399737 -0.01243188 0.02354367 0.03399737 0.02600633 -0.008100192 0.03399737 0.003550446 -0.02589758 0.03399737 -0.01376653 -0.02622629 0.03399737 -0.01215726 -0.02736201 0.03399737 -0.003584853 -0.01024108 0.03399737 -0.01509746 -0.004142827 0.03399737 -0.00938736 0.01925868 0.03399737 -0.01100482 0.02041237 0.03399737 -0.01119522 0.01843476 0.03399737 0.005643859 0.03172899 0.03399737 0.007263681 0.03062014 0.03399737 -0.01414547 0.005745208 0.03399737 -0.009196961 0.02123628 0.03399737 -0.0259446 -0.009086308 0.03399737 -0.02756207 -0.007932613 0.03399737 -0.02737167 -0.005955006 0.03399737 -0.02575421 -0.0071087 0.03399737 0.002886843 0.02107086 0.03399737 0.001078986 0.02024694 0.03399737 0.002696445 0.01909325 0.03399737 -0.002538591 -0.01732759 0.03399737 -0.0009211321 -0.01848129 0.03399737 -0.0007307333 -0.01650368 0.03399737 0.009927876 0.0223889 0.03399737 0.02619673 -0.006122584 0.03399737 -0.01985557 -0.0176563 0.03399737 -0.00727621 -0.03084022 0.03399737 -0.02147116 0.0194241 0.03399737 -0.008627627 -0.008757603 0.03399737 -0.007010169 -0.009911296 0.03399737 -0.00681977 -0.007933689 0.03399737 -0.01062402 0.02436759 0.03399737 -0.01043344 0.0263448 0.03399737 -0.01224127 0.02552082 0.03399737 0.0009828559 0.001294786 0.03399737 0.001173255 0.003272393 0.03399737 -0.0006346027 0.00244848 0.03399737 0.01097414 0.01530239 0.03399737 0.01116454 0.01727999 0.03399737 0.009356678 0.01645608 0.03399737 0.01963263 0.01546674 0.03399737 -0.02251929 -0.009416086 0.03399737 -0.02071143 -0.008592175 0.03399737 -0.02232889 -0.00743848 0.03399737 0.01677664 -0.01419737 0.03399737 -0.0204249 0.01233759 0.03399737 -0.02204236 0.01349128 0.03399737 -0.02223276 0.01151368 0.03399737 -0.001492329 -0.02441411 0.03399737 0.01839597 0.02057565 0.03399737 0.02020382 0.02139956 0.03399737 -0.01842851 -0.0207876 0.03399737 -0.02004597 -0.0196339 0.03399737 -0.02023637 -0.02161151 0.03399737 0.02705259 -0.01518671 0.03399737 0.0250562 0.01793848 0.03399737 0.02677851 0.0186687 0.03399737 -0.0267062 -0.01699673 0.03399737 -0.02824647 -0.01584579 0.03399737 0.01411292 -0.005957157 0.03399737 0.01573038 -0.00711085 0.03399737 0.01592078 -0.005133244 0.03399737 0.006883356 0.0266739 0.03399737 0.008500814 0.0255202 0.03399737 0.008691214 0.02749781 0.03399737 0.02343688 -0.01683453 0.03399737 0.02181942 -0.01568084 0.03399737 -0.02718127 -0.003977399 0.03399737 -0.00539271 -0.01106499 0.03399737 0.02258101 -0.007770411 0.03399737 0.0059295 -0.01914085 0.03399737 0.00878548 0.01052326 0.03399737 0.008498952 -0.0104065 0.03399737 0.008308554 -0.01238411 0.03399737 0.01011641 -0.0115602 0.03399737 -0.004631115 -0.003154561 0.03399737 -0.003013656 -0.004308255 0.03399737 -0.002823258 -0.002330648 0.03399737 -0.0341174 -0.009429767 0.03399737 0.01354173 -0.01188998 0.03399737 0.01335133 -0.01386759 0.03399737 0.01515919 -0.01304367 0.03399737 0.00745269 -0.003319989 0.03399737 0.007643089 -0.001342382 0.03399737 0.005835231 -0.002166295 0.03399737 0.02676793 -0.0001897634 0.03399737 0.02657753 -0.00216737 0.03399737 -0.01404934 0.02469736 0.03399737 0.0248658 0.01596087 0.03399737 0.02324834 0.01711457 0.03399737 0.02305753 0.01513652 0.03399737 0.01668237 0.002777185 0.03399737 -0.02052103 -0.006614567 0.03399737 -0.02033064 -0.00463696 0.03399737 -0.02213849 -0.005460873 0.03399737 0.02646852 0.01479116 0.03399737 0.02467295 0.0139806 0.03399737 0.02628999 0.01282646 0.03399737 0.01962949 -0.02045714 0.03399737 0.02124057 -0.02159667 0.03399737 -0.0265158 -0.01501913 0.03399737 -0.0236485 -0.021283 0.03399737 -0.004263715 -0.03506568 0.03399737 0.006596827 0.005744133 0.03399737 -0.02109223 -0.01254739 0.03399737 -0.02385022 0.01266737 0.03399737 0.007073676 0.02865001 0.03399737 -0.02327902 0.01860019 0.03399737 0.01183 0.006238266 0.03399737 -0.01205 0.02749651 0.03399737 -0.005202312 -0.009087382 0.03399737 0.01763437 0.01266522 0.03399737 0.01925183 0.01151153 0.03399737 0.01944223 0.01348913 0.03399737 -0.01861705 0.0131615 0.03399737 -0.004536847 -0.02012911 0.03399737 -0.006344704 -0.02095302 0.03399737 -0.004727246 -0.02210672 0.03399737 0.007166151 -0.02424975 0.03399737 0.005358301 -0.02507367 0.03399737 0.006975751 -0.02622736 0.03399737 -0.001680865 0.009534995 0.03399737 -6.340632e-05 0.008381301 0.03399737 -0.007675633 0.001130433 0.03399737 -0.005867776 0.001954347 0.03399737 0.006216029 0.001788919 0.03399737 0.004408172 0.0009650056 0.03399737 0.00602563 -0.0001886881 0.03399737 -0.002348192 -0.01534998 0.03399737 -0.007581365 -0.01584412 0.03399737 -0.005963907 -0.01699781 0.03399737 -0.005773508 -0.0150202 0.03399737 -0.01604946 -0.01403086 0.03399737 -0.01785731 -0.01485478 0.03399737 -0.01623985 -0.01600847 0.03399737 -0.01661879 0.01596302 0.03399737 -0.01642839 0.01794063 0.03399737 -0.01928437 -0.01172347 0.03399737 -0.02090183 -0.01056978 0.03399737 0.01049721 -0.007604983 0.03399737 0.01068761 -0.005627377 0.03399737 0.00887975 -0.00645129 0.03399737 0.02267715 0.01118175 0.03399737 0.02248675 0.009204139 0.03399737 0.0242946 0.01002805 0.03399737 0.02039236 -0.01254954 0.03399737 0.01579614 -0.02408266 0.03399737 -0.0281204 -0.01386589 0.03399737 0.007262291 -0.005297596 0.03399737 0.005454434 -0.006121509 0.03399737 0.007071892 -0.007275203 0.03399737 -0.01224334 -0.01040543 0.03399737 -0.004440716 -0.001176954 0.03399737 -0.01462053 0.01876454 0.03399737 -0.01623799 0.01991824 0.03399737 -0.02432715 -0.01024 0.03399737 -0.02413675 -0.008262394 0.03399737 0.01173573 0.02321282 0.03399737 0.009260549 -0.002496076 0.03399737 -0.02346871 0.01662252 0.03399737 0.01040091 -0.02655713 0.03399737 0.008783579 -0.02540344 0.03399737 -0.01700145 -0.0239189 0.03399737 -0.01519359 -0.02309498 0.03399737 -0.02746593 0.01101954 0.03399737 -0.01852278 -0.003813046 0.03399737 -0.01081442 0.02238998 0.03399737 0.02971121 0.01249679 0.03399737 0.03139106 -0.005625059 0.03399737 0.03158772 -0.003647792 0.03399737 0.006406428 0.003766526 0.03399737 0.01249546 -0.004803463 0.03399737 0.01087801 -0.003649769 0.03399737 0.01078374 0.01332478 0.03399737 0.008975882 0.01250087 0.03399737 0.01059334 0.01134717 0.03399737 0.009166279 0.01447847 0.03399737 -0.001111531 -0.02045889 0.03399737 -0.00130193 -0.0224365 0.03399737 -0.007771764 -0.01782172 0.03399737 -0.009389221 -0.01666803 0.03399737 -0.007769901 0.01810498 0.03399737 0.002313785 -0.02078867 0.03399737 0.01582651 0.01184131 0.03399737 0.01401865 0.01101739 0.03399737 -0.01909397 -0.009745868 0.03399737 -0.01747651 -0.01089956 0.03399737 0.02515047 0.0009639304 0.03399737 0.02334261 0.000140017 0.03399737 -0.006817907 0.02799302 0.03399737 -0.003864873 -0.03116171 0.03399737 0.01116267 -0.01864671 0.03399737 -0.00977002 -0.02062324 0.03399737 -0.03211388 -0.002488712 0.03399737 -0.0008250015 0.0004708727 0.03399737 0.01230507 -0.00678107 0.03399737 0.009735613 -0.01551541 0.03399737 0.007927756 -0.01633932 0.03399737 0.009545216 -0.01749302 0.03399737 0.004312041 -0.01798715 0.03399737 0.002694582 -0.01683346 0.03399737 0.002504184 -0.01881107 0.03399737 0.0008867252 -0.01765737 0.03399737 -0.002346329 0.02057672 0.03399737 -0.002155931 0.02255433 0.03399737 0.01744397 0.01068761 0.03399737 -0.007962162 -0.01979933 0.03399737 -0.009579621 -0.01864564 0.03399737 -0.005390848 0.02486172 0.03399737 -0.006725502 -0.02490824 0.03399737 -0.005108043 -0.02606193 0.03399737 -0.004917645 -0.02408433 0.03399737 0.02438887 -0.006946498 0.03399737 0.01020756 -0.02852812 0.03399737 0.01820557 0.01859804 0.03399737 0.01180982 -0.0296487 0.03399737 0.02305215 -0.02078113 0.03399737 0.02324648 -0.01881214 0.03399737 -0.01871318 -0.005790654 0.03399737 -0.01690532 -0.00496674 0.03399737 0.02808781 0.01363631 0.03399737 0.03079645 -0.01159019 0.03399737 0.009050061 -0.03422144 0.03399737 0.01630158 -0.001178029 0.03399737 -0.006154305 -0.01897542 0.03399737 0.01439945 0.01497261 0.03399737 0.01420905 0.012995 0.03399737 0.01601691 0.01381891 0.03399737 -0.01481093 0.01678694 0.03399737 -0.01766691 -0.01287717 0.03399737 -0.01443013 0.02074215 0.03399737 0.02476967 -0.002991284 0.03399737 0.02638713 -0.004144978 0.03399737 -0.003965651 -0.01419629 0.03399737 -0.00853336 -0.02573215 0.03399737 -0.01015082 -0.02457846 0.03399737 0.002979249 -0.0318304 0.03399737 -0.005583109 -0.0130426 0.03399737 0.01829983 0.001623491 0.03399737 0.00164832 -0.009746943 0.03399737 -0.02487101 0.01975143 0.03399737 -0.02508263 0.01777587 0.03399737 0.02144048 0.01629065 0.03399737 0.02124994 0.01431289 0.03399737 -0.001257419 0.03236739 0.03399737 0.02895533 0.004589483 0.03399737 0.03057258 0.003435809 0.03399737 0.03230738 0.004266757 0.03399737 0.01072309 0.03364094 0.03399737 0.005169767 0.008875434 0.03399737 0.003933106 0.01398434 0.03399737 -0.004344585 0.0177752 0.03399737 -0.004154187 0.01975281 0.03399737 -0.005962044 0.0189289 0.03399737 0.01278199 0.0161263 0.03399737 0.01259159 0.01414869 0.03399737 0.00450244 -0.01600954 0.03399737 -0.002919388 -0.0212828 0.03399737 -0.00272899 -0.0193052 0.03399737 -0.004156049 -0.0161739 0.03399737 0.01154533 0.02123521 0.03399737 0.02210595 0.005248925 0.03399737 0.02048849 0.006402618 0.03399737 -0.02917952 -0.00677892 0.03399737 -0.009008426 -0.01271282 0.03399737 -0.006535103 -0.02293063 0.03399737 0.00935481 -0.01947062 0.03399737 0.0122108 0.01019348 0.03399737 0.02933649 0.008544422 0.03399737 0.02771848 0.009697601 0.03399737 0.02752913 0.007720527 0.03399737 -0.01185419 0.02946225 0.03399737 -0.01366728 0.02864981 0.03399737 -0.01546434 0.02780786 0.03399737 -0.003298323 0.01068869 0.03399737 0.004504303 0.01991716 0.03399737 0.01268586 -0.002825856 0.03399737 0.01430332 -0.00397955 0.03399737 0.01658624 -0.01617497 0.03399737 -0.01680919 0.01398542 0.03399737 -0.01804771 -0.01683238 0.03399737 0.01335319 0.02205912 0.03399737 0.02229635 0.007226532 0.03399737 0.0241042 0.008050447 0.03399737 -0.01538399 -0.02507259 0.03399737 -0.01357613 -0.02424868 0.03399737 -0.02765633 0.009041937 0.03399737 -0.009006561 0.02321389 0.03399737 0.01753824 -0.006286937 0.03399737 0.02277141 -0.005792804 0.03399737 0.02115395 -0.004639111 0.03399737 0.0139055 0.02797833 0.03399737 -0.005106181 0.009864776 0.03399737 -0.003488722 0.008711082 0.03399737 -0.01110095 0.001460214 0.03399737 -0.009293093 0.002284127 0.03399737 -0.01091055 0.003437821 0.03399737 -0.009483491 0.0003065201 0.03399737 -0.007866033 -0.0008471736 0.03399737 -0.0010154 -0.001506734 0.03399737 0.000792457 -0.000682821 0.03399737 0.007833488 0.0006352252 0.03399737 0.01106841 -0.001672162 0.03399737 0.009450946 -0.0005184685 0.03399737 0.01392252 -0.007934764 0.03399737 0.00754882 0.01563217 0.03399737 -0.0079603 0.01612738 0.03399737 -0.009577759 0.01728107 0.03399737 -0.01281454 -0.01633825 0.03399737 -0.014432 -0.01518456 0.03399737 -0.0146224 -0.01716216 0.03399737 -0.01300494 -0.01831586 0.03399737 0.02001156 -0.01650475 0.03399737 -0.003300186 -0.02523802 0.03399737 -0.003109787 -0.02326041 0.03399737 -0.007008307 0.02601541 0.03399737 -0.008625766 0.02716911 0.03399737 -0.008816164 0.0251915 0.03399737 -0.02584847 0.00986585 0.03399737 0.0195365 -0.003485417 0.03399737 0.01772864 -0.00430933 0.03399737 0.0193461 -0.005463024 0.03399737 -0.01557439 -0.0270502 0.03399737 0.003265779 -0.01090064 0.03399737 -0.01024322 0.0283228 0.03399737 0.009547077 0.01843369 0.03399737 0.01344746 0.005084572 0.03399737 0.0321058 0.002290226 0.03399737 -0.008721894 0.008216949 0.03399737 -0.006914038 0.009040862 0.03399737 -0.005296579 0.007887168 0.03399737 -0.007104437 0.007063255 0.03399737 0.02610155 0.01085102 0.03399737 0.02591161 0.008874066 0.03399737 -0.02832505 0.02125425 0.03399737 0.008023887 0.002612832 0.03399737 0.005360166 0.01085304 0.03399737 0.005550565 0.01283065 0.03399737 0.007168023 0.01167695 0.03399737 0.007358422 0.01365456 0.03399737 0.01154347 -0.0146915 0.03399737 0.01316093 -0.01584519 0.03399737 0.01135307 -0.01666911 0.03399737 0.008118155 -0.01436172 0.03399737 0.009926012 -0.0135378 0.03399737 0.0006963264 -0.01963498 0.03399737 -0.009198824 -0.01469042 0.03399737 -0.007390966 -0.01386651 0.03399737 0.01477839 -0.01699889 0.03399737 0.01439759 -0.0209541 0.03399737 0.02200982 -0.01370323 0.03399737 0.02362728 -0.01485693 0.03399737 -0.007200568 -0.0118889 0.03399737 -0.001205799 -0.003484341 0.03399737 -0.007198705 0.02403781 0.03399737 -0.003394454 -0.008263469 0.03399737 0.02058276 -0.01057193 0.03399737 -0.01785545 0.02107193 0.03399737 -0.01643025 -0.01798608 0.03399737 -0.02347128 -0.01930412 0.03399737 -0.02185163 -0.02045803 0.03399737 -0.01566866 -0.01007565 0.03399737 -0.01547826 -0.008098042 0.03399737 -0.01728612 -0.008921954 0.03399737 -0.01528786 -0.006120434 0.03399737 -0.01348 -0.005296521 0.03399737 0.005456296 0.0298052 0.03399737 0.02484038 -0.01991415 0.03399737 0.0287871 -0.01435573 0.03399737 0.003838838 0.03095889 0.03399737 0.002188296 0.0320662 0.03399737 -0.01195681 0.01052434 0.03399737 -0.01214721 0.008546729 0.03399737 -0.02971503 -0.01270668 0.03399737 -0.006058175 -2.326026e-05 0.03399737 0.002790713 0.002118699 0.03399737 0.00459857 0.002942613 0.03399737 -0.004346448 -0.0181515 0.03399737 -0.01138562 0.01645716 0.03399737 0.01906143 0.009533919 0.03399737 -0.01585906 -0.01205326 0.03399737 -0.0138608 -0.009251735 0.03399737 -0.0140512 -0.01122934 0.03399737 0.01420719 -0.02293171 0.03399737 -0.02394635 -0.006284787 0.03399737 -0.003490585 -0.02721563 0.03399737 0.01791904 -0.002331723 0.03399737 -0.02565808 0.01184346 0.03399737 -0.001776996 -0.009417163 0.03399737 -0.005011913 -0.007109775 0.03399737 -0.004821514 -0.005132168 0.03399737 -0.006629371 -0.005956081 0.03399737 -0.01281268 0.01958846 0.03399737 -0.01604759 0.02189585 0.03399737 -0.01709572 -0.006944347 0.03399737 0.004883237 -0.01205433 0.03399737 0.006594964 -0.03018258 0.03399737 0.008171426 -0.03124631 0.03399737 0.008398252 -0.02934866 0.03399737 -0.003679121 0.006733474 0.03399737 -0.01452627 0.001789994 0.03399737 -0.01290881 0.0006363005 0.03399737 -0.01129135 -0.0005173932 0.03399737 -0.004250318 0.0008006531 0.03399737 -0.00244246 0.001624566 0.03399737 0.0006020582 -0.002660428 0.03399737 0.01211467 -0.008758677 0.03399737 0.01030681 -0.00958259 0.03399737 0.002315647 0.01513804 0.03399737 -0.006152443 0.01695129 0.03399737 0.006310297 -0.01518563 0.03399737 0.006119898 -0.01716324 0.03399737 0.006500696 -0.01320802 0.03399737 0.006691095 -0.01123042 0.03399737 0.0002212607 -0.006615642 0.03399737 -0.001586597 -0.007439556 0.03399737 3.086186e-05 -0.008593249 0.03399737 0.00155219 -0.0286991 0.03399737 0.008593185 -0.02738105 0.03399737 -0.01205294 -0.008427821 0.03399737 -0.01024509 -0.007603908 0.03399737 -0.01043548 -0.009581514 0.03399737 0.003169648 -0.02985279 0.03399737 -0.01004726 0.0302882 0.03399737 0.01892507 0.02644946 0.03399737 -0.01890358 -0.00776826 0.03399737 0.01506492 0.003930879 0.03399737 -0.0268784 0.01694206 0.03399737 0.02106739 -0.02354788 0.03399737 0.01945831 -0.02240204 0.03399737 -0.01727421 0.02697585 0.03399737 -0.01566584 0.0258489 0.03399737 -0.01052975 0.007393035 0.03399737 -0.001871264 0.007557388 0.03399737 -0.0002538051 0.006403694 0.03399737 0.009070148 -0.004473682 0.03399737 -0.01148175 -0.002495 0.03399737 -0.01309921 -0.001341307 0.03399737 -0.0132896 -0.003318914 0.03399737 -0.01271841 0.002613908 0.03399737 -0.009102694 0.004261734 0.03399737 0.002600314 0.0001410923 0.03399737 0.00478897 0.00492022 0.03399737 0.002506046 0.01711564 0.03399737 0.0005077901 0.01431412 0.03399737 0.0006981888 0.01629173 0.03399737 -0.01119708 -0.01749194 0.03399737 -0.01100668 -0.01551434 0.03399737 -0.01262414 -0.01436064 0.03399737 -0.01138748 -0.01946955 0.03399737 0.008689351 -0.008428897 0.03399737 0.01516105 0.02288304 0.03399737 0.02496007 -0.001013677 0.03399737 0.0004116594 -0.004638035 0.03399737 -0.001396198 -0.005461948 0.03399737 -0.003204055 -0.006285862 0.03399737 0.002029118 -0.005791729 0.03399737 0.001838719 -0.007769336 0.03399737 0.003646577 -0.006945423 0.03399737 0.005265898 0.02782759 0.03399737 0.02001342 0.01942196 0.03399737 0.02163088 0.01826826 0.03399737 -0.003680984 -0.02919323 0.03399737 -0.03060658 -0.003647619 0.03399737 0.0004080081 0.03128094 0.03399737 0.01687277 0.004754792 0.03399737 0.006785357 -0.02820497 0.03399737 -0.01233761 0.006569122 0.03399737 -0.002061662 0.005579781 0.03399737 -0.02206209 -0.02243432 0.03399737 -0.002632859 -0.0003530407 0.03399737 0.004979368 0.006897827 0.03399737 0.01611118 -0.003155636 0.03399737 0.0124012 0.01217109 0.03399737 0.01496879 -0.01502128 0.03399737 0.007737357 -0.01831693 0.03399737 -0.0142416 -0.01320695 0.03399737 -0.01481279 -0.01913977 0.03399737 -0.02270969 -0.01139369 0.03399737 0.02391381 0.006072838 0.03399737 0.002219517 -0.003814122 0.03399737 -0.01585719 0.02387345 0.03399737 -0.01167215 -0.004472607 0.03399737 -0.01005469 -0.005626301 0.03399737 -0.009864288 -0.003648694 0.03399737 -0.006438972 -0.003978474 0.03399737 0.01991729 0.0004697974 0.03399737 0.02282371 -0.02267404 0.03399737 -0.002257586 -0.03228861 0.03399737 -0.008818027 -0.01073521 0.03399737 -0.01035077 -0.0265351 0.03399737 -0.01195944 -0.02540068 0.03399737 0.02914698 0.006566971 0.03399737 0.004217773 -0.001012601 0.03399737 0.01173387 -0.01271389 0.03399737 0.01192427 -0.01073628 0.03399737 -0.002727127 0.01662151 0.03399737 -0.002536728 0.01859912 0.03399737 -0.01300307 0.01761085 0.03399737 0.01135493 0.0192576 0.03399737 0.01297239 0.01810391 0.03399737 0.01316279 0.02008152 0.03399737 0.02534086 0.002941537 0.03399737 0.02695832 0.001787844 0.03399737 0.02315221 -0.00183759 0.03399737 0.01982302 0.01744435 0.03399737 0.0055487 -0.02309606 0.03399737 0.01525532 0.005908485 0.03399737 -0.006248574 -0.002000867 0.03399737 0.02790769 0.0116725 0.03399737 0.03116971 -0.007600821 0.03399737 0.01373213 -0.009912371 0.03399737 0.02086929 0.01035783 0.03399737 0.01810944 -0.0003541159 0.03399737 0.003836975 -0.004967815 0.03399737 0.01239854 -0.02375554 0.03399737 -0.0136704 -0.007274128 0.03399737 -0.01186254 -0.006450214 0.03399737 0.01728239 0.02756779 0.03399737 0.02448431 0.01200491 0.03399737 0.002409916 -0.001836515 0.03399737 0.005740963 0.01480826 0.03399737 -0.008150699 0.01414977 0.03399737 0.02067889 0.008380225 0.03399737 0.02372341 0.004095231 0.03399737 0.02553126 0.004919145 0.03399737 0.02457927 -0.004968891 0.03399737 -0.01823811 -0.01880999 0.03399737 0.0295218 0.01052154 0.03399737 0.03091536 -0.009577577 0.03399737 -0.01614372 0.002943688 0.03399737 -0.01319534 -0.02029346 0.03399737 -0.01699959 0.01200781 0.03399737 0.01972689 -0.00150781 0.03399737 -0.03079698 -0.005625226 0.03399737 -0.03226377 -0.004391124 0.03399737 0.01868063 0.005578705 0.03399737 0.03247616 -0.01271497 0.03399737 0.02220022 -0.01172563 0.03399737 -0.02404062 0.01068976 0.03399737 -0.02898912 -0.004801312 0.03399737 0.004121642 -0.01996476 0.03399737 0.003931243 -0.02194237 0.03399737 -0.02661056 0.01886853 0.03399737 0.02876296 0.002612066 0.03399737 0.02714798 0.003765522 0.03399737 0.005644833 -0.004143902 0.03399737 0.004027374 -0.002990208 0.03399737 -0.008437228 -0.006779995 0.03399737 -0.00824683 -0.004802388 0.03399737 0.02105968 0.01233544 0.03399737 0.02236304 0.0274566 0.03399737 -0.008056431 -0.002824781 0.03399737 0.003740844 -0.02391997 0.03399737 -0.01385634 0.02667021 0.03399737 -0.009673889 -0.001671087 0.03399737 0.02519698 0.0198509 0.03399737 -0.01738225 -0.02787411 0.03399737 0.009989229 -0.03044433 0.03399737 0.03391898 -0.01019534 0.03399737 -0.01795158 0.002119775 0.03399737 -0.01719185 -0.02589651 0.03399737 -0.0005384722 0.02140064 0.03399737 0.02134435 -0.002661503 0.03399737 0.02153475 -0.0006838963 0.03399737 0.02296181 -0.003815197 0.03399737 0.02572166 0.006896751 0.03399737 0.02733872 0.005743066 0.03399737 0.02286707 0.01315883 0.03399737 0.03103116 0.009381072 0.03399737 -0.01595333 0.004921295 0.03399737 -0.01433587 0.003767601 0.03399737 -0.01252801 0.004591515 0.03399737 -0.01072015 0.005415428 0.03399737 -0.008912294 0.006239341 0.03399737 -0.0004442039 0.004426087 0.03399737 0.01245665 0.03302199 0.03399737 -0.002416323 -0.03573429 0.03399737 -0.01880906 0.02811524 0.03399737 0.001493251 -0.03530863 0.03399737 0.0006527194 -0.03405756 0.03399737 0.03434486 -0.008417421 0.03399737 0.03258164 -0.008859601 0.03399737 0.03290181 0.01401226 0.03399737 -0.03485768 0.005726952 0.03399737 -0.03259938 -0.009999047 0.03399737 -0.006223176 -0.03533654 0.03399737 -0.03038898 -0.01807009 0.03399737 -0.03125203 -0.01334007 0.03399737 0.009457156 0.03281782 0.03399737 -0.02968588 -0.01663053 0.03399737 -0.01722358 -0.02936233 0.03399737 0.02881598 0.02052365 0.03399737 0.02381783 0.02619324 0.03399737 -0.01857141 -0.03012278 0.03399737 0.03365801 -0.01179833 0.03399737 -0.002278076 0.03525678 0.03399737 -0.03275335 0.008213423 0.03399737 -0.02941653 0.01972698 0.03399737 -0.02710528 -0.02262372 0.03399737 -0.02029392 0.02916731 0.03399737 0.0108904 0.03200812 0.03399737 -0.03448882 0.007591401 0.03399737 0.02085493 0.02871105 0.03399737 0.02058478 0.02697327 0.03399737 0.007822402 -0.03314027 0.03399737 0.03238273 -0.01078097 0.03399737 0.023545 0.02471489 0.03399737 0.02830557 0.01909813 0.03399737 -0.02785647 0.01976201 0.03399737 0.02217319 0.02578224 0.03399737 0.001416355 -0.02913138 0.01799736 -0.0005193652 -0.02902414 0.01799736 0.0003729652 -0.02705553 0.01799736 -0.02749038 -0.009288243 0.01799736 -0.02801811 -0.007463496 0.01799736 -0.02586084 -0.007799912 0.01799736 0.007708464 0.02552078 0.01799736 0.006170944 0.02685993 0.01799736 0.008640547 0.02757034 0.01799736 -0.02038258 -0.02028271 0.01799736 -0.006100543 -0.02853789 0.01799736 -0.007916381 -0.02794888 0.01799736 -0.006733809 -0.02627477 0.01799736 -0.01467726 -0.02466444 0.01799736 -0.01637926 -0.02398421 0.01799736 -0.01499507 -0.02232519 0.01799736 -0.01321049 -0.02337575 0.01799736 -0.01170536 -0.02438428 0.01799736 -0.01315658 -0.02565351 0.01799736 0.006975895 0.02857225 0.01799736 -0.004722759 -0.02715434 0.01799736 0.002148835 -0.02759288 0.01799736 0.01601847 0.02167545 0.01799736 0.01856112 0.02229308 0.01799736 0.01768594 0.02047334 0.01799736 0.01695055 0.02364319 0.01799736 -0.02877736 -0.003768407 0.01799736 -0.0290662 -0.001890846 0.01799736 -0.02699441 -0.002499548 0.01799736 -0.02453331 0.016178 0.01799736 -0.02321682 0.01410064 0.01799736 -0.02523039 0.01438575 0.01799736 -0.02180308 -0.0189282 0.01799736 -0.02568621 -0.009810493 0.01799736 0.02829756 0.006579398 0.01799736 0.0287842 0.004702427 0.01799736 0.02666748 0.005263446 0.01799736 -0.02696209 -0.00463772 0.01799736 0.001154509 0.02866657 0.01799736 0.003285217 0.02885706 0.01799736 -0.02264523 0.01594991 0.01799736 -0.0231605 -0.01752466 0.01799736 0.02474451 -0.01526007 0.01799736 0.02371159 -0.01681467 0.01799736 0.02263196 -0.01509589 0.01799736 0.02638813 -0.01159408 0.01799736 0.0199082 0.02105946 0.01799736 0.01931518 0.01925892 0.01799736 -0.02686381 -0.0062998 0.01799736 -0.02323537 0.01759864 0.01799736 -0.02199529 0.01898284 0.01799736 -0.0211647 0.01705747 0.01799736 -0.001725258 -0.02744473 0.01799736 0.01298975 0.02344469 0.01799736 0.01396904 0.0253324 0.01799736 0.01495969 0.02341122 0.01799736 -0.02689555 0.01099678 0.01799736 -0.02559834 0.009281672 0.01799736 -0.02762238 0.00927535 0.01799736 0.0276055 0.003638219 0.01799736 0.02564141 -0.01360428 0.01799736 0.02398182 -0.01387277 0.01799736 0.005337603 -0.02843511 0.01799736 0.02170606 -0.01966987 0.01799736 0.02006802 -0.01990337 0.01799736 -0.01148476 -0.02676707 0.01799736 0.01998471 -0.02147778 0.01799736 0.009111335 0.02620991 0.01799736 -0.00958699 0.02752251 0.01799736 -0.007701545 0.02614474 0.01799736 -0.00961863 0.02552933 0.01799736 0.01182241 0.02506735 0.01799736 -0.02498319 0.01132754 0.01799736 0.01061004 0.02683537 0.01799736 -0.009927167 -0.02556557 0.01799736 0.008780566 -0.02626999 0.01799736 0.01069971 -0.02554063 0.01799736 0.01063853 -0.02741067 0.01799736 -0.01661519 -0.0223606 0.01799736 0.01769462 -0.02345709 0.01799736 0.01667904 -0.02168974 0.01799736 0.01862871 -0.02228213 0.01799736 0.008686476 -0.02810666 0.01799736 0.00323535 -0.02885592 0.01799736 0.02249994 0.01664891 0.01799736 0.02062144 0.01607151 0.01799736 0.02095573 0.01789912 0.01799736 -0.02788376 -0.0008656316 0.01799736 -0.01934048 -0.02166722 0.01799736 0.002527293 0.02521208 0.01799736 0.0007044516 0.02444981 0.01799736 0.0009093663 0.02647832 0.01799736 0.02055992 -0.01798414 0.01799736 0.02258087 -0.01826545 0.01799736 0.002729143 0.02710415 0.01799736 -0.0212637 -0.01725695 0.01799736 0.02651314 -0.007530739 0.01799736 0.02684114 -0.005585881 0.01799736 0.02829319 -0.006723424 0.01799736 -0.02037071 0.01874458 0.01799736 -0.007698051 0.02814512 0.01799736 -0.0007095692 0.02768636 0.01799736 -0.002532736 0.02684053 0.01799736 -0.002448984 0.02893097 0.01799736 -0.001122654 0.02362506 0.01799736 -0.002730489 0.02479523 0.01799736 -0.0008410596 0.02569989 0.01799736 0.01833809 -0.02057264 0.01799736 0.02650829 0.007383356 0.01799736 -0.01134237 0.02671482 0.01799736 -0.01310185 0.02588977 0.01799736 0.01447805 -0.02398301 0.01799736 0.01258055 -0.02475011 0.01799736 0.01278106 -0.02296909 0.01799736 -0.004292712 0.02783997 0.01799736 -0.01825093 -0.01986805 0.01799736 0.02144112 0.01977173 0.01799736 -0.01942996 0.02175237 0.01799736 -0.01886397 0.01981013 0.01799736 -0.02076287 0.0204189 0.01799736 0.01084348 0.02322923 0.01799736 0.02796023 -0.008617762 0.01799736 0.02275737 0.018391 0.01799736 0.02197189 -0.01677586 0.01799736 -0.02850057 -0.005675525 0.01799736 0.009886141 0.02500847 0.01799736 0.00413241 0.0240218 0.01799736 0.002290419 0.0232115 0.01799736 -0.02734892 0.004515803 0.01799736 -0.02589618 0.003327566 0.01799736 -0.02756567 0.002612952 0.01799736 -0.008485373 -0.02640617 0.01799736 0.01413856 -0.02566992 0.01799736 -0.01144685 0.02472574 0.01799736 0.004201205 0.02751326 0.01799736 0.005266 0.02869727 0.01799736 0.01617595 -0.02351921 0.01799736 0.02570552 -0.0004834258 0.01799736 0.0258656 0.001407568 0.01799736 0.0274763 0.0002346608 0.01799736 -0.0177903 -0.02150827 0.01799736 0.01578431 0.02486086 0.01799736 -0.02827581 0.007610132 0.01799736 -0.02867769 0.005738204 0.01799736 0.004297269 0.02589763 0.01799736 0.01447032 0.02030858 0.01799736 0.01259793 0.02016178 0.01799736 0.01389692 0.02177353 0.01799736 -0.0132519 0.02392025 0.01799736 -0.02898129 0.003787437 0.01799736 0.02732069 -0.00165724 0.01799736 0.02768434 -0.01026999 0.01799736 0.008964289 0.02386456 0.01799736 0.0266186 0.0119203 0.01799736 0.0273367 0.01021053 0.01799736 0.02534252 0.01048183 0.01799736 -0.01796259 0.02142209 0.01799736 0.02409316 0.0006921787 0.01799736 0.02388456 -0.001269968 0.01799736 0.02433359 -0.01224427 0.01799736 0.0254903 -0.002450843 0.01799736 0.02342933 -0.005230502 0.01799736 0.02497255 -0.006402251 0.01799736 0.02322096 -0.007214659 0.01799736 0.02475427 -0.008388903 0.01799736 0.02526839 -0.004431054 0.01799736 0.02161312 -0.006032064 0.01799736 0.02183621 -0.004050955 0.01799736 0.02366272 -0.003251583 0.01799736 0.0224992 0.001893687 0.01799736 0.02432577 0.002693059 0.01799736 0.02227834 -8.784901e-05 0.01799736 0.02067264 0.001094324 0.01799736 0.02045162 -0.0008872259 0.01799736 0.0220573 -0.002069396 0.01799736 0.02139411 -0.00801406 0.01799736 0.01978855 -0.00683188 0.01799736 0.02000956 -0.004850329 0.01799736 0.01818298 -0.0056497 0.01799736 0.018404 -0.003668148 0.01799736 0.02023061 -0.002868776 0.01799736 0.01380831 0.001859943 0.01799736 0.01402933 0.003841494 0.01799736 0.0156349 0.002659313 0.01799736 0.02089363 0.003075873 0.01799736 0.01906704 0.002276504 0.01799736 0.01541388 0.0006777627 0.01799736 0.01519287 -0.001303788 0.01799736 0.0135873 -0.0001216077 0.01799736 0.01746148 0.003458684 0.01799736 0.01724046 0.001477133 0.01799736 0.01884603 0.0002949531 0.01799736 0.01701945 -0.0005044175 0.01799736 0.01862502 -0.001686597 0.01799736 0.01928806 0.004258054 0.01799736 0.02111464 0.005057425 0.01799736 0.01585591 0.004640864 0.01799736 0.0163564 -0.00644907 0.01799736 0.01796197 -0.00763125 0.01799736 0.01657742 -0.004467519 0.01799736 0.01679843 -0.002485968 0.01799736 0.01198173 0.001060573 0.01799736 0.01131869 -0.004884079 0.01799736 0.01292425 -0.00606626 0.01799736 0.01109767 -0.006865631 0.01799736 0.01270324 -0.008047811 0.01799736 0.01452982 -0.00724844 0.01799736 0.0143088 -0.009229991 0.01799736 0.01314527 -0.004084709 0.01799736 0.0115397 -0.002902529 0.01799736 0.01336628 -0.002103158 0.01799736 0.01613538 -0.00843062 0.01799736 0.01591437 -0.01041217 0.01799736 0.01497185 -0.003285339 0.01799736 0.01037617 0.002242753 0.01799736 0.01015515 0.0002612023 0.01799736 0.01220275 0.003042124 0.01799736 0.01176072 -0.0009209781 0.01799736 0.01103921 0.008187406 0.01799736 0.0128658 0.008986774 0.01799736 0.01264478 0.007005225 0.01799736 0.0108182 0.006205855 0.01799736 -0.004619376 -0.02316743 0.01799736 -0.00622562 -0.02198617 0.01799736 -0.004399039 -0.0211868 0.01799736 0.009212633 0.007388035 0.01799736 0.008991617 0.005406484 0.01799736 0.00279037 0.01211676 0.01799736 0.004395936 0.01093458 0.01799736 0.002569355 0.01013521 0.01799736 -0.02388684 -0.008982183 0.01799736 0.01425035 0.005823045 0.01799736 0.01447136 0.007804595 0.01799736 0.01607693 0.006622415 0.01799736 0.012196 0.01808879 0.01799736 0.01374986 0.01691298 0.01799736 0.01192293 0.01611318 0.01799736 -0.0006417761 0.01249957 0.01799736 -0.002247342 0.01368175 0.01799736 -0.0004207607 0.01448112 0.01799736 -0.02344679 -0.005015049 0.01799736 -0.02323078 -0.003030371 0.01799736 -0.02161823 -0.004219711 0.01799736 -0.02525561 -0.005760972 0.01799736 -0.02366583 -0.007000632 0.01799736 -0.002351443 -0.01840588 0.01799736 -0.004178024 -0.01920525 0.01799736 -0.003957008 -0.0172237 0.01799736 0.004616951 0.01291613 0.01799736 -0.002468357 0.0117002 0.01799736 -0.004294938 0.01090083 0.01799736 -0.004073923 0.01288238 0.01799736 0.008490503 0.01649562 0.01799736 0.01031563 0.0172932 0.01799736 0.01009669 0.01531424 0.01799736 0.008711062 0.01847655 0.01799736 -0.02139823 -0.002236361 0.01799736 -0.002689373 0.009718645 0.01799736 -0.01286857 -0.01924695 0.01799736 -0.01126333 -0.02042118 0.01799736 -0.01310085 -0.02127098 0.01799736 0.007607067 0.008570214 0.01799736 0.007386052 0.006588665 0.01799736 0.005780486 0.007770845 0.01799736 -0.02510472 -0.003808597 0.01799736 -0.01146938 -0.02243822 0.01799736 -0.006398659 0.02316761 0.01799736 -0.004795426 0.02199076 0.01799736 -0.006622007 0.02119139 0.01799736 -0.01381142 -0.01211216 0.01799736 -0.01220585 -0.01329434 0.01799736 -0.01403243 -0.01409371 0.01799736 0.01065564 -0.01082873 0.01799736 0.01087666 -0.00884718 0.01799736 0.01248222 -0.01002936 0.01799736 0.009055932 -0.02458753 0.01799736 0.009329548 -0.02271804 0.01799736 0.0109103 -0.02384353 0.01799736 -0.02300187 -0.001052344 0.01799736 -0.002130427 -0.01642432 0.01799736 0.006884978 0.01767782 0.01799736 0.0289951 0.00284694 0.01799736 -0.008169116 0.007320534 0.01799736 -0.009995697 0.006521164 0.01799736 -0.009774681 0.008502715 0.01799736 0.006222517 0.01173395 0.01799736 0.007502966 -0.02351741 0.01799736 -0.02183924 -0.006201262 0.01799736 -0.004515954 0.008919275 0.01799736 -0.02123204 0.01479735 0.01799736 0.006443532 0.0137155 0.01799736 -0.004574411 0.02397231 0.01799736 0.007219758 -0.02540565 0.01799736 0.005676385 -0.02431678 0.01799736 -0.01468254 -0.02003566 0.01799736 -0.01447446 -0.01805682 0.01799736 -0.006180015 0.02509511 0.01799736 -0.007992558 0.02432313 0.01799736 -0.01939238 0.01560134 0.01799736 -0.005016442 0.02000921 0.01799736 0.0009637894 0.01131739 0.01799736 0.009050075 -0.009646552 0.01799736 -0.02001266 -0.005401891 0.01799736 -0.02023368 -0.007383442 0.01799736 0.00882906 -0.0116281 0.01799736 0.007223494 -0.01044592 0.01799736 -0.008390131 0.005338984 0.01799736 0.002246114 -0.02393142 0.01799736 0.003861053 -0.02510087 0.01799736 0.002023223 -0.02591552 0.01799736 0.0004176577 -0.02473334 0.01799736 -0.01608299 -0.01688059 0.01799736 -0.0163212 -0.01889165 0.01799736 -0.01790424 -0.01767427 0.01799736 -0.02481693 -0.001840698 0.01799736 -0.02460835 0.0001262009 0.01799736 -0.006843023 0.01920984 0.01799736 -0.008669603 0.01841047 0.01799736 -0.008448587 0.02039202 0.01799736 -0.008227572 0.02237357 0.01799736 -0.005237457 0.01802766 0.01799736 -0.005458473 0.01604611 0.01799736 -0.007064039 0.01722829 0.01799736 0.006944021 0.002625563 0.01799736 0.008549586 0.001443383 0.01799736 0.006723005 0.0006440123 0.01799736 0.00367445 0.02004312 0.01799736 0.003895537 0.02202531 0.01799736 0.005501029 0.02084246 0.01799736 0.005280004 0.01886083 0.01799736 0.005058886 0.01687911 0.01799736 -0.002910388 0.007737095 0.01799736 -0.004736969 0.006937725 0.01799736 -0.006342535 0.008119905 0.01799736 -0.00612152 0.01010146 0.01799736 0.001184805 0.01329894 0.01799736 -0.01264788 -0.01725745 0.01799736 -0.01104232 -0.01843963 0.01799736 -0.009111635 0.01444737 0.01799736 -0.008890618 0.01642892 0.01799736 -0.007285054 0.01524674 0.01799736 0.02337183 0.009807515 0.01799736 0.02177769 0.01100208 0.01799736 0.02353576 0.01172716 0.01799736 0.001626836 0.01726204 0.01799736 0.00140582 0.01528049 0.01799736 -0.0001997452 0.01646267 0.01799736 -0.01708101 0.005305233 0.01799736 -0.01730202 0.003323683 0.01799736 -0.01890759 0.004505863 0.01799736 -0.000745877 -0.01958806 0.01799736 0.0008596886 -0.02077024 0.01799736 -0.0009668924 -0.02156961 0.01799736 -0.006784566 0.004156803 0.01799736 -0.00656355 0.006138354 0.01799736 0.02072645 -0.01394817 0.01799736 0.02048237 -0.01587702 0.01799736 0.01890448 -0.01475808 0.01799736 0.0249222 0.008497808 0.01799736 0.007104146 0.01965685 0.01799736 -0.007948101 0.009302085 0.01799736 0.001080704 -0.01878868 0.01799736 0.001847854 0.01924362 0.01799736 0.003453417 0.01806141 0.01799736 0.007002478 -0.01242747 0.01799736 0.005175897 -0.01322684 0.01799736 0.005396913 -0.01124529 0.01799736 -0.01165977 0.02275137 0.01799736 -0.01005415 0.0215742 0.01799736 -0.01188074 0.02077483 0.01799736 -0.01049619 0.0176111 0.01799736 -0.01027517 0.01959265 0.01799736 -0.01680153 -0.007766252 0.01799736 -0.01862811 -0.008565622 0.01799736 -0.0184071 -0.006584072 0.01799736 -0.02206026 -0.008182814 0.01799736 -0.009657724 -0.02160177 0.01799736 -0.009878536 -0.0235754 0.01799736 -0.01780251 0.01441362 0.01799736 -0.01962909 0.01361425 0.01799736 -0.02029214 0.007669594 0.01799736 -0.02007112 0.009651145 0.01799736 -0.01846556 0.008468966 0.01799736 0.008770602 0.003424933 0.01799736 -0.0107172 0.01562955 0.01799736 0.006664548 0.01569705 0.01799736 0.01900515 0.01730745 0.01799736 0.017182 0.01653017 0.01799736 0.01740302 0.01851172 0.01799736 0.007327597 0.02164172 0.01799736 0.008919618 0.02044092 0.01799736 -0.008611147 0.003357433 0.01799736 -0.007005581 0.002175252 0.01799736 -0.01574896 0.01719387 0.01799736 -0.01392833 0.01799391 0.01799736 -0.01414935 0.01601236 0.01799736 -0.01342784 0.006903974 0.01799736 -0.01160126 0.007703344 0.01799736 -0.01182228 0.005721794 0.01799736 -0.00899472 -0.0156587 0.01799736 -0.009215734 -0.01764025 0.01799736 -0.0108213 -0.01645807 0.01799736 -0.01320683 0.008885525 0.01799736 -0.003631892 0.01684548 0.01799736 -0.001805311 0.01764485 0.01799736 -0.002026326 0.0156633 0.01799736 0.01352884 0.01493143 0.01799736 0.01535542 0.0157308 0.01799736 0.01513441 0.01374925 0.01799736 -0.01523068 0.02114807 0.01799736 -0.01370732 0.01997546 0.01799736 -0.0155339 0.01917609 0.01799736 -0.002792892 -0.02236819 0.01799736 0.01834554 0.01138489 0.01799736 0.01812452 0.009403337 0.01799736 0.01651896 0.01058552 0.01799736 0.02277022 -0.01115851 0.01799736 0.0211731 -0.009995611 0.01799736 0.02299968 -0.00919624 0.01799736 0.02155667 0.009020526 0.01799736 -0.003072946 -0.009297492 0.01799736 -0.003293962 -0.01127904 0.01799736 -0.004899528 -0.01009686 0.01799736 0.003232401 0.01607986 0.01799736 -0.003410877 0.01882703 0.01799736 -0.003189861 0.02080858 0.01799736 -0.001584295 0.0196264 0.01799736 -0.01060029 -0.01447652 0.01799736 -0.005179 0.002974623 0.01799736 0.00174375 -0.01284403 0.01799736 0.001522735 -0.01482558 0.01799736 -8.283058e-05 -0.0136434 0.01799736 -0.003852907 0.01486393 0.01799736 0.006781463 -0.01440902 0.01799736 -0.01979165 -0.00342034 0.01799736 0.01330783 0.01294988 0.01799736 -0.01210175 0.01879328 0.01799736 0.009550563 -0.02073649 0.01799736 0.007723982 -0.02153586 0.01799736 -0.0239453 0.006070853 0.01799736 -0.02211872 0.006870224 0.01799736 -0.02233973 0.004888673 0.01799736 -0.01818608 -0.004602521 0.01799736 0.01226121 -0.01201091 0.01799736 -0.01949797 -0.01649341 0.01799736 -0.01929116 -0.01451027 0.01799736 -0.01768559 -0.01569246 0.01799736 -0.01692523 0.02033422 0.01799736 -0.002851931 -0.007315941 0.01799736 -0.004678512 -0.008115312 0.01799736 -0.004457497 -0.006133761 0.01799736 -0.02372428 0.008052404 0.01799736 -0.01909287 0.01761061 0.01799736 0.01557644 0.01771235 0.01799736 -0.009833138 0.02355575 0.01799736 -0.02145567 0.01281488 0.01799736 -0.02323749 0.01196628 0.01799736 -0.001467381 -0.01047967 0.01799736 0.01408779 -0.01121154 0.01799736 -0.01746458 -0.0137109 0.01799736 -0.005783589 -0.01802307 0.01799736 -0.006004605 -0.02000462 0.01799736 -0.005400016 0.000993072 0.01799736 -0.005621031 -0.0009884788 0.01799736 -0.007226597 0.0001937016 0.01799736 0.0001381849 -0.01166185 0.01799736 -0.001246365 -0.008498121 0.01799736 0.0003592004 -0.009680302 0.01799736 2.127023e-05 0.01844422 0.01799736 0.0006386731 -0.02275179 0.01799736 0.002465254 -0.02195242 0.01799736 -0.02228128 -0.01016436 0.01799736 0.003511874 0.003008373 0.01799736 0.001906309 0.004190554 0.01799736 0.00373289 0.004989924 0.01799736 0.01170226 0.01413206 0.01799736 -0.008832162 0.001375882 0.01799736 -0.01043773 0.002558062 0.01799736 -0.009553666 0.01048427 0.01799736 0.003349316 -0.01402621 0.01799736 -0.0191286 0.002524312 0.01799736 -0.01934962 0.0005427613 0.01799736 -0.02095518 0.001724942 0.01799736 -0.01702255 -0.009747803 0.01799736 -0.01884913 -0.01054717 0.01799736 -0.002968845 0.02279013 0.01799736 -0.0218977 0.008851774 0.01799736 -0.02350327 0.01003395 0.01799736 0.0227202 0.003875244 0.01799736 0.005443961 -0.02627401 0.01799736 -0.01868657 0.006487413 0.01799736 0.006001502 0.009752396 0.01799736 0.001964766 -0.01086248 0.01799736 0.02198776 0.01298485 0.01799736 -0.002404677 -0.02908204 0.01799736 -0.008552691 -0.0116956 0.01799736 -0.01015825 -0.01051342 0.01799736 -0.008331675 -0.009714052 0.01799736 -0.01503341 0.008086154 0.01799736 -0.01481239 0.01006771 0.01799736 0.008608044 -0.01360965 0.01799736 0.01629794 0.008603966 0.01799736 -0.02167669 0.01083333 0.01799736 0.01052732 0.01926321 0.01799736 0.02891574 -0.002824916 0.01799736 0.01126023 0.01016896 0.01799736 0.009654664 0.01135114 0.01799736 0.01148125 0.01215051 0.01799736 0.009433647 0.009369586 0.01799736 0.0002422857 0.02042577 0.01799736 0.01973009 0.008221156 0.01799736 0.0199511 0.01020271 0.01799736 0.01584259 0.01959077 0.01799736 0.01868347 -0.01673963 0.01799736 0.0170779 -0.01555745 0.01799736 0.007944997 -0.01955431 0.01799736 0.009771579 -0.01875493 0.01799736 0.006280974 -0.003319089 0.01799736 0.004454393 -0.00411846 0.01799736 0.004675409 -0.002136909 0.01799736 0.00838703 -0.0155912 0.01799736 0.006560447 -0.01639057 0.01799736 -0.02073417 0.003706492 0.01799736 -0.02045469 -0.009364993 0.01799736 -0.01597593 0.01521299 0.01799736 -0.01758149 0.01639517 0.01799736 -0.00761017 -0.01882244 0.01799736 -0.008052201 -0.02278554 0.01799736 -0.00827174 -0.02471001 0.01799736 0.02255765 -0.01315934 0.01799736 0.02793117 0.00843606 0.01799736 -0.00933265 0.01246582 0.01799736 -0.01115923 0.01166645 0.01799736 -0.007727085 0.01128364 0.01799736 -0.01547544 0.004123053 0.01799736 -0.01569646 0.002141502 0.01799736 0.00268627 -0.01997087 0.01799736 -0.01824454 0.01045051 0.01799736 -0.01985011 0.0116327 0.01799736 -0.01802353 0.01243207 0.01799736 -0.02278176 0.0009255713 0.01799736 0.0140623 0.01878839 0.01799736 -0.01732477 0.01837271 0.01799736 0.02460524 -0.01037842 0.01799736 0.01115613 -0.02191867 0.01799736 -0.00379445 -0.0001891084 0.01799736 -0.01613849 -0.001821599 0.01799736 -0.01774405 -0.0006394191 0.01799736 -0.01591747 0.0001599513 0.01799736 0.01790351 0.007421785 0.01799736 -0.0211762 -0.0002566091 0.01799736 -0.00943675 -0.01962181 0.01799736 -0.001387985 -0.02550427 0.01799736 0.02095208 -0.01197716 0.01799736 -0.003573435 0.001792442 0.01799736 0.001685293 0.002209003 0.01799736 0.001464278 0.000227452 0.01799736 -0.0001412879 0.001409632 0.01799736 7.972756e-05 0.003391183 0.01799736 -0.01364886 0.004922423 0.01799736 -0.005679488 0.01406456 0.01799736 -0.005900504 0.01208301 0.01799736 -0.00750607 0.01326519 0.01799736 0.00130172 -0.01680713 0.01799736 0.002907285 -0.01798932 0.01799736 -0.01957063 -0.001438789 0.01799736 0.01386677 -0.01319309 0.01799736 0.01469238 0.009786146 0.01799736 0.01491339 0.0117677 0.01799736 0.01768249 0.005440235 0.01799736 0.01950907 0.006239605 0.01799736 0.02133565 0.007038975 0.01799736 -0.02438733 0.002107752 0.01799736 -0.02256075 0.002907122 0.01799736 -0.007831186 -0.02080399 0.01799736 0.000742774 0.009335835 0.01799736 0.0005217585 0.007354285 0.01799736 -0.001083807 0.008536465 0.01799736 0.01137714 -0.01993711 0.01799736 0.01480929 -0.02031993 0.01799736 0.01298271 -0.0211193 0.01799736 0.01320372 -0.01913774 0.01799736 0.01462969 -0.02224523 0.01799736 -0.02106942 -0.01526837 0.01799736 -0.01642429 -0.02078606 0.01799736 -0.01793834 0.02291375 0.01799736 0.00511744 0.001826193 0.01799736 -0.01021671 0.004539613 0.01799736 -0.00993724 -0.008531872 0.01799736 -0.001909412 -0.01444277 0.01799736 -0.000303846 -0.01562495 0.01799736 -0.01431191 -0.001022229 0.01799736 -0.01409089 0.0009593216 0.01799736 -0.01254378 0.01483018 0.01799736 -0.01093822 0.013648 0.01799736 -0.0127648 0.01284863 0.01799736 0.01308681 0.01096833 0.01799736 -0.01619694 0.01323144 0.01799736 -0.01437036 0.01403081 0.01799736 -0.0005248615 -0.0176065 0.01799736 0.00407082 -0.0231346 0.01799736 0.004291835 -0.02115305 0.01799736 0.02316224 0.007838346 0.01799736 0.0191255 -0.01277653 0.01799736 -0.0224711 -0.01213616 0.01799736 -0.02402773 -0.01089326 0.01799736 0.004174921 0.008953026 0.01799736 0.007165036 0.004607114 0.01799736 0.01242376 0.005023674 0.01799736 -0.01198484 -0.01131279 0.01799736 -0.01641796 0.01124989 0.01799736 -0.01459138 0.01204926 0.01799736 0.008328571 -0.0005381681 0.01799736 -0.006284078 -0.006933131 0.01799736 -0.006063062 -0.004951581 0.01799736 -0.006726109 -0.01089623 0.01799736 -0.006505093 -0.008914682 0.01799736 -0.01176382 -0.009331244 0.01799736 0.008049098 0.01253332 0.01799736 0.01043462 -0.01281028 0.01799736 -0.01658052 -0.005784701 0.01799736 -0.01232277 0.01681173 0.01799736 -0.001304823 0.006554914 0.01799736 -0.003131404 0.005755544 0.01799736 0.01070486 0.02119272 0.01799736 -0.00102535 -0.006516571 0.01799736 0.0005802158 -0.007698751 0.01799736 0.01159816 -0.01795556 0.01799736 -0.01663898 0.009268334 0.01799736 0.007828083 0.01055177 0.01799736 -0.0008627917 0.01051802 0.01799736 -0.003352419 0.003773993 0.01799736 -0.001967869 0.000610262 0.01799736 -0.009716224 -0.006550321 0.01799736 -0.00811066 -0.007732502 0.01799736 -0.006947124 -0.01287778 0.01799736 -0.001688396 -0.01246122 0.01799736 0.003128301 -0.01600776 0.01799736 0.004837967 0.01489768 0.01799736 0.008166014 -0.01757275 0.01799736 0.01021361 -0.01479183 0.01799736 -0.01752304 0.001342132 0.01799736 -0.0163595 -0.00380315 0.01799736 0.000300743 0.005372734 0.01799736 -0.001525838 0.004573364 0.01799736 -0.00136328 0.02160795 0.01799736 -0.01425345 -0.01607527 0.01799736 -0.01585901 -0.01489308 0.01799736 -0.01242687 -0.0152759 0.01799736 0.00234834 0.008153655 0.01799736 0.009072917 0.02232946 0.01799736 0.002185781 -0.008880932 0.01799736 0.01059718 0.004224304 0.01799736 -0.02709466 0.006438952 0.01799736 -0.0255385 0.007184568 0.01799736 -0.02572075 0.00531109 0.01799736 0.004896424 -0.0001553581 0.01799736 0.00650199 -0.001337538 0.01799736 0.003290859 0.001026822 0.01799736 0.003069843 -0.0009547284 0.01799736 -0.004236481 -0.00415221 0.01799736 -0.005842047 -0.00297003 0.01799736 -0.004015465 -0.002170659 0.01799736 -0.01204329 0.003740243 0.01799736 -0.003514977 -0.01326059 0.01799736 0.003570332 -0.01204466 0.01799736 -0.01796507 -0.00262097 0.01799736 0.01569335 -0.01239372 0.01799736 0.0004633012 0.02240732 0.01799736 0.01696099 0.01454862 0.01799736 -0.007389155 -0.01684089 0.01799736 -0.01348518 0.02195445 0.01799736 0.002127324 0.006172104 0.01799736 -0.01685999 0.007286784 0.01799736 -0.02636034 -0.00058526 0.01799736 -0.02615926 0.001302285 0.01799736 -0.002630915 -0.005334391 0.01799736 -0.02618589 -0.01272999 0.01799736 -0.001746853 0.002591813 0.01799736 -0.007447612 -0.001787849 0.01799736 -0.007889643 -0.005750951 0.01799736 -0.007668628 -0.0037694 0.01799736 -0.009495209 -0.00456877 0.01799736 -0.01226431 0.001758692 0.01799736 -0.005120543 -0.01207841 0.01799736 -0.01298581 0.01086708 0.01799736 -0.01138025 0.009684896 0.01799736 0.004954882 -0.01520839 0.01799736 0.009875679 0.01333269 0.01799736 0.008270114 0.01451487 0.01799736 0.005897401 -0.02233523 0.01799736 -0.015638 -0.01291153 0.01799736 -0.004957984 0.004956173 0.01799736 0.004012362 -0.008081561 0.01799736 0.005617928 -0.009263741 0.01799736 0.003791347 -0.01006311 0.01799736 0.006059959 -0.00530064 0.01799736 0.007665524 -0.006482821 0.01799736 0.005838943 -0.007282191 0.01799736 0.004233378 -0.00610001 0.01799736 0.007444509 -0.008464372 0.01799736 0.009271091 -0.007665001 0.01799736 0.0008012313 -0.0057172 0.01799736 0.005559471 0.005789294 0.01799736 -0.01314837 -0.006167511 0.01799736 -0.0115428 -0.007349691 0.01799736 -0.01336939 -0.008149062 0.01799736 0.01685689 -0.01753901 0.01799736 -0.02088261 -0.01331932 0.01799736 -0.0003623034 -0.0005719184 0.01799736 -0.0024099 -0.00335284 0.01799736 -0.009274193 -0.002587219 0.01799736 -0.01386987 0.002940872 0.01799736 0.01934651 -0.01079498 0.01799736 0.01751993 -0.01159435 0.01799736 -0.001187908 -0.02355116 0.01799736 -0.01907014 -0.01252872 0.01799736 -0.01724356 -0.01172935 0.01799736 0.02454679 0.004674614 0.01799736 0.003953905 0.006971475 0.01799736 0.002406797 -0.006899381 0.01799736 -0.004350505 0.02595779 0.01799736 0.005338455 0.003807744 0.01799736 -0.01110077 -0.00338659 0.01799736 -0.01087976 -0.001405039 0.01799736 0.008107555 -0.002519719 0.01799736 0.001243262 -0.001754099 0.01799736 -0.002188884 -0.001371289 0.01799736 -0.01065874 0.0005765116 0.01799736 -0.009053178 -0.0006056688 0.01799736 0.01673997 0.01256707 0.01799736 0.01774095 -0.009612803 0.01799736 0.002068867 0.02122514 0.01799736 0.005722029 0.02282388 0.01799736 -0.0135904 -0.01013061 0.01799736 0.002627812 -0.00491783 0.01799736 0.003011386 0.01409831 0.01799736 0.01204019 -0.01399246 0.01799736 -0.01270634 -0.00220441 0.01799736 -0.01248532 -0.0002228588 0.01799736 -0.006446636 -0.02396772 0.01799736 -0.02775926 0.0006991618 0.01799736 0.02017212 0.01218426 0.01799736 0.004512851 -0.0191715 0.01799736 0.006118416 -0.02035368 0.01799736 0.009492105 -0.00568345 0.01799736 0.002848828 -0.002936279 0.01799736 0.001022247 -0.00373565 0.01799736 0.01364576 -0.01517464 0.01799736 0.02294122 0.005856795 0.01799736 0.01956753 -0.008813431 0.01799736 -0.02051315 0.005688043 0.01799736 -0.0005833188 -0.002553469 0.01799736 -0.02416632 0.004089303 0.01799736 0.01878757 0.01534799 0.01799736 0.01844909 -0.01869066 0.01799736 0.01856655 0.01336644 0.01799736 0.01729892 -0.0135759 0.01799736 0.02605837 0.003330477 0.01799736 0.004733866 -0.01718995 0.01799736 0.006339432 -0.01837213 0.01799736 0.02573035 0.01357021 0.01799736 0.009934135 -0.001720348 0.01799736 0.00971312 -0.003701899 0.01799736 0.00788654 -0.00450127 0.01799736 0.01547234 -0.01437527 0.01799736 -0.02067051 -0.01134492 0.01799736 0.007471959 0.02351161 0.01799736 -0.01132179 -0.005368141 0.01799736 -0.01519597 -0.008948432 0.01799736 -0.01497495 -0.006966882 0.01799736 -0.01496305 0.02310075 0.01799736 -0.003174134 -0.02621106 0.01799736 -0.003010999 -0.02434579 0.01799736 -0.01973538 -0.01841736 0.01799736 -0.01453292 -0.00300378 0.01799736 -0.002572361 -0.02038729 0.01799736 -0.005562574 -0.01604152 0.01799736 -0.006062409 0.02700509 0.01799736 -0.02265569 -0.01407243 0.01799736 0.02039253 0.01415337 0.01799736 0.01525132 -0.01635682 0.01799736 0.009992594 -0.01677338 0.01799736 -0.0008043343 -0.00453502 0.01799736 0.02477947 0.006562115 0.01799736 -0.01292736 -0.00418596 0.01799736 -0.008773705 -0.01367715 0.01799736 -0.007168139 -0.01485933 0.01799736 -0.01525443 0.006104604 0.01799736 -0.01475394 -0.004985331 0.01799736 -0.01037927 -0.01249497 0.01799736 -0.01541698 -0.01092998 0.01799736 0.01181917 -0.01597401 0.01799736 0.01342474 -0.01715619 0.01799736 0.01503031 -0.01833838 0.01799736 -0.005341558 -0.01405996 0.01799736 -0.004841173 -0.02518303 0.01799736 0.02223209 0.01489078 0.01799736 -0.003735993 -0.01524214 0.01799736 0.01475083 -0.00526689 0.01799736 0.01664328 -0.01951943 0.01799736 0.02709205 -0.003621115 0.01799736 0.005930089 0.02475315 0.01799736 -0.005951253 0.02876788 0.01799736 -0.01486389 0.0250109 0.01799736 0.01227774 0.02187766 0.01799736 0.02910355 -0.000869846 0.01799736 0.02868361 -0.004744254 0.01799736 0.02398776 0.01372185 0.01799736 0.02640817 0.009001917 0.01799736 0.00369628 -0.02700604 0.01799736 0.02395725 0.01572779 0.01799736 -0.02445988 -0.01288695 0.01799736 0.00716897 -0.02878463 0.01799736 0.01556696 -0.02501792 0.01799736 0.007083694 -0.02720936 0.01799736 -0.0006001143 0.02936324 0.01799736 -0.02460833 0.01290465 0.01799736 0.02625748 -0.009466211 0.01799736 -0.02276852 -0.01586701 0.01799736 -0.02441342 -0.01491433 0.01799736 -0.02681377 0.007977334 0.01799736 -0.004313424 0.02938605 0.01799736 -0.004236097 -0.02892081 0.01799736 -0.02621864 0.01277601 0.01799736 -0.00972832 -0.02749551 0.01799736 -0.01797279 -0.02297003 0.01799736 0.02509636 0.01214653 0.01799736 0.02752234 0.002047802 0.01799736 -0.02703629 -0.01107078 0.01799736 0.01248634 0.02662212 0.01799736 -0.0254792 -0.0114783 0.01799736 -0.02919722 0.00182068 0.01799736 0.01233792 -0.02653192 0.01799736 -0.01651275 0.02222283 0.01799736 -0.02429918 -0.01645063 0.01799736 -0.02576224 -0.01416018 0.01799736 0.02909953 0.001025312 0.01799736 -0.01648296 0.02402177 0.01799736 0.02529498 0.01498288 0.01799736 -0.02923861 -5.166527e-05 0.01799736 -0.003252585 -0.0277626 0.01799736 0.02389323 0.01725844 0.01799736</float_array>
          <technique_common>
            <accessor count="3366" source="#cubeverts-array0-array" stride="3">
              <param type="float" name="X" />
              <param type="float" name="Y" />
              <param type="float" name="Z" />
            </accessor>
          </technique_common>
        </source>
        <source id="cubenormals-array0">
          <float_array count="20184" id="cubenormals-array0-array">-0.6973887 0.6416351 -0.3193015 0.8903143 0.3240485 -0.3198952 -0.2632101 -0.9059874 -0.3315227 0.4955947 0.8071521 -0.3207669 -0.3311637 -0.8868278 -0.322284 -0.9178543 0.2312385 -0.3226024 -0.760312 -0.5656886 -0.3192527 0.7772232 0.5415434 -0.3203977 0.2931072 0.8996812 -0.3235149 0.8658543 0.3759575 -0.330079 -0.9171402 0.2262773 -0.3281042 0.5747602 0.7476494 -0.3326727 0.8968759 0.2949321 -0.3295889 -0.2339895 -0.9188281 -0.3178112 0.1141929 0.9406798 -0.3195021 0.4020405 0.8587026 -0.3177943 0.4766923 0.8134558 -0.3332477 -0.3348122 -0.8834419 -0.3277671 0.9140956 -0.2585432 -0.3123854 -0.6649441 0.6701691 -0.3297313 0.320292 -0.8933198 -0.3152662 0.4282846 0.8405529 -0.3317275 0.9023766 -0.2790195 -0.3284273 -0.495695 0.8076884 -0.3192585 0.9387553 0.1050371 -0.3281852 -0.6968415 -0.6365005 -0.330574 0.6091171 0.7260239 -0.3191641 0.3800985 -0.862801 -0.333316 -0.7981376 -0.5080938 -0.3237545 -0.762785 -0.5585521 -0.3258507 0.7504949 -0.5803656 -0.3161222 -0.8097596 0.4838426 -0.3319422 0.2231755 0.9177557 -0.3285076 -0.7725155 0.5488417 -0.3193631 -0.7907156 -0.511538 -0.3362999 0.8086805 0.4943967 -0.3187598 -0.8506905 0.4104618 -0.3284001 -0.3196162 0.887765 -0.3312382 -0.8121527 -0.480304 -0.3312342 -0.9228165 0.2117063 -0.3218541 0.2654394 0.9089652 -0.3214408 0.8607894 0.3954981 -0.3203481 0.376815 -0.8681549 -0.3229821 -0.08526275 -0.9434405 -0.3203907 -0.4243703 -0.8420964 -0.3328413 0.9444661 -0.06411292 -0.3222939 0.6239121 -0.7076916 -0.3315212 0.7527807 0.5701562 -0.3290032 -0.2685426 0.9092376 -0.3180751 0.8143916 0.4768063 -0.3307901 0.5572523 -0.762761 -0.3281244 -0.6959499 -0.6381583 -0.3292536 -0.2984436 0.8954923 -0.3301893 0.3150681 -0.8943025 -0.3177341 0.4539529 -0.8267022 -0.3324006 0.9433789 0.1000212 -0.3162784 -0.6221331 -0.7124016 -0.3247067 -0.8262569 -0.4585468 -0.3271613 -0.8255554 -0.4616553 -0.3245496 0.318399 -0.8860601 -0.3369268 0.3090252 0.8918685 -0.3302636 -0.7238639 -0.6117717 -0.3189928 0.7258329 -0.6020138 -0.3327852 0.8972514 -0.2962459 -0.3273808 -0.1415958 -0.9324661 -0.3323512 0.8422694 0.4253317 -0.3311726 -0.6778935 -0.6656361 -0.312072 0.163861 -0.9330928 -0.3201365 0.2468463 0.9124459 -0.3263579 0.5808253 -0.7456341 -0.3266066 -0.4710076 0.8175081 -0.3314095 0.8507107 -0.4177509 -0.3190228 0.0657109 -0.9438577 -0.3237512 0.5560725 -0.7651999 -0.3244263 -0.3496166 0.8816134 -0.3170584 -0.7993109 -0.5113309 -0.3156624 -0.6532531 -0.6855373 -0.3214016 0.3010929 0.8973401 -0.3226822 0.2986849 0.8957268 -0.3293339 -0.4367072 -0.8412322 -0.3187716 0.8907063 -0.3211821 -0.3216898 -0.6254771 -0.7069379 -0.3301774 -0.8363179 0.4463146 -0.3183954 -0.2898679 0.9020363 -0.3198548 0.9049023 -0.2593269 -0.3374929 0.8967328 -0.303019 -0.3225674 -0.8183829 0.4776378 -0.319549 0.173565 -0.9288298 -0.3273384 -0.5030686 0.7987741 -0.3299725 -0.2144102 -0.9230575 -0.3193637 0.1131102 -0.9384944 -0.3262428 0.7271094 0.6026142 -0.3288893 -0.8718083 -0.3636479 -0.3281927 0.1199263 0.9372827 -0.32729 0.6368373 0.7016214 -0.3196338 0.7245454 0.6089596 -0.3228038 0.5280131 0.7826421 -0.3296567 0.7074118 -0.6236654 -0.3325808 -0.2895606 0.9026036 -0.3185302 -0.832359 -0.4535627 -0.318527 -0.4664669 -0.8253676 -0.3180831 0.2970323 -0.896495 -0.3287379 0.1412594 0.9332083 -0.3304057 -0.8708364 -0.3714357 -0.3219928 -0.6741543 -0.6653851 -0.3205911 -0.92269 0.2018515 -0.3284799 -0.6851854 -0.6550916 -0.3183959 -0.9487301 0.02561171 -0.3150477 -0.6829492 -0.6509507 -0.3314265 0.321467 0.8870764 -0.331292 0.1683688 0.9314417 -0.3225962 0.8519954 0.4146935 -0.3195825 0.8788707 0.3418369 -0.332767 0.8870534 -0.3369969 -0.3155459 0.6538553 -0.685271 -0.3207445 -0.67097 -0.6597678 -0.3383871 0.6176646 0.7123386 -0.3332628 0.7838443 0.5256875 -0.330516 0.5647622 0.7605251 -0.320383 -0.8495666 0.4171779 -0.3227989 0.8800965 -0.3338859 -0.3375653 -0.5584263 0.7637496 -0.3238004 -0.6462676 0.6873703 -0.3314517 0.08626373 0.9390142 -0.3328826 -0.9419619 0.02467474 -0.3348117 -0.7847588 0.5242943 -0.3305586 0.652235 -0.6880465 -0.3180905 -0.3788804 -0.8691015 -0.3179816 0.83851 0.4407054 -0.3204367 -0.2956536 -0.9011492 -0.3170475 -0.8761992 0.348928 -0.3324518 -0.6915447 -0.6469851 -0.3212108 -0.1126601 -0.9372796 -0.3298706 -0.8284375 0.454751 -0.3269446 -0.6220176 -0.7097456 -0.3306893 0.2680724 0.9044878 -0.331721 -0.3895713 -0.8600825 -0.3293816 0.9430688 -0.06693508 -0.3257928 -0.6993539 -0.6403845 -0.3175088 -0.9066157 -0.2616981 -0.3310019 0.3002715 0.8993322 -0.3178657 0.6034395 -0.7322433 -0.3157223 -0.9060704 -0.2758196 -0.3208738 -0.93866 0.07435858 -0.3367314 0.602736 0.7262934 -0.3304652 0.6548784 -0.6820007 -0.3255907 -0.8859931 0.3341294 -0.3215179 0.9388541 -0.1068955 -0.3273016 -0.2362993 0.912157 -0.3348616 -0.6904724 0.6438866 -0.3296331 0.7305446 -0.60533 -0.3160383 0.8770601 0.3460833 -0.3331546 0.88314 0.3445148 -0.3183917 -0.7857258 0.5303332 -0.3184046 0.7983865 0.5102582 -0.319712 -0.2445793 -0.9112157 -0.3314619 -0.1431741 0.9321983 -0.3324268 -0.8987171 0.2890426 -0.3297909 0.6378244 0.7007666 -0.3195404 0.4780964 -0.8185976 -0.3183107 0.8353376 -0.4381797 -0.3319781 -0.6580886 -0.6773708 -0.3287677 -0.7554997 -0.5611514 -0.3381259 0.8047172 0.4915193 -0.3329249 0.943585 0.07190322 -0.3232292 -0.7896343 0.5179375 -0.3289656 0.6183142 -0.7163236 -0.3233699 -0.1465479 -0.935244 -0.3222459 0.871963 0.3746218 -0.315181 0.9412691 0.06725892 -0.3308907 -0.9134342 0.2504721 -0.3207829 0.40974 -0.853996 -0.3206305 0.2589521 0.9085426 -0.327863 -0.03795162 0.9469632 -0.3190928 0.7434315 -0.5795348 -0.3338398 -0.7533882 0.5676087 -0.332004 -0.8714911 0.3700424 -0.3218257 -0.2631476 0.9057719 -0.3321604 -0.840419 -0.4282163 -0.3321545 -0.5171199 0.7890361 -0.3316761 0.6910696 -0.6486205 -0.3189267 -0.2907422 -0.9006227 -0.3230289 0.3646266 -0.8699312 -0.3320651 -0.6491739 -0.6903496 -0.3193599 -0.9055483 0.2757182 -0.3224311 -0.6682793 0.6736922 -0.3155023 0.6865267 0.6466864 -0.3323819 0.7578261 -0.5692255 -0.3188761 0.9435858 0.05916919 -0.3257987 -0.8901348 -0.3147035 -0.3295782 0.9193969 -0.2294305 -0.3194852 -0.9012241 0.281838 -0.3291844 -0.2655333 0.9054812 -0.3310527 -0.3825192 0.8671018 -0.3190825 -0.91994 -0.2114704 -0.3301373 -0.8269114 0.4614154 -0.3214239 0.8166519 0.4736547 -0.3297438 -0.9196093 -0.2278309 -0.3200184 0.4597017 0.8298098 -0.3163703 -0.2794822 -0.9009494 -0.3319335 0.8749306 0.3646346 -0.3186504 0.8565412 0.3954183 -0.3316347 -0.8896548 -0.3240479 -0.3217256 0.9346473 0.1260923 -0.3324683 -0.938781 -0.1301291 -0.3189931 0.9410927 0.09613883 -0.3241941 0.8135686 0.4847894 -0.3210692 0.8840082 0.3439978 -0.3165363 -0.9366301 -0.1060375 -0.3338864 -0.4564598 0.8270522 -0.3280688 -0.05466722 0.9423906 -0.3300175 0.4925654 -0.8092189 -0.3202249 -0.9474934 0.07562377 -0.3107045 -0.6286473 -0.7099523 -0.3174433 -0.5442563 0.7751085 -0.3209237 -0.8891489 0.3266437 -0.3204967 -0.9323504 0.1477337 -0.329996 -0.4963316 -0.807451 -0.3188699 -0.1232063 0.9394883 -0.3196591 0.4025447 0.8526572 -0.3330668 -0.5583767 0.7638348 -0.3236848 -0.8520066 0.4152371 -0.3188462 0.2142781 0.922558 -0.3208917 -0.9340955 0.1569956 -0.3206525 0.9389481 0.08875609 -0.3324137 -0.5903327 -0.738728 -0.3252509 -0.8498476 -0.4122099 -0.3283932 -0.8884206 0.3235804 -0.3255837 -0.1748454 0.9263409 -0.333649 -0.8770995 -0.3453495 -0.3338116 0.2488459 0.9138548 -0.3208506 0.3437543 0.8797541 -0.3284292 0.5782509 -0.7497295 -0.3217631 0.8657783 0.3717421 -0.3350159 -0.5743547 -0.7543552 -0.3179072 0.6458647 0.68809 -0.330743 -0.2011157 0.9266212 -0.317688 -0.8717179 -0.3725198 -0.3183345 0.8768317 0.3463733 -0.333454 -0.1863463 -0.9288918 -0.3200547 0.2068751 0.9237952 -0.3221882 -0.3441482 0.8782569 -0.3320043 0.9227625 -0.1993012 -0.329831 0.2925777 -0.8962482 -0.333373 -0.6504596 -0.6914825 -0.3142519 0.8593484 -0.38907 -0.3318806 0.3231377 0.891395 -0.3178001 -0.8183212 0.4775856 -0.319785 0.7048039 0.6335247 -0.3192146 0.9343736 0.1566842 -0.3199937 0.4262838 -0.8472391 -0.3169672 0.2027403 -0.9216978 -0.3307107 0.9412209 0.1081939 -0.3199958 -0.8492252 -0.4180031 -0.32263 -0.6236438 -0.7073871 -0.3326738 -0.6906042 -0.6426626 -0.3317389 -0.2144229 0.9231123 -0.3191964 -0.05898079 -0.941049 -0.3330886 0.6231582 0.7154266 -0.3159726 0.3452701 -0.8776999 -0.3323124 -0.7711345 -0.5451977 -0.3288025 -0.5067426 0.7986684 -0.3245625 0.388777 -0.8601111 -0.3302445 0.3818519 0.8663573 -0.3218918 0.5184301 -0.7918524 -0.3228006 -0.4623171 -0.8262315 -0.3218763 -0.9295182 -0.1619369 -0.3313192 -0.2338593 0.9188364 -0.3178829 -0.8587402 -0.4018949 -0.317877 -0.8296311 0.4482841 -0.3327968 -0.1890785 -0.9238365 -0.3328294 0.934728 0.1550689 -0.3197457 0.9261373 0.1803436 -0.3312791 -0.9100938 0.2530106 -0.3281995 0.3659875 -0.8746968 -0.3177399 -0.9303129 -0.1797432 -0.3197033 0.4516812 0.8334177 -0.3184321 0.2090747 -0.9260729 -0.3141287 0.7963289 0.5048813 -0.3330994 -0.236193 -0.91269 -0.3334817 -0.7699957 -0.549668 -0.3239934 0.1721036 -0.9274053 -0.3321141 0.7892253 0.5183886 -0.3292364 -0.6578789 0.6813102 -0.3209547 0.9388319 0.1051946 -0.3279159 -0.459673 -0.823419 -0.3326892 -0.4058733 0.8515033 -0.3319772 -0.4554722 0.8286871 -0.3253042 0.8366778 0.4443986 -0.320125 0.7381486 -0.5871056 -0.3323305 -0.4017672 -0.8535041 -0.3318343 0.2020891 -0.9224045 -0.3291352 0.8272673 0.4629235 -0.3183249 0.9357926 -0.1182181 -0.3321396 -0.3287579 0.8897666 -0.316597 -0.64487 -0.6864497 -0.3360497 -0.7092683 -0.6286137 -0.3190349 -0.620189 -0.7125513 -0.3280797 0.2913705 0.8967415 -0.3331035 -0.8262807 0.4542505 -0.3330418 -0.6015865 -0.7330098 -0.3174749 0.8322191 0.445483 -0.3300852 0.9189233 0.2337008 -0.3177483 -0.176233 0.9322892 -0.3158778 -0.5581902 0.7670363 -0.3163529 -0.1770375 -0.9319751 -0.3163542 -0.8827609 -0.3477921 -0.3158701 0.9253265 0.2075174 -0.3173446 -0.6441626 -0.6901242 -0.3298227 0.5120316 -0.7925779 -0.3311249 0.9261956 0.1767209 -0.3330635 -0.4513046 -0.8293146 -0.3294865 0.9187308 0.2352624 -0.3171518 0.4322038 -0.8390462 -0.3304561 0.8988088 0.297974 -0.3214877 0.9134175 0.2339409 -0.3330766 -0.1381105 0.9359617 -0.3238848 0.5799112 0.748084 -0.3226039 0.920342 0.2053557 -0.3328658 -0.1755296 -0.9261451 -0.3338332 0.06084731 -0.9425776 -0.3283977 0.7726242 0.5419728 -0.3306319 0.6021343 0.7258652 -0.3324965 -0.4543349 -0.8262161 -0.3330866 0.9404303 0.1207229 -0.3178316 -0.08642022 -0.9413656 -0.3261324 0.431972 0.8393418 -0.3300084 0.9260944 -0.1999229 -0.3199688 0.9200177 -0.2280088 -0.3187152 0.2152784 -0.9212265 -0.3240322 0.7632938 0.5540144 -0.332341 0.9186969 0.2341381 -0.3180807 -0.9369279 -0.1478476 -0.316713 0.8168132 -0.4824419 -0.3163322 0.8822709 0.3485726 -0.3163785 -0.8008984 -0.5026176 -0.32548 -0.5674271 -0.7527698 -0.3337126 0.0002107983 -0.9434235 -0.3315902 -0.4365334 -0.8409115 -0.3198537 -0.0231753 -0.9496571 -0.3124329 0.2173344 0.9186603 -0.3298924 -0.9409989 -0.05941615 -0.3331527 0.7450902 -0.5779501 -0.3328879 0.7863107 0.529011 -0.3191595 0.8010565 0.508013 -0.3165931 0.9410248 -0.1188791 -0.316765 -0.0001087471 0.9429771 -0.3328578 -0.9266486 0.174764 -0.332836 0.7961591 -0.5049276 -0.3334348 0.05900524 -0.9410985 -0.3329443 -0.9262499 -0.1759996 -0.3332945 0.6053735 0.7299039 -0.317432 0.2931135 0.9020756 -0.3167714 0.1184387 0.9409986 -0.3170081 -5.452282e-05 0.9483284 -0.3172907 -0.7297289 0.6058462 -0.3169325 -0.8311747 0.4569517 -0.316771 -0.9318637 0.1759483 -0.3172891 -0.946587 -0.05973573 -0.3168673 -0.9317795 -0.1770774 -0.3169078 0.0593258 -0.9465219 -0.3171385 -0.4570441 -0.8310987 -0.3168369 0.8009815 -0.5080935 -0.3166538 0.1731731 -0.932174 -0.3179037 -0.5779664 -0.7451114 -0.3328121 0.9201804 0.2062849 -0.332738 -0.7404059 -0.5877287 -0.3261504 -0.2370674 0.9195163 -0.3135105 0.4749032 -0.8170438 -0.3269655 -0.8785893 -0.3482407 -0.3268168 -0.1435814 0.9373631 -0.3173873 -0.8935834 -0.3183499 -0.3164839 0.9156857 -0.2269208 -0.3317025 0.7590232 0.5608941 -0.3305777 0.5328452 0.7830502 -0.3207932 0.9139802 0.2322791 -0.3326962 0.9309046 0.1543011 -0.3310709 -0.6599414 -0.6742605 -0.3314365 0.8103302 0.4831563 -0.3315494 0.9138337 -0.23494 -0.3312269 -0.1156143 0.935925 -0.3326827 -0.8976386 -0.2893474 -0.3324499 -0.9420154 0.09991428 -0.3203501 0.8935553 0.3174988 -0.3174167 0.938024 0.1038348 -0.3306498 -0.5096629 -0.7941891 -0.330919 0.5224125 0.7869261 -0.3283788 -0.4747297 0.8199093 -0.3199694 -0.8671243 -0.3709913 -0.3323565 -0.8559881 0.3977942 -0.3302183 0.1181949 0.9368789 -0.3290713 -0.0355199 0.9453444 -0.324133 -0.2344366 0.9135814 -0.3322776 -0.8534675 -0.4014771 -0.3322789 -0.147513 0.9313394 -0.3329369 -0.5779376 0.7450742 -0.3329453 -0.8871904 -0.3194093 -0.3329727 -0.1475125 -0.9313365 -0.332945 0.9215228 0.2065484 -0.3288366 0.9399965 0.1268767 -0.3167158 0.9249626 0.2014184 -0.3222962 -0.5988469 -0.7347832 -0.318553 0.8971398 0.2900968 -0.3331426 0.9359102 0.118901 -0.331564 0.9349158 -0.1537501 -0.3198332 0.05869754 0.9409757 -0.3333457 0.9066305 0.2597256 -0.3325112 -0.6867574 0.6458597 -0.3335108 0.9422978 0.1046602 -0.3179955 0.9252114 0.2079502 -0.3173966 0.8530778 0.4014296 -0.3333353 0.9330775 -0.1661654 -0.3189914 -0.9389299 0.08660382 -0.3330321 -0.09253424 0.9415652 -0.3238707 0.8351007 0.4386065 -0.3320107 0.9449695 -0.07628729 -0.3181396 0.7873057 0.5281021 -0.3182106 -0.08563802 0.9445578 -0.3169806 0.1448236 -0.9372963 -0.3170203 -0.9115157 -0.2616289 -0.3173162 0.9345521 0.1276529 -0.3321404 0.9450161 0.07629105 -0.3180004 0.8186606 0.4790163 -0.3167623 0.9304849 0.1548381 -0.3319986 -0.4951674 -0.8038197 -0.3296713 0.6042532 -0.7272992 -0.3254443 0.6454068 0.6872917 -0.3332869 0.3470732 0.8766056 -0.333321 -0.796357 0.505388 -0.3322626 -0.5051873 -0.7960407 -0.3333243 -0.1162067 0.9411511 -0.3173809 -0.6058193 0.7296809 -0.3170943 -0.90252 -0.2908994 -0.3175455 -0.1170649 -0.9411663 -0.31702 0.9351796 -0.1525696 -0.3196273 0.9372197 0.1360344 -0.3211136 0.06346901 -0.945766 -0.318588 0.5792588 0.7523069 -0.3138367 -0.8003923 -0.5065593 -0.3205776 0.9318253 -0.151747 -0.3296578 0.9201626 0.2056817 -0.3331603 -0.4983215 -0.8043649 -0.3235317 0.02525566 -0.9459019 -0.3234682 0.918607 -0.2332905 -0.318962 0.9203707 0.206174 -0.33228 0.7465776 -0.5780815 -0.3293079 -0.7631729 0.5608301 -0.3209932 -0.08934168 0.941843 -0.3239599 -0.05792884 0.9412052 -0.3328317 0.1163507 -0.9358487 -0.3326406 -0.9134661 -0.2336177 -0.3331704 -0.5001191 -0.8055139 -0.3178494 0.8582323 0.4038551 -0.3167622 -0.5550179 0.7620175 -0.3335933 0.9218115 -0.2011764 -0.3313484 0.9386785 -0.08873061 -0.333181 0.9202451 -0.2057001 -0.3329212 -0.4945834 -0.8046471 -0.3285274 0.8264916 0.4540289 -0.3328202 0.9351529 0.1559532 -0.3180686 0.164983 0.929891 -0.3287604 0.1203315 -0.9373594 -0.3269216 0.6503785 0.689379 -0.3190055 0.7677033 -0.5567849 -0.31721 -0.9477726 0.0240675 -0.3180374 0.9225917 -0.217017 -0.3189486 0.9256098 0.180283 -0.3327831 -0.5147288 -0.7956074 -0.3194732 0.750681 -0.5775375 -0.3208244 0.6492941 0.6914312 -0.316765 0.9305104 0.1816796 -0.3180298 0.3491679 0.8818963 -0.3167662 -0.6908271 0.6497357 -0.3171772 -0.8008471 0.5082375 -0.3167622 -0.9466335 0.05955156 -0.3167626 -0.5082375 -0.8008471 -0.3167622 0.4038551 -0.8582323 -0.3167622 0.9377914 -0.1351444 -0.3198174 -0.5558389 -0.7681505 -0.3177858 -0.1825102 0.9276896 -0.3257023 0.811584 0.4799677 -0.3331103 0.9140809 -0.251395 -0.3182083 0.7450368 0.5779086 -0.3330792 0.5778871 0.7450091 -0.3331786 0.492321 0.8056077 -0.3295697 0.2630475 0.9054278 -0.3331766 -0.08873523 0.9387273 -0.3330423 0.1475106 0.9313244 -0.3329796 0.02961402 0.9424123 -0.3331396 -0.6235462 0.7072766 -0.3330916 -0.7450591 0.5779259 -0.3329992 -0.8400991 0.4280533 -0.3331724 -0.9312818 -0.1475038 -0.3331016 0.02961415 -0.9424164 -0.3331282 -0.9423918 -0.02961338 -0.3331976 -0.9054607 -0.2630571 -0.3330792 0.1475076 -0.9313054 -0.3330343 -0.4280542 -0.8401008 -0.3331672 0.8115788 -0.4799646 -0.3331275 0.3193969 -0.8871558 -0.3330767 -0.08873327 -0.9387066 -0.333101 -0.9312904 0.1475052 -0.3330771 -0.3386671 -0.8812526 -0.3296944 0.3665793 0.8700948 -0.3294763 0.9271022 -0.1741024 -0.3319184 0.9311045 -0.1510763 -0.3319946 -0.7214628 -0.6150262 -0.318173 0.9317023 0.177727 -0.3167712 -0.4038672 0.8582292 -0.3167554 0.9312537 0.1474994 -0.3331824 -0.1369454 0.9359971 -0.3242766 0.07639031 -0.941547 -0.3281062 0.8871359 0.3193897 -0.3331367 0.2360587 0.9168574 -0.3219453 0.9312537 -0.1474994 -0.3331824 0.07409218 -0.9434888 -0.3230159 0.9378988 -0.1010974 -0.3318511 0.9111696 0.2628585 -0.3172938 -0.2071569 -0.9239496 -0.3215635 0.879472 -0.3445468 -0.3283544 -0.155297 -0.9316746 -0.3284284 0.6455548 0.6880963 -0.3313344 0.07145853 -0.9424809 -0.3265327 0.9313465 -0.1771469 -0.3181395 -0.1356952 0.9355741 -0.3260181 -0.0906893 0.9408066 -0.3265859 0.1186935 -0.9387698 -0.3234551 -0.510133 -0.7938902 -0.3309119 0.9041111 0.2857504 -0.3176945 0.8981004 -0.3025101 -0.3192227 0.9116874 0.2608066 -0.3174993 0.9090893 -0.2677536 -0.3191624 0.8399806 -0.4388304 -0.3191559 0.03769748 -0.9465733 -0.3202777 -0.02793365 0.9478101 -0.3176097 0.08859102 -0.9439369 -0.318017 -0.9259127 -0.2054277 -0.3169939 0.7849762 -0.5321202 -0.3172702 0.9253811 -0.184573 -0.3310629 -0.1819835 0.9281537 -0.3246731 0.907582 -0.2623146 -0.3278503 -0.5583711 0.7637506 -0.3238934 0.3879043 -0.8622277 -0.3257203 0.931707 -0.1749758 -0.3182852 -0.4039059 0.8556208 -0.3236869 -0.1135818 -0.937831 -0.3279816 0.1429345 0.9339483 -0.3275823 0.2567423 -0.9098648 -0.3259285 0.893348 -0.3038945 -0.3310251 0.8928173 -0.3174961 -0.3194894 0.8985327 -0.2852535 -0.3335706 0.5869424 -0.742557 -0.3226573 0.9392664 0.1287534 -0.3181213 0.851114 0.4062937 -0.3324613 0.9191583 0.2325091 -0.3179426 0.2114347 -0.9213374 -0.3262401 0.9306379 -0.179711 -0.3187741 0.9313465 0.1771469 -0.3181395 0.4294565 -0.8421353 -0.3261524 -0.7346077 0.593335 -0.3290975 -0.2511946 0.9130248 -0.3213829 -0.8489094 -0.4214694 -0.3189298 0.8563209 0.4075516 -0.3172008 0.9285738 -0.1677224 -0.331089 -0.5863358 -0.7446488 -0.3189181 -0.2726083 0.9056123 -0.3248864 0.9072666 0.2577216 -0.3323357 0.9139894 0.2328185 -0.3322937 0.02678821 -0.9447898 -0.3265804 0.2329181 0.9153277 -0.3285185 0.618831 0.7122892 -0.3311985 0.4703565 -0.8207591 -0.3242211 0.4964238 0.8070517 -0.319736 -0.4785996 -0.813422 -0.330586 -0.8368897 -0.4351685 -0.33203 -0.3425862 -0.8831436 -0.320456 0.3704853 0.8717213 -0.320691 -0.8804121 -0.3384837 -0.3321194 0.9121668 0.2587895 -0.3177729 -0.9415734 0.05678947 -0.3319857 0.9090558 -0.2528485 -0.3311875 -0.1631081 -0.930328 -0.3284594 0.8749239 -0.353823 -0.3306319 -0.1162858 -0.9395424 -0.3220832 0.9054459 0.2630529 -0.3331228 0.1454455 0.9353672 -0.3223876 0.9262561 -0.2003656 -0.3192231 -0.2038418 -0.9221064 -0.3288894 -0.7600049 0.5613427 -0.3275468 -0.04476095 0.9452021 -0.323403 0.8471023 0.4264925 -0.3170516 0.1919453 0.9249341 -0.3281065 0.3872715 -0.8630309 -0.3243431 -0.9477164 -0.02967345 -0.3177314 0.210595 -0.922157 -0.3244632 -0.7950857 0.5088485 -0.3300179 0.8458654 0.4282319 -0.318008 0.6270494 0.711191 -0.3178306 -0.4837174 -0.815699 -0.3172582 -0.530957 -0.7854829 -0.317964 0.8878381 -0.3314216 -0.3192231 0.8287519 -0.4585475 -0.3207876 -0.2728391 0.9053764 -0.3253496 0.1645896 -0.930755 -0.3265049 -0.405359 0.8538027 -0.3266575 -0.8819345 0.3468887 -0.3191547 -0.2276404 0.9177984 -0.3253092 -0.8415109 -0.4364712 -0.3183587 0.471262 -0.8194038 -0.3263273 -0.5600511 0.7608819 -0.3277217 0.8991424 0.2845958 -0.3324879 -0.8850709 -0.3397836 -0.3181144 -0.9385101 -0.1349449 -0.3177871 0.5888881 -0.7388732 -0.3275318 0.430262 -0.8424506 -0.3242711 0.6070698 0.7225348 -0.3307712 -0.5655646 0.7566872 -0.3279653 0.5846075 -0.7425961 -0.3267799 -0.941872 -0.05067895 -0.3321276 -0.7925357 0.5189196 -0.3203275 -0.8383199 0.4414192 -0.3199512 0.9148578 -0.2304153 -0.3315782 0.8692257 -0.3675787 -0.3306549 0.3550787 0.8790407 -0.3181296 0.7530847 -0.5696104 -0.329253 -0.9127296 -0.2377503 -0.332264 0.9307803 0.181568 -0.3173028 -0.402063 0.8553547 -0.3266706 0.9252508 0.2072784 -0.3177211 0.8738488 -0.366376 -0.3196201 0.9024484 0.2918513 -0.3168748 0.7109375 0.6271473 -0.3182046 0.0882645 -0.9390864 -0.3321537 -0.8403115 0.42974 -0.3304544 0.3440983 -0.8819308 -0.3221716 0.8795553 -0.3525656 -0.3194993 0.9142598 -0.2493936 -0.3192676 -0.2515846 0.9101793 -0.3290575 0.9179262 -0.2184817 -0.3311756 0.7227851 0.6131508 -0.3187911 -0.1378706 0.9352238 -0.3261105 -0.8830682 0.332331 -0.3312802 -0.1580639 -0.9334276 -0.3220696 0.7630035 -0.554021 -0.332996 -0.9292924 0.1624632 -0.3316945 -0.8198293 0.4747913 -0.3200829 0.6189648 -0.7148216 -0.3254422 0.9059743 0.2617206 -0.3327354 0.7552608 0.5712097 -0.3214042 -0.7822148 -0.5271661 -0.3320179 0.6951971 0.6378859 -0.3313648 0.9048908 0.2830188 -0.3179199 -0.9447179 0.07605389 -0.3189418 -0.8273582 -0.453102 -0.3319293 -0.2899794 0.8983312 -0.3300197 0.9044183 -0.2691606 -0.331029 0.6235669 0.7076337 -0.3322932 0.9045414 -0.2836141 -0.3183833 -0.9432113 0.003244883 -0.3321776 -0.5630447 0.760982 -0.322315 -0.9341331 0.1611746 -0.3184618 0.7705387 0.5442243 -0.331798 0.8653181 0.3744537 -0.3331801 -0.7869965 -0.5286031 -0.3181434 0.8583745 -0.4011574 -0.3197904 -0.7422571 -0.5870577 -0.3231375 0.1877404 0.9277861 -0.3224387 0.8805307 -0.3393915 -0.3308764 0.1666447 -0.9313565 -0.3237354 -0.5533012 -0.763791 -0.3323869 0.8961434 0.3096958 -0.3178293 -0.2277868 0.9178374 -0.3250965 0.7180945 0.6120301 -0.3312995 0.8537995 -0.4022981 -0.3304281 0.429293 -0.8423705 -0.32576 -0.8132568 0.4855937 -0.3206435 -0.5207603 0.7889271 -0.3261945 -0.9401427 0.07719879 -0.3319217 0.8400974 0.4280525 -0.3331779 0.7753918 0.5453553 -0.3183634 0.8598251 -0.3891212 -0.3305836 0.8313112 0.4565493 -0.3169927 -0.7317263 -0.5953462 -0.3318729 -0.7011845 0.6323524 -0.3293492 -0.7365318 -0.5968397 -0.3182819 -0.8225101 -0.471974 -0.3173605 0.7250556 -0.609129 -0.3213351 0.647266 -0.6858275 -0.3326972 -0.5191602 0.7915898 -0.3222707 0.8680198 -0.3796475 -0.3200147 -0.1960328 -0.9248721 -0.325857 -0.9056175 0.2648647 -0.3312155 0.652887 -0.6826655 -0.3281864 -0.7516097 -0.570047 -0.3318572 0.5456381 -0.7715018 -0.3272066 -0.4834996 0.811896 -0.3271896 -0.9397997 -0.08127481 -0.3319202 -0.3598686 0.8748595 -0.324215 -0.8404458 0.4277277 -0.332716 -0.4659231 -0.8205369 -0.3311114 -0.1980117 -0.9259558 -0.3215544 -0.9373584 -0.1043997 -0.3323551 0.2345103 0.9133163 -0.3329539 -0.8530921 0.4014497 -0.3332745 -0.9354475 -0.11797 -0.3331983 0.826333 -0.4540642 -0.3331656 0.3475139 -0.8765403 -0.3330334 0.6113663 0.7238678 -0.3197601 -0.9306517 0.1799994 -0.3185715 0.6515723 -0.6856284 -0.3246033 0.0472895 0.9453005 -0.3227551 -0.01854503 -0.946063 -0.3234513 0.9304042 0.1813067 -0.3185528 -0.02154923 -0.9446357 -0.3274126 0.05064192 0.9435548 -0.3273224 -0.2527125 -0.9098169 -0.3291956 0.2811133 0.9014984 -0.3290529 -0.3860778 -0.8614003 -0.3300507 0.3004735 -0.8967448 -0.3249068 0.4132692 0.848794 -0.3297838 -0.3599186 0.8748688 -0.3241344 -0.5952147 -0.7321281 -0.3312218 0.2755217 0.9059594 -0.3214428 -0.9103753 0.2477126 -0.3314442 -0.2464418 -0.9144101 -0.3211242 -0.4859621 0.8120921 -0.3230283 0.5477542 -0.7715522 -0.3235313 -0.6740363 -0.6600226 -0.3317305 0.5357798 0.7771007 -0.3302341 0.6561701 -0.6823965 -0.3221427 -0.76419 -0.5529655 -0.3320284 -0.4703134 -0.8224596 -0.319946 -0.6326268 0.7044399 -0.3217885 -0.5808002 -0.7508284 -0.314528 -0.8223526 -0.4615239 -0.3327639 0.4066166 0.8555206 -0.3205423 -0.3787493 -0.8682951 -0.320332 0.9069896 0.2759653 -0.3181398 -0.8706346 -0.3622681 -0.3328022 0.8028952 -0.5026904 -0.3204084 -0.9192088 -0.2110199 -0.332454 0.8046706 -0.4939966 -0.3293517 0.5293445 0.7856106 -0.3203289 -0.9402448 -0.07507645 -0.3321194 -0.9188095 0.2142515 -0.3314896 -0.9103174 0.2638097 -0.3189465 -0.9390492 0.08908959 -0.3320385 -0.6362461 0.6976182 -0.3294233 0.6581753 0.6760877 -0.3312259 0.6584093 -0.6772801 -0.328312 -0.7103693 -0.6206708 -0.3318782 -0.756351 -0.5715031 -0.3183038 -0.9005513 0.2815128 -0.3312974 -0.9443593 -0.08261887 -0.3183703 0.5493305 -0.7688299 -0.3273172 -0.4879807 0.8091591 -0.3273169 -0.8628978 0.3820091 -0.3308723 0.2694104 0.9091949 -0.317463 -0.8455701 0.4298703 -0.3165796 -0.8221738 0.463494 -0.3304597 -0.3609983 0.8736159 -0.3263058 -0.9441715 -0.08967589 -0.317015 -0.7657628 0.5521712 -0.3297188 0.3441141 -0.8806559 -0.3256235 0.7830182 -0.5274988 -0.329587 -0.8153743 0.4755907 -0.3301187 -0.1834091 0.9277546 -0.3250115 0.3006098 -0.8965944 -0.3251957 -0.7083165 0.6244022 -0.3292561 0.7393247 0.5856117 -0.3323521 0.7274618 -0.6021013 -0.329049 0.7676219 0.5569569 -0.3171052 -0.7747499 -0.5462899 -0.3183238 -0.6049155 0.7254658 -0.3282934 -0.9422373 -0.1058218 -0.3177903 0.6271149 -0.7064839 -0.3280359 0.512787 -0.7937735 -0.3270676 0.5593356 0.7660865 -0.3166308 0.6876685 -0.6473423 -0.3287248 -0.9192489 0.2308789 -0.3188674 -0.4493065 0.8313758 -0.3270133 0.05277598 0.9449156 -0.3230314 0.2358843 0.9187045 -0.3167658 -0.05817996 0.9465863 -0.3171588 0.1776617 0.9317309 -0.3167237 0.05911869 0.946743 -0.3165165 -0.6497138 0.6908572 -0.3171567 -0.7670665 0.5581266 -0.3163917 -0.8582316 0.4038578 -0.3167607 -0.9410038 -0.1185263 -0.3169597 0.0001244519 -0.9485282 -0.3166924 -0.9485446 -0.0002117986 -0.3166435 -0.9188893 -0.2349497 -0.3169243 0.1169884 -0.9410318 -0.3174475 -0.4039585 -0.8582054 -0.3167034 0.8312699 -0.4566751 -0.3169198 0.3496883 -0.8815681 -0.3171051 -0.05873466 -0.9465328 -0.3172159 -0.9409881 0.1182655 -0.3171037 -0.7014863 -0.6378512 -0.3179038 -0.02371729 -0.9461564 -0.3228399 -0.9236138 0.2130229 -0.3186828 0.4311458 -0.8412399 -0.3262339 -0.3180455 0.8903441 -0.3257828 -0.2274948 0.9179361 -0.3250222 0.2554652 -0.9106359 -0.3247766 -0.9152302 0.2465089 -0.3187275 0.2845873 0.9031171 -0.3215425 -0.1347779 0.9363329 -0.3242154 -0.2562634 -0.9116803 -0.321198 0.163398 -0.9318371 -0.3240073 -0.04097852 0.9452455 -0.3237774 0.06995261 -0.9436769 -0.3233889 -0.3901982 -0.8632497 -0.3202267 0.417369 0.8503681 -0.3204329 -0.844937 0.4288648 -0.3196189 0.6235255 0.7072531 -0.3331801 0.3193843 0.887121 -0.3331815 -0.7072638 0.623535 -0.3331396 -0.8115625 0.479955 -0.3331809 -0.9423993 0.02961362 -0.3331765 0.08873061 0.9386785 -0.333181 -0.9201717 0.2056837 -0.333134 -0.9201797 -0.2056855 -0.3331108 0.0887331 -0.9387048 -0.3331062 0.8400974 -0.4280525 -0.3331779 -0.02961439 0.9424239 -0.3331066 -0.2056801 0.9201553 -0.3331815 0.3744537 0.8653181 -0.3331802 -0.479955 -0.8115625 -0.3331809 0.7798228 0.5299708 -0.3331776 -0.8653181 -0.3744537 -0.3331801 0.5299708 -0.7798228 -0.3331776 0.2056801 0.9201553 -0.3331815 0.6668807 -0.6668807 -0.332476 0.3744537 -0.8653181 -0.3331801 -0.6667836 -0.6667836 -0.3328652 0.4280525 -0.8400974 -0.3331779 -0.02961362 -0.9423993 -0.3331765 -0.6667045 0.6667045 -0.3331819 -0.7798228 0.5299708 -0.3331776 0.529969 0.7798201 -0.333187 0.7798228 -0.5299708 -0.3331776 -0.2056801 -0.9201553 -0.3331815 -0.9386785 0.08873061 -0.333181 -0.9386785 -0.08873061 -0.333181 0.9057679 -0.2631464 -0.3321725 -0.8653181 0.3744537 -0.3331802 0.2057061 -0.9202717 -0.3328438 -0.3744537 -0.8653181 -0.3331802 -0.5299708 0.7798228 -0.3331776 -0.7798275 -0.529974 -0.3331615 0.6667045 0.6667045 -0.3331819 -0.3744537 0.8653181 -0.3331801 -0.5299708 -0.7798228 -0.3331776 -0.4370524 -0.8406219 -0.319906 0.1024154 0.940979 -0.3225981 0.6854641 -0.6531264 -0.3218149 -0.07361381 -0.9437617 -0.3223271 0.7629707 0.5631831 -0.3173334 0.8087742 -0.4931546 -0.3204416 0.1948318 0.9264493 -0.3220748 -0.1661861 -0.9321498 -0.3216814 -0.5579963 -0.7659928 -0.3192102 -0.922871 0.1957207 -0.3316664 -0.7386319 0.5929047 -0.3207597 0.5401456 0.7785009 -0.3196546 0.5829534 -0.7457153 -0.3226049 0.7511349 0.570709 -0.3317946 0.6913492 -0.6469475 -0.3217066 -0.5998749 -0.7337697 -0.3189546 0.7571369 -0.5689681 -0.320966 0.333205 0.886548 -0.320947 -0.6403902 -0.6988424 -0.3186215 -0.3052821 -0.8966197 -0.3207427 0.5824577 0.7474938 -0.3193685 -0.6403293 0.6974849 -0.3217035 -0.6788129 -0.6615636 -0.318664 0.6618344 -0.6769927 -0.3219568 -0.5278266 0.7856802 -0.322654 0.1686115 -0.929446 -0.3281771 0.4634476 0.8262877 -0.3201015 -0.2278941 0.9177321 -0.3253187 0.7441579 0.5868891 -0.3190459 -0.7690227 -0.5544375 -0.3181242 -0.4830213 -0.8151963 -0.319602 0.5519145 -0.7688356 -0.3229277 0.6236297 0.7136838 -0.3189691 -0.4905452 0.8093524 -0.3229771 -0.7991807 -0.5100909 -0.3179897 -0.8275683 -0.4631105 -0.3172686 0.4728631 -0.8195031 -0.3237518 -0.8530281 -0.4139498 -0.3177871 0.3446714 -0.8807458 -0.3247898 0.6630424 0.6773876 -0.3186234 -0.3623396 0.8738472 -0.3241929 -0.8757418 -0.3637839 -0.317392 -0.894141 -0.3143832 -0.3188652 -0.2731074 0.9054408 -0.3249451 -0.7152298 -0.6222059 -0.3182864 0.8636885 -0.3807836 -0.3302211 0.1244546 -0.9387313 -0.3213946 0.300607 -0.8965939 -0.3251998 -0.9104531 -0.2648784 -0.3176705 -0.9346939 -0.1593599 -0.3177291 -0.1812231 0.927918 -0.3257706 -0.9240898 -0.2124474 -0.3176855 -0.183235 0.9279107 -0.3246639 0.2095109 -0.9218721 -0.3259706 -0.08773915 0.9412161 -0.3262117 0.006371896 0.9450155 -0.3269634 0.1163511 -0.9379756 -0.3265948 0.02244343 -0.9446997 -0.3271679 -0.9449573 -0.07648019 -0.3181295 0.693716 -0.6408778 -0.3286848 -0.9480549 -0.02182909 -0.3173571 0.05600099 0.9432282 -0.3273902 0.8109779 0.4817439 -0.3320203 -0.9475139 0.03344809 -0.3179601 -0.02745373 -0.9443917 -0.3276746 -0.9439822 0.08772402 -0.3181231 0.1495887 0.9327937 -0.3279009 -0.927763 0.1944528 -0.3185026 0.2409645 0.913269 -0.3284446 -0.9374113 0.1414517 -0.3182003 -0.1211986 -0.9367561 -0.3283275 -0.2129138 -0.9200674 -0.3288522 0.3877003 -0.8630894 -0.3236743 -0.7317544 0.6014826 -0.320553 -0.7943298 -0.5086374 -0.3321568 0.2905315 0.8984509 -0.3292073 0.7000049 0.6390943 -0.3186713 0.3771534 0.865509 -0.3296201 -0.2627082 -0.9069433 -0.3292996 -0.9053898 0.2803208 -0.3188878 -0.3500117 -0.8767563 -0.3298336 -0.8676737 0.3810195 -0.3193219 -0.8880705 0.3312432 -0.3187611 -0.3980027 -0.8559145 -0.3301578 0.4244041 0.8432147 -0.3299548 0.8347224 -0.4480724 -0.3201089 -0.9057702 0.2639996 -0.3314885 0.5041007 0.7979358 -0.3304251 -0.4452641 -0.8321812 -0.3304756 -0.5233352 -0.7852621 -0.330883 -0.826856 0.4626767 -0.3197491 -0.7701097 0.5516044 -0.3204117 -0.7995754 0.5081609 -0.320081 -0.5667911 -0.7543754 -0.3311577 0.7872274 -0.5267049 -0.3207101 -0.9102803 0.2628799 -0.3198186 0.547913 0.7683827 -0.3307254 -0.5984066 -0.7289248 -0.3325329 -0.6088217 -0.7207312 -0.3314853 0.0577349 0.9443309 -0.3238915 -0.6771935 0.6619424 -0.3213118 -0.6494112 -0.6843011 -0.3316582 -0.712414 0.6240369 -0.321005 0.6974193 -0.640463 -0.3215793 -0.0300418 -0.9462106 -0.3221537 0.7314115 -0.6015502 -0.3212082 0.5903861 0.7361256 -0.3310038 -0.5686713 0.7567356 -0.3224349 -0.6878436 -0.6456477 -0.3316779 -0.7447438 -0.5788826 -0.3320416 0.5916975 -0.7387897 -0.3226201 -0.608341 0.7254244 -0.3219949 -0.7768062 -0.5349941 -0.3321949 0.6303181 -0.7062857 -0.3222724 0.7560718 0.5718917 -0.3182695 0.6319671 0.7002618 -0.3320405 -0.8066136 -0.4885176 -0.3327537 0.5151507 -0.7938464 -0.3231528 -0.9342389 -0.128985 -0.3325064 -0.8338672 -0.4409924 -0.3319506 0.7388296 -0.5928164 -0.3204679 -0.407241 0.854067 -0.3236116 -0.8581424 -0.3902147 -0.3336529 -0.4515226 0.8316044 -0.3233598 0.7341179 -0.5934047 -0.3300631 -0.1338714 -0.9373668 -0.3215927 -0.2665165 -0.9089317 -0.3206431 -0.9324603 0.1427835 -0.3318593 0.3887475 -0.8623319 -0.3244364 -0.8808527 -0.3360303 -0.3334399 0.159999 0.9330767 -0.3221306 -0.3191341 0.8905643 -0.3241122 0.4325425 -0.8413659 -0.3240531 -0.8991977 -0.2865345 -0.3306684 0.8912375 0.3086424 -0.3323185 0.6717415 0.6626423 -0.3311622 -0.2272187 0.9178606 -0.3254283 -0.9128433 -0.236865 -0.3325838 -0.4997724 0.8037338 -0.3228616 -0.9251171 -0.1832021 -0.3325586 0.2549204 -0.910512 -0.325551 0.4287888 0.8448686 -0.3199018 -0.9150223 0.2296786 -0.3316352 -0.133289 0.9358153 -0.3263187 -0.9391978 -0.1304301 -0.3176405 0.1617545 -0.9313374 -0.3262609 -0.9378656 -0.09895187 -0.3325907 0.4322653 -0.8398332 -0.32837 -0.03895979 0.9443707 -0.3265672 -0.942232 -0.04414577 -0.3320393 -0.4971285 0.8035496 -0.3273703 0.06724557 -0.9426349 -0.3269824 -0.942901 0.01142351 -0.3328771 -0.8469706 0.4162177 -0.3307621 0.3449942 -0.88063 -0.3247614 -0.9407832 0.06749665 -0.3322215 0.1063075 0.938742 -0.3278143 0.3897173 -0.8606553 -0.3277087 0.4335703 -0.8399546 -0.3263327 -0.9353843 0.1219984 -0.3319225 -0.0780937 -0.9414219 -0.3280643 0.05759466 0.9444095 -0.3236872 -0.926658 0.1761316 -0.3320884 0.7871713 0.5283123 -0.318194 0.8108557 -0.4833727 -0.3299454 -0.03417414 -0.9441531 -0.3277301 0.198937 0.9236259 -0.3276267 -0.7415293 0.5843629 -0.3296276 -0.1717465 -0.9286849 -0.3287059 0.7594753 -0.5610067 -0.3293459 0.5580854 -0.7624673 -0.3273901 0.687637 0.6522783 -0.3188862 -0.5352306 0.7785286 -0.3277521 -0.4022156 -0.8577771 -0.3200641 -0.8890943 0.3158152 -0.3313186 0.5590152 -0.7627441 -0.3251512 0.3398922 0.8809199 -0.3293226 -0.643135 0.6916263 -0.3286799 -0.8692868 0.366802 -0.3313557 -0.3123563 -0.8909345 -0.3296501 0.6641621 -0.6715821 -0.3284298 0.6699447 -0.6659951 -0.3280621 -0.6497377 0.6853611 -0.3288178 -0.2735794 -0.9037012 -0.3293607 -0.5300458 0.7821413 -0.3275767 -0.4518104 0.83346 -0.318138 -0.6567441 0.6837434 -0.3180915 0.5174099 0.794403 -0.3181367 -0.5796536 0.7501938 -0.3181365 -0.3598718 0.8771231 -0.3180367 0.4292686 -0.8452913 -0.3181367 0.7098009 0.6288306 -0.317419 0.8012767 0.5066978 -0.3181401 -0.1142755 0.9411324 -0.3181365 -0.2637155 -0.9104438 -0.3186632 0.1896354 -0.9288896 -0.3181236 -0.359859 -0.8770921 -0.3181366 0.7729365 -0.5489898 -0.3180872 -0.8618901 -0.3948817 -0.3181412 -0.9357534 -0.1520719 -0.3181819 -0.8145978 0.485006 -0.3181187 -0.5796536 -0.7501938 -0.3181366 -0.6567332 -0.683732 -0.3181386 0.0889658 0.9438608 -0.3181385 -0.01273125 0.9479597 -0.3181359 -0.4516615 -0.8331853 -0.3190678 -0.9480451 0 -0.318136 -0.8618901 0.3948817 -0.3181411 -0.726272 0.6094146 -0.3180293 -0.2637489 0.9105588 -0.3183068 0.2880526 0.9030129 -0.3187372 -0.8146544 -0.4850396 -0.3179229 0.4292686 0.8452913 -0.3181367 -0.7262441 -0.6093912 -0.3181381 0.8273213 -0.4629537 -0.3181405 -0.01273125 -0.9479597 -0.3181359 0.288114 -0.9032052 -0.3181365 -0.8992534 -0.3002135 -0.3181431 -0.8992534 0.3002135 -0.3181431 0.8509779 0.4178821 -0.318137 -0.9357675 0.1520742 -0.3181394 0.5995854 -0.7343599 -0.3181398 0.8908702 -0.3242508 -0.3181382 0.7096366 -0.6286852 -0.3180738 0.08896723 -0.943876 -0.3180926 -0.1142624 -0.9410245 -0.3184603 0.5173286 -0.7942781 -0.3185801 0.1896343 0.9288846 -0.3181387 0.5995854 0.7343599 -0.3181398 -0.4102615 -0.8500386 -0.3303329 -0.1302266 -0.9350662 -0.3296851 0.836539 -0.4371746 -0.3302739 0.5537607 -0.7656228 -0.3273696 0.1570075 0.931427 -0.3283174 -0.8021938 0.497373 -0.330311 0.4708575 0.8180507 -0.3302819 -0.7490042 0.574698 -0.3297194 -0.7729146 0.5419578 -0.3299769 -0.4915697 -0.8055698 -0.3307817 0.4364151 0.8370448 -0.3299966 0.559155 -0.7624637 -0.3255682 -0.2851265 -0.900122 -0.329368 0.8170602 -0.4723188 -0.3306472 0.4742194 -0.8174897 -0.3268433 -0.3634113 0.8725924 -0.326366 -0.5714641 -0.7560718 -0.3190364 0.5525239 0.7698359 -0.3194841 -0.5804408 -0.7438396 -0.3313475 0.4493838 0.8302016 -0.3298782 0.3450256 -0.8803272 -0.3255477 -0.6800957 0.6551254 -0.3290598 -0.2735864 0.904953 -0.3258997 0.5604708 0.7591931 -0.3309053 0.6998388 -0.6341202 -0.3288119 0.7303457 0.596966 -0.332004 -0.1806035 0.9284705 -0.3245381 0.208771 -0.9225869 -0.3244195 -0.5711237 0.7524763 -0.3280201 -0.7237807 -0.6048788 -0.332059 0.3452123 -0.880357 -0.3252691 0.5937335 -0.7348942 -0.3277363 -0.08644769 0.9422156 -0.3236614 0.1149814 -0.9391397 -0.3237219 0.7822372 0.527169 -0.3319608 0.008147781 0.9462229 -0.3234127 0.02047779 -0.9461747 -0.323008 -0.9419417 0.04449932 -0.3328146 -0.4531676 0.8293269 -0.3268885 -0.8193164 -0.4676014 -0.3317671 -0.7171764 -0.611764 -0.3337707 -0.4086743 0.852238 -0.3266122 0.5563053 -0.7656099 -0.3230571 -0.532896 0.782274 -0.3225977 0.1523306 0.9343307 -0.3222137 -0.2776276 -0.9057086 -0.3203357 0.3894318 -0.8614603 -0.3259279 -0.1241297 -0.9385856 -0.3219455 -0.3230838 0.8870007 -0.3299189 0.2440558 0.9146383 -0.3222943 0.6677172 -0.6712679 -0.3217968 0.7634975 0.5540305 -0.3318459 -0.216285 -0.921942 -0.3213157 -0.6468616 0.6914847 -0.3215883 -0.225526 0.9195188 -0.3219057 -0.8118103 -0.4901038 -0.3174309 0.254572 -0.9108714 -0.3248174 0.3811673 0.8671327 -0.3206125 -0.7459567 0.583867 -0.3203874 -0.3540299 -0.8786408 -0.3203953 -0.9195371 -0.2091956 -0.3326993 0.4410921 0.8386602 -0.3195104 0.8151684 -0.4824669 -0.3205091 -0.1311817 0.9376401 -0.3219043 0.1607065 -0.9322852 -0.3240644 -0.4496543 -0.8340142 -0.3197363 -0.03736588 0.9455599 -0.3232961 -0.5278944 -0.7870001 -0.3193091 0.5085667 0.7994369 -0.3197822 -0.6137294 -0.7223364 -0.3186949 -0.9458056 0.06609214 -0.3179365 0.1069648 0.9391354 -0.3264707 -0.0808066 -0.9432109 -0.3222165 0.5951236 0.7375289 -0.3191847 -0.3668993 0.8732328 -0.3207011 -0.7331975 -0.5924528 -0.3337982 -0.7496334 -0.5803903 -0.3181146 -0.2713383 0.9046172 -0.3286991 -0.9178048 -0.2383165 -0.3175527 -0.8954854 0.2994117 -0.3293303 -0.8385312 -0.4423319 -0.3181318 0.3434749 0.8825904 -0.3210283 -0.3162732 -0.8928595 -0.3205827 0.707909 0.6235911 -0.331661 -0.2873777 -0.9011377 -0.3245995 -0.9028926 -0.2874477 -0.3196228 0.4829093 0.810918 -0.3304703 -0.1778913 0.9275652 -0.3285992 -0.9300786 -0.1846525 -0.3175804 -0.3236053 -0.8868484 -0.3298174 0.4752716 0.819609 -0.3199343 0.2077048 -0.9223028 -0.3259084 -0.7817623 -0.536492 -0.3178428 0.4515854 0.8308522 -0.3252005 -0.9484767 0.009926061 -0.3166914 -0.08547089 -0.9407408 -0.3281792 -0.08433093 0.9413591 -0.3266976 0.1082402 0.9383203 -0.3283886 -0.9402678 0.1206356 -0.318345 0.7219253 0.6074973 -0.331317 -0.68728 0.6472065 -0.3298029 0.7057725 -0.6270218 -0.3297404 -0.8943323 0.3145745 -0.3181392 0.2531717 -0.9105487 -0.3268106 0.8411293 -0.4361025 -0.3198691 0.3899055 -0.861519 -0.3252056 -0.7774214 0.5413446 -0.3202529 -0.6840914 0.6548716 -0.3211889 0.7034577 -0.6336974 -0.3218303 0.5966591 -0.734795 -0.3226054 -0.5743437 0.75252 -0.3222465 -0.5767472 0.748244 -0.3278621 -0.7278636 -0.6061631 -0.3205944 -0.4552945 0.8295105 -0.323449 0.5987138 -0.730806 -0.3278176 -0.7579868 -0.5611483 -0.3325185 -0.4570397 0.8271121 -0.327109 -0.8159705 -0.483064 -0.3175552 0.6020274 -0.7273085 -0.3295231 0.3885413 -0.8633046 -0.3220882 0.735401 0.5982395 -0.3182684 0.2549995 -0.9084986 -0.3310675 -0.7398451 -0.5953408 -0.3133664 0.6004371 -0.7307456 -0.3247865 -0.3276466 -0.8888066 -0.3204224 -0.8988957 0.2981926 -0.3210419 0.4874543 0.8124939 -0.319753 -0.9199742 0.2284317 -0.318538 0.009998747 0.945304 -0.3260372 0.7130314 0.6248556 -0.3180275 0.01674577 -0.9445675 -0.32789 -0.9303407 -0.1543057 -0.3326499 0.8159052 0.4828541 -0.3180418 0.7939552 0.5092338 -0.3321384 -0.2227706 -0.9175068 -0.3294761 0.726763 0.6084795 -0.3186977 0.8861407 -0.3240413 -0.3312883 0.3883747 0.8602771 -0.3302851 0.7639155 -0.5602666 -0.32021 -0.7630773 -0.5627728 -0.3178049 0.8048487 0.5010501 -0.3180683 -0.9417505 0.1085596 -0.3183093 -0.5381236 0.7786777 -0.3226207 0.2064476 -0.9235122 -0.3232717 0.78938 -0.5180449 -0.3294066 -0.7154801 0.615942 -0.3297025 -0.6110459 0.7202586 -0.328406 0.4761667 -0.817641 -0.3236177 0.6325712 -0.701524 -0.3282037 0.5167285 -0.791279 -0.3269088 -0.9425604 0.03484978 -0.3322129 -0.1753913 -0.9308161 -0.3206544 0.2017956 0.9250491 -0.3218117 0.8813081 0.3358708 -0.3323955 -0.4926109 0.8063227 -0.327381 0.8849052 0.3298625 -0.3288366 0.3003736 -0.8968517 -0.3247041 0.8271408 0.4634578 -0.3178755 -0.3616116 -0.8719789 -0.3299847 -0.7233517 0.6062568 -0.3304771 0.5162857 0.7900361 -0.3305936 -0.5367013 -0.7761111 -0.3310639 0.8420836 0.4356905 -0.3179134 -0.6174992 0.7140096 -0.3299772 0.8852902 -0.3380848 -0.3193116 0.8899158 0.3122062 -0.3325315 -0.9236882 -0.2124727 -0.3188346 -0.9481068 0.001784673 -0.3179471 -0.720087 0.6155577 -0.3202553 -0.9055015 -0.2633902 -0.3327051 -0.7537617 0.5740773 -0.3198101 0.8221015 0.4623218 -0.3322766 -0.4951446 0.8065019 -0.3230889 -0.9377687 0.1010791 -0.332224 -0.6540717 0.685171 -0.3205166 -0.614463 0.7202033 -0.3220907 0.9268039 -0.1996567 -0.318075 0.8730163 -0.3612939 -0.3275808 0.6358913 -0.7013203 -0.3221678 0.03019417 -0.946364 -0.3216885 0.865584 0.3869853 -0.3178156 0.8712347 -0.3735748 -0.3184211 0.8862897 0.3369448 -0.3177401 -0.08709008 -0.9409054 -0.3272802 0.3000713 -0.8967913 -0.3251502 0.870203 0.3635984 -0.3324798 0.8625854 -0.3914078 -0.3205407 -0.7900785 -0.5147156 -0.3329321 0.8475614 0.4137072 -0.3323946 0.8659633 -0.3751492 -0.3307123 0.5208686 0.7915472 -0.3196077 -0.3657471 -0.8738887 -0.3202305 0.8981599 0.2867945 -0.3332532 0.8881689 0.3304152 -0.3193457 -0.8999417 0.2972121 -0.3190141 0.9096899 -0.2509929 -0.3308578 0.8435923 -0.4232668 -0.33045 -0.3193872 -0.8871289 -0.3331577 0.934426 0.1354811 -0.3293827 -0.8612325 0.3950669 -0.3196887 -0.4435916 0.8358768 -0.323321 0.8907591 -0.3216307 -0.3210948 -0.4280497 0.840092 -0.3331949 0.8646091 -0.3879034 -0.3193465 0.8948847 0.3132764 -0.317867 0.2928991 -0.9023812 -0.3160987 0.9035731 0.2885591 -0.3166848 -0.9464182 0.0554158 -0.3181534 0.9339106 -0.1366162 -0.330374 0.9395517 -0.1269026 -0.3180226 -0.9174939 -0.2392174 -0.3177735 0.8606895 0.3859208 -0.3320825 0.9361089 -0.1174659 -0.3315144 0.6202369 -0.7146798 -0.3233247 -0.4015804 0.8559567 -0.3256859 0.8731952 0.3575137 -0.3312311 -0.9467458 -0.05201007 -0.3177539 -0.3729533 -0.8683763 -0.3268462 0.7807616 -0.5361735 -0.320826 0.8882944 -0.318892 -0.3305162 0.6746753 0.6656907 -0.3188559 -0.6022456 0.7304803 -0.322023 -0.889971 -0.3132209 -0.3314276 -0.8480443 -0.4124832 -0.332684 0.6249918 -0.7108984 -0.3225038 -0.9298102 -0.1579336 -0.3324306 -0.8951626 0.2983629 -0.3311546 0.8885633 0.3156337 -0.3329124 0.8775082 0.3583922 -0.3186447 0.5113337 -0.7960921 -0.32369 0.8303537 -0.4490672 -0.3299264 -0.447545 0.8337595 -0.3233398 0.682829 0.6510252 -0.3315279 0.7743191 -0.5455429 -0.3206446 -0.3174737 0.8909674 -0.3246347 0.255817 -0.9102718 -0.3255195 0.900009 -0.2840741 -0.330584 -0.1386701 0.9354963 -0.3249881 -0.2915175 -0.8978423 -0.3299951 0.001794578 0.9449427 -0.3272308 -0.0424375 0.9441922 -0.32665 -0.9369866 0.1098589 -0.3316433 0.7211038 -0.6096572 -0.3291314 0.09994509 0.939503 -0.3276356 -0.07101105 -0.9420304 -0.3279271 -0.924646 -0.1860068 -0.332312 -0.9055569 -0.2634462 -0.33251 0.3293901 0.8849003 -0.3293229 -0.3014495 -0.8947114 -0.3295753 0.343114 -0.8818304 -0.3234935 0.7766474 -0.5369344 -0.329424 0.08479714 -0.9392173 -0.3326865 -0.5533767 -0.7642893 -0.3311132 -0.9262669 0.2020914 -0.3181017 0.2392235 0.9173771 -0.3181061 -0.6190957 0.7180135 -0.3180835 -0.8394602 0.4405838 -0.3181075 0.7423599 -0.5896828 -0.3180817 0.6748609 -0.6658621 -0.3181045 0.8012924 -0.5067077 -0.3180846 0.1394994 -0.937737 -0.3181027 0.2392109 -0.9173288 -0.3182546 0.03817625 -0.9472935 -0.3180844 -0.6924814 -0.6474884 -0.3181639 0.1394993 0.9377364 -0.3181042 0.5593092 0.7654942 -0.3181064 -0.7867852 0.5262137 -0.3225959 0.4590834 0.824721 -0.330269 0.848068 -0.414563 -0.3300276 -0.4328115 -0.8388241 -0.3302247 -0.8567819 0.3960026 -0.3303133 0.5779757 0.7461424 -0.3304777 -0.8335267 0.442214 -0.3311798 -0.5227459 0.789012 -0.322795 -0.9427815 -0.02035034 -0.3327897 -0.4808855 -0.811406 -0.332219 -0.6742483 0.6665205 -0.3180246 0.9043022 -0.282767 -0.3198128 -0.7281198 -0.6011473 -0.3293378 -0.7053151 0.6320972 -0.3209109 0.8370811 0.4345858 -0.3323107 -0.6698732 0.6698436 -0.3202805 -0.5987492 0.7304995 -0.3284355 -0.7883254 0.5195153 -0.3296163 0.6219769 -0.7110989 -0.3278462 -0.8647821 -0.3890593 -0.3174663 -0.929433 -0.1873586 -0.3178853 0.1845344 0.9260232 -0.3292843 0.6762466 0.6638653 -0.3193329 0.4817052 0.817166 -0.3165437 -0.3317378 -0.8871075 -0.3209212 0.5096225 -0.7960521 -0.3264752 0.3603466 0.8758037 -0.3211203 -0.7387558 0.5866497 -0.3317862 -0.9429134 -0.02567072 -0.3320472 -0.423 -0.8441216 -0.3294385 0.4495966 -0.8292848 -0.3318878 -0.08499306 -0.9399423 -0.3305823 0.06326678 0.9412012 -0.33187 -0.6708203 0.6630365 -0.3322392 -0.3807751 0.863264 -0.3313392 -0.2888738 0.8983209 -0.3310158 -0.03780513 0.9426045 -0.3317642 -0.4453427 0.8335249 -0.3269649 -0.8944294 0.3135596 -0.3188672 0.8523116 -0.4135352 -0.32024 -0.9374158 0.1469227 -0.3156979 0.6487997 0.6914381 -0.3177612 -0.3166829 0.8908051 -0.3258502 -0.8662481 -0.3805842 -0.3236817 0.8697953 0.3768726 -0.3184702 0.8547196 -0.3973976 -0.3339604 0.2561236 -0.9103426 -0.3250798 0.9191451 -0.227303 -0.321723 0.9095573 0.2498546 -0.3320814 -0.3143291 0.8897615 -0.3309405 -0.9026314 -0.2902296 -0.3178418 0.003709432 0.9462827 -0.3233191 -0.9393867 0.1276791 -0.318199 0.9131746 0.2509185 -0.3211729 -0.544401 -0.7757241 -0.3191861 0.3563218 0.8740749 -0.3301936 0.09626957 0.941604 -0.3226674 -0.06687728 -0.9441718 -0.3225942 0.826662 0.4545096 -0.3317394 0.9308369 0.1557384 -0.3305877 -0.9054211 0.2630456 -0.3331958 -0.7276223 0.601703 -0.3294227 0.7186273 -0.6166899 -0.3213541 -0.8758101 0.361473 -0.3198343 0.3231051 0.8902453 -0.3210397 -0.2945068 -0.9001737 -0.3208629 0.8424817 -0.4262977 -0.3293856 0.9298853 -0.1829839 -0.3191083 0.451754 0.8326366 -0.3203663 0.2994919 -0.8965331 -0.326394 -0.4250786 -0.8467084 -0.3199892 0.8246598 -0.4594491 -0.3299132 0.31959 0.8886324 -0.3289298 -0.2910169 -0.8983198 -0.3291363 0.571177 0.7559485 -0.3198417 0.4469753 0.8308287 -0.3315672 -0.8770481 0.3479272 -0.3312599 -0.5249342 0.7855217 -0.3277189 0.9217716 0.2007848 -0.3316965 0.9205098 0.2268831 -0.3180973 0.4704006 -0.8207623 -0.3241489 0.8313654 0.4554558 -0.3184204 0.9087956 0.2567093 -0.3289237 -0.9267016 0.1762907 -0.3318823 0.2587973 0.9079064 -0.3297421 -0.5964779 0.7308545 -0.3317618 0.2134683 0.9188498 -0.3318829 -0.6343195 0.6983045 -0.3316769 -0.8239024 0.4597974 -0.3313175 -0.8467228 0.4158275 -0.3318855 0.6890482 -0.6442398 -0.3319149 0.7226791 -0.6062319 -0.3319907 0.7834598 -0.5254309 -0.331833 0.7542422 -0.5665482 -0.3318763 0.8104371 -0.4827024 -0.3319488 0.1132326 -0.9365378 -0.3317761 0.2126745 -0.919068 -0.3317882 -0.671387 -0.6627008 -0.3317634 0.163123 -0.9290927 -0.3319302 0.2621988 -0.906108 -0.3319945 0.06314585 -0.9412147 -0.3318547 0.01271631 -0.9432316 -0.3318921 -0.7059674 -0.6256371 -0.3319461 0.1137349 0.9364398 -0.3318808 0.1637742 0.928995 -0.331883 0.5358962 0.7763181 -0.3318814 0.5767393 0.7464751 -0.3318835 0.6845424 0.6485428 -0.3328571 -0.07884779 0.9421233 -0.3258632 -0.6731997 0.6621738 -0.3291323 0.6330762 0.6998442 -0.3308059 0.9454678 0.02144781 -0.3250087 -0.2714515 0.9053149 -0.3266788 0.9454987 -0.01991387 -0.3250165 -0.7579383 0.5695484 -0.3180315 -0.9467081 -0.05088839 -0.3180476 -0.4064312 -0.8565405 -0.3180441 0.474036 -0.8210547 -0.318055 -0.06359085 -0.9459116 -0.3181312 -0.6925142 0.6475191 -0.3180303 0.03817591 0.9472851 -0.3181092 -0.4064232 0.8565237 -0.3180996 -0.3122682 0.8951737 -0.318045 -0.06359105 0.9459146 -0.3181224 0.2127921 -0.9216993 -0.3243297 0.9311577 -0.153023 -0.3309523 0.9454678 -0.02144781 -0.3250087 0.9454827 0.02074691 -0.325011 -0.6642191 -0.676164 -0.3187715 -0.6267038 -0.7110313 -0.3188682 0.1402991 0.9356244 -0.3239183 -0.1111032 -0.9392745 -0.3246837 -0.8547987 0.4099376 -0.31823 0.4799488 0.811552 -0.3332154 0.6375792 0.7011018 -0.3192946 -0.5961277 0.7353393 -0.3223478 0.7680529 0.5550838 -0.319338 0.7458827 0.5846073 -0.3192072 -0.7423573 0.5894923 -0.3184407 -0.04727085 0.9433022 -0.3285519 0.9454173 0.02383298 -0.3249892 0.9454731 -0.0212172 -0.3250084 -0.2335227 -0.9146325 -0.330022 -0.1835143 0.9277897 -0.324852 -0.182609 -0.9265441 -0.3288919 -0.9296688 0.1583197 -0.3326422 -0.9420975 -0.05479151 -0.3308326 -0.6949679 -0.6453798 -0.3170245 -0.9111123 -0.2635717 -0.3168664 -0.9195288 0.2124175 -0.3306746 -0.02812732 0.9432475 -0.3308975 -0.8943505 -0.3156116 -0.3170593 -0.7874221 0.5280561 -0.3179984 -0.7976378 0.5031543 -0.3325803 0.945456 0.02213899 -0.3249968 -0.9026188 0.2941136 -0.3142874 0.1134087 -0.9383206 -0.3266388 0.4549393 0.8269408 -0.330453 0.2136061 -0.9222997 -0.3220802 0.7934037 0.518847 -0.3182896 0.9455266 -0.01844753 -0.3250217 0.8413607 0.4263055 -0.3322284 -0.8718927 0.3625789 -0.3291498 0.9452724 0.02178242 -0.3255545 0.9454867 -0.02062198 -0.3250073 -0.9426316 -0.108463 -0.3157238 0.5093335 -0.796536 -0.3257451 0.8205531 0.4750189 -0.3178829 -0.1446895 -0.9383126 -0.3140611 -0.8432588 -0.4280782 -0.3250595 0.02796833 0.9477912 -0.3176628 -0.713853 -0.6136965 -0.3373284 0.5053439 -0.7959647 -0.3332683 -0.3153841 0.8922371 -0.3231808 -0.9025003 -0.2743714 -0.3319843 0.8464502 -0.4254969 -0.3201163 -0.08830588 0.9391447 -0.3319779 -0.3349417 0.8818343 -0.3319371 -0.4261651 0.8413665 -0.332394 -0.3812281 -0.8628975 -0.3317725 0.4907768 -0.806335 -0.3300939 -0.03735633 -0.9427075 -0.3315226 -0.7060643 0.6253967 -0.3321929 0.01272532 0.9432298 -0.3318969 0.7078318 -0.6313843 -0.3167461 0.2563936 -0.9100577 -0.3256644 -0.6098042 -0.7206395 -0.329875 -0.3501288 -0.8812901 -0.3173919 -0.9425821 -0.0001758182 -0.3339745 0.2337101 -0.9200667 -0.3144151 -0.002631641 0.9470751 -0.3210014 -0.4801523 0.8138418 -0.3272849 0.6411524 -0.6968634 -0.3214111 -0.6286467 0.7045085 -0.3293495 0.6729206 -0.665763 -0.3223933 -0.926237 -0.1792143 -0.3316133 0.9374956 -0.1076602 -0.3309245 0.4752288 -0.8166048 -0.3275886 0.7279672 0.5995353 -0.3325973 0.09459093 0.9405823 -0.3261249 -0.06560064 -0.9433161 -0.3253479 -0.7145757 -0.6188594 -0.3261819 0.9454633 -0.02180696 -0.3249978 -0.6354594 -0.6971587 -0.3319052 -0.7054962 0.6327089 -0.3193032 -0.4419182 0.8356891 -0.326086 0.9459047 -0.01919854 -0.3238761 0.9454485 0.02251511 -0.3249927 -0.8757613 0.3496162 -0.3328825 0.9447276 -0.02009069 -0.3272402 -0.9341703 -0.1625798 -0.3176375 -0.9476774 -0.02562759 -0.3181991 0.2267309 0.9197384 -0.3204284 0.4497699 0.8291439 -0.332005 0.4933289 0.8040252 -0.3319187 -0.8749003 -0.3652292 -0.3180519 -0.9141507 -0.2515334 -0.3178984 0.7418697 0.5836464 -0.3301306 0.9457131 -0.0210269 -0.3243219 -0.5273197 -0.784516 -0.3262951 0.3479522 0.8812628 -0.3198516 -0.8678071 -0.3699052 -0.3317844 -0.8862012 -0.3230317 -0.3321113 -0.9451683 -0.07814348 -0.3170972 0.05416917 0.9427971 -0.3289368 0.6695988 0.6643982 -0.3319828 -0.2265573 -0.9196562 -0.3207867 0.7302817 0.6059439 -0.315469 0.7712917 -0.5428949 -0.3322261 0.9453257 -0.02093583 -0.3254551 -0.7689905 0.5462664 -0.3320341 -0.1387207 0.9361851 -0.3229767 -0.9315693 0.1748723 -0.3187451 0.4006525 0.8542933 -0.3311504 0.3504912 0.8763578 -0.3303833 -0.9263164 -0.2021022 -0.3179505 0.4964729 0.8064988 -0.3210521 0.8722627 0.3716363 -0.3178743 -0.8598096 0.3984262 -0.3193494 -0.4243299 -0.8466504 -0.3211344 -0.8539645 -0.4128905 -0.3166482 0.940385 -0.1157158 -0.3198215 0.9453982 0.06525199 -0.3193187 -0.9470924 0.04430948 -0.3178878 0.8799819 -0.3470853 -0.3242896 0.9098091 -0.2608653 -0.322795 0.9450934 -0.05771494 -0.3216636 -0.3903472 -0.8630041 -0.320707 0.9449072 0.02300373 -0.326529 -0.01616943 -0.944345 -0.3285589 0.4278533 -0.842743 -0.3266889 0.9261404 -0.1799965 -0.3314593 -0.4048166 0.8559909 -0.3215633 0.05104663 0.9472147 -0.31651 -0.8985389 0.289223 -0.3301181 0.5078626 -0.8011968 -0.3164797 0.4571144 -0.8311256 -0.316665 -0.946165 -0.0547917 -0.3190134 0.7430092 -0.5881428 -0.3194143 -0.5800015 0.7483066 -0.3219247 -0.9025337 0.2740674 -0.3321446 0.3430836 -0.8833541 -0.3193418 -0.7647638 -0.5608097 -0.3172204 -0.5396348 -0.7739501 -0.3313541 0.9453092 -0.02151329 -0.3254652 0.9458069 0.02318108 -0.3239011 -0.9157771 -0.2268723 -0.3314833 -0.897753 -0.2888303 -0.3325908 -0.9193621 0.2331325 -0.316895 0.4740563 0.8210898 -0.3179341 0.08952687 0.9431954 -0.3199489 -0.9343778 -0.1295158 -0.3319096 -0.3339487 -0.8821266 -0.3321612 -0.2906093 -0.8980665 -0.330186 -0.5128252 -0.7970927 -0.3188315 -0.9156978 0.2262047 -0.3321581 0.8601391 -0.3925565 -0.3256689 0.518392 -0.7920115 -0.3224711 0.1395222 0.9353294 -0.3251038 0.7997105 0.4998592 -0.3325715 -0.947614 0.0468771 -0.3159593 -0.7610236 0.5625443 -0.3230899 -0.3401513 -0.8841092 -0.3203873 -0.8818952 -0.3480743 -0.3179704 -0.1363991 -0.9326795 -0.3339223 0.8838108 -0.342382 -0.3188307 -0.7578073 0.568362 -0.3204572 0.943489 0.05881109 -0.3261437 -0.9431332 -0.005033988 -0.3323768 -0.8307222 0.4550767 -0.3206334 -0.8857092 -0.3406082 -0.3154446 0.4313606 -0.8420318 -0.3238987 0.6634151 0.6707477 -0.3316292 0.1764458 0.9270327 -0.3308733 0.06364766 0.9459399 -0.3180357 0.7982929 -0.5036266 -0.3302856 0.9433048 -0.06066382 -0.3263373 -0.933492 -0.1334321 -0.3328492 -0.763099 0.5555385 -0.3302376 -0.2437386 -0.9163572 -0.3176176 0.5104398 0.799274 -0.3171944 -0.8237531 -0.4602783 -0.3310208 -0.845712 -0.4171764 -0.3327688 -0.5165393 0.7916347 -0.3263461 -0.4132595 0.8500919 -0.3264357 -0.3711967 0.8688728 -0.3275254 0.7078358 -0.6266338 -0.3260347 0.6379256 -0.6969558 -0.3275723 -0.1925707 -0.9273086 -0.3209598 0.9449877 -0.0189204 -0.3265583 0.3361839 -0.8864301 -0.3181544 -0.8287765 -0.4605022 -0.3179107 0.9451295 0.02009864 -0.3260771 0.8625734 -0.3977791 -0.3126324 0.6905407 0.6502644 -0.3167172 0.7814776 0.5274185 -0.3333504 0.8574601 0.3934878 -0.3315561 -0.4540101 -0.831677 -0.3196687 0.941195 -0.1047191 -0.3212254 0.5169983 -0.7921381 -0.3243917 0.5751507 -0.7472844 -0.3328178 0.5323464 -0.7780825 -0.3334592 -0.08529913 0.9392788 -0.3323843 -0.6382197 -0.7006915 -0.3189154 0.3359565 0.8858303 -0.3200593 0.476415 -0.8172762 -0.3241732 0.6981445 0.6418287 -0.3172542 0.08280224 -0.9437668 -0.3200751 -0.8041406 -0.5023561 -0.3177992 -0.9051653 0.2828461 -0.3172914 0.6929029 0.6482146 -0.3157584 0.8547269 -0.400935 -0.3296861 0.5591875 -0.7665609 -0.3157433 0.6616637 0.6782812 -0.3195869 -0.9398472 -0.07768428 -0.3326447 -0.8745459 0.365742 -0.3184372 0.9425654 -0.1013882 -0.3182625 -0.5417709 -0.7780077 -0.3181013 -0.7071549 -0.623439 -0.3335502 -0.6111932 -0.7238097 -0.3202225 -0.63738 0.7017057 -0.3183643 -0.5901782 0.738571 -0.3258871 0.5077518 0.7946944 -0.3326395 -0.8277556 -0.4573672 -0.3250169 -0.5969056 -0.7303469 -0.3321099 -0.634167 -0.6981201 -0.332356 0.434661 0.8418683 -0.3198869 -0.3485978 -0.8773374 -0.3297859 -0.9139153 0.2315832 -0.3333589 -0.942692 0.1016416 -0.3178063 0.9455349 -0.0178481 -0.3250309 0.9455072 0.01941836 -0.3250214 -0.6610853 0.6712064 -0.335333 0.3119127 0.8950641 -0.3187019 0.04423373 0.9431776 -0.3293318 0.3796675 -0.8696448 -0.3155479 -0.5064871 0.802475 -0.3154435 -0.941334 0.05053594 -0.333671 -0.05310276 0.9453322 -0.3217563 0.2631616 -0.9100807 -0.3201548 -0.9142616 0.2515639 -0.317555 -0.481989 0.8140817 -0.3239717 0.8382011 -0.4360151 -0.3275817 -0.4592028 0.8304411 -0.3154368 0.6175997 -0.7164842 -0.3243777 0.3011496 -0.8978565 -0.3211896 0.8996119 -0.2962986 -0.3207888 0.3444033 -0.8805511 -0.3256013 -0.3566095 0.873058 -0.3325649 0.9070808 -0.2759931 -0.3178555 0.9448937 0.02039425 -0.3267413 0.01069711 0.9457501 -0.3247187 0.9374388 0.1061847 -0.331562 0.9459057 0.02001924 -0.3238234 -0.9425754 -0.101629 -0.3181559 0.8874863 -0.3195159 -0.3320807 0.4100898 0.8522411 -0.3248254 0.3929949 0.8622253 -0.3195663 -0.3123279 -0.8953447 -0.3175045 -0.8830675 0.3473027 -0.3155513 -0.2820182 -0.9052332 -0.3178342 0.3946283 0.8614888 -0.3195397 -0.5553055 0.7622559 -0.3325684 -0.2687519 0.9076331 -0.3224511 0.598559 0.7349647 -0.3186754 -0.5283006 -0.7810801 -0.3328848 -0.4098596 -0.8501445 -0.3305594 -0.1109238 -0.9392009 -0.3249579 0.9359732 -0.1520914 -0.3175257 0.1730084 -0.9303284 -0.3233529 0.3833075 -0.8671901 -0.3178944 0.6926523 0.6426803 -0.3274061 -0.731457 -0.6032583 -0.3178838 -0.05849309 -0.9408767 -0.3336611 0.7221441 0.6068775 -0.3319753 -0.85952 -0.3874446 -0.333335 -0.94675 0.05089064 -0.3179222 0.7728062 -0.5492849 -0.317894 0.8609133 0.3977414 -0.3172226 -0.8864017 -0.3378642 -0.3164487 0.9228286 -0.2157527 -0.319121 -0.164668 -0.933874 -0.3174333 0.7302552 0.6056229 -0.3161459 0.2629655 -0.9051455 -0.3340072 -0.7949861 -0.50558 -0.3352402 -0.374422 0.8695551 -0.3219971 0.934303 0.1528557 -0.3220448 0.05996409 -0.9463155 -0.3176341 0.931033 0.1483638 -0.3334155 0.9357355 -0.1504208 -0.3190185 -0.7811403 0.5278682 -0.3334292 -0.1248317 0.9361185 -0.3287843 0.5664803 0.7544168 -0.3315952 -0.8886777 0.3269508 -0.3214887 -0.3767978 -0.863898 -0.3342208 0.9431115 -0.08731576 -0.3208062 0.7580638 0.5661531 -0.3237436 0.2983143 -0.8975647 -0.3246326 -0.8454221 -0.4163143 -0.33458 0.919592 -0.2266569 -0.3209005 0.6171578 -0.7129771 -0.3328362 -0.725519 0.6020096 -0.3334766 -0.2372144 -0.9157076 -0.3243592 -0.2255367 0.9183767 -0.3251419 0.8489847 -0.422848 -0.3168983 0.8986242 0.2981608 -0.32183 0.7672782 -0.5490664 -0.3313763 -0.5406467 0.774621 -0.3281212 0.651935 -0.6813135 -0.3328553 0.382914 0.8662998 -0.3207828 -0.5815738 -0.7428846 -0.3315033 -0.4956903 -0.8076807 -0.3192849 -0.9427568 0.1026137 -0.3173011 -0.7396783 -0.584784 -0.3330221 -0.1409282 0.932322 -0.3330392 -0.34031 0.8817413 -0.3266823 0.945525 0.0699687 -0.3179415 -0.8851742 0.3247591 -0.333164 0.8759732 -0.3603756 -0.3206249 -0.5571243 -0.7613885 -0.3315118 0.5942171 0.7324488 -0.3323025 -0.6606735 -0.6790107 -0.3200858 0.8760685 -0.3485174 -0.3332257 -0.868354 0.3674113 -0.3331221 0.7942462 -0.517183 -0.3188962 0.9350578 0.1595948 -0.3165382 0.9318624 0.1554868 -0.3278052 -0.5323997 -0.7830866 -0.3214437 0.688297 0.6444138 -0.3331339 0.9424068 0.02961385 -0.3331552 0.9418354 -0.0295959 -0.3347688 -0.942302 -0.0282049 -0.3335737 0.9481329 -0.02546313 -0.316853 0.9481329 0.02546313 -0.316853 -0.8396375 -0.4406769 -0.31751 0.03756153 -0.9429266 -0.3308757 -0.7252991 0.6088241 -0.3213633 0.7265134 -0.6094308 -0.3174468 -0.06190779 -0.9451597 -0.3206877 0.6596298 0.6748902 -0.3307746 0.5114605 -0.7963518 -0.32285 0.3873323 0.8602905 -0.3314725 -0.7850623 0.5268926 -0.3256705 -0.8829114 0.3349258 -0.3290778 0.9400892 -0.0943987 -0.3275994 0.3140205 -0.8887768 -0.3338666 -0.6550602 0.6791979 -0.3310383 0.6669304 0.6737331 -0.318257 0.7731122 0.5491146 -0.317444 -0.8776232 -0.3443677 -0.3334491 -0.8825029 0.3476625 -0.3167323 0.7973174 -0.5036604 -0.3325826 0.5594402 -0.7656735 -0.3174441 -0.8441147 -0.4212928 -0.3316364 -0.6901757 0.6428887 -0.3321923 0.3005672 0.8951554 -0.3291752 -0.8701518 0.3709655 -0.3243771 0.7715445 -0.546262 -0.3260628 -0.5523593 -0.7644482 -0.3324428 0.699897 0.6325165 -0.3317635 0.8393052 -0.4378891 -0.3222111 -0.7314935 0.5985827 -0.3265212 -0.4205115 -0.8445982 -0.3313969 -0.9351224 0.1177092 -0.3342015 -0.03749555 -0.9472757 -0.3182181 -0.2434163 -0.9137405 -0.3253102 0.01408233 -0.9467827 -0.3215653 -0.9258503 0.2031774 -0.3186222 -0.2974479 0.8983769 -0.3231776 0.2177154 0.9218564 -0.3205944 -0.2217934 0.9188227 -0.3264545 0.9454775 0.02092435 -0.3250145 0.9454989 -0.01981639 -0.3250219 0.9417722 -0.1054852 -0.3192774 0.9308907 -0.1545506 -0.3309934 -0.9350005 -0.1186865 -0.3341968 -0.9452512 0.08694381 -0.3145487 0.9455482 -0.01715186 -0.3250299 0.9455482 0.01715187 -0.3250299 0.7141287 -0.6171392 -0.3303928 0.4798872 -0.8114479 -0.3335577 -0.2199327 0.9212052 -0.3209526 0.6922962 0.6447365 -0.3241 -0.5826857 0.7432774 -0.3286577 -0.7964722 -0.511314 -0.3227849 -0.9484226 -0.005739618 -0.3169571 0.9455127 0.01922799 -0.3250169 -0.7447503 -0.5776864 -0.3341039 -0.4114631 0.8526049 -0.3221226 -0.09011345 -0.9449066 -0.3146921 -0.3595903 0.8751622 -0.3237067 -0.5567807 -0.7678402 -0.3168858 -0.1360257 -0.93925 -0.3151295 0.1153263 -0.9412178 -0.3175042 -0.6192568 -0.7182003 -0.3173473 0.9423156 -0.06381903 -0.3285855 -0.09616461 0.9404822 -0.3259534 0.2492726 0.9128008 -0.3235086 0.4302983 -0.8430359 -0.3226977 0.579846 0.7503871 -0.3173293 -0.934943 0.1283533 -0.3307675 0.8146257 -0.4850745 -0.3179429 0.937184 0.1063449 -0.3322302 0.7800608 -0.5290432 -0.3340934 0.5173693 -0.7912848 -0.3258793 0.8186666 -0.4697295 -0.3303624 0.9413341 0.1053448 -0.320613 -0.6224372 0.7146865 -0.3190535 -0.4011725 0.8525751 -0.3349275 -0.01081078 -0.9467885 -0.3216748 -0.9423437 0.02576054 -0.3336538 -0.02091859 -0.9394193 -0.3421316 0.03437744 0.9426745 -0.3319383 -0.2386605 -0.9173974 -0.31847 0.8036851 -0.5041892 -0.3160433 0.9438003 0.06251425 -0.3245506 0.8831882 -0.3328963 -0.3303916 -0.7574608 0.5624577 -0.3315034 0.07679451 0.9434781 -0.3224154 -0.7211227 0.608042 -0.3320647 -0.9470103 -0.04561447 -0.3179478 0.9437896 -0.0625715 -0.3245704 0.1128353 0.9420688 -0.3158714 -0.08876288 0.9436928 -0.3186926 0.7047129 -0.6264098 -0.3331522 0.7975616 -0.5087621 -0.3241243 -0.8102555 -0.4813365 -0.3343669 0.5347741 -0.7841012 -0.3149634 0.9275169 -0.1706354 -0.3325597 -0.9405369 0.05916803 -0.3344988 -0.415866 0.8501703 -0.3229025 0.9172862 -0.2210793 -0.3312248 0.4938776 0.8050294 -0.3286527 -0.5618341 -0.7626939 -0.3203756 0.7524297 0.568901 -0.3319657 -0.8091158 0.4861273 -0.3301695 0.9425013 0.0595426 -0.3288556 -0.336978 -0.880963 -0.3321896 0.5588446 0.765325 -0.319328 0.1442299 -0.9311336 -0.3349447 -0.8641615 0.3793179 -0.3306701 -0.4126629 -0.8525693 -0.320679 0.8944139 -0.3013537 -0.330469 0.9378614 0.104192 -0.3309986 -0.7918101 0.5197465 -0.3207809 -0.9254451 -0.1756565 -0.3357025 0.6872661 -0.6452991 -0.3335482 0.003325634 -0.9486685 -0.3162547 -0.3132737 0.8918704 -0.3262312 0.03749589 0.9464139 -0.3207722 -0.6935605 0.6471806 -0.316435 -0.9433296 -0.1005458 -0.3162593 -0.5994573 0.7346784 -0.3176454 -0.7430784 -0.5891619 -0.3173684 -0.5388591 0.7806647 -0.3165334 -0.79555 -0.5161342 -0.3173416 0.9427997 0.08590542 -0.3221008 0.8103172 -0.4786005 -0.3381237 -0.9404925 -0.06167413 -0.3341709 -0.9374 0.1008719 -0.3333256 0.8227319 -0.4696127 -0.3202753 0.07574607 0.9411437 -0.3294102 -0.8888111 0.3147682 -0.3330702 0.1290465 -0.9353658 -0.3292991 0.1606484 -0.9330273 -0.3219505 0.8651953 -0.3744006 -0.3335586 -0.9296368 -0.1467493 -0.3379943 -0.8682585 0.3797469 -0.3192483 0.5234315 0.7848294 -0.3317563 0.006446138 -0.9431219 -0.332385 0.9384028 -0.127459 -0.3211767 -0.947216 0.02109737 -0.3199011 -0.1996596 -0.9226804 -0.3298438 0.7103815 -0.6276176 -0.318519 0.4072801 -0.8514853 -0.3302964 0.4068473 0.8562958 -0.3181709 -0.1518099 -0.9324899 -0.3277442 0.1647255 0.9339998 -0.3170328 0.1808973 0.9282747 -0.3249344 0.4691652 -0.8186261 -0.3312633 -0.5859504 -0.7458019 -0.3169254 0.9372579 -0.1355032 -0.3212265 0.7425362 0.5898228 -0.3174098 -0.20167 -0.9258171 -0.3196744 -0.8492735 -0.4235486 -0.3151843 -0.9436393 0.0222782 -0.3302248 0.9458303 -0.06269926 -0.3185499 0.9426622 0.06719944 -0.3269132 0.2996894 -0.8971899 -0.3244017 -0.6197777 0.7114393 -0.3312549 -0.415904 0.8500915 -0.3230607 -0.03595594 0.9449482 -0.3252385 0.7066578 0.6230006 -0.3354178 0.1797891 0.927407 -0.3280126 -0.622643 0.7137693 -0.3207009 -0.2000659 0.9201466 -0.3366066 -0.9476718 -0.03240165 -0.3175977 0.5773902 -0.7443684 -0.3354641 -0.7878312 -0.5283304 -0.3165264 -0.9359034 -0.1559276 -0.315866 -0.5873506 0.7444477 -0.3175167 -0.9259261 0.1903869 -0.326211 -0.3806945 0.8670971 -0.3212696 -0.9435892 -0.008473115 -0.33101 0.9423484 -0.05355306 -0.3303205 -0.1750285 0.9300619 -0.3230323 0.9416094 0.05683751 -0.3318753 -0.1829649 0.9260129 -0.3301876 0.4014712 0.8536069 -0.331928 0.8241057 -0.4657197 -0.3224202 -0.5763878 -0.7437614 -0.3385204 0.9418926 0.065775 -0.3294117 -0.9419954 -0.1203475 -0.3133068 0.1138488 -0.941618 -0.3168501 0.2053964 0.922676 -0.3263148 -0.8130235 -0.4819871 -0.3266209 -0.1844974 0.9268851 -0.326871 0.4712802 -0.8194335 -0.3262266 0.5545623 0.7627934 -0.332576 0.270858 0.9038616 -0.3311649 0.6589366 0.6779469 -0.325869 -0.7009416 0.6314484 -0.3315928 0.4519964 -0.8340781 -0.3162486 0.9356506 -0.1274012 -0.3291304 0.4145084 0.8511146 -0.3221592 -0.8025022 0.5060603 -0.3160589 0.1611363 -0.9324157 -0.3234752 -0.1770007 0.9315593 -0.3175975 0.3709948 0.8718001 -0.3198866 0.9442712 -0.06175063 -0.3233247 0.2299201 -0.9122551 -0.3390094 -0.226328 0.9173357 -0.3275221 0.6386597 -0.7016844 -0.3158369 0.4009047 -0.8519622 -0.3368024 0.9399388 -0.09910531 -0.3266391 -0.933433 -0.1769865 -0.3120554 -0.008025789 -0.9433569 -0.3316825 -0.8626521 -0.3915084 -0.3202381 -0.3829669 -0.8672636 -0.3181039 0.944721 0.05885425 -0.3225498 -0.7694783 -0.5462283 -0.3309647 -0.3368027 0.8867663 -0.316559 0.940474 -0.08837995 -0.3281733 -0.9128768 -0.2319359 -0.3359489 -0.09510484 0.9396615 -0.3286204 0.5454885 -0.7716063 -0.3272095 -0.8968885 -0.2870392 -0.3364515 0.9426073 -0.09227585 -0.3208996 0.0337919 -0.9436978 -0.3290783 -0.7101598 0.6290379 -0.3162033 -0.3743643 -0.8664776 -0.3302543 -0.7672222 -0.5484869 -0.3324638 -0.1524669 -0.9333245 -0.3250528 -0.8918591 -0.3101734 -0.329211 -0.9254258 -0.21092 -0.3148013 -0.4794018 0.8106272 -0.3362402 0.9330312 -0.1704656 -0.3168504 -0.4427946 0.8343399 -0.3283441 0.7330916 0.5966015 -0.3265628 0.2566025 -0.9101031 -0.3253727 0.8241305 -0.4700227 -0.3160501 0.9453004 -0.05381743 -0.321731 -0.9300463 0.1517339 -0.33465 -0.7586689 -0.5700975 -0.3152941 0.008819441 0.9469776 -0.3211785 -0.1647953 0.9345964 -0.3152336 -0.2413764 -0.9118341 -0.3321084 -0.9333034 0.1292836 -0.3350081 -0.9115185 -0.2651502 -0.3143712 -0.5389628 -0.780815 -0.3159859 -0.8083533 0.4963763 -0.316505 -0.08143437 0.9436058 -0.3208995 -0.6012148 0.7246011 -0.3368887 0.942771 -0.06487476 -0.3270693 0.2618046 -0.9109349 -0.3188354 0.1285928 -0.9350291 -0.3304307 -0.9049785 -0.2890916 -0.3121538 0.7042744 0.6255447 -0.3356957 0.9408532 0.08365296 -0.3283251 0.2140181 -0.9205209 -0.3268602 -0.9366847 0.1516879 -0.3156146 -0.8828363 0.3484457 -0.3149375 -0.4289628 0.8465351 -0.315229 0.3684811 0.8691643 -0.3298107 -0.1165371 -0.9341526 -0.3373098 0.6735058 -0.6643094 -0.3241647 0.5389933 0.7809353 -0.3156365 -0.9207126 -0.2338087 -0.3124446 0.5348935 0.7792342 -0.3266235 -0.9373375 -0.08895437 -0.3368762 -0.8860813 -0.316052 -0.3390736 0.9050395 -0.2813818 -0.3189478 -0.8861503 0.3190348 -0.3360868 -0.591392 0.7353614 -0.3309065 0.9419922 -0.05873066 -0.3304564 0.6798965 -0.6539031 -0.3318908 0.8732512 -0.3720575 -0.3146515 0.6752025 -0.6645295 -0.3201593 -0.865276 -0.3923023 -0.312084 0.9433348 0.06294452 -0.325818 -0.9046108 -0.2600883 -0.3376883 0.9249532 -0.1931565 -0.3273411 0.9408623 0.1270797 -0.3140525 0.9207273 -0.2022066 -0.3337271 -0.9188471 -0.2041422 -0.3377067 -0.9475178 -0.06313688 -0.3134067 -0.6234882 0.7134527 -0.3197619 -0.4163653 -0.8526718 -0.3155801 -0.8250882 -0.4694867 -0.3143435 -0.9242363 0.1817489 -0.3357894 0.9138175 0.2580678 -0.3135902 0.6931573 -0.6481692 -0.3152928 0.9128526 0.2312062 -0.3365172 0.73276 0.5961542 -0.3281205 0.9242946 0.180441 -0.3363339 -0.007103056 0.9439132 -0.3301173 0.5455555 -0.7716353 -0.3270291 0.926603 0.2075345 -0.3135865 0.8983982 0.2816173 -0.3370051 0.9408252 -0.06553361 -0.3324956 -0.4623359 -0.8231167 -0.329734 0.5547904 0.7598863 -0.3387928 -0.8144625 -0.4702338 -0.3398985 0.6792895 -0.6566973 -0.3275886 -0.04194294 -0.9450382 -0.3242586 0.4125645 0.8500556 -0.3274079 -0.03926862 -0.9473 -0.3179319 0.6758111 0.6667995 -0.3140987 -0.730398 0.6055874 -0.3158841 0.8546846 -0.400959 -0.3297668 0.9446518 -0.05677758 -0.3231243 0.9442546 0.05785824 -0.3240921 0.9438822 -0.06074245 -0.3246486 -0.0069455 0.9437736 -0.3305198 -0.4426409 0.8343018 -0.3286481 -0.9324756 0.1773093 -0.3147232 0.01272745 0.9489717 -0.3151043 0.03298416 -0.9429725 -0.3312324 0.78828 -0.5286834 -0.3148152 0.0126664 -0.9491508 -0.3145669 0.9461334 -0.02061068 -0.3231203 0.946081 0.02142463 -0.3232209 0.9445497 0.05387794 -0.3239179 0.7947143 -0.5088863 -0.3308532 0.9443365 -0.05543694 -0.3242768 0.9447767 0.05875686 -0.3224045 0.2614562 -0.911671 -0.317012 -0.5287379 -0.7822047 -0.329533 -0.806828 0.4914393 -0.3278965 -0.3780855 0.8662528 -0.3265845 0.7584011 0.5675113 -0.32056 0.0280639 0.940914 -0.3374808 -0.7721263 -0.5492794 -0.3195513 0.9446641 -0.05219712 -0.3238598 -0.3396889 0.881583 -0.327754 0.9346294 -0.1364178 -0.3284175 -0.9391536 0.1300503 -0.3179268 0.9453264 -0.01741075 -0.3256606 0.9447887 0.01803605 -0.3271833 0.9378652 -0.1031508 -0.3313137 -0.9480628 -0.008501639 -0.3179694 0.5390249 0.7797912 -0.3183988 0.9270466 -0.1922324 -0.3219181 0.9416843 -0.1029955 -0.3203474 -0.7912054 -0.5144906 -0.3305955 -0.8082806 0.491331 -0.324463 -0.9418672 -0.0337783 -0.3342828 0.9456491 0.05695589 -0.320162 0.008963003 0.9470963 -0.3208243 -0.8952465 -0.3096924 -0.3203502 -0.8596634 -0.3887006 -0.3314976 0.2801223 0.009076378 -0.9599214 0.8017446 0.02519373 -0.5971355 0.8297741 -0.1854774 -0.5263774 0.8017446 -0.02519373 -0.5971355 0.8335902 0.1320307 -0.5363724 -0.5595317 0.6346661 -0.5330321 -0.5595317 -0.6346661 -0.5330321 -0.2851497 -0.7920311 -0.5397928 -0.2851497 0.7920311 -0.5397928 0.8270517 -0.1309951 -0.5466496 -0.5104085 0.6580159 -0.5536229 -0.5104085 -0.6580159 -0.5536229 -0.3288434 0.7599183 -0.5607015 -0.3288434 -0.7599183 -0.5607015 0.8194622 -0.07746143 -0.5678746 0.8194622 0.07746143 -0.5678746 -0.1449025 -0.2448332 -0.9586762 -0.1449025 0.2448332 -0.9586762 -0.4598166 -0.6765948 -0.575142 -0.4598166 0.6765948 -0.575142 -0.3690419 0.7242831 -0.5824277 -0.3690419 -0.7242831 -0.5824277 -0.1340019 -0.2640499 -0.955155 -0.1340019 0.2640499 -0.955155 -0.4098819 0.6930751 -0.5929956 -0.4098819 -0.693075 -0.5929956 -0.171431 0.2510307 -0.9526778 -0.171431 -0.2510307 -0.9526778 0.3102976 0.03024434 -0.9501583 0.3102976 -0.03024433 -0.9501583 -0.1257792 -0.2935229 -0.9476413 -0.1257792 0.2935229 -0.9476413 -0.2013316 -0.2573107 -0.9451227 -0.2013316 0.2573107 -0.9451227 0.3295167 -0.05383291 -0.9426138 -0.1137028 0.3213615 -0.9401056 -0.1137028 -0.3213615 -0.9401056 0.3397212 0.05550002 -0.9388872 -0.2315227 -0.2593741 -0.9376152 -0.2315227 0.2593741 -0.9376152 0.3452213 -0.07963409 -0.9351367 0.1988918 0.5524414 -0.8094754 0.1988918 -0.5524414 -0.8094754 0.2090774 0.5351442 -0.8184786 0.2090774 -0.5351442 -0.8184786 -0.579968 -0.09185996 -0.8094435 -0.579968 0.09185996 -0.8094435 -0.5696879 -0.07421929 -0.818503 -0.5696879 0.07421929 -0.818503 0.3599206 -0.4640078 -0.8094158 0.3599206 0.4640078 -0.8094158 0.3391722 -0.4636643 -0.8185216 0.3391722 0.4636643 -0.8185216 0.2332294 0.5389653 -0.8093951 0.2332294 -0.5389653 -0.8093951 0.2432384 0.5204093 -0.8185409 0.2432384 -0.5204093 -0.8185409 -0.5846868 -0.05526877 -0.8093743 -0.5846868 0.05526877 -0.8093743 -0.573226 -0.03718224 -0.8185531 -0.573226 0.03718224 -0.8185531 0.3301221 -0.4857565 -0.8093578 0.3301221 0.4857565 -0.8093578 0.3084147 -0.4845974 -0.8185632 0.3084147 0.4845974 -0.8185632 0.2666436 0.5233158 -0.8093466 0.2666436 -0.5233158 -0.8093466 0.2763993 0.5035378 -0.8185678 0.2763993 -0.5035378 -0.8185678 -0.5744085 -0 -0.8185689 -0.587052 -0.01844729 -0.809339 -0.587052 0.01844729 -0.809339 0.2989823 -0.5055534 -0.8093364 0.2989823 0.5055534 -0.8093364 0.5418923 -0.2988477 -0.7855207 -0.523229 0.3279779 -0.7865505 -0.523229 -0.3279779 -0.7865505 0.5521718 0.2714392 -0.7883065 -0.03269213 -0.6152774 -0.7876324 -0.03269214 0.6152774 -0.7876324 0.5524985 -0.2694208 -0.7887697 -0.5024313 0.3514513 -0.789965 -0.5024313 -0.3514513 -0.789965 -0.06335219 -0.6082458 -0.7912164 -0.06335219 0.6082458 -0.7912164 0.5610529 -0.2390052 -0.7925252 0.5610529 0.2390052 -0.7925252 0.5642361 0.2328496 -0.7920976 0.5642361 -0.2328496 -0.7920976 -0.4797307 0.3736455 -0.7938813 -0.4797307 -0.3736455 -0.7938813 -0.09200469 -0.5996889 -0.7949265 -0.09200472 0.5996889 -0.7949265 -0.4566105 0.393424 -0.7979501 -0.4566106 -0.393424 -0.7979501 -0.1251328 -0.5868791 -0.7999467 -0.1251329 0.5868791 -0.7999467 -0.4289148 0.4139013 -0.8029432 -0.4289148 -0.4139013 -0.8029432 -0.1512826 -0.5747595 -0.804217 -0.1512826 0.5747595 -0.804217 0.5739041 0.1457193 -0.8058535 0.5739041 -0.1457193 -0.8058535 -0.4038436 0.4298625 -0.8075447 -0.4038437 -0.4298625 -0.8075448 -0.1800605 -0.559149 -0.8092778 -0.1800605 0.559149 -0.8092778 0.5741099 0.1122339 -0.8110496 -0.373984 0.4465681 -0.8128425 -0.373984 -0.446568 -0.8128425 0.5745335 -0.1055544 -0.8116463 -0.2096918 -0.5407168 -0.8146501 -0.2096918 0.5407168 -0.81465 0.5722703 0.0767362 -0.8164669 0.8012524 -0.02469843 -0.5978165 0.3049923 0.003935863 -0.9523467 0.2801223 -0.009076379 -0.9599214 0.5606276 -0.1628752 -0.8118919 0.5498134 -0.1979457 -0.8114941 0.5533158 -0.1660146 -0.8162603 0.5367682 -0.2322786 -0.8111268 0.5409047 -0.2012935 -0.8166413 0.5215337 -0.2657356 -0.8107942 0.5262908 -0.2356827 -0.8169894 0.5041764 -0.298168 -0.8104948 0.5095407 -0.2690498 -0.8173008 0.4847621 -0.3294463 -0.8102289 0.4907214 -0.3012607 -0.8175784 0.4633763 -0.3594308 -0.8099949 0.4699138 -0.3321959 -0.8178183 0.4400961 -0.3879957 -0.8097992 0.4471932 -0.3617312 -0.8180274 0.415022 -0.415022 -0.8096378 0.4226568 -0.3897498 -0.8182032 0.3882609 -0.440397 -0.8095085 0.396406 -0.4161454 -0.818343 0.3685391 -0.4408177 -0.818449 0.163765 -0.5636904 -0.8095889 0.1740414 -0.5476852 -0.8183829 0.1280042 -0.5726552 -0.8097413 0.1382665 -0.5579849 -0.8182513 0.09175533 -0.5793074 -0.8099283 0.1019009 -0.5659903 -0.81809 0.05516857 -0.5836267 -0.8101458 0.06508488 -0.571676 -0.8178939 0.01840128 -0.585587 -0.8104007 0.02795546 -0.575021 -0.8176609 -0.01838865 -0.5851858 -0.8106908 -0.009329365 -0.5760015 -0.8173953 -0.05505561 -0.5824317 -0.8110131 -0.04662701 -0.5746112 -0.8170973 -0.09144376 -0.5773404 -0.8113669 -0.0837926 -0.5708575 -0.8167623 -0.1273956 -0.5699325 -0.8117557 -0.1206794 -0.5647513 -0.8163899 -0.1627639 -0.5602444 -0.8121787 -0.1571367 -0.5563071 -0.8159844 -0.4126725 -0.4126725 -0.8120363 -0.4381998 -0.3863238 -0.8116248 -0.4119136 -0.4052965 -0.8161262 -0.4620093 -0.3583704 -0.8112448 -0.4368648 -0.3774222 -0.8165179 -0.4839939 -0.3289242 -0.8108999 -0.4599762 -0.3480466 -0.8168755 -0.5040635 -0.2981013 -0.8105896 -0.4811562 -0.3172897 -0.8172001 -0.5221251 -0.266037 -0.8103146 -0.5003302 -0.2852732 -0.8174894 -0.5381101 -0.2328593 -0.8100704 -0.5174201 -0.2521338 -0.817744 -0.5519395 -0.1987111 -0.8098621 -0.5323688 -0.2179923 -0.8179626 -0.5635608 -0.1637274 -0.8096868 -0.5451114 -0.1829929 -0.8181486 -0.5729162 -0.1280626 -0.8095474 -0.5556074 -0.1472674 -0.8182987 -0.5638087 -0.1109631 -0.8184173 -0.5729162 0.1280626 -0.8095474 -0.5638087 0.1109631 -0.8184173 -0.5635608 0.1637274 -0.8096868 -0.5556074 0.1472674 -0.8182987 -0.5519395 0.1987111 -0.8098621 -0.5451114 0.1829929 -0.8181486 -0.5381101 0.2328593 -0.8100704 -0.5323688 0.2179923 -0.8179626 -0.5221251 0.266037 -0.8103146 -0.5174201 0.2521338 -0.817744 -0.5040635 0.2981013 -0.8105896 -0.5003302 0.2852732 -0.8174894 -0.4839939 0.3289242 -0.8108999 -0.4811561 0.3172897 -0.8172001 -0.4620093 0.3583704 -0.8112448 -0.4599762 0.3480466 -0.8168755 -0.4381998 0.3863238 -0.8116248 -0.4368649 0.3774222 -0.8165179 -0.4126725 0.4126725 -0.8120363 -0.4119136 0.4052965 -0.8161262 -0.1627639 0.5602444 -0.8121787 -0.1273956 0.5699325 -0.8117557 -0.1571367 0.5563071 -0.8159844 -0.09144376 0.5773404 -0.8113669 -0.1206793 0.5647512 -0.8163899 -0.05505561 0.5824317 -0.8110131 -0.0837926 0.5708575 -0.8167623 -0.01838865 0.5851858 -0.8106908 -0.04662701 0.5746112 -0.8170973 0.01840128 0.585587 -0.8104007 -0.009329365 0.5760015 -0.8173953 0.05516857 0.5836267 -0.8101458 0.02795546 0.575021 -0.8176609 0.09175533 0.5793074 -0.8099283 0.06508488 0.571676 -0.8178939 0.1280042 0.5726552 -0.8097413 0.1019009 0.5659903 -0.81809 0.163765 0.5636904 -0.8095889 0.1382665 0.5579849 -0.8182513 0.1740414 0.5476853 -0.8183829 0.3882609 0.440397 -0.8095085 0.3685391 0.4408177 -0.818449 0.415022 0.415022 -0.8096378 0.396406 0.4161455 -0.818343 0.4400961 0.3879957 -0.8097992 0.4226568 0.3897498 -0.8182031 0.4633763 0.3594308 -0.8099949 0.4471932 0.3617312 -0.8180274 0.4847621 0.3294463 -0.8102289 0.4699138 0.3321959 -0.8178183 0.5041764 0.298168 -0.8104948 0.4907214 0.3012607 -0.8175785 0.5215336 0.2657355 -0.8107942 0.5095407 0.2690498 -0.8173008 0.5367682 0.2322786 -0.8111268 0.5262908 0.2356827 -0.8169894 0.5498134 0.1979457 -0.8114941 0.5409047 0.2012935 -0.8166413 0.5606276 0.1628752 -0.8118919 0.5533158 0.1660146 -0.8162603 0.5691564 0.1272221 -0.8123273 0.5634795 0.1299809 -0.8158405 0.8012524 0.02469843 -0.5978165 0.3049923 -0.003935856 -0.9523467 0 0 1 0 0 1 0 0 1 0 0 1 0 0 1 0 0 1 0 0 1 0 -0 1 0 -0 1 -0 0 1 0 0 1 -0 0 1 -0 0 1 0 0 1 0 0 1 -0 0 1 -0 0 1 0 -0 1 0 0 1 0 0 1 0 0 1 0 0 1 0 0 1 0 0 1 0 -0 1 0 0 1 0 0 1 0 -0 1 -0 0 1 0 0 1 -0 0 1 0 0 1 -0 0 1 0 0 1 0 0 1 0 0 1 -0 0 1 0 0 1 -0 0 1 0 0 1 0 0 1 0 -0 1 0 0 1 0 0 1 0 0 1 0 0 1 0 0 1 0 0 1 0 0 1 0 0 1 0 0 1 0 0 1 0 0 1 0 0 1 0 0 1 0 0 1 0 0 1 0 -0 1 0 0 1 0 -0 1 0 -0 1 0 -0 1 0 0 1 0 0 1 0 -0 1 0 -0 1 0 0 1 0 0 1 0 0 1 0 0 1 -0 0 1 0 0 1 0 0 1 0 0 1 0 -0 1 0 0 1 0 0 1 0 -0 1 0 0 1 0 0 1 0 -0 1 -0 0 1 -0 0 1 0 0 1 0 0 1 0 0 1 -0 0 1 0 0 1 0 0 1 0 0 1 0 0 1 0 0 1 0 0 1 0 0 1 0 0 1 0 0 1 0 0 1 0 -0 1 0 0 1 0 -0 1 0 -0 1 -0 0 1 0 0 1 0 0 1 0 0 1 0 0 1 0 0 1 0 -0 1 0 0 1 0 0 1 0 0 1 0 0 1 -0 0 1 0 0 1 -0 0 1 0 0 1 0 0 1 0 0 1 0 -0 1 0 0 1 0 0 1 0 0 1 0 -0 1 0 0 1 -0 0 1 0 0 1 0 0 1 0 0 1 0 0 1 0 0 1 0 0 1 0 -0 1 0 0 1 0 0 1 0 -0 1 0 0 1 0 0 1 0 0 1 -0 0 1 0 0 1 0 0 1 0 0 1 0 0 1 0 0 1 0 0 1 0 0 1 0 -0 1 0 0 1 0 0 1 0 0 1 -0 0 1 0 0 1 0 0 1 0 0 1 -0 0 1 0 0 1 -0 0 1 0 0 1 0 0 1 0 0 1 0 0 1 0 0 1 0 0 1 0 -0 1 -0 0 1 0 0 1 0 0 1 0 0 1 0 0 1 -0 0 1 0 0 1 0 0 1 0 0 1 -0 0 1 0 0 1 0 0 1 0 0 1 0 0 1 0 0 1 0 0 1 0 0 1 0 -0 1 0 -0 1 0 0 1 0 0 1 0 0 1 0 0 1 -0 0 1 0 -0 1 0 0 1 0 0 1 -0 0 1 0 0 1 0 0 1 0 0 1 0 0 1 0 0 1 0 0 1 0 0 1 0 0 1 0 0 1 0 -0 1 -0 0 1 0 0 1 0 -0 1 -0 0 1 0 0 1 0 0 1 0 0 1 0 0 1 0 -0 1 0 0 1 0 -0 1 0 -0 1 -0 0 1 0 0 1 0 0 1 -0 0 1 0 0 1 0 0 1 -0 0 1 0 0 1 0 -0 1 0 0 1 0 0 1 0 -0 1 0 0 1 0 0 1 -0 0 1 0 0 1 0 0 1 -0 0 1 0 0 1 0 0 1 0 -0 1 -0 0 1 -0 0 1 -0 0 1 0 0 1 0 0 1 0 0 1 0 0 1 0 0 1 0 0 1 0 0 1 -0 0 1 0 0 1 0 0 1 0 0 1 -0 0 1 0 0 1 0 0 1 0 0 1 0 0 1 0 0 1 0 0 1 -0 0 1 0 0 1 0 0 1 0 0 1 0 0 1 0 0 1 0 -0 1 0 0 1 -0 0 1 0 0 1 0 -0 1 0 -0 1 0 0 1 -0 0 1 0 0 1 -0 0 1 0 0 1 0 -0 1 0 0 1 0 0 1 0 0 1 0 0 1 0 0 1 -0 0 1 -0 0 1 -0 0 1 0 0 1 0 0 1 0 0 1 0 0 1 0 0 1 0 0 1 -0 0 1 0 0 1 0 0 1 0 0 1 0 -0 1 0 0 1 0 0 1 0 0 1 0 0 1 -0 0 1 -0 0 1 0 0 1 0 0 1 0 0 1 0 0 1 -0 0 1 0 0 1 0 -0 1 0 -0 1 0 0 1 0 0 1 -0 0 1 0 0 1 0 0 1 0 -0 1 0 -0 1 0 0 1 0 -0 1 0 0 1 0 0 1 -0 0 1 0 0 1 0 0 1 0 0 1 0 0 1 0 0 1 0 0 1 -0 0 1 0 0 1 0 0 1 0 -0 1 0 0 1 0 0 1 0 -0 1 0 0 1 0 0 1 0 0 1 0 0 1 0 0 1 0 -0 1 0 0 1 0 0 1 0 0 1 0 0 1 0 -0 1 -0 0 1 0 0 1 0 0 1 0 0 1 0 0 1 -0 0 1 -0 0 1 0 -0 1 0 0 1 0 0 1 0 0 1 0 0 1 0 0 1 0 0 1 0 0 1 0 0 1 0 -0 1 0 0 1 0 0 1 0 -0 1 0 0 1 0 -0 1 0 -0 1 -0 0 1 0 0 1 0 0 1 -0 0 1 0 0 1 0 0 1 0 0 1 0 -0 1 0 0 1 0 0 1 0 0 1 0 0 1 0 0 1 0 0 1 0 -0 1 0 0 1 0 0 1 0 0 1 0 0 1 0 0 1 -0 0 1 0 -0 1 0 0 1 -0 0 1 0 0 1 0 0 1 0 0 1 0 0 1 0 0 1 0 0 1 0 0 1 0 0 1 0 0 1 0 -0 1 -0 0 1 0 0 1 0 0 1 0 0 1 0 0 1 -0 0 1 -0 0 1 0 0 1 -0 0 1 0 0 1 0 0 1 0 -0 1 -0 0 1 0 0 1 0 0 1 0 0 1 -0 0 1 0 -0 1 0 0 1 -0 0 1 0 0 1 0 0 1 0 0 1 -0 0 1 0 -0 1 -0 0 1 0 0 1 0 -0 1 0 0 1 0 0 1 0 0 1 0 0 1 -0 0 1 -0 0 1 0 0 1 0 0 1 -0 0 1 0 0 1 0 -0 1 0 -0 1 0 0 1 -0 0 1 0 0 1 0 0 1 0 0 1 0 0 1 0 0 1 0 0 1 0 -0 1 -0 0 1 0 0 1 0 0 1 0 0 1 0 0 1 0 0 1 0 -0 1 0 0 1 0 0 1 0 0 1 0 -0 1 0 0 1 0 -0 1 -0 0 1 -0 0 1 -0 0 1 0 -0 1 0 0 1 0 0 1 0 0 1 0 -0 1 0 0 1 0 0 1 0 0 1 0 0 1 -0 0 1 0 0 1 0 0 1 0 0 1 -0 0 1 0 0 1 0 0 1 -0 0 1 -0 0 1 0 -0 1 -0 0 1 0 0 1 0 0 1 0 0 1 0 0 1 0 -0 1 0 0 1 -0 0 1 0 0 1 0 0 1 0 0 1 0 0 1 0 0 1 -0 0 1 0 0 1 0 0 1 -0 0 1 0 0 1 0 0 1 0 0 1 0 -0 1 0 0 1 -0 0 1 0 -0 1 -0 0 1 0 -0 1 0 -0 1 0 0 1 0 0 1 -0 0 1 0 0 1 -0 0 1 0 0 1 -0 0 1 0 0 1 -0 0 1 0 0 1 -0 0 1 0 0 1 -0 0 1 0 0 1 -0 0 1 -0 0 1 0 0 1 0 0 1 0 -0 1 0 0 1 0 0 1 -0 0 1 0 0 1 0 0 1 -0 0 1 0 0 1 0 0 1 0 -0 1 0 0 1 0 0 1 0 0 1 -0 0 1 0 -0 1 0 -0 1 0 0 1 0 0 1 -0 0 1 0 0 1 0 0 1 -0 0 1 -0 0 1 0 0 1 0 0 1 0 0 1 0 -0 1 -0 0 1 0 0 1 0 0 1 0 -0 1 0 0 1 0 0 1 0 0 1 0 0 1 0 0 1 0 0 1 0 0 1 -0 0 1 -0 0 1 0 -0 1 0 0 1 0 0 1 0 0 1 -0 0 1 0 0 1 -0 0 1 0 0 1 0 0 1 0 0 1 0 0 1 -0 0 1 0 0 1 -0 0 1 0 0 1 0 0 1 0 -0 1 0 0 1 0 -0 1 0 0 1 0 0 1 0 -0 1 0 -0 1 0 0 1 0 0 1 0 -0 1 0 0 1 0 0 1 0 0 1 -0 0 1 0 -0 1 0 0 1 0 -0 1 0 0 1 -0 0 1 0 -0 1 0 0 1 0 0 1 0 -0 1 0 0 1 0 -0 1 0 0 1 -0 0 1 0 0 1 0 0 1 0 0 1 0 0 1 0 0 1 0 0 1 0 -0 1 0 -0 1 0 0 1 0 -0 1 -0 0 1 0 0 1 0 0 1 -0 0 1 0 0 1 0 0 1 0 -0 1 0 -0 1 0 0 1 0 0 1 0 -0 1 0 0 1 0 0 1 -0 0 1 0 0 1 0 0 1 0 0 1 0 -0 1 -0 0 1 0 0 1 0 0 1 0 0 1 -0 0 1 0 0 1 -0 0 1 0 0 1 0 0 1 0 0 1 -0 0 1 0 0 1 0 0 1 0 0 1 0 0 1 0 -0 1 0 0 1 0 -0 1 0 0 1 0 0 1 -0 0 1 0 -0 1 -0 0 1 0 0 1 0 -0 1 0 0 1 0 0 1 0 0 1 0 0 1 -0 0 1 0 -0 1 0 0 1 0 0 1 0 0 1 0 0 1 0 -0 1 0 0 1 0 0 1 0 0 1 0 -0 1 0 0 1 -0 0 1 0 -0 1 0 0 1 0 -0 1 0 0 1 0 -0 1 0 0 1 0 0 1 0 -0 1 0 0 1 -0 0 1 0 0 1 0 0 1 0 0 1 0 0 1 0 0 1 -0 0 1 0 -0 1 0 -0 1 0 0 1 -0 0 1 0 -0 1 0 0 1 0 0 1 0 0 1 0 0 1 0 0 1 0 -0 1 0 0 1 0 0 1 0 -0 1 0 0 1 -0 0 1 0 -0 1 0 0 1 0 0 1 0 -0 1 0 0 1 0 0 1 -0 0 1 0 0 1 0 -0 1 0 0 1 0 0 1 0 -0 1 0 0 1 0 -0 1 0 0 1 0 0 1 0 0 1 -0 0 1 0 0 1 0 0 1 -0 0 1 0 0 1 0 0 1 0 0 1 0 0 1 -0 0 1 0 0 1 0 -0 1 0 0 1 0 -0 1 0 -0 1 -0 0 1 0 0 1 0 0 1 0 0 1 0 0 1 0 0 1 0 0 1 0 0 1 0 0 1 0 0 1 0 0 1 0 -0 1 0 0 1 -0 0 1 0 0 1 0 -0 1 0 -0 1 0 0 1 0 -0 1 0 0 1 0 0 1 0 -0 1 0 -0 1 0 0 1 0 -0 1 0 -0 1 0 0 1 0 0 1 0 0 1 0 0 1 -0 0 1 0 0 1 0 0 1 0 -0 1 0 0 1 0 0 1 0 -0 1 0 -0 1 0 -0 1 0 0 1 0 0 1 0 0 1 0 0 1 0 0 1 0 0 1 0 0 1 0 0 1 0 0 1 0 0 1 -0 0 1 0 0 1 0 0 1 0 0 1 0 -0 1 0 0 1 -0 0 1 0 0 1 0 0 1 0 0 1 0 -0 1 0 0 1 0 0 1 0 0 1 -0 0 1 0 0 1 0 0 1 0 0 1 0 -0 1 0 0 1 -0 0 1 0 0 1 0 -0 1 0 0 1 0 0 1 0 0 1 0 -0 1 0 0 1 0 -0 1 -0 0 1 0 0 1 0 0 1 0 -0 1 0 0 1 0 0 1 0 -0 1 0 0 1 0 0 1 0 0 1 0 0 1 0 0 1 0 0 1 0 0 1 0 0 1 -0 0 1 0 0 1 -0 0 1 0 -0 1 0 0 1 -0 0 1 0 0 1 -0 0 1 -0 0 1 -0 0 1 0 0 1 0 0 1 0 -0 1 0 0 1 0 0 1 0 0 1 -0 0 1 0 -0 1 0 0 1 0 0 1 0 -0 1 0 0 1 -0 0 1 0 -0 1 0 0 1 0 0 1 0 -0 1 0 -0 1 0 0 1 0 -0 1 -0 0 1 0 0 1 0 0 1 0 0 1 0 0 1 0 0 1 0 0 1 -0 0 1 0 -0 1 0 -0 1 0 -0 1 0 0 1 0 0 1 -0 0 1 0 -0 1 0 0 1 0 0 1 -0 0 1 0 0 1 0 0 1 0 0 1 0 0 1 -0 0 1 -0 0 1 0 0 1 0 0 1 0 0 1 0 0 1 0 0 1 0 0 1 -0 0 1 0 0 1 0 0 1 0 0 1 0 0 1 0 -0 1 0 0 1 0 0 1 0 0 1 0 0 1 0 -0 1 0 0 1 0 -0 1 0 0 1 0 0 1 0 0 1 0 0 1 0 0 1 0 0 1 0 0 1 0 0 1 0 -0 1 0 0 1 0 0 1 0 0 1 0 0 1 0 0 1 0 0 1 0 0 1 -0 0 1 0 0 1 0 0 1 0 0 1 0 0 1 0 0 1 0 -0 1 0 -0 1 0 0 1 0 0 1 0 0 1 0 -0 1 0 0 1 0 0 1 0 0 1 -0 0 1 0 0 1 0 0 1 -0 0 1 0 0 1 0 0 1 0 0 1 0 -0 1 -0 0 1 0 0 1 -0 0 1 0 0 1 -0 0 1 0 0 1 0 0 1 -0 0 1 0 0 1 0 0 1 -0 0 1 0 0 1 0 0 1 -0 0 1 0 0 1 0 -0 1 -0 0 1 -0 0 1 0 0 1 0 0 1 0 -0 1 0 0 1 0 -0 1 -0 0 1 0 0 1 0 0 1 0 -0 1 0 0 1 0 0 1 0 -0 1 0 0 1 0 0 1 0 0 1 0 0 1 0 0 1 0 0 1 -0 0 1 0 0 1 0 0 1 0 -0 1 0 0 1 0 0 1 0 0 1 0 0 1 0 0 1 0 0 1 -0 0 1 0 0 1 0 0 1 0 0 1 0 0 1 0 -0 1 0 -0 1 0 0 1 -0 0 1 -0 0 1 0 0 1 0 -0 1 0 0 1 0 0 1 -0 0 1 0 -0 1 0 0 1 0 -0 1 0 0 1 0 0 1 0 0 1 0 0 1 0 0 1 0 0 1 0 0 1 0 0 1 0 0 1 0 0 1 0 -0 1 0 0 1 0 0 1 0 0 1 0 0 1 -0 0 1 0 -0 1 0 0 1 -0 0 1 0 0 1 0 0 1 0 0 1 0 0 1 0 0 1 -0 0 1 -0 0 1 0 0 1 0 0 1 0 0 1 0 0 1 0 0 1 0 0 1 0 0 1 -0 0 1 0 0 1 -0 0 1 -0 0 1 0 0 1 0 0 1 0 0 1 -0 0 1 0 0 1 0 0 1 0 0 1 -0 0 1 0 0 1 0 0 1 -0 0 1 0 0 1 0 0 1 0 0 1 0 0 1 0 0 1 0 0 1 0 0 1 0 -0 1 0 0 1 0 0 1 0 -0 1 0 0 1 0 0 1 0 -0 1 0 0 1 -0 0 1 0 -0 1 0 0 1 0 0 1 0 0 1 0 0 1 0 -0 1 0 0 1 0 0 1 0 0 1 0 -0 1 0 0 1 0 0 1 0 0 1 -0 0 1 -0 0 1 0 0 1 -0 0 1 -0 0 1 -0 0 1 0 0 1 0 0 1 0 0 1 0 0 1 0 0 1 0 -0 1 0 -0 1 0 0 1 0 0 1 0 0 1 0 0 1 0 0 1 0 0 1 0 0 1 0 0 1 -0 0 1 0 0 1 0 0 1 0 0 1 0 0 1 0 0 1 0 0 1 0 0 1 0 -0 1 0 -0 1 -0 0 1 0 0 1 0 0 1 0 0 1 0 0 1 0 -0 1 0 0 1 0 0 1 0 0 1 0 -0 1 0 0 1 0 0 1 0 -0 1 0 0 1 0 0 1 0 -0 1 0 0 1 0 0 1 0 -0 1 0 0 1 0 -0 1 -0 0 1 0 -0 1 -0 0 1 -0 0 1 -0 0 1 0 0 1 0 0 1 0 0 1 0 -0 1 0 0 1 0 0 1 0 0 1 0 -0 1 0 0 1 0 0 1 0 -0 1 0 0 1 0 0 1 0 -0 1 0 0 1 0 0 1 0 0 1 0 0 1 -0 0 1 0 0 1 0 0 1 0 0 1 0 0 1 0 0 1 0 -0 1 0 0 1 -0 0 1 0 -0 1 0 0 1 0 0 1 0 0 1 0 0 1 0 0 1 0 0 1 0 0 1 0 0 1 0 0 1 -0 0 1 0 0 1 0 -0 1 0 0 1 0 0 1 0 0 1 0 0 1 0 0 1 0 -0 1 0 0 1 0 0 1 0 0 1 -0 0 1 0 -0 1 0 0 1 0 0 1 0 -0 1 0 -0 1 0 0 1 0 0 1 -0 0 1 0 0 1 -0 0 1 0 0 1 0 0 1 0 -0 1 0 0 1 -0 0 1 0 0 1 -0 0 1 0 0 1 0 0 1 0 0 1 0 0 1 0 -0 1 0 0 1 0 0 1 0 0 1 0 0 1 0 0 1 -0 0 1 0 0 1 0 0 1 0 0 1 0 -0 1 0 0 1 0 0 1 0 0 1 0 -0 1 0 0 1 0 0 1 -0 0 1 0 0 1 0 0 1 -0 0 1 0 0 1 0 0 1 0 0 1 -0 0 1 0 0 1 0 0 1 0 0 1 0 0 1 0 0 1 -0 0 1 0 0 1 0 0 1 0 0 1 0 0 1 -0 0 1 0 0 1 0 0 1 0 0 1 0 0 1 0 -0 1 0 -0 1 0 -0 1 0 -0 1 0 0 1 0 0 1 -0 0 1 0 0 1 0 0 1 0 0 1 0 0 1 0 -0 1 0 -0 1 0 0 1 0 0 1 0 0 1 0 -0 1 -0 0 1 0 0 1 0 0 1 0 0 1 0 0 1 0 0 1 0 0 1 0 -0 1 0 0 1 0 0 1 0 0 1 -0 0 1 0 -0 1 -0 0 1 -0 0 1 0 0 1 0 -0 1 0 0 1 -0 0 1 -0 0 1 0 0 1 0 0 1 -0 0 1 0 0 1 0 0 1 0 0 1 0 0 1 0 0 1 0 0 1 0 0 1 0 0 1 0 0 1 0 0 1 -0 0 1 0 -0 1 -0 0 1 -0 0 1 0 0 1 0 0 1 -0 0 1 0 0 1 0 0 1 0 0 1 0 0 1 0 -0 1 0 0 1 0 0 1 -0 0 1 0 -0 1 0 0 1 0 0 1 0 0 1 0 0 1 0 -0 1 -0 0 1 0 0 1 -0 0 1 0 0 1 0 0 1 0 0 1 -0 0 1 0 0 1 0 -0 1 0 0 1 -0 0 1 0 0 1 0 0 1 0 0 1 0 0 1 0 -0 1 0 0 1 -0 0 1 0 0 1 0 0 1 0 0 1 0 0 1 0 0 1 0 0 1 0 0 1 -0 0 1 0 0 1 0 0 1 0 0 1 0 0 1 0 0 1 -0 0 1 0 0 1 0 -0 1 0 0 1 0 0 1 0 0 1 0 0 1 -0 0 1 0 0 1 0 0 1 0 0 1 0 -0 1 0 0 1 0 0 1 0 0 1 0 -0 1 0 0 1 0 0 1 0 -0 1 0 0 1 0 0 1 0 0 1 0 0 1 0 0 1 0 0 1 0 -0 1 0 0 1 0 0 1 0 0 1 -0 0 1 -0 0 1 -0 0 1 0 0 1 0 0 1 0 0 1 0 0 1 0 0 1 0 0 1 0 0 1 0 -0 1 0 0 1 0 0 1 0 0 1 0 0 1 0 0 1 0 -0 1 0 0 1 0 0 1 0 0 1 0 -0 1 0 0 1 -0 0 1 0 0 1 0 0 1 0 0 1 0 0 1 0 0 1 0 -0 1 0 -0 1 0 0 1 0 -0 1 0 0 1 0 -0 1 0 0 1 0 0 1 0 0 1 -0 0 1 0 0 1 0 0 1 -0 0 1 0 0 1 0 0 1 0 0 1 0 -0 1 0 0 1 -0 0 1 0 0 1 0 0 1 0 0 1 0 0 1 0 0 1 0 -0 1 0 0 1 0 0 1 0 0 1 0 0 1 0 0 1 0 0 1 0 0 1 0 0 1 0 0 1 0 0 1 0 0 1 0 0 1 0 0 1 0 0 1 0 0 1 0 0 1 0 0 1 -0 0 1 0 0 1 0 0 1 0 -0 1 -0 0 1 0 0 1 0 0 1 0 -0 1 -0 0 1 -0 0 1 0 -0 1 0 0 1 0 -0 1 0 0 1 0 0 1 0 0 1 0 0 1 0 0 1 0 -0 1 0 -0 1 0 0 1 0 0 1 0 0 1 0 0 1 -0 0 1 0 0 1 0 0 1 0 0 1 0 -0 1 0 0 1 0 0 1 0 0 1 0 0 1 0 0 1 0 -0 1 0 0 1 0 -0 1 -0 0 1 0 -0 1 0 0 1 0 0 1 0 0 1 -0 0 1 0 0 1 0 0 1 0 -0 1 0 0 1 0 0 1 0 0 1 0 0 1 0 0 1 0 0 1 0 0 1 0 0 1 -0 0 1 0 0 1 0 0 1 0 0 1 0 0 1 0 0 1 0 -0 1 -0 0 1 0 0 1 0 0 1 -0 0 1 0 0 1 0 0 1 0 -0 1 -0 0 1 0 0 1 0 0 1 0 0 1 0 0 1 0 0 1 -0 0 1 0 0 1 0 0 1 0 0 1 0 0 1 -0 0 1 -0 0 1 0 0 1 0 -0 1 0 0 1 0 0 1 0 0 1 0 0 1 0 0 1 0 0 1 0 0 1 0 0 1 0 -0 1 0 0 1 0 -0 1 0 -0 1 0 -0 1 0 0 1 -0 0 1 0 0 1 0 0 1 0 0 1 0 0 1 0 0 1 0 -0 1 0 0 1 -0 0 1 0 -0 1 0 0 1 0 -0 1 0 0 1 0 0 1 0 -0 1 0 0 1 0 0 1 0 0 1 -0 0 1 0 0 1 -0 0 1 0 -0 1 0 -0 1 0 0 1 -0 0 1 0 0 1 0 0 1 0 0 1 0 0 1 0 0 1 0 0 1 -0 0 1 -0 0 1 0 0 1 0 0 1 0 -0 1 0 0 1 0 -0 1 0 0 1 0 0 1 0 0 1 0 0 1 -0 0 1 0 0 1 -0 0 1 0 0 1 0 0 1 0 0 1 0 0 1 0 0 1 0 -0 1 -0 0 1 -0 0 1 0 0 1 0 -0 1 0 -0 1 0 0 1 0 0 1 0 0 1 0 0 1 0 0 1 0 0 1 0 -0 1 0 0 1 0 0 1 0 0 1 0 0 1 0 0 1 -0 0 1 0 0 1 0 -0 1 0 -0 1 0 0 1 0 0 1 -0 0 1 0 0 1 0 0 1 0 0 1 0 0 1 0 0 1 -0 0 1 0 0 1 0 0 1 0 0 1 0 -0 1 -0 0 1 0 0 1 0 0 1 0 0 1 0 0 1 0 -0 1 0 0 1 0 0 1 0 0 1 0 0 1 -0 0 1 0 -0 1 0 0 1 0 0 1 0 0 1 0 0 1 0 -0 1 0 -0 1 -0 0 1 -0 0 1 0 0 1 0 0 1 0 0 1 0 0 1 0 0 1 0 -0 1 -0 0 1 0 0 1 0 0 1 -0 0 1 0 0 1 0 -0 1 0 0 1 0 0 1 0 0 1 -0 0 1 0 0 1 0 0 1 0 -0 1 0 0 1 -0 0 1 -0 0 1 0 0 1 0 0 1 0 0 1 0 0 1 0 0 1 0 0 1 0 0 1 0 0 1 -0 0 1 -0 0 1 0 0 1 0 0 1 0 -0 1 0 0 1 0 0 1 0 -0 1 0 -0 1 0 0 1 0 0 1 0 0 1 -0 0 1 -0 0 1 -0 0 1 0 0 1 0 0 1 0 0 1 -0 0 1 0 0 1 -0 0 1 0 0 1 0 -0 1 0 0 1 0 0 1 0 0 1 -0 0 1 0 0 1 0 -0 1 0 0 1 0 0 1 0 -0 1 0 -0 1 0 0 1 0 -0 1 0 0 1 0 0 1 0 0 1 -0 0 1 0 0 1 0 0 1 0 0 1 0 -0 1 0 0 1 0 0 1 0 -0 1 0 0 1 0 0 1 0 0 1 0 0 1 -0 0 1 0 0 1 0 -0 1 0 0 1 0 0 1 0 0 1 0 0 1 0 0 1 -0 0 1 -0 0 1 0 0 1 0 0 1 0 0 1 0 0 1 -0 0 1 0 0 1 0 0 1 0 0 1 0 0 1 0 0 1 0 0 1 -0 0 1 -0 0 1 0 -0 1 0 0 1 0 0 1 0 -0 1 -0 0 1 0 -0 1 -0 0 1 0 0 1 -0 0 1 0 0 1 0 0 1 0 0 1 0 0 1 0 0 1 0 -0 1 0 0 1 0 0 1 0 -0 1 0 0 1 0 0 1 0 0 1 0 -0 1 0 0 1 0 0 1 0 0 1 0 0 1 0 -0 1 0 0 1 -0 0 1 0 -0 1 0 0 1 0 0 1 0 -0 1 0 0 1 0 0 1 0 -0 1 0 0 1 -0 0 1 0 0 1 0 0 1 0 -0 1 0 0 1 0 0 1 0 -0 1 -0 0 1 0 0 1 0 -0 1 0 -0 1 0 -0 1 0 -0 1 0 0 1 0 0 1 -0 0 1 0 0 1 0 0 1 0 0 1 0 0 1 0 0 1 0 0 1 0 0 1 0 -0 1 0 0 1 0 0 1 0 0 1 0 0 1 0 -0 1 0 0 1 0 -0 1 0 -0 1 0 0 1 0 -0 1 0 -0 1 0 0 1 0 0 1 0 0 1 0 0 1 0 -0 1 0 0 1 -0 0 1 0 0 1 0 0 1 0 -0 1 0 0 1 -0 0 1 0 0 1 0 0 1 -0 0 1 0 0 1 0 0 1 -0 0 1 0 0 1 0 0 1 -0 0 1 0 -0 1 0 0 1 -0 0 1 0 0 1 0 0 1 0 0 1 0 -0 1 0 0 1 0 0 1 0 0 1 0 0 1 0 -0 1 -0 0 1 0 0 1 0 0 1 -0 0 1 0 -0 1 0 0 1 0 0 1 0 0 1 0 0 1 0 0 1 0 0 1 0 0 1 0 0 1 0 0 1 -0 0 1 0 0 1 0 0 1 0 0 1 0 -0 1 0 0 1 0 0 1 0 -0 1 0 0 1 0 0 1 0 -0 1 0 0 1 0 0 1 0 0 1 0 0 1 0 0 1 0 -0 1 0 -0 1 0 0 1 0 0 1 -0 0 1 0 0 1 -0 0 1 -0 0 1 0 0 1 0 0 1 0 0 1 -0 0 1 0 0 1 0 0 1 0 -0 1 0 0 1 0 0 1 0 0 1 0 0 1 0 0 1 -0 0 1 0 0 1 0 0 1 0 0 1 0 0 1 0 -0 1 0 -0 1 0 -0 1 0 0 1 -0 0 1 0 0 1 0 -0 1 0 0 1 0 0 1 0 0 1 -0 0 1 -0 0 1 0 0 1 0 -0 1 -0 0 1 0 0 1 0 0 1 0 0 1 0 0 1 0 -0 1 -0 0 1 0 0 1 0 0 1 0 0 1 0 0 1 0 0 1 0 0 1 0 -0 1 0 0 1 0 0 1 0 0 1 0 0 1 0 0 1 0 -0 1 0 0 1 0 0 1 0 0 1 0 -0 1 0 0 1 0 0 1 0 0 1 -0 0 1 0 0 1 0 0 1 0 0 1 0 0 1 0 -0 1 0 0 1 0 -0 1 -0 0 1 0 0 1 -0 0 1 0 0 1 0 -0 1 -0 0 1 0 0 1 -0 0 1 0 0 1 0 0 1 0 0 1 0 0 1 0 0 1 0 0 1 0 0 1 0 0 1 -0 0 1 0 0 1 0 -0 1 0 0 1 0 -0 1 0 0 1 0 0 1 0 -0 1 0 0 1 0 0 1 0 0 1 0 0 1 0 -0 1 -0 0 1 0 0 1 0 0 1 0 0 1 0 0 1 0 0 1 -0 0 1 0 -0 1 0 -0 1 0 0 1 0 -0 1 0 0 1 0 0 1 0 -0 1 0 0 1 0 0 1 -0 0 1 -0 0 1 -0 0 1 -0 0 1 0 -0 1 0 0 1 0 0 1 -0 0 1 0 0 1 0 0 1 0 0 1 -0 0 1 0 0 1 0 0 1 0 0 1 0 0 1 0 0 1 0 0 1 0 0 1 0 0 1 -0 0 1 -0 0 1 0 0 1 0 0 1 -0 0 1 0 0 1 0 0 1 0 0 1 0 0 1 0 -0 1 0 0 1 0 0 1 0 0 1 0 0 1 -0 0 1 0 0 1 0 0 1 0 0 1 0 0 1 0 0 1 -0 0 1 -0 0 1 -0 0 1 0 0 1 0 0 1 0 -0 1 0 0 1 0 0 1 0 0 1 0 -0 1 0 0 1 0 0 1 0 0 1 0 0 1 0 0 1 0 0 1 0 0 1 -0 0 1 0 0 1 0 0 1 0 0 1 0 0 1 0 0 1 0 0 1 0 -0 1 0 0 1 -0 0 1 -0 0 1 -0 0 1 0 0 1 0 0 1 0 0 1 -0 0 1 0 0 1 0 0 1 0 0 1 0 0 1 -0 0 1 0 0 1 0 0 1 0 0 1 -0 0 1 -0 0 1 0 0 1 0 0 1 0 0 1 0 0 1 0 0 1 -0 0 1 -0 0 1 0 0 1 0 0 1 0 0 1 0 -0 1 -0 0 1 0 0 1 0 0 1 0 0 1 0 0 1 0 0 1 0 0 1 0 0 1 0 0 1 -0 0 1 0 0 1 0 -0 1 0 0 1 0 0 1 0 0 1 -0 0 1 0 -0 1 0 -0 1 -0 0 1 0 0 1 0 0 1 -0 0 1 0 0 1 0 0 1 0 0 1 -0 0 1 0 0 1 0 0 1 0 0 1 0 0 1 0 0 1 -0 0 1 0 0 1 0 0 1 0 0 1 -0 0 1 0 0 1 -0 0 1 0 0 1 0 -0 1 0 0 1 0 0 1 0 0 1 0 -0 1 0 -0 1 0 0 1 0 0 1 -0 0 1 0 0 1 0 0 1 -0 0 1 0 0 1 0 -0 1 -0 0 1 0 0 1 -0 0 1 0 0 1 0 0 1 0 0 1 -0 0 1 0 0 1 0 0 1 -0 0 1 0 -0 1 0 -0 1 0 0 1 0 0 1 0 0 1 -0 0 1 -0 0 1 -0 0 1 0 0 1 0 0 1 0 -0 1 0 0 1 0 0 1 0 0 1 0 0 1 0 0 1 0 0 1 0 -0 1 -0 0 1 0 0 1 -0 0 1 0 0 1 0 0 1 0 -0 1 0 0 1 -0 0 1 0 0 1 0 0 1 0 -0 1 0 0 1 0 0 1 0 0 1 0 0 1 0 0 1 -0 0 1 0 0 1 -0 0 1 0 0 1 0 0 1 0 0 1 0 -0 1 0 0 1 -0 0 1 0 0 1 0 0 1 0 0 1 0 -0 1 0 0 1 0 0 1 0 0 1 -0 0 1 0 0 1 0 0 1 0 0 1 0 0 1 0 0 1 0 0 1 0 0 1 0 0 1 0 0 1 0 0 1 0 0 1 0 0 1 0 -0 1 0 0 1 -0 0 1 0 0 1 0 0 1 0 -0 1 -0 0 1 0 0 1 0 0 1 0 0 1 -0 0 1 0 0 1 0 0 1 0 0 1 0 0 1 0 0 1 0 0 1 0 0 1 0 0 1 0 -0 1 0 0 1 0 0 1 -0 0 1 0 0 1 0 0 1 0 0 1 0 0 1 0 0 1 0 -0 1 -0 0 1 -0 0 1 0 -0 1 0 0 1 0 -0 1 -0 0 1 0 0 1 0 0 1 0 0 1 0 0 1 0 -0 1 0 0 1 -0 0 1 0 0 1 -0 0 1 -0 0 1 0 0 1 0 -0 1 0 0 1 0 -0 1 0 0 1 0 0 1 0 0 1 0 0 1 0 0 1 0 -0 1 0 0 1 0 0 1 -0 0 1 0 0 1 0 0 1 0 0 1 -0 0 1 0 0 1 0 -0 1 0 0 1 0 0 1 -0 0 1 0 0 1 0 -0 1 0 0 1 -0 0 1 0 0 1 0 0 1 -0 0 1 0 0 1 -0 0 1 0 0 1 0 -0 1 0 0 1 0 0 1 -0 0 1 0 -0 1 0 0 1 -0 0 1 0 0 1 0 0 1 0 0 1 0 -0 1 0 0 1 0 0 1 0 0 1 0 0 1 -0 0 1 0 0 1 0 0 1 0 0 1 0 0 1 0 0 1 0 0 1 0 0 1 -0 0 1 0 -0 1 0 0 1 0 0 1 0 -0 1 0 -0 1 0 0 1 0 0 1 0 0 1 0 0 1 0 0 1 0 0 1 0 0 1 0 0 1 -0 0 1 0 0 1 0 0 1 0 0 1 0 -0 1 0 0 1 -0 0 1 0 0 1 0 0 1 0 0 1 0 0 1 0 0 1 -0 0 1 0 0 1 -0 0 1 0 0 1 0 0 1 0 0 1 0 0 1 0 0 1 0 -0 1 0 0 1 -0 0 1 0 0 1 0 0 1 -0 0 1 0 -0 1 0 0 1 0 0 1 -0 0 1 -0 0 1 0 0 1 0 0 1 0 0 1 0 0 1 0 0 1 0 0 1 0 0 1 0 0 1 0 0 1 0 0 1 0 0 1 -0 0 1 0 0 1 0 -0 1 0 0 1 0 0 1 0 0 1 0 -0 1 0 0 1 -0 0 1 -0 0 1 0 0 1 0 -0 1 0 0 1 0 -0 1 0 0 1 0 -0 1 -0 0 1 0 0 1 0 0 1 0 0 1 0 -0 1 0 0 1 0 -0 1 0 0 1 0 0 1 0 0 1 0 -0 1 0 0 1 -0 0 1 0 -0 1 0 -0 1 0 0 1 0 0 1 0 0 1 0 0 1 0 -0 1 0 -0 1 0 0 1 0 -0 1 0 0 1 0 -0 1 0 0 1 0 -0 1 -0 0 1 0 -0 1 0 -0 1 0 0 1 0 0 1 0 -0 1 -0 0 1 -0 0 1 0 0 1 0 0 1 0 0 1 -0 0 1 0 0 1 0 0 1 0 -0 1 0 0 1 0 0 1 0 0 1 0 0 1 0 0 1 0 -0 1 0 0 1 0 0 1 0 0 1 0 0 1 0 0 1 0 0 1 0 0 1 0 0 1 0 0 1 0 0 1 0 -0 1 0 0 1 0 0 1 0 0 1 0 0 1 0 0 1 0 0 1 0 0 1 -0 0 1 0 0 1 0 0 1 0 0 1 0 0 1 -0 0 1 0 0 1 0 0 1 0 0 1 -0 0 1 -0 0 1 0 0 1 -0 0 1 0 0 1 0 0 1 0 0 1 0 -0 1 0 0 1 0 0 1 0 0 1 0 0 1 0 0 1 -0 0 1 0 0 1 0 0 1 0 0 1 -0 0 1 0 0 1 0 0 1 0 0 1 0 -0 1 0 0 1 0 0 1 0 -0 1 0 0 1 0 0 1 0 0 1 0 -0 1 0 0 1 0 0 1 0 0 1 -0 0 1 0 0 1 -0 0 1 0 0 1 0 0 1 0 0 1 0 0 1 0 0 1 0 0 1 -0 0 1 -0 0 1 0 0 1 0 0 1 0 0 1 0 0 1 0 -0 1 0 0 1 0 0 1 -0 0 1 0 0 1 0 0 1 -0 0 1 0 0 1 0 0 1 0 0 1 -0 0 1 0 0 1 0 0 1 -0 0 1 0 0 1 -0 0 1 0 0 1 0 0 1 0 0 1 0 0 1 0 0 1 0 0 1 0 0 1 0 -0 1 0 0 1 0 0 1 -0 0 1 0 0 1 0 0 1 -0 0 1 0 0 1 0 0 1 0 0 -1 0 0 -1 0 0 -1 0 0 -1 0 0 -1 0 0 -1 0 0 -1 0 -0 -1 0 0 -1 -0 0 -1 0 0 -1 0 0 -1 0 -0 -1 0 0 -1 0 -0 -1 0 0 -1 -0 0 -1 0 0 -1 0 -0 -1 0 0 -1 0 0 -1 0 0 -1 0 0 -1 -0 0 -1 -0 0 -1 0 0 -1 0 0 -1 0 0 -1 0 -0 -1 -0 0 -1 0 0 -1 0 0 -1 0 0 -1 0 -0 -1 0 0 -1 0 -0 -1 0 -0 -1 0 -0 -1 0 -0 -1 0 0 -1 0 0 -1 -0 0 -1 0 -0 -1 0 0 -1 0 0 -1 0 0 -1 0 0 -1 0 0 -1 0 0 -1 0 0 -1 0 0 -1 0 -0 -1 0 0 -1 0 0 -1 -0 0 -1 0 -0 -1 0 -0 -1 0 0 -1 -0 0 -1 -0 0 -1 0 -0 -1 0 0 -1 0 0 -1 0 0 -1 0 0 -1 -0 0 -1 0 0 -1 -0 0 -1 0 0 -1 0 -0 -1 0 0 -1 0 0 -1 -0 0 -1 -0 0 -1 0 0 -1 0 0 -1 0 -0 -1 0 -0 -1 0 -0 -1 0 0 -1 0 0 -1 0 -0 -1 0 0 -1 0 0 -1 0 0 -1 0 0 -1 0 0 -1 0 0 -1 0 -0 -1 0 0 -1 -0 0 -1 0 0 -1 0 -0 -1 0 0 -1 0 0 -1 0 0 -1 0 0 -1 -0 0 -1 -0 0 -1 0 0 -1 -0 0 -1 -0 0 -1 0 0 -1 0 0 -1 -0 0 -1 0 0 -1 -0 0 -1 0 0 -1 -0 0 -1 0 0 -1 0 0 -1 0 -0 -1 0 -0 -1 0 0 -1 0 -0 -1 -0 0 -1 0 0 -1 -0 0 -1 0 0 -1 0 -0 -1 0 0 -1 0 0 -1 0 0 -1 0 0 -1 0 0 -1 0 -0 -1 0 0 -1 0 0 -1 0 0 -1 0 0 -1 0 0 -1 0 0 -1 0 0 -1 -0 0 -1 0 -0 -1 0 0 -1 0 0 -1 0 0 -1 0 0 -1 -0 0 -1 0 0 -1 0 -0 -1 0 0 -1 0 0 -1 0 0 -1 0 0 -1 0 0 -1 0 -0 -1 0 0 -1 0 -0 -1 0 -0 -1 0 -0 -1 0 -0 -1 0 0 -1 -0 0 -1 0 0 -1 0 0 -1 0 0 -1 0 0 -1 0 0 -1 0 0 -1 0 -0 -1 0 0 -1 0 -0 -1 -0 0 -1 0 0 -1 0 0 -1 0 0 -1 0 -0 -1 0 0 -1 0 0 -1 0 0 -1 0 0 -1 0 0 -1 0 0 -1 0 0 -1 0 0 -1 -0 0 -1 0 -0 -1 0 0 -1 0 0 -1 0 0 -1 0 -0 -1 0 0 -1 0 0 -1 0 -0 -1 0 -0 -1 0 0 -1 0 0 -1 0 -0 -1 0 0 -1 0 0 -1 0 0 -1 -0 0 -1 0 0 -1 -0 0 -1 0 0 -1 0 0 -1 0 0 -1 0 0 -1 0 0 -1 0 0 -1 -0 0 -1 0 -0 -1 0 0 -1 0 0 -1 0 0 -1 0 -0 -1 0 0 -1 0 -0 -1 0 0 -1 0 0 -1 0 0 -1 -0 0 -1 -0 0 -1 0 0 -1 0 0 -1 0 0 -1 -0 0 -1 0 0 -1 0 0 -1 -0 0 -1 -0 0 -1 0 0 -1 0 0 -1 0 0 -1 0 0 -1 0 0 -1 0 0 -1 0 0 -1 -0 0 -1 0 0 -1 -0 0 -1 0 0 -1 0 -0 -1 0 0 -1 -0 0 -1 0 0 -1 0 0 -1 0 0 -1 0 0 -1 0 0 -1 0 0 -1 0 0 -1 0 0 -1 0 -0 -1 0 0 -1 0 0 -1 0 -0 -1 0 0 -1 0 0 -1 -0 0 -1 -0 0 -1 -0 0 -1 0 0 -1 0 0 -1 0 0 -1 0 0 -1 0 -0 -1 0 0 -1 0 0 -1 0 0 -1 0 0 -1 0 -0 -1 -0 0 -1 0 0 -1 0 0 -1 0 -0 -1 0 0 -1 0 0 -1 0 0 -1 0 0 -1 0 -0 -1 0 0 -1 0 0 -1 0 0 -1 -0 0 -1 0 0 -1 0 0 -1 0 0 -1 0 0 -1 0 0 -1 0 0 -1 0 -0 -1 0 -0 -1 -0 0 -1 0 0 -1 0 -0 -1 0 -0 -1 0 0 -1 -0 0 -1 0 -0 -1 0 0 -1 0 -0 -1 0 -0 -1 -0 0 -1 0 0 -1 0 0 -1 0 0 -1 0 0 -1 -0 0 -1 0 0 -1 0 0 -1 0 0 -1 0 0 -1 -0 0 -1 -0 0 -1 0 0 -1 0 0 -1 0 0 -1 0 0 -1 0 0 -1 0 0 -1 0 0 -1 0 -0 -1 0 0 -1 0 0 -1 0 0 -1 0 0 -1 0 0 -1 -0 0 -1 0 0 -1 0 -0 -1 0 0 -1 -0 0 -1 0 0 -1 -0 0 -1 0 0 -1 0 0 -1 0 -0 -1 0 0 -1 0 -0 -1 0 0 -1 0 0 -1 0 0 -1 0 0 -1 0 0 -1 0 0 -1 -0 0 -1 0 0 -1 0 0 -1 0 0 -1 0 0 -1 0 0 -1 0 0 -1 0 0 -1 0 0 -1 -0 0 -1 0 0 -1 0 0 -1 0 0 -1 0 0 -1 0 0 -1 0 0 -1 -0 0 -1 0 -0 -1 0 0 -1 0 0 -1 0 -0 -1 0 0 -1 0 0 -1 0 0 -1 0 0 -1 0 -0 -1 -0 0 -1 0 -0 -1 0 0 -1 0 0 -1 0 0 -1 0 0 -1 0 0 -1 0 -0 -1 0 0 -1 0 0 -1 -0 0 -1 0 -0 -1 0 0 -1 -0 0 -1 -0 0 -1 -0 0 -1 0 0 -1 0 0 -1 0 0 -1 0 0 -1 0 0 -1 -0 0 -1 0 0 -1 -0 0 -1 0 0 -1 0 0 -1 -0 0 -1 0 0 -1 0 -0 -1 0 0 -1 0 0 -1 0 -0 -1 0 0 -1 0 -0 -1 -0 0 -1 0 0 -1 0 0 -1 0 0 -1 0 0 -1 0 0 -1 0 0 -1 -0 0 -1 0 0 -1 0 0 -1 0 0 -1 0 0 -1 -0 0 -1 0 -0 -1 0 0 -1 0 0 -1 0 -0 -1 0 0 -1 -0 0 -1 -0 0 -1 -0 0 -1 0 0 -1 0 0 -1 0 0 -1 0 0 -1 -0 0 -1 0 -0 -1 0 0 -1 0 0 -1 0 0 -1 0 0 -1 0 0 -1 0 -0 -1 0 0 -1 0 0 -1 0 0 -1 0 0 -1 -0 0 -1 0 0 -1 0 -0 -1 0 0 -1 -0 0 -1 -0 0 -1 0 -0 -1 0 0 -1 -0 0 -1 0 0 -1 0 0 -1 0 0 -1 0 0 -1 0 -0 -1 -0 0 -1 0 0 -1 -0 0 -1 -0 0 -1 0 0 -1 0 -0 -1 0 0 -1 -0 0 -1 0 -0 -1 0 -0 -1 0 0 -1 0 0 -1 0 0 -1 0 0 -1 0 0 -1 -0 0 -1 0 0 -1 0 0 -1 0 0 -1 -0 0 -1 0 0 -1 0 -0 -1 0 0 -1 0 0 -1 -0 0 -1 0 0 -1 0 0 -1 -0 0 -1 -0 0 -1 0 0 -1 0 0 -1 0 0 -1 0 0 -1 0 -0 -1 0 -0 -1 -0 0 -1 0 0 -1 0 0 -1 0 0 -1 -0 0 -1 0 0 -1 0 0 -1 0 0 -1 0 -0 -1 0 0 -1 0 -0 -1 0 0 -1 0 -0 -1 0 0 -1 0 0 -1 0 0 -1 0 0 -1 0 0 -1 0 0 -1 0 -0 -1 0 0 -1 0 0 -1 -0 0 -1 0 0 -1 0 0 -1 0 0 -1 0 0 -1 0 0 -1 0 0 -1 -0 0 -1 0 0 -1 0 0 -1 0 -0 -1 0 0 -1 0 0 -1 -0 0 -1 -0 0 -1 0 0 -1 0 -0 -1 0 0 -1 0 0 -1 0 0 -1 0 0 -1 -0 0 -1 0 -0 -1 0 0 -1 0 -0 -1 0 0 -1 0 0 -1 0 -0 -1 0 -0 -1 0 0 -1 -0 0 -1 0 -0 -1 0 0 -1 0 0 -1 0 0 -1 0 -0 -1 0 -0 -1 0 0 -1 0 -0 -1 0 -0 -1 0 0 -1 0 -0 -1 0 -0 -1 0 0 -1 0 -0 -1 0 -0 -1 0 -0 -1 0 0 -1 -0 0 -1 0 0 -1 -0 0 -1 0 0 -1 0 0 -1 0 0 -1 0 -0 -1 0 0 -1 0 0 -1 0 0 -1 0 0 -1 0 -0 -1 0 -0 -1 -0 0 -1 0 0 -1 0 0 -1 0 0 -1 0 0 -1 0 -0 -1 0 -0 -1 -0 0 -1 0 0 -1 0 0 -1 0 0 -1 0 0 -1 0 0 -1 -0 0 -1 0 -0 -1 0 0 -1 -0 0 -1 0 0 -1 -0 0 -1 -0 0 -1 0 0 -1 0 -0 -1 0 -0 -1 0 0 -1 0 0 -1 0 -0 -1 0 0 -1 0 0 -1 0 -0 -1 0 0 -1 0 0 -1 0 0 -1 0 0 -1 0 0 -1 0 -0 -1 0 0 -1 0 -0 -1 -0 0 -1 0 0 -1 0 0 -1 -0 0 -1 0 0 -1 0 0 -1 0 0 -1 0 0 -1 -0 0 -1 0 -0 -1 0 0 -1 0 0 -1 0 0 -1 0 0 -1 0 -0 -1 0 0 -1 0 0 -1 0 0 -1 -0 0 -1 0 0 -1 0 0 -1 0 0 -1 0 0 -1 0 0 -1 0 0 -1 0 0 -1 -0 0 -1 0 0 -1 0 0 -1 0 0 -1 0 0 -1 -0 0 -1 0 0 -1 0 -0 -1 0 0 -1 0 -0 -1 0 -0 -1 0 0 -1 0 0 -1 0 -0 -1 0 0 -1 -0 0 -1 0 0 -1 0 0 -1 0 -0 -1 0 0 -1 -0 0 -1 -0 0 -1 -0 0 -1 0 0 -1 0 0 -1 0 0 -1 -0 0 -1 0 -0 -1 -0 0 -1 0 0 -1 -0 0 -1 0 0 -1 0 0 -1 0 0 -1 0 0 -1 0 -0 -1 -0 0 -1 -0 0 -1 0 0 -1 0 0 -1 0 0 -1 0 -0 -1 0 0 -1 0 0 -1 0 -0 -1 0 0 -1 0 0 -1 0 0 -1 0 -0 -1 0 -0 -1 0 0 -1 0 0 -1 0 0 -1 0 0 -1 0 0 -1 0 -0 -1 0 0 -1 0 0 -1 -0 0 -1 0 -0 -1 -0 0 -1 -0 0 -1 0 -0 -1 0 -0 -1 0 -0 -1 0 0 -1 0 0 -1 0 0 -1 0 0 -1 0 0 -1 0 0 -1 0 0 -1 -0 0 -1 0 0 -1 0 0 -1 0 0 -1 -0 0 -1 -0 0 -1 0 0 -1 0 -0 -1 0 0 -1 -0 0 -1 0 0 -1 0 0 -1 0 0 -1 0 0 -1 -0 0 -1 0 0 -1 0 0 -1 0 0 -1 0 0 -1 0 0 -1 0 -0 -1 -0 0 -1 0 0 -1 0 0 -1 0 0 -1 0 0 -1 0 0 -1 0 0 -1 0 0 -1 0 0 -1 0 0 -1 0 -0 -1 0 0 -1 -0 0 -1 0 0 -1 0 0 -1 0 0 -1 0 0 -1 0 0 -1 0 0 -1 0 -0 -1 0 0 -1 0 -0 -1 0 0 -1 -0 0 -1 0 0 -1 0 0 -1 0 -0 -1 0 -0 -1 0 0 -1 0 0 -1 0 0 -1 0 0 -1 0 0 -1 0 0 -1 0 0 -1 0 0 -1 0 0 -1 0 0 -1 0 0 -1 0 0 -1 0 0 -1 0 0 -1 0 -0 -1 -0 0 -1 0 0 -1 0 0 -1 0 0 -1 -0 0 -1 0 0 -1 0 -0 -1 0 0 -1 0 0 -1 0 0 -1 0 0 -1 0 0 -1 0 0 -1 0 -0 -1 -0 0 -1 0 0 -1 -0 0 -1 0 0 -1 0 0 -1 0 0 -1 -0 0 -1 0 0 -1 0 0 -1 0 -0 -1 -0 0 -1 0 0 -1 -0 0 -1 -0 0 -1 0 0 -1 0 -0 -1 0 0 -1 0 0 -1 0 0 -1 0 0 -1 -0 0 -1 0 0 -1 0 -0 -1 0 0 -1 0 0 -1 0 0 -1 0 0 -1 0 0 -1 0 0 -1 0 0 -1 0 -0 -1 0 0 -1 0 0 -1 0 -0 -1 -0 0 -1 0 0 -1 0 0 -1 0 0 -1 -0 0 -1 -0 0 -1 -0 0 -1 0 0 -1 0 0 -1 0 0 -1 0 0 -1 0 0 -1 0 0 -1 0 -0 -1 0 0 -1 0 -0 -1 -0 0 -1 0 0 -1 0 0 -1 0 0 -1 -0 0 -1 0 0 -1 0 0 -1 0 0 -1 0 0 -1 0 0 -1 -0 0 -1 0 0 -1 0 0 -1 0 0 -1 0 0 -1 0 0 -1 0 0 -1 0 0 -1 0 0 -1 0 0 -1 -0 0 -1 -0 0 -1 0 0 -1 0 0 -1 0 0 -1 0 0 -1 0 0 -1 0 0 -1 0 0 -1 -0 0 -1 0 -0 -1 0 0 -1 0 0 -1 0 0 -1 0 0 -1 0 0 -1 0 0 -1 0 -0 -1 -0 0 -1 0 0 -1 0 -0 -1 0 -0 -1 0 0 -1 0 -0 -1 -0 0 -1 -0 0 -1 0 0 -1 0 0 -1 -0 0 -1 0 0 -1 -0 0 -1 0 0 -1 0 -0 -1 0 0 -1 -0 0 -1 0 -0 -1 0 0 -1 0 0 -1 0 -0 -1 -0 0 -1 -0 0 -1 0 0 -1 0 0 -1 0 0 -1 0 0 -1 -0 0 -1 0 0 -1 0 0 -1 -0 0 -1 0 0 -1 0 -0 -1 0 -0 -1 0 0 -1 0 0 -1 0 0 -1 0 -0 -1 0 0 -1 0 0 -1 0 0 -1 0 0 -1 0 0 -1 0 0 -1 0 0 -1 0 0 -1 0 -0 -1 0 0 -1 0 0 -1 0 0 -1 0 0 -1 0 0 -1 0 0 -1 0 0 -1 0 0 -1 0 0 -1 0 0 -1 0 0 -1 0 0 -1 0 0 -1 0 0 -1 0 0 -1 0 0 -1 0 0 -1 -0 0 -1 -0 0 -1 0 0 -1 0 0 -1 0 0 -1 0 0 -1 0 0 -1 0 0 -1 0 0 -1 0 0 -1 0 0 -1 0 -0 -1 -0 0 -1 0 0 -1 0 -0 -1 -0 0 -1 -0 0 -1 0 0 -1 0 -0 -1 0 0 -1 0 0 -1 0 0 -1 0 0 -1 -0 0 -1 0 0 -1 0 0 -1 0 0 -1 0 -0 -1 0 0 -1 0 0 -1 0 0 -1 0 0 -1 -0 0 -1 0 0 -1 0 0 -1 0 0 -1 -0 0 -1 0 0 -1 0 0 -1 -0 0 -1 0 0 -1 0 0 -1 -0 0 -1 0 0 -1 0 0 -1 0 0 -1 0 0 -1 -0 0 -1 -0 0 -1 -0 0 -1 0 0 -1 -0 0 -1 0 0 -1 0 0 -1 0 0 -1 -0 0 -1 -0 0 -1 0 0 -1 -0 0 -1 -0 0 -1 0 0 -1 -0 0 -1 -0 0 -1 0 0 -1 0 0 -1 -0 0 -1 -0 0 -1 0 0 -1 0 0 -1 -0 0 -1 0 0 -1 -0 0 -1 -0 0 -1 0 0 -1 0 0 -1 -0 0 -1 0 0 -1 0 -0 -1 0 0 -1 0 0 -1 0 0 -1 0 0 -1 -0 0 -1 0 0 -1 -0 0 -1 0 -0 -1 0 0 -1 0 0 -1 0 0 -1 -0 0 -1 0 0 -1 0 0 -1 0 0 -1 0 0 -1 -0 0 -1 0 0 -1 0 0 -1 0 0 -1 0 0 -1 0 0 -1 0 0 -1 -0 0 -1 0 -0 -1 0 0 -1 0 0 -1 0 0 -1 -0 0 -1 0 0 -1 0 -0 -1 0 0 -1 -0 0 -1 0 0 -1 0 -0 -1 0 0 -1 0 0 -1 0 0 -1 0 0 -1 -0 0 -1 0 0 -1 0 0 -1 0 -0 -1 -0 0 -1 0 0 -1 0 0 -1 -0 0 -1 -0 0 -1 0 -0 -1 0 0 -1 0 -0 -1 0 0 -1 0 0 -1 0 0 -1 0 0 -1 0 0 -1 0 0 -1 0 -0 -1 0 0 -1 0 0 -1 0 0 -1 -0 0 -1 0 -0 -1 0 0 -1 0 0 -1 -0 0 -1 0 -0 -1 0 0 -1 0 0 -1 -0 0 -1 0 0 -1 0 0 -1 0 0 -1 0 0 -1 0 -0 -1 0 -0 -1 -0 0 -1 0 0 -1 0 0 -1 -0 0 -1 0 -0 -1 0 0 -1 0 0 -1 0 0 -1 0 0 -1 0 -0 -1 -0 0 -1 0 -0 -1 0 0 -1 0 0 -1 0 0 -1 0 -0 -1 0 0 -1 0 0 -1 0 0 -1 -0 0 -1 0 0 -1 0 0 -1 0 0 -1 0 0 -1 -0 0 -1 0 0 -1 -0 0 -1 0 0 -1 0 0 -1 0 -0 -1 0 0 -1 0 0 -1 0 0 -1 0 -0 -1 0 0 -1 0 0 -1 0 0 -1 0 0 -1 0 0 -1 0 0 -1 0 0 -1 -0 0 -1 0 0 -1 0 0 -1 0 0 -1 -0 0 -1 0 0 -1 0 0 -1 0 0 -1 0 0 -1 0 0 -1 0 0 -1 0 0 -1 0 0 -1 0 -0 -1 0 0 -1 -0 0 -1 0 0 -1 0 0 -1 0 0 -1 0 0 -1 -0 0 -1 0 0 -1 0 -0 -1 0 -0 -1 0 0 -1 0 0 -1 -0 0 -1 0 0 -1 -0 0 -1 0 0 -1 -0 0 -1 0 0 -1 0 0 -1 -0 0 -1 -0 0 -1 0 0 -1 0 -0 -1 0 0 -1 0 -0 -1 0 0 -1 -0 0 -1 0 -0 -1 0 0 -1 0 0 -1 0 0 -1 0 0 -1 0 -0 -1 0 -0 -1 0 0 -1 0 0 -1 0 -0 -1 0 0 -1 0 0 -1 -0 0 -1 0 0 -1 0 0 -1 0 -0 -1 0 0 -1 0 0 -1 0 0 -1 0 -0 -1 0 -0 -1 -0 0 -1 0 0 -1 0 0 -1 0 0 -1 0 0 -1 0 0 -1 0 0 -1 -0 0 -1 0 -0 -1 0 -0 -1 0 -0 -1 0 0 -1 0 -0 -1 0 -0 -1 0 0 -1 0 0 -1 -0 0 -1 0 0 -1 0 -0 -1 0 0 -1 0 0 -1 0 -0 -1 0 0 -1 0 -0 -1 0 0 -1 0 0 -1 0 -0 -1 0 -0 -1 0 0 -1 0 0 -1 0 -0 -1 -0 0 -1 0 -0 -1 0 0 -1 0 0 -1 0 0 -1 0 0 -1 0 0 -1 0 -0 -1 0 -0 -1 0 0 -1 -0 0 -1 0 0 -1 0 0 -1 0 0 -1 0 0 -1 0 0 -1 -0 0 -1 -0 0 -1 0 -0 -1 0 0 -1 0 0 -1 0 0 -1 0 0 -1 0 -0 -1 0 0 -1 0 0 -1 -0 0 -1 0 0 -1 0 0 -1 0 0 -1 -0 0 -1 0 0 -1 -0 0 -1 -0 0 -1 0 -0 -1 0 0 -1 0 0 -1 -0 0 -1 0 -0 -1 0 0 -1 0 0 -1 0 0 -1 0 0 -1 0 0 -1 0 -0 -1 -0 0 -1 0 0 -1 0 0 -1 -0 0 -1 -0 0 -1 0 0 -1 0 0 -1 0 0 -1 0 0 -1 0 0 -1 0 0 -1 -0 0 -1 0 0 -1 -0 0 -1 0 -0 -1 0 0 -1 0 0 -1 0 0 -1 0 0 -1 0 0 -1 0 0 -1 0 -0 -1 0 0 -1 0 0 -1 0 0 -1 0 0 -1 0 0 -1 0 0 -1 0 0 -1 0 0 -1 -0 0 -1 0 0 -1 0 0 -1 -0 0 -1 -0 0 -1 0 0 -1 0 0 -1 -0 0 -1 0 0 -1 0 0 -1 0 0 -1 0 0 -1 0 0 -1 -0 0 -1 0 0 -1 0 0 -1 -0 0 -1 0 -0 -1 0 0 -1 0 0 -1 0 0 -1 0 0 -1 0 0 -1 0 0 -1 -0 0 -1 0 0 -1 0 0 -1 0 0 -1 -0 0 -1 0 0 -1 0 0 -1 -0 0 -1 0 0 -1 0 0 -1 0 0 -1 0 0 -1 0 0 -1 -0 0 -1 0 0 -1 0 0 -1 0 0 -1 0 0 -1 0 -0 -1 0 0 -1 0 0 -1 0 -0 -1 -0 0 -1 0 -0 -1 0 0 -1 0 0 -1 0 0 -1 0 0 -1 -0 0 -1 0 0 -1 -0 0 -1 0 -0 -1 0 0 -1 -0 0 -1 0 0 -1 -0 0 -1 0 0 -1 0 0 -1 0 0 -1 -0 0 -1 0 0 -1 0 0 -1 0 0 -1 0 0 -1 0 0 -1 0 0 -1 0 -0 -1 0 0 -1 0 0 -1 0 0 -1 0 0 -1 0 0 -1 0 0 -1 0 0 -1 0 0 -1 0 -0 -1 0 -0 -1 -0 0 -1 0 0 -1 0 0 -1 0 0 -1 0 0 -1 -0 0 -1 0 -0 -1 0 0 -1 0 0 -1 0 0 -1 -0 0 -1 0 -0 -1 0 0 -1 0 0 -1 0 0 -1 0 0 -1 -0 0 -1 0 0 -1 0 0 -1 0 0 -1 0 -0 -1 -0 0 -1 0 0 -1 0 0 -1 0 0 -1 0 0 -1 0 0 -1 0 0 -1 0 -0 -1 0 0 -1 0 0 -1 0 0 -1 0 -0 -1 0 0 -1 0 0 -1 0 -0 -1 0 0 -1 0 0 -1 0 0 -1 0 0 -1 0 0 -1 0 -0 -1 0 0 -1 -0 0 -1 0 0 -1 0 0 -1 0 0 -1 0 -0 -1 0 -0 -1 0 -0 -1 0 0 -1 0 0 -1 0 0 -1 0 -0 -1 0 0 -1 0 -0 -1 -0 0 -1 0 0 -1 0 -0 -1 0 0 -1 0 0 -1 0 -0 -1 0 0 -1 0 0 -1 0 0 -1 -0 0 -1 0 -0 -1 0 0 -1 -0 0 -1 -0 0 -1 0 0 -1 0 -0 -1 0 -0 -1 0 0 -1 -0 0 -1 0 0 -1 0 0 -1 -0 0 -1 0 0 -1 0 0 -1 0 0 -1 0 0 -1 0 0 -1 0 0 -1 0 0 -1 0 0 -1 -0 0 -1 -0 0 -1 0 0 -1 0 0 -1 0 0 -1 0 0 -1 0 0 -1 -0 0 -1 0 0 -1 -0 0 -1 0 0 -1 0 0 -1 0 -0 -1 0 0 -1 0 0 -1 0 0 -1 -0 0 -1 0 0 -1 0 0 -1 0 -0 -1 -0 0 -1 -0 0 -1 0 0 -1 0 -0 -1 0 0 -1 0 0 -1 0 0 -1 0 0 -1 0 0 -1 0 0 -1 0 0 -1 0 0 -1 -0 0 -1 -0 0 -1 -0 0 -1 0 -0 -1 0 0 -1 0 0 -1 -0 0 -1 0 0 -1 0 0 -1 0 0 -1 0 0 -1 0 0 -1 0 0 -1 0 0 -1 -0 0 -1 0 0 -1 0 0 -1 0 -0 -1 0 0 -1 0 -0 -1 0 -0 -1 0 0 -1 0 0 -1 0 0 -1 0 0 -1 0 -0 -1 -0 0 -1 0 0 -1 0 -0 -1 0 0 -1 0 -0 -1 0 0 -1 0 -0 -1 0 0 -1 0 0 -1 0 0 -1 -0 0 -1 0 0 -1 0 0 -1 0 0 -1 0 0 -1 0 0 -1 -0 0 -1 0 0 -1 0 -0 -1 0 0 -1 -0 0 -1 0 0 -1 -0 0 -1 0 0 -1 0 0 -1 0 -0 -1 -0 0 -1 0 0 -1 0 0 -1 0 0 -1 0 0 -1 0 -0 -1 0 -0 -1 0 0 -1 0 0 -1 -0 0 -1 0 0 -1 0 0 -1 -0 0 -1 0 0 -1 0 -0 -1 0 0 -1 0 -0 -1 0 0 -1 0 0 -1 -0 0 -1 0 0 -1 -0 0 -1 0 0 -1 0 0 -1 0 -0 -1 0 0 -1 0 -0 -1 0 0 -1 -0 0 -1 0 -0 -1 0 0 -1 0 0 -1 0 0 -1 0 0 -1 0 0 -1 0 0 -1 0 0 -1 0 -0 -1 0 0 -1 0 0 -1 -0 0 -1 -0 0 -1 0 0 -1 0 0 -1 -0 0 -1 0 -0 -1 -0 0 -1 0 0 -1 0 0 -1 0 0 -1 0 0 -1 0 -0 -1 -0 0 -1 0 0 -1 -0 0 -1 0 0 -1 0 0 -1 0 -0 -1 0 0 -1 0 0 -1 0 0 -1 0 0 -1 0 0 -1 0 0 -1 0 -0 -1 0 0 -1 0 0 -1 0 0 -1 -0 0 -1 0 -0 -1 0 -0 -1 0 0 -1 0 0 -1 0 0 -1 -0 0 -1 0 0 -1 0 0 -1 0 0 -1 0 0 -1 0 0 -1 0 0 -1 -0 0 -1 0 0 -1 0 -0 -1 0 0 -1 0 0 -1 -0 0 -1 0 0 -1 0 0 -1 0 0 -1 0 0 -1 0 0 -1 0 -0 -1 0 0 -1 0 0 -1 0 0 -1 0 0 -1 0 0 -1 0 0 -1 0 0 -1 0 0 -1 -0 0 -1 0 0 -1 0 0 -1 0 0 -1 0 0 -1 0 0 -1 0 -0 -1 -0 0 -1 0 0 -1 0 0 -1 0 0 -1 0 0 -1 -0 0 -1 0 0 -1 0 -0 -1 0 0 -1 0 -0 -1 0 0 -1 0 0 -1 0 0 -1 0 0 -1 0 0 -1 -0 0 -1 0 0 -1 0 0 -1 0 0 -1 0 0 -1 0 0 -1 0 0 -1 -0 0 -1 0 0 -1 0 -0 -1 -0 0 -1 0 0 -1 0 0 -1 0 0 -1 0 -0 -1 -0 0 -1 -0 0 -1 0 0 -1 -0 0 -1 0 0 -1 0 -0 -1 0 0 -1 0 -0 -1 -0 0 -1 -0 0 -1 0 0 -1 0 0 -1 0 0 -1 0 -0 -1 0 0 -1 0 0 -1 0 0 -1 0 0 -1 -0 0 -1 0 0 -1 0 0 -1 0 0 -1 0 0 -1 0 -0 -1 -0 0 -1 0 0 -1 0 0 -1 0 0 -1 0 0 -1 0 0 -1 0 0 -1 0 0 -1 0 -0 -1 0 0 -1 0 0 -1 0 0 -1 0 0 -1 0 0 -1 0 -0 -1 0 0 -1 0 0 -1 0 0 -1 0 -0 -1 0 0 -1 0 0 -1 0 -0 -1 0 0 -1 -0 0 -1 0 -0 -1 0 -0 -1 0 -0 -1 0 0 -1 0 -0 -1 0 -0 -1 0 -0 -1 0 0 -1 0 0 -1 0 -0 -1 0 0 -1 0 0 -1 0 0 -1 0 0 -1 0 0 -1 -0 0 -1 0 0 -1 0 -0 -1 0 -0 -1 0 -0 -1 -0 0 -1 -0 0 -1 0 0 -1 0 0 -1 0 -0 -1 0 0 -1 -0 0 -1 0 0 -1 0 0 -1 0 0 -1 0 0 -1 -0 0 -1 -0 0 -1 0 0 -1 0 0 -1 0 0 -1 0 0 -1 0 -0 -1 0 0 -1 0 0 -1 0 -0 -1 0 0 -1 -0 0 -1 0 0 -1 0 -0 -1 0 0 -1 0 0 -1 0 -0 -1 -0 0 -1</float_array>
          <technique_common>
            <accessor count="6728" source="#cubenormals-array0-array" stride="3">
              <param type="float" name="X" />
              <param type="float" name="Y" />
              <param type="float" name="Z" />
            </accessor>
          </technique_common>
        </source>
        <vertices id="cubeverts-array0-vertices">
          <input semantic="POSITION" source="#cubeverts-array0" />
        </vertices>
        <triangles count="6728" material="ref_Mesh">
          <input offset="0" semantic="VERTEX" source="#cubeverts-array0-vertices" />
          <input offset="1" semantic="NORMAL" source="#cubenormals-array0" />
          <p>0 0 1 0 2 0 3 1 4 1 5 1 6 2 7 2 8 2 9 3 10 3 11 3 12 4 13 4 14 4 15 5 16 5 17 5 18 6 19 6 20 6 21 7 22 7 23 7 24 8 25 8 26 8 27 9 28 9 29 9 15 10 17 10 30 10 31 11 32 11 33 11 4 12 34 12 5 12 7 13 35 13 8 13 36 14 37 14 38 14 39 15 40 15 41 15 10 16 42 16 11 16 12 17 14 17 43 17 44 18 45 18 46 18 47 19 0 19 2 19 48 20 49 20 50 20 51 21 39 21 41 21 45 22 44 22 52 22 53 23 54 23 55 23 56 24 57 24 58 24 59 25 60 25 61 25 32 26 31 26 62 26 63 27 64 27 50 27 65 28 66 28 20 28 66 29 18 29 20 29 67 30 68 30 69 30 70 31 71 31 72 31 73 32 74 32 75 32 76 33 77 33 78 33 79 34 65 34 20 34 80 35 81 35 21 35 82 36 83 36 84 36 85 37 86 37 87 37 88 38 89 38 65 38 90 39 91 39 92 39 74 40 73 40 93 40 28 41 94 41 29 41 63 42 50 42 95 42 96 43 97 43 98 43 99 44 100 44 101 44 102 45 103 45 104 45 105 46 106 46 107 46 22 47 108 47 23 47 109 48 110 48 111 48 80 49 112 49 81 49 113 50 114 50 115 50 116 51 117 51 118 51 110 52 109 52 119 52 120 53 121 53 122 53 123 54 124 54 125 54 126 55 56 55 58 55 127 56 128 56 129 56 130 57 131 57 132 57 133 58 130 58 132 58 48 59 50 59 134 59 135 60 136 60 93 60 60 61 137 61 61 61 69 62 68 62 138 62 139 63 140 63 141 63 142 64 143 64 144 64 145 65 94 65 28 65 146 66 147 66 148 66 149 67 150 67 151 67 152 68 24 68 26 68 153 69 154 69 155 69 54 70 156 70 55 70 157 71 158 71 159 71 160 72 161 72 162 72 114 73 113 73 163 73 86 74 164 74 87 74 89 75 66 75 65 75 165 76 166 76 129 76 167 77 135 77 93 77 25 78 168 78 26 78 100 79 169 79 101 79 44 80 170 80 52 80 148 81 127 81 129 81 71 82 70 82 171 82 172 83 173 83 174 83 44 84 46 84 175 84 176 85 139 85 141 85 177 86 70 86 72 86 150 87 149 87 178 87 179 88 180 88 181 88 182 89 183 89 184 89 185 90 160 90 162 90 186 91 187 91 188 91 189 92 190 92 191 92 192 93 193 93 194 93 195 94 196 94 62 94 197 95 186 95 188 95 33 96 198 96 199 96 200 97 201 97 138 97 202 98 85 98 87 98 203 99 88 99 65 99 100 100 99 100 204 100 121 101 120 101 205 101 36 102 38 102 206 102 207 103 189 103 191 103 208 104 209 104 210 104 211 105 90 105 92 105 60 106 59 106 208 106 212 107 213 107 214 107 60 108 208 108 210 108 215 109 168 109 216 109 193 110 192 110 217 110 218 111 219 111 220 111 221 112 222 112 223 112 224 113 225 113 52 113 226 114 227 114 228 114 146 115 148 115 118 115 229 116 230 116 231 116 21 117 81 117 22 117 31 118 33 118 199 118 84 119 83 119 232 119 170 120 224 120 52 120 233 121 234 121 235 121 236 122 237 122 238 122 37 123 36 123 239 123 240 124 212 124 214 124 78 125 77 125 241 125 106 126 242 126 107 126 243 127 244 127 101 127 94 128 145 128 245 128 6 129 8 129 246 129 247 130 248 130 249 130 166 131 116 131 118 131 97 132 96 132 250 132 84 133 232 133 251 133 252 134 253 134 254 134 215 135 255 135 26 135 169 136 243 136 101 136 102 137 256 137 103 137 117 138 146 138 118 138 257 139 258 139 259 139 168 140 215 140 26 140 105 141 107 141 163 141 260 142 257 142 259 142 261 143 262 143 263 143 31 144 195 144 62 144 226 145 228 145 264 145 265 146 247 146 249 146 103 147 266 147 104 147 172 148 267 148 268 148 2 149 1 149 269 149 201 150 69 150 138 150 3 151 5 151 29 151 5 152 27 152 29 152 270 153 271 153 72 153 272 154 273 154 21 154 183 155 274 155 184 155 275 156 276 156 277 156 278 157 265 157 279 157 230 158 280 158 231 158 124 159 281 159 125 159 158 160 282 160 159 160 166 161 118 161 129 161 19 162 283 162 20 162 273 163 80 163 21 163 284 164 285 164 286 164 271 165 177 165 72 165 226 166 153 166 155 166 143 167 142 167 287 167 288 168 289 168 290 168 286 169 285 169 291 169 278 170 279 170 92 170 292 171 293 171 294 171 73 172 167 172 93 172 295 173 296 173 297 173 68 174 67 174 298 174 77 175 76 175 299 175 83 176 82 176 300 176 301 177 85 177 202 177 302 178 88 178 203 178 53 179 55 179 303 179 242 180 200 180 138 180 14 181 274 181 43 181 304 182 122 182 294 182 253 183 208 183 254 183 305 184 15 184 30 184 238 185 237 185 306 185 307 186 308 186 309 186 310 187 311 187 312 187 313 188 314 188 58 188 190 189 260 189 259 189 46 190 315 190 175 190 15 191 305 191 316 191 173 192 172 192 317 192 318 193 319 193 320 193 321 194 258 194 322 194 232 195 323 195 251 195 245 196 145 196 324 196 258 197 257 197 322 197 51 198 41 198 325 198 274 199 14 199 326 199 219 200 221 200 223 200 219 201 223 201 220 201 260 202 190 202 189 202 327 203 328 203 285 203 329 204 330 204 331 204 314 205 126 205 58 205 332 206 245 206 324 206 222 207 288 207 223 207 333 208 329 208 331 208 179 209 334 209 335 209 297 210 296 210 336 210 337 211 338 211 339 211 262 212 340 212 263 212 341 213 127 213 148 213 181 214 180 214 342 214 305 215 300 215 316 215 343 216 211 216 344 216 345 217 346 217 204 217 275 218 277 218 347 218 41 219 40 219 348 219 234 220 233 220 303 220 349 221 350 221 171 221 351 222 73 222 75 222 211 223 343 223 90 223 352 224 353 224 354 224 128 225 127 225 355 225 131 226 207 226 191 226 300 227 305 227 356 227 357 228 358 228 276 228 359 229 360 229 361 229 26 230 255 230 362 230 363 231 364 231 135 231 154 232 153 232 365 232 288 233 290 233 223 233 366 234 367 234 368 234 62 235 196 235 369 235 276 236 358 236 370 236 361 237 360 237 371 237 289 238 288 238 372 238 142 239 144 239 373 239 217 240 374 240 362 240 87 241 164 241 375 241 376 242 315 242 46 242 49 243 48 243 377 243 147 244 378 244 341 244 157 245 159 245 379 245 380 246 215 246 216 246 381 247 70 247 177 247 308 248 382 248 309 248 328 249 327 249 383 249 123 250 125 250 95 250 384 251 385 251 386 251 285 252 328 252 291 252 207 253 131 253 130 253 378 254 387 254 341 254 147 255 146 255 388 255 267 256 389 256 268 256 98 257 97 257 390 257 391 258 229 258 231 258 121 259 392 259 122 259 393 260 394 260 395 260 180 261 179 261 396 261 392 262 292 262 294 262 364 263 363 263 397 263 113 264 115 264 281 264 398 265 399 265 400 265 321 266 330 266 329 266 358 267 301 267 202 267 360 268 302 268 203 268 350 269 71 269 171 269 182 270 184 270 401 270 402 271 403 271 404 271 383 272 327 272 405 272 91 273 278 273 92 273 122 274 392 274 294 274 330 275 321 275 322 275 42 276 406 276 11 276 385 277 407 277 386 277 408 278 409 278 81 278 8 279 35 279 410 279 395 280 394 280 411 280 412 281 407 281 385 281 413 282 332 282 324 282 47 283 2 283 414 283 57 284 56 284 415 284 99 285 345 285 204 285 320 286 319 286 416 286 179 287 335 287 396 287 112 288 80 288 220 288 310 289 312 289 417 289 418 290 419 290 169 290 385 291 384 291 420 291 421 292 422 292 245 292 423 293 424 293 425 293 426 294 110 294 119 294 147 295 341 295 148 295 427 296 60 296 210 296 128 297 165 297 129 297 428 298 215 298 380 298 429 299 70 299 381 299 387 300 430 300 341 300 80 301 218 301 220 301 431 302 432 302 405 302 433 303 358 303 357 303 180 304 434 304 435 304 35 305 436 305 437 305 438 306 360 306 359 306 439 307 383 307 405 307 209 308 208 308 253 308 338 309 337 309 440 309 402 310 441 310 403 310 399 311 398 311 442 311 443 312 444 312 441 312 293 313 292 313 445 313 5 314 34 314 446 314 441 315 444 315 431 315 447 316 448 316 449 316 33 317 32 317 450 317 383 318 439 318 451 318 35 319 437 319 142 319 162 320 161 320 452 320 272 321 21 321 23 321 32 322 453 322 454 322 100 323 455 323 418 323 353 324 402 324 354 324 456 325 143 325 457 325 406 326 42 326 458 326 459 327 376 327 46 327 45 328 460 328 459 328 461 329 462 329 178 329 409 330 463 330 22 330 439 331 464 331 451 331 465 332 466 332 467 332 468 333 469 333 470 333 471 334 289 334 372 334 393 335 133 335 132 335 367 336 472 336 368 336 473 337 474 337 475 337 100 338 418 338 169 338 473 339 475 339 457 339 255 340 217 340 362 340 476 341 477 341 478 341 201 342 479 342 69 342 332 343 413 343 480 343 481 344 409 344 408 344 424 345 482 345 425 345 483 346 484 346 485 346 486 347 487 347 211 347 488 348 469 348 468 348 474 349 489 349 490 349 466 350 491 350 467 350 453 351 492 351 454 351 493 352 428 352 380 352 494 353 495 353 193 353 496 354 484 354 483 354 497 355 498 355 499 355 500 356 429 356 381 356 486 357 501 357 487 357 502 358 476 358 478 358 503 359 491 359 466 359 504 360 489 360 474 360 455 361 505 361 418 361 488 362 506 362 469 362 507 363 407 363 412 363 387 364 508 364 430 364 403 365 431 365 405 365 394 366 427 366 411 366 172 367 268 367 317 367 509 368 510 368 125 368 511 369 512 369 513 369 275 370 357 370 276 370 514 371 359 371 361 371 45 372 459 372 46 372 413 373 187 373 480 373 198 374 33 374 515 374 432 375 439 375 405 375 404 376 403 376 327 376 208 377 59 377 254 377 332 378 421 378 245 378 516 379 517 379 518 379 275 380 519 380 357 380 514 381 520 381 359 381 521 382 343 382 344 382 288 383 522 383 372 383 523 384 126 384 314 384 204 385 346 385 524 385 10 386 9 386 525 386 55 387 156 387 526 387 361 388 371 388 511 388 349 389 171 389 527 389 193 390 495 390 194 390 528 391 529 391 530 391 370 392 358 392 202 392 371 393 360 393 203 393 531 394 433 394 357 394 434 395 532 395 435 395 533 396 438 396 359 396 436 397 534 397 437 397 535 398 536 398 537 398 404 399 327 399 285 399 536 400 538 400 537 400 472 401 539 401 368 401 522 402 444 402 372 402 402 403 404 403 354 403 376 404 424 404 423 404 495 405 483 405 540 405 439 406 541 406 464 406 237 407 497 407 306 407 542 408 523 408 314 408 441 409 431 409 403 409 289 410 543 410 290 410 544 411 545 411 546 411 521 412 344 412 212 412 547 413 548 413 449 413 422 414 94 414 245 414 549 415 550 415 551 415 81 416 409 416 22 416 528 417 519 417 275 417 552 418 412 418 385 418 553 419 520 419 514 419 554 420 523 420 542 420 555 421 556 421 57 421 112 422 408 422 81 422 557 423 558 423 523 423 559 424 398 424 560 424 107 425 114 425 163 425 307 426 453 426 561 426 40 427 380 427 216 427 562 428 381 428 177 428 563 429 455 429 564 429 519 430 531 430 357 430 532 431 236 431 435 431 520 432 533 432 359 432 534 433 565 433 437 433 566 434 567 434 568 434 523 435 558 435 126 435 569 436 570 436 571 436 32 437 454 437 450 437 133 438 393 438 395 438 546 439 545 439 266 439 572 440 443 440 441 440 573 441 560 441 400 441 574 442 575 442 576 442 517 443 577 443 518 443 578 444 579 444 557 444 580 445 310 445 581 445 582 446 583 446 584 446 585 447 586 447 548 447 528 448 484 448 519 448 552 449 489 449 412 449 553 450 491 450 520 450 559 451 587 451 398 451 289 452 588 452 543 452 180 453 435 453 342 453 544 454 589 454 545 454 482 455 590 455 425 455 460 456 591 456 459 456 560 457 398 457 400 457 112 458 543 458 408 458 557 459 523 459 554 459 192 460 374 460 217 460 592 461 593 461 594 461 595 462 596 462 597 462 479 463 488 463 69 463 598 464 599 464 600 464 577 465 589 465 544 465 557 466 554 466 451 466 601 467 602 467 587 467 603 468 580 468 581 468 307 469 604 469 453 469 557 470 579 470 558 470 40 471 605 471 380 471 237 472 606 472 497 472 562 473 607 473 381 473 608 474 609 474 213 474 563 475 610 475 455 475 611 476 612 476 123 476 566 477 546 477 613 477 508 478 563 478 430 478 614 479 615 479 616 479 617 480 481 480 408 480 589 481 618 481 175 481 619 482 620 482 463 482 492 483 621 483 454 483 10 484 622 484 623 484 493 485 624 485 428 485 625 486 531 486 519 486 626 487 494 487 193 487 627 488 496 488 483 488 532 489 628 489 236 489 498 490 629 490 499 490 500 491 630 491 429 491 631 492 503 492 466 492 632 493 504 493 474 493 633 494 502 494 478 494 634 495 533 495 520 495 635 496 507 496 412 496 505 497 636 497 418 497 506 498 637 498 469 498 638 499 639 499 49 499 534 500 640 500 565 500 501 501 641 501 487 501 13 502 642 502 643 502 644 503 645 503 646 503 459 504 424 504 376 504 647 505 648 505 649 505 146 506 19 506 388 506 402 507 572 507 441 507 164 508 650 508 335 508 353 509 572 509 402 509 614 510 616 510 548 510 576 511 594 511 569 511 651 512 471 512 372 512 652 513 653 513 654 513 591 514 482 514 424 514 592 515 594 515 576 515 551 516 550 516 649 516 431 517 444 517 522 517 655 518 656 518 657 518 176 519 658 519 139 519 657 520 659 520 660 520 595 521 597 521 661 521 575 522 592 522 576 522 647 523 662 523 648 523 586 524 614 524 548 524 585 525 548 525 547 525 592 526 663 526 593 526 601 527 587 527 559 527 541 528 664 528 464 528 665 529 666 529 618 529 432 530 541 530 439 530 667 531 618 531 577 531 159 532 282 532 668 532 474 533 490 533 475 533 485 534 484 534 528 534 490 535 489 535 552 535 467 536 491 536 553 536 488 537 468 537 67 537 518 538 566 538 568 538 614 539 669 539 615 539 670 540 671 540 141 540 234 541 672 541 235 541 673 542 674 542 675 542 591 543 424 543 459 543 676 544 677 544 678 544 679 545 680 545 659 545 681 546 682 546 683 546 462 547 461 547 205 547 665 548 618 548 667 548 665 549 667 549 684 549 618 550 666 550 175 550 685 551 686 551 687 551 554 552 542 552 328 552 688 553 689 553 28 553 578 554 690 554 579 554 691 555 692 555 693 555 315 556 376 556 694 556 695 557 696 557 538 557 675 558 697 558 292 558 698 559 582 559 584 559 370 560 202 560 109 560 371 561 203 561 699 561 700 562 689 562 688 562 544 563 546 563 566 563 252 564 701 564 366 564 702 565 703 565 704 565 705 566 690 566 578 566 464 567 578 567 451 567 706 568 574 568 576 568 74 569 652 569 654 569 596 570 707 570 597 570 708 571 709 571 697 571 622 572 710 572 623 572 602 573 711 573 587 573 712 574 713 574 131 574 642 575 714 575 643 575 645 576 715 576 646 576 716 577 717 577 190 577 705 578 578 578 464 578 599 579 718 579 600 579 577 580 618 580 589 580 656 581 679 581 657 581 719 582 665 582 684 582 679 583 720 583 680 583 443 584 651 584 444 584 681 585 721 585 682 585 516 586 518 586 568 586 722 587 655 587 657 587 583 588 77 588 584 588 585 589 547 589 723 589 689 590 145 590 28 590 653 591 681 591 654 591 724 592 673 592 675 592 725 593 726 593 598 593 691 594 727 594 692 594 728 595 729 595 730 595 290 596 543 596 112 596 561 597 453 597 32 597 564 598 455 598 100 598 563 599 564 599 731 599 732 600 733 600 684 600 734 601 735 601 736 601 702 602 737 602 703 602 663 603 691 603 593 603 677 604 738 604 678 604 739 605 740 605 741 605 669 606 702 606 615 606 742 607 713 607 712 607 708 608 743 608 709 608 672 609 744 609 235 609 664 610 705 610 464 610 745 611 717 611 716 611 746 612 747 612 748 612 686 613 749 613 687 613 674 614 708 614 675 614 597 615 750 615 391 615 751 616 752 616 744 616 155 617 685 617 687 617 753 618 726 618 725 618 583 619 728 619 730 619 754 620 755 620 756 620 315 621 589 621 175 621 733 622 757 622 684 622 216 623 168 623 758 623 603 624 759 624 580 624 258 625 760 625 761 625 554 626 383 626 451 626 762 627 676 627 678 627 578 628 557 628 451 628 757 629 719 629 684 629 444 630 651 630 372 630 763 631 764 631 765 631 490 632 552 632 162 632 754 633 766 633 755 633 724 634 392 634 121 634 719 635 767 635 665 635 140 636 517 636 516 636 370 637 109 637 111 637 577 638 544 638 518 638 768 639 769 639 765 639 548 640 616 640 449 640 740 641 770 641 741 641 679 642 659 642 657 642 488 643 67 643 69 643 771 644 772 644 773 644 729 645 754 645 730 645 774 646 226 646 155 646 431 647 522 647 432 647 480 648 187 648 186 648 775 649 393 649 776 649 769 650 777 650 765 650 705 651 778 651 690 651 779 652 718 652 599 652 699 653 203 653 65 653 109 654 202 654 87 654 667 655 577 655 517 655 561 656 32 656 62 656 666 657 44 657 175 657 725 658 598 658 600 658 672 659 751 659 744 659 772 660 780 660 773 660 781 661 413 661 782 661 471 662 588 662 289 662 783 663 775 663 776 663 784 664 785 664 719 664 427 665 394 665 786 665 681 666 683 666 654 666 665 667 767 667 666 667 691 668 693 668 593 668 563 669 731 669 430 669 664 670 787 670 705 670 702 671 704 671 615 671 764 672 768 672 765 672 784 673 719 673 757 673 708 674 697 674 675 674 730 675 756 675 788 675 789 676 672 676 234 676 779 677 599 677 340 677 588 678 617 678 543 678 790 679 781 679 782 679 719 680 785 680 767 680 543 681 617 681 408 681 137 682 791 682 61 682 0 683 698 683 1 683 791 684 792 684 61 684 699 685 65 685 79 685 793 686 603 686 794 686 107 687 242 687 795 687 789 688 234 688 55 688 796 689 757 689 733 689 722 690 660 690 184 690 797 691 798 691 15 691 774 692 799 692 227 692 775 693 137 693 394 693 800 694 685 694 154 694 801 695 802 695 789 695 726 696 746 696 333 696 803 697 676 697 319 697 70 698 804 698 171 698 587 699 805 699 398 699 722 700 657 700 660 700 753 701 747 701 746 701 428 702 806 702 255 702 429 703 248 703 804 703 476 704 466 704 465 704 469 705 807 705 470 705 49 706 611 706 50 706 707 707 750 707 597 707 16 708 772 708 771 708 774 709 227 709 226 709 808 710 809 710 810 710 811 711 574 711 706 711 327 712 403 712 405 712 812 713 574 713 811 713 813 714 809 714 808 714 814 715 655 715 815 715 816 716 652 716 817 716 818 717 642 717 819 717 820 718 821 718 822 718 823 719 645 719 824 719 825 720 676 720 803 720 826 721 701 721 252 721 817 722 652 722 74 722 827 723 828 723 798 723 815 724 655 724 722 724 829 725 802 725 801 725 830 726 685 726 800 726 831 727 832 727 59 727 833 728 622 728 834 728 835 729 799 729 774 729 783 730 791 730 775 730 711 731 805 731 587 731 836 732 47 732 837 732 430 733 731 733 127 733 742 734 838 734 713 734 824 735 645 735 644 735 819 736 642 736 13 736 4 737 839 737 34 737 745 738 840 738 717 738 841 739 734 739 842 739 843 740 844 740 760 740 841 741 735 741 734 741 834 742 622 742 10 742 845 743 846 743 753 743 16 744 798 744 772 744 827 745 798 745 797 745 847 746 848 746 718 746 836 747 849 747 47 747 777 748 596 748 595 748 835 749 850 749 799 749 792 750 831 750 61 750 775 751 791 751 137 751 770 752 851 752 827 752 753 753 746 753 726 753 830 754 686 754 685 754 829 755 852 755 802 755 766 756 740 756 739 756 428 757 255 757 215 757 429 758 804 758 70 758 729 759 350 759 754 759 825 760 677 760 676 760 476 761 465 761 477 761 582 762 728 762 583 762 821 763 673 763 724 763 759 764 853 764 841 764 754 765 756 765 730 765 616 766 854 766 447 766 820 767 855 767 821 767 856 768 857 768 698 768 781 769 764 769 187 769 793 770 858 770 603 770 409 771 619 771 463 771 775 772 394 772 393 772 752 773 859 773 836 773 753 774 846 774 747 774 749 775 860 775 835 775 743 776 861 776 830 776 621 777 862 777 454 777 863 778 799 778 794 778 15 779 798 779 16 779 738 780 864 780 829 780 813 781 865 781 809 781 624 782 806 782 428 782 484 783 625 783 519 783 806 784 626 784 193 784 495 785 627 785 483 785 628 786 237 786 236 786 629 787 562 787 499 787 630 788 248 788 429 788 476 789 631 789 466 789 473 790 632 790 474 790 213 791 633 791 478 791 491 792 634 792 520 792 489 793 635 793 412 793 636 794 419 794 418 794 637 795 807 795 469 795 639 796 611 796 49 796 640 797 473 797 565 797 641 798 608 798 487 798 831 799 59 799 61 799 812 800 866 800 574 800 798 801 828 801 772 801 674 802 867 802 708 802 737 803 868 803 825 803 669 804 869 804 702 804 727 805 870 805 820 805 827 806 851 806 828 806 816 807 24 807 652 807 586 808 871 808 614 808 814 809 872 809 655 809 663 810 873 810 691 810 874 811 875 811 585 811 575 812 160 812 592 812 818 813 876 813 642 813 823 814 877 814 645 814 754 815 350 815 766 815 604 816 492 816 453 816 605 817 493 817 380 817 606 818 498 818 497 818 607 819 500 819 381 819 609 820 633 820 213 820 494 821 627 821 495 821 878 822 501 822 486 822 503 823 634 823 491 823 504 824 635 824 489 824 637 825 879 825 807 825 496 826 625 826 484 826 433 827 301 827 358 827 39 828 605 828 40 828 610 829 505 829 455 829 481 830 619 830 409 830 438 831 302 831 360 831 880 832 881 832 113 832 624 833 626 833 806 833 106 834 200 834 242 834 639 835 612 835 611 835 882 836 378 836 147 836 612 837 883 837 123 837 640 838 632 838 473 838 628 839 606 839 237 839 629 840 607 840 562 840 621 841 884 841 862 841 479 842 506 842 488 842 7 843 436 843 35 843 641 844 609 844 608 844 502 845 631 845 476 845 885 846 460 846 45 846 630 847 886 847 248 847 507 848 887 848 407 848 636 849 888 849 419 849 889 850 434 850 180 850 89 851 890 851 66 851 891 852 604 852 307 852 86 853 650 853 164 853 508 854 610 854 563 854 711 855 892 855 818 855 721 856 893 856 813 856 227 857 799 857 863 857 720 858 894 858 812 858 781 859 187 859 413 859 841 860 853 860 735 860 653 861 895 861 681 861 656 862 896 862 679 862 701 863 897 863 601 863 828 864 780 864 772 864 698 865 857 865 582 865 833 866 898 866 622 866 154 867 685 867 155 867 790 868 768 868 781 868 799 869 850 869 794 869 826 870 899 870 701 870 603 871 858 871 759 871 715 872 25 872 816 872 832 873 165 873 826 873 714 874 900 874 814 874 707 875 901 875 833 875 836 876 859 876 849 876 831 877 166 877 832 877 835 878 860 878 850 878 802 879 852 879 751 879 593 880 693 880 149 880 710 881 902 881 823 881 615 882 704 882 854 882 781 883 768 883 764 883 783 884 903 884 791 884 602 885 345 885 711 885 830 886 861 886 686 886 596 887 195 887 707 887 829 888 864 888 852 888 838 889 904 889 783 889 742 890 905 890 838 890 708 891 867 891 743 891 840 892 906 892 742 892 821 893 855 893 673 893 777 894 196 894 596 894 825 895 868 895 677 895 745 896 512 896 840 896 907 897 908 897 745 897 702 898 869 898 737 898 792 899 116 899 831 899 796 900 733 900 658 900 593 901 149 901 594 901 820 902 870 902 855 902 844 903 909 903 907 903 747 904 910 904 843 904 614 905 871 905 669 905 843 906 911 906 844 906 615 907 854 907 616 907 691 908 873 908 727 908 585 909 875 909 586 909 809 910 865 910 874 910 592 911 160 911 663 911 574 912 866 912 575 912 845 913 912 913 846 913 850 914 793 914 794 914 913 915 914 915 845 915 813 916 893 916 865 916 915 917 916 917 917 917 848 918 918 918 913 918 812 919 894 919 866 919 847 920 919 920 848 920 681 921 895 921 721 921 828 922 920 922 780 922 652 923 24 923 653 923 780 924 921 924 847 924 679 925 896 925 720 925 655 926 872 926 656 926 724 927 675 927 292 927 1 928 698 928 584 928 838 929 783 929 776 929 816 930 25 930 24 930 769 931 922 931 777 931 645 932 877 932 715 932 814 933 900 933 872 933 770 934 923 934 851 934 642 935 876 935 714 935 766 936 349 936 740 936 740 937 924 937 770 937 818 938 892 938 876 938 823 939 902 939 877 939 735 940 925 940 784 940 851 941 923 941 91 941 622 942 898 942 710 942 711 943 345 943 892 943 601 944 897 944 602 944 729 945 71 945 350 945 582 946 926 946 728 946 728 947 927 947 729 947 701 948 899 948 897 948 759 949 928 949 853 949 923 950 278 950 91 950 833 951 901 951 898 951 430 952 127 952 341 952 826 953 165 953 899 953 865 954 893 954 929 954 849 955 930 955 856 955 832 956 166 956 165 956 856 957 931 957 857 957 850 958 932 958 793 958 866 959 894 959 933 959 793 960 934 960 858 960 707 961 195 961 901 961 751 962 935 962 752 962 831 963 116 963 166 963 791 964 903 964 792 964 686 965 936 965 749 965 752 966 937 966 859 966 783 967 904 967 903 967 749 968 938 968 860 968 790 969 939 969 768 969 596 970 196 970 195 970 838 971 905 971 904 971 743 972 940 972 861 972 747 973 846 973 910 973 742 974 906 974 905 974 934 975 68 975 298 975 677 976 941 976 738 976 840 977 512 977 906 977 738 978 942 978 864 978 858 979 934 979 298 979 143 980 943 980 144 980 872 981 900 981 944 981 780 982 847 982 773 982 673 983 945 983 674 983 745 984 908 984 512 984 192 985 946 985 374 985 737 986 110 986 868 986 674 987 947 987 867 987 907 988 909 988 908 988 705 989 787 989 778 989 777 990 922 990 196 990 669 991 948 991 869 991 844 992 911 992 909 992 949 993 179 993 181 993 843 994 910 994 911 994 727 995 950 995 870 995 877 996 902 996 951 996 828 997 851 997 920 997 586 998 952 998 871 998 910 999 846 999 953 999 663 1000 185 1000 873 1000 846 1001 912 1001 953 1001 947 1002 63 1002 510 1002 874 1003 954 1003 875 1003 845 1004 914 1004 912 1004 955 1005 949 1005 181 1005 575 1006 161 1006 160 1006 913 1007 918 1007 914 1007 766 1008 350 1008 349 1008 64 1009 945 1009 956 1009 848 1010 919 1010 918 1010 721 1011 946 1011 893 1011 724 1012 292 1012 392 1012 867 1013 947 1013 510 1013 847 1014 921 1014 919 1014 720 1015 943 1015 894 1015 893 1016 957 1016 929 1016 780 1017 920 1017 921 1017 916 1018 272 1018 790 1018 735 1019 853 1019 925 1019 894 1020 456 1020 933 1020 653 1021 152 1021 895 1021 582 1022 857 1022 926 1022 656 1023 958 1023 896 1023 759 1024 858 1024 928 1024 959 1025 936 1025 960 1025 777 1026 595 1026 765 1026 961 1027 935 1027 955 1027 876 1028 892 1028 962 1028 770 1029 924 1029 923 1029 114 1030 959 1030 115 1030 715 1031 963 1031 25 1031 849 1032 859 1032 930 1032 740 1033 349 1033 924 1033 714 1034 964 1034 900 1034 850 1035 860 1035 932 1035 965 1036 932 1036 966 1036 967 1037 930 1037 968 1037 900 1038 969 1038 944 1038 751 1039 852 1039 935 1039 54 1040 970 1040 156 1040 971 1041 972 1041 973 1041 974 1042 975 1042 9 1042 976 1043 977 1043 233 1043 978 1044 979 1044 318 1044 980 1045 981 1045 293 1045 982 1046 983 1046 197 1046 984 1047 421 1047 332 1047 985 1048 986 1048 448 1048 183 1049 987 1049 274 1049 988 1050 989 1050 150 1050 990 1051 991 1051 12 1051 992 1052 993 1052 311 1052 994 1053 995 1053 207 1053 996 1054 997 1054 330 1054 998 1055 999 1055 323 1055 1000 1056 1001 1056 472 1056 1002 1057 1003 1057 209 1057 1004 1058 1005 1058 37 1058 1006 1059 1007 1059 295 1059 1008 1060 1009 1060 399 1060 1010 1061 1011 1061 1012 1061 1013 1062 1014 1062 83 1062 1015 1063 1016 1063 1017 1063 1018 1064 267 1064 172 1064 1019 1065 1020 1065 167 1065 1021 1066 1022 1066 133 1066 1023 1067 1024 1067 406 1067 1025 1068 1026 1068 427 1068 158 1069 1027 1069 282 1069 1028 1070 1029 1070 1030 1070 1031 1071 1032 1071 120 1071 1033 1072 1034 1072 260 1072 1035 1073 1036 1073 305 1073 422 1074 1037 1074 94 1074 1038 1075 1039 1075 1040 1075 1041 1076 1042 1076 153 1076 1043 1077 1044 1077 176 1077 1045 1078 1046 1078 1047 1078 1048 1079 1049 1079 570 1079 1050 1080 1051 1080 96 1080 1052 1081 1053 1081 338 1081 1054 1082 1055 1082 351 1082 1056 1083 230 1083 229 1083 892 1084 99 1084 962 1084 943 1085 896 1085 144 1085 784 1086 925 1086 785 1086 686 1087 861 1087 936 1087 946 1088 895 1088 374 1088 729 1089 927 1089 71 1089 710 1090 1057 1090 902 1090 270 1091 926 1091 1058 1091 728 1092 926 1092 927 1092 602 1093 346 1093 345 1093 902 1094 1059 1094 951 1094 115 1095 959 1095 960 1095 969 1096 1060 1096 1061 1096 1062 1097 925 1097 1063 1097 743 1098 867 1098 940 1098 677 1099 868 1099 941 1099 897 1100 899 1100 1064 1100 898 1101 901 1101 199 1101 899 1102 128 1102 1064 1102 1059 1103 1065 1103 1066 1103 673 1104 855 1104 945 1104 856 1105 930 1105 931 1105 737 1106 869 1106 110 1106 901 1107 31 1107 199 1107 793 1108 932 1108 934 1108 768 1109 939 1109 769 1109 669 1110 871 1110 948 1110 727 1111 873 1111 950 1111 752 1112 935 1112 937 1112 792 1113 1067 1113 116 1113 945 1114 855 1114 956 1114 749 1115 936 1115 938 1115 586 1116 875 1116 952 1116 663 1117 160 1117 185 1117 916 1118 790 1118 782 1118 874 1119 865 1119 954 1119 575 1120 866 1120 161 1120 240 1121 918 1121 521 1121 864 1122 942 1122 949 1122 905 1123 1068 1123 1069 1123 117 1124 19 1124 146 1124 738 1125 941 1125 942 1125 936 1126 861 1126 960 1126 935 1127 852 1127 955 1127 721 1128 895 1128 946 1128 969 1129 1061 1129 944 1129 674 1130 945 1130 947 1130 720 1131 896 1131 943 1131 868 1132 110 1132 426 1132 653 1133 24 1133 152 1133 932 1134 860 1134 966 1134 790 1135 272 1135 939 1135 656 1136 872 1136 958 1136 930 1137 859 1137 968 1137 869 1138 948 1138 111 1138 904 1139 905 1139 1069 1139 870 1140 950 1140 1070 1140 715 1141 877 1141 963 1141 926 1142 857 1142 1058 1142 714 1143 876 1143 964 1143 911 1144 1071 1144 1072 1144 1059 1145 1066 1145 951 1145 925 1146 853 1146 1063 1146 871 1147 952 1147 277 1147 873 1148 185 1148 420 1148 892 1149 345 1149 99 1149 875 1150 954 1150 529 1150 602 1151 897 1151 346 1151 710 1152 898 1152 1057 1152 899 1153 165 1153 128 1153 918 1154 919 1154 521 1154 893 1155 946 1155 957 1155 894 1156 943 1156 456 1156 901 1157 195 1157 31 1157 941 1158 868 1158 426 1158 117 1159 1067 1159 283 1159 792 1160 903 1160 1067 1160 110 1161 869 1161 111 1161 909 1162 911 1162 1072 1162 923 1163 1073 1163 278 1163 905 1164 906 1164 1068 1164 25 1165 963 1165 168 1165 900 1166 964 1166 969 1166 769 1167 1074 1167 922 1167 1061 1168 1060 1168 8 1168 908 1169 909 1169 1075 1169 1059 1170 1057 1170 198 1170 948 1171 871 1171 277 1171 911 1172 910 1172 1071 1172 969 1173 964 1173 244 1173 902 1174 1057 1174 1059 1174 950 1175 873 1175 420 1175 903 1176 904 1176 1076 1176 1066 1177 1065 1177 41 1177 914 1178 918 1178 240 1178 456 1179 943 1179 143 1179 952 1180 875 1180 529 1180 957 1181 946 1181 192 1181 919 1182 921 1182 343 1182 1077 1183 1074 1183 108 1183 931 1184 967 1184 1078 1184 934 1185 965 1185 68 1185 923 1186 924 1186 1073 1186 1070 1187 950 1187 384 1187 785 1188 925 1188 1062 1188 947 1189 945 1189 64 1189 927 1190 926 1190 270 1190 931 1191 930 1191 967 1191 934 1192 932 1192 965 1192 938 1193 936 1193 959 1193 937 1194 935 1194 961 1194 937 1195 961 1195 1079 1195 116 1196 1067 1196 117 1196 949 1197 942 1197 334 1197 938 1198 959 1198 1080 1198 1067 1199 903 1199 1076 1199 949 1200 334 1200 179 1200 713 1201 838 1201 776 1201 1080 1202 114 1202 107 1202 947 1203 64 1203 63 1203 769 1204 939 1204 1074 1204 1070 1205 384 1205 48 1205 117 1206 283 1206 19 1206 1080 1207 959 1207 114 1207 969 1208 244 1208 1060 1208 278 1209 1073 1209 265 1209 1059 1210 198 1210 1065 1210 920 1211 851 1211 91 1211 954 1212 865 1212 929 1212 922 1213 1074 1213 1077 1213 161 1214 866 1214 933 1214 1071 1215 910 1215 953 1215 915 1216 273 1216 916 1216 916 1217 273 1217 272 1217 958 1218 872 1218 944 1218 1077 1219 108 1219 382 1219 666 1220 1081 1220 44 1220 963 1221 877 1221 951 1221 928 1222 858 1222 298 1222 283 1223 1067 1223 1076 1223 917 1224 916 1224 782 1224 847 1225 718 1225 773 1225 961 1226 955 1226 181 1226 384 1227 950 1227 420 1227 853 1228 928 1228 1063 1228 857 1229 931 1229 1058 1229 859 1230 937 1230 968 1230 940 1231 867 1231 510 1231 860 1232 938 1232 966 1232 861 1233 940 1233 960 1233 848 1234 913 1234 600 1234 896 1235 958 1235 144 1235 895 1236 152 1236 374 1236 664 1237 1082 1237 787 1237 852 1238 864 1238 955 1238 778 1239 27 1239 5 1239 855 1240 870 1240 956 1240 273 1241 218 1241 80 1241 964 1242 876 1242 962 1242 1058 1243 1078 1243 1083 1243 1057 1244 898 1244 199 1244 346 1245 897 1245 1064 1245 700 1246 218 1246 915 1246 968 1247 1079 1247 238 1247 666 1248 767 1248 1081 1248 541 1249 221 1249 664 1249 321 1250 760 1250 258 1250 913 1251 725 1251 600 1251 931 1252 1078 1252 1058 1252 1075 1253 909 1253 1072 1253 270 1254 1058 1254 1083 1254 915 1255 218 1255 273 1255 864 1256 949 1256 955 1256 919 1257 343 1257 521 1257 967 1258 968 1258 238 1258 937 1259 1079 1259 968 1259 545 1260 589 1260 315 1260 170 1261 1081 1261 1084 1261 938 1262 1080 1262 966 1262 706 1263 576 1263 569 1263 1082 1264 219 1264 700 1264 1084 1265 1081 1265 1085 1265 664 1266 221 1266 1082 1266 457 1267 143 1267 287 1267 870 1268 1070 1268 956 1268 1082 1269 221 1269 219 1269 796 1270 658 1270 159 1270 1076 1271 904 1271 1069 1271 700 1272 219 1272 218 1272 1081 1273 767 1273 1085 1273 198 1274 1057 1274 199 1274 244 1275 964 1275 962 1275 432 1276 222 1276 541 1276 778 1277 787 1277 27 1277 770 1278 827 1278 741 1278 140 1279 516 1279 670 1279 785 1280 1062 1280 1085 1280 888 1281 6 1281 246 1281 126 1282 558 1282 56 1282 766 1283 739 1283 755 1283 801 1284 762 1284 678 1284 44 1285 1081 1285 170 1285 650 1286 1086 1286 335 1286 767 1287 785 1287 1085 1287 541 1288 222 1288 221 1288 638 1289 49 1289 377 1289 432 1290 522 1290 222 1290 718 1291 848 1291 600 1291 566 1292 613 1292 567 1292 550 1293 647 1293 649 1293 760 1294 844 1294 761 1294 1082 1295 700 1295 688 1295 613 1296 546 1296 103 1296 774 1297 155 1297 687 1297 319 1298 676 1298 762 1298 27 1299 787 1299 688 1299 845 1300 753 1300 725 1300 13 1301 12 1301 1087 1301 759 1302 841 1302 580 1302 667 1303 732 1303 684 1303 595 1304 661 1304 763 1304 752 1305 836 1305 744 1305 907 1306 745 1306 716 1306 840 1307 742 1307 712 1307 749 1308 835 1308 687 1308 747 1309 843 1309 748 1309 827 1310 797 1310 741 1310 222 1311 522 1311 288 1311 787 1312 1082 1312 688 1312 743 1313 830 1313 709 1313 735 1314 784 1314 736 1314 738 1315 829 1315 678 1315 595 1316 763 1316 765 1316 580 1317 842 1317 310 1317 737 1318 825 1318 703 1318 727 1319 820 1319 692 1319 732 1320 517 1320 140 1320 616 1321 447 1321 449 1321 8 1322 1060 1322 246 1322 810 1323 809 1323 723 1323 874 1324 585 1324 723 1324 773 1325 718 1325 779 1325 794 1326 603 1326 581 1326 721 1327 813 1327 682 1327 720 1328 812 1328 680 1328 748 1329 760 1329 321 1329 844 1330 907 1330 761 1330 715 1331 816 1331 646 1331 714 1332 814 1332 643 1332 821 1333 724 1333 121 1333 841 1334 842 1334 580 1334 570 1335 569 1335 1088 1335 701 1336 601 1336 366 1336 1039 1337 1089 1337 17 1337 1055 1338 1019 1338 73 1338 972 1339 976 1339 1090 1339 1014 1340 998 1340 232 1340 993 1341 1045 1341 312 1341 1046 1342 1091 1342 228 1342 1027 1343 992 1343 1092 1343 989 1344 1048 1344 151 1344 1032 1345 988 1345 462 1345 1049 1346 1028 1346 571 1346 1003 1347 1025 1347 210 1347 1005 1348 1054 1348 38 1348 975 1349 1056 1349 1093 1349 583 1350 788 1350 77 1350 710 1351 823 1351 623 1351 736 1352 757 1352 796 1352 711 1353 818 1353 805 1353 739 1354 82 1354 755 1354 707 1355 833 1355 750 1355 756 1356 755 1356 84 1356 789 1357 802 1357 672 1357 913 1358 845 1358 725 1358 564 1359 100 1359 204 1359 1094 1360 973 1360 2 1360 667 1361 517 1361 732 1361 388 1362 19 1362 18 1362 856 1363 698 1363 0 1363 700 1364 915 1364 689 1364 47 1365 849 1365 0 1365 836 1366 837 1366 744 1366 583 1367 730 1367 788 1367 835 1368 774 1368 687 1368 717 1369 840 1369 712 1369 843 1370 760 1370 748 1370 654 1371 683 1371 75 1371 196 1372 922 1372 369 1372 10 1373 623 1373 42 1373 13 1374 643 1374 14 1374 830 1375 800 1375 709 1375 644 1376 646 1376 136 1376 1015 1377 1017 1377 76 1377 1010 1378 1012 1378 1095 1378 1008 1379 399 1379 1096 1379 980 1380 293 1380 339 1380 1050 1381 96 1381 98 1381 1004 1382 37 1382 1097 1382 971 1383 973 1383 1094 1383 978 1384 318 1384 320 1384 1018 1385 172 1385 174 1385 1006 1386 295 1386 297 1386 829 1387 801 1387 678 1387 741 1388 797 1388 1098 1388 784 1389 757 1389 736 1389 211 1390 487 1390 344 1390 561 1391 62 1391 369 1391 825 1392 803 1392 703 1392 512 1393 511 1393 1099 1393 27 1394 688 1394 28 1394 1084 1395 807 1395 224 1395 820 1396 822 1396 692 1396 671 1397 670 1397 1100 1397 34 1398 839 1398 536 1398 174 1399 173 1399 1101 1399 761 1400 907 1400 716 1400 809 1401 874 1401 723 1401 771 1402 773 1402 779 1402 34 1403 536 1403 535 1403 601 1404 559 1404 366 1404 644 1405 136 1405 364 1405 813 1406 808 1406 682 1406 812 1407 811 1407 680 1407 689 1408 917 1408 145 1408 554 1409 328 1409 383 1409 1102 1410 878 1410 279 1410 1 1411 584 1411 299 1411 863 1412 794 1412 581 1412 739 1413 1098 1413 82 1413 816 1414 817 1414 646 1414 814 1415 815 1415 643 1415 796 1416 159 1416 668 1416 544 1417 566 1417 518 1417 823 1418 824 1418 623 1418 822 1419 821 1419 121 1419 818 1420 819 1420 805 1420 734 1421 736 1421 668 1421 646 1422 817 1422 136 1422 643 1423 815 1423 14 1423 833 1424 834 1424 750 1424 623 1425 824 1425 42 1425 739 1426 741 1426 1098 1426 802 1427 751 1427 672 1427 695 1428 538 1428 536 1428 839 1429 695 1429 536 1429 697 1430 709 1430 337 1430 915 1431 917 1431 689 1431 34 1432 535 1432 446 1432 1040 1433 1039 1433 17 1433 1019 1434 167 1434 73 1434 976 1435 233 1435 1090 1435 351 1436 1055 1436 73 1436 973 1437 972 1437 1090 1437 998 1438 323 1438 232 1438 83 1439 1014 1439 232 1439 1047 1440 1046 1440 228 1440 1045 1441 1047 1441 312 1441 992 1442 311 1442 1092 1442 311 1443 993 1443 312 1443 282 1444 1027 1444 1092 1444 1048 1445 570 1445 151 1445 988 1446 150 1446 462 1446 209 1447 1003 1447 210 1447 150 1448 989 1448 151 1448 120 1449 1032 1449 462 1449 570 1450 1049 1450 571 1450 1028 1451 1030 1451 571 1451 1025 1452 427 1452 210 1452 37 1453 1005 1453 38 1453 1054 1454 351 1454 38 1454 9 1455 975 1455 1093 1455 1056 1456 229 1456 1093 1456 922 1457 1077 1457 369 1457 529 1458 528 1458 347 1458 849 1459 856 1459 0 1459 661 1460 391 1460 231 1460 1103 1461 1104 1461 1105 1461 704 1462 703 1462 173 1462 1106 1463 1107 1463 1108 1463 1109 1464 1015 1464 76 1464 1110 1465 1010 1465 1095 1465 991 1466 1008 1466 1096 1466 1053 1467 980 1467 339 1467 1029 1468 1050 1468 98 1468 1016 1469 971 1469 1094 1469 1007 1470 1004 1470 1097 1470 970 1471 978 1471 320 1471 979 1472 1018 1472 174 1472 986 1473 1006 1473 297 1473 693 1474 692 1474 461 1474 376 1475 423 1475 694 1475 1104 1476 1103 1476 256 1476 1107 1477 1106 1477 313 1477 59 1478 832 1478 254 1478 826 1479 252 1479 254 1479 683 1480 682 1480 36 1480 659 1481 680 1481 97 1481 755 1482 82 1482 84 1482 884 1483 51 1483 325 1483 661 1484 597 1484 391 1484 744 1485 837 1485 235 1485 939 1486 272 1486 23 1486 108 1487 1074 1487 23 1487 76 1488 1017 1488 299 1488 723 1489 547 1489 296 1489 1111 1490 1112 1490 284 1490 1112 1491 1111 1491 1113 1491 944 1492 1061 1492 373 1492 447 1493 854 1493 268 1493 144 1494 958 1494 373 1494 343 1495 921 1495 90 1495 333 1496 1095 1496 1114 1496 882 1497 147 1497 388 1497 258 1498 761 1498 259 1498 920 1499 91 1499 90 1499 485 1500 528 1500 530 1500 716 1501 190 1501 259 1501 999 1502 1109 1502 78 1502 323 1503 999 1503 78 1503 1104 1504 1111 1504 286 1504 1102 1505 279 1505 249 1505 185 1506 162 1506 1115 1506 41 1507 1065 1507 325 1507 462 1508 150 1508 178 1508 782 1509 413 1509 324 1509 1103 1510 1106 1510 1116 1510 290 1511 112 1511 220 1511 82 1512 1098 1512 300 1512 1105 1513 1104 1513 286 1513 1111 1514 1104 1514 102 1514 333 1515 746 1515 329 1515 709 1516 800 1516 337 1516 145 1517 917 1517 324 1517 142 1518 437 1518 287 1518 699 1519 1068 1519 1117 1519 483 1520 485 1520 540 1520 137 1521 60 1521 786 1521 113 1522 281 1522 124 1522 703 1523 803 1523 173 1523 260 1524 1034 1524 257 1524 736 1525 796 1525 668 1525 448 1526 986 1526 297 1526 318 1527 979 1527 174 1527 156 1528 970 1528 320 1528 12 1529 991 1529 1096 1529 338 1530 1053 1530 339 1530 1030 1531 1029 1531 98 1531 1017 1532 1016 1532 1094 1532 295 1533 1007 1533 1097 1533 138 1534 68 1534 1118 1534 692 1535 822 1535 461 1535 539 1536 253 1536 368 1536 419 1537 888 1537 246 1537 213 1538 478 1538 214 1538 407 1539 887 1539 377 1539 810 1540 723 1540 296 1540 789 1541 55 1541 526 1541 1080 1542 107 1542 795 1542 837 1543 47 1543 414 1543 965 1544 966 1544 795 1544 996 1545 330 1545 322 1545 1119 1546 567 1546 1120 1546 281 1547 509 1547 125 1547 382 1548 463 1548 309 1548 682 1549 808 1549 36 1549 680 1550 811 1550 97 1550 60 1551 427 1551 786 1551 1121 1552 1112 1552 1122 1552 832 1553 826 1553 254 1553 306 1554 497 1554 1123 1554 762 1555 801 1555 526 1555 1106 1556 1108 1556 1116 1556 1112 1557 1121 1557 1124 1557 1073 1558 924 1558 527 1558 256 1559 1103 1559 1116 1559 748 1560 321 1560 329 1560 1095 1561 1012 1561 1114 1561 74 1562 654 1562 75 1562 406 1563 1024 1563 11 1563 974 1564 9 1564 11 1564 190 1565 717 1565 191 1565 1034 1566 1125 1566 257 1566 1074 1567 939 1567 23 1567 1104 1568 256 1568 102 1568 560 1569 573 1569 1126 1569 364 1570 136 1570 135 1570 207 1571 995 1571 189 1571 1033 1572 260 1572 189 1572 1095 1573 333 1573 331 1573 929 1574 957 1574 1127 1574 763 1575 661 1575 1128 1575 958 1576 944 1576 373 1576 463 1577 620 1577 309 1577 311 1578 310 1578 1129 1578 1113 1579 1111 1579 102 1579 1109 1580 76 1580 78 1580 448 1581 447 1581 1130 1581 921 1582 920 1582 90 1582 951 1583 1066 1583 758 1583 168 1584 963 1584 758 1584 1125 1585 996 1585 322 1585 325 1586 1065 1586 515 1586 1037 1587 3 1587 29 1587 171 1588 804 1588 527 1588 1096 1589 399 1589 442 1589 712 1590 131 1590 191 1590 546 1591 266 1591 103 1591 352 1592 354 1592 1131 1592 240 1593 521 1593 212 1593 658 1594 176 1594 379 1594 140 1595 670 1595 141 1595 1116 1596 1120 1596 1132 1596 169 1597 419 1597 243 1597 1111 1598 284 1598 286 1598 811 1599 706 1599 390 1599 125 1600 63 1600 95 1600 545 1601 315 1601 694 1601 319 1602 762 1602 416 1602 957 1603 540 1603 1127 1603 279 1604 265 1604 249 1604 880 1605 113 1605 124 1605 123 1606 883 1606 124 1606 726 1607 333 1607 1114 1607 581 1608 310 1608 417 1608 1079 1609 961 1609 342 1609 1035 1610 305 1610 30 1610 50 1611 64 1611 134 1611 66 1612 890 1612 18 1612 366 1613 559 1613 367 1613 1112 1614 1113 1614 1122 1614 284 1615 1112 1615 1124 1615 257 1616 1125 1616 322 1616 761 1617 716 1617 259 1617 878 1618 486 1618 279 1618 1024 1619 974 1619 11 1619 36 1620 808 1620 239 1620 330 1621 997 1621 331 1621 990 1622 12 1622 43 1622 274 1623 987 1623 43 1623 564 1624 204 1624 524 1624 17 1625 1089 1625 30 1625 159 1626 658 1626 379 1626 281 1627 115 1627 509 1627 683 1628 36 1628 206 1628 917 1629 782 1629 324 1629 340 1630 599 1630 1133 1630 1083 1631 499 1631 271 1631 246 1632 1060 1632 243 1632 995 1633 1033 1633 189 1633 96 1634 1051 1634 401 1634 658 1635 733 1635 139 1635 584 1636 77 1636 299 1636 314 1637 313 1637 1134 1637 1114 1638 1012 1638 1133 1638 756 1639 84 1639 251 1639 361 1640 511 1640 1135 1640 292 1641 697 1641 445 1641 561 1642 369 1642 308 1642 806 1643 193 1643 217 1643 1097 1644 37 1644 239 1644 842 1645 734 1645 1136 1645 1116 1646 1108 1646 1120 1646 746 1647 748 1647 329 1647 499 1648 562 1648 271 1648 184 1649 274 1649 326 1649 862 1650 884 1650 325 1650 133 1651 1022 1651 130 1651 994 1652 207 1652 130 1652 55 1653 234 1653 303 1653 334 1654 942 1654 1137 1654 941 1655 426 1655 1137 1655 68 1656 965 1656 1118 1656 966 1657 1080 1657 795 1657 184 1658 660 1658 401 1658 1108 1659 1107 1659 1138 1659 304 1660 1031 1660 122 1660 131 1661 713 1661 132 1661 1107 1662 313 1662 1139 1662 807 1663 879 1663 224 1663 369 1664 1077 1664 308 1664 984 1665 332 1665 480 1665 94 1666 1037 1666 29 1666 398 1667 805 1667 442 1667 423 1668 425 1668 1140 1668 115 1669 960 1669 509 1669 153 1670 1042 1670 365 1670 1052 1671 338 1671 365 1671 528 1672 275 1672 347 1672 209 1673 253 1673 539 1673 1020 1674 363 1674 135 1674 940 1675 510 1675 509 1675 763 1676 1128 1676 188 1676 569 1677 594 1677 1088 1677 776 1678 393 1678 132 1678 797 1679 15 1679 316 1679 891 1680 307 1680 309 1680 807 1681 1084 1681 1141 1681 113 1682 881 1682 163 1682 661 1683 231 1683 1128 1683 1110 1684 1095 1684 331 1684 924 1685 349 1685 527 1685 551 1686 649 1686 1119 1686 346 1687 1064 1687 524 1687 1142 1688 882 1688 388 1688 253 1689 252 1689 368 1689 973 1690 1090 1690 414 1690 233 1691 235 1691 1143 1691 862 1692 325 1692 515 1692 1068 1693 699 1693 1144 1693 472 1694 1001 1694 539 1694 1002 1695 209 1695 539 1695 42 1696 824 1696 458 1696 419 1697 246 1697 243 1697 279 1698 486 1698 92 1698 261 1699 1038 1699 262 1699 1107 1700 1145 1700 1138 1700 1145 1701 1107 1701 1139 1701 967 1702 238 1702 306 1702 136 1703 817 1703 93 1703 808 1704 810 1704 239 1704 50 1705 611 1705 95 1705 889 1706 180 1706 396 1706 340 1707 1133 1707 263 1707 296 1708 547 1708 336 1708 120 1709 462 1709 205 1709 1089 1710 1035 1710 30 1710 801 1711 789 1711 526 1711 1062 1712 470 1712 1141 1712 335 1713 1086 1713 396 1713 153 1714 226 1714 264 1714 1070 1715 48 1715 134 1715 732 1716 140 1716 139 1716 64 1717 956 1717 134 1717 319 1718 318 1718 1101 1718 671 1719 1043 1719 141 1719 1103 1720 1105 1720 1134 1720 954 1721 929 1721 530 1721 555 1722 57 1722 415 1722 313 1723 1106 1723 1134 1723 997 1724 1110 1724 331 1724 225 1725 885 1725 52 1725 1066 1726 41 1726 348 1726 963 1727 951 1727 758 1727 987 1728 990 1728 43 1728 248 1729 886 1729 249 1729 14 1730 815 1730 326 1730 644 1731 364 1731 458 1731 233 1732 977 1732 303 1732 704 1733 173 1733 317 1733 391 1734 750 1734 1146 1734 731 1735 564 1735 524 1735 1096 1736 442 1736 1087 1736 659 1737 97 1737 250 1737 649 1738 648 1738 1147 1738 149 1739 693 1739 178 1739 981 1740 304 1740 294 1740 1128 1741 197 1741 188 1741 1142 1742 388 1742 18 1742 565 1743 473 1743 457 1743 197 1744 983 1744 186 1744 717 1745 712 1745 191 1745 1011 1746 261 1746 263 1746 298 1747 67 1747 1148 1747 223 1748 290 1748 220 1748 512 1749 908 1749 513 1749 670 1750 516 1750 1149 1750 1051 1751 182 1751 401 1751 187 1752 764 1752 188 1752 887 1753 638 1753 377 1753 1021 1754 133 1754 395 1754 426 1755 375 1755 1137 1755 56 1756 538 1756 415 1756 490 1757 162 1757 452 1757 538 1758 696 1758 415 1758 266 1759 545 1759 694 1759 927 1760 270 1760 72 1760 277 1761 952 1761 347 1761 750 1762 834 1762 1146 1762 300 1763 1098 1763 316 1763 244 1764 962 1764 101 1764 1119 1765 1120 1765 1150 1765 22 1766 463 1766 1151 1766 822 1767 121 1767 205 1767 1068 1768 906 1768 1099 1768 662 1769 671 1769 1100 1769 1041 1770 153 1770 264 1770 497 1771 499 1771 1123 1771 722 1772 184 1772 326 1772 268 1773 854 1773 317 1773 1085 1774 1062 1774 1141 1774 778 1775 5 1775 446 1775 928 1776 298 1776 1148 1776 961 1777 181 1777 342 1777 228 1778 1091 1778 264 1778 363 1779 1023 1779 397 1779 252 1780 366 1780 368 1780 1009 1781 573 1781 400 1781 779 1782 340 1782 1152 1782 427 1783 1026 1783 411 1783 985 1784 448 1784 1130 1784 87 1785 375 1785 119 1785 285 1786 284 1786 1153 1786 305 1787 1036 1787 356 1787 170 1788 1084 1788 224 1788 1000 1789 472 1789 1126 1789 229 1790 391 1790 1146 1790 118 1791 148 1791 129 1791 176 1792 1044 1792 379 1792 1013 1793 83 1793 356 1793 1063 1794 928 1794 1148 1794 56 1795 558 1795 537 1795 538 1796 56 1796 537 1796 559 1797 560 1797 367 1797 982 1798 197 1798 1154 1798 1155 1799 352 1799 1131 1799 590 1800 1155 1800 1156 1800 598 1801 726 1801 1114 1801 1157 1802 549 1802 1158 1802 556 1803 1157 1803 1159 1803 1022 1804 994 1804 130 1804 475 1805 490 1805 452 1805 1 1806 299 1806 269 1806 312 1807 1047 1807 417 1807 97 1808 811 1808 390 1808 231 1809 280 1809 1154 1809 337 1810 800 1810 440 1810 458 1811 364 1811 397 1811 77 1812 788 1812 241 1812 265 1813 1073 1813 247 1813 1120 1814 613 1814 1132 1814 1031 1815 120 1815 122 1815 2 1816 973 1816 414 1816 307 1817 561 1817 308 1817 1160 1818 984 1818 480 1818 511 1819 513 1819 1135 1819 1073 1820 527 1820 247 1820 1063 1821 1148 1821 1161 1821 1042 1822 1052 1822 365 1822 371 1823 699 1823 1117 1823 1094 1824 2 1824 269 1824 167 1825 1020 1825 135 1825 83 1826 300 1826 356 1826 310 1827 842 1827 1129 1827 524 1828 1064 1828 355 1828 1077 1829 382 1829 308 1829 470 1830 807 1830 1141 1830 499 1831 1083 1831 1123 1831 805 1832 819 1832 442 1832 487 1833 608 1833 344 1833 1030 1834 98 1834 390 1834 1061 1835 8 1835 410 1835 161 1836 933 1836 452 1836 486 1837 211 1837 92 1837 109 1838 87 1838 119 1838 255 1839 806 1839 217 1839 111 1840 948 1840 1162 1840 1121 1841 1155 1841 1131 1841 1155 1842 1121 1842 1156 1842 567 1843 613 1843 1120 1843 568 1844 567 1844 1147 1844 953 1845 1163 1845 1164 1845 344 1846 608 1846 212 1846 1145 1847 1157 1847 1158 1847 1157 1848 1145 1848 1159 1848 863 1849 581 1849 417 1849 883 1850 880 1850 124 1850 370 1851 111 1851 1162 1851 197 1852 1128 1852 1154 1852 1079 1853 342 1853 1165 1853 1069 1854 79 1854 1166 1854 598 1855 1114 1855 1133 1855 1106 1856 1103 1856 1134 1856 890 1857 1142 1857 18 1857 942 1858 941 1858 1137 1858 565 1859 457 1859 287 1859 803 1860 319 1860 1101 1860 731 1861 524 1861 355 1861 96 1862 401 1862 250 1862 162 1863 552 1863 1115 1863 1001 1864 1002 1864 539 1864 425 1865 1122 1865 1140 1865 449 1866 448 1866 336 1866 152 1867 26 1867 362 1867 510 1868 63 1868 125 1868 1093 1869 229 1869 1146 1869 1038 1870 1040 1870 262 1870 282 1871 1092 1871 1136 1871 328 1872 542 1872 291 1872 67 1873 468 1873 1148 1873 960 1874 940 1874 509 1874 668 1875 282 1875 1136 1875 354 1876 404 1876 1153 1876 236 1877 238 1877 1165 1877 164 1878 335 1878 1167 1878 390 1879 706 1879 1168 1879 599 1880 598 1880 1133 1880 457 1881 475 1881 1169 1881 1097 1882 239 1882 1170 1882 373 1883 1061 1883 410 1883 1148 1884 468 1884 1161 1884 1105 1885 286 1885 291 1885 733 1886 732 1886 139 1886 270 1887 1083 1887 271 1887 495 1888 540 1888 194 1888 299 1889 1017 1889 269 1889 912 1890 914 1890 1171 1890 1113 1891 102 1891 104 1891 957 1892 192 1892 194 1892 448 1893 297 1893 336 1893 417 1894 1047 1894 1172 1894 842 1895 1136 1895 1129 1895 713 1896 776 1896 132 1896 365 1897 338 1897 440 1897 1147 1898 648 1898 1149 1898 608 1899 213 1899 212 1899 335 1900 334 1900 1167 1900 670 1901 1149 1901 1100 1901 1065 1902 198 1902 515 1902 472 1903 367 1903 1126 1903 1160 1904 480 1904 186 1904 788 1905 756 1905 251 1905 1105 1906 291 1906 1173 1906 1060 1907 244 1907 243 1907 1146 1908 834 1908 525 1908 552 1909 385 1909 1115 1909 527 1910 804 1910 247 1910 442 1911 819 1911 1087 1911 1043 1912 176 1912 141 1912 404 1913 285 1913 1153 1913 562 1914 177 1914 271 1914 1071 1915 1164 1915 1174 1915 242 1916 138 1916 1118 1916 475 1917 452 1917 1169 1917 173 1918 803 1918 1101 1918 239 1919 810 1919 1170 1919 1078 1920 967 1920 306 1920 953 1921 912 1921 1163 1921 1090 1922 233 1922 1143 1922 394 1923 137 1923 786 1923 977 1924 53 1924 303 1924 1076 1925 1069 1925 1166 1925 291 1926 542 1926 1173 1926 468 1927 470 1927 1161 1927 912 1928 1171 1928 1163 1928 340 1929 262 1929 1152 1929 734 1930 668 1930 1136 1930 540 1931 957 1931 194 1931 1098 1932 797 1932 316 1932 149 1933 151 1933 1088 1933 385 1934 420 1934 1115 1934 879 1935 225 1935 224 1935 465 1936 467 1936 1164 1936 804 1937 248 1937 247 1937 834 1938 10 1938 525 1938 452 1939 933 1939 1169 1939 567 1940 1119 1940 1147 1940 1133 1941 1012 1941 263 1941 142 1942 373 1942 410 1942 863 1943 417 1943 1172 1943 293 1944 981 1944 294 1944 758 1945 1066 1945 348 1945 401 1946 660 1946 250 1946 38 1947 351 1947 206 1947 75 1948 683 1948 206 1948 337 1949 339 1949 445 1949 1064 1950 128 1950 355 1950 694 1951 423 1951 1175 1951 983 1952 1160 1952 186 1952 35 1953 142 1953 410 1953 1117 1954 1068 1954 1099 1954 1012 1955 1011 1955 263 1955 425 1956 590 1956 1156 1956 354 1957 1124 1957 1131 1957 956 1958 1070 1958 134 1958 414 1959 1090 1959 1143 1959 334 1960 1137 1960 1167 1960 529 1961 954 1961 530 1961 620 1962 891 1962 309 1962 351 1963 75 1963 206 1963 238 1964 1079 1964 1165 1964 276 1965 370 1965 1162 1965 478 1966 477 1966 214 1966 881 1967 105 1967 163 1967 1176 1968 1021 1968 395 1968 1071 1969 953 1969 1164 1969 342 1970 435 1970 1165 1970 17 1971 16 1971 1177 1971 375 1972 164 1972 1167 1972 914 1973 240 1973 1171 1973 549 1974 551 1974 1158 1974 948 1975 277 1975 1162 1975 57 1976 556 1976 1159 1976 268 1977 389 1977 1130 1977 824 1978 644 1978 458 1978 470 1979 1062 1979 1161 1979 127 1980 731 1980 355 1980 1124 1981 354 1981 1153 1981 1163 1982 465 1982 1164 1982 151 1983 570 1983 1088 1983 374 1984 152 1984 362 1984 79 1985 1069 1985 1144 1985 447 1986 268 1986 1130 1986 697 1987 337 1987 445 1987 1093 1988 1146 1988 525 1988 817 1989 74 1989 93 1989 1128 1990 231 1990 1154 1990 1078 1991 306 1991 1123 1991 339 1992 293 1992 445 1992 1119 1993 649 1993 1147 1993 406 1994 458 1994 397 1994 323 1995 78 1995 241 1995 420 1996 185 1996 1115 1996 277 1997 276 1997 1162 1997 40 1998 216 1998 348 1998 1113 1999 104 1999 1140 1999 407 2000 377 2000 386 2000 854 2001 704 2001 317 2001 1091 2002 1041 2002 264 2002 611 2003 123 2003 95 2003 1140 2004 104 2004 1175 2004 1164 2005 467 2005 1174 2005 1030 2006 390 2006 1168 2006 511 2007 371 2007 1117 2007 12 2008 1096 2008 1087 2008 57 2009 1139 2009 58 2009 283 2010 1076 2010 1166 2010 318 2011 174 2011 1101 2011 551 2012 1119 2012 1150 2012 1072 2013 1174 2013 1178 2013 547 2014 449 2014 336 2014 154 2015 365 2015 440 2015 1135 2016 1075 2016 1178 2016 613 2017 103 2017 1132 2017 706 2018 569 2018 1168 2018 1017 2019 1094 2019 269 2019 819 2020 13 2020 1087 2020 1176 2021 395 2021 411 2021 660 2022 659 2022 250 2022 908 2023 1075 2023 513 2023 1072 2024 1071 2024 1174 2024 1086 2025 889 2025 396 2025 568 2026 1147 2026 1149 2026 762 2027 526 2027 416 2027 463 2028 382 2028 1151 2028 461 2029 822 2029 205 2029 1062 2030 1063 2030 1161 2030 1138 2031 551 2031 1150 2031 1152 2032 1040 2032 1177 2032 1026 2033 1176 2033 411 2033 530 2034 929 2034 1127 2034 389 2035 985 2035 1130 2035 815 2036 722 2036 326 2036 771 2037 779 2037 1152 2037 1075 2038 1072 2038 1178 2038 573 2039 1000 2039 1126 2039 71 2040 927 2040 72 2040 952 2041 529 2041 347 2041 435 2042 236 2042 1165 2042 1122 2043 425 2043 1156 2043 48 2044 384 2044 386 2044 594 2045 149 2045 1088 2045 514 2046 1135 2046 1178 2046 764 2047 763 2047 188 2047 542 2048 314 2048 1173 2048 693 2049 461 2049 178 2049 771 2050 1152 2050 1177 2050 1036 2051 1013 2051 356 2051 156 2052 320 2052 416 2052 216 2053 758 2053 348 2053 437 2054 565 2054 287 2054 965 2055 795 2055 1118 2055 9 2056 1093 2056 525 2056 1174 2057 553 2057 1178 2057 515 2058 33 2058 450 2058 477 2059 465 2059 1163 2059 514 2060 361 2060 1135 2060 885 2061 45 2061 52 2061 886 2062 1102 2062 249 2062 235 2063 837 2063 1143 2063 1120 2064 1108 2064 1150 2064 227 2065 863 2065 1172 2065 1044 2066 157 2066 379 2066 795 2067 242 2067 1118 2067 906 2068 512 2068 1099 2068 284 2069 1124 2069 1153 2069 553 2070 514 2070 1178 2070 648 2071 662 2071 1100 2071 696 2072 555 2072 415 2072 516 2073 568 2073 1149 2073 467 2074 553 2074 1174 2074 1171 2075 477 2075 1163 2075 837 2076 414 2076 1143 2076 962 2077 99 2077 101 2077 1069 2078 1068 2078 1144 2078 16 2079 771 2079 1177 2079 535 2080 690 2080 446 2080 1047 2081 228 2081 1172 2081 579 2082 690 2082 535 2082 382 2083 108 2083 1151 2083 558 2084 579 2084 537 2084 810 2085 296 2085 1170 2085 800 2086 154 2086 440 2086 579 2087 535 2087 537 2087 690 2088 778 2088 446 2088 103 2089 256 2089 1132 2089 399 2090 1009 2090 400 2090 454 2091 862 2091 450 2091 699 2092 79 2092 1144 2092 228 2093 227 2093 1172 2093 456 2094 457 2094 1169 2094 1023 2095 406 2095 397 2095 933 2096 456 2096 1169 2096 280 2097 982 2097 1154 2097 1083 2098 1078 2098 1123 2098 1084 2099 1085 2099 1141 2099 256 2100 1116 2100 1132 2100 1139 2101 313 2101 58 2101 1122 2102 1113 2102 1140 2102 296 2103 295 2103 1170 2103 526 2104 156 2104 416 2104 1040 2105 17 2105 1177 2105 295 2106 1097 2106 1170 2106 569 2107 571 2107 1168 2107 1092 2108 311 2108 1129 2108 571 2109 1030 2109 1168 2109 1121 2110 1122 2110 1156 2110 1124 2111 1121 2111 1131 2111 1134 2112 1105 2112 1173 2112 1136 2113 1092 2113 1129 2113 551 2114 1138 2114 1158 2114 1139 2115 57 2115 1159 2115 377 2116 48 2116 386 2116 367 2117 560 2117 1126 2117 251 2118 323 2118 241 2118 1137 2119 375 2119 1167 2119 108 2120 22 2120 1151 2120 540 2121 485 2121 1127 2121 20 2122 283 2122 1166 2122 1108 2123 1138 2123 1150 2123 375 2124 426 2124 119 2124 266 2125 694 2125 1175 2125 262 2126 1040 2126 1152 2126 1138 2127 1145 2127 1158 2127 1145 2128 1139 2128 1159 2128 423 2129 1140 2129 1175 2129 240 2130 214 2130 1171 2130 862 2131 515 2131 450 2131 1149 2132 648 2132 1100 2132 104 2133 266 2133 1175 2133 79 2134 20 2134 1166 2134 788 2135 251 2135 241 2135 214 2136 477 2136 1171 2136 314 2137 1134 2137 1173 2137 485 2138 530 2138 1127 2138 513 2139 1075 2139 1135 2139 511 2140 1117 2140 1099 2140 1179 2141 1180 2141 1181 2141 352 2142 1155 2142 1181 2142 591 2143 460 2143 1182 2143 1155 2144 590 2144 1183 2144 572 2145 353 2145 1184 2145 628 2146 532 2146 1185 2146 387 2147 378 2147 1186 2147 6 2148 888 2148 1187 2148 86 2149 85 2149 1188 2149 482 2150 591 2150 1189 2150 532 2151 434 2151 1190 2151 508 2152 387 2152 1191 2152 650 2153 86 2153 1192 2153 888 2154 636 2154 1193 2154 590 2155 482 2155 1194 2155 353 2156 352 2156 1195 2156 1196 2157 1197 2157 1198 2157 1199 2158 1200 2158 1201 2158 610 2159 508 2159 1202 2159 434 2160 889 2160 1203 2160 1086 2161 650 2161 1204 2161 636 2162 505 2162 1205 2162 1197 2163 1206 2163 1205 2163 1207 2164 1199 2164 1204 2164 889 2165 1086 2165 1201 2165 505 2166 610 2166 1198 2166 1200 2167 1208 2167 1203 2167 1209 2168 1196 2168 1202 2168 1180 2169 1210 2169 1195 2169 1211 2170 1212 2170 1194 2170 1206 2171 1213 2171 1193 2171 1214 2172 1207 2172 1192 2172 1215 2173 1209 2173 1191 2173 1208 2174 1216 2174 1190 2174 1217 2175 1211 2175 1189 2175 1218 2176 1214 2176 1188 2176 1213 2177 1219 2177 1187 2177 1210 2178 1220 2178 1184 2178 1221 2179 1215 2179 1186 2179 1216 2180 1222 2180 1185 2180 1223 2181 1217 2181 1182 2181 1224 2182 493 2182 605 2182 1225 2183 639 2183 638 2183 1226 2184 1224 2184 605 2184 1225 2185 1227 2185 639 2185 1228 2186 503 2186 631 2186 1229 2187 641 2187 501 2187 1230 2188 1228 2188 631 2188 1229 2189 1231 2189 641 2189 1232 2190 105 2190 881 2190 1233 2191 621 2191 492 2191 1234 2192 1232 2192 881 2192 1233 2193 1235 2193 621 2193 1226 2194 605 2194 39 2194 1227 2195 612 2195 639 2195 1236 2196 1226 2196 39 2196 1227 2197 1237 2197 612 2197 1230 2198 631 2198 502 2198 1231 2199 609 2199 641 2199 1238 2200 1230 2200 502 2200 1231 2201 1239 2201 609 2201 1234 2202 881 2202 880 2202 1235 2203 884 2203 621 2203 1240 2204 1234 2204 880 2204 1235 2205 1241 2205 884 2205 1236 2206 39 2206 51 2206 1237 2207 883 2207 612 2207 1241 2208 1236 2208 51 2208 1237 2209 1240 2209 883 2209 1239 2210 1238 2210 633 2210 1238 2211 502 2211 633 2211 1239 2212 633 2212 609 2212 1240 2213 880 2213 883 2213 1241 2214 51 2214 884 2214 460 2215 1223 2215 1182 2215 1222 2216 628 2216 1185 2216 378 2217 1221 2217 1186 2217 1220 2218 572 2218 1184 2218 1219 2219 6 2219 1187 2219 85 2220 1218 2220 1188 2220 591 2221 1217 2221 1189 2221 1216 2222 532 2222 1190 2222 387 2223 1215 2223 1191 2223 1213 2224 888 2224 1193 2224 86 2225 1214 2225 1192 2225 482 2226 1211 2226 1194 2226 1210 2227 353 2227 1195 2227 1180 2228 352 2228 1181 2228 590 2229 1212 2229 1183 2229 1208 2230 434 2230 1203 2230 508 2231 1209 2231 1202 2231 1206 2232 636 2232 1205 2232 650 2233 1207 2233 1204 2233 1200 2234 889 2234 1201 2234 610 2235 1196 2235 1198 2235 1197 2236 505 2236 1198 2236 1086 2237 1199 2237 1201 2237 1199 2238 1086 2238 1204 2238 505 2239 1197 2239 1205 2239 1196 2240 610 2240 1202 2240 889 2241 1200 2241 1203 2241 1212 2242 590 2242 1194 2242 352 2243 1180 2243 1195 2243 1207 2244 650 2244 1192 2244 636 2245 1206 2245 1193 2245 1209 2246 508 2246 1191 2246 434 2247 1208 2247 1190 2247 1211 2248 482 2248 1189 2248 1214 2249 86 2249 1188 2249 888 2250 1213 2250 1187 2250 353 2251 1210 2251 1184 2251 1215 2252 387 2252 1186 2252 532 2253 1216 2253 1185 2253 1217 2254 591 2254 1182 2254 1242 2255 1155 2255 1183 2255 1179 2256 1242 2256 1183 2256 1212 2257 1179 2257 1183 2257 460 2258 885 2258 1223 2258 885 2259 225 2259 1243 2259 1223 2260 885 2260 1243 2260 225 2261 879 2261 1244 2261 1243 2262 225 2262 1244 2262 879 2263 637 2263 1245 2263 1244 2264 879 2264 1245 2264 637 2265 506 2265 1246 2265 637 2266 1246 2266 1245 2266 1247 2267 506 2267 479 2267 1246 2268 506 2268 1247 2268 1248 2269 479 2269 201 2269 479 2270 1248 2270 1247 2270 1249 2271 201 2271 200 2271 1249 2272 1248 2272 201 2272 1250 2273 200 2273 106 2273 1250 2274 1249 2274 200 2274 1251 2275 106 2275 105 2275 1251 2276 1250 2276 106 2276 1232 2277 1251 2277 105 2277 1252 2278 638 2278 887 2278 1252 2279 1225 2279 638 2279 1253 2280 887 2280 507 2280 1253 2281 1252 2281 887 2281 1254 2282 507 2282 635 2282 1254 2283 1253 2283 507 2283 1255 2284 635 2284 504 2284 1255 2285 1254 2285 635 2285 1256 2286 504 2286 632 2286 1256 2287 1255 2287 504 2287 1257 2288 632 2288 640 2288 1257 2289 1256 2289 632 2289 1258 2290 640 2290 534 2290 1258 2291 1257 2291 640 2291 1259 2292 534 2292 436 2292 1259 2293 1258 2293 534 2293 1260 2294 436 2294 7 2294 1260 2295 1259 2295 436 2295 1219 2296 7 2296 6 2296 1219 2297 1260 2297 7 2297 1221 2298 378 2298 882 2298 1261 2299 882 2299 1142 2299 1261 2300 1221 2300 882 2300 1262 2301 1142 2301 890 2301 1262 2302 1261 2302 1142 2302 1263 2303 890 2303 89 2303 1263 2304 1262 2304 890 2304 1264 2305 89 2305 88 2305 1264 2306 1263 2306 89 2306 1265 2307 88 2307 302 2307 1265 2308 1264 2308 88 2308 1266 2309 302 2309 438 2309 1266 2310 1265 2310 302 2310 1267 2311 438 2311 533 2311 1267 2312 1266 2312 438 2312 1268 2313 533 2313 634 2313 1268 2314 1267 2314 533 2314 1269 2315 634 2315 503 2315 1269 2316 1268 2316 634 2316 1228 2317 1269 2317 503 2317 1270 2318 501 2318 878 2318 1270 2319 1229 2319 501 2319 1271 2320 878 2320 1102 2320 1271 2321 1270 2321 878 2321 1272 2322 1102 2322 886 2322 1272 2323 1271 2323 1102 2323 1273 2324 886 2324 630 2324 1273 2325 1272 2325 886 2325 1274 2326 630 2326 500 2326 1274 2327 1273 2327 630 2327 1275 2328 500 2328 607 2328 1275 2329 1274 2329 500 2329 1276 2330 607 2330 629 2330 1276 2331 1275 2331 607 2331 1277 2332 629 2332 498 2332 1277 2333 1276 2333 629 2333 1278 2334 498 2334 606 2334 1278 2335 1277 2335 498 2335 1222 2336 606 2336 628 2336 1222 2337 1278 2337 606 2337 1218 2338 85 2338 301 2338 1279 2339 301 2339 433 2339 1279 2340 1218 2340 301 2340 1280 2341 433 2341 531 2341 1280 2342 1279 2342 433 2342 1281 2343 531 2343 625 2343 1281 2344 1280 2344 531 2344 1282 2345 625 2345 496 2345 1282 2346 1281 2346 625 2346 1283 2347 496 2347 627 2347 1283 2348 1282 2348 496 2348 1284 2349 627 2349 494 2349 1284 2350 1283 2350 627 2350 1285 2351 494 2351 626 2351 1285 2352 1284 2352 494 2352 1286 2353 626 2353 624 2353 1286 2354 1285 2354 626 2354 1287 2355 624 2355 493 2355 1287 2356 1286 2356 624 2356 1224 2357 1287 2357 493 2357 1288 2358 492 2358 604 2358 1288 2359 1233 2359 492 2359 1289 2360 604 2360 891 2360 1289 2361 1288 2361 604 2361 1290 2362 891 2362 620 2362 1290 2363 1289 2363 891 2363 1291 2364 620 2364 619 2364 1291 2365 1290 2365 620 2365 481 2366 1292 2366 619 2366 1292 2367 1291 2367 619 2367 481 2368 617 2368 1293 2368 481 2369 1293 2369 1292 2369 617 2370 588 2370 1294 2370 617 2371 1294 2371 1293 2371 588 2372 471 2372 1295 2372 588 2373 1295 2373 1294 2373 471 2374 651 2374 1296 2374 471 2375 1296 2375 1295 2375 651 2376 443 2376 1297 2376 651 2377 1297 2377 1296 2377 443 2378 572 2378 1220 2378 443 2379 1220 2379 1297 2379 1155 2380 1242 2380 1181 2380 1242 2381 1179 2381 1181 2381 1298 2382 1299 2382 1300 2382 1301 2383 1302 2383 1303 2383 1036 2384 1035 2384 1304 2384 1299 2385 1298 2385 1305 2385 1306 2386 1307 2386 1308 2386 1309 2387 1310 2387 1311 2387 1312 2388 1313 2388 1314 2388 1313 2389 1312 2389 1315 2389 1316 2390 1317 2390 1318 2390 1319 2391 1320 2391 1321 2391 1302 2392 1301 2392 1322 2392 1323 2393 1324 2393 1325 2393 1001 2394 1000 2394 1326 2394 985 2395 389 2395 1327 2395 1328 2396 1329 2396 1330 2396 1329 2397 1331 2397 1330 2397 1332 2398 1333 2398 1334 2398 1335 2399 1336 2399 1337 2399 1338 2400 1339 2400 1325 2400 1340 2401 1341 2401 1342 2401 1307 2402 1306 2402 1326 2402 1324 2403 1343 2403 1325 2403 1024 2404 1023 2404 1344 2404 1317 2405 1345 2405 1318 2405 1346 2406 1347 2406 1348 2406 1333 2407 1332 2407 1349 2407 1347 2408 1346 2408 1350 2408 1320 2409 1351 2409 1321 2409 1339 2410 1338 2410 1322 2410 1352 2411 1036 2411 1304 2411 1035 2412 1353 2412 1304 2412 1336 2413 1335 2413 1354 2413 1355 2414 1356 2414 1357 2414 1309 2415 1311 2415 1358 2415 1356 2416 1355 2416 1359 2416 1360 2417 1299 2417 1305 2417 1352 2418 1361 2418 1362 2418 1310 2419 1309 2419 1363 2419 1003 2420 1002 2420 1364 2420 1299 2421 1360 2421 1365 2421 1317 2422 1316 2422 1366 2422 1367 2423 1368 2423 1369 2423 1370 2424 1371 2424 1372 2424 1000 2425 1373 2425 1326 2425 1306 2426 1001 2426 1326 2426 1341 2427 1340 2427 1374 2427 389 2428 1375 2428 1327 2428 1376 2429 985 2429 1327 2429 1377 2430 1370 2430 1372 2430 1361 2431 1352 2431 1304 2431 1347 2432 1378 2432 1348 2432 1379 2433 1380 2433 1381 2433 1382 2434 1326 2434 1383 2434 1320 2435 1319 2435 1384 2435 1385 2436 1386 2436 1387 2436 1378 2437 1347 2437 1388 2437 1389 2438 1390 2438 1391 2438 1356 2439 1392 2439 1357 2439 1393 2440 1389 2440 1391 2440 1343 2441 1338 2441 1325 2441 1306 2442 1308 2442 1364 2442 1394 2443 1395 2443 1396 2443 1395 2444 1397 2444 1396 2444 1392 2445 1356 2445 1398 2445 1386 2446 1385 2446 1399 2446 1340 2447 1342 2447 1400 2447 1326 2448 1373 2448 1383 2448 1397 2449 1024 2449 1344 2449 1023 2450 1401 2450 1344 2450 1377 2451 1346 2451 1370 2451 1402 2452 1403 2452 1404 2452 1405 2453 1406 2453 1407 2453 1408 2454 1409 2454 1410 2454 1312 2455 1411 2455 1315 2455 1412 2456 1401 2456 1413 2456 1335 2457 1337 2457 1414 2457 1346 2458 1377 2458 1350 2458 1415 2459 1327 2459 1410 2459 1416 2460 1336 2460 1354 2460 1417 2461 1418 2461 1419 2461 1315 2462 1411 2462 1420 2462 1336 2463 1416 2463 1421 2463 1418 2464 1417 2464 1422 2464 1382 2465 1307 2465 1326 2465 1423 2466 1424 2466 1425 2466 1426 2467 1427 2467 1428 2467 1369 2468 1368 2468 1429 2468 1406 2469 1430 2469 1407 2469 1431 2470 1003 2470 1364 2470 1002 2471 1306 2471 1364 2471 1324 2472 1323 2472 1421 2472 1432 2473 1433 2473 1434 2473 1435 2474 1436 2474 1437 2474 1438 2475 1376 2475 1439 2475 1344 2476 1440 2476 1396 2476 1375 2477 1408 2477 1410 2477 1441 2478 1442 2478 1443 2478 1444 2479 1445 2479 1446 2479 1332 2480 1334 2480 1447 2480 1439 2481 1376 2481 1327 2481 1393 2482 1355 2482 1389 2482 1301 2483 1303 2483 1448 2483 1401 2484 1412 2484 1344 2484 1415 2485 1439 2485 1327 2485 1449 2486 1450 2486 1451 2486 1433 2487 1432 2487 1452 2487 1355 2488 1393 2488 1359 2488 1400 2489 1453 2489 1365 2489 1454 2490 1455 2490 1456 2490 1327 2491 1375 2491 1410 2491 1349 2492 1332 2492 1457 2492 1360 2493 1400 2493 1365 2493 1458 2494 1459 2494 1460 2494 1381 2495 1380 2495 1461 2495 1412 2496 1440 2496 1344 2496 1397 2497 1344 2497 1396 2497 1462 2498 1361 2498 1463 2498 1361 2499 1304 2499 1463 2499 1464 2500 1465 2500 1466 2500 1380 2501 1379 2501 1467 2501 1313 2502 1418 2502 1314 2502 1400 2503 1360 2503 1468 2503 1424 2504 1469 2504 1425 2504 1368 2505 1367 2505 1470 2505 1427 2506 1471 2506 1428 2506 1472 2507 1473 2507 1474 2507 1423 2508 1475 2508 1435 2508 989 2509 1476 2509 1387 2509 1436 2510 1477 2510 1437 2510 1400 2511 1342 2511 1453 2511 1352 2512 1362 2512 1478 2512 1338 2513 1302 2513 1322 2513 1476 2514 989 2514 1479 2514 1480 2515 1431 2515 1481 2515 1414 2516 1337 2516 1471 2516 1482 2517 1341 2517 1374 2517 1483 2518 1484 2518 1485 2518 1403 2519 1402 2519 1486 2519 1475 2520 1423 2520 1425 2520 1442 2521 1441 2521 1432 2521 1450 2522 1487 2522 1451 2522 1488 2523 1489 2523 1448 2523 1453 2524 1490 2524 1365 2524 1455 2525 1453 2525 1456 2525 1331 2526 1491 2526 1330 2526 1492 2527 1443 2527 1493 2527 1435 2528 1475 2528 1436 2528 1484 2529 1494 2529 1485 2529 1489 2530 1488 2530 1495 2530 1496 2531 1482 2531 1497 2531 1392 2532 1498 2532 1499 2532 1414 2533 1498 2533 1500 2533 1308 2534 1481 2534 1364 2534 1498 2535 1392 2535 1398 2535 1501 2536 1502 2536 1434 2536 1491 2537 1331 2537 1503 2537 1485 2538 1504 2538 1505 2538 1483 2539 1485 2539 1505 2539 1506 2540 1504 2540 1485 2540 1476 2541 1385 2541 1387 2541 1507 2542 1508 2542 1509 2542 1510 2543 1507 2543 1509 2543 1511 2544 1512 2544 1505 2544 1513 2545 1511 2545 1505 2545 1513 2546 1514 2546 1515 2546 1512 2547 1483 2547 1505 2547 1511 2548 1513 2548 1515 2548 1516 2549 1514 2549 1513 2549 1509 2550 1517 2550 1518 2550 1508 2551 1517 2551 1509 2551 1519 2552 1518 2552 1520 2552 1521 2553 1522 2553 1523 2553 1524 2554 1509 2554 1518 2554 1525 2555 1526 2555 1527 2555 1528 2556 1529 2556 1530 2556 1518 2557 1517 2557 1520 2557 1530 2558 1525 2558 1527 2558 1531 2559 1532 2559 1533 2559 1529 2560 1531 2560 1530 2560 1528 2561 1530 2561 1527 2561 1531 2562 1534 2562 1532 2562 1519 2563 1532 2563 1518 2563 1522 2564 1525 2564 1523 2564 1533 2565 1532 2565 1519 2565 1531 2566 1533 2566 1530 2566 1526 2567 1525 2567 1522 2567 1515 2568 1535 2568 1536 2568 1511 2569 1515 2569 1536 2569 1537 2570 1535 2570 1515 2570 1530 2571 1533 2571 1525 2571 1514 2572 1537 2572 1515 2572 1514 2573 1538 2573 1537 2573 1539 2574 1528 2574 1527 2574 1540 2575 1541 2575 1542 2575 1543 2576 1544 2576 1545 2576 1546 2577 1547 2577 1548 2577 1547 2578 1549 2578 1548 2578 1550 2579 1551 2579 1541 2579 1549 2580 1552 2580 1548 2580 1550 2581 1553 2581 1551 2581 1553 2582 1550 2582 1554 2582 1555 2583 1556 2583 1545 2583 1555 2584 1553 2584 1554 2584 1556 2585 1555 2585 1554 2585 1557 2586 1558 2586 1559 2586 1547 2587 1546 2587 1545 2587 1544 2588 1547 2588 1545 2588 1556 2589 1543 2589 1545 2589 1560 2590 1535 2590 1561 2590 1562 2591 1563 2591 1564 2591 1565 2592 1566 2592 1567 2592 1541 2593 1551 2593 1542 2593 1568 2594 1562 2594 1564 2594 1552 2595 1549 2595 1569 2595 1535 2596 1570 2596 1561 2596 1571 2597 1568 2597 1564 2597 1572 2598 1573 2598 1567 2598 1563 2599 1562 2599 1567 2599 1574 2600 1571 2600 1575 2600 1570 2601 1576 2601 1561 2601 1570 2602 1577 2602 1576 2602 1566 2603 1565 2603 1578 2603 1579 2604 1540 2604 1542 2604 1580 2605 1561 2605 1581 2605 1582 2606 1583 2606 1577 2606 1571 2607 1564 2607 1575 2607 1562 2608 1565 2608 1567 2608 1569 2609 1549 2609 1578 2609 1565 2610 1569 2610 1578 2610 1584 2611 1585 2611 1541 2611 1585 2612 1550 2612 1541 2612 1577 2613 1583 2613 1586 2613 1573 2614 1563 2614 1567 2614 1566 2615 1572 2615 1567 2615 1535 2616 1560 2616 1536 2616 1587 2617 1588 2617 1589 2617 1590 2618 1582 2618 1577 2618 1561 2619 1576 2619 1581 2619 1546 2620 1555 2620 1545 2620 1591 2621 1566 2621 1578 2621 1588 2622 1587 2622 1581 2622 1577 2623 1586 2623 1576 2623 1587 2624 1580 2624 1581 2624 1586 2625 1583 2625 1592 2625 1593 2626 1552 2626 1569 2626 1588 2627 1574 2627 1575 2627 1584 2628 1541 2628 1540 2628 1594 2629 1595 2629 1596 2629 1595 2630 1597 2630 1596 2630 1576 2631 1586 2631 1598 2631 1599 2632 1600 2632 1601 2632 1602 2633 1586 2633 1592 2633 1579 2634 1603 2634 1558 2634 1598 2635 1586 2635 1602 2635 1604 2636 1556 2636 1554 2636 1605 2637 1528 2637 1539 2637 1598 2638 1602 2638 1574 2638 1598 2639 1574 2639 1588 2639 1574 2640 1602 2640 1606 2640 1415 2641 1607 2641 1608 2641 1609 2642 1610 2642 1611 2642 1612 2643 1415 2643 1608 2643 1613 2644 1609 2644 1611 2644 1614 2645 1613 2645 1611 2645 1614 2646 1615 2646 1613 2646 1615 2647 1614 2647 1616 2647 1617 2648 1612 2648 1608 2648 1618 2649 1615 2649 1616 2649 1619 2650 1618 2650 1616 2650 1619 2651 1620 2651 1618 2651 1612 2652 1617 2652 1621 2652 1622 2653 1623 2653 1624 2653 1620 2654 1619 2654 1625 2654 1626 2655 1627 2655 1628 2655 1629 2656 1630 2656 1631 2656 1609 2657 1626 2657 1628 2657 1632 2658 1633 2658 1634 2658 1635 2659 1636 2659 1634 2659 1637 2660 1638 2660 1639 2660 1574 2661 1606 2661 1571 2661 1610 2662 1609 2662 1628 2662 1640 2663 1641 2663 1642 2663 1630 2664 1629 2664 1643 2664 1539 2665 1644 2665 1645 2665 1625 2666 1646 2666 1647 2666 1619 2667 1646 2667 1625 2667 1633 2668 1632 2668 1648 2668 1629 2669 1631 2669 1634 2669 1649 2670 1630 2670 1643 2670 1617 2671 1622 2671 1624 2671 1621 2672 1617 2672 1624 2672 1623 2673 1638 2673 1624 2673 1650 2674 1651 2674 1652 2674 1638 2675 1640 2675 1642 2675 1653 2676 1654 2676 1655 2676 1656 2677 1657 2677 1658 2677 1651 2678 1320 2678 1652 2678 1642 2679 1649 2679 1659 2679 1660 2680 1661 2680 1648 2680 1639 2681 1638 2681 1642 2681 1662 2682 1663 2682 1664 2682 1632 2683 1660 2683 1648 2683 1665 2684 1666 2684 1667 2684 1668 2685 1669 2685 1329 2685 1666 2686 1670 2686 1664 2686 1670 2687 1666 2687 1665 2687 1638 2688 1637 2688 1624 2688 1668 2689 1329 2689 1671 2689 1663 2690 1662 2690 1672 2690 1672 2691 1673 2691 1674 2691 1649 2692 1643 2692 1659 2692 1642 2693 1641 2693 1649 2693 1628 2694 1675 2694 1676 2694 1677 2695 1678 2695 1679 2695 1636 2696 1629 2696 1634 2696 1633 2697 1635 2697 1634 2697 1680 2698 1681 2698 1682 2698 1663 2699 1672 2699 1674 2699 1670 2700 1662 2700 1664 2700 1683 2701 1684 2701 1685 2701 1671 2702 1686 2702 1687 2702 1688 2703 1689 2703 1690 2703 1691 2704 1692 2704 1678 2704 1692 2705 1691 2705 1693 2705 1639 2706 1642 2706 1659 2706 1631 2707 1632 2707 1634 2707 1610 2708 1628 2708 1676 2708 1677 2709 1694 2709 1678 2709 1695 2710 1625 2710 1647 2710 1673 2711 1696 2711 1674 2711 1697 2712 1695 2712 1647 2712 1698 2713 1620 2713 1625 2713 1646 2714 1653 2714 1655 2714 1695 2715 1698 2715 1625 2715 1699 2716 1700 2716 1701 2716 1702 2717 1703 2717 1704 2717 1705 2718 1706 2718 1707 2718 1637 2719 1708 2719 1621 2719 1696 2720 1673 2720 1709 2720 1710 2721 1633 2721 1648 2721 1711 2722 1712 2722 1687 2722 1678 2723 1692 2723 1679 2723 1299 2724 1713 2724 1300 2724 1681 2725 1714 2725 1715 2725 1716 2726 1717 2726 1718 2726 1719 2727 1720 2727 1721 2727 1637 2728 1621 2728 1624 2728 1694 2729 1677 2729 1722 2729 1723 2730 1724 2730 1722 2730 1651 2731 1656 2731 1658 2731 1668 2732 1671 2732 1687 2732 1725 2733 1726 2733 1727 2733 1571 2734 1606 2734 1728 2734 1684 2735 1729 2735 1685 2735 1730 2736 1539 2736 1645 2736 1731 2737 1732 2737 1733 2737 1734 2738 1735 2738 1736 2738 1734 2739 1736 2739 1737 2739 1738 2740 1739 2740 1643 2740 1740 2741 1741 2741 1742 2741 1743 2742 1744 2742 1745 2742 1746 2743 1747 2743 1748 2743 1689 2744 1749 2744 1690 2744 1668 2745 1750 2745 1669 2745 1702 2746 1751 2746 1703 2746 1739 2747 1683 2747 1685 2747 1309 2748 1688 2748 1690 2748 1752 2749 1753 2749 1754 2749 1755 2750 1756 2750 1757 2750 1750 2751 1758 2751 1669 2751 1714 2752 1759 2752 1715 2752 1703 2753 1760 2753 1704 2753 1742 2754 1741 2754 1761 2754 1681 2755 1762 2755 1682 2755 1763 2756 1764 2756 1765 2756 1766 2757 1767 2757 1768 2757 1769 2758 1770 2758 1771 2758 1708 2759 1772 2759 1621 2759 1773 2760 1774 2760 1775 2760 1776 2761 1751 2761 1702 2761 1749 2762 1333 2762 1349 2762 1777 2763 1778 2763 1779 2763 1734 2764 1780 2764 1781 2764 1013 2765 1036 2765 1352 2765 1677 2766 1723 2766 1722 2766 1782 2767 1783 2767 1784 2767 1361 2768 1785 2768 1786 2768 1780 2769 1706 2769 1781 2769 1787 2770 1788 2770 1693 2770 1788 2771 1692 2771 1693 2771 1789 2772 1790 2772 1791 2772 1770 2773 1792 2773 1771 2773 1793 2774 1794 2774 1795 2774 4 2775 3 2775 1492 2775 1796 2776 1797 2776 1798 2776 1794 2777 1793 2777 1799 2777 1011 2778 1010 2778 1487 2778 1160 2779 983 2779 1491 2779 1800 2780 1801 2780 1802 2780 1697 2781 1647 2781 1803 2781 1804 2782 1793 2782 1795 2782 1706 2783 1780 2783 1707 2783 974 2784 1024 2784 1397 2784 1649 2785 1641 2785 1805 2785 1806 2786 1807 2786 1808 2786 1809 2787 1810 2787 1811 2787 1362 2788 1786 2788 1652 2788 1673 2789 1812 2789 1709 2789 1813 2790 1814 2790 1815 2790 1797 2791 1765 2791 1798 2791 1816 2792 1817 2792 1818 2792 1752 2793 1754 2793 1722 2793 1735 2794 1734 2794 1781 2794 1819 2795 1814 2795 1813 2795 1607 2796 1820 2796 1608 2796 1685 2797 1639 2797 1659 2797 1782 2798 1821 2798 1822 2798 1789 2799 1823 2799 1790 2799 1824 2800 1734 2800 1737 2800 987 2801 183 2801 1340 2801 1035 2802 1089 2802 1353 2802 421 2803 984 2803 1433 2803 1696 2804 1709 2804 1825 2804 1826 2805 1827 2805 1828 2805 1829 2806 1830 2806 1831 2806 1832 2807 1833 2807 1834 2807 1772 2808 1439 2808 1612 2808 1774 2809 1835 2809 1775 2809 1724 2810 1752 2810 1722 2810 1836 2811 1837 2811 1838 2811 1839 2812 1840 2812 1841 2812 1818 2813 1817 2813 1842 2813 1843 2814 1844 2814 1845 2814 1764 2815 1846 2815 1765 2815 1847 2816 1731 2816 1733 2816 1038 2817 261 2817 1848 2817 1849 2818 1850 2818 1851 2818 1746 2819 1771 2819 1747 2819 1822 2820 1725 2820 1727 2820 1756 2821 1755 2821 1766 2821 1852 2822 1853 2822 1854 2822 1819 2823 1855 2823 1814 2823 1856 2824 1857 2824 1806 2824 1790 2825 1858 2825 1791 2825 1859 2826 1813 2826 1815 2826 1816 2827 1860 2827 1817 2827 1861 2828 1760 2828 1862 2828 1720 2829 1454 2829 1721 2829 1863 2830 1864 2830 1865 2830 1856 2831 1806 2831 1808 2831 1361 2832 1786 2832 1362 2832 971 2833 1016 2833 1310 2833 1866 2834 1867 2834 1835 2834 1868 2835 1869 2835 1870 2835 1871 2836 1872 2836 1873 2836 1874 2837 1776 2837 1702 2837 1875 2838 1876 2838 1313 2838 1872 2839 1877 2839 1878 2839 1771 2840 1792 2840 1879 2840 1857 2841 1856 2841 1880 2841 1881 2842 1882 2842 1883 2842 1884 2843 1885 2843 1317 2843 1886 2844 1887 2844 1888 2844 991 2845 990 2845 1360 2845 1176 2846 1026 2846 1316 2846 1889 2847 1719 2847 1721 2847 1863 2848 1865 2848 1307 2848 1890 2849 1753 2849 1891 2849 1882 2850 1862 2850 1883 2850 1892 2851 1893 2851 1825 2851 1894 2852 1821 2852 1782 2852 1796 2853 1895 2853 1896 2853 1897 2854 1740 2854 1742 2854 1691 2855 1898 2855 1899 2855 1900 2856 1901 2856 1891 2856 1753 2857 1752 2857 1891 2857 1877 2858 1902 2858 1878 2858 1903 2859 1904 2859 1385 2859 1905 2860 1906 2860 1907 2860 1005 2861 1004 2861 1379 2861 1858 2862 1908 2862 1791 2862 1862 2863 1760 2863 1883 2863 1909 2864 1910 2864 1911 2864 1726 2865 1897 2865 1689 2865 1912 2866 1619 2866 1616 2866 1913 2867 1826 2867 1828 2867 1914 2868 1713 2868 1915 2868 1856 2869 1916 2869 1880 2869 1512 2870 1462 2870 1483 2870 1917 2871 1818 2871 1842 2871 1918 2872 1919 2872 1920 2872 1921 2873 1922 2873 1473 2873 1728 2874 1606 2874 1923 2874 1754 2875 1694 2875 1722 2875 389 2876 267 2876 1375 2876 1908 2877 1924 2877 1918 2877 1925 2878 1926 2878 1664 2878 1927 2879 1928 2879 1521 2879 1929 2880 1930 2880 1931 2880 1748 2881 1747 2881 1392 2881 1932 2882 1933 2882 1934 2882 1935 2883 1633 2883 1710 2883 1936 2884 1912 2884 1616 2884 1829 2885 1937 2885 1830 2885 1496 2886 1889 2886 1938 2886 1726 2887 1939 2887 1727 2887 1940 2888 1941 2888 1942 2888 1943 2889 1944 2889 1945 2889 1029 2890 1028 2890 1459 2890 1946 2891 1947 2891 1948 2891 1949 2892 1950 2892 1951 2892 1850 2893 1952 2893 1851 2893 1953 2894 1954 2894 1955 2894 1956 2895 1852 2895 1854 2895 1957 2896 1958 2896 1959 2896 1960 2897 1819 2897 1813 2897 1961 2898 1866 2898 1835 2898 1712 2899 1962 2899 1687 2899 1963 2900 1964 2900 1965 2900 1962 2901 1750 2901 1668 2901 1966 2902 1743 2902 1745 2902 1967 2903 1501 2903 1968 2903 1686 2904 1711 2904 1687 2904 1812 2905 1831 2905 1709 2905 1969 2906 1970 2906 1345 2906 1971 2907 1972 2907 1973 2907 1974 2908 1975 2908 1976 2908 1977 2909 1978 2909 1871 2909 1979 2910 1927 2910 1521 2910 1880 2911 1916 2911 1980 2911 1653 2912 1981 2912 1654 2912 1982 2913 1809 2913 1811 2913 1571 2914 1728 2914 1568 2914 1983 2915 1693 2915 1899 2915 1984 2916 1985 2916 1986 2916 1987 2917 1988 2917 1989 2917 1125 2918 1034 2918 1990 2918 1991 2919 1992 2919 1993 2919 1994 2920 1995 2920 1996 2920 1997 2921 1998 2921 1610 2921 1999 2922 1909 2922 1911 2922 2000 2923 2001 2923 2002 2923 1697 2924 1966 2924 1695 2924 1890 2925 2003 2925 1753 2925 2004 2926 2005 2926 2006 2926 2007 2927 2008 2927 2009 2927 1772 2928 1612 2928 1621 2928 2010 2929 2011 2929 1873 2929 1969 2930 1812 2930 2012 2930 2013 2931 1480 2931 1481 2931 1051 2932 1050 2932 2014 2932 1009 2933 1008 2933 1298 2933 1692 2934 2015 2934 1679 2934 1893 2935 2016 2935 1825 2935 2016 2936 1696 2936 1825 2936 1959 2937 1958 2937 2017 2937 1623 2938 1640 2938 1638 2938 1974 2939 1976 2939 2018 2939 1872 2940 1878 2940 2010 2940 1663 2941 1925 2941 1664 2941 1689 2942 1897 2942 1749 2942 1939 2943 1688 2943 2019 2943 2020 2944 1691 2944 1678 2944 1870 2945 1804 2945 1795 2945 1944 2946 2021 2946 1945 2946 1881 2947 1778 2947 1882 2947 1941 2948 2022 2948 1942 2948 1924 2949 1908 2949 1858 2949 2023 2950 2024 2950 2025 2950 2026 2951 1821 2951 1894 2951 1963 2952 1864 2952 1800 2952 2027 2953 2028 2953 2029 2953 2030 2954 2031 2954 2032 2954 1763 2955 1765 2955 1797 2955 1903 2956 1385 2956 1476 2956 2033 2957 2034 2957 1551 2957 1806 2958 1767 2958 1766 2958 2035 2959 2036 2959 1597 2959 2037 2960 2038 2960 2039 2960 2040 2961 1932 2961 1934 2961 2041 2962 2042 2962 2043 2962 2044 2963 2045 2963 2046 2963 1822 2964 2047 2964 2048 2964 1756 2965 1766 2965 1768 2965 2016 2966 2049 2966 2050 2966 2051 2967 2052 2967 2053 2967 2054 2968 2055 2968 2056 2968 1853 2969 2057 2969 1854 2969 1840 2970 2058 2970 1426 2970 1874 2971 1711 2971 1776 2971 1629 2972 1738 2972 1643 2972 1970 2973 2059 2973 1445 2973 2060 2974 2061 2974 2062 2974 2063 2975 1843 2975 1845 2975 549 2976 1157 2976 1347 2976 2064 2977 1987 2977 1989 2977 2065 2978 2066 2978 2048 2978 2067 2979 1953 2979 2068 2979 1861 2980 2069 2980 1760 2980 1935 2981 1861 2981 1635 2981 1995 2982 1994 2982 2070 2982 2017 2983 1657 2983 1656 2983 2071 2984 1657 2984 1784 2984 1874 2985 1712 2985 1711 2985 2072 2986 1846 2986 2073 2986 1800 2987 2074 2987 2075 2987 1785 2988 2076 2988 1786 2988 1512 2989 1785 2989 1462 2989 2005 2990 2077 2990 1644 2990 2078 2991 1943 2991 1911 2991 1442 2992 2079 2992 1443 2992 1613 2993 2080 2993 2081 2993 1669 2994 1331 2994 1329 2994 2015 2995 2082 2995 1679 2995 2083 2996 2084 2996 2052 2996 2085 2997 2086 2997 2087 2997 2088 2998 1949 2998 1951 2998 2089 2999 2090 2999 1859 2999 2091 3000 2041 3000 2092 3000 2093 3001 1908 3001 1918 3001 2094 3002 1859 3002 1815 3002 1762 3003 2095 3003 2096 3003 2050 3004 2049 3004 2097 3004 2049 3005 2098 3005 2097 3005 2099 3006 1716 3006 2100 3006 2101 3007 1622 3007 1617 3007 1910 3008 2078 3008 1911 3008 2102 3009 1889 3009 1496 3009 1796 3010 1896 3010 2103 3010 1341 3011 1938 3011 1342 3011 1905 3012 1907 3012 2104 3012 2105 3013 1517 3013 1508 3013 1742 3014 1761 3014 1333 3014 1885 3015 1969 3015 1317 3015 1717 3016 1833 3016 1718 3016 1000 3017 573 3017 1373 3017 978 3018 970 3018 1475 3018 2106 3019 1946 3019 1948 3019 1752 3020 1900 3020 1891 3020 2107 3021 2083 3021 2052 3021 1991 3022 1993 3022 1736 3022 2108 3023 2109 3023 2110 3023 2111 3024 2112 3024 2113 3024 2114 3025 2112 3025 1768 3025 1789 3026 2115 3026 2116 3026 2117 3027 2095 3027 1762 3027 2068 3028 1953 3028 1955 3028 1830 3029 1892 3029 1825 3029 2118 3030 2119 3030 2104 3030 1823 3031 2120 3031 1790 3031 2121 3032 2122 3032 2123 3032 1610 3033 1998 3033 1611 3033 1936 3034 2124 3034 1912 3034 1926 3035 1666 3035 1664 3035 1792 3036 2072 3036 2125 3036 2126 3037 1961 3037 1835 3037 1879 3038 1792 3038 2127 3038 2128 3039 2129 3039 1873 3039 2130 3040 2131 3040 2077 3040 1924 3041 1919 3041 1918 3041 2132 3042 2079 3042 1442 3042 1772 3043 1438 3043 1439 3043 1698 3044 1489 3044 2133 3044 1698 3045 2133 3045 1620 3045 1882 3046 1778 3046 1777 3046 1911 3047 1943 3047 1945 3047 988 3048 1032 3048 2134 3048 1901 3049 2135 3049 1891 3049 2051 3050 2107 3050 2052 3050 2088 3051 2085 3051 1949 3051 2136 3052 2042 3052 2091 3052 2137 3053 2138 3053 2139 3053 2047 3054 2140 3054 2048 3054 1821 3055 2047 3055 1822 3055 1893 3056 2141 3056 2049 3056 2065 3057 2142 3057 2066 3057 2017 3058 1958 3058 1657 3058 1925 3059 2068 3059 1928 3059 1859 3060 2090 3060 1813 3060 1823 3061 1623 3061 2120 3061 1998 3062 2143 3062 2144 3062 2145 3063 2040 3063 1857 3063 2146 3064 1906 3064 2147 3064 1794 3065 1799 3065 2148 3065 2145 3066 1880 3066 2149 3066 1832 3067 2150 3067 1833 3067 1807 3068 2151 3068 1808 3068 2019 3069 2152 3069 2153 3069 2154 3070 1952 3070 2155 3070 1708 3071 2156 3071 1772 3071 1876 3072 2157 3072 2158 3072 1876 3073 2159 3073 1313 3073 1553 3074 2033 3074 1551 3074 1630 3075 1805 3075 1929 3075 1333 3076 1761 3076 1334 3076 1007 3077 1006 3077 1402 3077 1020 3078 1019 3078 2160 3078 2161 3079 1788 3079 1787 3079 1584 3080 2162 3080 1585 3080 2163 3081 2164 3081 2165 3081 2166 3082 2167 3082 2137 3082 1756 3083 2168 3083 1757 3083 2169 3084 2170 3084 2027 3084 2042 3085 2171 3085 2043 3085 2091 3086 2092 3086 2119 3086 2172 3087 1935 3087 1710 3087 2173 3088 2174 3088 1834 3088 1912 3089 1653 3089 1646 3089 1926 3090 1927 3090 2175 3090 1758 3091 2001 3091 1967 3091 1844 3092 2176 3092 1845 3092 1385 3093 1904 3093 2148 3093 2028 3094 2177 3094 2029 3094 1811 3095 1763 3095 2178 3095 1898 3096 2179 3096 1899 3096 2078 3097 1919 3097 1924 3097 2180 3098 2181 3098 2182 3098 2021 3099 2183 3099 2184 3099 2184 3100 1435 3100 2185 3100 1553 3101 2186 3101 2033 3101 1609 3102 2081 3102 1626 3102 1631 3103 1929 3103 2187 3103 1885 3104 1812 3104 1969 3104 986 3105 985 3105 1376 3105 1901 3106 2188 3106 2189 3106 2118 3107 2091 3107 2119 3107 2190 3108 1852 3108 1956 3108 2191 3109 2047 3109 1821 3109 2045 3110 1892 3110 2192 3110 2172 3111 2193 3111 2069 3111 2055 3112 2194 3112 2195 3112 1975 3113 1861 3113 1862 3113 1872 3114 2010 3114 1873 3114 1770 3115 1846 3115 2072 3115 1910 3116 1919 3116 2078 3116 2075 3117 2074 3117 2196 3117 1886 3118 2197 3118 1887 3118 2198 3119 1512 3119 1511 3119 1763 3120 1797 3120 2178 3120 2078 3121 1924 3121 2199 3121 1972 3122 2200 3122 1973 3122 1854 3123 1824 3123 1737 3123 2201 3124 2202 3124 1705 3124 1751 3125 1440 3125 2203 3125 1881 3126 1413 3126 1778 3126 2204 3127 2205 3127 2186 3127 1649 3128 1805 3128 1630 3128 1632 3129 2187 3129 1660 3129 1774 3130 1773 3130 1849 3130 1049 3131 1048 3131 1386 3131 2206 3132 2207 3132 2208 3132 2035 3133 2209 3133 2210 3133 2106 3134 2211 3134 2212 3134 2213 3135 2037 3135 2039 3135 2214 3136 2215 3136 2070 3136 2188 3137 2214 3137 2084 3137 2083 3138 2188 3138 2084 3138 1971 3139 2216 3139 1972 3139 2217 3140 2088 3140 1951 3140 1735 3141 1781 3141 1972 3141 2218 3142 2093 3142 2219 3142 2219 3143 1918 3143 1920 3143 2220 3144 2221 3144 2222 3144 2223 3145 2220 3145 2222 3145 2221 3146 2044 3146 2046 3146 2023 3147 2117 3147 2024 3147 2172 3148 2069 3148 1935 3148 1957 3149 1894 3149 1958 3149 1978 3150 2224 3150 1871 3150 2225 3151 2226 3151 2123 3151 2135 3152 1890 3152 1891 3152 1855 3153 1913 3153 1814 3153 2227 3154 2228 3154 2229 3154 2230 3155 2076 3155 2198 3155 1963 3156 1965 3156 1864 3156 1963 3157 1800 3157 1802 3157 2231 3158 2232 3158 2233 3158 1914 3159 2234 3159 1713 3159 2127 3160 1792 3160 2125 3160 1732 3161 2235 3161 1733 3161 2236 3162 2021 3162 1944 3162 2237 3163 1710 3163 1648 3163 2130 3164 2077 3164 2005 3164 2152 3165 1688 3165 1309 3165 2238 3166 2020 3166 1694 3166 1729 3167 1637 3167 1639 3167 2239 3168 2158 3168 1675 3168 1552 3169 2240 3169 2241 3169 2242 3170 2243 3170 1594 3170 2244 3171 2056 3171 2245 3171 1015 3172 1109 3172 2246 3172 2247 3173 1677 3173 1679 3173 2215 3174 2213 3174 1995 3174 2161 3175 1787 3175 2248 3175 2249 3176 2250 3176 2251 3176 1992 3177 2252 3177 2253 3177 2253 3178 2252 3178 2254 3178 2255 3179 2256 3179 1985 3179 2257 3180 2114 3180 1933 3180 2136 3181 2091 3181 2118 3181 2258 3182 2041 3182 2259 3182 2259 3183 2041 3183 2043 3183 1850 3184 2023 3184 2025 3184 1902 3185 2260 3185 1895 3185 1893 3186 2049 3186 2016 3186 1839 3187 1895 3187 2261 3187 1853 3188 2262 3188 2057 3188 2263 3189 1978 3189 1977 3189 2176 3190 2259 3190 2264 3190 2090 3191 1960 3191 1813 3191 1960 3192 1869 3192 1819 3192 1988 3193 2265 3193 1989 3193 1790 3194 2120 3194 2266 3194 1720 3195 2122 3195 2121 3195 1840 3196 1426 3196 1841 3196 2263 3197 1697 3197 1803 3197 1916 3198 2267 3198 2022 3198 1926 3199 2175 3199 1666 3199 1743 3200 1977 3200 1744 3200 1712 3201 1961 3201 1962 3201 2057 3202 2268 3202 1824 3202 2057 3203 1824 3203 1854 3203 2269 3204 1740 3204 1897 3204 2192 3205 2270 3205 2046 3205 1829 3206 1831 3206 2271 3206 1829 3207 2271 3207 2272 3207 2273 3208 2274 3208 2275 3208 1917 3209 2276 3209 2277 3209 1800 3210 1864 3210 2074 3210 2076 3211 1650 3211 1786 3211 1921 3212 2278 3212 1922 3212 1744 3213 2279 3213 1339 3213 2280 3214 1966 3214 1301 3214 1684 3215 2281 3215 2282 3215 2281 3216 1921 3216 1380 3216 2007 3217 2009 3217 2132 3217 2203 3218 1881 3218 1883 3218 2283 3219 2284 3219 1593 3219 1546 3220 2186 3220 1555 3220 1445 3221 2059 3221 2285 3221 2285 3222 2059 3222 1662 3222 158 3223 157 3223 1488 3223 982 3224 280 3224 1328 3224 2207 3225 2035 3225 1597 3225 2035 3226 2210 3226 2286 3226 2287 3227 2038 3227 2288 3227 1724 3228 1900 3228 1752 3228 1787 3229 1693 3229 1983 3229 2189 3230 2188 3230 2083 3230 2087 3231 2086 3231 1983 3231 2289 3232 2171 3232 2042 3232 2091 3233 2042 3233 2041 3233 2290 3234 2219 3234 1920 3234 2024 3235 2117 3235 2291 3235 2190 3236 1877 3236 1852 3236 2292 3237 2273 3237 2098 3237 2293 3238 2294 3238 2063 3238 1852 3239 1877 3239 2224 3239 2261 3240 1895 3240 1796 3240 1840 3241 2261 3241 2295 3241 1928 3242 2068 3242 2296 3242 2297 3243 2225 3243 2122 3243 1869 3244 2297 3244 1870 3244 2298 3245 2232 3245 2231 3245 1925 3246 1928 3246 1926 3246 2230 3247 2299 3247 2076 3247 2300 3248 2267 3248 1916 3248 2301 3249 2302 3249 2303 3249 2142 3250 2304 3250 1910 3250 2305 3251 1740 3251 2269 3251 2273 3252 2293 3252 2274 3252 1962 3253 1668 3253 1687 3253 2306 3254 2276 3254 2131 3254 1786 3255 1650 3255 1652 3255 2146 3256 2121 3256 1906 3256 1906 3257 2121 3257 2177 3257 2008 3258 2000 3258 2002 3258 1939 3259 1689 3259 1688 3259 1951 3260 2237 3260 1661 3260 2235 3261 1755 3261 2307 3261 2308 3262 1903 3262 2309 3262 2308 3263 2309 3263 2310 3263 2238 3264 1680 3264 2020 3264 2184 3265 2183 3265 1423 3265 2205 3266 2242 3266 2311 3266 2012 3267 1812 3267 1673 3267 1783 3268 2071 3268 1784 3268 2312 3269 1816 3269 2313 3269 2206 3270 2314 3270 2209 3270 2315 3271 2286 3271 2064 3271 2316 3272 2106 3272 1948 3272 2106 3273 2212 3273 1946 3273 2212 3274 2211 3274 2317 3274 2287 3275 2288 3275 1557 3275 1724 3276 2214 3276 1900 3276 1971 3277 2083 3277 2107 3277 2216 3278 2107 3278 2318 3278 2318 3279 2051 3279 2319 3279 2320 3280 2162 3280 1699 3280 2163 3281 2165 3281 2321 3281 2109 3282 2322 3282 2323 3282 2323 3283 2168 3283 2111 3283 2165 3284 2164 3284 1791 3284 2321 3285 2165 3285 2093 3285 2258 3286 2259 3286 2176 3286 1773 3287 2137 3287 1849 3287 1950 3288 2237 3288 1951 3288 1591 3289 2290 3289 1566 3289 1566 3290 2290 3290 1572 3290 2023 3291 2095 3291 2117 3291 1573 3292 2140 3292 2047 3292 2141 3293 2292 3293 2098 3293 2045 3294 2192 3294 2046 3294 2026 3295 1894 3295 1957 3295 2224 3296 1872 3296 1871 3296 2324 3297 1985 3297 2325 3297 1995 3298 2039 3298 1996 3298 2326 3299 2327 3299 2328 3299 1855 3300 2329 3300 1826 3300 1720 3301 2121 3301 2146 3301 2072 3302 2330 3302 2125 3302 2098 3303 2273 3303 2275 3303 2331 3304 2293 3304 2063 3304 2332 3305 2331 3305 2333 3305 1827 3306 2334 3306 1904 3306 2236 3307 1820 3307 2335 3307 1744 3308 2129 3308 2279 3308 1695 3309 2280 3309 1698 3309 2336 3310 1711 3310 1686 3310 1915 3311 1713 3311 1490 3311 1490 3312 1713 3312 1299 3312 2043 3313 2145 3313 2149 3313 1987 3314 2302 3314 1988 3314 2275 3315 2306 3315 2337 3315 1753 3316 2338 3316 1754 3316 2011 3317 2128 3317 1873 3317 2239 3318 1675 3318 1627 3318 2339 3319 1351 3319 1320 3319 2340 3320 2011 3320 2341 3320 1881 3321 1412 3321 1413 3321 2185 3322 2342 3322 2343 3322 1593 3323 2344 3323 2240 3323 1593 3324 2240 3324 1552 3324 2311 3325 2242 3325 1594 3325 2186 3326 2205 3326 2033 3326 2345 3327 2346 3327 2034 3327 1615 3328 2080 3328 1613 3328 1831 3329 1830 3329 1709 3329 1970 3330 2012 3330 2059 3330 2285 3331 1670 3331 1465 3331 1857 3332 1767 3332 1806 3332 1880 3333 1980 3333 2149 3333 2325 3334 1985 3334 1984 3334 2052 3335 2347 3335 2053 3335 1994 3336 2347 3336 2070 3336 2348 3337 2349 3337 2350 3337 1031 3338 304 3338 1393 3338 2312 3339 2313 3339 2351 3339 2351 3340 2313 3340 2206 3340 2352 3341 2207 3341 1597 3341 2035 3342 2286 3342 2036 3342 2317 3343 2211 3343 2265 3343 1946 3344 2212 3344 2353 3344 1946 3345 2353 3345 2287 3345 2288 3346 2038 3346 2037 3346 2288 3347 2354 3347 1557 3347 2082 3348 2247 3348 1679 3348 2247 3349 1723 3349 1677 3349 1724 3350 2215 3350 2214 3350 2215 3351 1995 3351 2070 3351 2318 3352 2107 3352 2051 3352 2355 3353 2320 3353 1699 3353 2356 3354 2357 3354 1604 3354 1985 3355 2256 3355 1986 3355 2089 3356 2170 3356 2169 3356 2089 3357 2169 3357 2090 3357 2170 3358 1932 3358 2289 3358 2289 3359 1932 3359 2171 3359 2092 3360 2358 3360 2119 3360 2258 3361 2176 3361 1844 3361 2220 3362 2359 3362 2360 3362 2358 3363 2220 3363 2223 3363 2358 3364 2223 3364 2361 3364 2358 3365 2361 3365 2119 3365 2139 3366 2138 3366 2095 3366 2292 3367 2294 3367 2273 3367 1953 3368 2050 3368 1954 3368 2051 3369 2053 3369 2362 3369 2363 3370 1867 3370 1866 3370 2364 3371 2099 3371 2100 3371 1960 3372 2225 3372 1869 3372 2122 3373 2225 3373 2123 3373 1819 3374 1868 3374 1855 3374 2365 3375 2265 3375 2366 3375 2326 3376 2366 3376 2327 3376 2301 3377 2367 3377 2302 3377 2302 3378 2367 3378 1988 3378 2368 3379 2369 3379 2370 3379 1823 3380 1640 3380 1623 3380 1912 3381 2124 3381 1653 3381 2228 3382 2101 3382 1820 3382 1738 3383 2371 3383 1739 3383 2200 3384 2232 3384 1973 3384 1750 3385 2372 3385 2373 3385 2131 3386 2276 3386 1917 3386 2374 3387 1804 3387 1870 3387 1967 3388 2001 3388 2000 3388 1981 3389 2201 3389 1705 3389 2236 3390 2183 3390 2021 3390 1967 3391 2000 3391 1501 3391 2105 3392 2375 3392 1517 3392 1684 3393 2282 3393 2376 3393 2129 3394 1871 3394 1873 3394 2003 3395 2377 3395 2338 3395 2003 3396 2338 3396 1753 3396 1827 3397 2378 3397 1828 3397 2020 3398 1680 3398 1898 3398 1725 3399 1822 3399 2048 3399 2203 3400 1440 3400 1412 3400 1568 3401 1728 3401 2284 3401 1728 3402 1923 3402 2379 3402 2241 3403 2240 3403 2243 3403 2241 3404 2243 3404 2242 3404 2205 3405 2311 3405 2345 3405 1599 3406 2311 3406 1594 3406 2345 3407 2380 3407 2346 3407 2345 3408 2034 3408 2033 3408 1555 3409 2186 3409 1553 3409 2034 3410 2346 3410 1603 3410 1481 3411 1308 3411 2381 3411 2052 3412 2084 3412 2347 3412 2319 3413 1984 3413 1986 3413 2177 3414 2123 3414 2029 3414 1308 3415 1865 3415 2381 3415 998 3416 1014 3416 1319 3416 695 3417 839 3417 1312 3417 556 3418 555 3418 1417 3418 2312 3419 1860 3419 1816 3419 2206 3420 2209 3420 2207 3420 2208 3421 2207 3421 2352 3421 2036 3422 2286 3422 2315 3422 2315 3423 2064 3423 2382 3423 2316 3424 2382 3424 2106 3424 1946 3425 2287 3425 1947 3425 2247 3426 2213 3426 1723 3426 2383 3427 1788 3427 2161 3427 1900 3428 2214 3428 2188 3428 2248 3429 1787 3429 2250 3429 1900 3430 2188 3430 1901 3430 1901 3431 2384 3431 2135 3431 1949 3432 2167 3432 2166 3432 1949 3433 2166 3433 1950 3433 2138 3434 2167 3434 2385 3434 1992 3435 2253 3435 2386 3435 1992 3436 2386 3436 1993 3436 2252 3437 2256 3437 2108 3437 2108 3438 2255 3438 2109 3438 2322 3439 2255 3439 2324 3439 2324 3440 2255 3440 1985 3440 2109 3441 2323 3441 2387 3441 2257 3442 2089 3442 1859 3442 2171 3443 1932 3443 2040 3443 2171 3444 2040 3444 2145 3444 2321 3445 1544 3445 1543 3445 2221 3446 2360 3446 2388 3446 2044 3447 2388 3447 2292 3447 2095 3448 2138 3448 2096 3448 2223 3449 2222 3449 2389 3449 1573 3450 2047 3450 2191 3450 2016 3451 2050 3451 2390 3451 2016 3452 2390 3452 1696 3452 2195 3453 2194 3453 2391 3453 2390 3454 1953 3454 2067 3454 1935 3455 2069 3455 1861 3455 1997 3456 2099 3456 2364 3456 2067 3457 2068 3457 1925 3457 1819 3458 1869 3458 1868 3458 2365 3459 2368 3459 2392 3459 2327 3460 2366 3460 2367 3460 2369 3461 2326 3461 2328 3461 1998 3462 2144 3462 1611 3462 1855 3463 1868 3463 2329 3463 1868 3464 1870 3464 1795 3464 1653 3465 2124 3465 1981 3465 1732 3466 2369 3466 2151 3466 2073 3467 1846 3467 1764 3467 2305 3468 1909 3468 2393 3468 2305 3469 2393 3469 1740 3469 1767 3470 2040 3470 1934 3470 1758 3471 2373 3471 2001 3471 1732 3472 2151 3472 2235 3472 2394 3473 2395 3473 2396 3473 1744 3474 1339 3474 1745 3474 2303 3475 2302 3475 2397 3475 2397 3476 2302 3476 1987 3476 2003 3477 2150 3477 1832 3477 2150 3478 2398 3478 1833 3478 1980 3479 2264 3479 2149 3479 1807 3480 1806 3480 1766 3480 2147 3481 1906 3481 1905 3481 1749 3482 1742 3482 1333 3482 2279 3483 2128 3483 1323 3483 2399 3484 2128 3484 2011 3484 2020 3485 1898 3485 1691 3485 1804 3486 2400 3486 1793 3486 2046 3487 2270 3487 2222 3487 2222 3488 2270 3488 2389 3488 1940 3489 2333 3489 2401 3489 1915 3490 2402 3490 2403 3490 1876 3491 2404 3491 2157 3491 1698 3492 2280 3492 1489 3492 1568 3493 2283 3493 1562 3493 1562 3494 2283 3494 1565 3494 2345 3495 2311 3495 2380 3495 2380 3496 2311 3496 1599 3496 1613 3497 2081 3497 1609 3497 1736 3498 1993 3498 1737 3498 2013 3499 1884 3499 1480 3499 1984 3500 2319 3500 2362 3500 1771 3501 1879 3501 1747 3501 2053 3502 2347 3502 2060 3502 1042 3503 1041 3503 1335 3503 2351 3504 2206 3504 2208 3504 2287 3505 2353 3505 2038 3505 2038 3506 2353 3506 2405 3506 2317 3507 2265 3507 2365 3507 2038 3508 2405 3508 2039 3508 2084 3509 2214 3509 2070 3509 1584 3510 2249 3510 2162 3510 1585 3511 2162 3511 2320 3511 2251 3512 2088 3512 2217 3512 2406 3513 2407 3513 1986 3513 2232 3514 2384 3514 1973 3514 2408 3515 1836 3515 2409 3515 2252 3516 2406 3516 2256 3516 2256 3517 2406 3517 1986 3517 2137 3518 2167 3518 2138 3518 2108 3519 2256 3519 2255 3519 2112 3520 2168 3520 1756 3520 1933 3521 2114 3521 1934 3521 2092 3522 2258 3522 2359 3522 2093 3523 2165 3523 1908 3523 1591 3524 2219 3524 2290 3524 2410 3525 2290 3525 1920 3525 2044 3526 2292 3526 2141 3526 2411 3527 2412 3527 2413 3527 2065 3528 2410 3528 2304 3528 2049 3529 2141 3529 2098 3529 1902 3530 1895 3530 1839 3530 2414 3531 2099 3531 2415 3531 2262 3532 1978 3532 2263 3532 2366 3533 2265 3533 1988 3533 2367 3534 2366 3534 1988 3534 2368 3535 2326 3535 2369 3535 2327 3536 2367 3536 2267 3536 2267 3537 2367 3537 2301 3537 2120 3538 1623 3538 1622 3538 2120 3539 2227 3539 2266 3539 2143 3540 2364 3540 2416 3540 2300 3541 1916 3541 1856 3541 1826 3542 2329 3542 2334 3542 2142 3543 1909 3543 2305 3543 1740 3544 2393 3544 1741 3544 2373 3545 2372 3545 2417 3545 1904 3546 2334 3546 2148 3546 1916 3547 2022 3547 1980 3547 1810 3548 1764 3548 1763 3548 2145 3549 1857 3549 1880 3549 2279 3550 2129 3550 2128 3550 2235 3551 2151 3551 1807 3551 2418 3552 1810 3552 1809 3552 2126 3553 1835 3553 1774 3553 2338 3554 2419 3554 2238 3554 2238 3555 2419 3555 1680 3555 1680 3556 2419 3556 1681 3556 1694 3557 2020 3557 1678 3557 2397 3558 1987 3558 2420 3558 2132 3559 2009 3559 2421 3559 1875 3560 2404 3560 1876 3560 2011 3561 2010 3561 2341 3561 1618 3562 2422 3562 1615 3562 1885 3563 1831 3563 1812 3563 1969 3564 1345 3564 1317 3564 2012 3565 1673 3565 1672 3565 2206 3566 2313 3566 2314 3566 2315 3567 2382 3567 2316 3567 1723 3568 2213 3568 2215 3568 1995 3569 2213 3569 2039 3569 1901 3570 2189 3570 2384 3570 2189 3571 2083 3571 1971 3571 2189 3572 1971 3572 1973 3572 2384 3573 2189 3573 1973 3573 1971 3574 2107 3574 2216 3574 2407 3575 2318 3575 2319 3575 1735 3576 2423 3576 1736 3576 2163 3577 2409 3577 2164 3577 2113 3578 2257 3578 2094 3578 1934 3579 2114 3579 1768 3579 2089 3580 1933 3580 2170 3580 2170 3581 1933 3581 1932 3581 2386 3582 2260 3582 2190 3582 2358 3583 2359 3583 2220 3583 2220 3584 2360 3584 2221 3584 2221 3585 2046 3585 2222 3585 2044 3586 2141 3586 2045 3586 2139 3587 2023 3587 1850 3587 2190 3588 2260 3588 1902 3588 2424 3589 2055 3589 2054 3589 2390 3590 2050 3590 1953 3590 1839 3591 2261 3591 1840 3591 1907 3592 2118 3592 2104 3592 2090 3593 2226 3593 1960 3593 2135 3594 2298 3594 2425 3594 2365 3595 2366 3595 2326 3595 2368 3596 2370 3596 2426 3596 2263 3597 1977 3597 1743 3597 2370 3598 2369 3598 1732 3598 2370 3599 1732 3599 1731 3599 1769 3600 2427 3600 1770 3600 1770 3601 2427 3601 1846 3601 1846 3602 2427 3602 1765 3602 2072 3603 2073 3603 2330 3603 1739 3604 2371 3604 1683 3604 2142 3605 2305 3605 2066 3605 2217 3606 1951 3606 1661 3606 2428 3607 2331 3607 2429 3607 1857 3608 2040 3608 1767 3608 1962 3609 2372 3609 1750 3609 2001 3610 2154 3610 2002 3610 1776 3611 2430 3611 1751 3611 2003 3612 1832 3612 2377 3612 1906 3613 2177 3613 1907 3613 2338 3614 2238 3614 1754 3614 1729 3615 2376 3615 1708 3615 2180 3616 2404 3616 1875 3616 2284 3617 1728 3617 2379 3617 1568 3618 2284 3618 2283 3618 2241 3619 2204 3619 1548 3619 1630 3620 1929 3620 1631 3620 2059 3621 2012 3621 1672 3621 2431 3622 2056 3622 2244 3622 2347 3623 2084 3623 2070 3623 2325 3624 1984 3624 1847 3624 1847 3625 1984 3625 2362 3625 2060 3626 2347 3626 1994 3626 2382 3627 2064 3627 1989 3627 2353 3628 2212 3628 2432 3628 2288 3629 2082 3629 2354 3629 2082 3630 2037 3630 2247 3630 2354 3631 2082 3631 2015 3631 2354 3632 2015 3632 2383 3632 1788 3633 2015 3633 1692 3633 2249 3634 2251 3634 2433 3634 2216 3635 2318 3635 2423 3635 2251 3636 2086 3636 2088 3636 2088 3637 2086 3637 2085 3637 2085 3638 2087 3638 2385 3638 2252 3639 2108 3639 2254 3639 2254 3640 2108 3640 2110 3640 2323 3641 2322 3641 2168 3641 2322 3642 2324 3642 1757 3642 2113 3643 2112 3643 2114 3643 2171 3644 2145 3644 2043 3644 2386 3645 2253 3645 2260 3645 2218 3646 1591 3646 2434 3646 1950 3647 2166 3647 2412 3647 1950 3648 2412 3648 2411 3648 1843 3649 2360 3649 1844 3649 2139 3650 2095 3650 2023 3650 2140 3651 2410 3651 2065 3651 2140 3652 2065 3652 2048 3652 2045 3653 2141 3653 1893 3653 2424 3654 2435 3654 2055 3654 2045 3655 1893 3655 1892 3655 2065 3656 2304 3656 2142 3656 2319 3657 2051 3657 2362 3657 2273 3658 2294 3658 2293 3658 2391 3659 2436 3659 2437 3659 1878 3660 1839 3660 1841 3660 1636 3661 1738 3661 1629 3661 2368 3662 2426 3662 2392 3662 1789 3663 2116 3663 1823 3663 2297 3664 2374 3664 1870 3664 1719 3665 2122 3665 1720 3665 2144 3666 2143 3666 2438 3666 2144 3667 1936 3667 1614 3667 1936 3668 2438 3668 2124 3668 1855 3669 1826 3669 1913 3669 2228 3670 1820 3670 2236 3670 1683 3671 2371 3671 2278 3671 2393 3672 1909 3672 1999 3672 2439 3673 1937 3673 1964 3673 1964 3674 1937 3674 1829 3674 2233 3675 2232 3675 2200 3675 2276 3676 2428 3676 2277 3676 2429 3677 2332 3677 2395 3677 1962 3678 1961 3678 2372 3678 1864 3679 1965 3679 1865 3679 1914 3680 1915 3680 2403 3680 1683 3681 2278 3681 2281 3681 2269 3682 1897 3682 1726 3682 2269 3683 1726 3683 1725 3683 2030 3684 1764 3684 1810 3684 2061 3685 1731 3685 2062 3685 2306 3686 2130 3686 2337 3686 2039 3687 2405 3687 1996 3687 1706 3688 2200 3688 1781 3688 2079 3689 2421 3689 2440 3689 2440 3690 2181 3690 2180 3690 1620 3691 2133 3691 2441 3691 1612 3692 1439 3692 1415 3692 1552 3693 2241 3693 1548 3693 2241 3694 2242 3694 2204 3694 1631 3695 2187 3695 1632 3695 1858 3696 1790 3696 2266 3696 1002 3697 1001 3697 1306 3697 1033 3698 995 3698 1464 3698 1023 3699 363 3699 1401 3699 2442 3700 1860 3700 2312 3700 2207 3701 2209 3701 2035 3701 1987 3702 2064 3702 2420 3702 2106 3703 2382 3703 2211 3703 2317 3704 2365 3704 2392 3704 2383 3705 2015 3705 1788 3705 2248 3706 2249 3706 1584 3706 1604 3707 2408 3707 1556 3707 2423 3708 2407 3708 1991 3708 2167 3709 2085 3709 2385 3709 2168 3710 2322 3710 1757 3710 2111 3711 2168 3711 2112 3711 2386 3712 2190 3712 1956 3712 1572 3713 2290 3713 2410 3713 2292 3714 2388 3714 2294 3714 2411 3715 2413 3715 2172 3715 2361 3716 2223 3716 2443 3716 2191 3717 2444 3717 1563 3717 2055 3718 2195 3718 2056 3718 1635 3719 1861 3719 1975 3719 1635 3720 1975 3720 1636 3720 1636 3721 1975 3721 1974 3721 2259 3722 2043 3722 2149 3722 1869 3723 2225 3723 2297 3723 2365 3724 2326 3724 2368 3724 1874 3725 1866 3725 1712 3725 2427 3726 2295 3726 1798 3726 1794 3727 2329 3727 1795 3727 1826 3728 2334 3728 1827 3728 1820 3729 2101 3729 1608 3729 2142 3730 1910 3730 1909 3730 2192 3731 2439 3731 2270 3731 2333 3732 2331 3732 2063 3732 2398 3733 2425 3733 2445 3733 2374 3734 1889 3734 2102 3734 1797 3735 1796 3735 2103 3735 2332 3736 2333 3736 1940 3736 2335 3737 1820 3737 1607 3737 2446 3738 2447 3738 1368 3738 1695 3739 1966 3739 2280 3739 1776 3740 2336 3740 2430 3740 1890 3741 2150 3741 2003 3741 2151 3742 2328 3742 1808 3742 2377 3743 1832 3743 2448 3743 1804 3744 2102 3744 2400 3744 1801 3745 2389 3745 1802 3745 2133 3746 1489 3746 2449 3746 1593 3747 2284 3747 2344 3747 2204 3748 2242 3748 2205 3748 1620 3749 2441 3749 1618 3749 1615 3750 2422 3750 2080 3750 2271 3751 2013 3751 2272 3751 1465 3752 1670 3752 1665 3752 1110 3753 997 3753 1430 3753 2383 3754 2161 3754 1579 3754 2251 3755 2250 3755 2086 3755 2356 3756 2320 3756 2357 3756 2423 3757 1991 3757 1736 3757 2408 3758 2409 3758 2163 3758 1949 3759 2085 3759 2167 3759 1991 3760 2406 3760 1992 3760 2109 3761 2255 3761 2322 3761 2109 3762 2387 3762 2110 3762 2094 3763 2257 3763 1859 3763 2136 3764 2118 3764 2028 3764 2136 3765 2028 3765 2027 3765 2092 3766 2041 3766 2258 3766 2092 3767 2359 3767 2358 3767 2411 3768 2172 3768 1710 3768 2435 3769 2291 3769 1759 3769 1573 3770 2191 3770 1563 3770 1902 3771 1839 3771 1878 3771 1852 3772 2224 3772 1853 3772 1853 3773 1978 3773 2262 3773 2057 3774 2262 3774 2450 3774 1959 3775 2017 3775 2451 3775 2264 3776 2259 3776 2149 3776 1960 3777 2226 3777 2225 3777 1759 3778 2448 3778 2174 3778 2327 3779 2267 3779 2300 3779 1840 3780 2295 3780 2058 3780 2058 3781 2295 3781 1769 3781 1657 3782 2071 3782 1658 3782 2227 3783 1622 3783 2101 3783 2374 3784 1719 3784 1889 3784 1720 3785 2146 3785 1454 3785 2451 3786 2230 3786 1560 3786 1912 3787 1646 3787 1619 3787 2129 3788 1977 3788 1871 3788 2101 3789 1617 3789 1608 3789 2428 3790 2293 3790 2331 3790 2274 3791 2428 3791 2276 3791 2274 3792 2276 3792 2306 3792 2429 3793 2331 3793 2332 3793 1913 3794 1828 3794 2031 3794 2372 3795 2126 3795 2417 3795 2150 3796 2425 3796 2398 3796 1827 3797 1904 3797 2308 3797 2235 3798 1807 3798 1755 3798 1733 3799 2235 3799 2307 3799 2030 3800 1810 3800 2418 3800 2019 3801 1688 3801 2152 3801 1729 3802 1639 3802 1685 3802 1781 3803 2200 3803 1972 3803 2204 3804 2186 3804 1546 3804 1091 3805 1046 3805 1416 3805 981 3806 980 3806 1356 3806 54 3807 53 3807 1477 3807 2405 3808 2353 3808 2432 3808 1947 3809 2287 3809 1557 3809 2247 3810 2037 3810 2213 3810 2216 3811 2423 3811 1735 3811 2216 3812 1735 3812 1972 3812 2423 3813 2318 3813 2407 3813 1585 3814 2356 3814 1550 3814 1604 3815 2357 3815 1836 3815 1604 3816 1836 3816 2408 3816 2135 3817 2384 3817 2298 3817 2164 3818 2409 3818 2115 3818 2163 3819 2321 3819 1543 3819 2113 3820 2114 3820 2257 3820 2164 3821 2115 3821 1789 3821 2190 3822 1902 3822 1877 3822 2223 3823 2389 3823 2443 3823 1572 3824 2410 3824 2140 3824 1547 3825 2434 3825 1549 3825 2191 3826 1821 3826 2026 3826 2437 3827 2436 3827 2414 3827 2414 3828 2436 3828 1716 3828 1853 3829 2224 3829 1978 3829 2414 3830 1716 3830 2099 3830 2415 3831 2099 3831 1997 3831 2067 3832 1925 3832 1663 3832 2296 3833 2068 3833 1955 3833 2090 3834 2169 3834 2226 3834 1640 3835 2116 3835 1641 3835 2297 3836 2122 3836 1719 3836 2297 3837 1719 3837 2374 3837 2267 3838 2301 3838 2022 3838 2300 3839 1856 3839 1808 3839 2328 3840 2300 3840 1808 3840 2175 3841 1927 3841 2452 3841 2452 3842 1927 3842 1979 3842 2334 3843 2329 3843 1794 3843 2058 3844 1769 3844 1746 3844 2073 3845 1764 3845 2030 3845 2274 3846 2293 3846 2428 3846 1938 3847 1889 3847 1721 3847 1697 3848 1743 3848 1966 3848 1683 3849 2281 3849 1684 3849 1749 3850 1897 3850 1742 3850 1731 3851 1847 3851 2062 3851 1462 3852 1785 3852 1361 3852 2447 3853 2375 3853 2105 3853 2306 3854 2131 3854 2130 3854 2130 3855 2005 3855 2004 3855 2231 3856 2233 3856 2202 3856 1496 3857 1938 3857 1341 3857 1876 3858 2158 3858 2159 3858 2335 3859 1607 3859 1409 3859 2271 3860 1831 3860 1885 3860 1053 3861 1052 3861 1498 3861 1018 3862 979 3862 1469 3862 1055 3863 1054 3863 1472 3863 2064 3864 2286 3864 2420 3864 2212 3865 2317 3865 2432 3865 2288 3866 2037 3866 2082 3866 1723 3867 2215 3867 1724 3867 1991 3868 2407 3868 2406 3868 2453 3869 2094 3869 2454 3869 2221 3870 2388 3870 2044 3870 2237 3871 2411 3871 1710 3871 1954 3872 2050 3872 2097 3872 1563 3873 2444 3873 1564 3873 2169 3874 2027 3874 2029 3874 2135 3875 2425 3875 1890 3875 2120 3876 1622 3876 2227 3876 2329 3877 1868 3877 1795 3877 1769 3878 2295 3878 2427 3878 2263 3879 1743 3879 1697 3879 2151 3880 2369 3880 2328 3880 2426 3881 2370 3881 2061 3881 1746 3882 1769 3882 1771 3882 1919 3883 2304 3883 1920 3883 1999 3884 1911 3884 1945 3884 2428 3885 2429 3885 2277 3885 2429 3886 2395 3886 2394 3886 2175 3887 2452 3887 2446 3887 2446 3888 2452 3888 2375 3888 2269 3889 1725 3889 2066 3889 2146 3890 2147 3890 2402 3890 2007 3891 2000 3891 2008 3891 1810 3892 1763 3892 1811 3892 2077 3893 1842 3893 1645 3893 2338 3894 2377 3894 2419 3894 2238 3895 1694 3895 1754 3895 1898 3896 1680 3896 1682 3896 2153 3897 2455 3897 2339 3897 1729 3898 1708 3898 1637 3898 1940 3899 2401 3899 1941 3899 1824 3900 2268 3900 1780 3900 2132 3901 2421 3901 2079 3901 2184 3902 1423 3902 1435 3902 2205 3903 2345 3903 2033 3903 2080 3904 2422 3904 1371 3904 1929 3905 1805 3905 1930 3905 1693 3906 1691 3906 1899 3906 994 3907 1022 3907 1444 3907 2250 3908 1787 3908 1983 3908 1585 3909 2320 3909 2356 3909 2357 3910 2320 3910 2355 3910 1992 3911 2406 3911 2252 3911 2321 3912 2093 3912 2218 3912 2218 3913 2219 3913 1591 3913 2391 3914 2194 3914 2173 3914 1935 3915 1635 3915 1633 3915 1657 3916 1958 3916 1784 3916 2327 3917 2300 3917 2328 3917 2415 3918 2456 3918 2457 3918 1997 3919 2364 3919 1998 3919 2144 3920 2438 3920 1936 3920 2144 3921 1614 3921 1611 3921 2363 3922 1866 3922 1874 3922 1928 3923 2296 3923 1521 3923 2227 3924 2101 3924 2228 3924 1910 3925 2304 3925 1919 3925 2378 3926 2330 3926 2032 3926 2197 3927 2196 3927 1914 3927 2121 3928 2123 3928 2177 3928 1726 3929 1689 3929 1939 3929 1681 3930 2419 3930 1714 3930 2066 3931 1725 3931 2048 3931 2333 3932 1845 3932 2401 3932 1824 3933 1780 3933 1734 3933 1751 3934 2430 3934 1440 3934 2203 3935 1412 3935 1881 3935 1969 3936 2012 3936 1970 3936 2060 3937 1994 3937 2458 3937 1996 3938 2459 3938 2458 3938 2317 3939 2392 3939 2432 3939 2248 3940 2250 3940 2249 3940 2162 3941 2433 3941 1699 3941 2357 3942 2355 3942 1837 3942 2298 3943 2384 3943 2232 3943 2408 3944 2163 3944 1543 3944 2112 3945 1756 3945 1768 3945 2257 3946 1933 3946 2089 3946 1908 3947 2165 3947 1791 3947 1950 3948 2411 3948 2237 3948 2413 3949 2412 3949 1775 3949 2096 3950 2138 3950 2385 3950 1572 3951 2140 3951 1573 3951 1757 3952 2324 3952 2307 3952 2451 3953 2017 3953 2299 3953 1738 3954 1974 3954 2371 3954 2416 3955 2364 3955 2100 3955 2076 3956 2299 3956 1650 3956 2075 3957 2197 3957 1886 3957 1651 3958 1650 3958 1656 3958 2395 3959 2460 3959 2461 3959 1454 3960 2146 3960 2402 3960 2446 3961 2375 3961 2447 3961 2446 3962 1368 3962 1667 3962 2282 3963 2281 3963 1380 3963 1755 3964 1807 3964 1766 3964 1708 3965 2376 3965 2156 3965 2333 3966 2063 3966 1845 3966 2180 3967 2182 3967 2404 3967 2159 3968 2158 3968 2239 3968 2239 3969 1627 3969 1378 3969 1618 3970 2441 3970 2422 3970 1755 3971 1757 3971 2307 3971 2053 3972 2060 3972 2062 3972 2432 3973 2392 3973 2459 3973 1307 3974 1865 3974 1308 3974 2086 3975 2250 3975 1983 3975 2251 3976 2217 3976 2433 3976 2170 3977 2289 3977 2027 3977 2219 3978 2093 3978 1918 3978 1993 3979 2386 3979 1956 3979 2359 3980 2258 3980 1844 3980 2412 3981 1773 3981 1775 3981 2063 3982 2294 3982 1843 3982 2172 3983 2413 3983 2193 3983 2193 3984 2413 3984 1867 3984 1614 3985 1936 3985 1616 3985 1926 3986 1928 3986 1927 3986 2073 3987 2030 3987 2032 3987 2274 3988 2306 3988 2275 3988 2429 3989 2394 3989 2277 3989 1890 3990 2425 3990 2150 3990 1800 3991 2075 3991 1801 3991 2197 3992 1914 3992 2403 3992 2198 3993 2076 3993 1785 3993 2236 3994 2335 3994 2183 3994 2119 3995 2361 3995 2104 3995 2361 3996 2443 3996 1888 3996 2030 3997 2418 3997 2031 3997 2211 3998 2382 3998 1989 3998 2289 3999 2042 3999 2136 3999 2192 4000 1892 4000 1937 4000 2295 4001 2261 4001 1798 4001 1998 4002 2364 4002 2143 4002 2057 4003 2450 4003 2268 4003 2192 4004 1937 4004 2439 4004 2439 4005 1964 4005 1963 4005 2074 4006 1864 4006 1863 4006 1776 4007 1711 4007 2336 4007 1684 4008 2376 4008 1729 4008 2418 4009 1809 4009 2454 4009 2153 4010 2152 4010 2455 4010 2440 4011 2421 4011 2181 4011 1313 4012 2159 4012 1418 4012 1709 4013 1830 4013 1825 4013 1662 4014 2059 4014 1672 4014 2285 4015 1662 4015 1670 4015 1833 4016 1717 4016 1834 4016 1994 4017 1996 4017 2458 4017 2443 4018 1886 4018 1888 4018 1025 4019 1003 4019 1431 4019 976 4020 972 4020 1332 4020 2313 4021 1816 4021 2349 4021 2314 4022 2313 4022 2349 4022 2265 4023 2211 4023 1989 4023 2388 4024 2360 4024 1843 4024 2025 4025 2024 4025 2462 4025 2424 4026 2291 4026 2435 4026 1544 4027 2434 4027 1547 4027 1957 4028 1959 4028 1587 4028 1636 4029 1974 4029 1738 4029 2075 4030 2196 4030 2197 4030 1801 4031 2075 4031 1886 4031 1914 4032 2196 4032 2234 4032 2176 4033 2264 4033 2401 4033 2392 4034 2426 4034 2459 4034 2005 4035 1644 4035 1526 4035 2233 4036 2200 4036 1706 4036 2399 4037 2340 4037 1336 4037 2199 4038 1924 4038 1858 4038 2031 4039 1828 4039 2032 4039 1556 4040 2408 4040 1543 4040 2164 4041 1789 4041 1791 4041 2360 4042 2359 4042 1844 4042 2166 4043 2137 4043 1773 4043 2424 4044 2054 4044 2462 4044 2191 4045 2026 4045 2444 4045 1976 4046 1975 4046 1862 4046 2363 4047 1874 4047 1702 4047 2198 4048 1785 4048 1512 4048 2199 4049 2229 4049 1943 4049 2281 4050 2278 4050 1921 4050 2308 4051 1904 4051 1903 4051 2005 4052 1526 4052 2006 4052 2430 4053 2336 4053 1394 4053 2078 4054 2199 4054 1943 4054 1809 4055 1982 4055 2453 4055 1772 4056 2156 4056 1438 4056 2399 4057 2011 4057 2340 4057 1847 4058 2362 4058 2062 4058 2162 4059 2249 4059 2433 4059 2323 4060 2111 4060 1982 4060 2224 4061 1877 4061 1872 4061 2022 4062 2301 4062 1942 4062 1744 4063 1977 4063 2129 4063 1765 4064 2427 4064 1798 4064 1845 4065 2176 4065 2401 4065 2459 4066 2426 4066 2458 4066 1323 4067 2128 4067 2399 4067 1809 4068 2453 4068 2454 4068 230 4069 1056 4069 2463 4069 2294 4070 2388 4070 1843 4070 2055 4071 2435 4071 2194 4071 2261 4072 1796 4072 1798 4072 1835 4073 1867 4073 1775 4073 1955 4074 1954 4074 2004 4074 1976 4075 1862 4075 1882 4075 1770 4076 2072 4076 1792 4076 2439 4077 1963 4077 1802 4077 1965 4078 1964 4078 2272 4078 1750 4079 2373 4079 1758 4079 2001 4080 2373 4080 2154 4080 2204 4081 1546 4081 1548 4081 1797 4082 2103 4082 2178 4082 2407 4083 2319 4083 1986 4083 2139 4084 1850 4084 1849 4084 2024 4085 2291 4085 2424 4085 2193 4086 1867 4086 2363 4086 1823 4087 2116 4087 1640 4087 2426 4088 2061 4088 2458 4088 1996 4089 2405 4089 2459 4089 2405 4090 2432 4090 2459 4090 2019 4091 2153 4091 2071 4091 2396 4092 2461 4092 2464 4092 2271 4093 1884 4093 2013 4093 2199 4094 1858 4094 2266 4094 2254 4095 2110 4095 2103 4095 992 4096 1027 4096 1302 4096 2314 4097 2349 4097 2348 4097 2286 4098 2210 4098 2420 4098 2304 4099 2410 4099 1920 4099 1850 4100 2025 4100 1952 4100 2087 4101 1983 4101 1899 4101 1666 4102 2175 4102 1667 4102 1887 4103 2197 4103 2403 4103 2418 4104 2454 4104 2465 4104 2339 4105 2455 4105 1351 4105 1045 4106 993 4106 1343 4106 2289 4107 2136 4107 2027 4107 1895 4108 2260 4108 1896 4108 2391 4109 2173 4109 2436 4109 1782 4110 1822 4110 1727 4110 2193 4111 2363 4111 1704 4111 2371 4112 1974 4112 2018 4112 2228 4113 2236 4113 1944 4113 2372 4114 1961 4114 2126 4114 1501 4115 2000 4115 2007 4115 2394 4116 2348 4116 2350 4116 2185 4117 2343 4117 2466 4117 2061 4118 2060 4118 2458 4118 2098 4119 2275 4119 2097 4119 2387 4120 2323 4120 1982 4120 2113 4121 2094 4121 2453 4121 2218 4122 2434 4122 1544 4122 2412 4123 2166 4123 1773 4123 2370 4124 1731 4124 2061 4124 2374 4125 2102 4125 1804 4125 2337 4126 2130 4126 2004 4126 2460 4127 2303 4127 2461 4127 2174 4128 2448 4128 1834 4128 2271 4129 1885 4129 1884 4129 1879 4130 2127 4130 1355 4130 1896 4131 2254 4131 2103 4131 1828 4132 2378 4132 2032 4132 2137 4133 2139 4133 1849 4133 1867 4134 2413 4134 1775 4134 2425 4135 2298 4135 2445 4135 2305 4136 2269 4136 2066 4136 2395 4137 2332 4137 2460 4137 1761 4138 1741 4138 2342 4138 1887 4139 1905 4139 1888 4139 2097 4140 2275 4140 2337 4140 1037 4141 422 4141 1441 4141 2209 4142 2314 4142 2467 4142 2117 4143 1762 4143 1715 4143 1760 4144 2069 4144 1704 4144 1954 4145 2097 4145 2337 4145 2298 4146 2231 4146 2445 4146 2363 4147 1702 4147 1704 4147 1713 4148 2234 4148 1300 4148 2344 4149 2284 4149 2379 4149 2362 4150 2053 4150 2062 4150 1669 4151 2468 4151 1331 4151 2173 4152 2194 4152 2174 4152 2262 4153 2263 4153 1803 4153 2451 4154 2299 4154 2230 4154 1827 4155 2308 4155 2378 4155 2467 4156 2396 4156 2464 4156 1627 4157 1675 4157 1628 4157 2339 4158 1320 4158 1651 4158 2013 4159 1481 4159 2381 4159 1767 4160 1934 4160 1768 4160 1980 4161 2022 4161 1941 4161 1860 4162 1730 4162 1817 4162 2435 4163 1759 4163 2174 4163 1937 4164 1892 4164 1830 4164 2450 4165 2262 4165 1803 4165 1712 4166 1866 4166 1961 4166 2342 4167 1741 4167 2343 4167 1300 4168 2234 4168 2469 4168 1749 4169 1349 4169 1690 4169 2153 4170 2339 4170 1658 4170 2309 4171 2470 4171 2310 4171 1751 4172 2203 4172 1703 4172 1043 4173 671 4173 2471 4173 2321 4174 2218 4174 1544 4174 2024 4175 2424 4175 2462 4175 1894 4176 1782 4176 1784 4176 2021 4177 2184 4177 2466 4177 1336 4178 2340 4178 1337 4178 647 4179 550 4179 1377 4179 2260 4180 2253 4180 1896 4180 2253 4181 2254 4181 1896 4181 2330 4182 2073 4182 2032 4182 2009 4183 2431 4183 2244 4183 1922 4184 1777 4184 1779 4184 1955 4185 2004 4185 2006 4185 1958 4186 1894 4186 1784 4186 2226 4187 2169 4187 2029 4187 1301 4188 1966 4188 1745 4188 2071 4189 2153 4189 1658 4189 2303 4190 2397 4190 2461 4190 2472 4191 1860 4191 2442 4191 1964 4192 1829 4192 2272 4192 2154 4193 2373 4193 2417 4193 2147 4194 1905 4194 1887 4194 2402 4195 2147 4195 2403 4195 1837 4196 1930 4196 1838 4196 2270 4197 2439 4197 1802 4197 1913 4198 2031 4198 2465 4198 2332 4199 1940 4199 2460 4199 2210 4200 2209 4200 2467 4200 2111 4201 2113 4201 2453 4201 2387 4202 1982 4202 1811 4202 1762 4203 1681 4203 1715 4203 2123 4204 2226 4204 2029 4204 2301 4205 2303 4205 1942 4205 1654 4206 2450 4206 1655 4206 2448 4207 1759 4207 1714 4207 1426 4208 2341 4208 1841 4208 2074 4209 1863 4209 2473 4209 1626 4210 2081 4210 1346 4210 2010 4211 1878 4211 1841 4211 1696 4212 2390 4212 1674 4212 2067 4213 1663 4213 1674 4213 2229 4214 2228 4214 1944 4214 2177 4215 2028 4215 1907 4215 1982 4216 2111 4216 2453 4216 2100 4217 1716 4217 1718 4217 2324 4218 2325 4218 2307 4218 1805 4219 1641 4219 2474 4219 2278 4220 2371 4220 2018 4220 2147 4221 1887 4221 2403 4221 1774 4222 1849 4222 1851 4222 2325 4223 1847 4223 1733 4223 2096 4224 2385 4224 2179 4224 2054 4225 2056 4225 2431 4225 1959 4226 2451 4226 1580 4226 1641 4227 2116 4227 2474 4227 1782 4228 1727 4228 1783 4228 2385 4229 2087 4229 2179 4229 1814 4230 1913 4230 2465 4230 2473 4231 1863 4231 1382 4231 2264 4232 1980 4232 1941 4232 2231 4233 2202 4233 2475 4233 2229 4234 2199 4234 2266 4234 2396 4235 2395 4235 2461 4235 1993 4236 1956 4236 1737 4236 2116 4237 2115 4237 2474 4237 1981 4238 2124 4238 2201 4238 2343 4239 1999 4239 2466 4239 2031 4240 2418 4240 2465 4240 2103 4241 2110 4241 2178 4241 2409 4242 1836 4242 1838 4242 1954 4243 2337 4243 2004 4243 2227 4244 2229 4244 2266 4244 2451 4245 1560 4245 1580 4245 1643 4246 1739 4246 1659 4246 2389 4247 1801 4247 2443 4247 2461 4248 2397 4248 2464 4248 2100 4249 1718 4249 2476 4249 2390 4250 2067 4250 1674 4250 2397 4251 2420 4251 2464 4251 2069 4252 2193 4252 1704 4252 2175 4253 2446 4253 1667 4253 2002 4254 2154 4254 2155 4254 1644 4255 2077 4255 1645 4255 1842 4256 1817 4256 1645 4256 2467 4257 2314 4257 2348 4257 2378 4258 2308 4258 2310 4258 2448 4259 1832 4259 1834 4259 2210 4260 2467 4260 2464 4260 2154 4261 2417 4261 1952 4261 2389 4262 2270 4262 1802 4262 2387 4263 1811 4263 2178 4263 1981 4264 1705 4264 1707 4264 2131 4265 1917 4265 1842 4265 1801 4266 1886 4266 2443 4266 1930 4267 1837 4267 1931 4267 2277 4268 2394 4268 2350 4268 1940 4269 1942 4269 2460 4269 1945 4270 2021 4270 2466 4270 1815 4271 1814 4271 2465 4271 1952 4272 2025 4272 2155 4272 1759 4273 2291 4273 1715 4273 2028 4274 2118 4274 1907 4274 2143 4275 2416 4275 2477 4275 1700 4276 1660 4276 1701 4276 2474 4277 2115 4277 1838 4277 2056 4278 2195 4278 2245 4278 1758 4279 2468 4279 1669 4279 1943 4280 2229 4280 1944 4280 2325 4281 1733 4281 2307 4281 1716 4282 2436 4282 1717 4282 1865 4283 1965 4283 2381 4283 2445 4284 2231 4284 2475 4284 2394 4285 2396 4285 2348 4285 1836 4286 2357 4286 1837 4286 2125 4287 2330 4287 2310 4287 2401 4288 2264 4288 1941 4288 2296 4289 1955 4289 2006 4289 1965 4290 2272 4290 2381 4290 2334 4291 1794 4291 2148 4291 2104 4292 2361 4292 1888 4292 1917 4293 2277 4293 2350 4293 2127 4294 2125 4294 2470 4294 1922 4295 2278 4295 2018 4295 2396 4296 2467 4296 2348 4296 2181 4297 2244 4297 2245 4297 2184 4298 2185 4298 2466 4298 2094 4299 1815 4299 2454 4299 2436 4300 2173 4300 1717 4300 2272 4301 2013 4301 2381 4301 1758 4302 1967 4302 2468 4302 2420 4303 2210 4303 2464 4303 1587 4304 1959 4304 1580 4304 1661 4305 2237 4305 1648 4305 1956 4306 1854 4306 1737 4306 2416 4307 2100 4307 2476 4307 2341 4308 2010 4308 1841 4308 1952 4309 2417 4309 1851 4309 2330 4310 2378 4310 2310 4310 2419 4311 2377 4311 1714 4311 2202 4312 2233 4312 1705 4312 1942 4313 2303 4313 2460 4313 2182 4314 2478 4314 2479 4314 2454 4315 1815 4315 2465 4315 2194 4316 2435 4316 2174 4316 2414 4317 2415 4317 2457 4317 1997 4318 1610 4318 1676 4318 1967 4319 1968 4319 2468 4319 1905 4320 2104 4320 1888 4320 2018 4321 1976 4321 1777 4321 1981 4322 1707 4322 1654 4322 1939 4323 2019 4323 1783 4323 2377 4324 2448 4324 1714 4324 2008 4325 2002 4325 2480 4325 2456 4326 2157 4326 2457 4326 2462 4327 2054 4327 2480 4327 2110 4328 2387 4328 2178 4328 2339 4329 1651 4329 1658 4329 2096 4330 2179 4330 1682 4330 2440 4331 2180 4331 2481 4331 1999 4332 1945 4332 2466 4332 2477 4333 2202 4333 2201 4333 1930 4334 1805 4334 2474 4334 1883 4335 1760 4335 1703 4335 1727 4336 1939 4336 1783 4336 1473 4337 1922 4337 1779 4337 2291 4338 2117 4338 1715 4338 1976 4339 1882 4339 1777 4339 2470 4340 2125 4340 2310 4340 2019 4341 2071 4341 1783 4341 1922 4342 2018 4342 1777 4342 2196 4343 2074 4343 2473 4343 2438 4344 2143 4344 2477 4344 1917 4345 2350 4345 1818 4345 2179 4346 1898 4346 1682 4346 2126 4347 1774 4347 1851 4347 2025 4348 2462 4348 2155 4348 2179 4349 2087 4349 1899 4349 2421 4350 2009 4350 2244 4350 2475 4351 2202 4351 2477 4351 1739 4352 1685 4352 1659 4352 2350 4353 2349 4353 1818 4353 2349 4354 1816 4354 1818 4354 2181 4355 2421 4355 2244 4355 2445 4356 2475 4356 2476 4356 1833 4357 2398 4357 1718 4357 2268 4358 2450 4358 1654 4358 1930 4359 2474 4359 1838 4359 1717 4360 2173 4360 1834 4360 1741 4361 2393 4361 2343 4361 2417 4362 2126 4362 1851 4362 2180 4363 1875 4363 2481 4363 2404 4364 2182 4364 2479 4364 2203 4365 1883 4365 1703 4365 2187 4366 1929 4366 1931 4366 1661 4367 1660 4367 1700 4367 1762 4368 2096 4368 1682 4368 2438 4369 2477 4369 2201 4369 1863 4370 1307 4370 1382 4370 2416 4371 2475 4371 2477 4371 2077 4372 2131 4372 1842 4372 2472 4373 1730 4373 1860 4373 2469 4374 2473 4374 1382 4374 2462 4375 2480 4375 2155 4375 2234 4376 2196 4376 2473 4376 2009 4377 2008 4377 2431 4377 2469 4378 2234 4378 2473 4378 2217 4379 1661 4379 1700 4379 2376 4380 2282 4380 1403 4380 1730 4381 1605 4381 1539 4381 1817 4382 1730 4382 1645 4382 2393 4383 1999 4383 2343 4383 2480 4384 2002 4384 2155 4384 2391 4385 2437 4385 2478 4385 2398 4386 2445 4386 2476 4386 1718 4387 2398 4387 2476 4387 2115 4388 2409 4388 1838 4388 2478 4389 2437 4389 2479 4389 2008 4390 2480 4390 2431 4390 1699 4391 2433 4391 1700 4391 2124 4392 2438 4392 2201 4392 2157 4393 2404 4393 2479 4393 2480 4394 2054 4394 2431 4394 1647 4395 1646 4395 1655 4395 2475 4396 2416 4396 2476 4396 2195 4397 2391 4397 2478 4397 1675 4398 2158 4398 2456 4398 2158 4399 2157 4399 2456 4399 2299 4400 2017 4400 1656 4400 2156 4401 2376 4401 1403 4401 1650 4402 2299 4402 1656 4402 1780 4403 2268 4403 1707 4403 1837 4404 2355 4404 1931 4404 2182 4405 2181 4405 2245 4405 1803 4406 1647 4406 1655 4406 2233 4407 1706 4407 1705 4407 2355 4408 1699 4408 1701 4408 2415 4409 1997 4409 1676 4409 2245 4410 2195 4410 2478 4410 2437 4411 2414 4411 2457 4411 2450 4412 1803 4412 1655 4412 1660 4413 2187 4413 1701 4413 1707 4414 2268 4414 1654 4414 2187 4415 1931 4415 1701 4415 1931 4416 2355 4416 1701 4416 2433 4417 2217 4417 1700 4417 2182 4418 2245 4418 2478 4418 2457 4419 2157 4419 2479 4419 1676 4420 1675 4420 2456 4420 2415 4421 1676 4421 2456 4421 2437 4422 2457 4422 2479 4422 2472 4423 1605 4423 1730 4423 1583 4424 1605 4424 2472 4424 1582 4425 1605 4425 1583 4425 2356 4426 1604 4426 1554 4426 1537 4427 1570 4427 1535 4427 1582 4428 1528 4428 1605 4428 1570 4429 1590 4429 1577 4429 1550 4430 2356 4430 1554 4430 1957 4431 1587 4431 1589 4431 2444 4432 2026 4432 1589 4432 2472 4433 2442 4433 1592 4433 1582 4434 1529 4434 1528 4434 1537 4435 1590 4435 1570 4435 1603 4436 1579 4436 1542 4436 2026 4437 1957 4437 1589 4437 1579 4438 2161 4438 1540 4438 2248 4439 1584 4439 1540 4439 1580 4440 1560 4440 1561 4440 1600 4441 2316 4441 1601 4441 1583 4442 2472 4442 1592 4442 2283 4443 1593 4443 1569 4443 1923 4444 1606 4444 2482 4444 2444 4445 1589 4445 1575 4445 1598 4446 1588 4446 1581 4446 1558 4447 1603 4447 1559 4447 1560 4448 2230 4448 1536 4448 2198 4449 1511 4449 1536 4449 2161 4450 2248 4450 1540 4450 2434 4451 1591 4451 1578 4451 1589 4452 1588 4452 1575 4452 1538 4453 1590 4453 1537 4453 1590 4454 1529 4454 1582 4454 1565 4455 2283 4455 1569 4455 1923 4456 2482 4456 2483 4456 2312 4457 2351 4457 2483 4457 1592 4458 2442 4458 2482 4458 1576 4459 1598 4459 1581 4459 1606 4460 1602 4460 2482 4460 2351 4461 2208 4461 2484 4461 1602 4462 1592 4462 2482 4462 2230 4463 2198 4463 1536 4463 2482 4464 2442 4464 2483 4464 1549 4465 2434 4465 1578 4465 1564 4466 2444 4466 1575 4466 2484 4467 2208 4467 2485 4467 2483 4468 2351 4468 2484 4468 2442 4469 2312 4469 2483 4469 2208 4470 2352 4470 2485 4470 2243 4471 2240 4471 2486 4471 1594 4472 2243 4472 1595 4472 2485 4473 2352 4473 2486 4473 2379 4474 1923 4474 2484 4474 1923 4475 2483 4475 2484 4475 2383 4476 1579 4476 1558 4476 1557 4477 2354 4477 1558 4477 1597 4478 2036 4478 1596 4478 2379 4479 2484 4479 2485 4479 2243 4480 2486 4480 1595 4480 2315 4481 2316 4481 1600 4481 2034 4482 1603 4482 1542 4482 1538 4483 1529 4483 1590 4483 2344 4484 2379 4484 2485 4484 2380 4485 1599 4485 1601 4485 2344 4486 2485 4486 2486 4486 2240 4487 2344 4487 2486 4487 1948 4488 1947 4488 2487 4488 2487 4489 1947 4489 1559 4489 2352 4490 1597 4490 1595 4490 1947 4491 1557 4491 1559 4491 2486 4492 2352 4492 1595 4492 1599 4493 1594 4493 1596 4493 2354 4494 2383 4494 1558 4494 2036 4495 2315 4495 1600 4495 1551 4496 2034 4496 1542 4496 2316 4497 1948 4497 1601 4497 2346 4498 2380 4498 2487 4498 2346 4499 2487 4499 1559 4499 1603 4500 2346 4500 1559 4500 1596 4501 2036 4501 1600 4501 1599 4502 1596 4502 1600 4502 2380 4503 1601 4503 2487 4503 1601 4504 1948 4504 2487 4504 1538 4505 1531 4505 1529 4505 1644 4506 1539 4506 1527 4506 1538 4507 1534 4507 1531 4507 1526 4508 1644 4508 1527 4508 1514 4509 1534 4509 1538 4509 1979 4510 1521 4510 1523 4510 1979 4511 1519 4511 1520 4511 2006 4512 1526 4512 1522 4512 1521 4513 2296 4513 1522 4513 2452 4514 1979 4514 1520 4514 1517 4515 2375 4515 1520 4515 1516 4516 1534 4516 1514 4516 1534 4517 1524 4517 1532 4517 1532 4518 1524 4518 1518 4518 2296 4519 2006 4519 1522 4519 2375 4520 2452 4520 1520 4520 1519 4521 1979 4521 1523 4521 1533 4522 1519 4522 1523 4522 1525 4523 1533 4523 1523 4523 1524 4524 1510 4524 1509 4524 1516 4525 1524 4525 1534 4525 1504 4526 1516 4526 1513 4526 1516 4527 1510 4527 1524 4527 1504 4528 1513 4528 1505 4528 1504 4529 1510 4529 1516 4529 1506 4530 1510 4530 1504 4530 1506 4531 1507 4531 1510 4531 1494 4532 1506 4532 1485 4532 1506 4533 1449 4533 1507 4533 1413 4534 1401 4534 2488 4534 1494 4535 1449 4535 1506 4535 1459 4536 1458 4536 2489 4536 1761 4537 2342 4537 2490 4537 2491 4538 1399 4538 2492 4538 1378 4539 1417 4539 1419 4539 1409 4540 1469 4540 1424 4540 1443 4541 2079 4541 1493 4541 2440 4542 2481 4542 1493 4542 2493 4543 1371 4543 2494 4543 1481 4544 1431 4544 1364 4544 1482 4545 2014 4545 1497 4545 1441 4546 1443 4546 2495 4546 2105 4547 1508 4547 1405 4547 2496 4548 1494 4548 1484 4548 1494 4549 1848 4549 1449 4549 1334 4550 1761 4550 2490 4550 2491 4551 1386 4551 1399 4551 1417 4552 1378 4552 1388 4552 2079 4553 2440 4553 1493 4553 1466 4554 1465 4554 2497 4554 2102 4555 1496 4555 1497 4555 1496 4556 1341 4556 1482 4556 1423 4557 2183 4557 1424 4557 2335 4558 1409 4558 1424 4558 1442 4559 1432 4559 1502 4559 1502 4560 1432 4560 1434 4560 1748 4561 1471 4561 1427 4561 1482 4562 1374 4562 2498 4562 1490 4563 1453 4563 1455 4563 1453 4564 1342 4564 1456 4564 1371 4565 2493 4565 1372 4565 1501 4566 2007 4566 1502 4566 2132 4567 1442 4567 1502 4567 1318 4568 1345 4568 2499 4568 1449 4569 1848 4569 1450 4569 1799 4570 1793 4570 1460 4570 1915 4571 1490 4571 1455 4571 1721 4572 1454 4572 1456 4572 1342 4573 1938 4573 1456 4573 1454 4574 2402 4574 1455 4574 1498 4575 1414 4575 1499 4575 2490 4576 2342 4576 1437 4576 1404 4577 1403 4577 1467 4577 1446 4578 1445 4578 2500 4578 1474 4579 1473 4579 2501 4579 1507 4580 1449 4580 1451 4580 2185 4581 1435 4581 1437 4581 1477 4582 2490 4582 1437 4582 2080 4583 1371 4583 1370 4583 1346 4584 2081 4584 1370 4584 2400 4585 2102 4585 1497 4585 1416 4586 1324 4586 1421 4586 1471 4587 1337 4587 1428 4587 2455 4588 2152 4588 1358 4588 2470 4589 2309 4589 1390 4589 1445 4590 1444 4590 2502 4590 1405 4591 1508 4591 1451 4591 1487 4592 1405 4592 1451 4592 2496 4593 1848 4593 1494 4593 1746 4594 1748 4594 1427 4594 1426 4595 2058 4595 1427 4595 2183 4596 2335 4596 1424 4596 2341 4597 1426 4597 1428 4597 1337 4598 2340 4598 1428 4598 2400 4599 1458 4599 1460 4599 1626 4600 1346 4600 1348 4600 1378 4601 1627 4601 1348 4601 1392 4602 1747 4602 1357 4602 1879 4603 1355 4603 1357 4603 1298 4604 1300 4604 2503 4604 2400 4605 1497 4605 1458 4605 1497 4606 2014 4606 1458 4606 1355 4607 2127 4607 1389 4607 1038 4608 1848 4608 2496 4608 1016 4609 1015 4609 1311 4609 1039 4610 1038 4610 2496 4610 1014 4611 1013 4611 1478 4611 1019 4612 1055 4612 1474 4612 363 4613 1020 4613 2488 4613 1310 4614 1016 4614 1311 4614 997 4615 996 4615 1369 4615 1160 4616 1491 4616 2504 4616 1990 4617 1034 4617 1466 4617 280 4618 230 4618 2505 4618 1020 4619 2160 4619 2488 4619 2160 4620 1019 4620 1474 4620 1433 4621 984 4621 2504 4621 1015 4622 2246 4622 1311 4622 1021 4623 1176 4623 1318 4623 1469 4624 979 4624 1425 4624 1176 4625 1316 4625 1318 4625 1328 4626 280 4626 2505 4626 1013 4627 1352 4627 1478 4627 1004 4628 1007 4628 1404 4628 970 4629 54 4629 1436 4629 1475 4630 970 4630 1436 4630 573 4631 1009 4631 2506 4631 1379 4632 1004 4632 1404 4632 1055 4633 1472 4633 1474 4633 54 4634 1477 4634 1436 4634 984 4635 1160 4635 2504 4635 1373 4636 573 4636 2506 4636 1034 4637 1033 4637 1466 4637 1332 4638 972 4638 1457 4638 972 4639 971 4639 1457 4639 1027 4640 158 4640 1303 4640 1464 4641 995 4641 1446 4641 1848 4642 261 4642 1450 4642 1033 4643 1464 4643 1466 4643 995 4644 994 4644 1446 4644 1319 4645 1014 4645 1478 4645 1401 4646 363 4646 2488 4646 230 4647 2463 4647 2505 4647 158 4648 1488 4648 1303 4648 1009 4649 1298 4649 2506 4649 1302 4650 1027 4650 1303 4650 1011 4651 1487 4651 1450 4651 1046 4652 1045 4652 1324 4652 261 4653 1011 4653 1450 4653 1312 4654 839 4654 1411 4654 1343 4655 993 4655 1338 4655 2471 4656 671 4656 2493 4656 1045 4657 1343 4657 1324 4657 839 4658 4 4658 1411 4658 1459 4659 1028 4659 2491 4659 991 4660 1360 4660 1305 4660 1430 4661 997 4661 1369 4661 1008 4662 991 4662 1305 4662 1472 4663 1054 4663 1381 4663 994 4664 1444 4664 1446 4664 1416 4665 1046 4665 1324 4665 1028 4666 1049 4666 2491 4666 671 4667 662 4667 2493 4667 1007 4668 1402 4668 1404 4668 993 4669 992 4669 1338 4669 4 4670 1492 4670 1411 4670 979 4671 978 4671 1425 4671 992 4672 1302 4672 1338 4672 1298 4673 1008 4673 1305 4673 971 4674 1310 4674 1457 4674 1049 4675 1386 4675 2491 4675 996 4676 1125 4676 1367 4676 978 4677 1475 4677 1425 4677 1125 4678 1990 4678 1367 4678 1054 4679 1005 4679 1381 4679 1005 4680 1379 4680 1381 4680 1444 4681 1022 4681 2499 4681 2007 4682 2132 4682 1502 4682 1022 4683 1021 4683 2499 4683 1665 4684 1667 4684 1470 4684 1044 4685 2449 4685 1495 4685 1371 4686 2422 4686 2494 4686 998 4687 1319 4687 1321 4687 1793 4688 2400 4688 1460 4688 1491 4689 983 4689 1330 4689 982 4690 1328 4690 1330 4690 1875 4691 1313 4691 1315 4691 1968 4692 1501 4692 1434 4692 999 4693 998 4693 1321 4693 2449 4694 1044 4694 2507 4694 983 4695 982 4695 1330 4695 1469 4696 1409 4696 1408 4696 2402 4697 1915 4697 1455 4697 1938 4698 1721 4698 1456 4698 1377 4699 550 4699 1350 4699 549 4700 1347 4700 1350 4700 1376 4701 1438 4701 2508 4701 1483 4702 1462 4702 2509 4702 1301 4703 1745 4703 1322 4703 1335 4704 1041 4704 1354 4704 1091 4705 1416 4705 1354 4705 1385 4706 2148 4706 1399 4706 2246 4707 1109 4707 2510 4707 1431 4708 1480 4708 2511 4708 2279 4709 1323 4709 1325 4709 2282 4710 1380 4710 1467 4710 1311 4711 2246 4711 1358 4711 1334 4712 2490 4712 2512 4712 1779 4713 1778 4713 2513 4713 1331 4714 2468 4714 1503 4714 1402 4715 1006 4715 2508 4715 986 4716 1376 4716 2508 4716 1652 4717 1320 4717 1384 4717 1316 4718 1026 4718 2511 4718 1025 4719 1431 4719 2511 4719 1309 4720 1690 4720 1363 4720 1393 4721 304 4721 1359 4721 981 4722 1356 4722 1359 4722 1340 4723 1400 4723 1468 4723 2470 4724 1390 4724 1389 4724 550 4725 549 4725 1350 4725 1508 4726 1507 4726 1451 4726 1471 4727 1748 4727 1499 4727 1340 4728 183 4728 1374 4728 1353 4729 1089 4729 2514 4729 1367 4730 1990 4730 1470 4730 1056 4731 975 4731 2515 4731 647 4732 1377 4732 1372 4732 2342 4733 2185 4733 1437 4733 2081 4734 2080 4734 1370 4734 1409 4735 1607 4735 1410 4735 1375 4736 267 4736 1408 4736 1018 4737 1469 4737 1408 4737 1394 4738 2336 4738 2516 4738 1041 4739 1091 4739 1354 4739 1418 4740 2159 4740 1419 4740 2239 4741 1378 4741 1419 4741 2496 4742 1484 4742 2514 4742 1489 4743 2280 4743 1448 4743 1109 4744 999 4744 2510 4744 1903 4745 1476 4745 2517 4745 2152 4746 1309 4746 1358 4746 2133 4747 2449 4747 2518 4747 1884 4748 1317 4748 1366 4748 996 4749 1367 4749 1369 4749 1021 4750 1318 4750 2499 4750 1335 4751 1414 4751 1500 4751 1748 4752 1392 4752 1499 4752 696 4753 695 4753 1314 4753 2399 4754 1336 4754 1421 4754 2156 4755 1403 4755 1486 4755 1487 4756 1010 4756 1406 4756 1110 4757 1430 4757 1406 4757 2430 4758 1394 4758 1396 4758 1414 4759 1471 4759 1499 4759 2134 4760 1032 4760 1391 4760 1031 4761 1393 4761 1391 4761 2058 4762 1746 4762 1427 4762 1053 4763 1498 4763 1398 4763 1356 4764 980 4764 1398 4764 1443 4765 1492 4765 2495 4765 556 4766 1417 4766 1388 4766 1347 4767 1157 4767 1388 4767 2105 4768 1405 4768 1407 4768 2449 4769 1489 4769 1495 4769 1405 4770 1487 4770 1406 4770 1477 4771 53 4771 2512 4771 2340 4772 2341 4772 1428 4772 1006 4773 986 4773 2508 4773 1970 4774 1445 4774 2502 4774 1627 4775 1626 4775 1348 4775 1353 4776 2514 4776 2509 4776 1026 4777 1025 4777 2511 4777 304 4778 981 4778 1359 4778 2490 4779 1477 4779 2512 4779 999 4780 1321 4780 2510 4780 1321 4781 1351 4781 2510 4781 696 4782 1314 4782 1422 4782 1368 4783 2447 4783 1429 4783 1349 4784 1457 4784 1363 4784 1432 4785 1441 4785 1452 4785 183 4786 182 4786 1374 4786 1089 4787 1039 4787 2514 4787 2463 4788 1056 4788 2515 4788 1390 4789 2309 4789 2517 4789 2134 4790 1390 4790 2517 4790 1048 4791 989 4791 1387 4791 662 4792 647 4792 1372 4792 1039 4793 2496 4793 2514 4793 1747 4794 1879 4794 1357 4794 2493 4795 662 4795 1372 4795 1360 4796 990 4796 1468 4796 987 4797 1340 4797 1468 4797 421 4798 1433 4798 1452 4798 1441 4799 422 4799 1452 4799 267 4800 1018 4800 1408 4800 1390 4801 2134 4801 1391 4801 2504 4802 1491 4802 1503 4802 1465 4803 1665 4803 2497 4803 1042 4804 1335 4804 1500 4804 1498 4805 1052 4805 1500 4805 157 4806 1044 4806 1495 4806 1492 4807 3 4807 2495 4807 1037 4808 1441 4808 2495 4808 974 4809 1397 4809 1395 4809 2127 4810 2470 4810 1389 4810 976 4811 1332 4811 1447 4811 2515 4812 975 4812 1395 4812 1029 4813 1459 4813 2489 4813 2014 4814 1050 4814 2489 4814 1329 4815 1328 4815 2519 4815 989 4816 988 4816 1479 4816 1044 4817 1043 4817 2507 4817 1417 4818 555 4818 1422 4818 1051 4819 2014 4819 2498 4819 1473 4820 1779 4820 2501 4820 2471 4821 2493 4821 2494 4821 2506 4822 2503 4822 1383 4822 2504 4823 1503 4823 2520 4823 2471 4824 2494 4824 2518 4824 1334 4825 2512 4825 1447 4825 2514 4826 1484 4826 2509 4826 1478 4827 1362 4827 1384 4827 695 4828 1312 4828 1314 4828 1667 4829 1368 4829 1470 4829 2014 4830 1482 4830 2498 4830 1380 4831 1921 4831 1461 4831 1314 4832 1418 4832 1422 4832 2422 4833 2441 4833 2494 4833 1303 4834 1488 4834 1448 4834 2515 4835 1394 4835 2516 4835 2517 4836 1476 4836 1479 4836 1413 4837 2488 4837 2513 4837 1458 4838 2014 4838 2489 4838 2481 4839 1875 4839 1315 4839 2455 4840 1358 4840 2521 4840 1010 4841 1110 4841 1406 4841 1473 4842 1472 4842 1461 4842 1921 4843 1473 4843 1461 4843 1032 4844 1031 4844 1391 4844 1492 4845 1493 4845 1420 4845 1484 4846 1483 4846 2509 4846 1465 4847 1464 4847 2500 4847 980 4848 1053 4848 1398 4848 1157 4849 556 4849 1388 4849 1394 4850 2515 4850 1395 4850 1445 4851 2285 4851 2500 4851 2285 4852 1465 4852 2500 4852 1490 4853 1299 4853 1365 4853 2488 4854 2160 4854 2513 4854 1745 4855 1339 4855 1322 4855 53 4856 977 4856 2512 4856 1399 4857 1799 4857 2492 4857 2148 4858 1799 4858 1399 4858 1373 4859 2506 4859 1383 4859 1457 4860 1310 4860 1363 4860 1411 4861 1492 4861 1420 4861 1339 4862 2279 4862 1325 4862 2463 4863 2516 4863 2522 4863 1403 4864 2282 4864 1467 4864 2494 4865 2441 4865 2518 4865 2518 4866 2449 4866 2507 4866 1779 4867 2513 4867 2501 4867 2481 4868 1315 4868 1420 4868 1316 4869 2511 4869 1366 4869 1778 4870 1413 4870 2513 4870 2468 4871 1968 4871 1503 4871 1319 4872 1478 4872 1384 4872 1665 4873 1470 4873 2497 4873 1362 4874 1652 4874 1384 4874 1690 4875 1349 4875 1363 4875 1358 4876 2246 4876 2521 4876 1607 4877 1415 4877 1410 4877 1386 4878 1048 4878 1387 4878 1374 4879 182 4879 2498 4879 1379 4880 1404 4880 1467 4880 2336 4881 1686 4881 2516 4881 2159 4882 2239 4882 1419 4882 2280 4883 1301 4883 1448 4883 2511 4884 1480 4884 1366 4884 990 4885 987 4885 1468 4885 2309 4886 1903 4886 2517 4886 422 4887 421 4887 1452 4887 1351 4888 2455 4888 2521 4888 1345 4889 1970 4889 2502 4889 2516 4890 1686 4890 2522 4890 2441 4891 2133 4891 2518 4891 1480 4892 1884 4892 1366 4892 2509 4893 1462 4893 1463 4893 1503 4894 1968 4894 2520 4894 1052 4895 1042 4895 1500 4895 2447 4896 2105 4896 1407 4896 2512 4897 977 4897 1447 4897 2505 4898 2463 4898 2522 4898 2463 4899 2515 4899 2516 4899 1671 4900 1329 4900 2519 4900 1472 4901 1381 4901 1461 4901 1686 4902 1671 4902 2522 4902 1488 4903 157 4903 1495 4903 3 4904 1037 4904 2495 4904 1323 4905 2399 4905 1421 4905 1402 4906 2508 4906 1486 4906 975 4907 974 4907 1395 4907 977 4908 976 4908 1447 4908 1438 4909 2156 4909 1486 4909 1050 4910 1029 4910 2489 4910 1464 4911 1446 4911 2500 4911 1799 4912 1460 4912 2492 4912 1300 4913 2469 4913 2503 4913 1493 4914 2481 4914 1420 4914 988 4915 2134 4915 1479 4915 1043 4916 2471 4916 2507 4916 2503 4917 2469 4917 1383 4917 1440 4918 2430 4918 1396 4918 2469 4919 1382 4919 1383 4919 1304 4920 1353 4920 1463 4920 182 4921 1051 4921 2498 4921 2505 4922 2522 4922 2519 4922 555 4923 696 4923 1422 4923 2499 4924 1345 4924 2502 4924 2506 4925 1298 4925 2503 4925 2508 4926 1438 4926 1486 4926 1444 4927 2499 4927 2502 4927 1459 4928 2491 4928 2492 4928 1460 4929 1459 4929 2492 4929 2510 4930 1351 4930 2521 4930 2134 4931 2517 4931 1479 4931 1470 4932 1990 4932 2497 4932 1430 4933 1369 4933 1429 4933 1990 4934 1466 4934 2497 4934 1433 4935 2504 4935 2520 4935 1328 4936 2505 4936 2519 4936 2513 4937 2160 4937 2501 4937 1434 4938 1433 4938 2520 4938 2522 4939 1671 4939 2519 4939 2246 4940 2510 4940 2521 4940 1968 4941 1434 4941 2520 4941 2160 4942 1474 4942 2501 4942 2471 4943 2518 4943 2507 4943 1353 4944 2509 4944 1463 4944 1407 4945 1430 4945 1429 4945 2447 4946 1407 4946 1429 4946 2523 4947 2524 4947 2525 4947 2526 4948 2527 4948 2528 4948 2529 4949 2530 4949 2531 4949 2532 4950 1221 4950 1261 4950 2533 4951 2534 4951 2535 4951 2536 4952 2537 4952 2538 4952 2539 4953 2540 4953 2541 4953 2542 4954 2531 4954 2530 4954 2533 4955 2535 4955 2543 4955 2544 4956 2523 4956 2525 4956 2536 4957 2539 4957 2541 4957 2545 4958 2546 4958 2547 4958 2548 4959 2546 4959 2545 4959 2549 4960 2550 4960 2551 4960 2552 4961 2553 4961 2554 4961 2536 4962 2538 4962 2539 4962 2532 4963 1261 4963 2555 4963 2526 4964 2528 4964 2556 4964 2557 4965 2558 4965 2559 4965 2549 4966 2551 4966 2560 4966 2561 4967 1284 4967 2562 4967 2561 4968 1283 4968 1284 4968 2552 4969 2563 4969 2553 4969 2555 4970 1262 4970 2564 4970 2565 4971 2566 4971 2567 4971 2568 4972 1244 4972 1245 4972 2569 4973 2570 4973 2547 4973 2536 4974 1197 4974 1196 4974 2571 4975 2528 4975 2527 4975 2569 4976 2547 4976 2546 4976 2572 4977 2573 4977 2574 4977 2575 4978 2525 4978 2524 4978 2576 4979 2577 4979 2578 4979 2579 4980 2580 4980 2581 4980 2582 4981 2559 4981 2558 4981 2568 4982 1245 4982 2583 4982 2584 4983 2565 4983 2567 4983 2585 4984 1253 4984 1254 4984 2586 4985 1250 4985 2587 4985 2588 4986 2541 4986 2540 4986 2589 4987 2587 4987 1250 4987 2590 4988 2529 4988 2531 4988 2591 4989 2592 4989 2593 4989 2594 4990 2577 4990 2576 4990 2579 4991 2595 4991 2580 4991 2596 4992 2531 4992 1224 4992 2588 4993 2540 4993 2597 4993 2555 4994 1261 4994 1262 4994 2598 4995 2599 4995 2600 4995 2601 4996 2538 4996 2537 4996 2602 4997 2603 4997 2604 4997 2598 4998 2600 4998 2605 4998 2596 4999 1224 4999 1226 4999 2585 5000 1254 5000 2606 5000 2607 5001 2608 5001 2609 5001 2610 5002 2551 5002 2550 5002 2532 5003 2611 5003 1221 5003 2572 5004 2574 5004 2563 5004 2612 5005 2613 5005 2614 5005 2536 5006 1196 5006 2537 5006 2536 5007 2541 5007 1197 5007 2586 5008 2615 5008 2616 5008 2617 5009 2561 5009 2562 5009 2555 5010 2564 5010 2618 5010 2619 5011 2620 5011 2621 5011 2622 5012 2574 5012 2573 5012 2591 5013 2623 5013 2592 5013 2624 5014 2625 5014 2626 5014 2627 5015 2628 5015 2629 5015 2630 5016 2604 5016 2603 5016 2631 5017 2557 5017 2559 5017 2614 5018 2613 5018 2629 5018 2632 5019 2633 5019 1207 5019 2634 5020 2635 5020 2636 5020 2637 5021 2626 5021 2625 5021 2532 5022 2638 5022 2611 5022 2569 5023 2639 5023 2570 5023 2640 5024 2641 5024 2642 5024 2594 5025 2576 5025 2643 5025 2619 5026 2621 5026 2644 5026 2607 5027 2609 5027 2645 5027 2646 5028 2616 5028 2615 5028 2632 5029 1207 5029 1214 5029 2548 5030 1235 5030 1233 5030 2548 5031 1233 5031 2546 5031 2647 5032 2549 5032 2560 5032 2648 5033 2594 5033 2643 5033 2609 5034 2570 5034 2639 5034 2612 5035 2649 5035 2650 5035 2612 5036 2650 5036 2613 5036 2629 5037 2628 5037 2625 5037 2627 5038 2629 5038 2613 5038 2651 5039 2652 5039 2653 5039 2654 5040 2535 5040 2534 5040 2634 5041 2655 5041 2635 5041 2632 5042 2656 5042 2633 5042 2657 5043 2658 5043 2530 5043 2617 5044 2614 5044 2561 5044 2602 5045 2659 5045 2603 5045 2660 5046 2661 5046 2662 5046 2663 5047 2611 5047 2638 5047 2664 5048 2578 5048 2577 5048 2665 5049 2666 5049 1270 5049 2667 5050 2649 5050 2612 5050 2668 5051 2669 5051 2670 5051 2629 5052 2625 5052 2624 5052 2542 5053 2530 5053 2658 5053 2671 5054 2633 5054 2656 5054 2586 5055 2587 5055 2615 5055 2651 5056 2653 5056 2672 5056 2660 5057 2662 5057 2673 5057 2674 5058 1244 5058 2568 5058 2596 5059 2594 5059 2648 5059 2675 5060 2529 5060 2648 5060 2676 5061 2677 5061 2678 5061 2679 5062 2641 5062 2640 5062 2578 5063 2548 5063 2545 5063 2614 5064 2629 5064 2624 5064 2670 5065 2578 5065 2545 5065 2680 5066 2660 5066 2681 5066 2682 5067 2568 5067 2583 5067 2680 5068 2661 5068 2660 5068 2602 5069 1234 5069 2659 5069 2561 5070 2614 5070 2624 5070 2660 5071 2683 5071 2681 5071 2684 5072 2685 5072 2686 5072 2576 5073 2578 5073 2670 5073 2685 5074 2687 5074 2686 5074 2684 5075 2688 5075 2685 5075 2689 5076 2690 5076 2684 5076 2689 5077 2684 5077 2686 5077 2684 5078 2690 5078 2691 5078 2680 5079 2692 5079 2693 5079 2680 5080 2694 5080 2692 5080 2695 5081 2694 5081 2696 5081 2680 5082 2693 5082 2661 5082 2695 5083 2692 5083 2694 5083 2694 5084 2697 5084 2696 5084 2689 5085 2698 5085 2699 5085 2689 5086 2699 5086 2700 5086 2701 5087 2702 5087 2700 5087 2689 5088 2686 5088 2698 5088 2701 5089 2700 5089 2699 5089 2700 5090 2702 5090 2703 5090 2704 5091 2705 5091 2706 5091 2707 5092 2695 5092 2708 5092 2709 5093 2710 5093 2711 5093 2712 5094 2708 5094 2713 5094 2704 5095 2706 5095 2709 5095 2713 5096 2714 5096 2715 5096 2709 5097 2715 5097 2710 5097 2704 5098 2709 5098 2711 5098 2707 5099 2692 5099 2695 5099 2714 5100 2716 5100 2715 5100 2695 5101 2714 5101 2708 5101 2707 5102 2717 5102 2718 5102 2708 5103 2714 5103 2713 5103 2709 5104 2713 5104 2715 5104 2712 5105 2717 5105 2708 5105 2719 5106 2706 5106 2705 5106 2720 5107 2701 5107 2721 5107 2701 5108 2699 5108 2721 5108 2720 5109 2722 5109 2701 5109 2706 5110 2713 5110 2709 5110 2707 5111 2708 5111 2717 5111 2701 5112 2722 5112 2702 5112 2722 5113 2723 5113 2702 5113 2704 5114 2711 5114 2724 5114 2725 5115 2726 5115 2727 5115 2728 5116 2729 5116 2730 5116 2728 5117 2726 5117 2729 5117 2725 5118 2731 5118 2726 5118 2731 5119 2732 5119 2733 5119 2725 5120 2732 5120 2731 5120 2734 5121 2735 5121 2730 5121 2728 5122 2727 5122 2726 5122 2731 5123 2733 5123 2736 5123 2734 5124 2730 5124 2729 5124 2737 5125 2724 5125 2738 5125 2737 5126 2739 5126 2724 5126 2724 5127 2740 5127 2738 5127 2741 5128 2742 5128 2743 5128 2741 5129 2743 5129 2744 5129 2745 5130 2746 5130 2747 5130 2748 5131 2741 5131 2744 5131 2748 5132 2744 5132 2749 5132 2750 5133 2751 5133 2752 5133 2528 5134 2753 5134 2556 5134 2754 5135 2755 5135 2756 5135 2757 5136 2758 5136 2759 5136 2760 5137 2761 5137 2762 5137 2763 5138 2764 5138 2765 5138 2528 5139 2766 5139 2767 5139 2768 5140 2769 5140 2770 5140 2750 5141 2771 5141 2751 5141 2772 5142 2773 5142 2774 5142 2775 5143 2776 5143 2777 5143 2528 5144 2767 5144 2753 5144 2775 5145 2778 5145 2776 5145 2754 5146 2743 5146 2755 5146 2779 5147 2765 5147 2764 5147 2772 5148 2780 5148 2773 5148 2755 5149 2743 5149 2742 5149 2781 5150 2782 5150 2783 5150 2784 5151 2785 5151 2786 5151 2763 5152 2787 5152 2764 5152 2788 5153 2540 5153 2539 5153 2789 5154 2790 5154 2791 5154 2772 5155 2774 5155 2761 5155 2792 5156 2793 5156 2794 5156 2795 5157 2796 5157 2797 5157 2763 5158 2767 5158 2766 5158 2798 5159 2799 5159 2800 5159 2760 5160 2772 5160 2761 5160 2779 5161 2764 5161 2801 5161 2768 5162 2770 5162 2802 5162 2775 5163 2803 5163 2778 5163 2748 5164 2749 5164 2785 5164 2788 5165 2539 5165 2783 5165 2626 5166 1281 5166 1282 5166 2804 5167 1210 5167 1180 5167 2805 5168 2806 5168 2807 5168 2808 5169 2751 5169 2771 5169 2798 5170 2809 5170 2799 5170 2763 5171 2765 5171 2810 5171 2811 5172 2773 5172 2780 5172 2563 5173 2574 5173 2812 5173 2645 5174 1290 5174 1291 5174 2808 5175 2771 5175 2813 5175 2789 5176 2814 5176 2790 5176 2763 5177 2766 5177 2787 5177 2815 5178 2816 5178 2809 5178 2781 5179 2817 5179 2818 5179 2819 5180 2789 5180 2820 5180 2574 5181 2821 5181 2812 5181 2791 5182 2790 5182 2822 5182 2798 5183 2815 5183 2809 5183 2599 5184 2798 5184 2800 5184 2750 5185 2752 5185 2823 5185 2824 5186 2796 5186 2795 5186 2810 5187 2825 5187 2826 5187 2757 5188 2759 5188 2776 5188 2781 5189 2783 5189 2817 5189 2824 5190 2827 5190 2828 5190 2805 5191 2829 5191 2806 5191 2830 5192 2831 5192 2832 5192 2830 5193 2832 5193 2833 5193 2834 5194 2835 5194 2836 5194 2824 5195 2795 5195 2827 5195 2810 5196 2765 5196 2825 5196 2817 5197 2835 5197 2818 5197 2801 5198 2837 5198 2838 5198 2554 5199 1274 5199 1275 5199 2839 5200 2840 5200 2841 5200 2788 5201 2783 5201 2782 5201 2789 5202 2791 5202 2842 5202 2801 5203 2764 5203 2837 5203 2843 5204 2844 5204 2845 5204 2846 5205 2847 5205 2848 5205 2849 5206 2850 5206 2851 5206 2852 5207 2849 5207 2851 5207 2839 5208 2791 5208 2822 5208 2853 5209 2852 5209 2803 5209 2811 5210 2854 5210 2855 5210 2811 5211 2856 5211 2857 5211 2760 5212 2762 5212 2858 5212 2781 5213 2859 5213 2860 5213 2834 5214 2818 5214 2835 5214 2861 5215 2862 5215 2863 5215 2864 5216 2865 5216 2866 5216 2867 5217 2868 5217 2869 5217 2870 5218 2871 5218 2872 5218 2873 5219 2874 5219 2875 5219 2876 5220 2829 5220 2877 5220 2878 5221 2879 5221 2880 5221 2881 5222 2864 5222 2678 5222 2882 5223 2852 5223 2851 5223 2883 5224 2857 5224 2856 5224 2546 5225 1233 5225 1288 5225 2873 5226 2884 5226 2874 5226 2803 5227 2882 5227 2778 5227 2883 5228 2805 5228 2807 5228 2839 5229 2841 5229 2791 5229 2883 5230 2856 5230 2805 5230 2885 5231 2886 5231 2867 5231 2887 5232 2888 5232 2889 5232 2811 5233 2857 5233 2773 5233 2805 5234 2877 5234 2829 5234 2890 5235 2891 5235 2892 5235 2893 5236 2894 5236 2840 5236 2895 5237 2896 5237 2897 5237 2810 5238 2826 5238 2898 5238 2788 5239 2899 5239 2900 5239 2828 5240 2827 5240 2887 5240 2821 5241 2901 5241 2902 5241 2759 5242 2777 5242 2776 5242 2903 5243 2904 5243 2905 5243 2846 5244 2906 5244 2847 5244 2907 5245 2862 5245 2861 5245 2853 5246 2803 5246 2908 5246 2909 5247 2910 5247 2911 5247 2885 5248 2849 5248 2886 5248 2564 5249 1262 5249 1263 5249 2882 5250 2912 5250 2913 5250 2914 5251 2876 5251 2915 5251 2567 5252 2879 5252 2878 5252 2672 5253 1231 5253 1229 5253 2916 5254 2917 5254 2918 5254 2845 5255 2840 5255 2839 5255 2919 5256 2920 5256 2921 5256 2922 5257 2923 5257 2924 5257 2919 5258 2925 5258 2920 5258 2926 5259 2927 5259 2928 5259 2929 5260 2930 5260 2931 5260 2932 5261 2933 5261 2934 5261 2882 5262 2851 5262 2912 5262 2745 5263 2747 5263 2935 5263 2936 5264 2937 5264 2938 5264 2914 5265 2829 5265 2876 5265 2939 5266 2940 5266 2941 5266 2864 5267 2942 5267 2865 5267 2943 5268 2944 5268 2945 5268 2867 5269 2946 5269 2868 5269 2947 5270 2948 5270 2949 5270 2922 5271 2924 5271 2950 5271 2812 5272 2821 5272 2902 5272 2951 5273 2915 5273 2876 5273 2737 5274 2738 5274 2847 5274 2952 5275 2953 5275 2954 5275 2926 5276 2928 5276 2955 5276 2887 5277 2956 5277 2888 5277 2779 5278 2957 5278 2765 5278 2958 5279 2929 5279 2931 5279 2916 5280 2934 5280 2917 5280 2893 5281 2959 5281 2894 5281 2960 5282 2799 5282 2961 5282 2962 5283 2963 5283 2964 5283 2886 5284 2849 5284 2852 5284 2843 5285 2845 5285 2839 5285 2811 5286 2855 5286 2856 5286 2531 5287 1287 5287 1224 5287 2897 5288 2825 5288 2965 5288 2795 5289 2797 5289 2966 5289 2947 5290 2949 5290 2927 5290 2781 5291 2860 5291 2782 5291 2967 5292 2968 5292 2969 5292 2970 5293 2932 5293 2934 5293 2971 5294 2972 5294 2973 5294 2962 5295 2974 5295 2963 5295 2574 5296 2975 5296 2821 5296 2811 5297 2780 5297 2854 5297 2577 5298 1236 5298 1241 5298 2758 5299 2976 5299 2930 5299 2890 5300 2977 5300 2891 5300 2978 5301 2979 5301 2553 5301 2943 5302 2980 5302 2944 5302 2730 5303 2981 5303 2797 5303 2968 5304 2982 5304 2969 5304 2983 5305 2769 5305 2984 5305 2862 5306 2840 5306 2845 5306 2886 5307 2852 5307 2853 5307 2863 5308 2862 5308 2845 5308 2985 5309 2986 5309 2987 5309 2988 5310 2952 5310 2954 5310 2750 5311 2823 5311 2858 5311 2989 5312 2990 5312 2980 5312 2885 5313 2867 5313 2991 5313 2992 5314 2874 5314 2993 5314 2753 5315 2898 5315 2994 5315 2788 5316 2782 5316 2899 5316 2995 5317 2996 5317 2997 5317 2784 5318 2748 5318 2785 5318 2998 5319 2929 5319 2958 5319 2914 5320 2999 5320 3000 5320 2883 5321 2807 5321 3001 5321 2952 5322 3002 5322 2953 5322 3003 5323 3004 5323 3005 5323 3006 5324 3007 5324 2896 5324 2627 5325 3008 5325 2628 5325 2834 5326 2836 5326 2969 5326 2903 5327 3009 5327 2904 5327 2974 5328 3010 5328 3009 5328 2963 5329 2974 5329 3009 5329 2692 5330 3011 5330 2693 5330 3012 5331 2831 5331 2816 5331 2815 5332 3012 5332 2816 5332 2985 5333 2915 5333 2951 5333 2870 5334 2872 5334 3013 5334 2808 5335 3014 5335 2751 5335 3015 5336 2952 5336 2988 5336 2866 5337 2865 5337 3016 5337 2604 5338 1251 5338 1232 5338 3017 5339 1257 5339 1258 5339 3018 5340 3019 5340 3020 5340 3021 5341 3022 5341 2925 5341 2887 5342 3023 5342 2956 5342 2755 5343 3024 5343 2756 5343 2979 5344 3025 5344 3010 5344 2799 5345 2809 5345 2961 5345 2778 5346 2913 5346 3026 5346 2893 5347 2840 5347 2862 5347 2843 5348 2839 5348 2822 5348 2595 5349 2979 5349 3010 5349 2971 5350 2943 5350 2972 5350 3027 5351 1212 5351 1211 5351 2985 5352 2987 5352 2915 5352 3028 5353 3029 5353 3030 5353 2741 5354 3031 5354 3028 5354 2988 5355 2980 5355 2990 5355 3032 5356 2991 5356 2949 5356 2942 5357 3033 5357 3034 5357 3035 5358 2911 5358 2976 5358 3036 5359 3037 5359 2880 5359 3038 5360 3039 5360 2960 5360 2545 5361 2547 5361 3035 5361 2803 5362 2852 5362 2882 5362 3040 5363 3041 5363 3042 5363 3043 5364 3044 5364 2956 5364 3003 5365 3005 5365 3045 5365 2898 5366 2826 5366 3046 5366 2916 5367 3047 5367 3048 5367 2983 5368 2984 5368 3049 5368 2900 5369 3050 5369 3051 5369 2941 5370 2940 5370 2698 5370 3052 5371 2567 5371 2878 5371 3053 5372 1296 5372 1297 5372 3054 5373 3001 5373 3055 5373 2883 5374 3001 5374 3056 5374 3057 5375 3058 5375 2871 5375 2991 5376 2869 5376 2927 5376 2947 5377 2927 5377 2926 5377 2874 5378 2884 5378 3059 5378 3060 5379 3061 5379 3062 5379 2801 5380 2838 5380 3063 5380 3064 5381 3035 5381 2976 5381 2916 5382 3048 5382 3065 5382 2842 5383 2841 5383 2891 5383 2977 5384 2842 5384 2891 5384 2939 5385 2941 5385 3066 5385 2789 5386 2842 5386 2820 5386 3067 5387 2799 5387 2960 5387 2985 5388 3068 5388 2986 5388 3069 5389 3070 5389 3071 5389 2867 5390 2869 5390 2991 5390 2825 5391 2957 5391 2965 5391 3072 5392 3024 5392 2937 5392 2756 5393 3024 5393 3072 5393 2779 5394 2801 5394 3073 5394 2916 5395 2918 5395 3047 5395 3049 5396 3074 5396 2923 5396 2525 5397 3075 5397 2833 5397 3052 5398 2878 5398 3076 5398 3077 5399 2985 5399 2951 5399 2616 5400 1248 5400 1249 5400 2655 5401 1240 5401 1237 5401 3078 5402 3079 5402 3080 5402 3078 5403 3080 5403 3081 5403 2914 5404 2915 5404 2999 5404 2919 5405 2921 5405 3082 5405 3083 5406 3084 5406 3085 5406 2884 5407 3086 5407 3087 5407 2779 5408 3088 5408 2957 5408 2826 5409 2825 5409 2897 5409 2981 5410 3089 5410 2966 5410 2938 5411 3090 5411 3091 5411 3092 5412 3072 5412 3093 5412 2942 5413 3094 5413 3033 5413 3095 5414 3096 5414 3063 5414 2984 5415 3097 5415 3049 5415 2836 5416 2967 5416 2969 5416 2767 5417 2898 5417 2753 5417 2810 5418 2898 5418 2767 5418 3098 5419 3099 5419 3100 5419 2791 5420 2841 5420 2842 5420 2757 5421 3064 5421 2758 5421 3101 5422 3067 5422 2960 5422 3102 5423 3103 5423 3104 5423 2603 5424 3105 5424 3102 5424 2553 5425 2563 5425 2812 5425 3106 5426 2968 5426 2967 5426 2538 5427 3107 5427 2817 5427 2644 5428 1223 5428 1243 5428 2534 5429 1260 5429 1219 5429 2541 5430 1206 5430 1197 5430 2527 5431 1268 5431 1269 5431 3108 5432 1216 5432 1208 5432 2562 5433 1284 5433 1285 5433 2846 5434 2848 5434 3109 5434 2914 5435 3000 5435 3110 5435 3019 5436 3111 5436 3020 5436 2802 5437 3112 5437 3113 5437 3114 5438 3071 5438 3115 5438 3116 5439 3117 5439 3118 5439 3091 5440 3090 5440 3119 5440 2797 5441 2981 5441 2966 5441 3024 5442 3090 5442 2938 5442 2936 5443 3034 5443 2937 5443 2943 5444 2989 5444 2980 5444 3120 5445 3047 5445 3121 5445 2873 5446 3122 5446 2884 5446 3046 5447 2826 5447 2896 5447 3123 5448 2993 5448 3124 5448 2865 5449 2942 5449 3034 5449 2942 5450 3125 5450 3094 5450 2878 5451 3126 5451 3076 5451 2781 5452 2818 5452 2859 5452 2841 5453 2894 5453 2891 5453 3127 5454 3128 5454 2994 5454 2751 5455 3129 5455 2752 5455 2820 5456 2842 5456 2977 5456 2597 5457 2900 5457 3051 5457 2906 5458 3130 5458 2749 5458 2743 5459 3131 5459 2744 5459 2764 5460 2787 5460 2837 5460 2792 5461 3132 5461 2793 5461 3133 5462 3134 5462 3022 5462 2605 5463 1225 5463 1252 5463 2847 5464 3135 5464 2848 5464 3077 5465 3068 5465 2985 5465 2973 5466 3136 5466 3137 5466 2945 5467 3138 5467 3139 5467 3140 5468 3111 5468 3019 5468 2972 5469 2943 5469 2945 5469 3122 5470 2802 5470 3113 5470 3085 5471 3056 5471 3054 5471 2808 5472 2813 5472 3141 5472 3031 5473 3029 5473 3028 5473 3119 5474 3028 5474 3030 5474 2998 5475 2958 5475 3030 5475 2887 5476 2827 5476 3023 5476 2795 5477 2966 5477 3142 5477 2895 5478 2897 5478 3143 5478 3093 5479 3072 5479 3033 5479 2917 5480 3144 5480 2918 5480 3048 5481 3047 5481 2901 5481 2860 5482 2859 5482 2924 5482 2894 5483 2959 5483 2892 5483 3100 5484 3099 5484 3145 5484 2854 5485 3100 5485 3145 5485 2855 5486 2854 5486 3146 5486 3026 5487 2913 5487 3147 5487 2780 5488 3100 5488 2854 5488 2763 5489 2810 5489 2767 5489 2989 5490 3148 5490 3149 5490 3150 5491 3104 5491 3101 5491 2823 5492 2752 5492 3098 5492 3021 5493 3151 5493 3022 5493 2808 5494 3152 5494 3014 5494 2772 5495 3153 5495 2780 5495 3154 5496 3077 5496 2951 5496 2606 5497 1254 5497 1255 5497 3077 5498 3155 5498 3068 5498 3156 5499 3157 5499 3111 5499 3018 5500 3138 5500 3158 5500 2954 5501 3112 5501 3159 5501 3002 5502 3160 5502 2953 5502 3084 5503 3056 5503 3085 5503 2853 5504 3161 5504 2946 5504 3162 5505 3044 5505 3043 5505 3142 5506 3163 5506 3023 5506 3003 5507 3164 5507 3004 5507 3073 5508 3004 5508 3088 5508 3165 5509 3143 5509 2965 5509 3092 5510 2756 5510 3072 5510 3166 5511 3081 5511 3167 5511 2918 5512 3116 5512 3121 5512 3168 5513 3032 5513 2949 5513 2830 5514 2833 5514 2992 5514 2929 5515 2758 5515 2930 5515 3169 5516 3170 5516 2794 5516 2818 5517 3169 5517 2859 5517 2950 5518 2924 5518 3171 5518 2854 5519 3145 5519 3146 5519 3098 5520 3172 5520 3099 5520 2832 5521 2525 5521 2833 5521 2556 5522 2753 5522 3128 5522 2643 5523 3147 5523 3173 5523 2990 5524 3149 5524 3174 5524 2909 5525 2911 5525 2570 5525 2744 5526 3175 5526 2749 5526 2737 5527 2847 5527 2906 5527 3133 5528 3022 5528 3151 5528 2659 5529 3105 5529 2603 5529 2783 5530 2538 5530 2817 5530 3176 5531 3177 5531 3178 5531 3015 5532 2988 5532 2990 5532 2678 5533 2864 5533 2866 5533 3042 5534 3179 5534 3180 5534 3109 5535 2848 5535 3179 5535 3181 5536 3179 5536 3182 5536 3109 5537 3179 5537 3181 5537 3183 5538 3184 5538 3185 5538 2921 5539 3110 5539 3186 5539 3112 5540 3187 5540 3159 5540 2914 5541 3110 5541 2829 5541 2920 5542 2806 5542 2921 5542 2807 5543 2806 5543 2920 5543 3113 5544 3112 5544 2954 5544 3086 5545 3113 5545 2953 5545 2857 5546 3056 5546 3084 5546 2928 5547 2761 5547 2955 5547 2927 5548 2869 5548 2928 5548 2760 5549 2858 5549 2823 5549 3188 5550 2888 5550 3002 5550 2775 5551 2908 5551 2803 5551 3023 5552 3043 5552 2956 5552 3189 5553 3088 5553 3070 5553 3143 5554 2897 5554 2965 5554 2735 5555 3190 5555 2981 5555 3047 5556 2918 5556 3121 5556 3191 5557 3032 5557 3168 5557 3059 5558 2884 5558 3087 5558 3124 5559 2993 5559 3059 5559 3008 5560 3168 5560 2948 5560 3133 5561 3120 5561 3134 5561 3092 5562 3093 5562 2717 5562 2830 5563 2992 5563 2993 5563 2910 5564 3192 5564 2930 5564 2922 5565 3193 5565 2923 5565 3097 5566 3074 5566 3049 5566 3025 5567 3061 5567 2904 5567 3010 5568 3025 5568 3009 5568 2903 5569 2963 5569 3009 5569 2890 5570 2892 5570 3194 5570 3172 5571 3195 5571 3099 5571 3098 5572 2752 5572 3172 5572 3013 5573 2905 5573 3196 5573 3197 5574 3198 5574 2838 5574 2828 5575 2887 5575 2889 5575 3065 5576 2970 5576 2934 5576 3199 5577 2973 5577 3183 5577 3105 5578 3103 5578 3102 5578 2540 5579 2900 5579 2597 5579 2539 5580 2538 5580 2783 5580 2805 5581 2856 5581 2877 5581 3200 5582 1265 5582 1266 5582 2623 5583 1218 5583 1279 5583 2848 5584 3135 5584 3180 5584 3079 5585 3181 5585 3182 5585 3167 5586 3081 5586 3201 5586 2987 5587 2986 5587 3202 5587 3203 5588 3204 5588 3137 5588 3205 5589 3204 5589 3203 5589 3186 5590 3000 5590 3206 5590 3158 5591 3138 5591 3207 5591 2944 5592 3207 5592 2945 5592 2988 5593 2954 5593 3159 5593 2806 5594 3110 5594 2921 5594 3208 5595 3209 5595 2925 5595 2955 5596 2774 5596 3083 5596 2762 5597 2761 5597 2928 5597 2868 5598 2762 5598 2869 5598 2956 5599 3210 5599 2888 5599 3044 5600 3210 5600 2956 5600 2777 5601 3211 5601 3212 5601 3029 5602 3141 5602 3211 5602 3030 5603 3029 5603 3211 5603 2907 5604 2861 5604 3117 5604 3163 5605 3043 5605 3023 5605 2965 5606 2957 5606 3189 5606 2937 5607 3024 5607 2938 5607 3132 5608 3140 5608 3019 5608 2996 5609 3078 5609 3081 5609 3144 5610 3116 5610 2918 5610 3063 5611 3005 5611 3073 5611 3145 5612 3166 5612 3167 5612 3213 5613 3123 5613 3124 5613 2794 5614 3170 5614 3214 5614 2892 5615 2959 5615 2933 5615 2831 5616 3123 5616 2816 5616 2911 5617 2910 5617 2976 5617 3064 5618 2976 5618 2758 5618 2864 5619 3125 5619 2942 5619 2996 5620 3195 5620 2997 5620 2752 5621 3129 5621 3172 5621 3215 5622 2855 5622 3146 5622 2903 5623 2905 5623 3013 5623 2882 5624 2913 5624 2778 5624 3216 5625 3217 5625 3218 5625 3219 5626 3220 5626 3221 5626 3222 5627 3219 5627 3221 5627 2824 5628 3223 5628 3224 5628 3148 5629 3225 5629 3149 5629 2759 5630 2758 5630 2929 5630 2785 5631 3130 5631 3226 5631 3227 5632 3228 5632 3229 5632 3230 5633 3037 5633 3036 5633 3104 5634 3103 5634 3101 5634 3131 5635 3175 5635 2744 5635 3231 5636 2968 5636 3106 5636 3154 5637 2951 5637 3215 5637 2995 5638 3078 5638 2996 5638 3078 5639 3181 5639 3079 5639 3080 5640 3079 5640 3232 5640 3154 5641 3201 5641 3077 5641 3183 5642 3185 5642 3233 5642 3234 5643 3202 5643 3204 5643 3136 5644 3203 5644 3137 5644 2915 5645 2987 5645 2999 5645 3138 5646 3020 5646 3139 5646 3235 5647 3186 5647 3206 5647 3207 5648 3138 5648 2945 5648 2988 5649 3159 5649 2980 5649 2925 5650 3209 5650 2920 5650 3001 5651 2807 5651 3209 5651 3208 5652 3055 5652 3209 5652 3056 5653 3001 5653 3054 5653 3160 5654 3086 5654 2953 5654 3164 5655 3058 5655 3071 5655 2871 5656 3058 5656 3164 5656 2861 5657 2863 5657 3085 5657 2774 5658 3084 5658 3083 5658 3141 5659 2813 5659 3212 5659 2888 5660 3210 5660 3002 5660 2863 5661 2845 5661 2844 5661 3003 5662 2871 5662 3164 5662 3069 5663 3189 5663 3070 5663 2795 5664 3142 5664 2827 5664 2957 5665 3088 5665 3189 5665 2779 5666 3073 5666 3088 5666 2765 5667 2957 5667 2825 5667 2748 5668 3031 5668 2741 5668 2949 5669 2991 5669 2927 5669 2996 5670 3081 5670 3166 5670 2993 5671 2874 5671 3059 5671 2947 5672 2822 5672 2948 5672 3062 5673 2901 5673 3120 5673 3236 5674 3126 5674 3237 5674 3061 5675 2902 5675 3062 5675 2833 5676 3238 5676 2992 5676 2996 5677 3166 5677 3195 5677 3239 5678 3007 5678 3240 5678 2838 5679 3095 5679 3063 5679 2814 5680 3008 5680 2790 5680 3015 5681 3218 5681 3188 5681 2923 5682 2860 5682 2924 5682 2746 5683 3097 5683 2984 5683 2934 5684 2933 5684 2917 5684 2978 5685 2902 5685 3061 5685 2693 5686 3011 5686 3241 5686 2997 5687 3195 5687 3242 5687 3174 5688 3216 5688 3218 5688 3243 5689 3216 5689 3174 5689 2989 5690 3149 5690 2990 5690 2637 5691 2625 5691 3244 5691 2995 5692 2997 5692 3245 5692 3130 5693 3245 5693 3226 5693 3246 5694 3247 5694 3234 5694 2800 5695 2799 5695 3067 5695 2856 5696 2855 5696 2877 5696 2847 5697 2738 5697 3135 5697 3180 5698 3135 5698 3248 5698 3179 5699 2848 5699 3180 5699 3249 5700 3079 5700 3182 5700 3232 5701 3079 5701 3249 5701 3250 5702 3155 5702 3232 5702 3081 5703 3080 5703 3201 5703 3154 5704 3167 5704 3201 5704 3202 5705 2986 5705 3184 5705 3204 5706 3202 5706 3184 5706 3247 5707 3251 5707 3252 5707 3157 5708 3203 5708 3136 5708 3110 5709 3000 5709 3186 5709 3156 5710 3111 5710 3228 5710 3187 5711 3207 5711 2944 5711 3057 5712 3235 5712 3058 5712 2761 5713 2774 5713 2955 5713 2926 5714 2955 5714 2844 5714 2869 5715 2762 5715 2928 5715 2908 5716 2813 5716 3161 5716 3210 5717 3160 5717 3002 5717 2896 5718 2826 5718 2897 5718 2730 5719 2735 5719 2981 5719 3192 5720 3253 5720 2931 5720 3254 5721 3237 5721 2735 5721 2849 5722 3255 5722 2850 5722 2830 5723 2993 5723 3123 5723 3146 5724 3145 5724 3167 5724 2628 5725 3008 5725 2814 5725 3015 5726 3188 5726 2952 5726 2924 5727 2859 5727 3171 5727 3074 5728 2860 5728 2923 5728 2983 5729 3049 5729 3193 5729 2851 5730 2850 5730 3256 5730 2975 5731 3065 5731 3048 5731 3129 5732 3242 5732 3172 5732 3226 5733 2997 5733 3242 5733 3154 5734 3215 5734 3146 5734 3132 5735 3257 5735 3140 5735 3244 5736 2628 5736 2814 5736 2879 5737 3036 5737 2880 5737 3198 5738 3095 5738 2838 5738 2669 5739 3026 5739 3147 5739 3224 5740 3223 5740 3220 5740 3149 5741 3243 5741 3174 5741 3225 5742 3243 5742 3149 5742 3258 5743 3243 5743 3225 5743 3199 5744 2971 5744 2973 5744 2796 5745 3224 5745 2727 5745 2739 5746 3175 5746 3131 5746 2817 5747 3107 5747 2835 5747 3155 5748 3080 5748 3232 5748 3201 5749 3080 5749 3155 5749 3077 5750 3201 5750 3155 5750 3233 5751 3185 5751 3250 5751 3252 5752 2987 5752 3202 5752 3183 5753 2973 5753 3137 5753 3206 5754 3000 5754 3251 5754 3115 5755 3235 5755 3206 5755 3058 5756 3235 5756 3115 5756 3055 5757 3001 5757 3209 5757 3021 5758 2925 5758 2919 5758 2773 5759 3084 5759 2774 5759 2844 5760 2955 5760 3083 5760 3259 5761 2858 5761 2868 5761 3087 5762 3086 5762 3160 5762 2889 5763 2888 5763 3188 5763 2966 5764 3260 5764 3142 5764 3089 5765 3260 5765 2966 5765 3165 5766 2965 5766 3189 5766 3190 5767 3089 5767 2981 5767 2875 5768 2874 5768 2992 5768 2801 5769 3063 5769 3073 5769 3007 5770 3046 5770 2896 5770 2902 5771 2901 5771 3062 5771 3240 5772 3007 5772 3006 5772 2968 5773 3239 5773 2982 5773 2976 5774 2910 5774 2930 5774 3261 5775 3114 5775 3262 5775 2933 5776 2959 5776 2917 5776 3256 5777 2850 5777 2649 5777 2840 5778 2894 5778 2841 5778 2786 5779 3226 5779 3242 5779 3257 5780 3229 5780 3140 5780 2747 5781 2746 5781 2984 5781 3263 5782 3050 5782 2746 5782 2686 5783 2941 5783 2698 5783 3245 5784 2997 5784 3226 5784 2636 5785 3067 5785 3103 5785 3264 5786 3198 5786 3197 5786 2846 5787 3109 5787 3245 5787 2551 5788 3197 5788 2837 5788 2978 5789 2553 5789 2812 5789 2876 5790 2877 5790 3215 5790 3016 5791 2865 5791 3265 5791 2633 5792 1199 5792 1207 5792 3068 5793 3155 5793 3250 5793 3184 5794 2986 5794 3185 5794 3251 5795 2999 5795 3252 5795 3111 5796 3157 5796 3020 5796 3159 5797 3187 5797 2944 5797 2829 5798 3110 5798 2806 5798 3071 5799 3058 5799 3115 5799 3070 5800 3164 5800 3071 5800 2857 5801 3084 5801 2773 5801 2858 5802 2762 5802 2868 5802 2952 5803 3188 5803 3002 5803 2998 5804 3030 5804 3211 5804 3088 5805 3004 5805 3070 5805 3090 5806 2742 5806 3119 5806 2958 5807 3091 5807 3119 5807 2755 5808 3090 5808 3024 5808 3034 5809 3033 5809 2937 5809 2948 5810 3168 5810 2949 5810 2959 5811 3144 5811 2917 5811 2790 5812 3008 5812 2948 5812 2901 5813 3047 5813 3120 5813 2613 5814 2650 5814 3191 5814 3195 5815 3166 5815 3099 5815 2969 5816 2982 5816 3170 5816 3218 5817 2889 5817 3188 5817 3266 5818 3267 5818 3124 5818 2904 5819 3061 5819 3060 5819 3194 5820 2892 5820 2933 5820 3242 5821 3195 5821 3172 5821 2786 5822 3242 5822 3129 5822 2913 5823 2912 5823 3173 5823 3066 5824 2941 5824 2687 5824 3014 5825 3129 5825 2751 5825 2786 5826 3129 5826 3014 5826 3098 5827 3100 5827 3153 5827 3015 5828 3174 5828 3218 5828 3222 5829 3221 5829 3216 5829 2890 5830 2656 5830 2977 5830 3222 5831 3243 5831 3258 5831 2786 5832 2785 5832 3226 5832 3261 5833 3262 5833 3247 5833 3268 5834 3224 5834 3220 5834 2788 5835 2900 5835 2540 5835 2749 5836 3130 5836 2785 5836 2705 5837 2739 5837 3131 5837 2877 5838 2855 5838 3215 5838 2951 5839 2876 5839 3215 5839 2537 5840 1196 5840 1209 5840 2611 5841 1215 5841 1221 5841 3269 5842 3270 5842 3249 5842 3185 5843 3068 5843 3250 5843 3137 5844 3204 5844 3184 5844 3183 5845 3137 5845 3184 5845 3234 5846 3252 5846 3202 5846 3234 5847 3204 5847 3205 5847 2999 5848 2987 5848 3252 5848 3139 5849 3157 5849 3136 5849 3020 5850 3157 5850 3139 5850 2980 5851 3159 5851 2944 5851 3209 5852 2807 5852 2920 5852 3022 5853 3208 5853 2925 5853 3118 5854 3117 5854 3055 5854 3208 5855 3118 5855 3055 5855 2946 5856 3259 5856 2868 5856 2771 5857 3259 5857 3161 5857 3271 5858 3260 5858 3089 5858 3038 5859 3162 5859 3039 5859 2755 5860 2742 5860 3090 5860 2931 5861 3253 5861 3091 5861 2717 5862 3093 5862 2718 5862 3238 5863 2875 5863 2992 5863 3154 5864 3146 5864 3167 5864 3099 5865 3166 5865 3145 5865 3125 5866 3272 5866 3094 5866 2859 5867 3169 5867 3171 5867 3193 5868 3049 5868 2923 5868 2816 5869 3123 5869 3213 5869 2830 5870 3123 5870 2831 5870 3133 5871 3151 5871 3060 5871 2821 5872 2975 5872 3048 5872 2932 5873 3194 5873 2933 5873 2939 5874 3052 5874 3076 5874 2721 5875 2699 5875 3273 5875 3217 5876 2889 5876 3218 5876 3220 5877 3223 5877 3221 5877 2656 5878 2593 5878 2977 5878 3103 5879 3067 5879 3101 5879 2727 5880 3224 5880 3268 5880 2846 5881 3245 5881 3130 5881 2995 5882 3245 5882 3109 5882 2737 5883 2906 5883 3175 5883 3274 5884 3013 5884 2872 5884 2573 5885 1277 5885 1278 5885 3182 5886 3179 5886 3042 5886 3275 5887 3250 5887 3232 5887 2986 5888 3068 5888 3185 5888 3234 5889 3247 5889 3252 5889 3000 5890 2999 5890 3251 5890 2953 5891 3113 5891 2954 5891 3069 5892 3071 5892 3114 5892 2863 5893 3083 5893 3085 5893 3161 5894 3259 5894 2946 5894 2813 5895 2771 5895 3161 5895 3122 5896 3086 5896 2884 5896 2827 5897 3142 5897 3023 5897 3004 5898 3164 5898 3070 5898 2742 5899 3028 5899 3119 5899 2741 5900 3028 5900 2742 5900 3253 5901 2938 5901 3091 5901 2936 5902 2938 5902 3253 5902 3134 5903 3121 5903 3118 5903 3246 5904 3234 5904 3205 5904 2982 5905 3239 5905 3240 5905 3276 5906 3096 5906 3095 5906 2782 5907 2860 5907 3074 5907 3050 5908 3097 5908 2746 5908 3075 5909 3238 5909 2833 5909 2978 5910 3025 5910 2979 5910 2608 5911 3277 5911 2909 5911 2535 5912 3051 5912 3263 5912 2837 5913 3197 5913 2838 5913 3128 5914 2753 5914 2994 5914 2687 5915 2941 5915 2686 5915 3153 5916 3100 5916 2780 5916 3278 5917 3230 5917 3036 5917 2636 5918 2800 5918 3067 5918 2824 5919 3224 5919 2796 5919 2754 5920 2705 5920 3131 5920 2754 5921 3131 5921 2743 5921 2560 5922 2551 5922 2787 5922 2995 5923 3181 5923 3078 5923 3156 5924 3203 5924 3157 5924 3018 5925 3020 5925 3138 5925 3262 5926 3114 5926 3115 5926 3212 5927 2813 5927 2908 5927 3260 5928 3163 5928 3142 5928 3069 5929 3165 5929 3189 5929 2885 5930 2991 5930 3032 5930 3279 5931 2936 5931 3253 5931 2822 5932 2790 5932 2948 5932 3037 5933 3280 5933 2880 5933 3076 5934 3126 5934 3236 5934 2878 5935 2880 5935 3126 5935 2899 5936 2782 5936 3074 5936 2809 5937 2816 5937 3213 5937 3241 5938 3011 5938 3272 5938 2905 5939 2904 5939 3060 5939 2881 5940 3125 5940 2864 5940 3147 5941 2913 5941 3173 5941 2661 5942 2693 5942 3281 5942 2776 5943 2778 5943 3026 5943 3223 5944 3217 5944 3221 5944 2570 5945 2911 5945 2547 5945 3266 5946 3282 5946 3283 5946 2975 5947 2641 5947 3065 5947 2962 5948 3178 5948 3177 5948 2823 5949 3098 5949 3153 5949 2550 5950 1230 5950 1238 5950 2581 5951 1271 5951 1272 5951 3284 5952 1293 5952 1294 5952 3248 5953 3135 5953 3285 5953 3286 5954 3287 5954 3248 5954 3262 5955 3115 5955 3206 5955 3228 5956 3111 5956 3140 5956 2958 5957 3119 5957 3030 5957 2958 5958 2931 5958 3091 5958 3280 5959 3190 5959 3237 5959 3288 5960 3190 5960 3280 5960 3255 5961 3032 5961 3191 5961 2880 5962 3280 5962 3126 5962 3272 5963 2718 5963 3094 5963 3273 5964 2940 5964 3236 5964 3170 5965 2982 5965 3214 5965 2769 5966 2747 5966 2984 5966 3221 5967 3217 5967 3216 5967 3175 5968 2906 5968 2749 5968 3266 5969 3283 5969 3267 5969 2787 5970 2551 5970 2837 5970 2583 5971 1245 5971 1246 5971 3275 5972 3232 5972 3249 5972 3275 5973 3233 5973 3250 5973 2972 5974 3136 5974 2973 5974 3262 5975 3206 5975 3251 5975 2972 5976 2945 5976 3139 5976 3082 5977 2921 5977 3186 5977 2861 5978 3054 5978 3117 5978 2867 5979 2886 5979 2946 5979 3033 5980 3072 5980 2937 5980 3096 5981 3005 5981 3063 5981 3045 5982 3005 5982 3096 5982 2821 5983 3048 5983 2901 5983 3289 5984 3007 5984 3239 5984 3214 5985 2982 5985 3240 5985 3231 5986 3289 5986 3239 5986 2930 5987 3192 5987 2931 5987 2834 5988 2969 5988 3170 5988 3171 5989 3169 5989 2794 5989 3290 5990 2912 5990 3256 5990 2978 5991 3061 5991 3025 5991 2891 5992 2894 5992 2892 5992 2698 5993 2940 5993 3273 5993 2828 5994 3217 5994 3223 5994 3222 5995 3216 5995 3243 5995 2824 5996 2828 5996 3223 5996 2846 5997 3130 5997 2906 5997 3135 5998 2738 5998 3285 5998 3117 5999 3054 5999 3055 5999 2998 6000 3211 6000 2777 6000 3282 6001 3044 6001 3283 6001 3288 6002 3089 6002 3190 6002 3237 6003 3190 6003 2735 6003 3126 6004 3280 6004 3237 6004 3291 6005 3156 6005 3228 6005 3292 6006 3293 6006 3229 6006 3294 6007 3194 6007 2932 6007 2587 6008 3278 6008 2615 6008 3295 6009 3296 6009 3075 6009 3269 6010 3258 6010 3270 6010 2766 6011 2560 6011 2787 6011 2641 6012 2970 6012 3065 6012 2638 6013 3297 6013 2836 6013 2995 6014 3109 6014 3181 6014 3262 6015 3251 6015 3247 6015 3122 6016 3113 6016 3086 6016 2775 6017 3212 6017 2908 6017 3211 6018 3141 6018 3212 6018 2775 6019 2777 6019 3212 6019 3291 6020 3246 6020 3205 6020 3266 6021 3087 6021 3282 6021 3094 6022 3093 6022 3033 6022 3265 6023 2865 6023 3034 6023 3009 6024 3025 6024 2904 6024 3229 6025 3228 6025 3140 6025 2828 6026 2889 6026 3217 6026 2625 6027 2628 6027 3244 6027 3274 6028 3045 6028 2964 6028 3039 6029 3150 6029 3101 6029 3177 6030 2580 6030 2974 6030 2853 6031 2908 6031 3161 6031 3005 6032 3004 6032 3073 6032 3288 6033 3271 6033 3089 6033 3121 6034 3116 6034 3118 6034 3134 6035 3120 6035 3121 6035 2893 6036 3144 6036 2959 6036 3254 6037 3236 6037 3237 6037 3289 6038 2994 6038 3046 6038 3298 6039 3069 6039 3114 6039 3267 6040 3213 6040 3124 6040 3196 6041 2905 6041 3151 6041 2899 6042 3050 6042 2900 6042 3289 6043 3127 6043 2994 6043 2593 6044 2820 6044 2977 6044 2547 6045 2911 6045 3035 6045 3040 6046 3219 6046 3041 6046 3297 6047 2967 6047 2836 6047 2971 6048 2989 6048 2943 6048 3283 6049 3044 6049 3162 6049 2895 6050 3006 6050 2896 6050 2936 6051 3265 6051 3034 6051 3151 6052 2905 6052 3060 6052 2737 6053 3175 6053 2739 6053 2971 6054 3148 6054 2989 6054 3231 6055 3127 6055 3289 6055 3156 6056 3205 6056 3203 6056 2972 6057 3139 6057 3136 6057 3288 6058 3280 6058 3037 6058 2850 6059 3255 6059 2650 6059 2940 6060 3076 6060 3236 6060 2961 6061 2809 6061 3213 6061 2962 6062 2964 6062 3276 6062 3299 6063 2769 6063 2768 6063 2907 6064 2893 6064 2862 6064 2863 6065 2844 6065 3083 6065 2886 6066 2853 6066 2946 6066 3133 6067 3062 6067 3120 6067 2718 6068 3093 6068 3094 6068 3011 6069 2718 6069 3272 6069 3015 6070 2990 6070 3174 6070 2843 6071 2822 6071 2947 6071 3300 6072 2983 6072 3193 6072 3082 6073 3235 6073 3057 6073 3279 6074 3253 6074 3192 6074 3289 6075 3046 6075 3007 6075 2559 6076 3281 6076 3241 6076 2962 6077 3177 6077 2974 6077 2907 6078 3116 6078 3144 6078 2650 6079 3255 6079 3191 6079 2994 6080 2898 6080 3046 6080 2649 6081 2850 6081 2650 6081 3296 6082 3238 6082 3075 6082 2978 6083 2812 6083 2902 6083 3051 6084 3050 6084 3263 6084 3301 6085 2637 6085 3244 6085 3302 6086 3231 6086 3106 6086 2861 6087 3085 6087 3054 6087 2883 6088 3056 6088 2857 6088 3282 6089 3087 6089 3160 6089 2907 6090 3117 6090 3116 6090 3134 6091 3118 6091 3208 6091 3291 6092 3205 6092 3156 6092 3199 6093 3183 6093 3233 6093 2912 6094 2851 6094 3256 6094 3274 6095 2903 6095 3013 6095 3303 6096 3016 6096 3265 6096 3082 6097 3186 6097 3235 6097 2627 6098 2613 6098 3191 6098 2899 6099 3074 6099 3097 6099 3281 6100 2693 6100 3241 6100 3261 6101 3247 6101 3246 6101 3274 6102 2964 6102 2963 6102 3286 6103 3268 6103 3287 6103 2835 6104 2638 6104 2836 6104 3038 6105 3283 6105 3162 6105 3304 6106 3271 6106 3288 6106 3133 6107 3060 6107 3062 6107 3277 6108 3192 6108 2910 6108 2834 6109 3169 6109 2818 6109 3267 6110 2961 6110 3213 6110 2909 6111 3277 6111 2910 6111 2935 6112 3238 6112 3296 6112 2636 6113 3103 6113 3105 6113 3305 6114 3162 6114 3043 6114 2627 6115 3191 6115 3168 6115 2627 6116 3168 6116 3008 6116 3254 6117 3273 6117 3236 6117 2899 6118 3097 6118 3050 6118 2916 6119 3065 6119 2934 6119 2843 6120 2926 6120 2844 6120 2870 6121 3057 6121 2871 6121 2907 6122 3144 6122 2893 6122 2834 6123 3170 6123 3169 6123 3306 6124 3225 6124 3148 6124 3282 6125 3160 6125 3210 6125 3152 6126 3141 6126 3029 6126 3173 6127 2912 6127 3290 6127 3254 6128 2721 6128 3273 6128 3304 6129 3288 6129 3037 6129 3134 6130 3208 6130 3022 6130 2843 6131 2947 6131 2926 6131 3298 6132 3114 6132 3261 6132 2793 6133 3171 6133 2794 6133 3274 6134 2872 6134 3045 6134 3038 6135 2960 6135 2961 6135 2784 6136 2786 6136 3014 6136 3282 6137 3210 6137 3044 6137 3307 6138 3241 6138 3272 6138 3291 6139 3228 6139 3227 6139 2580 6140 3010 6140 2974 6140 3107 6141 2638 6141 2835 6141 3308 6142 3246 6142 3291 6142 3266 6143 3059 6143 3087 6143 2872 6144 2871 6144 3003 6144 2699 6145 2698 6145 3273 6145 3307 6146 2559 6146 3241 6146 2757 6147 2669 6147 3064 6147 3270 6148 3258 6148 3225 6148 3279 6149 3265 6149 2936 6149 3269 6150 3249 6150 3182 6150 2750 6151 2858 6151 3259 6151 3306 6152 3199 6152 3233 6152 2964 6153 3096 6153 3276 6153 2964 6154 3045 6154 3096 6154 2615 6155 3036 6155 2879 6155 2580 6156 2595 6156 3010 6156 3199 6157 3148 6157 2971 6157 3308 6158 3261 6158 3246 6158 2759 6159 2929 6159 2998 6159 3279 6160 3192 6160 3277 6160 2872 6161 3003 6161 3045 6161 3308 6162 3291 6162 3227 6162 3041 6163 3219 6163 3222 6163 3266 6164 3124 6164 3059 6164 2962 6165 3276 6165 3178 6165 3039 6166 3101 6166 2960 6166 3021 6167 3196 6167 3151 6167 3309 6168 3310 6168 2922 6168 3306 6169 3233 6169 3275 6169 3303 6170 3277 6170 2608 6170 2808 6171 3141 6171 3152 6171 2652 6172 3276 6172 3095 6172 3306 6173 3148 6173 3199 6173 3311 6174 3082 6174 3057 6174 2738 6175 2740 6175 3285 6175 3304 6176 3037 6176 3230 6176 2615 6177 3278 6177 3036 6177 3231 6178 3239 6178 2968 6178 3311 6179 3196 6179 3021 6179 3152 6180 3029 6180 3031 6180 3311 6181 2919 6181 3082 6181 3305 6182 3039 6182 3162 6182 3307 6183 3272 6183 3125 6183 3038 6184 3267 6184 3283 6184 2760 6185 2823 6185 3153 6185 3311 6186 3021 6186 2919 6186 3292 6187 2895 6187 3293 6187 3298 6188 3261 6188 3308 6188 2885 6189 3032 6189 3255 6189 3178 6190 3276 6190 2652 6190 3270 6191 3225 6191 3306 6191 3302 6192 3127 6192 3231 6192 3298 6193 3165 6193 3069 6193 3040 6194 3042 6194 3180 6194 3270 6195 3275 6195 3249 6195 3303 6196 3265 6196 3279 6196 3270 6197 3306 6197 3275 6197 2759 6198 2998 6198 2777 6198 3312 6199 3143 6199 3165 6199 2939 6200 3076 6200 2940 6200 2652 6201 3095 6201 3198 6201 3312 6202 3308 6202 3227 6202 2885 6203 3255 6203 2849 6203 3299 6204 2747 6204 2769 6204 3287 6205 3268 6205 3220 6205 3305 6206 3043 6206 3163 6206 3293 6207 3143 6207 3312 6207 2757 6208 3026 6208 2669 6208 3293 6209 3312 6209 3227 6209 2750 6210 3259 6210 2771 6210 2819 6211 2814 6211 2789 6211 3293 6212 2895 6212 3143 6212 3307 6213 3125 6213 2881 6213 2870 6214 3013 6214 3196 6214 3311 6215 2870 6215 3196 6215 3303 6216 3279 6216 3277 6216 2760 6217 3153 6217 2772 6217 3313 6218 3132 6218 3019 6218 2784 6219 3014 6219 3152 6219 3269 6220 3182 6220 3042 6220 3311 6221 3057 6221 2870 6221 2935 6222 2875 6222 3238 6222 2757 6223 2776 6223 3026 6223 3041 6224 3222 6224 3258 6224 3309 6225 2950 6225 3313 6225 3305 6226 3150 6226 3039 6226 3293 6227 3227 6227 3229 6227 3274 6228 2963 6228 2903 6228 3292 6229 3314 6229 3006 6229 3312 6230 3298 6230 3308 6230 3038 6231 2961 6231 3267 6231 2784 6232 3152 6232 3031 6232 2793 6233 2950 6233 3171 6233 2725 6234 2727 6234 3268 6234 3286 6235 3248 6235 3285 6235 2792 6236 2794 6236 3214 6236 3312 6237 3165 6237 3298 6237 3309 6238 3158 6238 3310 6238 2770 6239 2769 6239 2983 6239 3292 6240 3229 6240 3257 6240 3315 6241 3260 6241 3271 6241 3314 6242 3240 6242 3006 6242 3309 6243 3313 6243 3018 6243 3316 6244 3315 6244 3271 6244 3313 6245 2793 6245 3132 6245 2745 6246 3263 6246 2746 6246 3041 6247 3269 6247 3042 6247 3040 6248 3180 6248 3248 6248 3041 6249 3258 6249 3269 6249 3286 6250 3285 6250 2732 6250 3315 6251 3150 6251 3305 6251 3314 6252 3214 6252 3240 6252 3317 6253 3316 6253 3304 6253 3316 6254 3271 6254 3304 6254 3315 6255 3305 6255 3163 6255 2819 6256 3244 6256 2814 6256 3318 6257 3158 6257 3207 6257 3317 6258 3104 6258 3316 6258 3292 6259 3257 6259 3314 6259 3287 6260 3220 6260 3219 6260 2792 6261 3257 6261 3132 6261 2784 6262 3031 6262 2748 6262 3315 6263 3163 6263 3260 6263 3310 6264 3193 6264 2922 6264 3319 6265 3296 6265 3295 6265 3320 6266 3303 6266 2608 6266 3286 6267 2732 6267 2725 6267 3321 6268 3112 6268 2802 6268 3309 6269 3018 6269 3158 6269 3292 6270 3006 6270 2895 6270 3316 6271 3104 6271 3150 6271 3313 6272 2950 6272 2793 6272 3316 6273 3150 6273 3315 6273 3317 6274 3102 6274 3104 6274 2729 6275 2726 6275 3322 6275 2768 6276 2802 6276 3122 6276 3320 6277 3016 6277 3303 6277 3285 6278 2740 6278 2732 6278 3287 6279 3219 6279 3040 6279 3287 6280 3040 6280 3248 6280 2819 6281 3301 6281 3244 6281 3313 6282 3019 6282 3018 6282 2792 6283 3314 6283 3257 6283 3299 6284 2875 6284 2935 6284 3299 6285 2935 6285 2747 6285 3309 6286 2922 6286 2950 6286 3310 6287 3300 6287 3193 6287 3318 6288 3310 6288 3158 6288 3286 6289 2725 6289 3268 6289 3318 6290 3207 6290 3187 6290 3317 6291 3304 6291 3230 6291 3321 6292 3318 6292 3187 6292 3323 6293 3230 6293 3278 6293 2792 6294 3214 6294 3314 6294 3323 6295 3317 6295 3230 6295 3321 6296 3300 6296 3318 6296 3323 6297 2603 6297 3102 6297 3321 6298 3187 6298 3112 6298 3323 6299 3102 6299 3317 6299 2745 6300 2935 6300 3296 6300 2770 6301 2983 6301 3300 6301 2770 6302 3321 6302 2802 6302 3299 6303 2768 6303 2873 6303 2768 6304 3122 6304 2873 6304 3319 6305 2535 6305 3263 6305 3299 6306 2873 6306 2875 6306 3318 6307 3300 6307 3310 6307 2770 6308 3300 6308 3321 6308 3319 6309 3263 6309 2745 6309 3319 6310 2745 6310 3296 6310 2543 6311 3319 6311 3295 6311 2724 6312 2711 6312 2740 6312 2726 6313 2731 6313 3322 6313 2732 6314 2740 6314 2733 6314 2543 6315 2535 6315 3319 6315 2740 6316 2711 6316 2733 6316 2731 6317 2736 6317 3322 6317 2734 6318 2720 6318 2721 6318 2734 6319 2729 6319 2720 6319 3322 6320 2736 6320 2722 6320 2711 6321 2710 6321 2733 6321 2728 6322 2730 6322 2797 6322 2728 6323 2796 6323 2727 6323 2720 6324 3322 6324 2722 6324 2733 6325 2710 6325 2736 6325 2722 6326 2736 6326 2723 6326 2728 6327 2797 6327 2796 6327 2720 6328 2729 6328 3322 6328 2734 6329 3254 6329 2735 6329 2734 6330 2721 6330 3254 6330 2736 6331 2710 6331 2723 6331 2710 6332 2715 6332 2723 6332 2704 6333 2724 6333 2739 6333 2715 6334 2716 6334 2723 6334 2704 6335 2739 6335 2705 6335 2723 6336 2716 6336 2702 6336 2712 6337 2713 6337 2706 6337 2712 6338 2719 6338 3092 6338 2719 6339 2705 6339 2754 6339 2719 6340 2756 6340 3092 6340 2707 6341 2718 6341 3011 6341 2702 6342 2716 6342 2703 6342 2714 6343 2696 6343 2716 6343 2712 6344 2706 6344 2719 6344 2695 6345 2696 6345 2714 6345 2719 6346 2754 6346 2756 6346 2707 6347 3011 6347 2692 6347 2712 6348 3092 6348 2717 6348 2716 6349 2696 6349 2703 6349 2700 6350 2703 6350 2690 6350 2696 6351 2697 6351 2703 6351 2689 6352 2700 6352 2690 6352 2703 6353 2697 6353 2690 6353 2690 6354 2697 6354 2691 6354 2694 6355 2681 6355 2697 6355 2680 6356 2681 6356 2694 6356 2697 6357 2681 6357 2691 6357 2681 6358 2683 6358 2691 6358 2684 6359 2691 6359 2688 6359 2685 6360 2688 6360 2620 6360 2691 6361 2683 6361 2688 6361 2620 6362 2688 6362 3324 6362 2688 6363 2683 6363 3324 6363 2660 6364 2673 6364 2683 6364 2683 6365 2673 6365 3324 6365 3325 6366 2649 6366 2667 6366 2671 6367 3194 6367 3294 6367 2671 6368 2656 6368 2890 6368 3325 6369 3256 6369 2649 6369 3326 6370 2637 6370 3301 6370 2671 6371 2890 6371 3194 6371 3327 6372 2671 6372 3294 6372 2592 6373 2623 6373 3301 6373 2646 6374 2567 6374 2566 6374 3328 6375 2670 6375 2669 6375 2632 6376 2593 6376 2656 6376 3324 6377 2673 6377 3027 6377 2662 6378 3329 6378 2673 6378 3330 6379 2620 6379 3324 6379 2530 6380 3325 6380 2667 6380 2590 6381 2648 6381 2529 6381 3330 6382 1211 6382 1217 6382 3330 6383 3027 6383 1211 6383 3325 6384 3290 6384 3256 6384 3331 6385 2866 6385 3016 6385 2618 6386 3106 6386 2967 6386 3332 6387 2678 6387 2677 6387 2585 6388 2606 6388 3333 6388 3334 6389 3331 6389 3320 6389 3335 6390 3128 6390 3127 6390 3336 6391 1253 6391 2585 6391 2582 6392 3281 6392 2559 6392 3333 6393 2832 6393 2831 6393 2665 6394 3176 6394 2666 6394 2617 6395 2667 6395 2612 6395 3337 6396 2659 6396 1234 6396 2682 6397 3052 6397 2939 6397 3338 6398 3012 6398 2815 6398 3339 6399 1283 6399 2561 6399 3331 6400 3016 6400 3320 6400 3340 6401 2554 6401 2553 6401 3330 6402 3324 6402 3027 6402 2568 6403 3066 6403 3341 6403 2657 6404 2530 6404 2667 6404 2682 6405 3066 6405 2568 6405 2544 6406 2525 6406 2832 6406 3342 6407 3106 6407 2618 6407 3327 6408 2633 6408 2671 6408 2584 6409 2567 6409 3052 6409 2598 6410 3338 6410 2815 6410 3343 6411 3335 6411 3302 6411 2555 6412 2618 6412 3297 6412 2585 6413 3333 6413 3012 6413 2618 6414 2967 6414 3297 6414 2630 6415 3278 6415 2587 6415 2630 6416 2603 6416 3323 6416 2591 6417 2593 6417 2632 6417 3341 6418 3066 6418 2687 6418 2592 6419 2820 6419 2593 6419 2592 6420 3301 6420 2819 6420 2575 6421 2524 6421 3017 6421 2575 6422 3295 6422 3075 6422 2673 6423 3329 6423 3027 6423 3344 6424 2581 6424 2580 6424 2609 6425 2909 6425 2570 6425 2631 6426 3053 6426 2557 6426 3335 6427 3127 6427 3302 6427 3345 6428 2637 6428 3326 6428 2529 6429 3325 6429 2530 6429 2631 6430 3307 6430 2881 6430 3333 6431 2831 6431 3012 6431 3342 6432 2618 6432 2564 6432 2529 6433 3290 6433 3325 6433 3329 6434 1179 6434 1212 6434 2639 6435 1290 6435 2645 6435 2639 6436 1289 6436 1290 6436 2676 6437 1294 6437 1295 6437 2677 6438 1295 6438 1296 6438 2642 6439 1278 6439 1222 6439 2676 6440 3284 6440 1294 6440 2526 6441 1267 6441 1268 6441 2549 6442 1228 6442 1230 6442 2642 6443 2573 6443 1278 6443 3329 6444 1212 6444 3027 6444 2658 6445 1285 6445 1286 6445 2557 6446 1297 6446 1220 6446 2579 6447 1272 6447 1273 6447 2526 6448 1268 6448 2527 6448 3327 6449 1199 6449 2633 6449 2677 6450 1296 6450 3053 6450 2557 6451 3053 6451 1297 6451 2524 6452 1257 6452 3017 6452 2549 6453 1230 6453 2550 6453 3346 6454 3017 6454 1258 6454 3347 6455 1273 6455 1274 6455 3347 6456 1274 6456 2554 6456 3327 6457 1200 6457 1199 6457 2524 6458 1256 6458 1257 6458 3348 6459 2534 6459 1219 6459 3348 6460 1219 6460 1213 6460 3346 6461 1258 6461 1259 6461 3349 6462 1209 6462 1215 6462 2565 6463 2583 6463 1246 6463 2523 6464 2606 6464 1255 6464 2565 6465 1246 6465 1247 6465 2523 6466 1255 6466 1256 6466 3349 6467 1215 6467 2611 6467 2579 6468 2581 6468 1272 6468 3349 6469 2537 6469 1209 6469 2640 6470 1216 6470 3108 6470 2647 6471 2527 6471 1269 6471 2658 6472 2562 6472 1285 6472 2566 6473 1248 6473 2616 6473 2569 6474 1288 6474 1289 6474 2569 6475 2546 6475 1288 6475 2558 6476 1220 6476 1210 6476 2647 6477 1269 6477 1228 6477 2558 6478 1210 6478 2804 6478 2566 6479 1247 6479 1248 6479 2640 6480 1222 6480 1216 6480 3326 6481 3301 6481 2623 6481 2682 6482 2939 6482 3066 6482 3350 6483 2866 6483 3331 6483 2609 6484 2608 6484 2909 6484 2653 6485 3198 6485 3264 6485 2651 6486 3178 6486 2652 6486 2588 6487 1206 6487 2541 6487 2619 6488 2685 6488 2620 6488 3351 6489 2661 6489 3281 6489 2532 6490 3297 6490 2638 6490 2598 6491 2605 6491 3338 6491 2588 6492 1213 6492 1206 6492 2635 6493 2599 6493 2800 6493 3352 6494 2526 6494 2556 6494 2607 6495 3320 6495 2608 6495 3342 6496 3343 6496 3302 6496 2571 6497 2766 6497 2528 6497 3353 6498 2577 6498 2594 6498 3352 6499 3200 6499 1266 6499 2617 6500 2612 6500 2614 6500 3354 6501 3128 6501 3335 6501 2646 6502 2615 6502 2879 6502 2634 6503 2636 6503 3105 6503 2675 6504 2648 6504 2643 6504 3338 6505 2585 6505 3012 6505 2588 6506 2597 6506 3348 6506 2622 6507 2975 6507 2574 6507 3328 6508 2643 6508 2576 6508 2621 6509 1223 6509 2644 6509 2589 6510 2630 6510 2587 6510 2542 6511 1287 6511 2531 6511 3355 6512 1239 6512 1231 6512 2621 6513 2620 6513 3330 6513 2533 6514 1260 6514 2534 6514 2621 6515 1217 6515 1223 6515 3350 6516 3331 6516 3284 6516 3356 6517 1237 6517 1227 6517 3339 6518 2624 6518 2626 6518 3357 6519 2932 6519 2970 6519 3358 6520 1264 6520 3343 6520 3328 6521 3147 6521 2643 6521 2679 6522 2970 6522 2641 6522 2598 6523 2798 6523 2599 6523 2675 6524 2643 6524 3173 6524 2668 6525 2670 6525 2545 6525 2591 6526 1214 6526 1218 6526 2668 6527 2545 6527 3035 6527 2668 6528 3064 6528 2669 6528 2610 6529 3197 6529 2551 6529 3359 6530 3343 6530 1264 6530 2572 6531 1276 6531 1277 6531 3360 6532 2804 6532 1180 6532 3352 6533 1266 6533 1267 6533 3361 6534 3108 6534 1208 6534 2579 6535 3347 6535 2595 6535 2590 6536 2531 6536 2596 6536 3332 6537 2881 6537 2678 6537 3360 6538 3329 6538 2662 6538 2591 6539 2632 6539 1214 6539 2676 6540 1295 6540 2677 6540 2579 6541 1273 6541 3347 6541 2557 6542 1220 6542 2558 6542 2569 6543 1289 6543 2639 6543 2565 6544 1247 6544 2566 6544 2523 6545 1256 6545 2524 6545 2647 6546 1228 6546 2549 6546 2640 6547 2642 6547 1222 6547 3361 6548 3327 6548 3294 6548 2619 6549 3341 6549 2687 6549 2619 6550 2644 6550 3341 6550 2552 6551 1276 6551 2572 6551 3345 6552 2626 6552 2637 6552 3362 6553 3334 6553 1292 6553 2621 6554 3330 6554 1217 6554 2630 6555 3323 6555 3278 6555 2542 6556 1286 6556 1287 6556 3354 6557 3335 6557 3200 6557 2552 6558 2554 6558 1275 6558 2588 6559 3348 6559 1213 6559 3355 6560 1231 6560 2672 6560 3339 6561 2626 6561 1282 6561 2592 6562 2819 6562 2820 6562 2533 6563 1259 6563 1260 6563 2575 6564 3075 6564 2525 6564 3356 6565 2655 6565 1237 6565 2664 6566 2577 6566 1241 6566 3326 6567 2623 6567 1279 6567 2586 6568 1249 6568 1250 6568 3353 6569 1236 6569 2577 6569 3352 6570 1267 6570 2526 6570 3351 6571 2804 6571 3360 6571 2533 6572 2543 6572 3346 6572 2609 6573 2639 6573 2645 6573 2665 6574 1270 6574 1271 6574 2600 6575 1225 6575 2605 6575 3363 6576 2550 6576 1238 6576 2542 6577 2658 6577 1286 6577 2589 6578 1250 6578 1251 6578 3358 6579 1263 6579 1264 6579 2591 6580 1218 6580 2623 6580 2674 6581 2644 6581 1243 6581 2653 6582 3264 6582 3355 6582 2533 6583 3346 6583 1259 6583 3336 6584 2605 6584 1252 6584 2602 6585 1232 6585 1234 6585 2572 6586 1277 6586 2573 6586 3360 6587 1180 6587 1179 6587 2571 6588 2647 6588 2560 6588 3362 6589 1292 6589 1293 6589 3359 6590 1264 6590 1265 6590 3345 6591 1281 6591 2626 6591 2666 6592 2672 6592 1229 6592 3361 6593 1208 6593 1200 6593 2675 6594 3290 6594 2529 6594 2635 6595 3356 6595 2599 6595 3360 6596 1179 6596 3329 6596 2600 6597 3356 6597 1227 6597 3361 6598 1200 6598 3327 6598 2654 6599 3051 6599 2535 6599 2631 6600 2559 6600 3307 6600 2589 6601 2604 6601 2630 6601 3340 6602 2553 6602 2979 6602 3363 6603 1239 6603 3355 6603 2552 6604 2572 6604 2563 6604 2664 6605 1235 6605 2548 6605 2674 6606 2568 6606 3341 6606 2622 6607 2642 6607 2641 6607 2664 6608 2548 6608 2578 6608 3353 6609 2596 6609 1226 6609 3351 6610 3360 6610 2662 6610 2654 6611 2597 6611 3051 6611 2674 6612 3341 6612 2644 6612 3344 6613 2580 6613 3177 6613 3364 6614 2543 6614 3295 6614 3359 6615 3335 6615 3343 6615 3362 6616 3331 6616 3334 6616 2600 6617 2599 6617 3356 6617 3342 6618 3302 6618 3106 6618 3351 6619 2662 6619 2661 6619 3363 6620 3355 6620 3264 6620 3336 6621 2585 6621 3338 6621 3336 6622 3338 6622 2605 6622 2654 6623 3348 6623 2597 6623 2653 6624 2652 6624 3198 6624 3337 6625 1240 6625 2655 6625 2666 6626 1229 6626 1270 6626 2651 6627 3176 6627 3178 6627 2582 6628 3351 6628 3281 6628 3365 6629 1292 6629 3334 6629 3339 6630 2561 6630 2624 6630 2552 6631 1275 6631 1276 6631 2619 6632 2687 6632 2685 6632 2679 6633 3357 6633 2970 6633 2571 6634 2527 6634 2647 6634 3357 6635 3108 6635 3361 6635 3362 6636 3284 6636 3331 6636 3339 6637 1282 6637 1283 6637 3328 6638 2669 6638 3147 6638 3353 6639 2594 6639 2596 6639 2610 6640 2550 6640 3363 6640 2544 6641 2832 6641 3333 6641 2663 6642 2638 6642 3107 6642 2646 6643 2566 6643 2616 6643 3340 6644 2979 6644 2595 6644 2635 6645 2800 6645 2636 6645 3359 6646 3200 6646 3335 6646 3328 6647 2576 6647 2670 6647 2532 6648 2555 6648 3297 6648 3364 6649 3346 6649 2543 6649 2590 6650 2596 6650 2648 6650 2664 6651 1241 6651 1235 6651 3326 6652 1279 6652 1280 6652 2571 6653 2560 6653 2766 6653 2607 6654 3334 6654 3320 6654 2653 6655 3355 6655 2672 6655 2586 6656 2616 6656 1249 6656 3364 6657 3295 6657 2575 6657 3353 6658 1226 6658 1236 6658 3365 6659 1291 6659 1292 6659 2646 6660 2879 6660 2567 6660 2634 6661 3105 6661 2659 6661 3358 6662 3343 6662 3342 6662 3332 6663 2631 6663 2881 6663 2584 6664 3052 6664 2682 6664 2622 6665 2641 6665 2975 6665 2622 6666 2573 6666 2642 6666 2665 6667 1271 6667 2581 6667 2544 6668 3333 6668 2606 6668 2600 6669 1227 6669 1225 6669 3357 6670 3361 6670 3294 6670 2601 6671 3107 6671 2538 6671 3340 6672 2595 6672 3347 6672 2544 6673 2606 6673 2523 6673 3337 6674 1234 6674 1240 6674 3365 6675 2645 6675 1291 6675 2657 6676 2667 6676 2617 6676 3357 6677 3294 6677 2932 6677 3363 6678 1238 6678 1239 6678 2589 6679 1251 6679 2604 6679 2666 6680 2651 6680 2672 6680 3358 6681 2564 6681 1263 6681 2674 6682 1243 6682 1244 6682 3344 6683 3177 6683 3176 6683 3350 6684 2678 6684 2866 6684 2635 6685 2655 6685 3356 6685 2598 6686 2815 6686 2798 6686 3354 6687 2556 6687 3128 6687 2654 6688 2534 6688 3348 6688 2584 6689 2583 6689 2565 6689 2584 6690 2682 6690 2583 6690 2602 6691 2604 6691 1232 6691 3362 6692 1293 6692 3284 6692 3345 6693 1280 6693 1281 6693 3359 6694 1265 6694 3200 6694 2610 6695 3264 6695 3197 6695 2668 6696 3035 6696 3064 6696 2675 6697 3173 6697 3290 6697 3336 6698 1252 6698 1253 6698 3345 6699 3326 6699 1280 6699 3340 6700 3347 6700 2554 6700 2657 6701 2562 6701 2658 6701 3364 6702 2575 6702 3017 6702 2601 6703 2537 6703 3349 6703 3350 6704 2676 6704 2678 6704 3337 6705 2655 6705 2634 6705 2610 6706 3363 6706 3264 6706 2666 6707 3176 6707 2651 6707 3350 6708 3284 6708 2676 6708 2582 6709 2558 6709 2804 6709 2657 6710 2617 6710 2562 6710 3354 6711 3200 6711 3352 6711 3332 6712 3053 6712 2631 6712 3332 6713 2677 6713 3053 6713 2663 6714 3349 6714 2611 6714 3354 6715 3352 6715 2556 6715 3364 6716 3017 6716 3346 6716 3358 6717 3342 6717 2564 6717 2679 6718 2640 6718 3108 6718 2582 6719 2804 6719 3351 6719 2679 6720 3108 6720 3357 6720 3365 6721 2607 6721 2645 6721 2663 6722 3107 6722 2601 6722 2663 6723 2601 6723 3349 6723 3337 6724 2634 6724 2659 6724 3344 6725 3176 6725 2665 6725 3365 6726 3334 6726 2607 6726 3344 6727 2665 6727 2581 6727</p>
        </triangles>
      </mesh>
    </geometry>
    <geometry id="geometry1" name="Mesh001">
      <mesh>
        <source id="cubeverts-array1">
          <float_array count="3327" id="cubeverts-array1-array">0.01206091 -0.01211955 0.01715893 0.009253484 -0.0123612 0.01616463 0.01094342 -0.01078948 0.01612072 -0.01504289 0.003258131 0.01613501 -0.0153933 0.0008081126 0.0161487 -0.01703645 0.00172427 0.01717409 0.01065076 -0.01348247 0.0172091 -0.01507571 -0.003413257 0.01617436 -0.01435967 -0.005580382 0.01614352 -0.01622647 -0.005469488 0.01717409 -0.01663384 0.003597394 0.01711104 -0.01235863 -0.009352978 0.0161993 -0.01081072 -0.01096153 0.01613741 -0.01251633 -0.01168568 0.01717409 -0.001169066 0.01533805 0.01612952 -0.003554864 0.01499502 0.01614639 -0.003106542 0.01671987 0.01710361 -0.003554864 -0.01499502 0.01614639 -0.001180952 -0.01545 0.01619704 -0.003120039 -0.0167613 0.01712953 -0.01669855 -0.003680409 0.0171596 -0.007445549 -0.01347835 0.01613887 -0.005367551 -0.01446525 0.0161574 -0.006605956 -0.01576513 0.01715593 -0.01360712 -0.007267937 0.01615589 -0.01470365 -0.00877589 0.01717409 0.0150555 0.007981002 0.01712405 0.01446748 0.005396101 0.01616463 0.01347773 0.007391918 0.01612303 0.01446748 -0.005396101 0.01616463 0.01510131 -0.007847058 0.01711104 0.0134708 -0.007355619 0.01610893 -0.001357832 0.01696415 0.01711104 -0.001285355 -0.01703676 0.0171511 -0.009459239 -0.01216396 0.01614544 -0.009803372 -0.01395669 0.01713339 -0.007474117 0.01356161 0.0161909 -0.009462726 0.01216248 0.01614602 -0.009803372 0.01395669 0.01713339 -0.01539277 -0.001073388 0.01615809 -0.01701596 -0.001915902 0.01717409 -0.01369447 -0.0102935 0.01717901 -0.01247376 0.009184965 0.01619435 -0.01365926 0.007132875 0.01614571 -0.01463545 0.008667306 0.01710562 0.01594923 0.00628579 0.01718592 0.01596117 -0.006157944 0.01716472 -0.008246283 -0.01488707 0.01711104 -0.008284 0.01496129 0.01716096 0.01231649 -0.009175718 0.01611522 0.01324353 -0.01085461 0.01717409 -0.01084689 0.01094465 0.01614546 -0.01250766 0.01152678 0.01710543 -0.01438611 0.005476295 0.01613591 -0.01615984 0.005300553 0.01710417 0.001101549 0.01540169 0.01616462 0.0004500476 0.01700334 0.01710558 -0.01366087 0.01014922 0.01711104 -0.005289394 0.01445631 0.01613615 -0.006631649 0.01571357 0.01713339 0.00740011 0.01355229 0.01616463 0.005859378 0.01424344 0.01614093 0.007433416 0.01530716 0.01710995 0.001294256 -0.01536095 0.01614923 0.0004822559 -0.01701721 0.01711443 0.01235053 0.009235732 0.01615313 0.01114209 0.01060484 0.01612926 0.01314448 0.01083012 0.01711885 0.01418443 0.009417231 0.01711556 0.007554821 -0.01343692 0.01614908 0.007473316 -0.01526546 0.01709797 0.005360749 -0.01437274 0.01610395 0.01641665 -0.004590128 0.01712777 0.01505834 -0.003275741 0.01614631 0.01641665 0.004590128 0.01712777 0.01505834 0.003275741 0.01614631 0.005773304 0.01600922 0.01711104 0.005773304 -0.01600922 0.01711104 0.01187257 0.01219295 0.01711104 0.01593875 -0.009391817 0.018 0.01485017 -0.0110328 0.018 0.01394644 -0.00925186 0.01694171 -0.004913075 0.01629379 0.01711104 -0.004913075 -0.01629379 0.01711104 -0.01115124 -0.0128721 0.01711835 -0.01120681 0.01280755 0.01711104 -0.01549755 0.007032211 0.01711104 -0.01550946 -0.007139014 0.01714418 -0.01709528 -0.00012495 0.01715744 0.009158563 0.01056955 0.0152913 0.008793937 0.01280608 0.01622086 0.01041866 0.01217282 0.0165136 0.01063357 -0.0151386 0.018 0.008964191 -0.01618312 0.018 0.008992071 -0.01428629 0.01702837 0.003427841 -0.01817966 0.018 0.001476043 -0.01844102 0.018 0.002275687 -0.01673528 0.01703358 0.01622396 -0.001519367 0.01667698 0.0169679 -0.00291839 0.01723023 0.01622396 0.001519367 0.01667698 0.01695861 0.002935267 0.01722646 0.003940175 0.01341899 0.0152913 0.002702712 0.01529635 0.01621997 0.004434221 0.01530706 0.01646183 0.003282225 -0.01508817 0.01616463 0.007561144 -0.01176537 0.0152913 -0.009158564 -0.01056955 0.0152913 -0.009158564 0.01056955 0.0152913 -0.0139855 3.896883e-16 0.0152913 -0.003940174 0.01341899 0.0152913 -0.003940174 -0.01341899 0.0152913 -0.01272166 0.005809789 0.0152913 -0.01272166 -0.005809789 0.0152913 0.001990346 -0.01384314 0.0152913 0.007561144 0.01176537 0.0152913 0.001990346 0.01384314 0.0152913 0.013419 0.003940172 0.0152913 0.013419 -0.003940172 0.0152913 0.002258776 0.01686784 0.01711104 0.009026917 0.01442709 0.01711104 0.01272166 -0.005809783 0.0152913 0.01272166 0.005809783 0.0152913 0.01176534 -0.007561127 0.0152913 0.01176534 0.007561127 0.0152913 0.009158563 -0.01056955 0.0152913 0.01056953 -0.009158555 0.0152913 0.01056953 0.009158555 0.0152913 0.005809796 0.01272167 0.0152913 0.005809796 -0.01272167 0.0152913 0.003940175 -0.01341899 0.0152913 -0.001990345 0.01384314 0.0152913 -0.001990345 -0.01384314 0.0152913 3.299406e-10 0.01398549 0.0152913 3.299387e-10 -0.01398549 0.0152913 -0.007561142 0.01176536 0.0152913 -0.007561142 -0.01176536 0.0152913 -0.005809794 0.01272167 0.0152913 -0.005809794 -0.01272167 0.0152913 -0.01056954 0.009158563 0.0152913 -0.01056954 -0.009158563 0.0152913 -0.01176535 0.007561136 0.0152913 -0.01176535 -0.007561136 0.0152913 -0.01384315 -0.001990345 0.0152913 -0.01384315 0.001990345 0.0152913 -0.01341899 -0.003940172 0.0152913 -0.01341899 0.003940172 0.0152913 0.007193247 -0.01704427 0.018 0.01756386 0.005810419 0.018 0.01808196 0.003910578 0.018 0.01808196 -0.003910578 0.018 0.01756386 -0.005810419 0.018 0.008964191 0.01618312 0.018 0.01063357 0.0151386 0.018 0.01359332 -0.01254877 0.018 0.01218246 -0.01392256 0.018 0.01218246 0.01392256 0.018 0.01359332 0.01254877 0.018 -0.008090185 -0.01663727 0.018 -0.009812787 -0.01568309 0.018 -0.009812787 0.01568309 0.018 -0.008090185 0.01663727 0.018 -0.01142421 -0.0145512 0.018 -0.01290618 -0.01325445 0.018 -0.01290618 0.01325445 0.018 -0.01142421 0.0145512 0.018 -0.004390544 -0.01797145 0.018 -0.006275919 -0.01740295 0.018 -0.006275919 0.01740295 0.018 -0.004390544 0.01797145 0.018 0.01593875 0.009391817 0.018 0.01684674 0.007644425 0.018 0.01684674 -0.007644425 0.018 -0.01847378 -0.0009846103 0.018 -0.01847378 0.0009846103 0.018 -0.01784821 -0.004867397 0.018 -0.01826447 -0.002942675 0.018 -0.01826447 0.002942675 0.018 -0.01784821 0.004867397 0.018 0.005340801 -0.01771231 0.018 0.005340801 0.01771231 0.018 0.007193247 0.01704427 0.018 -0.01424193 -0.01180752 0.018 -0.01541631 -0.0102268 0.018 -0.01541631 0.0102268 0.018 -0.01424193 0.01180752 0.018 -0.0004924797 -0.01849344 0.018 -0.002455422 -0.01833633 0.018 -0.002455422 0.01833633 0.018 -0.0004924797 0.01849344 0.018 -0.01722972 0.00673697 0.018 -0.01641601 0.00853021 0.018 -0.01641601 -0.00853021 0.018 -0.01722972 -0.00673697 0.018 0.001476043 0.01844102 0.018 0.003427841 0.01817966 0.018 0.004589889 -0.01542914 0.01655843 0.01496254 -0.001357255 0.01591438 0.01496254 0.001357255 0.01591438 0.01384316 0.001990346 0.0152913 0.01384316 -0.001990346 0.0152913 0.004047761 0.01656837 0.01713339 0.01485017 0.0110328 0.018 0.004211861 -0.01659355 0.01717184 0.01049821 0.01352779 0.01717409 0.01549034 -3.613917e-18 0.0161942 0.01699517 -3.806959e-18 0.0170971 0.01839519 0.001966429 0.018 0.0185 -8e-18 0.018 0.01737036 0.001273925 0.0173502 0.0139855 -7e-18 0.0152913 0.01839519 -0.001966429 0.018 0.01738791 -0.001294046 0.0173616 0.01357104 0.001120266 0.01490355 0.01200112 -0.006553105 0.01499706 0.01200112 0.006553105 0.01499706 0.01279194 -0.004771142 0.014965 0.01279194 0.004771142 0.014965 0.01326824 -0.002955626 0.01485589 0.01292762 -0.003889338 0.01443381 0.01335614 -0.001965616 0.01443381 0.01326824 0.002955626 0.01485589 0.01335614 0.001965616 0.01443381 0.01292762 0.003889338 0.01443381 0.01359217 -0.000870418 0.01490879 0.0135 -6e-18 0.01443381 0.01222355 0.00573016 0.01443381 0.01222355 -0.00573016 0.01443381 0.01125896 0.007448857 0.01443381 0.01125896 -0.007448857 0.01443381 0.0136298 -8.176321e-18 0.01492651 0.01005442 -0.009008801 0.01443381 0.008635592 -0.01037674 0.01443381 0.007032704 -0.01152352 0.01443381 0.00527992 -0.01242468 0.01443381 0.003414603 -0.01306103 0.01443381 0.001476512 -0.013419 0.01443381 -0.000493047 -0.01349098 0.01443381 -0.002452098 -0.01327543 0.01443381 -0.004358889 -0.01277694 0.01443381 -0.006172777 -0.01200613 0.01443381 -0.007855103 -0.01097942 0.01443381 -0.009370007 -0.009718704 0.01443381 -0.0106852 -0.00825085 0.01443381 -0.01177266 -0.006607142 0.01443381 -0.01260921 -0.004822617 0.01443381 -0.01317702 -0.002935307 0.01443381 -0.01346398 -0.0009854367 0.01443381 -0.01346398 0.0009854367 0.01443381 -0.01317702 0.002935307 0.01443381 -0.01260921 0.004822617 0.01443381 -0.01177266 0.006607142 0.01443381 -0.0106852 0.00825085 0.01443381 -0.009370007 0.009718704 0.01443381 -0.007855103 0.01097942 0.01443381 -0.006172777 0.01200613 0.01443381 -0.004358889 0.01277694 0.01443381 -0.002452098 0.01327543 0.01443381 -0.000493047 0.01349098 0.01443381 0.001476512 0.013419 0.01443381 0.003414603 0.01306103 0.01443381 0.00527992 0.01242468 0.01443381 0.007032704 0.01152352 0.01443381 0.008635592 0.01037674 0.01443381 0.01005442 0.009008801 0.01443381 0.01670728 -0.0008683264 0.018 0.01477017 -0.001646854 0.018 0.01674462 -0.002697805 0.018 -0.005228147 0.01341067 0.018 -0.006519953 0.01544891 0.018 -0.007474999 0.0132141 0.018 -0.003188799 -0.01645738 0.018 -0.003667427 -0.01433737 0.018 -0.004945616 -0.01595919 0.018 0.008894302 0.01421514 0.018 0.008927089 0.01179494 0.018 0.01049672 0.01309764 0.018 0.005688488 0.01577402 0.018 0.003674042 0.01615619 0.018 -0.01602362 -0.0034525 0.018 0.01290043 -0.01064805 0.018 0.01141311 -0.00875575 0.018 0.01067462 -0.0104988 0.018 0.007406209 0.01321996 0.018 -0.00951187 0.01382696 0.018 -0.00828196 0.01496207 0.018 -0.009017801 0.01231208 0.018 0.01520475 -0.003398384 0.018 0.01496035 0.003644188 0.018 0.01548067 0.005933271 0.018 0.01365968 0.005293813 0.018 -0.004294672 0.01510324 0.018 0.01513084 0.0002790489 0.018 -0.00213832 -0.01529671 0.018 0.01022338 -0.01332823 0.018 0.008011868 -0.01256681 0.018 0.008680383 -0.01437814 0.018 -0.0113215 -0.009777267 0.018 -0.01252137 -0.008208136 0.018 -0.01337849 -0.009985608 0.018 -0.005526002 -0.01406629 0.018 -0.01455822 0.0001604371 0.018 -0.01676838 1.978063e-17 0.018 -0.01526172 -0.001620972 0.018 0.009791183 -0.0117906 0.018 0.01328884 -0.008423061 0.018 -0.01542686 -0.006936627 0.018 -0.01355992 -0.006593275 0.018 -0.01444277 -0.004756675 0.018 0.01655618 0.004415947 0.018 -0.01610366 -0.005329494 0.018 0.001213351 -0.01506008 0.018 0.002276647 -0.01673028 0.018 0.003191322 -0.01472988 0.018 0.01210712 -0.006950519 0.018 0.01392157 -0.006602414 0.018 -0.01409816 0.005360113 0.018 -0.01595573 0.005123823 0.018 -0.01481097 0.003564857 0.018 -0.0004594683 0.01536977 0.018 0.0007195274 0.01397861 0.018 0.001572274 0.01564455 0.018 -0.01006313 -0.01154986 0.018 -0.009808586 -0.01366096 0.018 -0.0083833 -0.01284687 0.018 -0.01266072 0.01126082 0.018 -0.01248305 0.009196504 0.018 -0.0112281 0.01054534 0.018 -0.01129398 -0.01289188 0.018 -0.01226779 -0.01144293 0.018 -0.01560359 0.001806608 0.018 -0.01385766 0.01023362 0.018 -0.0169584 -0.001800151 0.018 0.0115609 -0.01212283 0.018 0.01502949 -0.008032555 0.018 0.004203412 -0.01635997 0.018 0.0005205392 0.01700955 0.018 0.004514222 0.01436895 0.018 -0.0166367 0.003358463 0.018 -0.01450204 -0.008451 0.018 -0.01052311 0.009143753 0.018 -0.01136222 0.007421537 0.018 -0.00975786 0.01089916 0.018 -0.01092336 0.01237418 0.018 0.01058533 0.01142779 0.018 -0.003247857 0.01350462 0.018 0.01391183 0.006821806 0.018 0.01483584 0.007950093 0.018 0.01298162 0.008311588 0.018 -0.002348089 0.01520079 0.018 -0.0136675 0.001968984 0.018 -0.01253496 0.0003887669 0.018 -0.01174128 0.002198884 0.018 0.01397894 0.009628386 0.018 -0.008309368 -0.01470547 0.018 -0.007109788 -0.01393387 0.018 -0.01335477 0.007153127 0.018 -0.01290412 0.003771155 0.018 -0.006625002 -0.01551967 0.018 0.007416975 0.01525283 0.018 -0.01021003 0.005819903 0.018 -0.009416808 0.007623309 0.018 -0.01216325 0.005584248 0.018 0.005345489 -0.01456254 0.018 0.007200625 -0.0153488 0.018 0.007044899 -0.01377936 0.018 -0.003363918 0.01666371 0.018 0.01195888 0.01017482 0.018 -0.009797276 0.002433971 0.018 -0.01056826 0.0006219524 0.018 -0.01097556 0.004008478 0.018 -0.007484053 0.00786763 0.018 -0.008666351 0.009429355 0.018 -0.008255088 0.006057676 0.018 -0.007071374 0.004484344 0.018 -0.006300439 0.006295815 0.018 -0.00902538 0.004246161 0.018 -0.01133924 -0.00119007 0.018 -0.009384489 -0.0009517485 0.018 -0.005475 -0.0004751094 0.018 -0.007429743 -0.0007134288 0.018 -0.006245983 -0.00228713 0.018 -0.01015548 -0.00276377 0.018 -0.008200729 -0.00252545 0.018 -0.006658766 0.00109859 0.018 -0.008613487 0.0008602756 0.018 -0.007842378 0.002672319 0.018 -0.004345821 0.00653465 0.018 -0.005529539 0.00810795 0.018 -0.005116763 0.004722638 0.018 -0.003933028 0.003148932 0.018 -0.003162048 0.004960952 0.018 -0.00588773 0.00291062 0.018 -0.0003817443 -0.001572169 0.018 -0.001565508 1.53095e-06 0.018 -0.00233649 -0.001810489 0.018 -0.001152726 -0.003384189 0.018 -0.003520255 -0.0002367895 0.018 -0.004291236 -0.00204881 0.018 -0.00470401 0.001336912 0.018 -0.005062218 -0.00386083 0.018 -0.003107472 -0.003622509 0.018 -0.001923708 -0.005196209 0.018 -0.002391075 0.00677297 0.018 -0.001207308 0.005199271 0.018 -0.001978289 0.003387251 0.018 -0.00274927 0.001575231 0.018 0.001931201 0.003863891 0.018 0.003114965 0.002290191 0.018 0.003885947 0.004102211 0.018 0.001518418 0.007249611 0.018 0.0007474362 0.005437591 0.018 0.002702182 0.005675911 0.018 -0.0004363281 0.007011291 0.018 0.001160219 0.002051871 0.018 0.0003892376 0.0002398512 0.018 0.002343984 0.0004781715 0.018 -0.0007945266 0.001813551 0.018 0.004656929 0.005914232 0.018 0.00429873 0.0007164918 0.018 0.005069711 0.002528512 0.018 0.004766097 -0.01125269 0.018 0.006718949 -0.01099884 0.018 0.005536763 -0.009438079 0.018 0.002811351 -0.01149101 0.018 0.002034719 -0.01325669 0.018 0.003990605 -0.01300269 0.018 0.005953263 -0.01270412 0.018 0.003582332 -0.009678988 0.018 0.004353261 -0.007866536 0.018 0.005124287 -0.006054876 0.018 0.007079042 -0.005816628 0.018 0.005895276 -0.004242914 0.018 0.006307997 -0.007628132 0.018 0.00394053 -0.004481236 0.018 0.001985785 -0.004719568 0.018 0.003169549 -0.006293268 0.018 0.006666259 -0.002430907 0.018 0.005482494 -0.0008572079 0.018 0.004711513 -0.002669228 0.018 0.002398568 -0.008105289 0.018 0.003527748 -0.001095528 0.018 0.002756767 -0.002907548 0.018 0.001573002 -0.001333848 0.018 -0.005416626 -0.009057723 0.018 -0.006168654 -0.01086551 0.018 -0.004218315 -0.01063206 0.018 0.01197633 0.01207339 0.018 -0.001262233 0.01375476 0.018 -0.002038135 0.01195942 0.018 -0.0008491114 0.01039701 0.018 -7.812974e-05 0.01220903 0.018 0.01052117 0.006629192 0.018 0.01247591 0.006867513 0.018 0.01118186 0.00836393 0.018 -0.00493754 -0.01246377 0.018 -0.006705269 -0.01253106 0.018 -0.002803858 0.01015869 0.018 0.008148739 0.009772906 0.018 0.009337402 0.008202891 0.018 0.01000514 0.00997133 0.018 -0.01211022 -0.003002091 0.018 -0.01329399 -0.001428391 0.018 -0.01397412 -0.003162822 0.018 -0.0003271601 -0.01015563 0.018 0.0004438215 -0.008343608 0.018 -0.00151061 -0.008581538 0.018 0.0008020203 -0.003145869 0.018 -0.003574839 0.00834667 0.018 -0.004758604 0.00992037 0.018 0.00738184 0.007963958 0.018 0.01175771 -0.00352899 0.018 0.01282268 -0.005105739 0.018 0.01357821 -0.00333049 0.018 0.01134281 -0.0001451837 0.018 0.01057545 -0.001954437 0.018 0.01250295 -0.001726351 0.018 -0.003987622 0.01173239 0.018 -0.003465671 -0.008820249 0.018 0.005015127 0.01111197 0.018 0.006198892 0.009538273 0.018 0.006940479 0.01132818 0.018 0.007491825 -0.009202347 0.018 0.008262806 -0.007390327 0.018 0.01097767 -0.005346125 0.018 -0.01526987 0.006928901 0.018 -0.00671335 0.00968205 0.018 0.01021755 -0.007152007 0.018 0.007437241 -0.0006188875 0.018 0.009391987 -0.0003805673 0.018 0.008208221 0.001193132 0.018 0.0003346532 0.008823311 0.018 0.001105635 0.01063533 0.018 -0.008558928 -0.00772319 0.018 -0.01050907 -0.007958046 0.018 -0.009324535 -0.009531168 0.018 0.01093395 0.003243473 0.018 0.008979204 0.003005152 0.018 0.01016297 0.001431453 0.018 -0.007787946 -0.00591117 0.018 -0.0058332 -0.00567285 0.018 -0.007016964 -0.00409915 0.018 -0.009742692 -0.00614949 0.018 0.001214803 -0.006531588 0.018 0.008621005 -0.002192587 0.018 0.00542791 0.007726252 0.018 0.006611675 0.006152552 0.018 0.008566422 0.006390872 0.018 0.00980477 -0.003766287 0.018 -0.007375163 -0.009296889 0.018 0.009446569 -0.008964026 0.018 0.008664227 -0.01068285 0.018 -0.008971711 -0.00433747 0.018 0.009033788 -0.005578307 0.018 0.01170493 0.005055493 0.018 -0.00228002 -0.01039161 0.018 -0.001098331 -0.0119661 0.018 0.006253476 0.0009548121 0.018 -0.003878454 -0.005434529 0.018 0.002289399 0.009061631 0.018 -0.00807977 -0.01105898 0.018 -0.01281567 -0.004764818 0.018 -0.0078866 0.01116952 0.018 0.0128887 0.003481793 0.018 0.01211771 0.001669773 0.018 0.01396651 0.001828594 0.018 0.003473164 0.007487931 0.018 0.004244145 0.009299952 0.018 0.009750185 0.004817173 0.018 0.007024457 0.002766832 0.018 0.007850023 -0.004004607 0.018 -0.001620093 0.008584991 0.018 0.0008566045 -0.01172933 0.018 0.005672066 0.01282034 0.018 3.103861e-05 -0.004957889 0.018 -0.000739943 -0.006769908 0.018 -0.004649436 -0.007246549 0.018 -0.006604182 -0.007484869 0.018 0.001627586 -0.009917308 0.018 -0.005942369 0.01149407 0.018 -0.003041379 -0.01219347 0.018 0.01327826 7.862333e-05 0.018 0.0004072537 -0.0168283 0.018 0.003060381 0.01087365 0.018 0.001876616 0.01244735 0.018 -0.01092646 -0.00457579 0.018 0.005840693 0.004340532 0.018 0.007795439 0.004578852 0.018 -0.002694689 -0.007008229 0.018 8.448824e-05 -0.01353204 0.018 -0.001799882 -0.01370623 0.018 0.01634326 -0.004458301 0.018 -0.01168575 -0.006379018 0.018 0.002683111 0.01420817 0.018 0.003822408 0.01267478 0.018 -2.354505e-05 0.003625571 0.018 0.01674462 0.0008924499 0.018 -0.001460387 0.01680865 0.018 0.006139592 0.01428722 0.018 0.01669407 0.002781281 0.018 0.01552834 0.001841038 0.018 -0.01448628 0.008676476 0.018 0.005856715 -0.01620558 0.018 0.01327486 0.01106907 0.018 -0.0006102285 -0.0152178 0.018 0.01458751 -0.004858469 0.018 0.01569378 -0.006244143 0.018 0.00225379 0.01712971 0.018 -0.001425265 -0.0167648 0.018 -0.01720781 0.001835651 0.018 -0.004997892 0.01658518 0.018 0.0144572 -0.009566079 0.018 -0.004386571 0.01276746 0.0103811 -0.003016549 0.01315866 0.01250412 -0.002510843 0.01326445 0.01034617 0.01340958 0.001559887 0.009923237 0.01310917 0.003224853 0.008310162 0.01315331 0.003039812 0.01077721 0.01081791 -0.008076068 0.005870338 0.0112776 -0.007420624 0.003393379 0.01185282 -0.006462244 0.00458828 -0.01225651 0.005659334 0.008837959 -0.01295881 0.003784081 0.008865849 -0.01260824 0.004825168 0.01103666 0.01016896 -0.008879317 0.00425819 -0.005194352 0.01246069 0.01241069 0.0004883996 -0.01349116 0.001903339 0.001622499 -0.01340215 0.003935169 -0.0002892228 -0.0134969 0.003760658 0.0127226 0.004515029 0.009936256 -0.01336962 0.001871675 0.00889938 -0.01347918 0.0007495102 0.01064487 -0.01315934 0.003013577 0.01083528 0.0135 0 0 0.0135 -4.269298e-19 0.00180423 0.01341823 -0.001483631 0.00199197 0.002406899 -0.01328371 0.00204715 -0.01002552 0.009040956 0.01237651 -0.01214281 -0.005899344 0.005551308 -0.01286933 -0.004078028 0.005509392 -0.0125395 -0.005001092 0.003294598 0.01335614 -0.001965616 0 -0.003422991 -0.01305883 0.001886978 -0.00223428 -0.01331383 0.003975933 -0.004163967 -0.01284178 0.00377103 -0.01075331 0.008161882 0.01049286 -0.01182956 0.006504729 0.01050628 -0.01126149 0.007445053 0.01272999 0.004522615 -0.0127199 0.005853531 0.00262744 -0.01324185 0.005803078 0.003752481 -0.01296799 0.003657448 -0.01005442 -0.009008804 0.001706451 -0.009216701 -0.0098642 0.003930752 -0.01055458 -0.008417294 0.003903 -0.01222382 0.005729587 0.01272022 -0.006754387 0.01168881 0.01236051 -0.001432687 -0.01342376 0.001991539 0.001476511 -0.01341901 0 0.003414601 -0.01306103 0 0.012927 -0.003891355 0.006651711 0.01338501 -0.001758241 0.006358959 0.01326382 -0.002514167 0.00808334 -0.008581071 0.01042186 0.01263253 -0.007041213 -0.0115183 0.00182346 -0.005984514 -0.01210106 0.003986309 -0.007741798 -0.01105959 0.003786999 -0.007137516 0.01145888 0.008722229 -0.008745231 0.0102845 0.008744324 -0.007875428 0.01096484 0.0107109 -0.005207129 -0.01245535 0.002004211 -0.002452097 -0.01327544 0 -0.0004930473 -0.01349099 0 -0.009454268 0.009636744 0.01045082 0.01313056 -0.0031366 0.004999748 -0.01313932 -0.003099708 0.00356831 -0.01336832 0.001880977 0.01239795 -0.01345504 -0.001100925 0.01062477 -0.0134999 -5.281762e-05 0.01255899 -0.0009785239 0.01346449 0.01195701 -0.008566882 -0.01043353 0.00198534 -0.006172771 -0.01200612 0 -0.004358885 -0.01277694 0 -0.01335809 -0.001952298 0.01240354 -0.0094924 0.009599184 0.003549999 -0.008763216 0.01026918 0.00533091 -0.007907162 0.01094197 0.003502689 -0.01154235 -0.007001733 0.003855869 -0.01349987 5.860907e-05 0.00185537 -0.01344682 -0.001197135 0.003792068 -0.01347672 0.0007923936 0.00375061 -0.01315375 -0.003037892 0.01065779 -0.01256729 -0.004930838 0.01067231 -0.01292083 -0.003911793 0.01274084 -0.005393234 0.01237591 0.00527145 -0.006217633 0.01198295 0.003378452 -0.007214793 0.01141038 0.005309029 -0.009370002 -0.009718697 0 -0.007855095 -0.01097941 0 -0.01177267 0.006607141 0 -0.01260922 0.004822617 0 -0.01228007 0.005608024 0.00204575 -0.01221432 -0.005749815 0.01272479 -0.01216635 -0.005850629 0.008989349 -0.01118131 -0.007564946 0.009007931 -0.01175367 -0.006640877 0.01104293 0.01341568 0.001506464 0.008119022 -0.0101168 0.008938702 0.001852341 -0.0106852 0.008250845 0 -0.01133511 0.007332476 0.001935318 0.004532594 -0.01271635 0.0017132 -0.01295606 0.003793481 0.001764523 -0.01321846 0.002742676 0.003726971 -0.01267836 0.004637807 0.003700951 -0.01081427 0.008080935 0.003653431 -0.01060241 -0.008356964 0.00732951 -0.009258364 -0.009825107 0.007358582 -0.01001854 -0.009048697 0.00934478 0.0006879991 -0.01348246 0.00577486 -0.001291841 -0.01343805 0.005762028 -0.0133559 -0.001967207 0.00196067 -0.006069235 0.01205879 0.01041703 -0.003233692 -0.01310699 0.005725571 -0.005102848 -0.01249844 0.0056945 -0.01066301 -0.00827951 0.01102324 -0.006862496 -0.01162567 0.005665012 -0.008490849 -0.0104955 0.005650871 -0.003414601 0.01306103 0.001706451 -0.005279914 0.01242467 0.001594967 -0.004310695 0.01279328 0.003599461 -0.01332742 -0.002151701 0.005512211 -0.01335637 0.001964008 0.001911243 -0.007721882 -0.01107351 0.007370949 -0.008635399 -0.01037689 0.00931395 -0.01346399 -0.0009854367 0 -0.01317702 -0.002935307 0 -0.00701551 -0.01153398 0.009194611 -0.008637408 0.01037522 0.001938862 -0.01287755 0.004052011 0.01270387 -0.007853088 -0.01098085 0.01101535 -0.007855095 0.01097941 0 -0.009370002 0.009718697 0 -0.006054128 -0.01206638 0.007409 -0.004223672 -0.01282227 0.007439449 -0.005224515 -0.01244807 0.009346897 -0.006168147 -0.0120085 0.01101687 0.005285489 0.0124223 0.01101921 0.00329942 0.0130906 0.01025659 0.003602687 0.01301041 0.01222194 0.003327408 0.01308351 0.003463032 0.002437095 0.0132782 0.001710979 0.001318645 0.01343544 0.003480022 0.0135 -8.238596e-19 0.003608452 0.01326951 -0.002483958 0.00344548 -0.01317702 0.002935307 0 -0.01346399 0.0009854367 0 -0.002298577 -0.01330288 0.007460983 -0.001316071 -0.0134357 0.00919788 -0.003413419 -0.01306134 0.009312851 0.01182818 -0.006507239 0.005997883 0.01121344 0.007517231 0.009957489 0.0121492 0.005886166 0.01118657 0.01214647 0.005891805 0.00954427 0.0112598 0.007447614 0.01158718 -0.002437196 -0.01327818 0.01101086 0.002281296 0.01330585 0.00516885 0.0127723 0.004372461 0.003411098 0.01317702 0.002935307 0.001706451 0.0125796 0.00489935 0.001659187 0.01310021 0.003261072 0.005024342 0.01340958 0.001559887 0.006314793 0.01340958 0.001559887 0.004510571 0.005459431 -0.01234685 0.004672199 -0.0004731188 -0.01349171 0.01101257 -0.01296325 -0.003768832 0.0017132 -0.006958893 0.01156822 0.00171207 -0.002530515 0.01326071 0.003526218 -0.001491492 0.01341736 0.00170895 -0.000668689 0.01348343 0.00349625 0.01116644 0.007586874 0.003411171 0.01065756 0.008286521 0.00164716 0.009921701 0.00915477 0.003420391 0.006876505 0.01161739 0.01105043 0.006922443 0.01159007 0.00957061 0.007862886 -0.01097383 0.0127259 0.007066202 -0.01150299 0.01100805 0.008681354 -0.01033848 0.01100662 0.0006467572 -0.0134845 0.009232231 0.005161661 0.01247426 0.009579781 0.007954201 -0.01090783 0.009301479 0.0004797075 0.01349147 0.001703823 0.01316765 0.002977057 0.006901039 0.007353376 -0.01132157 0.004194141 0.006918585 -0.01159238 0.00271674 0.008635466 -0.01037684 0.002777378 0.002578977 -0.01325137 0.009235348 0.003429637 -0.01305709 0.01101569 0.001490939 -0.01341742 0.01101534 0.009354477 0.009733641 0.001638828 -0.01104518 -0.007762342 0.002380051 0.01003349 0.009032114 0.01117743 0.008585557 0.01041817 0.01001625 0.008636325 0.01037612 0.01163287 0.01292761 0.003889338 0 0.009961559 0.009111384 0.009554531 0.004481856 -0.01273432 0.0092519 0.006191145 0.01199665 0.001642143 0.004358885 0.01277694 0.001706451 0.005184059 0.01246497 0.003447891 -0.01182033 -0.006521482 0.001991833 -0.01017463 0.008872815 0.00534679 0.00529757 -0.01241716 0.01101496 0.002007653 0.01334988 0.01286561 0.006268095 -0.01195663 0.009274738 0.008891248 -0.01015853 0.0042304 0.01005764 -0.009005218 0.002794731 0.006888759 0.01161012 0.0033825 0.007855095 0.01097941 0.001626019 0.004166682 0.0128409 0.005141899 0.01291538 -0.003929742 0.003378838 0.01312704 -0.003151308 0.001720699 0.01257444 -0.004912576 0.00171093 0.008449895 0.0105285 0.003378208 0.009378583 -0.009710416 0.01272905 0.01010551 -0.008951465 0.01100319 0.01069187 -0.008242203 0.01273363 0.0004930483 0.01349099 0.01272736 0.002017249 0.01334843 0.01141039 0.0003886296 0.0134944 0.01131483 0.01292761 -0.003889338 0 0.01261331 -0.004811913 0.0127361 0.01177976 -0.006594494 0.01273624 0.01223153 -0.005713113 0.01105304 0.01177569 0.006601758 0.01274947 0.01260652 0.004829654 0.01275405 0.01255091 -0.004972377 0.009409981 0.01284243 -0.004161974 0.01104648 0.01209049 0.006005838 0.003405651 -0.0003318187 -0.01349592 0.00748201 0.001635503 -0.01340056 0.0075089 0.01222351 -0.005730256 0.003371292 0.01179989 -0.0065584 0.009365799 0.01225092 -0.005671418 0.007694187 0.009371245 -0.009717498 0.001699802 0.01005442 -0.009008804 0 0.01070097 -0.008230388 0.001721409 0.01290054 -0.003978186 0.008159309 0.01277577 0.004362313 0.00669664 0.01252768 0.005030635 0.00835033 0.01212474 0.005936396 0.006696762 0.01262152 -0.00479033 0.00501582 0.01317702 -0.002935306 0.01272736 0.01167632 0.006775945 0.008372162 0.01317702 0.002935306 0.01272736 0.01177397 0.006604824 0.001686653 0.01335614 0.001965616 0 0.01131286 -0.007366759 0.007668949 0.01056849 0.008399819 0.005049328 0.01166521 0.006795058 0.005044109 0.01128585 -0.007408079 0.01102755 0.01115089 0.007609708 0.006713081 0.01177909 -0.006595676 0.001708572 0.01222355 -0.005730165 0 0.009370044 0.009718657 0.01274667 0.01068889 0.008246065 0.01276045 0.004886381 0.01258465 0.01304632 0.01125897 -0.007448864 0 0.01058612 0.008377598 0.00842041 0.005622061 -0.01227365 0.003138081 0.01251322 0.005066494 0.005039478 0.01222355 0.005730165 0 0.01125897 0.007448864 0 0.009934216 0.009141191 0.00673634 0.005126949 0.01248857 0.006817757 0.006889328 0.01160979 0.006789169 0.006077209 0.01205477 0.005109161 0.01339282 -0.001697771 0.009829651 0.01345487 -0.001102895 0.008119022 0.009262769 0.009820953 0.00843507 0.006384684 0.01189478 0.01274376 0.007858778 0.01097678 0.01272997 0.01245711 -0.005202932 0.006367638 0.008503091 0.01048558 0.006762829 0.01342724 -0.001399716 0.004789299 0.007736444 0.01106334 0.00848019 0.006172863 -0.01200607 0.01272766 0.007698016 0.01109011 0.00507196 0.009231153 0.009850675 0.005055161 -0.001475374 -0.01341914 0.0127268 0.006039708 0.0120736 0.008488369 -0.003414603 -0.01306103 0.01272736 -0.00435766 -0.01277736 0.01101946 0.0004934703 -0.01349098 0.01272737 0.002453567 -0.01327517 0.01272692 -0.005279916 -0.01242467 0.01272736 0.004360007 -0.01277655 0.01272717 0.004229378 0.01282039 0.008519779 -0.007032487 -0.01152363 0.01272716 -0.008635586 -0.01037674 0.01272736 -0.009369755 -0.009718935 0.01102049 0.008635586 -0.01037674 0 0.007855095 -0.01097941 0.001706451 0.007032695 -0.01152351 0 -0.01005441 -0.009008822 0.01272734 -0.01288698 -0.004021925 0.008952972 -0.01125194 -0.007459481 0.01272695 0.003253178 0.01310217 0.006845543 0.002311516 0.01330064 0.00856432 -0.01333496 -0.00210448 0.008924629 0.0003504899 0.01349545 0.008592052 0.001347016 0.01343263 0.01024446 -0.0006040249 0.01348648 0.01029446 -0.009928699 -0.009147182 0.005623421 -0.0111554 -0.00760309 0.00559547 -0.0133823 0.001778757 0.00545676 -0.01298076 0.003708091 0.005429031 -0.0123026 0.005558411 0.005401299 -0.01349868 -0.0001884539 0.00548447 -0.001665123 0.01339692 0.005207462 0.0003100503 0.01349644 0.005182449 -0.01187342 0.006424323 0.00368438 -0.01321187 0.00277426 0.00714917 -0.0006592587 0.01348389 0.006899651 0.001310766 0.01343622 0.00687191 -0.01133629 0.00733065 0.008786129 0.003414601 0.01306103 0 -0.009488482 0.009603059 0.007038269 0.01005442 0.009008804 0 0.008635586 0.01037674 0 0.001476511 0.01341901 0 0.005279914 -0.01242467 0 0.005279914 0.01242467 0 -0.0004930473 0.01349099 0 -0.01078546 0.008119346 0.00706599 -0.0106852 -0.008250845 0 -0.006172771 0.01200612 0 -0.002452097 0.01327544 0 -0.004358885 0.01277694 0 -0.002615208 0.01324427 0.006927402 -0.01260922 -0.004822617 0 -0.005410346 0.01236843 0.008675228 -0.006317349 0.01193068 0.006985401 -0.004514792 0.01272268 0.00695536 -0.001617961 0.01340269 0.008619789 -0.01014827 0.008902961 0.008758411 -0.003551973 0.01302434 0.00864753 -0.007989058 0.01088232 0.007012478 -0.013475 0.0008212279 0.007176899 -0.01136229 0.007290286 0.005373577 -0.01185262 0.006462616 0.007093719 -0.01266721 0.004668175 0.007121441 -0.01349927 -0.0001406696 0.00889698 -0.01345104 -0.001148696 0.007204269 -0.01314113 -0.00309205 0.007231499 -0.01255242 -0.004968579 0.00726046 -0.01169731 -0.006739647 0.00728986 -0.003545818 0.01302602 0.005242439 0.003566678 -0.01302032 0.007536129 0.01310573 -0.003238821 0.009557922 0.007159244 -0.01144531 0.007589008 0.008740001 -0.01028895 0.007613392 0.009473895 -0.009617448 0.005915009 0.007991446 -0.01088057 0.0059048 0.005421568 -0.01236352 0.00756271 0.006323219 -0.01192757 0.005889187 0.01013645 -0.008916417 0.007638901 0.0107384 -0.008181484 0.009336151 0.009433097 -0.009657468 0.009318371 -0.001380656 0.01342921 0.01335555 0.0135 -2.014649e-18 0.00902113 0.0135 -2.411579e-18 0.01082536 0.0135 -1.220789e-18 0.005412678 0.0135 -1.617719e-18 0.0072169 0.01322012 0.002734681 0.00357365 0.007032695 0.01152351 0 0.01341545 0.001508529 0.01172747 0.01342248 -0.001444688 0.01172352 0.01341545 0.00150853 0.002706341 0.006172771 -0.01200612 0.001473343 0.0135 -2.808508e-18 0.01262959 -0.01177267 -0.006607141 0 -0.0124892 -0.005125423 0.00150692 -0.01109922 -0.007684874 0.001144878 0.01343396 -0.001333722 0.01314973 0.01343396 0.001333722 0.01314973 0.01343396 0.001333724 0.001284069 0.01278256 0.004342376 0.0114103 0.01325396 -0.002565634 0.01085523 0.002998232 0.01030826 0 0.001760804 0.00880297 0 0.0008420836 0.01035334 0 0.002291033 0.01184009 0 -0.01149012 4.621656e-06 0 0.009246722 -0.004259167 0 0.008222102 -0.002268841 0 0.01032105 -0.002470001 0 -7.417217e-05 -0.009644685 0 -0.001291765 -0.0115546 0 -0.002034948 -0.009312435 0 0.005027049 -0.008744534 0 0.006541165 -0.007416322 0 0.006814963 -0.009534827 0 -0.008929306 0.003250387 0 -0.01096293 0.003529829 0 -0.009429525 0.004930623 0 0.00816034 -0.00846402 0 -0.003178427 -0.01114444 0 0.003819603 0.00864434 0 0.005259292 0.01043528 0 0.00571745 0.008388288 0 0.01122551 -0.004074133 0 -0.01103288 0.005250023 0 -0.009957519 0.001800314 0 -0.01044711 -0.001738489 0 -0.008558306 -0.001978118 0 -0.009614101 -0.003650056 0 0.01013169 0.005938811 0 0.009044118 0.00448435 0 0.008219599 0.006193809 0 0.0006055551 -0.01146333 0 0.01059776 0.0008876836 0 0.0117033 -0.0008572376 0 0.009505835 -0.0006824202 0 0.009318529 0.007598908 0 -0.01201211 -0.001803487 0 -0.01173929 0.001782073 0 -0.003043398 0.01104644 0 -0.01148232 -0.003362821 0 0.01082306 -0.005597818 0 0.009458529 -0.006125376 0 -0.006082927 -0.01005922 0 -0.004087179 -0.009316978 0 -0.004776038 -0.01106074 0 -0.006244837 0.009939912 0 -0.005409374 0.008020513 0 -0.007229245 0.008088116 0 -0.007487752 -0.008813522 0 0.0002698672 0.01189611 0 -0.001090776 0.01037799 0 -0.001341196 0.01201521 0 -0.005511182 -0.008631433 0 0.008639758 0.001075036 0 0.006690693 0.001330015 0 0.00787829 0.002903495 0 0.00207013 -0.01000956 0 0.003684973 -0.01126226 0 0.002228081 -0.01182245 0 0.007419224 -0.0004999339 0 0.003860753 -0.009686296 0 -0.004195323 0.009523546 0 -0.007777704 -0.003786317 0 -0.009309166 -7.789169e-05 0 0.005284967 -0.01052436 0 0.009832566 0.002666797 0 0.003000422 -0.003300309 0 0.003677273 -0.005085914 0 0.001744787 -0.004820367 0 0.005475212 -0.000207122 0 0.00620096 -0.002015218 0 0.006295676 0.006527532 0 0.007040512 0.004707973 0 0.005133837 0.004978216 0 0.006885074 -0.003851647 0 0.001096858 -0.003058396 0 0.005895008 0.003155661 0 0.004939266 -0.003539859 0 0.005611568 -0.005379511 0 0.004404519 0.006800026 0 0.00318415 0.005224189 0 0.007533469 -0.005623362 0 0.001222714 0.005468689 0 0.00241286 0.007039625 0 0.003942976 0.003406207 0 0.001987995 0.003652374 0 0.0007980173 0.002081949 0 3.257357e-05 0.003897811 0 0.004348557 -0.006901806 0 0.002753414 0.001836144 0 0.002401318 -0.006595057 0 0.0003733103 -0.001305065 0 0.0023202 -0.001509313 0 0.003102272 -0.008316496 0 0.001563765 0.0002679749 0 -0.006994385 0.003053931 0 -0.00817063 0.001509956 0 -0.006258855 0.001246324 0 0.001145043 -0.008066047 0 -0.005834112 0.004633388 0 -0.003878553 0.004388172 0 -0.005063724 0.002815807 0 -0.003112309 0.00257183 0 -0.00234773 0.0007560657 0 -0.004303292 0.001001037 0 -0.001582324 -0.00106036 0 -0.003537949 -0.0008142839 0 0.0004802355 -0.006255527 0 -0.0003921043 0.0005110937 0 -0.0007807052 -0.007757743 0 -0.001498212 0.007515333 0 -0.003452756 0.007774489 0 -0.002278718 0.009199047 0 -0.000308897 0.009013379 0 0.0004573009 0.007284846 0 -0.002017856 -0.00437572 0 -0.003221964 -0.005903807 0 -0.003965645 -0.004170084 0 -0.0007328448 0.005713915 0 -0.002772873 -0.002626192 0 -0.005134879 -0.005772839 0 -0.005918193 -0.003956849 0 -0.002688405 0.005959126 0 -0.004728108 -0.002385093 0 -0.004643964 0.006204341 0 -0.007449005 -0.0003246148 0 -0.0066836 -0.002140711 0 -0.00993316 0.006538378 0 0.01098138 0.00420002 0 -0.004413207 -0.00742203 0 -0.006276153 -0.007221479 0 0.007487067 0.007905278 0 -0.007000975 -0.005525925 0 -0.007654193 0.004809048 0 -0.006540505 0.006433201 0 -0.009879932 -0.006738784 0 -0.005493464 -0.0005696065 0 -0.001922991 0.004142982 0 -0.0008193203 -0.002845816 0 -0.001157566 0.002326918 0 0.003521351 3.595748e-05 0 0.004709089 0.001591099 0 0.009409889 -0.007615575 0 0.007129338 0.009599116 0 -0.00264647 -0.007630097 0 0.004274717 -0.001738805 0 0.008117187 -0.007030809 0 0.01167072 0.002428983 0 -0.01073413 -0.005114984 0 -0.008764234 -0.005285807 0 -0.004785847 0.01108782 0 -0.0001146235 -0.004551181 0 -0.007942489 0.009490929 0 -0.001340817 -0.006067589 0 -0.008266392 0.006469198 0 -0.008087767 -0.006956936 0 0.01220493 0.0008905324 0 -0.009110132 -0.008120008 0 0.008524989 0.008897769 0 -0.008895759 0.008125457 0 0.0119399 -0.002658962 0 0.003930882 0.01169208 0</float_array>
          <technique_common>
            <accessor count="1109" source="#cubeverts-array1-array" stride="3">
              <param type="float" name="X" />
              <param type="float" name="Y" />
              <param type="float" name="Z" />
            </accessor>
          </technique_common>
        </source>
        <source id="cubenormals-array1">
          <float_array count="6642" id="cubenormals-array1-array">0.3372776 -0.3866268 -0.8583493 -0.5011359 0.06685295 -0.8627824 0.3376324 -0.3810193 -0.8607141 -0.4847017 -0.1478813 -0.8620878 -0.5087014 0.08048601 -0.8571726 -0.3818135 -0.3342661 -0.8616756 -0.07787335 0.4991669 -0.8629996 -0.07729438 -0.4993544 -0.8629431 -0.4972626 -0.1381497 -0.8565304 -0.2112102 -0.4609023 -0.8619509 -0.4257697 -0.2729044 -0.8626953 0.4655137 0.2129487 -0.8590401 0.4645836 -0.2118622 -0.8598118 -0.0675735 0.509819 -0.8576237 -0.06663328 -0.5109221 -0.8570406 -0.2783008 -0.422052 -0.8627982 -0.2775689 0.4221971 -0.862963 -0.5012651 -0.0739192 -0.8621306 -0.3951029 -0.3313318 -0.8568038 -0.4280029 0.2677197 -0.8632147 0.4643151 0.2134188 -0.8595719 0.4674101 -0.2106541 -0.8585759 -0.27307 -0.4364164 -0.8573059 -0.2729257 0.4363126 -0.8574048 0.3851977 -0.3306821 -0.8615522 -0.3829851 0.3301091 -0.8627574 -0.2247549 -0.4636823 -0.8570204 -0.4270427 -0.2867536 -0.8575587 -0.4851057 0.1439857 -0.8625199 -0.0008597779 0.5062867 -0.8623648 -0.4295386 0.2856175 -0.8566909 -0.5069562 -0.08414852 -0.8578546 -0.2100238 0.4600528 -0.8626943 0.2193524 0.4594727 -0.8606795 0.3823337 -0.347187 -0.856319 -0.4970882 0.1348855 -0.8571519 0.001450967 -0.5040289 -0.8636857 0.3886272 0.3280079 -0.8610341 -0.3959364 0.3279602 -0.8577159 0.4254704 0.2741857 -0.8624368 0.2128952 -0.4575062 -0.8633445 -0.2253379 0.4635317 -0.8569487 -0.0137602 0.5155411 -0.8567544 0.485256 -0.1426756 -0.862653 0.485256 0.1426756 -0.862653 -0.01209499 -0.5146688 -0.8573037 0.2020644 0.4791258 -0.8541712 0.201655 -0.4759647 -0.8560332 0.3825412 0.3521213 -0.8542089 0.4334678 -0.2875497 -0.8540614 -0.1461152 0.4868335 -0.8611873 -0.1472395 -0.4859049 -0.8615202 -0.3350981 -0.3823891 -0.8610969 -0.3354212 0.3816277 -0.8613088 -0.4636256 0.2085174 -0.8611457 -0.4617956 -0.2122467 -0.8612178 -0.5080536 -0.004440829 -0.861314 0.3133982 0.4075798 -0.8577064 0.444333 0.2644243 -0.8559486 0.3552767 0.3739126 -0.8567193 0.2761728 -0.4413869 -0.8537601 0.4903322 -0.1626298 -0.8562278 0.4908329 0.1646438 -0.8555557 0.06910891 -0.5160986 -0.8537366 0.5026621 -0.07334133 -0.8613662 0.5027424 0.07341056 -0.8613135 0.2472109 -0.4446309 -0.860924 0.1166769 0.501085 -0.8574966 0.07541595 -0.5009428 -0.8621883 -0.4601634 -0.2421422 -0.8541761 0.04088582 -0.506977 -0.8609895 0.2766567 -0.4244045 -0.8621728 0.2854417 -0.4384205 -0.8522385 -0.3438825 -0.3922095 -0.8531803 -0.3445008 0.3919436 -0.853053 -0.521997 -0.004402934 -0.852936 -0.1501252 0.4995919 -0.8531532 -0.1512235 -0.4997157 -0.8528867 -0.4757794 0.2138029 -0.8531836 -0.4742995 -0.2177625 -0.8530061 0.07758646 -0.5173212 -0.8522671 -0.518732 -0.03091801 -0.8543776 0.3050419 0.4074858 -0.8607583 0.1081448 0.4971453 -0.8609014 0.5037798 0.1477376 -0.8511049 0.5037798 -0.1477376 -0.8511049 -0.3630852 0.3725196 -0.8540482 0.439164 -0.2572752 -0.8607813 0.04142525 0.5185855 -0.8540217 0.4249747 -0.2725031 -0.8632141 0.5065318 -0.1146494 -0.8545649 0.5063713 0.1148647 -0.8546311 0.2671015 0.4340815 -0.8603663 0.06301246 0.5056763 -0.860419 0.4775128 -0.2186897 -0.8509737 0.4775464 0.2190865 -0.8508528 0.4421375 -0.2833457 -0.8510168 0.4414866 0.2837937 -0.8512055 0.3463461 -0.396154 -0.8503566 0.3981507 -0.3416682 -0.851316 0.3982939 0.3366762 -0.8532357 0.2237734 0.4695549 -0.8540747 0.2215575 -0.4784737 -0.8496913 0.1485619 -0.5037888 -0.850956 -0.08090806 0.5209247 -0.8497595 -0.08157667 -0.5202678 -0.850098 -0.001587764 0.5257818 -0.850618 0.002567903 -0.5274895 -0.8495577 -0.2902019 0.4397351 -0.8499505 -0.2900162 -0.4400653 -0.8498431 -0.2176239 0.4793757 -0.8501992 -0.2194861 -0.4781117 -0.8504323 -0.3983352 0.3446544 -0.8500249 -0.3942783 -0.3466679 -0.8510969 -0.4465532 0.2781332 -0.8504305 -0.4441206 -0.283626 -0.8498902 -0.5208382 -0.0764886 -0.8502218 -0.5232152 0.07008606 -0.8493137 -0.5024432 -0.1539039 -0.8508022 -0.5046497 0.1497675 -0.8502343 0.1702667 0.4866556 -0.8568405 -0.1228032 0.5057818 -0.8538759 -0.1230234 -0.5056056 -0.8539487 -0.3199307 -0.4094352 -0.8544046 -0.3212999 0.4090131 -0.8540929 -0.4615619 0.2405285 -0.8538775 0.4086665 -0.3040006 -0.8605668 -0.5195043 0.02421868 -0.8541245 0.4176963 0.3094361 -0.8542711 -0.4848738 0.1888328 -0.8539553 0.2279004 -0.4686739 -0.8534672 -0.4830157 -0.1921335 -0.8542719 -0.1762938 0.4892691 -0.8541289 0.4461487 -0.2636862 -0.8552315 -0.3603195 -0.3744442 -0.8543779 0.4735087 0.1766127 -0.8629006 0.4735087 -0.1766127 -0.8629006 0.271258 0.4422584 -0.854884 0.06343902 0.5151345 -0.8547584 0.03606353 -0.5042382 -0.8628113 0.03605227 0.5040808 -0.8629037 0.4041461 -0.3025379 -0.863213 0.4044745 0.3027837 -0.862973 -0.3031414 -0.4049515 -0.8626237 -0.3031536 0.4049676 -0.8626118 -0.357241 0.3572381 -0.8629946 -0.3572198 -0.3572169 -0.8630123 -0.1765278 0.4732977 -0.8630338 -0.1765823 -0.4734438 -0.8629425 0.1074221 -0.4938227 -0.8629018 -0.4439784 0.2424312 -0.8626183 -0.443619 -0.2422349 -0.8628583 0.3028608 -0.4045722 -0.8629001 0.2421985 0.4435574 -0.8629002 0.242268 -0.4436847 -0.8628152 -0.4736465 -0.1766608 -0.8628151 -0.4733071 0.1765343 -0.8630272 -0.1075278 0.4943087 -0.8626104 -0.1075278 -0.4943087 -0.8626104 -0.5046276 0.0360909 -0.8625824 -0.5040213 -0.03604754 -0.8629387 0.2520017 0.4552359 -0.8539646 -0.1754156 -0.4891754 -0.8543634 0.5029345 0.1371534 -0.8533732 0.5029345 -0.1371534 -0.8533732 0.2764899 0.4418939 -0.8533951 0.3637272 -0.373542 -0.8533281 0.3636499 0.3734626 -0.8533958 -0.2525775 -0.4559838 -0.8533952 -0.2527735 0.4563376 -0.8531481 -0.3432596 -0.3922887 -0.8533946 -0.3432584 0.3922874 -0.8533958 -0.1504854 -0.4990696 -0.8533954 -0.1504854 0.4990696 -0.8533954 0.4624979 0.2403262 -0.8534278 0.4625443 -0.2403503 -0.8533958 -0.521515 0 -0.8532421 -0.5098317 -0.1102614 -0.8531787 -0.5094827 0.1101859 -0.853397 0.1768346 -0.4903537 -0.8533948 0.1768346 0.4903537 -0.8533948 -0.4188184 -0.311157 -0.8530958 -0.4184245 0.3108644 -0.8533956 -0.04161003 -0.5198777 -0.8532267 -0.04158807 0.5196033 -0.8533949 -0.4746815 0.2153937 -0.853395 -0.4748606 -0.215475 -0.8532748 0.06918314 0.5166529 -0.8533952 0.01387679 -0.5210981 -0.8533839 0.1380062 -0.4746754 -0.8692742 0.04305012 -0.518703 -0.85387 0.2538391 -0.4544096 -0.8538604 0.5083832 -0.07828674 -0.8575649 0.5083833 0.07828674 -0.8575649 0.4936354 0.1073839 -0.8630138 0.4936354 -0.1073839 -0.8630138 0.1981038 -0.4679398 -0.8612708 -0.2997181 -0.4266955 -0.8532878 -0.2997181 0.4266955 -0.8532878 -0.2027484 0.4804088 -0.8532881 0.2279487 0.4687733 -0.8533996 -0.09657229 0.5121667 -0.8534396 -0.09661021 -0.5123677 -0.8533146 -0.4948215 0.1636968 -0.8534372 -0.4490517 0.2645996 -0.8534282 0.1237518 0.5065418 -0.8532883 0.4013113 0.3327164 -0.8533751 0.4344046 0.2881711 -0.8533757 0.09837504 -0.5107095 -0.8541067 0.3326975 0.3832484 -0.8616456 -0.2211905 -0.4572472 -0.8613941 -0.3547418 0.3640766 -0.8611657 0.376747 -0.3419088 -0.8609065 -0.5013611 0.0787577 -0.8616462 -0.5073668 -0.03047802 -0.861191 -0.389236 -0.3263507 -0.8613887 -0.4892412 -0.1360731 -0.861468 -0.4494292 -0.2369882 -0.8613071 0.04056213 0.5067785 -0.8611215 0.2986951 -0.424142 -0.8549179 -0.01224099 -0.5084311 -0.8610156 0.09627411 0.5113961 -0.8539352 0.4430142 -0.2419073 -0.8632609 0.4431629 0.2419885 -0.8631617 0.297248 0.4264133 -0.8542923 0.3570915 -0.3570842 -0.8631203 0.3579605 0.3579532 -0.8624 0.514347 -0.02403854 -0.8572452 0.514347 0.02403854 -0.8572452 0.1763719 -0.47288 -0.8632945 0.1772941 0.4753525 -0.8617464 -0.03607846 -0.5044469 -0.8626887 -0.03602849 0.5037482 -0.8630989 -0.242092 -0.4433575 -0.8630328 -0.242342 0.4438153 -0.8627272 -0.4048875 -0.3030926 -0.8626708 -0.404903 0.3031043 -0.8626594 -0.4940523 -0.1074748 -0.8627638 -0.4935148 0.1073579 -0.863086 0.4819283 0.1623771 -0.8610336 0.4833451 -0.1607019 -0.8605536 0.24621 0.4447402 -0.8611543 -0.2697793 -0.4308162 -0.8611716 -0.269265 0.430883 -0.8612991 -0.2223871 0.4568919 -0.8612745 -0.3131494 -0.401097 -0.8608477 -0.3137503 0.3999307 -0.8611714 -0.1726172 0.4781081 -0.8611714 0.3738545 0.3439731 -0.8613451 0.1975705 0.4685101 -0.8610831 -0.1199967 0.4937531 -0.8612832 -0.1198501 -0.4937264 -0.8613189 -0.4909694 0.1331673 -0.8609387 -0.06679177 0.5043234 -0.8609278 -0.06549822 -0.5037027 -0.8613905 0.146566 0.4867261 -0.8611714 -0.4235462 0.2816921 -0.8609635 -0.4734598 0.1844964 -0.8612763 -0.4506875 0.2347705 -0.861257 0.09436937 0.4994773 -0.8611718 0.4376565 0.2603472 -0.8606254 0.322167 0.4103492 -0.8531249 -0.2028161 -0.4805691 -0.8531817 -0.3833365 -0.3538816 -0.8531242 -0.3829801 0.3535526 -0.8534206 -0.5187525 0.05545238 -0.8531242 -0.5187513 -0.05545226 -0.853125 -0.4953074 -0.1638576 -0.8531243 -0.4494801 -0.264852 -0.8531243 0.01387509 0.5210342 -0.853423 0.4016269 -0.3329781 -0.8531245 0.09798921 -0.4982437 -0.861482 0.4087564 0.3028715 -0.8609222 0.2946044 -0.4143019 -0.8611401 0.4860364 0.1900463 -0.8530246 0.4858359 -0.1899679 -0.8531563 0.4188555 -0.3075716 -0.8543768 0.1237838 -0.5066729 -0.8532058 0.3224037 -0.4106507 -0.8528903 0.5218083 0.0278124 -0.8526093 0.501456 0.03586165 -0.8644396 0.501456 -0.03586165 -0.8644397 0.4611594 0.2116774 -0.8616987 0.4629754 -0.2083021 -0.8615474 0.5218074 -0.02781235 -0.8526098 0.5153841 -0.08303583 -0.8529269 0.5152862 0.08302007 -0.8529876 0.1487343 -0.4870014 -0.8606438 0.3360764 -0.379457 -0.8620121 0.2917065 0.4168851 -0.8608799 -0.3529823 -0.3656812 -0.8612089 -0.1722476 -0.4784633 -0.861048 -0.507293 0.0238961 -0.8614422 -0.5013658 -0.08311513 -0.8612342 -0.3916434 0.3243527 -0.8610522 -0.4216858 -0.2832039 -0.8613807 -0.4722881 -0.1874006 -0.8612927 -0.01361537 0.5082537 -0.8610998 0.5143547 -0.02328097 -0.8572615 0.5143547 0.02328099 -0.8572615 0.5144041 -0.01911896 -0.8573347 0.5144069 0.01883652 -0.8573394 0.5178642 0.0771379 -0.851978 0.5178642 -0.07713789 -0.851978 0.4962396 -0.1108564 -0.861079 0.4963288 0.1111969 -0.8609837 0.129749 -0.4947904 -0.8592716 0.3484461 0.3716844 -0.8604859 0.165165 0.4810696 -0.8609835 0.5047804 0.06097148 -0.8610919 0.1618572 -0.4872788 -0.8581151 0.5049893 -0.06094604 -0.8609712 0.5149906 -0.02360881 -0.8568707 0.5149906 0.02360881 -0.8568707 0.3445027 0.3949321 -0.8516728 0.3116593 0.4015039 -0.8611987 0.5099 -0.021026 -0.8599768 0.1172418 0.4944757 -0.861248 0.5095902 0.02081659 -0.8601654 0.151055 0.5002372 -0.8526108 0.5155206 0.06412626 -0.8544743 0.5151359 -0.06407607 -0.85471 0.1535755 -0.4991234 -0.8528132 0.756227 0.05408162 -0.6520705 0.639955 -0.3494464 -0.6843572 0.639955 0.3494464 -0.6843572 0.6927668 -0.2583932 -0.6732808 0.6927668 0.2583932 -0.6732808 0.933171 -0.2078692 -0.2932273 0.933171 0.2078692 -0.2932273 0.9478565 -0.06937189 -0.3110557 0.755968 0.1644509 -0.6336152 0.755968 -0.1644509 -0.6336152 0.8803455 0.3367109 -0.3340926 0.8803455 -0.3367109 -0.3340926 0.8176739 0.4589058 -0.3475843 0.8176739 -0.4589058 -0.3475843 0.79167 -0.3344175 -0.5112962 0.79167 0.3344175 -0.5112962 0.8355989 -0.2153124 -0.5053861 0.8355989 0.2153124 -0.5053861 0.8316293 -0.2786397 -0.4803674 0.8316293 0.2786397 -0.4803674 0.8689899 -0.05250391 -0.4920365 0.8695627 0.02645898 -0.493113 0.8619331 0.08877627 -0.4991893 0.8619331 -0.08877627 -0.4991893 0.7826987 0.4050836 -0.4725358 0.7826987 -0.4050836 -0.4725358 0.720299 0.5137156 -0.4661177 0.720299 -0.5137156 -0.4661177 0.7550014 -0.05399398 -0.6534963 0.7158692 -0.01673859 -0.6980337 0.9663585 -0.03659523 -0.254582 0.7010891 -0.5248252 -0.4827346 0.6200382 -0.6200256 -0.4807504 0.684016 -0.5281759 -0.5031424 0.5260959 -0.7027777 -0.4788806 0.5990483 -0.6213336 -0.5050601 0.4211814 -0.7713432 -0.4771121 0.5015868 -0.7010829 -0.5068465 0.3074321 -0.8242724 -0.4754584 0.3937086 -0.7657741 -0.5085111 0.1871744 -0.8604465 -0.4739173 0.2777193 -0.8140734 -0.5100555 0.06287303 -0.879087 -0.4724967 0.1560739 -0.8449996 -0.5114847 -0.06292295 -0.8797851 -0.4711888 0.03135376 -0.8579371 -0.5127972 -0.1876209 -0.8624991 -0.4699933 -0.09381515 -0.852652 -0.5139876 -0.3086567 -0.8275551 -0.4689175 -0.2167976 -0.829281 -0.5150648 -0.4235369 -0.7756485 -0.4679592 -0.3350058 -0.7883434 -0.5160287 -0.5298756 -0.7078342 -0.4671215 -0.4459576 -0.7307281 -0.5168736 -0.6254897 -0.6254846 -0.4664027 -0.5473154 -0.657666 -0.5176112 -0.7083923 -0.5302919 -0.4658014 -0.6369628 -0.5707167 -0.5182285 -0.7768696 -0.4242039 -0.4653221 -0.7130159 -0.4717237 -0.5187342 -0.8295105 -0.3093911 -0.4649619 -0.7738819 -0.3627808 -0.5191309 -0.8652225 -0.1882181 -0.4647194 -0.8182933 -0.2461887 -0.5194106 -0.8832652 -0.06317102 -0.4645988 -0.845317 -0.1244045 -0.5195793 -0.8832651 0.06317102 -0.4645988 -0.8543893 -0 -0.5196335 -0.8652224 0.1882181 -0.4647194 -0.845317 0.1244045 -0.5195793 -0.8295105 0.3093911 -0.4649619 -0.8182933 0.2461887 -0.5194106 -0.7768696 0.424204 -0.4653221 -0.7738819 0.3627808 -0.5191309 -0.7083923 0.5302918 -0.4658014 -0.7130159 0.4717237 -0.5187342 -0.6254898 0.6254847 -0.4664027 -0.6369628 0.5707167 -0.5182285 -0.5298756 0.7078342 -0.4671216 -0.5473154 0.657666 -0.5176112 -0.423537 0.7756484 -0.4679593 -0.4459576 0.7307281 -0.5168735 -0.3086567 0.8275551 -0.4689175 -0.3350058 0.7883434 -0.5160287 -0.1876209 0.8624991 -0.4699933 -0.2167976 0.829281 -0.5150648 -0.06292295 0.8797851 -0.4711888 -0.09381515 0.852652 -0.5139876 0.06287303 0.879087 -0.4724967 0.03135376 0.8579371 -0.5127972 0.1871744 0.8604465 -0.4739173 0.1560739 0.8449996 -0.5114847 0.3074321 0.8242723 -0.4754584 0.2777193 0.8140734 -0.5100555 0.4211815 0.7713432 -0.4771121 0.3937086 0.7657741 -0.5085111 0.5260959 0.7027777 -0.4788806 0.5015868 0.7010829 -0.5068465 0.6200382 0.6200256 -0.4807504 0.5990482 0.6213336 -0.5050601 0.7010891 0.5248251 -0.4827345 0.684016 0.5281759 -0.5031423 0.9485232 0.06942069 -0.3090056 0.9660068 0.04545261 -0.2544894 0.7157761 0.02323872 -0.697943 0 0 1 0 0 1 0 0 1 0 0 1 0 0 1 0 0 1 0 0 1 0 0 1 0 0 1 -0 0 1 0 0 1 0 0 1 0 -0 1 0 0 1 0 0 1 0 0 1 0 0 1 0 0 1 0 -0 1 0 0 1 -0 0 1 -0 0 1 0 -0 1 0 0 1 0 0 1 -0 0 1 -0 0 1 -0 0 1 -0 0 1 0 0 1 -0 0 1 0 0 1 0 0 1 0 0 1 0 -0 1 0 0 1 0 0 1 -0 0 1 0 0 1 -0 0 1 0 0 1 0 0 1 0 0 1 0 0 1 0 -0 1 0 0 1 0 0 1 0 0 1 0 0 1 0 0 1 0 0 1 0 0 1 0 -0 1 -0 0 1 -0 0 1 0 0 1 0 0 1 0 0 1 0 0 1 0 0 1 0 0 1 0 0 1 -0 0 1 0 0 1 0 0 1 -0 0 1 -0 0 1 0 0 1 0 0 1 -0 0 1 0 0 1 0 0 1 0 0 1 0 0 1 0 0 1 0 0 1 0 -0 1 -0 0 1 0 0 1 0 0 1 0 0 1 0 0 1 0 0 1 0 0 1 -0 0 1 0 0 1 0 0 1 0 0 1 0 0 1 0 -0 1 0 0 1 0 0 1 -0 0 1 0 -0 1 -0 0 1 0 0 1 0 0 1 0 0 1 0 0 1 0 -0 1 0 0 1 0 0 1 0 0 1 0 0 1 0 0 1 0 -0 1 0 0 1 0 0 1 0 0 1 -0 0 1 0 0 1 -0 0 1 0 0 1 -0 0 1 0 0 1 0 0 1 -0 0 1 -0 0 1 0 0 1 0 0 1 0 0 1 -0 0 1 0 0 1 -0 0 1 0 -0 1 0 -0 1 0 0 1 0 0 1 0 0 1 0 0 1 -0 0 1 0 0 1 0 0 1 0 0 1 0 0 1 -0 0 1 -0 0 1 0 0 1 0 0 1 0 0 1 -0 0 1 0 0 1 0 0 1 0 0 1 0 0 1 -0 0 1 0 0 1 0 0 1 0 0 1 0 0 1 0 0 1 -0 0 1 0 0 1 0 0 1 0 0 1 0 0 1 0 0 1 0 -0 1 0 0 1 0 0 1 0 0 1 0 0 1 -0 0 1 -0 0 1 -0 0 1 0 0 1 -0 0 1 0 0 1 0 0 1 0 0 1 0 0 1 0 -0 1 0 0 1 0 -0 1 0 0 1 0 0 1 0 0 1 -0 0 1 -0 0 1 0 0 1 -0 0 1 0 0 1 -0 0 1 0 -0 1 -0 0 1 0 0 1 0 0 1 0 0 1 0 0 1 0 0 1 0 -0 1 0 0 1 -0 0 1 0 0 1 -0 0 1 0 -0 1 -0 0 1 0 0 1 0 -0 1 0 0 1 0 0 1 0 0 1 0 0 1 -0 0 1 0 0 1 0 0 1 0 0 1 0 0 1 -0 0 1 0 0 1 0 0 1 0 0 1 0 0 1 -0 0 1 0 0 1 -0 0 1 -0 0 1 0 0 1 0 0 1 -0 0 1 0 0 1 0 0 1 -0 0 1 0 0 1 0 0 1 0 -0 1 0 -0 1 -0 0 1 -0 0 1 0 -0 1 -0 0 1 0 0 1 0 0 1 0 -0 1 0 0 1 0 0 1 0 0 1 -0 0 1 0 0 1 0 0 1 0 0 1 0 0 1 -0 0 1 0 -0 1 0 0 1 -0 0 1 0 0 1 0 0 1 0 0 1 0 0 1 0 0 1 0 -0 1 0 -0 1 0 0 1 0 0 1 0 0 1 0 0 1 -0 0 1 -0 0 1 0 0 1 0 0 1 0 -0 1 0 0 1 0 -0 1 0 0 1 0 0 1 0 0 1 0 -0 1 0 -0 1 0 0 1 0 0 1 0 0 1 0 0 1 0 0 1 0 0 1 0 0 1 0 -0 1 0 0 1 0 -0 1 0 -0 1 -0 0 1 0 0 1 0 0 1 0 0 1 0 0 1 0 0 1 0 -0 1 0 0 1 -0 0 1 0 -0 1 0 0 1 0 0 1 0 0 1 0 0 1 -0 0 1 0 0 1 0 0 1 0 0 1 0 0 1 0 0 1 0 0 1 0 0 1 0 0 1 0 0 1 0 -0 1 0 0 1 0 0 1 0 0 1 -0 0 1 0 0 1 0 0 1 0 0 1 0 0 1 0 0 1 -0 0 1 0 0 1 -0 0 1 0 -0 1 0 0 1 -0 0 1 -0 0 1 0 0 1 0 0 1 0 0 1 -0 0 1 -0 0 1 0 0 1 0 0 1 0 0 1 0 0 1 0 0 1 0 0 1 0 0 1 0 0 1 0 0 1 0 0 1 0 0 1 0 -0 1 0 0 1 -0 0 1 0 0 1 0 0 1 0 0 1 0 0 1 0 0 1 0 -0 1 0 -0 1 -0 0 1 0 0 1 0 0 1 -0 0 1 0 0 1 0 0 1 0 0 1 0 0 1 0 -0 1 0 0 1 0 0 1 0 0 1 0 0 1 0 0 1 0 0 1 0 0 1 0 0 1 0 0 1 0 0 1 0 0 1 0 0 1 -0 0 1 0 0 1 0 0 1 0 0 1 0 0 1 0 0 1 0 0 1 -0 0 1 0 0 1 0 0 1 -0 0 1 0 -0 1 0 0 1 0 -0 1 0 0 1 0 -0 1 0 0 1 0 0 1 -0 0 1 0 -0 1 0 -0 1 0 -0 1 -0 0 1 0 0 1 0 -0 1 0 -0 1 0 0 1 -0 0 1 0 0 1 0 -0 1 0 0 1 0 -0 1 0 0 1 0 0 1 0 0 1 0 0 1 0 0 1 0 0 1 0 0 1 0 0 1 0 0 1 0 0 1 0 0 1 0 -0 1 -0 0 1 0 0 1 0 0 1 0 0 1 0 0 1 0 -0 1 0 0 1 -0 0 1 -0 0 1 0 0 1 0 0 1 0 0 1 0 -0 1 0 0 1 0 0 1 -0 0 1 0 0 1 0 0 1 0 0 1 0 0 1 0 -0 1 0 0 1 0 -0 1 0 0 1 0 0 1 0 0 1 -0 0 1 0 0 1 0 0 1 0 0 1 0 -0 1 0 0 1 0 0 1 -0 0 1 0 0 1 -0 0 1 -0 0 1 0 0 1 -0 0 1 0 0 1 0 0 1 0 0 1 0 0 1 -0 0 1 0 0 1 0 0 1 0 0 1 -0 0 1 0 0 1 0 0 1 0 0 1 -0 0 1 0 0 1 0 0 1 -0 0 1 0 0 1 0 0 1 0 0 1 0 -0 1 0 0 1 -0 0 1 0 -0 1 0 0 1 0 0 1 0 0 1 -0 0 1 0 0 1 0 0 1 -0 0 1 0 0 1 -0 0 1 0 -0 1 0 -0 1 -0 0 1 -0 0 1 0 0 1 0 0 1 0 0 1 0 0 1 0 -0 1 0 0 1 0 0 1 0 0 1 0 0 1 0 0 1 0 0 1 0 0 1 0 0 1 0 -0 1 0 0 1 0 0 1 0 0 1 0 0 1 0 0 1 -0 0 1 0 0 1 0 0 1 0 0 1 0 0 1 0 -0 1 -0 0 1 0 -0 1 0 0 1 0 0 1 0 0 1 0 0 1 0 0 1 0 0 1 0 0 1 0 -0 1 0 0 1 0 0 1 0 0 1 0 0 1 0 0 1 0 0 1 0 0 1 0 0 1 -0 0 1 0 0 1 0 -0 1 0 -0 1 0 0 1 0 0 1 0 0 1 0 0 1 0 0 1 0 -0 1 0 -0 1 0 0 1 0 -0 1 -0 0 1 0 0 1 -0 0 1 -0 0 1 -0 0 1 0 0 1 0 0 1 0 0 1 0 0 1 0 0 1 0 0 1 0 -0 1 0 -0 1 0 0 1 0 0 1 -0 0 1 -0 0 1 0 -0 1 0 0 1 0 0 1 0 0 1 0 -0 1 0 0 1 0 0 1 0 0 1 0 -0 1 -0 0 1 0 -0 1 0 0 1 0 0 1 0 0 1 0 -0 1 0 0 1 0 0 1 0 0 1 0 0 1 0 -0 1 0 0 1 -0 0 1 -0 0 1 -0 0 1 0 0 1 0 0 1 0 0 1 -0 0 1 0 0 1 0 0 1 0 -0 1 0 0 1 0 0 1 0 0 1 0 0 1 0 -0 1 -0 0 1 0 -0 1 0 0 1 0 0 1 0 0 1 0 -0 1 0 0 1 0 -0 1 0 0 1 0 -0 1 0 -0 1 0 0 1 0 0 1 0 0 1 -0 0 1 0 0 1 0 0 1 0 0 1 0 -0 1 -0 0 1 0 0 1 0 0 1 -0 0 1 0 -0 1 0 0 1 0 0 1 0 0 1 0 0 1 0 0 1 0 -0 1 0 -0 1 0 0 1 0 0 1 0 0 1 0 0 1 0 0 1 0 0 1 -0 0 1 0 -0 1 0 0 1 -0 0 1 0 0 1 0 0 1 -0 0 1 0 0 1 0 -0 1 0 0 1 0 0 1 0 0 1 0 0 1 0 0 1 0 0 1 0 0 1 -0 0 1 0 0 1 0 0 1 -0 0 1 0 0 1 0 0 1 0 -0 1 0 0 1 0 -0 1 0 -0 1 0 0 1 0 0 1 0 0 1 0 0 1 0 0 1 0 0 1 0 -0 1 0 0 1 0 0 1 0 0 1 -0 0 1 0 -0 1 -0.2563209 0.9665085 -0.0126861 0.984873 0.1732161 -0.004629049 0.8477638 -0.5300994 0.01706088 -0.9364294 0.3504513 -0.01684455 0.7918846 -0.6104966 -0.01458395 -0.3910401 0.9202046 0.0176382 0.0479474 -0.9987054 0.01698857 0.9592974 0.2823691 0.004015567 -0.9901292 0.1376572 0.02635101 0.9984846 -0.05503122 -1.302188e-17 0.1087611 -0.9939197 -0.01716523 -0.7446612 0.6672142 0.0174657 -0.9288372 -0.3701449 0.01594236 0.9972426 -0.07298637 -0.01342409 -0.2393544 -0.9707709 0.0177014 -0.8386034 0.5445067 -0.01602182 0.2650953 -0.9640903 0.01594749 -0.7342881 -0.6786597 0.01555754 -0.872072 0.4891177 0.01594999 -0.4430995 0.8963797 -0.01289191 -0.1794044 -0.983611 -0.0179803 0.1816075 -0.9832144 -0.01755414 0.9767128 -0.213115 -0.02478067 -0.5720935 0.81986 -0.02320567 -0.9570791 0.2893977 0.01577054 -0.5112942 -0.8592109 0.0182951 0.1969435 -0.9801716 -0.02183986 -0.5899218 0.8072518 -0.01835156 -0.4534391 -0.891094 -0.01856171 -0.5208784 0.8534903 0.01549122 -0.1093497 -0.9938395 -0.01804347 -0.6925551 0.7211485 0.01767032 -0.3059858 0.95178 0.02207748 -0.6417689 0.7666618 -0.01903468 -0.6891358 0.7243815 -0.01905926 0.9781129 -0.2064165 0.02621772 -0.9542506 -0.2984829 -0.01770898 -0.9891909 0.1455783 0.01755771 -0.9997857 -0.01286632 -0.01621583 -0.1445423 0.9893904 0.01463052 -0.6897575 -0.7238022 -0.01857395 -0.3910435 -0.9201991 -0.01784901 -0.9776099 0.2096964 -0.01750165 -0.9894022 0.1422288 -0.02922979 -0.9891878 -0.1455779 0.01773618 -0.6465697 0.7625337 -0.02213832 -0.8922056 -0.4510584 -0.02270331 -0.9997327 -0.01465179 0.01788454 -0.9550254 -0.2960131 -0.01739853 -0.467908 0.8835425 0.02036248 -0.639569 -0.7685232 -0.01798996 -0.9053131 0.4243934 -0.01727368 -0.9332271 -0.3588708 0.0172934 -0.8668418 -0.4982744 -0.01754581 0.9844239 0.175801 -0.001877332 -0.7960962 0.6048501 0.01967849 0.1061962 -0.9941922 0.01744433 0.2612716 -0.9649758 0.02364411 -0.5254856 0.8505869 -0.01915091 -0.9614795 0.2742667 0.01829752 -0.9969525 -0.0759032 0.01800806 -0.7970886 0.6034878 -0.02126184 -0.7926121 0.6093943 -0.02011566 -0.7372906 -0.6753308 -0.01819425 -0.02253941 -0.9995821 0.01810124 -0.9971805 -0.0730367 -0.01722651 -0.9972273 -0.07187333 -0.0192862 -0.6456455 0.7633349 0.02148773 -0.5153608 0.8567011 0.0215995 -0.9976361 0.06641074 -0.0176636 -0.7885793 0.6146746 0.01782499 -0.3042148 0.95232 -0.02323725 -0.3098051 -0.9506208 0.01846454 -0.181308 -0.9832314 0.0195799 -0.8322377 -0.554141 0.01755522 -0.03425154 -0.9992588 0.017572 -0.9974219 0.06939018 0.01828862 -0.5701873 -0.8212854 0.01941082 -0.3218383 0.9466147 -0.01845867 -0.9726937 -0.2313381 0.01869777 -0.8338578 0.5516781 -0.01823426 -0.97703 0.2124311 -0.01689197 -0.9969928 0.07558706 -0.0170869 -0.4564785 -0.8894969 0.0205597 -0.3193744 -0.9474786 0.01686078 -0.6304044 -0.7760547 -0.01815229 -0.5673053 0.8231498 0.02427049 -0.8763472 0.4813534 0.01772908 -0.6923369 -0.7213739 0.01700921 -0.9891758 -0.1455814 -0.01836469 -0.5802065 -0.8142444 0.01914073 -0.6457091 0.7631763 0.02493669 -0.9051344 0.4248102 0.01637284 -0.7533068 0.6573231 0.02133161 -0.9743603 0.223679 -0.02428263 -0.5821379 -0.8128223 -0.02086479 -0.6395622 0.7685149 -0.0185723 -0.3813535 -0.9242385 -0.0187812 -0.6936214 -0.7200237 0.02133811 -0.5206094 -0.8535649 0.01981704 -0.5781878 -0.8157268 0.01699542 0.3227588 0.9464151 -0.01118803 0.1727061 0.9847352 0.02166337 0.9948313 -0.09471339 0.03660568 0.202518 -0.9790149 0.02272223 -0.9891672 0.1455801 -0.01883911 -0.1744242 -0.9843928 0.02338979 0.8408471 -0.5412665 -0.002579201 0.8673021 0.4977819 0.0002677862 0.05109955 -0.9985379 -0.01763335 0.8685313 0.4956217 -0.003534693 -0.1769356 -0.9839316 -0.0239262 -0.9750592 -0.2210365 -0.0200593 -0.9765118 -0.2146105 0.01915482 -0.2355974 -0.9716509 -0.01970863 0.1723384 0.9847769 -0.02266926 -0.5078955 -0.8611435 -0.02176894 -0.09574131 -0.9952306 -0.01869838 -0.9090524 0.4163704 -0.01610574 -0.2419747 -0.9700937 -0.01914132 -0.03588753 -0.9991917 -0.01811295 0.9566863 0.2905737 -0.01783976 -0.3787952 -0.92527 -0.01973594 -0.5930132 0.8049788 0.01855915 0.9984847 -0.05503123 -1.21069e-17 -0.3203807 -0.9471234 0.01770088 -0.6306365 -0.7758547 -0.01863177 0.9838634 0.1789216 0 -0.904337 -0.4264549 0.01762634 0.3509768 -0.9362239 -0.01731791 -0.9911391 0.1314774 0.01889636 -0.9873608 -0.1573705 -0.01879421 -0.9973575 -0.06983986 0.02001258 -0.9013717 -0.432687 -0.01763885 -0.1080768 -0.9939508 0.01952573 -0.976428 -0.2151609 0.01715389 -0.3213875 -0.9467893 -0.01732402 -0.5772666 0.816274 0.02144613 -0.1821293 0.9830834 -0.01938953 -0.697109 0.7166655 0.02072848 -0.788927 -0.6142308 0.01773837 -0.1184757 0.9927967 0.01784171 0.7830898 0.6215667 0.02062277 -0.976438 0.2150735 0.01767213 -0.9970543 0.07456381 0.01796591 0.4514641 0.8922859 -0.002458872 0.5846882 -0.8109771 -0.02134984 -0.9378365 0.3466197 0.01781817 -0.02450901 -0.99951 -0.01946444 0.4487203 0.8936498 -0.006342839 -0.7850268 -0.6192101 -0.01765795 -0.5805826 -0.8140242 -0.01698303 0.5847121 -0.8109577 0.02143119 -0.03761359 0.9990998 -0.01961705 0.9850464 0.1720341 -0.00936337 0.578195 -0.8156372 -0.02065195 0.1083659 0.9939133 -0.01983052 0.0242996 0.9995036 0.02005215 0.1826923 -0.9829673 0.01997403 0.7430394 0.6689718 -0.01920894 -0.7860621 -0.6180199 -0.01256132 0.6927528 0.7211689 -0.002996472 0.9563069 0.2914451 0.02316878 0.6894758 0.7242928 0.004818751 0.1197938 -0.9926098 -0.01937287 0.2623221 -0.9647719 -0.02005919 0.3911212 0.9201109 -0.02049819 0.03776229 -0.9990924 0.0197074 -0.3930677 0.9192695 0.02101094 -0.4437902 0.8960195 0.01412213 -0.8970464 -0.4414821 0.02003156 -0.7547495 0.6556601 -0.02151704 -0.7030439 0.710853 0.0204275 -0.4558462 -0.8898364 0.01988494 0.3240369 -0.9458283 0.0202245 -0.3883727 0.9213752 -0.0153083 0.2062917 0.9784786 -0.004851314 0.3993199 -0.9165964 -0.01986516 0.7074283 -0.7067506 0.006989476 0.6942186 -0.7196264 -0.01408615 0.459133 -0.8881187 0.02102906 -0.9359421 0.3516357 -0.01909938 0.5213555 0.8531166 -0.01950729 0.23966 0.9706413 0.02045893 0.9710894 -0.2384129 0.01203249 0.9540024 -0.2992156 -0.01869329 -0.2532777 0.9672457 0.01691393 0.254428 -0.9668171 -0.02304579 0.5694458 0.8218277 0.01818499 0.7451444 -0.6665812 0.02072216 -0.4530463 -0.8912299 -0.02140835 0.08951425 0.9959766 -0.004212546 0.9539591 -0.2994048 0.01785444 0.9056508 -0.423488 0.02132293 0.9051873 0.4244435 0.02198964 -0.09170409 -0.9956216 0.01811149 0.6401185 -0.7679912 0.02092296 0.930348 -0.3663421 0.01568559 -0.5204346 0.8536441 -0.02096506 0.9227166 0.3852117 0.01435921 0.9056531 -0.4234924 -0.02113648 0.9052474 0.4243603 -0.02110761 0.5283054 -0.8487918 -0.02111413 0.04868701 -0.9985994 -0.02070577 0.9332288 -0.3586915 0.02059993 0.9034923 -0.4282858 0.01652349 -0.3749106 -0.9268737 0.01863284 0.9303165 -0.3664585 -0.0148088 0.9713445 -0.2373299 -0.01281813 -0.6957389 0.7179132 -0.02341477 0.7451236 -0.6665779 0.02156117 0.9340206 -0.3571949 -0.004179378 0.951816 0.3060746 0.01909641 0.9239658 0.3821476 -0.01582584 0.9332803 -0.3585372 -0.02095231 0.9575715 -0.287553 0.01923943 -0.6285152 -0.7775975 0.017626 0.09279852 0.9956849 -0.000379907 0.6029311 -0.7976755 0.01371009 0.3164939 0.9485686 0.007014481 0.898676 0.4381105 0.02099106 0.9758595 -0.2173783 0.02109215 0.9758595 0.2173783 0.02109215 0.9572171 0.2885758 -0.02143716 0.9574877 -0.2877147 -0.02091626 0.9039452 0.4272878 -0.01755551 0.6975207 -0.7162516 -0.02117939 0.9083207 -0.4182667 0.002526432 0.8331707 0.5526105 -0.02117414 0.9758584 0.2173829 -0.02109497 0.975883 -0.2173884 -0.01986443 0.8746712 -0.484277 0.02063928 -0.9774039 -0.2107148 -0.01676258 0.8254564 0.5640607 0.02138444 0.8343138 -0.5508845 0.02113603 0.8640084 0.5030465 -0.02082739 0.9039648 -0.4271955 0.01874883 0.1197283 -0.9925982 0.02034585 0.7448506 0.6668829 -0.02155571 0.312028 0.9500608 0.004790227 0.7913225 -0.6110414 -0.02090435 0.903846 -0.4275181 -0.0170458 0.863259 0.5044804 0.01683393 -0.9527134 -0.3032777 0.01896754 0.7943232 -0.6071562 -0.02029878 0.7446204 0.6670932 0.02295879 0.8253986 0.5641591 -0.021015 -0.02520946 -0.9994696 0.02061657 0.8749315 -0.4838065 -0.02064289 0.745203 -0.6665031 -0.02112167 0.8267812 0.562144 0.02066163 -0.9866564 -0.1617028 0.01901039 0.3531088 -0.935355 0.02062107 0.8412936 -0.5402637 -0.01845056 0.9338126 -0.357155 -0.02084229 0.8339882 0.5513656 -0.02144129 0.950776 0.309283 -0.01921084 0.8718509 -0.4893118 0.02121294 0.8718477 0.4893099 0.02138289 -0.581263 0.8133806 -0.02335175 0.871856 -0.4893088 -0.02106849 0.8718508 0.4893059 -0.02134936 0.9039761 -0.4271475 -0.01929545 0.8732206 -0.4868903 -0.02058086 0.933799 0.3571556 0.02142983 0.9338035 -0.3571573 0.02120529 0.6401669 -0.7679446 -0.02115362 0.7826614 0.6220968 -0.02089721 0.448754 0.8934627 0.01855548 0.4464095 0.8945788 0.02115021 0.9909407 -0.13388 -0.01061262 0.7370277 0.6755363 0.02099826 0.6939238 -0.7197386 0.02111729 0.6939206 0.7197353 0.02134107 0.5286704 0.848703 0.01452171 0.9239641 0.3821444 0.01599824 0.6390392 0.7689382 -0.0190498 0.8343425 -0.5508363 -0.02125886 0.5284503 0.8488104 -0.01616318 0.9393606 -0.3420019 0.02522622 0.6843135 0.7288802 -0.02118378 0.8346903 -0.5503298 0.02071668 0.7913155 0.6110291 0.02152067 0.6397996 0.7682509 -0.02114308 0.9949944 -0.08939687 -0.04465766 0.6315152 0.7750746 0.02116168 0.872951 -0.4873627 0.02083938 0.8261585 0.5630066 -0.02203784 0.5817335 -0.8131064 0.02107208 -0.5233399 0.8518705 0.02078436 0.5211125 -0.853222 -0.02130592 0.6286827 0.7773696 0.02132284 0.5110173 0.8593512 -0.01941191 0.5211467 -0.8532056 0.02112653 0.5712523 0.8205051 -0.02102413 0.7829682 0.6217016 0.02116467 0.6284028 0.7775994 -0.02119018 0.6307092 0.7756827 -0.02284806 -0.1080385 -0.993923 -0.02109011 0.5115548 0.8589863 0.02131638 -0.2523735 -0.9673949 -0.02132314 0.03781854 -0.9990662 -0.02089177 0.1094208 -0.9937726 0.02105284 -0.957405 0.2880413 0.02019943 0.9555674 -0.2942986 -0.01671234 0.1826954 -0.9829441 -0.02105827 -0.03646183 -0.9991148 0.02097826 -0.975844 0.2168364 0.02665782 -0.1815501 -0.9831574 0.02099914 -0.390772 -0.9202484 -0.02097871 0.2529747 -0.9672443 0.02102913 -0.3228099 -0.9462289 0.02108558 0.3815711 0.9240994 0.02106492 0.3240166 -0.945816 -0.02110202 -0.5205688 -0.853559 -0.02109723 0.4458561 0.8948506 -0.02132322 -0.4571357 -0.8891478 0.02104979 0.5817328 0.8131055 0.02112714 -0.6394936 -0.7685065 -0.02110964 0.639633 -0.7683886 0.02118032 0.5817294 -0.8131089 -0.02109737 -0.5817183 -0.8131182 0.02103916 -0.2521935 -0.9674392 0.02144733 0.951613 0.3068168 -0.01720851 -0.7437315 -0.6681688 -0.02034424 0.1094111 -0.9937723 -0.02111144 -0.6939198 -0.7197433 0.02109319 0.3910567 -0.9201269 0.02099949 -0.9315569 0.3631846 -0.01728279 0.3910656 -0.9201213 -0.02108451 -0.9550381 -0.2957207 0.02124743 -0.7910385 -0.6114112 0.02084175 0.4516102 0.8920898 -0.01496746 0.2433197 0.9697115 0.02133323 -0.6394079 -0.768576 0.02117474 -0.9734958 -0.2277501 -0.02087394 0.3108502 0.9502196 -0.02132245 0.2529796 -0.9672418 -0.02108951 0.2423932 0.9699483 -0.02111609 0.3228045 -0.9462306 0.02109288 0.1815903 -0.9831478 0.02110062 0.0985292 0.9948998 -0.02159751 0.02812278 0.9993832 0.02103337 -0.1815614 -0.9831529 -0.02111669 -0.1093431 -0.9937801 0.02110019 0.172386 0.9847927 0.02159478 -0.03644963 -0.9991133 -0.02107205 -0.4571314 -0.8891488 -0.02110272 -0.391014 -0.920143 0.02109376 -0.3228098 -0.9462286 -0.02110326 -0.5817208 -0.8131145 -0.02111076 -0.5208251 -0.8534029 0.0210885 0.252286 0.9674313 -0.02069836 -0.833814 -0.5516425 0.02109367 -0.8712234 -0.4904424 -0.02087999 -0.7829964 -0.621668 0.02110769 -0.819738 -0.572527 -0.01557592 -0.9911627 0.1309984 -0.02088093 -0.9386153 0.3443261 0.0209994 -0.9980186 0.0593378 0.02092706 0.03651301 0.9991102 0.02110571 0.03651301 -0.9991102 0.02110869 -0.05004092 0.9985191 0.02134164 -0.9116037 0.4105425 -0.02082084 -0.252898 0.9673698 0.01543714 -0.2528718 -0.9672697 0.02110082 -0.9774205 0.2103196 0.02036506 -0.05057906 0.9984939 -0.02125332 -0.9052474 -0.4243625 0.02106184 -0.9052483 0.4243629 0.02101455 0.1691725 0.9853606 -0.02109663 0.09912796 0.9948514 0.02108219 0.1697308 0.9852602 0.02130357 0.4571476 0.8891649 0.02004146 0.4571377 -0.8891457 0.02109556 -0.8760826 0.4817497 -0.01991521 0.2523752 0.9673929 0.02139644 0.02448314 0.999477 0.02112423 -0.7032664 0.7106012 -0.02149996 0.6939207 -0.7197398 -0.02118263 0.693909 0.7197277 -0.02195979 0.1082155 0.9939047 0.02104155 0.3228152 -0.9462445 -0.02028636 0.3228098 0.9462286 -0.02110277 0.02388922 0.9994923 -0.02107994 0.03651511 -0.999154 -0.01891843 0.03651349 0.9991098 -0.0211283 0.09606765 0.9951441 -0.02143176 -0.7525332 0.6582161 0.02110073 0.1815953 0.9831482 -0.02104083 -0.7446072 -0.6671695 -0.02109869 -0.7446347 0.6671941 -0.0192639 -0.5208396 -0.8534262 -0.01974273 -0.5208277 0.8534067 -0.02086804 -0.2528875 -0.9673076 -0.01907727 -0.2528772 0.9672683 -0.02109791 -0.9998165 0 0.01915577 -0.1212775 0.9923947 0.02108447 -0.6395476 0.7684943 0.01987983 -0.6395317 -0.7684752 0.02109595 -0.957397 -0.2880336 -0.0206756 -0.999813 -0 -0.0193349 -0.9574064 0.2880364 -0.02019652 -0.4662748 0.8844326 -0.01915695 -0.4018748 0.9154509 0.02112507 -0.04676433 0.9986835 0.02108006 -0.3877725 0.9215956 0.01714536 -0.4024647 0.9151932 -0.02106075 -0.7015774 0.7122799 -0.02113113 -0.4654148 0.8848532 0.02058683 -0.2650107 0.9640153 -0.02106652 -0.1218669 0.9923226 -0.02107789 -0.5314164 0.8468528 -0.02090314 -0.332473 0.942877 0.02108685 -0.04735985 0.9986509 -0.02129247 -0.5895316 0.8074639 0.02132382 -0.6486883 0.7607574 0.02125244 -0.191656 0.9812357 0.02108349 -0.752924 0.6577696 -0.02108379 -0.3330292 0.9426906 -0.02064315 -0.9908738 0.1332073 -0.02061442 -0.7499607 0.6611529 0.02087661 -0.6491126 0.7604041 -0.02093559 -0.1159968 0.9931646 -0.01299224 -0.7013652 0.7124937 0.02096511 -0.7505525 0.6605579 -0.0182806 -0.2557191 0.9665419 0.02011076 -0.838387 0.5446667 0.02110362 -0.7978575 0.6024838 -0.02089905 -0.1922363 0.9811269 -0.02086067 -0.1151008 0.9931526 0.01999663 -0.7974985 0.6029526 0.02107938 -0.8784838 0.4773049 0.02112916 -0.8421682 0.5388223 0.02057406 -0.8406625 0.5411488 -0.02108028 -0.7998067 0.5998809 -0.02126188 -0.8425131 0.5382661 -0.02100671 -0.8403413 0.5416476 0.02108034 -0.8787678 0.4767834 -0.02108348 -0.9609219 0.2760423 -0.02072781 -0.9102452 0.4135329 0.02107837 -0.8755717 0.4826923 0.01955226 -0.961571 0.2737533 -0.02098614 -0.9104962 0.4130025 -0.02062927 -0.7994617 0.6003414 0.02124141 -0.9361621 0.3509193 0.02135997 -0.9388174 0.3437694 -0.02108309 -0.9787458 0.2040015 0.02097588 -0.9607522 0.2766057 0.02108194 -0.9879591 -0.1533209 0.02072286 -0.9788642 0.2034217 -0.02108172 -0.9907859 0.1337874 0.02107885 -0.999651 -0.01546943 -0.02141219 -0.9962739 -0.08365293 -0.02098781 -0.9976943 0.06425326 0.02185417 -0.9980502 0.05874791 -0.02108398 -0.987258 -0.1577341 -0.02101802 -0.996021 -0.08658841 0.02108635 -0.9878712 -0.1539991 -0.01986597 -0.9997076 -0.0118667 0.021067 -0.999746 -0.01324001 0.01823452 -0.9963212 -0.08306465 0.0210778 -0.9997005 -0.01245206 -0.021069 -0.9959694 -0.08717981 -0.02108729 -0.9977033 0.06430528 -0.02128185 -0.9873494 -0.1571596 0.02102455 -0.9726602 -0.231272 -0.02110212 -0.9540353 -0.2989851 0.02060602 -0.8652551 -0.5009605 0.01928832 -0.9284697 -0.3708385 -0.02056381 -0.827669 -0.5608303 -0.02082277 -0.9004702 -0.4344213 0.02077215 -0.8647751 -0.5017241 -0.02090445 -0.8281443 -0.5601371 0.02057768 -0.7338635 -0.6789699 -0.02107693 -0.7826296 -0.6221369 -0.02089153 -0.6840934 -0.7290896 0.02108901 -0.7376348 -0.6748639 0.02129818 -0.6836696 -0.7294925 -0.02089319 -0.5111325 -0.8592921 -0.01898863 -0.7910338 -0.6114179 -0.0208254 -0.6305575 -0.7758535 0.02117741 -0.6939194 -0.7197434 -0.02110324 -0.9001969 -0.4349811 -0.02090168 -0.4445233 -0.8955185 0.02111014 -0.5699278 -0.8214203 -0.02123945 -0.5117803 -0.8588793 0.0201774 -0.744609 -0.6671674 0.02109798 -0.8669619 -0.4979235 0.0211965 -0.9300196 -0.3669074 -0.02103672 -0.4439673 -0.8958064 -0.02058666 -0.3819016 -0.9239656 0.02094633 -0.3092038 -0.9507715 -0.02065643 -0.1683976 -0.9855098 0.02031501 -0.9303066 -0.3661859 0.0209201 -0.2423891 -0.9699492 0.02112342 -0.9736298 -0.2271618 0.02103797 -0.193807 0.9808357 -0.02000631 -0.3321677 0.9429885 -0.02090977 -0.09743836 -0.9950206 -0.02097131 -0.1676431 -0.9856257 -0.02092244 -0.09788409 -0.9949729 0.02115776 -0.9538442 -0.2995672 -0.02099369 -0.2644323 0.9641721 0.0211586 0.122822 -0.9922454 0.01907389 0.1934287 -0.9808908 -0.02094181 -0.02228349 -0.999527 -0.02119257 0.4589986 -0.8881794 -0.02139112 0.04811988 -0.9986234 0.02087215 0.5717144 0.8201833 0.02102575 0.5116743 0.8589628 0.01929202 0.1233863 -0.9921457 -0.02056046 0.1928613 -0.9810039 0.02087596 -0.1930927 0.9809784 0.01991521 0.982535 -0.1855381 0.01415836 0.590494 -0.8067713 -0.02090175 0.7913212 -0.6110336 0.02118036 0.2659841 -0.9637495 -0.02095891 0.6483409 -0.7610817 0.02021467 0.3334394 -0.9425343 0.02115249 0.6818733 0.7311836 0.02047956 0.5313464 -0.8469152 0.02014039 0.4030271 -0.9149425 -0.02120072 0.2619832 -0.964842 0.02108893 0.5693584 0.8218519 -0.01976139 0.6847306 0.7284913 0.02108337 -0.8338133 0.5516419 0.0211332 0.466842 -0.8840862 0.02121907 -0.1190597 0.9927025 -0.01914188 0.8641838 0.5027415 0.0209161 0.3339776 -0.9423457 -0.02106217 0.5316122 -0.8467216 -0.02123776 0.6033713 -0.7972211 -0.01953557 0.7076026 -0.706385 -0.01785 0.7961599 -0.6047748 0.01941049 0.590073 -0.8070782 0.02094199 -0.871901 0.4892322 -0.02098586 0.7538412 -0.6566285 0.02371502 0.8365595 -0.5474846 0.02070608 0.6484984 -0.7609364 -0.02063204 0.7350751 0.677647 -0.02142759 0.955655 -0.2939981 0.01699349 0.8631712 0.5045542 -0.01899012 0.75321 -0.6574072 -0.02214769 0.7006292 -0.7132235 0.02075903 0.5278143 -0.8490883 0.02147688 0.8725866 -0.4880174 0.02077628 -0.0375066 0.9990729 0.0211316 -0.1821747 0.9830469 0.02076352 0.8369054 -0.546953 -0.02078025 0.3988779 -0.9167714 0.02065638 0.7965129 -0.6042624 -0.02083865 0.645366 -0.7635993 0.02046862 0.6456389 -0.7633693 -0.02044076 0.9508647 0.3089865 0.01959249 0.7940015 -0.6075591 0.02081896 0.7487941 -0.6624608 0.02128614 0.6975658 -0.7161917 0.02171195 0.7490467 -0.6621691 -0.02147164 -0.9573839 -0.288035 0.02125944 0.4673437 -0.8838257 -0.02102714 0.02395875 0.9994792 -0.02161822 0.8345311 -0.5505537 -0.02117136 -0.02004328 0.9997916 0.003895513 -0.0271158 0.9994806 0.01741656 0.701014 -0.7128397 -0.02095309 -0.1093433 0.9937808 -0.0210666 0.380758 0.9243751 0.02353906 0.8975667 0.4403896 -0.02076215 0.3800719 0.9246614 -0.0233822 0.7829297 0.6216946 -0.02273956 0.8326697 0.5533069 0.02264168 0.9980133 -0.0630042 -1.38609e-17 0.9983242 0.05786845 1.273104e-17 -0.8712404 -0.4903989 0.02118998 0.2391048 0.9707738 -0.02066829 0.9983242 0.05786845 1.273105e-17 0.9978682 -0.0652613 -1.435753e-17 0.9983242 0.05786845 1.27311e-17 -0.4685808 0.8831149 -0.02324081 -0.5933491 0.8046907 -0.02024368 -0.9332708 -0.3585522 -0.0211176 -0.3888529 0.9210407 -0.02185001 0.9337986 0.3571497 -0.02154922 -0.7436877 -0.6682076 0.020669 0.964418 0.2643109 0.006137531 -0.3908201 -0.9202186 0.02138348 0.09636063 0.9951158 0.02143228 0.7428907 0.6690716 0.02136496 0.3923702 0.9195455 0.02194961 0.6388011 0.7690693 0.02157635 0.3158484 0.9485813 -0.02081583 0.6825019 0.7305318 -0.02268225 -0.8323938 -0.5537792 -0.02119304 0.3114211 0.9500335 0.02128888 0.9983242 0.05786845 0 -0.4553657 0.8901024 -0.01896792 -0.4532101 0.891183 0.01984164 -0.3239725 0.945815 0.02181501 0.8976082 0.4402984 0.02089947 -0.9114433 0.4108629 0.02151255 -0.5309215 0.8471534 0.02129462 0.9908679 -0.1344094 0.01071676 -0.6927273 -0.7209182 -0.02014404 0.9227107 0.3851036 -0.01732884 0.9041411 0.4267806 0.0196818 0.9983788 0.05689386 0.001690694 -0.3210032 -0.9468659 -0.0200474 0.3161533 0.948495 0.02010988 0.9225085 0.3859765 -0.000207854 0.9983788 0.05689387 -0.001690676 0.4571298 0.88913 -0.02191345 0.9847178 -0.1737871 0.01135645 0.7913072 0.6110296 -0.02181523 0.5216231 0.8529031 0.02157528 0.9984372 0.05588471 1.229462e-17 0.5817162 0.8130905 -0.02214047 0.7903532 0.6126404 0.003688012 0.4777505 -0.8784522 0.008730406 0.9983768 0.05693024 -0.001627569 0.9982607 -0.05843049 -0.007825213 0.7938174 -0.6081027 -0.00806845 0.7351513 0.6775422 0.02211465 -0.3315866 0.9431964 0.02075801 0.9983768 0.05693021 0.001627607 0.3952338 -0.9184261 -0.01684756 0.9984331 0.05596009 1.231115e-17 0.9985635 -0.05358182 -1.178793e-17 0.7870527 0.6168674 -0.00475328 0.9984331 0.05596005 1.231124e-17 0.518519 -0.8547661 0.02264829 0.3995452 -0.9165319 0.01824297 -0.9316643 0.3628846 0.0177903 -0.9559681 0.2928804 -0.01859954 -0.3910062 0.9201113 -0.02257125 0.906198 -0.4222791 0.02203373 0.9028892 -0.4293485 -0.02123539 0.575679 0.8176695 0.003190168 0.8663552 0.4989691 -0.02141306 0.4475648 0.8940307 -0.01987088 -0.8773376 0.4794096 -0.02109848 0.1816008 0.9832044 0.01817129 0.5755084 0.8177912 0.002767197 0.3219616 0.9466712 -0.01242862 0.9619536 0.2731288 0.006765938 0.7871338 -0.6161925 0.02696501 -0.1534086 0.9879766 -0.0191875 0.8695799 0.4932441 0.02326054 0.7939066 0.6074368 -0.02706903 0.6886349 0.7246459 -0.02589017 -0.9014313 -0.4329122 -0.002952118 0.9986517 -0.0519123 -1.14207e-17 0.3461725 -0.9381362 -0.008065792 0.6927298 0.7207826 0.02445099 0.5830027 0.8118669 -0.0313044 0.3228266 0.9462956 0.01753768 -0.04084696 0.9988867 -0.02359786 -0.9053696 -0.4244199 -0.01317497 -0.1559836 0.9876584 -0.01413886 0.4700454 -0.8821421 -0.02970916 -0.788682 -0.6145205 0.01857856 -0.0175147 0.9998035 0.009279263 0.5704837 0.820783 0.02938656 0.3224171 0.9462564 0.02541794 0.7826237 0.621835 0.02865856 0.419873 0.907528 0.009983625 0.9210473 0.3892221 0.01333924 -0.8465341 -0.5322233 -0.01087987 -0.8202294 -0.5717405 0.01834795 0.9970328 -0.07297102 0.02451487 0.9970328 0.07297102 0.02451487 0.9970328 0.07297102 -0.02451513 0.9352487 -0.3534529 -0.01951689 0.9983467 -0.05486589 0.01713339 0.9982467 -0.05615464 -0.01871368 -0.254631 0.9668628 -0.01842065 0.9247907 0.3804131 0.006939836 0.9987764 0.04945501 8.748143e-17 0.9987764 -0.04945501 -8.748143e-17 0.9987764 0.04945493 1.170238e-17 0.9680123 -0.2507142 -0.009722951 0.457103 -0.889078 -0.02443672 0.9705996 -0.240679 0.003173437 0.9854012 -0.1698049 -0.01227408 0.9527121 -0.3032452 -0.01954414 0.9859692 0.1668996 -0.003043147 0.5764671 -0.8161809 0.03917033 -0.7840365 -0.6206976 -0.004627018 -0.9024431 -0.4307849 0.004568188 -0.9441891 -0.3293835 -0.003658772 0.9573914 0.2880307 0.0209763 0.09385152 0.9955128 -0.01209152 0.9869244 0.1610912 -0.005472698 0.9859241 -0.1661824 0.01836033 0.4708932 -0.8818885 0.02307035 0.987699 -0.1560609 0.009776463 0.9858497 0.1676234 0.001630359 0.9621651 0.2724515 0.002902665 0.9258468 0.3775758 -0.01562769 0.2043953 0.9788525 0.008399757 0.9879004 -0.154258 -0.0160399 0.9879004 0.154258 -0.01603991 0.9879004 0.1542581 0.01603976 0.9854919 0.1697146 0.001624786 0.9854055 -0.1694868 -0.01581886 0.9846058 0.1744926 0.01017756 0.9982263 -0.05795531 0.01361844 0.964865 0.2622934 -0.01542083 0.8982338 0.4385265 -0.02950737 0.7452667 -0.6658984 -0.03401206 0.9625073 0.2711456 -0.007736126 0.9020305 -0.4315005 -0.01218359 0.833944 0.5509872 0.03082908 0.4020902 -0.9151123 0.02988272 -0.8491828 -0.5280936 0.00239138 0.5238112 -0.8512726 -0.03093136 0.9991639 -0.04088516 -8.994723e-18 0.9846613 0.1734992 0.01843496 0.8721578 -0.4884163 -0.02811467 0.9874047 0.1582098 -0.001290986 0.7365582 0.6756393 -0.0315216 0.6936029 -0.7195875 0.03330142 0.1726578 0.9845797 -0.02814866 0.6392568 0.7683098 0.03241205 0.511194 0.8588219 -0.03324817 0.08800798 0.9958914 0.02132896 0.6392742 -0.7682459 -0.03356763 0.4486477 0.8930963 0.03308132 0.3806459 0.9241312 -0.03301958 0.4160012 0.9092689 -0.01315887 0.9406053 -0.3393293 0.01082739 0.02671048 0.9990737 -0.03373897 -0.8336501 -0.5515407 -0.02881733 -0.9435777 -0.3310388 0.008632525 -0.1093077 0.9934578 0.03306915 0.9871796 -0.1595506 0.004467458 0.9870678 0.160158 0.006838579 0.9870678 0.1601581 -0.006838419 0.9883126 -0.1523626 0.004883008 0.9986885 -0.05103715 -0.00406804 0.9986241 0.05202238 -0.006602535 0.998624 0.05202241 0.006602513 0.9702833 -0.2415264 -0.01466947 0.9516155 -0.306474 0.02240325 0.983507 -0.1798653 -0.01904084 0.2083216 0.9780602 0.0003994204 0.4684175 -0.8834118 0.01298918 -0.8486665 -0.5289134 0.003957198 0.9687002 -0.2475946 0.01779641 0.9609188 0.2767502 -0.006671649 -0 0 -1 0 -0 -1 0 0 -1 0 0 -1 -0 0 -1 0 0 -1 0 0 -1 0 0 -1 0 -0 -1 0 0 -1 -0 0 -1 0 0 -1 0 0 -1 0 0 -1 -0 0 -1 -0 0 -1 0 0 -1 0 -0 -1 -0 0 -1 0 0 -1 0 -0 -1 0 0 -1 0 0 -1 0 0 -1 0 0 -1 0 0 -1 0 0 -1 0 0 -1 0 0 -1 0 0 -1 0 0 -1 0 0 -1 0 -0 -1 0 0 -1 0 -0 -1 0 0 -1 0 -0 -1 -0 0 -1 0 0 -1 0 0 -1 0 0 -1 0 0 -1 0 0 -1 -0 0 -1 0 0 -1 0 0 -1 0 -0 -1 0 0 -1 0 0 -1 0 0 -1 0 -0 -1 0 0 -1 0 0 -1 0 -0 -1 0 0 -1 0 0 -1 0 -0 -1 0 -0 -1 0 0 -1 0 0 -1 -0 0 -1 0 -0 -1 0 0 -1 0 -0 -1 0 0 -1 0 -0 -1 0 0 -1 0 0 -1 -0 0 -1 0 0 -1 0 0 -1 0 0 -1 0 0 -1 0 0 -1 0 0 -1 0 -0 -1 0 0 -1 0 0 -1 0 0 -1 -0 0 -1 0 0 -1 0 -0 -1 0 0 -1 0 0 -1 0 0 -1 0 0 -1 0 -0 -1 0 0 -1 0 0 -1 0 0 -1 -0 0 -1 0 0 -1 -0 0 -1 -0 0 -1 0 -0 -1 0 0 -1 0 0 -1 0 -0 -1 -0 0 -1 -0 0 -1 -0 0 -1 0 -0 -1 0 0 -1 0 0 -1 0 0 -1 0 0 -1 -0 0 -1 0 0 -1 0 -0 -1 0 0 -1 0 0 -1 -0 0 -1 -0 0 -1 0 0 -1 0 0 -1 0 -0 -1 0 0 -1 0 0 -1 0 0 -1 0 -0 -1 0 0 -1 0 0 -1 0 0 -1 0 0 -1 0 -0 -1 0 -0 -1 0 0 -1 0 0 -1 0 0 -1 0 0 -1 -0 0 -1 -0 0 -1 0 -0 -1 0 0 -1 0 0 -1 0 0 -1 -0 0 -1 0 0 -1 0 0 -1 0 -0 -1 0 0 -1 0 0 -1 0 -0 -1 0 0 -1 0 0 -1 0 0 -1 -0 0 -1 0 0 -1 -0 0 -1 -0 0 -1 0 -0 -1 0 0 -1 0 -0 -1 0 0 -1 -0 0 -1 0 0 -1 -0 0 -1 0 0 -1 0 -0 -1 0 -0 -1 0 0 -1 -0 0 -1 -0 0 -1 0 0 -1 0 0 -1 0 -0 -1 0 0 -1 0 0 -1 0 0 -1 -0 0 -1 0 -0 -1 0 -0 -1 0 0 -1 -0 0 -1 0 0 -1 0 0 -1 -0 0 -1 0 0 -1 0 -0 -1 0 0 -1 0 -0 -1 0 -0 -1 0 -0 -1 0 0 -1 -0 0 -1 0 0 -1 0 -0 -1 0 0 -1 -0 0 -1 0 0 -1 0 -0 -1 0 0 -1 0 0 -1 0 0 -1 0 0 -1 -0 0 -1 0 -0 -1 0 0 -1 0 0 -1 0 0 -1 0 0 -1 0 -0 -1 -0 0 -1 -0 0 -1 0 0 -1 -0 0 -1 0 -0 -1 0 0 -1 0 -0 -1 0 -0 -1 0 0 -1 0 0 -1 0 0 -1 0 0 -1 0 0 -1 0 0 -1 0 0 -1 0 0 -1 -0 0 -1 0 0 -1 0 0 -1 -0 0 -1 0 -0 -1 -0 0 -1 0 -0 -1 0 0 -1 -0 0 -1 0 0 -1 0 -0 -1 0 0 -1 0 0 -1 0 0 -1 0 0 -1 0 0 -1 0 -0 -1 0 0 -1 -0 0 -1 -0 0 -1 0 0 -1 0 0 -1 0 0 -1 0 0 -1 0 0 -1 0 0 -1 0 0 -1 0 0 -1 0 0 -1 -0 0 -1 0 0 -1 0 0 -1 0 -0 -1 0 0 -1 0 -0 -1 0 0 -1 0 0 -1 0 -0 -1 0 0 -1 0 -0 -1 0 0 -1 0 -0 -1 -0 0 -1 0 0 -1 0 0 -1 0 -0 -1 0 -0 -1 0 0 -1 0 0 -1 -0 0 -1 -0 0 -1 0 0 -1 0 0 -1 0 0 -1 0 0 -1 0 -0 -1 0 0 -1 0 0 -1 0 0 -1 -0 0 -1 0 -0 -1 0 0 -1 0 0 -1 0 0 -1 0 0 -1 0 -0 -1 0 0 -1 0 0 -1 0 -0 -1 0 0 -1 -0 0 -1 0 -0 -1 -0 0 -1 0 0 -1 0 0 -1 0 -0 -1 0 -0 -1 0 -0 -1 0 0 -1 -0 0 -1 0 0 -1 0 0 -1 -0 0 -1 0 0 -1 0 -0 -1 -0 0 -1 0 0 -1 0 0 -1 0 0 -1 0 0 -1 -0 0 -1 -0 0 -1 0 0 -1 -0 0 -1 -0 0 -1 0 0 -1 0 0 -1 0 0 -1 0 -0 -1 0 0 -1 0 0 -1 0 0 -1 0 0 -1 0 0 -1 0 0 -1 0 0 -1 0 0 -1 -0 0 -1 0 0 -1 -0 0 -1 0 0 -1 0 -0 -1 0 0 -1 -0 0 -1 0 0 -1 0 0 -1 0 0 -1 -0 0 -1 0 0 -1 -0 0 -1 0 0 -1 0 0 -1 -0 0 -1 0 0 -1 0 -0 -1 0 0 -1 0 0 -1 0 0 -1 0 0 -1 0 -0 -1 0 0 -1 0 0 -1 0 0 -1 0 -0 -1 0 0 -1 0 0 -1 0 0 -1 0 0 -1 0 -0 -1 0 -0 -1 0 0 -1 0 0 -1 0 0 -1 0 0 -1 0 0 -1 0 0 -1 -0 0 -1</float_array>
          <technique_common>
            <accessor count="2214" source="#cubenormals-array1-array" stride="3">
              <param type="float" name="X" />
              <param type="float" name="Y" />
              <param type="float" name="Z" />
            </accessor>
          </technique_common>
        </source>
        <vertices id="cubeverts-array1-vertices">
          <input semantic="POSITION" source="#cubeverts-array1" />
        </vertices>
        <triangles count="2214" material="ref_Mesh001">
          <input offset="0" semantic="VERTEX" source="#cubeverts-array1-vertices" />
          <input offset="1" semantic="NORMAL" source="#cubenormals-array1" />
          <p>0 0 1 0 2 0 3 1 4 1 5 1 1 2 0 2 6 2 7 3 8 3 9 3 10 4 3 4 5 4 11 5 12 5 13 5 14 6 15 6 16 6 17 7 18 7 19 7 20 8 7 8 9 8 21 9 22 9 23 9 24 10 11 10 25 10 26 11 27 11 28 11 29 12 30 12 31 12 32 13 14 13 16 13 18 14 33 14 19 14 34 15 21 15 35 15 36 16 37 16 38 16 39 17 7 17 40 17 41 18 11 18 13 18 42 19 43 19 44 19 27 20 26 20 45 20 30 21 29 21 46 21 21 22 47 22 35 22 48 23 36 23 38 23 2 24 49 24 50 24 51 25 42 25 52 25 47 26 21 26 23 26 11 27 41 27 25 27 53 28 3 28 54 28 55 29 14 29 56 29 57 30 42 30 44 30 7 31 20 31 40 31 58 32 36 32 59 32 60 33 61 33 62 33 0 34 2 34 50 34 3 35 10 35 54 35 18 36 63 36 64 36 65 37 66 37 67 37 42 38 57 38 52 38 28 39 65 39 68 39 69 40 70 40 71 40 36 41 48 41 59 41 14 42 32 42 56 42 72 43 29 43 73 43 27 44 74 44 75 44 33 45 18 45 64 45 61 46 76 46 62 46 70 47 77 47 71 47 66 48 78 48 67 48 79 49 80 49 81 49 82 50 15 50 58 50 17 51 83 51 22 51 34 52 84 52 12 52 85 53 37 53 51 53 86 54 43 54 53 54 24 55 87 55 8 55 88 56 4 56 39 56 89 57 90 57 91 57 26 58 28 58 68 58 66 59 89 59 91 59 92 60 93 60 94 60 29 61 72 61 46 61 74 62 27 62 45 62 95 63 96 63 97 63 73 64 98 64 99 64 100 65 75 65 101 65 94 66 93 66 70 66 102 67 103 67 104 67 63 68 105 68 97 68 87 69 24 69 25 69 97 70 96 70 64 70 69 71 1 71 94 71 69 72 106 72 1 72 107 73 34 73 12 73 37 74 108 74 51 74 4 75 109 75 39 75 15 76 110 76 58 76 111 77 17 77 22 77 43 78 112 78 53 78 113 79 24 79 8 79 63 80 114 80 105 80 88 81 39 81 40 81 89 82 115 82 90 82 102 83 116 83 103 83 117 84 27 84 75 84 29 85 118 85 73 85 85 86 51 86 52 86 30 87 79 87 81 87 119 88 55 88 56 88 49 89 31 89 81 89 72 90 73 90 99 90 75 91 74 91 101 91 90 92 60 92 120 92 103 93 55 93 119 93 121 94 29 94 31 94 27 95 122 95 28 95 49 96 123 96 31 96 124 97 65 97 28 97 1 98 125 98 2 98 126 99 49 99 2 99 65 100 127 100 66 100 60 101 128 101 61 101 129 102 69 102 71 102 105 103 130 103 71 103 131 104 15 104 14 104 17 105 132 105 18 105 55 106 133 106 14 106 134 107 63 107 18 107 135 108 37 108 36 108 34 109 136 109 21 109 58 110 137 110 36 110 138 111 22 111 21 111 51 112 139 112 42 112 140 113 12 113 11 113 141 114 43 114 42 114 24 115 142 115 11 115 39 116 143 116 7 116 144 117 4 117 3 117 145 118 8 118 7 118 53 119 146 119 3 119 61 120 102 120 104 120 15 121 82 121 16 121 83 122 17 122 19 122 84 123 34 123 35 123 37 124 85 124 38 124 43 125 86 125 44 125 80 126 50 126 81 126 4 127 88 127 5 127 65 128 67 128 68 128 86 129 53 129 54 129 93 130 147 130 70 130 8 131 87 131 9 131 82 132 58 132 59 132 31 133 30 133 81 133 12 134 84 134 13 134 117 135 122 135 27 135 121 136 118 136 29 136 115 137 60 137 90 137 116 138 55 138 103 138 134 139 114 139 63 139 116 140 133 140 55 140 126 141 123 141 49 141 124 142 127 142 65 142 107 143 136 143 34 143 135 144 108 144 37 144 108 145 139 145 51 145 140 146 107 146 12 146 110 147 137 147 58 147 138 148 111 148 22 148 114 149 130 149 105 149 141 150 112 150 43 150 113 151 142 151 24 151 106 152 125 152 1 152 115 153 128 153 60 153 129 154 106 154 69 154 145 155 113 155 8 155 112 156 146 156 53 156 131 157 110 157 15 157 111 158 132 158 17 158 144 159 109 159 4 159 109 160 143 160 39 160 120 161 60 161 62 161 22 162 83 162 23 162 148 163 149 163 74 163 150 164 151 164 72 164 152 165 153 165 120 165 154 166 155 166 0 166 156 167 157 167 78 167 158 168 159 168 47 168 160 169 161 169 48 169 162 170 163 170 84 170 164 171 165 171 85 171 166 172 167 172 83 172 168 173 169 173 82 173 170 174 171 174 26 174 172 175 79 175 30 175 173 176 174 176 88 176 175 177 176 177 20 177 177 178 178 178 10 178 147 179 179 179 77 179 180 180 181 180 76 180 182 181 183 181 41 181 184 182 185 182 57 182 186 183 187 183 33 183 188 184 189 184 32 184 190 185 191 185 86 185 192 186 193 186 87 186 194 187 195 187 119 187 96 188 186 188 64 188 105 189 71 189 196 189 63 190 97 190 64 190 69 191 94 191 70 191 98 192 73 192 197 192 75 193 100 193 198 193 199 194 117 194 75 194 118 195 200 195 73 195 147 196 77 196 70 196 159 197 162 197 35 197 165 198 160 198 38 198 161 199 168 199 59 199 181 200 152 200 62 200 169 201 188 201 16 201 187 202 166 202 19 202 178 203 190 203 54 203 191 204 184 204 44 204 195 205 180 205 201 205 157 206 202 206 67 206 202 207 170 207 68 207 97 208 105 208 203 208 156 209 78 209 204 209 158 210 47 210 23 210 164 211 85 211 52 211 154 212 0 212 50 212 177 213 10 213 5 213 173 214 88 214 40 214 182 215 41 215 13 215 175 216 20 216 9 216 192 217 87 217 25 217 194 218 119 218 56 218 94 219 1 219 6 219 186 220 33 220 64 220 103 221 119 221 201 221 123 222 121 222 31 222 122 223 124 223 28 223 90 224 120 224 204 224 125 225 126 225 2 225 127 226 89 226 66 226 205 227 206 227 98 227 206 228 205 228 100 228 130 229 129 229 71 229 128 230 102 230 61 230 132 231 134 231 18 231 133 232 131 232 14 232 136 233 138 233 21 233 137 234 135 234 36 234 142 235 140 235 11 235 139 236 141 236 42 236 143 237 145 237 7 237 146 238 144 238 3 238 148 239 74 239 45 239 72 240 151 240 46 240 152 241 120 241 62 241 47 242 159 242 35 242 160 243 48 243 38 243 48 244 161 244 59 244 162 245 84 245 35 245 85 246 165 246 38 246 168 247 82 247 59 247 78 248 157 248 67 248 76 249 181 249 62 249 82 250 169 250 16 250 166 251 83 251 19 251 10 252 178 252 54 252 188 253 32 253 16 253 33 254 187 254 19 254 180 255 76 255 201 255 184 256 57 256 44 256 190 257 86 257 54 257 86 258 191 258 44 258 119 259 195 259 201 259 170 260 26 260 68 260 153 261 156 261 204 261 167 262 158 262 23 262 163 263 182 263 13 263 185 264 164 264 52 264 174 265 177 265 5 265 176 266 173 266 40 266 193 267 175 267 9 267 183 268 192 268 25 268 189 269 194 269 56 269 80 270 154 270 50 270 95 271 97 271 203 271 67 272 202 272 68 272 92 273 94 273 6 273 171 274 148 274 45 274 151 275 172 275 46 275 50 276 49 276 81 276 179 277 95 277 203 277 155 278 92 278 6 278 207 279 208 279 209 279 210 280 199 280 198 280 200 281 210 281 197 281 26 282 171 282 45 282 172 283 30 283 46 283 208 284 211 284 212 284 211 285 150 285 99 285 149 286 207 286 101 286 77 287 179 287 203 287 0 288 155 288 6 288 120 289 153 289 204 289 84 290 163 290 13 290 83 291 167 291 23 291 88 292 174 292 5 292 20 293 176 293 40 293 57 294 185 294 52 294 41 295 183 295 25 295 87 296 193 296 9 296 32 297 189 297 56 297 210 298 205 298 197 298 205 299 210 299 198 299 206 300 208 300 212 300 208 301 206 301 209 301 199 302 75 302 198 302 73 303 200 303 197 303 150 304 72 304 99 304 74 305 149 305 101 305 203 306 105 306 196 306 78 307 66 307 91 307 76 308 61 308 104 308 101 309 207 309 209 309 71 310 77 310 196 310 211 311 99 311 212 311 205 312 98 312 197 312 100 313 205 313 198 313 204 314 78 314 91 314 90 315 204 315 91 315 98 316 206 316 212 316 103 317 201 317 104 317 206 318 100 318 209 318 201 319 76 319 104 319 100 320 101 320 209 320 99 321 98 321 212 321 77 322 203 322 196 322 213 323 199 323 210 323 214 324 121 324 123 324 215 325 124 325 122 325 216 326 118 326 121 326 217 327 122 327 117 327 218 328 219 328 220 328 221 329 222 329 223 329 224 330 220 330 225 330 221 331 117 331 199 331 218 332 200 332 118 332 217 333 223 333 226 333 216 334 227 334 219 334 215 335 226 335 228 335 214 336 229 336 227 336 214 337 123 337 229 337 215 338 228 338 124 338 216 339 121 339 227 339 217 340 226 340 122 340 218 341 220 341 200 341 221 342 199 342 222 342 213 343 222 343 199 343 224 344 200 344 220 344 221 345 223 345 117 345 218 346 118 346 219 346 217 347 117 347 223 347 216 348 219 348 118 348 215 349 122 349 226 349 214 350 227 350 121 350 224 351 210 351 200 351 224 352 230 352 210 352 224 353 225 353 230 353 123 354 126 354 229 354 126 355 125 355 231 355 229 356 126 356 231 356 125 357 106 357 232 357 231 358 125 358 232 358 106 359 129 359 233 359 232 360 106 360 233 360 129 361 130 361 234 361 233 362 129 362 234 362 130 363 114 363 235 363 234 364 130 364 235 364 114 365 134 365 236 365 235 366 114 366 236 366 134 367 132 367 237 367 236 368 134 368 237 368 238 369 132 369 111 369 237 370 132 370 238 370 239 371 111 371 138 371 238 372 111 372 239 372 138 373 136 373 240 373 239 374 138 374 240 374 136 375 107 375 241 375 240 376 136 376 241 376 107 377 140 377 242 377 241 378 107 378 242 378 140 379 142 379 243 379 242 380 140 380 243 380 142 381 113 381 244 381 243 382 142 382 244 382 113 383 145 383 245 383 244 384 113 384 245 384 145 385 143 385 246 385 245 386 145 386 246 386 143 387 109 387 247 387 247 388 246 388 143 388 248 389 109 389 144 389 248 390 247 390 109 390 249 391 144 391 146 391 248 392 144 392 249 392 250 393 146 393 112 393 249 394 146 394 250 394 251 395 112 395 141 395 250 396 112 396 251 396 252 397 141 397 139 397 251 398 141 398 252 398 253 399 139 399 108 399 252 400 139 400 253 400 254 401 108 401 135 401 253 402 108 402 254 402 255 403 135 403 137 403 254 404 135 404 255 404 256 405 137 405 110 405 255 406 137 406 256 406 257 407 110 407 131 407 256 408 110 408 257 408 131 409 133 409 258 409 257 410 131 410 258 410 133 411 116 411 259 411 258 412 133 412 259 412 260 413 116 413 102 413 259 414 116 414 260 414 261 415 102 415 128 415 260 416 102 416 261 416 262 417 128 417 115 417 261 418 128 418 262 418 263 419 115 419 89 419 262 420 115 420 263 420 264 421 89 421 127 421 263 422 89 422 264 422 228 423 127 423 124 423 264 424 127 424 228 424 213 425 225 425 222 425 213 426 230 426 225 426 213 427 210 427 230 427 265 428 266 428 267 428 268 429 269 429 270 429 271 430 272 430 273 430 274 431 275 431 276 431 277 432 180 432 278 432 176 433 175 433 279 433 280 434 281 434 282 434 275 435 274 435 283 435 180 436 195 436 278 436 284 437 270 437 285 437 270 438 284 438 286 438 267 439 266 439 287 439 288 440 289 440 290 440 269 441 268 441 291 441 266 442 265 442 292 442 272 443 271 443 293 443 294 444 295 444 296 444 297 445 298 445 299 445 273 446 272 446 300 446 301 447 302 447 303 447 295 448 294 448 304 448 281 449 280 449 305 449 270 450 269 450 285 450 306 451 307 451 308 451 289 452 288 452 309 452 175 453 310 453 279 453 310 454 306 454 308 454 311 455 312 455 313 455 314 456 305 456 315 456 316 457 317 457 318 457 319 458 320 458 321 458 322 459 323 459 324 459 325 460 326 460 327 460 323 461 322 461 328 461 329 462 297 462 299 462 302 463 301 463 330 463 326 464 325 464 331 464 176 465 279 465 332 465 280 466 282 466 333 466 329 467 322 467 297 467 305 468 334 468 315 468 314 469 281 469 305 469 312 470 335 470 313 470 336 471 319 471 321 471 337 472 277 472 278 472 317 473 338 473 318 473 298 474 339 474 299 474 340 475 326 475 341 475 342 476 343 476 327 476 343 477 342 477 286 477 276 478 275 478 344 478 268 479 345 479 291 479 346 480 347 480 348 480 291 481 345 481 349 481 350 482 351 482 352 482 307 483 339 483 298 483 347 484 353 484 348 484 324 485 354 485 355 485 326 486 356 486 341 486 301 487 351 487 350 487 357 488 350 488 352 488 303 489 302 489 332 489 358 490 273 490 300 490 274 491 359 491 283 491 322 492 329 492 328 492 330 493 301 493 350 493 341 494 360 494 361 494 340 495 341 495 361 495 362 496 360 496 341 496 363 497 364 497 365 497 366 498 291 498 349 498 353 499 367 499 348 499 368 500 352 500 369 500 352 501 351 501 369 501 368 502 370 502 352 502 371 503 372 503 361 503 373 504 371 504 361 504 373 505 374 505 375 505 372 506 340 506 361 506 371 507 373 507 375 507 376 508 374 508 373 508 369 509 377 509 378 509 379 510 380 510 381 510 382 511 383 511 378 511 351 512 377 512 369 512 380 513 383 513 381 513 379 514 384 514 380 514 384 515 385 515 380 515 384 516 386 516 385 516 383 517 380 517 378 517 387 518 388 518 375 518 385 519 369 519 378 519 377 520 382 520 378 520 389 521 387 521 375 521 389 522 390 522 391 522 388 523 371 523 375 523 387 524 389 524 391 524 392 525 390 525 389 525 393 526 394 526 395 526 396 527 393 527 395 527 394 528 397 528 395 528 397 529 379 529 398 529 397 530 399 530 379 530 398 531 400 531 401 531 395 532 398 532 401 532 402 533 396 533 401 533 403 534 391 534 404 534 398 535 379 535 381 535 403 536 387 536 391 536 391 537 405 537 404 537 390 538 405 538 391 538 390 539 406 539 405 539 397 540 398 540 395 540 407 541 408 541 409 541 396 542 395 542 401 542 410 543 411 543 412 543 411 544 407 544 412 544 403 545 404 545 413 545 407 546 414 546 408 546 415 547 416 547 414 547 407 548 409 548 412 548 414 549 416 549 408 549 404 550 411 550 413 550 417 551 415 551 414 551 409 552 418 552 412 552 419 553 420 553 408 553 416 554 419 554 408 554 421 555 422 555 423 555 424 556 425 556 426 556 422 557 421 557 427 557 428 558 421 558 423 558 428 559 423 559 429 559 421 560 424 560 426 560 430 561 431 561 432 561 295 562 422 562 427 562 429 563 423 563 433 563 434 564 430 564 432 564 430 565 429 565 433 565 408 566 420 566 409 566 431 567 430 567 433 567 435 568 436 568 434 568 427 569 421 569 426 569 436 570 430 570 434 570 437 571 438 571 439 571 436 572 440 572 429 572 440 573 428 573 429 573 441 574 442 574 439 574 442 575 435 575 434 575 438 576 441 576 439 576 441 577 443 577 442 577 439 578 434 578 432 578 436 579 429 579 430 579 427 580 426 580 363 580 437 581 439 581 432 581 444 582 445 582 446 582 157 583 156 583 447 583 448 584 345 584 449 584 450 585 451 585 449 585 168 586 161 586 269 586 452 587 453 587 454 587 455 588 445 588 456 588 457 589 450 589 449 589 445 590 455 590 446 590 158 591 167 591 358 591 458 592 459 592 460 592 461 593 462 593 463 593 459 594 452 594 454 594 460 595 459 595 454 595 462 596 303 596 463 596 147 597 93 597 364 597 174 598 173 598 302 598 464 599 465 599 466 599 451 600 448 600 449 600 92 601 155 601 294 601 442 602 467 602 435 602 468 603 469 603 388 603 459 604 458 604 470 604 471 605 472 605 473 605 192 606 183 606 339 606 474 607 475 607 476 607 477 608 457 608 449 608 478 609 444 609 446 609 479 610 480 610 481 610 482 611 483 611 433 611 484 612 314 612 472 612 191 613 190 613 485 613 469 614 486 614 388 614 483 615 431 615 433 615 487 616 314 616 484 616 488 617 489 617 490 617 491 618 492 618 450 618 493 619 494 619 495 619 268 620 477 620 345 620 496 621 497 621 498 621 475 622 471 622 476 622 154 623 80 623 280 623 166 624 187 624 271 624 499 625 500 625 501 625 493 626 499 626 502 626 481 627 480 627 458 627 153 628 152 628 274 628 503 629 436 629 435 629 489 630 504 630 475 630 505 631 506 631 470 631 506 632 507 632 470 632 480 633 505 633 470 633 508 634 471 634 475 634 507 635 452 635 459 635 509 636 445 636 444 636 461 637 382 637 377 637 487 638 483 638 510 638 510 639 482 639 511 639 372 640 342 640 340 640 512 641 499 641 501 641 508 642 513 642 484 642 452 643 514 643 453 643 515 644 516 644 464 644 515 645 464 645 466 645 275 646 458 646 460 646 162 647 159 647 323 647 160 648 165 648 284 648 188 649 169 649 366 649 419 650 438 650 517 650 517 651 438 651 488 651 500 652 518 652 400 652 500 653 400 653 501 653 410 654 519 654 491 654 508 655 484 655 471 655 513 656 487 656 484 656 468 657 457 657 469 657 382 658 512 658 383 658 383 659 512 659 501 659 509 660 495 660 520 660 521 661 461 661 463 661 403 662 468 662 387 662 486 663 522 663 372 663 523 664 524 664 525 664 481 665 458 665 275 665 439 666 442 666 434 666 471 667 484 667 472 667 170 668 202 668 353 668 488 669 438 669 437 669 517 670 488 670 490 670 418 671 505 671 526 671 527 672 480 672 479 672 507 673 528 673 452 673 450 674 492 674 451 674 469 675 457 675 477 675 486 676 372 676 371 676 281 677 510 677 282 677 523 678 496 678 524 678 462 679 351 679 301 679 372 680 522 680 342 680 95 681 179 681 335 681 178 682 177 682 338 682 419 683 517 683 420 683 529 684 517 684 490 684 488 685 504 685 489 685 504 686 508 686 475 686 513 687 530 687 431 687 526 688 505 688 527 688 507 689 459 689 470 689 452 690 528 690 514 690 531 691 450 691 457 691 493 692 502 692 494 692 424 693 532 693 425 693 479 694 481 694 533 694 451 695 320 695 448 695 422 696 482 696 423 696 423 697 482 697 433 697 497 698 490 698 498 698 194 699 189 699 336 699 419 700 441 700 438 700 488 701 437 701 504 701 534 702 535 702 503 702 465 703 535 703 466 703 536 704 518 704 500 704 536 705 500 705 537 705 537 706 500 706 499 706 526 707 527 707 519 707 478 708 515 708 466 708 515 709 478 709 446 709 424 710 538 710 532 710 514 711 528 711 496 711 531 712 468 712 403 712 458 713 480 713 470 713 469 714 477 714 539 714 487 715 510 715 281 715 523 716 525 716 288 716 272 717 540 717 455 717 541 718 474 718 476 718 186 719 96 719 542 719 175 720 193 720 310 720 467 721 534 721 435 721 420 722 517 722 529 722 504 723 437 723 530 723 503 724 535 724 465 724 503 725 465 725 440 725 440 726 538 726 428 726 504 727 530 727 508 727 526 728 519 728 410 728 537 729 499 729 493 729 428 730 538 730 424 730 428 731 424 731 421 731 527 732 479 732 543 732 491 733 519 733 492 733 513 734 483 734 487 734 496 735 528 735 497 735 451 736 492 736 544 736 545 737 461 737 521 737 514 738 496 738 523 738 510 739 511 739 282 739 524 740 496 740 498 740 462 741 301 741 303 741 476 742 473 742 266 742 520 743 495 743 322 743 546 744 529 744 547 744 546 745 506 745 418 745 534 746 402 746 535 746 534 747 503 747 435 747 503 748 440 748 436 748 548 749 536 749 478 749 440 750 465 750 538 750 508 751 530 751 513 751 506 752 547 752 507 752 527 753 505 753 480 753 537 754 493 754 509 754 544 755 492 755 543 755 545 756 512 756 382 756 510 757 483 757 482 757 425 758 532 758 549 758 539 759 477 759 268 759 451 760 544 760 320 760 486 761 371 761 388 761 550 762 540 762 272 762 511 763 422 763 295 763 445 764 520 764 456 764 151 765 150 765 551 765 467 766 396 766 534 766 529 767 490 767 497 767 535 768 402 768 548 768 548 769 478 769 466 769 418 770 506 770 505 770 502 771 499 771 512 771 502 772 545 772 552 772 494 773 502 773 552 773 387 774 468 774 388 774 487 775 281 775 314 775 462 776 377 776 351 776 525 777 524 777 541 777 320 778 544 778 553 778 549 779 516 779 550 779 552 780 521 780 307 780 547 781 529 781 497 781 534 782 396 782 402 782 548 783 402 783 518 783 535 784 548 784 466 784 548 785 518 785 536 785 478 786 536 786 444 786 507 787 547 787 528 787 537 788 509 788 444 788 513 789 431 789 483 789 531 790 457 790 468 790 509 791 493 791 495 791 469 792 539 792 486 792 524 793 498 793 474 793 540 794 516 794 515 794 181 795 180 795 277 795 416 796 441 796 419 796 420 797 529 797 546 797 546 798 547 798 506 798 491 799 450 799 531 799 509 800 520 800 445 800 516 801 532 801 464 801 511 802 482 802 422 802 182 803 163 803 329 803 148 804 171 804 289 804 528 805 547 805 497 805 492 806 519 806 543 806 502 807 512 807 545 807 545 808 521 808 552 808 549 809 532 809 516 809 523 810 288 810 290 810 550 811 516 811 540 811 541 812 476 812 266 812 164 813 185 813 325 813 490 814 489 814 498 814 545 815 382 815 461 815 486 816 539 816 522 816 540 817 515 817 446 817 489 818 475 818 474 818 519 819 527 819 543 819 461 820 377 820 462 820 479 821 533 821 554 821 345 822 477 822 449 822 514 823 523 823 290 823 541 824 524 824 474 824 79 825 172 825 334 825 530 826 437 826 432 826 532 827 538 827 464 827 455 828 540 828 446 828 443 829 467 829 442 829 416 830 443 830 441 830 536 831 537 831 444 831 498 832 489 832 474 832 552 833 307 833 298 833 538 834 465 834 464 834 555 835 407 835 411 835 471 836 473 836 476 836 453 837 514 837 290 837 467 838 393 838 396 838 431 839 530 839 432 839 544 840 543 840 554 840 543 841 479 841 554 841 553 842 544 842 554 842 522 843 539 843 270 843 494 844 552 844 298 844 539 845 268 845 270 845 208 846 207 846 556 846 555 847 414 847 407 847 415 848 443 848 416 848 443 849 393 849 467 849 555 850 417 850 414 850 415 851 393 851 443 851 420 852 546 852 409 852 546 853 418 853 409 853 415 854 394 854 393 854 405 855 417 855 555 855 418 856 526 856 412 856 405 857 555 857 404 857 417 858 394 858 415 858 406 859 417 859 405 859 411 860 410 860 413 860 526 861 410 861 412 861 555 862 411 862 404 862 410 863 491 863 413 863 531 864 403 864 413 864 491 865 531 865 413 865 406 866 394 866 417 866 406 867 397 867 394 867 406 868 399 868 397 868 390 869 399 869 406 869 400 870 398 870 381 870 518 871 402 871 401 871 501 872 400 872 381 872 392 873 399 873 390 873 399 874 384 874 379 874 400 875 518 875 401 875 383 876 501 876 381 876 392 877 384 877 399 877 374 878 392 878 389 878 392 879 386 879 384 879 374 880 389 880 375 880 374 881 386 881 392 881 386 882 368 882 385 882 376 883 386 883 374 883 385 884 368 884 369 884 380 885 385 885 378 885 376 886 368 886 386 886 360 887 376 887 373 887 376 888 370 888 368 888 360 889 373 889 361 889 360 890 370 890 376 890 362 891 370 891 360 891 370 892 357 892 352 892 362 893 357 893 370 893 356 894 362 894 341 894 362 895 316 895 357 895 319 896 557 896 349 896 356 897 316 897 362 897 322 898 495 898 297 898 494 899 298 899 297 899 338 900 330 900 318 900 283 901 359 901 558 901 330 902 350 902 318 902 559 903 288 903 560 903 343 904 325 904 327 904 561 905 356 905 326 905 356 906 485 906 316 906 495 907 494 907 297 907 323 908 354 908 324 908 364 909 363 909 562 909 367 910 353 910 563 910 335 911 363 911 313 911 265 912 556 912 292 912 326 913 340 913 327 913 288 914 559 914 309 914 557 915 366 915 349 915 554 916 533 916 337 916 425 917 549 917 311 917 284 918 343 918 286 918 542 919 311 919 564 919 311 920 549 920 564 920 316 921 485 921 317 921 363 922 426 922 313 922 311 923 542 923 312 923 525 924 541 924 292 924 481 925 275 925 283 925 549 926 550 926 564 926 296 927 295 927 365 927 339 928 307 928 306 928 333 929 282 929 304 929 553 930 337 930 278 930 455 931 456 931 300 931 463 932 303 932 279 932 320 933 553 933 321 933 460 934 454 934 367 934 425 935 311 935 313 935 561 936 485 936 356 936 357 937 316 937 318 937 520 938 322 938 324 938 307 939 521 939 308 939 553 940 554 940 337 940 522 941 270 941 286 941 427 942 363 942 365 942 511 943 295 943 304 943 288 944 525 944 560 944 550 945 272 945 293 945 473 946 472 946 565 946 207 947 149 947 559 947 171 948 170 948 347 948 289 949 171 949 347 949 184 950 191 950 561 950 190 951 178 951 317 951 156 952 153 952 276 952 334 953 172 953 566 953 153 954 274 954 276 954 161 955 160 955 285 955 160 956 284 956 285 956 193 957 192 957 306 957 191 958 485 958 561 958 170 959 353 959 347 959 211 960 208 960 265 960 172 961 151 961 566 961 192 962 339 962 306 962 284 963 165 963 343 963 165 964 164 964 343 964 152 965 181 965 359 965 310 966 193 966 306 966 447 967 156 967 276 967 95 968 335 968 312 968 269 969 161 969 285 969 158 970 358 970 354 970 183 971 182 971 299 971 151 972 551 972 566 972 294 973 155 973 333 973 364 974 93 974 296 974 178 975 338 975 317 975 485 976 190 976 317 976 164 977 325 977 343 977 336 978 189 978 557 978 92 979 294 979 296 979 96 980 95 980 312 980 323 981 159 981 354 981 150 982 211 982 267 982 155 983 154 983 333 983 181 984 277 984 359 984 551 985 150 985 267 985 542 986 96 986 312 986 159 987 158 987 354 987 93 988 92 988 296 988 182 989 329 989 299 989 154 990 280 990 333 990 188 991 366 991 557 991 274 992 152 992 359 992 339 993 183 993 299 993 358 994 167 994 273 994 189 995 188 995 557 995 556 996 207 996 559 996 167 997 166 997 273 997 166 998 271 998 273 998 208 999 556 999 265 999 363 1000 335 1000 562 1000 278 1001 195 1001 567 1001 334 1002 566 1002 315 1002 290 1003 289 1003 346 1003 329 1004 163 1004 328 1004 162 1005 323 1005 328 1005 271 1006 187 1006 568 1006 186 1007 542 1007 568 1007 426 1008 425 1008 313 1008 541 1009 266 1009 292 1009 163 1010 162 1010 328 1010 187 1011 186 1011 568 1011 448 1012 320 1012 319 1012 148 1013 289 1013 309 1013 566 1014 565 1014 315 1014 533 1015 481 1015 283 1015 302 1016 173 1016 332 1016 456 1017 324 1017 355 1017 294 1018 333 1018 304 1018 463 1019 279 1019 308 1019 279 1020 310 1020 308 1020 149 1021 148 1021 309 1021 325 1022 185 1022 331 1022 279 1023 303 1023 332 1023 335 1024 179 1024 562 1024 147 1025 364 1025 562 1025 473 1026 565 1026 287 1026 542 1027 564 1027 568 1027 367 1028 454 1028 348 1028 350 1029 357 1029 318 1029 460 1030 367 1030 344 1030 367 1031 447 1031 344 1031 157 1032 447 1032 563 1032 353 1033 202 1033 563 1033 302 1034 330 1034 569 1034 330 1035 338 1035 569 1035 561 1036 326 1036 331 1036 194 1037 336 1037 567 1037 174 1038 302 1038 569 1038 338 1039 177 1039 569 1039 168 1040 269 1040 570 1040 366 1041 169 1041 570 1041 364 1042 296 1042 365 1042 280 1043 80 1043 571 1043 79 1044 334 1044 571 1044 173 1045 176 1045 332 1045 269 1046 291 1046 570 1046 291 1047 366 1047 570 1047 266 1048 473 1048 287 1048 272 1049 455 1049 300 1049 211 1050 265 1050 267 1050 305 1051 280 1051 571 1051 334 1052 305 1052 571 1052 559 1053 149 1053 309 1053 553 1054 278 1054 321 1054 345 1055 448 1055 349 1055 447 1056 367 1056 563 1056 185 1057 184 1057 331 1057 472 1058 314 1058 315 1058 179 1059 147 1059 562 1059 337 1060 533 1060 558 1060 184 1061 561 1061 331 1061 448 1062 319 1062 349 1062 336 1063 557 1063 319 1063 525 1064 292 1064 560 1064 565 1065 551 1065 287 1065 533 1066 283 1066 558 1066 271 1067 568 1067 293 1067 447 1068 276 1068 344 1068 568 1069 564 1069 293 1069 202 1070 157 1070 563 1070 456 1071 520 1071 324 1071 521 1072 463 1072 308 1072 342 1073 522 1073 286 1073 195 1074 194 1074 567 1074 300 1075 456 1075 355 1075 177 1076 174 1076 569 1076 336 1077 321 1077 567 1077 282 1078 511 1078 304 1078 453 1079 290 1079 346 1079 453 1080 346 1080 348 1080 454 1081 453 1081 348 1081 169 1082 168 1082 570 1082 566 1083 551 1083 565 1083 275 1084 460 1084 344 1084 80 1085 79 1085 571 1085 340 1086 342 1086 327 1086 289 1087 347 1087 346 1087 295 1088 427 1088 365 1088 277 1089 337 1089 558 1089 565 1090 472 1090 315 1090 564 1091 550 1091 293 1091 292 1092 556 1092 560 1092 551 1093 267 1093 287 1093 359 1094 277 1094 558 1094 556 1095 559 1095 560 1095 321 1096 278 1096 567 1096 354 1097 358 1097 355 1097 358 1098 300 1098 355 1098 572 1099 573 1099 574 1099 575 1100 576 1100 577 1100 578 1101 579 1101 580 1101 581 1102 582 1102 583 1102 578 1103 584 1103 579 1103 255 1104 256 1104 585 1104 586 1105 587 1105 588 1105 576 1106 589 1106 577 1106 590 1107 591 1107 592 1107 593 1108 594 1108 595 1108 587 1109 586 1109 596 1109 252 1110 253 1110 597 1110 598 1111 599 1111 600 1111 601 1112 593 1112 595 1112 602 1113 603 1113 604 1113 605 1114 606 1114 607 1114 608 1115 609 1115 610 1115 611 1116 612 1116 613 1116 606 1117 614 1117 607 1117 615 1118 255 1118 585 1118 603 1119 602 1119 616 1119 617 1120 618 1120 596 1120 619 1121 620 1121 621 1121 622 1122 254 1122 615 1122 582 1123 592 1123 583 1123 623 1124 624 1124 625 1124 609 1125 587 1125 610 1125 626 1126 627 1126 628 1126 624 1127 623 1127 629 1127 254 1128 255 1128 615 1128 630 1129 631 1129 616 1129 622 1130 632 1130 597 1130 573 1131 572 1131 585 1131 632 1132 622 1132 628 1132 253 1133 622 1133 597 1133 633 1134 620 1134 619 1134 599 1135 634 1135 600 1135 248 1136 249 1136 635 1136 636 1137 637 1137 591 1137 574 1138 573 1138 638 1138 612 1139 611 1139 639 1139 640 1140 641 1140 629 1140 582 1141 590 1141 592 1141 591 1142 635 1142 592 1142 246 1143 247 1143 642 1143 643 1144 644 1144 645 1144 646 1145 598 1145 600 1145 647 1146 648 1146 649 1146 650 1147 651 1147 652 1147 653 1148 654 1148 655 1148 656 1149 657 1149 639 1149 658 1150 659 1150 660 1150 651 1151 661 1151 652 1151 662 1152 663 1152 664 1152 576 1153 575 1153 665 1153 666 1154 667 1154 668 1154 586 1155 617 1155 596 1155 618 1156 669 1156 596 1156 654 1157 645 1157 655 1157 670 1158 671 1158 672 1158 637 1159 636 1159 642 1159 673 1160 666 1160 668 1160 252 1161 597 1161 607 1161 674 1162 675 1162 676 1162 677 1163 678 1163 588 1163 247 1164 637 1164 642 1164 648 1165 647 1165 679 1165 627 1166 632 1166 628 1166 680 1167 626 1167 628 1167 637 1168 248 1168 635 1168 597 1169 605 1169 607 1169 256 1170 573 1170 585 1170 681 1171 682 1171 604 1171 602 1172 630 1172 616 1172 663 1173 683 1173 664 1173 631 1174 586 1174 616 1174 591 1175 637 1175 635 1175 684 1176 685 1176 625 1176 686 1177 687 1177 688 1177 599 1178 689 1178 634 1178 667 1179 658 1179 668 1179 671 1180 670 1180 690 1180 690 1181 647 1181 649 1181 623 1182 640 1182 629 1182 641 1183 602 1183 629 1183 675 1184 691 1184 692 1184 628 1185 622 1185 615 1185 668 1186 658 1186 660 1186 675 1187 692 1187 676 1187 693 1188 694 1188 679 1188 691 1189 695 1189 692 1189 696 1190 643 1190 645 1190 606 1191 581 1191 583 1191 666 1192 673 1192 643 1192 635 1193 249 1193 697 1193 695 1194 698 1194 692 1194 699 1195 700 1195 696 1195 701 1196 702 1196 703 1196 611 1197 656 1197 639 1197 695 1198 704 1198 698 1198 657 1199 623 1199 639 1199 705 1200 706 1200 707 1200 708 1201 709 1201 710 1201 711 1202 712 1202 595 1202 587 1203 596 1203 610 1203 713 1204 714 1204 690 1204 715 1205 716 1205 717 1205 718 1206 578 1206 580 1206 719 1207 720 1207 721 1207 587 1208 677 1208 588 1208 720 1209 719 1209 722 1209 716 1210 723 1210 717 1210 246 1211 642 1211 652 1211 642 1212 650 1212 652 1212 603 1213 681 1213 604 1213 724 1214 708 1214 710 1214 624 1215 684 1215 625 1215 678 1216 603 1216 588 1216 614 1217 606 1217 583 1217 702 1218 715 1218 717 1218 616 1219 586 1219 588 1219 725 1220 726 1220 727 1220 682 1221 624 1221 604 1221 645 1222 644 1222 655 1222 594 1223 711 1223 595 1223 702 1224 717 1224 703 1224 685 1225 612 1225 625 1225 728 1226 729 1226 730 1226 651 1227 662 1227 664 1227 608 1228 610 1228 731 1228 671 1229 690 1229 649 1229 689 1230 648 1230 634 1230 647 1231 693 1231 679 1231 661 1232 651 1232 664 1232 716 1233 732 1233 723 1233 694 1234 733 1234 679 1234 629 1235 602 1235 604 1235 734 1236 699 1236 696 1236 686 1237 735 1237 736 1237 700 1238 666 1238 696 1238 663 1239 674 1239 676 1239 735 1240 737 1240 736 1240 738 1241 739 1241 740 1241 670 1242 713 1242 690 1242 714 1243 647 1243 690 1243 705 1244 741 1244 742 1244 743 1245 744 1245 745 1245 659 1246 670 1246 660 1246 732 1247 716 1247 746 1247 705 1248 742 1248 747 1248 683 1249 663 1249 676 1249 639 1250 623 1250 625 1250 744 1251 748 1251 745 1251 737 1252 749 1252 736 1252 729 1253 728 1253 750 1253 751 1254 752 1254 753 1254 709 1255 749 1255 710 1255 749 1256 737 1256 710 1256 754 1257 755 1257 756 1257 739 1258 757 1258 740 1258 611 1259 613 1259 758 1259 759 1260 760 1260 761 1260 726 1261 762 1261 727 1261 760 1262 759 1262 763 1262 754 1263 756 1263 746 1263 755 1264 754 1264 764 1264 765 1265 766 1265 767 1265 756 1266 732 1266 746 1266 687 1267 654 1267 688 1267 680 1268 615 1268 585 1268 646 1269 600 1269 768 1269 643 1270 673 1270 769 1270 644 1271 643 1271 769 1271 695 1272 701 1272 703 1272 770 1273 755 1273 764 1273 572 1274 680 1274 585 1274 260 1275 707 1275 771 1275 770 1276 764 1276 772 1276 584 1277 773 1277 774 1277 774 1278 773 1278 753 1278 744 1279 770 1279 772 1279 670 1280 672 1280 660 1280 765 1281 775 1281 776 1281 708 1282 724 1282 777 1282 778 1283 779 1283 712 1283 780 1284 779 1284 778 1284 735 1285 686 1285 688 1285 596 1286 669 1286 610 1286 775 1287 781 1287 776 1287 782 1288 783 1288 784 1288 704 1289 695 1289 703 1289 785 1290 786 1290 787 1290 788 1291 779 1291 780 1291 789 1292 790 1292 791 1292 792 1293 793 1293 720 1293 603 1294 616 1294 588 1294 782 1295 743 1295 745 1295 791 1296 794 1296 795 1296 680 1297 628 1297 615 1297 796 1298 725 1298 727 1298 227 1299 790 1299 789 1299 792 1300 226 1300 793 1300 748 1301 744 1301 772 1301 797 1302 798 1302 746 1302 780 1303 778 1303 799 1303 794 1304 800 1304 801 1304 624 1305 629 1305 604 1305 789 1306 791 1306 795 1306 778 1307 712 1307 633 1307 666 1308 643 1308 696 1308 802 1309 803 1309 804 1309 801 1310 619 1310 805 1310 806 1311 807 1311 576 1311 808 1312 807 1312 806 1312 778 1313 809 1313 799 1313 810 1314 789 1314 795 1314 612 1315 639 1315 625 1315 785 1316 771 1316 786 1316 773 1317 751 1317 753 1317 706 1318 705 1318 747 1318 808 1319 811 1319 807 1319 220 1320 219 1320 810 1320 223 1321 222 1321 812 1321 223 1322 812 1322 793 1322 810 1323 219 1323 789 1323 813 1324 796 1324 727 1324 783 1325 782 1325 745 1325 809 1326 718 1326 580 1326 738 1327 813 1327 739 1327 814 1328 762 1328 726 1328 788 1329 601 1329 779 1329 815 1330 718 1330 801 1330 679 1331 733 1331 634 1331 816 1332 817 1332 738 1332 818 1333 790 1333 784 1333 819 1334 811 1334 808 1334 820 1335 821 1335 780 1335 798 1336 754 1336 746 1336 822 1337 264 1337 823 1337 707 1338 260 1338 824 1338 803 1339 825 1339 804 1339 791 1340 800 1340 794 1340 813 1341 738 1341 796 1341 634 1342 733 1342 600 1342 783 1343 818 1343 784 1343 822 1344 823 1344 759 1344 816 1345 819 1345 817 1345 716 1346 797 1346 746 1346 800 1347 815 1347 801 1347 231 1348 782 1348 784 1348 819 1349 826 1349 811 1349 648 1350 679 1350 634 1350 610 1351 669 1351 827 1351 815 1352 578 1352 718 1352 821 1353 788 1353 780 1353 228 1354 792 1354 823 1354 828 1355 806 1355 728 1355 227 1356 229 1356 790 1356 228 1357 226 1357 792 1357 734 1358 696 1358 645 1358 825 1359 821 1359 820 1359 829 1360 830 1360 813 1360 820 1361 780 1361 799 1361 791 1362 790 1362 818 1362 226 1363 223 1363 793 1363 219 1364 227 1364 789 1364 782 1365 232 1365 743 1365 831 1366 826 1366 819 1366 775 1367 765 1367 767 1367 832 1368 833 1368 834 1368 835 1369 621 1369 836 1369 831 1370 837 1370 826 1370 231 1371 232 1371 782 1371 263 1372 264 1372 822 1372 838 1373 839 1373 741 1373 808 1374 806 1374 828 1374 781 1375 757 1375 776 1375 790 1376 229 1376 784 1376 838 1377 262 1377 839 1377 619 1378 801 1378 840 1378 841 1379 837 1379 831 1379 825 1380 820 1380 804 1380 264 1381 228 1381 823 1381 263 1382 822 1382 839 1382 712 1383 711 1383 842 1383 841 1384 843 1384 837 1384 791 1385 818 1385 800 1385 811 1386 826 1386 719 1386 232 1387 233 1387 743 1387 734 1388 645 1388 654 1388 233 1389 844 1389 743 1389 845 1390 846 1390 781 1390 833 1391 845 1391 834 1391 743 1392 844 1392 744 1392 833 1393 843 1393 841 1393 831 1394 819 1394 816 1394 845 1395 841 1395 846 1395 837 1396 843 1396 760 1396 732 1397 847 1397 723 1397 833 1398 848 1398 843 1398 723 1399 849 1399 850 1399 756 1400 851 1400 732 1400 852 1401 851 1401 756 1401 249 1402 250 1402 697 1402 809 1403 633 1403 619 1403 755 1404 852 1404 756 1404 732 1405 851 1405 847 1405 635 1406 697 1406 592 1406 847 1407 849 1407 723 1407 850 1408 853 1408 704 1408 755 1409 854 1409 852 1409 850 1410 849 1410 853 1410 832 1411 855 1411 848 1411 770 1412 854 1412 755 1412 704 1413 856 1413 698 1413 832 1414 848 1414 833 1414 704 1415 853 1415 856 1415 262 1416 263 1416 839 1416 698 1417 857 1417 858 1417 859 1418 802 1418 860 1418 861 1419 859 1419 860 1419 856 1420 857 1420 698 1420 723 1421 850 1421 717 1421 576 1422 807 1422 589 1422 858 1423 862 1423 683 1423 236 1424 851 1424 852 1424 858 1425 857 1425 862 1425 770 1426 844 1426 854 1426 250 1427 614 1427 697 1427 844 1428 234 1428 854 1428 650 1429 863 1429 651 1429 683 1430 862 1430 864 1430 838 1431 741 1431 705 1431 865 1432 866 1432 855 1432 698 1433 858 1433 692 1433 650 1434 867 1434 863 1434 865 1435 855 1435 832 1435 854 1436 235 1436 852 1436 855 1437 866 1437 706 1437 234 1438 235 1438 854 1438 235 1439 236 1439 852 1439 866 1440 868 1440 869 1440 868 1441 870 1441 869 1441 238 1442 849 1442 847 1442 237 1443 238 1443 847 1443 706 1444 866 1444 869 1444 851 1445 237 1445 847 1445 853 1446 240 1446 856 1446 239 1447 240 1447 853 1447 849 1448 239 1448 853 1448 241 1449 857 1449 856 1449 240 1450 241 1450 856 1450 766 1451 709 1451 708 1451 243 1452 244 1452 864 1452 244 1453 661 1453 864 1453 871 1454 872 1454 613 1454 872 1455 646 1455 613 1455 873 1456 671 1456 649 1456 874 1457 875 1457 672 1457 876 1458 873 1458 649 1458 258 1459 259 1459 785 1459 236 1460 237 1460 851 1460 877 1461 878 1461 737 1461 875 1462 879 1462 672 1462 256 1463 257 1463 573 1463 238 1464 239 1464 849 1464 582 1465 880 1465 590 1465 877 1466 881 1466 878 1466 244 1467 245 1467 661 1467 250 1468 251 1468 614 1468 882 1469 866 1469 865 1469 882 1470 868 1470 866 1470 882 1471 865 1471 724 1471 261 1472 262 1472 838 1472 233 1473 234 1473 844 1473 606 1474 883 1474 581 1474 766 1475 884 1475 709 1475 881 1476 882 1476 878 1476 885 1477 644 1477 769 1477 859 1478 803 1478 802 1478 886 1479 887 1479 757 1479 888 1480 749 1480 709 1480 618 1481 889 1481 669 1481 890 1482 884 1482 766 1482 881 1483 868 1483 882 1483 631 1484 617 1484 586 1484 888 1485 891 1485 749 1485 882 1486 724 1486 878 1486 892 1487 885 1487 769 1487 884 1488 888 1488 709 1488 893 1489 656 1489 611 1489 700 1490 667 1490 666 1490 657 1491 640 1491 623 1491 894 1492 699 1492 734 1492 641 1493 630 1493 602 1493 895 1494 896 1494 686 1494 247 1495 248 1495 637 1495 897 1496 881 1496 877 1496 253 1497 254 1497 622 1497 241 1498 242 1498 857 1498 694 1499 898 1499 733 1499 714 1500 693 1500 647 1500 659 1501 713 1501 670 1501 899 1502 626 1502 680 1502 900 1503 901 1503 653 1503 881 1504 902 1504 868 1504 899 1505 680 1505 572 1505 900 1506 899 1506 901 1506 627 1507 903 1507 632 1507 900 1508 626 1508 899 1508 901 1509 904 1509 897 1509 897 1510 902 1510 881 1510 905 1511 626 1511 900 1511 901 1512 899 1512 904 1512 868 1513 902 1513 870 1513 905 1514 627 1514 626 1514 885 1515 905 1515 644 1515 897 1516 904 1516 902 1516 892 1517 903 1517 885 1517 904 1518 899 1518 572 1518 880 1519 906 1519 590 1519 903 1520 605 1520 632 1520 885 1521 627 1521 905 1521 870 1522 574 1522 638 1522 885 1523 903 1523 627 1523 632 1524 605 1524 597 1524 904 1525 572 1525 574 1525 605 1526 883 1526 606 1526 903 1527 883 1527 605 1527 902 1528 904 1528 574 1528 870 1529 902 1529 574 1529 892 1530 883 1530 903 1530 875 1531 907 1531 879 1531 879 1532 673 1532 668 1532 892 1533 908 1533 883 1533 907 1534 892 1534 769 1534 879 1535 907 1535 673 1535 907 1536 908 1536 892 1536 875 1537 908 1537 907 1537 909 1538 880 1538 582 1538 875 1539 909 1539 908 1539 883 1540 908 1540 581 1540 671 1541 874 1541 672 1541 908 1542 909 1542 581 1542 673 1543 907 1543 769 1543 909 1544 582 1544 581 1544 874 1545 909 1545 875 1545 873 1546 874 1546 671 1546 874 1547 880 1547 909 1547 636 1548 867 1548 650 1548 873 1549 880 1549 874 1549 873 1550 906 1550 880 1550 648 1551 876 1551 649 1551 910 1552 867 1552 636 1552 906 1553 910 1553 590 1553 876 1554 906 1554 873 1554 911 1555 912 1555 867 1555 689 1556 876 1556 648 1556 636 1557 650 1557 642 1557 876 1558 911 1558 906 1558 910 1559 636 1559 591 1559 911 1560 867 1560 910 1560 906 1561 911 1561 910 1561 689 1562 911 1562 876 1562 910 1563 591 1563 590 1563 689 1564 912 1564 911 1564 599 1565 912 1565 689 1565 599 1566 913 1566 912 1566 872 1567 598 1567 646 1567 598 1568 913 1568 599 1568 914 1569 674 1569 663 1569 598 1570 914 1570 913 1570 872 1571 914 1571 598 1571 872 1572 674 1572 914 1572 612 1573 871 1573 613 1573 871 1574 674 1574 872 1574 685 1575 871 1575 612 1575 871 1576 675 1576 674 1576 685 1577 675 1577 871 1577 691 1578 701 1578 695 1578 862 1579 243 1579 864 1579 685 1580 691 1580 675 1580 857 1581 242 1581 862 1581 913 1582 914 1582 662 1582 682 1583 684 1583 624 1583 684 1584 691 1584 685 1584 684 1585 701 1585 691 1585 242 1586 243 1586 862 1586 914 1587 663 1587 662 1587 651 1588 863 1588 662 1588 682 1589 701 1589 684 1589 682 1590 702 1590 701 1590 681 1591 702 1591 682 1591 678 1592 681 1592 603 1592 863 1593 913 1593 662 1593 681 1594 715 1594 702 1594 867 1595 912 1595 863 1595 897 1596 877 1596 915 1596 653 1597 901 1597 915 1597 715 1598 797 1598 716 1598 678 1599 715 1599 681 1599 678 1600 797 1600 715 1600 912 1601 913 1601 863 1601 901 1602 897 1602 915 1602 609 1603 677 1603 587 1603 798 1604 916 1604 754 1604 677 1605 797 1605 678 1605 744 1606 844 1606 770 1606 677 1607 798 1607 797 1607 833 1608 841 1608 845 1608 845 1609 775 1609 834 1609 609 1610 798 1610 677 1610 609 1611 916 1611 798 1611 877 1612 735 1612 915 1612 621 1613 835 1613 917 1613 918 1614 919 1614 748 1614 229 1615 231 1615 784 1615 608 1616 916 1616 609 1616 920 1617 921 1617 773 1617 608 1618 922 1618 916 1618 757 1619 781 1619 740 1619 921 1620 923 1620 751 1620 923 1621 922 1621 608 1621 754 1622 916 1622 764 1622 845 1623 781 1623 775 1623 841 1624 831 1624 846 1624 251 1625 252 1625 607 1625 923 1626 918 1626 922 1626 877 1627 737 1627 735 1627 819 1628 808 1628 817 1628 916 1629 922 1629 764 1629 921 1630 918 1630 923 1630 921 1631 751 1631 773 1631 584 1632 920 1632 773 1632 815 1633 924 1633 578 1633 921 1634 919 1634 918 1634 614 1635 251 1635 607 1635 578 1636 920 1636 584 1636 800 1637 925 1637 815 1637 920 1638 919 1638 921 1638 831 1639 816 1639 846 1639 778 1640 633 1640 809 1640 738 1641 817 1641 796 1641 578 1642 924 1642 920 1642 920 1643 924 1643 919 1643 918 1644 748 1644 772 1644 820 1645 799 1645 579 1645 749 1646 891 1646 736 1646 895 1647 686 1647 736 1647 800 1648 818 1648 925 1648 764 1649 922 1649 772 1649 815 1650 925 1650 924 1650 748 1651 919 1651 926 1651 745 1652 748 1652 926 1652 828 1653 728 1653 725 1653 925 1654 818 1654 783 1654 924 1655 925 1655 926 1655 783 1656 745 1656 926 1656 925 1657 783 1657 926 1657 245 1658 246 1658 652 1658 922 1659 918 1659 772 1659 737 1660 878 1660 710 1660 820 1661 579 1661 804 1661 638 1662 785 1662 787 1662 785 1663 638 1663 927 1663 919 1664 924 1664 926 1664 891 1665 895 1665 736 1665 777 1666 834 1666 767 1666 808 1667 828 1667 817 1667 832 1668 834 1668 777 1668 816 1669 738 1669 740 1669 813 1670 830 1670 739 1670 928 1671 929 1671 835 1671 929 1672 928 1672 575 1672 864 1673 661 1673 664 1673 724 1674 865 1674 777 1674 930 1675 711 1675 730 1675 930 1676 931 1676 620 1676 931 1677 930 1677 729 1677 900 1678 653 1678 655 1678 644 1679 905 1679 655 1679 661 1680 245 1680 652 1680 654 1681 653 1681 688 1681 762 1682 829 1682 727 1682 858 1683 683 1683 676 1683 726 1684 725 1684 932 1684 850 1685 704 1685 703 1685 878 1686 724 1686 710 1686 886 1687 757 1687 739 1687 890 1688 766 1688 765 1688 757 1689 887 1689 776 1689 708 1690 777 1690 767 1690 781 1691 846 1691 740 1691 683 1692 864 1692 664 1692 865 1693 832 1693 777 1693 729 1694 930 1694 730 1694 734 1695 654 1695 687 1695 894 1696 734 1696 687 1696 686 1697 896 1697 687 1697 817 1698 828 1698 796 1698 672 1699 879 1699 660 1699 905 1700 900 1700 655 1700 621 1701 620 1701 836 1701 692 1702 858 1702 676 1702 828 1703 725 1703 796 1703 829 1704 813 1704 727 1704 575 1705 928 1705 665 1705 717 1706 850 1706 703 1706 766 1707 708 1707 767 1707 720 1708 589 1708 721 1708 931 1709 729 1709 665 1709 933 1710 890 1710 765 1710 779 1711 601 1711 595 1711 830 1712 886 1712 739 1712 933 1713 765 1713 776 1713 928 1714 931 1714 665 1714 887 1715 933 1715 776 1715 719 1716 759 1716 722 1716 827 1717 751 1717 731 1717 929 1718 575 1718 934 1718 835 1719 929 1719 935 1719 579 1720 584 1720 774 1720 846 1721 816 1721 740 1721 653 1722 915 1722 688 1722 730 1723 711 1723 936 1723 827 1724 669 1724 937 1724 938 1725 929 1725 934 1725 929 1726 938 1726 935 1726 759 1727 719 1727 763 1727 711 1728 594 1728 936 1728 861 1729 860 1729 937 1729 669 1730 889 1730 937 1730 697 1731 614 1731 583 1731 592 1732 697 1732 583 1732 896 1733 894 1733 687 1733 799 1734 809 1734 580 1734 718 1735 809 1735 840 1735 760 1736 741 1736 761 1736 792 1737 720 1737 722 1737 834 1738 775 1738 767 1738 879 1739 668 1739 660 1739 259 1740 260 1740 771 1740 741 1741 760 1741 742 1741 705 1742 707 1742 824 1742 728 1743 806 1743 750 1743 804 1744 579 1744 774 1744 638 1745 573 1745 927 1745 811 1746 719 1746 721 1746 759 1747 823 1747 722 1747 822 1748 759 1748 761 1748 939 1749 768 1749 940 1749 711 1750 930 1750 842 1750 610 1751 827 1751 731 1751 837 1752 760 1752 763 1752 741 1753 839 1753 761 1753 260 1754 261 1754 824 1754 258 1755 785 1755 927 1755 898 1756 939 1756 940 1756 573 1757 257 1757 927 1757 751 1758 923 1758 731 1758 893 1759 611 1759 941 1759 870 1760 638 1760 787 1760 760 1761 843 1761 742 1761 855 1762 706 1762 747 1762 719 1763 826 1763 763 1763 838 1764 705 1764 824 1764 589 1765 807 1765 721 1765 646 1766 768 1766 758 1766 613 1767 646 1767 758 1767 225 1768 220 1768 942 1768 222 1769 225 1769 943 1769 593 1770 814 1770 944 1770 794 1771 801 1771 805 1771 928 1772 835 1772 836 1772 620 1773 931 1773 836 1773 915 1774 735 1774 688 1774 589 1775 720 1775 945 1775 225 1776 938 1776 943 1776 938 1777 225 1777 942 1777 594 1778 593 1778 944 1778 810 1779 795 1779 946 1779 889 1780 861 1780 937 1780 619 1781 621 1781 805 1781 620 1782 633 1782 842 1782 795 1783 794 1783 917 1783 812 1784 934 1784 577 1784 752 1785 860 1785 753 1785 611 1786 758 1786 941 1786 768 1787 600 1787 940 1787 600 1788 733 1788 940 1788 793 1789 812 1789 945 1789 785 1790 259 1790 771 1790 936 1791 726 1791 932 1791 633 1792 712 1792 842 1792 751 1793 827 1793 752 1793 935 1794 810 1794 946 1794 665 1795 729 1795 750 1795 812 1796 577 1796 945 1796 720 1797 793 1797 945 1797 707 1798 706 1798 786 1798 220 1799 810 1799 942 1799 812 1800 222 1800 943 1800 814 1801 726 1801 944 1801 934 1802 575 1802 577 1802 712 1803 779 1803 595 1803 576 1804 665 1804 750 1804 930 1805 620 1805 842 1805 725 1806 728 1806 932 1806 807 1807 811 1807 721 1807 802 1808 804 1808 774 1808 806 1809 576 1809 750 1809 801 1810 718 1810 840 1810 823 1811 792 1811 722 1811 923 1812 608 1812 731 1812 768 1813 939 1813 941 1813 937 1814 860 1814 752 1814 931 1815 928 1815 836 1815 728 1816 730 1816 932 1816 579 1817 799 1817 580 1817 730 1818 936 1818 932 1818 826 1819 837 1819 763 1819 802 1820 774 1820 753 1820 706 1821 869 1821 786 1821 839 1822 822 1822 761 1822 843 1823 848 1823 742 1823 786 1824 869 1824 787 1824 860 1825 802 1825 753 1825 742 1826 848 1826 747 1826 848 1827 855 1827 747 1827 261 1828 838 1828 824 1828 809 1829 619 1829 840 1829 869 1830 870 1830 787 1830 939 1831 893 1831 941 1831 733 1832 898 1832 940 1832 257 1833 258 1833 927 1833 810 1834 935 1834 942 1834 934 1835 812 1835 943 1835 726 1836 936 1836 944 1836 835 1837 935 1837 946 1837 935 1838 938 1838 942 1838 938 1839 934 1839 943 1839 936 1840 594 1840 944 1840 621 1841 917 1841 805 1841 917 1842 794 1842 805 1842 917 1843 835 1843 946 1843 771 1844 707 1844 786 1844 827 1845 937 1845 752 1845 758 1846 768 1846 941 1846 795 1847 917 1847 946 1847 577 1848 589 1848 945 1848 947 1849 948 1849 949 1849 950 1850 947 1850 949 1850 693 1851 714 1851 951 1851 952 1852 953 1852 954 1852 955 1853 956 1853 957 1853 958 1854 959 1854 960 1854 961 1855 962 1855 963 1855 959 1856 964 1856 960 1856 957 1857 956 1857 965 1857 966 1858 967 1858 968 1858 969 1859 952 1859 954 1859 962 1860 970 1860 963 1860 962 1861 961 1861 971 1861 972 1862 973 1862 974 1862 975 1863 976 1863 977 1863 617 1864 631 1864 978 1864 967 1865 966 1865 947 1865 979 1866 980 1866 981 1866 956 1867 630 1867 965 1867 630 1868 641 1868 965 1868 982 1869 975 1869 977 1869 693 1870 951 1870 983 1870 714 1871 984 1871 951 1871 966 1872 948 1872 947 1872 896 1873 895 1873 985 1873 986 1874 972 1874 974 1874 953 1875 981 1875 954 1875 952 1876 969 1876 987 1876 631 1877 956 1877 978 1877 988 1878 952 1878 987 1878 956 1879 955 1879 978 1879 989 1880 990 1880 991 1880 992 1881 993 1881 994 1881 657 1882 656 1882 995 1882 996 1883 949 1883 997 1883 981 1884 980 1884 954 1884 895 1885 998 1885 985 1885 990 1886 989 1886 999 1886 1000 1887 979 1887 981 1887 998 1888 996 1888 997 1888 1001 1889 1002 1889 1000 1889 1003 1890 1004 1890 1005 1890 1001 1891 1000 1891 1006 1891 989 1892 657 1892 995 1892 1004 1893 1003 1893 1007 1893 993 1894 992 1894 1008 1894 973 1895 1009 1895 974 1895 1010 1896 951 1896 971 1896 958 1897 960 1897 1011 1897 1002 1898 1012 1898 1000 1898 1013 1899 1014 1899 1015 1899 984 1900 962 1900 971 1900 1006 1901 1000 1901 981 1901 1001 1902 1006 1902 1016 1902 617 1903 978 1903 1005 1903 1006 1904 981 1904 953 1904 1006 1905 953 1905 1017 1905 1018 1906 1019 1906 1020 1906 1017 1907 953 1907 1021 1907 1022 1908 1013 1908 1015 1908 1019 1909 1023 1909 1020 1909 1017 1910 1021 1910 1024 1910 1024 1911 1021 1911 1025 1911 1026 1912 1020 1912 1027 1912 1026 1913 1018 1913 1020 1913 1024 1914 1025 1914 1014 1914 1025 1915 1021 1915 1028 1915 1029 1916 1030 1916 1027 1916 1020 1917 1031 1917 1027 1917 1032 1918 1029 1918 1027 1918 1033 1919 1034 1919 1032 1919 1014 1920 1025 1920 1035 1920 1030 1921 1026 1921 1027 1921 1034 1922 1029 1922 1032 1922 1036 1923 1033 1923 1032 1923 1014 1924 1035 1924 1037 1924 1022 1925 1038 1925 1039 1925 1037 1926 1035 1926 1040 1926 1038 1927 1041 1927 1039 1927 1042 1928 1043 1928 961 1928 1044 1929 1043 1929 1042 1929 1037 1930 1040 1930 1045 1930 1040 1931 1035 1931 958 1931 1046 1932 1047 1932 1048 1932 1044 1933 1042 1933 1048 1933 1042 1934 1046 1934 1048 1934 1049 1935 1050 1935 1051 1935 1048 1936 1049 1936 1051 1936 1048 1937 1047 1937 1049 1937 1052 1938 1053 1938 1050 1938 1037 1939 1045 1939 1054 1939 1045 1940 1040 1940 1003 1940 1055 1941 1052 1941 1050 1941 1050 1942 1053 1942 1051 1942 1054 1943 1045 1943 1056 1943 1044 1944 1048 1944 1051 1944 1057 1945 1058 1945 1059 1945 1060 1946 1061 1946 1057 1946 1062 1947 1063 1947 1064 1947 1060 1948 1057 1948 1059 1948 1061 1949 1065 1949 1057 1949 1066 1950 1062 1950 1064 1950 1067 1951 1068 1951 1064 1951 1065 1952 1069 1952 1057 1952 1063 1953 1067 1953 1064 1953 1068 1954 1070 1954 1064 1954 1058 1955 1071 1955 993 1955 1010 1956 1072 1956 973 1956 1072 1957 1073 1957 973 1957 895 1958 891 1958 998 1958 593 1959 601 1959 980 1959 803 1960 859 1960 964 1960 889 1961 618 1961 1004 1961 788 1962 821 1962 969 1962 658 1963 667 1963 1074 1963 829 1964 762 1964 1075 1964 640 1965 657 1965 989 1965 1076 1966 1067 1966 1063 1966 699 1967 894 1967 992 1967 886 1968 830 1968 982 1968 631 1969 630 1969 956 1969 714 1970 713 1970 984 1970 1077 1971 1067 1971 1076 1971 1018 1972 968 1972 1078 1972 890 1973 933 1973 967 1973 1043 1974 1072 1974 1010 1974 1079 1975 1067 1975 1077 1975 1026 1976 968 1976 1018 1976 888 1977 884 1977 950 1977 1080 1978 1046 1978 1042 1978 993 1979 1081 1979 994 1979 1073 1980 1009 1980 973 1980 1080 1981 1042 1981 961 1981 898 1982 694 1982 986 1982 1079 1983 1068 1983 1067 1983 1009 1984 1068 1984 1079 1984 1044 1985 1072 1985 1043 1985 1026 1986 966 1986 968 1986 893 1987 939 1987 1082 1987 1073 1988 1068 1988 1009 1988 1071 1989 1081 1989 993 1989 1083 1990 1072 1990 1044 1990 1081 1991 1046 1991 1080 1991 1030 1992 966 1992 1026 1992 1069 1993 1058 1993 1057 1993 1073 1994 1070 1994 1068 1994 1071 1995 1046 1995 1081 1995 1030 1996 948 1996 966 1996 948 1997 1061 1997 1060 1997 1083 1998 1073 1998 1072 1998 1083 1999 1070 1999 1073 1999 1069 2000 1071 2000 1058 2000 1071 2001 1047 2001 1046 2001 1030 2002 1061 2002 948 2002 1069 2003 1047 2003 1071 2003 1070 2004 1066 2004 1064 2004 1053 2005 1070 2005 1083 2005 1029 2006 1061 2006 1030 2006 1069 2007 1084 2007 1047 2007 1053 2008 1066 2008 1070 2008 1029 2009 1065 2009 1061 2009 1065 2010 1084 2010 1069 2010 1052 2011 1066 2011 1053 2011 1066 2012 1085 2012 1062 2012 1034 2013 1065 2013 1029 2013 1052 2014 1085 2014 1066 2014 1085 2015 1038 2015 1022 2015 1034 2016 1084 2016 1065 2016 1052 2017 1038 2017 1085 2017 1034 2018 1086 2018 1084 2018 1086 2019 1055 2019 1050 2019 1055 2020 1038 2020 1052 2020 1033 2021 1086 2021 1034 2021 1086 2022 1050 2022 1049 2022 1047 2023 1084 2023 1049 2023 1083 2024 1044 2024 1051 2024 1033 2025 1055 2025 1086 2025 1055 2026 1041 2026 1038 2026 1084 2027 1086 2027 1049 2027 1053 2028 1083 2028 1051 2028 1033 2029 1041 2029 1055 2029 1056 2030 955 2030 957 2030 1045 2031 1003 2031 955 2031 1056 2032 1045 2032 955 2032 1036 2033 1041 2033 1033 2033 1041 2034 1087 2034 1039 2034 1036 2035 1087 2035 1041 2035 1036 2036 1088 2036 1087 2036 1031 2037 1036 2037 1032 2037 1031 2038 1032 2038 1027 2038 1031 2039 1088 2039 1036 2039 1023 2040 1031 2040 1020 2040 1025 2041 1028 2041 959 2041 1035 2042 1025 2042 959 2042 958 2043 1035 2043 959 2043 1023 2044 1088 2044 1031 2044 1023 2045 1001 2045 1088 2045 1023 2046 1002 2046 1001 2046 1021 2047 953 2047 952 2047 1028 2048 952 2048 988 2048 1028 2049 1021 2049 952 2049 1019 2050 1002 2050 1023 2050 1006 2051 1017 2051 1016 2051 976 2052 1002 2052 1019 2052 1058 2053 993 2053 1008 2053 1059 2054 1058 2054 1008 2054 988 2055 825 2055 1089 2055 968 2056 967 2056 1090 2056 1012 2057 979 2057 1000 2057 976 2058 1012 2058 1002 2058 1087 2059 1088 2059 1016 2059 825 2060 988 2060 987 2060 990 2061 1076 2061 1091 2061 951 2062 984 2062 971 2062 1088 2063 1001 2063 1016 2063 1039 2064 1087 2064 1092 2064 964 2065 959 2065 1093 2065 1012 2066 1094 2066 979 2066 1075 2067 1012 2067 976 2067 1039 2068 1092 2068 1013 2068 1087 2069 1016 2069 1092 2069 1017 2070 1024 2070 1092 2070 1010 2071 973 2071 972 2071 1014 2072 1037 2072 1015 2072 1016 2073 1017 2073 1092 2073 1022 2074 1039 2074 1013 2074 957 2075 990 2075 1091 2075 955 2076 1003 2076 978 2076 1092 2077 1024 2077 1013 2077 1078 2078 982 2078 977 2078 1078 2079 968 2079 1090 2079 957 2080 965 2080 990 2080 1075 2081 976 2081 975 2081 1082 2082 1095 2082 1096 2082 896 2083 985 2083 1097 2083 1062 2084 1085 2084 1098 2084 1043 2085 1010 2085 971 2085 1024 2086 1014 2086 1013 2086 1095 2087 974 2087 1096 2087 1059 2088 1008 2088 985 2088 992 2089 994 2089 1099 2089 976 2090 1019 2090 977 2090 1018 2091 1078 2091 977 2091 1062 2092 1098 2092 1100 2092 1063 2093 1062 2093 1100 2093 1037 2094 1054 2094 1015 2094 1003 2095 1040 2095 1007 2095 965 2096 641 2096 991 2096 1063 2097 1100 2097 1091 2097 1085 2098 1022 2098 1098 2098 1075 2099 1094 2099 1012 2099 1074 2100 1101 2100 963 2100 1101 2101 1080 2101 963 2101 1076 2102 1063 2102 1091 2102 978 2103 1003 2103 1005 2103 1079 2104 1077 2104 1102 2104 980 2105 979 2105 1103 2105 1098 2106 1054 2106 1100 2106 1102 2107 1077 2107 995 2107 990 2108 965 2108 991 2108 1054 2109 1056 2109 1100 2109 989 2110 995 2110 999 2110 995 2111 1077 2111 999 2111 762 2112 814 2112 1094 2112 830 2113 829 2113 975 2113 889 2114 1004 2114 1011 2114 658 2115 1074 2115 970 2115 829 2116 1075 2116 975 2116 861 2117 889 2117 1011 2117 891 2118 888 2118 996 2118 998 2119 891 2119 996 2119 659 2120 658 2120 970 2120 939 2121 898 2121 1095 2121 888 2122 950 2122 996 2122 898 2123 986 2123 1095 2123 982 2124 830 2124 975 2124 1075 2125 762 2125 1094 2125 859 2126 861 2126 960 2126 964 2127 859 2127 960 2127 713 2128 659 2128 962 2128 1082 2129 939 2129 1095 2129 984 2130 713 2130 962 2130 933 2131 887 2131 1090 2131 994 2132 1081 2132 1101 2132 1059 2133 985 2133 997 2133 985 2134 998 2134 997 2134 958 2135 1011 2135 1007 2135 967 2136 933 2136 1090 2136 618 2137 617 2137 1005 2137 1100 2138 1056 2138 1091 2138 995 2139 656 2139 1104 2139 982 2140 1078 2140 1105 2140 667 2141 700 2141 1106 2141 1022 2142 1015 2142 1098 2142 961 2143 1043 2143 971 2143 951 2144 972 2144 983 2144 992 2145 894 2145 1097 2145 1056 2146 957 2146 1091 2146 1008 2147 992 2147 1097 2147 1004 2148 618 2148 1005 2148 1010 2149 972 2149 951 2149 641 2150 640 2150 991 2150 1009 2151 1079 2151 1096 2151 1015 2152 1054 2152 1098 2152 986 2153 694 2153 983 2153 948 2154 1060 2154 949 2154 893 2155 1082 2155 1104 2155 825 2156 803 2156 1089 2156 593 2157 980 2157 1103 2157 788 2158 969 2158 1107 2158 980 2159 601 2159 1107 2159 1081 2160 1080 2160 1101 2160 821 2161 825 2161 987 2161 886 2162 982 2162 1105 2162 890 2163 967 2163 1108 2163 950 2164 884 2164 1108 2164 699 2165 992 2165 1099 2165 1074 2166 667 2166 1106 2166 1019 2167 1018 2167 977 2167 979 2168 1094 2168 1103 2168 894 2169 896 2169 1097 2169 959 2170 1028 2170 1093 2170 972 2171 986 2171 983 2171 969 2172 954 2172 1107 2172 954 2173 980 2173 1107 2173 949 2174 1060 2174 997 2174 640 2175 989 2175 991 2175 1079 2176 1102 2176 1096 2176 1102 2177 1082 2177 1096 2177 960 2178 861 2178 1011 2178 659 2179 970 2179 962 2179 985 2180 1008 2180 1097 2180 694 2181 693 2181 983 2181 1028 2182 988 2182 1093 2182 1095 2183 986 2183 974 2183 1011 2184 1004 2184 1007 2184 996 2185 950 2185 949 2185 1080 2186 961 2186 963 2186 656 2187 893 2187 1104 2187 947 2188 950 2188 1108 2188 967 2189 947 2189 1108 2189 803 2190 964 2190 1089 2190 814 2191 593 2191 1103 2191 1106 2192 700 2192 1099 2192 1077 2193 1076 2193 999 2193 1082 2194 1102 2194 1104 2194 1106 2195 994 2195 1101 2195 1102 2196 995 2196 1104 2196 601 2197 788 2197 1107 2197 974 2198 1009 2198 1096 2198 1040 2199 958 2199 1007 2199 1076 2200 990 2200 999 2200 1060 2201 1059 2201 997 2201 994 2202 1106 2202 1099 2202 700 2203 699 2203 1099 2203 884 2204 890 2204 1108 2204 887 2205 886 2205 1105 2205 969 2206 821 2206 987 2206 1094 2207 814 2207 1103 2207 1090 2208 887 2208 1105 2208 1078 2209 1090 2209 1105 2209 970 2210 1074 2210 963 2210 1074 2211 1106 2211 1101 2211 988 2212 1089 2212 1093 2212 1089 2213 964 2213 1093 2213</p>
        </triangles>
      </mesh>
    </geometry>
    <geometry id="geometry2" name="Mesh002">
      <mesh>
        <source id="cubeverts-array2">
          <float_array count="8406" id="cubeverts-array2-array">0.02812595 -0.0178993 0.034 0.02883861 -0.01610827 0.034 0.03046647 -0.01718314 0.034 0.02973011 -0.01896911 0.034 0.03293386 0.0100221 0.034 0.03407555 0.008593273 0.034 0.03169959 0.008754446 0.034 0.03278104 0.006879405 0.034 0.03506908 -0.002875119 0.034 0.03694666 -0.001986035 0.034 0.03678679 -0.003966344 0.034 0.03190528 -0.008741892 0.034 0.0335243 -0.0102185 0.034 0.03111986 -0.01056775 0.034 -0.0329095 -0.01325119 0.034 -0.03345117 -0.01116764 0.034 -0.03121377 -0.01203215 0.034 0.02072185 0.02844887 0.034 0.02228615 0.02734701 0.034 0.02038051 0.02628148 0.034 -0.03205577 -0.01014836 0.034 0.01595883 0.03141667 0.034 0.01763304 0.03054133 0.034 0.01588114 0.02920869 0.034 0.03258425 -0.01231824 0.034 0.03509585 -0.01171672 0.034 0.03441634 -0.01358365 0.034 -0.03492445 0.005675776 0.034 -0.03445556 0.007517374 0.034 -0.03263569 0.006731704 0.034 -0.01305428 0.03242086 0.034 -0.01495844 0.03384147 0.034 -0.01312038 0.0345956 0.034 -0.0332422 0.00461977 0.034 -0.0038653 -0.0327147 0.034 -0.004251739 -0.03496523 0.034 -0.005855985 -0.0330646 0.034 0.03413898 -0.008387942 0.034 0.01880168 0.0277232 0.034 0.03263317 -0.006918457 0.034 -0.03013701 0.01758994 0.034 -0.03228842 0.01806815 0.034 -0.03127203 0.01977524 0.034 0.03198062 0.01384532 0.034 0.0336376 0.01541142 0.034 0.03441634 0.01358365 0.034 -0.01109415 -0.03200342 0.034 -0.01330204 -0.03253065 0.034 -0.01239045 -0.03050336 0.034 0.02733771 -0.01978741 0.034 -0.02767866 -0.01844645 0.034 -0.02679649 -0.02026821 0.034 -0.02928976 -0.01964197 0.034 0.006141836 0.03296075 0.034 0.004183218 0.03278763 0.034 0.004961007 0.03479343 0.034 -0.02847026 -0.02138037 0.034 0.002127258 0.03275801 0.034 0.001702399 0.03514334 0.034 0.003269986 0.03425999 0.034 0.02903551 -0.02069328 0.034 0.003358313 0.03084701 0.034 0.001390509 0.03056332 0.034 -0.006307071 -0.03486032 0.034 0.0348305 -0.004707308 0.034 0.03525337 -0.0009468236 0.034 0.00308854 -0.03314322 0.034 0.005119983 -0.03325368 0.034 0.003309404 -0.03511046 0.034 0.01418772 0.03058475 0.034 0.0005060672 0.03376627 0.034 0.005264179 -0.0352079 0.034 -0.01447997 -0.03072049 0.034 -0.0151363 0.03175073 0.034 0.02217155 0.02577638 0.034 -0.01563639 -0.02909452 0.034 -0.01668853 -0.03096405 0.034 -0.02585752 -0.02399253 0.034 -0.02537814 -0.02192775 0.034 -0.02408452 -0.02348067 0.034 0.03267253 -0.01404129 0.034 -0.02712762 -0.02255276 0.034 0.01416861 -0.0323666 0.034 0.01381226 -0.03036581 0.034 0.01585881 -0.03148625 0.034 -0.02917802 -0.01711612 0.034 -0.02309584 0.02678585 0.034 -0.02156242 0.02790625 0.034 -0.02112822 0.02586922 0.034 0.03362075 0.0001794153 0.034 0.03308305 -0.001840223 0.034 0.03108648 -0.01389205 0.034 0.03028895 -0.01233975 0.034 0.01765843 0.02886967 0.034 -0.03067876 -0.01817468 0.034 0.00118331 -0.03379343 0.034 0.007040598 -0.03475035 0.034 0.007285443 -0.0328723 0.034 -0.03024115 0.0154349 0.034 -0.03114046 0.01356702 0.034 -0.03234531 0.01490526 0.034 -0.009115721 -0.03178423 0.034 -0.009811641 -0.03387371 0.034 0.02364668 -0.0239003 0.034 0.02522795 -0.02475356 0.034 0.02391119 -0.02596822 0.034 -0.03149593 0.0164715 0.034 0.001389515 -0.03561427 0.034 0.0001633096 0.03207486 0.034 0.02251113 -0.02538123 0.034 0.01588836 -0.0297017 0.034 -0.02928976 0.01964197 0.034 -0.03526001 -0.001825707 0.034 -0.03526609 2.331871e-17 0.034 -0.03353174 -0.0005548893 0.034 0.03183929 0.01568115 0.034 0.03305746 0.01171884 0.034 0.03518798 0.004537024 0.034 0.0347933 0.006766667 0.034 0.03652086 0.005935217 0.034 -0.02009135 0.02910734 0.034 -0.01850132 0.03009036 0.034 -0.0182641 0.02802819 0.034 0.03022758 0.0151853 0.034 0.02914986 0.01689433 0.034 0.03098545 0.01725976 0.034 -0.01364799 0.03018276 0.034 -0.03398005 -0.009546762 0.034 -0.02719693 0.01962566 0.034 -0.02794738 0.0177861 0.034 -0.002322443 -0.03406579 0.034 -0.03377187 -0.002396935 0.034 -0.029961 -0.01529103 0.034 -0.03136559 -0.01627193 0.034 -0.03131553 -0.01418235 0.034 -0.03282241 -0.008582385 0.034 -0.01169901 0.03372641 0.034 -0.03266868 -0.0149675 0.034 0.02976315 0.01346491 0.034 -0.01870879 -0.02765681 0.034 -0.01771346 -0.02911674 0.034 -0.01993709 -0.02906306 0.034 -0.003177841 -0.0308696 0.034 -0.00247035 -0.02908435 0.034 -0.001116694 -0.0305487 0.034 -0.01527759 -0.03219685 0.034 -0.007697548 -0.03332127 0.034 -0.01163466 0.03044275 0.034 -0.004229103 0.03498072 0.034 -0.003034308 0.03338994 0.034 -0.004973239 0.0331222 0.034 -0.0155574 0.02985732 0.034 -0.008892282 0.03250385 0.034 -0.008126731 0.03431835 0.034 -0.006920115 0.03280447 0.034 -0.02857629 0.01594533 0.034 0.03449346 -0.006547687 0.034 0.03652086 -0.005935217 0.034 0.03614963 -0.007886978 0.034 0.0336241 0.005395458 0.034 -0.01866538 -0.0304133 0.034 -0.03365817 -0.005555712 0.034 -0.03496565 -0.00389499 0.034 -0.03292424 -0.003763829 0.034 -0.01085203 0.03227559 0.034 -0.009697343 0.03068872 0.034 -0.01171454 -0.03365067 0.034 0.02800389 0.01846098 0.034 0.02688162 0.02009416 0.034 0.02878944 0.02034879 0.034 0.02436644 0.02314189 0.034 0.02634112 0.02345102 0.034 0.02562559 0.02163716 0.034 0.01922179 0.02961279 0.034 0.03100413 0.01197542 0.034 -0.01362485 -0.02893768 0.034 -0.01279529 -0.02703674 0.034 -0.01158004 -0.02860848 0.034 0.01839825 -0.02782917 0.034 0.02022625 -0.02756836 0.034 0.01938015 -0.02945248 0.034 -0.008095963 -0.03485392 0.034 -0.02285604 0.02508754 0.034 0.03524504 0.002786038 0.034 0.03340499 0.003515925 0.034 0.007154616 0.03462268 0.034 -0.01994195 0.02739456 0.034 -0.01005849 0.03399479 0.034 -0.001925662 -0.03234472 0.034 -0.02582656 0.02415464 0.034 -0.02442968 0.02543399 0.034 -0.02389829 0.02354808 0.034 -0.01474781 -0.02729434 0.034 -0.002291652 0.03521472 0.034 -0.006158916 0.03472349 0.034 -0.0170385 0.02942867 0.034 0.02994349 0.01879169 0.034 -0.03510031 0.003890791 0.034 -0.03241813 -0.007083152 0.034 -0.03441684 -0.007477444 0.034 0.02509216 0.02493345 0.034 -0.001122943 0.03358647 0.034 -0.0007481118 -0.03355481 0.034 -0.0005237424 -0.03525414 0.034 -0.002398614 -0.03567823 0.034 -0.01678075 -0.02747201 0.034 -0.03371561 0.002699166 0.034 0.02171998 0.02111499 0.034 0.02365938 0.02136318 0.034 0.02294505 0.0195531 0.034 0.02244665 0.02292166 0.034 0.02490833 0.01981989 0.034 -0.007155874 -0.03147223 0.034 0.0253695 0.01640434 0.034 0.02611248 0.01823902 0.034 0.02731199 0.01665272 0.034 0.02415984 0.01798112 0.034 0.01976015 0.02085383 0.034 0.02051059 0.02269339 0.034 0.02097763 0.01928385 0.034 0.01900959 0.01901419 0.034 0.02022742 0.01744446 0.034 0.02219496 0.01771376 0.034 0.02463168 0.01457506 0.034 0.02658813 0.01483398 0.034 0.0234129 0.01614411 0.034 0.02584758 0.01300354 0.034 0.0238812 0.01273547 0.034 0.0226632 0.01430508 0.034 0.02144546 0.01587488 0.034 0.01779179 0.02058394 0.034 0.01704135 0.01874438 0.034 0.01507301 0.01847451 0.034 0.01310468 0.01820464 0.034 0.01385513 0.0200442 0.034 0.01357211 0.01479538 0.034 0.01235423 0.01636507 0.034 0.01432256 0.01663494 0.034 0.01554045 0.01506525 0.034 0.01675834 0.01349556 0.034 0.01479 0.01322569 0.034 0.0162909 0.01690482 0.034 0.01825921 0.01717467 0.034 0.01750878 0.01533512 0.034 0.02313077 0.01089592 0.034 0.02434867 0.009326233 0.034 0.02238033 0.009056356 0.034 0.01919411 0.01035618 0.034 0.02116244 0.01062605 0.034 0.020412 0.008786484 0.034 0.0194771 0.01560498 0.034 0.01994456 0.01219574 0.034 0.01797622 0.01192587 0.034 0.01872667 0.01376543 0.034 0.02509912 0.0111658 0.034 0.02069501 0.01403531 0.034 0.02706746 0.01143567 0.034 0.02162988 0.007216792 0.034 0.01282166 0.01295581 0.034 0.01722577 0.0100863 0.034 0.01600789 0.01165599 0.034 0.008983583 0.02632298 0.034 0.01095197 0.0265925 0.034 0.01020147 0.02475328 0.034 0.01844366 0.008516609 0.034 0.01647532 0.008246735 0.034 0.008233131 0.02448342 0.034 0.007015244 0.02605316 0.034 0.01216981 0.0250231 0.034 0.01338769 0.02345346 0.034 0.01141936 0.02318359 0.034 0.01291977 0.02685221 0.034 0.01413814 0.02529303 0.034 0.006264795 0.02421353 0.034 0.01525744 0.009816427 0.034 0.03025368 0.01013586 0.034 0.02828535 0.009865982 0.034 0.02903579 0.01170555 0.034 0.03074298 0.006704907 0.034 0.02950323 0.00829629 0.034 0.005046849 0.02578478 0.034 0.003828827 0.02735797 0.034 0.005797211 0.02762663 0.034 0.002328117 0.02367391 0.034 0.001577672 0.02183422 0.034 0.0003597854 0.02340391 0.034 0.01488934 0.0271151 0.034 0.001110221 0.02524386 0.034 0.003546009 0.02210409 0.034 -0.0008581011 0.0249736 0.034 0.02997363 0.004884411 0.034 0.0292184 0.003046274 0.034 0.02800233 0.004617157 0.034 0.01366669 0.02865939 0.034 0.004296445 0.023944 0.034 0.003078557 0.02551374 0.034 -0.02542572 -0.007918242 0.034 -0.02345744 -0.007648409 0.034 -0.02420789 -0.009487976 0.034 0.008590576 -0.02928374 0.034 0.009339674 -0.0274651 0.034 0.01055756 -0.0290348 0.034 0.01450699 0.00797686 0.034 0.02875692 0.006452672 0.034 0.02678444 0.006186849 0.034 0.02753489 0.008026417 0.034 0.02725153 0.002777359 0.034 0.02528354 0.002507715 0.034 0.02603399 0.004347282 0.034 -0.02495812 -0.01132738 0.034 -0.02692565 -0.01159662 0.034 -0.02617598 -0.009757664 0.034 0.009622684 -0.02221628 0.034 0.01037313 -0.02037671 0.034 0.01159102 -0.0219464 0.034 0.01422397 0.002728034 0.034 0.01225564 0.00245816 0.034 0.01300609 0.004297727 0.034 0.00737136 -0.02773496 0.034 0.01403955 0.01138612 0.034 0.01572487 0.006407168 0.034 0.00718691 -0.01907689 0.034 0.009155248 -0.01880702 0.034 0.008404797 -0.02064659 0.034 -0.02448813 -0.01473465 0.034 -0.02523625 -0.01657241 0.034 -0.0264477 -0.01499773 0.034 -0.025706 -0.01316495 0.034 -0.02374045 -0.01289723 0.034 0.0117882 0.005867419 0.034 0.01103775 0.004027852 0.034 0.009819864 0.005597544 0.034 0.009069414 0.003757977 0.034 0.0102873 0.002188285 0.034 0.008318964 0.00191841 0.034 0.007101078 0.003488103 0.034 -0.02439231 -0.0008298908 0.034 -0.02242397 -0.0005600162 0.034 -0.02317442 -0.002399583 0.034 0.006436461 -0.02091646 0.034 0.008970823 -0.01014893 0.034 0.009721272 -0.008309367 0.034 0.01093916 -0.009879059 0.034 -0.0271111 -0.002939332 0.034 -0.02636065 -0.001099765 0.034 -0.02514276 -0.002669458 0.034 0.007002487 -0.01041881 0.034 0.005784601 -0.008849116 0.034 0.007752937 -0.008579242 0.034 0.008121792 -0.0258954 0.034 0.008872234 -0.02405584 0.034 0.01009012 -0.02562554 0.034 -0.02364186 0.001009676 0.034 0.01375654 0.006137293 0.034 -0.0258932 -0.004509015 0.034 -0.02786141 -0.004778792 0.034 -0.001608551 0.02313403 0.034 0.02846945 0.001207706 0.034 0.02771932 -0.0006316696 0.034 0.02650143 0.0009380227 0.034 0.005218574 -0.01934677 0.034 0.004000687 -0.01777707 0.034 0.005969023 -0.0175072 0.034 0.01497442 0.004567601 0.034 -0.004471769 -0.02934126 0.034 -0.005656537 -0.02778478 0.034 -0.003688231 -0.0275147 0.034 -0.003576888 0.02286416 0.034 -0.004794775 0.02443385 0.034 -0.002826438 0.02470373 0.034 0.02575098 -0.0009015442 0.034 0.02067475 -0.02243265 0.034 0.01991893 -0.02426561 0.034 0.01871392 -0.02270647 0.034 0.00353325 -0.01436782 0.034 0.0042837 -0.01252825 0.034 0.005501587 -0.01409794 0.034 0.01047172 -0.0064698 0.034 0.008503386 -0.006739675 0.034 0.009253839 -0.004900108 0.034 -0.008375649 -0.0298942 0.034 0.0003470271 -0.013068 0.034 0.002315364 -0.01279812 0.034 0.001564914 -0.01463769 0.034 -0.01221344 -0.01652681 0.034 -0.01024511 -0.01625694 0.034 -0.01099556 -0.01809651 0.034 -0.02717162 -0.01681671 0.034 -0.0001076638 0.0268135 0.034 -0.003958492 0.003708422 0.034 -0.004708942 0.001868855 0.034 -0.005926829 0.003438547 0.034 -0.02907943 -0.003209207 0.034 -0.02832898 -0.00136964 0.034 -0.008362602 0.006577932 0.034 -0.01033094 0.006308057 0.034 -0.009580488 0.008147624 0.034 -0.007625429 -0.02805513 0.034 -0.006406805 -0.02962556 0.034 -0.0003906646 0.02156434 0.034 -0.002359001 0.02129447 0.034 -0.02485975 0.002579368 0.034 -0.02410929 0.004418935 0.034 -0.02289141 0.002849243 0.034 -0.01034729 -0.03016663 0.034 0.02687028 -0.01637815 0.034 0.03117778 0.00331016 0.034 0.004468125 -0.02118633 0.034 0.002499791 -0.02145621 0.034 0.003250237 -0.01961664 0.034 0.006350627 0.001648536 0.034 0.01796306 -0.02454307 0.034 -0.007144715 0.00500824 0.034 -0.006394265 0.006847806 0.034 -0.005176379 0.005278114 0.034 0.009794683 -0.03078375 0.034 0.02715285 -0.01112855 0.034 0.02593515 -0.009559231 0.034 0.02790222 -0.009287363 0.034 0.009168005 0.01766489 0.034 0.008417555 0.01582532 0.034 0.007199668 0.01739501 0.034 0.02396702 -0.009829437 0.034 0.02518495 -0.0113992 0.034 0.02321662 -0.01166907 0.034 0.007862508 -0.03105906 0.034 -0.007612152 0.0084175 0.034 -0.005643815 0.008687373 0.034 -0.01238511 0.02860318 0.034 -0.006861701 0.01025707 0.034 -0.0256102 0.0007398014 0.034 0.0005314541 -0.02172608 0.034 0.0012819 -0.01988652 0.034 -0.004044324 0.02627342 0.034 0.01674551 -0.02297585 0.034 -0.02214096 0.00468881 0.034 -0.002088746 -0.009928615 0.034 -0.0001204094 -0.00965874 0.034 -0.0008708594 -0.01149831 0.034 -0.02250461 0.02199765 0.034 -0.02444562 0.02157663 0.034 -0.02607763 0.00414906 0.034 -0.02467532 -0.006078717 0.034 0.009734025 0.02816272 0.034 0.001749357 -0.02329576 0.034 0.007568514 7.884358e-05 0.034 0.005600178 -0.000191031 0.034 -0.02280558 -0.01971575 0.034 -0.02205513 -0.01787619 0.034 -0.02083724 -0.01944588 0.034 -0.003293874 0.02811298 0.034 -0.002075988 0.02654329 0.034 -0.000403423 -0.01490757 0.034 -0.00162131 -0.01333787 0.034 0.001097477 -0.01122843 0.034 0.001847927 -0.009388865 0.034 0.003065814 -0.01095856 0.034 -0.01446455 -0.02204532 0.034 -0.01371434 -0.02020595 0.034 -0.01249646 -0.02177564 0.034 0.000642799 0.02865273 0.034 0.001860609 0.02708501 0.034 0.02696887 -0.002471236 0.034 0.00268421 -0.03011429 0.034 0.001470094 -0.02854168 0.034 0.003435393 -0.02827416 0.034 0.002967341 -0.02486538 0.034 0.003717676 -0.0230259 0.034 0.004935575 -0.02459558 0.034 -0.02327301 -0.01630649 0.034 -0.02130468 -0.01603662 0.034 0.01599513 -0.02481591 0.034 0.02609909 -0.0182097 0.034 -0.02402346 -0.01814606 0.034 -0.03152656 0.008539141 0.034 -0.03090835 0.01041117 0.034 -0.02972449 0.008855361 0.034 0.02174968 -0.02395074 0.034 0.00203235 -0.01804695 0.034 -0.01763826 0.01572621 0.034 -0.01960659 0.01545634 0.034 -0.01885614 0.0172959 0.034 -0.006012661 0.02600354 0.034 -0.03179474 -0.005315952 0.034 -0.007243306 -0.008898671 0.034 -0.007993756 -0.01073824 0.034 -0.009211641 -0.009168546 0.034 0.02246617 -0.01350864 0.034 0.02049783 -0.01377851 0.034 0.02124828 -0.01193894 0.034 -0.004893365 0.01052694 0.034 -0.006111252 0.01209663 0.034 -0.00237176 -0.01517744 0.034 -0.003589646 -0.01360775 0.034 0.03567417 0.009815998 0.034 0.03614963 0.007886978 0.034 6.401356e-05 -0.01831682 0.034 -0.001325538 0.02838286 0.034 0.01394096 -0.002520792 0.034 0.01197262 -0.002790666 0.034 0.01272307 -0.0009510995 0.034 -0.02335884 0.006258502 0.034 -0.02139051 0.006528377 0.034 -0.0006864365 -0.02015639 0.034 0.007950119 0.01923458 0.034 0.0107881 0.03380128 0.034 0.01029405 0.03553917 0.034 0.01218683 0.03493539 0.034 -0.004327338 0.02102459 0.034 0.009918455 0.01950446 0.034 0.008700568 0.02107415 0.034 0.01610648 0.0255629 0.034 0.01732437 0.02399321 0.034 0.01535603 0.02372334 0.034 0.03197856 0.005143827 0.034 -0.02092307 0.003119117 0.034 -0.005262211 0.02784311 0.034 -0.02814439 -0.01002759 0.034 0.01319051 -0.004360359 0.034 -0.01661755 -0.0136573 0.034 -0.017368 -0.01549687 0.034 -0.01858589 -0.01392718 0.034 -0.003109451 0.0194549 0.034 -0.004142915 0.01236651 0.034 -0.02729552 0.005718753 0.034 -0.02532718 0.005988627 0.034 -0.01773685 0.0018193 0.034 -0.01576851 0.002089174 0.034 -0.01651896 0.0002496075 0.034 0.01763304 0.03252808 0.034 0.01935362 0.0315347 0.034 0.006547754 0.02946379 0.034 0.007765681 0.02789303 0.034 0.005034151 -0.01068868 0.034 -0.009113051 0.004738365 0.034 -0.002925028 0.01079681 0.034 0.03072984 0.0206077 0.034 0.03179169 0.01892852 0.034 -0.01980378 -0.01235749 0.034 -0.02177211 -0.01262736 0.034 -0.02102166 -0.01078779 0.034 -1.168201e-06 -0.03210345 0.034 0.0007429011 -0.0303632 0.034 0.001932675 -0.03190956 0.034 -0.01726941 -0.001589959 0.034 -0.0184873 -2.026705e-05 0.034 0.01234147 -0.02010684 0.034 0.01355936 -0.02167653 0.034 0.0009990143 -0.02513524 0.034 -0.000219 -0.02356565 0.034 0.004578851 0.0292086 0.034 0.01637673 -0.005660176 0.034 0.01834507 -0.005390302 0.034 0.01759462 -0.007229868 0.034 0.01112358 -0.01853714 0.034 -0.0255116 0.01464671 0.034 -0.02354327 0.01491659 0.034 -0.02429372 0.01307702 0.034 -0.001338296 -0.008089046 0.034 -0.0005878459 -0.006249481 0.034 0.0006300407 -0.007819173 0.034 0.01459282 -0.01458814 0.034 0.01656116 -0.01431826 0.034 0.01581071 -0.01615783 0.034 -0.03688002 0.002977263 0.034 -0.03666704 0.004952566 0.034 0.01552769 -0.02140665 0.034 0.01749603 -0.02113678 0.034 -0.009198884 0.02730336 0.034 -0.009949334 0.02546379 0.034 -0.01116722 0.02703349 0.034 0.01477724 -0.02324622 0.034 0.0256308 0.02668449 0.034 0.02702618 0.02527025 0.034 0.002045109 0.01842496 0.034 0.002795558 0.02026452 0.034 0.004013445 0.01869483 0.034 -0.03104777 -0.003479081 0.034 0.01038589 0.0160952 0.034 0.008786401 -0.001490849 0.034 0.01075474 -0.001220974 0.034 0.01000429 -0.003060541 0.034 -0.01239787 -0.007868728 0.034 -0.01042953 -0.007598854 0.034 -0.01117998 -0.009438419 0.034 -0.01071254 -0.01284768 0.034 -0.01268088 -0.01311755 0.034 -0.01193043 -0.01127799 0.034 0.02378264 -0.001171419 0.034 0.02453309 0.0006681481 0.034 -0.003774069 -0.004949663 0.034 -0.005742406 -0.005219538 0.034 -0.004991956 -0.003379971 0.034 0.02818675 -0.004040929 0.034 0.02621842 -0.004310803 0.034 0.02471752 -0.007989937 0.034 0.02546797 -0.00615037 0.034 0.02668585 -0.007720062 0.034 0.01927994 -0.01220882 0.034 0.01402679 -0.02508579 0.034 0.0289372 -0.002201362 0.034 0.007384091 0.008736929 0.034 0.005415755 0.008467054 0.034 0.006166205 0.01030662 0.034 -0.03666704 -0.004952566 0.034 -0.03688002 -0.002977263 0.034 -0.0169864 0.003658867 0.034 -0.01623595 0.005498434 0.034 -0.01501806 0.003928741 0.034 -0.001904323 -0.0185867 0.034 0.01712718 -0.003820609 0.034 0.006252037 -0.01225838 0.034 -0.004906123 -0.02594497 0.034 -0.00612401 -0.02437527 0.034 -0.004155674 -0.0241054 0.034 -0.01801986 -0.003429526 0.034 -0.01877031 -0.005269093 0.034 -0.0199882 -0.003699401 0.034 -0.01146299 -0.01468725 0.034 -0.01388601 0.02492405 0.034 -0.01510389 0.02649374 0.034 -0.01313556 0.02676361 0.034 -0.02682808 0.002309494 0.034 -0.003472117 0.03683673 0.034 -0.00148984 0.03696999 0.034 -0.01164742 -0.006029161 0.034 -0.01913916 0.01204708 0.034 -0.02035704 0.01361677 0.034 -0.01838871 0.01388664 0.034 -0.02008679 -0.01760631 0.034 -0.02804597 0.003879186 0.034 0.02865348 -0.007450737 0.034 0.0274363 -0.005880496 0.034 0.02940464 -0.005610621 0.034 -0.02054147 0.02227485 0.034 -0.02129192 0.02043529 0.034 -0.002556183 -0.006519355 0.034 -0.001805732 -0.004679789 0.034 -0.03125373 0.005172338 0.034 -0.03048174 0.00701857 0.034 0.0159093 -0.002250917 0.034 0.01515885 -0.004090484 0.034 -0.02167352 0.001279551 0.034 -0.007980998 0.02573367 0.034 0.004185169 -0.02643511 0.034 0.02413371 -0.01848072 0.034 0.02218315 -0.01875746 0.034 0.0229336 -0.0169179 0.034 -0.02898084 0.0106977 0.034 0.01769321 0.006677042 0.034 -0.006492856 -0.007059104 0.034 -0.004524519 -0.00678923 0.034 -0.005274969 -0.008628797 0.034 0.03509585 0.01171672 0.034 -0.006025419 -0.01046836 0.034 0.007469923 -0.01382807 0.034 -0.007513561 0.02232441 0.034 -0.008731447 0.0238941 0.034 -0.006763111 0.02416398 0.034 -0.01708499 -0.01024804 0.034 -0.01633454 -0.008408479 0.034 -0.01511665 -0.009978168 0.034 -0.01717082 0.01231695 0.034 -0.02704298 0.02270187 0.034 -0.02897196 0.0230136 0.034 -0.0276949 0.02453554 0.034 0.01534327 -0.01274857 0.034 7.677186e-05 0.01815508 0.034 0.0008272219 0.01999465 0.034 0.003262995 0.01685526 0.034 -0.02073865 -0.005538968 0.034 -0.01952076 -0.00710866 0.034 -0.0214891 -0.007378534 0.034 -0.02082448 0.01702603 0.034 -0.02157493 0.01518646 0.034 -0.02279282 0.01675615 0.034 -0.02879642 0.002039619 0.034 -0.01435344 0.0283333 0.034 0.02968765 -0.000361795 0.034 0.03090554 -0.001931487 0.034 0.01899693 -0.01745765 0.034 0.01777904 -0.01588795 0.034 0.01974738 -0.01561808 0.034 -0.02664351 -0.006348473 0.034 -0.02260839 0.008098067 0.034 0.02987457 -0.009014002 0.034 0.03567417 -0.009815998 0.034 -0.02313539 -0.02676142 0.034 -0.02340048 -0.02866038 0.034 -0.02490514 -0.02736301 0.034 -0.03228842 -0.01806815 0.034 -0.03321171 -0.01630897 0.034 0.02153129 -0.006690119 0.034 0.02031341 -0.005120427 0.034 0.02228174 -0.004850553 0.034 -0.00687446 -0.02621484 0.034 -0.02055423 -0.01419705 0.034 0.01702859 -0.01772752 0.034 0.01627814 -0.01956709 0.034 0.01506026 -0.01799739 0.034 0.02340104 -0.02032716 0.034 -0.02204237 0.01859572 0.034 -0.02007403 0.01886559 0.034 -0.002174578 0.01263638 0.034 0.0222484 -0.02731731 0.034 0.02416152 -0.0280218 0.034 0.02262257 -0.02927831 0.034 -0.02064006 0.008367944 0.034 -0.0285134 0.007288445 0.034 0.0244345 -0.01323876 0.034 -0.01623825 0.02802935 0.034 0.01168961 -0.008039494 0.034 -0.01820428 0.005228559 0.034 -0.01905333 -0.01051792 0.034 -0.02326025 0.02016541 0.034 -0.03124125 -0.008656204 0.034 -0.02936166 -0.008457421 0.034 -0.03007722 -0.01026992 0.034 -0.006960292 -0.003649845 0.034 -0.008461192 -0.007328979 0.034 -0.01089697 -0.004189595 0.034 -0.0128653 -0.004459469 0.034 -0.01735524 0.02097504 0.034 -0.01538691 0.02124491 0.034 -0.01613736 0.01940534 0.034 0.0291132 -0.01084455 0.034 -0.00521727 -0.03118386 0.034 -0.01211485 -0.002619902 0.034 -0.005360802 0.0139362 0.034 -0.007329138 0.01366632 0.034 -0.006578688 0.01550589 0.034 0.02500053 -0.002741111 0.034 -0.01266812 0.02335435 0.034 -0.01191767 0.02519392 0.034 -0.01069978 0.02362423 0.034 -0.02232538 0.01334689 0.034 0.00465269 -0.02984431 0.034 0.005329273 0.03104887 0.034 -0.02982988 -0.005048774 0.034 -0.007809333 -0.01939632 0.034 -0.00977767 -0.0196662 0.034 -0.009027221 -0.01782663 0.034 -0.01296389 -0.01836638 0.034 0.009171515 0.03145951 0.034 0.007298141 0.03130497 0.034 0.008030951 0.03300021 0.034 -0.003392465 0.01420607 0.034 -0.02595739 -0.01838924 0.034 -0.01923775 -0.001859834 0.034 0.01524468 -0.02665548 0.034 -0.0158671 -0.01181774 0.034 0.02490194 -0.01664802 0.034 -0.0005750876 0.03022243 0.034 -0.002543424 0.02995255 0.034 -0.03147367 -8.714664e-05 0.034 -0.03076476 0.001769745 0.034 -0.02954687 0.0002000522 0.034 -0.03255865 0.00142553 0.034 0.01449597 -0.02841734 0.034 0.01252589 -0.02876492 0.034 -0.008559783 -0.02123589 0.034 -0.009494656 -0.01441737 0.034 -0.02626205 0.01280715 0.034 -0.02340048 0.02866038 0.034 -0.02182835 0.02987512 0.034 0.00943826 -0.01355819 0.034 0.00868781 -0.01539776 0.034 -0.02045564 -0.0002901416 0.034 0.01066891 0.02134402 0.034 0.01253865 0.007706985 0.034 -0.006209842 -0.001810279 0.034 0.0008144636 -0.01647726 0.034 0.01806206 -0.01063913 0.034 0.01609372 -0.010909 0.034 0.01684417 -0.009069435 0.034 0.01852949 -0.01404839 0.034 0.01731161 -0.01247869 0.034 0.01619231 0.002997909 0.034 0.0174102 0.001428217 0.034 0.01544186 0.001158342 0.034 -0.03016548 -0.0214253 0.034 -0.03127203 -0.01977524 0.034 0.01430353 0.03239401 0.034 0.01404447 0.03423087 0.034 0.01586162 0.03342767 0.034 -0.01361575 -0.006299036 0.034 -0.009962092 -0.01100811 0.034 -0.006775869 -0.01230793 0.034 -0.02739387 -0.008187969 0.034 -0.02861132 -0.006617942 0.034 -0.02746205 0.01436954 0.034 0.01252635 -0.0331361 0.034 0.01404447 -0.03423087 0.034 0.01218683 -0.03493539 0.034 -0.02633799 0.02598674 0.034 -0.02490514 0.02736301 0.034 -0.004340096 -0.01544732 0.034 -0.006308433 -0.01571719 0.034 -0.005557983 -0.01387762 0.034 -0.01895473 0.003388992 0.034 -0.02017262 0.004958684 0.034 0.005231332 0.01712514 0.034 0.005981782 0.01896471 0.034 -0.02776295 0.009128012 0.034 -0.01380018 0.002359049 0.034 0.02565239 -0.01480845 0.034 0.02368405 -0.01507833 0.034 0.02526272 -0.02001607 0.034 0.02444355 -0.02183907 0.034 -0.03217773 -0.001945259 0.034 -0.03029732 -0.001639515 0.034 -0.01857313 0.02254473 0.034 -0.01932358 0.02070516 0.034 0.01170268 0.02843015 0.034 -0.0295863 -0.01366096 0.034 -0.02888903 -0.01186266 0.034 -0.02767596 -0.01343608 0.034 0.02702618 -0.02527025 0.034 0.0256308 -0.02668449 0.034 -0.03321171 0.01630897 0.034 0.004751137 -0.01593751 0.034 0.0027828 -0.01620738 0.034 0.01262448 -0.01485801 0.034 0.01187403 -0.01669758 0.034 0.01065615 -0.01512788 0.034 0.01337493 -0.01301844 0.034 0.01562628 -0.007499743 0.034 0.02059642 0.0001283989 0.034 0.02256476 0.0003982735 0.034 0.02181431 -0.001441293 0.034 -0.002839196 -0.01176818 0.034 -0.004807533 -0.01203806 0.034 -0.002937787 -0.02567509 0.034 -0.002187337 -0.02383553 0.034 -0.001436886 -0.02199596 0.034 -0.02457673 0.007828194 0.034 -0.02579462 0.009397885 0.034 -0.02382628 0.009667761 0.034 -0.02027121 -0.008948227 0.034 0.03015509 -0.003771054 0.034 -0.03001431 0.003609311 0.034 0.03061828 -0.007183609 0.034 0.01807482 0.02583278 0.034 0.0192927 0.02426309 0.034 0.02012898 0.003537658 0.034 0.01816065 0.003267783 0.034 0.0189111 0.00510735 0.034 -0.0113644 -0.0007803355 0.034 -0.01333274 -0.00105021 0.034 -0.01258229 0.0007893567 0.034 -0.01783544 -0.01208761 0.034 -0.01675337 -0.03298977 0.034 -0.0185 -0.03204294 0.034 -0.01675337 0.03298977 0.034 0.00793736 -0.01723733 0.034 0.009905697 -0.01696745 0.034 -0.005077788 0.01918502 0.034 -0.02392487 -0.00423915 0.034 0.02134687 0.001967966 0.034 0.006903904 -0.02432571 0.034 0.006153478 -0.02616526 0.034 -0.01324691 -0.02361521 0.034 -0.01399999 -0.02545682 0.034 -0.01521377 -0.02388394 0.034 0.005870465 -0.03141409 0.034 0.006620934 -0.0295745 0.034 -0.008453605 0.02913894 0.034 -0.007230547 0.02757323 0.034 -0.001794213 0.03178864 0.034 -0.00376065 0.03151743 0.034 -0.003675478 0.008957248 0.034 -0.01530107 -0.001320085 0.034 -0.02172819 0.02380057 0.034 -0.02019329 -0.03100373 0.034 -0.02182835 -0.02987512 0.034 -0.02019329 0.03100373 0.034 -0.0185 0.03204294 0.034 0.0004967326 0.03699667 0.034 0.002481873 0.03691667 0.034 0.003631841 -0.0004609056 0.034 0.004382291 0.001378661 0.034 -0.01351716 0.007607875 0.034 -0.01154883 0.007877749 0.034 -0.01229928 0.006038183 0.034 -0.01942217 0.006798251 0.034 -0.01745383 0.007068126 0.034 -0.003405223 -0.02226583 0.034 -0.00462311 -0.02069614 0.034 -0.002654773 -0.02042627 0.034 0.02284777 0.005647099 0.034 0.02481611 0.005916974 0.034 0.02406566 0.004077407 0.034 -0.01491947 0.01783565 0.034 -0.01416902 0.01967522 0.034 -0.01295113 0.01810553 0.034 -0.008843396 -0.02648523 0.034 -0.01081113 -0.02675459 0.034 -0.01006068 -0.02491502 0.034 0.01430981 -0.01983696 0.034 0.01347352 0.0008884674 0.034 0.02349963 -0.006420245 0.034 0.02171572 -0.0153482 0.034 -0.01173325 0.01653584 0.034 -0.01370158 0.01626596 0.034 -0.009596323 -0.02832667 0.034 0.008516117 0.02973298 0.034 -0.02035087 -0.02283806 0.034 -0.01914986 -0.02441779 0.034 -0.0210087 -0.02459926 0.034 -0.006295674 0.02075472 0.034 -0.005545225 0.02259428 0.034 0.037 0 0.034 0.004459857 -0.03673023 0.034 0.002481873 -0.03691667 0.034 0.03678679 0.003966344 0.034 0.03694666 0.001986035 0.034 -0.008744206 -0.0125778 0.034 -0.0154855 0.007338 0.034 -0.01426761 0.005768308 0.034 -0.01304973 0.004198616 0.034 -0.007058883 -0.01755676 0.034 -0.00827677 -0.01598706 0.034 -0.01670338 0.008907694 0.034 -0.01867172 0.008637817 0.034 -0.002642015 0.01604564 0.034 -0.003859901 0.01761533 0.034 -0.001891565 0.01788521 0.034 0.01956296 -0.006959994 0.034 0.01984597 -0.001711168 0.034 0.02106386 -0.00328086 0.034 0.01909552 -0.003550735 0.034 0.004763895 0.0205344 0.034 -0.004057083 -0.01019849 0.034 0.009451017 0.02291371 0.034 -0.02299 -0.01105767 0.034 -0.0004793853 -0.02879692 0.034 0.002217402 -0.02670455 0.034 -0.02926385 0.005448878 0.034 -0.001424128 0.01447595 0.034 -0.0002062417 0.01290626 0.034 0.01937853 0.001698091 0.034 0.01854225 0.02242352 0.034 -0.01688781 0.01756578 0.034 -0.01566992 0.01599609 0.034 -0.01174601 -0.01993607 0.034 0.01122217 -0.004630233 0.034 -0.01455062 0.0005194821 0.034 0.03276187 -0.01719476 0.034 0.03179169 -0.01892852 0.034 0.0210184 -0.0304504 0.034 0.01935362 -0.0315347 0.034 -0.03634835 0.006913589 0.034 -0.03592485 0.008854679 0.034 -0.007710742 -0.005489412 0.034 -0.008928629 -0.00391972 0.034 -0.004610352 0.01577577 0.034 -0.00387266 -0.01885657 0.034 -0.00312221 -0.01701701 0.034 -0.001153873 -0.01674713 0.034 0.006719473 -0.01566763 0.034 -0.001141115 0.01972477 0.034 -0.02120609 -0.002129709 0.034 0.01824648 -0.01929721 0.034 0.02021482 -0.01902734 0.034 0.01946437 -0.02086691 0.034 -0.01568268 -0.02047582 0.034 -0.01690057 -0.01890613 0.034 -0.01493223 -0.01863626 0.034 0.02640284 -0.01296889 0.034 -0.006480097 0.0294128 0.034 0.0001626042 -0.004409914 0.034 -0.02934095 0.01406318 0.034 -0.02823039 0.01253727 0.034 -0.03013162 0.01224002 0.034 0.007654348 -0.02248615 0.034 -0.02835955 -0.01522378 0.034 0.028497 0.01504907 0.034 -0.003306633 -0.008358922 0.034 -0.01312038 -0.0345956 0.034 -0.01495844 -0.03384147 0.034 -0.01124449 0.03524998 0.034 -0.00933618 0.03580273 0.034 0.001663504 -0.0007307802 0.034 0.002413954 0.001108787 0.034 -0.001055282 -0.002840222 0.034 -0.002273169 -0.001270529 0.034 -0.0003048323 -0.001000655 0.034 0.0114066 -0.01328832 0.034 0.01787763 -0.001981043 0.034 -0.0109828 0.0183754 0.034 -0.01220068 0.01994509 0.034 -0.01023235 0.02021497 0.034 0.02425008 -0.004580678 0.034 0.01263724 0.0216139 0.034 0.01188679 0.01977433 0.034 0.02359822 0.007486666 0.034 0.02556656 0.007756541 0.034 0.02631701 0.009596107 0.034 -0.01202902 -0.0251849 0.034 0.01113634 0.01793476 0.034 -0.01792127 0.01047738 0.034 0.01694276 0.004837476 0.034 -0.004511761 0.02968268 0.034 0.02261846 -0.02215361 0.034 0.02781791 0.01327524 0.034 -0.01680198 -0.004999218 0.034 -0.01558409 -0.006568911 0.034 -0.01755243 -0.006838785 0.034 0.02199873 -0.01009938 0.034 0.009635442 0.01425563 0.034 0.00389733 -0.03164899 0.034 0.008769418 -0.03424007 0.034 0.01029405 -0.03553917 0.034 0.008371583 -0.03604049 0.034 -0.003023619 -0.003110096 0.034 -0.009396066 -0.0005104609 0.034 -0.01061395 0.001059231 0.034 -0.008645616 0.001329106 0.034 -0.01276671 0.009447442 0.034 -0.01473505 0.009177567 0.034 -0.005090546 -0.01728688 0.034 0.02303219 -0.003010986 0.034 0.006732232 0.02080427 0.034 0.007482682 0.02264384 0.034 -0.01127857 -0.02334533 0.034 -0.009310233 -0.02307546 0.034 0.004849728 -0.002030598 0.034 0.004099277 -0.003870165 0.034 0.002881391 -0.002300472 0.034 -0.02654507 0.00755832 0.034 0.01327634 -0.02692535 0.034 0.01205846 -0.02535566 0.034 0.0144084 -0.005930051 0.034 0.01244006 -0.006199925 0.034 0.002512545 0.0150157 0.034 0.003730432 0.013446 0.034 0.001762095 0.01317613 0.034 0.002610679 0.02893445 0.034 0.02837118 -0.01269901 0.034 -0.02757853 0.0004699268 0.034 0.030438 0.001477812 0.034 0.03165539 -9.167688e-05 0.034 -0.01810569 0.01913547 0.034 -0.01014652 -0.002350028 0.034 0.007667105 0.01398575 0.034 -0.03698666 -0.0009933757 0.034 -0.03698666 0.0009933757 0.034 -0.004241506 -0.001540404 0.034 -0.00752632 -0.0141475 0.034 -0.008830038 0.009987191 0.034 -0.008079588 0.01182676 0.034 -0.005828238 0.01734546 0.034 -0.007046124 0.01891515 0.034 -0.007796575 0.01707558 0.034 -0.00537356 -0.02253571 0.034 -0.02185794 0.009937634 0.034 -0.01988961 0.01020751 0.034 0.02331521 0.00223784 0.034 -0.009481896 0.02205453 0.034 -0.01145023 0.02178466 0.034 0.008035952 -0.003330415 0.034 0.007285501 -0.005169982 0.034 0.006067614 -0.00360029 0.034 0.0002484365 -0.02697491 0.034 0.01657392 0.02215364 0.034 0.0005442083 0.01474582 0.034 0.01084057 -0.02378597 0.034 0.004480882 0.01528557 0.034 0.005698768 0.01371588 0.034 0.02958906 -0.01426871 0.034 -0.01408319 -0.002889777 0.034 -0.01605153 -0.003159652 0.034 0.001294658 0.01658539 0.034 -0.00933618 -0.03580273 0.034 -0.01124449 -0.03524998 0.034 0.009352427 0.009006804 0.034 0.01132076 0.009276678 0.034 0.01057031 0.007437111 0.034 0.008601978 0.007167236 0.034 -0.001522719 0.0005690374 0.034 -0.002740605 0.00213873 0.034 -0.003491055 0.0002991629 0.034 -0.008178179 -0.002080153 0.034 -0.007427729 -0.0002405863 0.034 -0.01108139 0.004468491 0.034 -0.01183184 0.002628924 0.034 -0.009297475 0.01339645 0.034 -0.01004792 0.01155688 0.034 -0.01051536 0.01496614 0.034 -0.009764912 0.01680571 0.034 -0.008547025 0.01523602 0.034 -0.01970518 0.001549425 0.034 0.01665975 -0.0004113503 0.034 0.01862808 -0.0001414757 0.034 -0.02270699 -0.005808842 0.034 -0.008092345 -0.02464515 0.034 -0.007341897 -0.02280558 0.034 -0.02223955 -0.009218102 0.034 -0.01660479 0.0228146 0.034 0.001380491 -0.005979606 0.034 0.002598377 -0.007549298 0.034 0.00653505 -0.007009549 0.034 -0.02252256 -0.01446693 0.034 0.004566714 -0.007279424 0.034 0.003816264 -0.009118991 0.034 0.01469141 -0.0006812249 0.034 0.01150519 0.0006185927 0.034 0.03134749 -0.005360518 0.034 -0.02672949 0.0162164 0.034 -0.02597904 0.01805597 0.034 -0.02476115 0.01648628 0.034 0.02762073 -0.01453858 0.034 0.006449218 0.01555545 0.034 -0.01539967 -0.015227 0.034 -0.02475439 -0.01997048 0.034 0.01010288 0.01084637 0.034 0.01207121 0.01111624 0.034 -0.009863503 0.002898798 0.034 -0.01314832 -0.009708295 0.034 0.01412538 -0.01117888 0.034 0.01215705 -0.01144875 0.034 0.01018871 -0.01171863 0.034 -0.0006736782 0.01631552 0.034 0.005514345 0.02237396 0.034 -0.02195654 -0.003969275 0.034 0.02209732 0.003807533 0.034 0.01460558 0.02188377 0.034 -0.01041677 0.02887305 0.034 -0.03192627 0.003316439 0.034 0.009536851 0.0003487182 0.034 -0.003208042 0.005547989 0.034 -0.004425929 0.007117681 0.034 -0.002457592 0.007387556 0.034 0.01130801 -0.02719523 0.034 0.01176702 -0.03054302 0.034 -0.01483364 -0.004729344 0.034 0.01240898 0.03015844 0.034 0.0132891 0.009546553 0.034 -0.0007722688 0.002408604 0.034 0.001196068 0.002678479 0.034 0.0004456177 0.000838912 0.034 0.0009130542 -0.002570347 0.034 0.002130941 -0.004140039 0.034 -0.006677279 0.001598981 0.034 -0.007895165 0.003168673 0.034 0.01309192 -0.01826727 0.034 0.01384237 -0.0164277 0.034 -0.02110749 0.0117772 0.034 0.005317164 -0.005439857 0.034 0.003348827 -0.005709732 0.034 0.006818064 -0.001760723 0.034 -0.0143662 -0.008138602 0.034 -0.01933634 -0.01576674 0.034 0.01280891 -0.0235161 0.034 0.0214327 -0.02059703 0.034 0.005403129 -0.02800475 0.034 0.002979981 0.01160644 0.034 0.001011645 0.01133656 0.034 0.004948318 0.01187631 0.034 0.006916655 0.01214619 0.034 0.02126337 0.02443291 0.034 -0.03057628 -0.006885195 0.034 0.03234189 0.001704534 0.034 0.01048638 0.02998836 0.034 -0.01830288 -0.008678352 0.034 -0.006591446 -0.02096601 0.034 -0.00740095 0.03625225 0.034 -0.005444382 0.03659725 0.034 -0.005459392 2.928827e-05 0.034 -0.009679079 -0.005759287 0.034 0.02003039 -0.01036925 0.034 0.01881251 -0.008799562 0.034 0.02078084 -0.008529686 0.034 -0.0009694501 -0.02540522 0.034 -0.01389877 -0.01154786 0.034 -0.0188689 -0.019176 0.034 -0.01418178 -0.01679669 0.034 -0.01615012 -0.01706656 0.034 0.004197868 0.01003675 0.034 0.01160378 0.0145255 0.034 -0.02228191 -0.02307951 0.034 -0.0276949 -0.02453554 0.034 -0.02897196 -0.0230136 0.034 0.007851528 0.00532767 0.034 0.005883191 0.005057795 0.034 0.006633641 0.006897362 0.034 0.005132741 0.003218228 0.034 0.003164404 0.002948354 0.034 -0.01079838 0.009717318 0.034 -0.01126581 0.01312658 0.034 -0.02307583 0.01150733 0.034 -0.0017199 -0.02724478 0.034 -0.02504417 0.01123745 0.034 -0.0009566917 0.01106669 0.034 -0.001707142 0.009227122 0.034 -0.0004892553 0.00765743 0.034 -0.0240107 0.01832585 0.034 -0.001239705 0.005817863 0.034 -0.001990155 0.003978297 0.034 0.01721058 -0.02636781 0.034 -0.03476863 -0.01265475 0.034 -0.03539777 -0.01077024 0.034 -0.03357564 0.01125377 0.034 -0.03539777 0.01077024 0.034 -0.03476863 0.01265475 0.034 0.003914855 0.00478792 0.034 0.01365795 -0.007769618 0.034 0.01487583 -0.009339311 0.034 -0.01765102 -0.0207457 0.034 -0.0270125 0.01096758 0.034 0.0002611948 0.009496997 0.034 0.002229532 0.009766871 0.034 0.001479081 0.007927305 0.034 0.0007286313 0.006087738 0.034 -0.01792387 -0.02595395 0.034 -0.01718142 -0.02415328 0.034 -0.0159542 -0.02571573 0.034 0.005686014 -0.02275602 0.034 0.01966155 0.006946917 0.034 0.008220374 -0.0119885 0.034 0.0336376 -0.01541142 0.034 -0.00826401 0.02048484 0.034 -0.01052812 -0.02150576 0.034 0.01582347 0.02031408 0.034 0.02096527 -0.01718777 0.034 -0.01811845 -0.01733644 0.034 0.01644762 -0.0280419 0.034 0.01763304 -0.03252808 0.034 0.01586162 -0.03342767 0.034 -0.01201626 0.01128701 0.034 -0.005840996 -0.01912645 0.034 -0.01463646 0.02308448 0.034 -0.01341857 0.02151479 0.034 -0.01979102 0.02411442 0.034 -0.01642037 0.01415652 0.034 0.01686544 0.02734041 0.034 -0.0139846 0.01101713 0.034 -0.03592485 -0.008854679 0.034 -0.03634835 -0.006913589 0.034 -0.009014462 0.01864528 0.034 0.0004967326 -0.03699667 0.034 -0.00148984 -0.03696999 0.034 0.004665305 0.006627487 0.034 0.0129075 -0.009609184 0.034 -0.01981279 -0.02614696 0.034 -0.01520249 0.01258683 0.034 -0.01445203 0.01442639 0.034 0.02087943 0.005377225 0.034 -0.003472117 -0.03683673 0.034 -0.005444382 -0.03659725 0.034 0.02761426 0.02193512 0.034 0.02834365 0.02378314 0.034 0.02957938 0.02222746 0.034 0.02780052 -0.0218747 0.034 0.02957938 -0.02222746 0.034 0.02834365 -0.02378314 0.034 -0.02521494 0.01980906 0.034 -0.02156917 -0.02127021 0.034 -0.02352388 -0.02153007 0.034 0.004459857 0.03673023 0.034 0.006424983 0.03643789 0.034 -2.181876e-05 0.004248171 0.034 0.01916679 -0.02608077 0.034 0.02262257 0.02927831 0.034 0.02416152 0.0280218 0.034 -0.01343133 -0.01495712 0.034 0.03276187 0.01719476 0.034 -0.01782268 0.0243843 0.034 -0.03016548 0.0214253 0.034 -0.01323415 0.0128567 0.034 -0.0124837 0.01469627 0.034 -0.01595294 0.01074726 0.034 -0.007698994 0.03094122 0.034 -0.01898782 0.02593247 0.034 0.01085333 0.01268594 0.034 0.02274918 -0.008259811 0.034 -0.005729706 0.03124469 0.034 -0.01464922 -0.01338743 0.034 0.03203229 -0.00364946 0.034 -0.01643266 -0.02231494 0.034 -0.01839761 -0.02258096 0.034 0.001946518 0.004518046 0.034 -0.01585434 0.02465417 0.034 0.003447418 0.00819718 0.034 0.002696968 0.006357613 0.034 0.008884993 0.01241606 0.034 -0.01961555 -0.02101201 0.034 0.008134542 0.0105765 0.034 -0.01704952 0.0262146 0.034 0.02191287 0.0124656 0.034 -0.02817736 0.0212522 0.034 0.0211222 -0.02887614 0.034 0.01765093 -0.02913397 0.034 0.01759093 -0.03064767 0.034 0.03072984 -0.0206077 0.034 0.009218422 -0.03245445 0.034 -0.02279149 -0.02490106 0.034 -0.02452199 -0.02547175 0.034 -0.03526437 -0.00574963 0.034 0.02610205 -0.02156943 0.034 0.02099971 -0.02576957 0.034 0.01109203 -0.03203767 0.034 0.01062706 -0.03371818 0.034 0.03359786 -0.003692091 0.034 0.01110946 0.03187864 0.034 -0.02551891 0.02266504 0.034 0.02318807 0.02458891 0.034 0.03399317 0.001807099 0.034 0.03166053 0.01061898 0.034 -0.0003396872 0.03526868 0.034 0.03314184 -0.005164568 0.034 0.03025036 -0.01561134 0.034 -0.0353303 0.00196221 0.034 -0.02167672 -0.02803944 0.034 0.0210184 0.0304504 0.034 -0.03412998 0.009408458 0.034 0.03179346 -0.01553366 0.034 -0.02633799 -0.02598674 0.034 0.02659569 -0.02339694 0.034 0.03535603 0.0009495806 0.034 0.009537679 0.03294352 0.034 0.0125566 0.03315192 0.034 0.02505312 -0.02326251 0.034 -0.01691448 0.03102663 0.034 0.008371583 0.03604049 0.034 -0.02630789 0.02123079 0.034 -0.03297146 0.01312005 0.034 -0.03403924 0.01450276 0.034 -0.03181434 0.01179568 0.034 -0.00740095 -0.03625225 0.034 -0.03403924 -0.01450276 0.034 0.03429427 0.01042863 0.034 0.02373966 0.0262316 0.034 0.006424983 -0.03643789 0.034 0.009003798 0.03443992 0.034 -0.03413597 0.0009802561 0.034 0.003375527 0.03569059 0.034 -0.03312366 0.00828536 0.034 0.01290718 0.03167131 0.034 -0.02144737 -0.02634637 0.034 0.01284701 -0.03158857 0.034 -0.03251723 0.009940598 0.034 -0.02027407 -0.02758334 0.034 0.03698666 0.0009933459 0.035 0.037 0 0.036 0.03698666 -0.0009933757 0.03499991 0.03539777 0.01077024 0.03500003 0.03476863 0.01265474 0.03500007 0.03634835 0.006913592 0.03499998 0.03652086 0.005935217 0.036 0.03666704 0.004952573 0.03499997 -0.008371569 0.03604049 0.03499997 -0.01029404 0.03553917 0.03499993 -0.00933618 0.03580273 0.036 -0.0004967353 0.03699667 0.03500003 0.001489833 0.03696999 0.03500007 -0.02416152 0.0280218 0.035 -0.02262257 0.02927831 0.035 -0.02702618 0.02527025 0.03500003 -0.02834364 0.02378315 0.03500005 -0.03509585 -0.01171671 0.03500005 -0.03441634 -0.01358365 0.03500005 -0.01935363 -0.0315347 0.03499999 -0.01763305 -0.03252807 0.03500007 0.02897195 -0.02301361 0.03499995 0.03016548 -0.02142531 0.03499993 0.02957938 -0.02222746 0.036 0.02340047 -0.02866039 0.03500001 0.02490513 -0.02736301 0.03499993 0.02416152 -0.0280218 0.036 -0.0140445 -0.03423087 0.03500001 -0.01218686 -0.03493538 0.035 -0.03072985 -0.02060769 0.03499997 -0.02957939 -0.02222746 0.03499993 -0.03016548 -0.0214253 0.036 -0.03694666 0.001986062 0.03499999 -0.037 2.773567e-08 0.035 -0.03441634 0.01358366 0.03499995 -0.03509585 0.01171672 0.03499995 -0.03476863 0.01265475 0.036 -0.01029406 -0.03553917 0.03500003 -0.008371588 -0.03604049 0.03500005 0.02633799 0.02598673 0.03499995 0.02490514 0.027363 0.03499993 0.0256308 0.02668449 0.036 -0.03694666 -0.001986011 0.035 -0.0367868 -0.003966317 0.035 -0.03688002 -0.002977263 0.036 -0.03652086 -0.005935196 0.03500001 -0.03614963 -0.007886958 0.03500002 -0.02101838 0.03045041 0.03499999 -0.02262259 -0.02927829 0.03499999 -0.02101841 -0.03045039 0.03499999 -0.02182835 -0.02987512 0.036 0.03688002 0.002977258 0.03500005 -0.004459846 0.03673023 0.035 -0.006424955 0.03643789 0.035 0.03509585 0.01171672 0.036 0.0004967326 0.03699667 0.036 -0.02340048 0.02866038 0.036 -0.0276949 0.02453554 0.036 -0.03476863 -0.01265475 0.036 -0.0185 -0.03204294 0.036 -0.01312038 -0.0345956 0.036 -0.00933618 -0.03580273 0.036 -0.03698666 0.0009933757 0.036 -0.02182835 0.02987512 0.036 -0.03634835 -0.006913589 0.036 0.03694666 0.001986035 0.036 -0.005444382 0.03659725 0.036 -0.01404447 0.03423087 0.03499992 -0.01312038 0.0345956 0.036 -0.01218683 0.03493539 0.03499991 0.02897196 0.02301359 0.03499993 0.02769491 0.02453553 0.03499995 0.02834365 0.02378314 0.036 -0.0336376 0.01541143 0.03499996 0.01495844 0.03384147 0.03499991 0.01404447 0.03423087 0.036 0.01586162 0.03342767 0.036 0.02769489 -0.02453554 0.03499993 0.02702618 -0.02527025 0.036 0.02633799 -0.02598674 0.03499991 0.003472117 -0.03683673 0.03499991 0.002481873 -0.03691667 0.036 0.00148984 -0.03696999 0.03499991 -0.02834365 -0.02378314 0.03499993 -0.02897196 -0.0230136 0.036 -0.03567417 -0.009815983 0.03500005 0.02702618 0.02527025 0.036 0.03403924 0.01450276 0.03500009 0.03228842 0.01806815 0.03499992 0.003472115 0.03683673 0.03500006 -0.0256308 0.02668449 0.035 0.01124449 -0.03524998 0.03499991 0.01029405 -0.03553917 0.036 0.00933618 -0.03580273 0.03499991 0.03592485 0.008854679 0.035 -0.03276188 -0.01719475 0.03499996 -0.01935361 0.03153471 0.03499995 -0.02019329 0.03100373 0.036 -0.0185 0.03204294 0.036 -0.03179169 0.01892852 0.03499991 -0.03228842 0.01806815 0.036 -0.03127203 0.01977524 0.036 0.03016548 0.0214253 0.03499991 0.02957938 0.02222746 0.036 0.03072984 0.0206077 0.036 -0.03678679 0.003966354 0.03499996 -0.03614963 0.007886978 0.03500009 0.0185 0.03204294 0.03500009 -0.002481873 0.03691667 0.035 0.01124449 0.03524998 0.03500009 0.03678679 0.003966344 0.036 -0.03666704 -0.004952566 0.036 -0.02957938 0.02222746 0.03499998 -0.03016548 0.0214253 0.036 -0.02897196 0.0230136 0.036 -0.01124449 0.03524998 0.036 0.02340048 0.02866038 0.03499994 0.02416152 0.0280218 0.036 0.02182835 0.02987512 0.03500009 0.0185 -0.03204294 0.03499993 0.01935362 -0.0315347 0.036 0.01763304 -0.03252808 0.036 0.00740095 0.03625225 0.03499991 0.006424983 0.03643789 0.036 0.008371583 0.03604049 0.036 -0.01586162 0.03342767 0.03499992 -0.02702618 -0.02527025 0.03499992 -0.03072984 0.0206077 0.03499995 -0.02416153 -0.02802179 0.03499996 0.02019329 0.03100373 0.03500009 0.01312038 -0.0345956 0.03499991 0.01404447 -0.03423087 0.036 0.01218683 -0.03493539 0.036 0.0004967326 -0.03699667 0.036 0.005444382 -0.03659725 0.03499991 0.00740095 -0.03625225 0.03499991 0.006424983 -0.03643789 0.036 0.00933618 0.03580273 0.03499991 -0.0004967326 -0.03699667 0.03499991 0.008371583 -0.03604049 0.036 -0.0256308 -0.02668449 0.03499994 -0.02490514 -0.02736301 0.036 -0.02633799 -0.02598674 0.036 0.0256308 -0.02668449 0.036 0.03592485 -0.008854679 0.03500009 0.03539777 -0.01077024 0.03500009 -0.004459857 -0.03673023 0.03499992 0.03476863 -0.01265475 0.03499991 0.03509585 -0.01171672 0.036 0.03441634 -0.01358365 0.036 0.03321171 -0.01630897 0.03499992 -0.03539777 0.01077024 0.036 0.01675337 -0.03298977 0.03499992 -0.01586164 -0.03342766 0.03500003 -0.002481873 -0.03691667 0.03499991 -0.00148984 -0.03696999 0.036 -0.003472117 -0.03683673 0.036 -0.03276187 0.01719476 0.03499994 -0.03567417 0.009815995 0.03500002 0.01312038 0.0345956 0.03500009 -0.01495844 0.03384147 0.036 0.02182835 -0.02987513 0.03499996 0.03403924 -0.01450276 0.03499992 0.03127203 -0.01977524 0.03499992 0.03179169 -0.01892852 0.036 0.03072984 -0.0206077 0.036 -0.01763304 0.03252808 0.03499994 -0.01675337 0.03298977 0.036 -0.0336376 -0.01541142 0.03500001 -0.03321171 -0.01630897 0.036 -0.03403924 -0.01450276 0.036 -0.03652086 0.005935217 0.03500002 -0.03666704 0.004952566 0.036 -0.03634835 0.006913589 0.036 -0.03321171 0.01630897 0.036 0.03127203 0.01977524 0.03499992 0.03179169 0.01892852 0.036 0.03228842 -0.01806815 0.03499992 0.03276187 -0.01719476 0.036 0.03666704 -0.004952566 0.03499991 0.03678679 -0.003966344 0.036 0.03652086 -0.005935217 0.036 -0.006424982 -0.03643789 0.03499998 -0.005444382 -0.03659725 0.036 -0.00740095 -0.03625225 0.036 0.01675337 0.03298977 0.03499991 0.005444385 0.03659725 0.03499998 0.004459857 0.03673023 0.036 0.01029405 0.03553917 0.036 0.01763304 0.03252808 0.036 0.01495844 -0.03384147 0.03499992 0.004459857 -0.03673023 0.036 -0.0276949 -0.02453554 0.036 0.03688002 -0.002977263 0.03499991 0.03694666 -0.001986035 0.036 0.03634835 -0.006913589 0.03499991 0.0336376 -0.01541142 0.036 0.01586162 -0.03342767 0.036 0.02262257 0.02927831 0.036 0.03614963 -0.007886978 0.036 -0.02019329 -0.03100373 0.036 0.02834365 -0.02378314 0.036 0.03321171 0.01630897 0.03499991 0.03276187 0.01719476 0.036 0.0336376 0.01541142 0.036 0.02019329 -0.03100373 0.03499994 0.0210184 -0.0304504 0.036 -0.03179169 -0.01892851 0.03499997 -0.03127203 -0.01977524 0.036 -0.02490514 0.02736301 0.036 -0.03403924 0.01450276 0.036 -0.01495844 -0.03384147 0.036 -0.003472117 0.03683673 0.036 -0.00740095 0.03625225 0.036 0.02262257 -0.02927831 0.036 0.03614963 0.007886978 0.036 -0.03698666 -0.0009933757 0.036 -0.03688002 0.002977263 0.036 -0.00148984 0.03696999 0.036 -0.03539777 -0.01077024 0.036 -0.01124449 -0.03524998 0.036 -0.03228842 -0.01806815 0.036 -0.02633799 0.02598674 0.036 -0.02340048 -0.02866038 0.036 0.03567417 0.009815998 0.036 -0.01675337 -0.03298977 0.036 0.01935362 0.0315347 0.036 0.0210184 0.0304504 0.036 0.03441634 0.01358365 0.036 0.01218683 0.03493539 0.036 0.002481873 0.03691667 0.036 -0.03592485 -0.008854679 0.036 -0.03592485 0.008854679 0.036 0.03567417 -0.009815998 0.036 0.02743257 0.01926665 0.036 0.02746749 0.02167774 0.036 0.02584928 0.02056591 0.036 -0.02797757 0.02101126 0.036 -0.01672516 0.03100307 0.036 0.003229626 0.03426407 0.036 0.003918298 0.03263733 0.036 0.004984268 0.03478713 0.036 0.006078499 0.03293896 0.036 0.02887507 0.02049645 0.036 0.01597561 0.03135987 0.036 0.02023225 0.02631598 0.036 0.02158933 0.0247795 0.036 0.0221789 0.02713655 0.036 -0.02661948 -0.02237872 0.036 0.02941497 -0.01883438 0.036 0.03084024 -0.01727523 0.036 -0.02300772 0.02668958 0.036 -0.02099434 0.02577954 0.036 -0.02156242 0.02790625 0.036 -0.02575967 -0.02408602 0.036 -0.02441706 -0.02220197 0.036 -0.0271386 -0.01907075 0.036 -0.0281144 -0.02112562 0.036 -0.0256462 -0.02049706 0.036 0.02376467 0.02546984 0.036 0.02846698 -0.02065874 0.036 0.02718825 -0.01910354 0.036 0.02635017 -0.0208514 0.036 0.01750593 -0.03018106 0.036 0.01864154 -0.02778621 0.036 0.01660944 -0.02836299 0.036 0.01939321 -0.02960577 0.036 -0.02952624 -0.01463927 0.036 -0.03083216 -0.01297013 0.036 -0.03182373 -0.01484939 0.036 -0.03056534 -0.01604193 0.036 -0.02410177 -0.02403224 0.036 0.02753928 -0.02232796 0.036 0.03119092 0.01297047 0.036 0.03147211 0.01534091 0.036 0.02960292 0.0144648 0.036 0.02067324 0.02839107 0.036 -0.03009458 0.01795736 0.036 -0.03113586 0.01639252 0.036 -0.02893519 0.01615939 0.036 0.01881241 0.0276052 0.036 0.02120587 -0.01813322 0.036 0.02088324 -0.02011353 0.036 0.02298645 -0.01935388 0.036 -0.02011151 -0.02906878 0.036 -0.01844666 -0.0300569 0.036 -0.01860362 -0.02764463 0.036 0.02230835 -0.02154232 0.036 0.02293003 -0.02493922 0.036 0.02107065 -0.02539701 0.036 0.02226146 -0.02705445 0.036 0.0105061 -0.03363665 0.036 0.0106904 -0.03177269 0.036 0.008761292 -0.03234993 0.036 -0.0006699027 0.03484256 0.036 0.008702615 -0.03419168 0.036 -0.03044331 0.01501592 0.036 0.005306096 -0.03509298 0.036 0.006676086 -0.03305025 0.036 0.004454441 -0.03343464 0.036 0.007084384 -0.03490923 0.036 0.02072168 -0.02847424 0.036 -0.0351755 -0.00194198 0.036 -0.03334517 -0.0009127887 0.036 -0.03533192 -6.410384e-05 0.036 0.02937547 -0.01726491 0.036 -0.01699667 -0.02884675 0.036 -0.02910623 0.0195493 0.036 -0.02701539 0.0226686 0.036 -0.01511831 0.03186116 0.036 -0.01844666 0.0300569 0.036 0.01760081 0.03047739 0.036 0.01425745 0.03225557 0.036 0.0318354 -0.009724235 0.036 0.03373894 -0.01026552 0.036 0.03270838 -0.007885647 0.036 -0.02291033 0.02473525 0.036 0.03457108 -0.008494028 0.036 0.02973559 0.01893204 0.036 -0.01644115 0.02875215 0.036 -0.01847965 0.02791156 0.036 0.02558874 -0.02262216 0.036 0.02365037 -0.02302943 0.036 0.02507309 -0.02467953 0.036 0.01979373 -0.01685827 0.036 0.01930886 -0.01878499 0.036 -0.02924137 -0.01945891 0.036 -0.0004863143 -0.03316053 0.036 -0.002496428 -0.03374985 0.036 -0.0005502489 -0.03513572 0.036 0.02021592 -0.02207035 0.036 0.0216169 -0.02343112 0.036 0.02863613 0.01752364 0.036 0.02539227 0.02489748 0.036 0.03277575 0.01392049 0.036 0.03532425 0.0008865831 0.036 0.03511183 0.003024461 0.036 0.03338492 0.001332739 0.036 -0.02591815 0.02057857 0.036 -0.0341007 -0.009383049 0.036 -0.03345117 -0.01116764 0.036 -0.03194575 -0.009775615 0.036 0.02401138 -0.0262759 0.036 0.01259579 0.03117263 0.036 0.01426017 0.02990856 0.036 0.02465226 0.02348697 0.036 0.02291331 0.02333816 0.036 -0.02000623 0.02729521 0.036 -0.0250245 0.02256663 0.036 0.03171345 -0.01173257 0.036 0.03482202 -0.006676869 0.036 0.03317656 -0.005737251 0.036 0.03351763 -0.01219403 0.036 0.03333318 0.003266533 0.036 -0.002416368 -0.035567 0.036 0.01917493 0.02955997 0.036 -0.03491005 -0.005673436 0.036 -0.03445971 -0.00752943 0.036 -0.0328612 -0.006280953 0.036 0.001706177 0.03503164 0.036 -0.00242198 0.03540865 0.036 0.009159199 0.03427663 0.036 0.006946611 0.03475782 0.036 -0.02465524 -0.02550016 0.036 -0.02322488 -0.02679862 0.036 -0.03350444 -0.003020996 0.036 -0.00257502 0.03372936 0.036 -0.004206546 0.03521793 0.036 -0.004565225 0.03338104 0.036 0.02164348 -0.01631061 0.036 -0.03402249 0.0007320403 0.036 0.03495234 0.006409396 0.036 0.03434401 0.0082843 0.036 0.03298028 0.006695923 0.036 -0.0117368 -0.03329012 0.036 -0.01231758 -0.03118744 0.036 -0.01342502 -0.03272107 0.036 0.01593528 -0.03147322 0.036 -0.001159676 0.03264665 0.036 0.03277287 0.008525872 0.036 -0.0303623 -0.01773091 0.036 -0.03396924 0.009366652 0.036 -0.03253653 0.007968846 0.036 -0.03204469 0.009877093 0.036 -0.01063366 -0.03213934 0.036 0.03405419 0.004836725 0.036 -0.03336459 0.004115296 0.036 -0.03299373 0.006042621 0.036 -0.03482897 0.005511158 0.036 0.007771394 0.03315564 0.036 -0.009019853 -0.03187291 0.036 -0.009668789 -0.03382724 0.036 -0.007664684 -0.03324986 0.036 -0.02295898 -0.02507787 0.036 0.03067758 0.01734623 0.036 -0.01691586 -0.0309756 0.036 -0.03290763 -0.008163791 0.036 0.03316179 0.01229598 0.036 0.02970285 0.0160943 0.036 -0.03368279 -0.004623737 0.036 -0.006449627 0.03291557 0.036 -0.007897958 0.03435881 0.036 -0.008386555 0.03249711 0.036 -0.01530643 -0.03013874 0.036 0.03559952 0.004823499 0.036 0.0006893914 0.03322938 0.036 0.03198595 0.01122154 0.036 0.01256438 -0.03117286 0.036 0.01240141 -0.03303104 0.036 0.02663939 -0.01597229 0.036 0.02794044 -0.01737124 0.036 0.02850102 -0.01580893 0.036 0.009427091 0.0322395 0.036 0.0108008 0.03366479 0.036 0.02435067 -0.02110602 0.036 0.01739878 0.02873472 0.036 -0.01519479 0.03029794 0.036 -0.01440909 0.02895955 0.036 -0.0352167 0.003623764 0.036 0.01437489 -0.03051788 0.036 0.01414461 -0.03231934 0.036 -0.02805401 0.01802739 0.036 -0.03287209 -0.0129809 0.036 -0.004073207 -0.0351427 0.036 -0.0200861 0.02900813 0.036 -0.03344907 0.01124667 0.036 -0.006165707 -0.03464746 0.036 -0.03187197 -0.01159712 0.036 -0.03446254 0.00748238 0.036 -0.01078063 0.03004274 0.036 -0.01212369 0.03141834 0.036 -0.01260195 0.02949409 0.036 -0.004487367 -0.03360783 0.036 -0.006019336 0.03483544 0.036 0.02037184 -0.02683654 0.036 0.03084989 -0.01366386 0.036 0.03262358 -0.01367168 0.036 -0.01029882 0.03197062 0.036 -0.03150823 0.01177649 0.036 0.02323476 -0.01586948 0.036 0.0248656 -0.0158861 0.036 0.02416342 -0.01404844 0.036 0.03009592 -0.01564039 0.036 -0.01127386 0.02811709 0.036 -0.009380494 0.02865144 0.036 0.02511373 -0.01927461 0.036 -0.008883166 0.03057571 0.036 0.02405815 -0.01764404 0.036 -0.005546944 0.02969818 0.036 -0.005039349 0.0315892 0.036 -0.006962429 0.03108275 0.036 0.02593775 -0.01754275 0.036 -0.007465053 0.02917858 0.036 -0.01178899 0.02619639 0.036 -0.01320957 0.02758952 0.036 -0.009877989 0.02672778 0.036 -0.004134541 0.02832063 0.036 -0.003631453 0.03022893 0.036 -0.007963356 0.0272582 0.036 -0.002219101 0.02884901 0.036 -0.002717497 0.02692805 0.036 -0.001300467 0.02553552 0.036 0.0001165664 0.02414298 0.036 0.0006140313 0.02606644 0.036 -0.00604884 0.027789 0.036 -0.002295399 0.0216886 0.036 -0.0003808987 0.02221951 0.036 -0.001797933 0.02361206 0.036 -0.003712433 0.02308115 0.036 -0.005626933 0.02255023 0.036 -0.004209899 0.02115769 0.036 -0.003214963 0.02500459 0.036 -0.004631968 0.02639703 0.036 -0.005129466 0.02447369 0.036 -0.01370704 0.02566606 0.036 -0.01229001 0.02427351 0.036 -0.006546488 0.02586619 0.036 -0.01037549 0.02480438 0.036 -0.01087297 0.02288095 0.036 -0.008958464 0.02341185 0.036 -0.008460973 0.02533522 0.036 -0.007043962 0.02394276 0.036 -0.0118679 0.01903403 0.036 -0.01137044 0.02095749 0.036 -0.01328494 0.02042658 0.036 -0.008536366 0.0181724 0.036 -0.009953401 0.01956494 0.036 -0.01045087 0.01764148 0.036 -0.01278747 0.02235004 0.036 -0.008038899 0.02009586 0.036 -0.006621865 0.01870331 0.036 -0.0061244 0.02062677 0.036 -0.007541433 0.02201932 0.036 -0.01236537 0.01711057 0.036 -0.01094833 0.01571802 0.036 -0.001375829 0.01837259 0.036 -0.002792864 0.01976514 0.036 -0.003290329 0.01784167 0.036 -0.000878364 0.02029605 0.036 -0.004707365 0.01923422 0.036 -0.00711933 0.01677985 0.036 -0.009485991 -0.02672869 0.036 -0.009983456 -0.02865216 0.036 -0.008068954 -0.02812124 0.036 0.01306591 -0.01511825 0.036 0.01164887 -0.0137257 0.036 0.01115141 -0.01564916 0.036 -0.01140049 -0.02725961 0.036 -0.009033831 0.01624893 0.036 0.01356337 -0.01319479 0.036 0.009734372 -0.01425662 0.036 0.01023184 -0.01233315 0.036 0.008317337 -0.01286407 0.036 -0.008549809 -0.03001939 0.036 0.01406084 -0.01127132 0.036 0.01214634 -0.01180224 0.036 -0.01042528 -0.030519 0.036 -0.00520483 0.01731076 0.036 -0.007616796 0.01485638 0.036 0.01498082 -0.01458744 0.036 0.01448324 -0.01651088 0.036 -0.008988524 -0.02480523 0.036 -0.01040556 -0.02341268 0.036 -0.01090303 -0.02533615 0.036 -0.009531296 0.01432547 0.036 0.007819872 -0.01478753 0.036 0.006402837 -0.01339498 0.036 0.005905372 -0.01531844 0.036 -0.001873294 0.01644913 0.036 0.004910442 -0.01916537 0.036 0.006824942 -0.01863445 0.036 0.005407907 -0.01724191 0.036 -0.0118226 -0.02202013 0.036 -0.01132513 -0.02009667 0.036 -0.01323963 -0.02062758 0.036 -0.01943294 0.02406679 0.036 -0.0199412 0.0221464 0.036 -0.01803351 0.02268076 0.036 -0.009908096 -0.02148922 0.036 -0.02832927 -0.003385792 0.036 -0.02882401 -0.005306473 0.036 -0.02691252 -0.004778632 0.036 -0.02740948 -0.006701583 0.036 -0.008491059 -0.02288177 0.036 -0.01274217 -0.01870412 0.036 -0.008114261 0.01293292 0.036 -0.02599295 -0.008094646 0.036 -0.02549548 -0.006171181 0.036 0.007322407 -0.01671099 0.036 0.02859002 0.01060325 0.036 0.02669349 0.01008696 0.036 0.02811053 0.008694413 0.036 -0.00719469 0.009616909 0.036 -0.005777655 0.00822436 0.036 -0.00528019 0.01014782 0.036 -0.00627512 0.006300897 0.036 -0.007692155 0.007693446 0.036 -0.00818962 0.005769983 0.036 -0.007993596 -0.02095831 0.036 -0.009410631 -0.01956576 0.036 -0.01465667 -0.01923503 0.036 4.120615e-05 0.01698004 0.036 -0.000456259 0.01505658 0.036 -0.008611726 0.01100946 0.036 -0.006697225 0.01154037 0.036 -0.01002876 0.01240201 0.036 0.01299059 -0.0222812 0.036 0.01490554 -0.0217504 0.036 0.0134885 -0.02035785 0.036 0.03002503 0.009225327 0.036 -0.00565699 -0.02566687 0.036 -0.005159525 -0.0237434 0.036 -0.007074026 -0.02427432 0.036 0.01639924 -0.01598035 0.036 0.005450057 0.03103258 0.036 0.006860011 0.02958545 0.036 0.007379576 0.03153774 0.036 -0.0141592 -0.01731157 0.036 0.01547792 -0.01266389 0.036 -0.01232006 -0.0239436 0.036 0.0100806 -0.0266575 0.036 0.01149549 -0.02804371 0.036 0.01199518 -0.02612681 0.036 0.009580501 -0.02857165 0.036 0.007667884 -0.02910883 0.036 0.009076442 -0.03047115 0.036 -0.01753604 0.02460423 0.036 -0.01611901 0.02321168 0.036 0.001458241 0.01558749 0.036 0.007126382 0.0100173 0.036 0.005709347 0.01140984 0.036 0.005211882 0.009486382 0.036 0.003493407 -0.01777282 0.036 -0.00351641 -0.003647138 0.036 -0.004933445 -0.002254589 0.036 -0.00543091 -0.004178052 0.036 -0.01657117 -0.01976595 0.036 -0.0179882 -0.0183734 0.036 -0.01848567 -0.02029686 0.036 -0.02507338 -0.01141066 0.036 -0.02365634 -0.01280321 0.036 -0.02315888 -0.01087974 0.036 0.01157351 -0.02088864 0.036 -0.02790568 -0.008625789 0.036 -0.02649041 -0.01001811 0.036 -0.002521479 0.0001997876 0.036 -0.002024014 0.002123251 0.036 -0.003938515 0.001592337 0.036 -0.0160737 -0.01784249 0.036 -0.01557624 -0.01591902 0.036 -0.01749074 -0.01644994 0.036 0.001578906 -0.01830374 0.036 0.002995941 -0.01969628 0.036 0.01207106 -0.0189652 0.036 0.01015648 -0.01949609 0.036 0.02719096 0.01201042 0.036 0.0009607763 0.01366403 0.036 -0.00443598 -0.0003311265 0.036 0.002076371 -0.01638027 0.036 0.0001618709 -0.01691119 0.036 -0.003018945 -0.001723675 0.036 -0.0009537241 0.01313311 0.036 -0.007571491 -0.02619778 0.036 0.002573836 -0.01445681 0.036 0.001156801 -0.01306426 0.036 0.000659336 -0.01498772 0.036 -0.00665192 -0.02951379 0.036 -0.003852882 -0.03217256 0.036 -0.005234885 -0.03090634 0.036 -0.005764577 -0.03271359 0.036 0.0004633112 0.01174057 0.036 0.002920566 -0.02685917 0.036 0.004337526 -0.02825144 0.036 0.004835082 -0.02632831 0.036 0.02908282 0.01252256 0.036 0.0304147 0.01106101 0.036 0.006327477 -0.02055792 0.036 -0.01562154 0.02513514 0.036 0.01720904 -0.02641858 0.036 0.01912176 -0.02580331 0.036 0.01773962 -0.0245355 0.036 0.009462988 0.005308735 0.036 0.01088002 0.003916186 0.036 0.01137749 0.005839649 0.036 0.01562859 0.001662002 0.036 0.01371409 0.001131088 0.036 0.01513113 -0.0002614606 0.036 -0.0199027 -0.01890431 0.036 -0.004239955 -0.02705942 0.036 -0.002325454 -0.0265285 0.036 -0.00374249 -0.02513595 0.036 -0.02641501 -0.002855121 0.036 -3.415391e-05 0.009817102 0.036 -0.001451189 0.01120965 0.036 -0.02499802 -0.004247718 0.036 -0.02450055 -0.002324255 0.036 0.0181912 0.01844224 0.036 0.01960831 0.01704971 0.036 0.02010578 0.01897317 0.036 -0.00359177 -0.01081008 0.036 -0.004089235 -0.01273354 0.036 -0.002174734 -0.01220263 0.036 -0.00826498 -0.001392955 0.036 -0.006847945 -0.002785504 0.036 -0.00635048 -0.0008620405 0.036 0.0122217 -0.004639301 0.036 0.0141362 -0.004108387 0.036 0.01271916 -0.002715838 0.036 0.008121312 0.01386422 0.036 0.006206812 0.01333331 0.036 0.007623847 0.01194076 0.036 0.01107605 -0.0228121 0.036 -0.001677269 -0.01027916 0.036 0.01321663 -0.0007923747 0.036 -0.02783209 -0.00146262 0.036 -0.02591759 -0.0009317064 0.036 -0.02733462 0.0004608425 0.036 0.01965413 -0.02400459 0.036 -0.008762445 -0.003316418 0.036 0.01463366 -0.002184924 0.036 0.003418046 -0.02493576 0.036 0.02952756 0.007301864 0.036 0.007744513 -0.02195047 0.036 0.008241978 -0.020027 0.036 0.02060237 0.02089651 0.036 0.02251775 0.02142755 0.036 0.02108373 0.02281795 0.036 -0.03024047 -0.003913345 0.036 -0.00619976 0.01346383 0.036 -0.0152748 0.01273273 0.036 -0.01669183 0.01412528 0.036 -0.0171893 0.01220181 0.036 0.01769382 0.01651879 0.036 0.01719635 0.01459533 0.036 0.01911085 0.01512624 0.036 0.01577931 0.01598788 0.036 0.005830012 -0.02248138 0.036 -0.03153725 0.004631477 0.036 -0.03202637 0.002716821 0.036 -0.03015923 0.003246239 0.036 -0.003787795 0.01591821 0.036 -0.002370759 0.01452566 0.036 -0.02457591 -0.009487193 0.036 -0.02407845 -0.00756373 0.036 0.008739443 -0.01810354 0.036 -0.003320385 -0.03037543 0.036 -0.0007576992 -0.01359517 0.036 0.02052789 0.01373369 0.036 0.01861338 0.01320278 0.036 0.02003042 0.01181023 0.036 -0.02974659 -0.001993535 0.036 0.002799917 0.007032005 0.036 0.001382881 0.008424554 0.036 0.0008854162 0.006501091 0.036 -0.026543 -0.01716297 0.036 -0.02514874 -0.01857359 0.036 -0.02465127 -0.01665013 0.036 -0.007149385 -0.03143726 0.036 0.001880346 0.01034802 0.036 -0.01982734 -0.01174138 0.036 -0.02174184 -0.01227229 0.036 -0.02032481 -0.01366484 0.036 -0.004782725 0.01207129 0.036 -0.00428526 0.01399475 0.036 -0.008837806 -0.01047936 0.036 -0.009335271 -0.01240282 0.036 -0.007420771 -0.0118719 0.036 -0.01662483 -0.02690681 0.036 -0.01614906 -0.02500542 0.036 -0.01806356 -0.02553634 0.036 -0.006772585 0.004377434 0.036 -0.00344105 0.0035158 0.036 -0.001526549 0.004046714 0.036 0.01597534 -0.01074041 0.036 0.01888477 -0.00636257 0.036 0.01938223 -0.004439107 0.036 0.01746773 -0.004970021 0.036 -0.01940524 -0.01698085 0.036 0.02761306 0.00677095 0.036 0.0290301 0.005378401 0.036 -0.0002602341 -0.01167171 0.036 0.006975662 -0.00430858 0.036 0.006478197 -0.006232043 0.036 0.008392697 -0.005701129 0.036 0.02987431 -0.005100549 0.036 0.03037177 -0.003177086 0.036 0.02845727 -0.003708 0.036 0.03173267 -0.004518888 0.036 0.01553516 0.02824969 0.036 0.01351807 0.02785938 0.036 0.007774636 0.02626628 0.036 0.006357533 0.02765918 0.036 0.005860067 0.02573572 0.036 -0.01706863 -0.02168941 0.036 -0.01898313 -0.02222033 0.036 -0.0175661 -0.02361287 0.036 0.002423116 -0.02878268 0.036 0.02619603 0.008163499 0.036 0.02569856 0.006240036 0.036 -0.0248473 0.01007816 0.036 -0.0267618 0.009547243 0.036 -0.02534476 0.008154695 0.036 0.009538348 0.01247167 0.036 -0.01435523 0.009416717 0.036 -0.01577226 0.01080927 0.036 -0.01626973 0.008885801 0.036 0.01057858 -0.02473557 0.036 0.02732731 -0.01444474 0.036 0.02788445 -0.0127944 0.036 0.02601327 -0.01324075 0.036 0.009236908 -0.01618008 0.036 -0.01473203 -0.02639797 0.036 9.016406e-06 -0.03122936 0.036 -0.00190335 -0.03176797 0.036 0.02278913 0.001862196 0.036 0.0232866 0.003785659 0.036 0.0213721 0.003254745 0.036 0.0217942 -0.00198473 0.036 0.0198797 -0.002515644 0.036 0.02129674 -0.003908193 0.036 0.004940497 0.02905173 0.036 0.003025997 0.02852082 0.036 0.004443032 0.02712827 0.036 0.0103072 -0.005170215 0.036 0.008890162 -0.003777666 0.036 0.003644127 -0.003446945 0.036 0.004141592 -0.001523482 0.036 0.002227092 -0.002054396 0.036 0.01612606 0.003585465 0.036 0.01754309 0.002192916 0.036 0.01804056 0.004116379 0.036 0.02194492 0.01234115 0.036 0.01440766 -0.02367376 0.036 0.01632251 -0.02314293 0.036 -0.0218172 -0.01943523 0.036 -0.02040017 -0.02082778 0.036 0.0149351 0.02646683 0.036 -0.01286283 0.01518711 0.036 -0.01477733 0.01465619 0.036 -0.0133603 0.01326364 0.036 -0.003863155 0.008755275 0.036 -0.00336569 0.01067874 0.036 -0.0229328 0.01060907 0.036 -0.02343026 0.008685609 0.036 -0.02151576 0.009216522 0.036 0.0309446 0.005909315 0.036 -0.001827989 -0.02460504 0.036 -0.006923306 -0.009948442 0.036 -0.00550627 -0.01134099 0.036 -0.005008805 -0.009417527 0.036 0.0271156 0.004847487 0.036 0.02661813 0.002924024 0.036 0.02853263 0.003454938 0.036 0.01421156 0.003054551 0.036 -0.0210183 0.01113999 0.036 -0.01960126 0.009747437 0.036 0.01903549 0.007963305 0.036 0.02094999 0.00849422 0.036 0.01953296 0.009886767 0.036 -0.02907386 0.01416728 0.036 -0.0271839 0.01478672 0.036 -0.01932988 -0.009817914 0.036 -0.02074691 -0.008425365 0.036 -0.02124438 -0.01034883 0.036 -0.0156516 -0.02308196 0.036 0.01681955 -0.02121936 0.036 0.02887938 -0.008947474 0.036 0.02937684 -0.007024012 0.036 0.02746234 -0.007554926 0.036 0.01080466 -0.003246752 0.036 0.01130213 -0.001323289 0.036 0.009387629 -0.001854203 0.036 0.01122677 -0.008486227 0.036 0.01314127 -0.007955313 0.036 0.01172423 -0.006562764 0.036 -0.00734541 -0.004708967 0.036 0.02577224 0.01340127 0.036 0.02527645 0.01147951 0.036 0.02462827 -0.004769828 0.036 0.02604531 -0.006162377 0.036 0.02654277 -0.004238914 0.036 -0.0114458 0.01379456 0.036 -0.02748534 -0.01386503 0.036 -0.02890238 -0.01247248 0.036 0.009960453 0.007232198 0.036 0.008543418 0.008624747 0.036 0.006628917 0.008093833 0.036 0.008045953 0.006701284 0.036 0.01967919 0.02421719 0.036 0.01776941 0.02368087 0.036 0.01918342 0.02228868 0.036 -0.009811641 0.03387371 0.036 -0.005928375 -0.006101515 0.036 -0.004013875 -0.005570601 0.036 0.0237087 -0.001453816 0.036 0.02321124 -0.003377279 0.036 0.02512574 -0.002846365 0.036 -0.03008749 0.0104033 0.036 -0.02817883 0.01093979 0.036 -0.02959587 0.01233234 0.036 -0.01997806 -0.02606725 0.036 -0.0194806 -0.02414379 0.036 -0.02606831 -0.01525758 0.036 0.01704563 0.0002694535 0.036 -0.0191038 0.0116709 0.036 0.009809732 -0.007093678 0.036 0.007895233 -0.007624592 0.036 0.009312267 -0.009017139 0.036 -0.00558163 -0.01850393 0.036 -0.005084165 -0.01658047 0.036 -0.006998665 -0.01711138 0.036 -0.009259912 -0.005239881 0.036 0.01669888 0.01267187 0.036 -0.03506287 -0.003780471 0.036 -0.008415701 -0.01571883 0.036 -0.0103302 -0.01624974 0.036 -0.008913166 -0.01764229 0.036 -0.0004109542 -0.02599759 0.036 -0.0065012 -0.01518792 0.036 0.02646741 -0.01140185 0.036 -0.007918236 -0.01379537 0.036 0.0252011 0.004316573 0.036 0.01846266 -0.001123095 0.036 0.0179652 -0.003046558 0.036 -0.02924912 -7.007153e-05 0.036 -0.01515413 -0.0211585 0.036 -0.0137371 -0.02255105 0.036 0.02102535 0.01565716 0.036 0.03541091 -0.0009889516 0.036 -0.01385776 0.01134018 0.036 -0.009832736 -0.01432628 0.036 -0.01124977 -0.01293373 0.036 -0.01174724 -0.0148572 0.036 0.002875277 0.01419494 0.036 0.003372742 0.01611841 0.036 -0.02668644 0.01671018 0.036 0.02972639 -0.01224472 0.036 0.03025654 -0.01032971 0.036 0.02838191 -0.01087094 0.036 0.003297382 0.008955468 0.036 -0.01599834 -0.01067955 0.036 -0.01550088 -0.008756085 0.036 -0.01741538 -0.009287 0.036 0.0160507 -0.003577472 0.036 0.01654816 -0.001654009 0.036 -0.00274756 -0.02128903 0.036 -0.003245025 -0.02321249 0.036 -0.001330524 -0.02268158 0.036 0.000583976 -0.02215066 0.036 0.002001011 -0.02354321 0.036 0.002498476 -0.02161975 0.036 0.01060864 0.02348154 0.036 0.0111061 0.025405 0.036 0.009191604 0.02487409 0.036 0.002031067 0.02467389 0.036 0.002528532 0.02659735 0.036 0.01003581 0.01439514 0.036 -0.005702295 0.0153873 0.036 0.01363873 -0.006031849 0.036 -0.0286763 0.009016331 0.036 -0.01159652 -0.0005313197 0.036 -0.01017948 -0.001923869 0.036 -0.009682014 -4.056833e-07 0.036 0.0222163 -0.007224205 0.036 0.02363334 -0.008616755 0.036 0.02413081 -0.006693291 0.036 -0.02584223 0.006231232 0.036 -0.02442519 0.004838683 0.036 -0.02392773 0.006762146 0.036 -0.01975198 -0.004578439 0.036 -0.01783748 -0.004047525 0.036 -0.01925452 -0.002654976 0.036 -0.0008330593 -0.02075811 0.036 0.008468058 0.001461809 0.036 0.007970592 -0.0004616539 0.036 0.009885093 6.926017e-05 0.036 0.001232161 -0.005901322 0.036 0.003146662 -0.005370408 0.036 0.001729626 -0.003977859 0.036 0.02470363 0.00239311 0.036 -0.01075231 -0.01101027 0.036 0.01761845 0.009355854 0.036 0.01570395 0.008824941 0.036 0.01712099 0.007432391 0.036 -0.02109366 0.003977048 0.036 -0.01917916 0.004507962 0.036 -0.02059619 0.005900511 0.036 0.01980434 -0.009678582 0.036 0.01788984 -0.0102095 0.036 0.01930688 -0.01160205 0.036 -0.01768676 0.01027835 0.036 0.0307597 -0.008407722 0.036 -0.02768137 0.01286326 0.036 -0.0252694 0.01531763 0.036 -0.00535555 0.002984885 0.036 -0.007270051 0.002453971 0.036 -0.0237317 -0.01996614 0.036 -0.02134161 -0.02462028 0.036 -0.004858085 0.004908349 0.036 0.009689137 0.02679712 0.036 0.01160357 0.02732846 0.036 -0.0003355941 -0.01883465 0.036 -0.002250094 -0.01936556 0.036 8.651089e-05 -0.02407412 0.036 -0.01427987 0.01657965 0.036 0.02803517 0.001531475 0.036 0.01532716 -0.02698975 0.036 0.01582466 -0.0250663 0.036 0.01391014 -0.02559721 0.036 0.003719487 0.003715993 0.036 0.004216952 0.005639456 0.036 0.002302452 0.005108542 0.036 0.001804986 0.003185079 0.036 0.001533602 0.02275043 0.036 0.002950637 0.02135788 0.036 0.003448102 0.02328134 0.036 0.02079927 -0.005831656 0.036 0.01053328 0.0163186 0.036 0.008618777 0.01578768 0.036 -0.0009084193 -0.02792105 0.036 -0.01703858 0.02652769 0.036 -0.01512408 0.0270586 0.036 0.005061162 -0.004839494 0.036 -0.02159112 0.002053585 0.036 -0.02017409 0.0006610358 0.036 -0.01967662 0.002584499 0.036 0.02122137 -0.01107113 0.036 0.007397768 -0.009548055 0.036 0.02435689 0.01479552 0.036 0.02385942 0.01287206 0.036 0.02795981 -0.005631463 0.036 -0.02576687 0.01339417 0.036 -0.02427447 0.01916456 0.036 -0.02376342 0.02108451 0.036 0.005980732 -0.008155506 0.036 0.0003879511 0.004577628 0.036 -0.000109514 0.002654165 0.036 0.001006081 -0.02739013 0.036 0.001503546 -0.02546667 0.036 0.02336196 0.0109486 0.036 0.005558627 -0.002916031 0.036 -0.01209398 -0.002454783 0.036 -0.01067695 -0.003847332 0.036 -0.002672199 -0.01412609 0.036 -0.001255164 -0.01551864 0.036 0.0350062 -0.004883756 0.036 -0.000184874 -0.004508773 0.036 -0.01259145 -0.004378246 0.036 -0.01619437 0.01604874 0.036 0.01811592 0.01127932 0.036 0.008965523 0.003385272 0.036 0.0256232 -0.0009229021 0.036 0.02612067 0.001000561 0.036 0.02420617 0.0004696468 0.036 -0.01189796 -0.02918307 0.036 0.02812552 0.01579592 0.036 0.02674124 0.0172218 0.036 0.02627139 0.01532644 0.036 0.03144206 0.007832778 0.036 0.005253919 -0.031556 0.036 0.003323081 -0.032028 0.036 0.02186956 0.005178207 0.036 0.01995506 0.004647294 0.036 0.01195031 0.01492605 0.036 -0.01470197 0.02181913 0.036 -0.01519944 0.01989567 0.036 0.007247047 -0.02387393 0.036 -0.02131974 -0.01751177 0.036 0.002029849 0.03175891 0.036 0.0001919263 0.03130592 0.036 0.03180447 0.002608742 0.036 0.0313667 0.0006698401 0.036 0.03044713 0.003985852 0.036 -0.01642045 -0.005440074 0.036 -0.01592298 -0.003516611 0.036 -0.01492805 0.0003303151 0.036 -0.01684255 -0.000200599 0.036 -0.01542552 -0.001593148 0.036 0.0145583 -0.00934786 0.036 0.01505577 -0.007424398 0.036 -0.01082767 -0.01817321 0.036 -0.0122447 -0.01678066 0.036 -0.02251069 0.005369596 0.036 -0.01841031 -0.01313393 0.036 -0.01890777 -0.01505739 0.036 -0.01699327 -0.01452647 0.036 -0.00466206 -0.02181994 0.036 -0.01109905 0.001392143 0.036 -0.009184549 0.001923057 0.036 -0.01060159 0.003315606 0.036 0.02202028 0.01950408 0.036 0.02393478 0.020035 0.036 0.003840152 -0.03017523 0.036 0.001925651 -0.03070615 0.036 0.01853802 0.006039843 0.036 -0.01366174 -0.01538811 0.036 -0.01676719 0.006962339 0.036 -0.01868169 0.006431425 0.036 -0.01726466 0.005038876 0.036 -0.01818423 0.008354888 0.036 -0.02009873 0.007823974 0.036 -0.004164595 -0.01989648 0.036 -0.02082227 -0.0155883 0.036 0.001111496 0.0279899 0.036 0.02696488 -0.00947839 0.036 0.006704278 0.01525677 0.036 -0.01251609 0.002784692 0.036 -0.01201862 0.004708155 0.036 0.01535721 0.02122735 0.036 0.01394017 0.0226199 0.036 0.01344271 0.02069644 0.036 0.01677424 0.0198348 0.036 0.01727171 0.02175827 0.036 0.02485435 0.01671898 0.036 -0.02626433 0.01147071 0.036 -0.02266141 -0.008956279 0.036 -0.02231467 -0.02135869 0.036 0.01662352 0.005508928 0.036 0.01528185 0.01406441 0.036 0.006282172 0.02049625 0.036 0.008196672 0.02102716 0.036 0.006779637 0.02241971 0.036 -0.01711394 0.01936475 0.036 -0.0156969 0.0179722 0.036 -0.01661647 0.02128821 0.036 0.001081441 -0.0202272 0.036 0.02244238 0.01426461 0.036 -0.02875166 0.001853391 0.036 0.01540496 -0.01982744 0.036 -0.03097173 0.01353955 0.036 -0.01423456 -0.02447451 0.036 -0.01331499 -0.02779052 0.036 -0.01281753 -0.02586706 0.036 0.01038256 0.001992723 0.036 0.01179959 0.0006001742 0.036 0.01229706 0.002523637 0.036 -0.01194326 0.01187109 0.036 0.01476676 -0.02880945 0.036 0.004412977 -0.02108883 0.036 -0.00366713 -0.01797301 0.036 -0.001752629 -0.0174421 0.036 -0.003169665 -0.01604955 0.036 0.007164726 -0.03101177 0.036 -0.007842875 -0.00663243 0.036 0.005483267 -0.01007897 0.036 0.004985802 -0.01200243 0.036 0.006900302 -0.01147152 0.036 0.0107293 -0.01040969 0.036 0.01620142 0.0107484 0.036 -0.0195259 0.01691037 0.036 -0.01810887 0.01551783 0.036 -0.0176114 0.01744129 0.036 0.005362602 0.02381226 0.036 0.003945567 0.02520481 0.036 -0.03116363 -0.0006009856 0.036 0.0275377 -0.000391988 0.036 0.02704024 -0.002315451 0.036 0.02895474 -0.001784537 0.036 -0.01393312 0.004177241 0.036 0.01685822 0.02696666 0.036 0.02767836 0.01392365 0.036 0.004066232 -0.008686419 0.036 0.003514163 -0.0352073 0.036 0.003222022 0.00179253 0.036 0.001307521 0.001261616 0.036 0.002724556 -0.0001309331 0.036 -0.00642584 -0.00802498 0.036 -0.008340341 -0.008555893 0.036 -0.009757377 -0.007163343 0.036 0.003990872 -0.01584936 0.036 0.02037716 -0.0005921814 0.036 0.02087463 0.001331282 0.036 0.01896013 0.0008003675 0.036 0.01145285 0.01300259 0.036 0.008272446 0.02818797 0.036 -0.02917377 0.007092866 0.036 -0.02967123 0.005169404 0.036 -0.02775673 0.005700317 0.036 0.01443764 0.02454337 0.036 0.01585467 0.02315082 0.036 0.01635214 0.02507428 0.036 -0.03163955 -0.002502535 0.036 0.0005386713 0.0189035 0.036 0.001955706 0.01751095 0.036 0.002453172 0.01943442 0.036 -0.02615949 0.01851933 0.036 -0.02454027 0.02552917 0.036 -0.000531619 0.00789364 0.036 -0.001948654 0.009286187 0.036 -0.002446119 0.007362726 0.036 -0.01167188 -0.007694258 0.036 -0.01025484 -0.009086806 0.036 0.0126438 -0.009878776 0.036 -0.01400848 -0.002985697 0.036 0.01555323 -0.005500936 0.036 0.01697027 -0.006893485 0.036 0.01202567 0.02208899 0.036 0.003915512 -0.02301229 0.036 -0.02415381 -0.01472667 0.036 -0.02557084 -0.01333412 0.036 0.01823914 -0.02261257 0.036 -0.01343566 0.006100704 0.036 -0.01535016 0.00556979 0.036 0.01485974 0.01930389 0.036 0.009659013 -0.02141955 0.036 -0.02477194 0.01724109 0.036 -0.007767516 0.0005305084 0.036 0.02171884 -0.009147668 0.036 0.0326362 -0.0006580842 0.036 -0.01244073 0.00994763 0.036 0.02045252 0.006570756 0.036 -0.01833495 -0.005970988 0.036 -0.01522412 -0.03197194 0.036 -0.01634509 0.001722864 0.036 -0.01776212 0.003115413 0.036 -0.01825959 0.00119195 0.036 0.01945759 0.00272383 0.036 -0.00657656 -0.02235085 0.036 0.007699208 0.0191037 0.036 0.007201743 0.01718023 0.036 0.009116241 0.01771115 0.036 0.02263841 -0.01246368 0.036 0.02072391 -0.01299459 0.036 0.01689521 -0.0140565 0.036 0.01831194 -0.01544897 0.036 -0.02166648 -0.005109353 0.036 -0.02116902 -0.00318589 0.036 -0.02308352 -0.003716804 0.036 -0.02273677 -0.01611922 0.036 -0.02683716 0.002384305 0.036 -0.02542012 0.0009917566 0.036 0.01874939 -0.02069241 0.036 0.0173317 -0.0192997 0.036 0.008166616 -0.02718994 0.036 0.008664083 -0.02526648 0.036 0.006749582 -0.02579739 0.036 0.02505037 -0.0100093 0.036 -0.009606656 0.007162532 0.036 -0.003105872 0.03207658 0.036 -0.001722574 0.030775 0.036 0.02443225 0.02195846 0.036 -0.00473742 -0.02898288 0.036 0.03128565 -0.006491624 0.036 -0.02300816 0.003446134 0.036 -0.002868224 0.0126022 0.036 -0.001104444 -0.001192761 0.036 0.008814802 -0.0109406 0.036 0.0164728 -0.008816947 0.036 0.02293985 0.01618807 0.036 0.02152282 0.01758062 0.036 0.02343731 0.01811153 0.036 0.005287242 0.01664932 0.036 0.01294524 0.01877298 0.036 -0.006003735 -0.01326445 0.036 -0.0045867 -0.014657 0.036 0.009040883 0.01054821 0.036 0.01436228 0.01738043 0.036 -0.001029084 0.005970177 0.036 -0.0006823391 -0.006432236 0.036 0.0007346961 -0.007824785 0.036 0.001654266 -0.0111408 0.036 0.002151731 -0.009217334 0.036 0.000237231 -0.009748248 0.036 0.003568767 -0.01060988 0.036 -0.01117441 -0.005770795 0.036 -0.01734002 -0.002124062 0.036 -0.01316427 -0.01346465 0.036 -0.01266681 -0.01154118 0.036 0.01095538 0.01107912 0.036 0.01286988 0.01161004 0.036 0.01244778 0.01684951 0.036 0.01386481 0.01545696 0.036 -0.02400309 -0.0004007923 0.036 -0.02258605 -0.001793341 0.036 -0.02208859 0.0001301218 0.036 -0.006079095 -0.02042739 0.036 -0.01860633 0.01359436 0.036 0.01152821 0.02016553 0.036 0.02313588 -0.01054022 0.036 0.007051023 0.002854358 0.036 0.005136522 0.002323444 0.036 0.006553557 0.000930895 0.036 -0.01420451 0.02374259 0.036 -0.03066616 0.001322477 0.036 0.01045792 0.009155661 0.036 0.003870207 0.01804187 0.036 -0.01293819 0.008024167 0.036 -0.01485269 0.007493253 0.036 -0.01052623 0.01047854 0.036 -0.009109191 0.009085995 0.036 -0.02271788 -0.02329515 0.036 -0.02089763 -0.02275124 0.036 -0.0151795 -0.02827057 0.036 0.001036136 0.02082697 0.036 0.0128992 -0.02939695 0.036 0.01341266 -0.02752066 0.036 0.0003125911 -0.00258531 0.036 0.02022644 -0.01491806 0.036 0.01880941 -0.01352551 0.036 0.008694139 0.02295062 0.036 0.01782527 -0.01737523 0.036 0.009161548 -0.02334302 0.036 0.02286449 0.009025133 0.036 0.02477899 0.009556046 0.036 0.02455291 -0.01193277 0.036 0.0005086159 -0.0293136 0.036 -0.00282292 -0.02845196 0.036 -0.001405884 -0.02984451 0.036 -0.02323424 -0.01804268 0.036 0.004292312 0.01280239 0.036 -0.01584762 0.003646327 0.036 -0.01010412 0.005239069 0.036 -0.008687084 0.00384652 0.036 0.001608962 0.02991337 0.036 0.01187495 0.007763112 0.036 -0.03207536 -0.004362828 0.036 -0.006154455 -0.02759033 0.036 -0.03072705 -0.005825671 0.036 -0.002943584 0.005439262 0.036 0.0008100561 -0.0006618472 0.036 -0.0006069791 0.0007307017 0.036 -0.001601909 -0.003116224 0.036 0.004639057 0.0003999809 0.036 -0.001179804 -0.0083557 0.036 -0.003094305 -0.008886613 0.036 -0.01216934 -0.009617721 0.036 0.01470902 0.004978014 0.036 0.01520649 0.006901477 0.036 0.01336735 0.0135335 0.036 0.01478438 0.01214095 0.036 0.006056092 -0.000992568 0.036 0.02144745 0.01041768 0.036 -0.02825419 0.003776855 0.036 0.02554784 -0.00808584 0.036 -0.0008030041 0.02745899 0.036 -0.0003055388 0.02938245 0.036 0.004789777 0.01472586 0.036 0.003794847 0.01087893 0.036 0.01210058 0.02925147 0.036 0.01826808 0.02560001 0.036 0.004563697 -0.006762957 0.036 0.03213428 -0.002595677 0.036 0.03084465 -0.001242852 0.036 0.03175924 0.009704233 0.036 -0.01351102 -0.001062234 0.036 -0.01875705 -0.0007315131 0.036 -0.02067155 -0.001262427 0.036 0.01739237 -0.01213296 0.036 0.009613708 0.01963461 0.036 0.01103074 0.01824206 0.036 -0.00749613 -0.01903484 0.036 0.007277102 0.02434317 0.036 -0.02223931 -0.01419575 0.036 0.007473127 -0.002385117 0.036 0.002649196 -0.007293871 0.036 0.003523462 0.03044428 0.036 0.0294522 0.000138926 0.036 -0.01443059 0.002253778 0.036 -0.01102369 0.00855508 0.036 0.0130206 0.02593591 0.036 -0.02725926 0.00762378 0.036 -0.005853015 0.001061422 0.036 0.0124931 -0.02420465 0.036 0.03231046 0.00453 0.036 -0.02698788 -0.01194157 0.036 0.01256844 -0.01704171 0.036 -0.002099374 -0.005039687 0.036 -0.002596839 -0.00696315 0.036 -0.00451134 -0.007494064 0.036 0.004488337 -0.01392589 0.036 0.003071301 -0.01253335 0.036 -0.01308891 -0.006301709 0.036 -0.01450595 -0.00490916 0.036 0.01378945 0.008294026 0.036 0.01428692 0.01021749 0.036 0.01237242 0.009686575 0.036 -0.02358098 -0.005640267 0.036 0.005332547 -0.02440484 0.036 0.007548488 0.004777821 0.036 0.005633987 0.004246907 0.036 0.006131452 0.00617037 0.036 -0.0233549 0.01584855 0.036 -0.02385237 0.01392508 0.036 -0.01883241 -0.007894451 0.036 -0.02024945 -0.006501902 0.036 -0.02285744 0.01777201 0.036 0.008772049 0.03010087 0.036 0.01069938 0.03056839 0.036 -0.00436062 0.006831811 0.036 -0.02201323 0.00729306 0.036 -0.02350562 0.001522671 0.036 0.004865137 0.02188879 0.036 -0.02216395 -0.007032816 0.036 0.02994967 0.002062389 0.036 -0.01152116 0.006631618 0.036 -0.03249512 0.0008683791 0.036 -0.02186024 0.02161835 0.036 -0.02235997 0.01969547 0.036 -0.03025872 -0.0110913 0.036 0.02917501 -0.01411621 0.036 -0.02492266 0.00291522 0.036 -0.0216369 -0.02802566 0.036 -0.01408384 -0.01014863 0.036 -0.01507877 -0.01399556 0.036 0.002377812 0.01227148 0.036 -0.03058609 0.008484199 0.036 0.01018646 0.02872094 0.036 -0.02840491 -0.01054902 0.036 0.0109884 -0.02993275 0.036 -0.02132686 0.02352239 0.036 -0.01301355 0.0008612292 0.036 -0.02002337 0.01498691 0.036 0.02214095 -0.01438714 0.036 0.02428153 0.007632585 0.036 0.01065394 -0.01757263 0.036 0.005754107 -0.02964235 0.036 0.01252314 0.02401245 0.036 -0.0231911 0.02292782 0.036 0.006252011 -0.02772047 0.036 0.01627678 0.01791134 0.036 -0.0136771 -0.02960293 0.036 0.02236703 0.007101671 0.036 -0.02785563 -0.01580016 0.036 -0.02981183 -0.009158366 0.036 -0.01791284 -0.01121046 0.036 0.01011117 0.02155807 0.036 -0.01902844 0.01883384 0.036 -0.01500341 -0.006832623 0.036 0.00141538 -0.03258343 0.036 0.004714417 0.007562919 0.036 0.02030181 -0.007755119 0.036 0.0183873 -0.008286034 0.036 -0.01358638 -0.008225172 0.036 -0.0137824 0.01850312 0.036 -0.02633969 0.004307768 0.036 0.01329199 0.006370563 0.036 -0.0312599 -0.00774327 0.036 0.004367672 0.01996533 0.036 0.005784707 0.01857278 0.036 -0.0214404 0.01637946 0.036 -0.02193787 0.014456 0.036 0.01279452 0.0044471 0.036 -0.02052083 0.01306345 0.036 0.02534721 0.01863777 0.036 -0.01889243 0.02598109 0.036 -0.01691791 -0.007363537 0.036 0.02271377 -0.005300742 0.036 -0.01458131 -0.0120721 0.036 -0.02434983 0.01200162 0.036 0.02378406 0.005709122 0.036 -0.01853097 0.0207573 0.036 -0.01649581 -0.01260301 0.036 -0.03108748 0.006561749 0.036 0.01868828 0.02036563 0.036 -0.02243533 0.01253253 0.036 0.02229167 -6.126729e-05 0.036 -0.02094294 0.01830292 0.036 0.01590498 -0.01790464 0.036 -0.0204451 0.02022629 0.036 0.01398687 -0.01843462 0.036 -0.02932299 -0.007226859 0.036 -0.009455935 0.0214884 0.036 0.03181626 -0.01542272 0.036 0.002571412 -0.0337117 0.036 0.03351619 -0.00378652 0.036 -0.008071258 -0.03480452 0.036 -0.01169292 0.03333364 0.036 -0.03287278 0.01306418 0.036 0.03383127 -0.001889365 0.036 0.03522849 -0.00296704 0.036 0.01617882 0.02969346 0.036 -0.03377444 0.002317784 0.036 -0.02015418 -0.02754394 0.036 -0.02839543 -0.01762562 0.036 0.02262574 -0.01746225 0.036 0.02674545 -0.02373006 0.036 0.0007727756 -0.03398352 0.036 0.001573814 -0.0353063 0.036 0.01123129 0.03213502 0.036 0.00218874 0.03331657 0.036 0.02592541 0.02206063 0.036 0.02644025 0.02352003 0.036 0.03353778 0.01022007 0.036 0.01254194 0.03307038 0.036 -0.02583579 0.02420828 0.036 -0.0137762 0.03082951 0.036 0.02578198 -0.01472502 0.036 -0.03209991 0.01482087 0.036 -0.01346499 0.03264662 0.036 -0.02744094 0.0194876 0.036 -0.02154628 -0.02633644 0.036 -0.0292508 -0.01644758 0.036 0.003369324 0.03568567 0.036 -0.03536871 0.001763354 0.036 -0.03176754 -0.0166687 0.036 -0.02432934 0.02398474 0.036 -0.01388299 -0.0311542 0.036 0.03409801 -9.429889e-05 0.036 0.01586721 -0.02988794 0.036</float_array>
          <technique_common>
            <accessor count="2802" source="#cubeverts-array2-array" stride="3">
              <param type="float" name="X" />
              <param type="float" name="Y" />
              <param type="float" name="Z" />
            </accessor>
          </technique_common>
        </source>
        <source id="cubenormals-array2">
          <float_array count="16800" id="cubenormals-array2-array">0 0 -1 0 0 -1 0 -0 -1 0 0 -1 0 0 -1 0 -0 -1 0 0 -1 0 -0 -1 0 -0 -1 0 -0 -1 0 0 -1 0 0 -1 0 0 -1 0 0 -1 0 0 -1 0 0 -1 0 0 -1 0 0 -1 -0 0 -1 0 0 -1 0 0 -1 -0 0 -1 -0 0 -1 0 -0 -1 -0 0 -1 0 0 -1 0 0 -1 0 0 -1 0 -0 -1 0 0 -1 0 -0 -1 0 0 -1 0 0 -1 0 0 -1 0 0 -1 0 0 -1 0 0 -1 -0 0 -1 0 0 -1 0 0 -1 0 -0 -1 0 0 -1 0 0 -1 0 0 -1 0 0 -1 0 0 -1 -0 0 -1 0 0 -1 0 -0 -1 0 0 -1 0 0 -1 0 0 -1 0 0 -1 0 -0 -1 0 0 -1 0 0 -1 0 0 -1 0 0 -1 -0 0 -1 -0 0 -1 0 0 -1 0 0 -1 0 0 -1 0 0 -1 0 0 -1 -0 0 -1 0 0 -1 0 0 -1 0 0 -1 0 0 -1 -0 0 -1 0 0 -1 0 0 -1 0 0 -1 0 0 -1 -0 0 -1 -0 0 -1 -0 0 -1 0 0 -1 0 0 -1 0 0 -1 -0 0 -1 0 -0 -1 -0 0 -1 0 0 -1 0 -0 -1 -0 0 -1 0 -0 -1 0 0 -1 0 0 -1 0 0 -1 0 -0 -1 0 0 -1 0 -0 -1 -0 0 -1 0 0 -1 0 0 -1 0 0 -1 0 0 -1 0 0 -1 0 0 -1 0 0 -1 -0 0 -1 0 0 -1 0 0 -1 -0 0 -1 0 0 -1 0 0 -1 0 0 -1 0 0 -1 -0 0 -1 0 0 -1 0 -0 -1 0 0 -1 0 0 -1 0 0 -1 0 0 -1 0 0 -1 0 0 -1 0 -0 -1 0 0 -1 -0 0 -1 -0 0 -1 0 0 -1 0 0 -1 0 0 -1 0 0 -1 0 -0 -1 0 0 -1 0 0 -1 0 0 -1 -0 0 -1 0 0 -1 -0 0 -1 0 0 -1 0 0 -1 0 0 -1 -0 0 -1 0 0 -1 0 0 -1 0 -0 -1 -0 0 -1 0 0 -1 0 -0 -1 -0 0 -1 0 0 -1 0 0 -1 0 0 -1 0 0 -1 0 0 -1 0 0 -1 0 -0 -1 0 0 -1 0 0 -1 0 0 -1 0 0 -1 0 0 -1 0 -0 -1 0 0 -1 0 0 -1 0 0 -1 0 0 -1 -0 0 -1 0 0 -1 0 0 -1 0 0 -1 0 0 -1 0 -0 -1 0 0 -1 0 0 -1 0 0 -1 -0 0 -1 0 0 -1 0 0 -1 -0 0 -1 0 0 -1 0 -0 -1 -0 0 -1 0 0 -1 0 -0 -1 0 0 -1 0 0 -1 0 0 -1 0 0 -1 0 -0 -1 0 0 -1 0 0 -1 0 -0 -1 0 0 -1 0 0 -1 0 0 -1 -0 0 -1 0 0 -1 -0 0 -1 0 0 -1 0 -0 -1 0 0 -1 0 0 -1 0 -0 -1 0 0 -1 0 0 -1 0 -0 -1 0 0 -1 0 0 -1 0 0 -1 0 -0 -1 0 0 -1 0 0 -1 0 0 -1 0 -0 -1 0 0 -1 0 0 -1 0 -0 -1 0 -0 -1 -0 0 -1 0 0 -1 0 0 -1 -0 0 -1 -0 0 -1 0 0 -1 0 0 -1 0 0 -1 0 0 -1 -0 0 -1 0 -0 -1 0 -0 -1 0 0 -1 0 0 -1 0 0 -1 0 0 -1 0 0 -1 0 0 -1 0 0 -1 0 0 -1 0 0 -1 0 0 -1 0 0 -1 0 0 -1 0 0 -1 -0 0 -1 -0 0 -1 0 0 -1 -0 0 -1 -0 0 -1 0 0 -1 -0 0 -1 0 0 -1 0 0 -1 0 0 -1 0 0 -1 0 0 -1 0 0 -1 0 0 -1 0 -0 -1 0 0 -1 0 0 -1 0 -0 -1 0 0 -1 0 0 -1 0 0 -1 0 -0 -1 0 0 -1 0 0 -1 0 -0 -1 0 0 -1 0 0 -1 0 0 -1 0 0 -1 -0 0 -1 -0 0 -1 0 0 -1 -0 0 -1 0 0 -1 0 0 -1 0 0 -1 0 0 -1 0 0 -1 0 0 -1 0 0 -1 0 0 -1 0 0 -1 -0 0 -1 0 0 -1 0 0 -1 0 0 -1 0 0 -1 0 0 -1 0 -0 -1 0 0 -1 0 0 -1 0 -0 -1 0 0 -1 -0 0 -1 -0 0 -1 0 0 -1 0 0 -1 -0 0 -1 -0 0 -1 -0 0 -1 0 0 -1 -0 0 -1 0 0 -1 -0 0 -1 0 0 -1 0 -0 -1 0 0 -1 0 0 -1 0 0 -1 0 -0 -1 -0 0 -1 0 0 -1 0 0 -1 0 0 -1 -0 0 -1 0 0 -1 0 0 -1 0 0 -1 0 0 -1 0 0 -1 0 0 -1 0 0 -1 0 -0 -1 0 -0 -1 0 0 -1 0 -0 -1 0 0 -1 0 0 -1 0 -0 -1 0 0 -1 0 0 -1 0 -0 -1 -0 0 -1 0 0 -1 -0 0 -1 0 0 -1 0 0 -1 -0 0 -1 0 0 -1 0 0 -1 0 0 -1 0 0 -1 0 -0 -1 -0 0 -1 0 0 -1 0 0 -1 0 0 -1 0 0 -1 -0 0 -1 0 0 -1 0 0 -1 0 0 -1 0 0 -1 0 0 -1 0 0 -1 0 0 -1 0 0 -1 0 0 -1 0 0 -1 0 0 -1 0 0 -1 -0 0 -1 0 0 -1 0 0 -1 0 -0 -1 0 -0 -1 0 0 -1 0 0 -1 0 0 -1 -0 0 -1 0 0 -1 -0 0 -1 0 0 -1 0 0 -1 0 0 -1 -0 0 -1 0 0 -1 0 0 -1 0 0 -1 0 0 -1 0 0 -1 0 0 -1 0 -0 -1 0 0 -1 -0 0 -1 -0 0 -1 0 0 -1 -0 0 -1 -0 0 -1 0 0 -1 0 -0 -1 0 -0 -1 0 0 -1 0 0 -1 0 0 -1 -0 0 -1 0 -0 -1 0 0 -1 0 -0 -1 0 0 -1 0 0 -1 0 0 -1 0 0 -1 0 0 -1 0 0 -1 0 0 -1 0 0 -1 0 0 -1 0 0 -1 0 0 -1 0 0 -1 0 0 -1 -0 0 -1 0 0 -1 0 0 -1 -0 0 -1 -0 0 -1 0 0 -1 -0 0 -1 0 0 -1 0 0 -1 0 -0 -1 0 0 -1 0 0 -1 0 0 -1 0 0 -1 0 0 -1 0 0 -1 0 0 -1 0 0 -1 -0 0 -1 0 0 -1 0 0 -1 0 0 -1 0 -0 -1 -0 0 -1 0 0 -1 0 0 -1 0 0 -1 0 -0 -1 0 0 -1 0 0 -1 -0 0 -1 -0 0 -1 -0 0 -1 0 0 -1 0 -0 -1 0 0 -1 0 0 -1 0 0 -1 -0 0 -1 0 0 -1 0 -0 -1 0 0 -1 -0 0 -1 -0 0 -1 0 0 -1 0 0 -1 0 0 -1 0 0 -1 0 0 -1 0 0 -1 0 0 -1 0 0 -1 0 0 -1 0 0 -1 0 0 -1 -0 0 -1 0 0 -1 0 0 -1 0 -0 -1 0 0 -1 0 0 -1 -0 0 -1 0 0 -1 0 0 -1 0 0 -1 -0 0 -1 0 0 -1 0 0 -1 0 -0 -1 0 0 -1 0 0 -1 0 -0 -1 0 0 -1 -0 0 -1 0 0 -1 0 0 -1 0 0 -1 0 0 -1 0 0 -1 0 0 -1 0 0 -1 0 -0 -1 0 -0 -1 0 0 -1 0 0 -1 -0 0 -1 0 0 -1 0 0 -1 0 0 -1 0 0 -1 0 0 -1 0 -0 -1 0 0 -1 -0 0 -1 0 -0 -1 0 -0 -1 -0 0 -1 0 0 -1 0 0 -1 0 -0 -1 -0 0 -1 0 0 -1 0 0 -1 0 0 -1 0 0 -1 -0 0 -1 0 0 -1 0 0 -1 0 0 -1 0 0 -1 0 0 -1 0 0 -1 0 0 -1 0 0 -1 0 -0 -1 0 -0 -1 0 -0 -1 0 0 -1 -0 0 -1 0 0 -1 0 0 -1 0 0 -1 -0 0 -1 0 0 -1 0 -0 -1 -0 0 -1 0 0 -1 0 -0 -1 0 0 -1 0 0 -1 0 0 -1 -0 0 -1 0 0 -1 0 0 -1 -0 0 -1 0 0 -1 0 0 -1 -0 0 -1 -0 0 -1 -0 0 -1 0 0 -1 0 0 -1 0 0 -1 0 0 -1 0 0 -1 -0 0 -1 -0 0 -1 -0 0 -1 0 -0 -1 -0 0 -1 -0 0 -1 0 0 -1 0 0 -1 0 0 -1 0 0 -1 0 0 -1 0 0 -1 0 0 -1 0 -0 -1 0 0 -1 0 0 -1 0 0 -1 0 0 -1 -0 0 -1 0 -0 -1 0 0 -1 0 0 -1 0 0 -1 0 0 -1 0 0 -1 0 0 -1 0 0 -1 0 0 -1 -0 0 -1 0 0 -1 -0 0 -1 0 0 -1 0 0 -1 0 -0 -1 0 -0 -1 0 0 -1 0 0 -1 0 -0 -1 0 0 -1 0 0 -1 0 -0 -1 0 -0 -1 0 0 -1 -0 0 -1 0 0 -1 0 0 -1 0 0 -1 0 0 -1 0 -0 -1 0 0 -1 -0 0 -1 0 0 -1 0 0 -1 0 0 -1 0 0 -1 -0 0 -1 0 -0 -1 0 0 -1 0 0 -1 0 0 -1 0 0 -1 0 0 -1 0 0 -1 0 0 -1 0 0 -1 0 0 -1 -0 0 -1 0 -0 -1 0 0 -1 0 0 -1 0 -0 -1 0 0 -1 0 0 -1 0 0 -1 0 -0 -1 0 0 -1 -0 0 -1 0 0 -1 0 -0 -1 -0 0 -1 0 -0 -1 0 0 -1 0 0 -1 0 -0 -1 0 0 -1 -0 0 -1 0 0 -1 -0 0 -1 -0 0 -1 0 -0 -1 0 0 -1 0 0 -1 0 0 -1 0 -0 -1 0 0 -1 0 0 -1 0 0 -1 0 -0 -1 0 0 -1 0 0 -1 0 0 -1 0 0 -1 0 0 -1 -0 0 -1 0 -0 -1 0 -0 -1 0 0 -1 0 0 -1 0 0 -1 0 0 -1 0 -0 -1 0 0 -1 0 0 -1 0 0 -1 0 0 -1 0 0 -1 0 0 -1 0 0 -1 0 0 -1 0 0 -1 0 0 -1 0 0 -1 -0 0 -1 0 0 -1 -0 0 -1 0 -0 -1 0 -0 -1 0 0 -1 0 0 -1 0 0 -1 -0 0 -1 0 0 -1 0 0 -1 -0 0 -1 -0 0 -1 -0 0 -1 0 -0 -1 0 0 -1 -0 0 -1 0 0 -1 0 0 -1 0 0 -1 0 -0 -1 0 0 -1 0 0 -1 0 0 -1 -0 0 -1 0 0 -1 -0 0 -1 0 0 -1 0 0 -1 0 0 -1 -0 0 -1 0 0 -1 0 0 -1 0 -0 -1 0 0 -1 0 0 -1 0 0 -1 0 0 -1 0 0 -1 0 -0 -1 0 0 -1 0 0 -1 0 0 -1 -0 0 -1 0 -0 -1 0 0 -1 0 0 -1 0 0 -1 0 0 -1 -0 0 -1 0 0 -1 -0 0 -1 0 0 -1 0 -0 -1 0 0 -1 0 0 -1 0 0 -1 -0 0 -1 0 -0 -1 0 0 -1 0 -0 -1 -0 0 -1 0 0 -1 0 0 -1 -0 0 -1 0 0 -1 0 0 -1 0 0 -1 -0 0 -1 0 0 -1 0 0 -1 -0 0 -1 -0 0 -1 0 0 -1 0 0 -1 0 0 -1 0 0 -1 0 0 -1 0 0 -1 0 0 -1 -0 0 -1 0 0 -1 0 0 -1 0 0 -1 0 0 -1 -0 0 -1 0 0 -1 0 -0 -1 0 0 -1 -0 0 -1 0 0 -1 0 0 -1 0 0 -1 0 0 -1 0 0 -1 0 0 -1 0 0 -1 0 -0 -1 0 -0 -1 0 0 -1 0 -0 -1 0 0 -1 -0 0 -1 0 0 -1 0 0 -1 0 -0 -1 0 0 -1 0 0 -1 0 0 -1 0 0 -1 0 0 -1 -0 0 -1 -0 0 -1 -0 0 -1 0 0 -1 0 0 -1 0 0 -1 0 0 -1 0 -0 -1 0 0 -1 0 0 -1 -0 0 -1 0 -0 -1 0 0 -1 0 0 -1 -0 0 -1 0 0 -1 0 -0 -1 0 0 -1 -0 0 -1 0 -0 -1 0 0 -1 -0 0 -1 0 0 -1 0 0 -1 0 -0 -1 0 0 -1 0 0 -1 -0 0 -1 0 0 -1 0 0 -1 0 0 -1 -0 0 -1 0 0 -1 0 -0 -1 0 -0 -1 -0 0 -1 0 0 -1 0 0 -1 0 0 -1 0 0 -1 -0 0 -1 0 0 -1 0 0 -1 0 0 -1 0 0 -1 0 -0 -1 0 -0 -1 -0 0 -1 0 0 -1 0 -0 -1 0 0 -1 0 0 -1 0 0 -1 0 0 -1 0 -0 -1 0 -0 -1 0 -0 -1 0 0 -1 -0 0 -1 0 -0 -1 0 0 -1 0 0 -1 0 0 -1 -0 0 -1 -0 0 -1 0 0 -1 -0 0 -1 0 0 -1 0 0 -1 -0 0 -1 -0 0 -1 0 0 -1 0 -0 -1 0 0 -1 0 0 -1 -0 0 -1 0 0 -1 -0 0 -1 -0 0 -1 0 -0 -1 0 0 -1 0 0 -1 0 0 -1 0 0 -1 0 -0 -1 0 0 -1 -0 0 -1 -0 0 -1 0 0 -1 0 0 -1 0 0 -1 0 -0 -1 -0 0 -1 -0 0 -1 0 0 -1 0 -0 -1 0 -0 -1 0 0 -1 0 0 -1 0 -0 -1 0 0 -1 0 0 -1 0 0 -1 0 -0 -1 0 0 -1 0 0 -1 0 0 -1 0 0 -1 0 0 -1 0 0 -1 0 -0 -1 0 0 -1 0 -0 -1 0 0 -1 0 0 -1 0 -0 -1 0 0 -1 0 -0 -1 0 0 -1 0 0 -1 0 0 -1 0 0 -1 -0 0 -1 0 0 -1 0 0 -1 0 0 -1 0 -0 -1 0 -0 -1 0 0 -1 0 -0 -1 0 0 -1 0 0 -1 -0 0 -1 0 -0 -1 -0 0 -1 0 0 -1 0 0 -1 0 -0 -1 0 0 -1 0 0 -1 0 0 -1 0 0 -1 0 -0 -1 0 0 -1 -0 0 -1 0 -0 -1 0 0 -1 -0 0 -1 -0 0 -1 0 0 -1 -0 0 -1 0 0 -1 0 -0 -1 -0 0 -1 0 0 -1 0 0 -1 0 0 -1 0 -0 -1 0 0 -1 -0 0 -1 0 0 -1 0 0 -1 0 0 -1 0 0 -1 0 0 -1 0 0 -1 0 0 -1 0 -0 -1 0 0 -1 -0 0 -1 0 0 -1 0 0 -1 0 0 -1 -0 0 -1 0 -0 -1 0 0 -1 0 -0 -1 0 0 -1 0 0 -1 0 0 -1 0 0 -1 0 0 -1 -0 0 -1 0 0 -1 0 0 -1 0 0 -1 0 0 -1 0 0 -1 -0 0 -1 0 -0 -1 -0 0 -1 0 0 -1 0 0 -1 0 -0 -1 0 0 -1 0 0 -1 0 0 -1 0 0 -1 0 0 -1 0 0 -1 0 0 -1 0 0 -1 0 -0 -1 0 0 -1 -0 0 -1 0 0 -1 0 0 -1 0 -0 -1 0 -0 -1 0 0 -1 0 0 -1 -0 0 -1 -0 0 -1 0 0 -1 -0 0 -1 0 0 -1 0 -0 -1 0 0 -1 0 0 -1 0 0 -1 0 0 -1 0 0 -1 0 0 -1 0 0 -1 0 0 -1 -0 0 -1 0 0 -1 -0 0 -1 0 0 -1 0 0 -1 -0 0 -1 0 0 -1 0 0 -1 0 0 -1 0 -0 -1 0 0 -1 0 0 -1 0 -0 -1 0 -0 -1 0 0 -1 -0 0 -1 0 -0 -1 0 0 -1 0 0 -1 -0 0 -1 -0 0 -1 0 0 -1 0 -0 -1 0 0 -1 -0 0 -1 0 0 -1 0 -0 -1 0 0 -1 0 0 -1 -0 0 -1 0 0 -1 0 0 -1 -0 0 -1 -0 0 -1 -0 0 -1 0 0 -1 0 0 -1 0 -0 -1 0 -0 -1 0 0 -1 0 0 -1 0 -0 -1 -0 0 -1 0 0 -1 0 0 -1 0 0 -1 -0 0 -1 -0 0 -1 0 0 -1 -0 0 -1 0 -0 -1 -0 0 -1 0 -0 -1 0 0 -1 0 0 -1 0 0 -1 0 0 -1 -0 0 -1 0 0 -1 0 0 -1 0 0 -1 -0 0 -1 0 0 -1 -0 0 -1 0 0 -1 0 0 -1 0 0 -1 0 0 -1 0 -0 -1 0 -0 -1 0 0 -1 0 0 -1 0 0 -1 0 0 -1 0 0 -1 0 0 -1 0 0 -1 0 0 -1 0 0 -1 0 0 -1 0 0 -1 0 0 -1 0 0 -1 0 0 -1 0 -0 -1 0 0 -1 0 -0 -1 0 -0 -1 0 0 -1 0 0 -1 0 0 -1 0 0 -1 -0 0 -1 0 0 -1 0 0 -1 0 0 -1 -0 0 -1 0 0 -1 0 0 -1 0 0 -1 0 0 -1 0 0 -1 0 -0 -1 0 0 -1 0 0 -1 0 -0 -1 0 0 -1 0 0 -1 0 0 -1 0 0 -1 0 -0 -1 -0 0 -1 0 0 -1 0 -0 -1 0 0 -1 0 -0 -1 -0 0 -1 -0 0 -1 -0 0 -1 0 -0 -1 0 0 -1 0 0 -1 0 0 -1 0 -0 -1 0 0 -1 0 0 -1 0 0 -1 -0 0 -1 0 -0 -1 0 0 -1 -0 0 -1 0 0 -1 0 0 -1 0 0 -1 0 0 -1 0 0 -1 -0 0 -1 0 0 -1 -0 0 -1 0 -0 -1 -0 0 -1 0 0 -1 0 0 -1 -0 0 -1 0 0 -1 0 0 -1 0 0 -1 0 0 -1 0 0 -1 0 0 -1 0 0 -1 0 0 -1 0 0 -1 0 0 -1 -0 0 -1 -0 0 -1 0 0 -1 0 0 -1 0 0 -1 0 0 -1 0 0 -1 0 0 -1 0 0 -1 0 0 -1 0 0 -1 0 0 -1 0 0 -1 0 0 -1 0 -0 -1 0 0 -1 0 0 -1 0 -0 -1 0 -0 -1 0 0 -1 0 0 -1 0 -0 -1 0 0 -1 0 0 -1 0 0 -1 -0 0 -1 -0 0 -1 -0 0 -1 0 -0 -1 0 0 -1 0 0 -1 -0 0 -1 0 0 -1 -0 0 -1 0 0 -1 0 0 -1 -0 0 -1 -0 0 -1 -0 0 -1 0 0 -1 0 0 -1 0 0 -1 -0 0 -1 0 0 -1 0 0 -1 0 -0 -1 -0 0 -1 -0 0 -1 0 0 -1 0 0 -1 0 0 -1 -0 0 -1 -0 0 -1 0 0 -1 0 0 -1 0 -0 -1 -0 0 -1 0 0 -1 0 -0 -1 -0 0 -1 0 0 -1 -0 0 -1 -0 0 -1 -0 0 -1 -0 0 -1 0 0 -1 0 0 -1 0 0 -1 0 0 -1 0 0 -1 0 0 -1 0 -0 -1 0 0 -1 -0 0 -1 0 0 -1 0 0 -1 -0 0 -1 0 0 -1 0 0 -1 0 0 -1 0 0 -1 0 0 -1 0 0 -1 -0 0 -1 0 0 -1 0 0 -1 0 -0 -1 -0 0 -1 -0 0 -1 0 0 -1 0 0 -1 0 0 -1 0 0 -1 0 0 -1 0 0 -1 0 0 -1 0 0 -1 0 0 -1 0 -0 -1 0 0 -1 -0 0 -1 -0 0 -1 0 0 -1 -0 0 -1 0 0 -1 0 0 -1 0 0 -1 0 0 -1 0 0 -1 0 -0 -1 -0 0 -1 0 0 -1 0 -0 -1 0 0 -1 0 0 -1 0 0 -1 0 0 -1 0 0 -1 0 0 -1 0 0 -1 0 0 -1 0 0 -1 -0 0 -1 0 0 -1 -0 0 -1 0 0 -1 0 0 -1 -0 0 -1 0 0 -1 0 0 -1 0 0 -1 0 0 -1 0 0 -1 -0 0 -1 0 0 -1 0 0 -1 0 0 -1 0 0 -1 0 0 -1 0 0 -1 0 0 -1 0 0 -1 0 0 -1 0 0 -1 0 -0 -1 0 0 -1 0 0 -1 0 -0 -1 0 -0 -1 0 -0 -1 0 0 -1 -0 0 -1 -0 0 -1 0 -0 -1 0 0 -1 0 0 -1 0 0 -1 0 0 -1 0 0 -1 0 0 -1 0 0 -1 0 0 -1 0 0 -1 0 -0 -1 0 0 -1 0 0 -1 0 0 -1 0 0 -1 -0 0 -1 -0 0 -1 0 -0 -1 0 0 -1 0 0 -1 0 -0 -1 0 -0 -1 -0 0 -1 0 -0 -1 0 -0 -1 0 -0 -1 0 0 -1 0 0 -1 0 0 -1 -0 0 -1 0 0 -1 0 0 -1 0 0 -1 0 0 -1 0 0 -1 0 0 -1 -0 0 -1 0 0 -1 0 -0 -1 -0 0 -1 0 0 -1 -0 0 -1 0 -0 -1 0 0 -1 0 -0 -1 -0 0 -1 0 0 -1 0 0 -1 0 0 -1 0 0 -1 -0 0 -1 0 -0 -1 0 0 -1 0 0 -1 0 0 -1 -0 0 -1 0 0 -1 0 0 -1 0 0 -1 0 0 -1 0 0 -1 0 0 -1 0 -0 -1 0 -0 -1 0 0 -1 -0 0 -1 -0 0 -1 0 -0 -1 0 -0 -1 0 -0 -1 0 0 -1 -0 0 -1 0 0 -1 0 -0 -1 0 0 -1 -0 0 -1 0 -0 -1 0 0 -1 0 0 -1 0 0 -1 0 0 -1 0 0 -1 0 0 -1 -0 0 -1 0 0 -1 0 -0 -1 0 0 -1 0 -0 -1 -0 0 -1 0 0 -1 0 -0 -1 0 0 -1 0 0 -1 0 0 -1 0 0 -1 0 0 -1 0 0 -1 -0 0 -1 0 0 -1 0 0 -1 -0 0 -1 0 0 -1 0 -0 -1 0 0 -1 0 -0 -1 0 0 -1 0 -0 -1 -0 0 -1 0 -0 -1 0 0 -1 0 0 -1 0 0 -1 0 -0 -1 0 0 -1 -0 0 -1 0 0 -1 0 0 -1 -0 0 -1 0 0 -1 0 0 -1 0 0 -1 0 0 -1 0 0 -1 0 0 -1 0 0 -1 0 0 -1 0 0 -1 0 0 -1 -0 0 -1 0 0 -1 0 0 -1 0 -0 -1 -0 0 -1 0 0 -1 0 -0 -1 0 0 -1 0 0 -1 -0 0 -1 -0 0 -1 0 0 -1 0 0 -1 0 -0 -1 0 0 -1 0 0 -1 -0 0 -1 0 0 -1 0 0 -1 -0 0 -1 0 -0 -1 0 -0 -1 0 0 -1 0 0 -1 0 -0 -1 0 -0 -1 0 0 -1 0 0 -1 0 -0 -1 0 0 -1 0 0 -1 0 0 -1 0 0 -1 -0 0 -1 -0 0 -1 -0 0 -1 0 0 -1 0 0 -1 0 0 -1 0 0 -1 0 -0 -1 0 -0 -1 0 0 -1 0 0 -1 0 0 -1 0 -0 -1 0 0 -1 0 0 -1 0 0 -1 -0 0 -1 0 -0 -1 0 0 -1 0 0 -1 -0 0 -1 0 0 -1 0 0 -1 0 0 -1 0 0 -1 0 0 -1 0 0 -1 0 0 -1 0 0 -1 0 0 -1 0 0 -1 0 0 -1 0 0 -1 0 0 -1 0 0 -1 0 -0 -1 0 0 -1 0 -0 -1 0 0 -1 0 -0 -1 0 0 -1 0 0 -1 0 0 -1 0 0 -1 0 0 -1 0 0 -1 0 -0 -1 0 0 -1 0 0 -1 0 0 -1 -0 0 -1 -0 0 -1 0 -0 -1 0 0 -1 0 0 -1 -0 0 -1 0 0 -1 0 0 -1 0 0 -1 0 0 -1 0 0 -1 -0 0 -1 0 0 -1 0 0 -1 0 0 -1 0 0 -1 0 0 -1 -0 0 -1 0 0 -1 0 0 -1 0 -0 -1 0 0 -1 0 0 -1 0 -0 -1 0 0 -1 0 0 -1 0 0 -1 0 0 -1 0 0 -1 0 0 -1 0 0 -1 0 0 -1 -0 0 -1 -0 0 -1 -0 0 -1 0 0 -1 0 0 -1 0 0 -1 0 0 -1 0 0 -1 0 0 -1 0 0 -1 0 0 -1 0 -0 -1 0 -0 -1 0 0 -1 0 -0 -1 0 0 -1 0 0 -1 0 0 -1 0 0 -1 0 0 -1 0 0 -1 -0 0 -1 0 -0 -1 0 0 -1 0 -0 -1 0 0 -1 0 0 -1 -0 0 -1 0 -0 -1 0 0 -1 0 0 -1 0 0 -1 0 0 -1 0 0 -1 0 0 -1 -0 0 -1 0 -0 -1 0 0 -1 0 0 -1 0 0 -1 0 -0 -1 0 0 -1 -0 0 -1 0 0 -1 0 0 -1 -0 0 -1 0 0 -1 0 0 -1 0 0 -1 0 -0 -1 0 0 -1 -0 0 -1 0 0 -1 0 0 -1 -0 0 -1 0 0 -1 0 0 -1 0 0 -1 -0 0 -1 0 -0 -1 0 0 -1 0 0 -1 0 0 -1 0 0 -1 0 -0 -1 0 0 -1 0 0 -1 0 0 -1 0 -0 -1 0 -0 -1 -0 0 -1 0 0 -1 0 0 -1 0 0 -1 0 0 -1 0 0 -1 -0 0 -1 0 0 -1 0 0 -1 0 0 -1 0 0 -1 0 0 -1 0 0 -1 0 -0 -1 -0 0 -1 0 0 -1 -0 0 -1 0 0 -1 0 0 -1 0 0 -1 0 -0 -1 0 0 -1 0 0 -1 0 -0 -1 0 -0 -1 0 0 -1 0 0 -1 0 0 -1 0 0 -1 0 0 -1 0 0 -1 0 0 -1 0 -0 -1 -0 0 -1 -0 0 -1 0 0 -1 0 0 -1 0 0 -1 0 -0 -1 0 0 -1 0 0 -1 0 0 -1 0 0 -1 0 -0 -1 0 0 -1 0 0 -1 0 0 -1 0 0 -1 0 -0 -1 0 0 -1 0 0 -1 0 0 -1 0 -0 -1 0 0 -1 -0 0 -1 0 0 -1 0 -0 -1 -0 0 -1 0 0 -1 0 0 -1 -0 0 -1 0 -0 -1 0 0 -1 0 0 -1 0 0 -1 0 0 -1 0 0 -1 0 0 -1 0 0 -1 0 -0 -1 0 0 -1 0 0 -1 0 -0 -1 -0 0 -1 0 0 -1 0 0 -1 0 0 -1 0 0 -1 0 -0 -1 0 0 -1 -0 0 -1 0 0 -1 0 0 -1 0 0 -1 0 0 -1 0 -0 -1 0 0 -1 0 0 -1 0 0 -1 0 0 -1 0 0 -1 0 0 -1 0 -0 -1 0 0 -1 -0 0 -1 0 0 -1 0 0 -1 0 0 -1 0 0 -1 0 0 -1 0 -0 -1 0 -0 -1 0 0 -1 0 0 -1 0 0 -1 0 0 -1 0 0 -1 0 0 -1 0 0 -1 0 0 -1 0 0 -1 0 -0 -1 -0 0 -1 0 0 -1 0 0 -1 0 0 -1 0 0 -1 0 0 -1 0 0 -1 0 0 -1 0 0 -1 0 -0 -1 0 0 -1 0 0 -1 0 0 -1 0 0 -1 0 0 -1 0 0 -1 0 -0 -1 -0 0 -1 0 0 -1 0 0 -1 0 0 -1 0 0 -1 0 0 -1 0 0 -1 -0 0 -1 0 0 -1 0 0 -1 0 0 -1 0 0 -1 0 0 -1 0 0 -1 0 -0 -1 0 0 -1 0 -0 -1 -0 0 -1 0 -0 -1 0 0 -1 0 0 -1 0 0 -1 0 0 -1 0 0 -1 0 0 -1 0 0 -1 0 -0 -1 0 0 -1 0 0 -1 0 -0 -1 0 0 -1 0 0 -1 -0 0 -1 -0 0 -1 0 -0 -1 0 0 -1 0 0 -1 0 0 -1 0 -0 -1 0 0 -1 0 0 -1 0 -0 -1 0 -0 -1 -0 0 -1 0 0 -1 -0 0 -1 -0 0 -1 0 0 -1 0 0 -1 0 0 -1 0 0 -1 0 0 -1 0 -0 -1 0 0 -1 0 0 -1 0 0 -1 0 0 -1 0 -0 -1 0 0 -1 0 0 -1 0 0 -1 -0 0 -1 0 0 -1 0 0 -1 -0 0 -1 0 0 -1 0 -0 -1 0 0 -1 0 0 -1 0 -0 -1 0 -0 -1 0 0 -1 0 0 -1 0 0 -1 0 0 -1 0 -0 -1 0 0 -1 0 0 -1 0 0 -1 0 0 -1 -0 0 -1 0 0 -1 -0 0 -1 0 0 -1 0 0 -1 0 0 -1 0 0 -1 0 0 -1 0 0 -1 0 0 -1 0 0 -1 0 -0 -1 0 0 -1 0 0 -1 0 0 -1 0 0 -1 0 0 -1 0 0 -1 0 0 -1 0 0 -1 0 0 -1 0 0 -1 -0 0 -1 0 0 -1 0 -0 -1 0 0 -1 0 0 -1 0 0 -1 0 0 -1 0 -0 -1 0 -0 -1 0 -0 -1 0 0 -1 0 0 -1 0 0 -1 0 0 -1 -0 0 -1 0 0 -1 0 0 -1 0 0 -1 0 -0 -1 0 0 -1 0 -0 -1 0 0 -1 0 0 -1 0 0 -1 0 0 -1 0 0 -1 0 0 -1 0 0 -1 0 0 -1 0 0 -1 -0 0 -1 0 0 -1 0 0 -1 -0 0 -1 0 -0 -1 0 -0 -1 0 0 -1 -0 0 -1 0 0 -1 0 0 -1 0 0 -1 0 -0 -1 0 0 -1 0 0 -1 0 -0 -1 0 0 -1 0 0 -1 0 0 -1 0 0 -1 0 0 -1 -0 0 -1 0 0 -1 0 0 -1 0 -0 -1 0 0 -1 0 0 -1 0 0 -1 0 0 -1 -0 0 -1 -0 0 -1 0 0 -1 0 0 -1 0 -0 -1 0 0 -1 -0 0 -1 0 0 -1 0 0 -1 -0 0 -1 0 0 -1 0 -0 -1 -0 0 -1 0 -0 -1 0 0 -1 0 -0 -1 0 0 -1 -0 0 -1 0 0 -1 0 0 -1 -0 0 -1 0 0 -1 0 0 -1 -0 0 -1 0 0 -1 0 0 -1 0 0 -1 0 -0 -1 0 0 -1 0 0 -1 0 0 -1 -0 0 -1 0 0 -1 0 0 -1 0 -0 -1 0 -0 -1 0 0 -1 0 0 -1 0 0 -1 0 0 -1 -0 0 -1 0 0 -1 -0 0 -1 0 -0 -1 0 -0 -1 0 -0 -1 0 -0 -1 0 -0 -1 0 -0 -1 -0 0 -1 0 0 -1 0 0 -1 -0 0 -1 0 -0 -1 0 -0 -1 -0 0 -1 -0 0 -1 0 0 -1 0 0 -1 0 -0 -1 0 -0 -1 0 0 -1 0 0 -1 0 -0 -1 0 -0 -1 0 0 -1 0 0 -1 0 0 -1 0 0 -1 0 0 -1 0 -0 -1 -0 0 -1 0 0 -1 -0 0 -1 0 0 -1 0 0 -1 0 -0 -1 -0 0 -1 0 0 -1 0 0 -1 0 0 -1 0 -0 -1 0 0 -1 0 -0 -1 0 -0 -1 0 -0 -1 0 0 -1 0 0 -1 0 0 -1 0 0 -1 0 0 -1 0 0 -1 -0 0 -1 0 0 -1 0 0 -1 0 0 -1 0 0 -1 0 0 -1 -0 0 -1 -0 0 -1 0 0 -1 0 0 -1 0 0 -1 0 0 -1 0 0 -1 0 0 -1 0 0 -1 0 0 -1 0 0 -1 0 0 -1 -0 0 -1 -0 0 -1 0 0 -1 -0 0 -1 0 0 -1 -0 0 -1 0 0 -1 0 -0 -1 0 0 -1 -0 0 -1 0 -0 -1 0 0 -1 -0 0 -1 -0 0 -1 0 0 -1 0 0 -1 -0 0 -1 0 0 -1 0 -0 -1 0 0 -1 0 0 -1 0 0 -1 0 0 -1 0 -0 -1 -0 0 -1 0 0 -1 0 0 -1 -0 0 -1 0 0 -1 0 -0 -1 0 0 -1 0 0 -1 -0 0 -1 0 0 -1 -0 0 -1 0 0 -1 0 0 -1 0 0 -1 0 -0 -1 -0 0 -1 0 0 -1 -0 0 -1 0 -0 -1 0 0 -1 0 0 -1 0 0 -1 0 0 -1 0 0 -1 0 0 -1 0 -0 -1 0 0 -1 0 -0 -1 -0 0 -1 -0 0 -1 0 -0 -1 0 0 -1 0 0 -1 0 0 -1 0 0 -1 0 0 -1 0 0 -1 0 0 -1 0 -0 -1 0 0 -1 0 0 -1 0 0 -1 0 0 -1 0 -0 -1 0 0 -1 0 -0 -1 0 -0 -1 0 0 -1 0 0 -1 0 0 -1 0 0 -1 0 0 -1 0 0 -1 0 0 -1 -0 0 -1 0 0 -1 0 0 -1 0 0 -1 0 0 -1 0 0 -1 -0 0 -1 0 -0 -1 0 0 -1 -0 0 -1 0 0 -1 0 0 -1 0 0 -1 0 0 -1 0 0 -1 0 0 -1 0 0 -1 0 0 -1 -0 0 -1 0 0 -1 -0 0 -1 0 0 -1 0 0 -1 0 -0 -1 -0 0 -1 0 0 -1 0 0 -1 0 0 -1 0 -0 -1 0 0 -1 0 0 -1 0 0 -1 -0 0 -1 0 0 -1 0 0 -1 0 -0 -1 0 0 -1 0 0 -1 0 0 -1 0 0 -1 0 0 -1 0 0 -1 0 -0 -1 -0 0 -1 0 0 -1 -0 0 -1 0 0 -1 0 0 -1 0 0 -1 0 -0 -1 0 0 -1 0 0 -1 0 0 -1 -0 0 -1 0 0 -1 0 0 -1 0 -0 -1 0 0 -1 0 0 -1 -0 0 -1 0 0 -1 0 0 -1 0 -0 -1 0 0 -1 0 0 -1 0 0 -1 0 0 -1 0 -0 -1 0 0 -1 0 -0 -1 0 0 -1 0 0 -1 0 0 -1 0 0 -1 0 0 -1 0 -0 -1 0 0 -1 0 0 -1 0 0 -1 -0 0 -1 -0 0 -1 -0 0 -1 0 -0 -1 0 -0 -1 0 0 -1 0 0 -1 -0 0 -1 0 0 -1 0 0 -1 0 0 -1 -0 0 -1 0 0 -1 0 -0 -1 0 0 -1 0 0 -1 0 0 -1 0 0 -1 0 -0 -1 0 0 -1 0 0 -1 0 0 -1 0 -0 -1 0 0 -1 0 0 -1 0 0 -1 0 0 -1 0 0 -1 0 0 -1 -0 0 -1 0 -0 -1 0 0 -1 0 0 -1 -0 0 -1 0 0 -1 0 -0 -1 0 0 -1 0 0 -1 0 0 -1 0 0 -1 0 0 -1 -0 0 -1 0 0 -1 0 -0 -1 0 0 -1 0 0 -1 0 0 -1 0 0 -1 0 0 -1 0 0 -1 0 0 -1 0 0 -1 0 0 -1 0 0 -1 0 -0 -1 0 0 -1 0 0 -1 0 0 -1 0 0 -1 0 -0 -1 -0 0 -1 0 0 -1 -0 0 -1 0 0 -1 0 0 -1 0 0 -1 0 -0 -1 -0 0 -1 0 0 -1 0 0 -1 0 0 -1 0 -0 -1 0 0 -1 0 0 -1 0 -0 -1 0 0 -1 0 -0 -1 0 0 -1 0 0 -1 0 0 -1 0 -0 -1 0 -0 -1 0 -0 -1 0 0 -1 -0 0 -1 0 0 -1 0 0 -1 0 0 -1 0 0 -1 -0 0 -1 0 0 -1 0 0 -1 0 0 -1 0 0 -1 0 0 -1 -0 0 -1 0 -0 -1 0 0 -1 -0 0 -1 0 0 -1 -0 0 -1 0 0 -1 0 0 -1 0 0 -1 -0 0 -1 0 -0 -1 0 0 -1 0 0 -1 -0 0 -1 0 -0 -1 0 0 -1 0 0 -1 0 0 -1 0 0 -1 0 0 -1 0 0 -1 0 0 -1 0 0 -1 0 -0 -1 0 0 -1 0 0 -1 -0 0 -1 0 0 -1 -0 0 -1 0 -0 -1 0 0 -1 0 0 -1 -0 0 -1 -0 0 -1 0 0 -1 -0 0 -1 0 0 -1 0 0 -1 -0 0 -1 0 0 -1 0 -0 -1 0 0 -1 0 0 -1 0 0 -1 0 0 -1 0 0 -1 -0 0 -1 -0 0 -1 -0 0 -1 0 0 -1 0 0 -1 0 0 -1 0 -0 -1 0 0 -1 0 0 -1 -0 0 -1 0 -0 -1 -0 0 -1 0 0 -1 0 0 -1 0 0 -1 0 -0 -1 0 0 -1 0 0 -1 0 0 -1 0 0 -1 0 -0 -1 0 0 -1 0 0 -1 0 0 -1 0 0 -1 0 0 -1 -0 0 -1 0 -0 -1 -0 0 -1 0 0 -1 0 0 -1 0 0 -1 0 -0 -1 0 -0 -1 -0 0 -1 0 0 -1 -0 0 -1 0 0 -1 -0 0 -1 0 0 -1 0 -0 -1 0 0 -1 -0 0 -1 -0 0 -1 -0 0 -1 0 0 -1 0 0 -1 0 0 -1 0 0 -1 -0 0 -1 0 0 -1 -0 0 -1 0 0 -1 -0 0 -1 0 0 -1 -0 0 -1 0 0 -1 0 0 -1 0 -0 -1 0 0 -1 0 0 -1 -0 0 -1 0 0 -1 0 0 -1 0 0 -1 0 -0 -1 0 0 -1 -0 0 -1 -0 0 -1 0 0 -1 0 0 -1 0 0 -1 0 0 -1 0 -0 -1 -0 0 -1 0 0 -1 0 -0 -1 0 0 -1 -0 0 -1 0 0 -1 0 -0 -1 0 0 -1 0 -0 -1 0 -0 -1 0 0 -1 0 0 -1 0 0 -1 0 -0 -1 0 0 -1 -0 0 -1 0 -0 -1 0 0 -1 0 0 -1 0 -0 -1 0 0 -1 0 0 -1 0 0 -1 0 0 -1 0 0 -1 -0 0 -1 0 -0 -1 0 -0 -1 0 0 -1 0 -0 -1 0 0 -1 0 0 -1 0 0 -1 0 0 -1 0 -0 -1 0 -0 -1 -0 0 -1 0 0 -1 0 0 -1 0 0 -1 0 0 -1 0 0 -1 0 0 -1 -0 0 -1 0 0 -1 0 0 -1 0 0 -1 -0 0 -1 0 -0 -1 -0 0 -1 0 0 -1 0 0 -1 0 0 -1 0 -0 -1 -0 0 -1 0 -0 -1 0 0 -1 0 0 -1 0 0 -1 0 0 -1 -0 0 -1 0 0 -1 0 0 -1 0 -0 -1 0 0 -1 0 0 -1 0 0 -1 -0 0 -1 0 0 -1 0 0 -1 -0 0 -1 0 0 -1 0 -0 -1 0 0 -1 0 0 -1 0 -0 -1 -0 0 -1 0 0 -1 0 0 -1 0 0 -1 0 -0 -1 0 0 -1 0 0 -1 0 -0 -1 0 -0 -1 0 0 -1 0 0 -1 0 0 -1 0 -0 -1 0 -0 -1 0 0 -1 0 0 -1 0 0 -1 0 0 -1 0 0 -1 0 0 -1 0 0 -1 0 0 -1 0 0 -1 -0 0 -1 0 0 -1 0 -0 -1 0 0 -1 -0 0 -1 0 0 -1 -0 0 -1 -0 0 -1 0 0 -1 0 0 -1 0 0 -1 0 0 -1 0 -0 -1 -0 0 -1 0 0 -1 0 0 -1 -0 0 -1 0 0 -1 0 0 -1 0 -0 -1 -0 0 -1 0 0 -1 -0 0 -1 0 0 -1 -0 0 -1 0 0 -1 0 0 -1 -0 0 -1 0 0 -1 0 0 -1 -0 0 -1 -0 0 -1 0 0 -1 -0 0 -1 0 -0 -1 0 0 -1 0 0 -1 -0 0 -1 0 0 -1 -0 0 -1 0 0 -1 0 -0 -1 0 0 -1 0 0 -1 0 -0 -1 -0 0 -1 0 0 -1 0 -0 -1 0 -0 -1 -0 0 -1 -0 0 -1 0 0 -1 -0 0 -1 0 0 -1 0 -0 -1 0 0 -1 0 0 -1 0 0 -1 0 0 -1 0 -0 -1 0 0 -1 0 -0 -1 0 0 -1 0.9999098 0.01342815 0 0.9999098 -0.01342774 0 0.9484522 0.3166397 0.01333426 0.9869629 0.1603944 -0.01333671 -0.2523077 0.9675552 -0.01333374 0.01342753 0.9998208 0.01333941 -0.6323885 0.7745366 0.01333103 -0.7484434 0.6630646 0.01333813 -0.9396093 -0.3419887 0.01334207 -0.499952 -0.8659505 0.01333321 0.799372 -0.6006885 -0.01333015 0.6529562 -0.7572781 -0.01334033 -0.3545749 -0.9349326 0.01332892 -0.8152102 -0.5790119 -0.01332429 -0.9995508 0.02684407 0.0133315 -0.9396095 0.3419886 -0.01333864 -0.252308 -0.9675552 0.01332891 0.6926631 0.7211379 -0.01333611 -0.9966688 -0.08045917 -0.01333456 -0.9823001 -0.1868383 0.01334257 -0.5899006 0.8073659 0.01333271 -0.589903 -0.807364 -0.01333409 0.9984696 0.05366969 0.01334142 -0.1471307 0.9890272 0.01333421 0.948452 0.3166402 -0.01333559 0.9869629 0.1603943 0.01333742 -0.2523081 0.967555 0.01333507 0.01342804 0.9998208 -0.01334074 -0.6323885 0.7745366 -0.01333103 -0.7484435 0.6630644 -0.01333925 -0.9396093 -0.3419887 -0.01334349 -0.4999511 -0.865951 -0.01333402 0.652957 -0.7572775 0.01334114 0.7993721 -0.6006883 0.01333178 -0.354575 -0.9349325 -0.01332902 -0.9396094 0.3419886 0.01334007 -0.2523076 -0.9675552 -0.01333002 -0.8152099 -0.5790123 0.01332561 -0.9995508 0.02684397 -0.01333139 0.692663 0.7211381 0.01333773 -0.9966688 -0.08045917 0.01333456 -0.5899007 0.8073658 -0.01333261 -0.9823 -0.1868385 -0.01334297 -0.5899031 -0.807364 0.0133343 0.9984695 0.0536704 -0.01334213 -0.1471307 0.9890272 -0.01333421 0.9966686 0.08046095 -0.01333329 -0.3545783 0.9349312 -0.01333507 -0.7659764 0.6427305 -0.01333398 0.7659786 0.6427277 -0.0133375 -0.9090444 0.4164858 -0.01333856 -0.6113656 0.7912358 -0.01334185 0.404243 0.9145544 0.01333724 0.7303756 -0.6829155 -0.01333439 0.06706969 -0.9976591 -0.01333708 -0.7829558 -0.6219344 -0.01333515 -0.9708562 -0.2392915 0.01333704 0.7484432 0.6630648 0.01333838 0.9300885 0.3670936 0.01333387 0.872584 0.4882819 -0.01333709 0.06706958 0.9976591 0.01333775 -0.6926626 0.7211385 -0.01332932 0.2781949 -0.960432 -0.0133408 0.970856 0.2392922 -0.01333339 -0.8853768 -0.4646828 -0.01333484 0.9198977 0.3919317 -0.01333556 -0.5230219 0.8522149 0.01333577 0.9396088 0.3419903 -0.01333696 -0.8591579 0.5115367 0.01333974 0.8152085 0.5790141 0.01332896 -0.9941491 0.1071897 -0.01333899 -0.9769297 0.2131449 -0.01333339 0.4999554 0.8659485 -0.01333266 -0.06706969 0.9976591 -0.01333831 0.3038763 0.9526183 -0.01332501 0.9909133 0.1338399 0.01333357 -0.9941491 -0.1071898 0.01333831 -0.7993744 0.6006854 0.01333374 -0.3293413 0.9441167 0.01334371 0.04026408 0.9991001 -0.01332937 -0.999911 0 -0.01333881 0.09383305 0.9954986 -0.01333566 0.652956 0.7572783 -0.01334159 -0.1736335 0.98472 -0.01334016 0.589902 0.8073648 -0.01332966 0.4999554 -0.8659485 0.01333297 0.2000091 0.9797034 0.01332674 -0.7993743 -0.6006853 0.01334075 -0.2781949 0.9604321 0.0133382 -0.4286525 0.903371 -0.01333641 -0.3293412 -0.9441167 -0.01334778 -0.3038746 0.9526188 -0.01332676 -0.9640813 -0.2652721 -0.01333506 -0.7303732 -0.6829182 -0.01333308 -0.8152084 0.5790143 -0.01332967 -0.6529533 -0.7572807 -0.01333963 -0.2262387 -0.9739805 -0.01334355 0.5680178 0.8229082 0.01333477 0.3545783 -0.9349313 0.01333501 0.04026408 -0.9991001 0.01332935 0.1736335 -0.9847199 -0.01334383 0.2262387 0.9739805 -0.01334195 0.6730542 0.739473 0.01333209 0.01342776 -0.9998209 -0.01333879 0.2000091 -0.9797034 0.01332674 -0.6926626 -0.7211386 0.01332851 0.7117734 -0.7022824 0.01334125 0.9640813 -0.2652721 0.01333859 -0.1205273 -0.9926204 -0.01333799 0.9396088 -0.3419903 0.01333992 0.8975338 -0.4407439 -0.01334256 -0.9484526 0.3166385 0.01333268 0.4527533 -0.891536 -0.01334035 -0.452755 -0.8915352 0.01334143 -0.06706968 -0.9976591 0.01333708 -0.8725842 0.4882817 -0.01333492 -0.9640813 0.2652721 -0.01333875 0.3545783 0.9349313 -0.01333501 -0.3795464 0.9250767 0.01332975 0.589902 -0.8073647 -0.0133391 0.9300877 -0.3670954 -0.013332 0.8451144 -0.5344192 0.01333076 -0.4765286 0.8790578 0.01333537 -0.9090444 -0.4164858 0.01333379 -0.8451143 0.5344194 -0.01333093 -0.4286524 -0.903371 -0.01333353 -0.4765286 -0.8790579 -0.01333068 -0.9869629 0.1603941 0.01333821 -0.8853768 0.4646828 0.01333121 -0.4999551 0.8659487 -0.01333268 0.8451144 0.5344192 0.01333076 0.872584 -0.4882819 0.01333485 0.830462 -0.5569155 -0.01333877 0.6926602 -0.7211409 -0.01333156 0.3038763 -0.9526183 0.01332501 0.7829582 0.6219314 0.01333295 0.8304603 0.5569181 -0.0133418 0.9909132 -0.1338399 0.0133318 0.8591579 -0.5115367 -0.01333981 -0.1736335 -0.9847199 0.01334458 0.4286525 0.903371 -0.01333405 0.8152085 -0.5790141 0.01333589 0.9708561 -0.2392922 -0.01333217 0.1471294 0.9890274 0.01333152 0.2523084 0.967555 0.01333005 0.4527533 0.891536 0.01333801 -0.9708558 0.239293 0.01333298 0.3795465 -0.9250767 -0.0133297 0.1205273 -0.9926204 -0.01333565 -0.01342776 -0.9998209 0.01333879 -0.7659763 -0.6427305 0.01333493 0.5457166 0.8378636 -0.01333904 0.9966686 -0.08046094 0.01333318 0.986963 -0.1603941 -0.01333669 0.9198977 -0.3919317 0.01333566 0.404243 -0.9145544 0.01333734 0.6323886 0.7745366 0.01333022 0.9995507 -0.02684401 0.01333096 0.9823001 -0.1868385 0.01333776 0.2523084 -0.967555 0.01333005 -0.8304603 0.5569181 0.01334226 -0.9300877 -0.3670954 -0.01333246 0.09383305 -0.9954986 0.01333545 -0.04026408 -0.9991001 -0.01332935 0.9566109 -0.2910633 -0.01333491 -0.5680178 -0.8229082 0.01333346 0.9984696 -0.05367072 -0.01333962 0.9941491 -0.1071898 -0.01333622 0.7484432 -0.6630648 0.01333025 0.6730542 -0.739473 0.01333272 0.1471294 -0.9890274 0.01333011 -0.9769297 -0.2131449 -0.01333015 0.3293412 -0.9441167 -0.01334369 0.8975338 0.4407439 0.01334022 0.5457166 -0.8378636 0.01333944 0.2262387 -0.9739805 -0.01334195 0.5230219 -0.8522149 -0.01333512 0.5230219 0.8522149 0.01333477 0.7993725 0.6006877 -0.01333584 0.3293412 0.9441167 0.01334369 0.1736333 0.98472 -0.01334399 0.9941493 0.1071885 -0.01333747 0.9941491 0.1071897 0.01333717 0.3795453 0.9250771 -0.01333087 0.909045 0.4164847 -0.01333367 0.1205276 0.9926204 0.01333655 0.3795476 0.9250762 0.01333087 -0.8975327 0.4407462 0.01333978 -0.9566111 0.2910625 -0.01333634 -0.8975342 -0.440743 0.01334033 0.4765297 0.8790573 -0.0133362 0.909044 0.4164869 0.01333367 0.1205264 0.9926205 -0.01333706 -0.9909133 0.1338402 0.01333248 -0.2000091 -0.9797034 -0.01332779 0.4765286 -0.8790578 -0.01333518 -0.7829573 0.6219323 -0.01334078 -0.8975345 -0.4407424 -0.01333992 -0.9566108 0.2910634 0.01333675 -0.6730545 -0.7394726 0.01334041 -0.782958 0.6219316 0.01334037 -0.9909132 0.133841 -0.01333227 -0.8975329 0.4407459 -0.01333845 0.4765285 -0.8790578 0.01333721 0.2781961 0.9604316 -0.01334202 0.8591579 0.5115367 -0.01333981 0.8591579 0.5115367 0.01334205 -0.6730543 -0.7394728 -0.01333909 0.8853769 0.4646828 0.01333319 0.9090444 -0.4164858 0.01333482 0.6113665 0.7912351 0.01334163 -0.2000081 -0.9797036 0.01332739 0.4765275 0.8790584 0.0133362 -0.404243 0.9145544 0.01333958 -0.1471299 -0.9890273 -0.01333069 0.2781937 0.9604323 0.01334202 0.8853769 -0.4646828 -0.0133309 0.4286524 -0.903371 -0.01333415 0.5680148 -0.8229104 -0.01333141 0.9769298 -0.2131437 0.01333462 0.9484522 -0.3166397 0.01333342 -0.4527532 0.8915361 0.01334021 -0.7484432 -0.6630648 -0.01333728 -0.9823002 0.186838 0.01333821 -0.9198977 -0.3919314 -0.01333718 -0.7117735 -0.7022823 0.01334346 0.4286525 -0.903371 0.01333639 -0.9823 0.186839 -0.01333974 0.9090444 -0.4164858 -0.01333258 0.6113648 0.7912364 -0.01334203 -0.7484431 -0.6630648 0.01333931 -0.404243 0.9145544 -0.01333734 0.9484529 -0.3166374 -0.01333342 -0.0938331 -0.9954987 -0.0133355 0.5680145 -0.8229105 0.01333273 -0.1471291 -0.9890274 0.01333211 0.9769293 -0.2131461 -0.01333462 -0.7117733 -0.7022825 -0.01334152 0.8853769 -0.4646828 0.01333314 -0.09383299 -0.9954986 0.01333784 -0.9198976 -0.391932 0.01333637 0.8853768 0.4646828 -0.01333085 -0.4527535 0.891536 -0.01333828 -0.845117 -0.5344151 -0.01333276 -0.845117 -0.5344151 0.01333357 -0.5230219 -0.8522148 -0.01334107 0.7117735 0.7022825 -0.01333516 0.7117735 0.7022825 0.01333374 -0.5230218 -0.8522149 0.01334086 -0.6529533 0.7572807 0.01333885 -0.8304603 -0.556918 -0.0133465 0.9566108 0.2910633 -0.01333572 -0.8304602 -0.5569181 0.01334568 -0.9300877 0.3670954 0.0133363 -0.8591579 -0.5115367 -0.01333551 -0.6529533 0.7572807 -0.01333885 -0.3795464 -0.9250765 0.01334256 -0.986963 -0.1603941 0.01333465 -0.1205273 0.9926205 0.01333555 -0.9484527 -0.3166386 -0.01332968 -0.5680178 0.8229082 0.01333292 -0.2262387 0.9739805 0.01333954 -0.1205273 0.9926205 -0.01333555 0.6323885 -0.7745366 0.01333398 -0.986963 -0.1603941 -0.01333444 0.9995508 0.02684401 -0.01333138 0.9823 0.1868385 0.01333929 0.9995508 0.02684401 0.01333138 -0.9984695 0.05367072 -0.0133424 -0.9984695 -0.05367072 -0.01333956 -0.01342776 0.9998208 -0.01333964 -0.9984695 -0.05367072 0.01333956 -0.9984695 0.05367072 0.01334219 0.9823001 0.1868385 -0.0133399 -0.01342776 0.9998208 0.01334045 -0.6113657 -0.7912359 -0.01333817 -0.9300877 0.3670954 -0.01333772 -0.9484526 -0.3166385 0.01333111 0.7829581 -0.6219314 0.01333874 -0.2781949 -0.9604319 0.01334508 0.7829581 -0.6219313 -0.01334016 -0.2781949 -0.9604319 -0.01334427 -0.3795464 -0.9250765 -0.01334236 -0.5680179 0.8229082 -0.01333313 -0.2262387 0.9739805 -0.01334036 0.6323885 -0.7745366 -0.01333378 -0.859158 -0.5115367 0.01333469 -0.7303731 0.6829182 0.01333237 -0.6113656 -0.7912358 0.01333796 0.9566108 0.2910634 0.01333653 -0.7303732 0.6829181 -0.01333155 0.9966686 0.08046094 0.01333471 0.7659787 0.6427275 0.01333913 0.404243 0.9145543 -0.01333968 -0.7659763 0.6427305 0.0133354 -0.6113656 0.7912358 0.01334185 -0.3545782 0.9349312 0.01333741 0.652956 0.7572782 0.01334332 -0.9090444 0.4164858 0.01333754 0.7484432 0.6630648 -0.01333981 -0.4527554 -0.8915349 -0.01334275 0.4999554 0.8659484 0.0133351 0.01342776 -0.9998208 0.01334123 0.589902 0.8073647 0.0133321 0.1736335 -0.9847199 0.01334627 0.8152085 0.5790141 -0.0133314 -0.8853768 -0.4646828 0.01333382 -0.7993743 -0.6006852 -0.01334258 0.9198976 0.3919317 0.013338 -0.6926626 0.7211385 0.01332932 0.970856 0.2392922 0.01333339 0.9909133 0.1338399 -0.01333439 -0.9941491 0.1071897 0.01333798 0.3038763 0.9526182 0.01332745 0.9396088 0.3419903 0.01333879 -0.3038749 0.9526187 0.0133289 -0.9941491 -0.1071898 -0.01333831 -0.5230219 0.8522149 -0.01333719 -0.999911 0 0.01333881 -0.06706969 0.9976591 0.01333831 0.4999554 -0.8659484 -0.0133348 -0.1736335 0.98472 0.01334016 0.04026408 0.9991001 0.0133312 -0.8152087 0.579014 0.01333069 0.872584 0.4882819 0.01333485 -0.7993743 0.6006854 -0.01333435 -0.3293412 0.9441166 -0.01334615 -0.9708561 -0.2392919 -0.01333805 -0.2781949 0.960432 -0.01334003 -0.2262387 -0.9739805 0.01334498 -0.9769295 0.2131449 0.01333583 -0.7829558 -0.6219343 0.01333698 -0.9640813 -0.2652721 0.01333649 0.09383304 0.9954987 0.01333728 0.2000091 0.9797034 -0.01332918 -0.4286524 0.903371 0.01333417 0.5680178 0.8229082 -0.01333722 -0.499955 0.8659487 0.01333421 0.2262387 0.9739805 0.0133444 0.9300883 0.3670939 -0.01333601 0.8975338 -0.4407439 0.01334032 0.8304602 0.5569181 0.01334414 0.7303754 -0.6829157 0.01333652 -0.4765286 0.8790578 -0.01333699 0.06706946 0.9976591 -0.01333948 0.3795463 -0.9250767 0.01333204 0.4286525 0.903371 0.01333649 -0.7303733 -0.6829183 0.01333084 0.3545783 -0.9349312 -0.01333745 -0.4765286 -0.8790578 0.01333251 -0.9484525 0.3166385 -0.0133341 -0.6529533 -0.7572807 0.01333861 0.04026408 -0.9991001 -0.01333179 -0.8451146 0.5344189 0.01333286 0.2000091 -0.9797034 -0.01332918 -0.04026408 -0.9991001 0.01333179 -0.8591578 0.5115367 -0.01334218 0.5230219 0.8522149 -0.01333721 -0.5680179 -0.8229082 -0.01333367 0.8975338 0.4407439 -0.01334266 -0.3293412 -0.9441167 0.01334778 0.3545783 0.9349312 0.01333745 0.5457166 0.8378636 0.01334148 0.7117735 -0.7022824 -0.01334369 0.2781949 -0.9604319 0.01334324 0.872584 -0.4882819 -0.01333709 -0.06706968 -0.9976591 -0.01333953 -0.9869629 0.1603941 -0.0133376 -0.9769297 -0.2131449 0.01333076 -0.6926627 -0.7211385 -0.01333014 -0.3795464 0.9250766 -0.01333199 0.4527533 0.891536 -0.01334045 0.9396088 -0.3419903 -0.01334237 0.6730542 -0.739473 -0.01333455 0.5457166 -0.8378636 -0.01334107 -0.9090444 -0.4164858 -0.01333359 -0.8725839 0.4882821 0.01333696 0.8451144 -0.5344191 -0.013333 0.404243 -0.9145544 -0.01333958 -0.7659763 -0.6427304 -0.01333676 -0.1205273 -0.9926204 0.01333575 0.6730542 0.739473 -0.01333392 -0.4286525 -0.903371 0.01333435 -0.9300877 -0.3670954 0.01333388 0.9941491 -0.1071897 0.01333866 0.2523084 -0.967555 -0.01333249 -0.1736335 -0.9847199 -0.01334519 0.9966686 -0.08046094 -0.01333562 0.7484432 -0.6630649 -0.01333207 0.2523084 0.967555 -0.01333249 0.9566109 -0.2910634 0.01333735 0.4527533 -0.8915361 0.01333811 0.06706967 -0.9976591 0.01333953 0.7993727 0.6006875 0.01333797 0.9995507 -0.02684401 -0.0133334 0.9984695 -0.05367072 0.01334207 -0.01342776 -0.9998208 -0.01334123 0.7829582 0.6219314 -0.01333479 0.8451144 0.5344191 -0.013333 0.970856 -0.2392922 0.01333461 -0.9708561 0.2392921 -0.0133345 0.1471294 0.9890274 -0.01333213 0.8152084 -0.5790141 -0.01333772 0.09383304 -0.9954986 -0.01333789 0.9909133 -0.1338399 -0.01333425 0.9823 -0.1868385 -0.0133402 0.8304622 -0.5569153 0.01334081 0.1205273 -0.9926203 0.01333809 0.3038763 -0.9526182 -0.01332745 0.1471294 -0.9890274 -0.01333255 -0.8304603 0.5569181 -0.01334369 0.589902 -0.8073647 0.01333808 -0.9640813 0.2652721 0.01333936 0.6323885 0.7745366 -0.01333185 0.9300877 -0.3670953 0.01333434 0.6926603 -0.7211407 0.01333369 -0.8853769 0.4646828 -0.01333283 0.9198976 -0.3919317 -0.01333789 0.1736343 0.9847198 0.01334552 0.8591579 -0.5115367 0.01334205 0.5230218 -0.8522149 0.01333685 0.9640813 -0.2652721 -0.01334104 0.9869629 -0.1603941 0.01333913 0.3293413 0.9441166 -0.01334613 0.2262387 -0.9739805 0.0133444 0.3293413 -0.9441166 0.01334613 -0.09383356 0.9954985 0.01333718 -0.6323876 -0.7745374 0.01333291 -0.545718 0.8378628 -0.013341 -0.990913 -0.1338414 -0.01333441 -0.9995507 -0.02684395 0.01333287 0.7303703 0.6829212 -0.01333493 -0.9966685 0.08046184 0.01333323 -0.3038769 -0.9526181 0.01332359 -0.9198977 0.3919316 0.01333328 -0.8725822 -0.4882852 0.01333822 -0.4042495 -0.9145516 0.01333304 0.6113671 -0.7912347 0.01333666 0.765974 -0.6427332 -0.01333869 -0.54572 -0.8378614 -0.01333894 -0.956611 -0.2910625 0.01333902 -0.7117733 0.7022825 0.01334225 -0.6730541 0.7394729 0.01334004 -0.04026434 0.9991001 0.01333031 -0.200008 0.9797036 0.0133324 0.9769295 0.2131451 0.01333441 0.9640813 0.2652719 0.01333963 -0.09383356 0.9954985 -0.01333718 -0.5457175 0.837863 0.01334181 -0.6323873 -0.7745376 -0.0133323 -0.9909131 -0.1338413 0.01333431 -0.9995507 -0.02684395 -0.01333287 0.7303703 0.6829212 0.01333636 -0.9966685 0.08046144 -0.01333262 -0.9198977 0.3919318 -0.01333206 -0.3038765 -0.9526182 -0.01332399 -0.8725821 -0.4882853 -0.0133373 -0.4042497 -0.9145514 -0.01333355 0.6113677 -0.7912344 -0.01333626 0.7659738 -0.6427333 0.01334031 -0.54572 -0.8378614 0.01333914 -0.956611 -0.2910625 -0.01334045 -0.7117735 0.7022822 -0.01334266 -0.6730541 0.7394729 -0.01334004 -0.04026393 0.9991001 -0.01333072 -0.2000076 0.9797037 -0.013332 0.9769295 0.2131454 -0.0133341 0.9640812 0.2652723 -0.01334003 0 -0 1 0 0 1 0 0 1 -0 0 1 0 0 1 0 0 1 0 -0 1 -0 0 1 0 0 1 -0 0 1 -0 0 1 -0 0 1 0 0 1 0 0 1 0 0 1 0 0 1 0 -0 1 0 0 1 0 0 1 0 -0 1 0 0 1 0 0 1 0 -0 1 0 0 1 0 0 1 0 0 1 0 0 1 0 0 1 -0 0 1 0 0 1 0 0 1 0 -0 1 0 -0 1 0 -0 1 0 0 1 0 -0 1 0 -0 1 0 0 1 0 0 1 0 -0 1 0 0 1 0 0 1 0 0 1 0 -0 1 0 -0 1 0 0 1 -0 0 1 0 0 1 -0 0 1 0 -0 1 0 0 1 0 0 1 0 0 1 0 0 1 0 0 1 0 0 1 0 0 1 0 0 1 0 0 1 0 0 1 -0 0 1 0 -0 1 0 -0 1 -0 0 1 0 0 1 0 0 1 0 0 1 -0 0 1 0 0 1 0 0 1 0 0 1 0 0 1 -0 0 1 0 0 1 0 0 1 0 0 1 0 0 1 0 0 1 0 0 1 0 -0 1 0 0 1 0 0 1 0 -0 1 0 0 1 0 -0 1 0 -0 1 0 0 1 0 0 1 0 0 1 0 0 1 0 0 1 0 0 1 0 0 1 0 -0 1 0 0 1 -0 0 1 0 0 1 0 -0 1 0 0 1 0 0 1 0 0 1 0 0 1 0 0 1 -0 0 1 0 0 1 0 0 1 -0 0 1 0 0 1 0 0 1 -0 0 1 0 0 1 0 0 1 0 -0 1 -0 0 1 0 0 1 -0 0 1 0 -0 1 0 0 1 0 0 1 0 0 1 0 -0 1 -0 0 1 -0 0 1 0 0 1 0 0 1 0 0 1 0 -0 1 0 0 1 0 0 1 0 0 1 0 0 1 0 0 1 0 -0 1 0 0 1 0 0 1 -0 0 1 0 0 1 0 0 1 -0 0 1 0 0 1 0 0 1 0 0 1 0 0 1 0 0 1 0 0 1 -0 0 1 0 0 1 -0 0 1 0 0 1 0 -0 1 0 0 1 -0 0 1 0 0 1 0 0 1 0 0 1 0 -0 1 0 0 1 0 0 1 0 0 1 0 -0 1 -0 0 1 0 0 1 0 0 1 -0 0 1 -0 0 1 -0 0 1 0 -0 1 0 0 1 0 -0 1 0 0 1 0 0 1 -0 0 1 0 -0 1 0 0 1 0 0 1 0 -0 1 0 0 1 -0 0 1 0 0 1 0 -0 1 0 0 1 0 0 1 0 0 1 0 0 1 0 -0 1 0 0 1 0 0 1 0 0 1 -0 0 1 0 -0 1 0 0 1 0 0 1 0 0 1 0 0 1 -0 0 1 0 0 1 0 0 1 0 0 1 0 0 1 0 -0 1 0 0 1 0 0 1 0 0 1 0 0 1 0 0 1 0 0 1 0 0 1 0 0 1 0 0 1 0 -0 1 0 0 1 0 -0 1 0 0 1 -0 0 1 0 0 1 0 0 1 0 0 1 0 -0 1 0 0 1 0 0 1 0 0 1 0 -0 1 -0 0 1 -0 0 1 -0 0 1 0 0 1 0 0 1 -0 0 1 0 0 1 0 -0 1 0 0 1 0 -0 1 0 0 1 0 0 1 0 0 1 0 0 1 0 0 1 0 -0 1 0 -0 1 0 -0 1 0 0 1 0 0 1 0 -0 1 0 0 1 0 0 1 0 0 1 0 0 1 0 0 1 0 0 1 0 0 1 0 -0 1 0 0 1 0 0 1 0 -0 1 0 0 1 0 0 1 0 0 1 0 -0 1 0 0 1 0 -0 1 0 -0 1 0 0 1 0 -0 1 -0 0 1 0 0 1 0 0 1 -0 0 1 0 0 1 0 0 1 0 0 1 0 0 1 0 0 1 0 0 1 0 0 1 0 0 1 0 0 1 0 0 1 0 -0 1 0 0 1 0 -0 1 -0 0 1 0 0 1 0 0 1 -0 0 1 0 0 1 -0 0 1 0 0 1 0 -0 1 0 0 1 0 0 1 0 0 1 0 0 1 -0 0 1 0 0 1 0 0 1 -0 0 1 0 -0 1 -0 0 1 0 -0 1 0 -0 1 0 0 1 0 0 1 0 0 1 0 0 1 0 0 1 0 -0 1 0 0 1 -0 0 1 0 0 1 0 0 1 0 0 1 0 0 1 0 0 1 -0 0 1 0 0 1 0 0 1 0 0 1 0 0 1 0 0 1 0 0 1 -0 0 1 -0 0 1 0 0 1 0 -0 1 -0 0 1 0 0 1 -0 0 1 0 0 1 -0 0 1 0 0 1 0 -0 1 0 0 1 0 0 1 0 0 1 0 -0 1 -0 0 1 -0 0 1 0 0 1 -0 0 1 0 0 1 0 0 1 0 0 1 -0 0 1 0 0 1 0 0 1 0 0 1 0 0 1 0 -0 1 0 0 1 0 -0 1 0 0 1 0 0 1 -0 0 1 0 0 1 0 0 1 0 0 1 0 0 1 0 0 1 -0 0 1 -0 0 1 0 0 1 0 0 1 0 0 1 0 0 1 0 0 1 0 0 1 0 0 1 0 -0 1 0 0 1 0 -0 1 0 -0 1 -0 0 1 0 0 1 0 0 1 0 0 1 -0 0 1 0 0 1 -0 0 1 -0 0 1 0 0 1 0 0 1 0 0 1 -0 0 1 0 0 1 0 0 1 0 0 1 0 -0 1 0 0 1 0 0 1 -0 0 1 0 -0 1 0 0 1 0 -0 1 0 0 1 -0 0 1 0 0 1 0 0 1 0 -0 1 0 -0 1 0 0 1 0 0 1 0 0 1 0 0 1 0 0 1 0 0 1 0 0 1 0 0 1 0 0 1 0 0 1 0 0 1 0 0 1 0 0 1 0 0 1 0 -0 1 0 0 1 0 -0 1 -0 0 1 0 0 1 0 0 1 0 -0 1 0 0 1 0 0 1 0 0 1 0 -0 1 0 0 1 -0 0 1 0 0 1 0 0 1 0 0 1 0 0 1 0 0 1 0 0 1 -0 0 1 0 0 1 0 0 1 0 -0 1 -0 0 1 -0 0 1 0 0 1 -0 0 1 0 0 1 0 0 1 0 0 1 0 0 1 0 0 1 0 0 1 0 -0 1 0 -0 1 -0 0 1 0 -0 1 0 -0 1 0 0 1 0 0 1 0 0 1 0 0 1 -0 0 1 -0 0 1 0 0 1 0 0 1 0 0 1 0 0 1 0 -0 1 0 0 1 0 0 1 0 0 1 0 0 1 0 0 1 0 0 1 0 0 1 0 0 1 0 0 1 0 0 1 0 0 1 0 0 1 -0 0 1 0 0 1 0 -0 1 0 0 1 0 0 1 0 0 1 0 0 1 0 0 1 0 0 1 0 0 1 0 -0 1 0 0 1 0 0 1 0 0 1 0 -0 1 0 -0 1 0 0 1 0 -0 1 -0 0 1 0 0 1 0 -0 1 0 0 1 0 0 1 0 0 1 -0 0 1 0 0 1 0 0 1 -0 0 1 0 0 1 0 0 1 0 0 1 0 0 1 0 0 1 -0 0 1 0 -0 1 0 0 1 0 -0 1 0 0 1 0 -0 1 0 -0 1 0 -0 1 -0 0 1 0 0 1 0 -0 1 0 0 1 -0 0 1 0 -0 1 -0 0 1 0 -0 1 0 -0 1 0 0 1 0 0 1 0 0 1 0 0 1 0 0 1 0 -0 1 -0 0 1 -0 0 1 -0 0 1 0 -0 1 0 0 1 -0 0 1 -0 0 1 0 0 1 0 -0 1 0 -0 1 0 -0 1 0 0 1 0 0 1 0 0 1 0 0 1 0 0 1 0 0 1 0 0 1 0 0 1 0 0 1 0 0 1 0 0 1 0 0 1 0 0 1 0 0 1 0 0 1 0 0 1 0 0 1 0 0 1 0 -0 1 0 0 1 -0 0 1 0 0 1 0 0 1 0 0 1 0 -0 1 0 0 1 0 -0 1 0 -0 1 -0 0 1 0 0 1 0 -0 1 0 0 1 -0 0 1 0 0 1 0 0 1 -0 0 1 0 -0 1 0 -0 1 0 0 1 0 0 1 0 0 1 -0 0 1 -0 0 1 0 0 1 0 0 1 0 0 1 0 -0 1 -0 0 1 -0 0 1 0 -0 1 0 0 1 0 0 1 0 0 1 0 0 1 0 0 1 -0 0 1 0 0 1 0 0 1 0 0 1 0 0 1 0 0 1 0 0 1 0 0 1 -0 0 1 0 -0 1 0 0 1 0 0 1 0 -0 1 0 0 1 0 0 1 0 0 1 0 0 1 0 0 1 0 0 1 -0 0 1 0 -0 1 0 0 1 0 -0 1 0 0 1 0 0 1 0 -0 1 0 -0 1 0 0 1 0 0 1 0 -0 1 0 0 1 0 -0 1 0 0 1 0 -0 1 0 0 1 0 0 1 0 -0 1 0 0 1 0 0 1 -0 0 1 0 0 1 0 0 1 0 0 1 0 0 1 0 0 1 -0 0 1 0 0 1 0 0 1 -0 0 1 0 0 1 -0 0 1 0 -0 1 0 0 1 0 -0 1 0 -0 1 0 0 1 0 0 1 0 0 1 0 0 1 0 0 1 0 0 1 0 0 1 0 0 1 0 0 1 0 0 1 0 0 1 0 0 1 0 0 1 0 -0 1 0 0 1 0 0 1 0 0 1 0 0 1 -0 0 1 -0 0 1 0 0 1 0 0 1 0 0 1 0 0 1 0 0 1 0 -0 1 0 0 1 0 0 1 0 -0 1 0 0 1 0 0 1 0 0 1 0 0 1 0 0 1 0 0 1 0 0 1 0 -0 1 0 0 1 0 0 1 0 0 1 0 0 1 0 0 1 0 0 1 0 0 1 0 0 1 0 -0 1 0 0 1 0 0 1 0 0 1 -0 0 1 0 0 1 0 0 1 0 -0 1 -0 0 1 0 0 1 0 0 1 0 -0 1 0 0 1 0 0 1 0 -0 1 0 -0 1 0 0 1 0 -0 1 -0 0 1 0 0 1 0 0 1 0 0 1 0 0 1 -0 0 1 0 0 1 0 0 1 0 -0 1 0 0 1 0 -0 1 0 0 1 0 0 1 0 0 1 -0 0 1 0 0 1 0 0 1 0 0 1 0 -0 1 0 -0 1 0 0 1 0 0 1 0 0 1 0 -0 1 0 0 1 0 0 1 0 -0 1 0 -0 1 0 -0 1 0 -0 1 0 0 1 0 0 1 0 0 1 0 0 1 0 0 1 0 0 1 0 -0 1 0 0 1 0 0 1 0 -0 1 -0 0 1 0 0 1 0 0 1 0 0 1 0 0 1 -0 0 1 0 0 1 0 0 1 0 0 1 0 0 1 -0 0 1 0 0 1 0 0 1 0 0 1 0 0 1 0 0 1 0 0 1 0 0 1 0 -0 1 0 0 1 0 0 1 0 0 1 0 -0 1 0 0 1 0 -0 1 0 0 1 0 0 1 0 0 1 -0 0 1 0 -0 1 0 0 1 -0 0 1 0 -0 1 0 -0 1 0 -0 1 -0 0 1 0 0 1 0 0 1 -0 0 1 0 0 1 0 -0 1 0 0 1 0 0 1 0 -0 1 0 0 1 0 0 1 0 -0 1 0 0 1 0 0 1 -0 0 1 0 -0 1 0 0 1 0 0 1 0 0 1 0 0 1 0 0 1 0 -0 1 -0 0 1 0 0 1 0 -0 1 0 -0 1 0 0 1 0 0 1 0 0 1 0 0 1 -0 0 1 0 0 1 0 -0 1 0 0 1 -0 0 1 -0 0 1 0 0 1 0 0 1 0 0 1 -0 0 1 0 0 1 0 0 1 0 0 1 0 -0 1 0 0 1 0 0 1 -0 0 1 0 0 1 0 -0 1 -0 0 1 0 -0 1 0 0 1 0 0 1 0 0 1 -0 0 1 0 0 1 0 0 1 0 0 1 0 0 1 0 0 1 0 0 1 0 -0 1 -0 0 1 0 0 1 0 0 1 -0 0 1 0 0 1 0 0 1 -0 0 1 -0 0 1 0 0 1 0 0 1 0 0 1 0 0 1 0 0 1 -0 0 1 -0 0 1 0 0 1 -0 0 1 -0 0 1 0 0 1 0 -0 1 -0 0 1 0 0 1 0 -0 1 0 -0 1 0 0 1 0 -0 1 0 0 1 0 0 1 0 0 1 0 0 1 0 0 1 0 0 1 0 -0 1 -0 0 1 0 -0 1 0 0 1 0 0 1 0 0 1 -0 0 1 0 0 1 0 -0 1 0 0 1 0 0 1 0 -0 1 0 0 1 -0 0 1 0 0 1 0 0 1 0 0 1 0 0 1 0 0 1 -0 0 1 -0 0 1 0 0 1 0 -0 1 0 0 1 0 0 1 0 0 1 0 0 1 0 0 1 0 0 1 -0 0 1 0 0 1 -0 0 1 0 0 1 0 0 1 0 0 1 -0 0 1 0 0 1 0 0 1 0 0 1 0 0 1 0 0 1 0 0 1 0 0 1 0 0 1 0 0 1 0 0 1 0 0 1 0 0 1 0 -0 1 0 0 1 -0 0 1 0 0 1 -0 0 1 0 0 1 0 0 1 0 0 1 0 0 1 0 0 1 -0 0 1 0 0 1 0 0 1 0 0 1 0 0 1 0 -0 1 0 0 1 0 0 1 0 0 1 0 0 1 0 0 1 -0 0 1 0 0 1 -0 0 1 0 0 1 0 0 1 0 0 1 0 0 1 0 0 1 0 0 1 0 0 1 0 0 1 0 0 1 0 0 1 0 0 1 0 0 1 0 0 1 0 0 1 0 0 1 0 0 1 0 0 1 0 0 1 0 -0 1 -0 0 1 0 -0 1 0 0 1 0 0 1 -0 0 1 0 0 1 -0 0 1 0 0 1 0 -0 1 0 0 1 0 0 1 0 0 1 0 0 1 0 0 1 0 0 1 0 0 1 0 0 1 0 0 1 0 0 1 0 0 1 0 0 1 -0 0 1 0 0 1 0 -0 1 0 0 1 0 0 1 -0 0 1 0 0 1 0 0 1 0 0 1 -0 0 1 -0 0 1 0 0 1 0 0 1 0 0 1 0 -0 1 0 0 1 0 0 1 0 0 1 0 0 1 0 0 1 0 0 1 -0 0 1 0 0 1 0 0 1 0 -0 1 0 0 1 0 -0 1 0 0 1 0 0 1 0 -0 1 0 0 1 -0 0 1 -0 0 1 0 0 1 -0 0 1 0 0 1 0 0 1 0 0 1 0 0 1 0 0 1 0 -0 1 0 0 1 0 0 1 0 -0 1 -0 0 1 0 0 1 0 -0 1 0 0 1 0 0 1 0 0 1 0 0 1 0 0 1 0 0 1 0 0 1 0 0 1 -0 0 1 0 -0 1 0 0 1 0 0 1 0 0 1 0 0 1 0 0 1 -0 0 1 0 0 1 0 0 1 0 0 1 -0 0 1 0 0 1 0 0 1 -0 0 1 0 0 1 0 0 1 0 0 1 0 0 1 0 -0 1 -0 0 1 0 0 1 0 0 1 0 0 1 0 0 1 0 0 1 0 0 1 0 0 1 0 -0 1 0 0 1 -0 0 1 0 0 1 -0 0 1 0 0 1 0 -0 1 0 0 1 0 0 1 0 0 1 -0 0 1 0 0 1 0 0 1 0 -0 1 0 0 1 -0 0 1 0 0 1 0 0 1 0 0 1 0 0 1 0 0 1 0 0 1 0 0 1 -0 0 1 0 0 1 -0 0 1 -0 0 1 0 0 1 0 0 1 0 -0 1 0 0 1 0 -0 1 0 -0 1 0 0 1 0 0 1 0 0 1 0 0 1 0 0 1 0 -0 1 0 0 1 0 0 1 0 -0 1 0 0 1 0 -0 1 0 0 1 0 -0 1 0 0 1 -0 0 1 0 0 1 -0 0 1 0 0 1 0 0 1 0 0 1 0 0 1 0 0 1 0 0 1 0 -0 1 0 0 1 0 0 1 0 -0 1 0 0 1 -0 0 1 0 0 1 0 0 1 0 0 1 0 0 1 0 0 1 -0 0 1 -0 0 1 0 0 1 0 -0 1 0 0 1 0 0 1 0 0 1 0 0 1 0 0 1 0 0 1 0 0 1 0 0 1 0 0 1 0 0 1 0 0 1 0 0 1 0 -0 1 -0 0 1 0 0 1 0 0 1 0 -0 1 0 0 1 0 0 1 0 0 1 0 -0 1 0 0 1 -0 0 1 0 0 1 0 0 1 0 0 1 -0 0 1 0 0 1 0 0 1 0 0 1 0 0 1 0 0 1 0 0 1 -0 0 1 0 0 1 0 0 1 0 0 1 0 0 1 0 0 1 0 0 1 -0 0 1 0 0 1 0 0 1 0 0 1 0 -0 1 -0 0 1 0 0 1 0 -0 1 -0 0 1 0 0 1 0 0 1 0 0 1 -0 0 1 0 0 1 0 -0 1 0 -0 1 0 -0 1 0 0 1 0 -0 1 0 0 1 -0 0 1 -0 0 1 0 -0 1 0 0 1 0 0 1 -0 0 1 -0 0 1 0 0 1 0 0 1 0 0 1 -0 0 1 -0 0 1 0 0 1 0 -0 1 0 0 1 -0 0 1 0 0 1 0 0 1 0 -0 1 0 0 1 0 0 1 0 0 1 0 0 1 0 0 1 0 0 1 0 0 1 0 0 1 0 0 1 0 -0 1 0 -0 1 0 0 1 0 0 1 -0 0 1 0 0 1 -0 0 1 0 0 1 0 0 1 0 0 1 0 0 1 0 0 1 0 0 1 0 0 1 0 0 1 0 0 1 0 -0 1 0 0 1 0 0 1 -0 0 1 0 0 1 0 -0 1 0 -0 1 0 0 1 0 0 1 0 -0 1 0 0 1 0 0 1 0 0 1 0 0 1 0 -0 1 0 0 1 0 0 1 0 0 1 0 0 1 0 0 1 -0 0 1 -0 0 1 0 0 1 -0 0 1 0 0 1 0 0 1 0 0 1 0 0 1 -0 0 1 0 0 1 0 -0 1 -0 0 1 0 0 1 0 0 1 0 0 1 0 -0 1 0 -0 1 0 0 1 0 -0 1 -0 0 1 0 0 1 -0 0 1 0 0 1 0 0 1 0 -0 1 0 0 1 -0 0 1 0 0 1 -0 0 1 0 -0 1 0 0 1 -0 0 1 0 0 1 0 0 1 0 0 1 0 0 1 0 0 1 0 0 1 -0 0 1 0 0 1 0 0 1 0 0 1 0 0 1 -0 0 1 -0 0 1 0 0 1 0 0 1 0 0 1 0 -0 1 0 0 1 0 -0 1 0 0 1 0 0 1 0 0 1 0 0 1 0 0 1 0 0 1 0 0 1 -0 0 1 0 0 1 0 0 1 0 0 1 0 -0 1 0 -0 1 0 -0 1 0 0 1 0 0 1 0 0 1 0 -0 1 -0 0 1 0 0 1 -0 0 1 0 0 1 0 0 1 -0 0 1 -0 0 1 0 -0 1 0 0 1 -0 0 1 -0 0 1 0 0 1 0 -0 1 0 0 1 0 0 1 0 0 1 0 0 1 0 0 1 0 0 1 0 0 1 0 -0 1 0 0 1 -0 0 1 0 0 1 0 0 1 0 0 1 0 -0 1 0 0 1 0 0 1 0 0 1 -0 0 1 0 0 1 0 0 1 -0 0 1 0 0 1 0 -0 1 0 0 1 0 0 1 0 0 1 0 0 1 -0 0 1 0 -0 1 0 0 1 0 0 1 0 0 1 0 0 1 0 0 1 -0 0 1 0 0 1 -0 0 1 0 0 1 0 0 1 0 0 1 0 0 1 0 0 1 0 0 1 0 -0 1 0 0 1 -0 0 1 0 0 1 0 0 1 0 0 1 0 0 1 0 0 1 0 0 1 0 0 1 0 0 1 -0 0 1 0 0 1 0 0 1 0 0 1 0 0 1 0 0 1 0 0 1 0 -0 1 0 -0 1 0 -0 1 0 0 1 -0 0 1 0 0 1 0 0 1 0 0 1 0 0 1 0 0 1 0 0 1 0 0 1 0 0 1 0 0 1 0 0 1 0 0 1 0 0 1 -0 0 1 0 0 1 -0 0 1 0 0 1 0 0 1 0 0 1 0 0 1 0 0 1 0 0 1 0 0 1 0 0 1 -0 0 1 0 0 1 0 -0 1 0 -0 1 0 0 1 0 -0 1 0 0 1 0 0 1 -0 0 1 0 0 1 0 0 1 0 0 1 -0 0 1 0 0 1 -0 0 1 -0 0 1 0 0 1 0 0 1 0 0 1 0 0 1 -0 0 1 0 0 1 0 0 1 0 0 1 -0 0 1 -0 0 1 -0 0 1 0 0 1 0 -0 1 0 0 1 0 0 1 0 0 1 0 0 1 0 0 1 0 0 1 0 0 1 0 0 1 -0 0 1 0 0 1 0 0 1 0 0 1 0 0 1 0 -0 1 0 0 1 0 -0 1 0 0 1 -0 0 1 0 0 1 0 0 1 0 0 1 0 0 1 0 -0 1 0 0 1 -0 0 1 0 0 1 0 -0 1 0 -0 1 0 0 1 0 -0 1 0 -0 1 0 0 1 0 0 1 0 0 1 -0 0 1 -0 0 1 0 0 1 0 -0 1 0 0 1 0 -0 1 0 0 1 -0 0 1 0 -0 1 0 0 1 0 0 1 0 0 1 0 0 1 0 0 1 -0 0 1 0 0 1 -0 0 1 -0 0 1 0 0 1 -0 0 1 -0 0 1 0 0 1 0 0 1 0 0 1 0 0 1 0 -0 1 0 0 1 0 0 1 0 0 1 -0 0 1 0 -0 1 0 0 1 0 0 1 -0 0 1 0 -0 1 -0 0 1 0 0 1 0 0 1 0 0 1 0 0 1 0 0 1 0 0 1 -0 0 1 0 0 1 -0 0 1 0 0 1 0 0 1 0 0 1 0 -0 1 0 0 1 -0 0 1 0 -0 1 0 -0 1 0 0 1 0 0 1 0 -0 1 0 0 1 0 0 1 0 0 1 -0 0 1 0 0 1 0 -0 1 0 0 1 0 0 1 0 -0 1 0 0 1 0 0 1 -0 0 1 -0 0 1 -0 0 1 0 0 1 0 0 1 0 0 1 0 -0 1 -0 0 1 0 0 1 0 -0 1 0 0 1 0 0 1 0 0 1 0 0 1 0 0 1 0 0 1 0 0 1 0 0 1 0 0 1 0 -0 1 0 0 1 0 0 1 0 0 1 -0 0 1 0 -0 1 0 0 1 0 0 1 0 0 1 0 0 1 0 0 1 0 -0 1 0 0 1 0 0 1 -0 0 1 -0 0 1 0 0 1 0 0 1 0 0 1 -0 0 1 0 0 1 0 -0 1 0 0 1 -0 0 1 0 0 1 -0 0 1 0 0 1 0 0 1 0 -0 1 0 0 1 -0 0 1 -0 0 1 0 0 1 0 0 1 0 0 1 0 0 1 0 -0 1 0 0 1 0 0 1 -0 0 1 0 0 1 -0 0 1 0 0 1 -0 0 1 0 -0 1 0 0 1 0 0 1 0 0 1 0 0 1 0 0 1 0 0 1 0 0 1 0 0 1 0 0 1 0 0 1 -0 0 1 -0 0 1 0 -0 1 0 -0 1 0 0 1 0 0 1 0 -0 1 0 0 1 0 0 1 0 0 1 0 0 1 0 0 1 0 0 1 -0 0 1 0 0 1 0 0 1 0 0 1 0 0 1 0 0 1 0 0 1 -0 0 1 0 0 1 0 0 1 0 0 1 -0 0 1 -0 0 1 0 0 1 0 0 1 0 0 1 0 -0 1 0 0 1 0 0 1 0 -0 1 0 -0 1 -0 0 1 0 0 1 0 -0 1 0 0 1 -0 0 1 0 0 1 0 0 1 0 0 1 -0 0 1 0 0 1 0 -0 1 0 0 1 -0 0 1 0 0 1 0 0 1 0 0 1 -0 0 1 -0 0 1 0 0 1 0 -0 1 0 0 1 0 0 1 0 0 1 0 0 1 -0 0 1 0 0 1 0 0 1 0 0 1 0 0 1 0 0 1 0 0 1 0 0 1 0 0 1 0 0 1 0 0 1 -0 0 1 0 0 1 0 0 1 0 0 1 0 0 1 0 0 1 0 0 1 -0 0 1 0 0 1 0 0 1 0 -0 1 0 0 1 0 0 1 0 0 1 0 0 1 0 0 1 0 0 1 0 0 1 -0 0 1 0 0 1 0 -0 1 -0 0 1 0 0 1 0 -0 1 0 -0 1 0 0 1 0 0 1 0 0 1 0 0 1 0 0 1 -0 0 1 0 0 1 0 0 1 0 -0 1 -0 0 1 0 0 1 0 0 1 0 0 1 -0 0 1 0 -0 1 0 0 1 0 0 1 0 -0 1 0 0 1 0 -0 1 0 0 1 0 -0 1 0 -0 1 0 0 1 -0 0 1 -0 0 1 0 0 1 0 0 1 -0 0 1 0 0 1 -0 0 1 0 -0 1 0 0 1 0 0 1 0 0 1 0 0 1 0 -0 1 0 -0 1 0 0 1 0 0 1 0 -0 1 0 0 1 0 0 1 0 0 1 0 0 1 0 -0 1 -0 0 1 0 0 1 0 0 1 0 -0 1 0 0 1 0 0 1 0 0 1 0 0 1 0 0 1 0 0 1 0 -0 1 0 0 1 0 -0 1 0 0 1 0 0 1 0 0 1 -0 0 1 0 0 1 0 0 1 0 0 1 0 -0 1 0 0 1 0 0 1 0 0 1 0 0 1 0 0 1 0 0 1 0 0 1 0 0 1 0 0 1 0 -0 1 0 0 1 0 -0 1 0 0 1 0 0 1 0 0 1 0 -0 1 0 -0 1 0 0 1 0 0 1 0 0 1 0 0 1 0 0 1 0 0 1 -0 0 1 0 0 1 0 0 1 -0 0 1 0 -0 1 -0 0 1 0 0 1 0 0 1 0 0 1 0 0 1 0 0 1 0 0 1 0 0 1 -0 0 1 -0 0 1 0 0 1 0 0 1 0 -0 1 0 0 1 0 0 1 0 0 1 0 -0 1 0 -0 1 0 -0 1 0 -0 1 -0 0 1 0 0 1 -0 0 1 0 0 1 0 0 1 0 0 1 0 0 1 0 0 1 -0 0 1 -0 0 1 0 0 1 0 0 1 0 0 1 0 0 1 0 0 1 0 0 1 -0 0 1 0 0 1 0 0 1 0 -0 1 0 -0 1 0 0 1 -0 0 1 0 0 1 0 0 1 0 0 1 0 0 1 0 0 1 0 0 1 0 0 1 -0 0 1 0 0 1 0 0 1 0 0 1 0 0 1 -0 0 1 -0 0 1 0 0 1 0 0 1 0 0 1 0 -0 1 0 0 1 0 -0 1 0 0 1 0 -0 1 -0 0 1 0 0 1 0 0 1 0 0 1 -0 0 1 0 0 1 0 0 1 0 0 1 0 0 1 0 0 1 -0 0 1 -0 0 1 0 0 1 0 0 1 0 0 1 0 0 1 0 0 1 0 0 1 -0 0 1 0 0 1 0 0 1 0 0 1 0 0 1 0 0 1 0 0 1 0 0 1 0 0 1 0 0 1 0 0 1 0 -0 1 0 0 1 0 0 1 0 0 1 0 -0 1 0 0 1 0 0 1 0 -0 1 0 0 1 0 0 1 0 -0 1 0 0 1 0 0 1 0 0 1 0 0 1 0 0 1 0 0 1 0 0 1 0 0 1 0 0 1 0 0 1 0 0 1 -0 0 1 0 0 1 0 0 1 0 0 1 0 0 1 -0 0 1 0 -0 1 -0 0 1 0 0 1 0 0 1 0 0 1 0 0 1 0 0 1 0 0 1 0 -0 1 0 0 1 0 0 1 0 0 1 0 0 1 0 0 1 0 0 1 0 0 1 0 0 1 -0 0 1 0 0 1 -0 0 1 0 0 1 -0 0 1 0 0 1 0 0 1 0 0 1 0 0 1 -0 0 1 0 0 1 0 0 1 -0 0 1 0 0 1 0 0 1 0 0 1 0 0 1 -0 0 1 -0 0 1 0 0 1 -0 0 1 -0 0 1 -0 0 1 0 -0 1 0 0 1 0 0 1 0 0 1 0 0 1 0 0 1 0 0 1 0 0 1 0 0 1 0 -0 1 -0 0 1 0 0 1 0 0 1 0 0 1 0 0 1 0 0 1 0 0 1 0 -0 1 0 0 1 0 0 1 0 0 1 -0 0 1 -0 0 1 0 0 1 0 0 1 0 0 1 0 0 1 0 0 1 -0 0 1 0 -0 1 -0 0 1 0 0 1 0 0 1 0 0 1 -0 0 1 -0 0 1 0 -0 1 0 0 1 0 0 1 0 0 1 0 0 1 0 0 1 0 -0 1 0 0 1 0 0 1 0 -0 1 0 0 1 0 0 1 0 0 1 0 0 1 0 0 1 0 -0 1 0 -0 1 0 0 1 0 -0 1 0 0 1 0 0 1 0 -0 1 0 0 1 0 0 1 0 0 1 0 0 1 0 0 1 0 0 1 0 0 1 -0 0 1 0 0 1 0 -0 1 0 0 1 0 0 1 -0 0 1 -0 0 1 0 0 1 0 0 1 0 0 1 0 0 1 0 0 1 0 -0 1 0 0 1 0 0 1 0 0 1 0 0 1 -0 0 1 0 -0 1 0 -0 1 0 0 1 -0 0 1 0 0 1 0 0 1 0 -0 1 -0 0 1 0 0 1 -0 0 1 0 0 1 0 0 1 0 0 1 0 -0 1 -0 0 1 0 0 1 0 -0 1 0 -0 1 -0 0 1 -0 0 1 0 0 1 0 0 1 0 0 1 0 0 1 0 0 1 0 0 1 0 0 1 0 0 1 0 0 1 0 -0 1 -0 0 1 0 0 1 0 0 1 0 0 1 0 -0 1 0 -0 1 0 0 1 0 0 1 0 0 1 0 0 1 0 -0 1 0 0 1 0 -0 1 0 0 1 -0 0 1 0 -0 1 0 0 1 0 0 1 0 0 1 -0 0 1 0 -0 1 0 0 1 0 0 1 0 0 1 0 -0 1 0 0 1 -0 0 1 0 0 1 0 0 1 0 0 1 0 -0 1 -0 0 1 0 0 1 -0 0 1 0 0 1 0 0 1 0 0 1 0 -0 1 -0 0 1 0 0 1 0 0 1 0 0 1 -0 0 1 0 0 1 0 -0 1 0 0 1 0 0 1 0 -0 1 0 0 1 0 0 1 0 -0 1 0 0 1 0 -0 1 0 0 1 0 0 1 0 0 1 0 0 1 0 -0 1 0 0 1 0 0 1 -0 0 1 -0 0 1 0 0 1 0 0 1 0 0 1 -0 0 1 0 -0 1 0 0 1 0 0 1 0 0 1 0 0 1 0 0 1 0 0 1 -0 0 1 0 0 1 0 0 1 -0 0 1 0 0 1 0 0 1 0 -0 1 0 0 1 0 0 1 0 0 1 -0 0 1 0 0 1 0 0 1 0 0 1 0 -0 1 -0 0 1 0 0 1 -0 0 1 0 0 1 0 0 1 0 -0 1 0 -0 1 0 0 1 0 0 1 0 0 1 0 0 1 0 -0 1 -0 0 1 0 0 1 0 0 1 0 0 1 -0 0 1 0 0 1 0 -0 1 0 0 1 -0 0 1 0 0 1 0 0 1 -0 0 1 0 -0 1 0 0 1 0 0 1 0 -0 1 0 0 1 0 0 1 0 0 1 0 0 1 0 0 1 0 0 1 0 -0 1 0 0 1 0 0 1 -0 0 1 0 0 1 0 -0 1 0 -0 1 0 -0 1 0 0 1 0 0 1 0 0 1 0 0 1 -0 0 1 -0 0 1 0 -0 1 0 0 1 -0 0 1 0 0 1 0 0 1 0 0 1 0 0 1 0 0 1 0 0 1 0 0 1 0 0 1 0 0 1 0 0 1 0 0 1 -0 0 1 0 0 1 0 0 1 0 0 1 0 -0 1 0 0 1 0 0 1 0 0 1 0 0 1 0 0 1 0 -0 1 0 0 1 -0 0 1 0 0 1 0 0 1 0 0 1 -0 0 1 0 0 1 0 0 1 0 0 1 0 0 1 0 -0 1 0 -0 1 0 -0 1 0 0 1 0 0 1 0 0 1 0 0 1 0 0 1 0 0 1 0 -0 1 -0 0 1 0 0 1 -0 0 1 0 0 1 -0 0 1 0 0 1 0 0 1 0 0 1 0 0 1 0 0 1 0 -0 1 0 -0 1 0 0 1 -0 0 1 0 -0 1 0 0 1 0 0 1 0 0 1 0 -0 1 0 0 1 0 -0 1 0 0 1 0 0 1 0 0 1 0 0 1 0 0 1 0 0 1 0 0 1 -0 0 1 0 0 1 0 0 1 -0 0 1 0 0 1 0 0 1 0 -0 1 0 0 1 0 0 1 0 -0 1 0 -0 1 0 0 1 -0 0 1 0 0 1 0 0 1 0 -0 1 0 0 1 -0 0 1 0 0 1 0 -0 1 0 0 1 0 0 1 0 -0 1 0 0 1 0 0 1 -0 0 1 0 -0 1 0 0 1 -0 0 1 0 0 1 0 -0 1 0 -0 1 -0 0 1 0 0 1 0 -0 1 0 0 1 -0 0 1 0 -0 1 0 0 1 0 -0 1 0 0 1 -0 0 1 0 0 1 -0 0 1 0 0 1 0 0 1 0 0 1 0 0 1 -0 0 1 0 0 1 0 0 1 0 0 1 0 0 1 0 0 1 -0 0 1 0 0 1 0 0 1 -0 0 1 0 0 1 0 0 1 -0 0 1 0 0 1 -0 0 1 0 0 1 0 -0 1 0 -0 1 0 0 1 0 0 1 0 -0 1 0 0 1 0 -0 1 0 -0 1 -0 0 1 0 0 1 0 0 1 0 -0 1 0 0 1 0 -0 1 0 0 1 0 -0 1 -0 0 1 0 -0 1 0 -0 1 -0 0 1 0 -0 1 -0 0 1 0 -0 1 0 0 1 0 0 1 -0 0 1 0 0 1 0 0 1 -0 0 1 0 0 1 -0 0 1 0 0 1 -0 0 1 -0 0 1 0 0 1 0 0 1 0 0 1 0 0 1 0 0 1 -0 0 1 0 0 1 0 0 1 0 0 1 0 0 1 -0 0 1 -0 0 1 -0 0 1 0 -0 1 0 0 1 0 0 1 0 -0 1 0 0 1 0 0 1 0 0 1 0 0 1 0 -0 1 0 0 1 0 0 1 0 0 1 0 -0 1 0 0 1 0 0 1 -0 0 1 -0 0 1 0 0 1 0 0 1 0 0 1 0 0 1 -0 0 1 0 0 1 0 0 1 -0 0 1 0 0 1 0 0 1 0 0 1 0 0 1 0 0 1 0 0 1 0 0 1 0 0 1 0 0 1 0 -0 1 0 -0 1 0 0 1 0 -0 1 0 -0 1 0 0 1 0 0 1 0 0 1 0 0 1 -0 0 1 -0 0 1 0 0 1 0 0 1 -0 0 1 0 0 1 0 0 1 0 0 1 0 0 1 0 0 1 0 0 1 -0 0 1 -0 0 1 0 0 1 0 0 1 0 -0 1 0 -0 1 -0 0 1 0 0 1 0 -0 1 0 0 1 0 0 1 0 0 1 0 0 1 0 0 1 -0 0 1 0 0 1 0 0 1 0 0 1 0 0 1 0 0 1 0 0 1 0 -0 1 0 -0 1 0 0 1 0 -0 1 0 0 1 -0 0 1 0 0 1 0 0 1 0 0 1 -0 0 1 0 0 1 0 0 1 0 -0 1 -0 0 1 0 -0 1 0 0 1 0 0 1 0 0 1 0 0 1 0 0 1 0 -0 1 0 0 1 0 -0 1 0 0 1 -0 0 1 0 0 1 0 -0 1 0 0 1 -0 0 1 0 -0 1 0 0 1 -0 0 1 0 0 1 -0 0 1 0 -0 1 0 0 1 0 -0 1 0 0 1 0 0 1 0 0 1 0 0 1 0 0 1 0 0 1 0 0 1 -0 0 1 0 0 1 0 0 1 -0 0 1 0 0 1 0 0 1 0 -0 1 -0 0 1 0 0 1 0 0 1 0 0 1 -0 0 1 0 0 1 0 0 1</float_array>
          <technique_common>
            <accessor count="5600" source="#cubenormals-array2-array" stride="3">
              <param type="float" name="X" />
              <param type="float" name="Y" />
              <param type="float" name="Z" />
            </accessor>
          </technique_common>
        </source>
        <vertices id="cubeverts-array2-vertices">
          <input semantic="POSITION" source="#cubeverts-array2" />
        </vertices>
        <triangles count="5600" material="ref_Mesh002">
          <input offset="0" semantic="VERTEX" source="#cubeverts-array2-vertices" />
          <input offset="1" semantic="NORMAL" source="#cubenormals-array2" />
          <p>0 0 1 0 2 0 3 1 0 1 2 1 4 2 5 2 6 2 6 3 5 3 7 3 8 4 9 4 10 4 11 5 12 5 13 5 14 6 15 6 16 6 17 7 18 7 19 7 20 8 16 8 15 8 21 9 22 9 23 9 24 10 25 10 26 10 27 11 28 11 29 11 30 12 31 12 32 12 27 13 29 13 33 13 34 14 35 14 36 14 37 15 12 15 11 15 24 16 13 16 12 16 17 17 19 17 38 17 37 18 11 18 39 18 40 19 41 19 42 19 43 20 44 20 45 20 46 21 47 21 48 21 3 22 49 22 0 22 50 23 51 23 52 23 53 24 54 24 55 24 56 25 52 25 51 25 57 26 58 26 59 26 60 27 49 27 3 27 57 28 61 28 62 28 63 29 36 29 35 29 8 30 10 30 64 30 8 31 65 31 9 31 66 32 67 32 68 32 69 33 21 33 23 33 70 34 58 34 57 34 71 35 68 35 67 35 72 36 48 36 47 36 30 37 73 37 31 37 59 38 55 38 54 38 74 39 19 39 18 39 75 40 72 40 76 40 77 41 78 41 79 41 24 42 12 42 25 42 24 43 26 43 80 43 77 44 81 44 78 44 82 45 83 45 84 45 50 46 52 46 85 46 86 47 87 47 88 47 89 48 65 48 90 48 8 49 90 49 65 49 91 50 92 50 24 50 93 51 23 51 22 51 94 52 85 52 52 52 66 53 68 53 95 53 96 54 67 54 97 54 98 55 99 55 100 55 101 56 102 56 46 56 103 57 104 57 105 57 96 58 71 58 67 58 98 59 100 59 106 59 107 60 95 60 68 60 57 61 62 61 108 61 109 62 103 62 105 62 110 63 84 63 83 63 91 64 24 64 80 64 40 65 106 65 41 65 40 66 42 66 111 66 112 67 113 67 114 67 43 68 115 68 44 68 43 69 45 69 116 69 78 70 81 70 51 70 117 71 118 71 119 71 120 72 121 72 122 72 123 73 124 73 125 73 30 74 126 74 73 74 20 75 15 75 127 75 128 76 129 76 111 76 130 77 35 77 34 77 56 78 51 78 81 78 57 79 54 79 61 79 131 80 112 80 114 80 132 81 133 81 134 81 135 82 20 82 127 82 136 83 30 83 32 83 137 84 134 84 133 84 123 85 43 85 138 85 24 86 92 86 13 86 139 87 140 87 141 87 142 88 143 88 144 88 145 89 76 89 72 89 63 90 146 90 36 90 30 91 147 91 126 91 123 92 125 92 115 92 148 93 149 93 150 93 126 94 151 94 73 94 152 95 153 95 154 95 98 96 40 96 155 96 156 97 157 97 158 97 117 98 159 98 118 98 160 99 141 99 140 99 161 100 162 100 163 100 156 101 37 101 39 101 164 102 147 102 30 102 140 103 75 103 76 103 152 104 165 104 164 104 146 105 102 105 101 105 166 106 47 106 46 106 40 107 111 107 129 107 167 108 168 108 169 108 170 109 171 109 172 109 17 110 38 110 173 110 43 111 174 111 138 111 164 112 165 112 147 112 175 113 176 113 177 113 178 114 179 114 180 114 181 115 146 115 63 115 182 116 86 116 88 116 123 117 115 117 43 117 40 118 129 118 155 118 117 119 183 119 184 119 98 120 106 120 40 120 185 121 53 121 55 121 186 122 88 122 87 122 14 123 16 123 134 123 152 124 187 124 153 124 142 125 144 125 188 125 189 126 190 126 191 126 175 127 48 127 72 127 175 128 192 128 176 128 175 129 177 129 48 129 148 130 193 130 149 130 152 131 164 131 187 131 188 132 130 132 34 132 150 133 154 133 194 133 156 134 64 134 157 134 148 135 150 135 194 135 75 136 192 136 175 136 195 137 122 137 121 137 166 138 46 138 102 138 167 139 169 139 196 139 43 140 116 140 174 140 117 141 184 141 159 141 118 142 7 142 5 142 27 143 33 143 197 143 198 144 199 144 161 144 170 145 200 145 171 145 149 146 193 146 201 146 202 147 95 147 203 147 204 148 130 148 203 148 57 149 59 149 54 149 107 150 203 150 95 150 156 151 158 151 37 151 205 152 192 152 75 152 206 153 197 153 33 153 207 154 208 154 209 154 75 155 175 155 72 155 207 156 210 156 208 156 208 157 211 157 209 157 146 158 101 158 212 158 146 159 212 159 36 159 213 160 214 160 215 160 213 161 216 161 214 161 207 162 217 162 218 162 207 163 219 163 217 163 220 164 219 164 221 164 207 165 218 165 210 165 220 166 217 166 219 166 219 167 222 167 221 167 223 168 213 168 224 168 213 169 215 169 224 169 223 170 225 170 213 170 226 171 227 171 223 171 226 172 223 172 224 172 223 173 227 173 228 173 223 174 228 174 225 174 228 175 229 175 225 175 230 176 220 176 231 176 232 177 233 177 234 177 235 178 236 178 237 178 238 179 239 179 240 179 230 180 217 180 220 180 235 181 237 181 238 181 241 182 242 182 243 182 238 183 243 183 239 183 244 184 245 184 246 184 247 185 248 185 249 185 235 186 238 186 240 186 242 187 250 187 243 187 220 188 242 188 231 188 232 189 237 189 233 189 247 190 251 190 248 190 251 191 252 191 253 191 226 192 254 192 227 192 246 193 249 193 248 193 247 194 252 194 251 194 231 195 242 195 241 195 238 196 241 196 243 196 244 197 246 197 248 197 233 198 237 198 236 198 251 199 253 199 255 199 244 200 227 200 254 200 226 201 256 201 254 201 246 202 257 202 249 202 244 203 254 203 245 203 237 204 241 204 238 204 235 205 240 205 258 205 259 206 252 206 247 206 259 207 260 207 252 207 261 208 262 208 263 208 259 209 264 209 265 209 266 210 261 210 263 210 266 211 267 211 261 211 268 212 269 212 270 212 271 213 272 213 268 213 266 214 273 214 267 214 259 215 247 215 264 215 259 216 265 216 274 216 275 217 276 217 277 217 268 218 263 218 262 218 6 219 278 219 279 219 280 220 281 220 282 220 283 221 284 221 285 221 271 222 286 222 272 222 283 223 285 223 287 223 283 224 288 224 284 224 275 225 6 225 279 225 287 226 285 226 289 226 268 227 270 227 263 227 290 228 291 228 292 228 271 229 293 229 286 229 268 230 272 230 269 230 294 231 295 231 280 231 280 232 267 232 273 232 296 233 297 233 298 233 299 234 300 234 301 234 23 235 286 235 293 235 302 236 274 236 265 236 275 237 279 237 276 237 275 238 277 238 174 238 303 239 304 239 305 239 306 240 307 240 308 240 303 241 279 241 278 241 309 242 310 242 311 242 280 243 295 243 281 243 312 244 313 244 314 244 315 245 316 245 317 245 299 246 318 246 300 246 258 247 240 247 319 247 320 248 302 248 265 248 321 249 322 249 323 249 324 250 325 250 326 250 327 251 328 251 324 251 329 252 330 252 331 252 332 253 333 253 334 253 332 254 334 254 335 254 336 255 337 255 338 255 321 256 323 256 339 256 309 257 311 257 298 257 303 258 292 258 304 258 340 259 341 259 342 259 303 260 290 260 292 260 343 261 344 261 345 261 346 262 347 262 348 262 296 263 298 263 311 263 340 264 348 264 341 264 280 265 282 265 267 265 349 266 350 266 351 266 336 267 352 267 337 267 294 268 283 268 295 268 320 269 353 269 302 269 271 270 268 270 262 270 354 271 355 271 343 271 356 272 289 272 285 272 357 273 358 273 359 273 303 274 305 274 279 274 360 275 361 275 362 275 306 276 292 276 291 276 317 277 353 277 363 277 364 278 365 278 366 278 367 279 368 279 369 279 320 280 363 280 353 280 313 281 323 281 322 281 346 282 348 282 340 282 312 283 323 283 313 283 317 284 316 284 330 284 306 285 308 285 292 285 370 286 359 286 358 286 329 287 317 287 330 287 371 288 372 288 373 288 315 289 317 289 363 289 327 290 324 290 326 290 374 291 375 291 376 291 377 292 378 292 379 292 212 293 101 293 380 293 381 294 382 294 383 294 384 295 385 295 386 295 325 296 387 296 326 296 356 297 367 297 369 297 287 298 289 298 388 298 389 299 390 299 391 299 343 300 392 300 393 300 306 301 359 301 307 301 394 302 395 302 396 302 397 303 365 303 398 303 356 304 399 304 400 304 401 305 402 305 403 305 101 306 404 306 380 306 405 307 1 307 0 307 290 308 406 308 291 308 407 309 408 309 409 309 356 310 400 310 367 310 343 311 393 311 344 311 410 312 335 312 334 312 372 313 411 313 373 313 412 314 413 314 414 314 299 315 301 315 415 315 332 316 330 316 333 316 416 317 417 317 418 317 419 318 420 318 421 318 374 319 382 319 375 319 332 320 331 320 330 320 422 321 423 321 424 321 299 322 415 322 425 322 360 323 362 323 321 323 336 324 338 324 345 324 413 325 426 325 427 325 126 326 147 326 428 326 429 327 427 327 426 327 336 328 430 328 352 328 431 329 432 329 408 329 397 330 398 330 380 330 364 331 398 331 365 331 354 332 343 332 345 332 369 333 368 333 433 333 434 334 373 334 411 334 435 335 403 335 402 335 374 336 383 336 382 336 356 337 285 337 399 337 336 338 345 338 344 338 436 339 437 339 438 339 349 340 351 340 300 340 191 341 439 341 440 341 360 342 409 342 361 342 401 343 441 343 402 343 296 344 442 344 297 344 261 345 443 345 262 345 431 346 408 346 444 346 445 347 446 347 410 347 447 348 448 348 449 348 433 349 450 349 451 349 360 350 321 350 339 350 381 351 452 351 453 351 454 352 455 352 456 352 457 353 458 353 459 353 407 354 409 354 360 354 388 355 460 355 461 355 462 356 370 356 358 356 356 357 369 357 289 357 463 358 464 358 465 358 466 359 467 359 468 359 416 360 423 360 417 360 303 361 278 361 290 361 448 362 469 362 470 362 434 363 411 363 471 363 405 364 0 364 472 364 473 365 469 365 448 365 474 366 475 366 476 366 364 367 366 367 143 367 477 368 372 368 371 368 432 369 478 369 409 369 479 370 480 370 481 370 433 371 368 371 482 371 161 372 163 372 483 372 484 373 485 373 486 373 487 374 488 374 489 374 429 375 490 375 427 375 429 376 491 376 490 376 492 377 493 377 453 377 5 378 494 378 495 378 432 379 496 379 478 379 408 380 432 380 409 380 306 381 357 381 359 381 388 382 497 382 460 382 498 383 499 383 500 383 435 384 402 384 501 384 435 385 501 385 502 385 432 386 503 386 496 386 419 387 421 387 504 387 505 388 506 388 507 388 381 389 383 389 452 389 401 390 352 390 430 390 381 391 454 391 382 391 394 392 396 392 426 392 508 393 367 393 400 393 509 394 504 394 510 394 511 395 512 395 513 395 290 396 514 396 406 396 435 397 515 397 403 397 394 398 426 398 413 398 433 399 516 399 450 399 369 400 433 400 451 400 454 401 456 401 382 401 311 402 310 402 517 402 498 403 518 403 499 403 519 404 520 404 521 404 508 405 400 405 522 405 523 406 490 406 491 406 441 407 524 407 525 407 526 408 527 408 528 408 22 409 529 409 530 409 282 410 531 410 532 410 346 411 533 411 347 411 394 412 534 412 395 412 287 413 388 413 461 413 454 414 438 414 437 414 535 415 490 415 523 415 196 416 536 416 537 416 538 417 539 417 540 417 541 418 542 418 543 418 528 419 544 419 545 419 546 420 547 420 314 420 548 421 549 421 444 421 282 422 550 422 531 422 551 423 552 423 553 423 554 424 313 424 322 424 555 425 556 425 557 425 558 426 559 426 560 426 561 427 562 427 563 427 398 428 212 428 380 428 197 429 564 429 565 429 434 430 566 430 567 430 568 431 569 431 570 431 434 432 471 432 571 432 324 433 469 433 325 433 402 434 441 434 525 434 200 435 572 435 573 435 574 436 575 436 576 436 163 437 577 437 483 437 419 438 578 438 420 438 579 439 580 439 581 439 582 440 583 440 584 440 585 441 586 441 587 441 370 442 588 442 589 442 590 443 591 443 592 443 412 444 414 444 391 444 462 445 593 445 594 445 595 446 596 446 597 446 598 447 489 447 488 447 329 448 353 448 317 448 471 449 599 449 571 449 462 450 600 450 593 450 558 451 437 451 436 451 546 452 314 452 313 452 601 453 602 453 603 453 162 454 604 454 605 454 606 455 607 455 608 455 503 456 609 456 496 456 551 457 610 457 552 457 611 458 376 458 375 458 370 459 589 459 359 459 612 460 613 460 614 460 615 461 616 461 617 461 511 462 513 462 272 462 618 463 586 463 585 463 619 464 620 464 621 464 355 465 392 465 343 465 401 466 622 466 441 466 193 467 623 467 624 467 582 468 625 468 583 468 526 469 528 469 545 469 626 470 627 470 628 470 448 471 470 471 629 471 441 472 630 472 524 472 631 473 632 473 633 473 439 474 634 474 635 474 636 475 637 475 559 475 174 476 277 476 138 476 444 477 467 477 466 477 638 478 29 478 639 478 640 479 610 479 641 479 401 480 430 480 622 480 352 481 642 481 337 481 568 482 643 482 569 482 466 483 468 483 644 483 645 484 646 484 647 484 454 485 437 485 455 485 476 486 475 486 648 486 462 487 358 487 600 487 320 488 265 488 649 488 551 489 641 489 610 489 650 490 651 490 652 490 116 491 45 491 653 491 484 492 654 492 485 492 611 493 655 493 376 493 656 494 657 494 658 494 659 495 660 495 661 495 662 496 626 496 628 496 422 497 417 497 423 497 663 498 664 498 665 498 561 499 666 499 562 499 667 500 668 500 574 500 574 501 576 501 669 501 670 502 671 502 672 502 673 503 674 503 675 503 622 504 676 504 630 504 126 505 428 505 677 505 678 506 679 506 600 506 289 507 369 507 451 507 680 508 681 508 682 508 354 509 683 509 355 509 684 510 502 510 501 510 685 511 418 511 631 511 12 512 686 512 25 512 687 513 688 513 689 513 133 514 690 514 691 514 692 515 693 515 694 515 612 516 695 516 613 516 538 517 696 517 539 517 697 518 698 518 699 518 327 519 309 519 328 519 645 520 700 520 646 520 673 521 701 521 702 521 535 522 523 522 703 522 704 523 705 523 706 523 684 524 707 524 502 524 476 525 708 525 639 525 424 526 709 526 487 526 151 527 677 527 710 527 711 528 342 528 341 528 381 529 453 529 438 529 606 530 712 530 607 530 713 531 538 531 540 531 448 532 629 532 449 532 673 533 675 533 701 533 558 534 560 534 437 534 439 535 635 535 714 535 388 536 451 536 497 536 715 537 716 537 717 537 498 538 641 538 518 538 290 539 278 539 514 539 64 540 10 540 157 540 592 541 591 541 718 541 484 542 486 542 719 542 720 543 625 543 721 543 722 544 723 544 724 544 434 545 571 545 566 545 636 546 559 546 558 546 685 547 725 547 418 547 34 548 36 548 726 548 720 549 721 549 727 549 728 550 729 550 730 550 462 551 594 551 731 551 732 552 733 552 734 552 557 553 556 553 735 553 463 554 465 554 736 554 53 555 737 555 54 555 355 556 738 556 392 556 611 557 375 557 533 557 739 558 740 558 741 558 384 559 386 559 742 559 743 560 744 560 745 560 703 561 523 561 746 561 325 562 747 562 387 562 748 563 545 563 544 563 471 564 749 564 599 564 659 565 661 565 750 565 645 566 647 566 751 566 405 567 472 567 751 567 752 568 497 568 753 568 431 569 444 569 549 569 754 570 755 570 756 570 754 571 757 571 755 571 758 572 83 572 759 572 739 573 760 573 740 573 761 574 618 574 585 574 555 575 557 575 762 575 87 576 763 576 764 576 655 577 765 577 766 577 748 578 767 578 545 578 509 579 510 579 768 579 733 580 569 580 734 580 619 581 621 581 733 581 278 582 7 582 514 582 329 583 769 583 353 583 592 584 718 584 770 584 452 585 383 585 771 585 772 586 773 586 774 586 651 587 591 587 590 587 775 588 776 588 598 588 675 589 674 589 556 589 777 590 778 590 779 590 52 591 780 591 781 591 782 592 783 592 784 592 721 593 625 593 785 593 585 594 587 594 786 594 654 595 787 595 485 595 349 596 300 596 318 596 408 597 467 597 444 597 474 598 476 598 639 598 788 599 716 599 789 599 327 600 310 600 309 600 13 601 92 601 725 601 492 602 453 602 452 602 790 603 555 603 762 603 791 604 792 604 793 604 190 605 794 605 795 605 796 606 797 606 798 606 799 607 800 607 712 607 801 608 576 608 802 608 365 609 695 609 612 609 476 610 803 610 708 610 804 611 527 611 608 611 709 612 805 612 806 612 807 613 808 613 700 613 126 614 677 614 151 614 809 615 810 615 577 615 811 616 812 616 634 616 745 617 744 617 53 617 262 618 443 618 813 618 814 619 815 619 816 619 384 620 618 620 385 620 104 621 817 621 818 621 106 622 819 622 41 622 374 623 820 623 821 623 822 624 823 624 824 624 561 625 825 625 666 625 551 626 553 626 826 626 827 627 828 627 829 627 830 628 493 628 831 628 832 629 614 629 833 629 834 630 549 630 833 630 835 631 836 631 837 631 713 632 540 632 838 632 802 633 504 633 421 633 748 634 615 634 617 634 628 635 627 635 480 635 600 636 839 636 593 636 676 637 840 637 630 637 631 638 633 638 841 638 842 639 843 639 512 639 440 640 439 640 714 640 844 641 845 641 846 641 46 642 48 642 404 642 101 643 46 643 404 643 847 644 848 644 849 644 713 645 850 645 538 645 76 646 851 646 852 646 73 647 853 647 31 647 322 648 854 648 855 648 508 649 522 649 856 649 294 650 288 650 283 650 345 651 338 651 857 651 827 652 858 652 828 652 538 653 521 653 696 653 859 654 860 654 468 654 441 655 622 655 630 655 861 656 862 656 863 656 864 657 736 657 865 657 635 658 701 658 714 658 433 659 482 659 516 659 866 660 867 660 568 660 868 661 752 661 753 661 868 662 753 662 869 662 834 663 431 663 549 663 710 664 677 664 620 664 535 665 870 665 490 665 528 666 871 666 544 666 439 667 872 667 634 667 141 668 873 668 874 668 121 669 875 669 876 669 58 670 877 670 878 670 879 671 880 671 446 671 881 672 882 672 883 672 728 673 491 673 729 673 884 674 885 674 712 674 886 675 887 675 888 675 889 676 890 676 891 676 892 677 893 677 894 677 895 678 896 678 897 678 547 679 898 679 566 679 389 680 391 680 414 680 428 681 570 681 621 681 468 682 860 682 644 682 315 683 899 683 316 683 595 684 900 684 596 684 487 685 901 685 488 685 902 686 903 686 894 686 580 687 500 687 499 687 543 688 542 688 463 688 295 689 287 689 461 689 380 690 404 690 904 690 443 691 532 691 905 691 906 692 907 692 908 692 815 693 717 693 517 693 508 694 909 694 910 694 445 695 410 695 334 695 447 696 473 696 448 696 65 697 911 697 9 697 68 698 912 698 913 698 183 699 914 699 915 699 585 700 786 700 916 700 917 701 881 701 918 701 919 702 608 702 918 702 920 703 921 703 797 703 492 704 796 704 493 704 922 705 885 705 923 705 374 706 376 706 820 706 321 707 854 707 322 707 554 708 322 708 855 708 924 709 925 709 926 709 693 710 927 710 552 710 928 711 929 711 930 711 576 712 575 712 931 712 654 713 932 713 831 713 270 714 768 714 933 714 328 715 934 715 539 715 670 716 617 716 616 716 286 717 511 717 272 717 481 718 480 718 673 718 476 719 648 719 803 719 542 720 935 720 464 720 463 721 542 721 464 721 466 722 644 722 936 722 937 723 708 723 524 723 703 724 938 724 939 724 703 725 746 725 938 725 527 726 606 726 608 726 940 727 778 727 845 727 843 728 941 728 512 728 702 729 701 729 635 729 942 730 892 730 943 730 386 731 740 731 944 731 517 732 716 732 788 732 377 733 379 733 945 733 656 734 910 734 909 734 849 735 946 735 804 735 652 736 932 736 654 736 2 737 947 737 948 737 180 738 949 738 950 738 28 739 951 739 952 739 953 740 954 740 718 740 728 741 730 741 955 741 609 742 956 742 957 742 771 743 496 743 958 743 821 744 478 744 771 744 820 745 361 745 821 745 362 746 361 746 820 746 766 747 854 747 959 747 772 748 776 748 773 748 668 749 960 749 399 749 748 750 961 750 767 750 539 751 934 751 540 751 566 752 898 752 698 752 962 753 567 753 698 753 963 754 964 754 962 754 965 755 966 755 967 755 955 756 924 756 746 756 597 757 596 757 632 757 631 758 597 758 632 758 968 759 805 759 709 759 756 760 755 760 676 760 192 761 862 761 176 761 866 762 969 762 867 762 460 763 497 763 752 763 637 764 970 764 559 764 971 765 972 765 973 765 501 766 402 766 525 766 350 767 859 767 974 767 742 768 386 768 944 768 99 769 971 769 973 769 717 770 716 770 517 770 424 771 487 771 489 771 528 772 527 772 946 772 804 773 946 773 527 773 387 774 975 774 326 774 215 775 976 775 224 775 436 776 438 776 830 776 558 777 436 777 977 777 47 778 978 778 979 778 187 779 980 779 981 779 879 780 982 780 983 780 984 781 985 781 986 781 958 782 609 782 957 782 987 783 822 783 824 783 667 784 960 784 668 784 988 785 928 785 930 785 989 786 990 786 991 786 370 787 731 787 588 787 612 788 614 788 832 788 594 789 992 789 731 789 658 790 657 790 643 790 993 791 768 791 270 791 994 792 768 792 993 792 995 793 996 793 890 793 889 794 995 794 890 794 245 795 997 795 996 795 861 796 998 796 862 796 999 797 509 797 994 797 662 798 1000 798 626 798 279 799 305 799 276 799 1001 800 845 800 777 800 638 801 639 801 937 801 1002 802 516 802 969 802 808 803 1003 803 700 803 138 804 277 804 1004 804 1005 805 1006 805 1007 805 349 806 859 806 350 806 424 807 489 807 1008 807 649 808 846 808 1001 808 578 809 1009 809 420 809 49 810 807 810 472 810 0 811 49 811 472 811 67 812 1010 812 864 812 1011 813 1012 813 1013 813 353 814 769 814 302 814 879 815 983 815 880 815 984 816 1014 816 985 816 1015 817 1016 817 1017 817 1018 818 881 818 1019 818 608 819 607 819 918 819 957 820 1020 820 796 820 887 821 956 821 888 821 655 822 766 822 959 822 552 823 927 823 553 823 731 824 1021 824 588 824 504 825 1022 825 510 825 933 826 510 826 1023 826 1024 827 1025 827 897 827 1026 828 1027 828 1028 828 697 829 699 829 563 829 1029 830 803 830 836 830 305 831 304 831 996 831 176 832 998 832 896 832 1030 833 1031 833 599 833 518 834 1032 834 1033 834 1034 835 1035 835 1036 835 633 836 632 836 593 836 806 837 647 837 901 837 423 838 968 838 709 838 516 839 482 839 867 839 62 840 460 840 752 840 461 841 460 841 1037 841 404 842 177 842 904 842 725 843 92 843 1038 843 622 844 430 844 1039 844 1040 845 1041 845 678 845 291 846 406 846 1040 846 1042 847 702 847 812 847 946 848 848 848 871 848 720 849 727 849 1043 849 846 850 845 850 1001 850 320 851 649 851 1001 851 1009 852 1044 852 420 852 310 853 815 853 517 853 85 854 975 854 387 854 436 855 932 855 977 855 748 856 544 856 615 856 713 857 659 857 850 857 680 858 697 858 681 858 113 859 1045 859 1046 859 592 860 770 860 1047 860 882 861 395 861 883 861 918 862 881 862 883 862 587 863 584 863 786 863 798 864 1048 864 787 864 831 865 798 865 787 865 429 866 1049 866 1050 866 955 867 730 867 1051 867 1052 868 1051 868 1053 868 1054 869 887 869 886 869 1055 870 1056 870 707 870 613 871 1054 871 614 871 858 872 1057 872 828 872 734 873 1058 873 1059 873 1060 874 1061 874 1062 874 835 875 1029 875 836 875 464 876 935 876 1063 876 512 877 1064 877 513 877 1034 878 1036 878 1065 878 312 879 314 879 1066 879 1067 880 1068 880 1035 880 1037 881 460 881 62 881 531 882 550 882 737 882 92 883 1069 883 1038 883 754 884 810 884 809 884 871 885 1070 885 1071 885 669 886 1034 886 1072 886 879 887 446 887 1026 887 102 888 1073 888 1074 888 1075 889 1076 889 1077 889 1078 890 1075 890 1077 890 985 891 1079 891 986 891 1080 892 1079 892 1081 892 1082 893 1083 893 770 893 718 894 1082 894 770 894 919 895 883 895 1084 895 919 896 1084 896 1085 896 919 897 918 897 883 897 1048 898 916 898 787 898 654 899 831 899 787 899 429 900 426 900 1049 900 1086 901 1050 901 1087 901 1088 902 1089 902 1090 902 800 903 884 903 712 903 376 904 959 904 820 904 562 905 666 905 776 905 930 906 693 906 552 906 642 907 515 907 1091 907 614 908 1054 908 886 908 401 909 403 909 352 909 1092 910 1093 910 988 910 801 911 669 911 576 911 670 912 672 912 1094 912 1095 913 1096 913 613 913 934 914 298 914 1097 914 569 915 657 915 734 915 1098 916 723 916 722 916 509 917 768 917 994 917 996 918 304 918 890 918 998 919 1024 919 897 919 560 920 1099 920 1100 920 378 921 1101 921 1061 921 579 922 581 922 1060 922 1015 923 847 923 1016 923 434 924 567 924 373 924 470 925 1102 925 696 925 548 926 936 926 1063 926 1103 927 1104 927 1100 927 939 928 938 928 1065 928 500 929 899 929 1105 929 1106 930 899 930 500 930 316 931 899 931 1106 931 593 932 632 932 594 932 1107 933 633 933 839 933 488 934 901 934 682 934 1108 935 1109 935 1110 935 497 936 450 936 753 936 341 937 348 937 378 937 810 938 756 938 393 938 1069 939 1111 939 1038 939 577 940 810 940 392 940 615 941 1005 941 616 941 727 942 1070 942 848 942 265 943 264 943 649 943 420 944 1044 944 1112 944 728 945 746 945 523 945 519 946 1113 946 520 946 416 947 418 947 725 947 726 948 212 948 398 948 747 949 473 949 1114 949 775 950 598 950 488 950 548 951 444 951 466 951 1115 952 1116 952 1076 952 1081 953 1079 953 985 953 1085 954 1084 954 1117 954 1085 955 1117 955 1016 955 395 956 534 956 1084 956 1118 957 584 957 587 957 493 958 798 958 831 958 607 959 917 959 918 959 920 960 797 960 1020 960 955 961 1051 961 925 961 496 962 609 962 958 962 383 963 821 963 771 963 1119 964 825 964 1120 964 342 965 1120 965 1121 965 667 966 1122 966 926 966 829 967 929 967 928 967 961 968 337 968 767 968 1023 969 1022 969 1123 969 1094 970 857 970 1124 970 670 971 1094 971 1124 971 589 972 588 972 828 972 858 973 1125 973 1057 973 802 974 1022 974 504 974 1097 975 297 975 672 975 861 976 459 976 1024 976 598 977 776 977 772 977 879 978 1026 978 1028 978 567 979 566 979 698 979 513 980 1126 980 269 980 621 981 570 981 733 981 997 982 305 982 996 982 862 983 998 983 176 983 348 984 1101 984 378 984 455 985 560 985 1100 985 325 986 469 986 473 986 1127 987 570 987 428 987 708 988 803 988 1029 988 620 989 677 989 621 989 840 990 937 990 630 990 638 991 840 991 1128 991 217 992 941 992 218 992 550 993 1037 993 61 993 580 994 1129 994 1106 994 1130 995 1131 995 1132 995 53 996 744 996 737 996 790 997 762 997 972 997 301 998 1133 998 759 998 1134 999 301 999 759 999 681 1000 563 1000 562 1000 785 1001 1006 1001 1135 1001 382 1002 456 1002 375 1002 293 1003 813 1003 1136 1003 29 1004 474 1004 639 1004 128 1005 1109 1005 129 1005 334 1006 333 1006 1129 1006 498 1007 640 1007 641 1007 847 1008 727 1008 848 1008 283 1009 287 1009 295 1009 436 1010 830 1010 932 1010 438 1011 453 1011 830 1011 381 1012 438 1012 454 1012 849 1013 804 1013 1085 1013 97 1014 67 1014 864 1014 302 1015 1137 1015 274 1015 302 1016 769 1016 1137 1016 1138 1017 1139 1017 1140 1017 1141 1018 986 1018 982 1018 1028 1019 1141 1019 982 1019 984 1020 986 1020 1141 1020 970 1021 1141 1021 1142 1021 391 1022 1143 1022 1144 1022 582 1023 584 1023 1118 1023 797 1024 1048 1024 798 1024 429 1025 1050 1025 491 1025 1053 1026 730 1026 1090 1026 922 1027 917 1027 885 1027 321 1028 362 1028 854 1028 855 1029 854 1029 766 1029 765 1030 824 1030 766 1030 1145 1031 823 1031 1146 1031 825 1032 822 1032 987 1032 666 1033 825 1033 1119 1033 926 1034 925 1034 522 1034 574 1035 668 1035 575 1035 1147 1036 1056 1036 1055 1036 337 1037 642 1037 767 1037 1022 1038 931 1038 1123 1038 588 1039 1021 1039 829 1039 728 1040 523 1040 491 1040 556 1041 674 1041 735 1041 1102 1042 328 1042 539 1042 696 1043 1102 1043 539 1043 896 1044 998 1044 897 1044 650 1045 591 1045 651 1045 699 1046 1145 1046 1146 1046 1027 1047 1142 1047 1028 1047 1148 1048 1149 1048 1027 1048 1062 1049 1148 1049 1027 1049 559 1050 1099 1050 560 1050 1150 1051 1060 1051 1062 1051 1151 1052 1118 1052 661 1052 397 1053 695 1053 365 1053 480 1054 627 1054 674 1054 867 1055 482 1055 643 1055 1152 1056 470 1056 696 1056 629 1057 470 1057 1152 1057 599 1058 1153 1058 571 1058 371 1059 964 1059 1154 1059 465 1060 464 1060 936 1060 1155 1061 465 1061 644 1061 938 1062 924 1062 1122 1062 1065 1063 938 1063 1122 1063 667 1064 1072 1064 1122 1064 1156 1065 1157 1065 1036 1065 778 1066 1093 1066 1092 1066 315 1067 363 1067 777 1067 900 1068 992 1068 596 1068 1068 1069 1158 1069 1035 1069 487 1070 709 1070 806 1070 1111 1071 805 1071 968 1071 456 1072 455 1072 1104 1072 903 1073 892 1073 894 1073 1131 1074 870 1074 1132 1074 1159 1075 1158 1075 1068 1075 744 1076 531 1076 737 1076 210 1077 218 1077 1160 1077 483 1078 577 1078 738 1078 1161 1079 483 1079 738 1079 358 1080 678 1080 600 1080 1162 1081 1041 1081 1040 1081 490 1082 870 1082 427 1082 446 1083 1150 1083 1026 1083 785 1084 1151 1084 1006 1084 721 1085 1070 1085 727 1085 775 1086 488 1086 682 1086 1136 1087 813 1087 1163 1087 477 1088 371 1088 1003 1088 715 1089 1161 1089 716 1089 508 1090 910 1090 367 1090 728 1091 955 1091 746 1091 849 1092 848 1092 946 1092 713 1093 838 1093 1164 1093 36 1094 212 1094 726 1094 636 1095 590 1095 637 1095 526 1096 606 1096 527 1096 637 1097 984 1097 970 1097 739 1098 1165 1098 760 1098 194 1099 1166 1099 1167 1099 1115 1100 1076 1100 1075 1100 1138 1101 1140 1101 1079 1101 1142 1102 1141 1102 1028 1102 970 1103 984 1103 1141 1103 770 1104 1168 1104 1047 1104 1017 1105 1143 1105 1083 1105 591 1106 953 1106 718 1106 1169 1107 954 1107 953 1107 720 1108 954 1108 1169 1108 582 1109 785 1109 625 1109 787 1110 916 1110 485 1110 730 1111 729 1111 1090 1111 885 1112 917 1112 607 1112 956 1113 1020 1113 957 1113 374 1114 821 1114 383 1114 655 1115 959 1115 376 1115 400 1116 960 1116 522 1116 1170 1117 1171 1117 1172 1117 929 1118 693 1118 930 1118 285 1119 284 1119 399 1119 1123 1120 931 1120 288 1120 403 1121 515 1121 642 1121 352 1122 403 1122 642 1122 748 1123 617 1123 961 1123 828 1124 588 1124 829 1124 359 1125 589 1125 307 1125 640 1126 1092 1126 988 1126 932 1127 830 1127 831 1127 297 1128 442 1128 1094 1128 263 1129 270 1129 933 1129 462 1130 731 1130 370 1130 1173 1131 832 1131 833 1131 989 1132 894 1132 990 1132 1026 1133 1062 1133 1027 1133 750 1134 661 1134 1174 1134 849 1135 1085 1135 1016 1135 847 1136 849 1136 1016 1136 673 1137 480 1137 674 1137 521 1138 1152 1138 696 1138 449 1139 629 1139 1175 1139 347 1140 1101 1140 348 1140 1104 1141 455 1141 1100 1141 256 1142 276 1142 997 1142 746 1143 924 1143 938 1143 1036 1144 939 1144 1065 1144 919 1145 804 1145 608 1145 315 1146 777 1146 779 1146 839 1147 633 1147 593 1147 1067 1148 1035 1148 1034 1148 679 1149 839 1149 600 1149 1039 1150 756 1150 676 1150 812 1151 702 1151 635 1151 450 1152 516 1152 1002 1152 1113 1153 1176 1153 1177 1153 603 1154 1178 1154 1158 1154 393 1155 756 1155 1039 1155 475 1156 973 1156 648 1156 789 1157 1161 1157 738 1157 1041 1158 679 1158 678 1158 1164 1159 1007 1159 660 1159 590 1160 592 1160 1014 1160 721 1161 785 1161 1135 1161 848 1162 1070 1162 871 1162 415 1163 301 1163 1134 1163 236 1164 1179 1164 578 1164 1180 1165 906 1165 908 1165 1114 1166 473 1166 447 1166 51 1167 747 1167 1114 1167 453 1168 493 1168 830 1168 1067 1169 1034 1169 669 1169 81 1170 1181 1170 1182 1170 1077 1171 1076 1171 769 1171 1183 1172 1078 1172 331 1172 1184 1173 1185 1173 1183 1173 410 1174 1186 1174 335 1174 983 1175 1187 1175 880 1175 1139 1176 1187 1176 983 1176 986 1177 1140 1177 982 1177 879 1178 1028 1178 982 1178 1047 1179 1081 1179 985 1179 1014 1180 1047 1180 985 1180 1083 1181 1168 1181 770 1181 1144 1182 1143 1182 1017 1182 1084 1183 534 1183 1117 1183 883 1184 395 1184 1084 1184 1188 1185 396 1185 882 1185 1018 1186 882 1186 881 1186 761 1187 585 1187 916 1187 493 1188 796 1188 798 1188 1087 1189 1049 1189 1188 1189 1189 1190 1086 1190 1087 1190 1020 1191 797 1191 796 1191 586 1192 1174 1192 587 1192 925 1193 1051 1193 856 1193 361 1194 478 1194 821 1194 1146 1195 823 1195 822 1195 1120 1196 825 1196 987 1196 515 1197 800 1197 799 1197 435 1198 800 1198 515 1198 692 1199 927 1199 693 1199 284 1200 668 1200 399 1200 575 1201 668 1201 284 1201 288 1202 575 1202 284 1202 338 1203 337 1203 961 1203 617 1204 1124 1204 961 1204 1008 1205 1170 1205 1172 1205 656 1206 1058 1206 657 1206 640 1207 988 1207 610 1207 837 1208 1190 1208 1055 1208 627 1209 1147 1209 735 1209 626 1210 1147 1210 627 1210 442 1211 857 1211 1094 1211 308 1212 307 1212 891 1212 890 1213 308 1213 891 1213 768 1214 510 1214 933 1214 1063 1215 1191 1215 1173 1215 1192 1216 1190 1216 837 1216 269 1217 993 1217 270 1217 1099 1218 1142 1218 1149 1218 1103 1219 1100 1219 1149 1219 1061 1220 1148 1220 1062 1220 419 1221 504 1221 509 1221 661 1222 1118 1222 1174 1222 570 1223 569 1223 733 1223 964 1224 567 1224 962 1224 619 1225 733 1225 732 1225 245 1226 996 1226 995 1226 904 1227 177 1227 896 1227 895 1228 904 1228 896 1228 1154 1229 964 1229 963 1229 371 1230 373 1230 964 1230 318 1231 1155 1231 860 1231 941 1232 1064 1232 512 1232 524 1233 708 1233 1029 1233 1193 1234 939 1234 1157 1234 779 1235 778 1235 1092 1235 363 1236 1001 1236 777 1236 1132 1237 1194 1237 1195 1237 1010 1238 736 1238 864 1238 714 1239 701 1239 1196 1239 451 1240 450 1240 497 1240 1197 1241 1130 1241 1132 1241 754 1242 756 1242 810 1242 737 1243 550 1243 61 1243 344 1244 393 1244 1039 1244 430 1245 344 1245 1039 1245 357 1246 1040 1246 678 1246 388 1247 289 1247 451 1247 375 1248 456 1248 533 1248 1070 1249 1135 1249 1071 1249 544 1250 871 1250 1071 1250 39 1251 841 1251 1107 1251 1198 1252 1080 1252 389 1252 411 1253 1199 1253 471 1253 919 1254 1085 1254 804 1254 15 1255 1200 1255 1201 1255 1202 1256 1203 1256 1204 1256 769 1257 1076 1257 1137 1257 331 1258 1078 1258 1077 1258 1186 1259 1184 1259 335 1259 1187 1260 1205 1260 1186 1260 880 1261 1187 1261 1186 1261 982 1262 1140 1262 983 1262 1015 1263 1017 1263 1083 1263 1117 1264 1144 1264 1017 1264 1016 1265 1117 1265 1017 1265 534 1266 1144 1266 1117 1266 486 1267 583 1267 719 1267 426 1268 396 1268 1049 1268 606 1269 799 1269 712 1269 409 1270 478 1270 361 1270 823 1271 855 1271 824 1271 1121 1272 1120 1272 987 1272 1206 1273 826 1273 1207 1273 553 1274 774 1274 826 1274 955 1275 925 1275 924 1275 1165 1276 887 1276 1054 1276 1032 1277 826 1277 1206 1277 931 1278 575 1278 288 1278 1124 1279 338 1279 961 1279 273 1280 1023 1280 1123 1280 307 1281 589 1281 1057 1281 1190 1282 1147 1282 1055 1282 266 1283 263 1283 933 1283 1149 1284 1142 1284 1027 1284 1100 1285 1099 1285 1149 1285 1026 1286 1150 1286 1062 1286 373 1287 567 1287 964 1287 1208 1288 1175 1288 966 1288 803 1289 1209 1289 836 1289 967 1290 966 1290 1177 1290 276 1291 305 1291 997 1291 568 1292 570 1292 1127 1292 641 1293 1032 1293 518 1293 340 1294 342 1294 1121 1294 1034 1295 1065 1295 1072 1295 1157 1296 939 1296 1036 1296 1035 1297 1156 1297 1036 1297 1194 1298 1193 1298 1210 1298 660 1299 1151 1299 661 1299 351 1300 350 1300 1066 1300 1158 1301 1156 1301 1035 1301 1178 1302 1156 1302 1158 1302 1211 1303 1212 1303 1210 1303 638 1304 937 1304 840 1304 622 1305 1039 1305 676 1305 277 1306 276 1306 256 1306 656 1307 658 1307 910 1307 333 1308 316 1308 1106 1308 1197 1309 1132 1309 1195 1309 1213 1310 1195 1310 1212 1310 1214 1311 1215 1311 1216 1311 330 1312 316 1312 333 1312 427 1313 870 1313 1131 1313 1135 1314 1006 1314 1005 1314 339 1315 974 1315 1217 1315 847 1316 1043 1316 727 1316 264 1317 1218 1317 649 1317 945 1318 518 1318 1033 1318 1179 1319 1009 1319 578 1319 326 1320 975 1320 816 1320 671 1321 1164 1321 838 1321 655 1322 1219 1322 765 1322 95 1323 541 1323 543 1323 80 1324 26 1324 1220 1324 1185 1325 1078 1325 1183 1325 1079 1326 1140 1326 986 1326 1138 1327 1079 1327 1080 1327 592 1328 1047 1328 1014 1328 954 1329 1082 1329 718 1329 1043 1330 1082 1330 954 1330 720 1331 1169 1331 625 1331 584 1332 583 1332 486 1332 916 1333 786 1333 485 1333 761 1334 916 1334 1048 1334 888 1335 956 1335 609 1335 503 1336 888 1336 609 1336 478 1337 496 1337 771 1337 1207 1338 773 1338 1119 1338 774 1339 773 1339 1207 1339 772 1340 774 1340 1171 1340 1056 1341 923 1341 707 1341 1058 1342 1221 1342 991 1342 833 1343 614 1343 886 1343 827 1344 829 1344 928 1344 1057 1345 589 1345 828 1345 354 1346 442 1346 683 1346 836 1347 1192 1347 837 1347 304 1348 308 1348 890 1348 459 1349 1222 1349 1024 1349 1126 1350 993 1350 269 1350 1103 1351 1149 1351 1148 1351 1209 1352 1192 1352 836 1352 1223 1353 1126 1353 1064 1353 644 1354 465 1354 936 1354 845 1355 778 1355 777 1355 498 1356 1105 1356 640 1356 1212 1357 1195 1357 1210 1357 647 1358 646 1358 1224 1358 487 1359 806 1359 901 1359 472 1360 645 1360 751 1360 1197 1361 1195 1361 1213 1361 1199 1362 749 1362 471 1362 147 1363 1127 1363 428 1363 163 1364 809 1364 577 1364 357 1365 678 1365 358 1365 533 1366 456 1366 1104 1366 528 1367 946 1367 871 1367 1015 1368 1043 1368 847 1368 323 1369 974 1369 339 1369 1163 1370 443 1370 905 1370 813 1371 443 1371 1163 1371 499 1372 518 1372 945 1372 134 1373 16 1373 814 1373 184 1374 1162 1374 406 1374 977 1375 932 1375 652 1375 636 1376 651 1376 590 1376 335 1377 1184 1377 1183 1377 1205 1378 1184 1378 1186 1378 410 1379 446 1379 880 1379 583 1380 1169 1380 719 1380 1049 1381 396 1381 1188 1381 729 1382 1050 1382 1086 1382 923 1383 885 1383 884 1383 452 1384 771 1384 958 1384 960 1385 926 1385 522 1385 1122 1386 924 1386 926 1386 922 1387 923 1387 1000 1387 1165 1388 1054 1388 1096 1388 1093 1389 928 1389 988 1389 891 1390 307 1390 1057 1390 1125 1391 891 1391 1057 1391 510 1392 1022 1392 1023 1392 894 1393 893 1393 990 1393 561 1394 563 1394 1146 1394 970 1395 1142 1395 1099 1395 1225 1396 629 1396 1152 1396 972 1397 1209 1397 648 1397 548 1398 466 1398 936 1398 860 1399 1155 1399 644 1399 703 1400 939 1400 1193 1400 1210 1401 1193 1401 1157 1401 899 1402 779 1402 1105 1402 596 1403 992 1403 594 1403 632 1404 596 1404 594 1404 1195 1405 1194 1405 1210 1405 901 1406 647 1406 1224 1406 805 1407 751 1407 806 1407 863 1408 862 1408 1216 1408 218 1409 941 1409 843 1409 467 1410 1217 1410 468 1410 969 1411 516 1411 867 1411 61 1412 1037 1412 62 1412 580 1413 1106 1413 500 1413 1067 1414 1112 1414 1068 1414 1226 1415 749 1415 1199 1415 1160 1416 218 1416 843 1416 1 1417 1111 1417 1069 1417 83 1418 1134 1418 759 1418 974 1419 859 1419 1217 1419 616 1420 1005 1420 1007 1420 721 1421 1135 1421 1070 1421 413 1422 427 1422 1131 1422 320 1423 1001 1423 363 1423 397 1424 380 1424 904 1424 743 1425 1163 1425 905 1425 716 1426 1161 1426 789 1426 247 1427 249 1427 264 1427 311 1428 517 1428 788 1428 651 1429 977 1429 652 1429 84 1430 1227 1430 1228 1430 332 1431 1183 1431 331 1431 1168 1432 1081 1432 1047 1432 1143 1433 1168 1433 1083 1433 1015 1434 1083 1434 1082 1434 390 1435 1143 1435 391 1435 719 1436 1169 1436 953 1436 1229 1437 1087 1437 1188 1437 491 1438 1050 1438 729 1438 712 1439 885 1439 607 1439 1230 1440 1020 1440 956 1440 824 1441 855 1441 766 1441 522 1442 925 1442 856 1442 927 1443 1171 1443 553 1443 707 1444 923 1444 884 1444 1000 1445 923 1445 1056 1445 626 1446 1056 1446 1147 1446 1096 1447 1054 1447 613 1447 992 1448 1021 1448 731 1448 672 1449 297 1449 1094 1449 695 1450 1095 1450 613 1450 1025 1451 1096 1451 1095 1451 1231 1452 1232 1452 723 1452 548 1453 1173 1453 549 1453 1101 1454 1148 1454 1061 1454 272 1455 513 1455 269 1455 1175 1456 629 1456 1225 1456 648 1457 1209 1457 803 1457 865 1458 736 1458 1155 1458 525 1459 524 1459 1029 1459 1003 1460 1154 1460 700 1460 424 1461 423 1461 709 1461 634 1462 812 1462 635 1462 989 1463 902 1463 894 1463 1129 1464 333 1464 1106 1464 742 1465 967 1465 1176 1465 1044 1466 1159 1466 1068 1466 532 1467 531 1467 905 1467 367 1468 910 1468 368 1468 1103 1469 347 1469 1104 1469 1071 1470 1135 1470 1005 1470 615 1471 1071 1471 1005 1471 1218 1472 846 1472 649 1472 1233 1473 811 1473 634 1473 421 1474 420 1474 1112 1474 16 1475 717 1475 815 1475 16 1476 815 1476 814 1476 619 1477 732 1477 1231 1477 479 1478 943 1478 1234 1478 159 1479 184 1479 514 1479 286 1480 1235 1480 511 1480 1236 1481 1229 1481 1018 1481 199 1482 1237 1482 1238 1482 329 1483 331 1483 1077 1483 332 1484 335 1484 1183 1484 1140 1485 1139 1485 983 1485 720 1486 1043 1486 954 1486 1050 1487 1049 1487 1087 1487 1229 1488 1189 1488 1087 1488 1019 1489 881 1489 917 1489 1090 1490 729 1490 1086 1490 1174 1491 1118 1491 587 1491 1239 1492 1052 1492 1053 1492 765 1493 1121 1493 987 1493 1221 1494 1052 1494 1239 1494 610 1495 930 1495 552 1495 857 1496 338 1496 1124 1496 1232 1497 1059 1497 990 1497 292 1498 308 1498 304 1498 970 1499 1099 1499 559 1499 568 1500 867 1500 643 1500 1066 1501 1153 1501 1031 1501 1064 1502 1126 1502 513 1502 177 1503 176 1503 896 1503 245 1504 254 1504 997 1504 1033 1505 1032 1505 1206 1505 835 1506 525 1506 1029 1506 630 1507 937 1507 524 1507 1219 1508 340 1508 1121 1508 498 1509 500 1509 1105 1509 1211 1510 1156 1510 1178 1510 870 1511 1194 1511 1132 1511 841 1512 633 1512 1107 1512 371 1513 1154 1513 1003 1513 1038 1514 1111 1514 968 1514 943 1515 892 1515 903 1515 603 1516 1158 1516 1159 1516 1112 1517 1044 1517 1068 1517 738 1518 577 1518 392 1518 406 1519 1162 1519 1040 1519 489 1520 1170 1520 1008 1520 1006 1521 1151 1521 660 1521 1007 1522 1006 1522 660 1522 414 1523 1131 1523 1130 1523 743 1524 905 1524 744 1524 261 1525 532 1525 443 1525 683 1526 788 1526 789 1526 801 1527 802 1527 421 1527 203 1528 1240 1528 1241 1528 329 1529 1077 1529 769 1529 601 1530 1185 1530 602 1530 625 1531 1169 1531 583 1531 485 1532 786 1532 486 1532 776 1533 666 1533 773 1533 826 1534 774 1534 1207 1534 399 1535 960 1535 400 1535 772 1536 1171 1536 1170 1536 1021 1537 929 1537 829 1537 694 1538 929 1538 1021 1538 990 1539 1059 1539 991 1539 1091 1540 515 1540 799 1540 767 1541 642 1541 1091 1541 802 1542 931 1542 1022 1542 802 1543 576 1543 931 1543 694 1544 1021 1544 992 1544 732 1545 734 1545 1059 1545 893 1546 1232 1546 990 1546 723 1547 1232 1547 893 1547 298 1548 297 1548 1097 1548 838 1549 1097 1549 672 1549 1191 1550 832 1550 1173 1550 898 1551 1145 1551 699 1551 697 1552 962 1552 698 1552 469 1553 1102 1553 470 1553 935 1554 1191 1554 1063 1554 1224 1555 646 1555 963 1555 254 1556 256 1556 997 1556 639 1557 708 1557 937 1557 765 1558 1219 1558 1121 1558 1072 1559 1065 1559 1122 1559 940 1560 1093 1560 778 1560 1105 1561 779 1561 1092 1561 640 1562 1105 1562 1092 1562 740 1563 1222 1563 944 1563 700 1564 1154 1564 646 1564 751 1565 647 1565 806 1565 405 1566 751 1566 805 1566 1109 1567 1196 1567 1110 1567 757 1568 1128 1568 755 1568 48 1569 177 1569 404 1569 637 1570 1014 1570 984 1570 347 1571 533 1571 1104 1571 615 1572 544 1572 1071 1572 414 1573 413 1573 1131 1573 129 1574 1109 1574 1108 1574 1198 1575 1138 1575 1080 1575 636 1576 558 1576 977 1576 670 1577 616 1577 671 1577 1242 1578 1184 1578 1205 1578 396 1579 395 1579 882 1579 786 1580 584 1580 486 1580 1051 1581 730 1581 1053 1581 856 1582 1051 1582 1052 1582 959 1583 362 1583 820 1583 1243 1584 1207 1584 1119 1584 1171 1585 774 1585 553 1585 735 1586 1147 1586 1190 1586 897 1587 1025 1587 1095 1587 674 1588 627 1588 735 1588 563 1589 699 1589 1146 1589 1110 1590 675 1590 556 1590 749 1591 1030 1591 599 1591 535 1592 1194 1592 870 1592 511 1593 842 1593 512 1593 1128 1594 840 1594 755 1594 973 1595 972 1595 648 1595 1215 1596 863 1596 1216 1596 38 1597 842 1597 1235 1597 659 1598 1164 1598 660 1598 637 1599 590 1599 1014 1599 775 1600 682 1600 681 1600 1244 1601 907 1601 1214 1601 975 1602 814 1602 816 1602 1245 1603 1234 1603 1246 1603 650 1604 652 1604 484 1604 636 1605 977 1605 651 1605 410 1606 880 1606 1186 1606 1018 1607 1188 1607 882 1607 921 1608 1048 1608 797 1608 854 1609 362 1609 959 1609 765 1610 987 1610 824 1610 610 1611 988 1611 930 1611 657 1612 1058 1612 734 1612 889 1613 891 1613 1125 1613 732 1614 1232 1614 1231 1614 540 1615 934 1615 1097 1615 861 1616 1024 1616 998 1616 1103 1617 1148 1617 1101 1617 698 1618 898 1618 699 1618 1153 1619 547 1619 571 1619 701 1620 675 1620 1196 1620 437 1621 560 1621 455 1621 1211 1622 1210 1622 1157 1622 315 1623 779 1623 899 1623 677 1624 428 1624 621 1624 755 1625 840 1625 676 1625 1216 1626 862 1626 192 1626 910 1627 658 1627 368 1627 54 1628 737 1628 61 1628 281 1629 295 1629 461 1629 1247 1630 844 1630 846 1630 249 1631 1218 1631 264 1631 201 1632 108 1632 868 1632 35 1633 1248 1633 1249 1633 1172 1634 1171 1634 927 1634 643 1635 657 1635 569 1635 482 1636 658 1636 643 1636 324 1637 328 1637 1102 1637 1031 1638 1153 1638 599 1638 1103 1639 1101 1639 347 1639 965 1640 1208 1640 966 1640 646 1641 1154 1641 963 1641 417 1642 597 1642 418 1642 682 1643 901 1643 1224 1643 680 1644 682 1644 1224 1644 405 1645 805 1645 1111 1645 759 1646 1133 1646 1030 1646 1217 1647 859 1647 468 1647 368 1648 658 1648 482 1648 868 1649 108 1649 752 1649 281 1650 461 1650 1037 1650 850 1651 659 1651 750 1651 1176 1652 967 1652 1177 1652 405 1653 1111 1653 1 1653 1236 1654 1018 1654 1019 1654 1246 1655 943 1655 903 1655 872 1656 1233 1656 634 1656 389 1657 1080 1657 390 1657 6 1658 7 1658 278 1658 484 1659 652 1659 654 1659 1250 1660 1251 1660 1252 1660 1076 1661 1116 1661 1137 1661 1242 1662 1185 1662 1184 1662 920 1663 1020 1663 1230 1663 773 1664 666 1664 1119 1664 989 1665 991 1665 1239 1665 1230 1666 887 1666 1165 1666 667 1667 926 1667 960 1667 545 1668 767 1668 1091 1668 827 1669 928 1669 1093 1669 760 1670 1165 1670 1096 1670 762 1671 1209 1671 972 1671 108 1672 62 1672 752 1672 357 1673 291 1673 1040 1673 598 1674 1170 1674 489 1674 866 1675 568 1675 1127 1675 816 1676 815 1676 310 1676 574 1677 669 1677 1072 1677 667 1678 574 1678 1072 1678 431 1679 503 1679 432 1679 834 1680 503 1680 431 1680 1253 1681 1254 1681 1255 1681 1015 1682 1082 1682 1043 1682 1059 1683 1058 1683 991 1683 266 1684 1023 1684 273 1684 760 1685 1025 1685 1222 1685 944 1686 1222 1686 459 1686 1256 1687 714 1687 1196 1687 90 1688 679 1688 1041 1688 598 1689 772 1689 1170 1689 514 1690 184 1690 406 1690 1257 1691 1258 1691 447 1691 412 1692 394 1692 413 1692 55 1693 1259 1693 1260 1693 694 1694 693 1694 929 1694 656 1695 909 1695 1221 1695 526 1696 799 1696 606 1696 895 1697 897 1697 1095 1697 1177 1698 966 1698 1225 1698 736 1699 465 1699 1155 1699 865 1700 1155 1700 318 1700 1211 1701 1157 1701 1156 1701 463 1702 736 1702 1010 1702 999 1703 236 1703 578 1703 908 1704 907 1704 1244 1704 1088 1705 902 1705 1089 1705 1261 1706 1139 1706 1138 1706 650 1707 719 1707 953 1707 1243 1708 1206 1708 1207 1708 834 1709 833 1709 886 1709 549 1710 1173 1710 833 1710 571 1711 547 1711 566 1711 1004 1712 277 1712 256 1712 1256 1713 440 1713 714 1713 905 1714 531 1714 744 1714 392 1715 810 1715 393 1715 671 1716 1007 1716 1164 1716 611 1717 533 1717 346 1717 472 1718 807 1718 645 1718 7 1719 159 1719 514 1719 457 1720 965 1720 458 1720 390 1721 1168 1721 1143 1721 670 1722 1124 1722 617 1722 671 1723 838 1723 672 1723 234 1724 1126 1724 1223 1724 1133 1725 1031 1725 1030 1725 801 1726 1112 1726 1067 1726 724 1727 942 1727 1042 1727 1262 1728 1199 1728 411 1728 18 1729 1263 1729 1264 1729 390 1730 1080 1730 1081 1730 492 1731 957 1731 796 1731 922 1732 1019 1732 917 1732 656 1733 1221 1733 1058 1733 732 1734 1059 1734 1232 1734 1222 1735 1025 1735 1024 1735 548 1736 1063 1736 1173 1736 1265 1737 586 1737 618 1737 535 1738 703 1738 1193 1738 416 1739 725 1739 1038 1739 681 1740 697 1740 563 1740 801 1741 421 1741 1112 1741 1261 1742 1138 1742 1198 1742 115 1743 1266 1743 44 1743 761 1744 1048 1744 921 1744 1243 1745 1119 1745 1120 1745 834 1746 886 1746 888 1746 551 1747 826 1747 1032 1747 502 1748 707 1748 884 1748 526 1749 545 1749 1091 1749 582 1750 1118 1750 1151 1750 143 1751 1191 1751 935 1751 936 1752 464 1752 1063 1752 418 1753 597 1753 631 1753 281 1754 1037 1754 550 1754 976 1755 138 1755 1004 1755 1256 1756 1109 1756 128 1756 372 1757 1262 1757 411 1757 1243 1758 1120 1758 342 1758 684 1759 837 1759 1055 1759 294 1760 280 1760 273 1760 535 1761 1193 1761 1194 1761 940 1762 827 1762 1093 1762 758 1763 759 1763 1030 1763 790 1764 972 1764 971 1764 224 1765 976 1765 1004 1765 407 1766 467 1766 408 1766 165 1767 1127 1767 147 1767 1267 1768 811 1768 1233 1768 602 1769 1178 1769 603 1769 546 1770 313 1770 554 1770 801 1771 1067 1771 669 1771 1018 1772 1229 1772 1188 1772 909 1773 1052 1773 1221 1773 508 1774 856 1774 909 1774 557 1775 735 1775 1190 1775 379 1776 378 1776 1061 1776 680 1777 963 1777 962 1777 366 1778 1191 1778 143 1778 869 1779 753 1779 1002 1779 282 1780 281 1780 550 1780 1235 1781 842 1781 511 1781 300 1782 1133 1782 301 1782 671 1783 616 1783 1007 1783 907 1784 1215 1784 1214 1784 267 1785 532 1785 261 1785 191 1786 872 1786 439 1786 543 1787 463 1787 1010 1787 111 1788 42 1788 1268 1788 390 1789 1081 1789 1168 1789 650 1790 484 1790 719 1790 991 1791 1221 1791 1239 1791 626 1792 1000 1792 1056 1792 838 1793 540 1793 1097 1793 546 1794 898 1794 547 1794 966 1795 1175 1795 1225 1795 551 1796 1032 1796 641 1796 645 1797 807 1797 700 1797 385 1798 618 1798 761 1798 1269 1799 1270 1799 1189 1799 684 1800 1055 1800 707 1800 760 1801 1096 1801 1025 1801 895 1802 1095 1802 695 1802 309 1803 298 1803 934 1803 762 1804 1192 1804 1209 1804 1196 1805 675 1805 1110 1805 1271 1806 1000 1806 662 1806 458 1807 967 1807 742 1807 582 1808 1151 1808 785 1808 866 1809 1127 1809 165 1809 1272 1810 866 1810 165 1810 581 1811 499 1811 945 1811 579 1812 1129 1812 580 1812 364 1813 726 1813 398 1813 650 1814 953 1814 591 1814 266 1815 933 1815 1023 1815 1098 1816 1231 1816 723 1816 324 1817 1102 1817 469 1817 753 1818 450 1818 1002 1818 1270 1819 903 1819 902 1819 1273 1820 1267 1820 1233 1820 1274 1821 1179 1821 258 1821 775 1822 681 1822 562 1822 1089 1823 1239 1823 1053 1823 526 1824 1091 1824 799 1824 680 1825 962 1825 697 1825 555 1826 1110 1826 556 1826 760 1827 1222 1827 740 1827 417 1828 595 1828 597 1828 1272 1829 969 1829 866 1829 520 1830 1113 1830 1177 1830 407 1831 360 1831 339 1831 722 1832 724 1832 1042 1832 909 1833 856 1833 1052 1833 1271 1834 922 1834 1000 1834 1270 1835 902 1835 1088 1835 1088 1836 1090 1836 1086 1836 1089 1837 1053 1837 1090 1837 492 1838 958 1838 957 1838 1230 1839 956 1839 887 1839 502 1840 884 1840 800 1840 844 1841 940 1841 845 1841 1234 1842 943 1842 1246 1842 336 1843 344 1843 430 1843 33 1844 29 1844 638 1844 561 1845 822 1845 825 1845 561 1846 1146 1846 822 1846 711 1847 1033 1847 1206 1847 355 1848 789 1848 738 1848 458 1849 742 1849 944 1849 834 1850 888 1850 503 1850 546 1851 554 1851 1145 1851 407 1852 339 1852 1217 1852 422 1853 424 1853 1008 1853 88 1854 1233 1854 872 1854 685 1855 631 1855 841 1855 1275 1856 900 1856 595 1856 309 1857 934 1857 328 1857 366 1858 832 1858 1191 1858 458 1859 944 1859 459 1859 457 1860 459 1860 861 1860 611 1861 1219 1861 655 1861 1247 1862 889 1862 1125 1862 741 1863 740 1863 386 1863 692 1864 1172 1864 927 1864 684 1865 835 1865 837 1865 680 1866 1224 1866 963 1866 1271 1867 1019 1867 922 1867 377 1868 1033 1868 711 1868 850 1869 521 1869 538 1869 479 1870 942 1870 943 1870 346 1871 340 1871 1219 1871 154 1872 1276 1872 1272 1872 835 1873 501 1873 525 1873 895 1874 397 1874 904 1874 282 1875 532 1875 267 1875 479 1876 481 1876 942 1876 492 1877 452 1877 958 1877 1089 1878 989 1878 1239 1878 234 1879 994 1879 993 1879 694 1880 992 1880 900 1880 19 1881 843 1881 842 1881 692 1882 694 1882 900 1882 1088 1883 1086 1883 1189 1883 724 1884 723 1884 893 1884 1247 1885 1125 1885 844 1885 234 1886 993 1886 1126 1886 1277 1887 1174 1887 586 1887 895 1888 695 1888 397 1888 999 1889 578 1889 419 1889 758 1890 1030 1890 749 1890 758 1891 749 1891 1226 1891 1271 1892 1236 1892 1019 1892 1116 1893 319 1893 1137 1893 554 1894 823 1894 1145 1894 775 1895 562 1895 776 1895 306 1896 291 1896 357 1896 1278 1897 1107 1897 839 1897 19 1898 842 1898 38 1898 407 1899 1217 1899 467 1899 685 1900 13 1900 725 1900 940 1901 858 1901 827 1901 1089 1902 902 1902 989 1902 739 1903 1230 1903 1165 1903 412 1904 1144 1904 534 1904 1269 1905 1189 1905 1229 1905 1256 1906 1196 1906 1109 1906 1279 1907 1215 1907 1280 1907 713 1908 1164 1908 659 1908 1281 1909 1187 1909 1139 1909 554 1910 855 1910 823 1910 1274 1911 1009 1911 1179 1911 425 1912 97 1912 864 1912 741 1913 921 1913 920 1913 349 1914 318 1914 860 1914 412 1915 534 1915 394 1915 435 1916 502 1916 800 1916 314 1917 547 1917 1153 1917 724 1918 892 1918 942 1918 1278 1919 679 1919 90 1919 790 1920 1108 1920 555 1920 481 1921 1042 1921 942 1921 739 1922 920 1922 1230 1922 366 1923 365 1923 612 1923 722 1924 812 1924 811 1924 88 1925 1273 1925 1233 1925 555 1926 1108 1926 1110 1926 479 1927 1234 1927 628 1927 1265 1928 1176 1928 1113 1928 519 1929 521 1929 850 1929 1269 1930 1246 1930 1270 1930 366 1931 612 1931 832 1931 379 1932 1061 1932 1060 1932 546 1933 1145 1933 898 1933 19 1934 1160 1934 843 1934 327 1935 816 1935 310 1935 1269 1936 1229 1936 1236 1936 1098 1937 722 1937 811 1937 581 1938 945 1938 379 1938 1245 1939 1271 1939 662 1939 1270 1940 1246 1940 903 1940 296 1941 683 1941 442 1941 844 1942 1125 1942 858 1942 520 1943 1152 1943 521 1943 1276 1944 969 1944 1272 1944 377 1945 341 1945 378 1945 1245 1946 662 1946 1234 1946 1270 1947 1088 1947 1189 1947 1282 1948 620 1948 619 1948 384 1949 1265 1949 618 1949 314 1950 1153 1950 1066 1950 711 1951 1206 1951 1243 1951 1234 1952 662 1952 628 1952 445 1953 1150 1953 446 1953 1247 1954 846 1954 1218 1954 1275 1955 692 1955 900 1955 1277 1956 750 1956 1174 1956 416 1957 1038 1957 968 1957 377 1958 711 1958 341 1958 739 1959 741 1959 920 1959 257 1960 995 1960 889 1960 1275 1961 1008 1961 1172 1961 351 1962 1066 1962 1031 1962 458 1963 965 1963 967 1963 416 1964 968 1964 423 1964 1278 1965 839 1965 679 1965 557 1966 1190 1966 1192 1966 325 1967 473 1967 747 1967 711 1968 1243 1968 342 1968 844 1969 858 1969 940 1969 412 1970 391 1970 1144 1970 1279 1971 863 1971 1215 1971 425 1972 864 1972 865 1972 385 1973 761 1973 921 1973 520 1974 1225 1974 1152 1974 299 1975 865 1975 318 1975 155 1976 790 1976 971 1976 312 1977 1066 1977 350 1977 257 1978 1218 1978 249 1978 999 1979 419 1979 509 1979 299 1980 425 1980 865 1980 354 1981 857 1981 442 1981 257 1982 889 1982 1247 1982 1245 1983 1236 1983 1271 1983 1283 1984 1211 1984 1178 1984 1281 1985 1139 1985 1261 1985 385 1986 741 1986 386 1986 355 1987 683 1987 789 1987 33 1988 638 1988 1128 1988 557 1989 1192 1989 762 1989 1279 1990 1208 1990 965 1990 257 1991 1247 1991 1218 1991 684 1992 501 1992 835 1992 601 1993 1078 1993 1185 1993 1269 1994 1245 1994 1246 1994 481 1995 702 1995 1042 1995 481 1996 673 1996 702 1996 445 1997 334 1997 1129 1997 385 1998 921 1998 741 1998 294 1999 1123 1999 288 1999 1265 2000 1113 2000 1277 2000 724 2001 893 2001 892 2001 581 2002 379 2002 1060 2002 479 2003 628 2003 480 2003 1276 2004 1002 2004 969 2004 1280 2005 907 2005 906 2005 457 2006 861 2006 863 2006 520 2007 1177 2007 1225 2007 351 2008 1133 2008 300 2008 1284 2009 1281 2009 1213 2009 1285 2010 1044 2010 1009 2010 155 2011 129 2011 1108 2011 1269 2012 1236 2012 1245 2012 1265 2013 1277 2013 586 2013 389 2014 414 2014 1130 2014 1284 2015 1213 2015 1212 2015 611 2016 346 2016 1219 2016 354 2017 345 2017 857 2017 722 2018 1042 2018 812 2018 1286 2019 1208 2019 1280 2019 11 2020 841 2020 39 2020 349 2021 860 2021 859 2021 1198 2022 389 2022 1130 2022 1276 2023 869 2023 1002 2023 351 2024 1031 2024 1133 2024 519 2025 850 2025 750 2025 1198 2026 1130 2026 1197 2026 519 2027 1277 2027 1113 2027 1261 2028 1197 2028 1213 2028 519 2029 750 2029 1277 2029 384 2030 742 2030 1176 2030 1257 2031 1180 2031 1258 2031 155 2032 1108 2032 790 2032 1261 2033 1198 2033 1197 2033 1098 2034 811 2034 1267 2034 1281 2035 1205 2035 1187 2035 1275 2036 1172 2036 692 2036 579 2037 1060 2037 1150 2037 1279 2038 1280 2038 1208 2038 312 2039 350 2039 974 2039 1285 2040 1115 2040 1287 2040 581 2041 580 2041 499 2041 1283 2042 1212 2042 1211 2042 1284 2043 1205 2043 1281 2043 1288 2044 620 2044 1282 2044 312 2045 974 2045 323 2045 11 2046 685 2046 841 2046 327 2047 326 2047 816 2047 1282 2048 619 2048 1231 2048 259 2049 274 2049 260 2049 1287 2050 1115 2050 1075 2050 1280 2051 1215 2051 907 2051 422 2052 595 2052 417 2052 11 2053 13 2053 685 2053 1279 2054 965 2054 457 2054 1284 2055 1242 2055 1205 2055 1286 2056 1280 2056 906 2056 384 2057 1176 2057 1265 2057 1137 2058 319 2058 274 2058 1286 2059 1175 2059 1208 2059 422 2060 1008 2060 1275 2060 1284 2061 1283 2061 1242 2061 23 2062 1235 2062 286 2062 1284 2063 1212 2063 1283 2063 1257 2064 447 2064 449 2064 1281 2065 1261 2065 1213 2065 1288 2066 1267 2066 1273 2066 602 2067 1283 2067 1178 2067 1285 2068 1009 2068 1274 2068 601 2069 1075 2069 1078 2069 271 2070 813 2070 293 2070 602 2071 1185 2071 1242 2071 296 2072 788 2072 683 2072 377 2073 945 2073 1033 2073 271 2074 262 2074 813 2074 1288 2075 1282 2075 1267 2075 445 2076 1129 2076 579 2076 1285 2077 1287 2077 1159 2077 422 2078 1275 2078 595 2078 79 2079 1258 2079 1180 2079 1274 2080 258 2080 1116 2080 296 2081 311 2081 788 2081 258 2082 319 2082 1116 2082 294 2083 273 2083 1123 2083 445 2084 579 2084 1150 2084 1285 2085 1159 2085 1044 2085 1287 2086 603 2086 1159 2086 1274 2087 1116 2087 1115 2087 1279 2088 457 2088 863 2088 1098 2089 1267 2089 1282 2089 1098 2090 1282 2090 1231 2090 1258 2091 1114 2091 447 2091 602 2092 1242 2092 1283 2092 1288 2093 710 2093 620 2093 1257 2094 1286 2094 906 2094 1287 2095 1075 2095 601 2095 1286 2096 449 2096 1175 2096 1287 2097 601 2097 603 2097 1257 2098 449 2098 1286 2098 1285 2099 1274 2099 1115 2099 1257 2100 906 2100 1180 2100 150 2101 1276 2101 154 2101 150 2102 869 2102 1276 2102 122 2103 1288 2103 1273 2103 122 2104 710 2104 1288 2104 274 2105 319 2105 260 2105 319 2106 240 2106 260 2106 240 2107 239 2107 260 2107 260 2108 239 2108 252 2108 252 2109 239 2109 253 2109 248 2110 251 2110 1289 2110 227 2111 1289 2111 228 2111 251 2112 255 2112 1289 2112 239 2113 243 2113 253 2113 235 2114 258 2114 1179 2114 243 2115 250 2115 253 2115 1289 2116 255 2116 228 2116 235 2117 1179 2117 236 2117 246 2118 995 2118 257 2118 226 2119 1004 2119 256 2119 228 2120 255 2120 229 2120 253 2121 250 2121 255 2121 232 2122 234 2122 1223 2122 246 2123 245 2123 995 2123 226 2124 224 2124 1004 2124 244 2125 1289 2125 227 2125 230 2126 231 2126 1223 2126 233 2127 994 2127 234 2127 233 2128 236 2128 999 2128 230 2129 1223 2129 1064 2129 230 2130 941 2130 217 2130 244 2131 248 2131 1289 2131 255 2132 250 2132 229 2132 242 2133 221 2133 250 2133 220 2134 221 2134 242 2134 233 2135 999 2135 994 2135 230 2136 1064 2136 941 2136 232 2137 1223 2137 231 2137 232 2138 231 2138 241 2138 232 2139 241 2139 237 2139 250 2140 221 2140 229 2140 221 2141 222 2141 229 2141 229 2142 222 2142 225 2142 213 2143 225 2143 216 2143 219 2144 209 2144 222 2144 225 2145 222 2145 216 2145 207 2146 209 2146 219 2146 222 2147 209 2147 216 2147 209 2148 211 2148 216 2148 216 2149 211 2149 214 2149 208 2150 172 2150 211 2150 214 2151 211 2151 168 2151 89 2152 90 2152 1041 2152 1290 2153 128 2153 111 2153 89 2154 1041 2154 1162 2154 211 2155 172 2155 168 2155 1291 2156 180 2156 179 2156 1292 2157 1293 2157 110 2157 3 2158 948 2158 1294 2158 3 2159 2 2159 948 2159 132 2160 85 2160 133 2160 1295 2161 1011 2161 97 2161 198 2162 161 2162 483 2162 198 2163 1161 2163 715 2163 1296 2164 1297 2164 79 2164 149 2165 201 2165 868 2165 149 2166 869 2166 150 2166 205 2167 75 2167 140 2167 1298 2168 162 2168 161 2168 153 2169 194 2169 154 2169 60 2170 1253 2170 49 2170 124 2171 976 2171 215 2171 168 2172 172 2172 1250 2172 110 2173 1293 2173 84 2173 94 2174 133 2174 85 2174 198 2175 483 2175 1161 2175 139 2176 1214 2176 205 2176 1299 2177 49 2177 1253 2177 149 2178 868 2178 869 2178 1300 2179 372 2179 477 2179 185 2180 745 2180 53 2180 1301 2181 1302 2181 1295 2181 96 2182 97 2182 1011 2182 1303 2183 1278 2183 90 2183 1303 2184 90 2184 8 2184 1304 2185 1163 2185 743 2185 144 2186 541 2186 188 2186 205 2187 1214 2187 1216 2187 114 2188 757 2188 754 2188 77 2189 79 2189 1297 2189 118 2190 159 2190 7 2190 169 2191 168 2191 1250 2191 178 2192 1226 2192 1199 2192 1295 2193 1302 2193 1011 2193 202 2194 203 2194 130 2194 186 2195 120 2195 122 2195 1305 2196 189 2196 191 2196 167 2197 214 2197 168 2197 69 2198 293 2198 1136 2198 78 2199 1258 2199 79 2199 78 2200 51 2200 1114 2200 1300 2201 1262 2201 372 2201 1306 2202 210 2202 1160 2202 142 2203 188 2203 34 2203 139 2204 205 2204 140 2204 1307 2205 184 2205 183 2205 1308 2206 174 2206 116 2206 167 2207 196 2207 124 2207 167 2208 124 2208 215 2208 172 2209 171 2209 1250 2209 144 2210 542 2210 541 2210 144 2211 143 2211 935 2211 170 2212 172 2212 208 2212 142 2213 34 2213 726 2213 142 2214 364 2214 143 2214 1309 2215 201 2215 193 2215 178 2216 1262 2216 179 2216 50 2217 747 2217 51 2217 50 2218 85 2218 387 2218 1310 2219 1107 2219 1278 2219 1304 2220 1136 2220 1163 2220 103 2221 1003 2221 808 2221 205 2222 1216 2222 192 2222 66 2223 95 2223 543 2223 66 2224 1010 2224 67 2224 1311 2225 2 2225 1 2225 179 2226 1262 2226 1300 2226 179 2227 1300 2227 704 2227 114 2228 754 2228 809 2228 152 2229 154 2229 1272 2229 145 2230 72 2230 47 2230 1312 2231 1046 2231 564 2231 171 2232 573 2232 1251 2232 1312 2233 113 2233 1046 2233 1312 2234 564 2234 197 2234 21 2235 784 2235 529 2235 171 2236 200 2236 573 2236 21 2237 529 2237 22 2237 171 2238 1251 2238 1250 2238 1313 2239 874 2239 688 2239 17 2240 1314 2240 1263 2240 1315 2241 28 2241 952 2241 1316 2242 80 2242 1220 2242 173 2243 22 2243 530 2243 1313 2244 141 2244 874 2244 169 2245 536 2245 196 2245 82 2246 792 2246 791 2246 1297 2247 689 2247 1317 2247 21 2248 782 2248 784 2248 82 2249 1228 2249 792 2249 112 2250 605 2250 1045 2250 82 2251 84 2251 1228 2251 1315 2252 952 2252 1203 2252 173 2253 530 2253 1314 2253 153 2254 1166 2254 194 2254 105 2255 818 2255 705 2255 105 2256 705 2256 704 2256 1313 2257 688 2257 687 2257 169 2258 1252 2258 536 2258 86 2259 795 2259 763 2259 17 2260 1263 2260 18 2260 112 2261 162 2261 605 2261 86 2262 763 2262 87 2262 1302 2263 791 2263 793 2263 1302 2264 793 2264 1012 2264 1293 2265 950 2265 1227 2265 1297 2266 687 2266 689 2266 1293 2267 180 2267 950 2267 1315 2268 1203 2268 1202 2268 112 2269 1045 2269 113 2269 1293 2270 1227 2270 84 2270 127 2271 15 2271 1201 2271 37 2272 686 2272 12 2272 105 2273 104 2273 818 2273 127 2274 1201 2274 1237 2274 148 2275 623 2275 193 2275 1318 2276 1253 2276 1255 2276 148 2277 1167 2277 623 2277 169 2278 1250 2278 1252 2278 1290 2279 111 2279 1268 2279 37 2280 158 2280 686 2280 1316 2281 1220 2281 947 2281 1318 2282 1255 2282 817 2282 127 2283 1237 2283 199 2283 189 2284 794 2284 190 2284 148 2285 194 2285 1167 2285 1318 2286 817 2286 104 2286 1302 2287 1012 2287 1011 2287 86 2288 190 2288 795 2288 120 2289 764 2289 875 2289 120 2290 87 2290 764 2290 189 2291 665 2291 794 2291 120 2292 875 2292 121 2292 1290 2293 1268 2293 664 2293 189 2294 663 2294 665 2294 1316 2295 947 2295 2 2295 1290 2296 664 2296 663 2296 153 2297 981 2297 1166 2297 153 2298 187 2298 981 2298 1319 2299 911 2299 65 2299 1319 2300 183 2300 915 2300 1319 2301 915 2301 911 2301 1319 2302 65 2302 89 2302 1296 2303 79 2303 1180 2303 178 2304 1199 2304 1262 2304 27 2305 951 2305 28 2305 27 2306 197 2306 565 2306 20 2307 717 2307 16 2307 1320 2308 1304 2308 743 2308 1321 2309 505 2309 507 2309 1321 2310 783 2310 782 2310 27 2311 565 2311 951 2311 1322 2312 1299 2312 1318 2312 56 2313 780 2313 52 2313 56 2314 81 2314 1182 2314 1323 2315 73 2315 151 2315 1309 2316 877 2316 58 2316 1309 2317 193 2317 624 2317 1295 2318 97 2318 425 2318 170 2319 1306 2319 200 2319 170 2320 210 2320 1306 2320 63 2321 35 2321 1249 2321 1308 2322 4 2322 6 2322 110 2323 83 2323 758 2323 185 2324 1260 2324 1324 2324 186 2325 1273 2325 88 2325 1321 2326 507 2326 783 2326 1325 2327 440 2327 1256 2327 206 2328 33 2328 1128 2328 1308 2329 116 2329 4 2329 1323 2330 853 2330 73 2330 1323 2331 121 2331 876 2331 93 2332 1235 2332 23 2332 71 2333 912 2333 68 2333 56 2334 1182 2334 780 2334 167 2335 215 2335 214 2335 202 2336 188 2336 541 2336 69 2337 23 2337 293 2337 1309 2338 624 2338 877 2338 1320 2339 505 2339 1304 2339 1326 2340 1204 2340 1327 2340 136 2341 164 2341 30 2341 77 2342 1181 2342 81 2342 78 2343 1114 2343 1258 2343 70 2344 1309 2344 58 2344 1328 2345 99 2345 973 2345 63 2346 1249 2346 1329 2346 132 2347 975 2347 85 2347 132 2348 134 2348 814 2348 96 2349 1011 2349 1013 2349 69 2350 782 2350 21 2350 60 2351 1254 2351 1253 2351 185 2352 55 2352 1260 2352 17 2353 173 2353 1314 2353 1299 2354 807 2354 49 2354 204 2355 35 2355 130 2355 202 2356 541 2356 95 2356 14 2357 1330 2357 1200 2357 195 2358 710 2358 122 2358 1321 2359 1304 2359 505 2359 160 2360 140 2360 76 2360 125 2361 196 2361 537 2361 125 2362 1266 2362 115 2362 1308 2363 6 2363 275 2363 98 2364 971 2364 99 2364 202 2365 130 2365 188 2365 144 2366 935 2366 542 2366 107 2367 1240 2367 203 2367 107 2368 68 2368 913 2368 70 2369 201 2369 1309 2369 1298 2370 161 2370 199 2370 94 2371 52 2371 781 2371 94 2372 690 2372 133 2372 123 2373 976 2373 124 2373 74 2374 1160 2374 19 2374 1331 2375 4 2375 116 2375 1331 2376 5 2376 4 2376 139 2377 1244 2377 1214 2377 1332 2378 18 2378 1264 2378 1332 2379 572 2379 200 2379 125 2380 124 2380 196 2380 170 2381 208 2381 210 2381 166 2382 978 2382 47 2382 166 2383 102 2383 1074 2383 142 2384 726 2384 364 2384 1323 2385 876 2385 853 2385 1307 2386 1162 2386 184 2386 50 2387 387 2387 747 2387 118 2388 495 2388 119 2388 71 2389 1333 2389 912 2389 1310 2390 39 2390 1107 2390 137 2391 1330 2391 14 2391 145 2392 851 2392 76 2392 145 2393 47 2393 979 2393 1334 2394 506 2394 505 2394 1326 2395 1202 2395 1204 2395 131 2396 163 2396 162 2396 160 2397 76 2397 852 2397 160 2398 873 2398 141 2398 103 2399 477 2399 1003 2399 77 2400 1317 2400 1181 2400 117 2401 119 2401 914 2401 66 2402 543 2402 1010 2402 1335 2403 1312 2403 206 2403 77 2404 1297 2404 1317 2404 206 2405 1312 2405 197 2405 1336 2406 59 2406 58 2406 1336 2407 55 2407 59 2407 136 2408 187 2408 164 2408 204 2409 1248 2409 35 2409 204 2410 203 2410 1241 2410 70 2411 57 2411 108 2411 1299 2412 1253 2412 1318 2412 152 2413 1272 2413 165 2413 1310 2414 156 2414 39 2414 1310 2415 64 2415 156 2415 60 2416 3 2416 1294 2416 136 2417 980 2417 187 2417 1332 2418 200 2418 1306 2418 181 2419 102 2419 146 2419 181 2420 1073 2420 102 2420 1298 2421 199 2421 1238 2421 1298 2422 604 2422 162 2422 100 2423 819 2423 106 2423 96 2424 1013 2424 1333 2424 100 2425 1326 2425 1327 2425 131 2426 114 2426 809 2426 1291 2427 704 2427 706 2427 1291 2428 949 2428 180 2428 1336 2429 1259 2429 55 2429 1336 2430 58 2430 878 2430 1337 2431 29 2431 28 2431 1331 2432 494 2432 5 2432 1331 2433 116 2433 653 2433 137 2434 133 2434 691 2434 1305 2435 191 2435 440 2435 1296 2436 687 2436 1297 2436 60 2437 1294 2437 1254 2437 1334 2438 185 2438 1324 2438 91 2439 1316 2439 1311 2439 1338 2440 69 2440 1136 2440 1339 2441 687 2441 1296 2441 93 2442 173 2442 38 2442 14 2443 1200 2443 15 2443 182 2444 88 2444 872 2444 137 2445 14 2445 134 2445 1296 2446 1180 2446 908 2446 1328 2447 1326 2447 99 2447 1325 2448 128 2448 1290 2448 1291 2449 179 2449 704 2449 20 2450 715 2450 717 2450 125 2451 537 2451 1266 2451 182 2452 191 2452 190 2452 182 2453 872 2453 191 2453 1334 2454 745 2454 185 2454 96 2455 1333 2455 71 2455 109 2456 477 2456 103 2456 135 2457 199 2457 198 2457 107 2458 913 2458 1240 2458 94 2459 781 2459 690 2459 100 2460 99 2460 1326 2460 1322 2461 808 2461 1299 2461 1332 2462 1264 2462 572 2462 1325 2463 1290 2463 663 2463 1295 2464 425 2464 415 2464 1292 2465 110 2465 1226 2465 110 2466 758 2466 1226 2466 109 2467 704 2467 1300 2467 166 2468 1074 2468 978 2468 91 2469 80 2469 1316 2469 70 2470 108 2470 201 2470 74 2471 18 2471 1332 2471 135 2472 127 2472 199 2472 1340 2473 83 2473 82 2473 1341 2474 1202 2474 1328 2474 131 2475 162 2475 112 2475 186 2476 122 2476 1273 2476 109 2477 105 2477 704 2477 1339 2478 1296 2478 908 2478 1338 2479 782 2479 69 2479 1305 2480 440 2480 1325 2480 1301 2481 1295 2481 415 2481 118 2482 5 2482 495 2482 181 2483 63 2483 1329 2483 135 2484 715 2484 20 2484 1325 2485 1256 2485 128 2485 206 2486 1128 2486 757 2486 93 2487 22 2487 173 2487 145 2488 979 2488 851 2488 93 2489 38 2489 1235 2489 1340 2490 791 2490 1301 2490 1334 2491 1324 2491 506 2491 1301 2492 415 2492 1134 2492 1301 2493 791 2493 1302 2493 160 2494 852 2494 873 2494 1335 2495 206 2495 757 2495 117 2496 914 2496 183 2496 186 2497 87 2497 120 2497 1328 2498 973 2498 475 2498 132 2499 814 2499 975 2499 1307 2500 89 2500 1162 2500 1341 2501 1328 2501 475 2501 1339 2502 908 2502 1244 2502 131 2503 809 2503 163 2503 1340 2504 1301 2504 1134 2504 1339 2505 1313 2505 687 2505 204 2506 1241 2506 1248 2506 123 2507 138 2507 976 2507 1299 2508 808 2508 807 2508 136 2509 32 2509 980 2509 1341 2510 1315 2510 1202 2510 1328 2511 1202 2511 1326 2511 1337 2512 474 2512 29 2512 1303 2513 8 2513 64 2513 182 2514 190 2514 86 2514 1341 2515 475 2515 474 2515 181 2516 1329 2516 1073 2516 1298 2517 1238 2517 604 2517 74 2518 1332 2518 1306 2518 195 2519 121 2519 1323 2519 100 2520 1327 2520 819 2520 195 2521 151 2521 710 2521 1335 2522 757 2522 114 2522 1291 2523 706 2523 949 2523 109 2524 1300 2524 477 2524 1292 2525 1226 2525 178 2525 1311 2526 1 2526 1069 2526 135 2527 198 2527 715 2527 1322 2528 103 2528 808 2528 91 2529 1311 2529 1069 2529 98 2530 155 2530 971 2530 1303 2531 1310 2531 1278 2531 1340 2532 1134 2532 83 2532 1331 2533 653 2533 494 2533 91 2534 1069 2534 92 2534 1308 2535 275 2535 174 2535 1337 2536 1315 2536 1341 2536 137 2537 691 2537 1330 2537 1307 2538 1319 2538 89 2538 1311 2539 1316 2539 2 2539 1336 2540 878 2540 1259 2540 1320 2541 743 2541 745 2541 195 2542 1323 2542 151 2542 1338 2543 1136 2543 1304 2543 1307 2544 183 2544 1319 2544 1292 2545 180 2545 1293 2545 1320 2546 1334 2546 505 2546 1292 2547 178 2547 180 2547 74 2548 1306 2548 1160 2548 1342 2549 1313 2549 1339 2549 1338 2550 1304 2550 1321 2550 1340 2551 82 2551 791 2551 1335 2552 114 2552 113 2552 1335 2553 113 2553 1312 2553 1337 2554 28 2554 1315 2554 1342 2555 139 2555 141 2555 1305 2556 1325 2556 663 2556 1337 2557 1341 2557 474 2557 1303 2558 64 2558 1310 2558 1338 2559 1321 2559 782 2559 1322 2560 1318 2560 104 2560 1305 2561 663 2561 189 2561 1342 2562 1339 2562 1244 2562 1342 2563 141 2563 1313 2563 1342 2564 1244 2564 139 2564 1322 2565 104 2565 103 2565 1320 2566 745 2566 1334 2566 1343 2567 1344 2567 911 2567 1345 2568 911 2568 1344 2568 1346 2569 653 2569 1347 2569 1348 2570 1349 2570 1350 2570 1351 2571 1352 2571 1353 2571 1354 2572 1355 2572 877 2572 1356 2573 1357 2573 763 2573 1358 2574 665 2574 1359 2574 1360 2575 1200 2575 1361 2575 1362 2576 852 2576 1363 2576 1364 2577 1365 2577 1366 2577 1367 2578 1368 2578 1369 2578 1370 2579 978 2579 1371 2579 1372 2580 1373 2580 1374 2580 1375 2581 1046 2581 1376 2581 1377 2582 1378 2582 1379 2582 1380 2583 1073 2583 1381 2583 1382 2584 1383 2584 1384 2584 1385 2585 1386 2585 1387 2585 1388 2586 1238 2586 1389 2586 1390 2587 764 2587 1357 2587 1391 2588 1392 2588 1393 2588 1343 2589 915 2589 1394 2589 1395 2590 1167 2590 1396 2590 1346 2591 1347 2591 1397 2591 1348 2592 1350 2592 119 2592 1351 2593 981 2593 1352 2593 1354 2594 1398 2594 1355 2594 1356 2595 1399 2595 1357 2595 1358 2596 1359 2596 1400 2596 1360 2597 1361 2597 1401 2597 1362 2598 1363 2598 1402 2598 1367 2599 705 2599 1368 2599 1364 2600 1254 2600 1365 2600 1370 2601 1371 2601 1403 2601 1377 2602 1204 2602 1378 2602 1380 2603 1381 2603 1404 2603 1372 2604 780 2604 1373 2604 1375 2605 1376 2605 1405 2605 1382 2606 572 2606 1383 2606 1385 2607 605 2607 1386 2607 1390 2608 1357 2608 1406 2608 1388 2609 1389 2609 1407 2609 1391 2610 874 2610 1392 2610 1343 2611 1394 2611 1408 2611 1395 2612 1396 2612 1409 2612 1394 2613 915 2613 914 2613 1410 2614 1411 2614 1412 2614 1359 2615 665 2615 664 2615 1413 2616 1414 2616 1415 2616 1416 2617 819 2617 1327 2617 1357 2618 764 2618 763 2618 1417 2619 1418 2619 1419 2619 1420 2620 1421 2620 1422 2620 1423 2621 1424 2621 1425 2621 1426 2622 1427 2622 1373 2622 1389 2623 1237 2623 1428 2623 1414 2624 1429 2624 1415 2624 1347 2625 45 2625 1430 2625 1431 2626 1266 2626 537 2626 1432 2627 878 2627 1355 2627 1433 2628 795 2628 794 2628 1434 2629 1435 2629 1436 2629 1437 2630 495 2630 494 2630 1438 2631 691 2631 690 2631 1430 2632 45 2632 44 2632 1439 2633 1440 2633 1441 2633 1347 2634 653 2634 45 2634 1442 2635 1443 2635 1444 2635 1445 2636 1446 2636 1447 2636 1448 2637 565 2637 564 2637 1449 2638 952 2638 951 2638 1450 2639 530 2639 529 2639 1451 2640 624 2640 623 2640 1452 2641 507 2641 506 2641 1350 2642 1349 2642 1453 2642 1386 2643 1454 2643 1387 2643 1455 2644 1456 2644 1457 2644 1412 2645 1411 2645 1458 2645 1355 2646 878 2646 877 2646 1376 2647 1046 2647 1045 2647 1432 2648 1259 2648 878 2648 1459 2649 1460 2649 1383 2649 1396 2650 1167 2650 1166 2650 1461 2651 1263 2651 1314 2651 1462 2652 1463 2652 1464 2652 1465 2653 1466 2653 1467 2653 1373 2654 1427 2654 1374 2654 1352 2655 1458 2655 1353 2655 1468 2656 31 2656 853 2656 1371 2657 978 2657 1074 2657 1352 2658 1412 2658 1458 2658 1428 2659 1237 2659 1201 2659 1469 2660 1181 2660 1317 2660 1470 2661 1456 2661 1455 2661 1471 2662 689 2662 688 2662 1381 2663 1073 2663 1329 2663 1472 2664 1461 2664 1314 2664 1473 2665 1474 2665 1475 2665 1425 2666 1424 2666 1476 2666 1477 2667 1478 2667 1479 2667 1480 2668 1465 2668 1467 2668 1383 2669 1460 2669 1384 2669 1481 2670 1425 2670 1476 2670 1478 2671 1482 2671 1479 2671 1483 2672 1484 2672 1485 2672 1422 2673 1421 2673 1486 2673 1487 2674 1488 2674 686 2674 1489 2675 1249 2675 1248 2675 1490 2676 1491 2676 1492 2676 1493 2677 947 2677 1220 2677 1378 2678 1494 2678 1379 2678 1495 2679 1228 2679 1227 2679 1496 2680 1363 2680 851 2680 1497 2681 1498 2681 1499 2681 1500 2682 1443 2682 1442 2682 1501 2683 1203 2683 952 2683 1502 2684 783 2684 507 2684 1410 2685 1503 2685 1411 2685 1504 2686 949 2686 706 2686 1505 2687 1490 2687 1492 2687 1506 2688 1507 2688 1508 2688 1509 2689 1441 2689 1510 2689 1511 2690 1512 2690 1513 2690 1470 2691 1442 2691 1444 2691 1496 2692 851 2692 979 2692 1363 2693 852 2693 851 2693 1514 2694 1515 2694 1516 2694 1500 2695 1517 2695 1443 2695 1509 2696 1439 2696 1441 2696 1518 2697 1447 2697 1519 2697 1520 2698 1521 2698 1507 2698 1506 2699 1508 2699 1365 2699 1368 2700 1422 2700 1486 2700 1434 2701 1475 2701 1435 2701 1413 2702 1415 2702 1446 2702 1518 2703 1445 2703 1447 2703 1522 2704 1523 2704 1524 2704 1520 2705 1507 2705 1506 2705 1525 2706 1526 2706 1527 2706 1528 2707 1417 2707 1419 2707 1365 2708 1508 2708 1366 2708 1487 2709 686 2709 158 2709 1529 2710 1530 2710 1466 2710 1480 2711 1467 2711 1531 2711 1528 2712 1419 2712 1532 2712 1501 2713 952 2713 1449 2713 1533 2714 1474 2714 1473 2714 1477 2715 1534 2715 1423 2715 1481 2716 1476 2716 1498 2716 1426 2717 1535 2717 1427 2717 1472 2718 1314 2718 530 2718 1536 2719 1537 2719 1523 2719 1538 2720 1522 2720 1524 2720 1505 2721 1492 2721 1539 2721 1533 2722 1540 2722 1474 2722 1459 2723 1541 2723 1460 2723 1345 2724 1344 2724 1537 2724 1538 2725 1524 2725 1542 2725 1436 2726 1435 2726 1482 2726 1470 2727 1444 2727 1456 2727 1361 2728 1200 2728 1330 2728 1423 2729 1534 2729 1424 2729 1481 2730 1498 2730 1497 2730 1488 2731 25 2731 686 2731 1392 2732 1543 2732 1393 2732 1345 2733 1537 2733 1536 2733 1536 2734 1523 2734 1522 2734 1420 2735 1544 2735 1421 2735 1368 2736 1486 2736 1369 2736 1477 2737 1479 2737 1534 2737 1389 2738 1238 2738 1237 2738 1434 2739 1473 2739 1475 2739 1545 2740 1546 2740 1547 2740 1548 2741 1549 2741 1463 2741 1436 2742 1482 2742 1478 2742 1462 2743 1548 2743 1463 2743 1472 2744 530 2744 1450 2744 1413 2745 1446 2745 1445 2745 1502 2746 507 2746 1452 2746 1529 2747 1466 2747 1465 2747 1350 2748 1453 2748 1394 2748 1350 2749 1394 2749 914 2749 1502 2750 1418 2750 1417 2750 1545 2751 1547 2751 1430 2751 1529 2752 1259 2752 1432 2752 1502 2753 1417 2753 783 2753 1500 2754 819 2754 1416 2754 1501 2755 1494 2755 1378 2755 1511 2756 691 2756 1438 2756 1450 2757 1528 2757 1532 2757 1545 2758 1430 2758 44 2758 1529 2759 1432 2759 1530 2759 1514 2760 565 2760 1448 2760 1525 2761 1527 2761 1381 2761 1462 2762 1464 2762 1495 2762 1455 2763 1457 2763 1359 2763 1511 2764 1438 2764 1512 2764 1501 2765 1378 2765 1203 2765 1483 2766 689 2766 1471 2766 1455 2767 1359 2767 664 2767 1514 2768 1448 2768 1515 2768 1500 2769 1416 2769 1517 2769 1462 2770 1495 2770 1227 2770 1480 2771 1531 2771 1452 2771 1518 2772 1519 2772 1431 2772 1518 2773 1431 2773 537 2773 1483 2774 1471 2774 1484 2774 1545 2775 1266 2775 1431 2775 1505 2776 1493 2776 1220 2776 1459 2777 1263 2777 1461 2777 1525 2778 1381 2778 1329 2778 1450 2779 529 2779 1528 2779 1410 2780 31 2780 1468 2780 1525 2781 1489 2781 1526 2781 1480 2782 1452 2782 506 2782 1520 2783 1493 2783 1521 2783 1533 2784 1495 2784 1540 2784 1548 2785 1504 2785 1549 2785 1538 2786 1487 2786 158 2786 1488 2787 1490 2787 25 2787 1509 2788 1468 2788 853 2788 1426 2789 1469 2789 1535 2789 1514 2790 1449 2790 951 2790 1511 2791 1513 2791 1361 2791 1483 2792 1469 2792 1317 2792 1533 2793 1228 2793 1495 2793 1514 2794 1516 2794 1449 2794 1505 2795 1539 2795 1493 2795 1459 2796 1461 2796 1541 2796 1426 2797 1181 2797 1469 2797 1410 2798 1468 2798 1503 2798 1488 2799 1491 2799 1490 2799 1489 2800 1497 2800 1499 2800 1548 2801 949 2801 1504 2801 1525 2802 1249 2802 1489 2802 1538 2803 1542 2803 1487 2803 1483 2804 1485 2804 1469 2804 1520 2805 947 2805 1493 2805 1489 2806 1248 2806 1497 2806 1511 2807 1361 2807 1330 2807 1545 2808 1431 2808 1546 2808 1509 2809 1510 2809 1468 2809 1550 2810 1372 2810 1551 2810 1550 2811 781 2811 1372 2811 1362 2812 873 2812 852 2812 1382 2813 573 2813 572 2813 1382 2814 1384 2814 1429 2814 1362 2815 1402 2815 1543 2815 1356 2816 1552 2816 1399 2816 1372 2817 781 2817 780 2817 1346 2818 494 2818 653 2818 1372 2819 1374 2819 1551 2819 1377 2820 1379 2820 1553 2820 1550 2821 690 2821 781 2821 1356 2822 763 2822 795 2822 1370 2823 1403 2823 1554 2823 1388 2824 1407 2824 1454 2824 1395 2825 1409 2825 1555 2825 1360 2826 1201 2826 1200 2826 1390 2827 1406 2827 1440 2827 1351 2828 1353 2828 1556 2828 1395 2829 623 2829 1167 2829 1367 2830 1369 2830 1557 2830 1388 2831 604 2831 1238 2831 1343 2832 911 2832 915 2832 1348 2833 1558 2833 1349 2833 1343 2834 1408 2834 1344 2834 1375 2835 564 2835 1046 2835 1385 2836 1045 2836 605 2836 1354 2837 877 2837 624 2837 1385 2838 1387 2838 1559 2838 1375 2839 1405 2839 1560 2839 1348 2840 119 2840 495 2840 1354 2841 1561 2841 1398 2841 1391 2842 688 2842 874 2842 1377 2843 1327 2843 1204 2843 1360 2844 1401 2844 1562 2844 1364 2845 1366 2845 1544 2845 1380 2846 1404 2846 1563 2846 1364 2847 1255 2847 1254 2847 1380 2848 1074 2848 1073 2848 1370 2849 979 2849 978 2849 1390 2850 875 2850 764 2850 1351 2851 1166 2851 981 2851 1367 2852 706 2852 705 2852 1550 2853 1551 2853 1564 2853 1358 2854 1400 2854 1565 2854 1391 2855 1393 2855 1566 2855 1346 2856 1397 2856 1567 2856 1358 2857 794 2857 665 2857 1394 2858 1453 2858 1408 2858 1413 2859 1251 2859 1414 2859 1417 2860 784 2860 783 2860 1359 2861 1457 2861 1400 2861 1357 2862 1399 2862 1406 2862 1410 2863 1412 2863 32 2863 1459 2864 1383 2864 1264 2864 1416 2865 1553 2865 1517 2865 1414 2866 1251 2866 573 2866 1496 2867 1568 2867 1363 2867 1450 2868 1532 2868 1569 2868 1481 2869 1240 2869 1425 2869 1461 2870 1570 2870 1541 2870 1477 2871 1333 2871 1478 2871 1445 2872 536 2872 1252 2872 1438 2873 1564 2873 1512 2873 1373 2874 780 2874 1182 2874 1430 2875 1547 2875 1571 2875 1433 2876 1565 2876 1552 2876 1437 2877 1567 2877 1558 2877 1350 2878 914 2878 119 2878 1448 2879 1560 2879 1515 2879 1452 2880 1531 2880 1572 2880 1347 2881 1571 2881 1397 2881 1352 2882 980 2882 1412 2882 1386 2883 605 2883 604 2883 1439 2884 876 2884 875 2884 1376 2885 1559 2885 1405 2885 1451 2886 1555 2886 1561 2886 1462 2887 1227 2887 950 2887 1396 2888 1556 2888 1409 2888 1355 2889 1398 2889 1573 2889 1470 2890 1455 2890 1268 2890 1431 2891 1519 2891 1546 2891 1455 2892 664 2892 1268 2892 1412 2893 980 2893 32 2893 1389 2894 1428 2894 1574 2894 1352 2895 981 2895 980 2895 1381 2896 1527 2896 1404 2896 1449 2897 1516 2897 1575 2897 1426 2898 1373 2898 1182 2898 1428 2899 1562 2899 1574 2899 1432 2900 1573 2900 1530 2900 1465 2901 1324 2901 1260 2901 1468 2902 1510 2902 1503 2902 1472 2903 1570 2903 1461 2903 1509 2904 876 2904 1439 2904 1480 2905 1324 2905 1465 2905 1347 2906 1430 2906 1571 2906 1493 2907 1539 2907 1521 2907 1518 2908 536 2908 1445 2908 1420 2909 1422 2909 817 2909 1509 2910 853 2910 876 2910 1432 2911 1355 2911 1573 2911 1533 2912 1473 2912 792 2912 1528 2913 784 2913 1417 2913 1469 2914 1485 2914 1535 2914 1473 2915 793 2915 792 2915 1363 2916 1568 2916 1402 2916 1378 2917 1204 2917 1203 2917 1471 2918 1566 2918 1484 2918 1425 2919 1240 2919 913 2919 1470 2920 42 2920 1442 2920 1478 2921 1333 2921 1013 2921 1481 2922 1497 2922 1241 2922 1442 2923 42 2923 41 2923 1472 2924 1450 2924 1569 2924 1392 2925 874 2925 873 2925 1545 2926 44 2926 1266 2926 1371 2927 1563 2927 1403 2927 1502 2928 1572 2928 1418 2928 1472 2929 1569 2929 1570 2929 1422 2930 818 2930 817 2930 1434 2931 1436 2931 1012 2931 1520 2932 948 2932 947 2932 1497 2933 1248 2933 1241 2933 1514 2934 951 2934 565 2934 1389 2935 1574 2935 1407 2935 1483 2936 1317 2936 689 2936 1410 2937 32 2937 31 2937 1528 2938 529 2938 784 2938 1490 2939 26 2939 25 2939 1368 2940 705 2940 818 2940 1548 2941 950 2941 949 2941 1511 2942 1330 2942 691 2942 1500 2943 1442 2943 41 2943 1506 2944 1294 2944 948 2944 1533 2945 792 2945 1228 2945 1426 2946 1182 2946 1181 2946 1489 2947 1499 2947 1526 2947 1383 2948 572 2948 1264 2948 1496 2949 1554 2949 1568 2949 1361 2950 1513 2950 1401 2950 1536 2951 1522 2951 10 2951 1436 2952 1013 2952 1012 2952 1525 2953 1329 2953 1249 2953 1536 2954 10 2954 9 2954 1420 2955 817 2955 1255 2955 1480 2956 506 2956 1324 2956 1488 2957 1576 2957 1491 2957 1495 2958 1464 2958 1540 2958 1423 2959 1425 2959 913 2959 1413 2960 1445 2960 1252 2960 1345 2961 9 2961 911 2961 1345 2962 1536 2962 9 2962 1481 2963 1241 2963 1240 2963 1413 2964 1252 2964 1251 2964 1518 2965 537 2965 536 2965 1487 2966 1542 2966 1576 2966 1501 2967 1449 2967 1575 2967 1529 2968 1260 2968 1259 2968 1365 2969 1254 2969 1294 2969 1423 2970 913 2970 912 2970 1522 2971 157 2971 10 2971 1538 2972 158 2972 157 2972 1506 2973 1365 2973 1294 2973 1477 2974 1423 2974 912 2974 1434 2975 1012 2975 793 2975 1477 2976 912 2976 1333 2976 1470 2977 1268 2977 42 2977 1504 2978 1557 2978 1549 2978 1501 2979 1575 2979 1494 2979 1459 2980 1264 2980 1263 2980 1505 2981 26 2981 1490 2981 1368 2982 818 2982 1422 2982 1500 2983 41 2983 819 2983 1505 2984 1220 2984 26 2984 1529 2985 1465 2985 1260 2985 1520 2986 1506 2986 948 2986 1462 2987 950 2987 1548 2987 1487 2988 1576 2988 1488 2988 1538 2989 157 2989 1522 2989 1502 2990 1452 2990 1572 2990 1436 2991 1478 2991 1013 2991 1434 2992 793 2992 1473 2992 1395 2993 1451 2993 623 2993 1391 2994 1471 2994 688 2994 1390 2995 1440 2995 1439 2995 1388 2996 1454 2996 1386 2996 1385 2997 1376 2997 1045 2997 1382 2998 1429 2998 1414 2998 1375 2999 1448 2999 564 2999 1380 3000 1371 3000 1074 3000 1377 3001 1416 3001 1327 3001 1550 3002 1438 3002 690 3002 1370 3003 1496 3003 979 3003 1504 3004 706 3004 1367 3004 1420 3005 1364 3005 1544 3005 1392 3006 1362 3006 1543 3006 1360 3007 1428 3007 1201 3007 1358 3008 1433 3008 794 3008 1356 3009 795 3009 1433 3009 1354 3010 624 3010 1451 3010 1351 3011 1396 3011 1166 3011 1348 3012 495 3012 1437 3012 1346 3013 1437 3013 494 3013 1395 3014 1555 3014 1451 3014 1390 3015 1439 3015 875 3015 1391 3016 1566 3016 1471 3016 1388 3017 1386 3017 604 3017 1385 3018 1559 3018 1376 3018 1382 3019 1414 3019 573 3019 1375 3020 1560 3020 1448 3020 1377 3021 1553 3021 1416 3021 1380 3022 1563 3022 1371 3022 1550 3023 1564 3023 1438 3023 1370 3024 1554 3024 1496 3024 1504 3025 1367 3025 1557 3025 1420 3026 1255 3026 1364 3026 1392 3027 873 3027 1362 3027 1360 3028 1562 3028 1428 3028 1358 3029 1565 3029 1433 3029 1356 3030 1433 3030 1552 3030 1354 3031 1451 3031 1561 3031 1351 3032 1556 3032 1396 3032 1348 3033 1437 3033 1558 3033 1346 3034 1567 3034 1437 3034 1577 3035 1578 3035 1579 3035 1580 3036 1457 3036 1456 3036 1581 3037 1510 3037 1441 3037 1582 3038 1583 3038 1584 3038 1583 3039 1585 3039 1584 3039 1586 3040 1578 3040 1577 3040 1587 3041 1532 3041 1419 3041 1588 3042 1589 3042 1590 3042 1591 3043 1427 3043 1535 3043 1592 3044 1507 3044 1593 3044 1594 3045 1595 3045 1596 3045 1591 3046 1597 3046 1598 3046 1599 3047 1600 3047 1601 3047 1592 3048 1508 3048 1507 3048 1602 3049 1384 3049 1460 3049 1603 3050 1604 3050 1605 3050 1606 3051 1607 3051 1608 3051 1606 3052 1609 3052 1607 3052 1610 3053 1611 3053 1612 3053 1613 3054 1610 3054 1612 3054 1614 3055 1598 3055 1597 3055 1603 3056 1605 3056 1615 3056 1616 3057 1617 3057 1618 3057 1619 3058 1588 3058 1590 3058 1620 3059 1621 3059 1622 3059 1602 3060 1590 3060 1589 3060 1619 3061 1623 3061 1588 3061 1624 3062 1625 3062 1626 3062 1627 3063 1628 3063 1629 3063 1626 3064 1625 3064 1630 3064 1631 3065 1632 3065 1633 3065 1591 3066 1601 3066 1600 3066 1634 3067 1635 3067 1636 3067 1637 3068 1398 3068 1561 3068 1634 3069 1636 3069 1638 3069 1639 3070 1622 3070 1621 3070 1640 3071 1641 3071 1642 3071 1640 3072 1643 3072 1641 3072 1644 3073 1549 3073 1557 3073 1645 3074 1646 3074 1647 3074 1648 3075 1592 3075 1593 3075 1649 3076 1629 3076 1628 3076 1580 3077 1456 3077 1650 3077 1580 3078 1651 3078 1457 3078 1581 3079 1652 3079 1510 3079 1581 3080 1441 3080 1653 3080 1587 3081 1654 3081 1532 3081 1587 3082 1419 3082 1655 3082 1656 3083 1657 3083 1658 3083 1659 3084 1595 3084 1594 3084 1606 3085 1464 3085 1463 3085 1660 3086 1658 3086 1657 3086 1586 3087 1577 3087 1661 3087 1662 3088 1653 3088 1663 3088 1591 3089 1535 3089 1597 3089 1591 3090 1600 3090 1427 3090 1664 3091 1665 3091 1666 3091 1624 3092 1667 3092 1668 3092 1669 3093 1551 3093 1374 3093 1670 3094 1671 3094 1672 3094 1673 3095 1674 3095 1630 3095 1675 3096 1661 3096 1577 3096 1602 3097 1460 3097 1590 3097 1602 3098 1676 3098 1384 3098 1677 3099 1617 3099 1616 3099 1665 3100 1631 3100 1666 3100 1678 3101 1679 3101 1680 3101 1580 3102 1681 3102 1651 3102 1682 3103 1683 3103 1684 3103 1581 3104 1653 3104 1662 3104 1620 3105 1444 3105 1443 3105 1685 3106 1631 3106 1633 3106 1686 3107 1687 3107 1655 3107 1587 3108 1655 3108 1687 3108 1688 3109 1602 3109 1689 3109 1690 3110 1596 3110 1595 3110 1636 3111 1641 3111 1638 3111 1691 3112 1651 3112 1681 3112 1656 3113 1692 3113 1657 3113 1643 3114 1638 3114 1641 3114 1693 3115 1694 3115 1658 3115 1693 3116 1658 3116 1660 3116 1695 3117 1657 3117 1692 3117 1696 3118 1680 3118 1679 3118 1697 3119 1672 3119 1671 3119 1688 3120 1676 3120 1602 3120 1619 3121 1698 3121 1623 3121 1699 3122 1700 3122 1701 3122 1637 3123 1702 3123 1398 3123 1637 3124 1561 3124 1703 3124 1704 3125 1467 3125 1705 3125 1673 3126 1630 3126 1625 3126 1706 3127 1484 3127 1707 3127 1708 3128 1646 3128 1645 3128 1644 3129 1609 3129 1549 3129 1644 3130 1557 3130 1633 3130 1709 3131 1710 3131 1711 3131 1624 3132 1712 3132 1667 3132 1624 3133 1668 3133 1625 3133 1713 3134 1647 3134 1646 3134 1714 3135 1715 3135 1716 3135 1717 3136 1718 3136 1719 3136 1591 3137 1598 3137 1601 3137 1606 3138 1463 3138 1609 3138 1606 3139 1720 3139 1464 3139 1630 3140 1674 3140 1665 3140 1709 3141 1721 3141 1637 3141 1722 3142 1716 3142 1715 3142 1602 3143 1589 3143 1689 3143 1669 3144 1600 3144 1599 3144 1669 3145 1723 3145 1551 3145 1669 3146 1374 3146 1600 3146 1709 3147 1703 3147 1710 3147 1724 3148 1725 3148 1726 3148 1727 3149 1718 3149 1717 3149 1696 3150 1679 3150 1728 3150 1729 3151 1730 3151 1731 3151 1704 3152 1705 3152 1732 3152 1733 3153 1734 3153 1735 3153 1620 3154 1443 3154 1621 3154 1620 3155 1650 3155 1444 3155 1706 3156 1707 3156 1736 3156 1675 3157 1737 3157 1661 3157 1649 3158 1628 3158 1738 3158 1739 3159 1682 3159 1684 3159 1677 3160 1616 3160 1740 3160 1741 3161 1737 3161 1675 3161 1742 3162 1699 3162 1701 3162 1743 3163 1744 3163 1745 3163 1746 3164 1649 3164 1738 3164 1747 3165 1728 3165 1679 3165 1637 3166 1721 3166 1748 3166 1749 3167 1740 3167 1616 3167 1750 3168 1635 3168 1751 3168 1709 3169 1637 3169 1703 3169 1752 3170 1753 3170 1754 3170 1704 3171 1755 3171 1756 3171 1757 3172 1665 3172 1664 3172 1758 3173 1623 3173 1698 3173 1759 3174 1662 3174 1760 3174 1759 3175 1581 3175 1662 3175 1634 3176 1751 3176 1635 3176 1729 3177 1731 3177 1761 3177 1762 3178 1750 3178 1763 3178 1603 3179 1508 3179 1592 3179 1620 3180 1622 3180 1764 3180 1741 3181 1618 3181 1617 3181 1765 3182 1612 3182 1611 3182 1750 3183 1751 3183 1763 3183 1603 3184 1592 3184 1604 3184 1697 3185 1671 3185 1766 3185 1767 3186 1663 3186 1653 3186 1724 3187 1726 3187 1768 3187 1769 3188 1526 3188 1766 3188 1770 3189 1684 3189 1683 3189 1730 3190 1725 3190 1771 3190 1772 3191 1773 3191 1774 3191 1724 3192 1771 3192 1725 3192 1775 3193 1766 3193 1671 3193 1743 3194 1776 3194 1744 3194 1637 3195 1748 3195 1702 3195 1704 3196 1732 3196 1755 3196 1705 3197 1584 3197 1585 3197 1777 3198 1633 3198 1632 3198 1630 3199 1665 3199 1757 3199 1778 3200 1779 3200 1692 3200 1772 3201 1780 3201 1773 3201 1605 3202 1664 3202 1615 3202 1726 3203 1781 3203 1768 3203 1769 3204 1527 3204 1526 3204 1695 3205 1692 3205 1779 3205 1782 3206 1783 3206 1784 3206 1648 3207 1785 3207 1754 3207 1626 3208 1630 3208 1757 3208 1786 3209 1787 3209 1772 3209 1786 3210 1772 3210 1774 3210 1788 3211 1626 3211 1757 3211 1772 3212 1787 3212 1789 3212 1790 3213 1626 3213 1788 3213 1791 3214 1792 3214 1793 3214 1794 3215 1790 3215 1788 3215 1791 3216 1793 3216 1795 3216 1783 3217 1790 3217 1794 3217 1604 3218 1794 3218 1788 3218 1796 3219 1786 3219 1797 3219 1786 3220 1774 3220 1797 3220 1796 3221 1798 3221 1786 3221 1753 3222 1794 3222 1604 3222 1786 3223 1798 3223 1787 3223 1799 3224 1800 3224 1791 3224 1791 3225 1800 3225 1792 3225 1798 3226 1801 3226 1787 3226 1592 3227 1753 3227 1604 3227 1802 3228 1799 3228 1803 3228 1804 3229 1805 3229 1806 3229 1799 3230 1791 3230 1807 3230 1808 3231 1809 3231 1810 3231 1811 3232 1812 3232 1813 3232 1802 3233 1800 3233 1799 3233 1808 3234 1810 3234 1811 3234 1814 3235 1815 3235 1816 3235 1796 3236 1817 3236 1818 3236 1811 3237 1816 3237 1812 3237 1808 3238 1811 3238 1813 3238 1815 3239 1819 3239 1816 3239 1799 3240 1815 3240 1803 3240 1804 3241 1810 3241 1805 3241 1796 3242 1818 3242 1820 3242 1821 3243 1822 3243 1820 3243 1821 3244 1820 3244 1818 3244 1796 3245 1797 3245 1817 3245 1811 3246 1814 3246 1816 3246 1803 3247 1815 3247 1814 3247 1820 3248 1822 3248 1823 3248 1805 3249 1810 3249 1809 3249 1810 3250 1814 3250 1811 3250 1822 3251 1824 3251 1823 3251 1825 3252 1826 3252 1827 3252 1828 3253 1829 3253 1830 3253 1825 3254 1829 3254 1826 3254 1831 3255 1821 3255 1818 3255 1828 3256 1832 3256 1829 3256 1831 3257 1826 3257 1821 3257 1832 3258 1833 3258 1834 3258 1825 3259 1830 3259 1829 3259 1828 3260 1833 3260 1832 3260 1832 3261 1834 3261 1835 3261 1836 3262 1837 3262 1830 3262 1838 3263 1839 3263 1840 3263 1838 3264 1841 3264 1839 3264 1839 3265 1842 3265 1840 3265 1843 3266 1833 3266 1828 3266 1844 3267 1845 3267 1846 3267 1847 3268 1848 3268 1849 3268 1844 3269 1850 3269 1845 3269 1843 3270 1828 3270 1851 3270 1852 3271 1848 3271 1847 3271 1853 3272 1854 3272 1855 3272 1856 3273 1846 3273 1845 3273 1852 3274 1857 3274 1858 3274 1856 3275 1859 3275 1733 3275 1843 3276 1860 3276 1833 3276 1861 3277 1843 3277 1851 3277 1862 3278 1847 3278 1863 3278 1856 3279 1845 3279 1859 3279 1864 3280 1865 3280 1866 3280 1861 3281 1851 3281 1867 3281 1868 3282 1869 3282 1870 3282 1852 3283 1858 3283 1848 3283 1844 3284 1866 3284 1850 3284 1871 3285 1838 3285 1840 3285 1872 3286 1873 3286 1874 3286 1864 3287 1866 3287 1844 3287 1875 3288 1876 3288 1877 3288 1853 3289 1855 3289 1868 3289 1878 3290 1879 3290 1880 3290 1881 3291 1876 3291 1875 3291 1868 3292 1855 3292 1869 3292 1882 3293 1883 3293 1884 3293 1885 3294 1884 3294 1883 3294 1864 3295 1886 3295 1865 3295 1887 3296 1877 3296 1876 3296 1888 3297 1861 3297 1867 3297 1885 3298 1889 3298 1890 3298 1868 3299 1870 3299 1891 3299 1892 3300 1893 3300 1894 3300 1895 3301 1896 3301 1897 3301 1898 3302 1899 3302 1900 3302 1885 3303 1890 3303 1884 3303 1881 3304 1901 3304 1902 3304 1887 3305 1903 3305 1877 3305 1904 3306 1871 3306 1905 3306 1888 3307 1906 3307 1907 3307 1888 3308 1867 3308 1908 3308 1895 3309 1899 3309 1896 3309 1909 3310 1910 3310 1911 3310 1892 3311 1894 3311 1912 3311 1913 3312 1914 3312 1915 3312 1862 3313 1863 3313 1916 3313 1898 3314 1896 3314 1899 3314 1917 3315 1918 3315 1919 3315 1887 3316 1920 3316 1903 3316 1921 3317 1857 3317 1852 3317 1922 3318 1866 3318 1865 3318 1891 3319 1874 3319 1873 3319 1923 3320 1924 3320 1925 3320 1926 3321 1927 3321 1928 3321 1881 3322 1902 3322 1876 3322 1929 3323 1880 3323 1930 3323 1922 3324 1865 3324 1875 3324 1904 3325 1905 3325 1931 3325 1932 3326 1933 3326 1934 3326 1935 3327 1872 3327 1874 3327 1936 3328 1937 3328 1938 3328 1939 3329 1940 3329 1941 3329 1942 3330 1943 3330 1944 3330 1909 3331 1911 3331 1945 3331 1946 3332 1947 3332 1889 3332 1948 3333 1949 3333 1950 3333 1951 3334 1952 3334 1953 3334 1935 3335 1954 3335 1955 3335 1891 3336 1870 3336 1874 3336 1853 3337 1848 3337 1854 3337 1956 3338 1957 3338 1945 3338 1892 3339 1958 3339 1893 3339 1959 3340 1931 3340 1905 3340 1935 3341 1955 3341 1872 3341 1951 3342 1903 3342 1920 3342 1948 3343 1950 3343 1960 3343 1961 3344 1962 3344 1954 3344 1888 3345 1908 3345 1906 3345 1948 3346 1960 3346 1963 3346 1964 3347 1959 3347 1905 3347 1853 3348 1849 3348 1848 3348 1913 3349 1915 3349 1965 3349 1966 3350 1967 3350 1968 3350 1856 3351 1969 3351 1846 3351 1970 3352 1971 3352 1972 3352 1886 3353 1881 3353 1865 3353 1904 3354 1838 3354 1871 3354 1964 3355 1973 3355 1959 3355 1974 3356 1975 3356 1976 3356 1977 3357 1892 3357 1978 3357 1979 3358 1873 3358 1872 3358 1929 3359 1930 3359 1980 3359 1981 3360 1982 3360 1983 3360 1984 3361 1985 3361 1986 3361 1987 3362 1988 3362 1989 3362 1990 3363 1941 3363 1940 3363 1937 3364 1963 3364 1960 3364 1895 3365 1907 3365 1906 3365 1991 3366 1992 3366 1993 3366 1994 3367 1882 3367 1884 3367 1961 3368 1954 3368 1935 3368 1995 3369 1973 3369 1996 3369 1994 3370 1997 3370 1998 3370 1999 3371 2000 3371 2001 3371 2002 3372 2003 3372 2004 3372 2005 3373 2006 3373 2007 3373 2008 3374 2009 3374 2010 3374 2011 3375 2012 3375 2013 3375 1909 3376 1945 3376 2014 3376 2002 3377 2004 3377 2015 3377 1988 3378 2016 3378 1989 3378 2017 3379 2018 3379 2019 3379 1673 3380 2020 3380 1674 3380 1964 3381 1996 3381 1973 3381 1936 3382 1963 3382 1937 3382 2005 3383 2021 3383 2006 3383 2022 3384 1989 3384 2016 3384 1974 3385 1976 3385 2023 3385 1912 3386 1894 3386 2024 3386 1979 3387 2025 3387 2026 3387 1951 3388 1953 3388 1940 3388 2027 3389 2028 3389 2029 3389 1882 3390 2030 3390 1883 3390 1913 3391 1993 3391 1914 3391 1979 3392 2026 3392 1873 3392 1715 3393 1558 3393 1567 3393 1888 3394 1907 3394 2031 3394 2032 3395 2033 3395 2034 3395 2035 3396 2036 3396 2037 3396 2035 3397 2038 3397 2036 3397 2039 3398 2025 3398 1979 3398 2040 3399 2041 3399 2042 3399 2013 3400 2012 3400 1933 3400 1871 3401 2043 3401 2044 3401 2045 3402 2046 3402 1889 3402 1891 3403 1873 3403 2047 3403 1970 3404 2048 3404 1971 3404 1865 3405 1881 3405 1875 3405 2049 3406 1968 3406 1967 3406 2050 3407 2051 3407 2052 3407 1882 3408 2053 3408 2030 3408 2054 3409 2055 3409 2056 3409 1740 3410 1397 3410 1571 3410 2022 3411 2010 3411 2009 3411 2057 3412 2058 3412 2059 3412 1856 3413 2060 3413 1969 3413 1995 3414 2061 3414 1973 3414 1895 3415 1897 3415 1907 3415 2062 3416 2063 3416 2064 3416 2031 3417 2065 3417 2066 3417 1951 3418 1920 3418 1952 3418 1994 3419 1884 3419 1997 3419 2067 3420 2068 3420 2069 3420 2070 3421 2071 3421 2072 3421 1898 3422 1900 3422 2073 3422 1956 3423 1945 3423 1911 3423 2074 3424 1949 3424 2075 3424 1921 3425 2076 3425 1857 3425 1654 3426 1569 3426 1532 3426 2077 3427 2078 3427 2079 3427 1990 3428 1940 3428 2080 3428 2081 3429 2082 3429 2024 3429 2083 3430 2004 3430 2049 3430 2084 3431 2085 3431 2086 3431 2087 3432 2088 3432 2089 3432 1932 3433 2013 3433 1933 3433 2087 3434 2090 3434 2088 3434 2091 3435 1687 3435 2092 3435 2022 3436 2016 3436 2010 3436 1905 3437 1871 3437 2044 3437 2093 3438 2094 3438 2095 3438 2096 3439 2097 3439 2098 3439 1974 3440 2099 3440 1975 3440 1907 3441 2065 3441 2031 3441 2081 3442 2100 3442 2101 3442 2102 3443 2103 3443 2104 3443 2083 3444 2015 3444 2004 3444 2011 3445 2013 3445 2105 3445 1937 3446 2006 3446 1938 3446 2106 3447 2107 3447 2108 3447 1994 3448 2018 3448 2017 3448 1923 3449 1925 3449 2109 3449 2110 3450 2111 3450 2112 3450 1891 3451 2047 3451 2113 3451 2070 3452 2114 3452 2071 3452 2115 3453 2116 3453 1670 3453 2117 3454 2118 3454 2119 3454 2120 3455 2121 3455 2122 3455 2123 3456 2124 3456 2125 3456 2126 3457 2127 3457 2086 3457 2128 3458 2129 3458 2130 3458 2083 3459 2049 3459 1967 3459 2131 3460 2132 3460 2133 3460 1994 3461 1998 3461 2018 3461 2050 3462 2052 3462 2134 3462 1910 3463 2135 3463 2136 3463 1990 3464 2137 3464 2138 3464 2091 3465 2092 3465 2139 3465 2140 3466 2141 3466 2142 3466 1897 3467 2143 3467 2144 3467 2145 3468 2146 3468 2147 3468 2024 3469 2082 3469 2148 3469 1992 3470 2149 3470 1993 3470 2150 3471 2151 3471 2152 3471 2084 3472 2086 3472 2127 3472 2153 3473 2154 3473 2155 3473 2156 3474 1987 3474 2131 3474 2157 3475 2147 3475 2158 3475 2159 3476 2160 3476 2161 3476 1622 3477 2162 3477 2163 3477 2164 3478 2165 3478 2166 3478 2096 3479 2098 3479 2167 3479 2146 3480 2102 3480 2104 3480 2055 3481 2061 3481 1995 3481 1655 3482 1419 3482 1418 3482 1910 3483 2136 3483 2168 3483 2169 3484 2170 3484 2171 3484 2172 3485 2173 3485 2174 3485 2175 3486 2176 3486 2177 3486 1864 3487 1915 3487 1886 3487 2006 3488 2021 3488 2178 3488 2179 3489 2180 3489 1958 3489 2181 3490 2182 3490 2183 3490 2140 3491 2184 3491 1837 3491 1610 3492 2185 3492 2186 3492 1984 3493 1986 3493 2187 3493 2188 3494 2189 3494 2190 3494 2191 3495 2192 3495 2193 3495 2194 3496 1353 3496 1458 3496 1938 3497 2195 3497 2196 3497 2123 3498 2125 3498 2094 3498 2197 3499 2198 3499 2199 3499 2200 3500 2201 3500 2202 3500 2172 3501 2127 3501 2126 3501 2203 3502 2072 3502 2204 3502 2057 3503 2059 3503 2205 3503 1836 3504 1830 3504 1825 3504 1961 3505 1968 3505 1962 3505 1862 3506 1852 3506 1847 3506 1871 3507 1840 3507 2043 3507 1987 3508 1989 3508 2206 3508 2157 3509 2158 3509 2207 3509 2208 3510 2209 3510 2210 3510 2211 3511 2212 3511 2213 3511 2214 3512 2178 3512 2021 3512 2140 3513 2142 3513 2184 3513 2215 3514 2051 3514 2036 3514 2216 3515 1387 3515 1454 3515 1761 3516 1515 3516 1560 3516 2217 3517 2218 3517 2219 3517 2032 3518 2034 3518 2107 3518 1991 3519 1993 3519 1913 3519 1992 3520 2220 3520 2149 3520 2212 3521 2221 3521 2213 3521 2111 3522 2222 3522 2112 3522 2223 3523 2069 3523 2068 3523 2200 3524 2202 3524 1781 3524 2153 3525 2224 3525 2154 3525 1703 3526 1561 3526 1555 3526 1679 3527 1408 3527 1453 3527 2121 3528 2225 3528 2226 3528 2017 3529 2019 3529 2227 3529 2228 3530 2167 3530 2229 3530 2037 3531 2051 3531 2050 3531 2230 3532 2037 3532 2050 3532 2231 3533 1537 3533 1344 3533 1896 3534 2143 3534 1897 3534 2074 3535 1950 3535 1949 3535 1987 3536 2206 3536 2132 3536 2232 3537 2107 3537 2106 3537 2175 3538 2208 3538 2210 3538 1951 3539 1940 3539 1939 3539 1937 3540 2007 3540 2006 3540 2233 3541 2234 3541 2235 3541 1878 3542 1880 3542 1929 3542 2236 3543 2237 3543 1931 3543 2238 3544 1622 3544 2163 3544 2239 3545 2240 3545 2241 3545 2002 3546 2151 3546 2003 3546 2054 3547 2242 3547 2055 3547 2243 3548 2244 3548 2245 3548 2175 3549 2177 3549 2208 3549 2022 3550 2246 3550 2247 3550 2217 3551 2233 3551 2218 3551 2032 3552 2141 3552 2033 3552 2248 3553 2249 3553 2250 3553 2251 3554 2252 3554 2253 3554 2254 3555 2255 3555 2256 3555 1806 3556 2257 3556 2258 3556 2111 3557 2241 3557 2222 3557 1671 3558 2116 3558 1970 3558 2259 3559 2011 3559 2105 3559 2191 3560 2193 3560 2029 3560 1932 3561 1934 3561 2189 3561 2031 3562 2066 3562 2260 3562 2121 3563 2226 3563 2078 3563 2261 3564 2009 3564 2008 3564 2200 3565 2262 3565 2201 3565 2263 3566 2264 3566 2265 3566 2266 3567 2267 3567 2268 3567 1610 3568 2186 3568 1611 3568 1932 3569 2189 3569 2188 3569 2172 3570 2008 3570 2010 3570 2269 3571 2270 3571 2271 3571 2272 3572 2273 3572 2274 3572 1776 3573 1409 3573 1556 3573 1702 3574 1573 3574 1398 3574 1756 3575 1572 3575 1531 3575 2131 3576 1987 3576 2132 3576 2275 3577 2248 3577 2250 3577 2276 3578 2277 3578 2278 3578 2181 3579 2268 3579 2182 3579 2240 3580 2169 3580 2241 3580 1674 3581 2020 3581 1632 3581 2279 3582 2280 3582 2281 3582 2236 3583 1931 3583 1959 3583 2117 3584 2282 3584 2118 3584 2156 3585 1988 3585 1987 3585 1751 3586 1475 3586 1474 3586 1628 3587 1543 3587 1402 3587 1651 3588 1400 3588 1457 3588 1676 3589 1429 3589 1384 3589 2067 3590 2283 3590 2068 3590 2284 3591 2285 3591 2286 3591 2287 3592 2288 3592 2289 3592 2290 3593 2291 3593 2292 3593 2108 3594 2107 3594 2293 3594 2294 3595 2170 3595 2169 3595 2162 3596 2295 3596 2163 3596 2238 3597 2163 3597 2296 3597 2172 3598 2174 3598 2127 3598 2297 3599 2073 3599 2298 3599 1598 3600 2299 3600 1601 3600 1990 3601 2138 3601 1941 3601 2203 3602 2204 3602 2300 3602 2297 3603 2301 3603 2073 3603 2302 3604 2255 3604 2303 3604 1868 3605 1891 3605 2113 3605 2275 3606 2304 3606 2305 3606 2275 3607 2305 3607 2248 3607 1661 3608 1519 3608 1447 3608 2251 3609 2306 3609 2252 3609 2140 3610 2307 3610 2141 3610 2154 3611 2308 3611 2155 3611 2309 3612 2310 3612 2311 3612 2312 3613 2313 3613 2314 3613 2150 3614 2069 3614 2151 3614 2312 3615 2314 3615 2315 3615 2261 3616 2177 3616 2176 3616 2316 3617 2317 3617 2318 3617 1593 3618 1507 3618 1521 3618 1609 3619 1463 3619 1549 3619 1897 3620 2144 3620 2065 3620 2077 3621 2319 3621 2078 3621 2259 3622 2320 3622 2321 3622 1992 3623 2322 3623 2220 3623 2323 3624 1980 3624 2324 3624 2096 3625 1939 3625 1941 3625 2084 3626 2325 3626 2085 3626 2261 3627 2008 3627 2177 3627 1771 3628 1575 3628 1516 3628 1938 3629 2178 3629 2195 3629 2122 3630 2121 3630 2078 3630 2326 3631 2327 3631 2328 3631 2290 3632 2292 3632 2329 3632 2330 3633 2210 3633 2209 3633 2302 3634 2256 3634 2255 3634 2179 3635 2331 3635 2332 3635 2087 3636 2089 3636 2333 3636 2163 3637 2295 3637 2334 3637 2172 3638 2010 3638 2173 3638 1681 3639 2335 3639 2336 3639 2330 3640 2209 3640 2337 3640 2315 3641 2338 3641 2339 3641 2233 3642 2235 3642 2218 3642 2340 3643 2341 3643 2220 3643 2332 3644 2134 3644 2342 3644 2179 3645 2332 3645 2180 3645 2128 3646 2343 3646 2129 3646 2264 3647 2344 3647 2345 3647 2049 3648 2346 3648 2347 3648 2230 3649 2000 3649 2037 3649 2348 3650 1524 3650 1523 3650 2279 3651 2281 3651 2349 3651 2344 3652 2350 3652 2345 3652 2141 3653 2307 3653 2351 3653 2051 3654 2352 3654 2052 3654 1984 3655 2353 3655 1985 3655 2354 3656 2355 3656 2356 3656 1859 3657 1845 3657 2357 3657 1970 3658 2116 3658 2048 3658 2358 3659 2359 3659 2360 3659 1922 3660 1875 3660 2229 3660 2361 3661 2148 3661 1716 3661 1642 3662 2362 3662 2363 3662 1589 3663 2029 3663 1689 3663 2240 3664 2294 3664 2169 3664 1596 3665 1406 3665 1399 3665 2314 3666 2338 3666 2315 3666 2119 3667 2364 3667 2365 3667 2259 3668 2366 3668 2320 3668 1827 3669 2367 3669 2368 3669 2039 3670 2369 3670 2025 3670 1990 3671 2370 3671 2137 3671 2111 3672 2239 3672 2241 3672 2371 3673 1748 3673 2372 3673 1680 3674 2373 3674 2374 3674 2269 3675 2271 3675 2104 3675 2036 3676 2051 3676 2037 3676 2148 3677 2082 3677 2375 3677 1600 3678 1374 3678 1427 3678 2273 3679 2376 3679 2377 3679 2378 3680 2379 3680 2380 3680 2176 3681 2381 3681 2382 3681 2159 3682 2161 3682 2284 3682 2287 3683 2326 3683 2328 3683 2383 3684 2218 3684 2384 3684 2287 3685 2289 3685 2385 3685 2386 3686 2387 3686 2388 3686 2248 3687 2389 3687 2249 3687 2259 3688 2321 3688 2011 3688 2023 3689 2252 3689 2341 3689 1958 3690 2180 3690 1893 3690 2390 3691 2391 3691 2392 3691 2028 3692 2393 3692 2394 3692 2005 3693 2265 3693 2264 3693 2395 3694 2099 3694 2396 3694 1975 3695 2099 3695 2395 3695 1597 3696 1535 3696 1485 3696 1653 3697 1441 3697 1440 3697 2397 3698 2133 3698 2365 3698 1920 3699 2398 3699 1952 3699 2399 3700 2400 3700 2401 3700 2402 3701 2403 3701 2400 3701 2108 3702 2293 3702 2402 3702 2248 3703 2404 3703 2389 3703 2405 3704 2080 3704 2387 3704 2215 3705 2352 3705 2051 3705 1806 3706 2258 3706 2406 3706 2169 3707 2171 3707 2407 3707 2011 3708 2408 3708 2012 3708 2409 3709 2392 3709 2410 3709 2411 3710 2412 3710 2413 3710 2414 3711 2415 3711 2411 3711 2359 3712 2416 3712 2360 3712 2334 3713 2295 3713 2417 3713 2166 3714 2165 3714 2418 3714 2311 3715 2310 3715 2135 3715 1598 3716 2419 3716 2299 3716 2128 3717 2130 3717 2281 3717 2263 3718 2344 3718 2264 3718 1917 3719 2123 3719 1918 3719 2286 3720 2420 3720 2397 3720 2399 3721 2402 3721 2400 3721 2215 3722 2036 3722 2421 3722 2107 3723 2034 3723 2293 3723 2422 3724 2423 3724 2424 3724 2368 3725 2425 3725 2426 3725 2367 3726 2427 3726 2368 3726 2251 3727 2253 3727 2428 3727 2429 3728 2134 3728 2332 3728 2227 3729 2019 3729 2430 3729 1910 3730 2168 3730 2431 3730 2390 3731 2392 3731 2409 3731 1929 3732 1980 3732 2323 3732 2084 3733 2343 3733 2325 3733 2081 3734 2101 3734 2153 3734 1599 3735 1601 3735 2058 3735 1781 3736 2202 3736 2432 3736 2229 3737 2167 3737 2433 3737 2434 3738 2435 3738 2114 3738 2436 3739 2437 3739 2438 3739 2232 3740 2439 3740 2142 3740 1608 3741 2309 3741 2440 3741 2039 3742 1979 3742 2441 3742 2442 3743 2443 3743 2444 3743 2055 3744 2242 3744 2061 3744 1641 3745 2445 3745 2362 3745 1961 3746 1966 3746 1968 3746 2005 3747 2264 3747 2021 3747 1897 3748 2065 3748 1907 3748 2214 3749 2446 3749 2178 3749 2447 3750 2448 3750 2449 3750 2175 3751 2210 3751 2450 3751 2022 3752 2247 3752 1989 3752 2451 3753 2285 3753 2284 3753 2452 3754 2453 3754 2454 3754 2318 3755 2455 3755 2456 3755 2180 3756 2332 3756 2342 3756 2053 3757 2227 3757 2457 3757 2458 3758 2459 3758 2460 3758 2409 3759 2410 3759 2461 3759 2091 3760 2139 3760 2462 3760 2047 3761 2026 3761 1957 3761 1632 3762 2020 3762 1982 3762 2096 3763 2167 3763 2228 3763 2060 3764 1971 3764 1969 3764 1618 3765 2358 3765 2463 3765 2049 3766 2004 3766 2346 3766 2027 3767 2029 3767 2193 3767 2447 3768 2337 3768 2464 3768 1638 3769 1482 3769 1435 3769 2465 3770 1424 3770 1534 3770 2466 3771 2467 3771 2468 3771 2150 3772 2469 3772 2470 3772 2214 3773 2471 3773 2446 3773 2068 3774 2283 3774 2234 3774 1874 3775 1870 3775 2472 3775 2473 3776 2474 3776 2475 3776 2476 3777 2366 3777 2259 3777 2093 3778 2477 3778 2094 3778 2278 3779 2277 3779 2174 3779 2333 3780 2182 3780 2171 3780 2478 3781 2479 3781 2480 3781 2481 3782 2412 3782 2482 3782 2139 3783 2481 3783 2483 3783 2356 3784 2355 3784 2282 3784 1981 3785 1983 3785 2310 3785 2435 3786 2433 3786 2114 3786 1866 3787 2435 3787 1850 3787 2030 3788 2053 3788 2484 3788 2485 3789 2486 3789 2487 3789 1681 3790 2488 3790 2335 3790 1642 3791 1641 3791 2362 3791 2217 3792 2221 3792 2223 3792 1692 3793 2240 3793 2239 3793 1657 3794 1491 3794 1576 3794 1683 3795 1562 3795 1401 3795 2489 3796 1552 3796 1565 3796 2490 3797 2491 3797 2492 3797 1936 3798 1938 3798 2196 3798 2493 3799 2494 3799 2471 3799 2175 3800 2450 3800 2495 3800 2344 3801 2496 3801 2350 3801 2079 3802 2497 3802 2498 3802 2077 3803 2079 3803 2498 3803 2149 3804 2249 3804 1993 3804 2064 3805 2405 3805 2387 3805 2412 3806 2499 3806 2413 3806 1990 3807 2080 3807 2370 3807 2039 3808 2441 3808 2500 3808 1938 3809 2006 3809 2178 3809 2205 3810 2501 3810 2502 3810 1983 3811 2503 3811 2136 3811 2504 3812 2505 3812 2461 3812 2506 3813 2411 3813 2413 3813 2193 3814 2192 3814 2415 3814 1957 3815 2026 3815 2507 3815 2324 3816 1980 3816 1817 3816 2238 3817 2296 3817 2508 3817 2005 3818 2509 3818 2265 3818 2266 3819 2510 3819 2267 3819 2282 3820 2355 3820 2154 3820 2511 3821 1680 3821 2374 3821 2214 3822 2021 3822 2345 3822 2512 3823 2439 3823 2232 3823 2159 3824 2513 3824 2160 3824 2032 3825 2142 3825 2141 3825 2476 3826 2259 3826 2105 3826 2035 3827 2037 3827 2000 3827 2188 3828 2190 3828 2187 3828 1984 3829 2187 3829 2190 3829 1665 3830 1674 3830 1631 3830 2271 3831 2270 3831 2385 3831 2514 3832 2273 3832 2272 3832 2515 3833 1568 3833 1554 3833 2516 3834 2517 3834 2518 3834 2384 3835 2235 3835 2398 3835 2497 3836 2382 3836 2498 3836 2119 3837 2519 3837 2474 3837 2287 3838 2328 3838 2288 3838 1914 3839 2389 3839 2520 3839 2521 3840 2522 3840 2523 3840 2524 3841 2329 3841 2525 3841 2306 3842 2250 3842 2149 3842 2341 3843 2306 3843 2220 3843 2526 3844 1916 3844 2527 3844 2528 3845 2529 3845 2530 3845 2531 3846 2370 3846 2405 3846 2532 3847 2019 3847 2533 3847 2534 3848 1668 3848 2535 3848 2536 3849 2537 3849 2538 3849 2305 3850 2442 3850 2404 3850 2002 3851 2152 3851 2151 3851 1930 3852 2427 3852 2367 3852 2407 3853 2539 3853 2222 3853 1911 3854 1910 3854 2431 3854 2170 3855 2333 3855 2171 3855 1900 3856 1899 3856 2540 3856 2483 3857 2481 3857 2482 3857 2179 3858 1958 3858 2463 3858 2541 3859 2542 3859 1721 3859 1800 3860 2542 3860 2541 3860 1579 3861 2543 3861 2394 3861 2098 3862 2097 3862 2204 3862 2203 3863 1629 3863 2072 3863 1845 3864 1850 3864 2357 3864 1971 3865 2048 3865 2544 3865 1979 3866 1872 3866 2441 3866 2305 3867 2443 3867 2442 3867 2049 3868 2347 3868 1968 3868 1951 3869 1939 3869 1903 3869 2087 3870 2545 3870 2090 3870 2054 3871 2056 3871 2314 3871 2217 3872 2223 3872 2233 3872 2270 3873 2546 3873 2385 3873 2547 3874 2044 3874 2066 3874 1964 3875 2044 3875 2547 3875 2315 3876 2339 3876 2467 3876 1948 3877 1963 3877 2548 3877 2330 3878 2549 3878 2210 3878 2495 3879 2450 3879 1858 3879 2382 3880 2381 3880 2550 3880 2261 3881 2176 3881 2382 3881 2473 3882 2475 3882 2225 3882 2161 3883 2352 3883 2284 3883 2288 3884 2328 3884 2517 3884 2220 3885 2306 3885 2149 3885 2431 3886 2168 3886 2535 3886 2052 3887 2352 3887 2161 3887 2045 3888 2418 3888 2046 3888 2230 3889 2429 3889 2551 3889 2276 3890 2436 3890 2353 3890 2416 3891 2551 3891 2331 3891 2552 3892 2551 3892 2553 3892 2554 3893 2408 3893 2522 3893 2555 3894 2506 3894 2413 3894 2482 3895 2412 3895 2411 3895 2192 3896 2482 3896 2415 3896 2102 3897 2417 3897 2103 3897 1718 3898 1859 3898 2357 3898 1969 3899 1971 3899 2544 3899 2276 3900 2278 3900 2436 3900 2438 3901 2437 3901 1988 3901 2556 3902 2557 3902 2003 3902 2013 3903 2558 3903 2105 3903 2442 3904 2212 3904 2211 3904 2559 3905 2506 3905 2555 3905 1779 3906 1539 3906 1492 3906 1647 3907 1405 3907 1559 3907 1964 3908 1905 3908 2044 3908 2560 3909 2490 3909 2492 3909 2279 3910 2561 3910 2562 3910 2563 3911 2564 3911 2565 3911 2464 3912 2564 3912 2566 3912 2214 3913 2567 3913 2471 3913 2379 3914 2568 3914 2380 3914 2176 3915 2495 3915 2381 3915 2378 3916 2516 3916 2379 3916 2569 3917 2234 3917 2570 3917 2235 3918 2234 3918 2569 3918 2261 3919 2382 3919 2497 3919 2121 3920 2473 3920 2225 3920 2519 3921 2132 3921 2475 3921 2476 3922 2571 3922 2572 3922 2573 3923 2366 3923 2574 3923 2575 3924 2576 3924 2577 3924 1876 3925 1902 3925 2383 3925 1886 3926 1901 3926 1881 3926 2404 3927 2578 3927 2389 3927 2033 3928 2579 3928 2034 3928 2555 3929 2413 3929 2580 3929 2581 3930 2329 3930 2524 3930 2290 3931 2329 3931 2510 3931 2582 3932 2583 3932 2584 3932 2276 3933 2584 3933 2277 3933 2585 3934 1930 3934 2367 3934 2457 3935 2227 3935 2586 3935 2089 3936 2183 3936 2333 3936 2558 3937 2587 3937 2571 3937 2486 3938 2237 3938 2588 3938 2589 3939 2590 3939 2504 3939 2509 3940 2298 3940 2391 3940 2192 3941 2483 3941 2482 3941 1906 3942 2591 3942 2592 3942 1895 3943 1906 3943 2592 3943 2173 3944 2278 3944 2174 3944 2593 3945 2594 3945 2419 3945 2300 3946 2204 3946 2594 3946 2070 3947 2595 3947 2114 3947 1988 3948 2437 3948 2016 3948 1841 3949 2485 3949 2596 3949 2597 3950 2440 3950 2598 3950 1828 3951 1830 3951 1851 3951 2223 3952 2556 3952 2069 3952 1844 3953 1846 3953 1965 3953 2150 3954 2067 3954 2069 3954 2086 3955 2085 3955 2209 3955 2198 3956 2120 3956 2122 3956 1612 3957 1513 3957 1512 3957 2281 3958 2599 3958 2349 3958 2566 3959 2564 3959 2563 3959 2447 3960 2464 3960 2566 3960 2291 3961 2550 3961 2076 3961 2513 3962 2397 3962 2365 3962 2364 3963 2513 3963 2365 3963 2326 3964 2577 3964 2327 3964 2034 3965 2207 3965 2293 3965 2600 3966 2525 3966 2601 3966 2254 3967 2256 3967 2602 3967 2018 3968 1998 3968 2575 3968 1712 3969 2600 3969 1667 3969 1916 3970 2603 3970 2527 3970 2537 3971 2369 3971 2538 3971 2604 3972 2369 3972 2537 3972 2605 3973 2606 3973 2342 3973 1784 3974 2112 3974 2607 3974 2099 3975 2340 3975 2608 3975 2609 3976 2610 3976 2322 3976 2611 3977 2370 3977 2531 3977 2017 3978 2227 3978 2053 3978 1817 3979 1980 3979 2585 3979 1935 3980 1874 3980 2472 3980 1933 3981 2012 3981 2612 3981 2461 3982 2505 3982 2613 3982 1900 3983 2540 3983 2614 3983 2298 3984 2615 3984 2391 3984 2299 3985 2137 3985 2611 3985 2371 3986 2372 3986 2616 3986 2202 3987 2201 3987 2295 3987 2296 3988 2163 3988 2334 3988 2128 3989 2325 3989 2343 3989 2187 3990 2617 3990 2587 3990 2543 3991 2028 3991 2394 3991 1689 3992 2028 3992 2543 3992 1629 3993 2070 3993 2072 3993 1851 3994 1837 3994 1867 3994 2618 3995 2030 3995 2484 3995 1735 3996 1972 3996 2060 3996 1875 3997 1877 3997 2229 3997 1965 3998 1846 3998 2619 3998 1962 3999 2304 3999 1954 3999 2305 4000 2304 4000 2443 4000 2347 4001 2443 4001 1962 4001 1701 4002 2620 4002 2618 4002 1888 4003 2031 4003 1861 4003 2330 4004 2337 4004 2447 4004 1995 4005 1996 4005 2491 4005 1995 4006 2491 4006 2490 4006 2621 4007 2560 4007 2492 4007 2622 4008 2467 4008 2623 4008 1963 4009 2624 4009 2548 4009 2349 4010 2599 4010 2624 4010 2625 4011 2466 4011 2468 4011 2562 4012 2561 4012 2626 4012 2627 4013 2015 4013 2626 4013 2150 4014 2152 4014 2469 4014 2471 4015 2470 4015 2446 4015 2494 4016 2470 4016 2471 4016 2067 4017 2470 4017 2494 4017 2628 4018 2494 4018 2493 4018 2398 4019 2235 4019 2569 4019 2218 4020 2235 4020 2384 4020 2246 4021 2497 4021 2079 4021 2022 4022 2009 4022 2246 4022 2225 4023 2247 4023 2226 4023 2475 4024 2206 4024 2225 4024 2474 4025 2519 4025 2475 4025 2365 4026 2133 4026 2519 4026 2629 4027 2420 4027 2630 4027 2421 4028 2631 4028 2632 4028 1920 4029 2384 4029 2398 4029 2366 4030 2631 4030 2574 4030 2321 4031 2320 4031 2523 4031 1902 4032 2219 4032 2383 4032 2217 4033 2219 4033 2213 4033 2329 4034 2292 4034 2525 4034 2019 4035 2018 4035 2533 4035 2584 4036 2583 4036 2625 4036 2277 4037 2584 4037 2633 4037 2342 4038 2134 4038 2634 4038 2050 4039 2134 4039 2429 4039 2430 4040 2019 4040 2532 4040 2635 4041 2430 4041 2532 4041 2636 4042 2539 4042 2407 4042 2637 4043 2406 4043 2638 4043 2179 4044 2360 4044 2331 4044 2459 4045 2183 4045 2089 4045 2612 4046 2012 4046 2639 4046 2640 4047 1933 4047 2612 4047 1900 4048 2615 4048 2073 4048 2081 4049 2024 4049 1894 4049 2545 4050 2170 4050 2294 4050 2542 4051 2638 4051 2372 4051 2417 4052 2201 4052 2103 4052 2512 4053 2591 4053 2439 4053 2242 4054 2640 4054 2061 4054 2641 4055 2303 4055 2092 4055 2463 4056 2358 4056 2360 4056 2021 4057 2264 4057 2345 4057 1830 4058 1837 4058 1851 4058 1986 4059 2617 4059 2187 4059 2238 4060 2508 4060 2488 4060 1924 4061 2597 4061 2598 4061 2185 4062 2205 4062 2502 4062 1623 4063 2462 4063 2642 4063 1939 4064 2228 4064 1903 4064 1954 4065 2428 4065 1955 4065 2221 4066 2557 4066 2556 4066 2090 4067 2545 4067 1694 4067 2085 4068 2643 4068 2337 4068 2546 4069 2287 4069 2385 4069 2644 4070 2511 4070 2645 4070 1978 4071 1912 4071 2646 4071 2055 4072 1995 4072 2490 4072 2075 4073 2560 4073 2621 4073 1948 4074 2548 4074 2623 4074 2315 4075 2467 4075 2466 4075 2599 4076 2622 4076 2548 4076 2279 4077 2349 4077 2561 4077 2447 4078 2566 4078 2448 4078 2449 4079 2448 4079 1869 4079 2067 4080 2494 4080 2283 4080 1858 4081 2450 4081 1854 4081 2214 4082 2345 4082 2567 4082 2380 4083 2377 4083 2496 4083 2378 4084 2380 4084 2647 4084 2175 4085 2495 4085 2176 4085 2273 4086 2568 4086 2274 4086 2518 4087 2648 4087 2379 4087 2649 4088 2648 4088 2327 4088 2517 4089 2328 4089 2518 4089 2261 4090 2497 4090 2009 4090 2078 4091 2226 4091 2079 4091 2420 4092 2133 4092 2397 4092 2631 4093 2572 4093 2632 4093 2292 4094 2291 4094 2650 4094 2580 4095 2651 4095 2652 4095 1887 4096 1876 4096 2383 4096 2578 4097 2653 4097 1901 4097 2525 4098 2292 4098 2601 4098 2526 4099 2527 4099 2601 4099 2256 4100 2654 4100 2602 4100 2351 4101 2453 4101 2033 4101 2533 4102 2018 4102 2575 4102 2064 4103 2655 4103 2405 4103 1974 4104 2023 4104 2341 4104 2217 4105 2213 4105 2221 4105 1625 4106 1668 4106 2534 4106 2129 4107 2633 4107 2625 4107 2305 4108 2404 4108 2248 4108 2610 4109 2608 4109 2322 4109 2174 4110 2277 4110 2656 4110 2643 4111 2657 4111 2464 4111 2123 4112 2658 4112 2124 4112 1806 4113 2406 4113 2637 4113 2182 4114 2636 4114 2171 4114 2268 4115 2636 4115 2182 4115 2659 4116 2458 4116 2460 4116 2355 4117 2458 4117 2308 4117 2223 4118 2068 4118 2233 4118 2660 4119 2461 4119 2613 4119 2590 4120 2505 4120 2504 4120 2615 4121 2614 4121 2392 4121 2591 4122 2661 4122 2592 4122 2662 4123 2481 4123 2139 4123 2103 4124 2262 4124 2663 4124 1908 4125 2591 4125 1906 4125 2007 4126 2664 4126 2509 4126 1601 4127 2299 4127 2058 4127 2665 4128 2311 4128 2135 4128 2437 4129 2278 4129 2173 4129 2016 4130 2437 4130 2173 4130 1960 4131 2664 4131 2007 4131 1950 4132 2664 4132 1960 4132 2666 4133 2148 4133 2375 4133 2667 4134 2185 4134 2502 4134 1883 4135 2030 4135 2620 4135 1733 4136 1735 4136 2060 4136 1877 4137 2228 4137 2229 4137 2557 4138 2444 4138 2346 4138 1585 4139 1919 4139 1732 4139 1847 4140 1849 4140 2668 4140 1720 4141 1540 4141 1464 4141 2031 4142 2260 4142 1861 4142 2065 4143 2547 4143 2066 4143 2491 4144 1996 4144 2144 4144 2623 4145 2339 4145 1949 4145 2467 4146 2339 4146 2623 4146 2548 4147 2622 4147 2623 4147 2468 4148 2467 4148 2622 4148 2624 4149 2599 4149 2548 4149 2669 4150 2349 4150 2624 4150 2561 4151 2349 4151 2669 4151 2627 4152 2626 4152 2670 4152 2279 4153 2562 4153 2657 4153 2152 4154 2671 4154 2469 4154 2178 4155 2446 4155 2195 4155 2083 4156 2565 4156 2015 4156 2567 4157 2493 4157 2471 4157 2672 4158 2448 4158 2673 4158 2350 4159 2674 4159 2567 4159 2675 4160 2674 4160 2350 4160 2570 4161 2283 4161 2628 4161 2568 4162 2377 4162 2380 4162 2328 4163 2327 4163 2518 4163 2226 4164 2246 4164 2079 4164 2247 4165 2246 4165 2226 4165 2132 4166 2206 4166 2475 4166 2285 4167 2630 4167 2286 4167 2676 4168 2285 4168 2677 4168 2676 4169 2677 4169 2678 4169 2400 4170 2288 4170 2401 4170 2576 4171 2649 4171 2577 4171 1887 4172 2384 4172 1920 4172 2399 4173 2401 4173 2505 4173 2571 4174 2678 4174 2572 4174 2476 4175 2631 4175 2366 4175 2652 4176 2320 4176 2573 4176 2579 4177 2207 4177 2034 4177 2389 4178 2578 4178 2520 4178 1953 4179 1952 4179 2388 4179 2424 4180 2423 4180 2602 4180 2455 4181 2424 4181 2654 4181 2141 4182 2351 4182 2033 4182 2011 4183 2321 4183 2408 4183 2426 4184 2454 4184 2351 4184 2510 4185 2329 4185 2581 4185 1890 4186 2679 4186 1997 4186 2322 4187 2340 4187 2220 4187 2427 4188 2425 4188 2368 4188 2500 4189 2252 4189 2023 4189 2583 4190 2466 4190 2625 4190 2441 4191 2253 4191 2500 4191 2538 4192 2680 4192 1976 4192 2025 4193 2369 4193 2604 4193 1955 4194 2253 4194 2441 4194 2353 4195 2681 4195 2582 4195 2656 4196 2277 4196 2633 4196 2313 4197 2682 4197 2683 4197 2676 4198 2678 4198 2617 4198 1992 4199 2609 4199 2322 4199 2127 4200 2174 4200 2656 4200 2553 4201 2551 4201 2416 4201 2105 4202 2558 4202 2571 4202 2476 4203 2105 4203 2571 4203 2012 4204 2408 4204 2639 4204 1931 4205 2237 4205 2486 4205 2390 4206 2265 4206 2391 4206 2162 4207 2202 4207 2295 4207 2684 4208 2296 4208 2685 4208 2686 4209 2687 4209 2165 4209 2432 4210 2202 4210 2162 4210 2184 4211 2439 4211 1908 4211 1867 4212 2184 4212 1908 4212 2097 4213 2138 4213 2594 4213 2595 4214 2434 4214 2114 4214 2436 4215 2278 4215 2437 4215 2335 4216 2508 4216 2688 4216 2488 4217 2508 4217 2335 4217 1736 4218 2300 4218 2593 4218 2346 4219 2444 4219 2347 4219 2003 4220 2557 4220 2346 4220 1755 4221 2689 4221 2690 4221 2209 4222 2085 4222 2337 4222 2172 4223 2126 4223 2008 4223 2546 4224 2326 4224 2287 4224 2044 4225 2043 4225 2066 4225 1964 4226 2547 4226 1996 4226 2143 4227 2491 4227 2144 4227 2691 4228 2143 4228 1896 4228 2691 4229 2621 4229 2492 4229 2056 4230 2490 4230 2560 4230 2129 4231 2625 4231 2468 4231 2195 4232 2671 4232 2196 4232 2015 4233 2565 4233 2626 4233 2564 4234 2562 4234 2565 4234 2469 4235 2671 4235 2195 4235 2446 4236 2469 4236 2195 4236 2470 4237 2469 4237 2446 4237 1966 4238 2673 4238 1967 4238 1848 4239 1858 4239 1854 4239 2234 4240 2283 4240 2570 4240 2273 4241 2377 4241 2568 4241 2233 4242 2068 4242 2234 4242 2206 4243 2247 4243 2225 4243 2676 4244 2630 4244 2285 4244 2577 4245 2649 4245 2327 4245 2516 4246 2613 4246 2517 4246 1887 4247 2383 4247 2384 4247 2385 4248 2289 4248 2692 4248 2422 4249 2521 4249 2423 4249 2145 4250 2147 4250 2157 4250 2408 4251 2321 4251 2522 4251 2693 4252 2533 4252 2575 4252 1997 4253 2530 4253 1998 4253 2318 4254 2694 4254 2455 4254 1884 4255 1890 4255 1997 4255 2370 4256 2080 4256 2405 4256 2318 4257 2456 4257 2257 4257 2276 4258 2582 4258 2584 4258 2129 4259 2343 4259 2633 4259 2442 4260 2211 4260 2404 4260 2683 4261 2682 4261 2681 4261 2418 4262 2695 4262 2046 4262 2189 4263 2683 4263 2190 4263 2354 4264 2199 4264 2459 4264 2155 4265 2308 4265 2696 4265 2310 4266 1983 4266 2136 4266 2409 4267 2461 4267 2660 4267 2614 4268 2697 4268 2410 4268 2589 4269 2661 4269 2512 4269 2073 4270 2615 4270 2298 4270 2265 4271 2509 4271 2391 4271 2396 4272 2099 4272 2608 4272 2116 4273 2610 4273 2048 4273 2508 4274 2296 4274 2684 4274 2664 4275 2298 4275 2509 4275 2698 4276 2457 4276 2586 4276 1760 4277 2324 4277 1797 4277 2142 4278 2439 4278 2184 4278 1837 4279 2184 4279 1867 4279 2128 4280 2281 4280 2280 4280 2082 4281 2155 4281 2375 4281 1809 4282 1841 4282 2596 4282 2316 4283 2596 4283 2317 4283 2699 4284 2336 4284 2700 4284 1611 4285 2186 4285 2701 4285 1856 4286 1733 4286 2060 4286 1863 4287 1847 4287 2668 4287 2702 4288 2239 4288 2111 4288 2512 4289 2232 4289 2106 4289 2325 4290 2643 4290 2085 4290 2703 4291 2693 4291 2546 4291 2704 4292 1566 4292 1393 4292 2144 4293 2547 4293 2065 4293 2056 4294 2055 4294 2490 4294 2338 4295 2560 4295 2075 4295 2301 4296 2621 4296 2691 4296 2339 4297 2338 4297 2075 4297 1949 4298 2339 4298 2075 4298 1948 4299 2623 4299 1949 4299 2130 4300 2622 4300 2599 4300 2464 4301 2657 4301 2564 4301 2673 4302 2566 4302 2563 4302 1966 4303 2672 4303 2673 4303 1855 4304 2449 4304 1869 4304 2330 4305 2447 4305 2449 4305 2450 4306 2549 4306 1854 4306 2344 4307 2647 4307 2496 4307 2705 4308 2570 4308 2628 4308 2648 4309 2568 4309 2379 4309 2516 4310 2518 4310 2379 4310 2706 4311 2398 4311 2569 4311 2133 4312 2132 4312 2519 4312 2678 4313 2677 4313 2572 4313 2401 4314 2288 4314 2517 4314 2613 4315 2401 4315 2517 4315 2388 4316 1952 4316 2706 4316 2505 4317 2401 4317 2613 4317 1901 4318 2653 4318 1902 4318 2387 4319 1953 4319 2388 4319 1915 4320 1914 4320 2520 4320 2263 4321 2647 4321 2344 4321 2253 4322 2252 4322 2500 4322 1976 4323 2680 4323 2023 4323 2633 4324 2584 4324 2625 4324 2682 4325 2583 4325 2582 4325 2617 4326 2678 4326 2587 4326 1880 4327 2427 4327 1930 4327 1893 4328 2180 4328 2606 4328 2501 4329 2531 4329 2655 4329 2136 4330 2503 4330 2168 4330 2280 4331 2657 4331 2643 4331 2084 4332 2656 4332 2343 4332 2190 4333 2683 4333 2681 4333 2199 4334 2183 4334 2459 4334 2308 4335 2458 4335 2659 4335 2707 4336 2640 4336 2612 4336 2392 4337 2614 4337 2410 4337 2540 4338 2697 4338 2614 4338 2001 4339 2552 4339 2393 4339 2000 4340 2552 4340 2001 4340 2200 4341 2708 4341 2262 4341 2685 4342 2296 4342 2334 4342 2005 4343 2007 4343 2509 4343 2061 4344 2640 4344 2707 4344 2041 4345 2698 4345 2586 4345 2593 4346 2300 4346 2594 4346 2096 4347 1941 4347 2097 4347 2433 4348 2167 4348 2071 4348 1850 4349 2435 4349 2434 4349 2255 4350 2662 4350 2303 4350 2689 4351 2709 4351 2690 4351 2701 4352 2186 4352 2710 4352 1872 4353 1955 4353 2441 4353 2212 4354 2444 4354 2557 4354 2004 4355 2003 4355 2346 4355 2212 4356 2557 4356 2221 4356 2589 4357 2106 4357 2590 4357 1635 4358 2711 4358 1928 4358 1878 4359 2712 4359 1879 4359 2224 4360 2282 4360 2154 4360 2126 4361 2086 4361 2208 4361 2008 4362 2126 4362 2177 4362 1666 4363 1486 4363 1421 4363 1723 4364 1564 4364 1551 4364 1768 4365 1379 4365 1494 4365 1843 4366 2260 4366 1860 4366 1996 4367 2547 4367 2144 4367 2691 4368 2492 4368 2143 4368 2056 4369 2560 4369 2338 4369 2130 4370 2468 4370 2622 4370 2626 4371 2561 4371 2670 4371 2627 4372 2670 4372 2671 4372 2657 4373 2562 4373 2564 4373 2448 4374 2566 4374 2673 4374 2150 4375 2470 4375 2067 4375 2283 4376 2494 4376 2628 4376 2674 4377 2493 4377 2567 4377 2472 4378 1870 4378 2672 4378 1966 4379 2472 4379 2672 4379 1854 4380 2549 4380 1855 4380 2496 4381 2675 4381 2350 4381 2377 4382 2675 4382 2496 4382 2327 4383 2648 4383 2518 4383 2650 4384 2291 4384 2076 4384 2498 4385 2382 4385 2550 4385 2009 4386 2497 4386 2246 4386 1989 4387 2247 4387 2206 4387 2215 4388 2421 4388 2632 4388 2601 4389 2292 4389 2650 4389 2651 4390 2523 4390 2652 4390 2211 4391 2578 4391 2404 4391 2713 4392 2378 4392 2647 4392 2413 4393 2499 4393 2580 4393 2694 4394 2424 4394 2455 4394 2454 4395 2453 4395 2351 4395 2452 4396 2714 4396 2453 4396 2715 4397 2524 4397 2525 4397 2094 4398 2125 4398 2095 4398 2312 4399 2583 4399 2682 4399 2109 4400 2604 4400 2537 4400 2312 4401 2682 4401 2313 4401 2124 4402 2258 4402 2125 4402 2101 4403 2100 4403 2716 4403 1980 4404 1930 4404 2585 4404 1985 4405 2353 4405 2436 4405 2360 4406 2416 4406 2331 4406 2479 4407 2635 4407 2480 4407 2181 4408 2183 4408 2199 4408 2154 4409 2355 4409 2308 4409 2399 4410 2505 4410 2590 4410 2661 4411 2697 4411 2540 4411 2391 4412 2615 4412 2392 4412 2506 4413 2414 4413 2411 4413 2048 4414 2610 4414 2609 4414 2092 4415 2662 4415 2139 4415 2717 4416 2047 4416 1957 4416 2439 4417 2591 4417 1908 4417 2164 4418 2686 4418 2165 4418 1849 4419 2113 4419 2717 4419 1898 4420 2073 4420 2301 4420 2619 4421 1969 4421 2544 4421 2718 4422 2395 4422 2362 4422 2106 4423 2108 4423 2590 4423 2069 4424 2556 4424 2151 4424 2713 4425 2660 4425 2378 4425 1792 4426 1800 4426 2541 4426 1658 4427 2545 4427 2294 4427 2337 4428 2643 4428 2464 4428 2177 4429 2126 4429 2208 4429 1766 4430 1526 4430 1499 4430 1590 4431 1460 4431 1541 4431 1861 4432 2260 4432 1843 4432 2492 4433 2491 4433 2143 4433 2056 4434 2338 4434 2314 4434 2196 4435 2670 4435 2669 4435 1936 4436 2196 4436 2669 4436 2671 4437 2670 4437 2196 4437 1967 4438 2673 4438 2563 4438 1869 4439 2448 4439 2672 4439 2549 4440 2449 4440 1855 4440 2330 4441 2449 4441 2549 4441 2647 4442 2380 4442 2496 4442 2381 4443 2495 4443 1857 4443 2630 4444 2420 4444 2286 4444 2574 4445 2631 4445 2421 4445 2108 4446 2402 4446 2399 4446 2653 4447 2219 4447 1902 4447 2213 4448 2219 4448 2653 4448 2249 4449 2389 4449 1914 4449 2521 4450 2651 4450 2423 4450 2422 4451 2424 4451 2694 4451 1940 4452 1953 4452 2080 4452 1667 4453 2600 4453 2527 4453 2095 4454 2455 4454 2654 4454 2456 4455 2455 4455 2095 4455 2307 4456 2426 4456 2351 4456 2251 4457 2250 4457 2306 4457 2655 4458 2531 4458 2405 4458 2257 4459 2456 4459 2258 4459 2312 4460 2466 4460 2583 4460 2634 4461 2052 4461 2161 4461 2222 4462 2539 4462 2607 4462 2658 4463 2616 4463 2124 4463 2026 4464 2025 4464 2507 4464 2169 4465 2407 4465 2241 4465 1818 4466 1817 4466 2585 4466 1961 4467 2472 4467 1966 4467 2236 4468 2612 4468 2639 4468 1899 4469 2592 4469 2540 4469 2512 4470 2661 4470 2591 4470 2415 4471 2482 4471 2411 4471 2719 4472 2481 4472 2662 4472 2165 4473 2695 4473 2418 4473 2138 4474 2137 4474 2419 4474 2201 4475 2262 4475 2103 4475 1797 4476 2324 4476 1817 4476 2153 4477 2101 4477 2224 4477 2057 4478 1599 4478 2058 4478 2029 4479 2028 4479 1689 4479 1941 4480 2138 4480 2097 4480 2072 4481 2098 4481 2204 4481 2357 4482 1850 4482 2434 4482 2598 4483 2309 4483 2311 4483 2440 4484 2309 4484 2598 4484 2710 4485 2186 4485 2667 4485 2720 4486 2336 4486 2699 4486 1846 4487 1969 4487 2619 4487 1903 4488 2228 4488 1877 4488 1968 4489 2347 4489 1962 4489 2151 4490 2556 4490 2003 4490 2223 4491 2221 4491 2556 4491 1927 4492 2721 4492 2718 4492 1919 4493 2689 4493 1755 4493 1918 4494 2477 4494 2689 4494 2711 4495 2597 4495 1924 4495 1994 4496 2017 4496 1882 4496 2110 4497 2702 4497 2111 4497 2719 4498 2255 4498 2254 4498 2280 4499 2643 4499 2325 4499 2197 4500 2120 4500 2198 4500 2076 4501 2381 4501 1857 4501 2131 4502 2133 4502 2420 4502 2677 4503 2285 4503 2451 4503 2572 4504 2677 4504 2632 4504 2693 4505 2577 4505 2326 4505 2219 4506 2218 4506 2383 4506 2520 4507 2578 4507 1901 4507 2722 4508 2559 4508 2038 4508 2263 4509 2713 4509 2647 4509 2250 4510 2249 4510 2149 4510 2080 4511 1953 4511 2387 4511 2252 4512 2306 4512 2341 4512 2695 4513 2679 4513 2046 4513 2607 4514 2581 4514 2524 4514 2703 4515 2533 4515 2693 4515 2258 4516 2456 4516 2125 4516 2312 4517 2315 4517 2466 4517 2681 4518 2682 4518 2582 4518 2343 4519 2656 4519 2633 4519 2587 4520 2678 4520 2571 4520 2605 4521 2342 4521 2634 4521 2230 4522 2050 4522 2429 4522 2503 4523 2534 4523 2168 4523 1894 4524 1893 4524 2100 4524 2279 4525 2657 4525 2280 4525 2084 4526 2127 4526 2656 4526 2020 4527 2503 4527 1983 4527 2410 4528 2504 4528 2461 4528 2592 4529 2661 4529 2540 4529 2419 4530 2137 4530 2299 4530 2372 4531 2638 4531 2616 4531 2708 4532 2478 4532 2262 4532 2104 4533 2103 4533 2663 4533 2594 4534 2138 4534 2419 4534 2204 4535 2097 4535 2594 4535 2723 4536 2357 4536 2434 4536 1972 4537 1971 4537 2060 4537 2010 4538 2016 4538 2173 4538 2724 4539 2513 4539 2364 4539 2477 4540 2709 4540 2689 4540 1838 4541 2485 4541 1841 4541 1610 4542 2725 4542 2185 4542 1684 4543 2701 4543 2726 4543 2646 4544 1912 4544 2361 4544 2727 4545 2245 4545 2164 4545 2208 4546 2086 4546 2209 4546 2263 4547 2390 4547 2713 4547 2627 4548 2671 4548 2152 4548 2083 4549 1967 4549 2563 4549 1870 4550 1869 4550 2672 4550 2210 4551 2549 4551 2450 4551 2345 4552 2350 4552 2567 4552 2376 4553 2675 4553 2377 4553 1857 4554 2495 4554 1858 4554 2550 4555 2381 4555 2076 4555 2289 4556 2288 4556 2400 4556 1952 4557 2398 4557 2706 4557 2692 4558 2289 4558 2403 4558 2523 4559 2320 4559 2652 4559 2693 4560 2575 4560 2577 4560 2521 4561 2523 4561 2651 4561 2522 4562 2321 4562 2523 4562 2499 4563 2728 4563 2580 4563 2654 4564 2424 4564 2602 4564 2452 4565 2454 4565 2729 4565 2719 4566 2254 4566 2499 4566 1668 4567 1667 4567 2603 4567 2680 4568 2500 4568 2023 4568 2168 4569 2534 4569 2535 4569 2369 4570 2680 4570 2538 4570 2428 4571 2253 4571 1955 4571 2276 4572 2353 4572 2582 4572 2134 4573 2052 4573 2634 4573 2551 4574 2429 4574 2331 4574 2406 4575 2258 4575 2124 4575 2112 4576 2222 4576 2607 4576 2502 4577 2501 4577 1943 4577 2171 4578 2636 4578 2407 4578 2088 4579 2460 4579 2089 4579 2639 4580 2408 4580 2554 4580 2236 4581 2639 4581 2237 4581 2697 4582 2504 4582 2410 4582 2687 4583 2695 4583 2165 4583 2058 4584 2299 4584 2611 4584 2371 4585 2616 4585 2658 4585 2040 4586 2042 4586 2479 4586 2295 4587 2201 4587 2417 4587 1934 4588 2640 4588 2242 4588 1959 4589 1973 4589 2707 4589 2363 4590 2395 4590 2396 4590 2700 4591 2335 4591 2688 4591 2186 4592 2185 4592 2667 4592 2251 4593 2428 4593 2275 4593 2713 4594 2409 4594 2660 4594 1631 4595 1674 4595 1632 4595 2145 4596 2102 4596 2146 4596 2724 4597 2605 4597 2160 4597 1734 4598 1563 4598 1404 4598 1578 4599 1446 4599 1415 4599 2130 4600 2599 4600 2281 4600 1936 4601 2669 4601 2624 4601 2670 4602 2561 4602 2669 4602 2565 4603 2562 4603 2626 4603 2730 4604 2674 4604 2675 4604 2274 4605 2568 4605 2648 4605 2319 4606 2122 4606 2078 4606 2722 4607 2038 4607 2035 4607 2539 4608 2581 4608 2607 4608 2586 4609 2227 4609 2430 4609 2354 4610 2459 4610 2458 4610 2135 4611 2310 4611 2136 4611 1900 4612 2614 4612 2615 4612 1774 4613 1760 4613 1797 4613 2668 4614 1849 4614 2717 4614 2114 4615 2433 4615 2071 4615 2723 4616 1718 4616 2357 4616 2236 4617 1959 4617 2707 4617 1937 4618 1960 4618 2007 4618 2731 4619 2363 4619 2396 4619 2688 4620 2508 4620 2684 4620 2725 4621 2205 4621 2185 4621 1670 4622 2116 4622 1671 4622 2096 4623 2228 4623 1939 4623 1934 4624 2242 4624 2732 4624 1716 4625 2148 4625 2666 4625 2733 4626 2734 4626 2290 4626 1672 4627 1498 4627 1476 4627 2066 4628 2043 4628 2260 4628 2083 4629 2563 4629 2565 4629 2735 4630 2705 4630 2628 4630 2159 4631 2286 4631 2397 4631 2476 4632 2572 4632 2631 4632 2530 4633 2576 4633 1998 4633 2529 4634 2576 4634 2530 4634 2211 4635 2653 4635 2578 4635 2715 4636 2525 4636 2600 4636 2719 4637 2499 4637 2412 4637 1836 4638 2736 4638 2307 4638 2606 4639 2180 4639 2342 4639 2737 4640 2635 4640 2532 4640 2716 4641 2100 4641 2606 4641 2059 4642 2611 4642 2531 4642 2638 4643 2406 4643 2616 4643 2696 4644 2308 4644 2659 4644 2374 4645 2696 4645 2659 4645 2236 4646 2707 4646 2612 4646 2589 4647 2697 4647 2661 4647 1945 4648 1957 4648 2507 4648 2192 4649 2642 4649 2483 4649 2373 4650 2696 4650 2374 4650 2027 4651 2393 4651 2028 4651 2113 4652 2047 4652 2717 4652 2544 4653 2048 4653 2609 4653 2362 4654 2395 4654 2363 4654 2596 4655 2485 4655 2487 4655 2620 4656 2030 4656 2618 4656 2275 4657 2428 4657 2304 4657 2443 4658 2304 4658 1962 4658 2444 4659 2443 4659 2347 4659 2445 4660 2718 4660 2362 4660 2302 4661 2477 4661 2093 4661 2128 4662 2280 4662 2325 4662 1633 4663 1557 4663 1369 4663 2730 4664 2675 4664 2376 4664 2352 4665 2451 4665 2284 4665 2036 4666 2038 4666 2421 4666 2320 4667 2366 4667 2573 4667 2293 4668 2158 4668 2402 4668 2714 4669 2579 4669 2453 4669 2602 4670 2423 4670 2728 4670 2729 4671 2454 4671 2425 4671 2046 4672 2679 4672 1890 4672 2616 4673 2406 4673 2124 4673 2460 4674 2459 4674 2089 4674 2462 4675 2139 4675 2483 4675 2373 4676 2375 4676 2696 4676 2394 4677 2393 4677 2553 4677 2484 4678 2053 4678 2457 4678 2071 4679 2098 4679 2072 4679 1687 4680 2641 4680 2092 4680 2738 4681 2617 4681 1986 4681 2724 4682 2160 4682 2513 4682 2304 4683 2428 4683 1954 4683 2032 4684 2232 4684 2142 4684 2739 4685 2620 4685 1701 4685 2589 4686 2512 4686 2106 4686 2130 4687 2129 4687 2468 4687 2632 4688 2677 4688 2451 4688 1993 4689 2249 4689 1914 4689 2703 4690 2532 4690 2533 4690 2507 4691 2025 4691 2604 4691 2331 4692 2429 4692 2332 4692 2732 4693 2313 4693 2683 4693 1943 4694 2501 4694 2655 4694 2588 4695 2237 4695 2554 4695 2719 4696 2412 4696 2481 4696 2167 4697 2098 4697 2071 4697 2690 4698 2709 4698 2641 4698 2726 4699 2701 4699 2710 4699 1694 4700 2545 4700 1658 4700 2120 4701 2473 4701 2121 4701 2733 4702 2077 4702 2734 4702 2738 4703 2629 4703 2630 4703 2734 4704 2291 4704 2290 4704 2403 4705 2289 4705 2400 4705 2207 4706 2158 4706 2293 4706 2146 4707 2692 4707 2147 4707 2064 4708 2387 4708 2386 4708 2715 4709 2600 4709 1712 4709 2425 4710 2454 4710 2426 4710 2603 4711 1667 4711 2527 4711 2679 4712 2530 4712 1997 4712 2535 4713 1668 4713 2603 4713 2740 4714 2422 4714 2694 4714 2002 4715 2627 4715 2152 4715 2608 4716 2340 4716 2322 4716 2732 4717 2683 4717 2189 4717 2480 4718 2635 4718 2737 4718 2645 4719 2374 4719 2659 4719 2642 4720 2462 4720 2483 4720 1873 4721 2026 4721 2047 4721 2263 4722 2265 4722 2390 4722 2302 4723 2303 4723 2709 4723 2108 4724 2399 4724 2590 4724 1892 4725 1912 4725 1978 4725 1650 4726 1456 4726 1444 4726 1652 4727 1503 4727 1510 4727 1936 4728 2624 4728 1963 4728 2730 4729 2735 4729 2674 4729 2119 4730 2365 4730 2519 4730 2215 4731 2451 4731 2352 4731 2038 4732 2574 4732 2421 4732 2147 4733 2403 4733 2158 4733 1864 4734 1965 4734 1915 4734 2528 4735 2530 4735 2679 4735 2100 4736 1893 4736 2606 4736 2241 4737 2407 4737 2222 4737 2183 4738 2182 4738 2333 4738 2516 4739 2660 4739 2613 4739 2375 4740 2155 4740 2696 4740 1973 4741 2061 4741 2707 4741 2546 4742 2693 4742 2326 4742 1621 4743 1443 4743 1517 4743 1617 4744 1547 4744 1546 4744 2159 4745 2397 4745 2513 4745 2159 4746 2284 4746 2286 4746 2738 4747 2630 4747 2676 4747 2527 4748 2600 4748 2601 4748 2453 4749 2579 4749 2033 4749 2093 4750 2095 4750 2654 4750 2039 4751 2500 4751 2680 4751 2605 4752 2716 4752 2606 4752 2741 4753 2588 4753 2554 4753 2589 4754 2504 4754 2697 4754 2393 4755 2552 4755 2553 4755 2262 4756 2478 4756 2663 4756 1721 4757 2542 4757 2372 4757 2487 4758 2486 4758 2588 4758 2709 4759 2303 4759 2641 4759 2742 4760 2684 4760 2743 4760 2712 4761 2720 4761 2699 4761 2378 4762 2660 4762 2516 4762 2721 4763 1975 4763 2718 4763 1918 4764 2689 4764 1919 4764 1917 4765 1919 4765 1585 4765 2744 4766 1985 4766 2438 4766 2390 4767 2409 4767 2713 4767 1998 4768 2576 4768 2575 4768 2728 4769 2651 4769 2580 4769 2423 4770 2651 4770 2728 4770 2125 4771 2456 4771 2095 4771 2160 4772 2634 4772 2161 4772 2237 4773 2639 4773 2554 4773 2663 4774 2478 4774 2480 4774 1882 4775 2017 4775 2053 4775 2442 4776 2444 4776 2212 4776 2215 4777 2632 4777 2451 4777 2555 4778 2580 4778 2652 4778 1889 4779 2046 4779 1890 4779 2605 4780 2634 4780 2160 4780 2354 4781 2458 4781 2355 4781 2197 4782 2199 4782 2354 4782 2115 4783 2610 4783 2116 4783 2059 4784 2058 4784 2611 4784 1982 4785 2020 4785 1983 4785 1598 4786 2593 4786 2419 4786 2514 4787 2272 4787 2687 4787 2245 4788 2686 4788 2164 4788 1732 4789 1919 4789 1755 4789 2740 4790 2741 4790 2422 4790 1584 4791 1466 4791 1530 4791 2157 4792 2207 4792 2745 4792 2267 4793 2581 4793 2539 4793 2137 4794 2370 4794 2611 4794 2059 4795 2531 4795 2501 4795 1673 4796 1625 4796 2534 4796 2741 4797 2554 4797 2522 4797 2746 4798 1579 4798 2394 4798 2723 4799 2434 4799 2595 4799 2179 4800 2463 4800 2360 4800 1904 4801 1931 4801 2486 4801 1615 4802 1544 4802 1366 4802 1700 4803 1407 4803 1574 4803 2735 4804 2493 4804 2674 4804 2735 4805 2628 4805 2493 4805 2032 4806 2107 4806 2232 4806 2267 4807 2539 4807 2636 4807 2081 4808 1894 4808 2100 4808 2269 4809 2480 4809 2737 4809 2746 4810 2394 4810 2553 4810 1663 4811 2747 4811 2323 4811 1748 4812 1721 4812 2372 4812 2719 4813 2662 4813 2255 4813 2302 4814 2709 4814 2477 4814 2336 4815 2335 4815 2700 4815 2703 4816 2546 4816 2270 4816 2244 4817 2730 4817 2748 4817 2555 4818 2652 4818 2573 4818 2692 4819 2403 4819 2147 4819 2715 4820 1784 4820 2524 4820 2746 4821 2416 4821 2359 4821 2269 4822 2104 4822 2663 4822 2303 4823 2662 4823 2092 4823 2054 4824 2732 4824 2242 4824 1728 4825 1716 4825 2666 4825 2131 4826 2420 4826 2629 4826 2158 4827 2403 4827 2402 4827 2211 4828 2213 4828 2653 4828 2267 4829 2510 4829 2581 4829 2230 4830 2551 4830 2552 4830 2645 4831 2659 4831 2460 4831 2645 4832 2511 4832 2374 4832 2373 4833 2666 4833 2375 4833 2251 4834 2275 4834 2250 4834 1784 4835 2607 4835 2524 4835 1926 4836 2536 4836 1927 4836 2269 4837 2663 4837 2480 4837 2724 4838 2716 4838 2605 4838 1991 4839 2609 4839 1992 4839 2054 4840 2314 4840 2313 4840 2198 4841 2122 4841 2749 4841 2750 4842 2570 4842 2705 4842 2529 4843 2649 4843 2576 4843 2526 4844 2601 4844 2650 4844 2559 4845 2574 4845 2038 4845 2039 4846 2680 4846 2369 4846 2703 4847 2737 4847 2532 4847 2087 4848 2170 4848 2545 4848 2751 4849 2334 4849 2417 4849 2751 4850 2417 4850 2102 4850 2316 4851 1809 4851 2596 4851 2722 4852 2506 4852 2559 4852 2059 4853 2501 4853 2205 4853 2267 4854 2636 4854 2268 4854 2703 4855 2270 4855 2737 4855 1895 4856 2592 4856 1899 4856 2002 4857 2015 4857 2627 4857 2752 4858 2724 4858 2364 4858 2118 4859 2752 4859 2364 4859 2272 4860 2274 4860 2529 4860 2753 4861 2729 4861 2425 4861 2733 4862 2290 4862 2510 4862 1934 4863 2732 4863 2189 4863 2260 4864 2043 4864 1860 4864 2734 4865 2498 4865 2550 4865 2077 4866 2498 4866 2734 4866 2188 4867 2187 4867 2587 4867 2042 4868 2041 4868 2586 4868 1922 4869 2435 4869 1866 4869 2054 4870 2313 4870 2732 4870 2738 4871 2676 4871 2617 4871 2118 4872 2282 4872 2224 4872 2243 4873 2754 4873 2750 4873 2750 4874 2706 4874 2569 4874 2559 4875 2555 4875 2573 4875 2042 4876 2635 4876 2479 4876 2087 4877 2333 4877 2170 4877 2740 4878 2588 4878 2741 4878 1904 4879 2486 4879 2485 4879 2153 4880 2155 4880 2082 4880 2749 4881 2268 4881 2181 4881 1926 4882 1928 4882 2711 4882 1730 4883 2755 4883 1725 4883 2274 4884 2648 4884 2649 4884 2317 4885 2694 4885 2318 4885 2156 4886 2131 4886 2629 4886 2254 4887 2602 4887 2728 4887 2230 4888 2552 4888 2000 4888 2271 4889 2146 4889 2104 4889 1904 4890 2485 4890 1838 4890 2057 4891 2205 4891 2725 4891 2750 4892 2569 4892 2570 4892 2734 4893 2550 4893 2291 4893 1961 4894 1935 4894 2472 4894 2118 4895 2364 4895 2119 4895 2243 4896 2245 4896 2727 4896 2741 4897 2521 4897 2422 4897 2514 4898 2687 4898 2686 4898 2559 4899 2573 4899 2574 4899 2745 4900 2207 4900 2579 4900 2753 4901 2425 4901 2427 4901 2302 4902 2093 4902 2256 4902 2297 4903 2298 4903 2664 4903 2740 4904 2487 4904 2588 4904 1999 4905 2001 4905 2756 4905 1912 4906 2024 4906 2361 4906 2749 4907 2122 4907 2319 4907 2271 4908 2385 4908 2692 4908 2074 4909 2075 4909 2621 4909 1921 4910 2650 4910 2076 4910 2756 4911 2193 4911 2415 4911 1934 4912 1933 4912 2640 4912 2644 4913 2645 4913 2088 4913 2747 4914 1929 4914 2323 4914 2749 4915 2266 4915 2268 4915 2529 4916 2274 4916 2649 4916 2745 4917 2579 4917 2714 4917 2254 4918 2728 4918 2499 4918 1673 4919 2503 4919 2020 4919 1922 4920 2433 4920 2435 4920 2271 4921 2692 4921 2146 4921 1898 4922 2301 4922 2691 4922 2528 4923 2679 4923 2695 4923 1918 4924 2094 4924 2477 4924 2645 4925 2460 4925 2088 4925 2062 4926 2166 4926 2063 4926 1725 4927 2755 4927 2708 4927 2024 4928 2148 4928 2361 4928 2115 4929 1670 4929 2731 4929 1985 4930 2436 4930 2438 4930 2027 4931 2193 4931 2756 4931 2115 4932 2608 4932 2610 4932 2746 4933 2553 4933 2416 4933 2752 4934 2716 4934 2724 4934 1942 4935 1944 4935 2045 4935 2733 4936 2319 4936 2077 4936 2757 4937 2157 4937 2745 4937 1946 4938 1889 4938 1885 4938 1918 4939 2123 4939 2094 4939 1984 4940 2190 4940 2681 4940 2755 4941 2479 4941 2478 4941 2755 4942 2478 4942 2708 4942 2744 4943 1986 4943 1985 4943 2198 4944 2749 4944 2181 4944 2757 4945 2745 4945 2743 4945 2117 4946 2119 4946 2474 4946 1886 4947 1915 4947 2520 4947 2741 4948 2522 4948 2521 4948 2269 4949 2737 4949 2270 4949 2644 4950 2088 4950 2090 4950 2272 4951 2529 4951 2528 4951 2756 4952 2415 4952 2414 4952 2317 4953 2487 4953 2740 4953 2514 4954 2376 4954 2273 4954 2317 4955 2740 4955 2694 4955 2753 4956 2427 4956 1880 4956 2744 4957 2629 4957 2738 4957 1975 4958 2395 4958 2718 4958 1922 4959 2229 4959 2433 4959 1928 4960 1927 4960 2445 4960 2156 4961 2438 4961 1988 4961 2742 4962 2743 4962 2714 4962 2528 4963 2695 4963 2687 4963 1913 4964 1965 4964 2619 4964 2316 4965 2318 4965 2257 4965 2014 4966 1945 4966 2507 4966 1909 4967 2014 4967 2665 4967 1864 4968 1844 4968 1965 4968 2748 4969 2730 4969 2376 4969 2751 4970 2685 4970 2334 4970 2752 4971 2101 4971 2716 4971 2317 4972 2596 4972 2487 4972 2722 4973 2414 4973 2506 4973 1946 4974 2710 4974 1947 4974 2074 4975 2297 4975 1950 4975 1925 4976 2665 4976 2109 4976 1999 4977 2035 4977 2000 4977 2074 4978 2301 4978 2297 4978 2743 4979 2684 4979 2685 4979 2042 4980 2586 4980 2430 4980 2758 4981 2473 4981 2120 4981 1673 4982 2534 4982 2503 4982 1583 4983 2371 4983 2658 4983 2759 4984 2688 4984 2742 4984 2145 4985 2751 4985 2102 4985 2749 4986 2319 4986 2266 4986 2093 4987 2654 4987 2256 4987 2042 4988 2430 4988 2635 4988 1981 4989 2310 4989 2309 4989 1991 4990 2619 4990 2544 4990 1662 4991 1663 4991 2323 4991 1853 4992 2113 4992 1849 4992 2754 4993 2706 4993 2750 4993 1927 4994 2536 4994 2721 4994 2191 4995 2029 4995 1589 4995 2266 4996 2733 4996 2510 4996 1991 4997 2544 4997 2609 4997 2027 4998 2756 4998 2001 4998 2721 4999 1976 4999 1975 4999 2244 5000 2748 5000 2245 5000 2191 5001 2642 5001 2192 5001 2744 5002 2738 5002 1986 5002 1886 5003 2520 5003 1901 5003 2188 5004 2587 5004 2558 5004 2742 5005 2688 5005 2684 5005 1898 5006 2691 5006 1896 5006 2297 5007 2664 5007 1950 5007 2081 5008 2153 5008 2082 5008 2062 5009 2727 5009 2164 5009 2266 5010 2319 5010 2733 5010 2062 5011 2386 5011 2727 5011 2062 5012 2064 5012 2386 5012 1909 5013 2135 5013 1910 5013 1932 5014 2558 5014 2013 5014 2743 5015 2745 5015 2714 5015 2243 5016 2705 5016 2244 5016 2014 5017 2109 5017 2665 5017 2758 5018 2474 5018 2473 5018 2754 5019 2727 5019 2386 5019 2744 5020 2156 5020 2629 5020 2197 5021 2354 5021 2356 5021 1984 5022 2681 5022 2353 5022 2752 5023 2224 5023 2101 5023 2115 5024 2396 5024 2608 5024 1662 5025 2323 5025 2324 5025 1991 5026 1913 5026 2619 5026 2744 5027 2438 5027 2156 5027 2244 5028 2705 5028 2735 5028 2198 5029 2181 5029 2199 5029 1977 5030 1958 5030 1892 5030 1932 5031 2188 5031 2558 5031 2117 5032 2356 5032 2282 5032 1921 5033 2526 5033 2650 5033 2721 5034 2538 5034 1976 5034 2063 5035 1943 5035 2655 5035 1646 5036 2457 5036 2698 5036 2272 5037 2528 5037 2687 5037 2118 5038 2224 5038 2752 5038 2754 5039 2386 5039 2388 5039 1595 5040 2712 5040 1878 5040 1925 5041 1924 5041 2598 5041 1927 5042 2718 5042 2445 5042 2074 5043 2621 5043 2301 5043 2742 5044 2714 5044 2452 5044 1974 5045 2341 5045 2340 5045 1977 5046 2463 5046 1958 5046 1853 5047 1868 5047 2113 5047 2759 5048 2742 5048 2452 5048 2757 5049 2685 5049 2751 5049 1981 5050 2309 5050 1608 5050 2748 5051 2376 5051 2514 5051 1974 5052 2340 5052 2099 5052 2117 5053 2474 5053 2758 5053 1999 5054 2414 5054 2722 5054 2759 5055 2452 5055 2729 5055 1646 5056 2484 5056 2457 5056 2760 5057 2603 5057 1916 5057 2757 5058 2751 5058 2145 5058 2027 5059 2001 5059 2393 5059 2721 5060 2536 5060 2538 5060 2244 5061 2735 5061 2730 5061 2115 5062 2731 5062 2396 5062 2757 5063 2743 5063 2685 5063 2761 5064 2729 5064 2753 5064 2197 5065 2758 5065 2120 5065 2748 5066 2686 5066 2245 5066 2761 5067 2759 5067 2729 5067 1926 5068 2711 5068 1924 5068 1662 5069 2324 5069 1760 5069 2197 5070 2356 5070 2758 5070 2243 5071 2727 5071 2754 5071 1999 5072 2722 5072 2035 5072 2762 5073 2668 5073 1956 5073 1942 5074 2502 5074 1943 5074 2040 5075 2479 5075 2755 5075 1977 5076 1618 5076 2463 5076 2117 5077 2758 5077 2356 5077 1923 5078 2537 5078 2536 5078 2043 5079 1840 5079 1860 5079 2748 5080 2514 5080 2686 5080 1947 5081 2045 5081 1889 5081 2761 5082 2700 5082 2759 5082 2063 5083 2655 5083 2064 5083 2759 5084 2700 5084 2688 5084 2040 5085 2755 5085 1730 5085 1999 5086 2756 5086 2414 5086 2014 5087 2604 5087 2109 5087 2760 5088 1916 5088 1863 5088 2754 5089 2388 5089 2706 5089 1616 5090 1977 5090 1978 5090 2062 5091 2164 5091 2166 5091 2757 5092 2145 5092 2157 5092 1956 5093 2717 5093 1957 5093 1588 5094 2191 5094 1589 5094 2761 5095 2699 5095 2700 5095 1917 5096 2658 5096 2123 5096 1588 5097 1623 5097 2642 5097 1925 5098 2311 5098 2665 5098 2762 5099 2431 5099 2760 5099 1944 5100 2166 5100 2418 5100 1862 5101 1921 5101 1852 5101 2014 5102 2507 5102 2604 5102 1947 5103 2710 5103 2667 5103 2243 5104 2750 5104 2705 5104 1595 5105 1878 5105 2747 5105 1577 5106 1579 5106 2746 5106 1862 5107 2526 5107 1921 5107 1588 5108 2642 5108 2191 5108 1879 5109 2761 5109 2753 5109 1944 5110 1943 5110 2063 5110 1944 5111 2418 5111 2045 5111 1577 5112 2746 5112 2359 5112 1879 5113 2712 5113 2699 5113 2760 5114 2431 5114 2535 5114 1926 5115 1924 5115 1923 5115 1879 5116 2753 5116 1880 5116 1923 5117 2109 5117 2537 5117 1917 5118 1585 5118 1583 5118 1909 5119 2665 5119 2135 5119 1925 5120 2598 5120 2311 5120 2762 5121 1956 5121 1911 5121 1917 5122 1583 5122 2658 5122 1926 5123 1923 5123 2536 5123 1944 5124 2063 5124 2166 5124 1878 5125 1929 5125 2747 5125 1862 5126 1916 5126 2526 5126 2763 5127 1885 5127 1883 5127 1879 5128 2699 5128 2761 5128 2762 5129 2760 5129 1863 5129 2762 5130 1863 5130 2668 5130 2760 5131 2535 5131 2603 5131 1942 5132 2667 5132 2502 5132 1956 5133 2668 5133 2717 5133 2763 5134 1883 5134 2620 5134 2763 5135 1946 5135 1885 5135 1947 5136 1942 5136 2045 5136 1616 5137 1618 5137 1977 5137 2762 5138 1911 5138 2431 5138 1946 5139 2726 5139 2710 5139 2739 5140 1684 5140 2726 5140 2763 5141 2726 5141 1946 5141 1947 5142 2667 5142 1942 5142 2763 5143 2620 5143 2739 5143 1840 5144 1842 5144 1860 5144 2763 5145 2739 5145 2726 5145 1860 5146 1842 5146 1833 5146 1826 5147 1829 5147 2764 5147 1829 5148 1832 5148 2764 5148 1833 5149 1842 5149 1834 5149 1839 5150 1813 5150 1842 5150 1832 5151 1835 5151 2764 5151 1842 5152 1813 5152 1834 5152 2764 5153 1835 5153 1822 5153 1813 5154 1812 5154 1834 5154 1836 5155 2140 5155 1837 5155 2736 5156 1825 5156 1827 5156 2736 5157 1827 5157 2368 5157 2736 5158 2426 5158 2307 5158 1836 5159 1825 5159 2736 5159 1821 5160 1826 5160 2764 5160 1822 5161 1835 5161 1824 5161 1834 5162 1812 5162 1835 5162 1831 5163 1827 5163 1826 5163 2736 5164 2368 5164 2426 5164 1836 5165 2307 5165 2140 5165 1821 5166 2764 5166 1822 5166 1831 5167 1818 5167 2585 5167 1831 5168 2367 5168 1827 5168 1831 5169 2585 5169 2367 5169 1835 5170 1812 5170 1824 5170 1812 5171 1816 5171 1824 5171 1808 5172 1813 5172 1839 5172 1808 5173 1841 5173 1809 5173 1816 5174 1819 5174 1824 5174 1820 5175 1823 5175 1798 5175 1808 5176 1839 5176 1841 5176 1824 5177 1819 5177 1823 5177 1798 5178 1823 5178 1801 5178 1804 5179 1806 5179 2637 5179 1796 5180 1820 5180 1798 5180 1802 5181 1803 5181 2637 5181 1805 5182 2257 5182 1806 5182 1805 5183 1809 5183 2316 5183 1802 5184 2542 5184 1800 5184 1802 5185 2637 5185 2638 5185 1815 5186 1807 5186 1819 5186 1823 5187 1819 5187 1801 5187 1799 5188 1807 5188 1815 5188 1805 5189 2316 5189 2257 5189 1802 5190 2638 5190 2542 5190 1804 5191 2637 5191 1803 5191 1804 5192 1803 5192 1814 5192 1804 5193 1814 5193 1810 5193 1819 5194 1807 5194 1801 5194 1791 5195 1795 5195 1807 5195 1807 5196 1795 5196 1801 5196 1801 5197 1795 5197 1787 5197 1787 5198 1795 5198 1789 5198 1795 5199 1793 5199 1789 5199 1793 5200 1745 5200 1789 5200 1772 5201 1789 5201 1780 5201 1686 5202 2641 5202 1687 5202 1686 5203 2690 5203 2641 5203 1789 5204 1745 5204 1780 5204 1778 5205 2765 5205 1779 5205 1785 5206 2765 5206 1778 5206 1764 5207 2238 5207 2488 5207 2766 5208 2465 5208 1642 5208 2767 5209 1694 5209 2348 5209 1726 5210 2200 5210 1781 5210 1726 5211 1725 5211 2708 5211 1648 5212 1593 5212 1785 5212 2768 5213 1735 5213 1734 5213 1731 5214 1730 5214 1771 5214 1711 5215 1792 5215 2541 5215 1745 5216 2194 5216 1780 5216 1773 5217 1780 5217 2769 5217 1752 5218 1754 5218 2110 5218 1782 5219 1790 5219 1783 5219 2770 5220 1781 5220 2432 5220 1640 5221 1642 5221 2465 5221 1764 5222 1622 5222 2238 5222 1726 5223 2708 5223 2200 5223 1708 5224 1645 5224 2216 5224 2771 5225 2767 5225 2772 5225 1693 5226 2348 5226 1694 5226 2773 5227 1687 5227 2091 5227 2773 5228 1587 5228 1687 5228 1691 5229 1681 5229 2336 5229 2774 5230 2698 5230 2041 5230 1607 5231 1981 5231 1608 5231 1705 5232 1585 5232 1732 5232 1744 5233 2194 5233 1745 5233 1649 5234 2070 5234 1629 5234 2767 5235 2348 5235 2772 5235 2775 5236 1627 5236 1629 5236 2776 5237 1599 5237 2057 5237 1758 5238 1698 5238 1654 5238 2777 5239 1624 5239 1626 5239 1769 5240 1972 5240 1735 5240 2778 5241 1615 5241 1664 5241 1743 5242 1745 5242 1793 5242 1636 5243 1635 5243 1928 5243 1636 5244 2445 5244 1641 5244 1659 5245 2720 5245 2712 5245 1685 5246 1666 5246 1631 5246 2779 5247 2780 5247 2766 5247 2781 5248 1756 5248 1755 5248 2782 5249 1702 5249 1748 5249 1743 5250 1711 5250 1776 5250 1743 5251 1792 5251 1711 5251 2777 5252 1626 5252 1790 5252 1780 5253 2194 5253 2769 5253 2766 5254 2780 5254 2465 5254 1708 5255 2618 5255 2484 5255 2770 5256 1768 5256 1781 5256 1758 5257 2091 5257 2462 5257 1691 5258 2336 5258 2720 5258 1605 5259 1604 5259 1788 5259 1750 5260 2711 5260 1635 5260 1656 5261 2240 5261 1692 5261 1656 5262 1658 5262 2294 5262 2783 5263 1579 5263 1578 5263 2776 5264 1669 5264 1599 5264 1729 5265 2040 5265 1730 5265 1620 5266 1764 5266 1650 5266 1605 5267 1757 5267 1664 5267 1675 5268 1577 5268 2359 5268 1607 5269 1982 5269 1981 5269 2784 5270 1415 5270 1429 5270 1717 5271 1403 5271 1563 5271 1737 5272 1546 5272 1519 5272 2780 5273 1476 5273 1424 5273 2784 5274 1429 5274 1676 5274 2769 5275 1458 5275 1411 5275 1737 5276 1519 5276 1661 5276 1717 5277 1563 5277 1734 5277 1682 5278 1574 5278 1562 5278 1619 5279 1541 5279 1570 5279 1682 5280 1562 5280 1683 5280 2765 5281 1521 5281 1539 5281 2784 5282 1578 5282 1415 5282 1698 5283 1569 5283 1654 5283 2765 5284 1539 5284 1779 5284 1586 5285 1661 5285 1447 5285 1645 5286 1387 5286 2216 5286 1737 5287 1617 5287 1546 5287 2780 5288 1672 5288 1476 5288 2772 5289 2348 5289 1523 5289 1699 5290 1407 5290 1700 5290 1645 5291 1559 5291 1387 5291 1594 5292 1399 5292 1552 5292 1724 5293 1575 5293 1771 5293 1698 5294 1570 5294 1569 5294 1724 5295 1494 5295 1575 5295 1699 5296 1454 5296 1407 5296 2780 5297 1424 5297 2465 5297 1738 5298 1568 5298 2515 5298 2769 5299 2194 5299 1458 5299 1763 5300 1751 5300 1474 5300 1731 5301 1771 5301 1516 5301 1586 5302 1447 5302 1446 5302 2785 5303 1715 5303 1567 5303 1738 5304 1628 5304 1402 5304 1627 5305 2704 5305 1393 5305 1645 5306 1647 5306 1559 5306 1594 5307 1596 5307 1399 5307 1738 5308 1402 5308 1568 5308 1619 5309 1590 5309 1541 5309 2772 5310 1537 5310 2231 5310 2765 5311 1593 5311 1521 5311 1744 5312 1776 5312 1556 5312 2772 5313 1523 5313 1537 5313 1682 5314 1700 5314 1574 5314 1731 5315 1516 5315 1515 5315 1678 5316 2231 5316 1344 5316 1699 5317 2216 5317 1454 5317 2785 5318 1397 5318 1740 5318 1724 5319 1768 5319 1494 5319 1767 5320 1653 5320 1440 5320 1767 5321 1440 5321 1406 5321 1765 5322 1513 5322 1612 5322 1627 5323 1393 5323 1543 5323 1767 5324 1406 5324 1596 5324 1731 5325 1515 5325 1761 5325 1594 5326 1552 5326 2489 5326 1586 5327 1446 5327 1578 5327 1678 5328 1344 5328 1408 5328 1763 5329 1474 5329 1540 5329 2785 5330 1567 5330 1397 5330 1627 5331 1543 5331 1628 5331 1763 5332 1540 5332 1720 5332 1765 5333 1683 5333 1401 5333 1719 5334 1554 5334 1403 5334 1719 5335 2515 5335 1554 5335 1765 5336 1401 5336 1513 5336 1744 5337 1353 5337 2194 5337 1744 5338 1556 5338 1353 5338 1678 5339 1408 5339 1679 5339 2786 5340 1572 5340 1756 5340 2786 5341 1655 5341 1418 5341 2786 5342 1418 5342 1572 5342 2786 5343 1686 5343 1655 5343 1644 5344 1607 5344 1609 5344 1649 5345 2595 5345 2070 5345 2787 5346 2489 5346 1565 5346 2787 5347 1400 5347 1651 5347 1739 5348 1701 5348 1700 5348 2776 5349 1723 5349 1669 5349 2778 5350 1664 5350 1666 5350 2770 5351 1379 5351 1768 5351 2788 5352 1760 5352 1774 5352 1729 5353 2774 5353 2041 5353 1729 5354 1761 5354 2774 5354 2776 5355 2057 5355 2725 5355 1634 5356 1475 5356 1751 5356 1634 5357 1638 5357 1435 5357 2767 5358 2090 5358 1694 5358 2782 5359 1583 5359 1582 5359 2789 5360 1784 5360 1783 5360 1696 5361 2373 5361 1680 5361 1696 5362 1728 5362 2666 5362 2787 5363 1565 5363 1400 5363 2790 5364 2770 5364 2432 5364 2782 5365 1582 5365 1702 5365 1782 5366 1784 5366 2715 5366 1714 5367 1716 5367 1728 5367 1643 5368 1482 5368 1638 5368 1690 5369 1595 5369 2747 5369 1660 5370 1657 5370 1576 5370 1636 5371 1928 5371 2445 5371 1743 5372 1793 5372 1792 5372 1659 5373 2712 5373 1595 5373 2770 5374 1553 5374 1379 5374 1677 5375 1547 5375 1617 5375 1677 5376 1740 5376 1571 5376 2791 5377 1503 5377 1652 5377 1778 5378 1692 5378 2239 5378 1634 5379 1435 5379 1475 5379 2766 5380 1642 5380 2363 5380 2791 5381 1773 5381 2769 5381 2792 5382 1681 5382 1580 5382 1693 5383 1524 5383 2348 5383 2792 5384 2488 5384 1681 5384 1659 5385 1594 5385 2489 5385 2793 5386 2300 5386 1736 5386 1727 5387 1859 5387 1718 5387 1742 5388 1701 5388 2618 5388 1752 5389 1794 5389 1753 5389 1619 5390 1570 5390 1698 5390 1717 5391 1719 5391 1403 5391 1714 5392 1349 5392 1558 5392 1770 5393 2701 5393 1684 5393 1775 5394 1769 5394 1766 5394 1614 5395 2593 5395 1598 5395 2787 5396 1651 5396 1691 5396 1639 5397 2162 5397 1622 5397 1697 5398 1766 5398 1499 5398 1697 5399 1498 5399 1672 5399 1707 5400 1484 5400 1566 5400 2794 5401 1610 5401 1613 5401 1710 5402 1409 5402 1776 5402 1710 5403 1703 5403 1555 5403 1775 5404 1671 5404 1970 5404 1749 5405 1616 5405 1978 5405 2782 5406 2371 5406 1583 5406 1722 5407 2361 5407 1716 5407 1695 5408 1779 5408 1492 5408 1695 5409 1491 5409 1657 5409 1603 5410 1366 5410 1508 5410 1640 5411 2465 5411 1534 5411 1709 5412 1711 5412 2541 5412 1713 5413 1646 5413 2698 5413 2795 5414 1702 5414 1582 5414 2795 5415 1582 5415 1584 5415 2777 5416 1790 5416 1782 5416 1685 5417 1633 5417 1369 5417 1685 5418 1486 5418 1666 5418 1710 5419 1776 5419 1711 5419 1722 5420 2785 5420 2646 5420 2790 5421 1621 5421 1517 5421 1708 5422 2484 5422 1646 5422 2781 5423 1755 5423 2690 5423 2794 5424 2725 5424 1610 5424 1643 5425 1479 5425 1482 5425 2788 5426 2791 5426 1652 5426 1705 5427 1467 5427 1466 5427 1660 5428 1576 5428 1542 5428 1605 5429 1788 5429 1757 5429 1758 5430 2462 5430 1623 5430 1747 5431 1349 5431 1714 5431 1749 5432 2646 5432 2785 5432 1746 5433 2595 5433 1649 5433 2796 5434 1405 5434 1647 5434 2796 5435 1761 5435 1560 5435 1677 5436 1571 5436 1547 5436 2791 5437 1411 5437 1503 5437 1750 5438 2597 5438 2711 5438 1727 5439 1734 5439 1733 5439 2797 5440 1613 5440 1612 5440 2797 5441 1723 5441 1613 5441 1704 5442 1531 5442 1467 5442 2791 5443 2769 5443 1411 5443 1656 5444 2294 5444 2240 5444 1739 5445 1684 5445 2739 5445 1775 5446 1972 5446 1769 5446 1706 5447 1485 5447 1484 5447 1729 5448 2041 5448 2040 5448 2778 5449 1666 5449 1421 5449 2778 5450 1544 5450 1615 5450 2768 5451 1734 5451 1404 5451 1722 5452 1715 5452 2785 5452 1693 5453 1542 5453 1524 5453 2796 5454 2774 5454 1761 5454 1777 5455 1607 5455 1644 5455 1747 5456 1679 5456 1453 5456 2797 5457 1612 5457 1512 5457 2797 5458 1564 5458 1723 5458 2795 5459 1584 5459 1530 5459 2795 5460 1573 5460 1702 5460 1762 5461 2597 5461 1750 5461 1762 5462 1763 5462 1720 5462 1675 5463 2359 5463 2358 5463 1749 5464 2785 5464 1740 5464 1688 5465 2783 5465 2784 5465 2798 5466 2720 5466 1659 5466 1714 5467 1558 5467 1715 5467 2779 5468 1670 5468 1672 5468 2788 5469 1773 5469 2791 5469 1690 5470 1663 5470 1767 5470 1777 5471 1982 5471 1607 5471 1747 5472 1714 5472 1728 5472 1770 5473 1765 5473 1611 5473 1739 5474 2739 5474 1701 5474 1762 5475 2440 5475 2597 5475 1639 5476 1621 5476 2790 5476 1697 5477 1499 5477 1498 5477 1707 5478 1566 5478 2704 5478 1710 5479 1555 5479 1409 5479 1693 5480 1660 5480 1542 5480 1777 5481 1644 5481 1633 5481 2788 5482 1774 5482 1773 5482 1695 5483 1492 5483 1491 5483 1746 5484 1738 5484 2515 5484 2790 5485 1553 5485 2770 5485 1603 5486 1615 5486 1366 5486 1640 5487 1534 5487 1479 5487 1741 5488 1617 5488 1737 5488 2793 5489 1736 5489 1707 5489 1685 5490 1369 5490 1486 5490 1640 5491 1479 5491 1643 5491 2767 5492 2644 5492 2090 5492 2790 5493 1517 5493 1553 5493 1746 5494 2723 5494 2595 5494 2794 5495 1613 5495 1723 5495 2799 5496 1746 5496 2515 5496 1696 5497 2666 5497 2373 5497 1713 5498 2796 5498 1647 5498 1741 5499 1675 5499 2358 5499 1688 5500 2784 5500 1676 5500 1754 5501 2702 5501 2110 5501 2800 5502 1678 5502 1680 5502 1727 5503 1717 5503 1734 5503 2789 5504 2112 5504 1784 5504 2798 5505 1659 5505 2489 5505 2771 5506 2644 5506 2767 5506 1705 5507 1466 5507 1584 5507 2792 5508 1580 5508 1650 5508 2768 5509 1769 5509 1735 5509 2768 5510 1527 5510 1769 5510 1770 5511 1611 5511 2701 5511 1782 5512 2715 5512 1712 5512 1690 5513 1767 5513 1596 5513 1690 5514 2747 5514 1663 5514 2792 5515 1650 5515 1764 5515 1742 5516 2618 5516 1708 5516 2796 5517 1560 5517 1405 5517 2794 5518 1723 5518 2776 5518 2800 5519 2771 5519 2231 5519 2771 5520 2511 5520 2644 5520 1785 5521 1593 5521 2765 5521 2771 5522 2772 5522 2231 5522 1639 5523 2790 5523 2432 5523 1778 5524 2239 5524 2702 5524 2801 5525 1608 5525 2440 5525 2799 5526 2723 5526 1746 5526 1704 5527 1756 5527 1531 5527 1739 5528 1700 5528 1682 5528 2766 5529 2363 5529 2731 5529 1741 5530 2358 5530 1618 5530 2793 5531 2203 5531 2300 5531 2781 5532 2690 5532 1686 5532 1727 5533 1733 5533 1859 5533 2800 5534 2511 5534 2771 5534 1759 5535 1760 5535 2788 5535 2775 5536 2793 5536 2704 5536 2801 5537 1762 5537 1720 5537 1752 5538 1783 5538 1794 5538 1709 5539 2541 5539 1721 5539 1706 5540 1597 5540 1485 5540 2779 5541 2766 5541 2731 5541 1785 5542 1778 5542 2702 5542 2775 5543 2203 5543 2793 5543 2777 5544 1712 5544 1624 5544 2773 5545 1654 5545 1587 5545 2778 5546 1421 5546 1544 5546 2801 5547 1606 5547 1608 5547 1770 5548 1683 5548 1765 5548 2768 5549 1404 5549 1527 5549 2779 5550 1672 5550 2780 5550 1614 5551 1736 5551 2593 5551 2789 5552 2110 5552 2112 5552 1639 5553 2432 5553 2162 5553 1713 5554 2774 5554 2796 5554 2775 5555 1629 5555 2203 5555 2779 5556 2731 5556 1670 5556 2783 5557 2543 5557 1579 5557 1688 5558 2543 5558 2783 5558 1722 5559 2646 5559 2361 5559 2773 5560 2091 5560 1758 5560 2800 5561 1680 5561 2511 5561 2795 5562 1530 5562 1573 5562 1688 5563 1689 5563 2543 5563 1759 5564 1652 5564 1581 5564 2782 5565 1748 5565 2371 5565 2799 5566 1718 5566 2723 5566 1749 5567 1978 5567 2646 5567 1775 5568 1970 5568 1972 5568 2792 5569 1764 5569 2488 5569 2781 5570 1686 5570 2786 5570 1777 5571 1632 5571 1982 5571 2797 5572 1512 5572 1564 5572 2783 5573 1578 5573 2784 5573 1648 5574 1753 5574 1592 5574 1747 5575 1453 5575 1349 5575 1742 5576 1708 5576 2216 5576 2798 5577 1691 5577 2720 5577 2781 5578 2786 5578 1756 5578 1742 5579 2216 5579 1699 5579 1648 5580 1754 5580 1753 5580 2801 5581 2440 5581 1762 5581 2799 5582 1719 5582 1718 5582 2801 5583 1720 5583 1606 5583 1713 5584 2698 5584 2774 5584 2798 5585 2787 5585 1691 5585 2800 5586 2231 5586 1678 5586 2799 5587 2515 5587 1719 5587 2775 5588 2704 5588 1627 5588 2773 5589 1758 5589 1654 5589 2793 5590 1707 5590 2704 5590 2798 5591 2489 5591 2787 5591 2777 5592 1782 5592 1712 5592 2794 5593 2776 5593 2725 5593 1785 5594 2702 5594 1754 5594 1614 5595 1597 5595 1706 5595 1614 5596 1706 5596 1736 5596 2789 5597 1752 5597 2110 5597 1759 5598 2788 5598 1652 5598 2789 5599 1783 5599 1752 5599</p>
        </triangles>
      </mesh>
    </geometry>
  </library_geometries>
  <library_materials>
    <material id="mat_Mesh" name="Mesh">
      <instance_effect url="#effect_Mesh" />
    </material>
    <material id="mat_Mesh001" name="Mesh001">
      <instance_effect url="#effect_Mesh001" />
    </material>
    <material id="mat_Mesh002" name="Mesh002">
      <instance_effect url="#effect_Mesh002" />
    </material>
  </library_materials>
  <library_visual_scenes>
    <visual_scene id="myscene">
      <node id="node0" name="node0">
        <instance_geometry url="#geometry0">
          <bind_material>
            <technique_common>
              <instance_material symbol="ref_Mesh" target="#mat_Mesh" />
            </technique_common>
          </bind_material>
        </instance_geometry>
      </node>
      <node id="node1" name="node1">
        <instance_geometry url="#geometry1">
          <bind_material>
            <technique_common>
              <instance_material symbol="ref_Mesh001" target="#mat_Mesh001" />
            </technique_common>
          </bind_material>
        </instance_geometry>
      </node>
      <node id="node2" name="node2">
        <instance_geometry url="#geometry2">
          <bind_material>
            <technique_common>
              <instance_material symbol="ref_Mesh002" target="#mat_Mesh002" />
            </technique_common>
          </bind_material>
        </instance_geometry>
      </node>
    </visual_scene>
  </library_visual_scenes>
  <scene>
    <instance_visual_scene url="#myscene" />
  </scene>
</COLLADA>
