<COLLADA xmlns="http://www.collada.org/2005/11/COLLADASchema" version="1.4.1">
  <asset>
    <contributor/>
    <created>2023-05-04T15:09:37.903456</created>
    <modified>2023-05-04T15:09:37.903466</modified>
    <unit name="meter" meter="1.0"/>
    <up_axis>Z_UP</up_axis>
  </asset>
  <library_effects>
    <effect id="effect_union001" name="effect_union001">
      <profile_COMMON>
        <technique sid="common">
          <phong>
            <emission>
              <color>0.0 0.0 0.0 1.0</color>
            </emission>
            <ambient>
              <color>0.0 0.0 0.0 1.0</color>
            </ambient>
            <diffuse>
              <color>0.0 0.027450980618596077 0.800000011920929 1.0</color>
            </diffuse>
            <specular>
              <color>1 1 1 1.0</color>
            </specular>
            <shininess>
              <float>0.0</float>
            </shininess>
            <reflective>
              <color>0.0 0.0 0.0 1.0</color>
            </reflective>
            <reflectivity>
              <float>0.0</float>
            </reflectivity>
            <transparent>
              <color>0.0 0.0 0.0 1.0</color>
            </transparent>
            <transparency>
              <float>1.0</float>
            </transparency>
          </phong>
        </technique>
        <extra>
          <technique profile="GOOGLEEARTH">
            <double_sided>0</double_sided>
          </technique>
        </extra>
      </profile_COMMON>
    </effect>
  </library_effects>
  <library_geometries>
    <geometry id="geometry0" name="union001">
      <mesh>
        <source id="cubeverts-array0">
          <float_array count="21846" id="cubeverts-array0-array">1.824961 2.302742 2.87484 1.824961 2.062742 2.87484 1.824961 2.302742 2.89484 1.824961 2.062742 2.89484 1.829961 -2.137258 2.87984 1.829961 -2.157258 2.87984 1.829961 -2.137258 3.11984 1.829961 -2.157258 3.11984 1.834961 2.407742 0.02983997 1.834961 2.057742 0.02983997 1.834961 2.407742 0.03983997 1.834961 2.057742 0.03983997 1.834961 -1.122698 2.86984 1.834961 -1.452698 2.86984 1.834961 -1.120198 2.89484 1.834961 -1.122698 2.89484 1.834961 -1.135198 2.89484 1.834961 -1.272698 2.89484 1.834961 -1.287698 2.89484 1.834961 -1.425198 2.89484 1.834961 -1.440198 2.89484 1.834961 -1.452698 2.89484 1.835151 -1.120748 2.86984 1.835151 -1.454648 2.86984 1.835151 -1.120748 2.89484 1.835151 -1.454648 2.89484 1.835321 -1.120198 2.89484 1.835721 -1.118868 2.86984 1.835721 -1.456528 2.86984 1.835721 -1.118868 2.89484 1.835721 -1.456528 2.89484 1.836651 -1.117138 2.86984 1.836651 -1.458258 2.86984 1.836651 -1.117138 2.89484 1.836651 -1.458258 2.89484 1.837891 -1.115628 2.86984 1.837891 -1.459768 2.86984 1.837891 -1.115628 2.89484 1.837891 -1.459768 2.89484 1.839411 -1.114388 2.86984 1.839411 -1.461008 2.86984 1.839411 -1.114388 2.89484 1.839411 -1.461008 2.89484 1.839961 2.317742 2.87484 1.839961 2.047742 2.87484 1.839961 2.292742 2.88484 1.839961 2.072742 2.88484 1.839961 2.317742 2.89484 1.839961 2.292742 2.89484 1.839961 2.072742 2.89484 1.839961 2.047742 2.89484 1.840151 2.294692 2.88484 1.840151 2.290792 2.88484 1.840151 2.074692 2.88484 1.840151 2.070792 2.88484 1.840151 2.294692 2.89484 1.840151 2.290792 2.89484 1.840151 2.074692 2.89484 1.840151 2.070792 2.89484 1.840721 2.296572 2.88484 1.840721 2.288912 2.88484 1.840721 2.076572 2.88484 1.840721 2.068912 2.88484 1.840721 2.296572 2.89484 1.840721 2.288912 2.89484 1.840721 2.076572 2.89484 1.840721 2.068912 2.89484 1.841141 -1.113458 2.86984 1.841141 -1.461938 2.86984 1.841141 -1.113458 2.89484 1.841141 -1.461938 2.89484 1.841651 2.298302 2.88484 1.841651 2.287182 2.88484 1.841651 2.078302 2.88484 1.841651 2.067182 2.88484 1.841651 2.298302 2.89484 1.841651 2.287182 2.89484 1.841651 2.078302 2.89484 1.841651 2.067182 2.89484 1.842891 2.299812 2.88484 1.842891 2.285672 2.88484 1.842891 2.079812 2.88484 1.842891 2.065672 2.88484 1.842891 2.299812 2.89484 1.842891 2.285672 2.89484 1.842891 2.079812 2.89484 1.842891 2.065672 2.89484 1.842961 2.292742 2.87484 1.842961 2.072742 2.87484 1.842961 2.292742 2.88484 1.842961 2.072742 2.88484 1.843011 -1.112888 2.86984 1.843011 -1.462508 2.86984 1.843011 -1.112888 2.89484 1.843011 -1.462508 2.89484 1.843141 2.294302 2.87484 1.843141 2.291182 2.87484 1.843141 2.074302 2.87484 1.843141 2.071182 2.87484 1.843141 2.294302 2.88484 1.843141 2.291182 2.88484 1.843141 2.074302 2.88484 1.843141 2.071182 2.88484 1.843661 2.295782 2.87484 1.843661 2.289702 2.87484 1.843661 2.075782 2.87484 1.843661 2.069702 2.87484 1.843661 2.295782 2.88484 1.843661 2.289702 2.88484 1.843661 2.075782 2.88484 1.843661 2.069702 2.88484 1.843961 -2.137258 2.88984 1.843961 -2.147258 2.88984 1.843961 -2.137258 2.99984 1.843961 -2.147258 2.99984 1.843961 -2.137258 3.10984 1.843961 -2.147258 3.10984 1.844151 -2.137258 2.88781 1.844151 -2.147258 2.88781 1.844151 -2.137258 2.89186 1.844151 -2.147258 2.89186 1.844151 -2.137258 2.99781 1.844151 -2.147258 2.99781 1.844151 -2.137258 3.00186 1.844151 -2.147258 3.00186 1.844151 -2.137258 3.10781 1.844151 -2.147258 3.10781 1.844151 -2.137258 3.11186 1.844151 -2.147258 3.11186 1.844411 2.301052 2.88484 1.844411 2.284432 2.88484 1.844411 2.081052 2.88484 1.844411 2.064432 2.88484 1.844411 2.301052 2.89484 1.844411 2.284432 2.89484 1.844411 2.081052 2.89484 1.844411 2.064432 2.89484 1.844491 2.297102 2.87484 1.844491 2.288382 2.87484 1.844491 2.077102 2.87484 1.844491 2.068382 2.87484 1.844491 2.297102 2.88484 1.844491 2.288382 2.88484 1.844491 2.077102 2.88484 1.844491 2.068382 2.88484 1.844711 -2.137258 2.88586 1.844711 -2.147258 2.88586 1.844711 -2.137258 2.89381 1.844711 -2.147258 2.89381 1.844711 -2.137258 2.99586 1.844711 -2.147258 2.99586 1.844711 -2.137258 3.00381 1.844711 -2.147258 3.00381 1.844711 -2.137258 3.10586 1.844711 -2.147258 3.10586 1.844711 -2.137258 3.11381 1.844711 -2.147258 3.11381 1.844961 2.302742 0.03983997 1.844961 2.292742 0.03983997 1.844961 2.172742 0.03983997 1.844961 2.162742 0.03983997 1.844961 2.302742 0.04983997 1.844961 2.292742 0.04983997 1.844961 2.172742 0.04983997 1.844961 2.162742 0.04983997 1.844961 -2.137258 2.86484 1.844961 -2.157258 2.86484 1.844961 -1.112698 2.86984 1.844961 -1.462698 2.86984 1.844961 -1.112698 2.89484 1.844961 -1.462698 2.89484 1.844961 -2.137258 3.13484 1.844961 -2.157258 3.13484 1.845601 2.298212 2.87484 1.845601 2.287272 2.87484 1.845601 2.078212 2.87484 1.845601 2.067272 2.87484 1.845601 2.298212 2.88484 1.845601 2.287272 2.88484 1.845601 2.078212 2.88484 1.845601 2.067272 2.88484 1.845611 -2.137258 2.88404 1.845611 -2.147258 2.88404 1.845611 -2.137258 2.89563 1.845611 -2.147258 2.89563 1.845611 -2.137258 2.99404 1.845611 -2.147258 2.99404 1.845611 -2.137258 3.00563 1.845611 -2.147258 3.00563 1.845611 -2.137258 3.10404 1.845611 -2.147258 3.10404 1.845611 -2.137258 3.11563 1.845611 -2.147258 3.11563 1.846141 2.301982 2.88484 1.846141 2.283502 2.88484 1.846141 2.081982 2.88484 1.846141 2.063502 2.88484 1.846141 2.301982 2.89484 1.846141 2.283502 2.89484 1.846141 2.081982 2.89484 1.846141 2.063502 2.89484 1.846831 -2.137258 2.88243 1.846831 -2.147258 2.88243 1.846831 -2.137258 2.89725 1.846831 -2.147258 2.89725 1.846831 -2.137258 2.99243 1.846831 -2.147258 2.99243 1.846831 -2.137258 3.00725 1.846831 -2.147258 3.00725 1.846831 -2.137258 3.10243 1.846831 -2.147258 3.10243 1.846831 -2.137258 3.11725 1.846831 -2.147258 3.11725 1.846931 2.299052 2.87484 1.846931 2.286432 2.87484 1.846931 2.079052 2.87484 1.846931 2.066432 2.87484 1.846931 2.299052 2.88484 1.846931 2.286432 2.88484 1.846931 2.079052 2.88484 1.846931 2.066432 2.88484 1.847961 -2.147258 2.88984 1.847961 -2.157258 2.88984 1.847961 -2.147258 2.99984 1.847961 -2.157258 2.99984 1.847961 -2.147258 3.10984 1.847961 -2.157258 3.10984 1.848011 2.302552 2.88484 1.848011 2.282932 2.88484 1.848011 2.082552 2.88484 1.848011 2.062932 2.88484 1.848011 2.302552 2.89484 1.848011 2.282932 2.89484 1.848011 2.082552 2.89484 1.848011 2.062932 2.89484 1.848141 -2.147258 2.88828 1.848141 -2.157258 2.88828 1.848141 -2.147258 2.89139 1.848141 -2.157258 2.89139 1.848141 -2.147258 2.99828 1.848141 -2.157258 2.99828 1.848141 -2.147258 3.00139 1.848141 -2.157258 3.00139 1.848141 -2.147258 3.10828 1.848141 -2.157258 3.10828 1.848141 -2.147258 3.11139 1.848141 -2.157258 3.11139 1.848331 -2.137258 2.88106 1.848331 -2.147258 2.88106 1.848331 -2.137258 2.89861 1.848331 -2.147258 2.89861 1.848331 -2.137258 2.99106 1.848331 -2.147258 2.99106 1.848331 -2.137258 3.00861 1.848331 -2.147258 3.00861 1.848331 -2.137258 3.10106 1.848331 -2.147258 3.10106 1.848331 -2.137258 3.11861 1.848331 -2.147258 3.11861 1.848411 2.299562 2.87484 1.848411 2.285922 2.87484 1.848411 2.079562 2.87484 1.848411 2.065922 2.87484 1.848411 2.299562 2.88484 1.848411 2.285922 2.88484 1.848411 2.079562 2.88484 1.848411 2.065922 2.88484 1.848661 -2.147258 2.8868 1.848661 -2.157258 2.8868 1.848661 -2.147258 2.89287 1.848661 -2.157258 2.89287 1.848661 -2.147258 2.9968 1.848661 -2.157258 2.9968 1.848661 -2.147258 3.00287 1.848661 -2.157258 3.00287 1.848661 -2.147258 3.1068 1.848661 -2.157258 3.1068 1.848661 -2.147258 3.11287 1.848661 -2.157258 3.11287 1.849491 -2.147258 2.88547 1.849491 -2.157258 2.88547 1.849491 -2.147258 2.8942 1.849491 -2.157258 2.8942 1.849491 -2.147258 2.99547 1.849491 -2.157258 2.99547 1.849491 -2.147258 3.0042 1.849491 -2.157258 3.0042 1.849491 -2.147258 3.10547 1.849491 -2.157258 3.10547 1.849491 -2.147258 3.1142 1.849491 -2.157258 3.1142 1.849961 2.299742 2.87484 1.849961 2.285742 2.87484 1.849961 2.079742 2.87484 1.849961 2.065742 2.87484 1.849961 2.302742 2.88484 1.849961 2.299742 2.88484 1.849961 2.285742 2.88484 1.849961 2.282742 2.88484 1.849961 2.082742 2.88484 1.849961 2.079742 2.88484 1.849961 2.065742 2.88484 1.849961 2.062742 2.88484 1.849961 2.302742 2.89484 1.849961 2.282742 2.89484 1.849961 2.082742 2.89484 1.849961 2.062742 2.89484 1.850061 -2.137258 2.87999 1.850061 -2.147258 2.87999 1.850061 -2.137258 2.89968 1.850061 -2.147258 2.89968 1.850061 -2.137258 2.98999 1.850061 -2.147258 2.98999 1.850061 -2.137258 3.00968 1.850061 -2.147258 3.00968 1.850061 -2.137258 3.09999 1.850061 -2.147258 3.09999 1.850061 -2.137258 3.11968 1.850061 -2.147258 3.11968 1.850601 -2.147258 2.88436 1.850601 -2.157258 2.88436 1.850601 -2.147258 2.89531 1.850601 -2.157258 2.89531 1.850601 -2.147258 2.99436 1.850601 -2.157258 2.99436 1.850601 -2.147258 3.00531 1.850601 -2.157258 3.00531 1.850601 -2.147258 3.10436 1.850601 -2.157258 3.10436 1.850601 -2.147258 3.11531 1.850601 -2.157258 3.11531 1.851521 2.299562 2.87484 1.851521 2.285922 2.87484 1.851521 2.079562 2.87484 1.851521 2.065922 2.87484 1.851521 2.299562 2.88484 1.851521 2.285922 2.88484 1.851521 2.079562 2.88484 1.851521 2.065922 2.88484 1.851911 2.302552 2.88484 1.851911 2.282932 2.88484 1.851911 2.082552 2.88484 1.851911 2.062932 2.88484 1.851911 2.302552 2.89484 1.851911 2.282932 2.89484 1.851911 2.082552 2.89484 1.851911 2.062932 2.89484 1.851931 -2.147258 2.88353 1.851931 -2.157258 2.88353 1.851931 -2.147258 2.89614 1.851931 -2.157258 2.89614 1.851931 -2.147258 2.99353 1.851931 -2.157258 2.99353 1.851931 -2.147258 3.00614 1.851931 -2.157258 3.00614 1.851931 -2.147258 3.10353 1.851931 -2.157258 3.10353 1.851931 -2.147258 3.11614 1.851931 -2.157258 3.11614 1.851951 -2.137258 2.87926 1.851951 -2.147258 2.87926 1.851951 -2.137258 2.90042 1.851951 -2.147258 2.90042 1.851951 -2.137258 2.98926 1.851951 -2.147258 2.98926 1.851951 -2.137258 3.01042 1.851951 -2.147258 3.01042 1.851951 -2.137258 3.09926 1.851951 -2.147258 3.09926 1.851951 -2.137258 3.12042 1.851951 -2.147258 3.12042 1.853001 2.299052 2.87484 1.853001 2.286432 2.87484 1.853001 2.079052 2.87484 1.853001 2.066432 2.87484 1.853001 2.299052 2.88484 1.853001 2.286432 2.88484 1.853001 2.079052 2.88484 1.853001 2.066432 2.88484 1.853411 -2.147258 2.88301 1.853411 -2.157258 2.88301 1.853411 -2.147258 2.89666 1.853411 -2.157258 2.89666 1.853411 -2.147258 2.99301 1.853411 -2.157258 2.99301 1.853411 -2.147258 3.00666 1.853411 -2.157258 3.00666 1.853411 -2.147258 3.10301 1.853411 -2.157258 3.10301 1.853411 -2.147258 3.11666 1.853411 -2.157258 3.11666 1.853791 2.301982 2.88484 1.853791 2.283502 2.88484 1.853791 2.081982 2.88484 1.853791 2.063502 2.88484 1.853791 2.301982 2.89484 1.853791 2.283502 2.89484 1.853791 2.081982 2.89484 1.853791 2.063502 2.89484 1.853951 -2.137258 2.87888 1.853951 -2.147258 2.87888 1.853951 -2.137258 2.90079 1.853951 -2.147258 2.90079 1.853951 -2.137258 2.98888 1.853951 -2.147258 2.98888 1.853951 -2.137258 3.01079 1.853951 -2.147258 3.01079 1.853951 -2.137258 3.09888 1.853951 -2.147258 3.09888 1.853951 -2.137258 3.12079 1.853951 -2.147258 3.12079 1.854331 2.298212 2.87484 1.854331 2.287272 2.87484 1.854331 2.078212 2.87484 1.854331 2.067272 2.87484 1.854331 2.298212 2.88484 1.854331 2.287272 2.88484 1.854331 2.078212 2.88484 1.854331 2.067272 2.88484 1.854961 -2.147258 2.88284 1.854961 -2.157258 2.88284 1.854961 -2.147258 2.89684 1.854961 -2.157258 2.89684 1.854961 -2.147258 2.99284 1.854961 -2.157258 2.99284 1.854961 -2.147258 3.00684 1.854961 -2.157258 3.00684 1.854961 -2.147258 3.10284 1.854961 -2.157258 3.10284 1.854961 -2.147258 3.11684 1.854961 -2.157258 3.11684 1.855441 2.297102 2.87484 1.855441 2.288382 2.87484 1.855441 2.077102 2.87484 1.855441 2.068382 2.87484 1.855441 2.297102 2.88484 1.855441 2.288382 2.88484 1.855441 2.077102 2.88484 1.855441 2.068382 2.88484 1.855521 2.301052 2.88484 1.855521 2.284432 2.88484 1.855521 2.081052 2.88484 1.855521 2.064432 2.88484 1.855521 2.301052 2.89484 1.855521 2.284432 2.89484 1.855521 2.081052 2.89484 1.855521 2.064432 2.89484 1.855981 -2.137258 2.87888 1.855981 -2.147258 2.87888 1.855981 -2.137258 2.90079 1.855981 -2.147258 2.90079 1.855981 -2.137258 2.98888 1.855981 -2.147258 2.98888 1.855981 -2.137258 3.01079 1.855981 -2.147258 3.01079 1.855981 -2.137258 3.09888 1.855981 -2.147258 3.09888 1.855981 -2.137258 3.12079 1.855981 -2.147258 3.12079 1.856271 2.295782 2.87484 1.856271 2.289702 2.87484 1.856271 2.075782 2.87484 1.856271 2.069702 2.87484 1.856271 2.295782 2.88484 1.856271 2.289702 2.88484 1.856271 2.075782 2.88484 1.856271 2.069702 2.88484 1.856521 -2.147258 2.88301 1.856521 -2.157258 2.88301 1.856521 -2.147258 2.89666 1.856521 -2.157258 2.89666 1.856521 -2.147258 2.99301 1.856521 -2.157258 2.99301 1.856521 -2.147258 3.00666 1.856521 -2.157258 3.00666 1.856521 -2.147258 3.10301 1.856521 -2.157258 3.10301 1.856521 -2.147258 3.11666 1.856521 -2.157258 3.11666 1.856791 2.294302 2.87484 1.856791 2.291182 2.87484 1.856791 2.074302 2.87484 1.856791 2.071182 2.87484 1.856791 2.294302 2.88484 1.856791 2.291182 2.88484 1.856791 2.074302 2.88484 1.856791 2.071182 2.88484 1.856961 2.292742 2.87484 1.856961 2.072742 2.87484 1.856961 2.292742 2.88484 1.856961 2.072742 2.88484 1.857031 2.299812 2.88484 1.857031 2.285672 2.88484 1.857031 2.079812 2.88484 1.857031 2.065672 2.88484 1.857031 2.299812 2.89484 1.857031 2.285672 2.89484 1.857031 2.079812 2.89484 1.857031 2.065672 2.89484 1.857971 -2.137258 2.87926 1.857971 -2.147258 2.87926 1.857971 -2.137258 2.90042 1.857971 -2.147258 2.90042 1.857971 -2.137258 2.98926 1.857971 -2.147258 2.98926 1.857971 -2.137258 3.01042 1.857971 -2.147258 3.01042 1.857971 -2.137258 3.09926 1.857971 -2.147258 3.09926 1.857971 -2.137258 3.12042 1.857971 -2.147258 3.12042 1.858001 -2.147258 2.88353 1.858001 -2.157258 2.88353 1.858001 -2.147258 2.89614 1.858001 -2.157258 2.89614 1.858001 -2.147258 2.99353 1.858001 -2.157258 2.99353 1.858001 -2.147258 3.00614 1.858001 -2.157258 3.00614 1.858001 -2.147258 3.10353 1.858001 -2.157258 3.10353 1.858001 -2.147258 3.11614 1.858001 -2.157258 3.11614 1.858281 2.298302 2.88484 1.858281 2.287182 2.88484 1.858281 2.078302 2.88484 1.858281 2.067182 2.88484 1.858281 2.298302 2.89484 1.858281 2.287182 2.89484 1.858281 2.078302 2.89484 1.858281 2.067182 2.89484 1.859201 2.296572 2.88484 1.859201 2.288912 2.88484 1.859201 2.076572 2.88484 1.859201 2.068912 2.88484 1.859201 2.296572 2.89484 1.859201 2.288912 2.89484 1.859201 2.076572 2.89484 1.859201 2.068912 2.89484 1.859331 -2.147258 2.88436 1.859331 -2.157258 2.88436 1.859331 -2.147258 2.89531 1.859331 -2.157258 2.89531 1.859331 -2.147258 2.99436 1.859331 -2.157258 2.99436 1.859331 -2.147258 3.00531 1.859331 -2.157258 3.00531 1.859331 -2.147258 3.10436 1.859331 -2.157258 3.10436 1.859331 -2.147258 3.11531 1.859331 -2.157258 3.11531 1.859771 2.294692 2.88484 1.859771 2.290792 2.88484 1.859771 2.074692 2.88484 1.859771 2.070792 2.88484 1.859771 2.294692 2.89484 1.859771 2.290792 2.89484 1.859771 2.074692 2.89484 1.859771 2.070792 2.89484 1.859871 -2.137258 2.87999 1.859871 -2.147258 2.87999 1.859871 -2.137258 2.89968 1.859871 -2.147258 2.89968 1.859871 -2.137258 2.98999 1.859871 -2.147258 2.98999 1.859871 -2.137258 3.00968 1.859871 -2.147258 3.00968 1.859871 -2.137258 3.09999 1.859871 -2.147258 3.09999 1.859871 -2.137258 3.11968 1.859871 -2.147258 3.11968 1.859961 2.292742 2.88484 1.859961 2.072742 2.88484 1.859961 2.292742 2.89484 1.859961 2.072742 2.89484 1.860441 -2.147258 2.88547 1.860441 -2.157258 2.88547 1.860441 -2.147258 2.8942 1.860441 -2.157258 2.8942 1.860441 -2.147258 2.99547 1.860441 -2.157258 2.99547 1.860441 -2.147258 3.0042 1.860441 -2.157258 3.0042 1.860441 -2.147258 3.10547 1.860441 -2.157258 3.10547 1.860441 -2.147258 3.1142 1.860441 -2.157258 3.1142 1.861271 -2.147258 2.8868 1.861271 -2.157258 2.8868 1.861271 -2.147258 2.89287 1.861271 -2.157258 2.89287 1.861271 -2.147258 2.9968 1.861271 -2.157258 2.9968 1.861271 -2.147258 3.00287 1.861271 -2.157258 3.00287 1.861271 -2.147258 3.1068 1.861271 -2.157258 3.1068 1.861271 -2.147258 3.11287 1.861271 -2.157258 3.11287 1.861591 -2.137258 2.88106 1.861591 -2.147258 2.88106 1.861591 -2.137258 2.89861 1.861591 -2.147258 2.89861 1.861591 -2.137258 2.99106 1.861591 -2.147258 2.99106 1.861591 -2.137258 3.00861 1.861591 -2.147258 3.00861 1.861591 -2.137258 3.10106 1.861591 -2.147258 3.10106 1.861591 -2.137258 3.11861 1.861591 -2.147258 3.11861 1.861791 -2.147258 2.88828 1.861791 -2.157258 2.88828 1.861791 -2.147258 2.89139 1.861791 -2.157258 2.89139 1.861791 -2.147258 2.99828 1.861791 -2.157258 2.99828 1.861791 -2.147258 3.00139 1.861791 -2.157258 3.00139 1.861791 -2.147258 3.10828 1.861791 -2.157258 3.10828 1.861791 -2.147258 3.11139 1.861791 -2.157258 3.11139 1.861961 -2.147258 2.88984 1.861961 -2.157258 2.88984 1.861961 -2.147258 2.99984 1.861961 -2.157258 2.99984 1.861961 -2.147258 3.10984 1.861961 -2.157258 3.10984 1.862861 -1.389198 2.86984 1.862861 -1.389198 2.89484 1.862961 2.182742 2.88484 1.862961 2.182742 2.89484 1.863041 -1.387878 2.86984 1.863041 -1.390518 2.86984 1.863041 -1.387878 2.89484 1.863041 -1.390518 2.89484 1.863091 -2.137258 2.88243 1.863091 -2.147258 2.88243 1.863091 -2.137258 2.89725 1.863091 -2.147258 2.89725 1.863091 -2.137258 2.99243 1.863091 -2.147258 2.99243 1.863091 -2.137258 3.00725 1.863091 -2.147258 3.00725 1.863091 -2.137258 3.10243 1.863091 -2.147258 3.10243 1.863091 -2.137258 3.11725 1.863091 -2.147258 3.11725 1.863141 2.184302 2.88484 1.863141 2.181182 2.88484 1.863141 2.184302 2.89484 1.863141 2.181182 2.89484 1.863551 -1.386648 2.86984 1.863551 -1.391748 2.86984 1.863551 -1.386648 2.89484 1.863551 -1.391748 2.89484 1.863661 2.185782 2.88484 1.863661 2.179702 2.88484 1.863661 2.185782 2.89484 1.863661 2.179702 2.89484 1.864321 -2.137258 2.88404 1.864321 -2.147258 2.88404 1.864321 -2.137258 2.89563 1.864321 -2.147258 2.89563 1.864321 -2.137258 2.99404 1.864321 -2.147258 2.99404 1.864321 -2.137258 3.00563 1.864321 -2.147258 3.00563 1.864321 -2.137258 3.10404 1.864321 -2.147258 3.10404 1.864321 -2.137258 3.11563 1.864321 -2.147258 3.11563 1.864361 -1.385588 2.86984 1.864361 -1.392808 2.86984 1.864361 -1.385588 2.89484 1.864361 -1.392808 2.89484 1.864491 2.187102 2.88484 1.864491 2.178382 2.88484 1.864491 2.187102 2.89484 1.864491 2.178382 2.89484 1.865221 -2.137258 2.88586 1.865221 -2.147258 2.88586 1.865221 -2.137258 2.89381 1.865221 -2.147258 2.89381 1.865221 -2.137258 2.99586 1.865221 -2.147258 2.99586 1.865221 -2.137258 3.00381 1.865221 -2.147258 3.00381 1.865221 -2.137258 3.10586 1.865221 -2.147258 3.10586 1.865221 -2.137258 3.11381 1.865221 -2.147258 3.11381 1.865411 -1.384778 2.86984 1.865411 -1.393618 2.86984 1.865411 -1.384778 2.89484 1.865411 -1.393618 2.89484 1.865601 2.188212 2.88484 1.865601 2.177272 2.88484 1.865601 2.188212 2.89484 1.865601 2.177272 2.89484 1.865781 -2.137258 2.88781 1.865781 -2.147258 2.88781 1.865781 -2.137258 2.89186 1.865781 -2.147258 2.89186 1.865781 -2.137258 2.99781 1.865781 -2.147258 2.99781 1.865781 -2.137258 3.00186 1.865781 -2.147258 3.00186 1.865781 -2.137258 3.10781 1.865781 -2.147258 3.10781 1.865781 -2.137258 3.11186 1.865781 -2.147258 3.11186 1.865961 -2.137258 2.88984 1.865961 -2.147258 2.88984 1.865961 -2.137258 2.99984 1.865961 -2.147258 2.99984 1.865961 -2.137258 3.10984 1.865961 -2.147258 3.10984 1.866511 2.368632 0.02983997 1.866511 2.366852 0.02983997 1.866511 2.098632 0.02983997 1.866511 2.096852 0.02983997 1.866511 2.368632 0.03983997 1.866511 2.366852 0.03983997 1.866511 2.098632 0.03983997 1.866511 2.096852 0.03983997 1.866641 -1.384268 2.86984 1.866641 -1.394128 2.86984 1.866641 -1.384268 2.89484 1.866641 -1.394128 2.89484 1.866881 2.370372 0.02983997 1.866881 2.365112 0.02983997 1.866881 2.100372 0.02983997 1.866881 2.095112 0.02983997 1.866881 2.370372 0.03983997 1.866881 2.365112 0.03983997 1.866881 2.100372 0.03983997 1.866881 2.095112 0.03983997 1.866931 2.189052 2.88484 1.866931 2.176432 2.88484 1.866931 2.189052 2.89484 1.866931 2.176432 2.89484 1.867601 2.371992 0.02983997 1.867601 2.363492 0.02983997 1.867601 2.101992 0.02983997 1.867601 2.093492 0.02983997 1.867601 2.371992 0.03983997 1.867601 2.363492 0.03983997 1.867601 2.101992 0.03983997 1.867601 2.093492 0.03983997 1.867961 -1.384098 2.86984 1.867961 -1.394298 2.86984 1.867961 -1.384098 2.89484 1.867961 -1.394298 2.89484 1.868411 2.189562 2.88484 1.868411 2.175922 2.88484 1.868411 2.189562 2.89484 1.868411 2.175922 2.89484 1.868651 2.373432 0.02983997 1.868651 2.362052 0.02983997 1.868651 2.103432 0.02983997 1.868651 2.092052 0.02983997 1.868651 2.373432 0.03983997 1.868651 2.362052 0.03983997 1.868651 2.103432 0.03983997 1.868651 2.092052 0.03983997 1.869281 -1.384268 2.86984 1.869281 -1.394128 2.86984 1.869281 -1.384268 2.89484 1.869281 -1.394128 2.89484 1.869961 2.189742 2.88484 1.869961 2.175742 2.88484 1.869961 2.189742 2.89484 1.869961 2.175742 2.89484 1.869961 -2.157258 2.89484 1.869961 -2.167258 2.89484 1.869961 -2.157258 2.90484 1.869961 -2.167258 2.90484 1.869961 -2.157258 3.11484 1.869961 -2.167258 3.11484 1.869961 -2.157258 3.12484 1.869961 -2.167258 3.12484 1.869971 2.374622 0.02983997 1.869971 2.360862 0.02983997 1.869971 2.104622 0.02983997 1.869971 2.090862 0.02983997 1.869971 2.374622 0.03983997 1.869971 2.360862 0.03983997 1.869971 2.104622 0.03983997 1.869971 2.090862 0.03983997 1.870511 -1.384778 2.86984 1.870511 -1.393618 2.86984 1.870511 -1.384778 2.89484 1.870511 -1.393618 2.89484 1.871511 2.375512 0.02983997 1.871511 2.359972 0.02983997 1.871511 2.105512 0.02983997 1.871511 2.089972 0.02983997 1.871511 2.375512 0.03983997 1.871511 2.359972 0.03983997 1.871511 2.105512 0.03983997 1.871511 2.089972 0.03983997 1.871521 2.189562 2.88484 1.871521 2.175922 2.88484 1.871521 2.189562 2.89484 1.871521 2.175922 2.89484 1.871571 -1.385588 2.86984 1.871571 -1.392808 2.86984 1.871571 -1.385588 2.89484 1.871571 -1.392808 2.89484 1.872381 -1.386648 2.86984 1.872381 -1.391748 2.86984 1.872381 -1.386648 2.89484 1.872381 -1.391748 2.89484 1.872891 -1.387878 2.86984 1.872891 -1.390518 2.86984 1.872891 -1.387878 2.89484 1.872891 -1.390518 2.89484 1.873001 2.189052 2.88484 1.873001 2.176432 2.88484 1.873001 2.189052 2.89484 1.873001 2.176432 2.89484 1.873061 -1.389198 2.86984 1.873061 -1.389198 2.89484 1.873201 2.376052 0.02983997 1.873201 2.359432 0.02983997 1.873201 2.106052 0.02983997 1.873201 2.089432 0.02983997 1.873201 2.376052 0.03983997 1.873201 2.359432 0.03983997 1.873201 2.106052 0.03983997 1.873201 2.089432 0.03983997 1.874331 2.188212 2.88484 1.874331 2.177272 2.88484 1.874331 2.188212 2.89484 1.874331 2.177272 2.89484 1.874861 -1.145198 2.86984 1.874861 -1.405198 2.86984 1.874861 -1.145198 2.89484 1.874861 -1.405198 2.89484 1.874961 2.376242 0.02983997 1.874961 2.359242 0.02983997 1.874961 2.106242 0.02983997 1.874961 2.089242 0.02983997 1.874961 2.376242 0.03983997 1.874961 2.359242 0.03983997 1.874961 2.106242 0.03983997 1.874961 2.089242 0.03983997 1.875041 -1.143878 2.86984 1.875041 -1.146518 2.86984 1.875041 -1.403878 2.86984 1.875041 -1.406518 2.86984 1.875041 -1.143878 2.89484 1.875041 -1.146518 2.89484 1.875041 -1.403878 2.89484 1.875041 -1.406518 2.89484 1.875441 2.187102 2.88484 1.875441 2.178382 2.88484 1.875441 2.187102 2.89484 1.875441 2.178382 2.89484 1.875551 -1.142648 2.86984 1.875551 -1.147748 2.86984 1.875551 -1.402648 2.86984 1.875551 -1.407748 2.86984 1.875551 -1.142648 2.89484 1.875551 -1.147748 2.89484 1.875551 -1.402648 2.89484 1.875551 -1.407748 2.89484 1.876271 2.185782 2.88484 1.876271 2.179702 2.88484 1.876271 2.185782 2.89484 1.876271 2.179702 2.89484 1.876361 -1.141588 2.86984 1.876361 -1.148808 2.86984 1.876361 -1.401588 2.86984 1.876361 -1.408808 2.86984 1.876361 -1.141588 2.89484 1.876361 -1.148808 2.89484 1.876361 -1.401588 2.89484 1.876361 -1.408808 2.89484 1.876731 2.376052 0.02983997 1.876731 2.359432 0.02983997 1.876731 2.106052 0.02983997 1.876731 2.089432 0.02983997 1.876731 2.376052 0.03983997 1.876731 2.359432 0.03983997 1.876731 2.106052 0.03983997 1.876731 2.089432 0.03983997 1.876791 2.184302 2.88484 1.876791 2.181182 2.88484 1.876791 2.184302 2.89484 1.876791 2.181182 2.89484 1.876961 2.182742 2.88484 1.876961 2.182742 2.89484 1.877411 -1.140778 2.86984 1.877411 -1.149618 2.86984 1.877411 -1.400778 2.86984 1.877411 -1.409618 2.86984 1.877411 -1.140778 2.89484 1.877411 -1.149618 2.89484 1.877411 -1.400778 2.89484 1.877411 -1.409618 2.89484 1.878421 2.375512 0.02983997 1.878421 2.359972 0.02983997 1.878421 2.105512 0.02983997 1.878421 2.089972 0.02983997 1.878421 2.375512 0.03983997 1.878421 2.359972 0.03983997 1.878421 2.105512 0.03983997 1.878421 2.089972 0.03983997 1.878641 -1.140268 2.86984 1.878641 -1.150128 2.86984 1.878641 -1.400268 2.86984 1.878641 -1.410128 2.86984 1.878641 -1.140268 2.89484 1.878641 -1.150128 2.89484 1.878641 -1.400268 2.89484 1.878641 -1.410128 2.89484 1.879961 2.374622 0.02983997 1.879961 2.360862 0.02983997 1.879961 2.104622 0.02983997 1.879961 2.090862 0.02983997 1.879961 2.374622 0.03983997 1.879961 2.360862 0.03983997 1.879961 2.104622 0.03983997 1.879961 2.090862 0.03983997 1.879961 -1.140098 2.86984 1.879961 -1.150298 2.86984 1.879961 -1.400098 2.86984 1.879961 -1.410298 2.86984 1.879961 -1.140098 2.89484 1.879961 -1.150298 2.89484 1.879961 -1.400098 2.89484 1.879961 -1.410298 2.89484 1.881281 2.373432 0.02983997 1.881281 2.362052 0.02983997 1.881281 2.103432 0.02983997 1.881281 2.092052 0.02983997 1.881281 2.373432 0.03983997 1.881281 2.362052 0.03983997 1.881281 2.103432 0.03983997 1.881281 2.092052 0.03983997 1.881281 -1.140268 2.86984 1.881281 -1.150128 2.86984 1.881281 -1.400268 2.86984 1.881281 -1.410128 2.86984 1.881281 -1.140268 2.89484 1.881281 -1.150128 2.89484 1.881281 -1.400268 2.89484 1.881281 -1.410128 2.89484 1.882321 2.371992 0.02983997 1.882321 2.363492 0.02983997 1.882321 2.101992 0.02983997 1.882321 2.093492 0.02983997 1.882321 2.371992 0.03983997 1.882321 2.363492 0.03983997 1.882321 2.101992 0.03983997 1.882321 2.093492 0.03983997 1.882511 -1.140778 2.86984 1.882511 -1.149618 2.86984 1.882511 -1.400778 2.86984 1.882511 -1.409618 2.86984 1.882511 -1.140778 2.89484 1.882511 -1.149618 2.89484 1.882511 -1.400778 2.89484 1.882511 -1.409618 2.89484 1.883051 2.370372 0.02983997 1.883051 2.365112 0.02983997 1.883051 2.100372 0.02983997 1.883051 2.095112 0.02983997 1.883051 2.370372 0.03983997 1.883051 2.365112 0.03983997 1.883051 2.100372 0.03983997 1.883051 2.095112 0.03983997 1.883421 2.368632 0.02983997 1.883421 2.366852 0.02983997 1.883421 2.098632 0.02983997 1.883421 2.096852 0.02983997 1.883421 2.368632 0.03983997 1.883421 2.366852 0.03983997 1.883421 2.098632 0.03983997 1.883421 2.096852 0.03983997 1.883571 -1.141588 2.86984 1.883571 -1.148808 2.86984 1.883571 -1.401588 2.86984 1.883571 -1.408808 2.86984 1.883571 -1.141588 2.89484 1.883571 -1.148808 2.89484 1.883571 -1.401588 2.89484 1.883571 -1.408808 2.89484 1.884381 -1.142648 2.86984 1.884381 -1.147748 2.86984 1.884381 -1.402648 2.86984 1.884381 -1.407748 2.86984 1.884381 -1.142648 2.89484 1.884381 -1.147748 2.89484 1.884381 -1.402648 2.89484 1.884381 -1.407748 2.89484 1.884891 -1.143878 2.86984 1.884891 -1.146518 2.86984 1.884891 -1.403878 2.86984 1.884891 -1.406518 2.86984 1.884891 -1.143878 2.89484 1.884891 -1.146518 2.89484 1.884891 -1.403878 2.89484 1.884891 -1.406518 2.89484 1.885061 -1.145198 2.86984 1.885061 -1.405198 2.86984 1.885061 -1.145198 2.89484 1.885061 -1.405198 2.89484 1.887461 -1.120198 2.89484 1.887461 -1.135198 2.89484 1.887461 -1.272698 2.89484 1.887461 -1.287698 2.89484 1.887461 -1.425198 2.89484 1.887461 -1.440198 2.89484 1.887461 -1.120198 2.91434 1.887461 -1.135198 2.91434 1.887461 -1.272698 2.91434 1.887461 -1.287698 2.91434 1.887461 -1.425198 2.91434 1.887461 -1.440198 2.91434 1.889961 2.312742 2.89484 1.889961 2.047742 2.89484 1.889961 -1.112698 2.89484 1.889961 -1.462698 2.89484 1.889961 -2.137258 2.89484 1.889961 2.312742 2.91184 1.889961 -2.137258 2.91184 1.889961 -1.120198 3.11534 1.889961 -1.135198 3.11534 1.889961 -1.272698 3.11534 1.889961 -1.287698 3.11534 1.889961 -1.425198 3.11534 1.889961 -1.440198 3.11534 1.889961 2.312742 3.11784 1.889961 -2.137258 3.11784 1.889961 2.312742 3.13484 1.889961 -2.137258 3.13484 1.890861 -1.133198 2.86984 1.890861 -1.133198 2.89484 1.891041 -1.131878 2.86984 1.891041 -1.134518 2.86984 1.891041 -1.131878 2.89484 1.891041 -1.134518 2.89484 1.891551 -1.130648 2.86984 1.891551 -1.135748 2.86984 1.891551 -1.130648 2.89484 1.891551 -1.135748 2.89484 1.892361 -1.129588 2.86984 1.892361 -1.136808 2.86984 1.892361 -1.129588 2.89484 1.892361 -1.136808 2.89484 1.893411 -1.128778 2.86984 1.893411 -1.137618 2.86984 1.893411 -1.128778 2.89484 1.893411 -1.137618 2.89484 1.894641 -1.128268 2.86984 1.894641 -1.138128 2.86984 1.894641 -1.128268 2.89484 1.894641 -1.138128 2.89484 1.895961 -1.128098 2.86984 1.895961 -1.138298 2.86984 1.895961 -1.128098 2.89484 1.895961 -1.138298 2.89484 1.897281 -1.128268 2.86984 1.897281 -1.138128 2.86984 1.897281 -1.128268 2.89484 1.897281 -1.138128 2.89484 1.898511 -1.128778 2.86984 1.898511 -1.137618 2.86984 1.898511 -1.128778 2.89484 1.898511 -1.137618 2.89484 1.899571 -1.129588 2.86984 1.899571 -1.136808 2.86984 1.899571 -1.129588 2.89484 1.899571 -1.136808 2.89484 1.900381 -1.130648 2.86984 1.900381 -1.135748 2.86984 1.900381 -1.130648 2.89484 1.900381 -1.135748 2.89484 1.900891 -1.131878 2.86984 1.900891 -1.134518 2.86984 1.900891 -1.131878 2.89484 1.900891 -1.134518 2.89484 1.901061 -1.133198 2.86984 1.901061 -1.133198 2.89484 1.907461 2.302742 0.03983997 1.907461 2.292742 0.03983997 1.907461 2.172742 0.03983997 1.907461 2.162742 0.03983997 1.909961 -2.062258 0.02983997 1.909961 -2.412258 0.02983997 1.909961 -2.062258 0.03983997 1.909961 -2.147258 0.03983997 1.909961 -2.157258 0.03983997 1.909961 -2.317258 0.03983997 1.909961 -2.327258 0.03983997 1.909961 -2.412258 0.03983997 1.909961 -2.147258 0.09483997 1.909961 -2.157258 0.09483997 1.909961 -2.317258 0.09483997 1.909961 -2.327258 0.09483997 1.909961 2.302742 0.11484 1.909961 2.292742 0.11484 1.909961 2.172742 0.11484 1.909961 2.162742 0.11484 1.917461 -2.157258 2.89484 1.917461 -2.157258 2.90484 1.917461 -2.157258 3.11484 1.917461 -2.157258 3.12484 1.919961 2.397742 0.03983997 1.919961 2.067742 0.03983997 1.919961 2.302742 0.05233997 1.919961 2.292742 0.05233997 1.919961 2.172742 0.05233997 1.919961 2.162742 0.05233997 1.919961 2.397742 0.05483997 1.919961 2.067742 0.05483997 1.919961 2.337742 0.11484 1.919961 2.302742 0.11484 1.919961 2.292742 0.11484 1.919961 2.172742 0.11484 1.919961 2.162742 0.11484 1.919961 2.127742 0.11484 1.919961 -2.217258 2.89484 1.919961 -2.217258 2.90484 1.919961 -2.217258 3.11484 1.919961 -2.217258 3.12484 1.929961 2.397742 0.03983997 1.929961 2.312742 0.03983997 1.929961 2.299742 0.03983997 1.929961 2.165742 0.03983997 1.929961 2.152742 0.03983997 1.929961 2.067742 0.03983997 1.929961 -2.072258 0.03983997 1.929961 -2.132258 0.03983997 1.929961 -2.157258 0.03983997 1.929961 -2.317258 0.03983997 1.929961 -2.342258 0.03983997 1.929961 -2.402258 0.03983997 1.929961 2.397742 0.05483997 1.929961 2.067742 0.05483997 1.929961 -2.072258 0.05483997 1.929961 -2.147258 0.05483997 1.929961 -2.327258 0.05483997 1.929961 -2.402258 0.05483997 1.929961 2.337742 0.11484 1.929961 2.312742 0.11484 1.929961 2.299742 0.11484 1.929961 2.165742 0.11484 1.929961 2.152742 0.11484 1.929961 2.127742 0.11484 1.929961 -2.132258 0.11484 1.929961 -2.147258 0.11484 1.929961 -2.157258 0.11484 1.929961 -2.317258 0.11484 1.929961 -2.327258 0.11484 1.929961 -2.342258 0.11484 1.929961 -2.157258 2.86484 1.929961 2.312742 2.87484 1.929961 2.299742 2.87484 1.929961 2.165742 2.87484 1.929961 2.152742 2.87484 1.929961 -2.169758 2.89484 1.929961 -2.217258 2.89484 1.929961 -2.169758 2.90484 1.929961 -2.217258 2.90484 1.929961 -2.169758 3.11484 1.929961 -2.217258 3.11484 1.929961 -2.169758 3.12484 1.929961 -2.217258 3.12484 1.929961 -2.157258 3.13484 1.929961 -2.317258 3.13484 1.939961 -2.072258 0.03983997 1.939961 -2.132258 0.03983997 1.939961 -2.342258 0.03983997 1.939961 -2.402258 0.03983997 1.939961 -2.072258 0.05483997 1.939961 -2.147258 0.05483997 1.939961 -2.327258 0.05483997 1.939961 -2.402258 0.05483997 1.939961 -2.132258 0.11484 1.939961 -2.147258 0.11484 1.939961 -2.327258 0.11484 1.939961 -2.342258 0.11484 1.942961 -2.157258 0.03983997 1.942961 -2.218258 0.03983997 1.942961 -2.256258 0.03983997 1.942961 -2.317258 0.03983997 1.942961 -2.157258 0.11484 1.942961 -2.317258 0.11484 1.942961 -2.157258 2.86484 1.942961 -2.157258 3.13484 1.942961 -2.218258 3.13484 1.942961 -2.256258 3.13484 1.942961 -2.317258 3.13484 1.943151 -2.220608 0.03983997 1.943151 -2.253908 0.03983997 1.943151 -2.220608 3.13484 1.943151 -2.253908 3.13484 1.943701 -2.222898 0.03983997 1.943701 -2.251618 0.03983997 1.943701 -2.222898 3.13484 1.943701 -2.251618 3.13484 1.944601 -2.225068 0.03983997 1.944601 -2.249448 0.03983997 1.944601 -2.225068 3.13484 1.944601 -2.249448 3.13484 1.945831 -2.227078 0.03983997 1.945831 -2.247438 0.03983997 1.945831 -2.227078 3.13484 1.945831 -2.247438 3.13484 1.947361 -2.228868 0.03983997 1.947361 -2.245648 0.03983997 1.947361 -2.228868 3.13484 1.947361 -2.245648 3.13484 1.949151 -2.230398 0.03983997 1.949151 -2.244118 0.03983997 1.949151 -2.230398 3.13484 1.949151 -2.244118 3.13484 1.951151 -2.231618 0.03983997 1.951151 -2.242898 0.03983997 1.951151 -2.231618 3.13484 1.951151 -2.242898 3.13484 1.953331 -2.232528 0.03983997 1.953331 -2.241988 0.03983997 1.953331 -2.232528 3.13484 1.953331 -2.241988 3.13484 1.955621 -2.233078 0.03983997 1.955621 -2.241438 0.03983997 1.955621 -2.233078 3.13484 1.955621 -2.241438 3.13484 1.957961 -2.233258 0.03983997 1.957961 -2.241258 0.03983997 1.957961 -2.233258 3.13484 1.957961 -2.241258 3.13484 1.983961 2.312742 2.91184 1.983961 -2.137258 2.91184 1.983961 -1.120198 2.91434 1.983961 -1.135198 2.91434 1.983961 -1.272698 2.91434 1.983961 -1.287698 2.91434 1.983961 -1.425198 2.91434 1.983961 -1.440198 2.91434 1.983961 -1.120198 3.11534 1.983961 -1.135198 3.11534 1.983961 -1.272698 3.11534 1.983961 -1.287698 3.11534 1.983961 -1.425198 3.11534 1.983961 -1.440198 3.11534 1.983961 2.312742 3.11784 1.983961 -2.137258 3.11784 1.986601 -1.120198 2.91452 1.986601 -1.135198 2.91452 1.986601 -1.272698 2.91452 1.986601 -1.287698 2.91452 1.986601 -1.425198 2.91452 1.986601 -1.440198 2.91452 1.986601 -1.120198 3.11515 1.986601 -1.135198 3.11515 1.986601 -1.272698 3.11515 1.986601 -1.287698 3.11515 1.986601 -1.425198 3.11515 1.986601 -1.440198 3.11515 1.986701 2.312742 2.91202 1.986701 -2.137258 2.91202 1.986701 2.312742 3.11766 1.986701 -2.137258 3.11766 1.989171 -1.120198 2.91509 1.989171 -1.135198 2.91509 1.989171 -1.272698 2.91509 1.989171 -1.287698 2.91509 1.989171 -1.425198 2.91509 1.989171 -1.440198 2.91509 1.989171 -1.120198 3.11459 1.989171 -1.135198 3.11459 1.989171 -1.272698 3.11459 1.989171 -1.287698 3.11459 1.989171 -1.425198 3.11459 1.989171 -1.440198 3.11459 1.989401 2.312742 2.91255 1.989401 -2.137258 2.91255 1.989401 2.312742 3.11712 1.989401 -2.137258 3.11712 1.990961 2.299742 0.03983997 1.990961 2.165742 0.03983997 1.990961 2.299742 2.87484 1.990961 2.165742 2.87484 1.991651 -1.120198 2.91601 1.991651 -1.135198 2.91601 1.991651 -1.272698 2.91601 1.991651 -1.287698 2.91601 1.991651 -1.425198 2.91601 1.991651 -1.440198 2.91601 1.991651 -1.120198 3.11366 1.991651 -1.135198 3.11366 1.991651 -1.272698 3.11366 1.991651 -1.287698 3.11366 1.991651 -1.425198 3.11366 1.991651 -1.440198 3.11366 1.992001 2.312742 2.91343 1.992001 -2.137258 2.91343 1.992001 2.312742 3.11624 1.992001 -2.137258 3.11624 1.992561 2.299712 0.03983997 1.992561 2.299712 2.87484 1.993311 2.165922 0.03983997 1.993311 2.165922 2.87484 1.993961 -1.120198 2.91727 1.993961 -1.135198 2.91727 1.993961 -1.272698 2.91727 1.993961 -1.287698 2.91727 1.993961 -1.425198 2.91727 1.993961 -1.440198 2.91727 1.993961 -1.120198 3.1124 1.993961 -1.135198 3.1124 1.993961 -1.272698 3.1124 1.993961 -1.287698 3.1124 1.993961 -1.425198 3.1124 1.993961 -1.440198 3.1124 1.994191 2.299562 0.03983997 1.994191 2.299562 2.87484 1.994461 2.312742 2.91465 1.994461 -2.137258 2.91465 1.994461 2.312742 3.11502 1.994461 -2.137258 3.11502 1.995601 2.166472 0.03983997 1.995601 2.166472 2.87484 1.996081 -1.120198 2.91885 1.996081 -1.135198 2.91885 1.996081 -1.272698 2.91885 1.996081 -1.287698 2.91885 1.996081 -1.425198 2.91885 1.996081 -1.440198 2.91885 1.996081 -1.120198 3.11082 1.996081 -1.135198 3.11082 1.996081 -1.272698 3.11082 1.996081 -1.287698 3.11082 1.996081 -1.425198 3.11082 1.996081 -1.440198 3.11082 1.996291 2.299042 0.03983997 1.996291 2.299042 2.87484 1.996751 2.312742 2.91618 1.996751 -2.137258 2.91618 1.996751 2.312742 3.1135 1.996751 -2.137258 3.1135 1.997771 2.167382 0.03983997 1.997771 2.167382 2.87484 1.997941 -1.120198 2.92072 1.997941 -1.135198 2.92072 1.997941 -1.272698 2.92072 1.997941 -1.287698 2.92072 1.997941 -1.425198 2.92072 1.997941 -1.440198 2.92072 1.997941 -1.120198 3.10895 1.997941 -1.135198 3.10895 1.997941 -1.272698 3.10895 1.997941 -1.287698 3.10895 1.997941 -1.425198 3.10895 1.997941 -1.440198 3.10895 1.998381 2.298122 0.03983997 1.998381 2.298122 2.87484 1.998811 2.312742 2.91799 1.998811 -2.137258 2.91799 1.998811 2.312742 3.11168 1.998811 -2.137258 3.11168 1.999531 -1.120198 2.92283 1.999531 -1.135198 2.92283 1.999531 -1.272698 2.92283 1.999531 -1.287698 2.92283 1.999531 -1.425198 2.92283 1.999531 -1.440198 2.92283 1.999531 -1.120198 3.10684 1.999531 -1.135198 3.10684 1.999531 -1.272698 3.10684 1.999531 -1.287698 3.10684 1.999531 -1.425198 3.10684 1.999531 -1.440198 3.10684 1.999781 2.168602 0.03983997 1.999781 2.168602 2.87484 2.000211 2.296932 0.03983997 2.000211 2.296932 2.87484 2.000621 2.312742 2.92005 2.000621 -2.137258 2.92005 2.000621 2.312742 3.10962 2.000621 -2.137258 3.10962 2.000791 -1.120198 2.92515 2.000791 -1.135198 2.92515 2.000791 -1.272698 2.92515 2.000791 -1.287698 2.92515 2.000791 -1.425198 2.92515 2.000791 -1.440198 2.92515 2.000791 -1.120198 3.10452 2.000791 -1.135198 3.10452 2.000791 -1.272698 3.10452 2.000791 -1.287698 3.10452 2.000791 -1.425198 3.10452 2.000791 -1.440198 3.10452 2.001571 2.170132 0.03983997 2.001571 2.170132 2.87484 2.001711 -1.120198 2.92762 2.001711 -1.135198 2.92762 2.001711 -1.272698 2.92762 2.001711 -1.287698 2.92762 2.001711 -1.425198 2.92762 2.001711 -1.440198 2.92762 2.001711 -1.120198 3.10205 2.001711 -1.135198 3.10205 2.001711 -1.272698 3.10205 2.001711 -1.287698 3.10205 2.001711 -1.425198 3.10205 2.001711 -1.440198 3.10205 2.001891 2.295442 0.03983997 2.001891 2.295442 2.87484 2.002151 2.312742 2.92234 2.002151 -2.137258 2.92234 2.002151 2.312742 3.10734 2.002151 -2.137258 3.10734 2.002271 -1.120198 2.9302 2.002271 -1.135198 2.9302 2.002271 -1.272698 2.9302 2.002271 -1.287698 2.9302 2.002271 -1.425198 2.9302 2.002271 -1.440198 2.9302 2.002271 -1.120198 3.09947 2.002271 -1.135198 3.09947 2.002271 -1.272698 3.09947 2.002271 -1.287698 3.09947 2.002271 -1.425198 3.09947 2.002271 -1.440198 3.09947 2.002461 -1.120198 2.93284 2.002461 -1.135198 2.93284 2.002461 -1.272698 2.93284 2.002461 -1.287698 2.93284 2.002461 -1.425198 2.93284 2.002461 -1.440198 2.93284 2.002461 -1.120198 3.09684 2.002461 -1.135198 3.09684 2.002461 -1.272698 3.09684 2.002461 -1.287698 3.09684 2.002461 -1.425198 3.09684 2.002461 -1.440198 3.09684 2.002961 -2.092258 0.02983997 2.002961 -2.382258 0.02983997 2.002961 -2.092258 0.03983997 2.002961 -2.382258 0.03983997 2.003101 2.171922 0.03983997 2.003101 2.171922 2.87484 2.003141 -2.090698 0.02983997 2.003141 -2.093818 0.02983997 2.003141 -2.380698 0.02983997 2.003141 -2.383818 0.02983997 2.003141 -2.090698 0.03983997 2.003141 -2.093818 0.03983997 2.003141 -2.380698 0.03983997 2.003141 -2.383818 0.03983997 2.003361 2.312742 2.9248 2.003361 -2.137258 2.9248 2.003361 2.312742 3.10487 2.003361 -2.137258 3.10487 2.003481 2.293542 0.03983997 2.003481 2.293542 2.87484 2.003661 -2.089218 0.02983997 2.003661 -2.095298 0.02983997 2.003661 -2.379218 0.02983997 2.003661 -2.385298 0.02983997 2.003661 -2.089218 0.03983997 2.003661 -2.095298 0.03983997 2.003661 -2.379218 0.03983997 2.003661 -2.385298 0.03983997 2.004251 2.312742 2.9274 2.004251 -2.137258 2.9274 2.004251 2.312742 3.10227 2.004251 -2.137258 3.10227 2.004331 2.173932 0.03983997 2.004331 2.173932 2.87484 2.004491 -2.087898 0.02983997 2.004491 -2.096618 0.02983997 2.004491 -2.377898 0.02983997 2.004491 -2.386618 0.02983997 2.004491 -2.087898 0.03983997 2.004491 -2.096618 0.03983997 2.004491 -2.377898 0.03983997 2.004491 -2.386618 0.03983997 2.004681 2.291492 0.03983997 2.004681 2.291492 2.87484 2.004781 2.312742 2.93009 2.004781 -2.137258 2.93009 2.004781 2.312742 3.09958 2.004781 -2.137258 3.09958 2.004961 2.312742 2.93284 2.004961 -2.137258 2.93284 2.004961 2.312742 3.09684 2.004961 -2.137258 3.09684 2.005231 2.176102 0.03983997 2.005231 2.176102 2.87484 2.005421 2.289572 0.03983997 2.005421 2.289572 2.87484 2.005601 -2.086788 0.02983997 2.005601 -2.097728 0.02983997 2.005601 -2.376788 0.02983997 2.005601 -2.387728 0.02983997 2.005601 -2.086788 0.03983997 2.005601 -2.097728 0.03983997 2.005601 -2.376788 0.03983997 2.005601 -2.387728 0.03983997 2.005781 2.178392 0.03983997 2.005781 2.178392 2.87484 2.005831 2.287602 0.03983997 2.005831 2.287602 2.87484 2.005961 2.284742 0.03983997 2.005961 2.180742 0.03983997 2.005961 2.284742 2.87484 2.005961 2.180742 2.87484 2.006931 -2.085948 0.02983997 2.006931 -2.098568 0.02983997 2.006931 -2.375948 0.02983997 2.006931 -2.388568 0.02983997 2.006931 -2.085948 0.03983997 2.006931 -2.098568 0.03983997 2.006931 -2.375948 0.03983997 2.006931 -2.388568 0.03983997 2.008411 -2.085438 0.02983997 2.008411 -2.099078 0.02983997 2.008411 -2.375438 0.02983997 2.008411 -2.389078 0.02983997 2.008411 -2.085438 0.03983997 2.008411 -2.099078 0.03983997 2.008411 -2.375438 0.03983997 2.008411 -2.389078 0.03983997 2.009961 -2.085258 0.02983997 2.009961 -2.099258 0.02983997 2.009961 -2.375258 0.02983997 2.009961 -2.389258 0.02983997 2.009961 -2.085258 0.03983997 2.009961 -2.099258 0.03983997 2.009961 -2.375258 0.03983997 2.009961 -2.389258 0.03983997 2.010001 2.197742 3.13484 2.010001 2.187742 3.13484 2.010001 2.197742 3.13684 2.010001 2.187742 3.13684 2.010001 2.197922 3.13958 2.010001 2.187562 3.13958 2.010001 2.198462 3.14227 2.010001 2.187022 3.14227 2.010001 2.199342 3.14487 2.010001 2.186142 3.14487 2.010001 2.200552 3.14734 2.010001 2.184932 3.14734 2.010001 2.202082 3.14962 2.010001 2.183402 3.14962 2.010001 2.203892 3.15168 2.010001 2.181592 3.15168 2.010001 2.205962 3.1535 2.010001 2.179522 3.1535 2.010001 2.208242 3.15502 2.010001 2.177242 3.15502 2.010001 2.210702 3.15624 2.010001 2.174782 3.15624 2.010001 2.213302 3.15712 2.010001 2.172182 3.15712 2.010001 2.216002 3.15766 2.010001 2.169482 3.15766 2.010001 2.312742 3.15784 2.010001 2.218742 3.15784 2.010001 2.166742 3.15784 2.010001 2.072742 3.15784 2.010001 2.312742 3.17484 2.010001 2.072742 3.17484 2.011521 -2.085438 0.02983997 2.011521 -2.099078 0.02983997 2.011521 -2.375438 0.02983997 2.011521 -2.389078 0.02983997 2.011521 -2.085438 0.03983997 2.011521 -2.099078 0.03983997 2.011521 -2.375438 0.03983997 2.011521 -2.389078 0.03983997 2.013001 -2.085948 0.02983997 2.013001 -2.098568 0.02983997 2.013001 -2.375948 0.02983997 2.013001 -2.388568 0.02983997 2.013001 -2.085948 0.03983997 2.013001 -2.098568 0.03983997 2.013001 -2.375948 0.03983997 2.013001 -2.388568 0.03983997 2.013961 2.284742 0.03983997 2.013961 2.180742 0.03983997 2.013961 2.284742 1.543336 2.013961 2.180742 1.543336 2.013961 2.284742 1.551336 2.013961 2.180742 1.551336 2.013961 2.284742 2.87484 2.013961 2.180742 2.87484 2.013991 2.286342 0.03983997 2.013991 2.286342 1.54321 2.013991 2.286342 1.551462 2.013991 2.286342 2.87484 2.014061 2.287092 1.543151 2.014061 2.287092 1.55152 2.014151 2.287972 0.03983997 2.014151 2.178392 0.03983997 2.014151 2.287972 1.542939 2.014151 2.178392 1.543151 2.014151 2.178392 1.55152 2.014151 2.287972 1.551733 2.014151 2.287972 2.87484 2.014151 2.178392 2.87484 2.014331 -2.086788 0.02983997 2.014331 -2.097728 0.02983997 2.014331 -2.376788 0.02983997 2.014331 -2.387728 0.02983997 2.014331 -2.086788 0.03983997 2.014331 -2.097728 0.03983997 2.014331 -2.376788 0.03983997 2.014331 -2.387728 0.03983997 2.014491 2.289382 1.542602 2.014491 2.289382 1.55207 2.014661 2.290072 0.03983997 2.014661 2.290072 1.542314 2.014661 2.290072 1.552357 2.014661 2.290072 2.87484 2.014701 2.176102 0.03983997 2.014701 2.176102 1.542602 2.014701 2.176102 1.55207 2.014701 2.176102 2.87484 2.014961 2.312742 2.93284 2.014961 -2.137258 2.93284 2.014961 2.312742 2.93484 2.014961 2.072742 2.93484 2.014961 2.312742 2.95184 2.014961 2.218742 2.95184 2.014961 2.166742 2.95184 2.014961 2.072742 2.95184 2.014961 2.216002 2.95202 2.014961 2.169482 2.95202 2.014961 2.213302 2.95255 2.014961 2.172182 2.95255 2.014961 2.210702 2.95343 2.014961 2.174782 2.95343 2.014961 2.208242 2.95465 2.014961 2.177242 2.95465 2.014961 2.205962 2.95618 2.014961 2.179522 2.95618 2.014961 2.203892 2.95799 2.014961 2.181592 2.95799 2.014961 2.202082 2.96005 2.014961 2.183402 2.96005 2.014961 2.200552 2.96234 2.014961 2.184932 2.96234 2.014961 2.199342 2.9648 2.014961 2.186142 2.9648 2.014961 2.198462 2.9674 2.014961 2.187022 2.9674 2.014961 2.197922 2.97009 2.014961 2.187562 2.97009 2.014961 2.197742 2.97284 2.014961 2.187742 2.97284 2.014961 2.312742 3.09684 2.014961 2.197742 3.09684 2.014961 2.187742 3.09684 2.014961 -2.137258 3.09684 2.015141 2.312742 2.93009 2.015141 -2.137258 2.93009 2.015141 2.312742 3.09958 2.015141 2.197742 3.09958 2.015141 2.187742 3.09958 2.015141 -2.137258 3.09958 2.015311 2.291552 1.541701 2.015311 2.291552 1.552971 2.015441 -2.087898 0.02983997 2.015441 -2.096618 0.02983997 2.015441 -2.377898 0.02983997 2.015441 -2.386618 0.02983997 2.015441 -2.087898 0.03983997 2.015441 -2.096618 0.03983997 2.015441 -2.377898 0.03983997 2.015441 -2.386618 0.03983997 2.015581 2.292162 0.03983997 2.015581 2.292162 1.541329 2.015581 2.292162 1.553343 2.015581 2.292162 2.87484 2.015601 2.173932 0.03983997 2.015601 2.173932 1.541701 2.015601 2.173932 1.552971 2.015601 2.173932 2.87484 2.015681 2.312742 2.9274 2.015681 -2.137258 2.9274 2.015681 2.312742 3.10227 2.015681 2.197742 3.10227 2.015681 2.187742 3.10227 2.015681 -2.137258 3.10227 2.016271 -2.089218 0.02983997 2.016271 -2.095298 0.02983997 2.016271 -2.379218 0.02983997 2.016271 -2.385298 0.02983997 2.016271 -2.089218 0.03983997 2.016271 -2.095298 0.03983997 2.016271 -2.379218 0.03983997 2.016271 -2.385298 0.03983997 2.016501 2.293562 1.540471 2.016501 2.293562 1.554201 2.016561 2.312742 2.9248 2.016561 -2.137258 2.9248 2.016561 2.312742 3.10487 2.016561 2.197742 3.10487 2.016561 2.187742 3.10487 2.016561 -2.137258 3.10487 2.016771 2.293992 0.03983997 2.016771 2.293992 1.540105 2.016771 2.293992 1.554566 2.016771 2.293992 2.87484 2.016791 -2.090698 0.02983997 2.016791 -2.093818 0.02983997 2.016791 -2.380698 0.02983997 2.016791 -2.383818 0.02983997 2.016791 -2.090698 0.03983997 2.016791 -2.093818 0.03983997 2.016791 -2.380698 0.03983997 2.016791 -2.383818 0.03983997 2.016831 2.171922 0.03983997 2.016831 2.171922 1.540471 2.016831 2.171922 1.554201 2.016831 2.171922 2.87484 2.016961 -2.092258 0.02983997 2.016961 -2.382258 0.02983997 2.016961 -2.092258 0.03983997 2.016961 -2.382258 0.03983997 2.017461 -1.120198 2.93284 2.017461 -1.135198 2.93284 2.017461 -1.272698 2.93284 2.017461 -1.287698 2.93284 2.017461 -1.425198 2.93284 2.017461 -1.440198 2.93284 2.017461 -1.120198 3.09684 2.017461 -1.135198 3.09684 2.017461 -1.272698 3.09684 2.017461 -1.287698 3.09684 2.017461 -1.425198 3.09684 2.017461 -1.440198 3.09684 2.017651 -1.120198 2.9302 2.017651 -1.135198 2.9302 2.017651 -1.272698 2.9302 2.017651 -1.287698 2.9302 2.017651 -1.425198 2.9302 2.017651 -1.440198 2.9302 2.017651 -1.120198 3.09947 2.017651 -1.135198 3.09947 2.017651 -1.272698 3.09947 2.017651 -1.287698 3.09947 2.017651 -1.425198 3.09947 2.017651 -1.440198 3.09947 2.017781 2.312742 2.92234 2.017781 -2.137258 2.92234 2.017781 2.312742 3.10734 2.017781 2.197742 3.10734 2.017781 2.187742 3.10734 2.017781 -2.137258 3.10734 2.017981 2.295352 1.538942 2.017981 2.295352 1.555729 2.018211 -1.120198 2.92762 2.018211 -1.135198 2.92762 2.018211 -1.272698 2.92762 2.018211 -1.287698 2.92762 2.018211 -1.425198 2.92762 2.018211 -1.440198 2.92762 2.018211 -1.120198 3.10205 2.018211 -1.135198 3.10205 2.018211 -1.272698 3.10205 2.018211 -1.287698 3.10205 2.018211 -1.425198 3.10205 2.018211 -1.440198 3.10205 2.018271 2.295672 0.03983997 2.018271 2.295672 1.538563 2.018271 2.295672 1.556109 2.018271 2.295672 2.87484 2.018361 2.170132 0.03983997 2.018361 2.170132 1.538942 2.018361 2.170132 1.555729 2.018361 2.170132 2.87484 2.019131 -1.120198 2.92515 2.019131 -1.135198 2.92515 2.019131 -1.272698 2.92515 2.019131 -1.287698 2.92515 2.019131 -1.425198 2.92515 2.019131 -1.440198 2.92515 2.019131 -1.120198 3.10452 2.019131 -1.135198 3.10452 2.019131 -1.272698 3.10452 2.019131 -1.287698 3.10452 2.019131 -1.425198 3.10452 2.019131 -1.440198 3.10452 2.019301 2.312742 2.92005 2.019301 -2.137258 2.92005 2.019301 2.312742 3.10962 2.019301 2.197742 3.10962 2.019301 2.187742 3.10962 2.019301 -2.137258 3.10962 2.019711 2.296882 1.537152 2.019711 2.296882 1.557519 2.020151 2.168602 0.03983997 2.020151 2.168602 1.537152 2.020151 2.168602 1.557519 2.020151 2.168602 2.87484 2.020171 2.297262 0.03983997 2.020171 2.297262 1.53653 2.020171 2.297262 1.558142 2.020171 2.297262 2.87484 2.020401 -1.120198 2.92283 2.020401 -1.135198 2.92283 2.020401 -1.272698 2.92283 2.020401 -1.287698 2.92283 2.020401 -1.425198 2.92283 2.020401 -1.440198 2.92283 2.020401 -1.120198 3.10684 2.020401 -1.135198 3.10684 2.020401 -1.272698 3.10684 2.020401 -1.287698 3.10684 2.020401 -1.425198 3.10684 2.020401 -1.440198 3.10684 2.021111 2.312742 2.91799 2.021111 -2.137258 2.91799 2.021111 2.312742 3.11168 2.021111 2.197742 3.11168 2.021111 2.187742 3.11168 2.021111 -2.137258 3.11168 2.021601 2.298102 1.535146 2.021601 2.298102 1.559526 2.021981 -1.120198 2.92072 2.021981 -1.135198 2.92072 2.021981 -1.272698 2.92072 2.021981 -1.287698 2.92072 2.021981 -1.425198 2.92072 2.021981 -1.440198 2.92072 2.021981 -1.120198 3.10895 2.021981 -1.135198 3.10895 2.021981 -1.272698 3.10895 2.021981 -1.287698 3.10895 2.021981 -1.425198 3.10895 2.021981 -1.440198 3.10895 2.022151 2.167382 0.03983997 2.022151 2.167382 1.535146 2.022151 2.167382 1.559526 2.022151 2.167382 2.87484 2.022211 2.298462 0.03983997 2.022211 2.298462 1.534287 2.022211 2.298462 1.560384 2.022211 2.298462 2.87484 2.023181 2.312742 2.91618 2.023181 -2.137258 2.91618 2.023181 2.312742 3.1135 2.023181 2.197742 3.1135 2.023181 2.187742 3.1135 2.023181 -2.137258 3.1135 2.023621 2.299012 1.532971 2.023621 2.299012 1.561701 2.023851 -1.120198 2.91885 2.023851 -1.135198 2.91885 2.023851 -1.272698 2.91885 2.023851 -1.287698 2.91885 2.023851 -1.425198 2.91885 2.023851 -1.440198 2.91885 2.023851 -1.120198 3.11082 2.023851 -1.135198 3.11082 2.023851 -1.272698 3.11082 2.023851 -1.287698 3.11082 2.023851 -1.425198 3.11082 2.023851 -1.440198 3.11082 2.024131 2.299202 0.03983997 2.024131 2.299202 1.532162 2.024131 2.299202 1.56251 2.024131 2.299202 2.87484 2.024331 2.166472 0.03983997 2.024331 2.166472 1.532971 2.024331 2.166472 1.561701 2.024331 2.166472 2.87484 2.025461 2.312742 2.91465 2.025461 -2.137258 2.91465 2.025461 2.312742 3.11502 2.025461 2.197742 3.11502 2.025461 2.187742 3.11502 2.025461 -2.137258 3.11502 2.025841 2.299562 1.530682 2.025841 2.299562 1.563989 2.025961 -1.120198 2.91727 2.025961 -1.135198 2.91727 2.025961 -1.272698 2.91727 2.025961 -1.287698 2.91727 2.025961 -1.425198 2.91727 2.025961 -1.440198 2.91727 2.025961 -1.120198 3.1124 2.025961 -1.135198 3.1124 2.025961 -1.272698 3.1124 2.025961 -1.287698 3.1124 2.025961 -1.425198 3.1124 2.025961 -1.440198 3.1124 2.026101 2.299612 0.03983997 2.026101 2.299612 1.529996 2.026101 2.299612 1.564675 2.026101 2.299612 2.87484 2.026621 2.165922 0.03983997 2.026621 2.165922 1.530682 2.026621 2.165922 1.563989 2.026621 2.165922 2.87484 2.027931 2.312742 2.91343 2.027931 -2.137258 2.91343 2.027931 2.312742 3.11624 2.027931 2.197742 3.11624 2.027931 2.187742 3.11624 2.027931 -2.137258 3.11624 2.028281 -1.120198 2.91601 2.028281 -1.135198 2.91601 2.028281 -1.272698 2.91601 2.028281 -1.287698 2.91601 2.028281 -1.425198 2.91601 2.028281 -1.440198 2.91601 2.028281 -1.120198 3.11366 2.028281 -1.135198 3.11366 2.028281 -1.272698 3.11366 2.028281 -1.287698 3.11366 2.028281 -1.425198 3.11366 2.028281 -1.440198 3.11366 2.028961 2.299742 0.03983997 2.028961 2.165742 0.03983997 2.028961 2.299742 1.528336 2.028961 2.165742 1.528336 2.028961 2.299742 1.566336 2.028961 2.165742 1.566336 2.028961 2.299742 2.87484 2.028961 2.165742 2.87484 2.030531 2.312742 2.91255 2.030531 -2.137258 2.91255 2.030531 2.312742 3.11712 2.030531 2.197742 3.11712 2.030531 2.187742 3.11712 2.030531 -2.137258 3.11712 2.030751 -1.120198 2.91509 2.030751 -1.135198 2.91509 2.030751 -1.272698 2.91509 2.030751 -1.287698 2.91509 2.030751 -1.425198 2.91509 2.030751 -1.440198 2.91509 2.030751 -1.120198 3.11459 2.030751 -1.135198 3.11459 2.030751 -1.272698 3.11459 2.030751 -1.287698 3.11459 2.030751 -1.425198 3.11459 2.030751 -1.440198 3.11459 2.033221 2.312742 2.91202 2.033221 -2.137258 2.91202 2.033221 2.312742 3.11766 2.033221 2.197742 3.11766 2.033221 2.187742 3.11766 2.033221 -2.137258 3.11766 2.033331 -1.120198 2.91452 2.033331 -1.135198 2.91452 2.033331 -1.272698 2.91452 2.033331 -1.287698 2.91452 2.033331 -1.425198 2.91452 2.033331 -1.440198 2.91452 2.033331 -1.120198 3.11515 2.033331 -1.135198 3.11515 2.033331 -1.272698 3.11515 2.033331 -1.287698 3.11515 2.033331 -1.425198 3.11515 2.033331 -1.440198 3.11515 2.035961 2.312742 2.91184 2.035961 -2.137258 2.91184 2.035961 -1.120198 2.91434 2.035961 -1.135198 2.91434 2.035961 -1.272698 2.91434 2.035961 -1.287698 2.91434 2.035961 -1.425198 2.91434 2.035961 -1.440198 2.91434 2.035961 -1.120198 3.11534 2.035961 -1.135198 3.11534 2.035961 -1.272698 3.11534 2.035961 -1.287698 3.11534 2.035961 -1.425198 3.11534 2.035961 -1.440198 3.11534 2.035961 2.312742 3.11784 2.035961 2.197742 3.11784 2.035961 2.187742 3.11784 2.035961 -2.137258 3.11784 2.061961 -2.233258 0.03983997 2.061961 -2.241258 0.03983997 2.061961 -2.233258 3.13484 2.061961 -2.241258 3.13484 2.064311 -2.233078 0.03983997 2.064311 -2.241438 0.03983997 2.064311 -2.233078 3.13484 2.064311 -2.241438 3.13484 2.066601 -2.232528 0.03983997 2.066601 -2.241988 0.03983997 2.066601 -2.232528 3.13484 2.066601 -2.241988 3.13484 2.068771 -2.231618 0.03983997 2.068771 -2.242898 0.03983997 2.068771 -2.231618 3.13484 2.068771 -2.242898 3.13484 2.070781 -2.230398 0.03983997 2.070781 -2.244118 0.03983997 2.070781 -2.230398 3.13484 2.070781 -2.244118 3.13484 2.072571 -2.228868 0.03983997 2.072571 -2.245648 0.03983997 2.072571 -2.228868 3.13484 2.072571 -2.245648 3.13484 2.074101 -2.227078 0.03983997 2.074101 -2.247438 0.03983997 2.074101 -2.227078 3.13484 2.074101 -2.247438 3.13484 2.075331 -2.225068 0.03983997 2.075331 -2.249448 0.03983997 2.075331 -2.225068 3.13484 2.075331 -2.249448 3.13484 2.076231 -2.222898 0.03983997 2.076231 -2.251618 0.03983997 2.076231 -2.222898 3.13484 2.076231 -2.251618 3.13484 2.076781 -2.220608 0.03983997 2.076781 -2.253908 0.03983997 2.076781 -2.220608 3.13484 2.076781 -2.253908 3.13484 2.076961 -2.157258 0.03983997 2.076961 -2.218258 0.03983997 2.076961 -2.256258 0.03983997 2.076961 -2.317258 0.03983997 2.076961 -2.157258 0.11484 2.076961 -2.317258 0.11484 2.076961 -2.157258 2.86484 2.076961 -2.157258 3.13484 2.076961 -2.218258 3.13484 2.076961 -2.256258 3.13484 2.076961 -2.317258 3.13484 2.078461 -2.169758 3.13484 2.078461 -2.217258 3.13484 2.078461 -2.217258 3.14484 2.078461 -2.157258 3.14734 2.078461 -2.157258 3.18984 2.078461 -2.172258 3.18984 2.079961 -2.072258 0.03983997 2.079961 -2.132258 0.03983997 2.079961 -2.342258 0.03983997 2.079961 -2.402258 0.03983997 2.079961 -2.072258 0.05483997 2.079961 -2.147258 0.05483997 2.079961 -2.327258 0.05483997 2.079961 -2.402258 0.05483997 2.079961 -2.132258 0.11484 2.079961 -2.147258 0.11484 2.079961 -2.327258 0.11484 2.079961 -2.342258 0.11484 2.088461 -2.169758 3.13484 2.088461 -2.217258 3.13484 2.088461 -2.217258 3.14484 2.088461 -2.157258 3.14734 2.088461 -2.157258 3.18984 2.088461 -2.172258 3.18984 2.089961 2.397742 0.03983997 2.089961 2.312742 0.03983997 2.089961 2.299742 0.03983997 2.089961 2.165742 0.03983997 2.089961 2.152742 0.03983997 2.089961 2.067742 0.03983997 2.089961 -2.072258 0.03983997 2.089961 -2.132258 0.03983997 2.089961 -2.157258 0.03983997 2.089961 -2.317258 0.03983997 2.089961 -2.342258 0.03983997 2.089961 -2.402258 0.03983997 2.089961 2.397742 0.05483997 2.089961 2.067742 0.05483997 2.089961 -2.072258 0.05483997 2.089961 -2.147258 0.05483997 2.089961 -2.327258 0.05483997 2.089961 -2.402258 0.05483997 2.089961 2.337742 0.11484 2.089961 2.312742 0.11484 2.089961 2.299742 0.11484 2.089961 2.165742 0.11484 2.089961 2.152742 0.11484 2.089961 2.127742 0.11484 2.089961 -2.132258 0.11484 2.089961 -2.147258 0.11484 2.089961 -2.157258 0.11484 2.089961 -2.317258 0.11484 2.089961 -2.327258 0.11484 2.089961 -2.342258 0.11484 2.089961 2.312742 1.467336 2.089961 2.299742 1.467336 2.089961 2.165742 1.467336 2.089961 2.152742 1.467336 2.089961 2.312742 1.627336 2.089961 2.299742 1.627336 2.089961 2.165742 1.627336 2.089961 2.152742 1.627336 2.089961 -2.232258 2.76484 2.089961 -2.242258 2.76484 2.089961 -2.157258 2.86484 2.089961 2.312742 2.87484 2.089961 2.299742 2.87484 2.089961 2.165742 2.87484 2.089961 2.152742 2.87484 2.089961 -2.232258 2.95234 2.089961 -2.242258 2.95234 2.089961 -2.157258 2.96484 2.089961 -2.317258 2.96484 2.089961 -2.327258 2.96484 2.089961 -2.157258 2.97484 2.089961 -2.317258 2.97484 2.089961 -2.327258 2.97484 2.089961 -2.157258 3.13484 2.089961 -2.317258 3.13484 2.099961 2.397742 0.03983997 2.099961 2.067742 0.03983997 2.099961 2.302742 0.05233997 2.099961 2.292742 0.05233997 2.099961 2.172742 0.05233997 2.099961 2.162742 0.05233997 2.099961 2.397742 0.05483997 2.099961 2.067742 0.05483997 2.099961 2.337742 0.11484 2.099961 2.302742 0.11484 2.099961 2.292742 0.11484 2.099961 2.172742 0.11484 2.099961 2.162742 0.11484 2.099961 2.127742 0.11484 2.099961 -2.157258 2.97484 2.099961 -2.317258 2.97484 2.099961 -2.157258 2.98784 2.099961 -2.218258 2.98784 2.099961 -2.256258 2.98784 2.099961 -2.317258 2.98784 2.099961 -2.220608 2.98802 2.099961 -2.253908 2.98802 2.099961 -2.222898 2.98857 2.099961 -2.251618 2.98857 2.099961 -2.225068 2.98947 2.099961 -2.249448 2.98947 2.099961 -2.227078 2.9907 2.099961 -2.247438 2.9907 2.099961 -2.228868 2.99223 2.099961 -2.245648 2.99223 2.099961 -2.230398 2.99402 2.099961 -2.244118 2.99402 2.099961 -2.231618 2.99603 2.099961 -2.242898 2.99603 2.099961 -2.232528 2.9982 2.099961 -2.241988 2.9982 2.099961 -2.233078 3.00049 2.099961 -2.241438 3.00049 2.099961 -2.233258 3.00284 2.099961 -2.241258 3.00284 2.099961 -2.233258 3.10684 2.099961 -2.241258 3.10684 2.099961 -2.233078 3.10918 2.099961 -2.241438 3.10918 2.099961 -2.232528 3.11147 2.099961 -2.241988 3.11147 2.099961 -2.231618 3.11365 2.099961 -2.242898 3.11365 2.099961 -2.230398 3.11565 2.099961 -2.244118 3.11565 2.099961 -2.228868 3.11744 2.099961 -2.245648 3.11744 2.099961 -2.227078 3.11897 2.099961 -2.247438 3.11897 2.099961 -2.225068 3.1202 2.099961 -2.249448 3.1202 2.099961 -2.222898 3.1211 2.099961 -2.251618 3.1211 2.099961 -2.220608 3.12165 2.099961 -2.253908 3.12165 2.099961 -2.157258 3.12184 2.099961 -2.218258 3.12184 2.099961 -2.256258 3.12184 2.099961 -2.317258 3.12184 2.099961 -2.157258 3.13484 2.099961 -2.317258 3.13484 2.102461 -2.232258 2.96484 2.102461 -2.242258 2.96484 2.104961 -2.232258 2.76484 2.104961 -2.242258 2.76484 2.109961 -2.147258 0.03983997 2.109961 -2.157258 0.03983997 2.109961 -2.317258 0.03983997 2.109961 -2.327258 0.03983997 2.109961 -2.147258 0.09483997 2.109961 -2.157258 0.09483997 2.109961 -2.317258 0.09483997 2.109961 -2.327258 0.09483997 2.109961 2.302742 0.11484 2.109961 2.292742 0.11484 2.109961 2.172742 0.11484 2.109961 2.162742 0.11484 2.112461 2.302742 0.03983997 2.112461 2.292742 0.03983997 2.112461 2.172742 0.03983997 2.112461 2.162742 0.03983997 2.118861 -1.417198 2.86984 2.118861 -1.417198 2.89484 2.119011 -2.181248 2.97484 2.119011 -2.183268 2.97484 2.119011 -2.291248 2.97484 2.119011 -2.293268 2.97484 2.119011 -2.181248 2.98784 2.119011 -2.183268 2.98784 2.119011 -2.291248 2.98784 2.119011 -2.293268 2.98784 2.119041 -1.415878 2.86984 2.119041 -1.418518 2.86984 2.119041 -1.415878 2.89484 2.119041 -1.418518 2.89484 2.119381 -2.179248 2.97484 2.119381 -2.185268 2.97484 2.119381 -2.289248 2.97484 2.119381 -2.295268 2.97484 2.119381 -2.179248 2.98784 2.119381 -2.185268 2.98784 2.119381 -2.289248 2.98784 2.119381 -2.295268 2.98784 2.119551 -1.414648 2.86984 2.119551 -1.419748 2.86984 2.119551 -1.414648 2.89484 2.119551 -1.419748 2.89484 2.120121 -2.177358 2.97484 2.120121 -2.187158 2.97484 2.120121 -2.287358 2.97484 2.120121 -2.297158 2.97484 2.120121 -2.177358 2.98784 2.120121 -2.187158 2.98784 2.120121 -2.287358 2.98784 2.120121 -2.297158 2.98784 2.120361 -1.413588 2.86984 2.120361 -1.420808 2.86984 2.120361 -1.413588 2.89484 2.120361 -1.420808 2.89484 2.121181 -2.175628 2.97484 2.121181 -2.188888 2.97484 2.121181 -2.285628 2.97484 2.121181 -2.298888 2.97484 2.121181 -2.175628 2.98784 2.121181 -2.188888 2.98784 2.121181 -2.285628 2.98784 2.121181 -2.298888 2.98784 2.121411 -1.412778 2.86984 2.121411 -1.421618 2.86984 2.121411 -1.412778 2.89484 2.121411 -1.421618 2.89484 2.122551 -2.174128 2.97484 2.122551 -2.190388 2.97484 2.122551 -2.284128 2.97484 2.122551 -2.300388 2.97484 2.122551 -2.174128 2.98784 2.122551 -2.190388 2.98784 2.122551 -2.284128 2.98784 2.122551 -2.300388 2.98784 2.122641 -1.412268 2.86984 2.122641 -1.422128 2.86984 2.122641 -1.412268 2.89484 2.122641 -1.422128 2.89484 2.122961 -2.182258 2.96484 2.122961 -2.292258 2.96484 2.122961 -2.182258 2.97484 2.122961 -2.292258 2.97484 2.123141 -2.180698 2.96484 2.123141 -2.183818 2.96484 2.123141 -2.290698 2.96484 2.123141 -2.293818 2.96484 2.123141 -2.180698 2.97484 2.123141 -2.183818 2.97484 2.123141 -2.290698 2.97484 2.123141 -2.293818 2.97484 2.123661 -2.179218 2.96484 2.123661 -2.185298 2.96484 2.123661 -2.289218 2.96484 2.123661 -2.295298 2.96484 2.123661 -2.179218 2.97484 2.123661 -2.185298 2.97484 2.123661 -2.289218 2.97484 2.123661 -2.295298 2.97484 2.123961 -1.412098 2.86984 2.123961 -1.422298 2.86984 2.123961 -1.412098 2.89484 2.123961 -1.422298 2.89484 2.124171 -2.172908 2.97484 2.124171 -2.191608 2.97484 2.124171 -2.282908 2.97484 2.124171 -2.301608 2.97484 2.124171 -2.172908 2.98784 2.124171 -2.191608 2.98784 2.124171 -2.282908 2.98784 2.124171 -2.301608 2.98784 2.124491 -2.177898 2.96484 2.124491 -2.186618 2.96484 2.124491 -2.287898 2.96484 2.124491 -2.296618 2.96484 2.124491 -2.177898 2.97484 2.124491 -2.186618 2.97484 2.124491 -2.287898 2.97484 2.124491 -2.296618 2.97484 2.125281 -1.412268 2.86984 2.125281 -1.422128 2.86984 2.125281 -1.412268 2.89484 2.125281 -1.422128 2.89484 2.125601 -2.176788 2.96484 2.125601 -2.187728 2.96484 2.125601 -2.286788 2.96484 2.125601 -2.297728 2.96484 2.125601 -2.176788 2.97484 2.125601 -2.187728 2.97484 2.125601 -2.286788 2.97484 2.125601 -2.297728 2.97484 2.125991 -2.171998 2.97484 2.125991 -2.192518 2.97484 2.125991 -2.281998 2.97484 2.125991 -2.302518 2.97484 2.125991 -2.171998 2.98784 2.125991 -2.192518 2.98784 2.125991 -2.281998 2.98784 2.125991 -2.302518 2.98784 2.126511 -1.412778 2.86984 2.126511 -1.421618 2.86984 2.126511 -1.412778 2.89484 2.126511 -1.421618 2.89484 2.126931 -2.175948 2.96484 2.126931 -2.188568 2.96484 2.126931 -2.285948 2.96484 2.126931 -2.298568 2.96484 2.126931 -2.175948 2.97484 2.126931 -2.188568 2.97484 2.126931 -2.285948 2.97484 2.126931 -2.298568 2.97484 2.127571 -1.413588 2.86984 2.127571 -1.420808 2.86984 2.127571 -1.413588 2.89484 2.127571 -1.420808 2.89484 2.127941 -2.171448 2.97484 2.127941 -2.193068 2.97484 2.127941 -2.281448 2.97484 2.127941 -2.303068 2.97484 2.127941 -2.171448 2.98784 2.127941 -2.193068 2.98784 2.127941 -2.281448 2.98784 2.127941 -2.303068 2.98784 2.128381 -1.414648 2.86984 2.128381 -1.419748 2.86984 2.128381 -1.414648 2.89484 2.128381 -1.419748 2.89484 2.128411 -2.175438 2.96484 2.128411 -2.189078 2.96484 2.128411 -2.285438 2.96484 2.128411 -2.299078 2.96484 2.128411 -2.175438 2.97484 2.128411 -2.189078 2.97484 2.128411 -2.285438 2.97484 2.128411 -2.299078 2.97484 2.128891 -1.415878 2.86984 2.128891 -1.418518 2.86984 2.128891 -1.415878 2.89484 2.128891 -1.418518 2.89484 2.129061 -1.417198 2.86984 2.129061 -1.417198 2.89484 2.129961 2.312742 2.89484 2.129961 2.047742 2.89484 2.129961 -1.112698 2.89484 2.129961 -1.462698 2.89484 2.129961 -2.137258 2.89484 2.129961 2.312742 2.91184 2.129961 -2.137258 2.91184 2.129961 -2.175258 2.96484 2.129961 -2.189258 2.96484 2.129961 -2.285258 2.96484 2.129961 -2.299258 2.96484 2.129961 -2.171258 2.97484 2.129961 -2.175258 2.97484 2.129961 -2.189258 2.97484 2.129961 -2.193258 2.97484 2.129961 -2.281258 2.97484 2.129961 -2.285258 2.97484 2.129961 -2.299258 2.97484 2.129961 -2.303258 2.97484 2.129961 -2.171258 2.98784 2.129961 -2.193258 2.98784 2.129961 -2.281258 2.98784 2.129961 -2.303258 2.98784 2.129961 -1.120198 3.11534 2.129961 -1.135198 3.11534 2.129961 -1.272698 3.11534 2.129961 -1.287698 3.11534 2.129961 -1.425198 3.11534 2.129961 -1.440198 3.11534 2.129961 2.312742 3.11784 2.129961 2.197742 3.11784 2.129961 2.187742 3.11784 2.129961 -2.137258 3.11784 2.129961 2.312742 3.13484 2.129961 2.197742 3.13484 2.129961 2.187742 3.13484 2.129961 -2.137258 3.13484 2.131521 -2.175438 2.96484 2.131521 -2.189078 2.96484 2.131521 -2.285438 2.96484 2.131521 -2.299078 2.96484 2.131521 -2.175438 2.97484 2.131521 -2.189078 2.97484 2.131521 -2.285438 2.97484 2.131521 -2.299078 2.97484 2.131981 -2.171448 2.97484 2.131981 -2.193068 2.97484 2.131981 -2.281448 2.97484 2.131981 -2.303068 2.97484 2.131981 -2.171448 2.98784 2.131981 -2.193068 2.98784 2.131981 -2.281448 2.98784 2.131981 -2.303068 2.98784 2.132461 -1.120198 2.89484 2.132461 -1.135198 2.89484 2.132461 -1.272698 2.89484 2.132461 -1.287698 2.89484 2.132461 -1.425198 2.89484 2.132461 -1.440198 2.89484 2.132461 -1.120198 2.91434 2.132461 -1.135198 2.91434 2.132461 -1.272698 2.91434 2.132461 -1.287698 2.91434 2.132461 -1.425198 2.91434 2.132461 -1.440198 2.91434 2.133001 -2.175948 2.96484 2.133001 -2.188568 2.96484 2.133001 -2.285948 2.96484 2.133001 -2.298568 2.96484 2.133001 -2.175948 2.97484 2.133001 -2.188568 2.97484 2.133001 -2.285948 2.97484 2.133001 -2.298568 2.97484 2.133941 -2.171998 2.97484 2.133941 -2.192518 2.97484 2.133941 -2.281998 2.97484 2.133941 -2.302518 2.97484 2.133941 -2.171998 2.98784 2.133941 -2.192518 2.98784 2.133941 -2.281998 2.98784 2.133941 -2.302518 2.98784 2.134331 -2.176788 2.96484 2.134331 -2.187728 2.96484 2.134331 -2.286788 2.96484 2.134331 -2.297728 2.96484 2.134331 -2.176788 2.97484 2.134331 -2.187728 2.97484 2.134331 -2.286788 2.97484 2.134331 -2.297728 2.97484 2.134861 -1.145198 2.86984 2.134861 -1.405198 2.86984 2.134861 -1.145198 2.89484 2.134861 -1.405198 2.89484 2.135041 -1.143878 2.86984 2.135041 -1.146518 2.86984 2.135041 -1.403878 2.86984 2.135041 -1.406518 2.86984 2.135041 -1.143878 2.89484 2.135041 -1.146518 2.89484 2.135041 -1.403878 2.89484 2.135041 -1.406518 2.89484 2.135441 -2.177898 2.96484 2.135441 -2.186618 2.96484 2.135441 -2.287898 2.96484 2.135441 -2.296618 2.96484 2.135441 -2.177898 2.97484 2.135441 -2.186618 2.97484 2.135441 -2.287898 2.97484 2.135441 -2.296618 2.97484 2.135551 -1.142648 2.86984 2.135551 -1.147748 2.86984 2.135551 -1.402648 2.86984 2.135551 -1.407748 2.86984 2.135551 -1.142648 2.89484 2.135551 -1.147748 2.89484 2.135551 -1.402648 2.89484 2.135551 -1.407748 2.89484 2.135751 -2.172908 2.97484 2.135751 -2.191608 2.97484 2.135751 -2.282908 2.97484 2.135751 -2.301608 2.97484 2.135751 -2.172908 2.98784 2.135751 -2.191608 2.98784 2.135751 -2.282908 2.98784 2.135751 -2.301608 2.98784 2.136271 -2.179218 2.96484 2.136271 -2.185298 2.96484 2.136271 -2.289218 2.96484 2.136271 -2.295298 2.96484 2.136271 -2.179218 2.97484 2.136271 -2.185298 2.97484 2.136271 -2.289218 2.97484 2.136271 -2.295298 2.97484 2.136361 -1.141588 2.86984 2.136361 -1.148808 2.86984 2.136361 -1.401588 2.86984 2.136361 -1.408808 2.86984 2.136361 -1.141588 2.89484 2.136361 -1.148808 2.89484 2.136361 -1.401588 2.89484 2.136361 -1.408808 2.89484 2.136511 2.368632 0.02983997 2.136511 2.366852 0.02983997 2.136511 2.098632 0.02983997 2.136511 2.096852 0.02983997 2.136511 2.368632 0.03983997 2.136511 2.366852 0.03983997 2.136511 2.098632 0.03983997 2.136511 2.096852 0.03983997 2.136791 -2.180698 2.96484 2.136791 -2.183818 2.96484 2.136791 -2.290698 2.96484 2.136791 -2.293818 2.96484 2.136791 -2.180698 2.97484 2.136791 -2.183818 2.97484 2.136791 -2.290698 2.97484 2.136791 -2.293818 2.97484 2.136881 2.370372 0.02983997 2.136881 2.365112 0.02983997 2.136881 2.100372 0.02983997 2.136881 2.095112 0.02983997 2.136881 2.370372 0.03983997 2.136881 2.365112 0.03983997 2.136881 2.100372 0.03983997 2.136881 2.095112 0.03983997 2.136961 -2.182258 2.96484 2.136961 -2.292258 2.96484 2.136961 -2.182258 2.97484 2.136961 -2.292258 2.97484 2.137371 -2.174128 2.97484 2.137371 -2.190388 2.97484 2.137371 -2.284128 2.97484 2.137371 -2.300388 2.97484 2.137371 -2.174128 2.98784 2.137371 -2.190388 2.98784 2.137371 -2.284128 2.98784 2.137371 -2.300388 2.98784 2.137411 -1.140778 2.86984 2.137411 -1.149618 2.86984 2.137411 -1.400778 2.86984 2.137411 -1.409618 2.86984 2.137411 -1.140778 2.89484 2.137411 -1.149618 2.89484 2.137411 -1.400778 2.89484 2.137411 -1.409618 2.89484 2.137601 2.371992 0.02983997 2.137601 2.363492 0.02983997 2.137601 2.101992 0.02983997 2.137601 2.093492 0.02983997 2.137601 2.371992 0.03983997 2.137601 2.363492 0.03983997 2.137601 2.101992 0.03983997 2.137601 2.093492 0.03983997 2.138641 -1.140268 2.86984 2.138641 -1.150128 2.86984 2.138641 -1.400268 2.86984 2.138641 -1.410128 2.86984 2.138641 -1.140268 2.89484 2.138641 -1.150128 2.89484 2.138641 -1.400268 2.89484 2.138641 -1.410128 2.89484 2.138651 2.373432 0.02983997 2.138651 2.362052 0.02983997 2.138651 2.103432 0.02983997 2.138651 2.092052 0.02983997 2.138651 2.373432 0.03983997 2.138651 2.362052 0.03983997 2.138651 2.103432 0.03983997 2.138651 2.092052 0.03983997 2.138741 -2.175628 2.97484 2.138741 -2.188888 2.97484 2.138741 -2.285628 2.97484 2.138741 -2.298888 2.97484 2.138741 -2.175628 2.98784 2.138741 -2.188888 2.98784 2.138741 -2.285628 2.98784 2.138741 -2.298888 2.98784 2.139811 -2.177358 2.97484 2.139811 -2.187158 2.97484 2.139811 -2.287358 2.97484 2.139811 -2.297158 2.97484 2.139811 -2.177358 2.98784 2.139811 -2.187158 2.98784 2.139811 -2.287358 2.98784 2.139811 -2.297158 2.98784 2.139961 -1.140098 2.86984 2.139961 -1.150298 2.86984 2.139961 -1.400098 2.86984 2.139961 -1.410298 2.86984 2.139961 -1.140098 2.89484 2.139961 -1.150298 2.89484 2.139961 -1.400098 2.89484 2.139961 -1.410298 2.89484 2.139971 2.374622 0.02983997 2.139971 2.360862 0.02983997 2.139971 2.104622 0.02983997 2.139971 2.090862 0.02983997 2.139971 2.374622 0.03983997 2.139971 2.360862 0.03983997 2.139971 2.104622 0.03983997 2.139971 2.090862 0.03983997 2.140541 -2.179248 2.97484 2.140541 -2.185268 2.97484 2.140541 -2.289248 2.97484 2.140541 -2.295268 2.97484 2.140541 -2.179248 2.98784 2.140541 -2.185268 2.98784 2.140541 -2.289248 2.98784 2.140541 -2.295268 2.98784 2.140921 -2.181248 2.97484 2.140921 -2.183268 2.97484 2.140921 -2.291248 2.97484 2.140921 -2.293268 2.97484 2.140921 -2.181248 2.98784 2.140921 -2.183268 2.98784 2.140921 -2.291248 2.98784 2.140921 -2.293268 2.98784 2.141281 -1.140268 2.86984 2.141281 -1.150128 2.86984 2.141281 -1.400268 2.86984 2.141281 -1.410128 2.86984 2.141281 -1.140268 2.89484 2.141281 -1.150128 2.89484 2.141281 -1.400268 2.89484 2.141281 -1.410128 2.89484 2.141511 2.375512 0.02983997 2.141511 2.359972 0.02983997 2.141511 2.105512 0.02983997 2.141511 2.089972 0.02983997 2.141511 2.375512 0.03983997 2.141511 2.359972 0.03983997 2.141511 2.105512 0.03983997 2.141511 2.089972 0.03983997 2.142511 -1.140778 2.86984 2.142511 -1.149618 2.86984 2.142511 -1.400778 2.86984 2.142511 -1.409618 2.86984 2.142511 -1.140778 2.89484 2.142511 -1.149618 2.89484 2.142511 -1.400778 2.89484 2.142511 -1.409618 2.89484 2.142961 2.182742 2.88484 2.142961 2.182742 2.89484 2.143141 2.184302 2.88484 2.143141 2.181182 2.88484 2.143141 2.184302 2.89484 2.143141 2.181182 2.89484 2.143201 2.376052 0.02983997 2.143201 2.359432 0.02983997 2.143201 2.106052 0.02983997 2.143201 2.089432 0.02983997 2.143201 2.376052 0.03983997 2.143201 2.359432 0.03983997 2.143201 2.106052 0.03983997 2.143201 2.089432 0.03983997 2.143571 -1.141588 2.86984 2.143571 -1.148808 2.86984 2.143571 -1.401588 2.86984 2.143571 -1.408808 2.86984 2.143571 -1.141588 2.89484 2.143571 -1.148808 2.89484 2.143571 -1.401588 2.89484 2.143571 -1.408808 2.89484 2.143661 2.185782 2.88484 2.143661 2.179702 2.88484 2.143661 2.185782 2.89484 2.143661 2.179702 2.89484 2.144381 -1.142648 2.86984 2.144381 -1.147748 2.86984 2.144381 -1.402648 2.86984 2.144381 -1.407748 2.86984 2.144381 -1.142648 2.89484 2.144381 -1.147748 2.89484 2.144381 -1.402648 2.89484 2.144381 -1.407748 2.89484 2.144491 2.187102 2.88484 2.144491 2.178382 2.88484 2.144491 2.187102 2.89484 2.144491 2.178382 2.89484 2.144891 -1.143878 2.86984 2.144891 -1.146518 2.86984 2.144891 -1.403878 2.86984 2.144891 -1.406518 2.86984 2.144891 -1.143878 2.89484 2.144891 -1.146518 2.89484 2.144891 -1.403878 2.89484 2.144891 -1.406518 2.89484 2.144961 2.376242 0.02983997 2.144961 2.359242 0.02983997 2.144961 2.106242 0.02983997 2.144961 2.089242 0.02983997 2.144961 2.376242 0.03983997 2.144961 2.359242 0.03983997 2.144961 2.106242 0.03983997 2.144961 2.089242 0.03983997 2.145061 -1.145198 2.86984 2.145061 -1.405198 2.86984 2.145061 -1.145198 2.89484 2.145061 -1.405198 2.89484 2.145601 2.188212 2.88484 2.145601 2.177272 2.88484 2.145601 2.188212 2.89484 2.145601 2.177272 2.89484 2.146731 2.376052 0.02983997 2.146731 2.359432 0.02983997 2.146731 2.106052 0.02983997 2.146731 2.089432 0.02983997 2.146731 2.376052 0.03983997 2.146731 2.359432 0.03983997 2.146731 2.106052 0.03983997 2.146731 2.089432 0.03983997 2.146861 -1.161198 2.86984 2.146861 -1.161198 2.89484 2.146931 2.189052 2.88484 2.146931 2.176432 2.88484 2.146931 2.189052 2.89484 2.146931 2.176432 2.89484 2.147041 -1.159878 2.86984 2.147041 -1.162518 2.86984 2.147041 -1.159878 2.89484 2.147041 -1.162518 2.89484 2.147551 -1.158648 2.86984 2.147551 -1.163748 2.86984 2.147551 -1.158648 2.89484 2.147551 -1.163748 2.89484 2.148361 -1.157588 2.86984 2.148361 -1.164808 2.86984 2.148361 -1.157588 2.89484 2.148361 -1.164808 2.89484 2.148411 2.189562 2.88484 2.148411 2.175922 2.88484 2.148411 2.189562 2.89484 2.148411 2.175922 2.89484 2.148421 2.375512 0.02983997 2.148421 2.359972 0.02983997 2.148421 2.105512 0.02983997 2.148421 2.089972 0.02983997 2.148421 2.375512 0.03983997 2.148421 2.359972 0.03983997 2.148421 2.105512 0.03983997 2.148421 2.089972 0.03983997 2.149411 -1.156778 2.86984 2.149411 -1.165618 2.86984 2.149411 -1.156778 2.89484 2.149411 -1.165618 2.89484 2.149961 2.374622 0.02983997 2.149961 2.360862 0.02983997 2.149961 2.104622 0.02983997 2.149961 2.090862 0.02983997 2.149961 2.374622 0.03983997 2.149961 2.360862 0.03983997 2.149961 2.104622 0.03983997 2.149961 2.090862 0.03983997 2.149961 2.189742 2.88484 2.149961 2.175742 2.88484 2.149961 2.189742 2.89484 2.149961 2.175742 2.89484 2.150641 -1.156268 2.86984 2.150641 -1.166128 2.86984 2.150641 -1.156268 2.89484 2.150641 -1.166128 2.89484 2.151281 2.373432 0.02983997 2.151281 2.362052 0.02983997 2.151281 2.103432 0.02983997 2.151281 2.092052 0.02983997 2.151281 2.373432 0.03983997 2.151281 2.362052 0.03983997 2.151281 2.103432 0.03983997 2.151281 2.092052 0.03983997 2.151521 2.189562 2.88484 2.151521 2.175922 2.88484 2.151521 2.189562 2.89484 2.151521 2.175922 2.89484 2.151961 -1.156098 2.86984 2.151961 -1.166298 2.86984 2.151961 -1.156098 2.89484 2.151961 -1.166298 2.89484 2.152321 2.371992 0.02983997 2.152321 2.363492 0.02983997 2.152321 2.101992 0.02983997 2.152321 2.093492 0.02983997 2.152321 2.371992 0.03983997 2.152321 2.363492 0.03983997 2.152321 2.101992 0.03983997 2.152321 2.093492 0.03983997 2.153001 2.189052 2.88484 2.153001 2.176432 2.88484 2.153001 2.189052 2.89484 2.153001 2.176432 2.89484 2.153051 2.370372 0.02983997 2.153051 2.365112 0.02983997 2.153051 2.100372 0.02983997 2.153051 2.095112 0.02983997 2.153051 2.370372 0.03983997 2.153051 2.365112 0.03983997 2.153051 2.100372 0.03983997 2.153051 2.095112 0.03983997 2.153281 -1.156268 2.86984 2.153281 -1.166128 2.86984 2.153281 -1.156268 2.89484 2.153281 -1.166128 2.89484 2.153421 2.368632 0.02983997 2.153421 2.366852 0.02983997 2.153421 2.098632 0.02983997 2.153421 2.096852 0.02983997 2.153421 2.368632 0.03983997 2.153421 2.366852 0.03983997 2.153421 2.098632 0.03983997 2.153421 2.096852 0.03983997 2.153961 -2.137258 2.88984 2.153961 -2.147258 2.88984 2.153961 -2.137258 2.99984 2.153961 -2.147258 2.99984 2.153961 -2.137258 3.10984 2.153961 -2.147258 3.10984 2.154151 -2.137258 2.88781 2.154151 -2.147258 2.88781 2.154151 -2.137258 2.89186 2.154151 -2.147258 2.89186 2.154151 -2.137258 2.99781 2.154151 -2.147258 2.99781 2.154151 -2.137258 3.00186 2.154151 -2.147258 3.00186 2.154151 -2.137258 3.10781 2.154151 -2.147258 3.10781 2.154151 -2.137258 3.11186 2.154151 -2.147258 3.11186 2.154331 2.188212 2.88484 2.154331 2.177272 2.88484 2.154331 2.188212 2.89484 2.154331 2.177272 2.89484 2.154511 -1.156778 2.86984 2.154511 -1.165618 2.86984 2.154511 -1.156778 2.89484 2.154511 -1.165618 2.89484 2.154711 -2.137258 2.88586 2.154711 -2.147258 2.88586 2.154711 -2.137258 2.89381 2.154711 -2.147258 2.89381 2.154711 -2.137258 2.99586 2.154711 -2.147258 2.99586 2.154711 -2.137258 3.00381 2.154711 -2.147258 3.00381 2.154711 -2.137258 3.10586 2.154711 -2.147258 3.10586 2.154711 -2.137258 3.11381 2.154711 -2.147258 3.11381 2.155441 2.187102 2.88484 2.155441 2.178382 2.88484 2.155441 2.187102 2.89484 2.155441 2.178382 2.89484 2.155571 -1.157588 2.86984 2.155571 -1.164808 2.86984 2.155571 -1.157588 2.89484 2.155571 -1.164808 2.89484 2.155611 -2.137258 2.88404 2.155611 -2.147258 2.88404 2.155611 -2.137258 2.89563 2.155611 -2.147258 2.89563 2.155611 -2.137258 2.99404 2.155611 -2.147258 2.99404 2.155611 -2.137258 3.00563 2.155611 -2.147258 3.00563 2.155611 -2.137258 3.10404 2.155611 -2.147258 3.10404 2.155611 -2.137258 3.11563 2.155611 -2.147258 3.11563 2.156271 2.185782 2.88484 2.156271 2.179702 2.88484 2.156271 2.185782 2.89484 2.156271 2.179702 2.89484 2.156381 -1.158648 2.86984 2.156381 -1.163748 2.86984 2.156381 -1.158648 2.89484 2.156381 -1.163748 2.89484 2.156791 2.184302 2.88484 2.156791 2.181182 2.88484 2.156791 2.184302 2.89484 2.156791 2.181182 2.89484 2.156831 -2.137258 2.88243 2.156831 -2.147258 2.88243 2.156831 -2.137258 2.89725 2.156831 -2.147258 2.89725 2.156831 -2.137258 2.99243 2.156831 -2.147258 2.99243 2.156831 -2.137258 3.00725 2.156831 -2.147258 3.00725 2.156831 -2.137258 3.10243 2.156831 -2.147258 3.10243 2.156831 -2.137258 3.11725 2.156831 -2.147258 3.11725 2.156891 -1.159878 2.86984 2.156891 -1.162518 2.86984 2.156891 -1.159878 2.89484 2.156891 -1.162518 2.89484 2.156961 2.182742 2.88484 2.156961 2.182742 2.89484 2.157061 -1.161198 2.86984 2.157061 -1.161198 2.89484 2.157961 -2.147258 2.88984 2.157961 -2.157258 2.88984 2.157961 -2.232258 2.88984 2.157961 -2.242258 2.88984 2.157961 -2.147258 2.99984 2.157961 -2.157258 2.99984 2.157961 -2.232958 2.99984 2.157961 -2.241558 2.99984 2.157961 -2.147258 3.10984 2.157961 -2.157258 3.10984 2.157961 -2.232958 3.10984 2.157961 -2.241558 3.10984 2.158041 -2.233128 3.00088 2.158041 -2.241388 3.00088 2.158041 -2.233128 3.10879 2.158041 -2.241388 3.10879 2.158051 -2.232688 2.99874 2.158051 -2.241828 2.99874 2.158131 -2.232558 3.11136 2.158131 -2.241958 3.11136 2.158141 -2.147258 2.88828 2.158141 -2.157258 2.88828 2.158141 -2.232258 2.88828 2.158141 -2.242258 2.88828 2.158141 -2.147258 2.89139 2.158141 -2.157258 2.89139 2.158141 -2.232258 2.89139 2.158141 -2.242258 2.89139 2.158141 -2.147258 2.99828 2.158141 -2.157258 2.99828 2.158141 -2.147258 3.00139 2.158141 -2.157258 3.00139 2.158141 -2.147258 3.10828 2.158141 -2.157258 3.10828 2.158141 -2.147258 3.11139 2.158141 -2.157258 3.11139 2.158271 -2.233228 3.00189 2.158271 -2.241288 3.00189 2.158271 -2.233228 3.10778 2.158271 -2.241288 3.10778 2.158291 -2.232358 2.99772 2.158291 -2.242158 2.99772 2.158331 -2.137258 2.88106 2.158331 -2.147258 2.88106 2.158331 -2.137258 2.89861 2.158331 -2.147258 2.89861 2.158331 -2.137258 2.99106 2.158331 -2.147258 2.99106 2.158331 -2.137258 3.00861 2.158331 -2.147258 3.00861 2.158331 -2.137258 3.10106 2.158331 -2.147258 3.10106 2.158331 -2.137258 3.11861 2.158331 -2.147258 3.11861 2.158581 -2.232058 3.11271 2.158581 -2.242458 3.11271 2.158641 -2.233258 3.00284 2.158641 -2.241258 3.00284 2.158641 -2.233258 3.10684 2.158641 -2.241258 3.10684 2.158661 -2.147258 2.8868 2.158661 -2.157258 2.8868 2.158661 -2.232258 2.8868 2.158661 -2.242258 2.8868 2.158661 -2.147258 2.89287 2.158661 -2.157258 2.89287 2.158661 -2.232258 2.89287 2.158661 -2.242258 2.89287 2.158661 -2.147258 2.9968 2.158661 -2.157258 2.9968 2.158661 -2.147258 3.00287 2.158661 -2.157258 3.00287 2.158661 -2.147258 3.1068 2.158661 -2.157258 3.1068 2.158661 -2.147258 3.11287 2.158661 -2.157258 3.11287 2.158831 -2.231838 2.99646 2.158831 -2.242678 2.99646 2.159221 -2.231518 3.11385 2.159221 -2.242998 3.11385 2.159471 -2.233258 3.00417 2.159471 -2.241258 3.00417 2.159471 -2.233258 3.1055 2.159471 -2.241258 3.1055 2.159491 -2.147258 2.88547 2.159491 -2.157258 2.88547 2.159491 -2.232258 2.88547 2.159491 -2.242258 2.88547 2.159491 -2.147258 2.8942 2.159491 -2.157258 2.8942 2.159491 -2.232258 2.8942 2.159491 -2.242258 2.8942 2.159491 -2.147258 2.99547 2.159491 -2.157258 2.99547 2.159491 -2.147258 3.0042 2.159491 -2.157258 3.0042 2.159491 -2.147258 3.10547 2.159491 -2.157258 3.10547 2.159491 -2.147258 3.1142 2.159491 -2.157258 3.1142 2.159541 -2.231288 2.99541 2.159541 -2.243228 2.99541 2.159961 2.292742 2.88484 2.159961 2.072742 2.88484 2.159961 2.292742 2.89484 2.159961 2.072742 2.89484 2.160011 -2.230978 3.11479 2.160011 -2.243538 3.11479 2.160061 -2.137258 2.87999 2.160061 -2.147258 2.87999 2.160061 -2.137258 2.89968 2.160061 -2.147258 2.89968 2.160061 -2.137258 2.98999 2.160061 -2.147258 2.98999 2.160061 -2.137258 3.00968 2.160061 -2.147258 3.00968 2.160061 -2.137258 3.09999 2.160061 -2.147258 3.09999 2.160061 -2.137258 3.11968 2.160061 -2.147258 3.11968 2.160151 2.294692 2.88484 2.160151 2.290792 2.88484 2.160151 2.074692 2.88484 2.160151 2.070792 2.88484 2.160151 2.294692 2.89484 2.160151 2.290792 2.89484 2.160151 2.074692 2.89484 2.160151 2.070792 2.89484 2.160381 -2.230758 2.99455 2.160381 -2.243758 2.99455 2.160581 -2.233258 3.00529 2.160581 -2.241258 3.00529 2.160581 -2.233258 3.10438 2.160581 -2.241258 3.10438 2.160601 -2.147258 2.88436 2.160601 -2.157258 2.88436 2.160601 -2.232258 2.88436 2.160601 -2.242258 2.88436 2.160601 -2.147258 2.89531 2.160601 -2.157258 2.89531 2.160601 -2.232258 2.89531 2.160601 -2.242258 2.89531 2.160601 -2.147258 2.99436 2.160601 -2.157258 2.99436 2.160601 -2.147258 3.00531 2.160601 -2.157258 3.00531 2.160601 -2.147258 3.10436 2.160601 -2.157258 3.10436 2.160601 -2.147258 3.11531 2.160601 -2.157258 3.11531 2.160721 2.296572 2.88484 2.160721 2.288912 2.88484 2.160721 2.076572 2.88484 2.160721 2.068912 2.88484 2.160721 2.296572 2.89484 2.160721 2.288912 2.89484 2.160721 2.076572 2.89484 2.160721 2.068912 2.89484 2.160921 -2.230468 3.11555 2.160921 -2.244048 3.11555 2.161321 -2.230278 2.99386 2.161321 -2.244238 2.99386 2.161651 2.298302 2.88484 2.161651 2.287182 2.88484 2.161651 2.078302 2.88484 2.161651 2.067182 2.88484 2.161651 2.298302 2.89484 2.161651 2.287182 2.89484 2.161651 2.078302 2.89484 2.161651 2.067182 2.89484 2.161911 -2.233258 3.00614 2.161911 -2.241258 3.00614 2.161911 -2.233258 3.10354 2.161911 -2.241258 3.10354 2.161921 -2.230028 3.11614 2.161921 -2.244488 3.11614 2.161931 -2.147258 2.88353 2.161931 -2.157258 2.88353 2.161931 -2.232258 2.88353 2.161931 -2.242258 2.88353 2.161931 -2.147258 2.89614 2.161931 -2.157258 2.89614 2.161931 -2.232258 2.89614 2.161931 -2.242258 2.89614 2.161931 -2.147258 2.99353 2.161931 -2.157258 2.99353 2.161931 -2.147258 3.00614 2.161931 -2.157258 3.00614 2.161931 -2.147258 3.10353 2.161931 -2.157258 3.10353 2.161931 -2.147258 3.11614 2.161931 -2.157258 3.11614 2.161951 -2.137258 2.87926 2.161951 -2.147258 2.87926 2.161951 -2.137258 2.90042 2.161951 -2.147258 2.90042 2.161951 -2.137258 2.98926 2.161951 -2.147258 2.98926 2.161951 -2.137258 3.01042 2.161951 -2.147258 3.01042 2.161951 -2.137258 3.09926 2.161951 -2.147258 3.09926 2.161951 -2.137258 3.12042 2.161951 -2.147258 3.12042 2.162351 -2.229868 2.99334 2.162351 -2.244648 2.99334 2.162891 2.299812 2.88484 2.162891 2.285672 2.88484 2.162891 2.079812 2.88484 2.162891 2.065672 2.88484 2.162891 2.299812 2.89484 2.162891 2.285672 2.89484 2.162891 2.079812 2.89484 2.162891 2.065672 2.89484 2.162961 2.292742 2.87484 2.162961 2.072742 2.87484 2.162961 2.292742 2.88484 2.162961 2.072742 2.88484 2.163001 -2.229688 3.11655 2.163001 -2.244828 3.11655 2.163141 2.294302 2.87484 2.163141 2.291182 2.87484 2.163141 2.074302 2.87484 2.163141 2.071182 2.87484 2.163141 2.294302 2.88484 2.163141 2.291182 2.88484 2.163141 2.074302 2.88484 2.163141 2.071182 2.88484 2.163401 -2.233258 3.00666 2.163401 -2.241258 3.00666 2.163401 -2.233258 3.10301 2.163401 -2.241258 3.10301 2.163411 -2.147258 2.88301 2.163411 -2.157258 2.88301 2.163411 -2.232258 2.88301 2.163411 -2.242258 2.88301 2.163411 -2.147258 2.89666 2.163411 -2.157258 2.89666 2.163411 -2.232258 2.89666 2.163411 -2.242258 2.89666 2.163411 -2.147258 2.99301 2.163411 -2.157258 2.99301 2.163411 -2.147258 3.00666 2.163411 -2.157258 3.00666 2.163411 -2.147258 3.10301 2.163411 -2.157258 3.10301 2.163411 -2.147258 3.11666 2.163411 -2.157258 3.11666 2.163461 -2.229578 2.993 2.163461 -2.244938 2.993 2.163661 2.295782 2.87484 2.163661 2.289702 2.87484 2.163661 2.075782 2.87484 2.163661 2.069702 2.87484 2.163661 2.295782 2.88484 2.163661 2.289702 2.88484 2.163661 2.075782 2.88484 2.163661 2.069702 2.88484 2.163951 -2.137258 2.87888 2.163951 -2.147258 2.87888 2.163951 -2.137258 2.90079 2.163951 -2.147258 2.90079 2.163951 -2.137258 2.98888 2.163951 -2.147258 2.98888 2.163951 -2.137258 3.01079 2.163951 -2.147258 3.01079 2.163951 -2.137258 3.09888 2.163951 -2.147258 3.09888 2.163951 -2.137258 3.12079 2.163951 -2.147258 3.12079 2.164141 -2.229478 3.11679 2.164141 -2.245038 3.11679 2.164411 2.301052 2.88484 2.164411 2.284432 2.88484 2.164411 2.081052 2.88484 2.164411 2.064432 2.88484 2.164411 2.301052 2.89484 2.164411 2.284432 2.89484 2.164411 2.081052 2.89484 2.164411 2.064432 2.89484 2.164491 2.297102 2.87484 2.164491 2.288382 2.87484 2.164491 2.077102 2.87484 2.164491 2.068382 2.87484 2.164491 2.297102 2.88484 2.164491 2.288382 2.88484 2.164491 2.077102 2.88484 2.164491 2.068382 2.88484 2.164621 -2.229448 2.99284 2.164621 -2.245068 2.99284 2.164961 -2.147258 2.88284 2.164961 -2.157258 2.88284 2.164961 -2.232258 2.88284 2.164961 -2.242258 2.88284 2.164961 -2.147258 2.89684 2.164961 -2.157258 2.89684 2.164961 -2.232258 2.89684 2.164961 -2.242258 2.89684 2.164961 -2.147258 2.99284 2.164961 -2.157258 2.99284 2.164961 -2.147258 3.00684 2.164961 -2.157258 3.00684 2.164961 -2.233258 3.00684 2.164961 -2.241258 3.00684 2.164961 -2.147258 3.10284 2.164961 -2.157258 3.10284 2.164961 -2.233258 3.10284 2.164961 -2.241258 3.10284 2.164961 -2.147258 3.11684 2.164961 -2.157258 3.11684 2.165311 -2.229448 3.11683 2.165311 -2.245068 3.11683 2.165601 2.298212 2.87484 2.165601 2.287272 2.87484 2.165601 2.078212 2.87484 2.165601 2.067272 2.87484 2.165601 2.298212 2.88484 2.165601 2.287272 2.88484 2.165601 2.078212 2.88484 2.165601 2.067272 2.88484 2.165791 -2.229478 2.99288 2.165791 -2.245038 2.99288 2.165981 -2.137258 2.87888 2.165981 -2.147258 2.87888 2.165981 -2.137258 2.90079 2.165981 -2.147258 2.90079 2.165981 -2.137258 2.98888 2.165981 -2.147258 2.98888 2.165981 -2.137258 3.01079 2.165981 -2.147258 3.01079 2.165981 -2.137258 3.09888 2.165981 -2.147258 3.09888 2.165981 -2.137258 3.12079 2.165981 -2.147258 3.12079 2.166141 2.301982 2.88484 2.166141 2.283502 2.88484 2.166141 2.081982 2.88484 2.166141 2.063502 2.88484 2.166141 2.301982 2.89484 2.166141 2.283502 2.89484 2.166141 2.081982 2.89484 2.166141 2.063502 2.89484 2.166461 -2.229578 3.11667 2.166461 -2.244938 3.11667 2.166521 -2.147258 2.88301 2.166521 -2.157258 2.88301 2.166521 -2.232258 2.88301 2.166521 -2.242258 2.88301 2.166521 -2.147258 2.89666 2.166521 -2.157258 2.89666 2.166521 -2.232258 2.89666 2.166521 -2.242258 2.89666 2.166521 -2.147258 2.99301 2.166521 -2.157258 2.99301 2.166521 -2.147258 3.00666 2.166521 -2.157258 3.00666 2.166521 -2.147258 3.10301 2.166521 -2.157258 3.10301 2.166521 -2.147258 3.11666 2.166521 -2.157258 3.11666 2.166531 -2.233258 3.00666 2.166531 -2.241258 3.00666 2.166531 -2.233258 3.10301 2.166531 -2.241258 3.10301 2.166931 2.299052 2.87484 2.166931 2.286432 2.87484 2.166931 2.079052 2.87484 2.166931 2.066432 2.87484 2.166931 2.299052 2.88484 2.166931 2.286432 2.88484 2.166931 2.079052 2.88484 2.166931 2.066432 2.88484 2.166931 -2.229688 2.99312 2.166931 -2.244828 2.99312 2.167571 -2.229868 3.11633 2.167571 -2.244648 3.11633 2.167971 -2.137258 2.87926 2.167971 -2.147258 2.87926 2.167971 -2.137258 2.90042 2.167971 -2.147258 2.90042 2.167971 -2.137258 2.98926 2.167971 -2.147258 2.98926 2.167971 -2.137258 3.01042 2.167971 -2.147258 3.01042 2.167971 -2.137258 3.09926 2.167971 -2.147258 3.09926 2.167971 -2.137258 3.12042 2.167971 -2.147258 3.12042 2.168001 -2.147258 2.88353 2.168001 -2.157258 2.88353 2.168001 -2.232258 2.88353 2.168001 -2.242258 2.88353 2.168001 -2.147258 2.89614 2.168001 -2.157258 2.89614 2.168001 -2.232258 2.89614 2.168001 -2.242258 2.89614 2.168001 -2.147258 2.99353 2.168001 -2.157258 2.99353 2.168001 -2.147258 3.00614 2.168001 -2.157258 3.00614 2.168001 -2.147258 3.10353 2.168001 -2.157258 3.10353 2.168001 -2.147258 3.11614 2.168001 -2.157258 3.11614 2.168011 2.302552 2.88484 2.168011 2.282932 2.88484 2.168011 2.082552 2.88484 2.168011 2.062932 2.88484 2.168011 2.302552 2.89484 2.168011 2.282932 2.89484 2.168011 2.082552 2.89484 2.168011 2.062932 2.89484 2.168011 -2.230028 2.99353 2.168011 -2.244488 2.99353 2.168011 -2.233258 3.00614 2.168011 -2.241258 3.00614 2.168011 -2.233258 3.10354 2.168011 -2.241258 3.10354 2.168411 2.299562 2.87484 2.168411 2.285922 2.87484 2.168411 2.079562 2.87484 2.168411 2.065922 2.87484 2.168411 2.299562 2.88484 2.168411 2.285922 2.88484 2.168411 2.079562 2.88484 2.168411 2.065922 2.88484 2.168601 -2.230278 3.11581 2.168601 -2.244238 3.11581 2.169011 -2.230468 2.99412 2.169011 -2.244048 2.99412 2.169331 -2.147258 2.88436 2.169331 -2.157258 2.88436 2.169331 -2.232258 2.88436 2.169331 -2.242258 2.88436 2.169331 -2.147258 2.89531 2.169331 -2.157258 2.89531 2.169331 -2.232258 2.89531 2.169331 -2.242258 2.89531 2.169331 -2.147258 2.99436 2.169331 -2.157258 2.99436 2.169331 -2.147258 3.00531 2.169331 -2.157258 3.00531 2.169331 -2.147258 3.10436 2.169331 -2.157258 3.10436 2.169331 -2.147258 3.11531 2.169331 -2.157258 3.11531 2.169351 -2.233258 3.00529 2.169351 -2.241258 3.00529 2.169351 -2.233258 3.10438 2.169351 -2.241258 3.10438 2.169551 -2.230758 3.11512 2.169551 -2.243758 3.11512 2.169871 -2.137258 2.87999 2.169871 -2.147258 2.87999 2.169871 -2.137258 2.89968 2.169871 -2.147258 2.89968 2.169871 -2.137258 2.98999 2.169871 -2.147258 2.98999 2.169871 -2.137258 3.00968 2.169871 -2.147258 3.00968 2.169871 -2.137258 3.09999 2.169871 -2.147258 3.09999 2.169871 -2.137258 3.11968 2.169871 -2.147258 3.11968 2.169911 -2.230978 2.99488 2.169911 -2.243538 2.99488 2.169961 2.299742 2.87484 2.169961 2.285742 2.87484 2.169961 2.079742 2.87484 2.169961 2.065742 2.87484 2.169961 2.302742 2.88484 2.169961 2.299742 2.88484 2.169961 2.285742 2.88484 2.169961 2.282742 2.88484 2.169961 2.082742 2.88484 2.169961 2.079742 2.88484 2.169961 2.065742 2.88484 2.169961 2.062742 2.88484 2.169961 2.302742 2.89484 2.169961 2.282742 2.89484 2.169961 2.082742 2.89484 2.169961 2.062742 2.89484 2.170391 -2.231288 3.11426 2.170391 -2.243228 3.11426 2.170441 -2.147258 2.88547 2.170441 -2.157258 2.88547 2.170441 -2.232258 2.88547 2.170441 -2.242258 2.88547 2.170441 -2.147258 2.8942 2.170441 -2.157258 2.8942 2.170441 -2.232258 2.8942 2.170441 -2.242258 2.8942 2.170441 -2.147258 2.99547 2.170441 -2.157258 2.99547 2.170441 -2.147258 3.0042 2.170441 -2.157258 3.0042 2.170441 -2.147258 3.10547 2.170441 -2.157258 3.10547 2.170441 -2.147258 3.1142 2.170441 -2.157258 3.1142 2.170461 -2.233258 3.00417 2.170461 -2.241258 3.00417 2.170461 -2.233258 3.1055 2.170461 -2.241258 3.1055 2.170701 -2.231518 2.99583 2.170701 -2.242998 2.99583 2.171101 -2.231838 3.11321 2.171101 -2.242678 3.11321 2.171271 -2.147258 2.8868 2.171271 -2.157258 2.8868 2.171271 -2.232258 2.8868 2.171271 -2.242258 2.8868 2.171271 -2.147258 2.89287 2.171271 -2.157258 2.89287 2.171271 -2.232258 2.89287 2.171271 -2.242258 2.89287 2.171271 -2.147258 2.9968 2.171271 -2.157258 2.9968 2.171271 -2.147258 3.00287 2.171271 -2.157258 3.00287 2.171271 -2.147258 3.1068 2.171271 -2.157258 3.1068 2.171271 -2.147258 3.11287 2.171271 -2.157258 3.11287 2.171291 -2.233258 3.00284 2.171291 -2.241258 3.00284 2.171291 -2.233258 3.10684 2.171291 -2.241258 3.10684 2.171351 -2.232058 2.99696 2.171351 -2.242458 2.99696 2.171521 2.299562 2.87484 2.171521 2.285922 2.87484 2.171521 2.079562 2.87484 2.171521 2.065922 2.87484 2.171521 2.299562 2.88484 2.171521 2.285922 2.88484 2.171521 2.079562 2.88484 2.171521 2.065922 2.88484 2.171591 -2.137258 2.88106 2.171591 -2.147258 2.88106 2.171591 -2.137258 2.89861 2.171591 -2.147258 2.89861 2.171591 -2.137258 2.99106 2.171591 -2.147258 2.99106 2.171591 -2.137258 3.00861 2.171591 -2.147258 3.00861 2.171591 -2.137258 3.10106 2.171591 -2.147258 3.10106 2.171591 -2.137258 3.11861 2.171591 -2.147258 3.11861 2.171641 -2.232358 3.11195 2.171641 -2.242158 3.11195 2.171651 -2.233228 3.00189 2.171651 -2.241288 3.00189 2.171651 -2.233228 3.10778 2.171651 -2.241288 3.10778 2.171791 -2.147258 2.88828 2.171791 -2.157258 2.88828 2.171791 -2.232258 2.88828 2.171791 -2.242258 2.88828 2.171791 -2.147258 2.89139 2.171791 -2.157258 2.89139 2.171791 -2.232258 2.89139 2.171791 -2.242258 2.89139 2.171791 -2.147258 2.99828 2.171791 -2.157258 2.99828 2.171791 -2.232558 2.99831 2.171791 -2.241958 2.99831 2.171791 -2.147258 3.00139 2.171791 -2.157258 3.00139 2.171791 -2.147258 3.10828 2.171791 -2.157258 3.10828 2.171791 -2.147258 3.11139 2.171791 -2.157258 3.11139 2.171881 -2.233128 3.00088 2.171881 -2.241388 3.00088 2.171881 -2.233128 3.10879 2.171881 -2.241388 3.10879 2.171881 -2.232688 3.11093 2.171881 -2.241828 3.11093 2.171911 2.302552 2.88484 2.171911 2.282932 2.88484 2.171911 2.082552 2.88484 2.171911 2.062932 2.88484 2.171911 2.302552 2.89484 2.171911 2.282932 2.89484 2.171911 2.082552 2.89484 2.171911 2.062932 2.89484 2.171961 -2.147258 2.88984 2.171961 -2.157258 2.88984 2.171961 -2.232258 2.88984 2.171961 -2.242258 2.88984 2.171961 -2.147258 2.99984 2.171961 -2.157258 2.99984 2.171961 -2.232958 2.99984 2.171961 -2.241558 2.99984 2.171961 -2.147258 3.10984 2.171961 -2.157258 3.10984 2.171961 -2.232958 3.10984 2.171961 -2.241558 3.10984 2.173001 2.299052 2.87484 2.173001 2.286432 2.87484 2.173001 2.079052 2.87484 2.173001 2.066432 2.87484 2.173001 2.299052 2.88484 2.173001 2.286432 2.88484 2.173001 2.079052 2.88484 2.173001 2.066432 2.88484 2.173091 -2.137258 2.88243 2.173091 -2.147258 2.88243 2.173091 -2.137258 2.89725 2.173091 -2.147258 2.89725 2.173091 -2.137258 2.99243 2.173091 -2.147258 2.99243 2.173091 -2.137258 3.00725 2.173091 -2.147258 3.00725 2.173091 -2.137258 3.10243 2.173091 -2.147258 3.10243 2.173091 -2.137258 3.11725 2.173091 -2.147258 3.11725 2.173791 2.301982 2.88484 2.173791 2.283502 2.88484 2.173791 2.081982 2.88484 2.173791 2.063502 2.88484 2.173791 2.301982 2.89484 2.173791 2.283502 2.89484 2.173791 2.081982 2.89484 2.173791 2.063502 2.89484 2.174321 -2.137258 2.88404 2.174321 -2.147258 2.88404 2.174321 -2.137258 2.89563 2.174321 -2.147258 2.89563 2.174321 -2.137258 2.99404 2.174321 -2.147258 2.99404 2.174321 -2.137258 3.00563 2.174321 -2.147258 3.00563 2.174321 -2.137258 3.10404 2.174321 -2.147258 3.10404 2.174321 -2.137258 3.11563 2.174321 -2.147258 3.11563 2.174331 2.298212 2.87484 2.174331 2.287272 2.87484 2.174331 2.078212 2.87484 2.174331 2.067272 2.87484 2.174331 2.298212 2.88484 2.174331 2.287272 2.88484 2.174331 2.078212 2.88484 2.174331 2.067272 2.88484 2.174961 2.302742 0.03983997 2.174961 2.292742 0.03983997 2.174961 2.172742 0.03983997 2.174961 2.162742 0.03983997 2.174961 2.302742 0.04983997 2.174961 2.292742 0.04983997 2.174961 2.172742 0.04983997 2.174961 2.162742 0.04983997 2.174961 -2.137258 2.86484 2.174961 -2.157258 2.86484 2.174961 -1.112698 2.86984 2.174961 -1.462698 2.86984 2.174961 -1.112698 2.89484 2.174961 -1.462698 2.89484 2.174961 -2.137258 3.13484 2.174961 -2.157258 3.13484 2.175221 -2.137258 2.88586 2.175221 -2.147258 2.88586 2.175221 -2.137258 2.89381 2.175221 -2.147258 2.89381 2.175221 -2.137258 2.99586 2.175221 -2.147258 2.99586 2.175221 -2.137258 3.00381 2.175221 -2.147258 3.00381 2.175221 -2.137258 3.10586 2.175221 -2.147258 3.10586 2.175221 -2.137258 3.11381 2.175221 -2.147258 3.11381 2.175441 2.297102 2.87484 2.175441 2.288382 2.87484 2.175441 2.077102 2.87484 2.175441 2.068382 2.87484 2.175441 2.297102 2.88484 2.175441 2.288382 2.88484 2.175441 2.077102 2.88484 2.175441 2.068382 2.88484 2.175521 2.301052 2.88484 2.175521 2.284432 2.88484 2.175521 2.081052 2.88484 2.175521 2.064432 2.88484 2.175521 2.301052 2.89484 2.175521 2.284432 2.89484 2.175521 2.081052 2.89484 2.175521 2.064432 2.89484 2.175781 -2.137258 2.88781 2.175781 -2.147258 2.88781 2.175781 -2.137258 2.89186 2.175781 -2.147258 2.89186 2.175781 -2.137258 2.99781 2.175781 -2.147258 2.99781 2.175781 -2.137258 3.00186 2.175781 -2.147258 3.00186 2.175781 -2.137258 3.10781 2.175781 -2.147258 3.10781 2.175781 -2.137258 3.11186 2.175781 -2.147258 3.11186 2.175961 -2.137258 2.88984 2.175961 -2.147258 2.88984 2.175961 -2.137258 2.99984 2.175961 -2.147258 2.99984 2.175961 -2.137258 3.10984 2.175961 -2.147258 3.10984 2.176271 2.295782 2.87484 2.176271 2.289702 2.87484 2.176271 2.075782 2.87484 2.176271 2.069702 2.87484 2.176271 2.295782 2.88484 2.176271 2.289702 2.88484 2.176271 2.075782 2.88484 2.176271 2.069702 2.88484 2.176791 2.294302 2.87484 2.176791 2.291182 2.87484 2.176791 2.074302 2.87484 2.176791 2.071182 2.87484 2.176791 2.294302 2.88484 2.176791 2.291182 2.88484 2.176791 2.074302 2.88484 2.176791 2.071182 2.88484 2.176911 -1.112888 2.86984 2.176911 -1.462508 2.86984 2.176911 -1.112888 2.89484 2.176911 -1.462508 2.89484 2.176961 2.292742 2.87484 2.176961 2.072742 2.87484 2.176961 2.292742 2.88484 2.176961 2.072742 2.88484 2.177031 2.299812 2.88484 2.177031 2.285672 2.88484 2.177031 2.079812 2.88484 2.177031 2.065672 2.88484 2.177031 2.299812 2.89484 2.177031 2.285672 2.89484 2.177031 2.079812 2.89484 2.177031 2.065672 2.89484 2.178281 2.298302 2.88484 2.178281 2.287182 2.88484 2.178281 2.078302 2.88484 2.178281 2.067182 2.88484 2.178281 2.298302 2.89484 2.178281 2.287182 2.89484 2.178281 2.078302 2.89484 2.178281 2.067182 2.89484 2.178791 -1.113458 2.86984 2.178791 -1.461938 2.86984 2.178791 -1.113458 2.89484 2.178791 -1.461938 2.89484 2.179201 2.296572 2.88484 2.179201 2.288912 2.88484 2.179201 2.076572 2.88484 2.179201 2.068912 2.88484 2.179201 2.296572 2.89484 2.179201 2.288912 2.89484 2.179201 2.076572 2.89484 2.179201 2.068912 2.89484 2.179771 2.294692 2.88484 2.179771 2.290792 2.88484 2.179771 2.074692 2.88484 2.179771 2.070792 2.88484 2.179771 2.294692 2.89484 2.179771 2.290792 2.89484 2.179771 2.074692 2.89484 2.179771 2.070792 2.89484 2.179961 2.317742 2.87484 2.179961 2.047742 2.87484 2.179961 2.292742 2.88484 2.179961 2.072742 2.88484 2.179961 2.317742 2.89484 2.179961 2.292742 2.89484 2.179961 2.072742 2.89484 2.179961 2.047742 2.89484 2.180521 -1.114388 2.86984 2.180521 -1.461008 2.86984 2.180521 -1.114388 2.89484 2.180521 -1.461008 2.89484 2.182031 -1.115628 2.86984 2.182031 -1.459768 2.86984 2.182031 -1.115628 2.89484 2.182031 -1.459768 2.89484 2.183281 -1.117138 2.86984 2.183281 -1.458258 2.86984 2.183281 -1.117138 2.89484 2.183281 -1.458258 2.89484 2.184201 -1.118868 2.86984 2.184201 -1.456528 2.86984 2.184201 -1.118868 2.89484 2.184201 -1.456528 2.89484 2.184601 -1.120198 2.89484 2.184771 -1.120748 2.86984 2.184771 -1.454648 2.86984 2.184771 -1.120748 2.89484 2.184771 -1.454648 2.89484 2.184961 2.407742 0.02983997 2.184961 2.057742 0.02983997 2.184961 2.407742 0.03983997 2.184961 2.057742 0.03983997 2.184961 -1.122698 2.86984 2.184961 -1.452698 2.86984 2.184961 -1.120198 2.89484 2.184961 -1.122698 2.89484 2.184961 -1.135198 2.89484 2.184961 -1.272698 2.89484 2.184961 -1.287698 2.89484 2.184961 -1.425198 2.89484 2.184961 -1.440198 2.89484 2.184961 -1.452698 2.89484 2.187961 -2.157258 3.12184 2.189961 -2.137258 2.87984 2.189961 -2.157258 2.87984 2.189961 -2.157258 2.96484 2.189961 -2.157258 2.98784 2.189961 -2.137258 3.11984 2.189961 -2.157258 3.11984 2.194961 2.302742 2.87484 2.194961 2.062742 2.87484 2.194961 2.302742 2.89484 2.194961 2.062742 2.89484 2.222961 -2.092258 0.02983997 2.222961 -2.382258 0.02983997 2.222961 -2.092258 0.03983997 2.222961 -2.382258 0.03983997 2.223141 -2.090698 0.02983997 2.223141 -2.093818 0.02983997 2.223141 -2.380698 0.02983997 2.223141 -2.383818 0.02983997 2.223141 -2.090698 0.03983997 2.223141 -2.093818 0.03983997 2.223141 -2.380698 0.03983997 2.223141 -2.383818 0.03983997 2.223661 -2.089218 0.02983997 2.223661 -2.095298 0.02983997 2.223661 -2.379218 0.02983997 2.223661 -2.385298 0.02983997 2.223661 -2.089218 0.03983997 2.223661 -2.095298 0.03983997 2.223661 -2.379218 0.03983997 2.223661 -2.385298 0.03983997 2.224491 -2.087898 0.02983997 2.224491 -2.096618 0.02983997 2.224491 -2.377898 0.02983997 2.224491 -2.386618 0.02983997 2.224491 -2.087898 0.03983997 2.224491 -2.096618 0.03983997 2.224491 -2.377898 0.03983997 2.224491 -2.386618 0.03983997 2.225601 -2.086788 0.02983997 2.225601 -2.097728 0.02983997 2.225601 -2.376788 0.02983997 2.225601 -2.387728 0.02983997 2.225601 -2.086788 0.03983997 2.225601 -2.097728 0.03983997 2.225601 -2.376788 0.03983997 2.225601 -2.387728 0.03983997 2.226931 -2.085948 0.02983997 2.226931 -2.098568 0.02983997 2.226931 -2.375948 0.02983997 2.226931 -2.388568 0.02983997 2.226931 -2.085948 0.03983997 2.226931 -2.098568 0.03983997 2.226931 -2.375948 0.03983997 2.226931 -2.388568 0.03983997 2.228411 -2.085438 0.02983997 2.228411 -2.099078 0.02983997 2.228411 -2.375438 0.02983997 2.228411 -2.389078 0.02983997 2.228411 -2.085438 0.03983997 2.228411 -2.099078 0.03983997 2.228411 -2.375438 0.03983997 2.228411 -2.389078 0.03983997 2.229961 -2.085258 0.02983997 2.229961 -2.099258 0.02983997 2.229961 -2.375258 0.02983997 2.229961 -2.389258 0.02983997 2.229961 -2.085258 0.03983997 2.229961 -2.099258 0.03983997 2.229961 -2.375258 0.03983997 2.229961 -2.389258 0.03983997 2.231521 -2.085438 0.02983997 2.231521 -2.099078 0.02983997 2.231521 -2.375438 0.02983997 2.231521 -2.389078 0.02983997 2.231521 -2.085438 0.03983997 2.231521 -2.099078 0.03983997 2.231521 -2.375438 0.03983997 2.231521 -2.389078 0.03983997 2.233001 -2.085948 0.02983997 2.233001 -2.098568 0.02983997 2.233001 -2.375948 0.02983997 2.233001 -2.388568 0.02983997 2.233001 -2.085948 0.03983997 2.233001 -2.098568 0.03983997 2.233001 -2.375948 0.03983997 2.233001 -2.388568 0.03983997 2.234331 -2.086788 0.02983997 2.234331 -2.097728 0.02983997 2.234331 -2.376788 0.02983997 2.234331 -2.387728 0.02983997 2.234331 -2.086788 0.03983997 2.234331 -2.097728 0.03983997 2.234331 -2.376788 0.03983997 2.234331 -2.387728 0.03983997 2.235441 -2.087898 0.02983997 2.235441 -2.096618 0.02983997 2.235441 -2.377898 0.02983997 2.235441 -2.386618 0.02983997 2.235441 -2.087898 0.03983997 2.235441 -2.096618 0.03983997 2.235441 -2.377898 0.03983997 2.235441 -2.386618 0.03983997 2.236271 -2.089218 0.02983997 2.236271 -2.095298 0.02983997 2.236271 -2.379218 0.02983997 2.236271 -2.385298 0.02983997 2.236271 -2.089218 0.03983997 2.236271 -2.095298 0.03983997 2.236271 -2.379218 0.03983997 2.236271 -2.385298 0.03983997 2.236791 -2.090698 0.02983997 2.236791 -2.093818 0.02983997 2.236791 -2.380698 0.02983997 2.236791 -2.383818 0.02983997 2.236791 -2.090698 0.03983997 2.236791 -2.093818 0.03983997 2.236791 -2.380698 0.03983997 2.236791 -2.383818 0.03983997 2.236961 -2.092258 0.02983997 2.236961 -2.382258 0.02983997 2.236961 -2.092258 0.03983997 2.236961 -2.382258 0.03983997 2.259961 -2.062258 0.02983997 2.259961 -2.412258 0.02983997 2.259961 -2.062258 0.03983997 2.259961 -2.412258 0.03983997 2.289961 -2.232258 2.94984 2.289961 -2.242258 2.94984 2.289961 -2.232258 2.96484 2.289961 -2.242258 2.96484 2.299011 -2.181248 2.97484 2.299011 -2.183268 2.97484 2.299011 -2.291248 2.97484 2.299011 -2.293268 2.97484 2.299011 -2.181248 2.98784 2.299011 -2.183268 2.98784 2.299011 -2.291248 2.98784 2.299011 -2.293268 2.98784 2.299381 -2.179248 2.97484 2.299381 -2.185268 2.97484 2.299381 -2.289248 2.97484 2.299381 -2.295268 2.97484 2.299381 -2.179248 2.98784 2.299381 -2.185268 2.98784 2.299381 -2.289248 2.98784 2.299381 -2.295268 2.98784 2.300121 -2.177358 2.97484 2.300121 -2.187158 2.97484 2.300121 -2.287358 2.97484 2.300121 -2.297158 2.97484 2.300121 -2.177358 2.98784 2.300121 -2.187158 2.98784 2.300121 -2.287358 2.98784 2.300121 -2.297158 2.98784 2.301181 -2.175628 2.97484 2.301181 -2.188888 2.97484 2.301181 -2.285628 2.97484 2.301181 -2.298888 2.97484 2.301181 -2.175628 2.98784 2.301181 -2.188888 2.98784 2.301181 -2.285628 2.98784 2.301181 -2.298888 2.98784 2.302551 -2.174128 2.97484 2.302551 -2.190388 2.97484 2.302551 -2.284128 2.97484 2.302551 -2.300388 2.97484 2.302551 -2.174128 2.98784 2.302551 -2.190388 2.98784 2.302551 -2.284128 2.98784 2.302551 -2.300388 2.98784 2.302961 -2.182258 2.96484 2.302961 -2.292258 2.96484 2.302961 -2.182258 2.97484 2.302961 -2.292258 2.97484 2.303141 -2.180698 2.96484 2.303141 -2.183818 2.96484 2.303141 -2.290698 2.96484 2.303141 -2.293818 2.96484 2.303141 -2.180698 2.97484 2.303141 -2.183818 2.97484 2.303141 -2.290698 2.97484 2.303141 -2.293818 2.97484 2.303661 -2.179218 2.96484 2.303661 -2.185298 2.96484 2.303661 -2.289218 2.96484 2.303661 -2.295298 2.96484 2.303661 -2.179218 2.97484 2.303661 -2.185298 2.97484 2.303661 -2.289218 2.97484 2.303661 -2.295298 2.97484 2.304171 -2.172908 2.97484 2.304171 -2.191608 2.97484 2.304171 -2.282908 2.97484 2.304171 -2.301608 2.97484 2.304171 -2.172908 2.98784 2.304171 -2.191608 2.98784 2.304171 -2.282908 2.98784 2.304171 -2.301608 2.98784 2.304491 -2.177898 2.96484 2.304491 -2.186618 2.96484 2.304491 -2.287898 2.96484 2.304491 -2.296618 2.96484 2.304491 -2.177898 2.97484 2.304491 -2.186618 2.97484 2.304491 -2.287898 2.97484 2.304491 -2.296618 2.97484 2.305601 -2.176788 2.96484 2.305601 -2.187728 2.96484 2.305601 -2.286788 2.96484 2.305601 -2.297728 2.96484 2.305601 -2.176788 2.97484 2.305601 -2.187728 2.97484 2.305601 -2.286788 2.97484 2.305601 -2.297728 2.97484 2.305991 -2.171998 2.97484 2.305991 -2.192518 2.97484 2.305991 -2.281998 2.97484 2.305991 -2.302518 2.97484 2.305991 -2.171998 2.98784 2.305991 -2.192518 2.98784 2.305991 -2.281998 2.98784 2.305991 -2.302518 2.98784 2.306931 -2.175948 2.96484 2.306931 -2.188568 2.96484 2.306931 -2.285948 2.96484 2.306931 -2.298568 2.96484 2.306931 -2.175948 2.97484 2.306931 -2.188568 2.97484 2.306931 -2.285948 2.97484 2.306931 -2.298568 2.97484 2.307941 -2.171448 2.97484 2.307941 -2.193068 2.97484 2.307941 -2.281448 2.97484 2.307941 -2.303068 2.97484 2.307941 -2.171448 2.98784 2.307941 -2.193068 2.98784 2.307941 -2.281448 2.98784 2.307941 -2.303068 2.98784 2.308411 -2.175438 2.96484 2.308411 -2.189078 2.96484 2.308411 -2.285438 2.96484 2.308411 -2.299078 2.96484 2.308411 -2.175438 2.97484 2.308411 -2.189078 2.97484 2.308411 -2.285438 2.97484 2.308411 -2.299078 2.97484 2.309961 -2.175258 2.96484 2.309961 -2.189258 2.96484 2.309961 -2.285258 2.96484 2.309961 -2.299258 2.96484 2.309961 -2.171258 2.97484 2.309961 -2.175258 2.97484 2.309961 -2.189258 2.97484 2.309961 -2.193258 2.97484 2.309961 -2.281258 2.97484 2.309961 -2.285258 2.97484 2.309961 -2.299258 2.97484 2.309961 -2.303258 2.97484 2.309961 -2.171258 2.98784 2.309961 -2.193258 2.98784 2.309961 -2.281258 2.98784 2.309961 -2.303258 2.98784 2.311521 -2.175438 2.96484 2.311521 -2.189078 2.96484 2.311521 -2.285438 2.96484 2.311521 -2.299078 2.96484 2.311521 -2.175438 2.97484 2.311521 -2.189078 2.97484 2.311521 -2.285438 2.97484 2.311521 -2.299078 2.97484 2.311981 -2.171448 2.97484 2.311981 -2.193068 2.97484 2.311981 -2.281448 2.97484 2.311981 -2.303068 2.97484 2.311981 -2.171448 2.98784 2.311981 -2.193068 2.98784 2.311981 -2.281448 2.98784 2.311981 -2.303068 2.98784 2.313001 -2.175948 2.96484 2.313001 -2.188568 2.96484 2.313001 -2.285948 2.96484 2.313001 -2.298568 2.96484 2.313001 -2.175948 2.97484 2.313001 -2.188568 2.97484 2.313001 -2.285948 2.97484 2.313001 -2.298568 2.97484 2.313941 -2.171998 2.97484 2.313941 -2.192518 2.97484 2.313941 -2.281998 2.97484 2.313941 -2.302518 2.97484 2.313941 -2.171998 2.98784 2.313941 -2.192518 2.98784 2.313941 -2.281998 2.98784 2.313941 -2.302518 2.98784 2.314331 -2.176788 2.96484 2.314331 -2.187728 2.96484 2.314331 -2.286788 2.96484 2.314331 -2.297728 2.96484 2.314331 -2.176788 2.97484 2.314331 -2.187728 2.97484 2.314331 -2.286788 2.97484 2.314331 -2.297728 2.97484 2.315441 -2.177898 2.96484 2.315441 -2.186618 2.96484 2.315441 -2.287898 2.96484 2.315441 -2.296618 2.96484 2.315441 -2.177898 2.97484 2.315441 -2.186618 2.97484 2.315441 -2.287898 2.97484 2.315441 -2.296618 2.97484 2.315751 -2.172908 2.97484 2.315751 -2.191608 2.97484 2.315751 -2.282908 2.97484 2.315751 -2.301608 2.97484 2.315751 -2.172908 2.98784 2.315751 -2.191608 2.98784 2.315751 -2.282908 2.98784 2.315751 -2.301608 2.98784 2.316271 -2.179218 2.96484 2.316271 -2.185298 2.96484 2.316271 -2.289218 2.96484 2.316271 -2.295298 2.96484 2.316271 -2.179218 2.97484 2.316271 -2.185298 2.97484 2.316271 -2.289218 2.97484 2.316271 -2.295298 2.97484 2.316791 -2.180698 2.96484 2.316791 -2.183818 2.96484 2.316791 -2.290698 2.96484 2.316791 -2.293818 2.96484 2.316791 -2.180698 2.97484 2.316791 -2.183818 2.97484 2.316791 -2.290698 2.97484 2.316791 -2.293818 2.97484 2.316961 -2.182258 2.96484 2.316961 -2.292258 2.96484 2.316961 -2.182258 2.97484 2.316961 -2.292258 2.97484 2.317371 -2.174128 2.97484 2.317371 -2.190388 2.97484 2.317371 -2.284128 2.97484 2.317371 -2.300388 2.97484 2.317371 -2.174128 2.98784 2.317371 -2.190388 2.98784 2.317371 -2.284128 2.98784 2.317371 -2.300388 2.98784 2.318741 -2.175628 2.97484 2.318741 -2.188888 2.97484 2.318741 -2.285628 2.97484 2.318741 -2.298888 2.97484 2.318741 -2.175628 2.98784 2.318741 -2.188888 2.98784 2.318741 -2.285628 2.98784 2.318741 -2.298888 2.98784 2.319811 -2.177358 2.97484 2.319811 -2.187158 2.97484 2.319811 -2.287358 2.97484 2.319811 -2.297158 2.97484 2.319811 -2.177358 2.98784 2.319811 -2.187158 2.98784 2.319811 -2.287358 2.98784 2.319811 -2.297158 2.98784 2.320541 -2.179248 2.97484 2.320541 -2.185268 2.97484 2.320541 -2.289248 2.97484 2.320541 -2.295268 2.97484 2.320541 -2.179248 2.98784 2.320541 -2.185268 2.98784 2.320541 -2.289248 2.98784 2.320541 -2.295268 2.98784 2.320921 -2.181248 2.97484 2.320921 -2.183268 2.97484 2.320921 -2.291248 2.97484 2.320921 -2.293268 2.97484 2.320921 -2.181248 2.98784 2.320921 -2.183268 2.98784 2.320921 -2.291248 2.98784 2.320921 -2.293268 2.98784 2.324961 -2.327258 2.96484 2.324961 -2.327258 2.97484 2.334961 -2.157258 2.96484 2.334961 -2.157258 2.97484 2.334961 -2.317258 2.97484 2.339961 -2.162258 2.96484 2.339961 -2.312258 2.96484 2.339961 -2.162258 2.97484 2.339961 -2.312258 2.97484 3.654961 2.322742 2.91484 3.654961 2.062742 2.91484 3.654961 2.322742 2.93484 3.654961 2.312742 2.93484 3.654961 2.072742 2.93484 3.654961 2.062742 2.93484 3.659961 -2.137258 2.93484 3.659961 -2.157258 2.93484 3.659961 -2.157258 2.97484 3.659961 -2.157258 2.98784 3.659961 -2.157258 3.12184 3.659961 -2.157258 3.13484 3.659961 -2.137258 3.17484 3.659961 -2.157258 3.17484 3.664961 2.407742 0.02983997 3.664961 2.057742 0.02983997 3.664961 2.407742 0.03983997 3.664961 2.057742 0.03983997 3.669961 2.337742 2.91484 3.669961 2.047742 2.91484 3.669961 2.312742 2.92484 3.669961 2.072742 2.92484 3.669961 2.337742 2.93484 3.669961 2.312742 2.93484 3.669961 2.072742 2.93484 3.669961 2.047742 2.93484 3.670151 2.314692 2.92484 3.670151 2.310792 2.92484 3.670151 2.074692 2.92484 3.670151 2.070792 2.92484 3.670151 2.314692 2.93484 3.670151 2.310792 2.93484 3.670151 2.074692 2.93484 3.670151 2.070792 2.93484 3.670721 2.316572 2.92484 3.670721 2.308912 2.92484 3.670721 2.076572 2.92484 3.670721 2.068912 2.92484 3.670721 2.316572 2.93484 3.670721 2.308912 2.93484 3.670721 2.076572 2.93484 3.670721 2.068912 2.93484 3.671651 2.318302 2.92484 3.671651 2.307182 2.92484 3.671651 2.078302 2.92484 3.671651 2.067182 2.92484 3.671651 2.318302 2.93484 3.671651 2.307182 2.93484 3.671651 2.078302 2.93484 3.671651 2.067182 2.93484 3.672891 2.319812 2.92484 3.672891 2.305672 2.92484 3.672891 2.079812 2.92484 3.672891 2.065672 2.92484 3.672891 2.319812 2.93484 3.672891 2.305672 2.93484 3.672891 2.079812 2.93484 3.672891 2.065672 2.93484 3.672961 2.312742 2.91484 3.672961 2.072742 2.91484 3.672961 2.312742 2.92484 3.672961 2.072742 2.92484 3.673141 2.314302 2.91484 3.673141 2.311182 2.91484 3.673141 2.074302 2.91484 3.673141 2.071182 2.91484 3.673141 2.314302 2.92484 3.673141 2.311182 2.92484 3.673141 2.074302 2.92484 3.673141 2.071182 2.92484 3.673661 2.315782 2.91484 3.673661 2.309702 2.91484 3.673661 2.075782 2.91484 3.673661 2.069702 2.91484 3.673661 2.315782 2.92484 3.673661 2.309702 2.92484 3.673661 2.075782 2.92484 3.673661 2.069702 2.92484 3.673961 -2.137258 2.94484 3.673961 -2.147258 2.94484 3.673961 -2.137258 3.05484 3.673961 -2.147258 3.05484 3.673961 -2.137258 3.16484 3.673961 -2.147258 3.16484 3.674151 -2.137258 2.94281 3.674151 -2.147258 2.94281 3.674151 -2.137258 2.94686 3.674151 -2.147258 2.94686 3.674151 -2.137258 3.05281 3.674151 -2.147258 3.05281 3.674151 -2.137258 3.05686 3.674151 -2.147258 3.05686 3.674151 -2.137258 3.16281 3.674151 -2.147258 3.16281 3.674151 -2.137258 3.16686 3.674151 -2.147258 3.16686 3.674411 2.321052 2.92484 3.674411 2.304432 2.92484 3.674411 2.081052 2.92484 3.674411 2.064432 2.92484 3.674411 2.321052 2.93484 3.674411 2.304432 2.93484 3.674411 2.081052 2.93484 3.674411 2.064432 2.93484 3.674491 2.317102 2.91484 3.674491 2.308382 2.91484 3.674491 2.077102 2.91484 3.674491 2.068382 2.91484 3.674491 2.317102 2.92484 3.674491 2.308382 2.92484 3.674491 2.077102 2.92484 3.674491 2.068382 2.92484 3.674711 -2.137258 2.94086 3.674711 -2.147258 2.94086 3.674711 -2.137258 2.94881 3.674711 -2.147258 2.94881 3.674711 -2.137258 3.05086 3.674711 -2.147258 3.05086 3.674711 -2.137258 3.05881 3.674711 -2.147258 3.05881 3.674711 -2.137258 3.16086 3.674711 -2.147258 3.16086 3.674711 -2.137258 3.16881 3.674711 -2.147258 3.16881 3.674961 2.312742 0.03983997 3.674961 2.302742 0.03983997 3.674961 2.162742 0.03983997 3.674961 2.152742 0.03983997 3.674961 2.312742 0.05483997 3.674961 2.302742 0.05483997 3.674961 2.162742 0.05483997 3.674961 2.152742 0.05483997 3.674961 -2.137258 2.91984 3.674961 -2.157258 2.91984 3.674961 -2.137258 3.18984 3.674961 -2.157258 3.18984 3.675601 2.318212 2.91484 3.675601 2.307272 2.91484 3.675601 2.078212 2.91484 3.675601 2.067272 2.91484 3.675601 2.318212 2.92484 3.675601 2.307272 2.92484 3.675601 2.078212 2.92484 3.675601 2.067272 2.92484 3.675611 -2.137258 2.93904 3.675611 -2.147258 2.93904 3.675611 -2.137258 2.95063 3.675611 -2.147258 2.95063 3.675611 -2.137258 3.04904 3.675611 -2.147258 3.04904 3.675611 -2.137258 3.06063 3.675611 -2.147258 3.06063 3.675611 -2.137258 3.15904 3.675611 -2.147258 3.15904 3.675611 -2.137258 3.17063 3.675611 -2.147258 3.17063 3.676141 2.321982 2.92484 3.676141 2.303502 2.92484 3.676141 2.081982 2.92484 3.676141 2.063502 2.92484 3.676141 2.321982 2.93484 3.676141 2.303502 2.93484 3.676141 2.081982 2.93484 3.676141 2.063502 2.93484 3.676831 -2.137258 2.93743 3.676831 -2.147258 2.93743 3.676831 -2.137258 2.95225 3.676831 -2.147258 2.95225 3.676831 -2.137258 3.04743 3.676831 -2.147258 3.04743 3.676831 -2.137258 3.06225 3.676831 -2.147258 3.06225 3.676831 -2.137258 3.15743 3.676831 -2.147258 3.15743 3.676831 -2.137258 3.17225 3.676831 -2.147258 3.17225 3.676931 2.319052 2.91484 3.676931 2.306432 2.91484 3.676931 2.079052 2.91484 3.676931 2.066432 2.91484 3.676931 2.319052 2.92484 3.676931 2.306432 2.92484 3.676931 2.079052 2.92484 3.676931 2.066432 2.92484 3.677961 -2.147258 2.94484 3.677961 -2.157258 2.94484 3.677961 -2.147258 3.05484 3.677961 -2.157258 3.05484 3.677961 -2.147258 3.16484 3.677961 -2.157258 3.16484 3.678011 2.322552 2.92484 3.678011 2.302932 2.92484 3.678011 2.082552 2.92484 3.678011 2.062932 2.92484 3.678011 2.322552 2.93484 3.678011 2.302932 2.93484 3.678011 2.082552 2.93484 3.678011 2.062932 2.93484 3.678141 -2.147258 2.94328 3.678141 -2.157258 2.94328 3.678141 -2.147258 2.94639 3.678141 -2.157258 2.94639 3.678141 -2.147258 3.05328 3.678141 -2.157258 3.05328 3.678141 -2.147258 3.05639 3.678141 -2.157258 3.05639 3.678141 -2.147258 3.16328 3.678141 -2.157258 3.16328 3.678141 -2.147258 3.16639 3.678141 -2.157258 3.16639 3.678331 -2.137258 2.93606 3.678331 -2.147258 2.93606 3.678331 -2.137258 2.95361 3.678331 -2.147258 2.95361 3.678331 -2.137258 3.04606 3.678331 -2.147258 3.04606 3.678331 -2.137258 3.06361 3.678331 -2.147258 3.06361 3.678331 -2.137258 3.15606 3.678331 -2.147258 3.15606 3.678331 -2.137258 3.17361 3.678331 -2.147258 3.17361 3.678411 2.319562 2.91484 3.678411 2.305922 2.91484 3.678411 2.079562 2.91484 3.678411 2.065922 2.91484 3.678411 2.319562 2.92484 3.678411 2.305922 2.92484 3.678411 2.079562 2.92484 3.678411 2.065922 2.92484 3.678661 -2.147258 2.9418 3.678661 -2.157258 2.9418 3.678661 -2.147258 2.94787 3.678661 -2.157258 2.94787 3.678661 -2.147258 3.0518 3.678661 -2.157258 3.0518 3.678661 -2.147258 3.05787 3.678661 -2.157258 3.05787 3.678661 -2.147258 3.1618 3.678661 -2.157258 3.1618 3.678661 -2.147258 3.16787 3.678661 -2.157258 3.16787 3.679491 -2.147258 2.94047 3.679491 -2.157258 2.94047 3.679491 -2.147258 2.9492 3.679491 -2.157258 2.9492 3.679491 -2.147258 3.05047 3.679491 -2.157258 3.05047 3.679491 -2.147258 3.0592 3.679491 -2.157258 3.0592 3.679491 -2.147258 3.16047 3.679491 -2.157258 3.16047 3.679491 -2.147258 3.1692 3.679491 -2.157258 3.1692 3.679961 2.319742 2.91484 3.679961 2.305742 2.91484 3.679961 2.079742 2.91484 3.679961 2.065742 2.91484 3.679961 2.322742 2.92484 3.679961 2.319742 2.92484 3.679961 2.305742 2.92484 3.679961 2.302742 2.92484 3.679961 2.082742 2.92484 3.679961 2.079742 2.92484 3.679961 2.065742 2.92484 3.679961 2.062742 2.92484 3.679961 2.322742 2.93484 3.679961 2.302742 2.93484 3.679961 2.082742 2.93484 3.679961 2.062742 2.93484 3.680061 -2.137258 2.93499 3.680061 -2.147258 2.93499 3.680061 -2.137258 2.95468 3.680061 -2.147258 2.95468 3.680061 -2.137258 3.04499 3.680061 -2.147258 3.04499 3.680061 -2.137258 3.06468 3.680061 -2.147258 3.06468 3.680061 -2.137258 3.15499 3.680061 -2.147258 3.15499 3.680061 -2.137258 3.17468 3.680061 -2.147258 3.17468 3.680601 -2.147258 2.93936 3.680601 -2.157258 2.93936 3.680601 -2.147258 2.95031 3.680601 -2.157258 2.95031 3.680601 -2.147258 3.04936 3.680601 -2.157258 3.04936 3.680601 -2.147258 3.06031 3.680601 -2.157258 3.06031 3.680601 -2.147258 3.15936 3.680601 -2.157258 3.15936 3.680601 -2.147258 3.17031 3.680601 -2.157258 3.17031 3.681521 2.319562 2.91484 3.681521 2.305922 2.91484 3.681521 2.079562 2.91484 3.681521 2.065922 2.91484 3.681521 2.319562 2.92484 3.681521 2.305922 2.92484 3.681521 2.079562 2.92484 3.681521 2.065922 2.92484 3.681911 2.322552 2.92484 3.681911 2.302932 2.92484 3.681911 2.082552 2.92484 3.681911 2.062932 2.92484 3.681911 2.322552 2.93484 3.681911 2.302932 2.93484 3.681911 2.082552 2.93484 3.681911 2.062932 2.93484 3.681931 -2.147258 2.93853 3.681931 -2.157258 2.93853 3.681931 -2.147258 2.95114 3.681931 -2.157258 2.95114 3.681931 -2.147258 3.04853 3.681931 -2.157258 3.04853 3.681931 -2.147258 3.06114 3.681931 -2.157258 3.06114 3.681931 -2.147258 3.15853 3.681931 -2.157258 3.15853 3.681931 -2.147258 3.17114 3.681931 -2.157258 3.17114 3.681951 -2.137258 2.93426 3.681951 -2.147258 2.93426 3.681951 -2.137258 2.95542 3.681951 -2.147258 2.95542 3.681951 -2.137258 3.04426 3.681951 -2.147258 3.04426 3.681951 -2.137258 3.06542 3.681951 -2.147258 3.06542 3.681951 -2.137258 3.15426 3.681951 -2.147258 3.15426 3.681951 -2.137258 3.17542 3.681951 -2.147258 3.17542 3.683001 2.319052 2.91484 3.683001 2.306432 2.91484 3.683001 2.079052 2.91484 3.683001 2.066432 2.91484 3.683001 2.319052 2.92484 3.683001 2.306432 2.92484 3.683001 2.079052 2.92484 3.683001 2.066432 2.92484 3.683411 -2.147258 2.93801 3.683411 -2.157258 2.93801 3.683411 -2.147258 2.95166 3.683411 -2.157258 2.95166 3.683411 -2.147258 3.04801 3.683411 -2.157258 3.04801 3.683411 -2.147258 3.06166 3.683411 -2.157258 3.06166 3.683411 -2.147258 3.15801 3.683411 -2.157258 3.15801 3.683411 -2.147258 3.17166 3.683411 -2.157258 3.17166 3.683791 2.321982 2.92484 3.683791 2.303502 2.92484 3.683791 2.081982 2.92484 3.683791 2.063502 2.92484 3.683791 2.321982 2.93484 3.683791 2.303502 2.93484 3.683791 2.081982 2.93484 3.683791 2.063502 2.93484 3.683951 -2.137258 2.93388 3.683951 -2.147258 2.93388 3.683951 -2.137258 2.95579 3.683951 -2.147258 2.95579 3.683951 -2.137258 3.04388 3.683951 -2.147258 3.04388 3.683951 -2.137258 3.06579 3.683951 -2.147258 3.06579 3.683951 -2.137258 3.15388 3.683951 -2.147258 3.15388 3.683951 -2.137258 3.17579 3.683951 -2.147258 3.17579 3.684331 2.318212 2.91484 3.684331 2.307272 2.91484 3.684331 2.078212 2.91484 3.684331 2.067272 2.91484 3.684331 2.318212 2.92484 3.684331 2.307272 2.92484 3.684331 2.078212 2.92484 3.684331 2.067272 2.92484 3.684961 -2.147258 2.93784 3.684961 -2.157258 2.93784 3.684961 -2.147258 2.95184 3.684961 -2.157258 2.95184 3.684961 -2.147258 3.04784 3.684961 -2.157258 3.04784 3.684961 -2.147258 3.06184 3.684961 -2.157258 3.06184 3.684961 -2.147258 3.15784 3.684961 -2.157258 3.15784 3.684961 -2.147258 3.17184 3.684961 -2.157258 3.17184 3.685441 2.317102 2.91484 3.685441 2.308382 2.91484 3.685441 2.077102 2.91484 3.685441 2.068382 2.91484 3.685441 2.317102 2.92484 3.685441 2.308382 2.92484 3.685441 2.077102 2.92484 3.685441 2.068382 2.92484 3.685521 2.321052 2.92484 3.685521 2.304432 2.92484 3.685521 2.081052 2.92484 3.685521 2.064432 2.92484 3.685521 2.321052 2.93484 3.685521 2.304432 2.93484 3.685521 2.081052 2.93484 3.685521 2.064432 2.93484 3.685981 -2.137258 2.93388 3.685981 -2.147258 2.93388 3.685981 -2.137258 2.95579 3.685981 -2.147258 2.95579 3.685981 -2.137258 3.04388 3.685981 -2.147258 3.04388 3.685981 -2.137258 3.06579 3.685981 -2.147258 3.06579 3.685981 -2.137258 3.15388 3.685981 -2.147258 3.15388 3.685981 -2.137258 3.17579 3.685981 -2.147258 3.17579 3.686271 2.315782 2.91484 3.686271 2.309702 2.91484 3.686271 2.075782 2.91484 3.686271 2.069702 2.91484 3.686271 2.315782 2.92484 3.686271 2.309702 2.92484 3.686271 2.075782 2.92484 3.686271 2.069702 2.92484 3.686521 -2.147258 2.93801 3.686521 -2.157258 2.93801 3.686521 -2.147258 2.95166 3.686521 -2.157258 2.95166 3.686521 -2.147258 3.04801 3.686521 -2.157258 3.04801 3.686521 -2.147258 3.06166 3.686521 -2.157258 3.06166 3.686521 -2.147258 3.15801 3.686521 -2.157258 3.15801 3.686521 -2.147258 3.17166 3.686521 -2.157258 3.17166 3.686791 2.314302 2.91484 3.686791 2.311182 2.91484 3.686791 2.074302 2.91484 3.686791 2.071182 2.91484 3.686791 2.314302 2.92484 3.686791 2.311182 2.92484 3.686791 2.074302 2.92484 3.686791 2.071182 2.92484 3.686961 2.312742 2.91484 3.686961 2.072742 2.91484 3.686961 2.312742 2.92484 3.686961 2.072742 2.92484 3.687031 2.319812 2.92484 3.687031 2.305672 2.92484 3.687031 2.079812 2.92484 3.687031 2.065672 2.92484 3.687031 2.319812 2.93484 3.687031 2.305672 2.93484 3.687031 2.079812 2.93484 3.687031 2.065672 2.93484 3.687961 2.377742 0.02983997 3.687961 2.087742 0.02983997 3.687961 2.377742 0.03983997 3.687961 2.087742 0.03983997 3.687971 -2.137258 2.93426 3.687971 -2.147258 2.93426 3.687971 -2.137258 2.95542 3.687971 -2.147258 2.95542 3.687971 -2.137258 3.04426 3.687971 -2.147258 3.04426 3.687971 -2.137258 3.06542 3.687971 -2.147258 3.06542 3.687971 -2.137258 3.15426 3.687971 -2.147258 3.15426 3.687971 -2.137258 3.17542 3.687971 -2.147258 3.17542 3.688001 -2.147258 2.93853 3.688001 -2.157258 2.93853 3.688001 -2.147258 2.95114 3.688001 -2.157258 2.95114 3.688001 -2.147258 3.04853 3.688001 -2.157258 3.04853 3.688001 -2.147258 3.06114 3.688001 -2.157258 3.06114 3.688001 -2.147258 3.15853 3.688001 -2.157258 3.15853 3.688001 -2.147258 3.17114 3.688001 -2.157258 3.17114 3.688141 2.379302 0.02983997 3.688141 2.376182 0.02983997 3.688141 2.089302 0.02983997 3.688141 2.086182 0.02983997 3.688141 2.379302 0.03983997 3.688141 2.376182 0.03983997 3.688141 2.089302 0.03983997 3.688141 2.086182 0.03983997 3.688281 2.318302 2.92484 3.688281 2.307182 2.92484 3.688281 2.078302 2.92484 3.688281 2.067182 2.92484 3.688281 2.318302 2.93484 3.688281 2.307182 2.93484 3.688281 2.078302 2.93484 3.688281 2.067182 2.93484 3.688661 2.380782 0.02983997 3.688661 2.374702 0.02983997 3.688661 2.090782 0.02983997 3.688661 2.084702 0.02983997 3.688661 2.380782 0.03983997 3.688661 2.374702 0.03983997 3.688661 2.090782 0.03983997 3.688661 2.084702 0.03983997 3.689201 2.316572 2.92484 3.689201 2.308912 2.92484 3.689201 2.076572 2.92484 3.689201 2.068912 2.92484 3.689201 2.316572 2.93484 3.689201 2.308912 2.93484 3.689201 2.076572 2.93484 3.689201 2.068912 2.93484 3.689331 -2.147258 2.93936 3.689331 -2.157258 2.93936 3.689331 -2.147258 2.95031 3.689331 -2.157258 2.95031 3.689331 -2.147258 3.04936 3.689331 -2.157258 3.04936 3.689331 -2.147258 3.06031 3.689331 -2.157258 3.06031 3.689331 -2.147258 3.15936 3.689331 -2.157258 3.15936 3.689331 -2.147258 3.17031 3.689331 -2.157258 3.17031 3.689491 2.382102 0.02983997 3.689491 2.373382 0.02983997 3.689491 2.092102 0.02983997 3.689491 2.083382 0.02983997 3.689491 2.382102 0.03983997 3.689491 2.373382 0.03983997 3.689491 2.092102 0.03983997 3.689491 2.083382 0.03983997 3.689771 2.314692 2.92484 3.689771 2.310792 2.92484 3.689771 2.074692 2.92484 3.689771 2.070792 2.92484 3.689771 2.314692 2.93484 3.689771 2.310792 2.93484 3.689771 2.074692 2.93484 3.689771 2.070792 2.93484 3.689871 -2.137258 2.93499 3.689871 -2.147258 2.93499 3.689871 -2.137258 2.95468 3.689871 -2.147258 2.95468 3.689871 -2.137258 3.04499 3.689871 -2.147258 3.04499 3.689871 -2.137258 3.06468 3.689871 -2.147258 3.06468 3.689871 -2.137258 3.15499 3.689871 -2.147258 3.15499 3.689871 -2.137258 3.17468 3.689871 -2.147258 3.17468 3.689961 2.312742 2.92484 3.689961 2.072742 2.92484 3.689961 2.312742 2.93484 3.689961 2.072742 2.93484 3.690441 -2.147258 2.94047 3.690441 -2.157258 2.94047 3.690441 -2.147258 2.9492 3.690441 -2.157258 2.9492 3.690441 -2.147258 3.05047 3.690441 -2.157258 3.05047 3.690441 -2.147258 3.0592 3.690441 -2.157258 3.0592 3.690441 -2.147258 3.16047 3.690441 -2.157258 3.16047 3.690441 -2.147258 3.1692 3.690441 -2.157258 3.1692 3.690601 2.383212 0.02983997 3.690601 2.372272 0.02983997 3.690601 2.093212 0.02983997 3.690601 2.082272 0.02983997 3.690601 2.383212 0.03983997 3.690601 2.372272 0.03983997 3.690601 2.093212 0.03983997 3.690601 2.082272 0.03983997 3.691271 -2.147258 2.9418 3.691271 -2.157258 2.9418 3.691271 -2.147258 2.94787 3.691271 -2.157258 2.94787 3.691271 -2.147258 3.0518 3.691271 -2.157258 3.0518 3.691271 -2.147258 3.05787 3.691271 -2.157258 3.05787 3.691271 -2.147258 3.1618 3.691271 -2.157258 3.1618 3.691271 -2.147258 3.16787 3.691271 -2.157258 3.16787 3.691591 -2.137258 2.93606 3.691591 -2.147258 2.93606 3.691591 -2.137258 2.95361 3.691591 -2.147258 2.95361 3.691591 -2.137258 3.04606 3.691591 -2.147258 3.04606 3.691591 -2.137258 3.06361 3.691591 -2.147258 3.06361 3.691591 -2.137258 3.15606 3.691591 -2.147258 3.15606 3.691591 -2.137258 3.17361 3.691591 -2.147258 3.17361 3.691791 -2.147258 2.94328 3.691791 -2.157258 2.94328 3.691791 -2.147258 2.94639 3.691791 -2.157258 2.94639 3.691791 -2.147258 3.05328 3.691791 -2.157258 3.05328 3.691791 -2.147258 3.05639 3.691791 -2.157258 3.05639 3.691791 -2.147258 3.16328 3.691791 -2.157258 3.16328 3.691791 -2.147258 3.16639 3.691791 -2.157258 3.16639 3.691931 2.384052 0.02983997 3.691931 2.371432 0.02983997 3.691931 2.094052 0.02983997 3.691931 2.081432 0.02983997 3.691931 2.384052 0.03983997 3.691931 2.371432 0.03983997 3.691931 2.094052 0.03983997 3.691931 2.081432 0.03983997 3.691961 -2.147258 2.94484 3.691961 -2.157258 2.94484 3.691961 -2.147258 3.05484 3.691961 -2.157258 3.05484 3.691961 -2.147258 3.16484 3.691961 -2.157258 3.16484 3.692961 2.192742 2.92484 3.692961 2.192742 2.93484 3.693091 -2.137258 2.93743 3.693091 -2.147258 2.93743 3.693091 -2.137258 2.95225 3.693091 -2.147258 2.95225 3.693091 -2.137258 3.04743 3.693091 -2.147258 3.04743 3.693091 -2.137258 3.06225 3.693091 -2.147258 3.06225 3.693091 -2.137258 3.15743 3.693091 -2.147258 3.15743 3.693091 -2.137258 3.17225 3.693091 -2.147258 3.17225 3.693141 2.194302 2.92484 3.693141 2.191182 2.92484 3.693141 2.194302 2.93484 3.693141 2.191182 2.93484 3.693411 2.384562 0.02983997 3.693411 2.370922 0.02983997 3.693411 2.094562 0.02983997 3.693411 2.080922 0.02983997 3.693411 2.384562 0.03983997 3.693411 2.370922 0.03983997 3.693411 2.094562 0.03983997 3.693411 2.080922 0.03983997 3.693661 2.195782 2.92484 3.693661 2.189702 2.92484 3.693661 2.195782 2.93484 3.693661 2.189702 2.93484 3.694321 -2.137258 2.93904 3.694321 -2.147258 2.93904 3.694321 -2.137258 2.95063 3.694321 -2.147258 2.95063 3.694321 -2.137258 3.04904 3.694321 -2.147258 3.04904 3.694321 -2.137258 3.06063 3.694321 -2.147258 3.06063 3.694321 -2.137258 3.15904 3.694321 -2.147258 3.15904 3.694321 -2.137258 3.17063 3.694321 -2.147258 3.17063 3.694491 2.197102 2.92484 3.694491 2.188382 2.92484 3.694491 2.197102 2.93484 3.694491 2.188382 2.93484 3.694961 2.384742 0.02983997 3.694961 2.370742 0.02983997 3.694961 2.094742 0.02983997 3.694961 2.080742 0.02983997 3.694961 2.384742 0.03983997 3.694961 2.370742 0.03983997 3.694961 2.094742 0.03983997 3.694961 2.080742 0.03983997 3.695221 -2.137258 2.94086 3.695221 -2.147258 2.94086 3.695221 -2.137258 2.94881 3.695221 -2.147258 2.94881 3.695221 -2.137258 3.05086 3.695221 -2.147258 3.05086 3.695221 -2.137258 3.05881 3.695221 -2.147258 3.05881 3.695221 -2.137258 3.16086 3.695221 -2.147258 3.16086 3.695221 -2.137258 3.16881 3.695221 -2.147258 3.16881 3.695601 2.198212 2.92484 3.695601 2.187272 2.92484 3.695601 2.198212 2.93484 3.695601 2.187272 2.93484 3.695781 -2.137258 2.94281 3.695781 -2.147258 2.94281 3.695781 -2.137258 2.94686 3.695781 -2.147258 2.94686 3.695781 -2.137258 3.05281 3.695781 -2.147258 3.05281 3.695781 -2.137258 3.05686 3.695781 -2.147258 3.05686 3.695781 -2.137258 3.16281 3.695781 -2.147258 3.16281 3.695781 -2.137258 3.16686 3.695781 -2.147258 3.16686 3.695961 -2.137258 2.94484 3.695961 -2.147258 2.94484 3.695961 -2.137258 3.05484 3.695961 -2.147258 3.05484 3.695961 -2.137258 3.16484 3.695961 -2.147258 3.16484 3.696521 2.384562 0.02983997 3.696521 2.370922 0.02983997 3.696521 2.094562 0.02983997 3.696521 2.080922 0.02983997 3.696521 2.384562 0.03983997 3.696521 2.370922 0.03983997 3.696521 2.094562 0.03983997 3.696521 2.080922 0.03983997 3.696931 2.199052 2.92484 3.696931 2.186432 2.92484 3.696931 2.199052 2.93484 3.696931 2.186432 2.93484 3.698001 2.384052 0.02983997 3.698001 2.371432 0.02983997 3.698001 2.094052 0.02983997 3.698001 2.081432 0.02983997 3.698001 2.384052 0.03983997 3.698001 2.371432 0.03983997 3.698001 2.094052 0.03983997 3.698001 2.081432 0.03983997 3.698411 2.199562 2.92484 3.698411 2.185922 2.92484 3.698411 2.199562 2.93484 3.698411 2.185922 2.93484 3.699331 2.383212 0.02983997 3.699331 2.372272 0.02983997 3.699331 2.093212 0.02983997 3.699331 2.082272 0.02983997 3.699331 2.383212 0.03983997 3.699331 2.372272 0.03983997 3.699331 2.093212 0.03983997 3.699331 2.082272 0.03983997 3.699961 2.199742 2.92484 3.699961 2.185742 2.92484 3.699961 2.199742 2.93484 3.699961 2.185742 2.93484 3.700441 2.382102 0.02983997 3.700441 2.373382 0.02983997 3.700441 2.092102 0.02983997 3.700441 2.083382 0.02983997 3.700441 2.382102 0.03983997 3.700441 2.373382 0.03983997 3.700441 2.092102 0.03983997 3.700441 2.083382 0.03983997 3.701271 2.380782 0.02983997 3.701271 2.374702 0.02983997 3.701271 2.090782 0.02983997 3.701271 2.084702 0.02983997 3.701271 2.380782 0.03983997 3.701271 2.374702 0.03983997 3.701271 2.090782 0.03983997 3.701271 2.084702 0.03983997 3.701521 2.199562 2.92484 3.701521 2.185922 2.92484 3.701521 2.199562 2.93484 3.701521 2.185922 2.93484 3.701791 2.379302 0.02983997 3.701791 2.376182 0.02983997 3.701791 2.089302 0.02983997 3.701791 2.086182 0.02983997 3.701791 2.379302 0.03983997 3.701791 2.376182 0.03983997 3.701791 2.089302 0.03983997 3.701791 2.086182 0.03983997 3.701961 2.377742 0.02983997 3.701961 2.087742 0.02983997 3.701961 2.377742 0.03983997 3.701961 2.087742 0.03983997 3.703001 2.199052 2.92484 3.703001 2.186432 2.92484 3.703001 2.199052 2.93484 3.703001 2.186432 2.93484 3.704331 2.198212 2.92484 3.704331 2.187272 2.92484 3.704331 2.198212 2.93484 3.704331 2.187272 2.93484 3.705441 2.197102 2.92484 3.705441 2.188382 2.92484 3.705441 2.197102 2.93484 3.705441 2.188382 2.93484 3.706271 2.195782 2.92484 3.706271 2.189702 2.92484 3.706271 2.195782 2.93484 3.706271 2.189702 2.93484 3.706791 2.194302 2.92484 3.706791 2.191182 2.92484 3.706791 2.194302 2.93484 3.706791 2.191182 2.93484 3.706961 2.192742 2.92484 3.706961 2.192742 2.93484 3.719961 2.072742 2.93484 3.719961 2.047742 2.93484 3.719961 -2.137258 2.93484 3.719961 2.218742 2.95184 3.719961 2.072742 2.95184 3.719961 -2.137258 2.95184 3.719961 2.166742 3.15784 3.719961 2.072742 3.15784 3.719961 -2.137258 3.15784 3.719961 2.072742 3.17484 3.719961 -2.137258 3.17484 3.734961 2.312742 0.03983997 3.734961 2.302742 0.03983997 3.734961 2.162742 0.03983997 3.734961 2.152742 0.03983997 3.734961 2.312742 0.11484 3.734961 2.302742 0.11484 3.734961 2.162742 0.11484 3.734961 2.152742 0.11484 3.749961 2.397742 0.03983997 3.749961 2.067742 0.03983997 3.749961 2.397742 0.05483997 3.749961 2.312742 0.05483997 3.749961 2.302742 0.05483997 3.749961 2.162742 0.05483997 3.749961 2.152742 0.05483997 3.749961 2.067742 0.05483997 3.749961 2.337742 0.11484 3.749961 2.312742 0.11484 3.749961 2.302742 0.11484 3.749961 2.162742 0.11484 3.749961 2.152742 0.11484 3.749961 2.127742 0.11484 3.759961 2.397742 0.03983997 3.759961 2.312742 0.03983997 3.759961 2.299742 0.03983997 3.759961 2.165742 0.03983997 3.759961 2.152742 0.03983997 3.759961 2.067742 0.03983997 3.759961 2.397742 0.05483997 3.759961 2.067742 0.05483997 3.759961 2.337742 0.11484 3.759961 2.312742 0.11484 3.759961 2.299742 0.11484 3.759961 2.165742 0.11484 3.759961 2.152742 0.11484 3.759961 2.127742 0.11484 3.759961 2.312742 1.467336 3.759961 2.299742 1.467336 3.759961 2.165742 1.467336 3.759961 2.152742 1.467336 3.759961 2.312742 1.627336 3.759961 2.299742 1.627336 3.759961 2.165742 1.627336 3.759961 2.152742 1.627336 3.759961 2.312742 2.91484 3.759961 2.299742 2.91484 3.759961 2.165742 2.91484 3.759961 2.152742 2.91484 3.813961 2.312742 2.95184 3.813961 2.218742 2.95184 3.813961 2.166742 2.95184 3.813961 -2.137258 2.95184 3.813961 2.312742 3.15784 3.813961 2.218742 3.15784 3.813961 2.166742 3.15784 3.813961 -2.137258 3.15784 3.815511 2.168802 2.95194 3.815511 2.216682 3.15773 3.816431 2.216142 2.952 3.816431 2.169212 2.952 3.816431 2.216272 3.15767 3.816431 2.169342 3.15767 3.816641 2.216072 2.95201 3.816641 2.169412 3.15766 3.816651 2.213422 2.95201 3.816661 2.172092 3.15766 3.816701 2.312742 2.95202 3.816701 -2.137258 2.95202 3.816701 2.312742 3.15766 3.816701 -2.137258 3.15766 3.816831 2.208122 2.95204 3.816831 2.177282 3.15763 3.817161 2.169932 2.95211 3.817161 2.215552 3.15757 3.817501 2.170282 3.1575 3.817511 2.215192 2.95218 3.817841 2.170852 2.95224 3.817841 2.214632 3.15743 3.818701 2.171482 2.95241 3.818701 2.214002 3.15726 3.819041 2.213582 2.95248 3.819041 2.171902 3.15719 3.819261 2.213442 2.95252 3.819261 2.172042 3.15715 3.819291 2.209642 2.95253 3.819291 2.175852 3.15714 3.819401 2.312742 2.95255 3.819401 -2.137258 2.95255 3.819401 2.312742 3.15712 3.819401 -2.137258 3.15712 3.819661 2.201092 2.95264 3.819661 2.184372 3.15703 3.820141 2.172912 2.9528 3.820141 2.212572 3.15687 3.820251 2.212452 2.95284 3.820251 2.173032 3.15683 3.820691 2.173602 2.95299 3.820691 2.211882 3.15668 3.820961 2.299742 0.03983997 3.820961 2.165742 0.03983997 3.820961 2.299742 1.528336 3.820961 2.165742 1.528336 3.820961 2.299742 1.566336 3.820961 2.165742 1.566336 3.820961 2.299742 2.91484 3.820961 2.165742 2.91484 3.821391 2.174172 2.95323 3.821391 2.211312 3.15644 3.821511 2.211112 2.95327 3.821511 2.174372 3.1564 3.821801 2.210902 2.95337 3.821801 2.174582 3.15631 3.821831 2.206552 2.95338 3.821831 2.178932 3.15629 3.822001 2.312742 2.95343 3.822001 -2.137258 2.95343 3.822001 2.312742 3.15624 3.822001 -2.137258 3.15624 3.822381 2.196032 2.95362 3.822381 2.189452 3.15605 3.822721 2.175502 2.95379 3.822721 2.209982 3.15588 3.822791 2.209922 2.95382 3.822791 2.175562 3.15585 3.823311 2.165922 0.03983997 3.823311 2.165922 1.530682 3.823311 2.165922 1.563989 3.823311 2.165922 2.91484 3.823321 2.176202 2.95409 3.823321 2.209282 3.15558 3.823331 2.176202 2.95409 3.823331 2.209282 3.15558 3.823821 2.299612 0.03983997 3.823821 2.299612 1.529996 3.823821 2.299612 1.564675 3.823821 2.299612 2.91484 3.823841 2.208792 2.95434 3.823841 2.176692 3.15533 3.823931 2.176712 2.95439 3.823931 2.208772 3.15529 3.824081 2.299562 1.530682 3.824081 2.299562 1.563989 3.824201 2.208512 2.95452 3.824201 2.176972 3.15515 3.824221 2.203922 2.95453 3.824221 2.181562 3.15514 3.824461 2.312742 2.95465 3.824461 -2.137258 2.95465 3.824461 2.312742 3.15502 3.824461 -2.137258 3.15502 3.824931 2.192652 2.95496 3.824931 2.192832 3.15471 3.825131 2.177912 2.9551 3.825131 2.207572 3.15457 3.825141 2.207562 2.9551 3.825141 2.177922 3.15457 3.825601 2.166472 0.03983997 3.825601 2.166472 1.532971 3.825601 2.166472 1.561701 3.825601 2.166472 2.91484 3.825731 2.178592 2.9555 3.825731 2.206892 3.15417 3.825801 2.299202 0.03983997 3.825801 2.299202 1.532162 3.825801 2.299202 1.56251 3.825801 2.299202 2.91484 3.826001 2.206632 2.95568 3.826001 2.178852 3.154 3.826271 2.179052 2.95586 3.826271 2.206432 3.15381 3.826301 2.299012 1.532971 3.826301 2.299012 1.561701 3.826421 2.206282 2.95596 3.826421 2.179202 3.15371 3.826431 2.201662 2.95596 3.826431 2.183822 3.15371 3.826751 2.312742 2.95618 3.826751 -2.137258 2.95618 3.826751 2.312742 3.1535 3.826751 -2.137258 3.1535 3.827241 2.190572 2.95661 3.827241 2.194912 3.15307 3.827291 2.205422 2.95665 3.827291 2.180062 3.15302 3.827331 2.180112 2.95669 3.827331 2.205372 3.15299 3.827721 2.298462 0.03983997 3.827721 2.298462 1.534287 3.827721 2.298462 1.560384 3.827721 2.298462 2.91484 3.827771 2.167382 0.03983997 3.827771 2.167382 1.535146 3.827771 2.167382 1.559526 3.827771 2.167382 2.91484 3.827891 2.180732 2.95718 3.827891 2.204752 3.1525 3.827951 2.204692 2.95723 3.827951 2.180792 3.15244 3.828321 2.298102 1.535146 3.828321 2.298102 1.559526 3.828381 2.181162 2.95761 3.828381 2.204322 3.15206 3.828401 2.186322 2.95763 3.828401 2.199162 3.15204 3.828441 2.204262 2.95766 3.828441 2.181222 3.15201 3.828811 2.312742 2.95799 3.828811 -2.137258 2.95799 3.828811 2.312742 3.15168 3.828811 -2.137258 3.15168 3.829201 2.203502 2.95843 3.829201 2.181982 3.15124 3.829221 2.196522 2.95845 3.829221 2.188962 3.15122 3.829281 2.203422 3.15115 3.829291 2.182062 2.95853 3.829671 2.202972 2.95897 3.829671 2.182512 3.1507 3.829761 2.297262 0.03983997 3.829761 2.297262 1.53653 3.829761 2.297262 1.558142 3.829761 2.297262 2.91484 3.829761 2.182602 2.95907 3.829761 2.202882 3.1506 3.829781 2.168602 0.03983997 3.829781 2.168602 1.537152 3.829781 2.168602 1.557519 3.829781 2.168602 2.91484 3.830221 2.296882 1.537152 3.830221 2.296882 1.557519 3.830231 2.202472 2.9596 3.830231 2.183002 2.9596 3.830231 2.202482 3.15007 3.830231 2.183012 3.15007 3.830291 2.188892 2.95967 3.830291 2.196592 3.15 3.830621 2.312742 2.96005 3.830621 -2.137258 2.96005 3.830621 2.312742 3.14962 3.830621 -2.137258 3.14962 3.830861 2.196652 2.9604 3.830861 2.188832 3.14927 3.830871 2.201832 2.96042 3.830871 2.183652 3.14925 3.830981 2.183752 2.96058 3.830981 2.201732 3.14909 3.831161 2.201492 2.96086 3.831161 2.183992 3.14881 3.831351 2.184182 2.96114 3.831351 2.201302 3.14853 3.831571 2.170132 0.03983997 3.831571 2.170132 1.538942 3.831571 2.170132 1.555729 3.831571 2.170132 2.91484 3.831661 2.295672 0.03983997 3.831661 2.295672 1.538563 3.831661 2.295672 1.556109 3.831661 2.295672 2.91484 3.831781 2.200922 2.96179 3.831781 2.184562 3.14788 3.831791 2.184572 2.9618 3.831791 2.200912 3.14788 3.831911 2.191932 2.96197 3.831911 2.193542 3.1477 3.831951 2.295352 1.538942 3.831951 2.295352 1.555729 3.832151 2.312742 2.96234 3.832151 -2.137258 2.96234 3.832151 2.312742 3.14734 3.832151 -2.137258 3.14734 3.832251 2.188162 3.14712 3.832261 2.197332 2.96255 3.832271 2.200432 2.96258 3.832271 2.185052 3.14709 3.832391 2.185162 2.96282 3.832391 2.200322 3.14685 3.832411 2.200262 2.96286 3.832411 2.185222 3.14681 3.832651 2.185472 2.96334 3.832651 2.200012 3.14633 3.833051 2.185832 2.96417 3.833051 2.199652 3.14551 3.833101 2.171922 0.03983997 3.833101 2.171922 1.540471 3.833101 2.171922 1.554201 3.833101 2.171922 2.91484 3.833151 2.293992 0.03983997 3.833151 2.293992 1.540105 3.833151 2.293992 1.554566 3.833151 2.293992 2.91484 3.833161 2.199542 2.96439 3.833161 2.185942 3.14528 3.833281 2.196412 2.96462 3.833281 2.189062 3.14505 3.833361 2.312742 2.9648 3.833361 -2.137258 2.9648 3.833361 2.312742 3.14487 3.833361 -2.137258 3.14487 3.833381 2.198482 2.96486 3.833381 2.187002 3.14481 3.833391 2.199312 2.96487 3.833391 2.186172 3.1448 3.833421 2.199282 2.96495 3.833421 2.186202 3.14472 3.833431 2.293562 1.540471 3.833431 2.293562 1.554201 3.833501 2.186282 2.9652 3.833501 2.199202 3.14448 3.833651 2.186472 2.96564 3.833651 2.199012 3.14403 3.834011 2.186782 2.96669 3.834011 2.198702 3.14298 3.834141 2.198542 2.96709 3.834141 2.186942 3.14258 3.834201 2.198502 2.96727 3.834201 2.186982 3.1424 3.834231 2.195502 2.96734 3.834231 2.189982 3.14233 3.834251 2.312742 2.9674 3.834251 -2.137258 2.9674 3.834251 2.312742 3.14227 3.834251 -2.137258 3.14227 3.834261 2.193722 2.96748 3.834261 2.191762 3.14219 3.834301 2.187082 2.96769 3.834301 2.198402 3.14199 3.834331 2.173932 0.03983997 3.834331 2.173932 1.541701 3.834331 2.173932 1.552971 3.834331 2.173932 2.91484 3.834341 2.292162 0.03983997 3.834341 2.292162 1.541329 3.834341 2.292162 1.553343 3.834341 2.292162 2.91484 3.834351 2.198352 2.96792 3.834351 2.187132 3.14175 3.834371 2.187182 2.96801 3.834371 2.198302 3.14167 3.834611 2.291552 1.541701 3.834611 2.291552 1.552971 3.834621 2.198042 2.96927 3.834621 2.187442 3.1404 3.834641 2.187422 2.9694 3.834641 2.198062 3.14027 3.834731 2.197972 2.96982 3.834731 2.187512 3.13985 3.834761 2.191512 2.96998 3.834761 2.193972 3.13969 3.834781 2.312742 2.97009 3.834781 -2.137258 2.97009 3.834781 2.312742 3.13958 3.834781 -2.137258 3.13958 3.834791 2.189712 2.97017 3.834791 2.187572 2.97024 3.834791 2.197912 3.13943 3.834791 2.195762 3.1395 3.834801 2.197902 2.9704 3.834801 2.187602 2.9704 3.834801 2.197882 3.13927 3.834801 2.187582 3.13927 3.834851 2.197822 2.97105 3.834851 2.187662 3.13862 3.834961 2.312742 2.97284 3.834961 2.197742 2.97284 3.834961 2.187742 2.97284 3.834961 -2.137258 2.97284 3.834961 2.312742 3.13684 3.834961 2.197742 3.13684 3.834961 2.187742 3.13684 3.834961 -2.137258 3.13684 3.835231 2.176102 0.03983997 3.835231 2.176102 1.542602 3.835231 2.176102 1.55207 3.835231 2.176102 2.91484 3.835271 2.290072 0.03983997 3.835271 2.290072 1.542314 3.835271 2.290072 1.552357 3.835271 2.290072 2.91484 3.835441 2.289382 1.542602 3.835441 2.289382 1.55207 3.835781 2.287972 0.03983997 3.835781 2.178392 0.03983997 3.835781 2.287972 1.542939 3.835781 2.178392 1.543151 3.835781 2.178392 1.55152 3.835781 2.287972 1.551733 3.835781 2.287972 2.91484 3.835781 2.178392 2.91484 3.835871 2.287092 1.543151 3.835871 2.287092 1.55152 3.835941 2.286342 0.03983997 3.835941 2.286342 1.54321 3.835941 2.286342 1.551462 3.835941 2.286342 2.91484 3.835961 2.284742 0.03983997 3.835961 2.180742 0.03983997 3.835961 2.284912 1.543322 3.835961 2.180712 1.543333 3.835961 2.284742 1.543336 3.835961 2.180742 1.543336 3.835961 2.284742 1.551336 3.835961 2.180742 1.551336 3.835961 2.180712 1.551338 3.835961 2.284912 1.551349 3.835961 2.284742 2.91484 3.835961 2.180742 2.91484 3.843961 2.284742 0.03983997 3.843961 2.180742 0.03983997 3.843961 2.284742 2.91484 3.843961 2.180742 2.91484 3.844091 2.287602 0.03983997 3.844091 2.287602 2.91484 3.844151 2.178392 0.03983997 3.844151 2.178392 2.91484 3.844501 2.289572 0.03983997 3.844501 2.289572 2.91484 3.844701 2.176102 0.03983997 3.844701 2.176102 2.91484 3.844961 2.312742 2.97284 3.844961 -2.137258 2.97284 3.844961 2.312742 3.13684 3.844961 -2.137258 3.13684 3.845141 2.312742 2.97009 3.845141 -2.137258 2.97009 3.845141 2.312742 3.13958 3.845141 -2.137258 3.13958 3.845241 2.291492 0.03983997 3.845241 2.291492 2.91484 3.845601 2.173932 0.03983997 3.845601 2.173932 2.91484 3.845681 2.312742 2.9674 3.845681 -2.137258 2.9674 3.845681 2.312742 3.14227 3.845681 -2.137258 3.14227 3.846451 2.293542 0.03983997 3.846451 2.293542 2.91484 3.846561 2.312742 2.9648 3.846561 -2.137258 2.9648 3.846561 2.312742 3.14487 3.846561 -2.137258 3.14487 3.846831 2.171922 0.03983997 3.846831 2.171922 2.91484 3.847781 2.312742 2.96234 3.847781 -2.137258 2.96234 3.847781 2.312742 3.14734 3.847781 -2.137258 3.14734 3.848031 2.295442 0.03983997 3.848031 2.295442 2.91484 3.848361 2.170132 0.03983997 3.848361 2.170132 2.91484 3.849301 2.312742 2.96005 3.849301 -2.137258 2.96005 3.849301 2.312742 3.14962 3.849301 -2.137258 3.14962 3.849721 2.296932 0.03983997 3.849721 2.296932 2.91484 3.850151 2.168602 0.03983997 3.850151 2.168602 2.91484 3.851111 2.312742 2.95799 3.851111 -2.137258 2.95799 3.851111 2.312742 3.15168 3.851111 -2.137258 3.15168 3.851551 2.298122 0.03983997 3.851551 2.298122 2.91484 3.852151 2.167382 0.03983997 3.852151 2.167382 2.91484 3.853181 2.312742 2.95618 3.853181 -2.137258 2.95618 3.853181 2.312742 3.1535 3.853181 -2.137258 3.1535 3.853631 2.299042 0.03983997 3.853631 2.299042 2.91484 3.854331 2.166472 0.03983997 3.854331 2.166472 2.91484 3.855461 2.312742 2.95465 3.855461 -2.137258 2.95465 3.855461 2.312742 3.15502 3.855461 -2.137258 3.15502 3.855731 2.299562 0.03983997 3.855731 2.299562 2.91484 3.856621 2.165922 0.03983997 3.856621 2.165922 2.91484 3.857361 2.299712 0.03983997 3.857361 2.299712 2.91484 3.857931 2.312742 2.95343 3.857931 -2.137258 2.95343 3.857931 2.312742 3.15624 3.857931 -2.137258 3.15624 3.858961 2.299742 0.03983997 3.858961 2.165742 0.03983997 3.858961 2.299742 2.91484 3.858961 2.165742 2.91484 3.860531 2.312742 2.95255 3.860531 -2.137258 2.95255 3.860531 2.312742 3.15712 3.860531 -2.137258 3.15712 3.863221 2.312742 2.95202 3.863221 -2.137258 2.95202 3.863221 2.312742 3.15766 3.863221 -2.137258 3.15766 3.865961 2.312742 2.95184 3.865961 -2.137258 2.95184 3.865961 2.312742 3.15784 3.865961 -2.137258 3.15784 3.919961 2.397742 0.03983997 3.919961 2.312742 0.03983997 3.919961 2.299742 0.03983997 3.919961 2.165742 0.03983997 3.919961 2.152742 0.03983997 3.919961 2.067742 0.03983997 3.919961 2.397742 0.05483997 3.919961 2.067742 0.05483997 3.919961 2.337742 0.11484 3.919961 2.312742 0.11484 3.919961 2.299742 0.11484 3.919961 2.165742 0.11484 3.919961 2.152742 0.11484 3.919961 2.127742 0.11484 3.919961 2.312742 2.91484 3.919961 2.299742 2.91484 3.919961 2.165742 2.91484 3.919961 2.152742 2.91484 3.929961 2.397742 0.03983997 3.929961 2.067742 0.03983997 3.929961 2.397742 0.05483997 3.929961 2.312742 0.05483997 3.929961 2.302742 0.05483997 3.929961 2.162742 0.05483997 3.929961 2.152742 0.05483997 3.929961 2.067742 0.05483997 3.929961 2.337742 0.11484 3.929961 2.312742 0.11484 3.929961 2.302742 0.11484 3.929961 2.162742 0.11484 3.929961 2.152742 0.11484 3.929961 2.127742 0.11484 3.944961 2.312742 0.03983997 3.944961 2.302742 0.03983997 3.944961 2.162742 0.03983997 3.944961 2.152742 0.03983997 3.944961 2.312742 0.11484 3.944961 2.302742 0.11484 3.944961 2.162742 0.11484 3.944961 2.152742 0.11484 3.959961 2.312742 2.93484 3.959961 2.047742 2.93484 3.959961 -2.137258 2.93484 3.959961 2.312742 2.95184 3.959961 -2.137258 2.95184 3.959961 2.312742 3.15784 3.959961 -2.137258 3.15784 3.959961 2.312742 3.17484 3.959961 -2.137258 3.17484 3.972961 2.192742 2.92484 3.972961 2.192742 2.93484 3.973141 2.194302 2.92484 3.973141 2.191182 2.92484 3.973141 2.194302 2.93484 3.973141 2.191182 2.93484 3.973661 2.195782 2.92484 3.973661 2.189702 2.92484 3.973661 2.195782 2.93484 3.973661 2.189702 2.93484 3.974491 2.197102 2.92484 3.974491 2.188382 2.92484 3.974491 2.197102 2.93484 3.974491 2.188382 2.93484 3.975601 2.198212 2.92484 3.975601 2.187272 2.92484 3.975601 2.198212 2.93484 3.975601 2.187272 2.93484 3.976931 2.199052 2.92484 3.976931 2.186432 2.92484 3.976931 2.199052 2.93484 3.976931 2.186432 2.93484 3.977961 2.377742 0.02983997 3.977961 2.087742 0.02983997 3.977961 2.377742 0.03983997 3.977961 2.087742 0.03983997 3.978141 2.379302 0.02983997 3.978141 2.376182 0.02983997 3.978141 2.089302 0.02983997 3.978141 2.086182 0.02983997 3.978141 2.379302 0.03983997 3.978141 2.376182 0.03983997 3.978141 2.089302 0.03983997 3.978141 2.086182 0.03983997 3.978411 2.199562 2.92484 3.978411 2.185922 2.92484 3.978411 2.199562 2.93484 3.978411 2.185922 2.93484 3.978661 2.380782 0.02983997 3.978661 2.374702 0.02983997 3.978661 2.090782 0.02983997 3.978661 2.084702 0.02983997 3.978661 2.380782 0.03983997 3.978661 2.374702 0.03983997 3.978661 2.090782 0.03983997 3.978661 2.084702 0.03983997 3.979491 2.382102 0.02983997 3.979491 2.373382 0.02983997 3.979491 2.092102 0.02983997 3.979491 2.083382 0.02983997 3.979491 2.382102 0.03983997 3.979491 2.373382 0.03983997 3.979491 2.092102 0.03983997 3.979491 2.083382 0.03983997 3.979961 2.199742 2.92484 3.979961 2.185742 2.92484 3.979961 2.199742 2.93484 3.979961 2.185742 2.93484 3.980601 2.383212 0.02983997 3.980601 2.372272 0.02983997 3.980601 2.093212 0.02983997 3.980601 2.082272 0.02983997 3.980601 2.383212 0.03983997 3.980601 2.372272 0.03983997 3.980601 2.093212 0.03983997 3.980601 2.082272 0.03983997 3.981521 2.199562 2.92484 3.981521 2.185922 2.92484 3.981521 2.199562 2.93484 3.981521 2.185922 2.93484 3.981931 2.384052 0.02983997 3.981931 2.371432 0.02983997 3.981931 2.094052 0.02983997 3.981931 2.081432 0.02983997 3.981931 2.384052 0.03983997 3.981931 2.371432 0.03983997 3.981931 2.094052 0.03983997 3.981931 2.081432 0.03983997 3.983001 2.199052 2.92484 3.983001 2.186432 2.92484 3.983001 2.199052 2.93484 3.983001 2.186432 2.93484 3.983411 2.384562 0.02983997 3.983411 2.370922 0.02983997 3.983411 2.094562 0.02983997 3.983411 2.080922 0.02983997 3.983411 2.384562 0.03983997 3.983411 2.370922 0.03983997 3.983411 2.094562 0.03983997 3.983411 2.080922 0.03983997 3.983961 -2.137258 2.94484 3.983961 -2.147258 2.94484 3.983961 -2.137258 3.05484 3.983961 -2.147258 3.05484 3.983961 -2.137258 3.16484 3.983961 -2.147258 3.16484 3.984151 -2.137258 2.94281 3.984151 -2.147258 2.94281 3.984151 -2.137258 2.94686 3.984151 -2.147258 2.94686 3.984151 -2.137258 3.05281 3.984151 -2.147258 3.05281 3.984151 -2.137258 3.05686 3.984151 -2.147258 3.05686 3.984151 -2.137258 3.16281 3.984151 -2.147258 3.16281 3.984151 -2.137258 3.16686 3.984151 -2.147258 3.16686 3.984331 2.198212 2.92484 3.984331 2.187272 2.92484 3.984331 2.198212 2.93484 3.984331 2.187272 2.93484 3.984711 -2.137258 2.94086 3.984711 -2.147258 2.94086 3.984711 -2.137258 2.94881 3.984711 -2.147258 2.94881 3.984711 -2.137258 3.05086 3.984711 -2.147258 3.05086 3.984711 -2.137258 3.05881 3.984711 -2.147258 3.05881 3.984711 -2.137258 3.16086 3.984711 -2.147258 3.16086 3.984711 -2.137258 3.16881 3.984711 -2.147258 3.16881 3.984961 2.384742 0.02983997 3.984961 2.370742 0.02983997 3.984961 2.094742 0.02983997 3.984961 2.080742 0.02983997 3.984961 2.384742 0.03983997 3.984961 2.370742 0.03983997 3.984961 2.094742 0.03983997 3.984961 2.080742 0.03983997 3.985441 2.197102 2.92484 3.985441 2.188382 2.92484 3.985441 2.197102 2.93484 3.985441 2.188382 2.93484 3.985611 -2.137258 2.93904 3.985611 -2.147258 2.93904 3.985611 -2.137258 2.95063 3.985611 -2.147258 2.95063 3.985611 -2.137258 3.04904 3.985611 -2.147258 3.04904 3.985611 -2.137258 3.06063 3.985611 -2.147258 3.06063 3.985611 -2.137258 3.15904 3.985611 -2.147258 3.15904 3.985611 -2.137258 3.17063 3.985611 -2.147258 3.17063 3.986271 2.195782 2.92484 3.986271 2.189702 2.92484 3.986271 2.195782 2.93484 3.986271 2.189702 2.93484 3.986521 2.384562 0.02983997 3.986521 2.370922 0.02983997 3.986521 2.094562 0.02983997 3.986521 2.080922 0.02983997 3.986521 2.384562 0.03983997 3.986521 2.370922 0.03983997 3.986521 2.094562 0.03983997 3.986521 2.080922 0.03983997 3.986791 2.194302 2.92484 3.986791 2.191182 2.92484 3.986791 2.194302 2.93484 3.986791 2.191182 2.93484 3.986831 -2.137258 2.93743 3.986831 -2.147258 2.93743 3.986831 -2.137258 2.95225 3.986831 -2.147258 2.95225 3.986831 -2.137258 3.04743 3.986831 -2.147258 3.04743 3.986831 -2.137258 3.06225 3.986831 -2.147258 3.06225 3.986831 -2.137258 3.15743 3.986831 -2.147258 3.15743 3.986831 -2.137258 3.17225 3.986831 -2.147258 3.17225 3.986961 2.192742 2.92484 3.986961 2.192742 2.93484 3.987961 -2.147258 2.94484 3.987961 -2.157258 2.94484 3.987961 -2.147258 3.05484 3.987961 -2.157258 3.05484 3.987961 -2.147258 3.16484 3.987961 -2.157258 3.16484 3.988001 2.384052 0.02983997 3.988001 2.371432 0.02983997 3.988001 2.094052 0.02983997 3.988001 2.081432 0.02983997 3.988001 2.384052 0.03983997 3.988001 2.371432 0.03983997 3.988001 2.094052 0.03983997 3.988001 2.081432 0.03983997 3.988141 -2.147258 2.94328 3.988141 -2.157258 2.94328 3.988141 -2.147258 2.94639 3.988141 -2.157258 2.94639 3.988141 -2.147258 3.05328 3.988141 -2.157258 3.05328 3.988141 -2.147258 3.05639 3.988141 -2.157258 3.05639 3.988141 -2.147258 3.16328 3.988141 -2.157258 3.16328 3.988141 -2.147258 3.16639 3.988141 -2.157258 3.16639 3.988331 -2.137258 2.93606 3.988331 -2.147258 2.93606 3.988331 -2.137258 2.95361 3.988331 -2.147258 2.95361 3.988331 -2.137258 3.04606 3.988331 -2.147258 3.04606 3.988331 -2.137258 3.06361 3.988331 -2.147258 3.06361 3.988331 -2.137258 3.15606 3.988331 -2.147258 3.15606 3.988331 -2.137258 3.17361 3.988331 -2.147258 3.17361 3.988661 -2.147258 2.9418 3.988661 -2.157258 2.9418 3.988661 -2.147258 2.94787 3.988661 -2.157258 2.94787 3.988661 -2.147258 3.0518 3.988661 -2.157258 3.0518 3.988661 -2.147258 3.05787 3.988661 -2.157258 3.05787 3.988661 -2.147258 3.1618 3.988661 -2.157258 3.1618 3.988661 -2.147258 3.16787 3.988661 -2.157258 3.16787 3.989331 2.383212 0.02983997 3.989331 2.372272 0.02983997 3.989331 2.093212 0.02983997 3.989331 2.082272 0.02983997 3.989331 2.383212 0.03983997 3.989331 2.372272 0.03983997 3.989331 2.093212 0.03983997 3.989331 2.082272 0.03983997 3.989491 -2.147258 2.94047 3.989491 -2.157258 2.94047 3.989491 -2.147258 2.9492 3.989491 -2.157258 2.9492 3.989491 -2.147258 3.05047 3.989491 -2.157258 3.05047 3.989491 -2.147258 3.0592 3.989491 -2.157258 3.0592 3.989491 -2.147258 3.16047 3.989491 -2.157258 3.16047 3.989491 -2.147258 3.1692 3.989491 -2.157258 3.1692 3.989961 2.312742 2.92484 3.989961 2.072742 2.92484 3.989961 2.312742 2.93484 3.989961 2.072742 2.93484 3.990061 -2.137258 2.93499 3.990061 -2.147258 2.93499 3.990061 -2.137258 2.95468 3.990061 -2.147258 2.95468 3.990061 -2.137258 3.04499 3.990061 -2.147258 3.04499 3.990061 -2.137258 3.06468 3.990061 -2.147258 3.06468 3.990061 -2.137258 3.15499 3.990061 -2.147258 3.15499 3.990061 -2.137258 3.17468 3.990061 -2.147258 3.17468 3.990151 2.314692 2.92484 3.990151 2.310792 2.92484 3.990151 2.074692 2.92484 3.990151 2.070792 2.92484 3.990151 2.314692 2.93484 3.990151 2.310792 2.93484 3.990151 2.074692 2.93484 3.990151 2.070792 2.93484 3.990441 2.382102 0.02983997 3.990441 2.373382 0.02983997 3.990441 2.092102 0.02983997 3.990441 2.083382 0.02983997 3.990441 2.382102 0.03983997 3.990441 2.373382 0.03983997 3.990441 2.092102 0.03983997 3.990441 2.083382 0.03983997 3.990601 -2.147258 2.93936 3.990601 -2.157258 2.93936 3.990601 -2.147258 2.95031 3.990601 -2.157258 2.95031 3.990601 -2.147258 3.04936 3.990601 -2.157258 3.04936 3.990601 -2.147258 3.06031 3.990601 -2.157258 3.06031 3.990601 -2.147258 3.15936 3.990601 -2.157258 3.15936 3.990601 -2.147258 3.17031 3.990601 -2.157258 3.17031 3.990721 2.316572 2.92484 3.990721 2.308912 2.92484 3.990721 2.076572 2.92484 3.990721 2.068912 2.92484 3.990721 2.316572 2.93484 3.990721 2.308912 2.93484 3.990721 2.076572 2.93484 3.990721 2.068912 2.93484 3.991271 2.380782 0.02983997 3.991271 2.374702 0.02983997 3.991271 2.090782 0.02983997 3.991271 2.084702 0.02983997 3.991271 2.380782 0.03983997 3.991271 2.374702 0.03983997 3.991271 2.090782 0.03983997 3.991271 2.084702 0.03983997 3.991651 2.318302 2.92484 3.991651 2.307182 2.92484 3.991651 2.078302 2.92484 3.991651 2.067182 2.92484 3.991651 2.318302 2.93484 3.991651 2.307182 2.93484 3.991651 2.078302 2.93484 3.991651 2.067182 2.93484 3.991791 2.379302 0.02983997 3.991791 2.376182 0.02983997 3.991791 2.089302 0.02983997 3.991791 2.086182 0.02983997 3.991791 2.379302 0.03983997 3.991791 2.376182 0.03983997 3.991791 2.089302 0.03983997 3.991791 2.086182 0.03983997 3.991931 -2.147258 2.93853 3.991931 -2.157258 2.93853 3.991931 -2.147258 2.95114 3.991931 -2.157258 2.95114 3.991931 -2.147258 3.04853 3.991931 -2.157258 3.04853 3.991931 -2.147258 3.06114 3.991931 -2.157258 3.06114 3.991931 -2.147258 3.15853 3.991931 -2.157258 3.15853 3.991931 -2.147258 3.17114 3.991931 -2.157258 3.17114 3.991951 -2.137258 2.93426 3.991951 -2.147258 2.93426 3.991951 -2.137258 2.95542 3.991951 -2.147258 2.95542 3.991951 -2.137258 3.04426 3.991951 -2.147258 3.04426 3.991951 -2.137258 3.06542 3.991951 -2.147258 3.06542 3.991951 -2.137258 3.15426 3.991951 -2.147258 3.15426 3.991951 -2.137258 3.17542 3.991951 -2.147258 3.17542 3.991961 2.377742 0.02983997 3.991961 2.087742 0.02983997 3.991961 2.377742 0.03983997 3.991961 2.087742 0.03983997 3.992891 2.319812 2.92484 3.992891 2.305672 2.92484 3.992891 2.079812 2.92484 3.992891 2.065672 2.92484 3.992891 2.319812 2.93484 3.992891 2.305672 2.93484 3.992891 2.079812 2.93484 3.992891 2.065672 2.93484 3.992961 2.312742 2.91484 3.992961 2.072742 2.91484 3.992961 2.312742 2.92484 3.992961 2.072742 2.92484 3.993141 2.314302 2.91484 3.993141 2.311182 2.91484 3.993141 2.074302 2.91484 3.993141 2.071182 2.91484 3.993141 2.314302 2.92484 3.993141 2.311182 2.92484 3.993141 2.074302 2.92484 3.993141 2.071182 2.92484 3.993411 -2.147258 2.93801 3.993411 -2.157258 2.93801 3.993411 -2.147258 2.95166 3.993411 -2.157258 2.95166 3.993411 -2.147258 3.04801 3.993411 -2.157258 3.04801 3.993411 -2.147258 3.06166 3.993411 -2.157258 3.06166 3.993411 -2.147258 3.15801 3.993411 -2.157258 3.15801 3.993411 -2.147258 3.17166 3.993411 -2.157258 3.17166 3.993661 2.315782 2.91484 3.993661 2.309702 2.91484 3.993661 2.075782 2.91484 3.993661 2.069702 2.91484 3.993661 2.315782 2.92484 3.993661 2.309702 2.92484 3.993661 2.075782 2.92484 3.993661 2.069702 2.92484 3.993951 -2.137258 2.93388 3.993951 -2.147258 2.93388 3.993951 -2.137258 2.95579 3.993951 -2.147258 2.95579 3.993951 -2.137258 3.04388 3.993951 -2.147258 3.04388 3.993951 -2.137258 3.06579 3.993951 -2.147258 3.06579 3.993951 -2.137258 3.15388 3.993951 -2.147258 3.15388 3.993951 -2.137258 3.17579 3.993951 -2.147258 3.17579 3.994411 2.321052 2.92484 3.994411 2.304432 2.92484 3.994411 2.081052 2.92484 3.994411 2.064432 2.92484 3.994411 2.321052 2.93484 3.994411 2.304432 2.93484 3.994411 2.081052 2.93484 3.994411 2.064432 2.93484 3.994491 2.317102 2.91484 3.994491 2.308382 2.91484 3.994491 2.077102 2.91484 3.994491 2.068382 2.91484 3.994491 2.317102 2.92484 3.994491 2.308382 2.92484 3.994491 2.077102 2.92484 3.994491 2.068382 2.92484 3.994961 -2.147258 2.93784 3.994961 -2.157258 2.93784 3.994961 -2.147258 2.95184 3.994961 -2.157258 2.95184 3.994961 -2.147258 3.04784 3.994961 -2.157258 3.04784 3.994961 -2.147258 3.06184 3.994961 -2.157258 3.06184 3.994961 -2.147258 3.15784 3.994961 -2.157258 3.15784 3.994961 -2.147258 3.17184 3.994961 -2.157258 3.17184 3.995601 2.318212 2.91484 3.995601 2.307272 2.91484 3.995601 2.078212 2.91484 3.995601 2.067272 2.91484 3.995601 2.318212 2.92484 3.995601 2.307272 2.92484 3.995601 2.078212 2.92484 3.995601 2.067272 2.92484 3.995981 -2.137258 2.93388 3.995981 -2.147258 2.93388 3.995981 -2.137258 2.95579 3.995981 -2.147258 2.95579 3.995981 -2.137258 3.04388 3.995981 -2.147258 3.04388 3.995981 -2.137258 3.06579 3.995981 -2.147258 3.06579 3.995981 -2.137258 3.15388 3.995981 -2.147258 3.15388 3.995981 -2.137258 3.17579 3.995981 -2.147258 3.17579 3.996141 2.321982 2.92484 3.996141 2.303502 2.92484 3.996141 2.081982 2.92484 3.996141 2.063502 2.92484 3.996141 2.321982 2.93484 3.996141 2.303502 2.93484 3.996141 2.081982 2.93484 3.996141 2.063502 2.93484 3.996521 -2.147258 2.93801 3.996521 -2.157258 2.93801 3.996521 -2.147258 2.95166 3.996521 -2.157258 2.95166 3.996521 -2.147258 3.04801 3.996521 -2.157258 3.04801 3.996521 -2.147258 3.06166 3.996521 -2.157258 3.06166 3.996521 -2.147258 3.15801 3.996521 -2.157258 3.15801 3.996521 -2.147258 3.17166 3.996521 -2.157258 3.17166 3.996931 2.319052 2.91484 3.996931 2.306432 2.91484 3.996931 2.079052 2.91484 3.996931 2.066432 2.91484 3.996931 2.319052 2.92484 3.996931 2.306432 2.92484 3.996931 2.079052 2.92484 3.996931 2.066432 2.92484 3.997971 -2.137258 2.93426 3.997971 -2.147258 2.93426 3.997971 -2.137258 2.95542 3.997971 -2.147258 2.95542 3.997971 -2.137258 3.04426 3.997971 -2.147258 3.04426 3.997971 -2.137258 3.06542 3.997971 -2.147258 3.06542 3.997971 -2.137258 3.15426 3.997971 -2.147258 3.15426 3.997971 -2.137258 3.17542 3.997971 -2.147258 3.17542 3.998001 -2.147258 2.93853 3.998001 -2.157258 2.93853 3.998001 -2.147258 2.95114 3.998001 -2.157258 2.95114 3.998001 -2.147258 3.04853 3.998001 -2.157258 3.04853 3.998001 -2.147258 3.06114 3.998001 -2.157258 3.06114 3.998001 -2.147258 3.15853 3.998001 -2.157258 3.15853 3.998001 -2.147258 3.17114 3.998001 -2.157258 3.17114 3.998011 2.322552 2.92484 3.998011 2.302932 2.92484 3.998011 2.082552 2.92484 3.998011 2.062932 2.92484 3.998011 2.322552 2.93484 3.998011 2.302932 2.93484 3.998011 2.082552 2.93484 3.998011 2.062932 2.93484 3.998411 2.319562 2.91484 3.998411 2.305922 2.91484 3.998411 2.079562 2.91484 3.998411 2.065922 2.91484 3.998411 2.319562 2.92484 3.998411 2.305922 2.92484 3.998411 2.079562 2.92484 3.998411 2.065922 2.92484 3.999331 -2.147258 2.93936 3.999331 -2.157258 2.93936 3.999331 -2.147258 2.95031 3.999331 -2.157258 2.95031 3.999331 -2.147258 3.04936 3.999331 -2.157258 3.04936 3.999331 -2.147258 3.06031 3.999331 -2.157258 3.06031 3.999331 -2.147258 3.15936 3.999331 -2.157258 3.15936 3.999331 -2.147258 3.17031 3.999331 -2.157258 3.17031 3.999871 -2.137258 2.93499 3.999871 -2.147258 2.93499 3.999871 -2.137258 2.95468 3.999871 -2.147258 2.95468 3.999871 -2.137258 3.04499 3.999871 -2.147258 3.04499 3.999871 -2.137258 3.06468 3.999871 -2.147258 3.06468 3.999871 -2.137258 3.15499 3.999871 -2.147258 3.15499 3.999871 -2.137258 3.17468 3.999871 -2.147258 3.17468 3.999961 2.319742 2.91484 3.999961 2.305742 2.91484 3.999961 2.079742 2.91484 3.999961 2.065742 2.91484 3.999961 2.322742 2.92484 3.999961 2.319742 2.92484 3.999961 2.305742 2.92484 3.999961 2.302742 2.92484 3.999961 2.082742 2.92484 3.999961 2.079742 2.92484 3.999961 2.065742 2.92484 3.999961 2.062742 2.92484 3.999961 2.322742 2.93484 3.999961 2.302742 2.93484 3.999961 2.082742 2.93484 3.999961 2.062742 2.93484 4.000441 -2.147258 2.94047 4.000441 -2.157258 2.94047 4.000441 -2.147258 2.9492 4.000441 -2.157258 2.9492 4.000441 -2.147258 3.05047 4.000441 -2.157258 3.05047 4.000441 -2.147258 3.0592 4.000441 -2.157258 3.0592 4.000441 -2.147258 3.16047 4.000441 -2.157258 3.16047 4.000441 -2.147258 3.1692 4.000441 -2.157258 3.1692 4.001271 -2.147258 2.9418 4.001271 -2.157258 2.9418 4.001271 -2.147258 2.94787 4.001271 -2.157258 2.94787 4.001271 -2.147258 3.0518 4.001271 -2.157258 3.0518 4.001271 -2.147258 3.05787 4.001271 -2.157258 3.05787 4.001271 -2.147258 3.1618 4.001271 -2.157258 3.1618 4.001271 -2.147258 3.16787 4.001271 -2.157258 3.16787 4.001521 2.319562 2.91484 4.001521 2.305922 2.91484 4.001521 2.079562 2.91484 4.001521 2.065922 2.91484 4.001521 2.319562 2.92484 4.001521 2.305922 2.92484 4.001521 2.079562 2.92484 4.001521 2.065922 2.92484 4.001591 -2.137258 2.93606 4.001591 -2.147258 2.93606 4.001591 -2.137258 2.95361 4.001591 -2.147258 2.95361 4.001591 -2.137258 3.04606 4.001591 -2.147258 3.04606 4.001591 -2.137258 3.06361 4.001591 -2.147258 3.06361 4.001591 -2.137258 3.15606 4.001591 -2.147258 3.15606 4.001591 -2.137258 3.17361 4.001591 -2.147258 3.17361 4.001791 -2.147258 2.94328 4.001791 -2.157258 2.94328 4.001791 -2.147258 2.94639 4.001791 -2.157258 2.94639 4.001791 -2.147258 3.05328 4.001791 -2.157258 3.05328 4.001791 -2.147258 3.05639 4.001791 -2.157258 3.05639 4.001791 -2.147258 3.16328 4.001791 -2.157258 3.16328 4.001791 -2.147258 3.16639 4.001791 -2.157258 3.16639 4.001911 2.322552 2.92484 4.001911 2.302932 2.92484 4.001911 2.082552 2.92484 4.001911 2.062932 2.92484 4.001911 2.322552 2.93484 4.001911 2.302932 2.93484 4.001911 2.082552 2.93484 4.001911 2.062932 2.93484 4.001961 -2.147258 2.94484 4.001961 -2.157258 2.94484 4.001961 -2.147258 3.05484 4.001961 -2.157258 3.05484 4.001961 -2.147258 3.16484 4.001961 -2.157258 3.16484 4.003001 2.319052 2.91484 4.003001 2.306432 2.91484 4.003001 2.079052 2.91484 4.003001 2.066432 2.91484 4.003001 2.319052 2.92484 4.003001 2.306432 2.92484 4.003001 2.079052 2.92484 4.003001 2.066432 2.92484 4.003091 -2.137258 2.93743 4.003091 -2.147258 2.93743 4.003091 -2.137258 2.95225 4.003091 -2.147258 2.95225 4.003091 -2.137258 3.04743 4.003091 -2.147258 3.04743 4.003091 -2.137258 3.06225 4.003091 -2.147258 3.06225 4.003091 -2.137258 3.15743 4.003091 -2.147258 3.15743 4.003091 -2.137258 3.17225 4.003091 -2.147258 3.17225 4.003791 2.321982 2.92484 4.003791 2.303502 2.92484 4.003791 2.081982 2.92484 4.003791 2.063502 2.92484 4.003791 2.321982 2.93484 4.003791 2.303502 2.93484 4.003791 2.081982 2.93484 4.003791 2.063502 2.93484 4.004321 -2.137258 2.93904 4.004321 -2.147258 2.93904 4.004321 -2.137258 2.95063 4.004321 -2.147258 2.95063 4.004321 -2.137258 3.04904 4.004321 -2.147258 3.04904 4.004321 -2.137258 3.06063 4.004321 -2.147258 3.06063 4.004321 -2.137258 3.15904 4.004321 -2.147258 3.15904 4.004321 -2.137258 3.17063 4.004321 -2.147258 3.17063 4.004331 2.318212 2.91484 4.004331 2.307272 2.91484 4.004331 2.078212 2.91484 4.004331 2.067272 2.91484 4.004331 2.318212 2.92484 4.004331 2.307272 2.92484 4.004331 2.078212 2.92484 4.004331 2.067272 2.92484 4.004961 2.312742 0.03983997 4.004961 2.302742 0.03983997 4.004961 2.162742 0.03983997 4.004961 2.152742 0.03983997 4.004961 2.312742 0.05483997 4.004961 2.302742 0.05483997 4.004961 2.162742 0.05483997 4.004961 2.152742 0.05483997 4.004961 -2.137258 2.91984 4.004961 -2.157258 2.91984 4.004961 -2.137258 3.18984 4.004961 -2.157258 3.18984 4.005221 -2.137258 2.94086 4.005221 -2.147258 2.94086 4.005221 -2.137258 2.94881 4.005221 -2.147258 2.94881 4.005221 -2.137258 3.05086 4.005221 -2.147258 3.05086 4.005221 -2.137258 3.05881 4.005221 -2.147258 3.05881 4.005221 -2.137258 3.16086 4.005221 -2.147258 3.16086 4.005221 -2.137258 3.16881 4.005221 -2.147258 3.16881 4.005441 2.317102 2.91484 4.005441 2.308382 2.91484 4.005441 2.077102 2.91484 4.005441 2.068382 2.91484 4.005441 2.317102 2.92484 4.005441 2.308382 2.92484 4.005441 2.077102 2.92484 4.005441 2.068382 2.92484 4.005521 2.321052 2.92484 4.005521 2.304432 2.92484 4.005521 2.081052 2.92484 4.005521 2.064432 2.92484 4.005521 2.321052 2.93484 4.005521 2.304432 2.93484 4.005521 2.081052 2.93484 4.005521 2.064432 2.93484 4.005781 -2.137258 2.94281 4.005781 -2.147258 2.94281 4.005781 -2.137258 2.94686 4.005781 -2.147258 2.94686 4.005781 -2.137258 3.05281 4.005781 -2.147258 3.05281 4.005781 -2.137258 3.05686 4.005781 -2.147258 3.05686 4.005781 -2.137258 3.16281 4.005781 -2.147258 3.16281 4.005781 -2.137258 3.16686 4.005781 -2.147258 3.16686 4.005961 -2.137258 2.94484 4.005961 -2.147258 2.94484 4.005961 -2.137258 3.05484 4.005961 -2.147258 3.05484 4.005961 -2.137258 3.16484 4.005961 -2.147258 3.16484 4.006271 2.315782 2.91484 4.006271 2.309702 2.91484 4.006271 2.075782 2.91484 4.006271 2.069702 2.91484 4.006271 2.315782 2.92484 4.006271 2.309702 2.92484 4.006271 2.075782 2.92484 4.006271 2.069702 2.92484 4.006791 2.314302 2.91484 4.006791 2.311182 2.91484 4.006791 2.074302 2.91484 4.006791 2.071182 2.91484 4.006791 2.314302 2.92484 4.006791 2.311182 2.92484 4.006791 2.074302 2.92484 4.006791 2.071182 2.92484 4.006961 2.312742 2.91484 4.006961 2.072742 2.91484 4.006961 2.312742 2.92484 4.006961 2.072742 2.92484 4.007031 2.319812 2.92484 4.007031 2.305672 2.92484 4.007031 2.079812 2.92484 4.007031 2.065672 2.92484 4.007031 2.319812 2.93484 4.007031 2.305672 2.93484 4.007031 2.079812 2.93484 4.007031 2.065672 2.93484 4.008281 2.318302 2.92484 4.008281 2.307182 2.92484 4.008281 2.078302 2.92484 4.008281 2.067182 2.92484 4.008281 2.318302 2.93484 4.008281 2.307182 2.93484 4.008281 2.078302 2.93484 4.008281 2.067182 2.93484 4.009201 2.316572 2.92484 4.009201 2.308912 2.92484 4.009201 2.076572 2.92484 4.009201 2.068912 2.92484 4.009201 2.316572 2.93484 4.009201 2.308912 2.93484 4.009201 2.076572 2.93484 4.009201 2.068912 2.93484 4.009771 2.314692 2.92484 4.009771 2.310792 2.92484 4.009771 2.074692 2.92484 4.009771 2.070792 2.92484 4.009771 2.314692 2.93484 4.009771 2.310792 2.93484 4.009771 2.074692 2.93484 4.009771 2.070792 2.93484 4.009961 2.337742 2.91484 4.009961 2.047742 2.91484 4.009961 2.312742 2.92484 4.009961 2.072742 2.92484 4.009961 2.337742 2.93484 4.009961 2.312742 2.93484 4.009961 2.072742 2.93484 4.009961 2.047742 2.93484 4.014961 2.407742 0.02983997 4.014961 2.057742 0.02983997 4.014961 2.407742 0.03983997 4.014961 2.057742 0.03983997 4.019961 -2.137258 2.93484 4.019961 -2.157258 2.93484 4.019961 -2.157258 2.97484 4.019961 -2.157258 2.98784 4.019961 -2.157258 3.12184 4.019961 -2.157258 3.13484 4.019961 -2.137258 3.17484 4.019961 -2.157258 3.17484 4.024961 2.322742 2.91484 4.024961 2.062742 2.91484 4.024961 2.322742 2.93484 4.024961 2.062742 2.93484 5.339961 -2.162258 2.96484 5.339961 -2.312258 2.96484 5.339961 -2.162258 2.97484 5.339961 -2.312258 2.97484 5.344961 -2.157258 2.97484 5.344961 -2.317258 2.97484 5.354961 -2.147258 2.96484 5.354961 -2.327258 2.96484 5.354961 -2.147258 2.97484 5.354961 -2.327258 2.97484 5.359011 -2.181248 2.97484 5.359011 -2.183268 2.97484 5.359011 -2.291248 2.97484 5.359011 -2.293268 2.97484 5.359011 -2.181248 2.98784 5.359011 -2.183268 2.98784 5.359011 -2.291248 2.98784 5.359011 -2.293268 2.98784 5.359381 -2.179248 2.97484 5.359381 -2.185268 2.97484 5.359381 -2.289248 2.97484 5.359381 -2.295268 2.97484 5.359381 -2.179248 2.98784 5.359381 -2.185268 2.98784 5.359381 -2.289248 2.98784 5.359381 -2.295268 2.98784 5.360121 -2.177358 2.97484 5.360121 -2.187158 2.97484 5.360121 -2.287358 2.97484 5.360121 -2.297158 2.97484 5.360121 -2.177358 2.98784 5.360121 -2.187158 2.98784 5.360121 -2.287358 2.98784 5.360121 -2.297158 2.98784 5.361181 -2.175628 2.97484 5.361181 -2.188888 2.97484 5.361181 -2.285628 2.97484 5.361181 -2.298888 2.97484 5.361181 -2.175628 2.98784 5.361181 -2.188888 2.98784 5.361181 -2.285628 2.98784 5.361181 -2.298888 2.98784 5.362551 -2.174128 2.97484 5.362551 -2.190388 2.97484 5.362551 -2.284128 2.97484 5.362551 -2.300388 2.97484 5.362551 -2.174128 2.98784 5.362551 -2.190388 2.98784 5.362551 -2.284128 2.98784 5.362551 -2.300388 2.98784 5.362961 -2.182258 2.96484 5.362961 -2.292258 2.96484 5.362961 -2.182258 2.97484 5.362961 -2.292258 2.97484 5.363141 -2.180698 2.96484 5.363141 -2.183818 2.96484 5.363141 -2.290698 2.96484 5.363141 -2.293818 2.96484 5.363141 -2.180698 2.97484 5.363141 -2.183818 2.97484 5.363141 -2.290698 2.97484 5.363141 -2.293818 2.97484 5.363661 -2.179218 2.96484 5.363661 -2.185298 2.96484 5.363661 -2.289218 2.96484 5.363661 -2.295298 2.96484 5.363661 -2.179218 2.97484 5.363661 -2.185298 2.97484 5.363661 -2.289218 2.97484 5.363661 -2.295298 2.97484 5.364171 -2.172908 2.97484 5.364171 -2.191608 2.97484 5.364171 -2.282908 2.97484 5.364171 -2.301608 2.97484 5.364171 -2.172908 2.98784 5.364171 -2.191608 2.98784 5.364171 -2.282908 2.98784 5.364171 -2.301608 2.98784 5.364491 -2.177898 2.96484 5.364491 -2.186618 2.96484 5.364491 -2.287898 2.96484 5.364491 -2.296618 2.96484 5.364491 -2.177898 2.97484 5.364491 -2.186618 2.97484 5.364491 -2.287898 2.97484 5.364491 -2.296618 2.97484 5.365601 -2.176788 2.96484 5.365601 -2.187728 2.96484 5.365601 -2.286788 2.96484 5.365601 -2.297728 2.96484 5.365601 -2.176788 2.97484 5.365601 -2.187728 2.97484 5.365601 -2.286788 2.97484 5.365601 -2.297728 2.97484 5.365991 -2.171998 2.97484 5.365991 -2.192518 2.97484 5.365991 -2.281998 2.97484 5.365991 -2.302518 2.97484 5.365991 -2.171998 2.98784 5.365991 -2.192518 2.98784 5.365991 -2.281998 2.98784 5.365991 -2.302518 2.98784 5.366931 -2.175948 2.96484 5.366931 -2.188568 2.96484 5.366931 -2.285948 2.96484 5.366931 -2.298568 2.96484 5.366931 -2.175948 2.97484 5.366931 -2.188568 2.97484 5.366931 -2.285948 2.97484 5.366931 -2.298568 2.97484 5.367941 -2.171448 2.97484 5.367941 -2.193068 2.97484 5.367941 -2.281448 2.97484 5.367941 -2.303068 2.97484 5.367941 -2.171448 2.98784 5.367941 -2.193068 2.98784 5.367941 -2.281448 2.98784 5.367941 -2.303068 2.98784 5.368401 -2.175438 2.96484 5.368401 -2.189078 2.96484 5.368401 -2.285438 2.96484 5.368401 -2.299078 2.96484 5.368401 -2.175438 2.97484 5.368401 -2.189078 2.97484 5.368401 -2.285438 2.97484 5.368401 -2.299078 2.97484 5.369961 -2.175258 2.96484 5.369961 -2.189258 2.96484 5.369961 -2.285258 2.96484 5.369961 -2.299258 2.96484 5.369961 -2.171258 2.97484 5.369961 -2.175258 2.97484 5.369961 -2.189258 2.97484 5.369961 -2.193258 2.97484 5.369961 -2.281258 2.97484 5.369961 -2.285258 2.97484 5.369961 -2.299258 2.97484 5.369961 -2.303258 2.97484 5.369961 -2.171258 2.98784 5.369961 -2.193258 2.98784 5.369961 -2.281258 2.98784 5.369961 -2.303258 2.98784 5.371521 -2.175438 2.96484 5.371521 -2.189078 2.96484 5.371521 -2.285438 2.96484 5.371521 -2.299078 2.96484 5.371521 -2.175438 2.97484 5.371521 -2.189078 2.97484 5.371521 -2.285438 2.97484 5.371521 -2.299078 2.97484 5.371981 -2.171448 2.97484 5.371981 -2.193068 2.97484 5.371981 -2.281448 2.97484 5.371981 -2.303068 2.97484 5.371981 -2.171448 2.98784 5.371981 -2.193068 2.98784 5.371981 -2.281448 2.98784 5.371981 -2.303068 2.98784 5.373001 -2.175948 2.96484 5.373001 -2.188568 2.96484 5.373001 -2.285948 2.96484 5.373001 -2.298568 2.96484 5.373001 -2.175948 2.97484 5.373001 -2.188568 2.97484 5.373001 -2.285948 2.97484 5.373001 -2.298568 2.97484 5.373941 -2.171998 2.97484 5.373941 -2.192518 2.97484 5.373941 -2.281998 2.97484 5.373941 -2.302518 2.97484 5.373941 -2.171998 2.98784 5.373941 -2.192518 2.98784 5.373941 -2.281998 2.98784 5.373941 -2.302518 2.98784 5.374331 -2.176788 2.96484 5.374331 -2.187728 2.96484 5.374331 -2.286788 2.96484 5.374331 -2.297728 2.96484 5.374331 -2.176788 2.97484 5.374331 -2.187728 2.97484 5.374331 -2.286788 2.97484 5.374331 -2.297728 2.97484 5.375441 -2.177898 2.96484 5.375441 -2.186618 2.96484 5.375441 -2.287898 2.96484 5.375441 -2.296618 2.96484 5.375441 -2.177898 2.97484 5.375441 -2.186618 2.97484 5.375441 -2.287898 2.97484 5.375441 -2.296618 2.97484 5.375751 -2.172908 2.97484 5.375751 -2.191608 2.97484 5.375751 -2.282908 2.97484 5.375751 -2.301608 2.97484 5.375751 -2.172908 2.98784 5.375751 -2.191608 2.98784 5.375751 -2.282908 2.98784 5.375751 -2.301608 2.98784 5.376271 -2.179218 2.96484 5.376271 -2.185298 2.96484 5.376271 -2.289218 2.96484 5.376271 -2.295298 2.96484 5.376271 -2.179218 2.97484 5.376271 -2.185298 2.97484 5.376271 -2.289218 2.97484 5.376271 -2.295298 2.97484 5.376791 -2.180698 2.96484 5.376791 -2.183818 2.96484 5.376791 -2.290698 2.96484 5.376791 -2.293818 2.96484 5.376791 -2.180698 2.97484 5.376791 -2.183818 2.97484 5.376791 -2.290698 2.97484 5.376791 -2.293818 2.97484 5.376961 -2.182258 2.96484 5.376961 -2.292258 2.96484 5.376961 -2.182258 2.97484 5.376961 -2.292258 2.97484 5.377371 -2.174128 2.97484 5.377371 -2.190388 2.97484 5.377371 -2.284128 2.97484 5.377371 -2.300388 2.97484 5.377371 -2.174128 2.98784 5.377371 -2.190388 2.98784 5.377371 -2.284128 2.98784 5.377371 -2.300388 2.98784 5.378741 -2.175628 2.97484 5.378741 -2.188888 2.97484 5.378741 -2.285628 2.97484 5.378741 -2.298888 2.97484 5.378741 -2.175628 2.98784 5.378741 -2.188888 2.98784 5.378741 -2.285628 2.98784 5.378741 -2.298888 2.98784 5.379811 -2.177358 2.97484 5.379811 -2.187158 2.97484 5.379811 -2.287358 2.97484 5.379811 -2.297158 2.97484 5.379811 -2.177358 2.98784 5.379811 -2.187158 2.98784 5.379811 -2.287358 2.98784 5.379811 -2.297158 2.98784 5.380541 -2.179248 2.97484 5.380541 -2.185268 2.97484 5.380541 -2.289248 2.97484 5.380541 -2.295268 2.97484 5.380541 -2.179248 2.98784 5.380541 -2.185268 2.98784 5.380541 -2.289248 2.98784 5.380541 -2.295268 2.98784 5.380921 -2.181248 2.97484 5.380921 -2.183268 2.97484 5.380921 -2.291248 2.97484 5.380921 -2.293268 2.97484 5.380921 -2.181248 2.98784 5.380921 -2.183268 2.98784 5.380921 -2.291248 2.98784 5.380921 -2.293268 2.98784 5.389961 -2.232258 2.94984 5.389961 -2.242258 2.94984 5.389961 -2.232258 2.96484 5.389961 -2.242258 2.96484 5.419961 -2.062258 0.02983997 5.419961 -2.412258 0.02983997 5.419961 -2.062258 0.03983997 5.419961 -2.412258 0.03983997 5.442961 -2.092258 0.02983997 5.442961 -2.382258 0.02983997 5.442961 -2.092258 0.03983997 5.442961 -2.382258 0.03983997 5.443141 -2.090698 0.02983997 5.443141 -2.093818 0.02983997 5.443141 -2.380698 0.02983997 5.443141 -2.383818 0.02983997 5.443141 -2.090698 0.03983997 5.443141 -2.093818 0.03983997 5.443141 -2.380698 0.03983997 5.443141 -2.383818 0.03983997 5.443661 -2.089218 0.02983997 5.443661 -2.095298 0.02983997 5.443661 -2.379218 0.02983997 5.443661 -2.385298 0.02983997 5.443661 -2.089218 0.03983997 5.443661 -2.095298 0.03983997 5.443661 -2.379218 0.03983997 5.443661 -2.385298 0.03983997 5.444491 -2.087898 0.02983997 5.444491 -2.096618 0.02983997 5.444491 -2.377898 0.02983997 5.444491 -2.386618 0.02983997 5.444491 -2.087898 0.03983997 5.444491 -2.096618 0.03983997 5.444491 -2.377898 0.03983997 5.444491 -2.386618 0.03983997 5.445601 -2.086788 0.02983997 5.445601 -2.097728 0.02983997 5.445601 -2.376788 0.02983997 5.445601 -2.387728 0.02983997 5.445601 -2.086788 0.03983997 5.445601 -2.097728 0.03983997 5.445601 -2.376788 0.03983997 5.445601 -2.387728 0.03983997 5.446931 -2.085948 0.02983997 5.446931 -2.098568 0.02983997 5.446931 -2.375948 0.02983997 5.446931 -2.388568 0.02983997 5.446931 -2.085948 0.03983997 5.446931 -2.098568 0.03983997 5.446931 -2.375948 0.03983997 5.446931 -2.388568 0.03983997 5.448401 -2.085438 0.02983997 5.448401 -2.099078 0.02983997 5.448401 -2.375438 0.02983997 5.448401 -2.389078 0.02983997 5.448401 -2.085438 0.03983997 5.448401 -2.099078 0.03983997 5.448401 -2.375438 0.03983997 5.448401 -2.389078 0.03983997 5.449961 -2.085258 0.02983997 5.449961 -2.099258 0.02983997 5.449961 -2.375258 0.02983997 5.449961 -2.389258 0.02983997 5.449961 -2.085258 0.03983997 5.449961 -2.099258 0.03983997 5.449961 -2.375258 0.03983997 5.449961 -2.389258 0.03983997 5.451521 -2.085438 0.02983997 5.451521 -2.099078 0.02983997 5.451521 -2.375438 0.02983997 5.451521 -2.389078 0.02983997 5.451521 -2.085438 0.03983997 5.451521 -2.099078 0.03983997 5.451521 -2.375438 0.03983997 5.451521 -2.389078 0.03983997 5.453001 -2.085948 0.02983997 5.453001 -2.098568 0.02983997 5.453001 -2.375948 0.02983997 5.453001 -2.388568 0.02983997 5.453001 -2.085948 0.03983997 5.453001 -2.098568 0.03983997 5.453001 -2.375948 0.03983997 5.453001 -2.388568 0.03983997 5.454331 -2.086788 0.02983997 5.454331 -2.097728 0.02983997 5.454331 -2.376788 0.02983997 5.454331 -2.387728 0.02983997 5.454331 -2.086788 0.03983997 5.454331 -2.097728 0.03983997 5.454331 -2.376788 0.03983997 5.454331 -2.387728 0.03983997 5.455441 -2.087898 0.02983997 5.455441 -2.096618 0.02983997 5.455441 -2.377898 0.02983997 5.455441 -2.386618 0.02983997 5.455441 -2.087898 0.03983997 5.455441 -2.096618 0.03983997 5.455441 -2.377898 0.03983997 5.455441 -2.386618 0.03983997 5.456271 -2.089218 0.02983997 5.456271 -2.095298 0.02983997 5.456271 -2.379218 0.02983997 5.456271 -2.385298 0.02983997 5.456271 -2.089218 0.03983997 5.456271 -2.095298 0.03983997 5.456271 -2.379218 0.03983997 5.456271 -2.385298 0.03983997 5.456791 -2.090698 0.02983997 5.456791 -2.093818 0.02983997 5.456791 -2.380698 0.02983997 5.456791 -2.383818 0.02983997 5.456791 -2.090698 0.03983997 5.456791 -2.093818 0.03983997 5.456791 -2.380698 0.03983997 5.456791 -2.383818 0.03983997 5.456961 -2.092258 0.02983997 5.456961 -2.382258 0.02983997 5.456961 -2.092258 0.03983997 5.456961 -2.382258 0.03983997 5.539011 -2.181248 2.97484 5.539011 -2.183268 2.97484 5.539011 -2.291248 2.97484 5.539011 -2.293268 2.97484 5.539011 -2.181248 2.98784 5.539011 -2.183268 2.98784 5.539011 -2.291248 2.98784 5.539011 -2.293268 2.98784 5.539381 -2.179248 2.97484 5.539381 -2.185268 2.97484 5.539381 -2.289248 2.97484 5.539381 -2.295268 2.97484 5.539381 -2.179248 2.98784 5.539381 -2.185268 2.98784 5.539381 -2.289248 2.98784 5.539381 -2.295268 2.98784 5.540121 -2.177358 2.97484 5.540121 -2.187158 2.97484 5.540121 -2.287358 2.97484 5.540121 -2.297158 2.97484 5.540121 -2.177358 2.98784 5.540121 -2.187158 2.98784 5.540121 -2.287358 2.98784 5.540121 -2.297158 2.98784 5.541181 -2.175628 2.97484 5.541181 -2.188888 2.97484 5.541181 -2.285628 2.97484 5.541181 -2.298888 2.97484 5.541181 -2.175628 2.98784 5.541181 -2.188888 2.98784 5.541181 -2.285628 2.98784 5.541181 -2.298888 2.98784 5.542551 -2.174128 2.97484 5.542551 -2.190388 2.97484 5.542551 -2.284128 2.97484 5.542551 -2.300388 2.97484 5.542551 -2.174128 2.98784 5.542551 -2.190388 2.98784 5.542551 -2.284128 2.98784 5.542551 -2.300388 2.98784 5.542961 -2.182258 2.96484 5.542961 -2.292258 2.96484 5.542961 -2.182258 2.97484 5.542961 -2.292258 2.97484 5.543141 -2.180698 2.96484 5.543141 -2.183818 2.96484 5.543141 -2.290698 2.96484 5.543141 -2.293818 2.96484 5.543141 -2.180698 2.97484 5.543141 -2.183818 2.97484 5.543141 -2.290698 2.97484 5.543141 -2.293818 2.97484 5.543661 -2.179218 2.96484 5.543661 -2.185298 2.96484 5.543661 -2.289218 2.96484 5.543661 -2.295298 2.96484 5.543661 -2.179218 2.97484 5.543661 -2.185298 2.97484 5.543661 -2.289218 2.97484 5.543661 -2.295298 2.97484 5.544171 -2.172908 2.97484 5.544171 -2.191608 2.97484 5.544171 -2.282908 2.97484 5.544171 -2.301608 2.97484 5.544171 -2.172908 2.98784 5.544171 -2.191608 2.98784 5.544171 -2.282908 2.98784 5.544171 -2.301608 2.98784 5.544491 -2.177898 2.96484 5.544491 -2.186618 2.96484 5.544491 -2.287898 2.96484 5.544491 -2.296618 2.96484 5.544491 -2.177898 2.97484 5.544491 -2.186618 2.97484 5.544491 -2.287898 2.97484 5.544491 -2.296618 2.97484 5.545601 -2.176788 2.96484 5.545601 -2.187728 2.96484 5.545601 -2.286788 2.96484 5.545601 -2.297728 2.96484 5.545601 -2.176788 2.97484 5.545601 -2.187728 2.97484 5.545601 -2.286788 2.97484 5.545601 -2.297728 2.97484 5.545991 -2.171998 2.97484 5.545991 -2.192518 2.97484 5.545991 -2.281998 2.97484 5.545991 -2.302518 2.97484 5.545991 -2.171998 2.98784 5.545991 -2.192518 2.98784 5.545991 -2.281998 2.98784 5.545991 -2.302518 2.98784 5.546931 -2.175948 2.96484 5.546931 -2.188568 2.96484 5.546931 -2.285948 2.96484 5.546931 -2.298568 2.96484 5.546931 -2.175948 2.97484 5.546931 -2.188568 2.97484 5.546931 -2.285948 2.97484 5.546931 -2.298568 2.97484 5.547941 -2.171448 2.97484 5.547941 -2.193068 2.97484 5.547941 -2.281448 2.97484 5.547941 -2.303068 2.97484 5.547941 -2.171448 2.98784 5.547941 -2.193068 2.98784 5.547941 -2.281448 2.98784 5.547941 -2.303068 2.98784 5.548401 -2.175438 2.96484 5.548401 -2.189078 2.96484 5.548401 -2.285438 2.96484 5.548401 -2.299078 2.96484 5.548401 -2.175438 2.97484 5.548401 -2.189078 2.97484 5.548401 -2.285438 2.97484 5.548401 -2.299078 2.97484 5.549961 -2.175258 2.96484 5.549961 -2.189258 2.96484 5.549961 -2.285258 2.96484 5.549961 -2.299258 2.96484 5.549961 -2.171258 2.97484 5.549961 -2.175258 2.97484 5.549961 -2.189258 2.97484 5.549961 -2.193258 2.97484 5.549961 -2.281258 2.97484 5.549961 -2.285258 2.97484 5.549961 -2.299258 2.97484 5.549961 -2.303258 2.97484 5.549961 -2.171258 2.98784 5.549961 -2.193258 2.98784 5.549961 -2.281258 2.98784 5.549961 -2.303258 2.98784 5.551521 -2.175438 2.96484 5.551521 -2.189078 2.96484 5.551521 -2.285438 2.96484 5.551521 -2.299078 2.96484 5.551521 -2.175438 2.97484 5.551521 -2.189078 2.97484 5.551521 -2.285438 2.97484 5.551521 -2.299078 2.97484 5.551981 -2.171448 2.97484 5.551981 -2.193068 2.97484 5.551981 -2.281448 2.97484 5.551981 -2.303068 2.97484 5.551981 -2.171448 2.98784 5.551981 -2.193068 2.98784 5.551981 -2.281448 2.98784 5.551981 -2.303068 2.98784 5.553001 -2.175948 2.96484 5.553001 -2.188568 2.96484 5.553001 -2.285948 2.96484 5.553001 -2.298568 2.96484 5.553001 -2.175948 2.97484 5.553001 -2.188568 2.97484 5.553001 -2.285948 2.97484 5.553001 -2.298568 2.97484 5.553941 -2.171998 2.97484 5.553941 -2.192518 2.97484 5.553941 -2.281998 2.97484 5.553941 -2.302518 2.97484 5.553941 -2.171998 2.98784 5.553941 -2.192518 2.98784 5.553941 -2.281998 2.98784 5.553941 -2.302518 2.98784 5.554331 -2.176788 2.96484 5.554331 -2.187728 2.96484 5.554331 -2.286788 2.96484 5.554331 -2.297728 2.96484 5.554331 -2.176788 2.97484 5.554331 -2.187728 2.97484 5.554331 -2.286788 2.97484 5.554331 -2.297728 2.97484 5.555441 -2.177898 2.96484 5.555441 -2.186618 2.96484 5.555441 -2.287898 2.96484 5.555441 -2.296618 2.96484 5.555441 -2.177898 2.97484 5.555441 -2.186618 2.97484 5.555441 -2.287898 2.97484 5.555441 -2.296618 2.97484 5.555751 -2.172908 2.97484 5.555751 -2.191608 2.97484 5.555751 -2.282908 2.97484 5.555751 -2.301608 2.97484 5.555751 -2.172908 2.98784 5.555751 -2.191608 2.98784 5.555751 -2.282908 2.98784 5.555751 -2.301608 2.98784 5.556271 -2.179218 2.96484 5.556271 -2.185298 2.96484 5.556271 -2.289218 2.96484 5.556271 -2.295298 2.96484 5.556271 -2.179218 2.97484 5.556271 -2.185298 2.97484 5.556271 -2.289218 2.97484 5.556271 -2.295298 2.97484 5.556791 -2.180698 2.96484 5.556791 -2.183818 2.96484 5.556791 -2.290698 2.96484 5.556791 -2.293818 2.96484 5.556791 -2.180698 2.97484 5.556791 -2.183818 2.97484 5.556791 -2.290698 2.97484 5.556791 -2.293818 2.97484 5.556961 -2.182258 2.96484 5.556961 -2.292258 2.96484 5.556961 -2.182258 2.97484 5.556961 -2.292258 2.97484 5.557371 -2.174128 2.97484 5.557371 -2.190388 2.97484 5.557371 -2.284128 2.97484 5.557371 -2.300388 2.97484 5.557371 -2.174128 2.98784 5.557371 -2.190388 2.98784 5.557371 -2.284128 2.98784 5.557371 -2.300388 2.98784 5.558741 -2.175628 2.97484 5.558741 -2.188888 2.97484 5.558741 -2.285628 2.97484 5.558741 -2.298888 2.97484 5.558741 -2.175628 2.98784 5.558741 -2.188888 2.98784 5.558741 -2.285628 2.98784 5.558741 -2.298888 2.98784 5.559811 -2.177358 2.97484 5.559811 -2.187158 2.97484 5.559811 -2.287358 2.97484 5.559811 -2.297158 2.97484 5.559811 -2.177358 2.98784 5.559811 -2.187158 2.98784 5.559811 -2.287358 2.98784 5.559811 -2.297158 2.98784 5.560541 -2.179248 2.97484 5.560541 -2.185268 2.97484 5.560541 -2.289248 2.97484 5.560541 -2.295268 2.97484 5.560541 -2.179248 2.98784 5.560541 -2.185268 2.98784 5.560541 -2.289248 2.98784 5.560541 -2.295268 2.98784 5.560921 -2.181248 2.97484 5.560921 -2.183268 2.97484 5.560921 -2.291248 2.97484 5.560921 -2.293268 2.97484 5.560921 -2.181248 2.98784 5.560921 -2.183268 2.98784 5.560921 -2.291248 2.98784 5.560921 -2.293268 2.98784 5.569961 -2.147258 0.03983997 5.569961 -2.157258 0.03983997 5.569961 -2.317258 0.03983997 5.569961 -2.327258 0.03983997 5.569961 -2.147258 0.09483997 5.569961 -2.157258 0.09483997 5.569961 -2.317258 0.09483997 5.569961 -2.327258 0.09483997 5.574961 -2.232258 2.76484 5.574961 -2.242258 2.76484 5.577461 -2.232258 2.96484 5.577461 -2.242258 2.96484 5.579961 -2.157258 2.97484 5.579961 -2.317258 2.97484 5.579961 -2.157258 2.98784 5.579961 -2.218258 2.98784 5.579961 -2.256258 2.98784 5.579961 -2.317258 2.98784 5.579961 -2.220608 2.98802 5.579961 -2.253908 2.98802 5.579961 -2.222898 2.98857 5.579961 -2.251618 2.98857 5.579961 -2.225068 2.98947 5.579961 -2.249448 2.98947 5.579961 -2.227078 2.9907 5.579961 -2.247438 2.9907 5.579961 -2.228868 2.99223 5.579961 -2.245648 2.99223 5.579961 -2.230398 2.99402 5.579961 -2.244118 2.99402 5.579961 -2.231618 2.99603 5.579961 -2.242898 2.99603 5.579961 -2.232528 2.9982 5.579961 -2.241988 2.9982 5.579961 -2.233078 3.00049 5.579961 -2.241438 3.00049 5.579961 -2.233258 3.00284 5.579961 -2.241258 3.00284 5.579961 -2.233258 3.10684 5.579961 -2.241258 3.10684 5.579961 -2.233078 3.10918 5.579961 -2.241438 3.10918 5.579961 -2.232528 3.11147 5.579961 -2.241988 3.11147 5.579961 -2.231618 3.11365 5.579961 -2.242898 3.11365 5.579961 -2.230398 3.11565 5.579961 -2.244118 3.11565 5.579961 -2.228868 3.11744 5.579961 -2.245648 3.11744 5.579961 -2.227078 3.11897 5.579961 -2.247438 3.11897 5.579961 -2.225068 3.1202 5.579961 -2.249448 3.1202 5.579961 -2.222898 3.1211 5.579961 -2.251618 3.1211 5.579961 -2.220608 3.12165 5.579961 -2.253908 3.12165 5.579961 -2.157258 3.12184 5.579961 -2.218258 3.12184 5.579961 -2.256258 3.12184 5.579961 -2.317258 3.12184 5.579961 -2.157258 3.13484 5.579961 -2.317258 3.13484 5.589961 -2.072258 0.03983997 5.589961 -2.132258 0.03983997 5.589961 -2.157258 0.03983997 5.589961 -2.317258 0.03983997 5.589961 -2.342258 0.03983997 5.589961 -2.402258 0.03983997 5.589961 -2.072258 0.05483997 5.589961 -2.147258 0.05483997 5.589961 -2.327258 0.05483997 5.589961 -2.402258 0.05483997 5.589961 -2.132258 0.11484 5.589961 -2.147258 0.11484 5.589961 -2.157258 0.11484 5.589961 -2.317258 0.11484 5.589961 -2.327258 0.11484 5.589961 -2.342258 0.11484 5.589961 -2.232258 2.76484 5.589961 -2.242258 2.76484 5.589961 -2.232258 2.95234 5.589961 -2.242258 2.95234 5.589961 -2.147258 2.96484 5.589961 -2.157258 2.96484 5.589961 -2.317258 2.96484 5.589961 -2.327258 2.96484 5.589961 -2.147258 2.97484 5.589961 -2.157258 2.97484 5.589961 -2.317258 2.97484 5.589961 -2.327258 2.97484 5.589961 -2.157258 3.13484 5.589961 -2.317258 3.13484 5.599961 -2.072258 0.03983997 5.599961 -2.132258 0.03983997 5.599961 -2.342258 0.03983997 5.599961 -2.402258 0.03983997 5.599961 -2.072258 0.05483997 5.599961 -2.147258 0.05483997 5.599961 -2.327258 0.05483997 5.599961 -2.402258 0.05483997 5.599961 -2.132258 0.11484 5.599961 -2.147258 0.11484 5.599961 -2.327258 0.11484 5.599961 -2.342258 0.11484 5.602961 -2.157258 0.03983997 5.602961 -2.218258 0.03983997 5.602961 -2.256258 0.03983997 5.602961 -2.317258 0.03983997 5.602961 -2.157258 0.11484 5.602961 -2.317258 0.11484 5.602961 -2.157258 3.13484 5.602961 -2.218258 3.13484 5.602961 -2.256258 3.13484 5.602961 -2.317258 3.13484 5.603151 -2.220608 0.03983997 5.603151 -2.253908 0.03983997 5.603151 -2.220608 3.13484 5.603151 -2.253908 3.13484 5.603701 -2.222898 0.03983997 5.603701 -2.251618 0.03983997 5.603701 -2.222898 3.13484 5.603701 -2.251618 3.13484 5.604601 -2.225068 0.03983997 5.604601 -2.249448 0.03983997 5.604601 -2.225068 3.13484 5.604601 -2.249448 3.13484 5.605831 -2.227078 0.03983997 5.605831 -2.247438 0.03983997 5.605831 -2.227078 3.13484 5.605831 -2.247438 3.13484 5.607361 -2.228868 0.03983997 5.607361 -2.245648 0.03983997 5.607361 -2.228868 3.13484 5.607361 -2.245648 3.13484 5.609151 -2.230398 0.03983997 5.609151 -2.244118 0.03983997 5.609151 -2.230398 3.13484 5.609151 -2.244118 3.13484 5.611151 -2.231618 0.03983997 5.611151 -2.242898 0.03983997 5.611151 -2.231618 3.13484 5.611151 -2.242898 3.13484 5.613331 -2.232528 0.03983997 5.613331 -2.241988 0.03983997 5.613331 -2.232528 3.13484 5.613331 -2.241988 3.13484 5.615621 -2.233078 0.03983997 5.615621 -2.241438 0.03983997 5.615621 -2.233078 3.13484 5.615621 -2.241438 3.13484 5.617961 -2.233258 0.03983997 5.617961 -2.241258 0.03983997 5.617961 -2.233258 3.13484 5.617961 -2.241258 3.13484 5.662961 -2.092258 0.02983997 5.662961 -2.382258 0.02983997 5.662961 -2.092258 0.03983997 5.662961 -2.382258 0.03983997 5.663141 -2.090698 0.02983997 5.663141 -2.093818 0.02983997 5.663141 -2.380698 0.02983997 5.663141 -2.383818 0.02983997 5.663141 -2.090698 0.03983997 5.663141 -2.093818 0.03983997 5.663141 -2.380698 0.03983997 5.663141 -2.383818 0.03983997 5.663661 -2.089218 0.02983997 5.663661 -2.095298 0.02983997 5.663661 -2.379218 0.02983997 5.663661 -2.385298 0.02983997 5.663661 -2.089218 0.03983997 5.663661 -2.095298 0.03983997 5.663661 -2.379218 0.03983997 5.663661 -2.385298 0.03983997 5.664491 -2.087898 0.02983997 5.664491 -2.096618 0.02983997 5.664491 -2.377898 0.02983997 5.664491 -2.386618 0.02983997 5.664491 -2.087898 0.03983997 5.664491 -2.096618 0.03983997 5.664491 -2.377898 0.03983997 5.664491 -2.386618 0.03983997 5.665601 -2.086788 0.02983997 5.665601 -2.097728 0.02983997 5.665601 -2.376788 0.02983997 5.665601 -2.387728 0.02983997 5.665601 -2.086788 0.03983997 5.665601 -2.097728 0.03983997 5.665601 -2.376788 0.03983997 5.665601 -2.387728 0.03983997 5.666931 -2.085948 0.02983997 5.666931 -2.098568 0.02983997 5.666931 -2.375948 0.02983997 5.666931 -2.388568 0.02983997 5.666931 -2.085948 0.03983997 5.666931 -2.098568 0.03983997 5.666931 -2.375948 0.03983997 5.666931 -2.388568 0.03983997 5.668401 -2.085438 0.02983997 5.668401 -2.099078 0.02983997 5.668401 -2.375438 0.02983997 5.668401 -2.389078 0.02983997 5.668401 -2.085438 0.03983997 5.668401 -2.099078 0.03983997 5.668401 -2.375438 0.03983997 5.668401 -2.389078 0.03983997 5.669961 -2.085258 0.02983997 5.669961 -2.099258 0.02983997 5.669961 -2.375258 0.02983997 5.669961 -2.389258 0.02983997 5.669961 -2.085258 0.03983997 5.669961 -2.099258 0.03983997 5.669961 -2.375258 0.03983997 5.669961 -2.389258 0.03983997 5.671521 -2.085438 0.02983997 5.671521 -2.099078 0.02983997 5.671521 -2.375438 0.02983997 5.671521 -2.389078 0.02983997 5.671521 -2.085438 0.03983997 5.671521 -2.099078 0.03983997 5.671521 -2.375438 0.03983997 5.671521 -2.389078 0.03983997 5.673001 -2.085948 0.02983997 5.673001 -2.098568 0.02983997 5.673001 -2.375948 0.02983997 5.673001 -2.388568 0.02983997 5.673001 -2.085948 0.03983997 5.673001 -2.098568 0.03983997 5.673001 -2.375948 0.03983997 5.673001 -2.388568 0.03983997 5.674331 -2.086788 0.02983997 5.674331 -2.097728 0.02983997 5.674331 -2.376788 0.02983997 5.674331 -2.387728 0.02983997 5.674331 -2.086788 0.03983997 5.674331 -2.097728 0.03983997 5.674331 -2.376788 0.03983997 5.674331 -2.387728 0.03983997 5.675441 -2.087898 0.02983997 5.675441 -2.096618 0.02983997 5.675441 -2.377898 0.02983997 5.675441 -2.386618 0.02983997 5.675441 -2.087898 0.03983997 5.675441 -2.096618 0.03983997 5.675441 -2.377898 0.03983997 5.675441 -2.386618 0.03983997 5.676271 -2.089218 0.02983997 5.676271 -2.095298 0.02983997 5.676271 -2.379218 0.02983997 5.676271 -2.385298 0.02983997 5.676271 -2.089218 0.03983997 5.676271 -2.095298 0.03983997 5.676271 -2.379218 0.03983997 5.676271 -2.385298 0.03983997 5.676791 -2.090698 0.02983997 5.676791 -2.093818 0.02983997 5.676791 -2.380698 0.02983997 5.676791 -2.383818 0.02983997 5.676791 -2.090698 0.03983997 5.676791 -2.093818 0.03983997 5.676791 -2.380698 0.03983997 5.676791 -2.383818 0.03983997 5.676961 -2.092258 0.02983997 5.676961 -2.382258 0.02983997 5.676961 -2.092258 0.03983997 5.676961 -2.382258 0.03983997 5.721961 -2.233258 0.03983997 5.721961 -2.241258 0.03983997 5.721961 -2.233258 3.13484 5.721961 -2.241258 3.13484 5.724311 -2.233078 0.03983997 5.724311 -2.241438 0.03983997 5.724311 -2.233078 3.13484 5.724311 -2.241438 3.13484 5.726601 -2.232528 0.03983997 5.726601 -2.241988 0.03983997 5.726601 -2.232528 3.13484 5.726601 -2.241988 3.13484 5.728771 -2.231618 0.03983997 5.728771 -2.242898 0.03983997 5.728771 -2.231618 3.13484 5.728771 -2.242898 3.13484 5.730781 -2.230398 0.03983997 5.730781 -2.244118 0.03983997 5.730781 -2.230398 3.13484 5.730781 -2.244118 3.13484 5.732571 -2.228868 0.03983997 5.732571 -2.245648 0.03983997 5.732571 -2.228868 3.13484 5.732571 -2.245648 3.13484 5.734101 -2.227078 0.03983997 5.734101 -2.247438 0.03983997 5.734101 -2.227078 3.13484 5.734101 -2.247438 3.13484 5.735331 -2.225068 0.03983997 5.735331 -2.249448 0.03983997 5.735331 -2.225068 3.13484 5.735331 -2.249448 3.13484 5.736231 -2.222898 0.03983997 5.736231 -2.251618 0.03983997 5.736231 -2.222898 3.13484 5.736231 -2.251618 3.13484 5.736781 -2.220608 0.03983997 5.736781 -2.253908 0.03983997 5.736781 -2.220608 3.13484 5.736781 -2.253908 3.13484 5.736961 -2.157258 0.03983997 5.736961 -2.218258 0.03983997 5.736961 -2.256258 0.03983997 5.736961 -2.317258 0.03983997 5.736961 -2.157258 0.11484 5.736961 -2.317258 0.11484 5.736961 -2.157258 3.13484 5.736961 -2.218258 3.13484 5.736961 -2.256258 3.13484 5.736961 -2.317258 3.13484 5.739961 -2.072258 0.03983997 5.739961 -2.132258 0.03983997 5.739961 -2.342258 0.03983997 5.739961 -2.402258 0.03983997 5.739961 -2.072258 0.05483997 5.739961 -2.147258 0.05483997 5.739961 -2.327258 0.05483997 5.739961 -2.402258 0.05483997 5.739961 -2.132258 0.11484 5.739961 -2.147258 0.11484 5.739961 -2.327258 0.11484 5.739961 -2.342258 0.11484 5.749961 -2.072258 0.03983997 5.749961 -2.132258 0.03983997 5.749961 -2.157258 0.03983997 5.749961 -2.317258 0.03983997 5.749961 -2.342258 0.03983997 5.749961 -2.402258 0.03983997 5.749961 -2.072258 0.05483997 5.749961 -2.147258 0.05483997 5.749961 -2.327258 0.05483997 5.749961 -2.402258 0.05483997 5.749961 -2.132258 0.11484 5.749961 -2.147258 0.11484 5.749961 -2.157258 0.11484 5.749961 -2.317258 0.11484 5.749961 -2.327258 0.11484 5.749961 -2.342258 0.11484 5.749961 -2.157258 3.13484 5.749961 -2.317258 3.13484 5.769961 -2.062258 0.02983997 5.769961 -2.412258 0.02983997 5.769961 -2.062258 0.03983997 5.769961 -2.147258 0.03983997 5.769961 -2.157258 0.03983997 5.769961 -2.317258 0.03983997 5.769961 -2.327258 0.03983997 5.769961 -2.412258 0.03983997 5.769961 -2.147258 0.09483997 5.769961 -2.157258 0.09483997 5.769961 -2.317258 0.09483997 5.769961 -2.327258 0.09483997</float_array>
          <technique_common>
            <accessor count="7282" source="#cubeverts-array0-array" stride="3">
              <param type="float" name="X"/>
              <param type="float" name="Y"/>
              <param type="float" name="Z"/>
            </accessor>
          </technique_common>
        </source>
        <source id="cubenormals-array0">
          <float_array count="44880" id="cubenormals-array0-array">0 1 -0 0 1 0 0 1 -0 0 1 0 0 1 0 0 1 0 0 1 0 0 1 -0 0 1 0 0 1 0 0 0 1 0 0 1 0 0 1 0 -0 1 -0 0 1 -0 0 1 0 0 1 0 0 1 0 0 1 0 0 1 -1 0 0 -1 -0 0 -1 0 0 -1 -0 0 1 0 0 1 0 0 1 0 -0 1 0 0 0 1 0 0 1 0 0 0 1 0 0 1 0 0 1 0 0 1 0 0 1 0 0 1 0 0 1 0 0 1 0 0 1 0 -0 1 0 -0 1 0 -0 1 0 -0 1 0 -0 1 0 -0 1 0 -0 1 0 0 1 0 0 1 -0 0 1 -0 0 1 0 0 1 0 0 1 0 0 1 0 0 1 0 0 1 0 0 1 0 0 1 0 0 1 0 0 1 0 -0 1 0 0 1 0 0 1 0 0 1 0 0 1 0 0 1 0 0 1 0 0 1 0 0 1 0 0 1 0 0 1 0 0 1 0 0 1 0 0 1 0 0 1 0 0 1 0 0 1 0 0 1 0 0 1 0 0 1 -0 0 1 0 0 1 0 0 1 0 0 1 0 0 1 0 0 1 0 0 1 0 0 1 0 0 1 0 0 1 0 0 1 0 0 1 0 0 1 0 0 1 0 0 1 0 -0 1 0 -0 1 0 -0 1 0 -0 1 0 -0 1 0 -0 1 0 0 1 0 0 1 0 0 1 0 0 1 0 0 1 0 0 1 0 0 1 0 0 1 0 0 1 0 0 1 0 0 1 0 0 1 0 0 1 0 0 1 0 -0 1 -0 0 1 0 0 1 0 0 1 0 0 1 0 -0 1 0 0 1 0 0 1 0 0 1 0 -0 1 0 -0 1 -0 0 1 0 0 1 0 0 1 0 -0 1 0 -0 1 0 -0 1 0 -0 1 0 0 1 0 0 1 0 0 1 0 0 1 -0 0 1 0 0 1 0 -0 1 0 -0 1 0 -0 1 0 -0 1 0 -0 1 0 -0 1 0 -0 1 0 -0 1 0 0 1 -0 0 1 -0 0 1 -0 0 1 0 0 1 0 0 1 0 0 1 0 0 1 0 0 1 0 0 1 0 0 1 0 0 1 0 0 1 0 0 1 0 0 1 0 0 1 0 0 1 0 0 1 0 0 1 0 0 1 0 0 1 0 0 1 0 0 1 0 0 1 0 0 1 0 0 1 0 0 1 0 0 1 0 0 1 0 0 1 0 0 1 0 0 1 0 0 1 0 0 1 -0 0 1 0 0 1 0 0 1 0 0 1 0 0 1 0 -0 1 0 0 1 -0 0 1 0 0 1 -0 0 1 0 0 1 0 0 1 0 0 1 0 0 1 0 0 1 0 0 1 0 0 1 0 0 1 0 0 1 0 0 1 0 0 1 0 0 1 0 0 1 0 0 1 0 0 1 0 0 1 0 0 1 0 0 1 0 0 1 0 0 1 0 0 1 -0 0 1 0 0 1 0 0 1 0 0 1 0 0 1 0 0 1 0 0 1 0 0 1 0 0 1 0 0 1 0 0 1 0 0 1 0 0 1 0 0 1 0 0 1 0 0 1 0 0 1 0 0 1 0 0 1 0 -0.7071068 -0.7071068 0 -0.7071068 -0.7071068 0 0.7071068 0.7071068 0 0.7071068 0.7071068 0 -1 -0 -0 -1 -0 0 -1 0 0 -1 -0 0 -1 0 0 -1 0 -0 -1 -0 0 -1 0 0 -1 -0 0 -1 0 0 0.7071068 -0.7071068 0 0.7071068 -0.7071068 0 -0.7071068 0.7071068 0 -0.7071068 0.7071068 0 0 1 0 0 1 0 0 1 0 0 1 0 -0 1 -0 0 1 -0 0 1 0 0 1 0 0 1 0 0 1 0 -1 0 0 -1 0 -1 0 0 -1 0 0 -1 0 0 -1 0 0 1 0 0 1 -0 0 1 0 0 1 -0 0 0 -0.7071068 0.7071068 0 -0.7071068 0.7071068 -1 0 0 -1 0 0 -1 0 0 -1 0 0 0 -1 0 0 -1 0 0 0.7071068 -0.7071068 0 0.7071068 -0.7071068 1 0 0 1 -0 0 1 0 0 1 -0 0 1 0 0 1 0 0 -0.7071068 0 0.7071068 -0.7071068 0 0.7071068 -1 0 0 -1 -0 -0 -1 -0 -0 -1 0 0 -1 -0 0 -1 -0 0 -1 0 0 -1 0 0 -1 0 0 -1 0 0 0.7071068 0 0.7071068 0.7071068 0 0.7071068 0 1 0 0 1 -0 0 -1 0 0 -1 0 0 1 0 0 1 0 0 -1 0 -0 -1 -0 0 -1 0 0 -1 -0 0 1 0 0 1 0 0 1 0 0 1 0 1 0 0 1 0 0 1 0 -0 1 0 0 -1 0 0 -1 -0 0 -1 0 0 -1 -0 0 0 -0.7071068 -0.7071068 0 -0.7071068 -0.7071068 0 0.7071068 0.7071068 0 0.7071068 0.7071068 1 0 0 1 0 0 -0.7071068 0 0.7071068 -0.7071068 0 0.7071068 0.7071068 0 0.7071068 0.7071068 0 0.7071068 0 1 0 0 1 0 0 -1 0 -0 -1 -0 0 -1 0 0 -1 -0 0 -1 0 0 -1 0 0 -1 0 0 -1 0 0 -1 0 0 -1 0 0 -1 0 0 -1 0 0 -1 0 0 -1 0 0 -1 0 0 -1 0 0 -1 0 0 -1 0 0 -1 0 0 -1 0 0 -1 0 0 -1 0 0 -1 0 0 -1 0 0 -1 0 -0 -1 -0 0 -1 0 0 -1 0 0 -1 0 0 -1 0 0 -1 0 0 -1 0 0 -1 0 0 -1 0 0 -1 0 0 -1 0 0 -1 0 0 -1 0 0 -1 0 0 -1 0 0 -1 0 -0 -1 0 -0 -1 0 -0 -1 0 -0 -1 0 -0 -1 0 -0 -1 0 0 -1 0 0 -1 0 0 -1 0 0 -1 -0 0 -1 0 0 -1 0 0 -1 0 0 -1 0 0 -1 0 0 -1 0 0 -1 0 0 -1 0 0 -1 0 0 -1 -0 0 -1 -0 0 -1 -0 0 -1 -0 0 -1 -0 0 -1 -0 0 -1 -0 0 1 0 0 1 0 0 1 -0 0 -1 0 0 -1 0 0 -1 0 0 -1 0 0 -1 0 0 -1 0 0 -1 0 0 -1 0 0 -1 0 0 -1 0 0 -1 0 0 -1 0 -0 -1 0 -0 -1 0 0 -1 0 0 -1 0 -0 -1 0 0 -1 0 0 -1 0 -0 -1 0 0 -1 0 0 -1 0 0 -1 0 0 -1 0 0 -1 0 0 -1 0 0 -1 0 0 -1 0 0 -1 0 0 -1 -0 0 -1 -0 0 -1 -0 0 -1 -0 0 1 0 0 1 0 0 -1 0 0 -1 0 0 -1 0 0 -1 0 0 -1 0 0 -1 0 0 -1 0 0 -1 0 0 -1 0 0 -1 0 0 -1 0 0 -1 0 0 -1 0 0 -1 0 0 -1 0 0 -1 0 0 -1 0 0 -1 0 0 -1 0 0 -1 0 0 -1 0 0 -1 0 0 -1 0 0 -1 -0 0 -1 0 0 -1 0 0 -1 0 0 -1 0 0 -1 0 0 -1 0 0 -1 -0 0 -1 0 0 -1 0 0 -1 0 0 -1 0 0 -1 0 0 -1 0 0 -1 0 0 -1 0 0 -1 0 0 -1 0 0 -1 0 0 -1 0 0 -1 0 0 -1 0 0 -1 0 0 -1 0 0 -1 0 0 -1 0 0 -1 0 0 -1 0 -0 -1 -0 0 -1 0 -0 -1 0 0 -1 0 -0 -1 0 0 -1 0 0 -1 -0 0 -1 0 0 -1 0 0 -1 0 0 -1 0 0 -1 0 0 -1 0 0 -1 0 0 -1 0 -0 -1 0 0 -1 0 0 -1 0 0 -1 0 0 -1 0 -0 -1 0 -0 -1 0 -0 -1 0 -0 -1 0 -0 -1 0 0 -1 0 -0 -1 0 -0 -1 0 -0 -1 0 0 -1 0 0 -1 0 0 -1 -0 0 -1 0 0 -1 0 0 -1 0 0 -1 -0 0 -1 0 0 -1 0 0 -1 0 0 -1 -0 0 -1 0 0 -1 0 0 -1 0 0 -1 0 0 -1 0 0 -1 -0 0 -1 -0 0 -1 -0 0 -1 -0 0 -1 0 0 -1 0 0 -1 0 0 -1 0 0 -1 0 0 -1 0 0 1 -0 0 1 0 0 1 -0 0 1 0 0 -1 0 0 -1 0 0 -1 0 0 -1 0 0 -1 0 0 -1 0 0 -1 0 0 -1 0 0 -1 0 0 -1 0 0 -1 0 0 -1 0 0 -1 0 0 -1 0 0 -1 0 0 -1 0 0 -1 0 -0 -1 0 -0 -1 0 -0 -1 0 -0 -1 0 0 -1 0 0 -1 0 0 -1 0 0 -1 0 0 -1 0 0 -1 0 0 -1 0 0 -1 0 0 -1 0 0 -1 0 0 -1 0 0 -1 0 0 -1 0 0 -1 0 0 -1 0 -0 -1 0 0 -1 0 0 -1 0 0 -1 0 0 -1 0 0 -1 0 0 -1 0 0 -1 0 0 -1 0 0 -1 0 0 -1 0 -0 -1 -0 0 -1 0 -0 -1 -0 0 -1 0 -0 -1 -0 0 -1 0 0 -1 0 0 -1 0 0 -1 0 0 -1 -0 0 -1 -0 0 -1 -0 0 -1 -0 0 -1 -0 0 -1 -0 0 -1 -0 0 -1 0 0 -1 0 0 -1 0 0 -1 0 0 -1 0 0 -1 0 0 -1 0 0 -1 0 0 -1 0 0 -1 0 0 -1 0 0 -1 0 0 -1 0 0 -1 0 0 -1 0 0 -1 0 -0 -1 0 -0 -1 0 -0 -1 0 0 -1 0 0 -1 0 0 -1 0 0 -1 0 -0 -1 0 -0 -1 0 0 -1 0 -0 -1 0 -0 -1 0 -0 -1 0 -0 -1 0 0 -1 0 0 -1 0 0 -1 0 0 -1 0 0 -1 -0 0 -1 0 0 -1 0 0 -1 0 0 -1 0 0 -1 0 0 -1 0 0 -1 0 0 -1 0 0 -1 0 0 -1 0 -0 -1 -0 0 -1 0 -0 -1 -0 0 -1 0 -0 -1 -0 0 -1 0 -0 -1 -0 0 -1 0 0 -1 0 0 -1 0 -0 -1 0 -0 -1 -0 0 -1 0 0 -1 0 0 -1 -0 0 -1 -0 0 -1 -0 0 -1 -0 0 -1 -0 0 -1 -0 0 -1 -0 0 -1 0 0 -1 0 0 -1 0 0 -1 0 0 -1 0 0 -1 0 0 -1 0 0 -1 0 0 -1 0 0 -1 0 0 -1 0 0 -1 0 0 -1 0 0 -1 0 -0 -1 0 -0 -1 0 -0 -1 0 0 -1 0 0 -1 0 0 -1 0 0 -1 0 0 -1 0 0 -1 0 -0 -1 0 -0 -1 0 -0 -1 0 -0 -1 0 -0 -1 0 -0 -1 0 -0 -1 0 0 -1 0 0 -1 0 0 -1 0 0 -1 0 0 -1 0 0 -1 0 0 -1 0 0 -1 0 0 -1 0 0 -1 0 0 -1 0 0 -1 0 0 -1 0 0 -1 0 -0 -1 -0 0 -1 0 0 -1 0 -0 -1 -0 0 -1 0 0 -1 0 0 -1 0 0 -1 0 0 -1 0 0 -1 0 0 -1 -0 0 -1 -0 0 -1 -0 0 -1 -0 0 -1 -0 0 -1 -0 0 -1 -0 0 -1 0 0 -1 -0 0 -1 0 0 -1 0 0 -1 0 0 -1 0 0 -1 0 0 -1 0 0 1 0 0 1 0 0 1 0 0 1 0 0 0 1 0 0 1 0 0 1 0 0 1 0 0 1 0 0 1 -0 0 1 0 0 1 0 -0 1 0 -0 1 0 -0 1 0 -0 1 0 -0 1 0 0 1 0 0 1 0 0 1 0 0 1 0 0 1 0 0 1 0 0 1 0 0 1 0 0 1 0 0 1 0 0 1 0 -0 1 0 -0 1 0 -0 1 0 -0 1 0 -0 1 0 -0 1 0 -0 1 -0 0 1 0 0 1 0 0 1 0 -0 1 0 -0 1 0 0 1 0 -0 1 0 0 1 0 0 1 0 0 1 0 0 1 0 0 1 0 0 1 0 0 1 0 0 1 0 0 1 0 0 1 0 0 1 -0 0 1 0 0 1 0 0 1 0 0 1 0 0 1 0 0 1 0 0 1 0 0 1 0 0 1 0 0 1 0 0 1 0 0 1 0 0 1 0 -0 1 0 -0 1 0 -0 1 0 -0 1 0 0 1 0 -0 1 0 0 1 0 0 1 0 0 1 0 0 1 0 0 1 0 0 1 0 0 1 0 0 1 0 0 1 0 0 1 0 0 1 0 -0 1 0 -0 1 0 -0 1 0 -0 1 0 -0 1 0 -0 1 -0 0 1 0 0 1 0 0 1 0 -0 1 -0 0 1 0 0 1 -0 0 1 0 0 1 -0 0 1 0 0 1 0 0 1 0 0 1 0 0 1 0 0 1 0 0 1 0 0 1 0 0 1 0 0 1 0 0 1 0 0 1 0 -0 1 0 0 1 0 -0 1 0 0 1 0 0 1 -0 0 1 0 -0 1 0 0 1 0 -0 1 0 0 1 0 0 1 0 0 1 -0 0 1 -0 0 1 0 0 1 0 -0 1 0 0 1 0 -0 1 0 0 1 0 0 1 0 -0 1 0 0 1 0 0 1 0 0 1 0 0 1 0 0 1 0 0 1 0 0 1 0 0 1 0 0 1 0 0 1 0 0 1 -0 0 1 0 0 1 0 0 1 0 0 1 0 0 1 0 0 1 0 0 1 0 0 1 0 0 1 0 0 1 0 0 1 0 0 1 0 0 1 -0 0 1 0 0 1 0 0 1 0 0 1 0 0 1 0 0 1 0 0 1 -0 0 1 0 0 1 0 0 1 0 0 1 0 0 1 0 0 1 0 0 1 0 0 1 0 0 1 0 0 1 0 0 1 0 0 1 0 0 1 0 0 1 0 0 1 0 0 1 0 0 1 0 0 1 0 0 1 0 0 1 0 0 1 0 0 1 0 -0 1 0 0 1 -0 0 1 0 0 1 -0 0 1 0 0 1 0 0 1 0 0 1 0 0 1 0 0 1 0 0 1 0 0 1 0 0 1 0 0 1 0 0 1 0 0 1 0 0 1 0 0 1 0 0 1 0 0 1 0 0 1 -1 0 0 -1 0 0 0 1 0 0 1 0 0 -1 0 0 -1 0 0 1 0 0 1 0 0 1 0 0 1 -0 0 -1 0 0 -1 0 0 -1 -0 0 -1 0 1 0 0 1 -0 0 1 -0 0 1 0 0 1 -0 0 1 -0 0 1 0 0 1 0 0 1 0 0 1 0 0 0 -1 -0 -0 -1 -0 0 -1 0 0 -1 -0 0 -1 0 0 -1 0 -0 -1 -0 0 -1 0 0 -1 -0 0 -1 0 0 0 1 0 0 1 0 0 1 0 0 1 0 -0 1 -0 0 1 -0 0 1 0 0 1 0 0 1 0 0 1 0.7071068 0 0.7071068 0.7071068 0 0.7071068 -0.7071068 0 0.7071068 -0.7071068 0 0.7071068 0.7071068 0 0.7071068 0.7071068 0 0.7071068 0 0 1 0 0 1 0 0 1 0 -0 1 -0 0 1 -0 0 1 0 0 1 0 0 1 0 0 1 0 0 1 -0.7071068 0 0.7071068 -0.7071068 0 0.7071068 0 1 -0 0 1 0 0 1 -0 0 1 0 0 1 0 0 1 0 0 1 0 0 1 -0 0 1 0 0 1 0 -1 0 0 -1 0 0 0 1 0 0 1 0 0 -1 0 0 -1 -0 0 -1 0 0 -1 0 0 1 0 0 1 -0 -0 1 0 0 1 0 0 -1 0 0 -1 0 0 -1 0 0 -1 0 0 0.7071068 -0.7071068 0 0.7071068 -0.7071068 1 0 0 1 -0 0 1 0 0 1 -0 0 0 -0.7071068 0.7071068 0 -0.7071068 0.7071068 -1 0 0 -1 0 0 -1 0 0 -1 0 0 0 0.7071068 -0.7071068 0 0.7071068 -0.7071068 -1 0 0 -1 0 0 -1 0 0 -1 0 0 0 -0.7071068 0.7071068 0 -0.7071068 0.7071068 1 0 0 1 -0 0 1 0 0 1 -0 0 0 -1 0 0 -1 0 0 -0.7071068 -0.7071068 0 -0.7071068 -0.7071068 0 0.7071068 0.7071068 0 0.7071068 0.7071068 1 0 0 1 0 0 1 0 -0 1 0 0 0 1 0 0 1 0 -1 0 0 -1 -0 0 -1 0 0 -1 -0 0 0 1 0 0 1 0 0 0.7071068 0.7071068 0 0.7071068 0.7071068 -1 0 0 -1 -0 0 -1 0 0 -1 -0 0 0 -0.7071068 -0.7071068 0 -0.7071068 -0.7071068 1 0 0 1 0 0 1 0 -0 1 0 0 1 0 0 1 0 0 1 0 0 1 0 0 -1 0 0 -1 0 0 -1 -0 0 -0.9970739 0.07644302 0 -0.9970739 0.07644302 0 -0.9723628 0.2334749 0 -0.9723628 0.2334749 0 -0.9237304 0.3830431 0 -0.9237304 0.3830431 0 -0.8529718 0.521957 0 -0.8529718 0.521957 0 -0.7601048 0.6498005 0 -0.7601048 0.6498005 0 -0.6496807 0.7602072 0 -0.6496807 0.7602072 0 -0.5189781 0.8547875 0 -0.5189781 0.8547875 0 -0.3867067 0.9222027 0 -0.3867067 0.9222027 0 -0.2335494 0.9723449 0 -0.2335494 0.9723449 0 -0.07634005 0.9970818 0 -0.07634005 0.9970818 0 0 1 0 0 1 0 0.07667264 0.9970564 0 0.07667264 0.9970564 0 0.2335494 0.9723449 0 0.2335494 0.9723449 0 0.3851583 0.9228505 0 0.3851583 0.9228505 0 0.520826 0.8536628 0 0.520826 0.8536628 0 0.6496807 0.7602072 0 0.6496807 0.7602072 0 0.7602072 0.6496807 -0 0.7602072 0.6496807 0 0.8529718 0.521957 -0 0.8529718 0.521957 0 0.9236569 0.3832205 -0 0.9236569 0.3832205 0 0.9723628 0.2334749 -0 0.9723628 0.2334749 0 0.9967498 0.08056008 -0 0.9967498 0.08056008 0 1 -0 0 1 0 0 1 0 0 1 0 0 1 0 0 1 0 0 1 0 0 -1 0 0 -1 0 0 -1 -0 0 -1 0 0 -1 -0 -0 -1 0 0 -1 0 0 -1 0 0 -1 0 0 -1 -0 0 -1 0 0 -1 0 0 1 0 0 1 0 0 1 -0 0 0.9967498 -0.08056008 0 0.9967498 -0.08056008 0 0.9723628 -0.2334749 0 0.9723628 -0.2334749 0 0.9236569 -0.3832205 0 0.9236569 -0.3832205 0 0.8529718 -0.521957 0 0.8529718 -0.521957 0 0.7602072 -0.6496807 0 0.7602072 -0.6496807 0 0.6496807 -0.7602072 0 0.6496807 -0.7602072 0 0.520826 -0.8536628 0 0.520826 -0.8536628 0 0.3851583 -0.9228505 0 0.3851583 -0.9228505 0 0.2335494 -0.9723449 0 0.2335494 -0.9723449 0 0.07667264 -0.9970564 0 0.07667264 -0.9970564 0 0 -1 0 0 -1 0 -0.07634005 -0.9970818 0 -0.07634005 -0.9970818 0 -0.2335494 -0.9723449 0 -0.2335494 -0.9723449 0 -0.3867067 -0.9222027 0 -0.3867067 -0.9222027 0 -0.5189781 -0.8547875 0 -0.5189781 -0.8547875 0 -0.6496807 -0.7602072 0 -0.6496807 -0.7602072 0 -0.7601048 -0.6498005 0 -0.7601048 -0.6498005 -0 -0.8529718 -0.521957 0 -0.8529718 -0.521957 -0 -0.9237304 -0.3830431 0 -0.9237304 -0.3830431 -0 -0.9723628 -0.2334749 0 -0.9723628 -0.2334749 -0 -0.9970739 -0.07644302 0 -0.9970739 -0.07644302 -0 -1 -0 0 -1 0 0 -1 0 0 0 0 1 0 0 1 0 -0 1 0 0 1 0 0 1 0 0 1 0 0 1 0 0 1 0 -0 1 0 0 1 0 -0 1 0 0 1 0 -0 1 0 0 1 0 -0 1 0 -0 1 0 0 1 0 0 1 0 -0 1 0 -0 1 0 -0 1 0 -0 1 0 0 1 0 0 1 0 0 1 0 0 1 0 0 1 -0 0 1 0 0 1 0 0 1 0 -0 1 0 0 1 0 -0 1 0 0 1 0 -0 1 0 0 1 0 -0 1 0 0 1 0 -0 1 0 0 1 0 -0 1 0 0 1 0 -0 1 0 0 1 0 -0 1 0 0 1 0 -0 1 0 0 1 -0 0 1 0 0 1 0 -0 -1 0 0 -1 0 -0 -1 0 0 -1 0 -0 -1 0 0 -1 0 -0 -1 0 0 -1 0 -0 -1 0 0 -1 0 -0 -1 0 0 -1 -0 0 -1 0 0 -1 0 0 -1 0 0 -1 0 0 -1 0 0 -1 0 0 -1 0 0 -1 0 0 -1 0 0 -1 0 0 -1 0 0 -1 0 0 -1 0 0 -1 0 0 -1 -0 0 -1 0 0 -1 0 0 -1 0 0 -1 0 0 -1 0 0 -1 0 0 -1 -0 0 -1 0 0 -1 0 -0 -1 0 0 -1 0 -0 -1 0 0 -1 0 -0 -1 0 0 -1 0 0 -1 0 0 -1 0 0 -1 0 0 -1 0 0 -1 0 0 -1 0 0 -1 0 0 -1 0 0 -1 0 0 -1 0 0 -1 -0 0 -1 0 0 -1 0 0 -1 0 0 -1 0 0 -1 0 0 -1 0 0 -1 0 0 -1 0 0 -1 0 0 -1 0 0 -1 0 0 -1 0 0 -1 0 -0 -1 0 0 -1 0 0 -1 0 0 -1 0 0 -1 0 0 -1 0 0 -1 0 -0 -1 0 0 -1 0 0 -1 0 0 -1 0 0 -1 0 0 -1 0 0 -1 0 0 -1 0 0 -1 0 0 -1 0 0 -1 0 0 -1 0 0 -1 0 -0 -1 0 0 -1 0 0 -1 0 0 -1 0 0 -1 0 -0 -1 0 0 -1 0 0 -1 0 -0 -1 0 -0 -1 0 0 -1 0 -0 -1 0 -0 -1 0 -0 -1 0 -0 -1 0 -0 -1 0 0 -1 0 0 -1 0 0 -1 0 0 -1 0 0 -1 0 0 -1 0 0 -1 0 0 -1 0 0 -1 0 0 -1 0 0 -1 0 -0 -1 0 -0 -1 0 -0 -1 0 -0 -1 0 -0 -1 0 -0 -1 0 0 -1 0 0 -1 0 0 -1 0 0 -1 0 0 -1 0 0 -1 0 0 -1 0 0 -1 0 0 -1 0 0 -1 0 0 -1 0 0 -1 0 0 -1 0 0 -1 0 0 -1 -1 0 0 -1 0 0 0 -1 0 0 -1 -0 0 -1 0 0 -1 0 -0.7071068 0 -0.7071068 -0.7071068 0 -0.7071068 0.7071068 0 0.7071068 0.7071068 0 0.7071068 0 1 0 0 1 0 -0 1 0 0 1 0 -1 0 0 -1 0 0 -1 0 0 -1 -0 0 -0.9970739 0.07644302 0 -0.9970739 0.07644302 0 -0.9723628 0.2334749 0 -0.9723628 0.2334749 0 -0.9237304 0.3830431 0 -0.9237304 0.3830431 0 -0.8529257 0.5220324 0 -0.8529257 0.5220324 0 -0.7602072 0.6496807 0 -0.7602072 0.6496807 0 -0.6496807 0.7602072 0 -0.6496807 0.7602072 0 -0.5189321 0.8548155 0 -0.5189321 0.8548155 0 -0.3866697 0.9222183 0 -0.3866697 0.9222183 0 -0.2335729 0.9723393 0 -0.2335729 0.9723393 0 -0.07634005 0.9970818 0 -0.07634005 0.9970818 0 0 1 0 0 1 0 0.07666468 0.9970569 0 0.07666468 0.9970569 0 0.2335612 0.9723421 0 0.2335612 0.9723421 0 0.3851767 0.9228428 0 0.3851767 0.9228428 0 0.520826 0.8536628 0 0.520826 0.8536628 0 0.6496807 0.7602072 0 0.6496807 0.7602072 0 0.7601816 0.6497106 -0 0.7601816 0.6497106 0 0.8529487 0.5219947 -0 0.8529487 0.5219947 0 0.9237304 0.3830431 -0 0.9237304 0.3830431 0 0.9723393 0.2335729 -0 0.9723393 0.2335729 0 0.9967498 0.08056008 -0 0.9967498 0.08056008 0 1 -0 0 1 0 0 1 0 0 1 0 0 -1 0 0 -1 0 0 -1 -0 -0 -1 0 0 -1 0 0 -1 -0 -0 -1 0 0 -1 -0 0 -1 0 0 -1 0 0 -1 -0 -0 -1 0 0 -1 0 0 -1 -0 0 -1 -0 0 -1 0 0 -1 0 0 1 0 0 1 0 0 1 -0 0 0.9967498 -0.08056008 0 0.9967498 -0.08056008 0 0.9723393 -0.2335729 0 0.9723393 -0.2335729 0 0.9237304 -0.3830431 0 0.9237304 -0.3830431 0 0.8529487 -0.5219947 0 0.8529487 -0.5219947 0 0.7601816 -0.6497106 0 0.7601816 -0.6497106 0 0.6496807 -0.7602072 0 0.6496807 -0.7602072 0 0.520826 -0.8536628 0 0.520826 -0.8536628 0 0.3851767 -0.9228428 0 0.3851767 -0.9228428 0 0.2335612 -0.9723421 0 0.2335612 -0.9723421 0 0.07666468 -0.9970569 0 0.07666468 -0.9970569 0 0 -1 0 0 -1 0 -0.07634005 -0.9970818 0 -0.07634005 -0.9970818 0 -0.2335729 -0.9723393 0 -0.2335729 -0.9723393 0 -0.3866697 -0.9222183 0 -0.3866697 -0.9222183 0 -0.5189321 -0.8548155 0 -0.5189321 -0.8548155 0 -0.6496807 -0.7602072 0 -0.6496807 -0.7602072 0 -0.7602072 -0.6496807 0 -0.7602072 -0.6496807 -0 -0.8529257 -0.5220324 0 -0.8529257 -0.5220324 -0 -0.9237304 -0.3830431 0 -0.9237304 -0.3830431 -0 -0.9723628 -0.2334749 0 -0.9723628 -0.2334749 -0 -0.9970739 -0.07644302 0 -0.9970739 -0.07644302 -0 -1 -0 0 -1 0 0 -1 0 0 1 0 0 1 0 0 -1 0 0 -1 0 0 1 -0 0 1 0 0 1 -0 0 1 0 0 1 0 -0 1 -0 0 1 0 0 1 0 0 1 -0 0 1 0 0 1 0 0 0 -0 1 -0 5.64487e-08 1 0 5.64487e-08 1 0 0 1 5.713002e-08 5.486306e-08 1 -0 0 1 -0 0 1 0 0 1 -0 0 1 -0 0 1 0 0 1 0 0 1 0 -0 1 0 -0 1 0 -0 1 -0 0 1 -0 0 1 0 0 1 0 0 1 0 0 1 0 0 1 0 0 1 0 -0 1 0 0 1 0 0 1 0 0 1 0 0 1 0 0 1 0 -0 1 0 0 1 0 -0 1 0 0 1 0 -0 1 0 0 1 0 -0 1 0 -0 1 0 0 1 0 -0 1 0 0 1 0 -0 1 0 0 1 0 0 1 0 0 1 -0 0 1 0 0 1 0 -0 1 0 0 1 0 0 1 0 0 1 -0 0 1 0 0 1 0 0 1 0 -0 1 0 0 1 0 -0 1 0 0 1 0 -0 1 0 0 1 0 -0 1 0 0 1 0 -0 1 0 0 1 0 -0 1 0 0 1 0 -0 1 0 0 1 0 -0 1 0 0 1 0 -0 1 0 0 1 -0 0 1 0 0 1 0 0 1 0 0 1 0 0 1 -0 0 1 0 -0.7071068 0.7071068 0 -0.7071068 0.7071068 0 0.7071068 -0.7071068 0 0.7071068 -0.7071068 0 0 1 0 0 1 -1 0 0 -1 0 0 -1 0 -0 -1 0 0 0 1 0 0 1 0 0 -1 0 0 -1 0 1 -0 0 1 0 0 1 0 0 1 0 0 0.7071068 0.7071068 -0 0.7071068 0.7071068 0 -1 0 0 -1 0 0 0 -1 0 0 -1 0 -0.7071068 -0.7071068 0 -0.7071068 -0.7071068 -0 0 0 -1 0 0 -1 -0 0 -1 0 0 -1 0 0 1 0 0 1 0 0 1 0 0 1 -1 0 0 -1 0 0 0.7071068 0.7071068 -0 0.7071068 0.7071068 0 -0.7071068 -0.7071068 0 -0.7071068 -0.7071068 -0 0 0 -1 0 0 -1 -0 0 -1 0 0 -1 0 0 1 0 0 1 0 0 1 0 0 1 0 -1 0 0 -1 0 0 -1 0 0 -1 0 0 -1 -0 1 0 0 1 0 0 -1 0 0 -1 0 0 -1 0 0 -1 0 0 -1 -0 0 -1 0 0 -1 0 -0 -1 0 0 1 0 0 1 0 0 -0 1 0 0 1 -0 0 1 -0 0 1 0 0 1 0 0 1 -0 0 1 0 0 1 0 -0 1 0 0 1 0 0 1 0 0 1 -0 -0 1 0 0 1 0 1 0 0 1 0 0 1 0 0 -1 0 0 -1 0 0 1 0 0 1 0 0 -1 0 0 -1 0 0 1 0 0 1 0 0 1 -0 0 -1 0 0 -1 0 0 -1 0 0 -1 0 0 0 -1 0 0 -1 0 0 -1 0 0 -1 0 -0 -1 0 0 -1 -0 0 -1 -0 0 -1 0 -0 -1 -0 0 -1 0 0 -1 -0 0 -1 0 0 -1 -0 0 -1 0 -0.04536898 -0.9989703 0 -0.04536898 -0.9989703 -0 -0.04536898 -0.9989703 0 -0.04536898 -0.9989703 0 -0.2028452 -0.9792108 0 -0.2028452 -0.9792108 0 -0.2125571 -0.9771046 -0.009279761 -0.2125542 -0.9771053 0.009276947 -0.2028452 -0.9792109 -0 -0.2028452 -0.9792108 0 -0.3595991 -0.933107 0 -0.3595991 -0.9331069 0 -0.3691772 -0.9293055 -0.009977208 -0.3691771 -0.9293056 0.009977428 -0.3595991 -0.9331069 -0 -0.3595991 -0.9331069 0 -0.5069976 -0.8619475 0 -0.5069976 -0.8619475 0 -0.4812841 -0.8760193 0.0309176 -0.4813002 -0.8760111 -0.03089849 -0.5069976 -0.8619475 -0 -0.5069976 -0.8619475 0 -0.6418113 -0.7668626 0 -0.6418114 -0.7668626 0 -0.6588873 -0.7517281 -0.02779475 -0.6588873 -0.7517279 0.02779438 -0.6418113 -0.7668626 -0 -0.6418114 -0.7668626 0 -0.7481347 -0.6635469 0 -0.7724662 -0.6324601 -0.05736073 -0.7481347 -0.6635469 0 -0.7724664 -0.6324598 0.05736135 -0.7481347 -0.6635469 0 -0.7481347 -0.6635469 0 -0.8383619 -0.5451141 0 -0.8399271 -0.5426745 -0.005170758 -0.8383619 -0.5451142 0 -0.8399268 -0.5426749 0.005170757 -0.8383618 -0.5451142 0 -0.8383618 -0.5451142 0 -0.9135913 -0.4066335 0 -0.9107707 -0.4126262 0.01537255 -0.9135914 -0.4066335 0 -0.9107692 -0.4126294 -0.01537901 -0.9135914 -0.4066335 0 -0.9135914 -0.4066335 0 -0.9717811 -0.2358845 0 -0.9732915 -0.2278145 -0.02835962 -0.9717811 -0.2358845 0 -0.9732906 -0.2278201 0.02834573 -0.9717811 -0.2358846 0 -0.9717811 -0.2358846 0 -0.9952069 -0.09779145 0 -0.9945576 -0.08861759 -0.05479166 -0.995207 -0.09779146 0 -0.9945558 -0.0886042 0.05484644 -0.9952069 -0.09779146 0 -0.995207 -0.09779146 0 -0.9999218 -0.01251047 0 -0.9999021 -0.01399644 -1.744274e-06 -1 0 0 -0.9999217 -0.01251046 0 -1 -0 0 -0.999902 -0.01399646 1.581864e-06 -1 0 0 -1 0 0 -0.9970739 0.07644302 0 -0.996998 0.07742642 -1.705213e-06 -1 0 0 -1 0 0 -0.9969981 0.07742643 1.54644e-06 -0.997074 0.07644303 0 -0.9723628 0.2334749 0 -0.9723628 0.2334749 0 -0.9723629 0.2334749 0 -0.9723628 0.2334749 0 -0.9236937 0.3831318 0 -0.9236937 0.3831318 0 -0.9236937 0.3831318 0 -0.9236937 0.3831318 0 -0.8529718 0.521957 0 -0.8529718 0.521957 0 -0.8529718 0.521957 0 -0.8529718 0.521957 0 -0.760156 0.6497406 0 -0.760156 0.6497406 0 -0.760156 0.6497406 0 -0.760156 0.6497405 0 -0.6496807 0.7602073 0 -0.6496806 0.7602072 0 -0.6496807 0.7602072 0 -0.6496806 0.7602072 0 -0.5189781 0.8547875 0 -0.5189781 0.8547875 0 -0.5189781 0.8547875 0 -0.5189782 0.8547875 0 -0.3866697 0.9222183 0 -0.3866697 0.9222182 0 -0.3866697 0.9222182 0 -0.3866698 0.9222183 0 -0.2335494 0.9723449 0 -0.2335494 0.9723449 0 -0.2335494 0.972345 0 -0.2335494 0.972345 0 -0.07634794 0.9970812 0 -0.07634794 0.9970813 0 -0.07634794 0.9970812 0 -0.07634793 0.9970812 0 0 1 -0 0 1 0 0 1 0 0 1 0 0 1 -0 0 1 0 0 1 0 0 1 0 0 1 0 0 1 -0 -0 1 0 0 1 0 0 1 -0 0 1 -0 0 -1 0 -0 -1 -0 0 -1 -0 -0 -1 0 -0 -1 -0 0 -1 0 0 -1 0 0 -1 0 0 -1 0 0 -1 0 0 -1 0 0 -1 0 -0 -1 -0 0 -1 0 0 1 0 0 1 0 0 1 -0 0.07666467 0.9970569 0 0.07666467 0.9970569 0 0.2335494 0.9723449 0 0.2335494 0.9723449 0 0.385195 0.9228352 0 0.385195 0.9228352 0 0.520826 0.8536628 0 0.520826 0.8536628 0 0.6496807 0.7602073 0 0.6496807 0.7602073 0 0.760156 0.6497406 -0 0.760156 0.6497406 0 0.8529719 0.521957 -0 0.8529719 0.521957 0 0.9237305 0.3830431 -0 0.9237305 0.3830431 0 0.9723393 0.2335729 -0 0.9723393 0.2335729 0 0.9967498 0.08056008 -0 0.9967498 0.08056008 0 1 0 0 1 0 0 0.9989704 -0.04536511 0 0.9989704 -0.04536511 0 0.9790057 -0.2038331 0 0.9790057 -0.2038331 0 0.9330915 -0.3596389 0 0.9330915 -0.3596389 0 0.8611898 -0.5082835 0 0.8611898 -0.5082835 0 0.7689011 -0.6393676 0 0.7689011 -0.6393676 0 0.6612847 -0.7501351 0 0.6612847 -0.7501351 0 0.5451653 -0.8383286 0 0.5451653 -0.8383286 0 0.4045543 -0.9145139 0 0.4045543 -0.9145139 0 0.2403578 -0.9706844 0 0.2403578 -0.9706844 0 0.0915847 -0.9957972 0 0.0915847 -0.9957972 0 0.01876386 -0.9998239 0 0.01876386 -0.9998239 0 0 0 1 0 0 1 0 0 1 0 0 1 0 0 1 0 0 1 0 0 1 0 0 1 0 0 1 0 0 1 0 0 1 0 0 1 -0 0 1 0 0 1 0 0 1 0 0 1 0 0 1 -0 0 1 0 0 1 0 0 1 0 0 1 -0 0 1 0 0 1 0 0 1 0 0 1 0 0 1 0 0 1 0 0 1 0 0 1 0 0 1 0 0 1 0 0 1 0 -0 1 0 0 1 0 0 1 0 0 1 0 0 1 0 0 1 0 0 1 0 0 1 0 0 1 0 0 1 0 0 1 0 0 1 0 0 1 0 0 1 0 0 1 0 0 1 0 0 1 0 0 1 0 0 1 0 0 1 0 0 1 0 0 1 0 0 1 0 0 1 0 -0 1 0 -0 1 -0 0 1 0 -0 1 0 -0 1 0 0 1 0 -0 1 0 0 1 0 0 1 0 0 1 0 0 1 0 0 1 0 0 1 0 0 1 0 0 1 0 0 1 0 0 1 0 0 1 0 -0 1 0 0 1 0 -0 1 0 -0 1 0 -0 1 0 -0 1 0 -0 1 0 0 1 0 0 1 0 0 1 -0 0 1 0 0 1 0 0 1 0 0 1 0 0 1 0 0 1 0 0 1 0 0 1 0 0 1 0 0 1 0 0 1 0 -0 1 0 -0 1 0 -0 1 0 -0 1 0 -0 1 0 -0 1 0 0 1 0 -0 1 0 0 1 0 0 1 0 0 1 0 0 1 0 0 1 0 0 1 0 0 1 0 0 1 0 0 1 0 0 1 0 0 1 0 0 1 0 0 1 0 -0 1 -0 0 1 0 -0 1 0 -0 1 0 -0 1 0 -0 1 0 -0 1 0 -0 1 0 -0 1 0 0 1 0 0 1 -0 0 1 -0 0 1 0 0 1 0 0 1 0 0 1 0 0 1 0 0 1 0 0 1 0 0 1 0 0 1 0 0 1 0 0 1 0 0 1 0 0 1 0 0 1 0 0 1 0 0 1 0 0 1 0 0 1 0 0 1 -0 0 1 0 0 1 0 0 1 0 0 1 0 0 1 0 0 1 0 0 1 0 0 1 0 0 1 0 0 1 0 0 1 0 0 1 0 0 1 0 0 1 0 0 1 0 0 1 0 0 1 0 0 1 0 0 1 0 0 1 0 0 1 0 0 1 0 0 1 0 0 1 0 0 1 0 0 1 0 0 1 0 0 1 0 0 1 0 0 1 0 0 1 0 0 1 0 0 1 0 0 1 -0 0 1 0 0 1 0 0 1 0 0 1 -0 0 1 0 0 1 0 0 1 0 0 1 0 0 1 0 0 1 0 0 1 0 0 1 0 0 1 0 0 1 0 0 1 0 0 1 0 0 1 0 0 1 0 0 1 0 0 1 0 0 1 0 0 1 0 0 1 0 0 1 0 0 1 0 0 1 0 0 1 0 0 1 0 0 1 0 0 1 0 -0 1 0 0 1 0 0 1 0 0 1 0 0 1 -0 0 1 0 -0 1 0 0 1 0 0 1 0 1 0 0 1 -0 0 1 0 0 1 -0 0 -1 0 0 -1 0 0 -1 0 0 -1 0 -1 0 0 -1 -0 0 -1 0 0 -1 -0 -0 -1 -0 -0 -1 0 0 -1 -0 0 -1 -0 0 -1 0 0 -1 0 0 -1 0 0 -1 0 -0 -0.7071068 0 0.7071068 -0.7071068 0 0.7071068 0.7071068 0 -0.7071068 0.7071068 0 -0.7071068 -1 0 0 -1 0 0 0 -1 0 0 -1 -0 0 -1 0 0 -1 -0 -0.7071068 0 -0.7071068 -0.7071068 0 -0.7071068 0.7071068 0 0.7071068 0.7071068 0 0.7071068 0 1 0 0 1 0 -0 1 0 0 1 0 1 0 0 1 -0 0 1 0 0 1 -0 0 1 -0 0 1 0 0 1 -0 0 1 -0 0 1 0 0 1 0 0 1 0 0 1 0 0 0 -0 1 0 0 1 -0 0 1 0 -0 1 0 0 1 0 0 1 0 0 1 -0 0 1 -0 0 1 0 0 1 0 0 1 0 0 1 0 0 1 0 0 1 1 0 0 1 0 0 0.7071068 0 -0.7071068 0.7071068 0 -0.7071068 -1 0 0 -1 0 0 -0.7071068 0 0.7071068 -0.7071068 0 0.7071068 0 1 0 0 1 -0 0 1 0 0 1 -0 0 -1 0 0 -1 0 0 -1 0 0 -1 0 1 0 0 1 0 0 0 -1 0 0 -1 -0 0 -1 0 0 -1 -0 0 1 0 0 1 0 -0 1 0 0 1 0 0.7071068 0 0.7071068 0.7071068 0 0.7071068 -0.7071068 0 -0.7071068 -0.7071068 0 -0.7071068 0 -0.7071068 0.7071068 0 -0.7071068 0.7071068 0 0.7071068 0.7071068 0 0.7071068 0.7071068 0 1 0 0 1 0 0 -1 0 0 -1 0 0 1 0 0 1 0 0 0.7071068 0.7071068 0 0.7071068 0.7071068 0 -1 0 0 -1 0 0 -0.7071068 0.7071068 0 -0.7071068 0.7071068 -1 0 0 -1 0 -0 -1 0 0 -1 0 0 -1 0 0 -1 -0 0 1 0 0 1 0 0 -1 0 0 -1 0 0 1 0 0 1 0 0 1 0 0 1 0 0 1 0 0 1 0 0 0.04536511 -0.9989706 0 0.04536511 -0.9989705 0 0.04536511 -0.9989704 0 0.04536511 -0.9989704 0 0.2143194 -0.9767126 0.009974759 0.2038331 -0.9790056 0 0.2038331 -0.9790056 0 0.2038331 -0.9790056 0 0.2038331 -0.9790056 0 0.2143226 -0.976712 -0.009977799 0.3596389 -0.9330915 0 0.3596389 -0.9330916 0 0.3835073 -0.9231992 -0.02500691 0.3835072 -0.9231992 0.02500703 0.3596389 -0.9330915 0 0.359639 -0.9330916 0 0.5069976 -0.8619475 0 0.5069976 -0.8619474 0 0.5032386 -0.8641354 0.004589964 0.5032406 -0.8641342 -0.00458711 0.5069976 -0.8619475 0 0.5069976 -0.8619475 0 0.6417871 -0.7668828 0 0.6417871 -0.7668829 0 0.6587758 -0.7518311 -0.02764921 0.6587757 -0.7518312 0.02764921 0.6417871 -0.7668829 0 0.6417871 -0.7668828 0 0.7459242 -0.6660308 0 0.7459242 -0.6660309 0 0.7631834 -0.6449592 -0.03973329 0.7631831 -0.6449596 0.03973331 0.7459242 -0.6660309 0 0.7459242 -0.6660309 0 0.8383619 -0.5451142 0 0.8383618 -0.5451141 0 0.8032151 -0.5876138 0.09775158 0.8032153 -0.5876136 -0.0977516 0.8383618 -0.5451142 0 0.8383618 -0.5451142 0 0.9152322 -0.4029267 0 0.9152322 -0.4029267 0 0.9179717 -0.3962976 -0.01661759 0.9179732 -0.3962938 0.01662493 0.9152323 -0.4029267 0 0.9152322 -0.4029267 0 0.9717552 -0.2359912 0 0.9717552 -0.2359912 0 0.9732853 -0.2277785 -0.02885581 0.9732844 -0.2277841 0.02884167 0.9717552 -0.2359912 0 0.9717552 -0.2359913 0 0.9952142 -0.09771763 0 0.9952142 -0.09771764 0 0.9945976 -0.0886877 -0.05394562 0.9945958 -0.08867452 0.05399955 0.9952142 -0.09771764 0 0.9952142 -0.09771764 0 0.9998254 -0.01868761 0 0.9998254 -0.01868761 0 0.9998254 -0.01868761 0 0.9998254 -0.01868761 0 1 0 0 1 0 0 1 0 0 1 0 0 0.9967498 0.08056008 0 0.9967498 0.08056008 0 0.9967498 0.08056008 -0 0.9967498 0.08056008 0 0.9723393 0.2335729 0 0.9723393 0.2335729 0 0.9723393 0.2335729 -0 0.9723393 0.2335729 0 0.9237305 0.3830431 -0 0.9237305 0.3830432 0 0.9237305 0.3830431 0 0.9237304 0.3830431 0 0.8529487 0.5219947 -0 0.8529487 0.5219947 0 0.8529488 0.5219947 0 0.8529487 0.5219947 0 0.7601816 0.6497106 -0 0.7601816 0.6497106 0 0.7601816 0.6497106 0 0.7601816 0.6497107 0 0.6496807 0.7602072 0 0.6496807 0.7602072 -0 0.6496807 0.7602072 0 0.6496806 0.7602072 0 0.520826 0.8536628 0 0.520826 0.8536628 -0 0.520826 0.8536628 0 0.520826 0.8536629 0 0.3851767 0.9228429 0 0.3851767 0.9228429 -0 0.3851767 0.9228429 0 0.3851767 0.9228429 0 0.07666467 0.9970569 0 0.07666468 0.9970569 -0 0.07666468 0.997057 0 0.07666467 0.9970569 0 0.2335612 0.9723421 0 0.2335611 0.9723421 -0 0.2335612 0.9723421 0 0.2335612 0.9723421 0 1 0 0 1 0 0 1 0 0 1 0 0 1 0 0 1 -0 0 -1 0 0 -1 0 0 1 0 0 1 0 0 -1 0 0 -1 0 0 0 1 0 0 1 -0 0 1 0 -0.07634399 0.9970815 0 -0.07634399 0.9970815 0 -0.2335611 0.9723421 0 -0.2335611 0.9723421 0 -0.3866882 0.9222105 0 -0.3866882 0.9222105 0 -0.518932 0.8548155 0 -0.518932 0.8548155 0 -0.6496806 0.7602072 0 -0.6496806 0.7602072 0 -0.8529488 0.5219947 0 -0.8529488 0.5219947 0 -0.7601817 0.6497107 0 -0.7601817 0.6497107 0 -0.9237304 0.3830431 0 -0.9237304 0.3830431 0 -0.9970779 0.07639154 0 -0.9970779 0.07639154 0 -0.9723393 0.2335729 0 -0.9723393 0.2335729 0 -1 0 0 -1 0 0 -0.9989685 -0.04540766 0 -0.9989685 -0.04540766 -0 -0.9790178 -0.203775 0 -0.9790178 -0.203775 -0 -0.9330915 -0.3596389 0 -0.9330915 -0.3596389 -0 -0.8630063 -0.5051932 0 -0.8630063 -0.5051932 -0 -0.7668868 -0.6417824 0 -0.7668868 -0.6417824 -0 -0.6635469 -0.7481347 0 -0.6635469 -0.7481347 0 -0.5451142 -0.8383619 0 -0.5451142 -0.8383619 0 -0.4029518 -0.9152212 0 -0.4029518 -0.9152212 0 -0.240371 -0.9706811 0 -0.240371 -0.9706811 0 -0.09157791 -0.9957979 0 -0.09157791 -0.9957979 0 -0.01876529 -0.9998239 0 -0.01876529 -0.9998239 0 0 -1 0 0 -1 -0 0 -1 0 0 0 1 0 0 1 0 0 1 0 0 1 0 0 1 0 0 1 0 0 1 0 0 1 0 0 1 0 0 1 0 -0 1 0 -0 1 0 -0 1 0 -0 1 0 -0 1 0 -0 1 0 0 1 0 -0 1 0 0 1 0 0 1 0 0 1 0 0 1 0 0 1 0 0 1 0 0 1 0 0 1 0 0 1 0 0 1 0 0 1 0 0 1 0 -0 1 0 -0 1 0 -0 1 0 -0 1 0 -0 1 0 -0 1 0 -0 1 0 0 1 0 0 1 0 0 1 -0 0 1 0 0 1 0 0 1 0 0 1 0 0 1 0 0 1 0 0 1 0 0 1 0 0 1 0 0 1 0 0 1 0 0 1 0 -0 1 0 -0 1 0 -0 1 0 -0 1 0 -0 1 0 -0 1 0 0 1 0 -0 1 0 0 1 0 0 1 0 0 1 0 0 1 0 0 1 0 0 1 0 0 1 0 0 1 0 0 1 0 0 1 0 0 1 0 0 1 0 0 1 0 0 1 0 0 1 0 -0 1 -0 0 1 0 -0 1 0 -0 1 0 -0 1 0 -0 1 0 -0 1 0 -0 1 0 0 1 0 0 1 -0 0 1 -0 0 1 0 0 1 0 0 1 0 0 1 0 0 1 0 0 1 0 0 1 0 0 1 0 0 1 0 0 1 0 0 1 0 0 1 0 0 1 -0 0 1 0 0 1 0 0 1 0 0 1 0 0 1 0 0 1 0 0 1 -0 0 1 0 0 1 0 0 1 0 0 1 0 0 1 0 0 1 0 0 1 0 0 1 0 0 1 0 0 1 0 0 1 0 0 1 0 0 1 0 0 1 0 0 1 0 0 1 0 0 1 0 0 1 0 0 1 0 0 1 0 0 1 0 0 1 0 0 1 0 0 1 0 0 1 0 0 1 0 0 1 0 0 1 0 0 1 0 0 1 0 0 1 0 0 1 0 0 1 -0 0 1 0 0 1 0 0 1 0 0 1 0 0 1 0 0 1 0 0 1 -0 0 1 0 0 1 0 0 1 0 0 1 0 0 1 0 0 1 0 0 1 0 0 1 0 0 1 0 0 1 0 0 1 0 0 1 0 0 1 0 0 1 0 0 1 0 0 1 0 0 1 0 0 1 0 0 1 0 0 1 0 0 1 0 0 1 0 0 1 0 0 1 0 0 1 0 0 1 0 0 1 0 0 1 0 0 1 0 0 1 0 0 1 0 0 1 0 0 1 0 0 1 -0 0 1 0 0 1 -0 0 1 0 0 1 0 0 1 0 0 1 0 0 1 -0 0 1 0 0 1 0 0 1 0 0 1 0 0 1 0 0 1 0 0 1 0 0 1 0 0 1 0 0 1 0 0 1 0 0 1 0 0 1 0 -0 1 0 0 1 0 0 1 0 0 1 0 0 1 0 0 1 0 0 1 0 0 1 0 0 1 0 0 1 0 0 1 0 0 1 0 0 1 0 0 1 0 0 -1 0 0 -1 0 0 -1 -0 0 -1 0 0 -1 0 0 -1 0 0 -1 0 0 -1 0 0 -1 0 0 -1 0 0 -1 0 0 -1 0 0 -1 0 0 -1 0 0 -1 0 0 -1 0 0 -1 0 0 -1 0 0 -1 0 0 -1 0 0 -1 0 0 -1 0 0 -1 0 0 -1 0 0 -1 0 0 -1 0 0 -1 0 0 -1 0 0 -1 -0 0 -1 0 -0 -1 0 -0 -1 0 0 -1 0 0 -1 0 0 -1 -0 -0 -1 0 0 -1 0 0 -1 0 0 -1 0 0 -1 -0 -0 -1 0 0 -1 0 0 -1 0 0 -1 0 0 -1 0 0 -1 0 0 -1 0 0 -1 -0 -0 -1 0 0 -1 0 0 -1 0 0 -1 0 0 -1 0 0 -1 0 0 -1 0 0 -1 0 0 -1 0 0 -1 0 0 -1 0 0 -1 0 0 -1 0 0 -1 0 0 -1 -0 -0 -1 0 0 -1 0 -0 -1 0 0 -1 0 0 -1 0 0 -1 0 0 -1 -0 -0 -1 0 0 -1 0 0 -1 0 0 -1 0 0 -1 0 0 -1 0 0 -1 0 0 -1 0 0 -1 0 0 -1 0 0 -1 0 0 -1 0 0 -1 0 0 -1 0 0 -1 0 0 -1 0 0 -1 0 0 -1 0 0 -1 0 0 -1 0 0 -1 0 0 -1 0 0 -1 0 0 -1 0 0 -1 0 0 -1 0 0 -1 0 0 -1 0 0 -1 0 0 -1 0 0 -1 0 -0 -1 0 -0 -1 0 -0 -1 0 0 -1 0 0 -1 0 0 -1 0 0 -1 0 0 -1 0 0 -1 0 0 -1 0 0 -1 0 0 -1 0 0 -1 0 0 -1 0 0 -1 0 0 -1 0 -0 -1 0 0 -1 0 0 -1 0 0 -1 0 0 -1 0 0 -1 0 0 -1 0 0 -1 0 0 -1 0 0 -1 0 0 -1 0 0 -1 0 0 -1 0 -0 -1 0 0 -1 0 0 -1 0 0 -1 0 0 -1 0 0 -1 0 0 -1 0 -0 -1 0 -0 -1 0 -0 -1 0 0 -1 0 -0 -1 0 -0 -1 0 -0 -1 0 -0 -1 0 0 -1 0 0 -1 0 0 -1 0 0 -1 0 0 -1 0 0 -1 0 0 -1 0 -0 -1 0 0 -1 0 -0 -1 0 0 -1 0 0 -1 0 0 -1 0 0 -1 0 0 -1 0 0 -1 0 0 -1 0 0 -1 0 0 -1 0 0 -1 0 -0 -1 0 0 -1 0 0 -1 0 -0 -1 0 0 -1 0 0 -1 0 0 -1 0 0 -1 0 0 -1 0 0 -1 0 0 -1 0 0 -1 0 0 -1 0 0 -1 0 0 -1 0 0 -1 0 0 -1 0 0 1 -0 0 1 0 -0 1 0 0 1 0 0 1 0 0 1 0 0 1 -0 0 1 0 -0 1 0 0 1 0 0 1 0 0 1 0 0 1 0 0 1 -0.7071068 0 -0.7071068 -0.7071068 0 -0.7071068 1 0 0 1 -0 0 1 0 0 1 -0 0 1 0 0 1 0 0 1 0 0 1 0 0 1 0 0 1 0 0 1 -0 0 1 -0 0 0.7071068 0 0.7071068 0.7071068 0 0.7071068 0 -1 -0 0 -1 0 0 -1 0 0 -1 -0 0 1 0 0 1 -0 -0 1 0 0 1 0 1 0 0 1 0 0 0.7071068 0 0.7071068 0.7071068 0 0.7071068 -0.7071068 0 -0.7071068 -0.7071068 0 -0.7071068 0 1 0 0 1 -0 -0 1 0 0 1 0 1 0 0 1 0 0 0 -1 -0 0 -1 0 0 -1 0 0 -1 -0 0 0 1 -0 0 1 0 0 1 0 0 1 0 0 1 0 0 1 0 -0 1 0 0 1 0 0 1 0 0 1 0 0 1 0 0 1 0 -0 1 0 0 1 -1 0 0 -1 -0 0 -1 0 0 -1 -0 -0 -1 0 0 -1 0 0 -1 0 0 -1 0 0 -1 0 0 -1 0 -0 -1 -0 0 -1 -0 0 -1 0 0 -1 0 0 0 1 -0 0 1 0 0 1 0 0 1 -0 0.7071068 0 -0.7071068 0.7071068 0 -0.7071068 -0.7071068 0 0.7071068 -0.7071068 0 0.7071068 0 -1 0 0 -1 -0 0 -1 0 0 -1 0 0.7071068 0 -0.7071068 0.7071068 0 -0.7071068 -0.7071068 0 0.7071068 -0.7071068 0 0.7071068 -1 0 0 -1 0 0 0 1 -0 0 1 0 0 1 0 0 1 -0 0 -1 0 0 -1 -0 0 -1 0 0 -1 0 0 -1 0 0 -1 0 0 -0.7071068 0.7071068 0 -0.7071068 0.7071068 0 1 0 0 1 0 0 0.7071068 0.7071068 0 0.7071068 0.7071068 0 -1 0 0 -1 0 0 -0.7071068 0.7071068 0 -0.7071068 0.7071068 0 0.7071068 0.7071068 0 0.7071068 0.7071068 0 1 0 0 1 0 0.9956083 0 -0.09361655 0.9956083 0 -0.09361655 0.9611416 0 -0.2760559 0.9611416 0 -0.2760559 0.8964143 0 -0.443217 0.8964143 0 -0.443217 0.7987993 0 -0.6015976 0.7987993 0 -0.6015976 0.671718 0 -0.7408069 0.671718 0 -0.7408069 0.5260447 0 -0.850457 0.5260447 0 -0.850457 0.3645581 0 -0.9311807 0.3645581 0 -0.9311807 0.1818528 0 -0.9833257 0.1818528 0 -0.9833257 0 0 -1 0 0 -1 -0.1827371 -0 -0.9831619 -0.1827371 0 -0.9831619 -0.3629316 -0 -0.9318158 -0.3629316 0 -0.9318158 -0.5282536 -0 -0.8490866 -0.5282536 0 -0.8490866 -0.671718 -0 -0.7408069 -0.671718 0 -0.7408069 -0.7964281 0 -0.6047332 -0.7964281 0 -0.6047332 -0.8963665 0 -0.4433137 -0.8963665 0 -0.4433137 -0.9611735 0 -0.2759447 -0.9611735 0 -0.2759447 -0.9960457 0 -0.08884237 -0.9960457 0 -0.08884237 -0.9960843 0 0.08840773 -0.9960843 0 0.08840773 -0.9611735 0 0.2759447 -0.9611735 0 0.2759447 -0.8963665 0 0.4433137 -0.8963665 0 0.4433137 -0.7946177 0 0.6071101 -0.7946177 0 0.6071101 -0.6744176 0 0.7383502 -0.6744176 0 0.7383502 -0.5282536 0 0.8490866 -0.5282536 0 0.8490866 -0.3586576 0 0.9334693 -0.3586576 0 0.9334693 -0.1875108 0 0.9822626 -0.1875108 0 0.9822626 0 0 1 0 0 1 0.1866051 0 0.982435 0.1866051 -0 0.982435 0.3602706 0 0.9328478 0.3602706 -0 0.9328478 0.5260447 0 0.850457 0.5260447 -0 0.850457 0.6744176 0 0.7383502 0.6744176 -0 0.7383502 0.7970023 0 0.6039764 0.7970023 0 0.6039764 0.8964143 0 0.443217 0.8964143 0 0.443217 0.9611416 0 0.2760559 0.9611416 0 0.2760559 0.9956512 0 0.09315895 0.9956512 0 0.09315895 0.9956083 0 -0.09361655 0.9956083 0 -0.09361655 0.9611416 0 -0.2760559 0.9611416 0 -0.2760559 0.8964143 0 -0.443217 0.8964143 0 -0.443217 0.7987993 0 -0.6015976 0.7987993 0 -0.6015976 0.671718 0 -0.7408069 0.671718 0 -0.7408069 0.5260447 0 -0.850457 0.5260447 0 -0.850457 0.3645581 0 -0.9311807 0.3645581 0 -0.9311807 0.1818528 0 -0.9833257 0.1818528 0 -0.9833257 0 0 -1 0 0 -1 -0.1827371 -0 -0.9831619 -0.1827371 0 -0.9831619 -0.3629316 -0 -0.9318158 -0.3629316 0 -0.9318158 -0.5282536 -0 -0.8490866 -0.5282536 0 -0.8490866 -0.671718 -0 -0.7408069 -0.671718 0 -0.7408069 -0.7964281 0 -0.6047332 -0.7964281 0 -0.6047332 -0.8963665 0 -0.4433137 -0.8963665 0 -0.4433137 -0.9611735 0 -0.2759447 -0.9611735 0 -0.2759447 -0.9960457 0 -0.08884237 -0.9960457 0 -0.08884237 -0.9960843 0 0.08840773 -0.9960843 0 0.08840773 -0.9611735 0 0.2759447 -0.9611735 0 0.2759447 -0.8963665 0 0.4433137 -0.8963665 0 0.4433137 -0.7946177 0 0.6071101 -0.7946177 0 0.6071101 -0.6744176 0 0.7383502 -0.6744176 0 0.7383502 -0.5282536 0 0.8490866 -0.5282536 0 0.8490866 -0.3586576 0 0.9334693 -0.3586576 0 0.9334693 -0.1875108 0 0.9822626 -0.1875108 0 0.9822626 0 0 1 0 0 1 0.1866051 0 0.982435 0.1866051 -0 0.982435 0.3602706 0 0.9328478 0.3602706 -0 0.9328478 0.5260447 0 0.850457 0.5260447 -0 0.850457 0.6744176 0 0.7383502 0.6744176 -0 0.7383502 0.7970023 0 0.6039764 0.7970023 0 0.6039764 0.8964143 0 0.443217 0.8964143 0 0.443217 0.9611416 0 0.2760559 0.9611416 0 0.2760559 0.9956512 0 0.09315895 0.9956512 0 0.09315895 0.9956083 0 -0.09361655 0.9956083 0 -0.09361655 0.9611416 0 -0.2760559 0.9611416 0 -0.2760559 0.8964143 0 -0.443217 0.8964143 0 -0.443217 0.7987993 0 -0.6015976 0.7987993 0 -0.6015976 0.671718 0 -0.7408069 0.671718 0 -0.7408069 0.5260447 0 -0.850457 0.5260447 0 -0.850457 0.3645581 0 -0.9311807 0.3645581 0 -0.9311807 0.1818528 0 -0.9833257 0.1818528 0 -0.9833257 0 0 -1 0 0 -1 -0.1827371 -0 -0.9831619 -0.1827371 0 -0.9831619 -0.3629316 -0 -0.9318158 -0.3629316 0 -0.9318158 -0.5282536 -0 -0.8490866 -0.5282536 0 -0.8490866 -0.671718 -0 -0.7408069 -0.671718 0 -0.7408069 -0.7964281 0 -0.6047332 -0.7964281 0 -0.6047332 -0.8963665 0 -0.4433137 -0.8963665 0 -0.4433137 -0.9611735 0 -0.2759447 -0.9611735 0 -0.2759447 -0.9960457 0 -0.08884237 -0.9960457 0 -0.08884237 -0.9960843 0 0.08840773 -0.9960843 0 0.08840773 -0.9611735 0 0.2759447 -0.9611735 0 0.2759447 -0.8963665 0 0.4433137 -0.8963665 0 0.4433137 -0.7946177 0 0.6071101 -0.7946177 0 0.6071101 -0.6744176 0 0.7383502 -0.6744176 0 0.7383502 -0.5282536 0 0.8490866 -0.5282536 0 0.8490866 -0.3586576 0 0.9334693 -0.3586576 0 0.9334693 -0.1875108 0 0.9822626 -0.1875108 0 0.9822626 0 0 1 0 0 1 0.1866051 0 0.982435 0.1866051 -0 0.982435 0.3602706 0 0.9328478 0.3602706 -0 0.9328478 0.5260447 0 0.850457 0.5260447 -0 0.850457 0.6744176 0 0.7383502 0.6744176 -0 0.7383502 0.7970023 0 0.6039764 0.7970023 0 0.6039764 0.8964143 0 0.443217 0.8964143 0 0.443217 0.9611416 0 0.2760559 0.9611416 0 0.2760559 0.9956512 0 0.09315895 0.9956512 0 0.09315895 0.9956083 0 -0.09361655 0.9956083 0 -0.09361655 0.9611416 0 -0.2760559 0.9611416 0 -0.2760559 0.8964143 0 -0.443217 0.8964143 0 -0.443217 0.7987993 0 -0.6015976 0.7987993 0 -0.6015976 0.671718 0 -0.7408069 0.671718 0 -0.7408069 0.5260447 0 -0.850457 0.5260447 0 -0.850457 0.3645581 0 -0.9311807 0.3645581 0 -0.9311807 0.1818528 0 -0.9833257 0.1818528 0 -0.9833257 0 0 -1 0 0 -1 -0.1827371 -0 -0.9831619 -0.1827371 0 -0.9831619 -0.3629316 -0 -0.9318158 -0.3629316 0 -0.9318158 -0.5282536 -0 -0.8490866 -0.5282536 0 -0.8490866 -0.671718 -0 -0.7408069 -0.671718 0 -0.7408069 -0.7964281 0 -0.6047332 -0.7964281 0 -0.6047332 -0.8963665 0 -0.4433137 -0.8963665 0 -0.4433137 -0.9611735 0 -0.2759447 -0.9611735 0 -0.2759447 -0.9960457 0 -0.08884237 -0.9960457 0 -0.08884237 -0.9960843 0 0.08840773 -0.9960843 0 0.08840773 -0.9611735 0 0.2759447 -0.9611735 0 0.2759447 -0.8963665 0 0.4433137 -0.8963665 0 0.4433137 -0.7946177 0 0.6071101 -0.7946177 0 0.6071101 -0.6744176 0 0.7383502 -0.6744176 0 0.7383502 -0.5282536 0 0.8490866 -0.5282536 0 0.8490866 -0.3586576 0 0.9334693 -0.3586576 0 0.9334693 -0.1875108 0 0.9822626 -0.1875108 0 0.9822626 0 0 1 0 0 1 0.1866051 0 0.982435 0.1866051 -0 0.982435 0.3602706 0 0.9328478 0.3602706 -0 0.9328478 0.5260447 0 0.850457 0.5260447 -0 0.850457 0.6744176 0 0.7383502 0.6744176 -0 0.7383502 0.7970023 0 0.6039764 0.7970023 0 0.6039764 0.8964143 0 0.443217 0.8964143 0 0.443217 0.9611416 0 0.2760559 0.9611416 0 0.2760559 0.9956512 0 0.09315895 0.9956512 0 0.09315895 0.9956083 0 -0.09361655 0.9956083 0 -0.09361655 0.9611416 0 -0.2760559 0.9611416 0 -0.2760559 0.8964143 0 -0.443217 0.8964143 0 -0.443217 0.7987993 0 -0.6015976 0.7987993 0 -0.6015976 0.671718 0 -0.7408069 0.671718 0 -0.7408069 0.5260447 0 -0.850457 0.5260447 0 -0.850457 0.3645581 0 -0.9311807 0.3645581 0 -0.9311807 0.1818528 0 -0.9833257 0.1818528 0 -0.9833257 0 0 -1 0 0 -1 -0.1827371 -0 -0.9831619 -0.1827371 0 -0.9831619 -0.3629316 -0 -0.9318158 -0.3629316 0 -0.9318158 -0.5282536 -0 -0.8490866 -0.5282536 0 -0.8490866 -0.671718 -0 -0.7408069 -0.671718 0 -0.7408069 -0.7964281 0 -0.6047332 -0.7964281 0 -0.6047332 -0.8963665 0 -0.4433137 -0.8963665 0 -0.4433137 -0.9611735 0 -0.2759447 -0.9611735 0 -0.2759447 -0.9960457 0 -0.08884237 -0.9960457 0 -0.08884237 -0.9960843 0 0.08840773 -0.9960843 0 0.08840773 -0.9611735 0 0.2759447 -0.9611735 0 0.2759447 -0.8963665 0 0.4433137 -0.8963665 0 0.4433137 -0.7946177 0 0.6071101 -0.7946177 0 0.6071101 -0.6744176 0 0.7383502 -0.6744176 0 0.7383502 -0.5282536 0 0.8490866 -0.5282536 0 0.8490866 -0.3586576 0 0.9334693 -0.3586576 0 0.9334693 -0.1875108 0 0.9822626 -0.1875108 0 0.9822626 0 0 1 0 0 1 0.1866051 0 0.982435 0.1866051 -0 0.982435 0.3602706 0 0.9328478 0.3602706 -0 0.9328478 0.5260447 0 0.850457 0.5260447 -0 0.850457 0.6744176 0 0.7383502 0.6744176 -0 0.7383502 0.7970023 0 0.6039764 0.7970023 0 0.6039764 0.8964143 0 0.443217 0.8964143 0 0.443217 0.9611416 0 0.2760559 0.9611416 0 0.2760559 0.9956512 0 0.09315895 0.9956512 0 0.09315895 0.9956083 0 -0.09361655 0.9956083 0 -0.09361655 0.9611416 0 -0.2760559 0.9611416 0 -0.2760559 0.8964143 0 -0.443217 0.8964143 0 -0.443217 0.7987993 0 -0.6015976 0.7987993 0 -0.6015976 0.671718 0 -0.7408069 0.671718 0 -0.7408069 0.5260447 0 -0.850457 0.5260447 0 -0.850457 0.3645581 0 -0.9311807 0.3645581 0 -0.9311807 0.1818528 0 -0.9833257 0.1818528 0 -0.9833257 0 0 -1 0 0 -1 -0.1827371 -0 -0.9831619 -0.1827371 0 -0.9831619 -0.3629316 -0 -0.9318158 -0.3629316 0 -0.9318158 -0.5282536 -0 -0.8490866 -0.5282536 0 -0.8490866 -0.671718 -0 -0.7408069 -0.671718 0 -0.7408069 -0.7964281 0 -0.6047332 -0.7964281 0 -0.6047332 -0.8963665 0 -0.4433137 -0.8963665 0 -0.4433137 -0.9611735 0 -0.2759447 -0.9611735 0 -0.2759447 -0.9960457 0 -0.08884237 -0.9960457 0 -0.08884237 -0.9960843 0 0.08840773 -0.9960843 0 0.08840773 -0.9611735 0 0.2759447 -0.9611735 0 0.2759447 -0.8963665 0 0.4433137 -0.8963665 0 0.4433137 -0.7946177 0 0.6071101 -0.7946177 0 0.6071101 -0.6744176 0 0.7383502 -0.6744176 0 0.7383502 -0.5282536 0 0.8490866 -0.5282536 0 0.8490866 -0.3586576 0 0.9334693 -0.3586576 0 0.9334693 -0.1875108 0 0.9822626 -0.1875108 0 0.9822626 0 0 1 0 0 1 0.1866051 0 0.982435 0.1866051 -0 0.982435 0.3602706 0 0.9328478 0.3602706 -0 0.9328478 0.5260447 0 0.850457 0.5260447 -0 0.850457 0.6744176 0 0.7383502 0.6744176 -0 0.7383502 0.7970023 0 0.6039764 0.7970023 0 0.6039764 0.8964143 0 0.443217 0.8964143 0 0.443217 0.9611416 0 0.2760559 0.9611416 0 0.2760559 0.9956512 0 0.09315895 0.9956512 0 0.09315895 0.7071068 0 -0.7071068 0.7071068 0 -0.7071068 0 0 -1 0 0 -1 -0.7071068 0 -0.7071068 -0.7071068 0 -0.7071068 -1 -0 0 -1 0 0 -1 0 0 -1 0 0 -1 0 0 -1 0 0 -0.7071068 0 0.7071068 -0.7071068 0 0.7071068 0 0 1 0 0 1 0.7071068 0 0.7071068 0.7071068 0 0.7071068 1 0 0 1 0 0 1 0 0 1 0 0 1 0 0 1 -0 0 -0 1 0 0 1 0 -0 1 0 0 1 0 -0 1 0 0 1 0 -0 1 0 0 1 0 -0 1 0 0 1 0 -0 1 0 0 1 0 -0 1 0 0 1 0 -0 1 0 0 1 0 0 1 0 0 1 0 0 1 0 0 1 0 0 1 0 0 1 0 0 1 0 0 1 0 0 1 0 0 1 0 0 1 0 0 1 0 0 1 0 0 1 -0 0 1 0 0 1 0 0 1 0 0 1 0 -0 1 0 0 1 0 -0 1 0 0 1 0 0 1 0 0 1 0 0 1 0 0 1 0 0 1 0 0 1 0 0 1 0 0 1 0 -0 1 0 0 1 0 -0 1 0 0 1 0 0 1 0 0 1 0 0 1 0 0 1 0 0 1 0 0 1 0 0 1 0 0 1 0 0 1 0 0 1 0 0 1 0 0 1 0 0 1 0 0 1 -0 0 1 0 0 1 0 0 1 0 0 1 0 0 1 0 0 1 -0 0 1 0 0 1 0 0 1 0 0 1 0 0 1 0 0 1 0 0 1 0 0 1 0 0 1 0 0 1 0 0 1 0 0 1 0 0 1 0 0 1 0 0 1 0 0 1 0 0 1 0 0 1 0 0 1 0 0 1 0 0 1 0 0 1 0 0 1 0 0 1 0 -0 1 0 0 1 0 -0 1 0 0 1 0 -0 1 0 0 1 0 -0 1 0 0 1 0 -0 1 0 0 1 0 -0 1 0 0 1 0 -0 1 0 0 1 0 -0 1 0 0 1 0 0 1 0 0 1 0 0 1 0 0 1 0 0 1 0 0 1 0 0 1 0 0 1 -0 0 1 0 0 1 0 0 1 0 0 1 0 0 1 0 0 1 0 0 1 0 0 1 0 0 1 0 0 1 0 0 1 0 0 1 0 0 1 0 0 1 0 0 1 0 0 1 0 -0 1 0 0 1 0 -0 1 0 0 1 0 -0 1 0 0 1 0 -0 1 0 0 1 0 -0 1 0 0 1 0 0 1 0 0 1 0 0 1 0 0 1 0 0 1 0 0 1 0 0 1 0 0 1 -0 0 1 0 0 1 0 -0 1 0 0 1 0 0 1 0 0 1 0 0 1 0 0 1 0 0 1 0 0 1 0 0 1 0 0 1 0 0 1 0 0 1 0 0 1 0 0 1 0 0 1 0 0 1 0 0 1 0 0 1 0 0 1 0 0 1 0 0 1 0 -0 1 0 0 1 0 -0 1 0 0 1 0 0 1 0 0 1 0 0 1 0 0 1 0 0 1 0 0 1 0 -0 1 0 0 1 -0 -0 1 0 0 1 0 0 1 0 0 1 0 0 1 0 0 1 0 0 1 0 0 1 0 0 1 0 0 1 0 0 1 0 0 1 0 0 1 0 0 1 0 0 1 0 0 1 0 -0 1 0 0 1 0 0 1 0 0 1 0 0 1 0 0 1 0 0 1 0 0 1 -0 -0 1 0 -0 1 0 -0 1 0 -0 1 0 -0 1 0 0 1 0 -0 1 0 -0 1 0 -0 1 0 -0 1 0 0 1 0 0 1 0 0 1 0 0 1 0 0 1 0 0 1 0 0 1 0 0 1 0 0 1 -0 0 1 -0 0 1 -0 0 1 -0 0 1 -0 0 1 0 -0 1 0 0 1 -0 -0 1 0 -0 1 0 -0 1 0 -0 1 0 -0 1 0 -0 1 0 0 1 0 0 1 0 0 1 0 0 1 0 0 1 -0 0 1 -0 0 1 -0 0 1 -0 0 1 -0 0 1 0 0 1 0 0 1 0 0 1 0 0 1 0 0 1 0 0 1 0 0 1 -0 0 1 0 0 1 0 0 1 0 0 1 0 0 1 0 0 1 0 0 1 0 0 1 0 0 1 0 0 1 0 0 1 0 0 1 0 0 1 0 0 1 0 0 1 0 0 1 0 0 1 0 0 1 0 0 1 0 0 1 0 0 1 0 0 1 0 0 1 0 0 1 0 -0 1 0 0 1 0 0 1 0 0 1 0 -0 1 0 0 1 0 0 1 0 -0 1 0 0 1 0 0 1 0 0 1 0 0 1 0 0 1 0 0 1 0 0 1 0 0 1 0 0 1 -0 0 1 0 0 1 -0 0 1 0 0 1 -0 -0 1 0 0 1 -0 -0 1 0 -0 1 0 0 1 0 -0 1 0 0 1 0 -0 1 0 0 1 0 -0 1 0 0 1 0 -0 1 0 0 1 0 -0 1 0 0 1 0 -0 1 0 0 1 0 0 1 -0 -0 1 0 0 1 -0 -0 1 0 0 1 -0 0 1 0 0 1 -0 0 1 0 0 1 0 0 1 -0 0 1 0 0 1 0 0 1 0 0 1 0 0 1 0 0 1 0 0 1 0 -0 1 0 0 1 0 0 1 0 0 1 0 -0 1 0 0 1 0 0 1 0 -0 1 0 0 1 0 0 1 0 0 1 0 -0 1 0 0 1 0 0 1 0 -0 1 0 0 1 0 0 1 0 0 1 0 0 1 0 0 1 0 0 1 0 0 1 0 0 1 0 0 1 -0 0 1 0 0 1 -0 0 1 0 0 1 -0 -0 1 0 0 1 -0 -0 1 0 -0 1 0 0 1 0 -0 1 0 0 1 0 -0 1 0 0 1 0 -0 1 0 0 1 0 -0 1 0 0 1 0 -0 1 0 0 1 0 -0 1 0 0 1 0 0 1 -0 -0 1 0 0 1 -0 -0 1 0 0 1 -0 0 1 0 0 1 -0 0 1 0 0 1 0 0 1 -0 0 1 0 0 1 0 0 1 0 0 1 0 0 1 0 0 1 0 0 1 0 -0 1 0 0 1 0 0 1 0 0 1 0 -0 1 0 0 1 0 0 1 0 -0 1 0 0 1 0 0 1 0 0 1 0 -0 1 0 0 1 0 0 1 0 -0 1 0 0 1 0 0 1 0 0 1 0 0 1 0 0 1 0 0 1 0 0 1 0 0 1 0 0 1 -0 0 1 0 0 1 -0 0 1 0 0 1 -0 -0 1 0 0 1 -0 -0 1 0 -0 1 0 0 1 0 -0 1 0 0 1 0 -0 1 0 0 1 0 -0 1 0 0 1 0 -0 1 0 0 1 0 -0 1 0 0 1 0 -0 1 0 0 1 0 0 1 -0 -0 1 0 0 1 -0 -0 1 0 0 1 -0 0 1 0 0 1 -0 0 1 0 0 1 0 0 1 -0 0 1 0 0 1 0 0 1 0 0 1 0 0 1 0 0 1 0 0 1 0 -0 1 0 0 1 0 0 1 0 0 1 0 -0 1 0 0 1 0 0 1 0 -0 1 0 0 1 0 0 1 0 0 1 0 -0 1 0 0 1 0 0 1 0 -0 1 0 0 1 0 0 1 0 0 1 0 0 1 0 0 1 0 0 1 0 0 1 0 0 1 0 0 1 -0 0 1 0 0 1 -0 0 1 0 0 1 -0 -0 1 0 0 1 -0 -0 1 0 -0 1 0 0 1 0 -0 1 0 0 1 0 -0 1 0 0 1 0 -0 1 0 0 1 0 -0 1 0 0 1 0 -0 1 0 0 1 0 -0 1 0 0 1 0 0 1 -0 -0 1 0 0 1 -0 -0 1 0 0 1 -0 0 1 0 0 1 -0 0 1 0 0 1 0 0 1 -0 0 1 0 0 1 0 0 1 0 0 1 0 0 1 0 0 1 0 0 1 0 -0 1 0 0 1 0 0 1 0 0 1 0 -0 1 0 0 1 0 0 1 0 -0 1 0 0 1 0 0 1 0 0 1 0 -0 1 0 0 1 0 0 1 0 -0 1 0 0 1 0 0 1 0 0 1 0 0 1 0 0 1 0 0 1 0 0 1 0 0 1 0 0 1 -0 0 1 0 0 1 -0 0 1 0 0 1 -0 -0 1 0 0 1 -0 -0 1 0 -0 1 0 0 1 0 -0 1 0 0 1 0 -0 1 0 0 1 0 -0 1 0 0 1 0 -0 1 0 0 1 0 -0 1 0 0 1 0 -0 1 0 0 1 0 0 1 -0 -0 1 0 0 1 -0 -0 1 0 0 1 -0 0 1 0 0 1 -0 0 1 0 0 1 0 0 1 -0 0 1 0 0 1 0 0 1 0 0 1 0 0 1 0 0 1 0 0 1 0 -0 1 0 0 1 0 0 1 0 0 1 0 -0 1 0 0 1 0 0 1 0 -0 1 0 0 1 0 0 1 0 0 1 0 -0 1 0 0 1 0 0 1 0 -0 1 0 0 1 0 0 1 0 0 1 0 0 1 0 0 1 0 0 1 0 0 1 0 0 1 0 0 1 -0 0 1 0 0 1 -0 0 1 0 0 1 -0 -0 1 0 0 1 -0 -0 1 0 -0 1 0 0 1 0 -0 1 0 0 1 0 -0 1 0 0 1 0 -0 1 0 0 1 0 -0 1 0 0 1 0 -0 1 0 0 1 0 -0 1 0 0 1 0 0 1 -0 -0 1 0 0 1 -0 -0 1 0 0 1 -0 0 1 0 0 1 -0 0 1 0 0 1 0 0 1 -0 0 1 0 0 1 0 0 1 0 0 1 0 0 1 0 0 1 0 0 1 0 -0 1 0 0 1 0 0 1 0 0 1 0 -0 1 0 0 1 0 0 1 0 -0.1145769 -0 -0.9934144 -0.1145769 0 -0.9934144 -0.331501 -0 -0.9434549 -0.331501 0 -0.9434549 -0.5295089 -0 -0.8483044 -0.5295089 0 -0.8483044 -0.7071068 0 -0.7071068 -0.7071068 0 -0.7071068 -0.8483044 0 -0.5295089 -0.8483044 0 -0.5295089 -0.9435036 0 -0.3313624 -0.9435036 0 -0.3313624 -0.994028 0 -0.1091255 -0.994028 0 -0.1091255 -0.9941037 0 0.1084335 -0.9941037 0 0.1084335 -0.9435036 0 0.3313624 -0.9435036 0 0.3313624 -0.848348 0 0.5294389 -0.848348 0 0.5294389 -0.707029 0 0.7071846 -0.707029 0 0.7071846 -0.5295089 0 0.8483044 -0.5295089 0 0.8483044 -0.331501 0 0.9434549 -0.331501 0 0.9434549 -0.1082798 0 0.9941204 -0.1082798 0 0.9941204 0.1089707 0 0.994045 0.1089707 -0 0.994045 0.331501 0 0.9434549 0.331501 -0 0.9434549 0.5294389 0 0.848348 0.5294389 -0 0.848348 0.7071068 0 0.7071068 0.7071068 0 0.7071068 0.848348 0 0.5294389 0.848348 0 0.5294389 0.9434549 0 0.331501 0.9434549 0 0.331501 0.9934144 0 0.1145769 0.9934144 0 0.1145769 0.9933299 0 -0.115307 0.9933299 0 -0.115307 0.9434549 0 -0.331501 0.9434549 0 -0.331501 0.8483044 0 -0.5295089 0.8483044 0 -0.5295089 0.7071846 0 -0.707029 0.7071846 0 -0.707029 0.5294389 0 -0.848348 0.5294389 0 -0.848348 0.331501 0 -0.9434549 0.331501 0 -0.9434549 0.115307 0 -0.9933299 0.115307 0 -0.9933299 -0.1145769 -0 -0.9934144 -0.1145769 0 -0.9934144 -0.331501 -0 -0.9434549 -0.331501 0 -0.9434549 -0.5295089 -0 -0.8483044 -0.5295089 0 -0.8483044 -0.7071068 0 -0.7071068 -0.7071068 0 -0.7071068 -0.8483044 0 -0.5295089 -0.8483044 0 -0.5295089 -0.9435036 0 -0.3313624 -0.9435036 0 -0.3313624 -0.994028 0 -0.1091255 -0.994028 0 -0.1091255 -0.9941037 0 0.1084335 -0.9941037 0 0.1084335 -0.9435036 0 0.3313624 -0.9435036 0 0.3313624 -0.848348 0 0.5294389 -0.848348 0 0.5294389 -0.707029 0 0.7071846 -0.707029 0 0.7071846 -0.5295089 0 0.8483044 -0.5295089 0 0.8483044 -0.331501 0 0.9434549 -0.331501 0 0.9434549 -0.1082798 0 0.9941204 -0.1082798 0 0.9941204 0.1089707 0 0.994045 0.1089707 -0 0.994045 0.331501 0 0.9434549 0.331501 -0 0.9434549 0.5294389 0 0.848348 0.5294389 -0 0.848348 0.7071068 0 0.7071068 0.7071068 0 0.7071068 0.848348 0 0.5294389 0.848348 0 0.5294389 0.9434549 0 0.331501 0.9434549 0 0.331501 0.9934144 0 0.1145769 0.9934144 0 0.1145769 0.9933299 0 -0.115307 0.9933299 0 -0.115307 0.9434549 0 -0.331501 0.9434549 0 -0.331501 0.8483044 0 -0.5295089 0.8483044 0 -0.5295089 0.7071846 0 -0.707029 0.7071846 0 -0.707029 0.5294389 0 -0.848348 0.5294389 0 -0.848348 0.331501 0 -0.9434549 0.331501 0 -0.9434549 0.115307 0 -0.9933299 0.115307 0 -0.9933299 -0.1145769 -0 -0.9934144 -0.1145769 0 -0.9934144 -0.331501 -0 -0.9434549 -0.331501 0 -0.9434549 -0.5295089 -0 -0.8483044 -0.5295089 0 -0.8483044 -0.7071068 0 -0.7071068 -0.7071068 0 -0.7071068 -0.8483044 0 -0.5295089 -0.8483044 0 -0.5295089 -0.9435036 0 -0.3313624 -0.9435036 0 -0.3313624 -0.994028 0 -0.1091255 -0.994028 0 -0.1091255 -0.9941037 0 0.1084335 -0.9941037 0 0.1084335 -0.9435036 0 0.3313624 -0.9435036 0 0.3313624 -0.848348 0 0.5294389 -0.848348 0 0.5294389 -0.707029 0 0.7071846 -0.707029 0 0.7071846 -0.5295089 0 0.8483044 -0.5295089 0 0.8483044 -0.331501 0 0.9434549 -0.331501 0 0.9434549 -0.1082798 0 0.9941204 -0.1082798 0 0.9941204 0.1089707 0 0.994045 0.1089707 -0 0.994045 0.331501 0 0.9434549 0.331501 -0 0.9434549 0.5294389 0 0.848348 0.5294389 -0 0.848348 0.7071068 0 0.7071068 0.7071068 0 0.7071068 0.848348 0 0.5294389 0.848348 0 0.5294389 0.9434549 0 0.331501 0.9434549 0 0.331501 0.9934144 0 0.1145769 0.9934144 0 0.1145769 0.9933299 0 -0.115307 0.9933299 0 -0.115307 0.9434549 0 -0.331501 0.9434549 0 -0.331501 0.8483044 0 -0.5295089 0.8483044 0 -0.5295089 0.7071846 0 -0.707029 0.7071846 0 -0.707029 0.5294389 0 -0.848348 0.5294389 0 -0.848348 0.331501 0 -0.9434549 0.331501 0 -0.9434549 0.115307 0 -0.9933299 0.115307 0 -0.9933299 -0.1145769 -0 -0.9934144 -0.1145769 0 -0.9934144 -0.331501 -0 -0.9434549 -0.331501 0 -0.9434549 -0.5295089 -0 -0.8483044 -0.5295089 0 -0.8483044 -0.7071068 0 -0.7071068 -0.7071068 0 -0.7071068 -0.8483044 0 -0.5295089 -0.8483044 0 -0.5295089 -0.9435036 0 -0.3313624 -0.9435036 0 -0.3313624 -0.994028 0 -0.1091255 -0.994028 0 -0.1091255 -0.9941037 0 0.1084335 -0.9941037 0 0.1084335 -0.9435036 0 0.3313624 -0.9435036 0 0.3313624 -0.848348 0 0.5294389 -0.848348 0 0.5294389 -0.707029 0 0.7071846 -0.707029 0 0.7071846 -0.5295089 0 0.8483044 -0.5295089 0 0.8483044 -0.331501 0 0.9434549 -0.331501 0 0.9434549 -0.1082798 0 0.9941204 -0.1082798 0 0.9941204 0.1089707 0 0.994045 0.1089707 -0 0.994045 0.331501 0 0.9434549 0.331501 -0 0.9434549 0.5294389 0 0.848348 0.5294389 -0 0.848348 0.7071068 0 0.7071068 0.7071068 0 0.7071068 0.848348 0 0.5294389 0.848348 0 0.5294389 0.9434549 0 0.331501 0.9434549 0 0.331501 0.9934144 0 0.1145769 0.9934144 0 0.1145769 0.9933299 0 -0.115307 0.9933299 0 -0.115307 0.9434549 0 -0.331501 0.9434549 0 -0.331501 0.8483044 0 -0.5295089 0.8483044 0 -0.5295089 0.7071846 0 -0.707029 0.7071846 0 -0.707029 0.5294389 0 -0.848348 0.5294389 0 -0.848348 0.331501 0 -0.9434549 0.331501 0 -0.9434549 0.115307 0 -0.9933299 0.115307 0 -0.9933299 -0.1145769 -0 -0.9934144 -0.1145769 0 -0.9934144 -0.331501 -0 -0.9434549 -0.331501 0 -0.9434549 -0.5295089 -0 -0.8483044 -0.5295089 0 -0.8483044 -0.7071068 0 -0.7071068 -0.7071068 0 -0.7071068 -0.8483044 0 -0.5295089 -0.8483044 0 -0.5295089 -0.9435036 0 -0.3313624 -0.9435036 0 -0.3313624 -0.994028 0 -0.1091255 -0.994028 0 -0.1091255 -0.9941037 0 0.1084335 -0.9941037 0 0.1084335 -0.9435036 0 0.3313624 -0.9435036 0 0.3313624 -0.848348 0 0.5294389 -0.848348 0 0.5294389 -0.707029 0 0.7071846 -0.707029 0 0.7071846 -0.5295089 0 0.8483044 -0.5295089 0 0.8483044 -0.331501 0 0.9434549 -0.331501 0 0.9434549 -0.1082798 0 0.9941204 -0.1082798 0 0.9941204 0.1089707 0 0.994045 0.1089707 -0 0.994045 0.331501 0 0.9434549 0.331501 -0 0.9434549 0.5294389 0 0.848348 0.5294389 -0 0.848348 0.7071068 0 0.7071068 0.7071068 0 0.7071068 0.848348 0 0.5294389 0.848348 0 0.5294389 0.9434549 0 0.331501 0.9434549 0 0.331501 0.9934144 0 0.1145769 0.9934144 0 0.1145769 0.9933299 0 -0.115307 0.9933299 0 -0.115307 0.9434549 0 -0.331501 0.9434549 0 -0.331501 0.8483044 0 -0.5295089 0.8483044 0 -0.5295089 0.7071846 0 -0.707029 0.7071846 0 -0.707029 0.5294389 0 -0.848348 0.5294389 0 -0.848348 0.331501 0 -0.9434549 0.331501 0 -0.9434549 0.115307 0 -0.9933299 0.115307 0 -0.9933299 -0.1145769 -0 -0.9934144 -0.1145769 0 -0.9934144 -0.331501 -0 -0.9434549 -0.331501 0 -0.9434549 -0.5295089 -0 -0.8483044 -0.5295089 0 -0.8483044 -0.7071068 0 -0.7071068 -0.7071068 0 -0.7071068 -0.8483044 0 -0.5295089 -0.8483044 0 -0.5295089 -0.9435036 0 -0.3313624 -0.9435036 0 -0.3313624 -0.994028 0 -0.1091255 -0.994028 0 -0.1091255 -0.9941037 0 0.1084335 -0.9941037 0 0.1084335 -0.9435036 0 0.3313624 -0.9435036 0 0.3313624 -0.848348 0 0.5294389 -0.848348 0 0.5294389 -0.707029 0 0.7071846 -0.707029 0 0.7071846 -0.5295089 0 0.8483044 -0.5295089 0 0.8483044 -0.331501 0 0.9434549 -0.331501 0 0.9434549 -0.1082798 0 0.9941204 -0.1082798 0 0.9941204 0.1089707 0 0.994045 0.1089707 -0 0.994045 0.331501 0 0.9434549 0.331501 -0 0.9434549 0.5294389 0 0.848348 0.5294389 -0 0.848348 0.7071068 0 0.7071068 0.7071068 0 0.7071068 0.848348 0 0.5294389 0.848348 0 0.5294389 0.9434549 0 0.331501 0.9434549 0 0.331501 0.9934144 0 0.1145769 0.9934144 0 0.1145769 0.9933299 0 -0.115307 0.9933299 0 -0.115307 0.9434549 0 -0.331501 0.9434549 0 -0.331501 0.8483044 0 -0.5295089 0.8483044 0 -0.5295089 0.7071846 0 -0.707029 0.7071846 0 -0.707029 0.5294389 0 -0.848348 0.5294389 0 -0.848348 0.331501 0 -0.9434549 0.331501 0 -0.9434549 0.115307 0 -0.9933299 0.115307 0 -0.9933299 0.1145769 0.9934144 0 0.1145769 0.9934144 0 0.3277355 0.9447695 0 0.3277355 0.9447695 0 0.5341507 0.8453892 0 0.5341507 0.8453892 0 0.7069513 0.7072623 -0 0.7069513 0.7072623 0 0.8465438 0.532319 -0 0.8465438 0.532319 0 0.9435522 0.3312239 -0 0.9435522 0.3312239 0 0.9933966 0.1147303 -0 0.9933966 0.1147303 0 0.9933966 -0.1147303 0 0.9933966 -0.1147303 0 0.9435522 -0.3312239 0 0.9435522 -0.3312239 0 0.8465438 -0.532319 0 0.8465438 -0.532319 0 0.7069513 -0.7072623 0 0.7069513 -0.7072623 0 0.5341507 -0.8453892 0 0.5341507 -0.8453892 0 0.3277355 -0.9447695 0 0.3277355 -0.9447695 0 0.1145769 -0.9934144 0 0.1145769 -0.9934144 0 -0.1145769 -0.9934144 0 -0.1145769 -0.9934144 0 -0.3258032 -0.9454376 0 -0.3258032 -0.9454376 0 -0.5340105 -0.8454778 0 -0.5340105 -0.8454778 0 -0.7071068 -0.7071068 0 -0.7071068 -0.7071068 -0 -0.8465438 -0.532319 0 -0.8465438 -0.532319 -0 -0.9434549 -0.331501 0 -0.9434549 -0.331501 -0 -0.9941204 -0.1082798 0 -0.9941204 -0.1082798 -0 -0.9941204 0.1082798 0 -0.9941204 0.1082798 0 -0.9434549 0.331501 0 -0.9434549 0.331501 0 -0.8465438 0.532319 0 -0.8465438 0.532319 0 -0.7071068 0.7071068 0 -0.7071068 0.7071068 0 -0.5340105 0.8454778 0 -0.5340105 0.8454778 0 -0.3258032 0.9454376 0 -0.3258032 0.9454376 0 -0.1145769 0.9934144 0 -0.1145769 0.9934144 0 0.1145769 0.9934144 0 0.1145769 0.9934144 0 0.3277355 0.9447695 0 0.3277355 0.9447695 0 0.5341507 0.8453892 0 0.5341507 0.8453892 0 0.7069513 0.7072623 -0 0.7069513 0.7072623 0 0.8465438 0.532319 -0 0.8465438 0.532319 0 0.9435522 0.3312239 -0 0.9435522 0.3312239 0 0.9933966 0.1147303 -0 0.9933966 0.1147303 0 0.9933966 -0.1147303 0 0.9933966 -0.1147303 0 0.9435522 -0.3312239 0 0.9435522 -0.3312239 0 0.8465438 -0.532319 0 0.8465438 -0.532319 0 0.7069513 -0.7072623 0 0.7069513 -0.7072623 0 0.5341507 -0.8453892 0 0.5341507 -0.8453892 0 0.3277355 -0.9447695 0 0.3277355 -0.9447695 0 0.1145769 -0.9934144 0 0.1145769 -0.9934144 0 -0.1145769 -0.9934144 0 -0.1145769 -0.9934144 0 -0.3258032 -0.9454376 0 -0.3258032 -0.9454376 0 -0.5340105 -0.8454778 0 -0.5340105 -0.8454778 0 -0.7071068 -0.7071068 0 -0.7071068 -0.7071068 -0 -0.8465438 -0.532319 0 -0.8465438 -0.532319 -0 -0.9434549 -0.331501 0 -0.9434549 -0.331501 -0 -0.9941204 -0.1082798 0 -0.9941204 -0.1082798 -0 -0.9941204 0.1082798 0 -0.9941204 0.1082798 0 -0.9434549 0.331501 0 -0.9434549 0.331501 0 -0.8465438 0.532319 0 -0.8465438 0.532319 0 -0.7071068 0.7071068 0 -0.7071068 0.7071068 0 -0.5340105 0.8454778 0 -0.5340105 0.8454778 0 -0.3258032 0.9454376 0 -0.3258032 0.9454376 0 -0.1145769 0.9934144 0 -0.1145769 0.9934144 0 0.1145769 0.9934144 0 0.1145769 0.9934144 0 0.3277355 0.9447695 0 0.3277355 0.9447695 0 0.5341507 0.8453892 0 0.5341507 0.8453892 0 0.7069513 0.7072623 -0 0.7069513 0.7072623 0 0.8465438 0.532319 -0 0.8465438 0.532319 0 0.9435522 0.3312239 -0 0.9435522 0.3312239 0 0.9933966 0.1147303 -0 0.9933966 0.1147303 0 0.9933966 -0.1147303 0 0.9933966 -0.1147303 0 0.9435522 -0.3312239 0 0.9435522 -0.3312239 0 0.8465438 -0.532319 0 0.8465438 -0.532319 0 0.7069513 -0.7072623 0 0.7069513 -0.7072623 0 0.5341507 -0.8453892 0 0.5341507 -0.8453892 0 0.3277355 -0.9447695 0 0.3277355 -0.9447695 0 0.1145769 -0.9934144 0 0.1145769 -0.9934144 0 -0.1145769 -0.9934144 0 -0.1145769 -0.9934144 0 -0.3258032 -0.9454376 0 -0.3258032 -0.9454376 0 -0.5340105 -0.8454778 0 -0.5340105 -0.8454778 0 -0.7071068 -0.7071068 0 -0.7071068 -0.7071068 -0 -0.8465438 -0.532319 0 -0.8465438 -0.532319 -0 -0.9434549 -0.331501 0 -0.9434549 -0.331501 -0 -0.9941204 -0.1082798 0 -0.9941204 -0.1082798 -0 -0.9941204 0.1082798 0 -0.9941204 0.1082798 0 -0.9434549 0.331501 0 -0.9434549 0.331501 0 -0.8465438 0.532319 0 -0.8465438 0.532319 0 -0.7071068 0.7071068 0 -0.7071068 0.7071068 0 -0.5340105 0.8454778 0 -0.5340105 0.8454778 0 -0.3258032 0.9454376 0 -0.3258032 0.9454376 0 -0.1145769 0.9934144 0 -0.1145769 0.9934144 0 0.1145769 0.9934144 0 0.1145769 0.9934144 0 0.3277355 0.9447695 0 0.3277355 0.9447695 0 0.5341507 0.8453892 0 0.5341507 0.8453892 0 0.7069513 0.7072623 -0 0.7069513 0.7072623 0 0.8465438 0.532319 -0 0.8465438 0.532319 0 0.9435522 0.3312239 -0 0.9435522 0.3312239 0 0.9933966 0.1147303 -0 0.9933966 0.1147303 0 0.9933966 -0.1147303 0 0.9933966 -0.1147303 0 0.9435522 -0.3312239 0 0.9435522 -0.3312239 0 0.8465438 -0.532319 0 0.8465438 -0.532319 0 0.7069513 -0.7072623 0 0.7069513 -0.7072623 0 0.5341507 -0.8453892 0 0.5341507 -0.8453892 0 0.3277355 -0.9447695 0 0.3277355 -0.9447695 0 0.1145769 -0.9934144 0 0.1145769 -0.9934144 0 -0.1145769 -0.9934144 0 -0.1145769 -0.9934144 0 -0.3258032 -0.9454376 0 -0.3258032 -0.9454376 0 -0.5340105 -0.8454778 0 -0.5340105 -0.8454778 0 -0.7071068 -0.7071068 0 -0.7071068 -0.7071068 -0 -0.8465438 -0.532319 0 -0.8465438 -0.532319 -0 -0.9434549 -0.331501 0 -0.9434549 -0.331501 -0 -0.9941204 -0.1082798 0 -0.9941204 -0.1082798 -0 -0.9941204 0.1082798 0 -0.9941204 0.1082798 0 -0.9434549 0.331501 0 -0.9434549 0.331501 0 -0.8465438 0.532319 0 -0.8465438 0.532319 0 -0.7071068 0.7071068 0 -0.7071068 0.7071068 0 -0.5340105 0.8454778 0 -0.5340105 0.8454778 0 -0.3258032 0.9454376 0 -0.3258032 0.9454376 0 -0.1145769 0.9934144 0 -0.1145769 0.9934144 0 -1 0 0 -1 0 0 0 1 0 0 1 0 0 -1 0 0 -1 0 0 -0 -1 0 0 -1 0 0 -1 0 0 -1 -0 -0 -1 0 0 -1 0 -0 -1 0 0 -1 0 -0 -1 0 0 -1 0 -0 -1 0 0 -1 0 -0 -1 0 0 -1 0 0 -1 0 0 -1 0 0 -1 0 0 -1 0 0 -1 0 0 -1 0 0 -1 0 0 -1 0 0 -1 0 0 -1 0 0 -1 0 0 -1 0 0 -1 0 0 -1 0 0 -1 0 0 -1 -0 0 -1 0 0 -1 0 -0 -1 0 0 -1 0 -0 -1 0 0 -1 0 -0 -1 0 0 -1 0 -0 -1 0 0 -1 0 -0 -1 0 0 -1 0 0 -1 0 0 -1 0 0 -1 0 0 -1 0 0 -1 0 0 -1 0 0 -1 0 0 -1 0 0 -1 0 -0 -1 0 -0 -1 0 0 -1 0 0 -1 0 0 -1 0 0 -1 0 0 -1 0 0 -1 0 0 -1 0 0 -1 0 0 -1 0 0 -1 0 0 -1 0 0 -1 0 0 -1 0 -0 -1 0 0 -1 0 0 -1 0 -0 -1 0 -0 -1 0 -0 -1 0 0 -1 0 0 -1 0 0 -1 0 0 -1 0 0 -1 0 0 -1 0 0 -1 0 0 -1 -0 0 -1 0 0 -1 0 0 -1 0 0 -1 0 0 -1 0 0 -1 0 0 -1 0 0 -1 0 0 -1 0 0 -1 0 -0 -1 0 -0 -1 0 -0 -1 0 -0 -1 0 -0 -1 0 -0 -1 0 -0 -1 0 0 -1 0 0 -1 0 0 -1 0 0 -1 0 -0 -1 0 0 -1 0 0 -1 0 -0 -1 0 0 -1 0 -0 -1 0 0 -1 0 0 -1 0 0 -1 0 0 -1 0 0 -1 0 0 -1 0 0 -1 0 0 -1 0 0 -1 0 0 -1 0 0 -1 0 0 -1 0 0 -1 0 0 -1 0 0 -1 -0.1145769 0.9934144 0 -0.1145769 0.9934144 0 -0.5340105 0.8454778 0 -0.5340105 0.8454778 0 -0.3258032 0.9454376 0 -0.3258032 0.9454376 0 -0.7071068 0.7071068 0 -0.7071068 0.7071068 0 -0.9434549 0.331501 0 -0.9434549 0.331501 0 -0.8465438 0.532319 0 -0.8465438 0.532319 0 -0.9941204 0.1082798 0 -0.9941204 0.1082798 0 -0.9941204 -0.1082798 0 -0.9941204 -0.1082798 -0 -0.9434549 -0.331501 0 -0.9434549 -0.331501 -0 -0.8465438 -0.532319 0 -0.8465438 -0.532319 -0 -0.7071068 -0.7071068 0 -0.7071068 -0.7071068 -0 -0.5340105 -0.8454778 0 -0.5340105 -0.8454778 0 -0.3258032 -0.9454376 0 -0.3258032 -0.9454376 0 -0.1145769 -0.9934144 0 -0.1145769 -0.9934144 0 0.1145769 -0.9934144 0 0.1145769 -0.9934144 0 0.3277355 -0.9447695 0 0.3277355 -0.9447695 0 0.5341507 -0.8453892 0 0.5341507 -0.8453892 0 0.7069513 -0.7072623 0 0.7069513 -0.7072623 0 0.8465438 -0.532319 0 0.8465438 -0.532319 0 0.9435522 -0.3312239 0 0.9435522 -0.3312239 0 0.9933966 -0.1147303 0 0.9933966 -0.1147303 0 0.9435522 0.3312239 -0 0.9435522 0.3312239 0 0.9933966 0.1147303 -0 0.9933966 0.1147303 0 0.8465438 0.532319 -0 0.8465438 0.532319 0 0.5341507 0.8453892 0 0.5341507 0.8453892 0 0.7069513 0.7072623 -0 0.7069513 0.7072623 0 0.1145769 0.9934144 0 0.1145769 0.9934144 0 0.3277355 0.9447695 0 0.3277355 0.9447695 0 -0.1145769 0.9934144 0 -0.1145769 0.9934144 0 -0.5340105 0.8454778 0 -0.5340105 0.8454778 0 -0.3258032 0.9454376 0 -0.3258032 0.9454376 0 -0.7071068 0.7071068 0 -0.7071068 0.7071068 0 -0.9434549 0.331501 0 -0.9434549 0.331501 0 -0.8465438 0.532319 0 -0.8465438 0.532319 0 -0.9941204 0.1082798 0 -0.9941204 0.1082798 0 -0.9941204 -0.1082798 0 -0.9941204 -0.1082798 -0 -0.9434549 -0.331501 0 -0.9434549 -0.331501 -0 -0.8465438 -0.532319 0 -0.8465438 -0.532319 -0 -0.7071068 -0.7071068 0 -0.7071068 -0.7071068 -0 -0.5340105 -0.8454778 0 -0.5340105 -0.8454778 0 -0.3258032 -0.9454376 0 -0.3258032 -0.9454376 0 -0.1145769 -0.9934144 0 -0.1145769 -0.9934144 0 0.1145769 -0.9934144 0 0.1145769 -0.9934144 0 0.3277355 -0.9447695 0 0.3277355 -0.9447695 0 0.5341507 -0.8453892 0 0.5341507 -0.8453892 0 0.7069513 -0.7072623 0 0.7069513 -0.7072623 0 0.8465438 -0.532319 0 0.8465438 -0.532319 0 0.9435522 -0.3312239 0 0.9435522 -0.3312239 0 0.9933966 -0.1147303 0 0.9933966 -0.1147303 0 0.9435522 0.3312239 -0 0.9435522 0.3312239 0 0.9933966 0.1147303 -0 0.9933966 0.1147303 0 0.8465438 0.532319 -0 0.8465438 0.532319 0 0.5341507 0.8453892 0 0.5341507 0.8453892 0 0.7069513 0.7072623 -0 0.7069513 0.7072623 0 0.1145769 0.9934144 0 0.1145769 0.9934144 0 0.3277355 0.9447695 0 0.3277355 0.9447695 0 -0.1145769 0.9934144 0 -0.1145769 0.9934144 0 -0.5340105 0.8454778 0 -0.5340105 0.8454778 0 -0.3258032 0.9454376 0 -0.3258032 0.9454376 0 -0.7071068 0.7071068 0 -0.7071068 0.7071068 0 -0.9434549 0.331501 0 -0.9434549 0.331501 0 -0.8465438 0.532319 0 -0.8465438 0.532319 0 -0.9941204 0.1082798 0 -0.9941204 0.1082798 0 -0.9941204 -0.1082798 0 -0.9941204 -0.1082798 -0 -0.9434549 -0.331501 0 -0.9434549 -0.331501 -0 -0.8465438 -0.532319 0 -0.8465438 -0.532319 -0 -0.7071068 -0.7071068 0 -0.7071068 -0.7071068 -0 -0.5340105 -0.8454778 0 -0.5340105 -0.8454778 0 -0.3258032 -0.9454376 0 -0.3258032 -0.9454376 0 -0.1145769 -0.9934144 0 -0.1145769 -0.9934144 0 0.1145769 -0.9934144 0 0.1145769 -0.9934144 0 0.3277355 -0.9447695 0 0.3277355 -0.9447695 0 0.5341507 -0.8453892 0 0.5341507 -0.8453892 0 0.7069513 -0.7072623 0 0.7069513 -0.7072623 0 0.8465438 -0.532319 0 0.8465438 -0.532319 0 0.9435522 -0.3312239 0 0.9435522 -0.3312239 0 0.9933966 -0.1147303 0 0.9933966 -0.1147303 0 0.9435522 0.3312239 -0 0.9435522 0.3312239 0 0.9933966 0.1147303 -0 0.9933966 0.1147303 0 0.8465438 0.532319 -0 0.8465438 0.532319 0 0.5341507 0.8453892 0 0.5341507 0.8453892 0 0.7069513 0.7072623 -0 0.7069513 0.7072623 0 0.1145769 0.9934144 0 0.1145769 0.9934144 0 0.3277355 0.9447695 0 0.3277355 0.9447695 0 -0.1145769 0.9934144 0 -0.1145769 0.9934144 0 -0.5340105 0.8454778 0 -0.5340105 0.8454778 0 -0.3258032 0.9454376 0 -0.3258032 0.9454376 0 -0.7071068 0.7071068 0 -0.7071068 0.7071068 0 -0.9434549 0.331501 0 -0.9434549 0.331501 0 -0.8465438 0.532319 0 -0.8465438 0.532319 0 -0.9941204 0.1082798 0 -0.9941204 0.1082798 0 -0.9941204 -0.1082798 0 -0.9941204 -0.1082798 -0 -0.9434549 -0.331501 0 -0.9434549 -0.331501 -0 -0.8465438 -0.532319 0 -0.8465438 -0.532319 -0 -0.7071068 -0.7071068 0 -0.7071068 -0.7071068 -0 -0.5340105 -0.8454778 0 -0.5340105 -0.8454778 0 -0.3258032 -0.9454376 0 -0.3258032 -0.9454376 0 -0.1145769 -0.9934144 0 -0.1145769 -0.9934144 0 0.1145769 -0.9934144 0 0.1145769 -0.9934144 0 0.3277355 -0.9447695 0 0.3277355 -0.9447695 0 0.5341507 -0.8453892 0 0.5341507 -0.8453892 0 0.7069513 -0.7072623 0 0.7069513 -0.7072623 0 0.8465438 -0.532319 0 0.8465438 -0.532319 0 0.9435522 -0.3312239 0 0.9435522 -0.3312239 0 0.9933966 -0.1147303 0 0.9933966 -0.1147303 0 0.9435522 0.3312239 -0 0.9435522 0.3312239 0 0.9933966 0.1147303 -0 0.9933966 0.1147303 0 0.8465438 0.532319 -0 0.8465438 0.532319 0 0.5341507 0.8453892 0 0.5341507 0.8453892 0 0.7069513 0.7072623 -0 0.7069513 0.7072623 0 0.1145769 0.9934144 0 0.1145769 0.9934144 0 0.3277355 0.9447695 0 0.3277355 0.9447695 0 0 -1 0 0 -1 0 -0.7071068 -0.7071068 0 -0.7071068 -0.7071068 0 -0.7071068 -0.7071068 0 -1 0 0 -1 0 0 -0.7071068 0.7071068 0 -0.7071068 0.7071068 0 -0.7071068 0.7071068 0 0 1 0 0 1 0 0 0 1 0 0 1 0 0 1 0 -0 1 0 0 1 -0 0 1 0 0 1 0 -0 1 -0 0 1 0 0 1 0 0 1 0 0 1 0 0 1 0 0 1 0 0 1 0 -0 1 0 0 1 0 0 1 0 0 1 0 -0 1 0 0 1 0 0 1 0 0 1 0 0 1 0 0 1 0 0 1 0 0 1 0 0 1 0 0 1 0 0 1 0 0 1 0 0 1 0 0 1 0 0 1 0 0 1 0 0 1 0 0 1 0 0 1 0 -0 1 0 0 1 0 -0 1 0 0 1 0 -0 1 0 0 1 0 -0 1 0 0 1 0 -0 1 0 0 1 0 -0 1 0 0 1 0 -0 1 0 0 1 0 0 1 0 0 1 0 0 1 0 0 1 0 0 1 0 0 1 0 0 1 0 0 1 0 0 1 0 0 1 0 0 1 0 0 1 0 0 1 0 0 1 0 -0 1 0 0 1 0 0 1 0 0 1 0 -0 1 0 0 1 0 0 1 0 0 1 0 -0 1 0 0 1 0 0 1 0 -0 1 0 0 1 0 0 1 0 0 1 0 -0 1 0 0 1 0 0 1 0 0 1 0 0 1 0 0 1 0 0 1 0 0 1 0 0 1 0 0 1 0 0 1 0 0 1 0 0 1 0 0 1 0 0 1 0 0 1 0 0 1 0 0 1 0 0 1 0 -0 1 0 0 1 0 -0 1 0 0 1 0 -0 1 0 0 1 0 -0 1 0 0 1 0 -0 1 0 0 1 0 -0 1 0 0 1 0 -0 1 0 0 1 0 0 1 0 0 1 0 0 1 0 0 1 0 0 1 0 0 1 0 0 1 0 0 1 0 0 1 0 0 1 0 0 1 0 0 1 0 0 1 0 0 1 0 -0 1 0 0 1 0 0 1 0 0 1 0 -0 1 0 0 1 0 0 1 0 0 1 0 -0 1 0 0 1 0 0 1 0 -0 1 0 0 1 0 0 1 0 0 1 0 -0 1 0 0 1 0 0 1 0 0 1 0 0 1 0 0 1 0 0 1 0 0 1 0 0 1 0 0 1 0 0 1 0 0 1 0 0 1 0 0 1 0 0 1 0 0 1 0 0 1 0 0 1 0 0 1 0 -0 1 0 0 1 0 -0 1 0 0 1 0 -0 1 0 0 1 0 -0 1 0 0 1 0 -0 1 0 0 1 0 -0 1 0 0 1 0 -0 1 0 0 1 0 0 1 0 0 1 0 0 1 0 0 1 0 0 1 0 0 1 0 0 1 0 0 1 0 0 1 0 0 1 0 0 1 0 0 1 0 0 1 0 0 1 0 -0 1 0 0 1 0 0 1 0 0 1 0 -0 1 0 0 1 0 0 1 0 0 1 0 -0 1 0 0 1 0 0 1 0 -0 1 0 0 1 0 0 1 0 0 1 0 -0 1 0 0 1 0 0 1 0 0 1 0 0 1 0 0 1 0 0 1 0 0 1 0 0 1 0 0 1 0 0 1 0 0 1 0 0 1 0 0 1 0 0 1 0 0 1 0 0 1 0 0 1 0 0 1 0 -0 1 0 0 1 0 -0 1 0 0 1 0 -0 1 0 0 1 0 -0 1 0 0 1 0 -0 1 0 0 1 0 -0 1 0 0 1 0 -0 1 0 0 1 0 0 1 0 0 1 0 0 1 0 0 1 0 0 1 0 0 1 0 0 1 0 0 1 0 0 1 0 0 1 0 0 1 0 0 1 0 0 1 0 0 1 0 -0 1 0 0 1 0 0 1 0 0 1 0 -0 1 0 0 1 0 0 1 0 0 1 0 -0 1 0 0 1 0 0 1 0 -0 1 0 0 1 0 0 1 0 0 1 0 -0 1 0 0 1 0 0 1 0 0 1 0 0 1 0 0 1 0 0 1 0 0 1 0 0 1 0 0 1 0 0 1 0 0 1 0 0 1 0 0 1 0 0 1 0 0 1 0 0 1 0 0 1 0 0 1 0 -0 1 0 0 1 0 -0 1 0 0 1 0 -0 1 0 0 1 0 -0 1 0 0 1 0 -0 1 0 0 1 0 -0 1 0 0 1 0 -0 1 0 0 1 0 0 1 0 0 1 0 0 1 0 0 1 0 0 1 0 0 1 0 0 1 0 0 1 0 0 1 0 0 1 0 0 1 0 0 1 0 0 1 0 0 1 0 -0 1 0 0 1 0 0 1 0 0 1 0 -0 1 0 0 1 0 0 1 0 0 1 0 -0 1 0 0 1 0 0 1 0 -0 1 0 0 1 0 0 1 0 0 1 0 -0 1 0 0 1 0 0 1 0 0 1 0 0 1 0 0 1 0 0 1 0 0 1 0 0 1 0 0 1 0 0 1 0 0 1 0 0 1 0 0 1 0 0 1 0 0 1 0 0 1 0 0 1 0 0 1 0 -0 1 0 0 1 0 -0 1 0 0 1 0 -0 1 0 0 1 0 -0 1 0 0 1 0 -0 1 0 0 1 0 -0 1 0 0 1 0 -0 1 0 0 1 0 0 1 0 0 1 0 0 1 0 0 1 0 0 1 0 0 1 0 0 1 0 0 1 0 0 1 0 0 1 0 0 1 0 0 1 0 0 1 0 0 1 0 -0 1 0 0 1 0 0 1 0 0 1 0 -0 1 0 0 1 0 0 1 0 0 1 0 -0 1 0 0 1 0 0 1 0 -0 1 0 0 1 0 0 1 0 0 1 0 -0 1 0 0 1 0 0 1 0 0 1 0 0 1 0 0 1 0 0 1 0 0 1 0 0 1 0 0 1 0 0 1 0 0 1 0 0 1 0 0 1 0 0 1 0 0 1 0 0 1 0 0 1 0 0 1 0 -0 1 0 0 1 0 -0 1 0 0 1 0 -0 1 0 0 1 0 -0 1 0 0 1 0 -0 1 0 0 1 0 -0 1 0 0 1 0 -0 1 0 0 1 0 0 1 0 0 1 0 0 1 0 0 1 0 0 1 0 0 1 0 0 1 0 0 1 0 0 1 0 0 1 0 0 1 0 0 1 0 0 1 0 0 1 0 -0 1 0 0 1 0 0 1 0 0 1 0 -0 1 0 0 1 0 0 1 0 0 1 0 -0 1 0 0 1 0 0 1 0 -0 1 0 0 1 0 0 1 0 0 1 0 -0 1 0 0 1 0 0 1 0 0 1 0 0 1 0 0 1 0 0 1 0 0 1 0 0 1 0 0 1 0 0 1 0 0 1 0 0 1 0 0 1 0 0 1 0 0 1 0 0 1 0 0 1 0 0 1 0 -0 1 0 0 1 0 -0 1 0 0 1 0 -0 1 0 0 1 0 -0 1 0 0 1 0 -0 1 0 0 1 0 -0 1 0 0 1 0 -0 1 0 0 1 0 0 1 0 0 1 0 0 1 0 0 1 0 0 1 0 0 1 0 0 1 0 0 1 0 0 1 0 0 1 0 0 1 0 0 1 0 0 1 0 0 1 0 -0 1 0 0 1 0 0 1 0 0 1 0 -0 1 0 0 1 0 0 1 0 0 1 0 -0 1 0 0 -1 0 0 -1 0 0 -1 -0 -0 -1 -0 0 -1 0 0 -1 0 0 -1 0 0 -1 0.9933299 0 -0.115307 0.9933299 0 -0.115307 0.9434549 0 -0.331501 0.9434549 0 -0.331501 0.8483044 0 -0.5295089 0.8483044 0 -0.5295089 0.7071846 0 -0.707029 0.7071846 0 -0.707029 0.5294389 0 -0.848348 0.5294389 0 -0.848348 0.331501 0 -0.9434549 0.331501 0 -0.9434549 0.115307 0 -0.9933299 0.115307 0 -0.9933299 -0.1145769 -0 -0.9934144 -0.1145769 0 -0.9934144 -0.331501 -0 -0.9434549 -0.331501 0 -0.9434549 -0.5295089 -0 -0.8483044 -0.5295089 0 -0.8483044 -0.7071068 0 -0.7071068 -0.7071068 0 -0.7071068 -0.8483044 0 -0.5295089 -0.8483044 0 -0.5295089 -0.9435036 0 -0.3313624 -0.9435036 0 -0.3313624 -0.994028 0 -0.1091255 -0.994028 0 -0.1091255 -0.9941037 0 0.1084335 -0.9941037 0 0.1084335 -0.9435036 0 0.3313624 -0.9435036 0 0.3313624 -0.848348 0 0.5294389 -0.848348 0 0.5294389 -0.707029 0 0.7071846 -0.707029 0 0.7071846 -0.5295089 0 0.8483044 -0.5295089 0 0.8483044 -0.331501 0 0.9434549 -0.331501 0 0.9434549 -0.1082798 0 0.9941204 -0.1082798 0 0.9941204 0.1089707 0 0.994045 0.1089707 -0 0.994045 0.331501 0 0.9434549 0.331501 -0 0.9434549 0.5294389 0 0.848348 0.5294389 -0 0.848348 0.7071068 0 0.7071068 0.7071068 0 0.7071068 0.848348 0 0.5294389 0.848348 0 0.5294389 0.9434549 0 0.331501 0.9434549 0 0.331501 0.9934144 0 0.1145769 0.9934144 0 0.1145769 1 0 0 1 0 0 0 0 -1 0 0 -1 0 0 -1 0 0 -1 0 -0 -1 0 0 -1 0 0 -1 -0 0 -1 0 0 -1 0 0 -1 0 0 -1 0 0 -1 0 0 -1 0 0 -1 0 0 -1 0 0 -1 0 0 -1 0 0 -1 0 0 -1 0 0 -1 0 0 -1 0 0 -1 0 0 -1 0 0 -1 0 0 -1 0 0 -1 0 0 -1 -0 0 -1 0 0 -1 0 0 -1 0 -0 -1 0 0 -1 0 -0 -1 0 0 -1 -0 -0 -1 0 0 -1 0 -0 -1 0 0 -1 0 -0 -1 0 0 -1 0 -0 -1 0 0 -1 0 0 -1 0 0 -1 0 0 -1 0 0 -1 0 0 -1 0 0 -1 0 0 -1 0 0 -1 0 0 -1 0 0 -1 0 0 -1 0 0 -1 0 0 -1 0 0 -1 0 0 -1 0 0 -1 0 0 -1 0 0 -1 0 0 -1 0 0 -1 0 0 -1 0 0 -1 0 0 -1 0 0 -1 0 0 -1 0 -0 -1 0 0 -1 0 0 -1 0 0 -1 0 0 -1 0 0 -1 0 0 -1 0 0 -1 0 0 -1 0 0 -1 0 0 -1 0 0 -1 0 0 -1 0 0 -1 0 0 -1 0 0 -1 0 0 -1 0 0 -1 0 0 -1 0 0 -1 0 0 -1 0 0 -1 0 0 -1 0 0 -1 0 0 -1 0 0 -1 0 0 -1 -0 0 -1 0 0 -1 0 0 -1 0 -0 -1 0 -0 -1 0 -0 -1 0 0 -1 0 -0 -1 0 -0 -1 0 -0 -1 0 -0 -1 0 0 -1 0 0 -1 0 0 -1 0 -0 -1 0 0 -1 0 0 -1 0 0 -1 0 0 -1 0 -0 -1 0 0 -1 0 0 -1 0 0 -1 0 0 -1 0 0 -1 0 0 -1 0 0 -1 0 0 -1 0 0 -1 0 0 -1 0 0 -1 0 0 -1 0 0 -1 0 0 -1 0 0 -1 0 0 -1 0 0 -1 0 0 -1 -0.7071068 0 0.7071068 -0.7071068 0 0.7071068 0 0 -1 0 0 -1 0.7071068 0 -0.7071068 0.7071068 0 -0.7071068 0 -1 0 0 -1 0 0 -1 0 0 -1 0 0 -1 0 0 -1 0 0 -1 0 0 -1 0 0 -1 0 -0 -1 0 0 -1 0 0 -1 0 -0 -1 0 0 -1 0 0 -1 0 0 -1 0 -0 -1 0 -0 -1 0 0 -1 0 0 -1 0 0 -1 0 0 -1 0 0 -1 0 0 -1 0 0 -1 -0 0 -1 -0 0 -1 -0 0 -1 -0 0 -1 -0 0 -1 -0 0 -1 -0 0 -1 -0 0 -1 -0 0 -1 0 -0 1 0 0 1 0 0 1 0 0 1 0 0 1 0 0 1 0 0 1 0 0 1 0 0 1 0 0 1 0 0 1 0 0 1 0 0 1 0 0 1 0 0 1 0 0 1 0 -0 1 0 -0 1 0 -0 1 0 0 1 -0 -0 1 0 -0 1 0 0 1 0 0 1 0 0 1 0 0 1 0 0 1 0 0 1 -0 0 1 -0 0 1 -0 0 1 0 0 1 -0 0 1 -0 0 1 0 0.115307 0.9933299 0 0.115307 0.9933299 0 0.3258032 0.9454376 0 0.3258032 0.9454376 0 0.5340105 0.8454778 0 0.5340105 0.8454778 0 0.7071068 0.7071068 -0 0.7071068 0.7071068 0 0.8465438 0.532319 -0 0.8465438 0.532319 0 0.9434549 0.331501 -0 0.9434549 0.331501 0 0.9934144 0.1145769 -0 0.9934144 0.1145769 0 0.9934144 -0.1145769 0 0.9934144 -0.1145769 0 0.9434549 -0.331501 0 0.9434549 -0.331501 0 0.8465438 -0.532319 0 0.8465438 -0.532319 0 0.7071068 -0.7071068 0 0.7071068 -0.7071068 0 0.5340105 -0.8454778 0 0.5340105 -0.8454778 0 0.3258032 -0.9454376 0 0.3258032 -0.9454376 0 0.115307 -0.9933299 0 0.115307 -0.9933299 0 -0.1145769 -0.9934144 0 -0.1145769 -0.9934144 0 -0.3258032 -0.9454376 0 -0.3258032 -0.9454376 0 -0.5340806 -0.8454336 0 -0.5340806 -0.8454336 0 -0.707029 -0.7071846 0 -0.707029 -0.7071846 -0 -0.8465438 -0.532319 0 -0.8465438 -0.532319 -0 -0.9435036 -0.3313624 0 -0.9435036 -0.3313624 -0 -0.9941037 -0.1084335 0 -0.9941037 -0.1084335 -0 -0.9941037 0.1084335 0 -0.9941037 0.1084335 0 -0.9435036 0.3313624 0 -0.9435036 0.3313624 0 -0.8465438 0.532319 0 -0.8465438 0.532319 0 -0.707029 0.7071846 0 -0.707029 0.7071846 0 -0.5340806 0.8454336 0 -0.5340806 0.8454336 0 -0.3258032 0.9454376 0 -0.3258032 0.9454376 0 -0.1145769 0.9934144 0 -0.1145769 0.9934144 0 0.115307 0.9933299 0 0.115307 0.9933299 0 0.3258032 0.9454376 0 0.3258032 0.9454376 0 0.5340105 0.8454778 0 0.5340105 0.8454778 0 0.7071068 0.7071068 -0 0.7071068 0.7071068 0 0.8465438 0.532319 -0 0.8465438 0.532319 0 0.9434549 0.331501 -0 0.9434549 0.331501 0 0.9934144 0.1145769 -0 0.9934144 0.1145769 0 0.9934144 -0.1145769 0 0.9934144 -0.1145769 0 0.9434549 -0.331501 0 0.9434549 -0.331501 0 0.8465438 -0.532319 0 0.8465438 -0.532319 0 0.7071068 -0.7071068 0 0.7071068 -0.7071068 0 0.5340105 -0.8454778 0 0.5340105 -0.8454778 0 0.3258032 -0.9454376 0 0.3258032 -0.9454376 0 0.115307 -0.9933299 0 0.115307 -0.9933299 0 -0.1145769 -0.9934144 0 -0.1145769 -0.9934144 0 -0.3258032 -0.9454376 0 -0.3258032 -0.9454376 0 -0.5340806 -0.8454336 0 -0.5340806 -0.8454336 0 -0.707029 -0.7071846 0 -0.707029 -0.7071846 -0 -0.8465438 -0.532319 0 -0.8465438 -0.532319 -0 -0.9435036 -0.3313624 0 -0.9435036 -0.3313624 -0 -0.9941037 -0.1084335 0 -0.9941037 -0.1084335 -0 -0.9941037 0.1084335 0 -0.9941037 0.1084335 0 -0.9435036 0.3313624 0 -0.9435036 0.3313624 0 -0.8465438 0.532319 0 -0.8465438 0.532319 0 -0.707029 0.7071846 0 -0.707029 0.7071846 0 -0.5340806 0.8454336 0 -0.5340806 0.8454336 0 -0.3258032 0.9454376 0 -0.3258032 0.9454376 0 -0.1145769 0.9934144 0 -0.1145769 0.9934144 0 0.115307 0.9933299 0 0.115307 0.9933299 0 0.3258032 0.9454376 0 0.3258032 0.9454376 0 0.5340105 0.8454778 0 0.5340105 0.8454778 0 0.7071068 0.7071068 -0 0.7071068 0.7071068 0 0.8465438 0.532319 -0 0.8465438 0.532319 0 0.9434549 0.331501 -0 0.9434549 0.331501 0 0.9934144 0.1145769 -0 0.9934144 0.1145769 0 0.9934144 -0.1145769 0 0.9934144 -0.1145769 0 0.9434549 -0.331501 0 0.9434549 -0.331501 0 0.8465438 -0.532319 0 0.8465438 -0.532319 0 0.7071068 -0.7071068 0 0.7071068 -0.7071068 0 0.5340105 -0.8454778 0 0.5340105 -0.8454778 0 0.3258032 -0.9454376 0 0.3258032 -0.9454376 0 0.115307 -0.9933299 0 0.115307 -0.9933299 0 -0.1145769 -0.9934144 0 -0.1145769 -0.9934144 0 -0.3258032 -0.9454376 0 -0.3258032 -0.9454376 0 -0.5340806 -0.8454336 0 -0.5340806 -0.8454336 0 -0.707029 -0.7071846 0 -0.707029 -0.7071846 -0 -0.8465438 -0.532319 0 -0.8465438 -0.532319 -0 -0.9435036 -0.3313624 0 -0.9435036 -0.3313624 -0 -0.9941037 -0.1084335 0 -0.9941037 -0.1084335 -0 -0.9941037 0.1084335 0 -0.9941037 0.1084335 0 -0.9435036 0.3313624 0 -0.9435036 0.3313624 0 -0.8465438 0.532319 0 -0.8465438 0.532319 0 -0.707029 0.7071846 0 -0.707029 0.7071846 0 -0.5340806 0.8454336 0 -0.5340806 0.8454336 0 -0.3258032 0.9454376 0 -0.3258032 0.9454376 0 -0.1145769 0.9934144 0 -0.1145769 0.9934144 0 0.115307 0.9933299 0 0.115307 0.9933299 0 0.3258032 0.9454376 0 0.3258032 0.9454376 0 0.5340105 0.8454778 0 0.5340105 0.8454778 0 0.7071068 0.7071068 -0 0.7071068 0.7071068 0 0.8465438 0.532319 -0 0.8465438 0.532319 0 0.9434549 0.331501 -0 0.9434549 0.331501 0 0.9934144 0.1145769 -0 0.9934144 0.1145769 0 0.9934144 -0.1145769 0 0.9934144 -0.1145769 0 0.9434549 -0.331501 0 0.9434549 -0.331501 0 0.8465438 -0.532319 0 0.8465438 -0.532319 0 0.7071068 -0.7071068 0 0.7071068 -0.7071068 0 0.5340105 -0.8454778 0 0.5340105 -0.8454778 0 0.3258032 -0.9454376 0 0.3258032 -0.9454376 0 0.115307 -0.9933299 0 0.115307 -0.9933299 0 -0.1145769 -0.9934144 0 -0.1145769 -0.9934144 0 -0.3258032 -0.9454376 0 -0.3258032 -0.9454376 0 -0.5340806 -0.8454336 0 -0.5340806 -0.8454336 0 -0.707029 -0.7071846 0 -0.707029 -0.7071846 -0 -0.8465438 -0.532319 0 -0.8465438 -0.532319 -0 -0.9435036 -0.3313624 0 -0.9435036 -0.3313624 -0 -0.9941037 -0.1084335 0 -0.9941037 -0.1084335 -0 -0.9941037 0.1084335 0 -0.9941037 0.1084335 0 -0.9435036 0.3313624 0 -0.9435036 0.3313624 0 -0.8465438 0.532319 0 -0.8465438 0.532319 0 -0.707029 0.7071846 0 -0.707029 0.7071846 0 -0.5340806 0.8454336 0 -0.5340806 0.8454336 0 -0.3258032 0.9454376 0 -0.3258032 0.9454376 0 -0.1145769 0.9934144 0 -0.1145769 0.9934144 0 0.7071068 0.7071068 -0 0.7071068 0.7071068 0 1 0 0 1 0 0 0.7071068 -0.7071068 0 0.7071068 -0.7071068 0 0.7071068 -0.7071068 0 0 -1 0 0 -1 0 0.9933299 0 -0.115307 0.9933299 0 -0.115307 0.9434549 0 -0.331501 0.9434549 0 -0.331501 0.8483044 0 -0.5295089 0.8483044 0 -0.5295089 0.7071846 0 -0.707029 0.7071846 0 -0.707029 0.5294389 0 -0.848348 0.5294389 0 -0.848348 0.331501 0 -0.9434549 0.331501 0 -0.9434549 0.115307 0 -0.9933299 0.115307 0 -0.9933299 -0.1145769 -0 -0.9934144 -0.1145769 0 -0.9934144 -0.331501 -0 -0.9434549 -0.331501 0 -0.9434549 -0.5295089 -0 -0.8483044 -0.5295089 0 -0.8483044 -0.7071068 0 -0.7071068 -0.7071068 0 -0.7071068 -0.8483044 0 -0.5295089 -0.8483044 0 -0.5295089 -0.9435036 0 -0.3313624 -0.9435036 0 -0.3313624 -0.994028 0 -0.1091255 -0.994028 0 -0.1091255 -0.9941037 0 0.1084335 -0.9941037 0 0.1084335 -0.9435036 0 0.3313624 -0.9435036 0 0.3313624 -0.848348 0 0.5294389 -0.848348 0 0.5294389 -0.707029 0 0.7071846 -0.707029 0 0.7071846 -0.5295089 0 0.8483044 -0.5295089 0 0.8483044 -0.331501 0 0.9434549 -0.331501 0 0.9434549 -0.1082798 0 0.9941204 -0.1082798 0 0.9941204 0.1089707 0 0.994045 0.1089707 -0 0.994045 0.331501 0 0.9434549 0.331501 -0 0.9434549 0.5294389 0 0.848348 0.5294389 -0 0.848348 0.7071068 0 0.7071068 0.7071068 0 0.7071068 0.848348 0 0.5294389 0.848348 0 0.5294389 0.9434549 0 0.331501 0.9434549 0 0.331501 0.9934144 0 0.1145769 0.9934144 0 0.1145769 0.9933299 0 -0.115307 0.9933299 0 -0.115307 0.9434549 0 -0.331501 0.9434549 0 -0.331501 0.8483044 0 -0.5295089 0.8483044 0 -0.5295089 0.7071846 0 -0.707029 0.7071846 0 -0.707029 0.5294389 0 -0.848348 0.5294389 0 -0.848348 0.331501 0 -0.9434549 0.331501 0 -0.9434549 0.115307 0 -0.9933299 0.115307 0 -0.9933299 -0.1145769 -0 -0.9934144 -0.1145769 0 -0.9934144 -0.331501 -0 -0.9434549 -0.331501 0 -0.9434549 -0.5295089 -0 -0.8483044 -0.5295089 0 -0.8483044 -0.7071068 0 -0.7071068 -0.7071068 0 -0.7071068 -0.8483044 0 -0.5295089 -0.8483044 0 -0.5295089 -0.9435036 0 -0.3313624 -0.9435036 0 -0.3313624 -0.994028 0 -0.1091255 -0.994028 0 -0.1091255 -0.9941037 0 0.1084335 -0.9941037 0 0.1084335 -0.9435036 0 0.3313624 -0.9435036 0 0.3313624 -0.848348 0 0.5294389 -0.848348 0 0.5294389 -0.707029 0 0.7071846 -0.707029 0 0.7071846 -0.5295089 0 0.8483044 -0.5295089 0 0.8483044 -0.331501 0 0.9434549 -0.331501 0 0.9434549 -0.1082798 0 0.9941204 -0.1082798 0 0.9941204 0.1089707 0 0.994045 0.1089707 -0 0.994045 0.331501 0 0.9434549 0.331501 -0 0.9434549 0.5294389 0 0.848348 0.5294389 -0 0.848348 0.7071068 0 0.7071068 0.7071068 0 0.7071068 0.848348 0 0.5294389 0.848348 0 0.5294389 0.9434549 0 0.331501 0.9434549 0 0.331501 0.9934144 0 0.1145769 0.9934144 0 0.1145769 0.9933299 0 -0.115307 0.9933299 0 -0.115307 0.9434549 0 -0.331501 0.9434549 0 -0.331501 0.8483044 0 -0.5295089 0.8483044 0 -0.5295089 0.7071846 0 -0.707029 0.7071846 0 -0.707029 0.5294389 0 -0.848348 0.5294389 0 -0.848348 0.331501 0 -0.9434549 0.331501 0 -0.9434549 0.115307 0 -0.9933299 0.115307 0 -0.9933299 -0.1145769 -0 -0.9934144 -0.1145769 0 -0.9934144 -0.331501 -0 -0.9434549 -0.331501 0 -0.9434549 -0.5295089 -0 -0.8483044 -0.5295089 0 -0.8483044 -0.7071068 0 -0.7071068 -0.7071068 0 -0.7071068 -0.8483044 0 -0.5295089 -0.8483044 0 -0.5295089 -0.9435036 0 -0.3313624 -0.9435036 0 -0.3313624 -0.994028 0 -0.1091255 -0.994028 0 -0.1091255 -0.9941037 0 0.1084335 -0.9941037 0 0.1084335 -0.9435036 0 0.3313624 -0.9435036 0 0.3313624 -0.848348 0 0.5294389 -0.848348 0 0.5294389 -0.707029 0 0.7071846 -0.707029 0 0.7071846 -0.5295089 0 0.8483044 -0.5295089 0 0.8483044 -0.331501 0 0.9434549 -0.331501 0 0.9434549 -0.1082798 0 0.9941204 -0.1082798 0 0.9941204 0.1089707 0 0.994045 0.1089707 -0 0.994045 0.331501 0 0.9434549 0.331501 -0 0.9434549 0.5294389 0 0.848348 0.5294389 -0 0.848348 0.7071068 0 0.7071068 0.7071068 0 0.7071068 0.848348 0 0.5294389 0.848348 0 0.5294389 0.9434549 0 0.331501 0.9434549 0 0.331501 0.9934144 0 0.1145769 0.9934144 0 0.1145769 0.9933299 0 -0.115307 0.9933299 0 -0.115307 0.9434549 0 -0.331501 0.9434549 0 -0.331501 0.8483394 0 -0.5294529 0.8483394 0 -0.5294529 0.7071457 0 -0.7070679 0.7071457 0 -0.7070679 0.5294389 0 -0.848348 0.5294389 0 -0.848348 0.331501 0 -0.9434549 0.331501 0 -0.9434549 0.115307 0 -0.9933299 0.115307 0 -0.9933299 -0.1145857 -0 -0.9934133 -0.1145857 0 -0.9934133 -0.331501 -0 -0.9434549 -0.331501 0 -0.9434549 -0.5294389 -0 -0.848348 -0.5294389 0 -0.848348 -0.7071457 0 -0.7070679 -0.7071457 0 -0.7070679 -0.8483394 0 -0.5294529 -0.8483394 0 -0.5294529 -0.9434549 0 -0.331501 -0.9434549 0 -0.331501 -0.9940365 0 -0.1090481 -0.9940365 0 -0.1090481 -0.9941121 0 0.1083567 -0.9941121 0 0.1083567 -0.9434549 0 0.331501 -0.9434549 0 0.331501 -0.848383 0 0.5293829 -0.848383 0 0.5293829 -0.7070679 0 0.7071457 -0.7070679 0 0.7071457 -0.5294389 0 0.848348 -0.5294389 0 0.848348 -0.331501 0 0.9434549 -0.331501 0 0.9434549 -0.1082882 0 0.9941196 -0.1082882 0 0.9941196 0.1089707 0 0.994045 0.1089707 -0 0.994045 0.331501 0 0.9434549 0.331501 -0 0.9434549 0.5294389 0 0.848348 0.5294389 -0 0.848348 0.7070679 0 0.7071457 0.7070679 0 0.7071457 0.848383 0 0.5293829 0.848383 0 0.5293829 0.9434549 0 0.331501 0.9434549 0 0.331501 0.9934144 0 0.1145769 0.9934144 0 0.1145769 0.9933299 0 -0.115307 0.9933299 0 -0.115307 0.9434549 0 -0.331501 0.9434549 0 -0.331501 0.8483394 0 -0.5294529 0.8483394 0 -0.5294529 0.7071457 0 -0.7070679 0.7071457 0 -0.7070679 0.5294389 0 -0.848348 0.5294389 0 -0.848348 0.331501 0 -0.9434549 0.331501 0 -0.9434549 0.115307 0 -0.9933299 0.115307 0 -0.9933299 -0.1145857 -0 -0.9934133 -0.1145857 0 -0.9934133 -0.331501 -0 -0.9434549 -0.331501 0 -0.9434549 -0.5294389 -0 -0.848348 -0.5294389 0 -0.848348 -0.7071457 0 -0.7070679 -0.7071457 0 -0.7070679 -0.8483394 0 -0.5294529 -0.8483394 0 -0.5294529 -0.9434549 0 -0.331501 -0.9434549 0 -0.331501 -0.9940365 0 -0.1090481 -0.9940365 0 -0.1090481 -0.9941121 0 0.1083567 -0.9941121 0 0.1083567 -0.9434549 0 0.331501 -0.9434549 0 0.331501 -0.848383 0 0.5293829 -0.848383 0 0.5293829 -0.7070679 0 0.7071457 -0.7070679 0 0.7071457 -0.5294389 0 0.848348 -0.5294389 0 0.848348 -0.331501 0 0.9434549 -0.331501 0 0.9434549 -0.1082882 0 0.9941196 -0.1082882 0 0.9941196 0.1089707 0 0.994045 0.1089707 -0 0.994045 0.331501 0 0.9434549 0.331501 -0 0.9434549 0.5294389 0 0.848348 0.5294389 -0 0.848348 0.7070679 0 0.7071457 0.7070679 0 0.7071457 0.848383 0 0.5293829 0.848383 0 0.5293829 0.9434549 0 0.331501 0.9434549 0 0.331501 0.9934144 0 0.1145769 0.9934144 0 0.1145769 0.9933299 0 -0.115307 0.9933299 0 -0.115307 0.9434549 0 -0.331501 0.9434549 0 -0.331501 0.8483394 0 -0.5294529 0.8483394 0 -0.5294529 0.7071457 0 -0.7070679 0.7071457 0 -0.7070679 0.5294389 0 -0.848348 0.5294389 0 -0.848348 0.331501 0 -0.9434549 0.331501 0 -0.9434549 0.115307 0 -0.9933299 0.115307 0 -0.9933299 -0.1145857 -0 -0.9934133 -0.1145857 0 -0.9934133 -0.331501 -0 -0.9434549 -0.331501 0 -0.9434549 -0.5294389 -0 -0.848348 -0.5294389 0 -0.848348 -0.7071457 0 -0.7070679 -0.7071457 0 -0.7070679 -0.8483394 0 -0.5294529 -0.8483394 0 -0.5294529 -0.9434549 0 -0.331501 -0.9434549 0 -0.331501 -0.9940365 0 -0.1090481 -0.9940365 0 -0.1090481 -0.9941121 0 0.1083567 -0.9941121 0 0.1083567 -0.9434549 0 0.331501 -0.9434549 0 0.331501 -0.848383 0 0.5293829 -0.848383 0 0.5293829 -0.7070679 0 0.7071457 -0.7070679 0 0.7071457 -0.5294389 0 0.848348 -0.5294389 0 0.848348 -0.331501 0 0.9434549 -0.331501 0 0.9434549 -0.1082882 0 0.9941196 -0.1082882 0 0.9941196 0.1089707 0 0.994045 0.1089707 -0 0.994045 0.331501 0 0.9434549 0.331501 -0 0.9434549 0.5294389 0 0.848348 0.5294389 -0 0.848348 0.7070679 0 0.7071457 0.7070679 0 0.7071457 0.848383 0 0.5293829 0.848383 0 0.5293829 0.9434549 0 0.331501 0.9434549 0 0.331501 0.9934144 0 0.1145769 0.9934144 0 0.1145769 0.7071068 0 -0.7071068 0.7071068 0 -0.7071068 1 0 0 1 0 0 1 0 0 1 -0 0 0.7071068 0 0.7071068 0.7071068 0 0.7071068 0.7071068 0 0.7071068 -0.7071068 0 0.7071068 -0.7071068 0 0.7071068 -1 0 0 -1 0 0 -0.7071068 0 -0.7071068 -0.7071068 0 -0.7071068 0 0 -1 0 0 -1 0 0 -1 -0 0 -1 0 0 -1 0 0 -1 -0 1 0 0 1 0 0 1 0 0 1 0 -0 1 0 0 1 0 0 1 0 -0 1 0 0 1 0 0 1 0 0 1 0 0 1 0 0 1 0 0 1 0 0 1 0 0 1 0 0 1 -0 0 1 0 0 1 -0 0 1 0 0 1 -0 -0 1 0 0 1 -0 -0 1 0 -0 1 0 0 1 0 -0 1 0 0 1 0 -0 1 0 0 1 0 -0 1 0 0 1 0 -0 1 0 0 1 0 -0 1 0 0 1 0 -0 1 0 0 1 0 0 1 -0 -0 1 0 0 1 -0 -0 1 0 0 1 -0 0 1 0 0 1 -0 0 1 0 0 1 0 0 1 -0 0 1 0 0 1 0 0 1 0 0 1 0 0 1 0 0 1 0 0 1 0 -0 1 0 0 1 0 0 1 0 0 1 0 -0 1 0 0 1 0 0 1 0 -0 1 0 0 1 0 0 1 0 0 1 0 -0 1 0 0 1 0 0 1 0 -0 1 0 0 1 0 0 1 0 0 1 0 0 1 0 0 1 0 0 1 0 0 1 0 0 1 0 0 1 -0 0 1 0 0 1 -0 0 1 0 0 1 -0 -0 1 0 0 1 -0 -0 1 0 -0 1 0 0 1 0 -0 1 0 0 1 0 -0 1 0 0 1 0 -0 1 0 0 1 0 -0 1 0 0 1 0 -0 1 0 0 1 0 -0 1 0 0 1 0 0 1 -0 -0 1 0 0 1 -0 -0 1 0 0 1 -0 0 1 0 0 1 -0 0 1 0 0 1 0 0 1 -0 0 1 0 0 1 0 0 1 0 0 1 0 0 1 0 0 1 0 0 1 0 -0 1 0 0 1 0 0 1 0 0 1 0 -0 1 0 0 1 0 0 1 0 -0 1 0 0 1 0 0 1 0 0 1 0 -0 1 0 0 1 0 0 1 0 -0 1 0 0 1 0 0 1 0 0 1 0 0 1 0 0 1 0 0 1 0 0 1 0 0 1 0 0 1 -0 0 1 0 0 1 -0 0 1 0 0 1 -0 -0 1 0 0 1 -0 -0 1 0 -0 1 0 0 1 0 -0 1 0 0 1 0 -0 1 0 0 1 0 -0 1 0 0 1 0 -0 1 0 0 1 0 -0 1 0 0 1 0 -0 1 0 0 1 0 0 1 -0 -0 1 0 0 1 -0 -0 1 0 0 1 -0 0 1 0 0 1 -0 0 1 0 0 1 0 0 1 -0 0 1 0 0 1 0 0 1 0 0 1 0 0 1 0 0 1 0 0 1 0 -0 1 0 0 1 0 0 1 0 0 1 0 -0 1 0 0 1 0 0 1 0 -0 1 0 0 1 0 0 1 0 0 1 0 -0 1 0 0 1 0 0 1 0 -0 1 0 0 1 0 0 1 0 0 1 0 0 1 0 0 1 0 0 1 0 0 1 0 0 1 0 0 1 -0 0 1 0 0 1 -0 0 1 0 0 1 -0 -0 1 0 0 1 -0 -0 1 0 -0 1 0 0 1 0 -0 1 0 0 1 0 -0 1 0 0 1 0 -0 1 0 0 1 0 -0 1 0 0 1 0 -0 1 0 0 1 0 -0 1 0 0 1 0 0 1 -0 -0 1 0 0 1 -0 -0 1 0 0 1 -0 0 1 0 0 1 -0 0 1 0 0 1 0 0 1 -0 0 1 0 0 1 0 0 1 0 0 1 0 0 1 0 0 1 0 0 1 0 -0 1 0 0 1 0 0 1 0 0 1 0 -0 1 0 0 1 0 0 1 0 -0 1 0 0 1 0 0 1 0 0 1 0 -0 1 0 0 1 0 0 1 0 -0 1 0 0 1 0 0 1 0 0 1 0 0 1 0 0 1 0 0 1 0 0 1 0 0 1 0 0 1 -0 0 1 0 0 1 -0 0 1 0 0 1 -0 -0 1 0 0 1 -0 -0 1 0 -0 1 0 0 1 0 -0 1 0 0 1 0 -0 1 0 0 1 0 -0 1 0 0 1 0 -0 1 0 0 1 0 -0 1 0 0 1 0 -0 1 0 0 1 0 0 1 -0 -0 1 0 0 1 -0 -0 1 0 0 1 -0 0 1 0 0 1 -0 0 1 0 0 1 0 0 1 -0 0 1 0 0 1 0 0 1 0 0 1 0 0 1 0 0 1 0 0 1 0 -0 1 0 0 1 0 0 1 0 0 1 0 -0 1 0 0 1 0 0 1 0 -0 1 0 0 1 0 0 1 0 0 1 0 -0 1 0 0 1 0 0 1 0 -0 1 0 0 1 0 0 1 0 0 1 0 0 1 0 0 1 0 0 1 0 0 1 0 0 1 0 0 1 -0 0 1 0 0 1 -0 0 1 0 0 1 -0 -0 1 0 0 1 -0 -0 1 0 -0 1 0 0 1 0 -0 1 0 0 1 0 -0 1 0 0 1 0 -0 1 0 0 1 0 -0 1 0 0 1 0 -0 1 0 0 1 0 -0 1 0 0 1 0 0 1 -0 -0 1 0 0 1 -0 -0 1 0 0 1 -0 0 1 0 0 1 -0 0 1 0 0 1 0 0 1 -0 0 1 0 0 1 0 0 1 0 0 1 0 0 1 0 0 1 0 0 1 0 -0 1 0 0 1 0 0 1 0 0 1 0 -0 1 0 0 1 0 0 1 0 0.9956083 0 -0.09361655 0.9956083 0 -0.09361655 0.9611416 0 -0.2760559 0.9611416 0 -0.2760559 0.8964143 0 -0.443217 0.8964143 0 -0.443217 0.7987993 0 -0.6015976 0.7987993 0 -0.6015976 0.671718 0 -0.7408069 0.671718 0 -0.7408069 0.5260447 0 -0.850457 0.5260447 0 -0.850457 0.3645581 0 -0.9311807 0.3645581 0 -0.9311807 0.1818528 0 -0.9833257 0.1818528 0 -0.9833257 0 0 -1 0 0 -1 -0.1827371 -0 -0.9831619 -0.1827371 0 -0.9831619 -0.3629316 -0 -0.9318158 -0.3629316 0 -0.9318158 -0.5282536 -0 -0.8490866 -0.5282536 0 -0.8490866 -0.671718 -0 -0.7408069 -0.671718 0 -0.7408069 -0.7964281 0 -0.6047332 -0.7964281 0 -0.6047332 -0.8963665 0 -0.4433137 -0.8963665 0 -0.4433137 -0.9611735 0 -0.2759447 -0.9611735 0 -0.2759447 -0.9960457 0 -0.08884237 -0.9960457 0 -0.08884237 -0.9960843 0 0.08840773 -0.9960843 0 0.08840773 -0.9611735 0 0.2759447 -0.9611735 0 0.2759447 -0.8963665 0 0.4433137 -0.8963665 0 0.4433137 -0.7946177 0 0.6071101 -0.7946177 0 0.6071101 -0.6744176 0 0.7383502 -0.6744176 0 0.7383502 -0.5282536 0 0.8490866 -0.5282536 0 0.8490866 -0.3586576 0 0.9334693 -0.3586576 0 0.9334693 -0.1875108 0 0.9822626 -0.1875108 0 0.9822626 0 0 1 0 0 1 0.1866051 0 0.982435 0.1866051 -0 0.982435 0.3602706 0 0.9328478 0.3602706 -0 0.9328478 0.5260447 0 0.850457 0.5260447 -0 0.850457 0.6744176 0 0.7383502 0.6744176 -0 0.7383502 0.7970023 0 0.6039764 0.7970023 0 0.6039764 0.8964143 0 0.443217 0.8964143 0 0.443217 0.9611416 0 0.2760559 0.9611416 0 0.2760559 0.9956512 0 0.09315895 0.9956512 0 0.09315895 0.9956083 0 -0.09361655 0.9956083 0 -0.09361655 0.9611416 0 -0.2760559 0.9611416 0 -0.2760559 0.8964143 0 -0.443217 0.8964143 0 -0.443217 0.7987704 0 -0.6016361 0.7987704 0 -0.6016361 0.671718 0 -0.7408069 0.671718 0 -0.7408069 0.5260447 0 -0.850457 0.5260447 0 -0.850457 0.3645785 0 -0.9311727 0.3645785 0 -0.9311727 0.1818528 0 -0.9833257 0.1818528 0 -0.9833257 0 0 -1 0 0 -1 -0.1827371 -0 -0.9831619 -0.1827371 0 -0.9831619 -0.3629114 -0 -0.9318237 -0.3629114 0 -0.9318237 -0.5282536 -0 -0.8490866 -0.5282536 0 -0.8490866 -0.671718 -0 -0.7408069 -0.671718 0 -0.7408069 -0.7963992 0 -0.6047713 -0.7963992 0 -0.6047713 -0.8964143 0 -0.443217 -0.8964143 0 -0.443217 -0.9611416 0 -0.2760559 -0.9611416 0 -0.2760559 -0.9960511 0 -0.08878265 -0.9960511 0 -0.08878265 -0.9960896 0 0.0883483 -0.9960896 0 0.0883483 -0.9611416 0 0.2760559 -0.9611416 0 0.2760559 -0.8964143 0 0.443217 -0.8964143 0 0.443217 -0.7945886 0 0.6071482 -0.7945886 0 0.6071482 -0.6744176 0 0.7383502 -0.6744176 0 0.7383502 -0.5282536 0 0.8490866 -0.5282536 0 0.8490866 -0.3586375 0 0.9334769 -0.3586375 0 0.9334769 -0.1875108 0 0.9822626 -0.1875108 0 0.9822626 0 0 1 0 0 1 0.1866051 0 0.982435 0.1866051 -0 0.982435 0.3602909 0 0.93284 0.3602909 -0 0.93284 0.5260447 0 0.850457 0.5260447 -0 0.850457 0.6744176 0 0.7383502 0.6744176 -0 0.7383502 0.7969731 0 0.6040148 0.7969731 0 0.6040148 0.8964143 0 0.443217 0.8964143 0 0.443217 0.9611416 0 0.2760559 0.9611416 0 0.2760559 0.9956512 0 0.09315895 0.9956512 0 0.09315895 0.9956083 0 -0.09361655 0.9956083 0 -0.09361655 0.9611416 0 -0.2760559 0.9611416 0 -0.2760559 0.8964143 0 -0.443217 0.8964143 0 -0.443217 0.7987704 0 -0.6016361 0.7987704 0 -0.6016361 0.671718 0 -0.7408069 0.671718 0 -0.7408069 0.5260447 0 -0.850457 0.5260447 0 -0.850457 0.3645785 0 -0.9311727 0.3645785 0 -0.9311727 0.1818528 0 -0.9833257 0.1818528 0 -0.9833257 0 0 -1 0 0 -1 -0.1827371 -0 -0.9831619 -0.1827371 0 -0.9831619 -0.3629114 -0 -0.9318237 -0.3629114 0 -0.9318237 -0.5282536 -0 -0.8490866 -0.5282536 0 -0.8490866 -0.671718 -0 -0.7408069 -0.671718 0 -0.7408069 -0.7963992 0 -0.6047713 -0.7963992 0 -0.6047713 -0.8964143 0 -0.443217 -0.8964143 0 -0.443217 -0.9611416 0 -0.2760559 -0.9611416 0 -0.2760559 -0.9960511 0 -0.08878265 -0.9960511 0 -0.08878265 -0.9960896 0 0.0883483 -0.9960896 0 0.0883483 -0.9611416 0 0.2760559 -0.9611416 0 0.2760559 -0.8964143 0 0.443217 -0.8964143 0 0.443217 -0.7945886 0 0.6071482 -0.7945886 0 0.6071482 -0.6744176 0 0.7383502 -0.6744176 0 0.7383502 -0.5282536 0 0.8490866 -0.5282536 0 0.8490866 -0.3586375 0 0.9334769 -0.3586375 0 0.9334769 -0.1875108 0 0.9822626 -0.1875108 0 0.9822626 0 0 1 0 0 1 0.1866051 0 0.982435 0.1866051 -0 0.982435 0.3602909 0 0.93284 0.3602909 -0 0.93284 0.5260447 0 0.850457 0.5260447 -0 0.850457 0.6744176 0 0.7383502 0.6744176 -0 0.7383502 0.7969731 0 0.6040148 0.7969731 0 0.6040148 0.8964143 0 0.443217 0.8964143 0 0.443217 0.9611416 0 0.2760559 0.9611416 0 0.2760559 0.9956512 0 0.09315895 0.9956512 0 0.09315895 0.9956083 0 -0.09361655 0.9956083 0 -0.09361655 0.9611416 0 -0.2760559 0.9611416 0 -0.2760559 0.8964143 0 -0.443217 0.8964143 0 -0.443217 0.7987704 0 -0.6016361 0.7987704 0 -0.6016361 0.671718 0 -0.7408069 0.671718 0 -0.7408069 0.5260447 0 -0.850457 0.5260447 0 -0.850457 0.3645785 0 -0.9311727 0.3645785 0 -0.9311727 0.1818528 0 -0.9833257 0.1818528 0 -0.9833257 0 0 -1 0 0 -1 -0.1827371 -0 -0.9831619 -0.1827371 0 -0.9831619 -0.3629114 -0 -0.9318237 -0.3629114 0 -0.9318237 -0.5282536 -0 -0.8490866 -0.5282536 0 -0.8490866 -0.671718 -0 -0.7408069 -0.671718 0 -0.7408069 -0.7963992 0 -0.6047713 -0.7963992 0 -0.6047713 -0.8964143 0 -0.443217 -0.8964143 0 -0.443217 -0.9611416 0 -0.2760559 -0.9611416 0 -0.2760559 -0.9960511 0 -0.08878265 -0.9960511 0 -0.08878265 -0.9960896 0 0.0883483 -0.9960896 0 0.0883483 -0.9611416 0 0.2760559 -0.9611416 0 0.2760559 -0.8964143 0 0.443217 -0.8964143 0 0.443217 -0.7945886 0 0.6071482 -0.7945886 0 0.6071482 -0.6744176 0 0.7383502 -0.6744176 0 0.7383502 -0.5282536 0 0.8490866 -0.5282536 0 0.8490866 -0.3586375 0 0.9334769 -0.3586375 0 0.9334769 -0.1875108 0 0.9822626 -0.1875108 0 0.9822626 0 0 1 0 0 1 0.1866051 0 0.982435 0.1866051 -0 0.982435 0.3602909 0 0.93284 0.3602909 -0 0.93284 0.5260447 0 0.850457 0.5260447 -0 0.850457 0.6744176 0 0.7383502 0.6744176 -0 0.7383502 0.7969731 0 0.6040148 0.7969731 0 0.6040148 0.8964143 0 0.443217 0.8964143 0 0.443217 0.9611416 0 0.2760559 0.9611416 0 0.2760559 0.9956512 0 0.09315895 0.9956512 0 0.09315895 0.9956083 0 -0.09361655 0.9956083 0 -0.09361655 0.9611416 0 -0.2760559 0.9611416 0 -0.2760559 0.8964143 0 -0.443217 0.8964143 0 -0.443217 0.7987993 0 -0.6015976 0.7987993 0 -0.6015976 0.671718 0 -0.7408069 0.671718 0 -0.7408069 0.5260447 0 -0.850457 0.5260447 0 -0.850457 0.3645581 0 -0.9311807 0.3645581 0 -0.9311807 0.1818528 0 -0.9833257 0.1818528 0 -0.9833257 0 0 -1 0 0 -1 -0.1827371 -0 -0.9831619 -0.1827371 0 -0.9831619 -0.3629316 -0 -0.9318158 -0.3629316 0 -0.9318158 -0.5282536 -0 -0.8490866 -0.5282536 0 -0.8490866 -0.671718 -0 -0.7408069 -0.671718 0 -0.7408069 -0.7964281 0 -0.6047332 -0.7964281 0 -0.6047332 -0.8963665 0 -0.4433137 -0.8963665 0 -0.4433137 -0.9611735 0 -0.2759447 -0.9611735 0 -0.2759447 -0.9960457 0 -0.08884237 -0.9960457 0 -0.08884237 -0.9960843 0 0.08840773 -0.9960843 0 0.08840773 -0.9611735 0 0.2759447 -0.9611735 0 0.2759447 -0.8963665 0 0.4433137 -0.8963665 0 0.4433137 -0.7946177 0 0.6071101 -0.7946177 0 0.6071101 -0.6744176 0 0.7383502 -0.6744176 0 0.7383502 -0.5282536 0 0.8490866 -0.5282536 0 0.8490866 -0.3586576 0 0.9334693 -0.3586576 0 0.9334693 -0.1875108 0 0.9822626 -0.1875108 0 0.9822626 0 0 1 0 0 1 0.1866051 0 0.982435 0.1866051 -0 0.982435 0.3602706 0 0.9328478 0.3602706 -0 0.9328478 0.5260447 0 0.850457 0.5260447 -0 0.850457 0.6744176 0 0.7383502 0.6744176 -0 0.7383502 0.7970023 0 0.6039764 0.7970023 0 0.6039764 0.8964143 0 0.443217 0.8964143 0 0.443217 0.9611416 0 0.2760559 0.9611416 0 0.2760559 0.9956512 0 0.09315895 0.9956512 0 0.09315895 0.9956083 0 -0.09361655 0.9956083 0 -0.09361655 0.9611416 0 -0.2760559 0.9611416 0 -0.2760559 0.8964143 0 -0.443217 0.8964143 0 -0.443217 0.7987993 0 -0.6015976 0.7987993 0 -0.6015976 0.671718 0 -0.7408069 0.671718 0 -0.7408069 0.5260447 0 -0.850457 0.5260447 0 -0.850457 0.3645581 0 -0.9311807 0.3645581 0 -0.9311807 0.1818528 0 -0.9833257 0.1818528 0 -0.9833257 0 0 -1 0 0 -1 -0.1827371 -0 -0.9831619 -0.1827371 0 -0.9831619 -0.3629316 -0 -0.9318158 -0.3629316 0 -0.9318158 -0.5282536 -0 -0.8490866 -0.5282536 0 -0.8490866 -0.671718 -0 -0.7408069 -0.671718 0 -0.7408069 -0.7964281 0 -0.6047332 -0.7964281 0 -0.6047332 -0.8963665 0 -0.4433137 -0.8963665 0 -0.4433137 -0.9611735 0 -0.2759447 -0.9611735 0 -0.2759447 -0.9960457 0 -0.08884237 -0.9960457 0 -0.08884237 -0.9960843 0 0.08840773 -0.9960843 0 0.08840773 -0.9611735 0 0.2759447 -0.9611735 0 0.2759447 -0.8963665 0 0.4433137 -0.8963665 0 0.4433137 -0.7946177 0 0.6071101 -0.7946177 0 0.6071101 -0.6744176 0 0.7383502 -0.6744176 0 0.7383502 -0.5282536 0 0.8490866 -0.5282536 0 0.8490866 -0.3586576 0 0.9334693 -0.3586576 0 0.9334693 -0.1875108 0 0.9822626 -0.1875108 0 0.9822626 0 0 1 0 0 1 0.1866051 0 0.982435 0.1866051 -0 0.982435 0.3602706 0 0.9328478 0.3602706 -0 0.9328478 0.5260447 0 0.850457 0.5260447 -0 0.850457 0.6744176 0 0.7383502 0.6744176 -0 0.7383502 0.7970023 0 0.6039764 0.7970023 0 0.6039764 0.8964143 0 0.443217 0.8964143 0 0.443217 0.9611416 0 0.2760559 0.9611416 0 0.2760559 0.9956512 0 0.09315895 0.9956512 0 0.09315895 -0 1 0 0 1 0 -0 1 0 0 1 0 -0 1 0 0 1 0 -0 1 0 0 1 0 -0 1 0 0 1 0 -0 1 0 0 1 0 -0 1 0 0 1 0 -0 1 0 0 1 0 0 1 0 0 1 0 0 1 0 0 1 0 0 1 0 0 1 0 0 1 0 0 1 0 0 1 0 0 1 0 0 1 0 0 1 0 0 1 0 0 1 -0 0 1 0 0 1 0 0 1 0 0 1 0 0 1 0 0 1 0 0 1 -0 0 1 0 -0 1 0 0 1 0 -0 1 0 0 1 0 -0 1 0 0 1 0 -0 1 0 0 1 0 -0 1 0 0 1 0 0 1 0 0 1 0 0 1 0 0 1 0 0 1 0 0 1 0 0 1 0 0 1 0 0 1 0 0 1 0 0 1 0 0 1 0 0 1 0 0 1 0 0 1 0 0 1 -0 0 1 0 0 1 0 0 1 0 0 1 0 0 1 -0 0 1 0 0 1 0 0 1 0 0 1 0 0 1 0 0 1 0 0 1 0 0 1 0 0 1 0 0 1 0 0 1 0 0 1 0 0 1 0 0 1 0 0 1 0 0 1 0 0 1 0 0 1 0 0 1 0 0 1 0 0 1 0 0 1 0 0 1 0 0 1 0 0 1 0 -0 1 0 0 1 0 -0 1 0 0 1 0 -0 1 0 0 1 0 -0 1 0 0 1 0 -0 1 0 0 1 0 -0 1 0 0 1 0 -0 1 0 0 1 0 -0 1 0 0 1 0 0 1 0 0 1 0 0 1 0 0 1 0 0 1 0 0 1 0 0 1 0 0 1 0 0 1 0 0 1 0 0 1 0 0 1 -0 0 1 0 0 1 0 0 1 0 0 1 0 0 1 0 0 1 0 0 1 0 0 1 0 0 1 0 0 1 0 0 1 0 0 1 0 -0 1 0 0 1 0 -0 1 0 0 1 0 -0 1 0 0 1 0 -0 1 0 0 1 0 -0 1 0 0 1 0 0 1 0 0 1 0 0 1 0 0 1 -0 0 1 0 0 1 0 0 1 0 0 1 0 0 1 0 0 1 0 0 1 0 0 1 0 -0 1 0 0 1 0 0 1 0 0 1 0 0 1 0 0 1 0 0 1 0 0 1 0 0 1 0 0 1 0 0 1 0 0 1 0 0 1 0 0 1 0 0 1 0 0 1 0 0 1 0 0 1 0 0 1 0 0 1 0 0 1 0 0 1 0 0 1 0 0 1 0 0 1 0 0 1 0 0 1 0 0 1 0 0 1 0 -0 1 0 0 1 -0 -0 1 0 0 1 0 0 1 0 0 1 0 0 1 0 0 1 0 0 1 0 0 1 0 0 1 0 0 1 0 0 1 0 0 1 0 0 1 0 0 1 0 0 1 0 0 1 0 -0 1 0 0 1 0 0 1 0 0 1 0 0 1 0 0 1 0 0 1 0 0 1 -0 -0 1 0 -0 1 0 -0 1 0 -0 1 0 -0 1 0 0 1 0 -0 1 0 -0 1 0 -0 1 0 -0 1 0 0 1 0 0 1 0 0 1 0 0 1 0 0 1 0 -0 1 0 0 1 0 0 1 -0 0 1 0 0 1 0 0 1 0 0 1 0 0 1 -0 0 1 0 0 1 -0 0 1 0 0 1 0 0 1 0 0 1 0 0 1 0 0 1 0 0 1 0 0 1 0 0 1 0 0 1 0 0 1 0 0 1 0 0 1 0 0 1 0 0 1 0 0 1 0 0 1 0 0 1 0 0 1 0 0 1 0 0 1 0 0 1 0 0 1 0 0 1 0 -0 1 0 -0 1 0 -0 1 0 -0 1 0 -0 1 0 0 1 -0 -0 1 0 -0 1 0 -0 1 0 0 1 0 0 1 0 0 1 0 0 1 -0 0 1 -0 0 1 -0 0 1 -0 0 1 0 0 1 0 0 1 0 0 1 0 0 1 0 0 1 0 -0.1145769 0.9934144 0 -0.1145769 0.9934144 0 -0.5340806 0.8454336 0 -0.5340806 0.8454336 0 -0.3258032 0.9454376 0 -0.3258032 0.9454376 0 -0.707029 0.7071846 0 -0.707029 0.7071846 0 -0.9435036 0.3313624 0 -0.9435036 0.3313624 0 -0.8465438 0.532319 0 -0.8465438 0.532319 0 -0.9941037 0.1084335 0 -0.9941037 0.1084335 0 -0.9941037 -0.1084335 0 -0.9941037 -0.1084335 -0 -0.9435036 -0.3313624 0 -0.9435036 -0.3313624 -0 -0.8465438 -0.532319 0 -0.8465438 -0.532319 -0 -0.707029 -0.7071846 0 -0.707029 -0.7071846 -0 -0.5340806 -0.8454336 0 -0.5340806 -0.8454336 0 -0.3258032 -0.9454376 0 -0.3258032 -0.9454376 0 -0.1145769 -0.9934144 0 -0.1145769 -0.9934144 0 0.115307 -0.9933299 0 0.115307 -0.9933299 0 0.3258032 -0.9454376 0 0.3258032 -0.9454376 0 0.5340105 -0.8454778 0 0.5340105 -0.8454778 0 0.7071068 -0.7071068 0 0.7071068 -0.7071068 0 0.8465438 -0.532319 0 0.8465438 -0.532319 0 0.9434549 -0.331501 0 0.9434549 -0.331501 0 0.9934144 -0.1145769 0 0.9934144 -0.1145769 0 0.9434549 0.331501 -0 0.9434549 0.331501 0 0.9934144 0.1145769 -0 0.9934144 0.1145769 0 0.8465438 0.532319 -0 0.8465438 0.532319 0 0.5340105 0.8454778 0 0.5340105 0.8454778 0 0.7071068 0.7071068 -0 0.7071068 0.7071068 0 0.115307 0.9933299 0 0.115307 0.9933299 0 0.3258032 0.9454376 0 0.3258032 0.9454376 0 -0.1145769 0.9934144 0 -0.1145769 0.9934144 0 -0.5340806 0.8454336 0 -0.5340806 0.8454336 0 -0.3258032 0.9454376 0 -0.3258032 0.9454376 0 -0.707029 0.7071846 0 -0.707029 0.7071846 0 -0.9435036 0.3313624 0 -0.9435036 0.3313624 0 -0.8465438 0.532319 0 -0.8465438 0.532319 0 -0.9941037 0.1084335 0 -0.9941037 0.1084335 0 -0.9941037 -0.1084335 0 -0.9941037 -0.1084335 -0 -0.9435036 -0.3313624 0 -0.9435036 -0.3313624 -0 -0.8465438 -0.532319 0 -0.8465438 -0.532319 -0 -0.707029 -0.7071846 0 -0.707029 -0.7071846 -0 -0.5340806 -0.8454336 0 -0.5340806 -0.8454336 0 -0.3258032 -0.9454376 0 -0.3258032 -0.9454376 0 -0.1145769 -0.9934144 0 -0.1145769 -0.9934144 0 0.115307 -0.9933299 0 0.115307 -0.9933299 0 0.3258032 -0.9454376 0 0.3258032 -0.9454376 0 0.5340105 -0.8454778 0 0.5340105 -0.8454778 0 0.7071068 -0.7071068 0 0.7071068 -0.7071068 0 0.8465438 -0.532319 0 0.8465438 -0.532319 0 0.9434549 -0.331501 0 0.9434549 -0.331501 0 0.9934144 -0.1145769 0 0.9934144 -0.1145769 0 0.9434549 0.331501 -0 0.9434549 0.331501 0 0.9934144 0.1145769 -0 0.9934144 0.1145769 0 0.8465438 0.532319 -0 0.8465438 0.532319 0 0.5340105 0.8454778 0 0.5340105 0.8454778 0 0.7071068 0.7071068 -0 0.7071068 0.7071068 0 0.115307 0.9933299 0 0.115307 0.9933299 0 0.3258032 0.9454376 0 0.3258032 0.9454376 0 -0.1145857 0.9934133 0 -0.1145857 0.9934133 0 -0.5340105 0.8454778 0 -0.5340105 0.8454778 0 -0.3258032 0.9454376 0 -0.3258032 0.9454376 0 -0.7070679 0.7071457 0 -0.7070679 0.7071457 0 -0.9434549 0.331501 0 -0.9434549 0.331501 0 -0.8465791 0.5322629 0 -0.8465791 0.5322629 0 -0.9941121 0.1083567 0 -0.9941121 0.1083567 0 -0.9941121 -0.1083567 0 -0.9941121 -0.1083567 -0 -0.9434549 -0.331501 0 -0.9434549 -0.331501 -0 -0.8465791 -0.5322629 0 -0.8465791 -0.5322629 -0 -0.7070679 -0.7071457 0 -0.7070679 -0.7071457 -0 -0.5340105 -0.8454778 0 -0.5340105 -0.8454778 0 -0.3258032 -0.9454376 0 -0.3258032 -0.9454376 0 -0.1145857 -0.9934133 0 -0.1145857 -0.9934133 0 0.115307 -0.9933299 0 0.115307 -0.9933299 0 0.3258032 -0.9454376 0 0.3258032 -0.9454376 0 0.5340105 -0.8454778 0 0.5340105 -0.8454778 0 0.7070679 -0.7071457 0 0.7070679 -0.7071457 0 0.8465791 -0.5322629 0 0.8465791 -0.5322629 0 0.9434549 -0.331501 0 0.9434549 -0.331501 0 0.9934144 -0.1145769 0 0.9934144 -0.1145769 0 0.9434549 0.331501 -0 0.9434549 0.331501 0 0.9934144 0.1145769 -0 0.9934144 0.1145769 0 0.8465791 0.5322629 -0 0.8465791 0.5322629 0 0.5340105 0.8454778 0 0.5340105 0.8454778 0 0.7070679 0.7071457 -0 0.7070679 0.7071457 0 0.115307 0.9933299 0 0.115307 0.9933299 0 0.3258032 0.9454376 0 0.3258032 0.9454376 0 -0.1145857 0.9934133 0 -0.1145857 0.9934133 0 -0.5340105 0.8454778 0 -0.5340105 0.8454778 0 -0.3258032 0.9454376 0 -0.3258032 0.9454376 0 -0.7070679 0.7071457 0 -0.7070679 0.7071457 0 -0.9434549 0.331501 0 -0.9434549 0.331501 0 -0.8465791 0.5322629 0 -0.8465791 0.5322629 0 -0.9941121 0.1083567 0 -0.9941121 0.1083567 0 -0.9941121 -0.1083567 0 -0.9941121 -0.1083567 -0 -0.9434549 -0.331501 0 -0.9434549 -0.331501 -0 -0.8465791 -0.5322629 0 -0.8465791 -0.5322629 -0 -0.7070679 -0.7071457 0 -0.7070679 -0.7071457 -0 -0.5340105 -0.8454778 0 -0.5340105 -0.8454778 0 -0.3258032 -0.9454376 0 -0.3258032 -0.9454376 0 -0.1145857 -0.9934133 0 -0.1145857 -0.9934133 0 0.115307 -0.9933299 0 0.115307 -0.9933299 0 0.3258032 -0.9454376 0 0.3258032 -0.9454376 0 0.5340105 -0.8454778 0 0.5340105 -0.8454778 0 0.7070679 -0.7071457 0 0.7070679 -0.7071457 0 0.8465791 -0.5322629 0 0.8465791 -0.5322629 0 0.9434549 -0.331501 0 0.9434549 -0.331501 0 0.9934144 -0.1145769 0 0.9934144 -0.1145769 0 0.9434549 0.331501 -0 0.9434549 0.331501 0 0.9934144 0.1145769 -0 0.9934144 0.1145769 0 0.8465791 0.5322629 -0 0.8465791 0.5322629 0 0.5340105 0.8454778 0 0.5340105 0.8454778 0 0.7070679 0.7071457 -0 0.7070679 0.7071457 0 0.115307 0.9933299 0 0.115307 0.9933299 0 0.3258032 0.9454376 0 0.3258032 0.9454376 0 1 0 0 1 0 0 0 -1 0 0 -1 0 0 1 0 0 1 0 0 -0 -1 0 0 -1 0 0 -1 0 0 -1 -0 -0 -1 0 0 -1 0 -0 -1 0 0 -1 0 -0 -1 0 0 -1 0 -0 -1 0 0 -1 0 -0 -1 0 0 -1 0 0 -1 0 0 -1 0 0 -1 0 0 -1 0 0 -1 0 0 -1 0 0 -1 0 0 -1 0 0 -1 0 0 -1 0 0 -1 0 0 -1 0 0 -1 0 0 -1 0 -0 -1 0 0 -1 -0 -0 -1 0 0 -1 0 -0 -1 0 0 -1 0 -0 -1 0 0 -1 0 -0 -1 0 0 -1 0 -0 -1 0 0 -1 0 -0 -1 0 0 -1 0 0 -1 0 0 -1 0 0 -1 0 0 -1 0 0 -1 0 0 -1 0 0 -1 0 0 -1 0 0 -1 0 -0 -1 0 -0 -1 0 0 -1 0 0 -1 0 0 -1 0 0 -1 0 0 -1 0 0 -1 0 0 -1 0 0 -1 0 0 -1 0 0 -1 0 0 -1 0 0 -1 0 0 -1 0 0 -1 0 0 -1 0 -0 -1 0 0 -1 0 0 -1 0 -0 -1 0 0 -1 0 0 -1 0 0 -1 0 0 -1 0 0 -1 0 0 -1 0 0 -1 0 0 -1 0 0 -1 0 0 -1 0 0 -1 0 0 -1 0 0 -1 0 0 -1 0 0 -1 0 0 -1 0 0 -1 0 0 -1 0 -0 -1 0 -0 -1 0 -0 -1 0 -0 -1 0 -0 -1 0 -0 -1 0 -0 -1 0 0 -1 0 0 -1 0 -0 -1 0 0 -1 0 0 -1 0 -0 -1 0 0 -1 0 -0 -1 0 0 -1 0 -0 -1 0 0 -1 0 -0 -1 0 0 -1 0 0 -1 0 0 -1 0 0 -1 0 0 -1 0 0 -1 0 0 -1 0 0 -1 0 0 -1 0 0 -1 0 0 -1 0 0 -1 0 0 -1 0.1072976 0.994227 0 0.1072976 0.994227 0 0.3043962 0.9525455 0 0.3043962 0.9525455 0 0.5004194 0.8657832 0 0.5004194 0.8657832 0 0.669549 0.742768 0 0.669549 0.742768 0 0.8079831 0.5892057 -0 0.8079831 0.5892057 0 0.9138286 0.4061002 -0 0.9138286 0.4061002 0 0.9781446 0.2079261 -0 0.9781446 0.2079261 0 1 0 0 1 0 0 0.9781446 -0.2079261 0 0.9781446 -0.2079261 0 0.9138286 -0.4061002 0 0.9138286 -0.4061002 0 0.8079831 -0.5892057 0 0.8079831 -0.5892057 0 0.669549 -0.742768 0 0.669549 -0.742768 0 0.5004194 -0.8657832 0 0.5004194 -0.8657832 0 0.3043962 -0.9525455 0 0.3043962 -0.9525455 0 0.1072976 -0.994227 0 0.1072976 -0.994227 0 -0.1066978 -0.9942915 0 -0.1066978 -0.9942915 0 -0.3043962 -0.9525455 0 -0.3043962 -0.9525455 0 -0.5004194 -0.8657832 0 -0.5004194 -0.8657832 0 -0.6696172 -0.7427064 0 -0.6696172 -0.7427064 0 -0.8106575 -0.5855207 0 -0.8106575 -0.5855207 -0 -0.911726 -0.4107988 0 -0.911726 -0.4107988 -0 -0.9781166 -0.2080574 0 -0.9781166 -0.2080574 -0 -1 0 0 -1 0 0 -0.9781166 0.2080574 0 -0.9781166 0.2080574 0 -0.911726 0.4107988 0 -0.911726 0.4107988 0 -0.8106575 0.5855207 0 -0.8106575 0.5855207 0 -0.6696172 0.7427064 0 -0.6696172 0.7427064 0 -0.5004194 0.8657832 0 -0.5004194 0.8657832 0 -0.3043962 0.9525455 0 -0.3043962 0.9525455 0 -0.1066978 0.9942915 0 -0.1066978 0.9942915 0 0.1072976 0.994227 0 0.1072976 0.994227 0 0.3043962 0.9525455 0 0.3043962 0.9525455 0 0.5004194 0.8657832 0 0.5004194 0.8657832 0 0.669549 0.742768 0 0.669549 0.742768 0 0.8079831 0.5892057 -0 0.8079831 0.5892057 0 0.9138286 0.4061002 -0 0.9138286 0.4061002 0 0.9781446 0.2079261 -0 0.9781446 0.2079261 0 1 0 0 1 0 0 0.9781446 -0.2079261 0 0.9781446 -0.2079261 0 0.9138286 -0.4061002 0 0.9138286 -0.4061002 0 0.8079831 -0.5892057 0 0.8079831 -0.5892057 0 0.669549 -0.742768 0 0.669549 -0.742768 0 0.5004194 -0.8657832 0 0.5004194 -0.8657832 0 0.3043962 -0.9525455 0 0.3043962 -0.9525455 0 0.1072976 -0.994227 0 0.1072976 -0.994227 0 -0.1066978 -0.9942915 0 -0.1066978 -0.9942915 0 -0.3043962 -0.9525455 0 -0.3043962 -0.9525455 0 -0.5004194 -0.8657832 0 -0.5004194 -0.8657832 0 -0.6696172 -0.7427064 0 -0.6696172 -0.7427064 0 -0.8106575 -0.5855207 0 -0.8106575 -0.5855207 -0 -0.911726 -0.4107988 0 -0.911726 -0.4107988 -0 -0.9781166 -0.2080574 0 -0.9781166 -0.2080574 -0 -1 0 0 -1 0 0 -0.9781166 0.2080574 0 -0.9781166 0.2080574 0 -0.911726 0.4107988 0 -0.911726 0.4107988 0 -0.8106575 0.5855207 0 -0.8106575 0.5855207 0 -0.6696172 0.7427064 0 -0.6696172 0.7427064 0 -0.5004194 0.8657832 0 -0.5004194 0.8657832 0 -0.3043962 0.9525455 0 -0.3043962 0.9525455 0 -0.1066978 0.9942915 0 -0.1066978 0.9942915 0 -0.106705 -0.9942907 0 -0.106705 -0.9942907 0 -0.3043762 -0.9525518 0 -0.3043762 -0.9525518 0 -0.5004194 -0.8657832 0 -0.5004194 -0.8657832 0 -0.6695831 -0.7427372 0 -0.6695831 -0.7427372 0 -0.8106575 -0.5855207 0 -0.8106575 -0.5855207 -0 -0.911726 -0.4107988 0 -0.911726 -0.4107988 -0 -0.9781306 -0.2079917 0 -0.9781306 -0.2079917 -0 -1 0 0 -1 0 0 -0.9781306 0.2079917 0 -0.9781306 0.2079917 0 -0.911726 0.4107988 0 -0.911726 0.4107988 0 -0.8106575 0.5855207 0 -0.8106575 0.5855207 0 -0.6695831 0.7427372 0 -0.6695831 0.7427372 0 -0.5004194 0.8657832 0 -0.5004194 0.8657832 0 -0.3043762 0.9525518 0 -0.3043762 0.9525518 0 -0.106705 0.9942907 0 -0.106705 0.9942907 0 0.1072976 0.994227 0 0.1072976 0.994227 0 0.3043762 0.9525518 0 0.3043762 0.9525518 0 0.5004194 0.8657832 0 0.5004194 0.8657832 0 0.6695831 0.7427372 0 0.6695831 0.7427372 0 0.8079831 0.5892057 -0 0.8079831 0.5892057 0 0.9138286 0.4061002 -0 0.9138286 0.4061002 0 0.9781306 0.2079917 -0 0.9781306 0.2079917 0 1 0 0 1 0 0 0.9781306 -0.2079917 0 0.9781306 -0.2079917 0 0.9138286 -0.4061002 0 0.9138286 -0.4061002 0 0.8079831 -0.5892057 0 0.8079831 -0.5892057 0 0.6695831 -0.7427372 0 0.6695831 -0.7427372 0 0.5004194 -0.8657832 0 0.5004194 -0.8657832 0 0.3043762 -0.9525518 0 0.3043762 -0.9525518 0 0.1072976 -0.994227 0 0.1072976 -0.994227 0 0.1072976 0.994227 0 0.1072976 0.994227 0 0.3043762 0.9525518 0 0.3043762 0.9525518 0 0.5004194 0.8657832 0 0.5004194 0.8657832 0 0.6695831 0.7427372 0 0.6695831 0.7427372 0 0.8079831 0.5892057 -0 0.8079831 0.5892057 0 0.9138286 0.4061002 -0 0.9138286 0.4061002 0 0.9781306 0.2079917 -0 0.9781306 0.2079917 0 1 0 0 1 0 0 0.9781306 -0.2079917 0 0.9781306 -0.2079917 0 0.9138286 -0.4061002 0 0.9138286 -0.4061002 0 0.8079831 -0.5892057 0 0.8079831 -0.5892057 0 0.6695831 -0.7427372 0 0.6695831 -0.7427372 0 0.5004194 -0.8657832 0 0.5004194 -0.8657832 0 0.3043762 -0.9525518 0 0.3043762 -0.9525518 0 0.1072976 -0.994227 0 0.1072976 -0.994227 0 -0.106705 -0.9942907 0 -0.106705 -0.9942907 0 -0.3043762 -0.9525518 0 -0.3043762 -0.9525518 0 -0.5004194 -0.8657832 0 -0.5004194 -0.8657832 0 -0.6695831 -0.7427372 0 -0.6695831 -0.7427372 0 -0.8106575 -0.5855207 0 -0.8106575 -0.5855207 -0 -0.911726 -0.4107988 0 -0.911726 -0.4107988 -0 -0.9781306 -0.2079917 0 -0.9781306 -0.2079917 -0 -1 0 0 -1 0 0 -0.9781306 0.2079917 0 -0.9781306 0.2079917 0 -0.911726 0.4107988 0 -0.911726 0.4107988 0 -0.8106575 0.5855207 0 -0.8106575 0.5855207 0 -0.6695831 0.7427372 0 -0.6695831 0.7427372 0 -0.5004194 0.8657832 0 -0.5004194 0.8657832 0 -0.3043762 0.9525518 0 -0.3043762 0.9525518 0 -0.106705 0.9942907 0 -0.106705 0.9942907 0 -1 0 0 -1 0 0 0 1 0 0 1 0 1 0 0 1 0 0 0 -1 0 0 -1 0 0 0 -1 0 0 -1 0 -0 -1 0 0 -1 0 0 -1 0 0 -1 -0 -0 -1 0 0 -1 0 -0 -1 0 0 -1 0 -0 -1 0 0 -1 0 -0 -1 0 0 -1 0 0 -1 0 0 -1 0 0 -1 0 0 -1 0 0 -1 0 0 -1 0 0 -1 0 0 -1 0 0 -1 0 0 -1 0 0 -1 0 0 -1 0 0 -1 0 0 -1 0 0 -1 -0 0 -1 0 0 -1 0 0 -1 -0 -0 -1 0 0 -1 0 -0 -1 0 0 -1 0 -0 -1 0 0 -1 0 -0 -1 0 0 -1 0 -0 -1 0 0 -1 0 -0 -1 0 0 -1 0 0 -1 0 0 -1 0 0 -1 0 0 -1 0 0 -1 0 0 -1 0 0 -1 0 0 -1 0 -0 -1 0 0 -1 0 0 -1 0 -0 -1 0 -0 -1 0 0 -1 0 0 -1 0 0 -1 0 0 -1 0 0 -1 0 0 -1 0 0 -1 0 0 -1 0 0 -1 0 0 -1 0 0 -1 0 0 -1 0 0 -1 0 0 -1 0 -0 -1 0 0 -1 0 0 -1 0 -0 -1 0 -0 -1 0 -0 -1 0 0 -1 0 0 -1 0 0 -1 0 0 -1 0 0 -1 0 0 -1 0 0 -1 0 0 -1 0 0 -1 0 0 -1 0 0 -1 0 0 -1 0 0 -1 0 0 -1 0 0 -1 0 0 -1 0 0 -1 0 0 -1 0 0 -1 0 -0 -1 0 -0 -1 0 -0 -1 0 -0 -1 0 -0 -1 0 -0 -1 0 -0 -1 0 0 -1 0 0 -1 0 0 -1 0 -0 -1 0 0 -1 0 0 -1 0 -0 -1 0 0 -1 0 -0 -1 0 0 -1 0 -0 -1 0 0 -1 0 -0 -1 0 0 -1 0 0 -1 0 0 -1 0 0 -1 0 0 -1 0 0 -1 0 0 -1 0 0 -1 0 0 -1 0 0 -1 0 0 -1 0 0 -1 0 0 -1 0 0 -1 -0.1145769 0.9934144 0 -0.1145769 0.9934144 0 -0.5340806 0.8454336 0 -0.5340806 0.8454336 0 -0.3258032 0.9454376 0 -0.3258032 0.9454376 0 -0.707029 0.7071846 0 -0.707029 0.7071846 0 -0.9435036 0.3313624 0 -0.9435036 0.3313624 0 -0.8465438 0.532319 0 -0.8465438 0.532319 0 -0.9941037 0.1084335 0 -0.9941037 0.1084335 0 -0.9941037 -0.1084335 0 -0.9941037 -0.1084335 -0 -0.9435036 -0.3313624 0 -0.9435036 -0.3313624 -0 -0.8465438 -0.532319 0 -0.8465438 -0.532319 -0 -0.707029 -0.7071846 0 -0.707029 -0.7071846 -0 -0.5340806 -0.8454336 0 -0.5340806 -0.8454336 0 -0.3258032 -0.9454376 0 -0.3258032 -0.9454376 0 -0.1145769 -0.9934144 0 -0.1145769 -0.9934144 0 0.115307 -0.9933299 0 0.115307 -0.9933299 0 0.3258032 -0.9454376 0 0.3258032 -0.9454376 0 0.5340105 -0.8454778 0 0.5340105 -0.8454778 0 0.7071068 -0.7071068 0 0.7071068 -0.7071068 0 0.8465438 -0.532319 0 0.8465438 -0.532319 0 0.9434549 -0.331501 0 0.9434549 -0.331501 0 0.9934144 -0.1145769 0 0.9934144 -0.1145769 0 0.9434549 0.331501 -0 0.9434549 0.331501 0 0.9934144 0.1145769 -0 0.9934144 0.1145769 0 0.8465438 0.532319 -0 0.8465438 0.532319 0 0.5340105 0.8454778 0 0.5340105 0.8454778 0 0.7071068 0.7071068 -0 0.7071068 0.7071068 0 0.115307 0.9933299 0 0.115307 0.9933299 0 0.3258032 0.9454376 0 0.3258032 0.9454376 0 -0.1145769 0.9934144 0 -0.1145769 0.9934144 0 -0.5340806 0.8454336 0 -0.5340806 0.8454336 0 -0.3258032 0.9454376 0 -0.3258032 0.9454376 0 -0.707029 0.7071846 0 -0.707029 0.7071846 0 -0.9435036 0.3313624 0 -0.9435036 0.3313624 0 -0.8465438 0.532319 0 -0.8465438 0.532319 0 -0.9941037 0.1084335 0 -0.9941037 0.1084335 0 -0.9941037 -0.1084335 0 -0.9941037 -0.1084335 -0 -0.9435036 -0.3313624 0 -0.9435036 -0.3313624 -0 -0.8465438 -0.532319 0 -0.8465438 -0.532319 -0 -0.707029 -0.7071846 0 -0.707029 -0.7071846 -0 -0.5340806 -0.8454336 0 -0.5340806 -0.8454336 0 -0.3258032 -0.9454376 0 -0.3258032 -0.9454376 0 -0.1145769 -0.9934144 0 -0.1145769 -0.9934144 0 0.115307 -0.9933299 0 0.115307 -0.9933299 0 0.3258032 -0.9454376 0 0.3258032 -0.9454376 0 0.5340105 -0.8454778 0 0.5340105 -0.8454778 0 0.7071068 -0.7071068 0 0.7071068 -0.7071068 0 0.8465438 -0.532319 0 0.8465438 -0.532319 0 0.9434549 -0.331501 0 0.9434549 -0.331501 0 0.9934144 -0.1145769 0 0.9934144 -0.1145769 0 0.9434549 0.331501 -0 0.9434549 0.331501 0 0.9934144 0.1145769 -0 0.9934144 0.1145769 0 0.8465438 0.532319 -0 0.8465438 0.532319 0 0.5340105 0.8454778 0 0.5340105 0.8454778 0 0.7071068 0.7071068 -0 0.7071068 0.7071068 0 0.115307 0.9933299 0 0.115307 0.9933299 0 0.3258032 0.9454376 0 0.3258032 0.9454376 0 -0.1145769 0.9934144 0 -0.1145769 0.9934144 0 -0.5340806 0.8454336 0 -0.5340806 0.8454336 0 -0.3258032 0.9454376 0 -0.3258032 0.9454376 0 -0.707029 0.7071846 0 -0.707029 0.7071846 0 -0.9435036 0.3313624 0 -0.9435036 0.3313624 0 -0.8465438 0.532319 0 -0.8465438 0.532319 0 -0.9941037 0.1084335 0 -0.9941037 0.1084335 0 -0.9941037 -0.1084335 0 -0.9941037 -0.1084335 -0 -0.9435036 -0.3313624 0 -0.9435036 -0.3313624 -0 -0.8465438 -0.532319 0 -0.8465438 -0.532319 -0 -0.707029 -0.7071846 0 -0.707029 -0.7071846 -0 -0.5340806 -0.8454336 0 -0.5340806 -0.8454336 0 -0.3258032 -0.9454376 0 -0.3258032 -0.9454376 0 -0.1145769 -0.9934144 0 -0.1145769 -0.9934144 0 0.115307 -0.9933299 0 0.115307 -0.9933299 0 0.3258032 -0.9454376 0 0.3258032 -0.9454376 0 0.5340105 -0.8454778 0 0.5340105 -0.8454778 0 0.7071068 -0.7071068 0 0.7071068 -0.7071068 0 0.8465438 -0.532319 0 0.8465438 -0.532319 0 0.9434549 -0.331501 0 0.9434549 -0.331501 0 0.9934144 -0.1145769 0 0.9934144 -0.1145769 0 0.9434549 0.331501 -0 0.9434549 0.331501 0 0.9934144 0.1145769 -0 0.9934144 0.1145769 0 0.8465438 0.532319 -0 0.8465438 0.532319 0 0.5340105 0.8454778 0 0.5340105 0.8454778 0 0.7071068 0.7071068 -0 0.7071068 0.7071068 0 0.115307 0.9933299 0 0.115307 0.9933299 0 0.3258032 0.9454376 0 0.3258032 0.9454376 0 -0.1145769 0.9934144 0 -0.1145769 0.9934144 0 -0.5340806 0.8454336 0 -0.5340806 0.8454336 0 -0.3258032 0.9454376 0 -0.3258032 0.9454376 0 -0.707029 0.7071846 0 -0.707029 0.7071846 0 -0.9435036 0.3313624 0 -0.9435036 0.3313624 0 -0.8465438 0.532319 0 -0.8465438 0.532319 0 -0.9941037 0.1084335 0 -0.9941037 0.1084335 0 -0.9941037 -0.1084335 0 -0.9941037 -0.1084335 -0 -0.9435036 -0.3313624 0 -0.9435036 -0.3313624 -0 -0.8465438 -0.532319 0 -0.8465438 -0.532319 -0 -0.707029 -0.7071846 0 -0.707029 -0.7071846 -0 -0.5340806 -0.8454336 0 -0.5340806 -0.8454336 0 -0.3258032 -0.9454376 0 -0.3258032 -0.9454376 0 -0.1145769 -0.9934144 0 -0.1145769 -0.9934144 0 0.115307 -0.9933299 0 0.115307 -0.9933299 0 0.3258032 -0.9454376 0 0.3258032 -0.9454376 0 0.5340105 -0.8454778 0 0.5340105 -0.8454778 0 0.7071068 -0.7071068 0 0.7071068 -0.7071068 0 0.8465438 -0.532319 0 0.8465438 -0.532319 0 0.9434549 -0.331501 0 0.9434549 -0.331501 0 0.9934144 -0.1145769 0 0.9934144 -0.1145769 0 0.9434549 0.331501 -0 0.9434549 0.331501 0 0.9934144 0.1145769 -0 0.9934144 0.1145769 0 0.8465438 0.532319 -0 0.8465438 0.532319 0 0.5340105 0.8454778 0 0.5340105 0.8454778 0 0.7071068 0.7071068 -0 0.7071068 0.7071068 0 0.115307 0.9933299 0 0.115307 0.9933299 0 0.3258032 0.9454376 0 0.3258032 0.9454376 0 1 0 0 1 0 0 0 -1 0 0 -1 0 -1 0 0 -1 0 0 0 1 0 0 1 0 0 -0 -1 0 0 -1 0 0 -1 0 0 -1 -0 -0 -1 0 0 -1 0 -0 -1 0 0 -1 0 -0 -1 0 0 -1 0 -0 -1 0 0 -1 0 -0 -1 0 0 -1 0 0 -1 0 0 -1 0 0 -1 0 0 -1 0 0 -1 0 0 -1 0 0 -1 0 0 -1 0 0 -1 0 0 -1 0 0 -1 0 0 -1 0 0 -1 -0 0 -1 0 0 -1 0 0 -1 -0 -0 -1 0 0 -1 0 -0 -1 0 0 -1 0 -0 -1 0 0 -1 0 -0 -1 0 0 -1 0 -0 -1 0 0 -1 0 -0 -1 0 0 -1 0 0 -1 0 0 -1 0 0 -1 0 0 -1 0 0 -1 0 0 -1 0 0 -1 0 0 -1 0 0 -1 0 -0 -1 0 -0 -1 0 0 -1 0 0 -1 0 0 -1 0 0 -1 0 0 -1 0 0 -1 0 0 -1 0 0 -1 0 0 -1 0 0 -1 0 0 -1 0 0 -1 0 0 -1 0 -0 -1 0 0 -1 0 0 -1 0 -0 -1 0 -0 -1 0 -0 -1 0 0 -1 0 0 -1 0 0 -1 0 0 -1 0 0 -1 0 0 -1 0 0 -1 0 0 -1 0 0 -1 0 0 -1 0 0 -1 0 0 -1 0 0 -1 0 0 -1 0 0 -1 0 0 -1 0 0 -1 0 0 -1 0 -0 -1 0 -0 -1 0 -0 -1 0 -0 -1 0 -0 -1 0 -0 -1 0 -0 -1 0 0 -1 0 0 -1 0 -0 -1 0 0 -1 0 0 -1 0 -0 -1 0 0 -1 0 -0 -1 0 0 -1 0 -0 -1 0 0 -1 0 -0 -1 0 0 -1 0 0 -1 0 0 -1 0 0 -1 0 0 -1 0 0 -1 0 0 -1 0 0 -1 0 0 -1 0 0 -1 0 0 -1 0 0 -1 0 0 -1 0.115307 0.9933299 0 0.115307 0.9933299 0 0.3258032 0.9454376 0 0.3258032 0.9454376 0 0.5340105 0.8454778 0 0.5340105 0.8454778 0 0.7071068 0.7071068 -0 0.7071068 0.7071068 0 0.8465438 0.532319 -0 0.8465438 0.532319 0 0.9434549 0.331501 -0 0.9434549 0.331501 0 0.9934144 0.1145769 -0 0.9934144 0.1145769 0 0.9934144 -0.1145769 0 0.9934144 -0.1145769 0 0.9434549 -0.331501 0 0.9434549 -0.331501 0 0.8465438 -0.532319 0 0.8465438 -0.532319 0 0.7071068 -0.7071068 0 0.7071068 -0.7071068 0 0.5340105 -0.8454778 0 0.5340105 -0.8454778 0 0.3258032 -0.9454376 0 0.3258032 -0.9454376 0 0.115307 -0.9933299 0 0.115307 -0.9933299 0 -0.1145769 -0.9934144 0 -0.1145769 -0.9934144 0 -0.3258032 -0.9454376 0 -0.3258032 -0.9454376 0 -0.5340806 -0.8454336 0 -0.5340806 -0.8454336 0 -0.707029 -0.7071846 0 -0.707029 -0.7071846 -0 -0.8465438 -0.532319 0 -0.8465438 -0.532319 -0 -0.9435036 -0.3313624 0 -0.9435036 -0.3313624 -0 -0.9941037 -0.1084335 0 -0.9941037 -0.1084335 -0 -0.9941037 0.1084335 0 -0.9941037 0.1084335 0 -0.9435036 0.3313624 0 -0.9435036 0.3313624 0 -0.8465438 0.532319 0 -0.8465438 0.532319 0 -0.707029 0.7071846 0 -0.707029 0.7071846 0 -0.5340806 0.8454336 0 -0.5340806 0.8454336 0 -0.3258032 0.9454376 0 -0.3258032 0.9454376 0 -0.1145769 0.9934144 0 -0.1145769 0.9934144 0 -0.1145857 -0.9934133 0 -0.1145857 -0.9934133 0 -0.3258032 -0.9454376 0 -0.3258032 -0.9454376 0 -0.5340105 -0.8454778 0 -0.5340105 -0.8454778 0 -0.7070679 -0.7071457 0 -0.7070679 -0.7071457 -0 -0.8465791 -0.5322629 0 -0.8465791 -0.5322629 -0 -0.9434549 -0.331501 0 -0.9434549 -0.331501 -0 -0.9941121 -0.1083567 0 -0.9941121 -0.1083567 -0 -0.9941121 0.1083567 0 -0.9941121 0.1083567 0 -0.9434549 0.331501 0 -0.9434549 0.331501 0 -0.8465791 0.5322629 0 -0.8465791 0.5322629 0 -0.7070679 0.7071457 0 -0.7070679 0.7071457 0 -0.5340105 0.8454778 0 -0.5340105 0.8454778 0 -0.3258032 0.9454376 0 -0.3258032 0.9454376 0 -0.1145857 0.9934133 0 -0.1145857 0.9934133 0 0.115307 0.9933299 0 0.115307 0.9933299 0 0.3258032 0.9454376 0 0.3258032 0.9454376 0 0.5340105 0.8454778 0 0.5340105 0.8454778 0 0.7070679 0.7071457 -0 0.7070679 0.7071457 0 0.8465791 0.5322629 -0 0.8465791 0.5322629 0 0.9434549 0.331501 -0 0.9434549 0.331501 0 0.9934144 0.1145769 -0 0.9934144 0.1145769 0 0.9934144 -0.1145769 0 0.9934144 -0.1145769 0 0.9434549 -0.331501 0 0.9434549 -0.331501 0 0.8465791 -0.5322629 0 0.8465791 -0.5322629 0 0.7070679 -0.7071457 0 0.7070679 -0.7071457 0 0.5340105 -0.8454778 0 0.5340105 -0.8454778 0 0.3258032 -0.9454376 0 0.3258032 -0.9454376 0 0.115307 -0.9933299 0 0.115307 -0.9933299 0 0.115307 0.9933299 0 0.115307 0.9933299 0 0.3258032 0.9454376 0 0.3258032 0.9454376 0 0.5340105 0.8454778 0 0.5340105 0.8454778 0 0.7071068 0.7071068 -0 0.7071068 0.7071068 0 0.8465438 0.532319 -0 0.8465438 0.532319 0 0.9434549 0.331501 -0 0.9434549 0.331501 0 0.9934144 0.1145769 -0 0.9934144 0.1145769 0 0.9934144 -0.1145769 0 0.9934144 -0.1145769 0 0.9434549 -0.331501 0 0.9434549 -0.331501 0 0.8465438 -0.532319 0 0.8465438 -0.532319 0 0.7071068 -0.7071068 0 0.7071068 -0.7071068 0 0.5340105 -0.8454778 0 0.5340105 -0.8454778 0 0.3258032 -0.9454376 0 0.3258032 -0.9454376 0 0.115307 -0.9933299 0 0.115307 -0.9933299 0 -0.1145769 -0.9934144 0 -0.1145769 -0.9934144 0 -0.3258032 -0.9454376 0 -0.3258032 -0.9454376 0 -0.5340806 -0.8454336 0 -0.5340806 -0.8454336 0 -0.707029 -0.7071846 0 -0.707029 -0.7071846 -0 -0.8465438 -0.532319 0 -0.8465438 -0.532319 -0 -0.9435036 -0.3313624 0 -0.9435036 -0.3313624 -0 -0.9941037 -0.1084335 0 -0.9941037 -0.1084335 -0 -0.9941037 0.1084335 0 -0.9941037 0.1084335 0 -0.9435036 0.3313624 0 -0.9435036 0.3313624 0 -0.8465438 0.532319 0 -0.8465438 0.532319 0 -0.707029 0.7071846 0 -0.707029 0.7071846 0 -0.5340806 0.8454336 0 -0.5340806 0.8454336 0 -0.3258032 0.9454376 0 -0.3258032 0.9454376 0 -0.1145769 0.9934144 0 -0.1145769 0.9934144 0 -0.1145857 -0.9934133 0 -0.1145857 -0.9934133 0 -0.3258032 -0.9454376 0 -0.3258032 -0.9454376 0 -0.5340105 -0.8454778 0 -0.5340105 -0.8454778 0 -0.7070679 -0.7071457 0 -0.7070679 -0.7071457 -0 -0.8465791 -0.5322629 0 -0.8465791 -0.5322629 -0 -0.9434549 -0.331501 0 -0.9434549 -0.331501 -0 -0.9941121 -0.1083567 0 -0.9941121 -0.1083567 -0 -0.9941121 0.1083567 0 -0.9941121 0.1083567 0 -0.9434549 0.331501 0 -0.9434549 0.331501 0 -0.8465791 0.5322629 0 -0.8465791 0.5322629 0 -0.7070679 0.7071457 0 -0.7070679 0.7071457 0 -0.5340105 0.8454778 0 -0.5340105 0.8454778 0 -0.3258032 0.9454376 0 -0.3258032 0.9454376 0 -0.1145857 0.9934133 0 -0.1145857 0.9934133 0 0.115307 0.9933299 0 0.115307 0.9933299 0 0.3258032 0.9454376 0 0.3258032 0.9454376 0 0.5340105 0.8454778 0 0.5340105 0.8454778 0 0.7070679 0.7071457 -0 0.7070679 0.7071457 0 0.8465791 0.5322629 -0 0.8465791 0.5322629 0 0.9434549 0.331501 -0 0.9434549 0.331501 0 0.9934144 0.1145769 -0 0.9934144 0.1145769 0 0.9934144 -0.1145769 0 0.9934144 -0.1145769 0 0.9434549 -0.331501 0 0.9434549 -0.331501 0 0.8465791 -0.5322629 0 0.8465791 -0.5322629 0 0.7070679 -0.7071457 0 0.7070679 -0.7071457 0 0.5340105 -0.8454778 0 0.5340105 -0.8454778 0 0.3258032 -0.9454376 0 0.3258032 -0.9454376 0 0.115307 -0.9933299 0 0.115307 -0.9933299 0 -0.7071068 -0.7071068 0 -0.7071068 -0.7071068 -0 -1 0 0 -1 0 0 -0.7071068 0.7071068 0 -0.7071068 0.7071068 0 0 1 0 0 1 0 0.7071068 0.7071068 -0 0.7071068 0.7071068 0 1 0 0 1 0 0 0.7071068 -0.7071068 0 0.7071068 -0.7071068 0 0 -1 0 0 -1 0 0 -1 0 0 -1 -0 0 0 1 0 0 1 0 0 1 0 0 1 0 0 1 0 0 1 0 0 1 0 0 1 0 0 1 0 0 1 0 0 1 0 0 1 0 0 1 0 0 1 0 0 1 0 0 1 0 0 1 0 0 1 0 0 1 0 0 1 0 0 1 0 0 1 0 0 1 0 0 1 0 0 1 0 0 1 0 0 1 0 0 1 0 0 1 0 0 1 0 0 1 0 0 1 0 0 1 0 0 1 0 0 1 0 0 1 0 0 1 0 0 1 0 0 1 0 0 1 0 0 1 0 0 1 0 0 1 0 0 1 0 0 1 0 0 1 0 0 1 0 0 1 0 0 1 0 0 1 0 0 1 0 0 1 0 0 1 0 0 1 0 -0 1 0 0 1 0 0 1 0 0 1 0 -0 1 0 0 1 0 0 1 0 0 1 0 0 1 0 0 1 0 0 1 0 0 1 0 0 1 0 0 1 0 0 1 -0 0 1 0 0 1 0 0 1 0 -0 1 0 0 1 0 -0 1 0 0 1 0 -0 1 0 0 1 0 -0 1 0 0 1 0 0 1 0 -0 1 0 -0 1 0 0 1 0 -0 1 0 0 1 0 -0 1 0 0 1 0 -0 1 0 0 1 0 -0 1 0 0 1 0 0 1 0 0 1 0 0 1 0 0 1 0 0 1 0 0 1 0 0 1 0 0 1 0 0 1 0 0 1 0 0 1 0 0 1 0 -0 1 0 0 1 0 0 1 0 -0 1 0 0 1 0 0 1 0 0 1 0 -0 1 0 0 1 0 0 1 0 -0 1 0 0 1 0 0 1 0 0 1 0 -0 1 0 0 1 0 0 1 0 0 1 0 0 1 0 0 1 0 0 1 0 0 1 0 0 1 0 0 1 0 0 1 -0 0 1 0 0 1 0 0 1 0 -0 1 0 0 1 0 -0 1 0 0 1 0 -0 1 0 0 1 0 -0 1 0 0 1 0 0 1 0 -0 1 0 -0 1 0 0 1 0 -0 1 0 0 1 0 -0 1 0 0 1 0 -0 1 0 0 1 0 -0 1 0 0 1 0 0 1 0 0 1 0 0 1 0 0 1 0 0 1 0 0 1 0 0 1 0 0 1 0 0 1 0 0 1 0 0 1 0 0 1 0 -0 1 0 0 1 0 0 1 0 -0 1 0 0 1 0 0 1 0 0 1 0 -0 1 0 0 1 0 0 1 0 -0 1 0 0 1 0 0 1 0 0 1 0 -0 1 0 0 1 0 0 1 0 0 1 0 0 1 0 0 1 0 0 1 0 0 1 0 0 1 0 0 1 0 0 1 -0 0 1 0 0 1 0 0 1 0 -0 1 0 0 1 0 -0 1 0 0 1 0 -0 1 0 0 1 0 -0 1 0 0 1 0 0 1 0 -0 1 0 -0 1 0 0 1 0 -0 1 0 0 1 0 -0 1 0 0 1 0 -0 1 0 0 1 0 -0 1 0 0 1 0 0 1 0 0 1 0 0 1 0 0 1 0 0 1 0 0 1 0 0 1 0 0 1 0 0 1 0 0 1 0 0 1 0 0 1 0 -0 1 0 0 1 0 0 1 0 -0 1 0 0 1 0 0 1 0 0 1 0 -0 1 0 0 1 0 0 1 0 -0 1 0 0 1 0 0 1 0 0 1 0 -0 1 0 0 1 0 0 1 0 0 1 0 0 1 0 0 1 0 0 1 0 0 1 0 0 1 0 0 1 0 0 1 -0 0 1 0 0 1 0 0 1 0 -0 1 0 0 1 0 -0 1 0 0 1 0 -0 1 0 0 1 0 -0 1 0 0 1 0 0 1 0 -0 1 0 -0 1 0 0 1 0 -0 1 0 0 1 0 -0 1 0 0 1 0 -0 1 0 0 1 0 -0 1 0 0 1 0 0 1 0 0 1 0 0 1 0 0 1 0 0 1 0 0 1 0 0 1 0 0 1 0 0 1 0 0 1 0 0 1 0 0 1 0 -0 1 0 0 1 0 0 1 0 -0 1 0 0 1 0 0 1 0 0 1 0 -0 1 -0.1145769 0.9934144 0 -0.1145769 0.9934144 0 -0.5340806 0.8454336 0 -0.5340806 0.8454336 0 -0.3258032 0.9454376 0 -0.3258032 0.9454376 0 -0.707029 0.7071846 0 -0.707029 0.7071846 0 -0.9435036 0.3313624 0 -0.9435036 0.3313624 0 -0.8465438 0.532319 0 -0.8465438 0.532319 0 -0.9941037 0.1084335 0 -0.9941037 0.1084335 0 -0.9941037 -0.1084335 0 -0.9941037 -0.1084335 -0 -0.9435036 -0.3313624 0 -0.9435036 -0.3313624 -0 -0.8465438 -0.532319 0 -0.8465438 -0.532319 -0 -0.707029 -0.7071846 0 -0.707029 -0.7071846 -0 -0.5340806 -0.8454336 0 -0.5340806 -0.8454336 0 -0.3258032 -0.9454376 0 -0.3258032 -0.9454376 0 -0.1145769 -0.9934144 0 -0.1145769 -0.9934144 0 0.115307 -0.9933299 0 0.115307 -0.9933299 0 0.3258032 -0.9454376 0 0.3258032 -0.9454376 0 0.5340105 -0.8454778 0 0.5340105 -0.8454778 0 0.7071068 -0.7071068 0 0.7071068 -0.7071068 0 0.8465438 -0.532319 0 0.8465438 -0.532319 0 0.9434549 -0.331501 0 0.9434549 -0.331501 0 0.9934144 -0.1145769 0 0.9934144 -0.1145769 0 0.9434549 0.331501 -0 0.9434549 0.331501 0 0.9934144 0.1145769 -0 0.9934144 0.1145769 0 0.8465438 0.532319 -0 0.8465438 0.532319 0 0.5340105 0.8454778 0 0.5340105 0.8454778 0 0.7071068 0.7071068 -0 0.7071068 0.7071068 0 0.115307 0.9933299 0 0.115307 0.9933299 0 0.3258032 0.9454376 0 0.3258032 0.9454376 0 -0.1145857 0.9934133 0 -0.1145857 0.9934133 0 -0.5340105 0.8454778 0 -0.5340105 0.8454778 0 -0.3258032 0.9454376 0 -0.3258032 0.9454376 0 -0.7070679 0.7071457 0 -0.7070679 0.7071457 0 -0.9434549 0.331501 0 -0.9434549 0.331501 0 -0.8465791 0.5322629 0 -0.8465791 0.5322629 0 -0.9941121 0.1083567 0 -0.9941121 0.1083567 0 -0.9941121 -0.1083567 0 -0.9941121 -0.1083567 -0 -0.9434549 -0.331501 0 -0.9434549 -0.331501 -0 -0.8465791 -0.5322629 0 -0.8465791 -0.5322629 -0 -0.7070679 -0.7071457 0 -0.7070679 -0.7071457 -0 -0.5340105 -0.8454778 0 -0.5340105 -0.8454778 0 -0.3258032 -0.9454376 0 -0.3258032 -0.9454376 0 -0.1145857 -0.9934133 0 -0.1145857 -0.9934133 0 0.115307 -0.9933299 0 0.115307 -0.9933299 0 0.3258032 -0.9454376 0 0.3258032 -0.9454376 0 0.5340105 -0.8454778 0 0.5340105 -0.8454778 0 0.7070679 -0.7071457 0 0.7070679 -0.7071457 0 0.8465791 -0.5322629 0 0.8465791 -0.5322629 0 0.9434549 -0.331501 0 0.9434549 -0.331501 0 0.9934144 -0.1145769 0 0.9934144 -0.1145769 0 0.9434549 0.331501 -0 0.9434549 0.331501 0 0.9934144 0.1145769 -0 0.9934144 0.1145769 0 0.8465791 0.5322629 -0 0.8465791 0.5322629 0 0.5340105 0.8454778 0 0.5340105 0.8454778 0 0.7070679 0.7071457 -0 0.7070679 0.7071457 0 0.115307 0.9933299 0 0.115307 0.9933299 0 0.3258032 0.9454376 0 0.3258032 0.9454376 0 -0.09694943 0.9952893 0 -0.09694943 0.9952893 0 -0.2901971 0.9569669 0 -0.2901971 0.9569669 0 -0.6346862 0.77277 0 -0.6346862 0.77277 0 -0.4734178 0.880838 0 -0.4734178 0.880838 0 -0.77031 0.6376697 0 -0.77031 0.6376697 0 -0.88288 0.4695985 0 -0.88288 0.4695985 0 -0.9569774 0.2901626 0 -0.9569774 0.2901626 0 -0.9952893 0.09694943 0 -0.9952893 0.09694943 0 -0.9952893 -0.09694943 0 -0.9952893 -0.09694943 -0 -0.9569774 -0.2901626 0 -0.9569774 -0.2901626 -0 -0.88288 -0.4695985 0 -0.88288 -0.4695985 -0 -0.77031 -0.6376697 0 -0.77031 -0.6376697 -0 -0.6346862 -0.77277 0 -0.6346862 -0.77277 0 -0.4734178 -0.880838 0 -0.4734178 -0.880838 0 -0.2901971 -0.9569669 0 -0.2901971 -0.9569669 0 -0.09694943 -0.9952893 0 -0.09694943 -0.9952893 0 0.09694943 -0.9952893 0 0.09694943 -0.9952893 0 0.291584 -0.9565452 0 0.291584 -0.9565452 0 0.4734696 -0.8808101 0 0.4734696 -0.8808101 0 0.6321189 -0.7748715 0 0.6321189 -0.7748715 0 0.7728204 -0.6346248 0 0.7728204 -0.6346248 0 0.8808101 -0.4734696 0 0.8808101 -0.4734696 0 0.9569774 -0.2901626 0 0.9569774 -0.2901626 0 0.9952893 -0.09694943 0 0.9952893 -0.09694943 0 0.9952893 0.09694943 -0 0.9952893 0.09694943 0 0.9569774 0.2901626 -0 0.9569774 0.2901626 0 0.8808101 0.4734696 -0 0.8808101 0.4734696 0 0.7728204 0.6346248 -0 0.7728204 0.6346248 0 0.6321189 0.7748715 0 0.6321189 0.7748715 0 0.4734696 0.8808101 0 0.4734696 0.8808101 0 0.09694943 0.9952893 0 0.09694943 0.9952893 0 0.291584 0.9565452 0 0.291584 0.9565452 0 -0.09694943 0.9952893 0 -0.09694943 0.9952893 0 -0.2901971 0.9569669 0 -0.2901971 0.9569669 0 -0.6346862 0.77277 0 -0.6346862 0.77277 0 -0.4734178 0.880838 0 -0.4734178 0.880838 0 -0.77031 0.6376697 0 -0.77031 0.6376697 0 -0.88288 0.4695985 0 -0.88288 0.4695985 0 -0.9569774 0.2901626 0 -0.9569774 0.2901626 0 -0.9952893 0.09694943 0 -0.9952893 0.09694943 0 -0.9952893 -0.09694943 0 -0.9952893 -0.09694943 -0 -0.9569774 -0.2901626 0 -0.9569774 -0.2901626 -0 -0.88288 -0.4695985 0 -0.88288 -0.4695985 -0 -0.77031 -0.6376697 0 -0.77031 -0.6376697 -0 -0.6346862 -0.77277 0 -0.6346862 -0.77277 0 -0.4734178 -0.880838 0 -0.4734178 -0.880838 0 -0.2901971 -0.9569669 0 -0.2901971 -0.9569669 0 -0.09694943 -0.9952893 0 -0.09694943 -0.9952893 0 0.09694943 -0.9952893 0 0.09694943 -0.9952893 0 0.291584 -0.9565452 0 0.291584 -0.9565452 0 0.4734696 -0.8808101 0 0.4734696 -0.8808101 0 0.6321189 -0.7748715 0 0.6321189 -0.7748715 0 0.7728204 -0.6346248 0 0.7728204 -0.6346248 0 0.8808101 -0.4734696 0 0.8808101 -0.4734696 0 0.9569774 -0.2901626 0 0.9569774 -0.2901626 0 0.9952893 -0.09694943 0 0.9952893 -0.09694943 0 0.9952893 0.09694943 -0 0.9952893 0.09694943 0 0.9569774 0.2901626 -0 0.9569774 0.2901626 0 0.8808101 0.4734696 -0 0.8808101 0.4734696 0 0.7728204 0.6346248 -0 0.7728204 0.6346248 0 0.6321189 0.7748715 0 0.6321189 0.7748715 0 0.4734696 0.8808101 0 0.4734696 0.8808101 0 0.09694943 0.9952893 0 0.09694943 0.9952893 0 0.291584 0.9565452 0 0.291584 0.9565452 0 -0.09694943 0.9952893 0 -0.09694943 0.9952893 0 -0.2901798 0.9569722 0 -0.2901798 0.9569722 0 -0.6346248 0.7728204 0 -0.6346248 0.7728204 0 -0.4734696 0.8808101 0 -0.4734696 0.8808101 0 -0.77031 0.6376697 0 -0.77031 0.6376697 0 -0.8829059 0.46955 0 -0.8829059 0.46955 0 -0.9569946 0.2901057 0 -0.9569946 0.2901057 0 -0.9952833 0.09701115 0 -0.9952833 0.09701115 0 -0.9952833 -0.09701115 0 -0.9952833 -0.09701115 -0 -0.9569946 -0.2901057 0 -0.9569946 -0.2901057 -0 -0.8829059 -0.46955 0 -0.8829059 -0.46955 -0 -0.77031 -0.6376697 0 -0.77031 -0.6376697 -0 -0.6346248 -0.7728204 0 -0.6346248 -0.7728204 0 -0.4734696 -0.8808101 0 -0.4734696 -0.8808101 0 -0.2901798 -0.9569722 0 -0.2901798 -0.9569722 0 -0.09694943 -0.9952893 0 -0.09694943 -0.9952893 0 0.09694342 -0.9952899 0 0.09694342 -0.9952899 0 0.2916014 -0.9565399 0 0.2916014 -0.9565399 0 0.4734696 -0.8808101 0 0.4734696 -0.8808101 0 0.6321189 -0.7748715 0 0.6321189 -0.7748715 0 0.7728204 -0.6346248 0 0.7728204 -0.6346248 0 0.8807842 -0.4735179 0 0.8807842 -0.4735179 0 0.9569946 -0.2901057 0 0.9569946 -0.2901057 0 0.9952893 -0.09694943 0 0.9952893 -0.09694943 0 0.9952893 0.09694943 -0 0.9952893 0.09694943 0 0.9569946 0.2901057 -0 0.9569946 0.2901057 0 0.8807842 0.4735179 -0 0.8807842 0.4735179 0 0.7728204 0.6346248 -0 0.7728204 0.6346248 0 0.6321189 0.7748715 0 0.6321189 0.7748715 0 0.4734696 0.8808101 0 0.4734696 0.8808101 0 0.09694342 0.9952899 0 0.09694342 0.9952899 0 0.2916014 0.9565399 0 0.2916014 0.9565399 0 -0.09694943 0.9952893 0 -0.09694943 0.9952893 0 -0.2901798 0.9569722 0 -0.2901798 0.9569722 0 -0.6346248 0.7728204 0 -0.6346248 0.7728204 0 -0.4734696 0.8808101 0 -0.4734696 0.8808101 0 -0.77031 0.6376697 0 -0.77031 0.6376697 0 -0.8829059 0.46955 0 -0.8829059 0.46955 0 -0.9569946 0.2901057 0 -0.9569946 0.2901057 0 -0.9952833 0.09701115 0 -0.9952833 0.09701115 0 -0.9952833 -0.09701115 0 -0.9952833 -0.09701115 -0 -0.9569946 -0.2901057 0 -0.9569946 -0.2901057 -0 -0.8829059 -0.46955 0 -0.8829059 -0.46955 -0 -0.77031 -0.6376697 0 -0.77031 -0.6376697 -0 -0.6346248 -0.7728204 0 -0.6346248 -0.7728204 0 -0.4734696 -0.8808101 0 -0.4734696 -0.8808101 0 -0.2901798 -0.9569722 0 -0.2901798 -0.9569722 0 -0.09694943 -0.9952893 0 -0.09694943 -0.9952893 0 0.09694342 -0.9952899 0 0.09694342 -0.9952899 0 0.2916014 -0.9565399 0 0.2916014 -0.9565399 0 0.4734696 -0.8808101 0 0.4734696 -0.8808101 0 0.6321189 -0.7748715 0 0.6321189 -0.7748715 0 0.7728204 -0.6346248 0 0.7728204 -0.6346248 0 0.8807842 -0.4735179 0 0.8807842 -0.4735179 0 0.9569946 -0.2901057 0 0.9569946 -0.2901057 0 0.9952893 -0.09694943 0 0.9952893 -0.09694943 0 0.9952893 0.09694943 -0 0.9952893 0.09694943 0 0.9569946 0.2901057 -0 0.9569946 0.2901057 0 0.8807842 0.4735179 -0 0.8807842 0.4735179 0 0.7728204 0.6346248 -0 0.7728204 0.6346248 0 0.6321189 0.7748715 0 0.6321189 0.7748715 0 0.4734696 0.8808101 0 0.4734696 0.8808101 0 0.09694342 0.9952899 0 0.09694342 0.9952899 0 0.2916014 0.9565399 0 0.2916014 0.9565399 0 0 -3.619257e-07 -1 0 -3.619257e-07 -1 0 0 1 0 0 1 0 0 1 0 0 1 0 0 1 0 0 1 0 0 1 0 0 1 0 0 1 0 0 1 0 0 1 0 0 1 0 0 1 0 0 1 0 0 1 0 0 1 0 0 1 0 0 1 0 0 1 0 0 1 0 0 1 0 0 1 0 0 1 0 0 1 0 0 1 0 0 1 0 -0 1 0 0 1 0 0 1 0 0 1 0 0 1 0 -0 1 0 0 1 0 0 1 0 0 1 0 0 1 0 0 1 0 0 1 0 0 1 0 0 1 0 0 1 0 0 1 0 0 1 0 0 1 0 0 1 0 0 1 0 -0 1 0 -0 1 0 -0 1 0 -0 1 0 -0 1 0 -0 1 0 0 1 0 0 1 0 0 1 0 0 1 0 0 1 0 0 1 0 0 1 0 0 1 0 0 1 0 0 1 0 0 1 0 0 1 0 0 1 0 0 1 0 0 1 0 0 1 0 0 1 0 0 1 0 0 1 0 0 1 0 0 1 0 0 1 0 0 1 0 0 1 0 0 1 0 0 1 0 -0 1 0 0 1 0 -0 1 0 0 1 0 -0 1 0 0 1 0 -0 1 0 0 1 0 0 1 0 0 1 0 0 1 0 0 1 0 0 1 0 0 1 0 0 1 0 0 1 0 0 1 0 0 1 0 0 1 0 0 1 0 0 1 0 0 1 0 0 1 0 0 1 0 0 1 0 0 1 0 0 1 0 0 1 0 0 1 0 0 1 0 0 1 0 0 1 0 0 1 0 0 1 0 0 1 0 0 1 0 0 1 0 0 1 0 0 1 0 -0 1 0 0 1 0 0 1 0 -0 1 0 0 1 0 0 1 0 0 1 0 0 1 0 0 1 0 0 1 0 0 1 0 0 1 0 0 1 0 0 1 0 0 1 0 0 1 0 0 1 0 0 1 0 0 1 0 0 1 0 0 1 0 0 1 0 -0 1 0 0 1 0 0 1 0 0 1 0 0 1 0 0 1 0 -0 1 0 0 1 0 0 1 0 0 1 0 0 1 0 0 1 0 0 1 0 0 1 0 0 1 0 0 1 -0 0 1 0 0 1 0 0 1 0 0 1 0 0 1 0 -0 1 0 0 1 0 0 1 0 0 1 0 0 1 0 0 1 0 0 1 0 0 1 0 0 1 0 -0 1 0 0 1 0 -0 1 0 0 1 0 -0 1 0 0 1 0 -0 1 0 0 1 0 -0 1 0 0 1 0 -0 1 0 0 1 0 0 1 0 0 1 0 0 1 0 0 1 0 0 1 0 0 1 0 0 1 0 0 1 0 0 1 0 0 1 0 0 1 0 0 1 0 0 1 0 0 1 0 0 1 0 0 1 0 0 1 0 0 1 0 0 1 0 0 1 0 0 1 0 0 1 0 0 1 0 0 1 -0 0 1 0 0 1 -0 0 1 -0 0 1 0 0 1 0 0 1 0 0 1 0 0 1 0 0 1 0 0 1 0 0 1 0 0 1 0 0 1 0 0 1 0 0 1 0 0 1 0 0 1 0 0 1 0 0 1 0 0 1 0 0 1 0 0 1 0 0 1 0 0 1 0 0 1 0 0 1 0 0 1 0 0 1 0 0 1 0 0 1 0 -0 1 0 -0 1 0 -0 1 0 -0 1 0 -0 1 0 -0 1 0 -0 1 0 -0 1 0 0 1 0 0 1 0 0 1 0 0 1 0 0 1 0 0 1 0 0 1 0 0 1 0 0 1 0 -0 1 0 -0 1 0 -0 1 0 -0 1 0 -0 1 0 -0 1 0 0 1 0 0 1 0 0 1 0 0 1 -0 0 1 0 0 1 0 0 1 0 0 1 0 0 1 0 0 1 -0 0 1 0 0 1 0 0 1 0 0 1 0 0 1 0 0 1 0 0 1 0 0 1 0 0 1 0 0 1 0 0 1 0 0 1 0 0 1 0 0 1 0 0 1 0 0 1 0 0 1 0 0 1 0 0 1 0 0 1 0 0 1 0 0 1 0 0 1 0 0 1 -0 0 1 0 0 1 0 0 1 0 0 1 0 0 1 0 0 1 0 0 1 0 0 1 0 0 1 0 0 1 0 0 1 0 0 1 0 0 1 0 0 1 0 0 1 0 0 1 0 0 1 0 0 1 0 0 1 -0 0 1 0 0 -1 0 0 -1 0 0 1 0 0 1 0 0 1 0 0 1 0 0 1 0 0 1 0 0 1 0 0 1 0 0 1 0 0 1 0 0 1 0 0 1 0 0 1 0 0 1 0 0 1 0 0 1 0 0 1 0 0 1 0 0 1 0 -0 1 0 0 1 -0 0 1 0 -0 1 0 -0 1 0 -0 1 0 -0 1 0 -0 1 0 -0 1 0 0 1 0 0 1 0 0 1 0 0 1 0 0 1 0 0 1 0 0 1 0 0 1 0 0 1 0 0 1 0 0 1 -0 0 1 0 -0 1 0 -0 1 0 0 1 0 0 1 0 0 1 0 0 1 0 0 1 0 0 1 0 0 1 0 0 1 0 -0 1 0 0 1 0 0 1 0 0 1 0 0 1 0 0 1 0 0 1 0 0 1 0 0 1 0 0 1 0 0 1 0 0 1 0 0 1 0 0 1 0 0 1 0 0 1 0 0 1 0 0 1 0 0 1 0 0 1 0 0 1 0 0 1 0 0 1 0 0 1 0 0 1 0 0 1 0 0 1 0 0 1 0 0 1 0 0 1 0 0 1 0 0 1 0 0 1 0 0 1 0 0 1 0 0 1 0 0 1 0 0 1 0 0 1 0 0 1 0 0 1 0 0 1 0 0 1 0 0 1 0 0 1 0 0 1 0 0 1 0 0 1 0 0 1 0 0 1 0 0 1 0 0 1 0 0 1 0 0 1 0 0 1 -0 0 1 0 0 -1 -0 0 -1 0 0 -1 0 0 -1 0 0 -1 0 0 -1 0 0 -1 0 0 -1 0 0 -1 0 0 -1 0 0 -1 0 0 -1 0 0 -1 0 -0 -1 0 0 -1 0 -0 -1 0 0 -1 0 -0 -1 0 0 -1 0 -0 -1 0 0 -1 0 -0 -1 0 0 -1 0 0 -1 0 0 -1 0 0 -1 0 0 -1 0 0 -1 0 0 -1 0 0 -1 0 0 -1 0 0 -1 0 0 -1 0 0 -1 0 0 -1 0 -0 -1 0 0 -1 0 -0 -1 0 0 -1 0 -0 -1 0 0 -1 0 -0 -1 0 0 -1 0 -0 -1 0 0 -1 0 0 -1 0 0 -1 0 0 -1 -0.1145769 0.9934144 0 -0.1145769 0.9934144 0 -0.5340806 0.8454336 0 -0.5340806 0.8454336 0 -0.3258032 0.9454376 0 -0.3258032 0.9454376 0 -0.707029 0.7071846 0 -0.707029 0.7071846 0 -0.9435036 0.3313624 0 -0.9435036 0.3313624 0 -0.8465438 0.532319 0 -0.8465438 0.532319 0 -0.9941037 0.1084335 0 -0.9941037 0.1084335 0 -0.9941037 -0.1084335 0 -0.9941037 -0.1084335 -0 -0.9435036 -0.3313624 0 -0.9435036 -0.3313624 -0 -0.8465438 -0.532319 0 -0.8465438 -0.532319 -0 -0.707029 -0.7071846 0 -0.707029 -0.7071846 -0 -0.5340806 -0.8454336 0 -0.5340806 -0.8454336 0 -0.3258032 -0.9454376 0 -0.3258032 -0.9454376 0 -0.1145769 -0.9934144 0 -0.1145769 -0.9934144 0 0.115307 -0.9933299 0 0.115307 -0.9933299 0 0.3258032 -0.9454376 0 0.3258032 -0.9454376 0 0.5340105 -0.8454778 0 0.5340105 -0.8454778 0 0.7071068 -0.7071068 0 0.7071068 -0.7071068 0 0.8465438 -0.532319 0 0.8465438 -0.532319 0 0.9434549 -0.331501 0 0.9434549 -0.331501 0 0.9934144 -0.1145769 0 0.9934144 -0.1145769 0 0.9434549 0.331501 -0 0.9434549 0.331501 0 0.9934144 0.1145769 -0 0.9934144 0.1145769 0 0.8465438 0.532319 -0 0.8465438 0.532319 0 0.5340105 0.8454778 0 0.5340105 0.8454778 0 0.7071068 0.7071068 -0 0.7071068 0.7071068 0 0.115307 0.9933299 0 0.115307 0.9933299 0 0.3258032 0.9454376 0 0.3258032 0.9454376 0 -0.1145769 0.9934144 0 -0.1145769 0.9934144 0 -0.5340806 0.8454336 0 -0.5340806 0.8454336 0 -0.3258032 0.9454376 0 -0.3258032 0.9454376 0 -0.707029 0.7071846 0 -0.707029 0.7071846 0 -0.9435036 0.3313624 0 -0.9435036 0.3313624 0 -0.8465438 0.532319 0 -0.8465438 0.532319 0 -0.9941037 0.1084335 0 -0.9941037 0.1084335 0 -0.9941037 -0.1084335 0 -0.9941037 -0.1084335 -0 -0.9435036 -0.3313624 0 -0.9435036 -0.3313624 -0 -0.8465438 -0.532319 0 -0.8465438 -0.532319 -0 -0.707029 -0.7071846 0 -0.707029 -0.7071846 -0 -0.5340806 -0.8454336 0 -0.5340806 -0.8454336 0 -0.3258032 -0.9454376 0 -0.3258032 -0.9454376 0 -0.1145769 -0.9934144 0 -0.1145769 -0.9934144 0 0.115307 -0.9933299 0 0.115307 -0.9933299 0 0.3258032 -0.9454376 0 0.3258032 -0.9454376 0 0.5340105 -0.8454778 0 0.5340105 -0.8454778 0 0.7071068 -0.7071068 0 0.7071068 -0.7071068 0 0.8465438 -0.532319 0 0.8465438 -0.532319 0 0.9434549 -0.331501 0 0.9434549 -0.331501 0 0.9934144 -0.1145769 0 0.9934144 -0.1145769 0 0.9434549 0.331501 -0 0.9434549 0.331501 0 0.9934144 0.1145769 -0 0.9934144 0.1145769 0 0.8465438 0.532319 -0 0.8465438 0.532319 0 0.5340105 0.8454778 0 0.5340105 0.8454778 0 0.7071068 0.7071068 -0 0.7071068 0.7071068 0 0.115307 0.9933299 0 0.115307 0.9933299 0 0.3258032 0.9454376 0 0.3258032 0.9454376 0 -0.1145769 0.9934144 0 -0.1145769 0.9934144 0 -0.5340806 0.8454336 0 -0.5340806 0.8454336 0 -0.3258032 0.9454376 0 -0.3258032 0.9454376 0 -0.707029 0.7071846 0 -0.707029 0.7071846 0 -0.9435036 0.3313624 0 -0.9435036 0.3313624 0 -0.8465438 0.532319 0 -0.8465438 0.532319 0 -0.9941037 0.1084335 0 -0.9941037 0.1084335 0 -0.9941037 -0.1084335 0 -0.9941037 -0.1084335 -0 -0.9435036 -0.3313624 0 -0.9435036 -0.3313624 -0 -0.8465438 -0.532319 0 -0.8465438 -0.532319 -0 -0.707029 -0.7071846 0 -0.707029 -0.7071846 -0 -0.5340806 -0.8454336 0 -0.5340806 -0.8454336 0 -0.3258032 -0.9454376 0 -0.3258032 -0.9454376 0 -0.1145769 -0.9934144 0 -0.1145769 -0.9934144 0 0.115307 -0.9933299 0 0.115307 -0.9933299 0 0.3258032 -0.9454376 0 0.3258032 -0.9454376 0 0.5340105 -0.8454778 0 0.5340105 -0.8454778 0 0.7071068 -0.7071068 0 0.7071068 -0.7071068 0 0.8465438 -0.532319 0 0.8465438 -0.532319 0 0.9434549 -0.331501 0 0.9434549 -0.331501 0 0.9934144 -0.1145769 0 0.9934144 -0.1145769 0 0.9434549 0.331501 -0 0.9434549 0.331501 0 0.9934144 0.1145769 -0 0.9934144 0.1145769 0 0.8465438 0.532319 -0 0.8465438 0.532319 0 0.5340105 0.8454778 0 0.5340105 0.8454778 0 0.7071068 0.7071068 -0 0.7071068 0.7071068 0 0.115307 0.9933299 0 0.115307 0.9933299 0 0.3258032 0.9454376 0 0.3258032 0.9454376 0 -0.1145769 0.9934144 0 -0.1145769 0.9934144 0 -0.5340806 0.8454336 0 -0.5340806 0.8454336 0 -0.3258032 0.9454376 0 -0.3258032 0.9454376 0 -0.707029 0.7071846 0 -0.707029 0.7071846 0 -0.9435036 0.3313624 0 -0.9435036 0.3313624 0 -0.8465438 0.532319 0 -0.8465438 0.532319 0 -0.9941037 0.1084335 0 -0.9941037 0.1084335 0 -0.9941037 -0.1084335 0 -0.9941037 -0.1084335 -0 -0.9435036 -0.3313624 0 -0.9435036 -0.3313624 -0 -0.8465438 -0.532319 0 -0.8465438 -0.532319 -0 -0.707029 -0.7071846 0 -0.707029 -0.7071846 -0 -0.5340806 -0.8454336 0 -0.5340806 -0.8454336 0 -0.3258032 -0.9454376 0 -0.3258032 -0.9454376 0 -0.1145769 -0.9934144 0 -0.1145769 -0.9934144 0 0.115307 -0.9933299 0 0.115307 -0.9933299 0 0.3258032 -0.9454376 0 0.3258032 -0.9454376 0 0.5340105 -0.8454778 0 0.5340105 -0.8454778 0 0.7071068 -0.7071068 0 0.7071068 -0.7071068 0 0.8465438 -0.532319 0 0.8465438 -0.532319 0 0.9434549 -0.331501 0 0.9434549 -0.331501 0 0.9934144 -0.1145769 0 0.9934144 -0.1145769 0 0.9434549 0.331501 -0 0.9434549 0.331501 0 0.9934144 0.1145769 -0 0.9934144 0.1145769 0 0.8465438 0.532319 -0 0.8465438 0.532319 0 0.5340105 0.8454778 0 0.5340105 0.8454778 0 0.7071068 0.7071068 -0 0.7071068 0.7071068 0 0.115307 0.9933299 0 0.115307 0.9933299 0 0.3258032 0.9454376 0 0.3258032 0.9454376 0 0 -1 0 0 -1 0 0 -1 0 0 -1 -0 -0.7071068 -0.7071068 0 -0.7071068 -0.7071068 -0 -1 0 0 -1 -0 -0 -1 0 0 -1 -0 0 -0.7071068 0.7071068 0 -0.7071068 0.7071068 0 0 1 0 0 1 0 0.7071068 0.7071068 -0 0.7071068 0.7071068 0 1 0 0 1 0 0 0.7071068 -0.7071068 0 0.7071068 -0.7071068 0 0 0 -1 0 0 -1 0 0 -1 0 0 -1 0 0 -1 0 0 -1 0 0 -1 -0 -0 -1 0 0 -1 0 -0 -1 0 0 -1 0 0 -1 0 0 -1 0 0 -1 -0 -0 -1 0 0 -1 0 0 -1 0 0 -1 0 0 -1 0 0 -1 0 0 -1 0 0 -1 0 0 -1 0 0 -1 0 0 -1 0 0 -1 0 0 -1 0 0 -1 0 0 -1 0 0 -1 0 0 -1 0 0 -1 0 0 -1 0 0 -1 0 0 -1 0 0 -1 0 0 -1 0 0 -1 0 0 -1 0 0 -1 0 0 -1 0 0 -1 0 0 -1 0 0 -1 0 0 -1 0 -0 -1 0 -0 -1 0 -0 -1 0 0 -1 0 0 -1 0 0 -1 0 0 -1 0 0 -1 0 0 -1 0 0 -1 0 0 -1 0 0 -1 0 0 -1 0 0 -1 0 0 -1 0 0 -1 0 0 -1 -0 -0 -1 0 0 -1 -0 -0 -1 0 0 -1 0 0 -1 0 0 -1 0 0 -1 -0 -0 -1 0 0 -1 0 0 -1 0 0 -1 0 0 -1 0 0 -1 0 0 -1 0 0 -1 0 0 -1 0 0 -1 0 0 -1 0 0 -1 0 0 -1 0 0 -1 0 -0 -1 0 0 -1 0 0 -1 0 0 -1 0 0 -1 0 0 -1 0 -0 -1 0 -0 -1 0 -0 -1 0 0 -1 0 -0 -1 0 -0 -1 0 -0 -1 0 -0 -1 0 0 -1 0 0 -1 0 0 -1 0 0 -1 0 0 -1 0 0 -1 0 0 -1 0 -0 -1 0 0 -1 0 -0 -1 0 0 -1 0 0 -1 0 0 -1 0 0 -1 0 0 -1 0 0 -1 0 0 -1 0 0 -1 0 0 -1 0 0 -1 0 -0 -1 0 0 -1 0 0 -1 0 0 -1 0 0 -1 0 0 -1 0 0 -1 0 0 -1 0 0 -1 0 0 -1 0 0 -1 0 0 -1 0 0 -1 -0 0 -1 0 0 -1 0 -0 -1 0 0 -1 0 0 -1 0 0 -1 0 0 -1 0 0 -1 0 0 -1 0 0 -1 0 0 -1 0 0 -1 0 0 -1 0 0 -1 0 0 -1 0 0 -1 0 0 -1 -0 0 -1 0 0 -1 0 0 -1 0 0 -1 0 0 -1 0 0 -1 0 0 -1 0 0 -1 0 0 -1 0 0 -1 0 0 -1 0 -0 -1 0 0 -1 0 -0 -1 0 -0 -1 0 -0 -1 0 -0 -1 -0 0 -1 0 0 -1 0 0 -1 0 0 -1 0 0 -1 0 0 -1 0 0 -1 0 0 -1 0 0 -1 0 0 -1 0 0 -1 0 0 -1 0 0 -1 0 0 -1 -0 0 -1 0 0 -1 0 0 -1 0 0 -1 0 0 1 0 0 1 0 0 1 0 0 1 0 0 1 0 0 1 0 0 1 0 0 1 0 0 1 0 0 1 0 0 1 0 0 1 0 0 1 0 0 1 0 0 1 0 0 1 0 0 1 0 0 1 0 0 1 0 0 1 0 0 1 0 0 1 0 0 1 0 0 1 0 0 1 0 0 1 0 0 1 0 0 1 0 0 1 0 0 1 0 0 1 0 0 1 0 0 1 0 0 1 0 0 1 0 0 1 0 0 1 0 0 1 0 0 1 0 0 1 0 0 1 0 0 1 0 0 1 0 0 1 0 0 1 0 0 1 0 0 1 0 0 1 0 0 1 0 0 1 0 0 1 0 0 1 0 0 1 0 0 1 0 -0 1 0 0 1 0 0 1 0 0 1 0 -0 1 0 0 1 0 0 1 0 0 1 0 0 1 0 0 1 0 0 1 0 0 1 0 0 1 0 0 1 0 0 1 -0 0 1 0 0 1 0 0 1 0 -0 1 0 0 1 0 -0 1 0 0 1 0 -0 1 0 0 1 0 -0 1 0 0 1 0 0 1 0 -0 1 0 -0 1 0 0 1 0 -0 1 0 0 1 0 -0 1 0 0 1 0 -0 1 0 0 1 0 -0 1 0 0 1 0 0 1 0 0 1 0 0 1 0 0 1 0 0 1 0 0 1 0 0 1 0 0 1 0 0 1 0 0 1 0 0 1 0 0 1 0 -0 1 0 0 1 0 0 1 0 -0 1 0 0 1 0 0 1 0 0 1 0 -0 1 0 0 1 0 0 1 0 -0 1 0 0 1 0 0 1 0 0 1 0 -0 1 0 0 1 0 0 1 0 0 1 0 0 1 0 0 1 0 0 1 0 0 1 0 0 1 0 0 1 0 0 1 -0 0 1 0 0 1 0 0 1 0 -0 1 0 0 1 0 -0 1 0 0 1 0 -0 1 0 0 1 0 -0 1 0 0 1 0 0 1 0 -0 1 0 -0 1 0 0 1 0 -0 1 0 0 1 0 -0 1 0 0 1 0 -0 1 0 0 1 0 -0 1 0 0 1 0 0 1 0 0 1 0 0 1 0 0 1 0 0 1 0 0 1 0 0 1 0 0 1 0 0 1 0 0 1 0 0 1 0 0 1 0 -0 1 0 0 1 0 0 1 0 -0 1 0 0 1 0 0 1 0 0 1 0 -0 1 0 0 1 0 0 1 0 -0 1 0 0 1 0 0 1 0 0 1 0 -0 1 0 0 1 0 0 1 0 0 1 0 0 1 0 0 1 0 0 1 0 0 1 0 0 1 0 0 1 0 0 1 -0 0 1 0 0 1 0 0 1 0 -0 1 0 0 1 0 -0 1 0 0 1 0 -0 1 0 0 1 0 -0 1 0 0 1 0 0 1 0 -0 1 0 -0 1 0 0 1 0 -0 1 0 0 1 0 -0 1 0 0 1 0 -0 1 0 0 1 0 -0 1 0 0 1 0 0 1 0 0 1 0 0 1 0 0 1 0 0 1 0 0 1 0 0 1 0 0 1 0 0 1 0 0 1 0 0 1 0 0 1 0 -0 1 0 0 1 0 0 1 0 -0 1 0 0 1 0 0 1 0 0 1 0 -0 1 0 0 1 0 0 1 0 -0 1 0 0 1 0 0 1 0 0 1 0 -0 1 0 0 1 0 0 1 0 0 1 0 0 1 0 0 1 0 0 1 0 0 1 0 0 1 0 0 1 0 0 1 -0 0 1 0 0 1 0 0 1 0 -0 1 0 0 1 0 -0 1 0 0 1 0 -0 1 0 0 1 0 -0 1 0 0 1 0 0 1 0 -0 1 0 -0 1 0 0 1 0 -0 1 0 0 1 0 -0 1 0 0 1 0 -0 1 0 0 1 0 -0 1 0 0 1 0 0 1 0 0 1 0 0 1 0 0 1 0 0 1 0 0 1 0 0 1 0 0 1 0 0 1 0 0 1 0 0 1 0 0 1 0 -0 1 0 0 1 0 0 1 0 -0 1 0 0 1 0 0 1 0 0 1 0 -0 1 -0.1145769 0.9934144 0 -0.1145769 0.9934144 0 -0.5340806 0.8454336 0 -0.5340806 0.8454336 0 -0.3258032 0.9454376 0 -0.3258032 0.9454376 0 -0.707029 0.7071846 0 -0.707029 0.7071846 0 -0.9435036 0.3313624 0 -0.9435036 0.3313624 0 -0.8465438 0.532319 0 -0.8465438 0.532319 0 -0.9941037 0.1084335 0 -0.9941037 0.1084335 0 -0.9941037 -0.1084335 0 -0.9941037 -0.1084335 -0 -0.9435036 -0.3313624 0 -0.9435036 -0.3313624 -0 -0.8465438 -0.532319 0 -0.8465438 -0.532319 -0 -0.707029 -0.7071846 0 -0.707029 -0.7071846 -0 -0.5340806 -0.8454336 0 -0.5340806 -0.8454336 0 -0.3258032 -0.9454376 0 -0.3258032 -0.9454376 0 -0.1145769 -0.9934144 0 -0.1145769 -0.9934144 0 0.115307 -0.9933299 0 0.115307 -0.9933299 0 0.3258032 -0.9454376 0 0.3258032 -0.9454376 0 0.5340105 -0.8454778 0 0.5340105 -0.8454778 0 0.7071068 -0.7071068 0 0.7071068 -0.7071068 0 0.8465438 -0.532319 0 0.8465438 -0.532319 0 0.9434549 -0.331501 0 0.9434549 -0.331501 0 0.9934144 -0.1145769 0 0.9934144 -0.1145769 0 0.9434549 0.331501 -0 0.9434549 0.331501 0 0.9934144 0.1145769 -0 0.9934144 0.1145769 0 0.8465438 0.532319 -0 0.8465438 0.532319 0 0.5340105 0.8454778 0 0.5340105 0.8454778 0 0.7071068 0.7071068 -0 0.7071068 0.7071068 0 0.115307 0.9933299 0 0.115307 0.9933299 0 0.3258032 0.9454376 0 0.3258032 0.9454376 0 -0.1145769 0.9934144 0 -0.1145769 0.9934144 0 -0.5340806 0.8454336 0 -0.5340806 0.8454336 0 -0.3258032 0.9454376 0 -0.3258032 0.9454376 0 -0.707029 0.7071846 0 -0.707029 0.7071846 0 -0.9435036 0.3313624 0 -0.9435036 0.3313624 0 -0.8465438 0.532319 0 -0.8465438 0.532319 0 -0.9941037 0.1084335 0 -0.9941037 0.1084335 0 -0.9941037 -0.1084335 0 -0.9941037 -0.1084335 -0 -0.9435036 -0.3313624 0 -0.9435036 -0.3313624 -0 -0.8465438 -0.532319 0 -0.8465438 -0.532319 -0 -0.707029 -0.7071846 0 -0.707029 -0.7071846 -0 -0.5340806 -0.8454336 0 -0.5340806 -0.8454336 0 -0.3258032 -0.9454376 0 -0.3258032 -0.9454376 0 -0.1145769 -0.9934144 0 -0.1145769 -0.9934144 0 0.115307 -0.9933299 0 0.115307 -0.9933299 0 0.3258032 -0.9454376 0 0.3258032 -0.9454376 0 0.5340105 -0.8454778 0 0.5340105 -0.8454778 0 0.7071068 -0.7071068 0 0.7071068 -0.7071068 0 0.8465438 -0.532319 0 0.8465438 -0.532319 0 0.9434549 -0.331501 0 0.9434549 -0.331501 0 0.9934144 -0.1145769 0 0.9934144 -0.1145769 0 0.9434549 0.331501 -0 0.9434549 0.331501 0 0.9934144 0.1145769 -0 0.9934144 0.1145769 0 0.8465438 0.532319 -0 0.8465438 0.532319 0 0.5340105 0.8454778 0 0.5340105 0.8454778 0 0.7071068 0.7071068 -0 0.7071068 0.7071068 0 0.115307 0.9933299 0 0.115307 0.9933299 0 0.3258032 0.9454376 0 0.3258032 0.9454376 0 -0.09694943 0.9952893 0 -0.09694943 0.9952893 0 -0.2901971 0.9569669 0 -0.2901971 0.9569669 0 -0.6346862 0.77277 0 -0.6346862 0.77277 0 -0.4734178 0.880838 0 -0.4734178 0.880838 0 -0.77031 0.6376697 0 -0.77031 0.6376697 0 -0.88288 0.4695985 0 -0.88288 0.4695985 0 -0.9569774 0.2901626 0 -0.9569774 0.2901626 0 -0.9952893 0.09694943 0 -0.9952893 0.09694943 0 -0.9952893 -0.09694943 0 -0.9952893 -0.09694943 -0 -0.9569774 -0.2901626 0 -0.9569774 -0.2901626 -0 -0.88288 -0.4695985 0 -0.88288 -0.4695985 -0 -0.77031 -0.6376697 0 -0.77031 -0.6376697 -0 -0.6346862 -0.77277 0 -0.6346862 -0.77277 0 -0.4734178 -0.880838 0 -0.4734178 -0.880838 0 -0.2901971 -0.9569669 0 -0.2901971 -0.9569669 0 -0.09694943 -0.9952893 0 -0.09694943 -0.9952893 0 0.09694943 -0.9952893 0 0.09694943 -0.9952893 0 0.291584 -0.9565452 0 0.291584 -0.9565452 0 0.4734696 -0.8808101 0 0.4734696 -0.8808101 0 0.6321189 -0.7748715 0 0.6321189 -0.7748715 0 0.7728204 -0.6346248 0 0.7728204 -0.6346248 0 0.8808101 -0.4734696 0 0.8808101 -0.4734696 0 0.9569774 -0.2901626 0 0.9569774 -0.2901626 0 0.9952893 -0.09694943 0 0.9952893 -0.09694943 0 0.9952893 0.09694943 -0 0.9952893 0.09694943 0 0.9569774 0.2901626 -0 0.9569774 0.2901626 0 0.8808101 0.4734696 -0 0.8808101 0.4734696 0 0.7728204 0.6346248 -0 0.7728204 0.6346248 0 0.6321189 0.7748715 0 0.6321189 0.7748715 0 0.4734696 0.8808101 0 0.4734696 0.8808101 0 0.09694943 0.9952893 0 0.09694943 0.9952893 0 0.291584 0.9565452 0 0.291584 0.9565452 0 -0.09694943 0.9952893 0 -0.09694943 0.9952893 0 -0.2901971 0.9569669 0 -0.2901971 0.9569669 0 -0.6346862 0.77277 0 -0.6346862 0.77277 0 -0.4734178 0.880838 0 -0.4734178 0.880838 0 -0.77031 0.6376697 0 -0.77031 0.6376697 0 -0.88288 0.4695985 0 -0.88288 0.4695985 0 -0.9569774 0.2901626 0 -0.9569774 0.2901626 0 -0.9952893 0.09694943 0 -0.9952893 0.09694943 0 -0.9952893 -0.09694943 0 -0.9952893 -0.09694943 -0 -0.9569774 -0.2901626 0 -0.9569774 -0.2901626 -0 -0.88288 -0.4695985 0 -0.88288 -0.4695985 -0 -0.77031 -0.6376697 0 -0.77031 -0.6376697 -0 -0.6346862 -0.77277 0 -0.6346862 -0.77277 0 -0.4734178 -0.880838 0 -0.4734178 -0.880838 0 -0.2901971 -0.9569669 0 -0.2901971 -0.9569669 0 -0.09694943 -0.9952893 0 -0.09694943 -0.9952893 0 0.09694943 -0.9952893 0 0.09694943 -0.9952893 0 0.291584 -0.9565452 0 0.291584 -0.9565452 0 0.4734696 -0.8808101 0 0.4734696 -0.8808101 0 0.6321189 -0.7748715 0 0.6321189 -0.7748715 0 0.7728204 -0.6346248 0 0.7728204 -0.6346248 0 0.8808101 -0.4734696 0 0.8808101 -0.4734696 0 0.9569774 -0.2901626 0 0.9569774 -0.2901626 0 0.9952893 -0.09694943 0 0.9952893 -0.09694943 0 0.9952893 0.09694943 -0 0.9952893 0.09694943 0 0.9569774 0.2901626 -0 0.9569774 0.2901626 0 0.8808101 0.4734696 -0 0.8808101 0.4734696 0 0.7728204 0.6346248 -0 0.7728204 0.6346248 0 0.6321189 0.7748715 0 0.6321189 0.7748715 0 0.4734696 0.8808101 0 0.4734696 0.8808101 0 0.09694943 0.9952893 0 0.09694943 0.9952893 0 0.291584 0.9565452 0 0.291584 0.9565452 0 -0.09694943 0.9952893 0 -0.09694943 0.9952893 0 -0.2901971 0.9569669 0 -0.2901971 0.9569669 0 -0.6346862 0.77277 0 -0.6346862 0.77277 0 -0.4734178 0.880838 0 -0.4734178 0.880838 0 -0.77031 0.6376697 0 -0.77031 0.6376697 0 -0.88288 0.4695985 0 -0.88288 0.4695985 0 -0.9569774 0.2901626 0 -0.9569774 0.2901626 0 -0.9952893 0.09694943 0 -0.9952893 0.09694943 0 -0.9952893 -0.09694943 0 -0.9952893 -0.09694943 -0 -0.9569774 -0.2901626 0 -0.9569774 -0.2901626 -0 -0.88288 -0.4695985 0 -0.88288 -0.4695985 -0 -0.77031 -0.6376697 0 -0.77031 -0.6376697 -0 -0.6346862 -0.77277 0 -0.6346862 -0.77277 0 -0.4734178 -0.880838 0 -0.4734178 -0.880838 0 -0.2901971 -0.9569669 0 -0.2901971 -0.9569669 0 -0.09694943 -0.9952893 0 -0.09694943 -0.9952893 0 0.09694943 -0.9952893 0 0.09694943 -0.9952893 0 0.291584 -0.9565452 0 0.291584 -0.9565452 0 0.4734696 -0.8808101 0 0.4734696 -0.8808101 0 0.6321189 -0.7748715 0 0.6321189 -0.7748715 0 0.7728204 -0.6346248 0 0.7728204 -0.6346248 0 0.8808101 -0.4734696 0 0.8808101 -0.4734696 0 0.9569774 -0.2901626 0 0.9569774 -0.2901626 0 0.9952893 -0.09694943 0 0.9952893 -0.09694943 0 0.9952893 0.09694943 -0 0.9952893 0.09694943 0 0.9569774 0.2901626 -0 0.9569774 0.2901626 0 0.8808101 0.4734696 -0 0.8808101 0.4734696 0 0.7728204 0.6346248 -0 0.7728204 0.6346248 0 0.6321189 0.7748715 0 0.6321189 0.7748715 0 0.4734696 0.8808101 0 0.4734696 0.8808101 0 0.09694943 0.9952893 0 0.09694943 0.9952893 0 0.291584 0.9565452 0 0.291584 0.9565452 0 -0.09694943 0.9952893 0 -0.09694943 0.9952893 0 -0.2901971 0.9569669 0 -0.2901971 0.9569669 0 -0.6346862 0.77277 0 -0.6346862 0.77277 0 -0.4734178 0.880838 0 -0.4734178 0.880838 0 -0.77031 0.6376697 0 -0.77031 0.6376697 0 -0.88288 0.4695985 0 -0.88288 0.4695985 0 -0.9569774 0.2901626 0 -0.9569774 0.2901626 0 -0.9952893 0.09694943 0 -0.9952893 0.09694943 0 -0.9952893 -0.09694943 0 -0.9952893 -0.09694943 -0 -0.9569774 -0.2901626 0 -0.9569774 -0.2901626 -0 -0.88288 -0.4695985 0 -0.88288 -0.4695985 -0 -0.77031 -0.6376697 0 -0.77031 -0.6376697 -0 -0.6346862 -0.77277 0 -0.6346862 -0.77277 0 -0.4734178 -0.880838 0 -0.4734178 -0.880838 0 -0.2901971 -0.9569669 0 -0.2901971 -0.9569669 0 -0.09694943 -0.9952893 0 -0.09694943 -0.9952893 0 0.09694943 -0.9952893 0 0.09694943 -0.9952893 0 0.291584 -0.9565452 0 0.291584 -0.9565452 0 0.4734696 -0.8808101 0 0.4734696 -0.8808101 0 0.6321189 -0.7748715 0 0.6321189 -0.7748715 0 0.7728204 -0.6346248 0 0.7728204 -0.6346248 0 0.8808101 -0.4734696 0 0.8808101 -0.4734696 0 0.9569774 -0.2901626 0 0.9569774 -0.2901626 0 0.9952893 -0.09694943 0 0.9952893 -0.09694943 0 0.9952893 0.09694943 -0 0.9952893 0.09694943 0 0.9569774 0.2901626 -0 0.9569774 0.2901626 0 0.8808101 0.4734696 -0 0.8808101 0.4734696 0 0.7728204 0.6346248 -0 0.7728204 0.6346248 0 0.6321189 0.7748715 0 0.6321189 0.7748715 0 0.4734696 0.8808101 0 0.4734696 0.8808101 0 0.09694943 0.9952893 0 0.09694943 0.9952893 0 0.291584 0.9565452 0 0.291584 0.9565452 0 0 0 -1 0 0 -1 0 0 1 0 0 1 0 0 1 0 0 1 0 0 1 0 0 1 0 0 1 0 0 1 0 0 1 0 0 1 0 0 1 0 0 1 0 0 1 0 0 1 0 -0 1 0 0 1 0 0 1 0 0 1 -0 0 1 0 0 1 0 -5.833707e-08 -1 0 -5.833707e-08 -1 0 0 1 0 0 1 0 0 1 0 0 1 0 0 1 0 0 1 0 0 1 0 0 1 0 0 1 0 0 1 0 0 1 0 0 1 0 0 1 0 0 1 0 0 1 0 0 1 0 0 1 0 0 1 0 0 1 0 0 1 0 0 1 0 0 1 0 0 1 0 0 1 0 0 1 0 0 1 0 -0 1 0 0 1 0 0 1 0 0 1 0 0 1 0 -0 1 0 0 1 0 0 1 0 0 1 0 0 1 0 0 1 0 0 1 0 0 1 0 0 1 0 0 1 0 0 1 0 0 1 0 0 1 0 0 1 0 0 1 0 -0 1 0 -0 1 0 -0 1 0 -0 1 0 -0 1 -0 0 1 0 0 1 0 0 1 0 0 1 0 0 1 0 0 1 0 0 1 0 0 1 0 0 1 0 0 1 0 0 1 0 0 1 0 0 1 0 0 1 0 0 1 0 0 1 0 0 1 0 0 1 0 0 1 0 0 1 0 0 1 0 0 1 0 0 1 0 0 1 0 0 1 0 0 1 0 0 1 0 0 1 0 -0 1 0 0 1 0 -0 1 0 0 1 0 0 1 0 0 1 0 0 1 0 0 1 0 0 1 0 0 1 0 0 1 0 0 1 0 0 1 -0 0 1 0 0 1 0 0 1 0 0 1 0 0 1 0 0 1 0 0 1 0 0 1 0 0 1 0 0 1 0 0 1 0 0 1 0 0 1 0 0 1 0 0 1 -0 0 1 0 0 1 0 0 1 0 0 1 0 0 1 0 -0 1 0 0 1 0 0 1 0 0 1 0 0 1 0 0 1 0 0 1 0 0 1 0 0 1 -0 0 1 0 0 -1 0 0 -1 0 0 -1 0 0 -1 0 0 -1 0 0 -1 0 0 -1 0 0 -1 0 0 -1 0 0 -1 0 0 -1 0 0 -1 0 0 -1 0 -0 -1 0 0 -1 0 -0 -1 0 0 -1 0 -0 -1 0 0 -1 0 -0 -1 0 0 -1 0 -0 -1 0 0 -1 0 -0 -1 0 0 -1 0 0 -1 0 0 -1 0 0 -1 0 0 -1 0 0 -1 0 0 -1 0 0 -1 0 0 -1 0 0 -1 0 0 -1 0 0 -1 0 0 -1 0 0 -1 0 0 -1 0 0 -1 0 0 -1 0 -0 -1 0 0 -1 0 -0 -1 0 0 -1 0 -0 -1 0 0 -1 0 -0 -1 0 0 -1 0 -0 -1 0 0 -1 0 -0 -1 0 0 -1 0 -0 -1 0 0 -1 0 0 -1 -0.9918169 0.1276687 0 -0.9918169 0.1276687 0 -0.9237373 0.3830265 0 -0.9237373 0.3830265 0 -0.7945656 0.6071784 0 -0.7945656 0.6071784 0 -0.6072089 0.7945423 0 -0.6072089 0.7945423 0 -0.3829616 0.9237642 0 -0.3829616 0.9237642 0 -0.1277822 0.9918023 0 -0.1277822 0.9918023 0 0.1277589 0.9918053 0 0.1277589 0.9918053 0 0.3830265 0.9237373 0 0.3830265 0.9237373 0 0.6107557 0.7918192 0 0.6107557 0.7918192 0 0.7945656 0.6071784 -0 0.7945656 0.6071784 0 0.9237373 0.3830265 -0 0.9237373 0.3830265 0 0.9908381 0.135056 -0 0.9908381 0.135056 0 0.9908363 -0.1350682 0 0.9908363 -0.1350682 0 0.9237373 -0.3830265 0 0.9237373 -0.3830265 0 0.7945656 -0.6071784 0 0.7945656 -0.6071784 0 0.6107557 -0.7918192 0 0.6107557 -0.7918192 0 0.3830265 -0.9237373 0 0.3830265 -0.9237373 0 0.1277589 -0.9918053 0 0.1277589 -0.9918053 0 -0.1277822 -0.9918023 0 -0.1277822 -0.9918023 0 -0.3829616 -0.9237642 0 -0.3829616 -0.9237642 0 -0.6072089 -0.7945423 0 -0.6072089 -0.7945423 0 -0.7945656 -0.6071784 0 -0.7945656 -0.6071784 -0 -0.9237373 -0.3830265 0 -0.9237373 -0.3830265 -0 -0.9918154 -0.1276803 0 -0.9918154 -0.1276803 -0 -0.9918169 0.1276687 0 -0.9918169 0.1276687 0 -0.9237373 0.3830265 0 -0.9237373 0.3830265 0 -0.7945656 0.6071784 0 -0.7945656 0.6071784 0 -0.6072089 0.7945423 0 -0.6072089 0.7945423 0 -0.3829616 0.9237642 0 -0.3829616 0.9237642 0 -0.1277822 0.9918023 0 -0.1277822 0.9918023 0 0.1277589 0.9918053 0 0.1277589 0.9918053 0 0.3830265 0.9237373 0 0.3830265 0.9237373 0 0.6107557 0.7918192 0 0.6107557 0.7918192 0 0.7945656 0.6071784 -0 0.7945656 0.6071784 0 0.9237373 0.3830265 -0 0.9237373 0.3830265 0 0.9908381 0.135056 -0 0.9908381 0.135056 0 0.9908363 -0.1350682 0 0.9908363 -0.1350682 0 0.9237373 -0.3830265 0 0.9237373 -0.3830265 0 0.7945656 -0.6071784 0 0.7945656 -0.6071784 0 0.6107557 -0.7918192 0 0.6107557 -0.7918192 0 0.3830265 -0.9237373 0 0.3830265 -0.9237373 0 0.1277589 -0.9918053 0 0.1277589 -0.9918053 0 -0.1277822 -0.9918023 0 -0.1277822 -0.9918023 0 -0.3829616 -0.9237642 0 -0.3829616 -0.9237642 0 -0.6072089 -0.7945423 0 -0.6072089 -0.7945423 0 -0.7945656 -0.6071784 0 -0.7945656 -0.6071784 -0 -0.9237373 -0.3830265 0 -0.9237373 -0.3830265 -0 -0.9918154 -0.1276803 0 -0.9918154 -0.1276803 -0 -0.9918053 0.1277589 0 -0.9918053 0.1277589 0 -0.9237373 0.3830265 0 -0.9237373 0.3830265 0 -0.7946097 0.6071206 0 -0.7946097 0.6071206 0 -0.6071206 0.7946097 0 -0.6071206 0.7946097 0 -0.3830265 0.9237373 0 -0.3830265 0.9237373 0 -0.1277705 0.9918037 0 -0.1277705 0.9918037 0 0.1277589 0.9918053 0 0.1277589 0.9918053 0 0.3830265 0.9237373 0 0.3830265 0.9237373 0 0.6107557 0.7918192 0 0.6107557 0.7918192 0 0.7946097 0.6071206 -0 0.7946097 0.6071206 0 0.9237373 0.3830265 -0 0.9237373 0.3830265 0 0.9908257 0.1351459 -0 0.9908257 0.1351459 0 0.990824 -0.1351582 0 0.990824 -0.1351582 0 0.9237373 -0.3830265 0 0.9237373 -0.3830265 0 0.7946097 -0.6071206 0 0.7946097 -0.6071206 0 0.6107557 -0.7918192 0 0.6107557 -0.7918192 0 0.3830265 -0.9237373 0 0.3830265 -0.9237373 0 0.1277589 -0.9918053 0 0.1277589 -0.9918053 0 -0.1277705 -0.9918037 0 -0.1277705 -0.9918037 0 -0.3830265 -0.9237373 0 -0.3830265 -0.9237373 0 -0.6071206 -0.7946097 0 -0.6071206 -0.7946097 0 -0.7946097 -0.6071206 0 -0.7946097 -0.6071206 -0 -0.9237373 -0.3830265 0 -0.9237373 -0.3830265 -0 -0.9918037 -0.1277705 0 -0.9918037 -0.1277705 -0 -0.9918053 0.1277589 0 -0.9918053 0.1277589 0 -0.9237373 0.3830265 0 -0.9237373 0.3830265 0 -0.7946097 0.6071206 0 -0.7946097 0.6071206 0 -0.6071206 0.7946097 0 -0.6071206 0.7946097 0 -0.3830265 0.9237373 0 -0.3830265 0.9237373 0 -0.1277705 0.9918037 0 -0.1277705 0.9918037 0 0.1277589 0.9918053 0 0.1277589 0.9918053 0 0.3830265 0.9237373 0 0.3830265 0.9237373 0 0.6107557 0.7918192 0 0.6107557 0.7918192 0 0.7946097 0.6071206 -0 0.7946097 0.6071206 0 0.9237373 0.3830265 -0 0.9237373 0.3830265 0 0.9908257 0.1351459 -0 0.9908257 0.1351459 0 0.990824 -0.1351582 0 0.990824 -0.1351582 0 0.9237373 -0.3830265 0 0.9237373 -0.3830265 0 0.7946097 -0.6071206 0 0.7946097 -0.6071206 0 0.6107557 -0.7918192 0 0.6107557 -0.7918192 0 0.3830265 -0.9237373 0 0.3830265 -0.9237373 0 0.1277589 -0.9918053 0 0.1277589 -0.9918053 0 -0.1277705 -0.9918037 0 -0.1277705 -0.9918037 0 -0.3830265 -0.9237373 0 -0.3830265 -0.9237373 0 -0.6071206 -0.7946097 0 -0.6071206 -0.7946097 0 -0.7946097 -0.6071206 0 -0.7946097 -0.6071206 -0 -0.9237373 -0.3830265 0 -0.9237373 -0.3830265 -0 -0.9918037 -0.1277705 0 -0.9918037 -0.1277705 -0 -0.9918053 0.1277589 0 -0.9918053 0.1277589 0 -0.9237373 0.3830265 0 -0.9237373 0.3830265 0 -0.7946097 0.6071206 0 -0.7946097 0.6071206 0 -0.6071206 0.7946097 0 -0.6071206 0.7946097 0 -0.3830265 0.9237373 0 -0.3830265 0.9237373 0 -0.1277705 0.9918037 0 -0.1277705 0.9918037 0 0.1277589 0.9918053 0 0.1277589 0.9918053 0 0.3830265 0.9237373 0 0.3830265 0.9237373 0 0.6107557 0.7918192 0 0.6107557 0.7918192 0 0.7946097 0.6071206 -0 0.7946097 0.6071206 0 0.9237373 0.3830265 -0 0.9237373 0.3830265 0 0.9908257 0.1351459 -0 0.9908257 0.1351459 0 0.990824 -0.1351582 0 0.990824 -0.1351582 0 0.9237373 -0.3830265 0 0.9237373 -0.3830265 0 0.7946097 -0.6071206 0 0.7946097 -0.6071206 0 0.6107557 -0.7918192 0 0.6107557 -0.7918192 0 0.3830265 -0.9237373 0 0.3830265 -0.9237373 0 0.1277589 -0.9918053 0 0.1277589 -0.9918053 0 -0.1277705 -0.9918037 0 -0.1277705 -0.9918037 0 -0.3830265 -0.9237373 0 -0.3830265 -0.9237373 0 -0.6071206 -0.7946097 0 -0.6071206 -0.7946097 0 -0.7946097 -0.6071206 0 -0.7946097 -0.6071206 -0 -0.9237373 -0.3830265 0 -0.9237373 -0.3830265 -0 -0.9918037 -0.1277705 0 -0.9918037 -0.1277705 -0 -0.9918053 0.1277589 0 -0.9918053 0.1277589 0 -0.9237373 0.3830265 0 -0.9237373 0.3830265 0 -0.7946097 0.6071206 0 -0.7946097 0.6071206 0 -0.6071206 0.7946097 0 -0.6071206 0.7946097 0 -0.3830265 0.9237373 0 -0.3830265 0.9237373 0 -0.1277705 0.9918037 0 -0.1277705 0.9918037 0 0.1277589 0.9918053 0 0.1277589 0.9918053 0 0.3830265 0.9237373 0 0.3830265 0.9237373 0 0.6107557 0.7918192 0 0.6107557 0.7918192 0 0.7946097 0.6071206 -0 0.7946097 0.6071206 0 0.9237373 0.3830265 -0 0.9237373 0.3830265 0 0.9908257 0.1351459 -0 0.9908257 0.1351459 0 0.990824 -0.1351582 0 0.990824 -0.1351582 0 0.9237373 -0.3830265 0 0.9237373 -0.3830265 0 0.7946097 -0.6071206 0 0.7946097 -0.6071206 0 0.6107557 -0.7918192 0 0.6107557 -0.7918192 0 0.3830265 -0.9237373 0 0.3830265 -0.9237373 0 0.1277589 -0.9918053 0 0.1277589 -0.9918053 0 -0.1277705 -0.9918037 0 -0.1277705 -0.9918037 0 -0.3830265 -0.9237373 0 -0.3830265 -0.9237373 0 -0.6071206 -0.7946097 0 -0.6071206 -0.7946097 0 -0.7946097 -0.6071206 0 -0.7946097 -0.6071206 -0 -0.9237373 -0.3830265 0 -0.9237373 -0.3830265 -0 -0.9918037 -0.1277705 0 -0.9918037 -0.1277705 -0 -0.9918169 0.1276687 0 -0.9918169 0.1276687 0 -0.9237373 0.3830265 0 -0.9237373 0.3830265 0 -0.7945656 0.6071784 0 -0.7945656 0.6071784 0 -0.6072089 0.7945423 0 -0.6072089 0.7945423 0 -0.3829616 0.9237642 0 -0.3829616 0.9237642 0 -0.1277822 0.9918023 0 -0.1277822 0.9918023 0 0.1277589 0.9918053 0 0.1277589 0.9918053 0 0.3830265 0.9237373 0 0.3830265 0.9237373 0 0.6107557 0.7918192 0 0.6107557 0.7918192 0 0.7945656 0.6071784 -0 0.7945656 0.6071784 0 0.9237373 0.3830265 -0 0.9237373 0.3830265 0 0.9908381 0.135056 -0 0.9908381 0.135056 0 0.9908363 -0.1350682 0 0.9908363 -0.1350682 0 0.9237373 -0.3830265 0 0.9237373 -0.3830265 0 0.7945656 -0.6071784 0 0.7945656 -0.6071784 0 0.6107557 -0.7918192 0 0.6107557 -0.7918192 0 0.3830265 -0.9237373 0 0.3830265 -0.9237373 0 0.1277589 -0.9918053 0 0.1277589 -0.9918053 0 -0.1277822 -0.9918023 0 -0.1277822 -0.9918023 0 -0.3829616 -0.9237642 0 -0.3829616 -0.9237642 0 -0.6072089 -0.7945423 0 -0.6072089 -0.7945423 0 -0.7945656 -0.6071784 0 -0.7945656 -0.6071784 -0 -0.9237373 -0.3830265 0 -0.9237373 -0.3830265 -0 -0.9918154 -0.1276803 0 -0.9918154 -0.1276803 -0 -0.9918169 0.1276687 0 -0.9918169 0.1276687 0 -0.9237373 0.3830265 0 -0.9237373 0.3830265 0 -0.7945656 0.6071784 0 -0.7945656 0.6071784 0 -0.6072089 0.7945423 0 -0.6072089 0.7945423 0 -0.3829616 0.9237642 0 -0.3829616 0.9237642 0 -0.1277822 0.9918023 0 -0.1277822 0.9918023 0 0.1277589 0.9918053 0 0.1277589 0.9918053 0 0.3830265 0.9237373 0 0.3830265 0.9237373 0 0.6107557 0.7918192 0 0.6107557 0.7918192 0 0.7945656 0.6071784 -0 0.7945656 0.6071784 0 0.9237373 0.3830265 -0 0.9237373 0.3830265 0 0.9908381 0.135056 -0 0.9908381 0.135056 0 0.9908363 -0.1350682 0 0.9908363 -0.1350682 0 0.9237373 -0.3830265 0 0.9237373 -0.3830265 0 0.7945656 -0.6071784 0 0.7945656 -0.6071784 0 0.6107557 -0.7918192 0 0.6107557 -0.7918192 0 0.3830265 -0.9237373 0 0.3830265 -0.9237373 0 0.1277589 -0.9918053 0 0.1277589 -0.9918053 0 -0.1277822 -0.9918023 0 -0.1277822 -0.9918023 0 -0.3829616 -0.9237642 0 -0.3829616 -0.9237642 0 -0.6072089 -0.7945423 0 -0.6072089 -0.7945423 0 -0.7945656 -0.6071784 0 -0.7945656 -0.6071784 -0 -0.9237373 -0.3830265 0 -0.9237373 -0.3830265 -0 -0.9918154 -0.1276803 0 -0.9918154 -0.1276803 -0 0 -1 0 0 -1 0 0 -1 0 0 -1 -0 -0.09694342 -0.9952899 0 -0.09694342 -0.9952899 0 -0.2915443 -0.9565574 0 -0.2915443 -0.9565574 0 -0.4735179 -0.8807842 0 -0.4735179 -0.8807842 0 -0.6321189 -0.7748715 0 -0.6321189 -0.7748715 0 -0.7728204 -0.6346248 0 -0.7728204 -0.6346248 -0 -0.8807842 -0.4735179 0 -0.8807842 -0.4735179 -0 -0.9569894 -0.290123 0 -0.9569894 -0.290123 -0 -0.9952899 -0.09694342 0 -0.9952899 -0.09694342 -0 -1 0 0 -1 -0 -0 -1 -0 -0 -1 0 0 -1 -0 0 -1 -0 0 -1 -0 0 -0.9952893 0.09694943 0 -0.9952893 0.09694943 0 -0.9576446 0.2879526 0 -0.9569894 0.290123 0.0001259383 -0.9553885 0.295352 0 -0.7728204 0.6346248 0 -0.7728204 0.6346248 0 -0.8807842 0.4735179 0 -0.8807842 0.4735179 0 -0.6321189 0.7748715 0 -0.6321189 0.7748715 0 -0.2915443 0.9565574 0 -0.2915443 0.9565574 0 -0.4735179 0.8807842 0 -0.4735179 0.8807842 0 -0.09700513 0.9952838 0 -0.09700513 0.9952838 0 0 1 -0 0 1 0 0 1 0 0 1 0 0.09701114 0.9952832 0 0.09701114 0.9952832 0 0.2901402 0.9569842 0 0.2901402 0.9569842 0 0.6346861 0.77277 0 0.6346861 0.77277 0 0.473466 0.8808121 0 0.473466 0.8808121 0 0.7703099 0.6376697 -0 0.7703099 0.6376697 0 0.9553287 0.2955455 -0 0.9569721 0.2901798 0.0001292414 0.9576446 0.2879526 0 0.8828801 0.4695985 -0 0.8828801 0.4695985 0 0.9952893 0.09694943 -0 0.9952893 0.09694943 0 1 0 0 1 -0 0 1 -0 0 1 0 0 1 -0 0 1 -0 0 1 -0 0 0.9952899 -0.09694342 0 0.9952899 -0.09694342 0 0.9569721 -0.2901798 0 0.9569721 -0.2901798 0 0.8828801 -0.4695985 0 0.8828801 -0.4695985 0 0.7703099 -0.6376697 0 0.7703099 -0.6376697 0 0.6346861 -0.77277 0 0.6346861 -0.77277 0 0.473466 -0.8808121 0 0.473466 -0.8808121 0 0.2901402 -0.9569842 0 0.2901402 -0.9569842 0 0.09694943 -0.9952893 0 0.09694943 -0.9952893 0 0 0 -1 0 0 -1 0 0 -1 0 0 -1 0 0 -1 0 0 -1 0 0 -1 0 0 -1 0 0 -1 0 0 -1 0 0 -1 0 0 -1 0 0 -1 0 -0 -1 0 0 -1 0 0 -1 0 0 -1 0 0 -1 0 0 -1 0 -0 -1 0 0 -1 0 0 -1 0 0 -1 0 0 -1 0 0 -1 0 0 -1 0 0 -1 0 0 -1 0 0 -1 0 0 -1 0 0 -1 0 0 -1 0 0 -1 0 0 -1 0 0 -1 0 0 -1 0 0 -1 0 0 -1 0 0 -1 0 0 -1 0 0 -1 0 0 -1 0 0 -1 -0 0 -1 0 0 -1 0 0 -1 0 0 -1 -0 0 -1 0 0 -1 0 0 -1 0 0 -1 -0 -0 -1 0 0 -1 -0 -0 -1 0 0 -1 0 -0 -1 0 0 -1 0 -0 -1 0 0 -1 0 -0 -1 0 0 -1 0 -0 -1 0 0 -1 -0 0 -1 0 0 -1 0 0 -1 0 -0 -1 0 0 -1 0 0 -1 0 0 -1 0 0 -1 0 0 -1 0 0 -1 0 -0 -1 0 0 -1 0 -0 -1 0 -0 -1 0 0 -1 0 0 -1 0 0 -1 0 0 -1 0 0 -1 0 0 -1 0 -0 -1 0 0 -1 -0 -0 -1 0 0 -1 0 -0 -1 0 0 -1 0 -0 -1 0 0 -1 -0 -0 -1 0 -0 -1 0 0 -1 0 0 -1 0 0 -1 0 0 -1 0 0 -1 0 0 -1 0 0 -1 0 0 -1 0 0 -1 0 0 -1 0 0 -1 0 0 -1 0 0 -1 0 0 -1 0 0 -1 0 0 -1 0 0 -1 0 0 -1 0 0 -1 0 -0 -1 0 0 -1 0 -0 -1 0 0 -1 0 0 -1 0 0 -1 0 0 -1 0 0 -1 0 0 -1 0 0 -1 0 0 -1 0 0 -1 0 -0 -1 0 0 -1 0 0 -1 0 0 -1 0 0 -1 0 0 -1 0 0 -1 0 0 -1 0 0 -1 0 0 -1 0 0 -1 0 0 -1 0 0 -1 0 0 -1 0 0 -1 0 0 -1 0 0 -1 0 -0 -1 0 0 -1 0 0 -1 0 0 -1 0 0 -1 0 0 -1 0 0 -1 0 0 -1 0 0 -1 0 0 -1 0 0 -1 0 0 -1 0 0 -1 0 0 -1 0 0 -1 0 0 -1 0 0 -1 0 0 -1 0 0 -1 0 0 -1 0 -0 -1 0 -0 -1 0 -0 -1 0 -0 -1 0 0 -1 0 0 -1 0 0 -1 0 0 -1 0 -0 -1 0 0 -1 0 -0 -1 0 0 -1 0 0 -1 0 0 -1 0 0 -1 0 0 -1 0 0 -1 0 0 -1 0 0 -1 0 0 -1 0 0 -1 0 0 -1 0 0 -1 0 0 -1 0 0 -1 0 0 -1 0 0 -1 0 0 -1 0 0 -1 0 0 -1 0 0 -1 0 -0 -1 0 0 -1 0 -0 -1 0 0 -1 0 -0 -1 0 0 -1 0 -0 -1 0 0 -1 0 0 -1 0 0 -1 0 0 -1 0 0 -1 0 0 -1 0 0 -1 0 0 -1 0 0 -1 0 0 -1 0 0 -1 0 0 -1 0 0 -1 0 0 -1 0 0 -1 0 0 -1 0 0 -1 0 0 -1 0 0 -1 0 0 -1 0 0 -1 0 0 -1 0 0 -1 0 0 -1 0 0 -1 0 0 -1 0 0 -1 0 0 -1 0 0 -1 0 0 -1 0 0 -1 0 0 -1 0 0 -1 0 0 -1 0 0 -1 0 0 -1 0 0 -1 0 0 -1 0 0 -1 0 0 -1 0 0 -1 0 0 -1 0 0 -1 -0.9974216 0 -0.07176492 -0.9974216 0 -0.07176492 -0.9772373 0 -0.2121494 -0.9772373 0 -0.2121494 -0.9371261 0 -0.348991 -0.9371261 0 -0.348991 -0.8771536 0 -0.4802098 -0.8771536 0 -0.4802098 -0.8004777 0 -0.5993626 -0.8004777 0 -0.5993626 -0.7070837 0 -0.7071298 -0.7070837 0 -0.7071298 -0.5993923 -0 -0.8004555 -0.5993923 0 -0.8004555 -0.4772704 -0 -0.8787565 -0.4772704 0 -0.8787565 -0.3491026 -0 -0.9370844 -0.3491026 0 -0.9370844 -0.2156584 -0 -0.9764689 -0.2156584 0 -0.9764689 -0.06834758 -0 -0.9976617 -0.06834758 0 -0.9976617 0 0 -1 0 0 -1 -1 0 0 -1 0 0 0.9702718 0 0.2420179 0.9702718 0 0.2420179 0 0 1 0 0 1 -0.07203332 0 0.9974023 -0.07203332 0 0.9974023 -0.2121302 0 0.9772415 -0.2121302 0 0.9772415 -0.3522688 0 0.9358989 -0.3522688 0 0.9358989 -0.4773418 0 0.8787177 -0.4773418 0 0.8787177 -0.5993923 0 0.8004555 -0.5993923 0 0.8004555 -0.7070837 0 0.7071298 -0.7070837 0 0.7071298 -0.8004777 0 0.5993626 -0.8004777 0 0.5993626 -0.8771536 0 0.4802098 -0.8771536 0 0.4802098 -0.9371147 0 0.3490213 -0.9371147 0 0.3490213 -0.9772415 0 0.2121302 -0.9772415 0 0.2121302 -0.9974024 0 0.07202999 -0.9974024 0 0.07202999 -1 0 0 -1 0 0 0 -1 0 0 -1 0 0 -1 -0 0 -1 0 0 -1 0 0 -1 0 0 -1 0 0 -1 0 0 -1 0 0 -1 0 0 -1 0 0 -1 0 0 -1 0 0 -1 0 0 -1 0 0 -1 0 0 -1 0 0 -1 0 0 -1 0 0 -1 0 0 -1 0 0 -1 0 0 -1 0 0 -1 0 0 -1 0 0 -1 0 0 1 0 -0 1 -0 0 1 0 0 1 0 0 1 0 -0 1 0 0 1 0 0 1 0 0 1 0 0 1 0 0 1 0 0 1 0 0 1 0 0 1 0 0 1 0 0 1 0 0 1 0 0 1 0 0 1 0 0 1 0 0 1 0 0 1 0 0 1 0 0 1 0 0 1 0 0 1 0 -0.9974216 0 -0.07176492 -0.9974216 0 -0.07176492 -0.9772373 0 -0.2121494 -0.9772373 0 -0.2121494 -0.9371261 0 -0.348991 -0.9371261 0 -0.348991 -0.8771536 0 -0.4802098 -0.8771536 0 -0.4802098 -0.8004777 0 -0.5993626 -0.8004777 0 -0.5993626 -0.7070837 0 -0.7071298 -0.7070837 0 -0.7071298 -0.5993923 -0 -0.8004555 -0.5993923 0 -0.8004555 -0.4772704 -0 -0.8787565 -0.4772704 0 -0.8787565 -0.3491026 -0 -0.9370844 -0.3491026 0 -0.9370844 -0.2156584 -0 -0.9764689 -0.2156584 0 -0.9764689 -0.06834758 -0 -0.9976617 -0.06834758 0 -0.9976617 0 0 -1 0 0 -1 -1 0 0 -1 0 0 0.9702718 0 0.2420179 0.9702718 0 0.2420179 0 0 1 0 0 1 -0.07203332 0 0.9974023 -0.07203332 0 0.9974023 -0.2121302 0 0.9772415 -0.2121302 0 0.9772415 -0.3522688 0 0.9358989 -0.3522688 0 0.9358989 -0.4773418 0 0.8787177 -0.4773418 0 0.8787177 -0.5993923 0 0.8004555 -0.5993923 0 0.8004555 -0.7070837 0 0.7071298 -0.7070837 0 0.7071298 -0.8004777 0 0.5993626 -0.8004777 0 0.5993626 -0.8771536 0 0.4802098 -0.8771536 0 0.4802098 -0.9371147 0 0.3490213 -0.9371147 0 0.3490213 -0.9772415 0 0.2121302 -0.9772415 0 0.2121302 -0.9974024 0 0.07202999 -0.9974024 0 0.07202999 -1 0 0 -1 0 0 0 -1 0 0 -1 0 0 -1 -0 0 -1 0 0 -1 0 0 -1 0 0 -1 0 0 -1 0 0 -1 0 0 -1 0 0 -1 0 0 -1 0 0 -1 0 0 -1 0 0 -1 0 0 -1 0 0 -1 0 0 -1 0 0 -1 0 0 -1 0 0 -1 0 0 -1 0 0 -1 0 0 -1 0 0 -1 0 0 -1 0 0 1 0 -0 1 -0 0 1 0 0 1 0 0 1 0 -0 1 0 0 1 0 0 1 0 0 1 0 0 1 0 0 1 0 0 1 0 0 1 0 0 1 0 0 1 0 0 1 0 0 1 0 0 1 0 0 1 0 0 1 0 0 1 0 0 1 0 0 1 0 0 1 0 0 1 0 0 1 0 0 0 -1 0 0 -1 -1 0 0 -1 0 0 0.9702718 0 0.2420179 0.9702718 -0 0.2420179 0.9702718 0 0.2420179 0 0 1 0 0 1 -0.9974024 0 0.07202999 -0.9974024 0 0.07202999 -0.9772415 0 0.2121302 -0.9772415 0 0.2121302 -0.8771536 0 0.4802098 -0.8771536 0 0.4802098 -0.9371147 0 0.3490213 -0.9371147 0 0.3490213 -0.8004777 0 0.5993626 -0.8004777 0 0.5993626 -0.7070837 0 0.7071298 -0.7070837 0 0.7071298 -0.4773418 0 0.8787177 -0.4773418 0 0.8787177 -0.5993923 0 0.8004555 -0.5993923 0 0.8004555 -0.3522688 0 0.9358989 -0.3522688 0 0.9358989 -0.2121302 0 0.9772415 -0.2121302 0 0.9772415 -0.07203332 0 0.9974023 -0.07203332 0 0.9974023 -1 0 0 -1 0 0 -0.06834758 -0 -0.9976617 -0.06834758 0 -0.9976617 -0.2156584 -0 -0.9764689 -0.2156584 0 -0.9764689 -0.3491026 -0 -0.9370844 -0.3491026 0 -0.9370844 -0.4772704 -0 -0.8787565 -0.4772704 0 -0.8787565 -0.5993923 -0 -0.8004555 -0.5993923 0 -0.8004555 -0.7070837 0 -0.7071298 -0.7070837 0 -0.7071298 -0.8004777 0 -0.5993626 -0.8004777 0 -0.5993626 -0.8771536 0 -0.4802098 -0.8771536 0 -0.4802098 -0.9371261 0 -0.348991 -0.9371261 0 -0.348991 -0.9772373 0 -0.2121494 -0.9772373 0 -0.2121494 -0.9974216 0 -0.07176492 -0.9974216 0 -0.07176492 0 -1 0 0 -1 0 0 -1 -0 0 -1 0 0 -1 0 0 -1 0 0 -1 0 0 -1 0 0 -1 0 0 -1 0 0 -1 0 0 -1 0 0 -1 0 0 -1 0 0 -1 0 0 -1 0 0 -1 0 0 -1 0 0 -1 0 0 -1 0 0 -1 0 0 -1 0 0 -1 0 0 -1 0 0 -1 0 0 -1 0 0 1 0 0 1 -0 -0 1 -0 0 1 0 0 1 0 0 1 0 -0 1 0 0 1 0 0 1 0 0 1 0 0 1 0 0 1 0 0 1 0 0 1 0 0 1 0 0 1 0 0 1 0 0 1 0 0 1 0 0 1 0 0 1 0 0 1 0 0 1 0 0 1 0 0 1 0 0 1 0 0 1 0 0 0 1 0 0 1 0.07176492 0 0.9974216 0.07176492 -0 0.9974216 0.3510224 0 0.936367 0.3510224 -0 0.936367 0.212919 0 0.9770698 0.212919 -0 0.9770698 0.5975966 0 0.8017969 0.5975966 -0 0.8017969 0.4789172 0 0.8778601 0.4789172 -0 0.8778601 0.7089788 0 0.7052298 0.7089788 0 0.7052298 0.7986563 0 0.6017874 0.7986563 0 0.6017874 0.9370996 0 0.349062 0.9370996 0 0.349062 0.878746 0 0.4772898 0.878746 0 0.4772898 0.9772509 0 0.212086 0.9772509 0 0.212086 0.9973992 0 0.07207604 0.9973992 0 0.07207604 1 0 0 1 0 0 0.9974183 0 -0.0718108 0.9974183 0 -0.0718108 0.9772469 0 -0.2121052 0.9772469 0 -0.2121052 0.937111 0 -0.3490317 0.937111 0 -0.3490317 0.878746 0 -0.4772898 0.878746 0 -0.4772898 0.7986563 0 -0.6017874 0.7986563 0 -0.6017874 0.7089788 0 -0.7052298 0.7089788 0 -0.7052298 0.5975966 0 -0.8017969 0.5975966 0 -0.8017969 0.4788456 0 -0.8778991 0.4788456 0 -0.8778991 0.3478644 0 -0.9375448 0.3478644 0 -0.9375448 0.2164591 0 -0.9762918 0.2164591 0 -0.9762918 0.06809277 0 -0.997679 0.06809277 0 -0.997679 0 0 -1 0 0 -1 1 0 0 1 0 0 -0.9702718 0 0.2420179 -0.9702718 0 0.2420179 -0.9702718 0 0.2420179 0 1 -0 0 1 0 0 1 -0 0 1 0 0 1 0 0 1 0 0 1 0 0 1 0 0 1 0 0 1 0 0 1 0 0 1 0 0 1 0 0 1 0 0 1 0 0 1 0 0 1 0 0 1 0 0 1 0 0 1 0 0 1 0 0 1 0 0 1 0 0 1 0 0 1 0 0 1 0 0 1 -0 0 -1 0 -0 -1 -0 0 -1 0 0 -1 0 0 -1 0 0 -1 0 0 -1 0 0 -1 0 0 -1 0 0 -1 0 0 -1 0 0 -1 0 0 -1 0 0 -1 0 0 -1 0 0 -1 0 0 -1 0 0 -1 0 0 -1 0 0 -1 0 0 -1 0 0 -1 0 0 -1 0 0 -1 0 0 -1 -0 0 -1 0 0.9973992 0 0.07207604 0.9973992 0 0.07207604 0.9772509 0 0.212086 0.9772509 0 0.212086 0.9370996 0 0.349062 0.9370996 0 0.349062 0.878746 0 0.4772898 0.878746 0 0.4772898 0.7986563 0 0.6017874 0.7986563 0 0.6017874 0.7089788 0 0.7052298 0.7089788 0 0.7052298 0.5975966 0 0.8017969 0.5975966 -0 0.8017969 0.4789172 0 0.8778601 0.4789172 -0 0.8778601 0.3510224 0 0.936367 0.3510224 -0 0.936367 0.212919 0 0.9770698 0.212919 -0 0.9770698 0.07176492 0 0.9974216 0.07176492 -0 0.9974216 1 0 0 1 0 0 0.06809277 0 -0.997679 0.06809277 0 -0.997679 0.2164591 0 -0.9762918 0.2164591 0 -0.9762918 0.3478644 0 -0.9375448 0.3478644 0 -0.9375448 0.4788456 0 -0.8778991 0.4788456 0 -0.8778991 0.5975966 0 -0.8017969 0.5975966 0 -0.8017969 0.7089788 0 -0.7052298 0.7089788 0 -0.7052298 0.7986563 0 -0.6017874 0.7986563 0 -0.6017874 0.878746 0 -0.4772898 0.878746 0 -0.4772898 0.937111 0 -0.3490317 0.937111 0 -0.3490317 0.9772469 0 -0.2121052 0.9772469 0 -0.2121052 0.9974183 0 -0.0718108 0.9974183 0 -0.0718108 0 0 -1 0 0 -1 1 0 0 1 0 0 -0.9702718 0 0.2420179 -0.9702718 0 0.2420179 0 0 1 0 0 1 0 1 -0 0 1 0 0 1 -0 0 1 0 0 1 0 0 1 0 0 1 0 0 1 0 0 1 0 0 1 0 0 1 0 0 1 0 0 1 0 0 1 0 0 1 0 0 1 0 0 1 0 0 1 0 0 1 0 0 1 0 0 1 0 0 1 0 0 1 0 0 1 0 0 1 0 0 1 0 0 -1 0 -0 -1 -0 0 -1 0 0 -1 0 0 -1 0 0 -1 0 0 -1 0 0 -1 0 0 -1 0 0 -1 0 0 -1 0 0 -1 0 0 -1 0 0 -1 0 0 -1 0 0 -1 0 0 -1 0 0 -1 0 0 -1 0 0 -1 0 0 -1 0 0 -1 0 0 -1 0 0 -1 0 0 -1 -0 0 -1 0 0.9973992 0 0.07207604 0.9973992 0 0.07207604 0.9772509 0 0.212086 0.9772509 0 0.212086 0.9370996 0 0.349062 0.9370996 0 0.349062 0.878746 0 0.4772898 0.878746 0 0.4772898 0.7986563 0 0.6017874 0.7986563 0 0.6017874 0.7089788 0 0.7052298 0.7089788 0 0.7052298 0.5975966 0 0.8017969 0.5975966 -0 0.8017969 0.4789172 0 0.8778601 0.4789172 -0 0.8778601 0.3510224 0 0.936367 0.3510224 -0 0.936367 0.212919 0 0.9770698 0.212919 -0 0.9770698 0.07176492 0 0.9974216 0.07176492 -0 0.9974216 1 0 0 1 0 0 0.06809277 0 -0.997679 0.06809277 0 -0.997679 0.2164591 0 -0.9762918 0.2164591 0 -0.9762918 0.3478644 0 -0.9375448 0.3478644 0 -0.9375448 0.4788456 0 -0.8778991 0.4788456 0 -0.8778991 0.5975966 0 -0.8017969 0.5975966 0 -0.8017969 0.7089788 0 -0.7052298 0.7089788 0 -0.7052298 0.7986563 0 -0.6017874 0.7986563 0 -0.6017874 0.878746 0 -0.4772898 0.878746 0 -0.4772898 0.937111 0 -0.3490317 0.937111 0 -0.3490317 0.9772469 0 -0.2121052 0.9772469 0 -0.2121052 0.9974183 0 -0.0718108 0.9974183 0 -0.0718108 0 0 -1 0 0 -1 1 0 0 1 0 0 -0.9702718 0 0.2420179 -0.9702718 0 0.2420179 0 0 1 0 0 1 0 1 -0 0 1 0 0 1 -0 0 1 0 0 1 0 0 1 0 0 1 0 0 1 0 0 1 0 0 1 0 0 1 0 0 1 0 0 1 0 0 1 0 0 1 0 0 1 0 0 1 0 0 1 0 0 1 0 0 1 0 0 1 0 0 1 0 0 1 0 0 1 0 0 1 0 0 1 0 0 -1 0 -0 -1 -0 0 -1 0 0 -1 0 0 -1 0 0 -1 0 0 -1 0 0 -1 0 0 -1 0 0 -1 0 0 -1 0 0 -1 0 0 -1 0 0 -1 0 0 -1 0 0 -1 0 0 -1 0 0 -1 0 0 -1 0 0 -1 0 0 -1 0 0 -1 0 0 -1 0 0 -1 0 0 -1 -0 0 -1 0 0 0 -1 0 0 -1 0 0.997073 -0.07645454 0 0.9970731 -0.07645455 0 0.9723138 -0.2336789 0 0.9723138 -0.2336789 0 0.9225045 -0.3859864 0 0.9225044 -0.3859864 0 0.8544514 -0.5195314 0 0.8544514 -0.5195314 0 0.7601635 -0.6497319 0 0.7601635 -0.6497319 0 0.6494109 -0.7604378 0 0.6494109 -0.7604377 0 0.5219193 -0.8529948 0 0.5219194 -0.8529949 0 0.3833534 -0.9236017 0 0.3833534 -0.9236017 0 0.2333279 -0.9723982 0 0.2333279 -0.9723981 0 0.07834768 -0.9969262 0 0.07834766 -0.9969261 -0.1394728 0.08820476 -0.9862896 0 0 -1 0 0 -1 0 -0.07834766 -0.9969261 -0.0004710745 -0.07832774 -0.9969276 -0 -0.07834766 -0.9969261 -0.01127926 -0.07877239 -0.9968288 0.001106894 -0.07826865 -0.9969316 0.0132962 -0.235667 -0.9717429 0 -0.2333279 -0.9723981 -0 -0.2333278 -0.972398 -0.01331745 -0.2356708 -0.9717417 0.008969324 -0.3862274 -0.92236 0 -0.3833534 -0.9236017 -0 -0.3833534 -0.9236017 -0.008654711 -0.3861611 -0.9223907 -0.01019766 -0.5174925 -0.8556269 0 -0.5219193 -0.8529949 -0 -0.5219194 -0.8529949 0.01055018 -0.5173768 -0.8556927 -0.01287992 -0.643178 -0.7656083 0 -0.6494109 -0.7604377 -0 -0.6494109 -0.7604377 0.01460132 -0.6423334 -0.7662862 -0.04636423 -0.7810385 -0.6227595 0 -0.7601635 -0.6497319 0 -0.7601634 -0.6497318 0.04634866 -0.7810336 -0.6227667 0.009470232 -0.8504074 -0.5260394 0 -0.8544514 -0.5195314 0 -0.8544514 -0.5195314 -0.009707445 -0.8503269 -0.5261654 0.002545196 -0.9216574 -0.3879961 0 -0.9225045 -0.3859864 0 -0.9225044 -0.3859864 -0.002684056 -0.921611 -0.3881057 -0.01562859 -0.9755337 -0.2192935 0 -0.9723138 -0.233679 0 -0.9723138 -0.2336789 0.01619923 -0.9756429 -0.2187661 -0.003895687 -0.9974471 -0.0713037 0 -0.997073 -0.07645454 0 -0.997073 -0.07645454 0.003895261 -0.997447 -0.07130387 0 0 -1 0 0 -1 0 0 1 0 0 1 -0.003886232 -0.9974459 0.07131989 0 -0.9970728 0.0764585 0.003885807 -0.9974459 0.07132006 0 -0.9970728 0.07645849 -0.01559531 -0.9755298 0.2193131 0 -0.9723166 0.2336672 0.01616483 -0.9756388 0.2187869 0 -0.9723167 0.2336672 0.002689764 -0.9216011 0.3881289 0 -0.9224967 0.3860049 -0.002836833 -0.921552 0.3882447 0 -0.9224967 0.3860049 0.009623194 -0.8503554 0.5261208 0 -0.8544654 0.5195083 -0.009864273 -0.8502735 0.5262486 0 -0.8544654 0.5195083 -0.04636455 -0.7810385 0.6227593 0 -0.7601635 0.6497319 0.0463483 -0.7810331 0.6227673 0 -0.7601634 0.6497318 0.01460199 -0.6423332 0.7662864 0 -0.6494109 0.7604377 0 -0.6494109 0.7604377 -0.01287934 -0.6431782 0.7656083 0.01055047 -0.5173765 0.8556928 0 -0.5219193 0.8529949 0 -0.5219194 0.8529949 -0.01019738 -0.5174928 0.8556268 -0.009034884 -0.3862396 0.9223543 0 -0.3833091 0.9236201 0 -0.3833091 0.9236202 0.009363592 -0.3863087 0.922322 -0.01271095 -0.235614 0.9717636 0 -0.2333769 0.9723864 0 -0.2333769 0.9723863 0.01269034 -0.2356104 0.9717647 -0.01127926 -0.07877239 0.9968288 -0.002007313 -0.07839645 0.9969202 0 -0.07834766 0.9969261 0 -0.07834766 0.9969261 0.00271775 -0.07846228 0.9969134 0 0 1 0 0 1 -0.1394728 0.08820476 0.9862896 0 0.07834767 0.9969262 0 0.07834767 0.9969261 0 0.2333769 0.9723863 0 0.2333769 0.9723864 0 0.3833091 0.9236201 0 0.3833091 0.9236202 0 0.5219193 0.8529948 0 0.5219194 0.8529949 0 0.6494109 0.7604377 0 0.649411 0.7604377 0 0.7601635 0.6497319 0 0.7601635 0.6497318 0 0.8544654 0.5195083 0 0.8544654 0.5195084 0 0.9224967 0.3860049 0 0.9224968 0.3860049 0 0.9723166 0.2336671 0 0.9723167 0.2336671 0 0.9970728 0.07645849 0 0.9970728 0.0764585 0 0 1 0 0 1 1 -0 0 1 0 0 1 0 0 1 0 -0 1 0 0 1 0 0 0 -1 0 0 -1 0 1 0 0 1 -0 0 1 0 0 1 -0 0 1 0 -0 1 0 0 1 0 -0 1 0 0 1 0 -0 1 0 0 1 0 -0 1 0 0 1 0 -0 1 0 0 1 0 -0 1 0 0 1 0 -0 1 0 0 1 0 -0 1 0 0 1 0 -0 1 0 0 1 0 -0 1 0 0 1 0 0 1 0 0 1 0 0 1 0 0 1 0 0 1 0 0 1 0 0 1 0 0 1 0 0 1 0 0 1 0 0 1 0 0 1 0 0 1 0 0 1 0 0 1 0 0 1 0 0 1 0 0 1 0 0 1 0 0 1 0 0 1 0 0 1 0 0 1 -0 0 1 0 -0 1 0 0 -1 0 0 -1 -0 -0 -1 0 0 -1 -0 0 -1 0 0 -1 0 0 -1 0 0 -1 0 0 -1 0 0 -1 0 0 -1 0 0 -1 0 0 -1 0 0 -1 0 0 -1 0 0 -1 0 0 -1 0 0 -1 0 0 -1 0 0 -1 0 0 -1 0 0 -1 0 0 -1 0 0 -1 0 0 -1 0 0 -1 0 0 -1 0 0 -1 0 0 -1 0 0 -1 0 0 -1 0 0 -1 0 0 -1 0 0 -1 0 0 -1 0 0 -1 0 0 -1 0 0 -1 0 0 -1 0 0 -1 0 0 -1 0 0 -1 0 0 -1 0 0 -1 0 0 -1 0 0 -1 0 -0 -1 0 0 -1 -0 0 -1 0 0 -1 0 0 0 0 -1 0 0 -1 -0 0 -1 -0 0 -1 0 0 -1 -0 -0 -1 0 0 -1 -0 -0.99949 -0.03193176 0.0001969748 -0.9951529 -0.09833981 0.0007223347 -0.9970567 -0.07666466 -0 -0.99949 -0.03193176 0.0006438437 -0.9723392 -0.2335729 -3.35174e-06 -0.9951486 -0.09838351 -1.235785e-05 -0.9970569 -0.07666468 0.0007485491 -0.9228503 -0.3851582 -7.462731e-06 -0.9706644 -0.2404383 -1.095743e-05 -0.9723392 -0.2335729 0.0007864238 -0.8536626 -0.5208259 0.0004612156 -0.7515374 -0.6596903 0.001153458 -0.7835309 -0.6213517 0.0007139724 -0.7601633 -0.6497318 0 -0.7247241 -0.6890392 0 -0.6497405 -0.760156 0 -0.6497405 -0.760156 0 -0.521957 -0.8529719 0 -0.521957 -0.8529719 0 -0.3831318 -0.9236937 0 -0.3831318 -0.9236937 0 -0.08056008 -0.9967498 0 -0.08056008 -0.9967498 0 -0.2335729 -0.9723393 0 -0.2335729 -0.9723393 3.816036e-06 -0.9871221 -0.1599687 1.870507e-05 -0.9670901 -0.2544341 -0.0001718255 -0.9377552 -0.3472971 -8.233425e-05 -0.9037635 -0.4280319 0.000216902 -0.8669978 -0.498312 3.938483e-05 -0.8303421 -0.557254 -5.980338e-05 -0.8017569 -0.5976504 0.0004645883 -0.7690077 -0.6392394 -1.89556e-05 -0.7755762 -0.631254 -1.117459e-05 -0.7608556 -0.6489212 -1.158306e-05 -0.7601634 -0.6497319 -1.422796e-06 -0.7853436 -0.6190601 2.075597e-06 -0.8208947 -0.5710796 -1.142316e-05 -0.8513296 -0.5246313 -9.194574e-06 -0.8536628 -0.520826 2.757497e-06 -0.8858242 -0.4640209 -7.64076e-06 -0.9243687 -0.3815001 -9.815281e-06 -0.9228505 -0.3851583 4.097666e-06 -0.9514703 -0.3077406 -0.0002240339 -0.9871194 -0.159985 0 -1 0 0 -1 0 0 -1 0 0 -1 0 0 -1 0 0 -1 0 0 -1 0 0 -1 0 0 -1 0 0 -1 0 0 -1 0 0 -1 0 0 -1 0 0 -1 0 0 -1 0 0 -1 0 0 -1 0 0 -1 0 0 -1 0 -0 -1 -0 0 -1 0 0 -1 0 0 -1 0 0 -1 0 0 -0.07634005 0.9970818 0 -0.07634005 0.9970818 0 -0.2335729 0.9723393 0 -0.2335729 0.9723393 0 -0.3830431 0.9237305 0 -0.3830431 0.9237305 0 -0.521957 0.8529719 0 -0.521957 0.8529719 0.0009319579 -0.7723225 0.63523 0.0006324874 -0.7598532 0.6500944 0.00062127 -0.7602071 0.6496806 -2.847335e-05 -0.7996004 0.6005325 0 -0.7248618 0.6888943 0 -0.6497405 0.760156 0 -0.6497405 0.760156 -1.316475e-05 -0.7602072 0.6496807 -1.452249e-05 -0.8548155 0.518932 0.0004570535 -0.9711645 0.2384101 0.0006032577 -0.9723448 0.2335494 -1.352584e-05 -0.9222027 0.3867068 0.0001969749 -0.9951529 0.09833982 0.0007301938 -0.9970816 0.07634003 0 -0.9995008 0.03159563 -1.026671e-05 -0.9723449 0.2335494 -3.35174e-06 -0.9951486 0.09838352 0 -0.9995007 0.03159562 -1.249231e-05 -0.9970819 0.07634005 -0.0002343242 -0.9868751 0.1614856 -3.550207e-07 -0.9674991 0.2528744 2.957355e-06 -0.9377572 0.3472914 1.198599e-06 -0.90224 0.4312342 -3.461163e-06 -0.8693397 0.494215 -7.05257e-07 -0.8303636 0.557222 1.071654e-06 -0.8017092 0.5977143 -8.270462e-06 -0.769599 0.6385276 -9.044598e-06 -0.7526029 0.6584748 7.949714e-05 -0.7852684 0.6191555 -0.0001158087 -0.8209673 0.5709752 0.0007490683 -0.8510074 0.5251532 0.0005424733 -0.8548154 0.518932 -7.92583e-05 -0.8858011 0.464065 0.0004479846 -0.9243022 0.3816614 0.0006217121 -0.9222026 0.3867067 -0.0002405075 -0.9515082 0.3076236 3.991295e-06 -0.9868779 0.1614684 0 0 1 0 0 1 -0 0 1 0 0 1 0 0 1 0 0 1 0 0 1 0 0 1 0 0 1 0 0 1 0 0 1 0 0 1 0 0 1 0 0 1 0 0 1 0 0 1 0 0 1 0 0 1 0 0 1 0 0 1 0 0 1 0 0 1 0 0 1 0 0 1 0 0 1 0 0 1 0 0 1 0 0 1 0 0 1 0 0 1 0 0 1 0 0 1 0 0 1 0 0 1 0 0 1 0 0 1 0 0 1 0 0 1 0 0 1 0 0 1 0 0 1 0 0 1 0 0 1 0 0 1 0 0 1 0 0 1 0 0 1 0 0 1 0 0 1 0 0 1 0 0 1 0 0 1 0 0 1 0 0 1 0 0 1 0 0 1 0 0 1 0 0 1 0 0 1 0 0 1 0 0 1 0 0 1 0 0 1 0 0 1 0 0 1 0 0 1 0 0 1 0 -0 1 0 0 1 0 0 1 -0 0 1 0 0 1 0 0 1 0 0 1 0 0 1 0 0 1 0 0 1 0 0 1 0 0 1 0 0 1 0 0 1 0 0 1 0 0 1 0 0 1 0 0 1 0 0 1 0 0 1 0 0 1 0 0 1 0 0 1 0 0 1 0 0 1 0 0 1 0 0 1 0 0 1 0 0 1 0 0 1 0 -0 1 0 0 1 0 -0 1 0 0 1 0 -0 1 0 0 1 0 0 1 0 0 1 0 0 1 0 0 1 0 0 1 0 0 1 0 0 1 0 0 1 0 0 1 0 0 1 0 -0 1 0 -0 1 0 -0 1 -0 0 1 0 0 1 0 -0 1 0 -0 1 0 -0 1 0 -0 1 0 -0 1 0 -0 1 0 0 1 -0 0 1 0 0 1 0 0 1 0 0 1 0 0 1 0 0 1 0 0 1 0 0 1 0 0 1 0 0 1 0 0 1 0 0 1 0 0 1 0 0 1 0 0 1 0 0 1 0 0 1 0 0 1 0 0 1 0 0 1 0 0 1 0 -1 -0 0 -1 0 0 -1 0 0 -1 0 0 0 1 0 0 1 0 0 1 0 0 1 -0 0 1 0 0 1 0 0 1 0 0 1 0 0 1 0 0 1 0 0 1 0 0 1 0 0 1 0 0 1 0 0 1 0 0 1 0 0 1 0 0 1 0 0 1 0 0 1 0 0 1 0 -0 1 0 0 1 0 -0 1 0 0 1 0 -0 1 0 0 1 0 -0 1 0 0 1 0 -0 1 0 0 1 0 -0 1 0 0 1 0 -0 1 0 0 1 -0 0 1 0 0 1 -0 0 1 0 0 1 0 0 1 0 0 1 0 0 1 0 0 1 0 0 1 0 0 1 0 0 1 0 0 1 0 0 1 0 0 1 0 0 1 0 0 1 0 0 1 0 0 1 0 0 1 0 0 1 0 0 1 0 0 1 0 -0 1 0 0 1 0 -0 1 0 0 1 0 -0 1 0 0 1 0 -0 1 0 0 1 0 -0 1 0 0 1 0 -0 1 0 0 1 0 0 1 0 0 1 0 0 1 -0 0 1 0 0 1 0 0 1 0 0 1 0 0 1 0 0 1 0 0 1 0 0 1 0 0 1 0 0 1 0 0 1 0 0 1 0 0 1 0 0 1 0 0 1 0 0 1 0 0 1 0 0 1 0 0 1 0 0 1 0 0 1 0 0 1 0 0 1 0 0 1 0 0 1 0 0 1 0 0 1 0 -0 1 0 0 1 0 -0 1 0 0 1 0 0 1 0 0 1 0 0 1 0 0 1 0 0 1 0 0 1 0 0 1 0 0 1 0 0 1 0 0 1 0 -0 1 0 -0 1 0 -0 1 0 -0 1 0 -0 1 0 -0 1 0 -0 1 0 -0 1 0 -0 1 0 -0 1 0 -0 1 0 0 1 0 0 1 0 0 1 0 0 1 0 0 1 0 0 1 0 0 1 0 0 1 0 0 1 0 0 1 0 0 1 0 0 1 0 0 1 0 0 1 -0 0 1 0 0 1 -0 0 1 0 0 1 0 0 1 0 0 1 0 0 1 0 0 1 0 0 1 0 0 1 0 0 1 0 0.9995008 0.03159563 0.0001969748 0.9951529 0.09833981 0.0007301938 0.9970816 0.07634003 0 0.9995008 0.03159563 0.0004570535 0.9711644 0.2384101 0.0006032577 0.9723448 0.2335494 -3.35174e-06 0.9951486 0.09838351 -1.249231e-05 0.9970819 0.07634005 -1.026671e-05 0.9723449 0.2335494 -1.352584e-05 0.9222027 0.3867068 0.0006324873 0.7598531 0.6500944 0.000931958 0.7723225 0.6352299 0.00062127 0.7602071 0.6496806 -1.452249e-05 0.8548155 0.518932 -2.847339e-05 0.7996005 0.6005324 0 0.7248618 0.6888943 0 0.6497405 0.760156 0 0.6497405 0.760156 -1.316475e-05 0.7602072 0.6496807 0 0.521957 0.8529719 0 0.521957 0.8529719 0 0.3830431 0.9237305 0 0.3830431 0.9237305 0 0.2335729 0.9723393 0 0.2335729 0.9723393 0 0.07634005 0.9970818 0 0.07634005 0.9970818 3.991295e-06 0.9868779 0.1614684 -3.550207e-07 0.9674991 0.2528744 2.957355e-06 0.9377572 0.3472914 1.198599e-06 0.90224 0.4312342 -3.461163e-06 0.8693398 0.494215 -7.05257e-07 0.8303636 0.557222 1.071654e-06 0.8017092 0.5977144 -8.270462e-06 0.7695989 0.6385276 -9.044597e-06 0.7526029 0.6584747 7.949714e-05 0.7852684 0.6191555 -0.0001158087 0.8209673 0.5709752 0.0007490683 0.8510074 0.5251532 0.0005424729 0.8548154 0.518932 -7.92583e-05 0.8858011 0.464065 0.0004479846 0.9243022 0.3816614 0.0006217116 0.9222026 0.3867067 -0.0002405075 0.9515082 0.3076235 -0.0002343242 0.9868751 0.1614856 0 1 0 0 1 0 -0 1 0 0 1 0 -0 1 0 0 1 0 -0 1 0 0 1 0 -0 1 0 0 1 0 -0 1 0 0 1 0 0 1 0 0 1 0 0 1 0 0 1 0 0 1 0 0 1 0 0 1 0 0 1 -0 0 1 0 0 1 0 0 1 0 0 1 0 0 0.08056008 -0.9967498 0 0.08056008 -0.9967498 0 0.2335729 -0.9723393 0 0.2335729 -0.9723393 0 0.3831318 -0.9236937 0 0.3831318 -0.9236937 0.001153458 0.7835309 -0.6213517 0 0.521957 -0.8529719 0 0.521957 -0.8529719 0.0004612156 0.7515374 -0.6596903 0.0007139724 0.7601632 -0.6497317 0 0.6497405 -0.760156 0 0.6497405 -0.760156 0 0.7247241 -0.6890392 0.0007864238 0.8536626 -0.5208259 0.0007485491 0.9228503 -0.3851582 0.0006438437 0.9723392 -0.2335729 -7.462731e-06 0.9706644 -0.2404384 0.0001969749 0.9951529 -0.09833982 0.0007223347 0.9970567 -0.07666466 0 0.99949 -0.03193176 -3.35174e-06 0.9951486 -0.09838352 -1.095743e-05 0.9723392 -0.2335729 0 0.99949 -0.03193176 -1.235785e-05 0.9970569 -0.07666468 -0.0002240339 0.9871194 -0.159985 1.870507e-05 0.9670901 -0.2544341 -0.0001718255 0.9377552 -0.3472971 -8.233425e-05 0.9037635 -0.428032 0.0002169019 0.8669977 -0.4983119 3.938483e-05 0.8303421 -0.557254 -5.980338e-05 0.8017569 -0.5976504 0.0004645883 0.7690077 -0.6392394 -1.89556e-05 0.7755761 -0.6312541 -1.117459e-05 0.7608556 -0.6489213 -1.158306e-05 0.7601634 -0.6497319 -1.422796e-06 0.7853436 -0.6190601 2.075597e-06 0.8208947 -0.5710796 -1.142316e-05 0.8513296 -0.5246313 -9.194574e-06 0.8536628 -0.520826 2.757497e-06 0.8858242 -0.4640209 -7.64076e-06 0.9243688 -0.3815002 -9.815289e-06 0.9228505 -0.3851583 4.097666e-06 0.9514703 -0.3077406 3.816036e-06 0.9871221 -0.1599687 -0.9971048 0 0.07604054 -0.9971048 0 0.07604054 -0.9750426 0 0.2220184 -0.9750425 0 0.2220184 -0.9338137 0 0.3577597 -0.9338138 0 0.3577598 -0.8501925 0 0.5264719 -0.8501925 0 0.5264719 -0.7101966 0 0.7040035 -0.7101966 0 0.7040035 -0.5312195 0 0.8472342 -0.5312195 0 0.8472342 -0.3371134 0 0.9414641 -0.3371134 0 0.9414641 -0.107614 0 0.9941928 -0.107614 0 0.9941928 0.1082798 0 0.9941205 0.1082798 -0 0.9941205 0.3351528 0 0.9421638 0.3351528 -0 0.9421638 0.5340105 0 0.8454778 0.5340105 -0 0.8454778 0.710274 0 0.7039253 0.710274 0 0.7039253 0.8501232 0 0.5265839 0.8501232 0 0.5265839 0.9305457 0 0.3661757 0.9305457 0 0.3661758 0.9749915 0 0.2222424 0.9749915 0 0.2222424 0.9971223 0 0.07581005 0.9971223 0 0.07581004 0.9938095 0 -0.1110972 0.9938096 0 -0.1110972 0.9486833 0 -0.3162278 0.9486833 0 -0.3162278 0.7655089 0 -0.6434252 0.7655089 0 -0.6434252 0.8719642 0 -0.4895697 0.8719643 0 -0.4895696 0.508205 0 -0.8612362 0.508205 0 -0.8612361 0.6410549 0 -0.767495 0.6410549 0 -0.767495 0.3548262 0 -0.9349322 0.3548262 0 -0.9349324 0.206021 0 -0.9785476 0.2060211 0 -0.9785476 0.03420368 0 -0.9994149 0.03420368 0 -0.9994149 -0.2929772 0 -0.9561195 -0.2929772 0 -0.9561194 -0.1377116 0 -0.9904724 -0.1377116 0 -0.9904724 -0.4506802 0 -0.8926855 -0.4506803 0 -0.8926855 -0.7153832 0 -0.6987323 -0.7153833 0 -0.6987323 -0.5876523 0 -0.8091136 -0.5876523 0 -0.8091136 -0.8284174 0 -0.5601111 -0.8284175 0 -0.5601112 -0.9191358 0 -0.3939408 -0.9191359 0 -0.3939408 -0.973408 0 -0.2290783 -0.9734079 0 -0.2290783 -0.9973127 0 -0.07326283 -0.9973126 0 -0.07326283 0.9749915 0 -0.2222424 0.9749915 0 -0.2222424 0.9970669 0 -0.07653541 0.9970669 0 -0.07653543 0.9318563 0 -0.3628276 0.9318563 0 -0.3628276 0.848348 0 -0.5294389 0.848348 0 -0.5294389 0.710274 0 -0.7039253 0.710274 0 -0.7039253 0.3295165 0 -0.9441498 0.3295165 0 -0.9441498 0.5385357 0 -0.8426027 0.5385357 0 -0.8426027 0.1145769 0 -0.9934144 0.1145769 0 -0.9934144 -0.1138734 -0 -0.9934953 -0.1138734 0 -0.9934953 -0.3314523 -0 -0.943472 -0.3314523 0 -0.943472 -0.5357401 -0 -0.844383 -0.5357401 0 -0.844383 -0.7101966 0 -0.7040035 -0.7101966 0 -0.7040035 -0.848418 0 -0.5293269 -0.848418 0 -0.5293269 -0.935069 0 -0.3544659 -0.935069 0 -0.3544659 -0.9750425 0 -0.2220184 -0.9750426 0 -0.2220184 -0.997049 0 -0.07676809 -0.997049 0 -0.0767681 -0.9938722 0 0.110536 -0.9938721 0 0.110536 -0.9507937 0 0.3098246 -0.9507937 0 0.3098246 -0.8668334 0 0.4985978 -0.8668334 0 0.4985978 -0.7688526 0 0.6394261 -0.7688526 0 0.6394261 -0.6452265 0 0.7639913 -0.6452265 0 0.7639914 -0.508205 0 0.8612362 -0.508205 0 0.8612361 -0.3548262 0 0.9349322 -0.3548262 0 0.9349324 -0.2059788 0 0.9785565 -0.2059788 0 0.9785565 -0.03420368 0 0.9994149 -0.03420368 0 0.9994149 0.1365739 0 0.9906299 0.1365739 0 0.9906299 0.2929183 0 0.9561375 0.2929183 0 0.9561375 0.4506802 0 0.8926855 0.4506803 0 0.8926855 0.5917267 0 0.8061386 0.5917267 0 0.8061386 0.7153833 0 0.6987323 0.7153832 0 0.6987323 0.828357 0 0.5602005 0.8283571 0 0.5602006 0.9191359 0 0.3939408 0.9191358 0 0.3939408 0.9734202 0 0.2290263 0.9734202 0 0.2290263 0.9966817 0 0.08139788 0.9966817 0 0.08139788 -0.09361655 0.9956083 0 -0.09361655 0.9956083 0 -0.4491407 0.893461 0 -0.4491407 0.893461 0 -0.2702037 0.9628031 0 -0.2702037 0.9628031 0 -0.6016744 0.7987415 0 -0.6016744 0.7987415 0 -0.8505106 0.5259579 0 -0.8505106 0.5259579 0 -0.7383502 0.6744175 0 -0.7383502 0.6744175 0 -0.9328322 0.3603111 0 -0.9328322 0.3603111 0 -0.982413 0.1867208 0 -0.982413 0.1867208 0 -1 0 0 -1 0 0 -0.982413 -0.1867208 0 -0.982413 -0.1867208 -0 -0.9328322 -0.3603111 0 -0.9328322 -0.3603111 -0 -0.8505106 -0.5259579 0 -0.8505106 -0.5259579 -0 -0.7383502 -0.6744175 0 -0.7383502 -0.6744175 -0 -0.6016744 -0.7987415 0 -0.6016744 -0.7987415 0 -0.4491407 -0.893461 0 -0.4491407 -0.893461 0 -0.2702037 -0.9628031 0 -0.2702037 -0.9628031 0 -0.09361655 -0.9956083 0 -0.09361655 -0.9956083 0 0.09361655 -0.9956083 0 0.09361655 -0.9956083 0 0.2714888 -0.9624416 0 0.2714888 -0.9624416 0 0.4471656 -0.8944511 0 0.4471656 -0.8944511 0 0.6016166 -0.798785 0 0.6016166 -0.798785 0 0.73841 -0.674352 0 0.73841 -0.674352 0 0.8526566 -0.5224718 0 0.8526566 -0.5224718 0 0.9311647 -0.3645989 0 0.9311647 -0.3645989 0 0.9833258 -0.1818528 0 0.9833258 -0.1818528 0 1 0 0 1 0 0 0.9311647 0.3645989 -0 0.9311647 0.3645989 0 0.9833258 0.1818528 -0 0.9833258 0.1818528 0 0.8526566 0.5224718 -0 0.8526566 0.5224718 0 0.73841 0.674352 -0 0.73841 0.674352 0 0.4471656 0.8944511 0 0.4471656 0.8944511 0 0.6016166 0.798785 0 0.6016166 0.798785 0 0.2714888 0.9624416 0 0.2714888 0.9624416 0 0.09361655 0.9956083 0 0.09361655 0.9956083 0 -0.09361655 0.9956083 0 -0.09361655 0.9956083 0 -0.4491407 0.893461 0 -0.4491407 0.893461 0 -0.2702037 0.9628031 0 -0.2702037 0.9628031 0 -0.6016744 0.7987415 0 -0.6016744 0.7987415 0 -0.8505106 0.5259579 0 -0.8505106 0.5259579 0 -0.7383502 0.6744175 0 -0.7383502 0.6744175 0 -0.9328322 0.3603111 0 -0.9328322 0.3603111 0 -0.982413 0.1867208 0 -0.982413 0.1867208 0 -1 0 0 -1 0 0 -0.982413 -0.1867208 0 -0.982413 -0.1867208 -0 -0.9328322 -0.3603111 0 -0.9328322 -0.3603111 -0 -0.8505106 -0.5259579 0 -0.8505106 -0.5259579 -0 -0.7383502 -0.6744175 0 -0.7383502 -0.6744175 -0 -0.6016744 -0.7987415 0 -0.6016744 -0.7987415 0 -0.4491407 -0.893461 0 -0.4491407 -0.893461 0 -0.2702037 -0.9628031 0 -0.2702037 -0.9628031 0 -0.09361655 -0.9956083 0 -0.09361655 -0.9956083 0 0.09361655 -0.9956083 0 0.09361655 -0.9956083 0 0.2714888 -0.9624416 0 0.2714888 -0.9624416 0 0.4471656 -0.8944511 0 0.4471656 -0.8944511 0 0.6016166 -0.798785 0 0.6016166 -0.798785 0 0.73841 -0.674352 0 0.73841 -0.674352 0 0.8526566 -0.5224718 0 0.8526566 -0.5224718 0 0.9311647 -0.3645989 0 0.9311647 -0.3645989 0 0.9833258 -0.1818528 0 0.9833258 -0.1818528 0 1 0 0 1 0 0 0.9311647 0.3645989 -0 0.9311647 0.3645989 0 0.9833258 0.1818528 -0 0.9833258 0.1818528 0 0.8526566 0.5224718 -0 0.8526566 0.5224718 0 0.73841 0.674352 -0 0.73841 0.674352 0 0.4471656 0.8944511 0 0.4471656 0.8944511 0 0.6016166 0.798785 0 0.6016166 0.798785 0 0.2714888 0.9624416 0 0.2714888 0.9624416 0 0.09361655 0.9956083 0 0.09361655 0.9956083 0 -0.09361655 0.9956083 0 -0.09361655 0.9956083 0 -0.4491407 0.893461 0 -0.4491407 0.893461 0 -0.2702037 0.9628031 0 -0.2702037 0.9628031 0 -0.6016166 0.798785 0 -0.6016166 0.798785 0 -0.8504032 0.5261315 0 -0.8504032 0.5261315 0 -0.7384698 0.6742864 0 -0.7384698 0.6742864 0 -0.9328322 0.3603111 0 -0.9328322 0.3603111 0 -0.982435 0.1866051 0 -0.982435 0.1866051 0 -1 0 0 -1 0 0 -0.982435 -0.1866051 0 -0.982435 -0.1866051 -0 -0.9328322 -0.3603111 0 -0.9328322 -0.3603111 -0 -0.8504032 -0.5261315 0 -0.8504032 -0.5261315 -0 -0.7384698 -0.6742864 0 -0.7384698 -0.6742864 -0 -0.6016166 -0.798785 0 -0.6016166 -0.798785 0 -0.4491407 -0.893461 0 -0.4491407 -0.893461 0 -0.2702037 -0.9628031 0 -0.2702037 -0.9628031 0 -0.09361655 -0.9956083 0 -0.09361655 -0.9956083 0 0.09361655 -0.9956083 0 0.09361655 -0.9956083 0 0.2714573 -0.9624505 0 0.2714573 -0.9624505 0 0.4472136 -0.8944272 0 0.4472136 -0.8944272 0 0.6016166 -0.798785 0 0.6016166 -0.798785 0 0.7383502 -0.6744175 0 0.7383502 -0.6744175 0 0.8527638 -0.5222968 0 0.8527638 -0.5222968 0 0.9311239 -0.3647032 0 0.9311239 -0.3647032 0 0.9833043 -0.1819689 0 0.9833043 -0.1819689 0 1 0 0 1 0 0 0.9311239 0.3647032 -0 0.9311239 0.3647032 0 0.9833043 0.1819689 -0 0.9833043 0.1819689 0 0.8527638 0.5222968 -0 0.8527638 0.5222968 0 0.7383502 0.6744175 -0 0.7383502 0.6744175 0 0.4472136 0.8944272 0 0.4472136 0.8944272 0 0.6016166 0.798785 0 0.6016166 0.798785 0 0.2714573 0.9624505 0 0.2714573 0.9624505 0 0.09361655 0.9956083 0 0.09361655 0.9956083 0 -0.09361655 0.9956083 0 -0.09361655 0.9956083 0 -0.4491407 0.893461 0 -0.4491407 0.893461 0 -0.2702037 0.9628031 0 -0.2702037 0.9628031 0 -0.6016166 0.798785 0 -0.6016166 0.798785 0 -0.8504032 0.5261315 0 -0.8504032 0.5261315 0 -0.7384698 0.6742864 0 -0.7384698 0.6742864 0 -0.9328322 0.3603111 0 -0.9328322 0.3603111 0 -0.982435 0.1866051 0 -0.982435 0.1866051 0 -1 0 0 -1 0 0 -0.982435 -0.1866051 0 -0.982435 -0.1866051 -0 -0.9328322 -0.3603111 0 -0.9328322 -0.3603111 -0 -0.8504032 -0.5261315 0 -0.8504032 -0.5261315 -0 -0.7384698 -0.6742864 0 -0.7384698 -0.6742864 -0 -0.6016166 -0.798785 0 -0.6016166 -0.798785 0 -0.4491407 -0.893461 0 -0.4491407 -0.893461 0 -0.2702037 -0.9628031 0 -0.2702037 -0.9628031 0 -0.09361655 -0.9956083 0 -0.09361655 -0.9956083 0 0.09361655 -0.9956083 0 0.09361655 -0.9956083 0 0.2714573 -0.9624505 0 0.2714573 -0.9624505 0 0.4472136 -0.8944272 0 0.4472136 -0.8944272 0 0.6016166 -0.798785 0 0.6016166 -0.798785 0 0.7383502 -0.6744175 0 0.7383502 -0.6744175 0 0.8527638 -0.5222968 0 0.8527638 -0.5222968 0 0.9311239 -0.3647032 0 0.9311239 -0.3647032 0 0.9833043 -0.1819689 0 0.9833043 -0.1819689 0 1 0 0 1 0 0 0.9311239 0.3647032 -0 0.9311239 0.3647032 0 0.9833043 0.1819689 -0 0.9833043 0.1819689 0 0.8527638 0.5222968 -0 0.8527638 0.5222968 0 0.7383502 0.6744175 -0 0.7383502 0.6744175 0 0.4472136 0.8944272 0 0.4472136 0.8944272 0 0.6016166 0.798785 0 0.6016166 0.798785 0 0.2714573 0.9624505 0 0.2714573 0.9624505 0 0.09361655 0.9956083 0 0.09361655 0.9956083 0 0.09361655 -0.9956083 0 0.09361655 -0.9956083 0 0.2714888 -0.9624416 0 0.2714888 -0.9624416 0 0.4471656 -0.8944511 0 0.4471656 -0.8944511 0 0.6016166 -0.798785 0 0.6016166 -0.798785 0 0.73841 -0.674352 0 0.73841 -0.674352 0 0.8526566 -0.5224718 0 0.8526566 -0.5224718 0 0.9311647 -0.3645989 0 0.9311647 -0.3645989 0 0.9833258 -0.1818528 0 0.9833258 -0.1818528 0 1 0 0 1 0 0 0.9311647 0.3645989 -0 0.9311647 0.3645989 0 0.9833258 0.1818528 -0 0.9833258 0.1818528 0 0.8526566 0.5224718 -0 0.8526566 0.5224718 0 0.73841 0.674352 -0 0.73841 0.674352 0 0.4471656 0.8944511 0 0.4471656 0.8944511 0 0.6016166 0.798785 0 0.6016166 0.798785 0 0.2714888 0.9624416 0 0.2714888 0.9624416 0 0.09361655 0.9956083 0 0.09361655 0.9956083 0 -0.09361655 0.9956083 0 -0.09361655 0.9956083 0 -0.4491407 0.893461 0 -0.4491407 0.893461 0 -0.2702037 0.9628031 0 -0.2702037 0.9628031 0 -0.6016744 0.7987415 0 -0.6016744 0.7987415 0 -0.8505106 0.5259579 0 -0.8505106 0.5259579 0 -0.7383502 0.6744175 0 -0.7383502 0.6744175 0 -0.9328322 0.3603111 0 -0.9328322 0.3603111 0 -0.982413 0.1867208 0 -0.982413 0.1867208 0 -1 0 0 -1 0 0 -0.982413 -0.1867208 0 -0.982413 -0.1867208 -0 -0.9328322 -0.3603111 0 -0.9328322 -0.3603111 -0 -0.8505106 -0.5259579 0 -0.8505106 -0.5259579 -0 -0.7383502 -0.6744175 0 -0.7383502 -0.6744175 -0 -0.6016744 -0.7987415 0 -0.6016744 -0.7987415 0 -0.4491407 -0.893461 0 -0.4491407 -0.893461 0 -0.2702037 -0.9628031 0 -0.2702037 -0.9628031 0 -0.09361655 -0.9956083 0 -0.09361655 -0.9956083 0 0.09361655 -0.9956083 0 0.09361655 -0.9956083 0 0.2714888 -0.9624416 0 0.2714888 -0.9624416 0 0.4471656 -0.8944511 0 0.4471656 -0.8944511 0 0.6016166 -0.798785 0 0.6016166 -0.798785 0 0.73841 -0.674352 0 0.73841 -0.674352 0 0.8526566 -0.5224718 0 0.8526566 -0.5224718 0 0.9311647 -0.3645989 0 0.9311647 -0.3645989 0 0.9833258 -0.1818528 0 0.9833258 -0.1818528 0 1 0 0 1 0 0 0.9311647 0.3645989 -0 0.9311647 0.3645989 0 0.9833258 0.1818528 -0 0.9833258 0.1818528 0 0.8526566 0.5224718 -0 0.8526566 0.5224718 0 0.73841 0.674352 -0 0.73841 0.674352 0 0.4471656 0.8944511 0 0.4471656 0.8944511 0 0.6016166 0.798785 0 0.6016166 0.798785 0 0.2714888 0.9624416 0 0.2714888 0.9624416 0 0.09361655 0.9956083 0 0.09361655 0.9956083 0 -0.09361655 0.9956083 0 -0.09361655 0.9956083 0 -0.4491407 0.893461 0 -0.4491407 0.893461 0 -0.2702037 0.9628031 0 -0.2702037 0.9628031 0 -0.6016744 0.7987415 0 -0.6016744 0.7987415 0 -0.8505106 0.5259579 0 -0.8505106 0.5259579 0 -0.7383502 0.6744175 0 -0.7383502 0.6744175 0 -0.9328322 0.3603111 0 -0.9328322 0.3603111 0 -0.982413 0.1867208 0 -0.982413 0.1867208 0 -1 0 0 -1 0 0 -0.982413 -0.1867208 0 -0.982413 -0.1867208 -0 -0.9328322 -0.3603111 0 -0.9328322 -0.3603111 -0 -0.8505106 -0.5259579 0 -0.8505106 -0.5259579 -0 -0.7383502 -0.6744175 0 -0.7383502 -0.6744175 -0 -0.6016744 -0.7987415 0 -0.6016744 -0.7987415 0 -0.4491407 -0.893461 0 -0.4491407 -0.893461 0 -0.2702037 -0.9628031 0 -0.2702037 -0.9628031 0 -0.09361655 -0.9956083 0 -0.09361655 -0.9956083 0 0.09361655 -0.9956083 0 0.09361655 -0.9956083 0 0.2714573 -0.9624505 0 0.2714573 -0.9624505 0 0.4472136 -0.8944272 0 0.4472136 -0.8944272 0 0.6016166 -0.798785 0 0.6016166 -0.798785 0 0.7383502 -0.6744175 0 0.7383502 -0.6744175 0 0.8527638 -0.5222968 0 0.8527638 -0.5222968 0 0.9311239 -0.3647032 0 0.9311239 -0.3647032 0 0.9833043 -0.1819689 0 0.9833043 -0.1819689 0 1 0 0 1 0 0 0.9311239 0.3647032 -0 0.9311239 0.3647032 0 0.9833043 0.1819689 -0 0.9833043 0.1819689 0 0.8527638 0.5222968 -0 0.8527638 0.5222968 0 0.7383502 0.6744175 -0 0.7383502 0.6744175 0 0.4472136 0.8944272 0 0.4472136 0.8944272 0 0.6016166 0.798785 0 0.6016166 0.798785 0 0.2714573 0.9624505 0 0.2714573 0.9624505 0 0.09361655 0.9956083 0 0.09361655 0.9956083 0 -0.09361655 0.9956083 0 -0.09361655 0.9956083 0 -0.4491407 0.893461 0 -0.4491407 0.893461 0 -0.2702037 0.9628031 0 -0.2702037 0.9628031 0 -0.6016166 0.798785 0 -0.6016166 0.798785 0 -0.8504032 0.5261315 0 -0.8504032 0.5261315 0 -0.7384698 0.6742864 0 -0.7384698 0.6742864 0 -0.9328322 0.3603111 0 -0.9328322 0.3603111 0 -0.982435 0.1866051 0 -0.982435 0.1866051 0 -1 0 0 -1 0 0 -0.982435 -0.1866051 0 -0.982435 -0.1866051 -0 -0.9328322 -0.3603111 0 -0.9328322 -0.3603111 -0 -0.8504032 -0.5261315 0 -0.8504032 -0.5261315 -0 -0.7384698 -0.6742864 0 -0.7384698 -0.6742864 -0 -0.6016166 -0.798785 0 -0.6016166 -0.798785 0 -0.4491407 -0.893461 0 -0.4491407 -0.893461 0 -0.2702037 -0.9628031 0 -0.2702037 -0.9628031 0 -0.09361655 -0.9956083 0 -0.09361655 -0.9956083 0 0.09361655 -0.9956083 0 0.09361655 -0.9956083 0 0.2714573 -0.9624505 0 0.2714573 -0.9624505 0 0.4472136 -0.8944272 0 0.4472136 -0.8944272 0 0.6016166 -0.798785 0 0.6016166 -0.798785 0 0.7383502 -0.6744175 0 0.7383502 -0.6744175 0 0.8527638 -0.5222968 0 0.8527638 -0.5222968 0 0.9311239 -0.3647032 0 0.9311239 -0.3647032 0 0.9833043 -0.1819689 0 0.9833043 -0.1819689 0 1 0 0 1 0 0 0.9311239 0.3647032 -0 0.9311239 0.3647032 0 0.9833043 0.1819689 -0 0.9833043 0.1819689 0 0.8527638 0.5222968 -0 0.8527638 0.5222968 0 0.7383502 0.6744175 -0 0.7383502 0.6744175 0 0.4472136 0.8944272 0 0.4472136 0.8944272 0 0.6016166 0.798785 0 0.6016166 0.798785 0 0.2714573 0.9624505 0 0.2714573 0.9624505 0 0.09361655 0.9956083 0 0.09361655 0.9956083 0 -0.09361655 0.9956083 0 -0.09361655 0.9956083 0 -0.4491407 0.893461 0 -0.4491407 0.893461 0 -0.2702037 0.9628031 0 -0.2702037 0.9628031 0 -0.6016166 0.798785 0 -0.6016166 0.798785 0 -0.8504032 0.5261315 0 -0.8504032 0.5261315 0 -0.7384698 0.6742864 0 -0.7384698 0.6742864 0 -0.9328322 0.3603111 0 -0.9328322 0.3603111 0 -0.982435 0.1866051 0 -0.982435 0.1866051 0 -1 0 0 -1 0 0 -0.982435 -0.1866051 0 -0.982435 -0.1866051 -0 -0.9328322 -0.3603111 0 -0.9328322 -0.3603111 -0 -0.8504032 -0.5261315 0 -0.8504032 -0.5261315 -0 -0.7384698 -0.6742864 0 -0.7384698 -0.6742864 -0 -0.6016166 -0.798785 0 -0.6016166 -0.798785 0 -0.4491407 -0.893461 0 -0.4491407 -0.893461 0 -0.2702037 -0.9628031 0 -0.2702037 -0.9628031 0 -0.09361655 -0.9956083 0 -0.09361655 -0.9956083 0 1 0 0 1 0 0 1 0 0 1 0 0 0 0 -1 0 0 -1 0 -5.64487e-08 -1 0 -5.64487e-08 -1 0.06552467 0 -0.997851 0.06552467 0 -0.997851 0.06552467 -5.632739e-08 -0.997851 0.06552467 -5.632739e-08 -0.997851 0.1968348 0 -0.9804366 0.1968348 0 -0.9804366 0.1968348 -5.534438e-08 -0.9804366 0.1968348 -5.534438e-08 -0.9804366 0.3205605 0 -0.947228 0.3205605 0 -0.947228 0.3206404 0 -0.947201 0.3205606 -5.346979e-08 -0.947228 0.442848 0 -0.8965967 0.442848 0 -0.8965967 0.442848 0 -0.8965967 0.442848 0 -0.8965967 0.5547002 0 -0.8320503 0.5547002 0 -0.8320503 0.5547002 0 -0.8320503 0.5547002 0 -0.8320503 0.6603024 0 -0.7509999 0.6603024 0 -0.7509999 0.6602525 -4.239544e-08 -0.7510437 0.6603023 0 -0.7509998 0.7512405 0 -0.6600286 0.7512405 0 -0.6600286 0.7512405 -3.725021e-08 -0.6600286 0.7512405 -3.725021e-08 -0.6600286 0.8320503 0 -0.5547002 0.8320503 0 -0.5547002 0.8320503 -3.132216e-08 -0.5547002 0.8320503 -3.132216e-08 -0.5547002 0.8965967 0 -0.442848 0.8965967 0 -0.442848 0.8965967 -2.49932e-08 -0.442848 0.8965967 -2.49932e-08 -0.442848 0.9472099 0 -0.320614 0.9472099 0 -0.320614 0.9472191 -1.809421e-08 -0.320587 0.94721 0 -0.320614 0.9804401 0 -0.1968176 0.9804401 0 -0.1968176 0.9804366 0 -0.1968348 0.9804401 -1.11101e-08 -0.1968176 0.9978508 0 -0.06552758 0.9978508 0 -0.06552758 0.9978508 -3.698946e-09 -0.06552757 0.9978508 -3.698946e-09 -0.06552757 1 0 0 1 0 0 1 0 0 1 0 0 1 0 0 1 0 0 1 0 0 1 0 0 1 0 0 1 0 0 1 0 0 1 0 0 1 0 0 1 -0 0 1 0 -0 1 0 0 1 0 -0 1 0 0 1 0 0 1 0 0 1 0 0 1 0 0 1 0 0 1 0 0 1 0 0 1 0 0 1 0 0 1 0 0 1 0 0 1 0 0 1 -0 0 1 0 0 0.9978663 3.582014e-09 0.06529008 0.9978663 3.582014e-09 0.06529008 0.9804367 1.079896e-08 0.1968348 0.9804367 1.079896e-08 0.1968348 0.9472191 1.758594e-08 0.3205869 0.9472099 0 0.320614 0.8331691 3.033053e-08 0.5530182 0.833142 0 0.5530592 0.8958806 0 0.4442949 0.8958982 2.436856e-08 0.4442595 0.7512405 0 0.6600286 0.7512405 0 0.6600286 0.6581966 4.130344e-08 0.7528462 0.6582468 -0 0.7528021 0.4428481 4.919004e-08 0.8965967 0.4428481 4.919004e-08 0.8965967 0.5572214 4.555631e-08 0.830364 0.5572214 4.555631e-08 0.830364 0.193324 0 0.981135 0.193324 -0 0.981135 0.3206404 0 0.947201 0.3205606 5.196783e-08 0.947228 0.06552467 5.474516e-08 0.997851 0.0656132 -0 0.9978451 0 5.486306e-08 1 0 5.486306e-08 1 1 0 0 1 0 0 1 0 0 1 0 -0 1 0 0 -1 0 0 -1 0 0 -1 -0 0 -1 0 0 -1 0 0 0 5.486306e-08 1 0 5.486306e-08 1 -0.06552757 0 0.9978507 -0.06561611 5.474483e-08 0.9978449 -0.3206404 5.196635e-08 0.947201 -0.3205606 0 0.947228 -0.1926339 0 0.9812707 -0.1926339 0 0.9812707 -0.4442772 4.915124e-08 0.8958893 -0.4442772 4.915124e-08 0.8958893 -0.5555591 4.561737e-08 0.831477 -0.5555591 4.561737e-08 0.831477 -0.6600035 0 0.7512625 -0.6600537 4.121414e-08 0.7512184 -0.7512405 0 0.6600286 -0.7512405 0 0.6600286 -0.8973465 0 0.4413267 -0.8973292 2.421447e-08 0.441362 -0.8314634 3.048566e-08 0.5555795 -0.8314907 0 0.5555386 -0.9460981 1.778125e-08 0.3238803 -0.9461074 0 0.323853 -0.981135 1.060146e-08 0.193324 -0.981135 1.060146e-08 0.193324 -0.9978634 3.584434e-09 0.06533419 -0.9978634 3.584434e-09 0.06533419 -1 0 0 -1 0 0 -0.9978479 -3.597472e-09 -0.06557184 -0.9978479 -3.597472e-09 -0.06557184 -0.9811383 0 -0.1933071 -0.981135 -1.060146e-08 -0.193324 -0.9460981 -1.778125e-08 -0.3238803 -0.9461074 0 -0.323853 -0.898037 -2.413536e-08 -0.4399201 -0.898037 -2.413536e-08 -0.4399201 -0.830364 -3.057575e-08 -0.5572214 -0.830364 -3.057575e-08 -0.5572214 -0.7512405 -3.62234e-08 -0.6600286 -0.7512405 -3.62234e-08 -0.6600286 -0.6620563 -0 -0.7494541 -0.6621062 -4.111493e-08 -0.74941 -0.5530387 -0 -0.8331555 -0.5530387 0 -0.8331555 -0.4442772 -0 -0.8958893 -0.4442772 0 -0.8958893 -0.3206404 -5.196635e-08 -0.947201 -0.3205606 0 -0.947228 -0.1961332 -5.379747e-08 -0.9805772 -0.1961332 -5.379747e-08 -0.9805772 -0.06552757 -5.474514e-08 -0.9978507 -0.06552757 -5.474514e-08 -0.9978507 0 -5.486306e-08 -1 0 -5.486306e-08 -1 -1 0 0 -1 0 0 0 1 -0 0 1 0 0 1 0 0 1 -0 0 1 0 0 1 0 -0 1 0 -0 1 0 -0 1 0 -0 1 0 -0 1 0 0 1 0 -0 1 0 0 1 0 -0 1 0 0 1 0 -0 1 0 0 1 0 0 1 0 -0 1 0 0 1 0 -0 1 0 -0 1 0 0 1 0 0 1 0 0 1 0 0 1 0 0 1 0 0 1 0 0 1 0 0 1 0 0 1 -0 0 1 0 0 1 -0 0 1 0 -0 1 0 -0 1 0 -0 1 0 -0 1 0 -0 1 0 0 1 0 -0 1 0 0 1 0 -0 1 0 0 1 0 -0 1 0 0 1 0 0 1 0 -0 1 0 0 1 0 -0 1 0 -0 1 0 0 1 0 0 1 0 0 1 0 0 1 0 0 1 0 0 1 0 0 1 0 0 1 0 0 1 0 0 1 0 0 1 -0 0 1 0 0 1 0 -0 1 0 0 1 0 -0 1 0 0 1 -0 -0 1 0 0 1 -0 -0 1 0 0 1 -0 -0 1 0 0 1 -0 -0 1 0 0 1 -0 -0 1 0 0 1 -0 -0 1 0 0 1 -0 -0 1 0 0 1 -0 -0 1 0 0 1 -0 -0 1 0 0 1 -0 -0 1 0 0 1 -0 -0 1 0 0 1 0 0 1 -0 0 1 0 0 1 0 0 1 -0 0 1 0 -0 1 0 0 1 -0 -0 1 0 0 1 -0 -0 1 0 0 1 -0 -0 1 0 0 1 -0 -0 1 0 0 1 -0 -0 1 0 0 1 -0 -0 1 0 0 1 -0 -0 1 0 0 1 -0 -0 1 0 0 1 -0 -0 1 0 0 1 -0 -0 1 0 0 1 -0 -0 1 0 0 1 0 0 1 -0 0 5.486306e-08 1 0 5.486306e-08 1 1 0 0 1 0 0 1 0 0 -1 0 0 -1 -0 0 -1 0 0 0 0 1 -0 0 1 0 0 1 0 5.799065e-08 1 -5.672412e-08 5.672412e-08 1 -0 0 1 0 0 1 -0.06552758 5.660221e-08 0.9978508 -0.06470606 5.818407e-07 0.9979044 -0.06550349 0.0008014198 0.997852 -0.04581322 1.7713e-06 0.99895 -0.03970401 0.02381325 0.9989277 -0.1961161 0 0.9805807 -0.02353552 -8.889511e-05 0.999723 -0.06343222 -6.392845e-05 0.9979861 -0.06561611 0 0.997845 -0.3206269 1.065695e-07 0.9472055 -0.325243 -2.115865e-06 0.9456304 -0.320489 -0.005266781 0.9472376 -0.322414 -1.670572e-06 0.9465988 -0.3314689 -0.008818546 0.9434249 -0.3235265 7.796452e-05 0.946219 -0.3098989 4.849202e-05 0.9507695 -0.2821966 5.263324e-08 0.9593566 -0.3165528 -6.723099e-07 0.9485748 -0.3205471 2.001081e-05 0.9472325 -0.3265924 0 0.9451653 -0.3211699 1.412137e-05 0.9470216 -0.1926339 1.02862e-07 0.9812707 -0.191237 8.572785e-07 0.9815439 -0.2006663 0.009743396 0.9796112 -0.1995132 -5.408089e-07 0.9798951 -0.1578147 0.03397233 0.9868842 -0.1907941 -2.806632e-05 0.9816301 -0.3026733 0.0001381771 0.9530944 -0.1788854 0 0.9838699 -0.2067733 1.672906e-06 0.9783889 -0.1926339 8.942003e-06 0.9812707 -0.1523364 0 0.9883288 -0.2008374 -6.187816e-05 0.9796246 -0.4442949 -5.832104e-07 0.8958806 -0.4441735 -5.2223e-07 0.8959408 -0.4639863 0.0249935 0.8854897 -0.4351111 8.588244e-07 0.9003767 -0.4568431 -0.01521692 0.8894171 -0.4447362 -6.670883e-06 0.8956617 -0.4470914 6.664247e-07 0.8944883 -0.4468673 4.908051e-08 0.8946002 -0.4474666 7.811281e-08 0.8943006 -0.4442949 -1.560643e-05 0.8958806 -0.4472016 4.907135e-08 0.8944333 -0.439293 3.215509e-05 0.8983439 0 -0.3937258 0.919228 -0.5555387 -4.078039e-07 0.8314907 -0.5546591 6.934909e-08 0.8320777 -0.553764 -0.001291606 0.8326727 -0.5309704 3.839915e-06 0.8473904 -0.5397601 0.02563248 0.8414286 -0.557719 1.41706e-05 0.8300298 -0.3651975 -0.0007912227 0.9309297 -0.5664061 4.521409e-08 0.8241263 -0.5730844 3.566137e-06 0.8194963 -0.5506831 4.579499e-08 0.8347144 -0.5536565 -1.667529e-05 0.8327452 -0.5555387 -3.42089e-05 0.8314907 -0.6600477 -5.329075e-08 0.7512238 -0.658963 6.051137e-07 0.7521754 -0.663609 0.008276944 0.7480338 -0.7060795 -7.962616e-06 0.7081326 -0.6026708 9.325609e-06 0.7979899 -0.6574534 0.004188229 0.7534835 -0.659868 -3.638653e-05 0.7513815 -0.6658298 0 0.7461036 -0.6652927 1.19915e-06 0.7465826 -0.6595322 4.123926e-08 0.7516762 -0.6449617 0.0001026049 0.7642149 -0.6600979 -3.060995e-05 0.7511796 -0.7550647 0 0.6556503 -0.7585101 2.14259e-05 0.6516613 -0.7505742 -4.388801e-05 0.6607862 -0.716257 0.0721123 0.6941006 -0.7512184 -2.465144e-05 0.6600537 -0.7605242 -9.73669e-07 0.6493098 -0.7298449 -0.04625783 0.682046 -0.7511525 9.995022e-07 0.6601288 -0.7535756 1.551353e-06 0.6573613 -0.7084742 -7.85141e-06 0.7057366 -0.7481877 0 0.6634872 -0.7512184 9.527824e-07 0.6600537 -0.9138116 0 0.4061384 -0.8873453 -0.0001033534 0.4611056 -0.8974116 -1.342931e-05 0.4411945 -0.9074737 -0.06246208 0.4154394 -0.9390836 -0.0002699509 0.3436885 -0.8973464 -1.667382e-05 0.4413266 -0.8904539 2.466124e-06 0.4550737 -0.9128159 0.1024837 0.3953026 -0.8984199 -4.280411e-07 0.4391375 -0.9009805 1.871241e-06 0.4338596 -0.8858258 2.545745e-08 0.464018 -0.8973292 8.358418e-07 0.441362 -0.8388906 2.986197e-08 0.5443001 -0.8140986 -0.0001607433 0.5807266 -0.8330196 3.701526e-05 0.5532434 -0.8211018 0.03658617 0.5696079 -0.8644747 -0.0002722224 0.5026765 -0.8314633 -2.138608e-05 0.5555796 -0.8166606 4.067934e-06 0.5771183 -0.8241054 -0.02799425 0.5657443 -0.8332025 -3.281279e-07 0.552968 -0.8316622 1.228338e-06 0.5552819 -0.8246291 0 0.5656737 -0.8314908 1.182562e-06 0.5555386 -0.9486935 1.734755e-08 0.3161973 -0.9193397 -4.457703e-05 0.393465 -0.9474859 5.150898e-05 0.3197975 -0.9503896 -0.03438174 0.3091561 -0.6021307 -0.7951115 -0.07236244 -0.71696 0.0002393165 0.6971142 -0.9460845 -5.106934e-05 0.32392 -0.9472147 8.545747e-08 0.3206001 -0.944415 -0.01530155 0.3283992 -0.9461102 6.796377e-07 0.3238445 -0.942918 -2.405411e-07 0.3330249 -0.9460938 7.070602e-07 0.3238927 -0.9482955 0 0.3173887 -0.9841852 9.718586e-09 0.1771426 -0.9829193 -6.445104e-06 0.1840374 -0.9805675 -3.603803e-05 0.1961819 -0.9804645 0.002555664 0.1966798 -0.9811519 2.199692e-05 0.1932383 -0.9798848 5.18592e-05 0.1995639 -0.9792275 6.840907e-07 0.2027645 -0.9721575 0.1719726 0.1591704 -0.9807901 -5.950969e-07 0.1950659 -0.9825149 -1.161187e-06 0.1861841 -0.9922766 6.805471e-09 0.1240447 -0.9811519 -1.649619e-06 0.1932383 -0.9978527 0 0.06549843 -0.9796336 -0.1940542 0.05158436 -0.9978606 2.563573e-06 0.06537829 -0.9989724 -5.177643e-05 0.04532352 -0.9974942 -0.02327553 0.06680939 -0.9978648 3.6868e-09 0.06531241 -1 2.31204e-06 7.060889e-05 -0.9922766 6.80549e-09 0.124045 -0.9978605 4.346783e-08 0.06537829 -1 0 0 -1 0 0 -1 0 0 -1 0 0 -0.9922323 -6.824874e-09 -0.1243983 -0.9999967 -8.381288e-05 -0.002571624 -0.9978449 -1.325313e-06 -0.0656161 -0.9978487 0 -0.0655576 -0.9974183 0.02533527 -0.06719144 -0.9990518 1.503327e-06 -0.04353661 -0.9802966 0.1905458 -0.05206621 -0.9978355 -3.712095e-09 -0.06576051 -0.9978449 -8.519386e-08 -0.06561611 -0.9922779 -0 -0.1240347 -0.9810624 4.703512e-05 -0.1936923 -0.9811552 4.584157e-05 -0.1932214 -0.9810057 2.924621e-05 -0.1939789 -0.9711612 -0.1798862 -0.1564835 -0.9792612 -2.477619e-05 -0.2026016 -0.9797809 -1.435457e-06 -0.2000733 -0.9805041 -0.001702146 -0.1964917 -0.980571 9.441652e-07 -0.1961644 -0.9828226 1.939102e-07 -0.1845528 -0.9842499 -9.698836e-09 -0.1767826 -0.9811519 -5.818682e-07 -0.1932383 -0.9483066 -1.741111e-08 -0.3173558 -0.9398645 1.283458e-05 -0.3415474 -0.9460846 -5.537406e-05 -0.32392 -0.9467721 -1.160804e-05 -0.3219048 -0.9367017 0.07229581 -0.3425833 -0.9472576 -1.672036e-06 -0.3204729 -0.707378 -6.542199e-06 -0.7068354 -0.7071068 0.7071068 0 -0.9497046 0.02024952 -0.3124917 -0.947491 -1.361306e-06 -0.3197823 -0.9191635 1.192045e-06 -0.3938762 -0.9460938 1.322075e-06 -0.3238928 -0.9482955 0 -0.3173887 -0.9101983 -2.272279e-08 -0.4141728 -0.8895935 9.17166e-05 -0.456753 -0.898037 3.238534e-07 -0.43992 -0.8971002 -4.134991e-05 -0.4418273 -0.9084049 -0.07064769 -0.4120792 -0.8950717 -7.008985e-05 -0.4459222 -0.8324775 -8.943162e-06 -0.5540588 -0.9077901 0.06513525 -0.4143361 -0.8973854 3.329659e-07 -0.4412476 -0.886785 2.808184e-06 -0.4621821 -0.9138059 -2.22827e-08 -0.4061513 -0.898037 -5.130918e-07 -0.43992 -0.8246343 -3.103418e-08 -0.5656663 -0.8308033 -3.767307e-05 -0.5565662 -0.830364 -3.311901e-05 -0.5572215 -0.8310459 -9.889843e-06 -0.5562038 -0.8038775 0.076474 -0.5898583 -0.8317507 -2.527993e-06 -0.5551493 -0.893064 1.313132e-05 -0.4499298 -0.8211018 -0.03658617 -0.5696079 -0.8330302 -2.241999e-06 -0.5532274 -0.8103917 3.776138e-06 -0.5858886 -0.8321325 -3.042579e-08 -0.5545769 -0.8303639 3.133047e-07 -0.5572214 -0.748193 -3.64006e-08 -0.6634811 -0.7290321 0.0001277821 -0.6844796 -0.7543765 -6.038642e-05 -0.656442 -0.7512184 -2.929698e-05 -0.6600537 -0.7508252 -4.037734e-05 -0.660501 -0.7584952 2.274693e-05 -0.6516786 -0.7308647 0.04382409 -0.681114 -0.7170288 -0.0707578 -0.6934428 -0.7506238 1.035145e-06 -0.6607297 -0.759367 -8.018002e-07 -0.6506625 -0.7550592 -3.597133e-08 -0.6556565 -0.7512184 5.861627e-07 -0.6600537 -0.6621004 -5.341823e-07 -0.7494152 -0.7056944 9.463378e-06 -0.7085162 -0.6627815 -2.236526e-05 -0.7488129 -0.6597496 -0 -0.7514855 -0.6574534 -0.004188229 -0.7534835 -0.6598478 8.746371e-07 -0.7513993 -0.7002229 -0.0711281 -0.7103722 -0.6621503 -1.630545e-05 -0.7493711 -0.6658217 -4.093393e-08 -0.7461109 -0.6383952 -0.000136396 -0.7697087 -0.6854683 0.0001654048 -0.7281024 -0.6629882 4.291281e-06 -0.7486297 -0.5530183 2.145348e-07 -0.8331692 -0.5551126 6.899638e-07 -0.8317752 -0.5688378 -0.0001028232 -0.8224497 -0.5506912 -0 -0.834709 -0.6151675 0.08894086 -0.7833635 -0.5576181 -2.263308e-06 -0.8300976 -0.02168071 4.697258e-05 -0.9997649 -0.554474 8.910076e-05 -0.8322011 -0.5530183 4.383218e-05 -0.8331692 -0.5485032 0 -0.8361484 -0.5353078 -4.661726e-05 -0.8446571 -0.5544829 7.630216e-05 -0.8321951 0 0.3939967 -0.9191119 -0.4442949 3.213521e-07 -0.8958806 -0.4388703 -9.135411e-07 -0.8985505 -0.4474301 -8.339637e-07 -0.8943189 -0.4472136 -0 -0.8944272 -0.4551331 0.01320965 -0.8903254 -0.4446065 1.709064e-07 -0.895726 -0.447209 -2.496277e-08 -0.8944294 -0.4154937 0.0277192 -0.9091735 -0.4442949 2.660536e-05 -0.8958806 -0.4468495 0 -0.8946091 -0.4578591 2.524481e-05 -0.8890247 -0.4382758 -0.0001000818 -0.8988406 -0.3206269 -5.553508e-07 -0.9472055 -0.3212846 -4.106181e-07 -0.9469827 -0.3175939 2.03688e-05 -0.9482269 -0.3266152 -5.185423e-08 -0.9451574 -0.2352727 -0.0893013 -0.9678182 -0.3179752 6.434811e-07 -0.948099 -0.5534798 -1.216343e-05 -0.8328626 -0.320489 0.005266781 -0.9472376 -0.3205471 -3.928835e-06 -0.9472325 -0.2821663 0 -0.9593655 -0.3191344 5.137194e-05 -0.9477094 -0.3251623 9.167378e-05 -0.9456582 -0.1961332 -3.005231e-08 -0.9805772 -0.1902782 -1.160373e-06 -0.9817302 -0.1836997 4.177493e-05 -0.9829824 -0.2253137 -5.345233e-08 -0.9742863 -0.150009 -0.04644113 -0.9875934 -0.1950961 4.45621e-07 -0.9807842 -0.3181239 -3.774482e-06 -0.9480492 -0.1846575 0.01295459 -0.9827175 -0.1961332 -1.92967e-05 -0.9805773 -0.1788205 -5.397876e-08 -0.9838817 -0.198531 1.635408e-05 -0.9800946 -0.1972155 6.650827e-06 -0.9803602 -0.06552758 -5.660221e-08 -0.9978508 -0.03787727 -0.02929552 -0.9988529 -0.06698858 -9.907498e-07 -0.9977537 7.575263e-06 -5.658331e-08 -1 -0.06234397 0.006315914 -0.9980348 -0.06552758 0 -0.9978508 0.0001927239 -5.486306e-08 -1 -0.04123254 1.173774e-05 -0.9991496 -0.06854495 8.8341e-05 -0.9976481 0 0 -1 0 0 -1 0 0 -1 0 -5.799065e-08 -1 -0 -0 -1 -0 0 -1 5.672412e-08 -5.672412e-08 -1 -1 0 0 -1 0 0 0 5.799065e-08 1 -5.486306e-08 5.486306e-08 1 -0 0 1 0 0 1 1 0 0 1 0 0 0 -5.486306e-08 -1 0 -5.486306e-08 -1 0.06552757 -5.474514e-08 -0.9978507 0.06552757 -5.474514e-08 -0.9978507 0.1968176 -5.378994e-08 -0.98044 0.1968176 -5.378994e-08 -0.98044 0.3206539 0 -0.9471964 0.3205741 -5.196758e-08 -0.9472234 0.4428481 0 -0.8965967 0.4428481 0 -0.8965967 0.5547002 0 -0.8320503 0.5547002 0 -0.8320503 0.6602524 -4.120456e-08 -0.7510437 0.6603023 0 -0.7509999 0.7512184 -3.62028e-08 -0.6600537 0.7512184 -3.62028e-08 -0.6600537 0.8320503 -3.044233e-08 -0.5547002 0.8320503 -3.044233e-08 -0.5547002 0.8965967 -2.429114e-08 -0.4428481 0.8965967 -2.429114e-08 -0.4428481 0.9472325 -1.758619e-08 -0.320547 0.9472234 0 -0.3205741 0.9804367 0 -0.1968348 0.98044 -1.079802e-08 -0.1968176 0.9978507 -3.595043e-09 -0.06552757 0.9978507 -3.595043e-09 -0.06552757 1 0 0 1 0 0 0.9978663 3.582014e-09 0.06529008 0.9978663 3.582014e-09 0.06529008 0.9804367 1.079896e-08 0.1968348 0.9804367 1.079896e-08 0.1968348 0.9472325 1.758619e-08 0.320547 0.9472234 0 0.3205741 0.8331691 3.033053e-08 0.5530182 0.833142 0 0.5530592 0.8958806 0 0.4442949 0.8958982 2.436856e-08 0.4442595 0.7512184 0 0.6600537 0.7512184 0 0.6600537 0.6581966 4.130344e-08 0.7528462 0.6582468 -0 0.7528021 0.4428481 4.919004e-08 0.8965967 0.4428481 4.919004e-08 0.8965967 0.5572214 4.555631e-08 0.830364 0.5572214 4.555631e-08 0.830364 0.1933071 0 0.9811383 0.1933071 -0 0.9811383 0.3206539 0 0.9471964 0.3205741 5.196758e-08 0.9472234 0.06552757 5.474514e-08 0.9978507 0.06561611 -0 0.9978449 -1 0 0 -1 0 0 -1 0 0 -1 0 0 -1 0 0 -1 0 0 -1 0 0 -1 0 0 -1 0 0 -1 0 0 -1 0 0 -1 0 0 -1 0 0 -1 0 0 -1 0 0 -1 0 0 -1 0 0 -1 0 0 -1 0 0 -1 0 0 -1 0 0 -1 0 0 -1 0 0 -1 0 0 -1 0 0 -1 0 0 -1 0 0 -1 -0 0 -1 0 0 -1 0 0 0 -1 0 0 -1 0 0 0.9983472 -0.05746965 -0.07656533 0.9790559 -0.1886459 -0.2505495 0.9449799 -0.2103284 -7.666456e-06 0.9850175 -0.1724546 1.076919e-05 0.9978508 -0.06552758 -0.1133955 0.9411376 -0.3184361 -0.1368458 0.9363132 -0.3234051 -1.0818e-05 0.9576097 -0.2880688 2.11988e-05 0.9804401 -0.1968176 0.1312642 0.9282199 -0.3481057 0.07745766 0.9261798 -0.369041 -1.765537e-05 0.9170548 -0.398761 2.377083e-05 0.9471964 -0.3206539 -0.2238981 0.7837805 -0.5792735 0.1423037 0.8882651 -0.4367319 -2.469466e-05 0.8626455 -0.5058089 2.230351e-05 0.898037 -0.43992 -0.02005919 0.7864938 -0.6172723 -0.05714851 0.7719541 -0.6331042 -2.262441e-05 0.7949001 -0.6067404 2.219447e-05 0.8303639 -0.5572214 0.01551597 0.7202227 -0.6935694 -0.06368309 0.6773669 -0.7328838 -2.076915e-05 0.7127059 -0.7014629 2.523808e-05 0.7512625 -0.6600035 -2.420435e-05 0.6152011 -0.7883701 0.07151328 0.6575034 -0.7500501 -0.04073441 0.5855804 -0.8095902 2.637136e-05 0.6603023 -0.7509998 -2.548863e-05 0.5080581 -0.8613228 -0.0138564 0.4976693 -0.8672562 0.1412741 0.6094937 -0.780102 2.289736e-05 0.5547002 -0.8320503 -3.015817e-05 0.3896621 -0.9209579 0.03251256 0.4171968 -0.9082344 -0.0003771132 0.3877518 -0.9217638 2.175174e-05 0.4442949 -0.8958806 0 0.4759498 -0.8794724 -2.80616e-05 0.2630903 -0.9647712 0.009948814 0.2726884 -0.9620509 0.008238737 0.2709192 -0.9625669 2.126439e-05 0.320547 -0.9472326 -1.613109e-05 0.1448009 -0.9894608 0.01407084 0.1604422 -0.986945 -0.006031312 0.1317014 -0.9912711 2.390247e-05 0.1961332 -0.9805773 0 0.0532545 -0.998581 1.404783e-05 0.06552758 -0.9978508 0 1 -0 0 1 0 -0 1 0 0 1 0 0 1 0 0 1 0 0 1 0 0 1 0 0 1 0 0 1 0 0 1 0 0 1 0 0 1 0 0 1 0 0 1 0 -0 1 0 0 1 0 0 1 -0 0 -1 0 0 -1 0 0 -1 0 0 -1 -0 0 -1 0 0 -1 0 0 -1 0 0 -1 0 0 -1 0 0 -1 0 0 -1 0 0 -1 0 0 -1 0 0 -1 0 0 -1 0 0 -1 0 0 -1 0 0 -1 -0 0 -0.065213 -0.9978714 -0 -0.06552758 -0.9978508 -8.825044e-06 -0.1842855 -0.9828728 0.05486912 -0.2377793 -0.9697682 0.01962126 -0.1994492 -0.9797117 4.778278e-07 -0.06523065 -0.9978701 -1.026583e-05 -0.3046435 -0.9524665 0.01626063 -0.3193287 -0.9475045 0.06119105 -0.3619276 -0.9301957 7.619734e-06 -0.1961332 -0.9805772 -1.466478e-05 -0.4188097 -0.908074 -0.01195421 -0.4088683 -0.912515 0.09836821 -0.5026941 -0.8588495 1.104028e-05 -0.3205471 -0.9472326 -1.352009e-05 -0.5242326 -0.8515751 -0.0347373 -0.498506 -0.86619 -0.09564637 -0.448123 -0.8888406 1.828875e-05 -0.4442949 -0.8958806 -1.661657e-05 -0.6266682 -0.7792861 -0.07687726 -0.5767567 -0.8132907 -0.1179779 -0.5460139 -0.8294276 2.445999e-05 -0.5547002 -0.8320503 0.03452582 -0.7281209 -0.6845787 0.0561004 -0.7372376 -0.6733004 -1.907604e-05 -0.7111769 -0.7030132 2.337417e-05 -0.6603024 -0.7509999 0.04980217 -0.8058072 -0.5900801 0.08439617 -0.815721 -0.5722557 -1.906309e-05 -0.7873088 -0.6165588 2.435186e-05 -0.7512625 -0.6600035 0.09308416 -0.8709759 -0.4824276 -0.04313591 -0.8387604 -0.5427894 -1.672382e-05 -0.8518036 -0.5238613 2.127312e-05 -0.8303639 -0.5572214 0.7071068 -0.7071068 0 0.2235949 -0.9195684 -0.3231089 -5.077998e-06 -0.9054161 -0.4245253 4.264369e-06 -0.9450993 -0.3267834 1.503651e-05 -0.898037 -0.4399201 -0.07627444 -0.9675807 -0.240769 -0.01406377 -0.9739146 -0.2264785 -4.818146e-06 -0.97469 -0.2235608 1.287922e-05 -0.9471965 -0.3206539 -0.04453119 -0.9911399 -0.1251339 0.05322395 -0.9918579 -0.1156943 -1.021186e-05 -0.9924506 -0.1226454 2.391523e-05 -0.9804401 -0.1968177 -0 -0.9989896 -0.04494152 2.013042e-05 -0.9978508 -0.06552757 0.9928497 -0.001660625 0.1193593 0.9912573 -0.002495938 0.1319192 0.9832113 0.002999352 0.182446 0.98461 0.005692837 0.1746729 0.9746342 -0.004529738 0.2237581 0.9788607 -0.0004396556 0.2045276 0.964227 0.004562805 0.2650389 0.959942 0.002684171 0.2801856 0.9093614 -0.004275316 0.415985 0.9007563 0.005625052 0.4342885 0.9262021 0.00108158 0.3770259 0.9167078 0.002554092 0.3995501 0.8545604 -0.001977081 0.5193483 0.8496004 0.0003763342 0.5274267 0.8670433 0.00108875 0.4982316 0.8645049 0.001818816 0.5026212 0.7866447 -0.0002903396 0.6174059 0.7886242 -0.0008523965 0.6148749 0.7937987 0.001103137 0.6081795 0.7944421 0.0008679497 0.6073393 0.7117308 -2.661146e-05 0.7024524 0.709617 0.0004043563 0.7045876 0.7100539 0.0004748943 0.7041472 0.7111166 3.120145e-05 0.7030742 0.6222353 -0.001348111 0.7828291 0.62443 -0.0005253882 0.7810807 0.5255017 -0.0004366072 0.8507924 0.5250167 -0.0006060429 0.8510917 0.6124543 0.000772854 0.7905056 0.612933 0.0008370157 0.7901344 0.4205018 0.001272725 0.9072909 0.4142184 -0.0008941772 0.9101771 0.515472 0.001154323 0.8569056 0.5099667 0.0006892758 0.8601939 0.30754 9.567238e-05 0.9515351 0.3047396 -0.0009567973 0.9524353 0.3890826 0.001190209 0.9212021 0.3845581 0.0009514525 0.9231002 0.1841333 -0.001375381 0.9829003 0.1861425 -0.0004094884 0.9825227 0.2624478 0.001013193 0.9649456 0.2627986 0.001025299 0.9648501 0.1362202 0.0003798134 0.9906785 0.156499 0.0005908859 0.9876779 0 0.06147972 0.9981083 0 0.0656161 0.9978449 -0.01599246 0.1684957 0.9855726 0.02405893 0.2123886 0.9768891 -3.388506e-06 0.1842908 0.9828717 6.299435e-06 0.06171256 0.998094 0.01913469 0.321907 0.9465778 0.06080497 0.361388 0.9304308 -1.029405e-05 0.3046434 0.9524665 8.210769e-06 0.1926339 0.9812707 -0.01066654 0.4098659 0.9120834 -0.03978678 0.3834584 0.9227008 -1.468394e-05 0.4187309 0.9081104 1.107059e-05 0.3205471 0.9472325 0.03599099 0.5525649 0.8326924 -0.0991561 0.4451106 0.8899689 -1.463994e-05 0.5271538 0.8497698 1.845982e-05 0.4442949 0.8958805 -0.03456341 0.6024196 0.7974309 0.00714549 0.6300918 0.7764877 -1.521343e-05 0.624218 0.7812502 2.312878e-05 0.5572214 0.8303639 0.03452582 0.7281209 0.6845787 0.0561004 0.7372376 0.6733004 -1.912821e-05 0.7111768 0.7030132 2.510074e-05 0.6582469 0.7528022 0.04832677 0.8054095 0.5907454 0.08666741 0.8163773 0.5709789 -1.911517e-05 0.7873088 0.6165589 2.441842e-05 0.7512625 0.6600035 0.09787346 0.8717465 0.480082 -0.04313591 0.8387604 0.5427894 -1.395413e-05 0.8518044 0.5238601 2.242044e-05 0.8314633 0.5555795 0.7071068 0.7071068 0 0.2235949 0.9195684 0.3231089 -5.091849e-06 0.9054161 0.4245253 4.272875e-06 0.9450877 0.3268167 1.692868e-05 0.8973465 0.4413267 -0.07941808 0.9671707 0.2413995 -0.01532083 0.9738411 0.226713 -4.805575e-06 0.9746954 0.223537 1.295736e-05 0.9471964 0.3206539 -0.04574194 0.9910741 0.125219 0.05394534 0.9918302 0.1155977 -1.025615e-05 0.9924506 0.1226454 2.396198e-05 0.9804367 0.1968348 0 0.9990006 0.04469679 2.030265e-05 0.9978663 0.06529009 0 -0.9983604 0.0572404 -0.07656533 -0.9790559 0.1886459 -0.2088896 -0.9560687 0.2056644 -7.832578e-06 -0.9848945 0.1731553 1.083056e-05 -0.9978663 0.06529008 -0.156915 -0.9325105 0.3252718 -0.1028006 -0.9438555 0.3139566 -1.20287e-05 -0.9579447 0.2869529 2.01677e-05 -0.9804366 0.1968348 0.04877147 -0.9229355 0.3818525 -0.01847342 -0.9139548 0.4053952 -1.768428e-05 -0.9170704 0.3987255 2.383566e-05 -0.9471964 0.3206539 -0.1632117 -0.8093587 0.5641812 0.05310591 -0.8747876 0.4815874 -2.200603e-05 -0.8626217 0.5058496 2.380794e-05 -0.8973464 0.4413267 -0.01751619 -0.7874851 0.6160847 -0.05654062 -0.7722543 0.6327926 -2.264426e-05 -0.7949345 0.6066952 2.371234e-05 -0.8314633 0.5555795 -0.0624739 -0.6778314 0.7325583 0.1100108 -0.7627028 0.6373242 -2.29361e-05 -0.7108046 0.7033895 2.539582e-05 -0.7512625 0.6600035 0.003026488 -0.6183945 0.785862 0.03920158 -0.641207 0.766366 -2.175824e-05 -0.6174869 0.7865812 2.407751e-05 -0.6582469 0.7528022 0.01612809 -0.5210378 0.8533812 -0.01201901 -0.4991247 0.8664467 -2.549172e-05 -0.5081233 0.8612843 2.563158e-05 -0.5572214 0.8303639 -0.0003771132 -0.3877518 0.9217638 0.03103749 -0.4158939 0.9088834 -3.018549e-05 -0.3895887 0.920989 2.193235e-05 -0.4442949 0.8958806 0 -0.4741245 0.8804578 0.008238737 -0.2709192 0.9625669 0.009948812 -0.2726884 0.962051 -2.813874e-05 -0.2630903 0.9647713 2.13228e-05 -0.3205471 0.9472327 0.004880259 -0.1556799 0.9877955 -0.01233021 -0.1310748 0.9912958 -1.067716e-05 -0.144807 0.9894599 2.666859e-05 -0.1926339 0.9812707 0 -0.04853246 0.9988216 1.960017e-05 -0.06561611 0.997845 0.1493244 -0.0005172211 -0.9887881 0.1496711 -0.0005208384 -0.9887357 0.2624485 -0.0010139 -0.9649455 0.2627459 -0.001024168 -0.9648646 0.191921 0.0009550101 -0.9814099 0.1923735 0.0007266065 -0.9813215 0.3890826 -0.001190209 -0.9212021 0.3845581 -0.0009514525 -0.9231002 0.3045606 0.0009449503 -0.9524925 0.3073256 -9.778731e-05 -0.9516044 0.5101271 -0.001242935 -0.8600982 0.5067771 -0.0009620222 -0.8620765 0.4140564 0.0008840227 -0.9102508 0.4143978 0.0007665156 -0.9100956 0.5248858 0.0005947095 -0.8511725 0.525341 0.00043569 -0.8508916 0.6170601 -0.0007242604 -0.7869157 0.6183118 -0.0008936606 -0.7859324 0.6258178 4.079356e-06 -0.7799693 0.6222353 0.001348111 -0.7828291 0.7100301 -0.0004710531 -0.7041711 0.7110726 -3.085884e-05 -0.7031186 0.7117308 2.661146e-05 -0.7024524 0.709617 -0.0004043563 -0.7045876 0.7937473 -0.001093042 -0.6082467 0.7944328 -0.0008425338 -0.6073516 0.7866989 0.0002798364 -0.6173367 0.7887127 0.0008517868 -0.6147614 0.8640337 -0.001938342 -0.5034302 0.8624507 -0.002390209 -0.5061357 0.8490142 0.001714091 -0.5283672 0.8502718 0.002311742 -0.5263389 0.9269644 -0.001331039 -0.375147 0.9167688 -0.002941927 -0.3994074 0.9093475 0.004258863 -0.4160157 0.9007563 -0.005625052 -0.4342885 0.960719 -0.003017176 -0.2775062 0.9642751 -0.004584524 -0.2648634 0.9788929 0.0004243285 -0.2043729 0.974635 0.00454805 -0.2237541 0.9846108 -0.005719316 -0.1746683 0.9831992 -0.002989752 -0.1825112 0.9912679 0.002490638 -0.1318396 0.9928556 0.00165736 -0.1193102 0 -1 -0 0 -1 0 0 -1 0 0 -1 0 0 -1 0</float_array>
          <technique_common>
            <accessor count="14960" source="#cubenormals-array0-array" stride="3">
              <param type="float" name="X"/>
              <param type="float" name="Y"/>
              <param type="float" name="Z"/>
            </accessor>
          </technique_common>
        </source>
        <vertices id="cubeverts-array0-vertices">
          <input semantic="POSITION" source="#cubeverts-array0"/>
        </vertices>
        <triangles count="14960" material="ref_union001">
          <input offset="0" semantic="VERTEX" source="#cubeverts-array0-vertices"/>
          <input offset="1" semantic="NORMAL" source="#cubenormals-array0"/>
          <p>2186 0 2076 0 2190 0 2186 1 2048 1 2076 1 2048 2 1180 2 2052 2 2186 3 1180 3 2048 3 1095 4 1180 4 2186 4 1180 5 1095 5 1145 5 1100 6 1145 6 1095 6 1145 7 1100 7 1155 7 2190 8 2076 8 2086 8 2052 9 1180 9 1184 9 2085 10 2052 10 2086 10 2052 11 2085 11 2051 11 2052 12 2030 12 2087 12 2030 13 2052 13 1191 13 2052 14 2087 14 2086 14 1184 15 1191 15 2052 15 1191 16 1184 16 1156 16 1184 17 1155 17 1156 17 1183 18 1155 18 1184 18 1155 19 1183 19 1154 19 1145 20 1154 20 1144 20 1154 21 1145 21 1155 21 1137 22 1144 22 1136 22 1144 23 1137 23 1145 23 1180 24 1183 24 1184 24 1180 25 1179 25 1183 25 1176 26 1179 26 1180 26 1179 27 1176 27 1175 27 1136 28 1179 28 1175 28 1179 29 1136 29 1144 29 2044 30 1537 30 1176 30 2044 31 1577 31 1537 31 2044 32 1585 32 1577 32 2044 33 1615 33 1585 33 2044 34 1677 34 1615 34 2044 35 1699 35 1677 35 2044 36 1719 36 1699 36 2043 37 1719 37 2044 37 1719 38 2043 38 1728 38 1728 39 2043 39 1718 39 1718 40 2043 40 1698 40 1698 41 2043 41 1676 41 1576 42 2043 42 1536 42 1584 43 2043 43 1576 43 1614 44 2043 44 1584 44 1676 45 2043 45 1614 45 2070 46 2187 46 2069 46 2186 47 2044 47 1095 47 1176 48 1095 48 2044 48 1137 49 1095 49 1176 49 1094 50 1137 50 1136 50 1137 51 1094 51 1095 51 1175 52 1094 52 1136 52 3762 53 2187 53 3770 53 2187 54 3762 54 2186 54 3754 55 2186 55 3762 55 3746 56 2186 56 3754 56 3738 57 2186 57 3746 57 3731 58 2186 58 3738 58 2186 59 3731 59 2067 59 2067 60 3731 60 3737 60 2067 61 3737 61 3745 61 2067 62 3745 62 3753 62 2067 63 3753 63 3761 63 2067 64 3761 64 3769 64 3843 65 3769 65 3777 65 2186 66 2067 66 2068 66 3843 67 3777 67 3785 67 1529 68 1176 68 1537 68 1521 69 1176 69 1529 69 1505 70 1176 70 1521 70 1483 71 1176 71 1505 71 1469 72 1176 72 1483 72 1455 73 1176 73 1469 73 1175 74 1455 74 1446 74 1175 75 1446 75 1454 75 1175 76 1454 76 1468 76 1175 77 1468 77 1482 77 1175 78 1482 78 1504 78 1175 79 1536 79 2043 79 1455 80 1175 80 1176 80 1520 81 1175 81 1504 81 1528 82 1175 82 1520 82 1536 83 1175 83 1528 83 2046 84 1539 84 1178 84 2046 85 1579 85 1539 85 2046 86 1587 86 1579 86 2046 87 1617 87 1587 87 2046 88 1679 88 1617 88 2046 89 1701 89 1679 89 2046 90 1721 90 1701 90 2046 91 1729 91 1721 91 2046 92 1720 92 1729 92 2045 93 1720 93 2046 93 1720 94 2045 94 1700 94 1700 95 2045 95 1678 95 1678 96 2045 96 1616 96 1578 97 2045 97 1538 97 1586 98 2045 98 1578 98 1616 99 2045 99 1586 99 3844 100 2072 100 1099 100 3780 101 3844 101 3788 101 3844 102 3796 102 3788 102 3844 103 3804 103 3796 103 3844 104 3812 104 3804 104 3844 105 3820 105 3812 105 3844 106 3828 106 3820 106 3844 107 3836 107 3828 107 3844 108 3840 108 3836 108 3844 109 3835 109 3840 109 3844 110 3827 110 3835 110 3826 111 3827 111 3844 111 3786 112 3787 112 3795 112 2189 113 2045 113 2071 113 2045 114 2189 114 1177 114 1098 115 1177 115 2189 115 3787 116 2189 116 2071 116 3794 117 3795 117 3803 117 3787 118 2188 118 2189 118 2188 119 2187 119 2070 119 3787 120 2187 120 2188 120 3802 121 3803 121 3811 121 3810 122 3811 122 3819 122 3827 123 3826 123 3819 123 3787 124 3786 124 2187 124 2044 125 2186 125 2068 125 3770 126 2187 126 3778 126 3778 127 2187 127 3786 127 3795 128 3794 128 3786 128 3803 129 3802 129 3794 129 3811 130 3810 130 3802 130 3819 131 3818 131 3810 131 3819 132 3826 132 3818 132 3843 133 3826 133 3844 133 3826 134 3843 134 3834 134 3843 135 2043 135 2067 135 1094 136 2043 136 3843 136 2043 137 1094 137 1175 137 3769 138 3843 138 2067 138 3793 139 3843 139 3785 139 3801 140 3843 140 3793 140 3809 141 3843 141 3801 141 3817 142 3843 142 3809 142 3825 143 3843 143 3817 143 3833 144 3843 144 3825 144 3839 145 3843 145 3833 145 3834 146 3843 146 3839 146 2046 147 1099 147 2072 147 1178 148 1099 148 2046 148 1141 149 1099 149 1178 149 1140 150 1099 150 1141 150 1140 151 1098 151 1099 151 1177 152 1098 152 1140 152 3772 153 3844 153 3780 153 3844 154 3772 154 2072 154 3764 155 2072 155 3772 155 3756 156 2072 156 3764 156 3748 157 2072 157 3756 157 3740 158 2072 158 3748 158 3732 159 2072 159 3740 159 3739 160 2072 160 3732 160 2071 161 3739 161 3747 161 2071 162 3747 162 3755 162 2071 163 3755 163 3763 163 2071 164 3763 164 3771 164 2071 165 3771 165 3779 165 3739 166 2071 166 2072 166 2071 167 3779 167 3787 167 1531 168 1178 168 1539 168 1523 169 1178 169 1531 169 1507 170 1178 170 1523 170 1485 171 1178 171 1507 171 1471 172 1178 172 1485 172 1457 173 1178 173 1471 173 1447 174 1178 174 1457 174 1456 175 1178 175 1447 175 1177 176 1456 176 1470 176 1177 177 1470 177 1484 177 1177 178 1484 178 1506 178 1177 179 1506 179 1522 179 1177 180 1538 180 2045 180 1538 181 1177 181 1530 181 1530 182 1177 182 1522 182 1456 183 1177 183 1178 183 2027 184 1986 184 1990 184 1986 185 2026 185 1234 185 2027 186 1990 186 1994 186 1187 187 1234 187 2026 187 2027 188 1994 188 1998 188 1188 189 1234 189 1187 189 2027 190 1998 190 2002 190 1986 191 2027 191 2026 191 2027 192 2002 192 2006 192 1234 193 1188 193 1230 193 2027 194 2006 194 2010 194 1222 195 1188 195 1218 195 2027 196 2010 196 2014 196 1218 197 1188 197 1214 197 2027 198 2014 198 2018 198 1214 199 1188 199 1210 199 2027 200 2018 200 2022 200 1210 201 1188 201 1206 201 1206 202 1188 202 1202 202 1202 203 1188 203 1198 203 1230 204 1188 204 1226 204 1226 205 1188 205 1222 205 1138 206 1097 206 1139 206 1097 207 1138 207 1096 207 1987 208 2029 208 2028 208 2029 209 1987 209 1190 209 1987 210 2028 210 2023 210 1235 211 1190 211 1987 211 1987 212 2023 212 2019 212 1190 213 1235 213 1189 213 1987 214 2019 214 2015 214 1189 215 1235 215 1199 215 1987 216 2015 216 2011 216 1199 217 1235 217 1203 217 1987 218 2011 218 2007 218 1203 219 1235 219 1207 219 1987 220 2007 220 2003 220 1207 221 1235 221 1211 221 1987 222 2003 222 1999 222 1211 223 1235 223 1215 223 1987 224 1999 224 1995 224 1215 225 1235 225 1219 225 1987 226 1995 226 1991 226 1219 227 1235 227 1223 227 1223 228 1235 228 1227 228 1227 229 1235 229 1231 229 1137 230 1180 230 1145 230 1180 231 1137 231 1176 231 1179 232 1154 232 1183 232 1154 233 1179 233 1144 233 1158 234 1103 234 1146 234 2053 235 1185 235 2049 235 2077 236 2193 236 2089 236 2193 237 2077 237 2189 237 2049 238 2189 238 2077 238 1181 239 2049 239 1185 239 2049 240 1181 240 2189 240 1098 241 1181 241 1146 241 1181 242 1098 242 2189 242 1098 243 1146 243 1103 243 1146 244 1177 244 1140 244 1177 245 1146 245 1181 245 1186 246 1147 246 1182 246 1147 247 1186 247 1159 247 2089 248 2054 248 2090 248 2089 249 2053 249 2054 249 2088 250 2053 250 2089 250 2053 251 2031 251 1185 251 2053 252 2088 252 2031 252 1192 253 1185 253 2031 253 1157 254 1185 254 1192 254 1185 255 1157 255 1158 255 1185 256 1159 256 1186 256 1159 257 1185 257 1158 257 1147 258 1178 258 1182 258 1178 259 1147 259 1141 259 1146 260 1159 260 1158 260 1146 261 1147 261 1159 261 1140 262 1147 262 1146 262 1147 263 1140 263 1141 263 1181 264 1186 264 1182 264 1186 265 1181 265 1185 265 1177 266 1182 266 1178 266 1182 267 1177 267 1181 267 2090 268 2050 268 2078 268 2050 269 2090 269 2054 269 2049 270 2054 270 2053 270 2049 271 2050 271 2054 271 2045 272 2050 272 2049 272 2050 273 2045 273 2046 273 2050 274 2072 274 2078 274 2072 275 2050 275 2046 275 2049 276 2071 276 2045 276 2071 277 2049 277 2077 277 2077 278 2090 278 2078 278 2090 279 2077 279 2089 279 2071 280 2078 280 2072 280 2078 281 2071 281 2077 281 2189 282 2192 282 2193 282 2192 283 2189 283 2188 283 1102 284 1158 284 1157 284 1158 285 1102 285 1103 285 1092 286 1095 286 1094 286 1095 287 1092 287 1096 287 1096 288 1092 288 1097 288 1093 289 1097 289 1092 289 1097 290 1093 290 1098 290 1098 291 1093 291 1099 291 1095 292 1101 292 1100 292 1101 293 1095 293 1096 293 1097 294 1103 294 1102 294 1103 295 1097 295 1098 295 2193 296 2088 296 2089 296 2088 297 2193 297 2192 297 1102 298 1139 298 1097 298 1139 299 1102 299 1157 299 1174 300 1192 300 1197 300 1192 301 1174 301 1157 301 1190 302 2031 302 2029 302 2031 303 1190 303 1192 303 2036 304 2112 304 2115 304 2112 305 2036 305 2109 305 2031 306 2109 306 2036 306 2109 307 2031 307 2088 307 2070 308 2192 308 2188 308 2192 309 2070 309 2088 309 2043 310 2075 310 2067 310 2075 311 2043 311 2047 311 2076 312 2085 312 2086 312 2076 313 2075 313 2085 313 2068 314 2075 314 2076 314 2075 315 2068 315 2067 315 2048 316 2051 316 2047 316 2051 317 2048 317 2052 317 2044 318 2047 318 2043 318 2047 319 2044 319 2048 319 2044 320 2076 320 2048 320 2076 321 2044 321 2068 321 2075 322 2051 322 2085 322 2051 323 2075 323 2047 323 2187 324 2190 324 2191 324 2190 325 2187 325 2186 325 1100 326 1156 326 1155 326 1156 327 1100 327 1101 327 2191 328 2086 328 2087 328 2086 329 2191 329 2190 329 6288 330 6984 330 6980 330 6984 331 6288 331 6289 331 2114 332 2176 332 2180 332 2176 333 2114 333 2132 333 2111 334 2132 334 2114 334 2132 335 2111 335 2130 335 3426 336 3724 336 3476 336 3724 337 3474 337 3498 337 3402 338 3724 338 3426 338 3724 339 3424 339 3474 339 3400 340 3724 340 3402 340 3724 341 3400 341 3424 341 3348 342 3400 342 3402 342 3348 343 3346 343 3400 343 3306 344 3346 344 3348 344 3306 345 3304 345 3346 345 3262 346 3304 346 3306 346 3262 347 3260 347 3304 347 3210 348 3260 348 3262 348 3210 349 3206 349 3260 349 3150 350 3206 350 3210 350 3150 351 3148 351 3206 351 3094 352 3148 352 3150 352 3094 353 3092 353 3148 353 3052 354 3092 354 3094 354 3052 355 3050 355 3092 355 2176 356 3052 356 3002 356 3052 357 2176 357 3050 357 2176 358 3002 358 2978 358 2132 359 3050 359 2176 359 2176 360 2978 360 2938 360 3050 361 2132 361 3000 361 2176 362 2938 362 2914 362 3000 363 2132 363 2976 363 3724 364 3478 364 3502 364 3718 365 3428 365 3478 365 3718 366 3404 366 3428 366 3718 367 3350 367 3404 367 3718 368 3308 368 3350 368 3718 369 3264 369 3308 369 3718 370 3214 370 3264 370 3718 371 3152 371 3214 371 2976 372 2132 372 2936 372 2940 373 2176 373 2914 373 2980 374 2176 374 2940 374 3004 375 2176 375 2980 375 3054 376 2176 376 3004 376 3096 377 2176 377 3054 377 3152 378 2176 378 3096 378 2176 379 3152 379 3718 379 3478 380 3724 380 3718 380 3476 381 3724 381 3502 381 3724 382 3498 382 3722 382 3470 383 3722 383 3498 383 3422 384 3722 384 3470 384 3398 385 3722 385 3422 385 3344 386 3722 386 3398 386 3302 387 3722 387 3344 387 3258 388 3722 388 3302 388 3204 389 3722 389 3258 389 3146 390 3722 390 3204 390 2936 391 2132 391 2910 391 2910 392 2132 392 2934 392 3146 393 2132 393 3722 393 3090 394 2132 394 3146 394 3048 395 2132 395 3090 395 2998 396 2132 396 3048 396 2974 397 2132 397 2998 397 2934 398 2132 398 2974 398 6300 399 6936 399 6934 399 6287 400 6300 400 6286 400 6300 401 6287 401 6936 401 3394 402 3720 402 3721 402 3462 403 3720 403 3494 403 3720 404 3466 404 3494 404 3720 405 3418 405 3466 405 3720 406 3394 406 3418 406 3721 407 3340 407 3394 407 3721 408 3298 408 3340 408 3721 409 3254 409 3298 409 3721 410 3200 410 3254 410 3721 411 3142 411 3200 411 3721 412 3086 412 3142 412 2108 413 3086 413 3721 413 3086 414 2108 414 3044 414 3044 415 2108 415 2994 415 2970 416 2101 416 2930 416 2101 417 2970 417 2108 417 2994 418 2108 418 2970 418 3414 419 3720 419 3462 419 3390 420 3720 420 3414 420 3720 421 3390 421 3562 421 3336 422 3562 422 3390 422 3294 423 3562 423 3336 423 3250 424 3562 424 3294 424 3196 425 3562 425 3250 425 3138 426 3562 426 3196 426 3082 427 3562 427 3138 427 3040 428 3562 428 3082 428 2101 429 3040 429 2990 429 2930 430 2101 430 2906 430 2906 431 2101 431 2926 431 2926 432 2101 432 2966 432 2966 433 2101 433 2990 433 3040 434 2101 434 3562 434 3718 435 4117 435 4116 435 4117 436 3718 436 3568 436 580 437 1109 437 592 437 777 438 614 438 624 438 544 439 1109 439 580 439 777 440 590 440 614 440 1109 441 544 441 777 441 777 442 578 442 590 442 516 443 777 443 544 443 777 444 542 444 578 444 472 445 777 445 516 445 777 446 514 446 542 446 424 447 777 447 472 447 777 448 470 448 514 448 384 449 777 449 424 449 777 450 422 450 470 450 382 451 777 451 384 451 777 452 382 452 422 452 352 453 382 453 384 453 352 454 350 454 382 454 324 455 350 455 352 455 324 456 322 456 350 456 284 457 322 457 324 457 284 458 282 458 322 458 5 459 284 459 272 459 284 460 5 460 282 460 5 461 272 461 240 461 282 462 5 462 270 462 5 463 240 463 224 463 270 464 5 464 238 464 584 465 779 465 596 465 1110 466 618 466 626 466 779 467 584 467 1110 467 1110 468 594 468 618 468 548 469 1110 469 584 469 1110 470 582 470 594 470 546 471 1110 471 548 471 1110 472 546 472 582 472 520 473 546 473 548 473 520 474 518 474 546 474 476 475 518 475 520 475 476 476 474 476 518 476 428 477 474 477 476 477 428 478 426 478 474 478 388 479 426 479 428 479 388 480 386 480 426 480 356 481 386 481 388 481 356 482 354 482 386 482 328 483 354 483 356 483 328 484 326 484 354 484 288 485 326 485 328 485 288 486 286 486 326 486 7 487 288 487 276 487 288 488 7 488 286 488 7 489 276 489 244 489 286 490 7 490 274 490 7 491 244 491 226 491 274 492 7 492 242 492 620 493 779 493 628 493 1110 494 626 494 1109 494 1110 495 1173 495 1111 495 1173 496 781 496 1111 496 550 497 779 497 781 497 616 498 1109 498 626 498 596 499 779 499 620 499 779 500 622 500 628 500 779 501 598 501 622 501 779 502 586 502 598 502 779 503 550 503 586 503 781 504 522 504 550 504 781 505 478 505 522 505 172 506 478 506 781 506 478 507 172 507 430 507 430 508 172 508 390 508 242 509 7 509 224 509 246 510 7 510 226 510 278 511 7 511 246 511 290 512 7 512 278 512 7 513 290 513 172 513 330 514 172 514 290 514 358 515 172 515 330 515 390 516 172 516 358 516 172 517 781 517 1173 517 1109 518 1173 518 1110 518 1173 519 1109 519 1160 519 1108 520 1160 520 1109 520 775 521 1160 521 1108 521 592 522 1109 522 616 522 777 523 624 523 775 523 612 524 775 524 624 524 588 525 775 525 612 525 576 526 775 526 588 526 775 527 576 527 1160 527 540 528 1160 528 576 528 166 529 540 529 512 529 166 530 512 530 468 530 166 531 468 531 420 531 166 532 420 532 380 532 540 533 166 533 1160 533 348 534 166 534 380 534 320 535 166 535 348 535 280 536 166 536 320 536 5 537 280 537 268 537 5 538 268 538 236 538 5 539 236 539 222 539 5 540 224 540 7 540 238 541 5 541 222 541 280 542 5 542 166 542 4099 543 3721 543 4100 543 4100 544 4115 544 4114 544 4100 545 3722 545 4115 545 3722 546 4100 546 3721 546 6059 547 6285 547 6286 547 6285 548 6109 548 6089 548 6285 549 6091 549 6109 549 6285 550 6059 550 6091 550 6286 551 6047 551 6059 551 6286 552 6007 552 6047 552 6286 553 5979 553 6007 553 6286 554 5947 554 5979 554 6286 555 5907 555 5947 555 6286 556 5859 556 5907 556 6286 557 5811 557 5859 557 6286 558 5767 558 5811 558 5679 559 4737 559 5663 559 4719 560 5679 560 5703 560 4695 561 5703 561 5723 561 4675 562 5723 562 5767 562 4631 563 5767 563 6286 563 5679 564 4719 564 4737 564 5703 565 4695 565 4719 565 5723 566 4675 566 4695 566 5767 567 4631 567 4675 567 4114 568 4631 568 6286 568 4631 569 4114 569 4587 569 4587 570 4114 570 4539 570 4113 571 4291 571 4307 571 4539 572 4114 572 4491 572 4114 573 4451 573 4491 573 4114 574 4419 574 4451 574 4114 575 4391 575 4419 575 4114 576 4351 576 4391 576 4114 577 4339 577 4351 577 4113 578 4339 578 4114 578 4339 579 4113 579 4307 579 4291 580 4113 580 4239 580 6057 581 6285 581 6089 581 6045 582 6285 582 6057 582 6285 583 6045 583 6171 583 6005 584 6171 584 6045 584 5977 585 6171 585 6005 585 5945 586 6171 586 5977 586 5905 587 6171 587 5945 587 5857 588 6171 588 5905 588 5809 589 6171 589 5857 589 5765 590 6171 590 5809 590 5721 591 6171 591 5765 591 4737 592 5677 592 5663 592 4717 593 5677 593 4737 593 5677 594 4717 594 5701 594 4693 595 5701 595 4717 595 5701 596 4693 596 5721 596 4673 597 5721 597 4693 597 5721 598 4673 598 6171 598 4239 599 4673 599 4629 599 4239 600 4629 600 4585 600 4239 601 4585 601 4537 601 4239 602 4537 602 4489 602 4673 603 4239 603 6171 603 4449 604 4239 604 4489 604 4417 605 4239 605 4449 605 4389 606 4239 606 4417 606 4349 607 4239 607 4389 607 4337 608 4239 608 4349 608 4305 609 4239 609 4337 609 4239 610 4305 610 4291 610 6291 611 6099 611 6113 611 6291 612 6067 612 6099 612 6291 613 6055 613 6067 613 6173 614 6015 614 6055 614 6173 615 5987 615 6015 615 6173 616 5955 616 5987 616 6173 617 5915 617 5955 617 6173 618 5867 618 5915 618 6173 619 5819 619 5867 619 6173 620 5775 620 5819 620 6173 621 5731 621 5775 621 5687 622 4741 622 5667 622 4727 623 5687 623 5711 623 4703 624 5711 624 5731 624 4683 625 5731 625 6173 625 5687 626 4727 626 4741 626 5711 627 4703 627 4727 627 5731 628 4683 628 4703 628 4241 629 4683 629 6173 629 4683 630 4241 630 4639 630 4639 631 4241 631 4595 631 4595 632 4241 632 4547 632 4347 633 4119 633 4315 633 4359 634 4119 634 4347 634 4119 635 4359 635 4241 635 4399 636 4241 636 4359 636 4427 637 4241 637 4399 637 4459 638 4241 638 4427 638 4499 639 4241 639 4459 639 4547 640 4241 640 4499 640 6055 641 6291 641 6173 641 6097 642 6291 642 6113 642 6065 643 6291 643 6097 643 6291 644 6065 644 6289 644 6053 645 6289 645 6065 645 6013 646 6289 646 6053 646 5985 647 6289 647 6013 647 5953 648 6289 648 5985 648 5913 649 6289 649 5953 649 5865 650 6289 650 5913 650 5817 651 6289 651 5865 651 5773 652 6289 652 5817 652 4741 653 5685 653 5667 653 4725 654 5685 654 4741 654 5685 655 4725 655 5709 655 4701 656 5709 656 4725 656 5709 657 4701 657 5729 657 4681 658 5729 658 4701 658 5729 659 4681 659 5773 659 4637 660 5773 660 4681 660 5773 661 4637 661 6289 661 4117 662 4637 662 4593 662 4117 663 4593 663 4545 663 4117 664 4545 664 4497 664 4315 665 4119 665 4295 665 4295 666 4119 666 4313 666 4119 667 4345 667 4313 667 4117 668 4345 668 4119 668 4345 669 4117 669 4357 669 4637 670 4117 670 6289 670 4457 671 4117 671 4497 671 4425 672 4117 672 4457 672 4397 673 4117 673 4425 673 4357 674 4117 674 4397 674 6288 675 6111 675 6287 675 6288 676 6095 676 6111 676 6288 677 6063 677 6095 677 6288 678 6051 678 6063 678 6288 679 6011 679 6051 679 6288 680 5983 680 6011 680 6288 681 5951 681 5983 681 6288 682 5911 682 5951 682 6288 683 5863 683 5911 683 6288 684 5815 684 5863 684 6288 685 5771 685 5815 685 6288 686 5727 686 5771 686 4679 687 5727 687 6288 687 5683 688 4739 688 5665 688 4723 689 5683 689 5707 689 5727 690 4679 690 5707 690 5683 691 4723 691 4739 691 5707 692 4699 692 4723 692 5707 693 4679 693 4699 693 4116 694 4679 694 6288 694 4679 695 4116 695 4635 695 4635 696 4116 696 4591 696 4591 697 4116 697 4543 697 4543 698 4116 698 4495 698 4311 699 4116 699 4293 699 4343 700 4116 700 4311 700 4355 701 4116 701 4343 701 4395 702 4116 702 4355 702 4423 703 4116 703 4395 703 4455 704 4116 704 4423 704 4495 705 4116 705 4455 705 6093 706 6287 706 6111 706 6061 707 6287 707 6093 707 6049 708 6287 708 6061 708 6009 709 6287 709 6049 709 5981 710 6287 710 6009 710 5949 711 6287 711 5981 711 5909 712 6287 712 5949 712 5861 713 6287 713 5909 713 5813 714 6287 714 5861 714 5769 715 6287 715 5813 715 5725 716 6287 716 5769 716 4677 717 5725 717 5705 717 4739 718 5681 718 5665 718 4721 719 5681 719 4739 719 5681 720 4721 720 5705 720 4697 721 5705 721 4721 721 4677 722 5705 722 4697 722 5725 723 4677 723 6287 723 4115 724 4677 724 4633 724 4115 725 4633 725 4589 725 4115 726 4589 726 4541 726 4115 727 4541 727 4493 727 4115 728 4493 728 4453 728 4115 729 4293 729 4116 729 4677 730 4115 730 6287 730 4421 731 4115 731 4453 731 4393 732 4115 732 4421 732 4353 733 4115 733 4393 733 4341 734 4115 734 4353 734 4309 735 4115 735 4341 735 4293 736 4115 736 4309 736 2069 737 2191 737 2087 737 2191 738 2069 738 2187 738 1194 739 2032 739 2033 739 2032 740 1194 740 1193 740 1191 741 2026 741 2030 741 2026 742 1191 742 1187 742 1101 743 1138 743 1156 743 1138 744 1101 744 1096 744 1156 745 1193 745 1191 745 1193 746 1156 746 1160 746 2030 747 2101 747 2087 747 2101 748 2030 748 2032 748 6923 749 6627 749 6619 749 6922 750 6635 750 6627 750 6922 751 6643 751 6635 751 6922 752 6651 752 6643 752 6922 753 6659 753 6651 753 6922 754 6667 754 6659 754 6672 755 6922 755 6986 755 6922 756 6672 756 6667 756 6672 757 6986 757 6666 757 6666 758 6986 758 6658 758 6658 759 6986 759 6650 759 6650 760 6986 760 6642 760 6642 761 6986 761 6634 761 6634 762 6560 762 6626 762 6560 763 6634 763 6986 763 7241 764 7135 764 7017 764 7241 765 7143 765 7135 765 7241 766 7151 766 7143 766 7241 767 7159 767 7151 767 7241 768 7167 768 7159 768 7241 769 7175 769 7167 769 7241 770 7183 770 7175 770 7240 771 7183 771 7241 771 7183 772 7240 772 7188 772 7188 773 7240 773 7182 773 7182 774 7240 774 7174 774 7174 775 7240 775 7166 775 7142 776 7240 776 7134 776 7150 777 7240 777 7142 777 7158 778 7240 778 7150 778 7166 779 7240 779 7158 779 7241 780 7273 780 7253 780 7272 781 7253 781 7273 781 7272 782 7240 782 7252 782 7240 783 7272 783 7016 783 7016 784 7272 784 6986 784 7253 785 7272 785 7252 785 6989 786 6988 786 6924 786 7127 787 7017 787 7135 787 7119 788 7017 788 7127 788 7111 789 7017 789 7119 789 7103 790 7017 790 7111 790 7095 791 7017 791 7103 791 7087 792 7017 792 7095 792 7016 793 7087 793 7080 793 7016 794 7080 794 7086 794 7016 795 7086 795 7094 795 7016 796 7094 796 7102 796 7016 797 7102 797 7110 797 7016 798 7134 798 7240 798 7087 799 7016 799 7017 799 7118 800 7016 800 7110 800 7126 801 7016 801 7118 801 7134 802 7016 802 7126 802 6561 803 6629 803 6621 803 6561 804 6637 804 6629 804 6991 805 6645 805 6637 805 6991 806 6653 806 6645 806 6991 807 6661 807 6653 807 6991 808 6669 808 6661 808 6991 809 6673 809 6669 809 6925 810 6673 810 6991 810 6673 811 6925 811 6668 811 6668 812 6925 812 6660 812 6660 813 6925 813 6652 813 6652 814 6925 814 6644 814 6924 815 6644 815 6925 815 6644 816 6924 816 6636 816 6925 817 6991 817 6990 817 7243 818 7137 818 7019 818 7243 819 7145 819 7137 819 7243 820 7153 820 7145 820 7243 821 7161 821 7153 821 7243 822 7169 822 7161 822 7243 823 7177 823 7169 823 7243 824 7185 824 7177 824 7243 825 7189 825 7185 825 7243 826 7184 826 7189 826 7242 827 7184 827 7243 827 7184 828 7242 828 7176 828 7176 829 7242 829 7168 829 7168 830 7242 830 7160 830 7144 831 7242 831 7136 831 7152 832 7242 832 7144 832 7160 833 7242 833 7152 833 7243 834 7277 834 7257 834 7277 835 7256 835 7257 835 7276 836 7242 836 7256 836 7242 837 7276 837 7018 837 6925 838 7018 838 7276 838 7276 839 7256 839 7277 839 7019 840 7277 840 7243 840 7277 841 7019 841 6561 841 6991 842 6561 842 7019 842 6637 843 6561 843 6991 843 6613 844 6561 844 6621 844 6605 845 6561 845 6613 845 6597 846 6561 846 6605 846 6589 847 6561 847 6597 847 6581 848 6561 848 6589 848 6573 849 6561 849 6581 849 6565 850 6561 850 6573 850 6572 851 6561 851 6565 851 6580 852 6561 852 6572 852 6579 853 6580 853 6588 853 6636 854 6924 854 6628 854 7018 855 6925 855 6990 855 6628 856 6924 856 6620 856 6923 857 6620 857 6924 857 6619 858 6620 858 6923 858 6923 859 6924 859 6988 859 6620 860 6619 860 6612 860 6611 861 6612 861 6619 861 6612 862 6611 862 6604 862 6603 863 6604 863 6611 863 6627 864 6923 864 6922 864 7273 865 7241 865 6922 865 7017 866 6922 866 7241 866 6987 867 6922 867 7017 867 6986 868 6922 868 6987 868 6604 869 6603 869 6596 869 6595 870 6596 870 6603 870 6596 871 6595 871 6588 871 6587 872 6588 872 6595 872 6579 873 6588 873 6587 873 6580 874 6579 874 6561 874 6560 875 6579 875 6571 875 6560 876 6571 876 6564 876 6579 877 6560 877 6561 877 6570 878 6560 878 6564 878 6578 879 6560 879 6570 879 6586 880 6560 880 6578 880 6594 881 6560 881 6586 881 6602 882 6560 882 6594 882 6610 883 6560 883 6602 883 6618 884 6560 884 6610 884 6626 885 6560 885 6618 885 6560 886 6986 886 7272 886 7129 887 7019 887 7137 887 7121 888 7019 888 7129 888 7113 889 7019 889 7121 889 7105 890 7019 890 7113 890 7097 891 7019 891 7105 891 7089 892 7019 892 7097 892 7081 893 7019 893 7089 893 7088 894 7019 894 7081 894 7018 895 7088 895 7096 895 7018 896 7096 896 7104 896 7018 897 7104 897 7112 897 7018 898 7112 898 7120 898 7018 899 7136 899 7242 899 7136 900 7018 900 7128 900 7128 901 7018 901 7120 901 7088 902 7018 902 7019 902 7191 903 7233 903 7232 903 7233 904 7191 904 7031 904 7191 905 7232 905 7227 905 7075 906 7031 906 7191 906 7191 907 7227 907 7223 907 7031 908 7075 908 7030 908 7191 909 7223 909 7219 909 7030 910 7075 910 7039 910 7191 911 7219 911 7215 911 7039 912 7075 912 7043 912 7191 913 7215 913 7211 913 7043 914 7075 914 7047 914 7191 915 7211 915 7207 915 7047 916 7075 916 7051 916 7191 917 7207 917 7203 917 7051 918 7075 918 7055 918 7191 919 7203 919 7199 919 7055 920 7075 920 7059 920 7191 921 7199 921 7195 921 7059 922 7075 922 7063 922 7063 923 7075 923 7067 923 7067 924 7075 924 7071 924 7274 925 7255 925 7275 925 7255 926 7274 926 7254 926 7231 927 7190 927 7194 927 7190 928 7230 928 7074 928 7231 929 7194 929 7198 929 7028 930 7074 930 7230 930 7231 931 7198 931 7202 931 7029 932 7074 932 7028 932 7231 933 7202 933 7206 933 7190 934 7231 934 7230 934 7231 935 7206 935 7210 935 7074 936 7029 936 7070 936 7231 937 7210 937 7214 937 7062 938 7029 938 7058 938 7231 939 7214 939 7218 939 7058 940 7029 940 7054 940 7231 941 7218 941 7222 941 7054 942 7029 942 7050 942 7231 943 7222 943 7226 943 7050 944 7029 944 7046 944 7046 945 7029 945 7042 945 7042 946 7029 946 7038 946 7070 947 7029 947 7066 947 7066 948 7029 948 7062 948 6924 949 6929 949 6928 949 6929 950 6924 950 6925 950 7031 951 7235 951 7233 951 7235 952 7031 952 7033 952 7239 953 7265 953 7269 953 7265 954 7239 954 7235 954 7255 955 7280 955 7275 955 7280 956 7255 956 7265 956 6928 957 6989 957 6924 957 6989 958 6928 958 6999 958 7012 959 7037 959 7015 959 7008 960 7037 960 7012 960 7037 961 7008 961 7033 961 7033 962 7008 962 6999 962 7271 963 7276 963 7277 963 7276 964 7271 964 7275 964 7275 965 7271 965 7274 965 7270 966 7274 966 7271 966 7274 967 7270 967 7273 967 7273 968 7270 968 7272 968 7276 969 7280 969 7281 969 7280 970 7276 970 7275 970 7274 971 7278 971 7279 971 7278 972 7274 972 7273 972 7000 973 6929 973 6994 973 7250 974 7026 974 7246 974 7260 975 7281 975 7266 975 7281 976 7260 976 7276 976 7246 977 7276 977 7260 977 7022 978 7246 978 7026 978 7246 979 7022 979 7276 979 6925 980 7022 980 6994 980 7022 981 6925 981 7276 981 6925 982 6994 982 6929 982 7266 983 7251 983 7267 983 7266 984 7250 984 7251 984 7265 985 7250 985 7266 985 7250 986 7235 986 7026 986 7250 987 7265 987 7235 987 7033 988 7026 988 7235 988 6999 989 7026 989 7033 989 7026 990 6999 990 7000 990 7026 991 7001 991 7027 991 7001 992 7026 992 7000 992 7281 993 7265 993 7266 993 7265 994 7281 994 7280 994 6928 995 7000 995 6999 995 7000 996 6928 996 6929 996 7279 997 7263 997 7264 997 7263 998 7279 998 7278 998 7262 999 7249 999 7263 999 7249 1000 7262 1000 7248 1000 7249 1001 7234 1001 7264 1001 7234 1002 7249 1002 7032 1002 7249 1003 7264 1003 7263 1003 7025 1004 7032 1004 7249 1004 7032 1005 7025 1005 6998 1005 7025 1006 6997 1006 6998 1006 7024 1007 6997 1007 7025 1007 6997 1008 7024 1008 6996 1008 6926 1009 6998 1009 6997 1009 6998 1010 6926 1010 6927 1010 7273 1011 7259 1011 7278 1011 7273 1012 7245 1012 7259 1012 7245 1013 7021 1013 7249 1013 7273 1014 7021 1014 7245 1014 6922 1015 7021 1015 7273 1015 7021 1016 6922 1016 6993 1016 6926 1017 6993 1017 6922 1017 6993 1018 6926 1018 6997 1018 7278 1019 7259 1019 7263 1019 7249 1020 7021 1020 7025 1020 6922 1021 6927 1021 6926 1021 6927 1022 6922 1022 6923 1022 7234 1023 7268 1023 7264 1023 7268 1024 7234 1024 7236 1024 7254 1025 7279 1025 7264 1025 7279 1026 7254 1026 7274 1026 7032 1027 7230 1027 7234 1027 7230 1028 7032 1028 7028 1028 7007 1029 7032 1029 6998 1029 7032 1030 7007 1030 7034 1030 7011 1031 7034 1031 7007 1031 7034 1032 7011 1032 7014 1032 6927 1033 6988 1033 6998 1033 6988 1034 6927 1034 6923 1034 7247 1035 7257 1035 7261 1035 7257 1036 7247 1036 7243 1036 7246 1037 7256 1037 7242 1037 7256 1038 7246 1038 7260 1038 7260 1039 7267 1039 7261 1039 7267 1040 7260 1040 7266 1040 7256 1041 7261 1041 7257 1041 7261 1042 7256 1042 7260 1042 7267 1043 7247 1043 7261 1043 7247 1044 7267 1044 7251 1044 7246 1045 7251 1045 7250 1045 7246 1046 7247 1046 7251 1046 7242 1047 7247 1047 7246 1047 7247 1048 7242 1048 7243 1048 6994 1049 7018 1049 6990 1049 7018 1050 6994 1050 7022 1050 6994 1051 7001 1051 7000 1051 6994 1052 6995 1052 7001 1052 6990 1053 6995 1053 6994 1053 6995 1054 6990 1054 6991 1054 7027 1055 6995 1055 7023 1055 6995 1056 7027 1056 7001 1056 7022 1057 7027 1057 7023 1057 7027 1058 7022 1058 7026 1058 7018 1059 7023 1059 7019 1059 7023 1060 7018 1060 7022 1060 6995 1061 7019 1061 7023 1061 7019 1062 6995 1062 6991 1062 7241 1063 7259 1063 7245 1063 7259 1064 7241 1064 7253 1064 7258 1065 7248 1065 7262 1065 7248 1066 7258 1066 7244 1066 7259 1067 7262 1067 7263 1067 7259 1068 7258 1068 7262 1068 7253 1069 7258 1069 7259 1069 7258 1070 7253 1070 7252 1070 7240 1071 7258 1071 7252 1071 7258 1072 7240 1072 7244 1072 7245 1073 7248 1073 7244 1073 7248 1074 7245 1074 7249 1074 7241 1075 7244 1075 7240 1075 7244 1076 7241 1076 7245 1076 6986 1077 7020 1077 7016 1077 7020 1078 6986 1078 6992 1078 7020 1079 6996 1079 7024 1079 6996 1080 7020 1080 6992 1080 6993 1081 6996 1081 6992 1081 6996 1082 6993 1082 6997 1082 6987 1083 6992 1083 6986 1083 6992 1084 6987 1084 6993 1084 6987 1085 7021 1085 6993 1085 7021 1086 6987 1086 7017 1086 7021 1087 7024 1087 7025 1087 7021 1088 7020 1088 7024 1088 7017 1089 7020 1089 7021 1089 7020 1090 7017 1090 7016 1090 7265 1091 7268 1091 7269 1091 7265 1092 7264 1092 7268 1092 7255 1093 7264 1093 7265 1093 7264 1094 7255 1094 7254 1094 7234 1095 7237 1095 7236 1095 7231 1096 7234 1096 7230 1096 7234 1097 7231 1097 7237 1097 7231 1098 7228 1098 7237 1098 7228 1099 7231 1099 7226 1099 7226 1100 7224 1100 7228 1100 7224 1101 7226 1101 7222 1101 7222 1102 7220 1102 7224 1102 7220 1103 7222 1103 7218 1103 7218 1104 7216 1104 7220 1104 7216 1105 7218 1105 7214 1105 7214 1106 7212 1106 7216 1106 7212 1107 7214 1107 7210 1107 7206 1108 7212 1108 7210 1108 7212 1109 7206 1109 7208 1109 7202 1110 7208 1110 7206 1110 7208 1111 7202 1111 7204 1111 7198 1112 7204 1112 7202 1112 7204 1113 7198 1113 7200 1113 7194 1114 7200 1114 7198 1114 7200 1115 7194 1115 7196 1115 7190 1116 7196 1116 7194 1116 7196 1117 7190 1117 7192 1117 7074 1118 7192 1118 7190 1118 7192 1119 7074 1119 7076 1119 7070 1120 7076 1120 7074 1120 7076 1121 7070 1121 7072 1121 7066 1122 7072 1122 7070 1122 7072 1123 7066 1123 7068 1123 7062 1124 7068 1124 7066 1124 7068 1125 7062 1125 7064 1125 7058 1126 7064 1126 7062 1126 7064 1127 7058 1127 7060 1127 7054 1128 7060 1128 7058 1128 7060 1129 7054 1129 7056 1129 7054 1130 7052 1130 7056 1130 7052 1131 7054 1131 7050 1131 7050 1132 7048 1132 7052 1132 7048 1133 7050 1133 7046 1133 7046 1134 7044 1134 7048 1134 7044 1135 7046 1135 7042 1135 7042 1136 7040 1136 7044 1136 7040 1137 7042 1137 7038 1137 7038 1138 7035 1138 7040 1138 7035 1139 7038 1139 7029 1139 7035 1140 7032 1140 7034 1140 7029 1141 7032 1141 7035 1141 7032 1142 7029 1142 7028 1142 7009 1143 7012 1143 7013 1143 7012 1144 7009 1144 7008 1144 7007 1145 7010 1145 7011 1145 7010 1146 7007 1146 7006 1146 7011 1147 7015 1147 7014 1147 7015 1148 7011 1148 7012 1148 7007 1149 7004 1149 7008 1149 7007 1150 7002 1150 7004 1150 7002 1151 6998 1151 7003 1151 6998 1152 7002 1152 7007 1152 7005 1153 7008 1153 7004 1153 7003 1154 7008 1154 7005 1154 6999 1155 7003 1155 6998 1155 7003 1156 6999 1156 7008 1156 6988 1157 6999 1157 6998 1157 6999 1158 6988 1158 6989 1158 7033 1159 7036 1159 7037 1159 7030 1160 7033 1160 7031 1160 7033 1161 7030 1161 7036 1161 7030 1162 7041 1162 7036 1162 7041 1163 7030 1163 7039 1163 7039 1164 7045 1164 7041 1164 7045 1165 7039 1165 7043 1165 7043 1166 7049 1166 7045 1166 7049 1167 7043 1167 7047 1167 7047 1168 7053 1168 7049 1168 7053 1169 7047 1169 7051 1169 7051 1170 7057 1170 7053 1170 7057 1171 7051 1171 7055 1171 7057 1172 7059 1172 7061 1172 7059 1173 7057 1173 7055 1173 7061 1174 7063 1174 7065 1174 7063 1175 7061 1175 7059 1175 7065 1176 7067 1176 7069 1176 7067 1177 7065 1177 7063 1177 7069 1178 7071 1178 7073 1178 7071 1179 7069 1179 7067 1179 7073 1180 7075 1180 7077 1180 7075 1181 7073 1181 7071 1181 7077 1182 7191 1182 7193 1182 7191 1183 7077 1183 7075 1183 7193 1184 7195 1184 7197 1184 7195 1185 7193 1185 7191 1185 7197 1186 7199 1186 7201 1186 7199 1187 7197 1187 7195 1187 7201 1188 7203 1188 7205 1188 7203 1189 7201 1189 7199 1189 7205 1190 7207 1190 7209 1190 7207 1191 7205 1191 7203 1191 7209 1192 7211 1192 7213 1192 7211 1193 7209 1193 7207 1193 7211 1194 7217 1194 7213 1194 7217 1195 7211 1195 7215 1195 7215 1196 7221 1196 7217 1196 7221 1197 7215 1197 7219 1197 7219 1198 7225 1198 7221 1198 7225 1199 7219 1199 7223 1199 7223 1200 7229 1200 7225 1200 7229 1201 7223 1201 7227 1201 7227 1202 7238 1202 7229 1202 7238 1203 7227 1203 7232 1203 7238 1204 7235 1204 7239 1204 7232 1205 7235 1205 7238 1205 7235 1206 7232 1206 7233 1206 7269 1207 7238 1207 7239 1207 7269 1208 7229 1208 7238 1208 7193 1209 7192 1209 7077 1209 7197 1210 7192 1210 7193 1210 7196 1211 7197 1211 7201 1211 7200 1212 7201 1212 7205 1212 7204 1213 7205 1213 7209 1213 7208 1214 7209 1214 7213 1214 7197 1215 7196 1215 7192 1215 7212 1216 7213 1216 7217 1216 7201 1217 7200 1217 7196 1217 7216 1218 7217 1218 7221 1218 7205 1219 7204 1219 7200 1219 7220 1220 7221 1220 7225 1220 7209 1221 7208 1221 7204 1221 7213 1222 7212 1222 7208 1222 7224 1223 7225 1223 7229 1223 7228 1224 7229 1224 7269 1224 7217 1225 7216 1225 7212 1225 7221 1226 7220 1226 7216 1226 7225 1227 7224 1227 7220 1227 7229 1228 7228 1228 7224 1228 7269 1229 7237 1229 7228 1229 7268 1230 7237 1230 7269 1230 7237 1231 7268 1231 7236 1231 7036 1232 7015 1232 7037 1232 7041 1233 7015 1233 7036 1233 7076 1234 7077 1234 7192 1234 7076 1235 7073 1235 7077 1235 7072 1236 7073 1236 7076 1236 7073 1237 7072 1237 7069 1237 7068 1238 7069 1238 7072 1238 7069 1239 7068 1239 7065 1239 7064 1240 7065 1240 7068 1240 7065 1241 7064 1241 7061 1241 7060 1242 7061 1242 7064 1242 7061 1243 7060 1243 7057 1243 7056 1244 7057 1244 7060 1244 7057 1245 7056 1245 7053 1245 7052 1246 7053 1246 7056 1246 7053 1247 7052 1247 7049 1247 7048 1248 7049 1248 7052 1248 7049 1249 7048 1249 7045 1249 7044 1250 7045 1250 7048 1250 7045 1251 7044 1251 7041 1251 7040 1252 7041 1252 7044 1252 7041 1253 7040 1253 7015 1253 7035 1254 7015 1254 7040 1254 7014 1255 7035 1255 7034 1255 7035 1256 7014 1256 7015 1256 6455 1257 6556 1257 6439 1257 6556 1258 6783 1258 6791 1258 6471 1259 6556 1259 6455 1259 6556 1260 6767 1260 6783 1260 6479 1261 6556 1261 6471 1261 6556 1262 6751 1262 6767 1262 6495 1263 6556 1263 6479 1263 6556 1264 6743 1264 6751 1264 6503 1265 6556 1265 6495 1265 6556 1266 6727 1266 6743 1266 6510 1267 6556 1267 6503 1267 6556 1268 6719 1268 6727 1268 6714 1269 6556 1269 6510 1269 6556 1270 6714 1270 6719 1270 6502 1271 6714 1271 6510 1271 6502 1272 6718 1272 6714 1272 6494 1273 6718 1273 6502 1273 6494 1274 6726 1274 6718 1274 6478 1275 6726 1275 6494 1275 6478 1276 6742 1276 6726 1276 6302 1277 6478 1277 6470 1277 6478 1278 6302 1278 6742 1278 6302 1279 6470 1279 6454 1279 6742 1280 6302 1280 6750 1280 6302 1281 6454 1281 6438 1281 6750 1282 6302 1282 6766 1282 6302 1283 6438 1283 6422 1283 7006 1284 6766 1284 6302 1284 6457 1285 6303 1285 6441 1285 6303 1286 6785 1286 6793 1286 6473 1287 6303 1287 6457 1287 6303 1288 6769 1288 6785 1288 6481 1289 6303 1289 6473 1289 6303 1290 6753 1290 6769 1290 6745 1291 6303 1291 6481 1291 6303 1292 6745 1292 6753 1292 6497 1293 6745 1293 6481 1293 6497 1294 6729 1294 6745 1294 6505 1295 6729 1295 6497 1295 6505 1296 6721 1296 6729 1296 6511 1297 6721 1297 6505 1297 6511 1298 6715 1298 6721 1298 6557 1299 6511 1299 6504 1299 6511 1300 6557 1300 6715 1300 6557 1301 6504 1301 6496 1301 6715 1302 6557 1302 6720 1302 6557 1303 6496 1303 6480 1303 6720 1304 6557 1304 6728 1304 6557 1305 6480 1305 6472 1305 6728 1306 6557 1306 6744 1306 6557 1307 6472 1307 6456 1307 6744 1308 6557 1308 6752 1308 6557 1309 6456 1309 6440 1309 6933 1310 6752 1310 6557 1310 6557 1311 6440 1311 6424 1311 6752 1312 6933 1312 6768 1312 6303 1313 6417 1313 6425 1313 6303 1314 6401 1314 6417 1314 6303 1315 6385 1315 6401 1315 6297 1316 6377 1316 6385 1316 6297 1317 6361 1317 6377 1317 6297 1318 6353 1318 6361 1318 6297 1319 6347 1319 6353 1319 6297 1320 6352 1320 6347 1320 6297 1321 6360 1321 6352 1321 6297 1322 6376 1322 6360 1322 6375 1323 6376 1323 6297 1323 6768 1324 6933 1324 6784 1324 6416 1325 6557 1325 6424 1325 6400 1326 6557 1326 6416 1326 6384 1327 6557 1327 6400 1327 6376 1328 6375 1328 6384 1328 6384 1329 6383 1329 6557 1329 6439 1330 6556 1330 6423 1330 6557 1331 6383 1331 6556 1331 6556 1332 6415 1332 6423 1332 6556 1333 6399 1333 6415 1333 6556 1334 6383 1334 6399 1334 6384 1335 6375 1335 6383 1335 6296 1336 6375 1336 6297 1336 6375 1337 6296 1337 6359 1337 6359 1338 6296 1338 6351 1338 6351 1339 6296 1339 6346 1339 6414 1340 6302 1340 6422 1340 6398 1341 6302 1341 6414 1341 6382 1342 6302 1342 6398 1342 6302 1343 6382 1343 6296 1343 6374 1344 6296 1344 6382 1344 6358 1345 6296 1345 6374 1345 6350 1346 6296 1346 6358 1346 6346 1347 6296 1347 6350 1347 6793 1348 7009 1348 6303 1348 6385 1349 6303 1349 6297 1349 6441 1350 6303 1350 6425 1350 6809 1351 7009 1351 6793 1351 6825 1352 7009 1352 6809 1352 7009 1353 6825 1353 7008 1353 6841 1354 7008 1354 6825 1354 6849 1355 7008 1355 6841 1355 6865 1356 7008 1356 6849 1356 6873 1357 7008 1357 6865 1357 6879 1358 7008 1358 6873 1358 6872 1359 7008 1359 6879 1359 6933 1360 6872 1360 6864 1360 6933 1361 6864 1361 6848 1361 6933 1362 6848 1362 6840 1362 6784 1363 6933 1363 6792 1363 6792 1364 6933 1364 6808 1364 6933 1365 6824 1365 6808 1365 6933 1366 6840 1366 6824 1366 6872 1367 6933 1367 7008 1367 6932 1368 7008 1368 6933 1368 6556 1369 6791 1369 6932 1369 6807 1370 6932 1370 6791 1370 6823 1371 6932 1371 6807 1371 6839 1372 6932 1372 6823 1372 6847 1373 6932 1373 6839 1373 6863 1374 6932 1374 6847 1374 6871 1375 6932 1375 6863 1375 7007 1376 6871 1376 6878 1376 7007 1377 6878 1377 6870 1377 7007 1378 6870 1378 6862 1378 6932 1379 7007 1379 7008 1379 6871 1380 7007 1380 6932 1380 6846 1381 7007 1381 6862 1381 6838 1382 7007 1382 6846 1382 6822 1383 7007 1383 6838 1383 7006 1384 6822 1384 6806 1384 7006 1385 6806 1385 6790 1385 6766 1386 7006 1386 6782 1386 6782 1387 7006 1387 6790 1387 6822 1388 7006 1388 7007 1388 6930 1389 7003 1389 6931 1389 7003 1390 6930 1390 7002 1390 6554 1391 6557 1391 6556 1391 6557 1392 6554 1392 6555 1392 6931 1393 7005 1393 6933 1393 7005 1394 6931 1394 7003 1394 6555 1395 6933 1395 6557 1395 6933 1396 6555 1396 6931 1396 6930 1397 6555 1397 6554 1397 6555 1398 6930 1398 6931 1398 7005 1399 6932 1399 6933 1399 6932 1400 7005 1400 7004 1400 6930 1401 7004 1401 7002 1401 7004 1402 6930 1402 6932 1402 6554 1403 6932 1403 6930 1403 6932 1404 6554 1404 6556 1404 2032 1405 2034 1405 2033 1405 2027 1406 2032 1406 2030 1406 2027 1407 2030 1407 2026 1407 2032 1408 2027 1408 2034 1408 2027 1409 2024 1409 2034 1409 2024 1410 2027 1410 2022 1410 2022 1411 2020 1411 2024 1411 2020 1412 2022 1412 2018 1412 2018 1413 2016 1413 2020 1413 2016 1414 2018 1414 2014 1414 2014 1415 2012 1415 2016 1415 2012 1416 2014 1416 2010 1416 2010 1417 2008 1417 2012 1417 2008 1418 2010 1418 2006 1418 2002 1419 2008 1419 2006 1419 2008 1420 2002 1420 2004 1420 1998 1421 2004 1421 2002 1421 2004 1422 1998 1422 2000 1422 1994 1423 2000 1423 1998 1423 2000 1424 1994 1424 1996 1424 1990 1425 1996 1425 1994 1425 1996 1426 1990 1426 1992 1426 1986 1427 1992 1427 1990 1427 1992 1428 1986 1428 1988 1428 1234 1429 1988 1429 1986 1429 1988 1430 1234 1430 1236 1430 1230 1431 1236 1431 1234 1431 1236 1432 1230 1432 1232 1432 1226 1433 1232 1433 1230 1433 1232 1434 1226 1434 1228 1434 1222 1435 1228 1435 1226 1435 1228 1436 1222 1436 1224 1436 1218 1437 1224 1437 1222 1437 1224 1438 1218 1438 1220 1438 1214 1439 1220 1439 1218 1439 1220 1440 1214 1440 1216 1440 1214 1441 1212 1441 1216 1441 1212 1442 1214 1442 1210 1442 1210 1443 1208 1443 1212 1443 1208 1444 1210 1444 1206 1444 1206 1445 1204 1445 1208 1445 1204 1446 1206 1446 1202 1446 1202 1447 1200 1447 1204 1447 1200 1448 1202 1448 1198 1448 1198 1449 1195 1449 1200 1449 1195 1450 1198 1450 1188 1450 1195 1451 1193 1451 1194 1451 1188 1452 1193 1452 1195 1452 1193 1453 1188 1453 1191 1453 1191 1454 1188 1454 1187 1454 1172 1455 1173 1455 1171 1455 1173 1456 1169 1456 1171 1456 1169 1457 1167 1457 1170 1457 1173 1458 1167 1458 1169 1458 1160 1459 1167 1459 1173 1459 1165 1460 1160 1460 1166 1460 1167 1461 1160 1461 1165 1461 1173 1462 1172 1462 1174 1462 1170 1463 1174 1463 1172 1463 1168 1464 1170 1464 1167 1464 1170 1465 1168 1465 1174 1465 1166 1466 1174 1466 1168 1466 1157 1467 1160 1467 1156 1467 1160 1468 1157 1468 1166 1468 1166 1469 1157 1469 1174 1469 1138 1470 1157 1470 1156 1470 1157 1471 1138 1471 1139 1471 1192 1472 1196 1472 1197 1472 1189 1473 1192 1473 1190 1473 1192 1474 1189 1474 1196 1474 1189 1475 1201 1475 1196 1475 1201 1476 1189 1476 1199 1476 1199 1477 1205 1477 1201 1477 1205 1478 1199 1478 1203 1478 1203 1479 1209 1479 1205 1479 1209 1480 1203 1480 1207 1480 1207 1481 1213 1481 1209 1481 1213 1482 1207 1482 1211 1482 1211 1483 1217 1483 1213 1483 1217 1484 1211 1484 1215 1484 1217 1485 1219 1485 1221 1485 1219 1486 1217 1486 1215 1486 1221 1487 1223 1487 1225 1487 1223 1488 1221 1488 1219 1488 1225 1489 1227 1489 1229 1489 1227 1490 1225 1490 1223 1490 1229 1491 1231 1491 1233 1491 1231 1492 1229 1492 1227 1492 1233 1493 1235 1493 1237 1493 1235 1494 1233 1494 1231 1494 1237 1495 1987 1495 1989 1495 1987 1496 1237 1496 1235 1496 1989 1497 1991 1497 1993 1497 1991 1498 1989 1498 1987 1498 1993 1499 1995 1499 1997 1499 1995 1500 1993 1500 1991 1500 1997 1501 1999 1501 2001 1501 1999 1502 1997 1502 1995 1502 2001 1503 2003 1503 2005 1503 2003 1504 2001 1504 1999 1504 2005 1505 2007 1505 2009 1505 2007 1506 2005 1506 2003 1506 2007 1507 2013 1507 2009 1507 2013 1508 2007 1508 2011 1508 2011 1509 2017 1509 2013 1509 2017 1510 2011 1510 2015 1510 2015 1511 2021 1511 2017 1511 2021 1512 2015 1512 2019 1512 2019 1513 2025 1513 2021 1513 2025 1514 2019 1514 2023 1514 2023 1515 2035 1515 2025 1515 2035 1516 2023 1516 2028 1516 2035 1517 2031 1517 2036 1517 2028 1518 2031 1518 2035 1518 2031 1519 2028 1519 2029 1519 2112 1520 2114 1520 2115 1520 2114 1521 2112 1521 2111 1521 2109 1522 2113 1522 2112 1522 2113 1523 2109 1523 2110 1523 2109 1524 2107 1524 2108 1524 2109 1525 2100 1525 2107 1525 2100 1526 2088 1526 2099 1526 2088 1527 2100 1527 2109 1527 2106 1528 2108 1528 2107 1528 2106 1529 2101 1529 2108 1529 2099 1530 2101 1530 2106 1530 2087 1531 2099 1531 2088 1531 2099 1532 2087 1532 2101 1532 2070 1533 2087 1533 2088 1533 2087 1534 2070 1534 2069 1534 2400 1535 2399 1535 1540 1535 1541 1536 2402 1536 2401 1536 2402 1537 1541 1537 1039 1537 1038 1538 1541 1538 1540 1538 1541 1539 1038 1539 1039 1539 1038 1540 1540 1540 2399 1540 6289 1541 6985 1541 6984 1541 6985 1542 6289 1542 2181 1542 4117 1543 2181 1543 6289 1543 3568 1544 2181 1544 4117 1544 3568 1545 2180 1545 2181 1545 2402 1546 2180 1546 3568 1546 2180 1547 2402 1547 2114 1547 2114 1548 2402 1548 2033 1548 2033 1549 2402 1549 1194 1549 1039 1550 1194 1550 2402 1550 2402 1551 3568 1551 3567 1551 1194 1552 1039 1552 1173 1552 1173 1553 1039 1553 172 1553 172 1554 1039 1554 171 1554 2115 1555 2035 1555 2036 1555 2056 1556 2035 1556 2115 1556 1989 1557 1988 1557 1237 1557 1993 1558 1988 1558 1989 1558 1992 1559 1993 1559 1997 1559 1996 1560 1997 1560 2001 1560 2000 1561 2001 1561 2005 1561 2004 1562 2005 1562 2009 1562 1993 1563 1992 1563 1988 1563 2008 1564 2009 1564 2013 1564 1997 1565 1996 1565 1992 1565 2056 1566 2013 1566 2017 1566 2001 1567 2000 1567 1996 1567 2056 1568 2017 1568 2021 1568 2005 1569 2004 1569 2000 1569 2009 1570 2008 1570 2004 1570 2056 1571 2021 1571 2025 1571 2035 1572 2056 1572 2025 1572 2013 1573 2056 1573 2012 1573 2013 1574 2012 1574 2008 1574 2012 1575 2056 1575 2016 1575 2016 1576 2056 1576 2020 1576 2020 1577 2056 1577 2024 1577 2038 1578 2024 1578 2056 1578 2114 1579 2056 1579 2115 1579 2055 1580 2114 1580 2037 1580 2056 1581 2114 1581 2055 1581 1196 1582 1174 1582 1197 1582 1201 1583 1174 1583 1196 1583 1236 1584 1237 1584 1988 1584 1236 1585 1233 1585 1237 1585 1232 1586 1233 1586 1236 1586 1233 1587 1232 1587 1229 1587 1228 1588 1229 1588 1232 1588 1229 1589 1228 1589 1225 1589 1224 1590 1225 1590 1228 1590 1225 1591 1224 1591 1221 1591 1220 1592 1221 1592 1224 1592 1221 1593 1220 1593 1217 1593 1216 1594 1217 1594 1220 1594 1217 1595 1216 1595 1213 1595 1212 1596 1213 1596 1216 1596 1213 1597 1212 1597 1209 1597 1208 1598 1209 1598 1212 1598 1209 1599 1208 1599 1205 1599 1204 1600 1205 1600 1208 1600 1205 1601 1204 1601 1201 1601 1200 1602 1201 1602 1204 1602 1201 1603 1200 1603 1174 1603 1195 1604 1174 1604 1200 1604 1173 1605 1195 1605 1194 1605 1195 1606 1173 1606 1174 1606 2024 1607 2038 1607 2034 1607 2037 1608 2034 1608 2038 1608 2037 1609 2033 1609 2034 1609 2033 1610 2037 1610 2114 1610 2060 1611 2039 1611 2057 1611 2039 1612 2060 1612 2042 1612 2040 1613 2055 1613 2037 1613 2055 1614 2040 1614 2058 1614 2059 1615 2042 1615 2060 1615 2042 1616 2059 1616 2041 1616 2040 1617 2042 1617 2041 1617 2037 1618 2042 1618 2040 1618 2042 1619 2037 1619 2039 1619 2039 1620 2037 1620 2038 1620 2040 1621 2059 1621 2058 1621 2059 1622 2040 1622 2041 1622 2039 1623 2056 1623 2057 1623 2056 1624 2039 1624 2038 1624 2060 1625 2058 1625 2059 1625 2055 1626 2060 1626 2057 1626 2055 1627 2057 1627 2056 1627 2060 1628 2055 1628 2058 1628 1169 1629 1111 1629 1171 1629 1111 1630 1169 1630 1110 1630 779 1631 782 1631 781 1631 782 1632 779 1632 780 1632 1129 1633 1170 1633 1172 1633 1170 1634 1129 1634 1128 1634 780 1635 1129 1635 782 1635 1129 1636 780 1636 1128 1636 1128 1637 1169 1637 1170 1637 780 1638 1169 1638 1128 1638 1110 1639 780 1639 779 1639 780 1640 1110 1640 1169 1640 1171 1641 1129 1641 1172 1641 1171 1642 782 1642 1129 1642 1111 1643 782 1643 1171 1643 782 1644 1111 1644 781 1644 775 1645 778 1645 777 1645 778 1646 775 1646 776 1646 1165 1647 1109 1647 1167 1647 1109 1648 1165 1648 1108 1648 776 1649 1127 1649 778 1649 1127 1650 776 1650 1126 1650 1126 1651 1165 1651 1166 1651 776 1652 1165 1652 1126 1652 1108 1653 776 1653 775 1653 776 1654 1108 1654 1165 1654 1167 1655 1127 1655 1168 1655 1167 1656 778 1656 1127 1656 1109 1657 778 1657 1167 1657 778 1658 1109 1658 777 1658 1127 1659 1166 1659 1168 1659 1166 1660 1127 1660 1126 1660 5421 1661 5445 1661 5450 1661 5419 1662 5445 1662 5421 1662 5445 1663 5419 1663 5437 1663 5445 1664 5449 1664 5450 1664 5449 1665 5445 1665 5444 1665 5437 1666 5446 1666 5445 1666 5446 1667 5437 1667 5438 1667 5436 1668 5443 1668 5441 1668 5436 1669 5441 1669 5435 1669 5443 1670 5436 1670 5444 1670 5439 1671 5448 1671 5447 1671 5448 1672 5439 1672 5442 1672 5442 1673 5439 1673 5440 1673 5447 1674 5451 1674 5452 1674 5451 1675 5447 1675 5446 1675 1149 1676 2080 1676 2062 1676 2080 1677 1149 1677 2091 1677 2091 1678 1149 1678 2095 1678 1149 1679 2062 1679 1131 1679 1161 1680 2095 1680 1149 1680 2095 1681 1161 1681 2102 1681 2091 1682 4971 1682 4967 1682 4971 1683 2091 1683 2095 1683 4962 1684 5444 1684 5436 1684 4962 1685 5436 1685 4954 1685 5444 1686 4962 1686 4967 1686 5444 1687 4967 1687 5449 1687 4971 1688 5449 1688 4967 1688 5449 1689 4971 1689 4975 1689 4954 1690 4961 1690 4962 1690 4961 1691 4954 1691 4959 1691 4959 1692 4954 1692 4953 1692 4971 1693 4976 1693 4975 1693 4976 1694 4971 1694 4972 1694 4956 1695 4963 1695 4964 1695 4963 1696 4956 1696 4955 1696 4973 1697 4978 1697 4977 1697 4978 1698 4973 1698 4974 1698 4957 1699 4966 1699 4960 1699 4957 1700 4960 1700 4958 1700 4966 1701 4957 1701 4965 1701 4962 1702 4968 1702 4967 1702 4968 1703 4962 1703 4963 1703 4964 1704 4970 1704 4969 1704 4970 1705 4964 1705 4965 1705 4963 1706 5031 1706 4968 1706 5031 1707 2092 1707 4968 1707 1926 1708 2081 1708 2092 1708 1926 1709 2092 1709 5031 1709 2081 1710 1926 1710 1924 1710 2081 1711 1924 1711 2063 1711 5031 1712 4963 1712 5029 1712 5029 1713 4963 1713 4955 1713 2103 1714 1930 1714 2096 1714 4972 1715 5035 1715 4976 1715 5035 1716 4972 1716 5033 1716 2096 1717 5033 1717 4972 1717 2096 1718 1928 1718 5033 1718 1928 1719 2096 1719 1930 1719 5033 1720 5066 1720 5035 1720 5066 1721 5033 1721 5065 1721 5031 1722 5063 1722 5064 1722 5063 1723 5031 1723 5029 1723 5065 1724 5095 1724 5096 1724 5065 1725 5096 1725 5066 1725 5095 1726 5065 1726 5072 1726 5064 1727 5094 1727 5071 1727 5094 1728 5064 1728 5093 1728 5093 1729 5064 1729 5063 1729 5095 1730 5119 1730 5120 1730 5095 1731 5120 1731 5096 1731 5119 1732 5095 1732 5102 1732 5094 1733 5118 1733 5101 1733 5118 1734 5094 1734 5117 1734 5117 1735 5094 1735 5093 1735 5119 1736 5151 1736 5152 1736 5119 1737 5152 1737 5120 1737 5151 1738 5119 1738 5130 1738 5118 1739 5150 1739 5129 1739 5150 1740 5118 1740 5149 1740 5149 1741 5118 1741 5117 1741 5151 1742 5187 1742 5188 1742 5151 1743 5188 1743 5152 1743 5187 1744 5151 1744 5160 1744 5150 1745 5186 1745 5159 1745 5186 1746 5150 1746 5185 1746 5185 1747 5150 1747 5149 1747 5187 1748 5220 1748 5188 1748 5219 1749 5187 1749 5196 1749 5187 1750 5219 1750 5220 1750 5186 1751 5218 1751 5195 1751 5217 1752 5186 1752 5185 1752 5186 1753 5217 1753 5218 1753 5219 1754 5264 1754 5220 1754 5263 1755 5219 1755 5236 1755 5219 1756 5263 1756 5264 1756 5218 1757 5262 1757 5235 1757 5261 1758 5218 1758 5217 1758 5218 1759 5261 1759 5262 1759 5263 1760 5308 1760 5264 1760 5307 1761 5263 1761 5270 1761 5263 1762 5307 1762 5308 1762 5262 1763 5306 1763 5269 1763 5305 1764 5262 1764 5261 1764 5262 1765 5305 1765 5306 1765 5307 1766 5317 1766 5308 1766 5316 1767 5307 1767 5310 1767 5307 1768 5316 1768 5317 1768 5306 1769 5313 1769 5309 1769 5311 1770 5306 1770 5305 1770 5306 1771 5311 1771 5313 1771 5316 1772 5324 1772 5317 1772 5323 1773 5316 1773 5320 1773 5316 1774 5323 1774 5324 1774 5313 1775 5322 1775 5319 1775 5321 1776 5313 1776 5311 1776 5313 1777 5321 1777 5322 1777 5323 1778 5335 1778 5324 1778 5334 1779 5335 1779 5323 1779 5327 1780 5335 1780 5334 1780 5325 1781 5322 1781 5321 1781 5327 1782 5325 1782 5335 1782 5322 1783 5325 1783 5327 1783 5325 1784 5336 1784 5335 1784 5336 1785 5325 1785 5326 1785 5336 1786 5315 1786 5318 1786 5336 1787 5333 1787 5315 1787 5336 1788 5328 1788 5333 1788 5326 1789 5328 1789 5336 1789 5326 1790 5314 1790 5328 1790 5314 1791 5326 1791 5312 1791 5312 1792 5302 1792 5314 1792 5302 1793 5312 1793 5301 1793 5318 1794 5303 1794 5304 1794 5303 1795 5318 1795 5315 1795 5304 1796 5259 1796 5260 1796 5259 1797 5304 1797 5303 1797 5301 1798 5258 1798 5302 1798 5258 1799 5301 1799 5257 1799 5260 1800 5215 1800 5216 1800 5215 1801 5260 1801 5259 1801 5257 1802 5214 1802 5258 1802 5214 1803 5257 1803 5213 1803 5216 1804 5183 1804 5184 1804 5183 1805 5216 1805 5215 1805 5213 1806 5182 1806 5214 1806 5182 1807 5213 1807 5181 1807 5157 1808 5184 1808 5183 1808 5184 1809 5157 1809 5158 1809 5156 1810 5181 1810 5155 1810 5181 1811 5156 1811 5182 1811 5123 1812 5158 1812 5157 1812 5158 1813 5123 1813 5124 1813 5122 1814 5155 1814 5121 1814 5155 1815 5122 1815 5156 1815 5089 1816 5124 1816 5123 1816 5124 1817 5089 1817 5090 1817 5088 1818 5121 1818 5087 1818 5121 1819 5088 1819 5122 1819 5057 1820 5090 1820 5089 1820 5090 1821 5057 1821 5058 1821 5056 1822 5087 1822 5055 1822 5087 1823 5056 1823 5088 1823 5034 1824 5058 1824 5057 1824 5058 1825 5034 1825 5036 1825 5032 1826 5055 1826 5030 1826 5055 1827 5032 1827 5056 1827 5034 1828 4973 1828 5036 1828 5034 1829 2097 1829 4973 1829 1929 1830 2097 1830 5034 1830 1931 1831 2097 1831 1929 1831 2097 1832 1931 1832 2104 1832 5036 1833 4973 1833 4977 1833 1925 1834 2082 1834 2064 1834 1927 1835 2082 1835 1925 1835 4964 1836 5030 1836 4956 1836 5030 1837 4964 1837 5032 1837 4969 1838 5032 1838 4964 1838 2093 1839 5032 1839 4969 1839 2093 1840 1927 1840 5032 1840 2082 1841 1927 1841 2093 1841 1164 1842 2098 1842 2105 1842 2098 1843 1164 1843 2094 1843 2094 1844 1152 1844 2083 1844 2094 1845 1164 1845 1152 1845 2083 1846 1152 1846 2065 1846 2065 1847 1152 1847 1134 1847 2098 1848 4970 1848 4974 1848 4970 1849 2098 1849 2094 1849 4970 1850 5447 1850 5452 1850 4974 1851 5452 1851 4978 1851 4970 1852 5452 1852 4974 1852 4965 1853 5447 1853 4970 1853 5447 1854 4965 1854 5439 1854 5439 1855 4965 1855 4957 1855 5420 1856 5446 1856 5438 1856 5422 1857 5446 1857 5420 1857 5446 1858 5422 1858 5451 1858 5411 1859 5422 1859 5420 1859 5422 1860 5411 1860 5412 1860 5403 1861 5412 1861 5411 1861 5412 1862 5403 1862 5404 1862 5395 1863 5404 1863 5403 1863 5404 1864 5395 1864 5396 1864 5387 1865 5396 1865 5395 1865 5396 1866 5387 1866 5388 1866 5379 1867 5388 1867 5387 1867 5388 1868 5379 1868 5380 1868 5379 1869 5372 1869 5380 1869 5372 1870 5379 1870 5371 1870 5371 1871 5360 1871 5372 1871 5360 1872 5371 1872 5359 1872 5359 1873 5348 1873 5360 1873 5348 1874 5359 1874 5347 1874 5347 1875 5344 1875 5348 1875 5344 1876 5347 1876 5343 1876 5343 1877 5340 1877 5344 1877 5340 1878 5343 1878 5338 1878 5338 1879 5339 1879 5340 1879 5339 1880 5338 1880 5337 1880 5337 1881 5342 1881 5339 1881 5342 1882 5337 1882 5341 1882 5341 1883 5346 1883 5342 1883 5346 1884 5341 1884 5345 1884 5345 1885 5358 1885 5346 1885 5358 1886 5345 1886 5357 1886 5357 1887 5366 1887 5358 1887 5366 1888 5357 1888 5365 1888 5365 1889 5378 1889 5366 1889 5378 1890 5365 1890 5377 1890 5378 1891 5385 1891 5386 1891 5385 1892 5378 1892 5377 1892 5386 1893 5393 1893 5394 1893 5393 1894 5386 1894 5385 1894 5394 1895 5401 1895 5402 1895 5401 1896 5394 1896 5393 1896 5402 1897 5409 1897 5410 1897 5409 1898 5402 1898 5401 1898 5410 1899 5413 1899 5414 1899 5413 1900 5410 1900 5409 1900 5414 1901 5419 1901 5421 1901 5419 1902 5414 1902 5413 1902 5338 1903 5420 1903 5438 1903 5420 1904 5338 1904 5411 1904 5411 1905 5338 1905 5403 1905 5403 1906 5338 1906 5395 1906 5395 1907 5338 1907 5387 1907 5387 1908 5338 1908 5379 1908 5379 1909 5338 1909 5371 1909 5371 1910 5338 1910 5359 1910 5359 1911 5338 1911 5347 1911 5347 1912 5338 1912 5343 1912 5438 1913 5337 1913 5338 1913 5437 1914 5337 1914 5438 1914 5419 1915 5337 1915 5437 1915 5337 1916 5419 1916 5341 1916 5341 1917 5365 1917 5345 1917 5345 1918 5365 1918 5357 1918 5365 1919 5419 1919 5377 1919 5413 1920 5377 1920 5419 1920 5377 1921 5413 1921 5385 1921 5385 1922 5413 1922 5393 1922 5393 1923 5413 1923 5401 1923 5365 1924 5341 1924 5419 1924 5401 1925 5413 1925 5409 1925 5326 1926 5030 1926 5055 1926 5326 1927 5055 1927 5087 1927 5326 1928 5087 1928 5121 1928 5326 1929 5121 1929 5155 1929 5326 1930 5155 1930 5181 1930 5326 1931 5181 1931 5213 1931 5326 1932 5213 1932 5257 1932 5326 1933 5257 1933 5301 1933 5326 1934 5301 1934 5312 1934 5030 1935 5326 1935 4956 1935 5325 1936 4956 1936 5326 1936 5029 1937 5325 1937 5321 1937 5217 1938 5321 1938 5311 1938 5261 1939 5311 1939 5305 1939 5217 1940 5311 1940 5261 1940 5321 1941 5217 1941 5029 1941 5029 1942 5217 1942 5185 1942 5029 1943 5185 1943 5149 1943 5063 1944 5149 1944 5117 1944 5063 1945 5117 1945 5093 1945 5149 1946 5063 1946 5029 1946 5325 1947 5029 1947 4955 1947 5325 1948 4955 1948 4956 1948 4123 1949 4837 1949 4795 1949 4940 1950 4849 1950 4837 1950 4940 1951 4861 1951 4849 1951 4940 1952 4873 1952 4861 1952 4940 1953 4881 1953 4873 1953 4940 1954 4893 1954 4881 1954 4940 1955 4897 1955 4893 1955 4940 1956 4892 1956 4897 1956 4940 1957 4880 1957 4892 1957 4934 1958 4880 1958 4940 1958 4880 1959 4934 1959 4872 1959 4872 1960 4934 1960 4860 1960 4233 1961 4836 1961 4934 1961 4848 1962 4934 1962 4836 1962 4860 1963 4934 1963 4848 1963 4940 1964 4933 1964 4934 1964 4933 1965 4932 1965 4232 1965 4940 1966 4932 1966 4933 1966 4939 1967 4932 1967 4940 1967 4835 1968 4230 1968 4931 1968 4230 1969 4835 1969 4793 1969 4931 1970 4847 1970 4835 1970 4931 1971 4859 1971 4847 1971 4931 1972 4871 1972 4859 1972 4931 1973 4879 1973 4871 1973 4939 1974 4879 1974 4931 1974 4879 1975 4939 1975 4891 1975 4891 1976 4939 1976 4896 1976 4896 1977 4939 1977 4890 1977 4122 1978 4834 1978 4939 1978 4846 1979 4939 1979 4834 1979 4858 1980 4939 1980 4846 1980 4870 1981 4939 1981 4858 1981 4878 1982 4939 1982 4870 1982 4890 1983 4939 1983 4878 1983 4932 1984 4939 1984 4931 1984 5439 1985 4958 1985 5440 1985 4958 1986 5439 1986 4957 1986 5440 1987 6283 1987 5454 1987 5573 1988 6283 1988 5615 1988 6283 1989 5643 1989 5615 1989 6283 1990 5675 1990 5643 1990 6283 1991 5719 1991 5675 1991 6283 1992 5763 1992 5719 1992 6283 1993 5791 1993 5763 1993 6283 1994 5807 1994 5791 1994 6283 1995 5835 1995 5807 1995 6283 1996 5806 1996 5835 1996 6165 1997 5806 1997 6283 1997 5806 1998 6165 1998 5790 1998 5642 1999 6165 1999 5614 1999 5674 2000 6165 2000 5642 2000 5718 2001 6165 2001 5674 2001 5762 2002 6165 2002 5718 2002 5790 2003 6165 2003 5762 2003 6283 2004 6164 2004 6165 2004 6164 2005 6163 2005 5469 2005 6283 2006 6163 2006 6164 2006 6282 2007 6163 2007 6283 2007 5571 2008 6162 2008 5613 2008 6162 2009 5641 2009 5613 2009 6162 2010 5673 2010 5641 2010 6162 2011 5717 2011 5673 2011 6162 2012 5761 2012 5717 2012 6162 2013 5789 2013 5761 2013 6162 2014 5805 2014 5789 2014 6282 2015 5805 2015 6162 2015 5805 2016 6282 2016 5834 2016 6282 2017 5612 2017 5640 2017 6282 2018 5435 2018 5453 2018 5435 2019 6282 2019 4953 2019 4122 2020 4953 2020 6282 2020 5612 2021 6282 2021 5453 2021 5672 2022 6282 2022 5640 2022 5716 2023 6282 2023 5672 2023 5760 2024 6282 2024 5716 2024 5788 2025 6282 2025 5760 2025 5804 2026 6282 2026 5788 2026 5834 2027 6282 2027 5804 2027 6163 2028 6282 2028 6162 2028 6283 2029 5440 2029 4123 2029 4958 2030 4123 2030 5440 2030 4940 2031 4123 2031 4958 2031 4837 2032 4123 2032 4940 2032 4767 2033 4123 2033 4795 2033 4735 2034 4123 2034 4767 2034 4691 2035 4123 2035 4735 2035 4647 2036 4123 2036 4691 2036 4619 2037 4123 2037 4647 2037 4603 2038 4123 2038 4619 2038 4571 2039 4123 2039 4603 2039 4602 2040 4123 2040 4571 2040 4233 2041 4602 2041 4618 2041 4233 2042 4618 2042 4646 2042 4836 2043 4233 2043 4794 2043 4794 2044 4233 2044 4766 2044 4766 2045 4233 2045 4734 2045 4734 2046 4233 2046 4690 2046 4690 2047 4233 2047 4646 2047 4602 2048 4233 2048 4123 2048 4232 2049 4123 2049 4233 2049 4231 2050 4232 2050 4932 2050 4231 2051 4123 2051 4232 2051 4122 2052 4231 2052 4230 2052 4765 2053 4230 2053 4793 2053 4733 2054 4230 2054 4765 2054 4689 2055 4230 2055 4733 2055 4645 2056 4230 2056 4689 2056 4617 2057 4230 2057 4645 2057 4601 2058 4230 2058 4617 2058 4122 2059 4601 2059 4570 2059 4122 2060 4570 2060 4600 2060 4834 2061 4122 2061 4792 2061 4231 2062 4122 2062 4123 2062 4601 2063 4122 2063 4230 2063 4616 2064 4122 2064 4600 2064 4644 2065 4122 2065 4616 2065 4688 2066 4122 2066 4644 2066 4732 2067 4122 2067 4688 2067 4764 2068 4122 2068 4732 2068 4792 2069 4122 2069 4764 2069 4953 2070 4122 2070 4939 2070 6283 2071 5573 2071 5454 2071 5561 2072 5454 2072 5573 2072 5549 2073 5454 2073 5561 2073 5537 2074 5454 2074 5549 2074 5529 2075 5454 2075 5537 2075 5517 2076 5454 2076 5529 2076 5509 2077 5454 2077 5517 2077 5516 2078 5454 2078 5509 2078 5528 2079 5454 2079 5516 2079 5470 2080 5528 2080 5536 2080 5470 2081 5536 2081 5548 2081 5470 2082 5548 2082 5560 2082 6165 2083 5572 2083 5614 2083 5470 2084 5572 2084 6165 2084 5572 2085 5470 2085 5560 2085 5528 2086 5470 2086 5454 2086 5469 2087 5454 2087 5470 2087 5468 2088 5469 2088 6163 2088 5468 2089 5454 2089 5469 2089 5453 2090 5468 2090 5467 2090 6162 2091 5571 2091 5467 2091 5559 2092 5467 2092 5571 2092 5547 2093 5467 2093 5559 2093 5535 2094 5467 2094 5547 2094 5527 2095 5467 2095 5535 2095 5453 2096 5527 2096 5515 2096 5453 2097 5515 2097 5508 2097 5453 2098 5508 2098 5514 2098 5453 2099 5514 2099 5526 2099 5468 2100 5453 2100 5454 2100 5527 2101 5453 2101 5467 2101 5534 2102 5453 2102 5526 2102 5546 2103 5453 2103 5534 2103 5558 2104 5453 2104 5546 2104 5570 2105 5453 2105 5558 2105 5453 2106 5570 2106 5612 2106 5435 2107 4954 2107 5436 2107 4954 2108 5435 2108 4953 2108 4961 2109 4948 2109 4962 2109 4948 2110 4961 2110 4947 2110 4965 2111 4952 2111 4966 2111 4965 2112 4951 2112 4952 2112 4950 2113 4951 2113 4965 2113 4951 2114 4950 2114 4938 2114 4964 2115 4950 2115 4965 2115 4963 2116 4950 2116 4964 2116 4963 2117 4949 2117 4950 2117 4962 2118 4949 2118 4963 2118 4948 2119 4949 2119 4962 2119 4949 2120 4948 2120 4936 2120 4936 2121 4948 2121 4935 2121 4938 2122 4950 2122 4937 2122 4937 2123 4944 2123 4933 2123 4944 2124 4937 2124 4950 2124 4236 2125 4933 2125 4232 2125 4933 2126 4236 2126 4937 2126 4938 2127 4945 2127 4951 2127 4938 2128 4934 2128 4945 2128 4237 2129 4934 2129 4938 2129 4934 2130 4237 2130 4233 2130 4942 2131 4947 2131 4941 2131 4947 2132 4942 2132 4948 2132 4939 2133 4942 2133 4941 2133 4942 2134 4939 2134 4943 2134 4943 2135 4939 2135 4944 2135 4940 2136 4944 2136 4939 2136 4944 2137 4940 2137 4945 2137 4945 2138 4940 2138 4946 2138 4943 2139 4950 2139 4949 2139 4950 2140 4943 2140 4944 2140 4945 2141 4952 2141 4951 2141 4952 2142 4945 2142 4946 2142 4236 2143 4938 2143 4937 2143 4938 2144 4236 2144 4237 2144 4934 2145 4944 2145 4945 2145 4944 2146 4934 2146 4933 2146 4232 2147 4237 2147 4236 2147 4237 2148 4232 2148 4233 2148 5468 2149 6167 2149 5472 2149 6167 2150 5468 2150 6163 2150 5457 2151 5472 2151 5463 2151 5472 2152 5457 2152 5468 2152 5467 2153 5457 2153 5456 2153 5457 2154 5467 2154 5468 2154 6167 2155 5471 2155 5472 2155 5471 2156 6167 2156 6166 2156 5467 2157 6166 2157 6162 2157 5467 2158 5471 2158 6166 2158 5456 2159 5471 2159 5467 2159 5471 2160 5456 2160 5462 2160 5459 2161 5466 2161 5460 2161 5466 2162 5459 2162 5465 2162 5454 2163 5459 2163 5460 2163 5459 2164 5454 2164 5458 2164 5458 2165 5454 2165 5457 2165 5453 2166 5457 2166 5454 2166 5457 2167 5453 2167 5456 2167 5456 2168 5453 2168 5455 2168 5458 2169 5463 2169 5464 2169 5463 2170 5458 2170 5457 2170 5456 2171 5461 2171 5462 2171 5461 2172 5456 2172 5455 2172 5472 2173 5471 2173 5463 2173 5464 2174 5465 2174 5474 2174 5464 2175 5474 2175 5473 2175 5465 2176 5464 2176 5447 2176 5464 2177 5446 2177 5447 2177 5464 2178 5445 2178 5446 2178 5463 2179 5445 2179 5464 2179 5462 2180 5463 2180 5471 2180 5444 2181 5463 2181 5462 2181 5463 2182 5444 2182 5445 2182 5461 2183 5444 2183 5462 2183 5444 2184 5461 2184 5443 2184 5465 2185 5448 2185 5466 2185 5448 2186 5465 2186 5447 2186 6163 2187 6166 2187 6167 2187 6166 2188 6163 2188 6162 2188 4932 2189 4942 2189 4943 2189 4942 2190 4932 2190 4931 2190 4230 2191 4235 2191 4234 2191 4235 2192 4230 2192 4231 2192 4234 2193 4936 2193 4935 2193 4936 2194 4234 2194 4235 2194 4935 2195 4942 2195 4931 2195 4942 2196 4935 2196 4948 2196 4234 2197 4931 2197 4230 2197 4931 2198 4234 2198 4935 2198 4936 2199 4943 2199 4949 2199 4936 2200 4932 2200 4943 2200 4235 2201 4932 2201 4936 2201 4932 2202 4235 2202 4231 2202 6165 2203 6168 2203 6169 2203 6168 2204 6165 2204 6164 2204 5470 2205 6169 2205 5474 2205 6169 2206 5470 2206 6165 2206 5459 2207 5474 2207 5465 2207 5474 2208 5459 2208 5470 2208 5469 2209 6168 2209 6164 2209 5469 2210 5473 2210 6168 2210 5458 2211 5473 2211 5469 2211 5473 2212 5458 2212 5464 2212 6169 2213 5473 2213 5474 2213 5473 2214 6169 2214 6168 2214 5469 2215 5459 2215 5458 2215 5459 2216 5469 2216 5470 2216 4966 2217 4946 2217 4960 2217 4946 2218 4966 2218 4952 2218 4959 2219 4947 2219 4961 2219 4947 2220 4959 2220 4941 2220 4939 2221 4959 2221 4953 2221 4959 2222 4939 2222 4941 2222 4946 2223 4958 2223 4960 2223 4958 2224 4946 2224 4940 2224 5435 2225 5455 2225 5453 2225 5455 2226 5435 2226 5441 2226 5455 2227 5443 2227 5461 2227 5443 2228 5455 2228 5441 2228 5442 2229 5454 2229 5460 2229 5454 2230 5442 2230 5440 2230 5466 2231 5442 2231 5460 2231 5442 2232 5466 2232 5448 2232 2065 2233 2084 2233 2083 2233 2084 2234 2065 2234 2074 2234 2074 2235 2065 2235 2066 2235 2062 2236 2079 2236 2073 2236 2062 2237 2073 2237 2061 2237 2079 2238 2062 2238 2080 2238 2096 2239 2102 2239 2103 2239 2102 2240 2096 2240 2095 2240 2063 2241 2082 2241 2081 2241 2082 2242 2063 2242 2064 2242 2098 2243 2104 2243 2105 2243 2104 2244 2098 2244 2097 2244 2081 2245 2091 2245 2092 2245 2091 2246 2081 2246 2080 2246 2083 2247 2093 2247 2094 2247 2093 2248 2083 2248 2082 2248 1898 2249 1926 2249 1899 2249 1926 2250 1898 2250 1924 2250 1901 2251 1928 2251 1930 2251 1928 2252 1901 2252 1900 2252 1871 2253 1899 2253 1884 2253 1899 2254 1871 2254 1870 2254 1899 2255 1870 2255 1898 2255 1873 2256 1900 2256 1901 2256 1872 2257 1900 2257 1873 2257 1900 2258 1872 2258 1885 2258 1849 2259 1872 2259 1873 2259 1848 2260 1872 2260 1849 2260 1872 2261 1848 2261 1857 2261 1847 2262 1871 2262 1856 2262 1871 2263 1847 2263 1846 2263 1871 2264 1846 2264 1870 2264 1809 2265 1848 2265 1849 2265 1808 2266 1848 2266 1809 2266 1848 2267 1808 2267 1829 2267 1807 2268 1847 2268 1828 2268 1847 2269 1807 2269 1806 2269 1847 2270 1806 2270 1846 2270 1777 2271 1808 2271 1809 2271 1776 2272 1808 2272 1777 2272 1808 2273 1776 2273 1801 2273 1775 2274 1807 2274 1800 2274 1807 2275 1775 2275 1774 2275 1807 2276 1774 2276 1806 2276 1713 2277 1776 2277 1777 2277 1712 2278 1776 2278 1713 2278 1776 2279 1712 2279 1761 2279 1711 2280 1775 2280 1760 2280 1710 2281 1775 2281 1711 2281 1775 2282 1710 2282 1774 2282 1683 2283 1712 2283 1713 2283 1682 2284 1712 2284 1683 2284 1712 2285 1682 2285 1703 2285 1681 2286 1711 2286 1702 2286 1680 2287 1711 2287 1681 2287 1711 2288 1680 2288 1710 2288 1623 2289 1682 2289 1683 2289 1622 2290 1682 2290 1623 2290 1682 2291 1622 2291 1671 2291 1621 2292 1681 2292 1670 2292 1620 2293 1681 2293 1621 2293 1681 2294 1620 2294 1680 2294 1608 2295 1622 2295 1623 2295 1607 2296 1622 2296 1608 2296 1622 2297 1607 2297 1619 2297 1604 2298 1621 2298 1618 2298 1602 2299 1621 2299 1604 2299 1621 2300 1602 2300 1620 2300 1599 2301 1607 2301 1608 2301 1598 2302 1607 2302 1599 2302 1607 2303 1598 2303 1601 2303 1597 2304 1604 2304 1600 2304 1596 2305 1604 2305 1597 2305 1604 2306 1596 2306 1602 2306 1594 2307 1598 2307 1599 2307 1598 2308 1594 2308 1592 2308 1588 2309 1597 2309 1590 2309 1597 2310 1588 2310 1596 2310 1593 2311 1594 2311 1595 2311 1594 2312 1593 2312 1592 2312 1589 2313 1590 2313 1591 2313 1590 2314 1589 2314 1588 2314 1589 2315 1605 2315 1603 2315 1605 2316 1589 2316 1591 2316 1606 2317 1595 2317 1609 2317 1595 2318 1606 2318 1593 2318 1603 2319 1625 2319 1624 2319 1625 2320 1603 2320 1605 2320 1626 2321 1609 2321 1627 2321 1609 2322 1626 2322 1606 2322 1686 2323 1627 2323 1687 2323 1627 2324 1686 2324 1626 2324 1624 2325 1685 2325 1684 2325 1685 2326 1624 2326 1625 2326 1724 2327 1687 2327 1725 2327 1687 2328 1724 2328 1686 2328 1684 2329 1723 2329 1722 2329 1723 2330 1684 2330 1685 2330 1780 2331 1725 2331 1781 2331 1725 2332 1780 2332 1724 2332 1722 2333 1779 2333 1778 2333 1779 2334 1722 2334 1723 2334 1781 2335 1804 2335 1780 2335 1804 2336 1781 2336 1805 2336 1778 2337 1803 2337 1802 2337 1803 2338 1778 2338 1779 2338 1805 2339 1844 2339 1804 2339 1844 2340 1805 2340 1845 2340 1802 2341 1843 2341 1842 2341 1843 2342 1802 2342 1803 2342 1845 2343 1876 2343 1844 2343 1876 2344 1845 2344 1877 2344 1842 2345 1875 2345 1874 2345 1875 2346 1842 2346 1843 2346 1905 2347 1929 2347 1904 2347 1929 2348 1905 2348 1931 2348 1902 2349 1927 2349 1925 2349 1927 2350 1902 2350 1903 2350 1877 2351 1904 2351 1876 2351 1904 2352 1877 2352 1905 2352 1874 2353 1903 2353 1902 2353 1903 2354 1874 2354 1875 2354 1131 2355 1148 2355 1149 2355 1148 2356 1131 2356 1142 2356 1142 2357 1131 2357 1130 2357 1134 2358 1153 2358 1143 2358 1134 2359 1143 2359 1135 2359 1153 2360 1134 2360 1152 2360 1151 2361 1164 2361 1163 2361 1164 2362 1151 2362 1152 2362 1133 2363 1150 2363 1151 2363 1150 2364 1133 2364 1132 2364 1149 2365 1162 2365 1161 2365 1162 2366 1149 2366 1150 2366 1151 2367 1287 2367 1133 2367 1287 2368 1151 2368 1289 2368 1289 2369 1151 2369 1163 2369 1287 2370 1309 2370 1308 2370 1309 2371 1287 2371 1289 2371 1308 2372 1329 2372 1328 2372 1329 2373 1308 2373 1309 2373 1328 2374 1349 2374 1348 2374 1349 2375 1328 2375 1329 2375 1348 2376 1381 2376 1380 2376 1381 2377 1348 2377 1349 2377 1380 2378 1401 2378 1400 2378 1401 2379 1380 2379 1381 2379 1476 2380 1449 2380 1477 2380 1449 2381 1476 2381 1448 2381 1448 2382 1401 2382 1449 2382 1401 2383 1448 2383 1400 2383 1496 2384 1477 2384 1497 2384 1477 2385 1496 2385 1476 2385 1513 2386 1509 2386 1515 2386 1509 2387 1513 2387 1508 2387 1508 2388 1497 2388 1509 2388 1497 2389 1508 2389 1496 2389 1512 2390 1515 2390 1514 2390 1515 2391 1512 2391 1513 2391 1510 2392 1514 2392 1511 2392 1514 2393 1510 2393 1512 2393 1498 2394 1511 2394 1499 2394 1511 2395 1498 2395 1510 2395 1486 2396 1499 2396 1487 2396 1499 2397 1486 2397 1498 2397 1462 2398 1487 2398 1463 2398 1487 2399 1462 2399 1486 2399 1414 2400 1463 2400 1415 2400 1463 2401 1414 2401 1462 2401 1383 2402 1414 2402 1415 2402 1414 2403 1383 2403 1382 2403 1363 2404 1382 2404 1383 2404 1382 2405 1363 2405 1362 2405 1343 2406 1362 2406 1363 2406 1362 2407 1343 2407 1342 2407 1323 2408 1342 2408 1343 2408 1342 2409 1323 2409 1322 2409 1307 2410 1322 2410 1323 2410 1322 2411 1307 2411 1306 2411 1288 2412 1306 2412 1307 2412 1306 2413 1288 2413 1286 2413 1150 2414 1288 2414 1162 2414 1288 2415 1150 2415 1286 2415 1286 2416 1150 2416 1132 2416 1113 2417 888 2417 848 2417 1113 2418 910 2418 888 2418 1113 2419 926 2419 910 2419 1113 2420 942 2420 926 2420 1113 2421 958 2421 942 2421 1113 2422 974 2422 958 2422 1113 2423 982 2423 974 2423 1113 2424 981 2424 982 2424 1113 2425 973 2425 981 2425 1091 2426 973 2426 1113 2426 973 2427 1091 2427 957 2427 887 2428 1091 2428 847 2428 909 2429 1091 2429 887 2429 925 2430 1091 2430 909 2430 941 2431 1091 2431 925 2431 957 2432 1091 2432 941 2432 1113 2433 1090 2433 1091 2433 1090 2434 1089 2434 159 2434 1113 2435 1089 2435 1090 2435 1112 2436 1089 2436 1113 2436 1088 2437 846 2437 157 2437 1088 2438 886 2438 846 2438 1088 2439 908 2439 886 2439 1088 2440 924 2440 908 2440 1088 2441 940 2441 924 2441 1088 2442 956 2442 940 2442 1088 2443 972 2443 956 2443 1112 2444 972 2444 1088 2444 972 2445 1112 2445 980 2445 980 2446 1112 2446 979 2446 885 2447 1112 2447 845 2447 907 2448 1112 2448 885 2448 923 2449 1112 2449 907 2449 939 2450 1112 2450 923 2450 955 2451 1112 2451 939 2451 971 2452 1112 2452 955 2452 979 2453 1112 2453 971 2453 1089 2454 1112 2454 1088 2454 2065 2455 1135 2455 2066 2455 1135 2456 2065 2456 1134 2456 2066 2457 3707 2457 2117 2457 3707 2458 2700 2458 2117 2458 3707 2459 2716 2459 2700 2459 3707 2460 2746 2460 2716 2460 3707 2461 2758 2461 2746 2461 3707 2462 2774 2462 2758 2462 3707 2463 2790 2463 2774 2463 3707 2464 2802 2464 2790 2464 3707 2465 2814 2465 2802 2465 3707 2466 2813 2466 2814 2466 3707 2467 2801 2467 2813 2467 3556 2468 2801 2468 3707 2468 2801 2469 3556 2469 2789 2469 2715 2470 3556 2470 2699 2470 2745 2471 3556 2471 2715 2471 2757 2472 3556 2472 2745 2472 2773 2473 3556 2473 2757 2473 2789 2474 3556 2474 2773 2474 3707 2475 3555 2475 3556 2475 3555 2476 3554 2476 2200 2476 3707 2477 3554 2477 3555 2477 3706 2478 3554 2478 3707 2478 3553 2479 2698 2479 2198 2479 3553 2480 2714 2480 2698 2480 3553 2481 2744 2481 2714 2481 3553 2482 2756 2482 2744 2482 3553 2483 2772 2483 2756 2483 3553 2484 2788 2484 2772 2484 3553 2485 2800 2485 2788 2485 3706 2486 2800 2486 3553 2486 2800 2487 3706 2487 2812 2487 2812 2488 3706 2488 2811 2488 3706 2489 2697 2489 2713 2489 3706 2490 2713 2490 2743 2490 3706 2491 2061 2491 2116 2491 2061 2492 3706 2492 1130 2492 10 2493 1130 2493 3706 2493 2697 2494 3706 2494 2116 2494 2755 2495 3706 2495 2743 2495 2771 2496 3706 2496 2755 2496 2787 2497 3706 2497 2771 2497 2799 2498 3706 2498 2787 2498 2811 2499 3706 2499 2799 2499 3554 2500 3706 2500 3553 2500 3707 2501 2066 2501 11 2501 1135 2502 11 2502 2066 2502 1113 2503 11 2503 1135 2503 848 2504 11 2504 1113 2504 832 2505 11 2505 848 2505 802 2506 11 2506 832 2506 790 2507 11 2507 802 2507 766 2508 11 2508 790 2508 750 2509 11 2509 766 2509 738 2510 11 2510 750 2510 726 2511 11 2511 738 2511 725 2512 11 2512 726 2512 737 2513 11 2513 725 2513 160 2514 737 2514 749 2514 160 2515 749 2515 765 2515 160 2516 847 2516 1091 2516 847 2517 160 2517 831 2517 831 2518 160 2518 801 2518 801 2519 160 2519 789 2519 789 2520 160 2520 765 2520 737 2521 160 2521 11 2521 159 2522 11 2522 160 2522 158 2523 159 2523 1089 2523 158 2524 11 2524 159 2524 10 2525 158 2525 157 2525 830 2526 157 2526 846 2526 800 2527 157 2527 830 2527 788 2528 157 2528 800 2528 764 2529 157 2529 788 2529 748 2530 157 2530 764 2530 736 2531 157 2531 748 2531 10 2532 736 2532 724 2532 10 2533 724 2533 723 2533 10 2534 723 2534 735 2534 10 2535 845 2535 1112 2535 845 2536 10 2536 829 2536 158 2537 10 2537 11 2537 736 2538 10 2538 157 2538 747 2539 10 2539 735 2539 763 2540 10 2540 747 2540 787 2541 10 2541 763 2541 799 2542 10 2542 787 2542 829 2543 10 2543 799 2543 1130 2544 10 2544 1112 2544 2660 2545 2117 2545 2700 2545 2638 2546 2117 2546 2660 2546 2606 2547 2117 2547 2638 2547 2574 2548 2117 2548 2606 2548 2558 2549 2117 2549 2574 2549 2530 2550 2117 2550 2558 2550 2514 2551 2117 2551 2530 2551 2513 2552 2117 2552 2514 2552 2529 2553 2117 2553 2513 2553 2201 2554 2529 2554 2557 2554 2201 2555 2557 2555 2573 2555 2201 2556 2699 2556 3556 2556 2699 2557 2201 2557 2659 2557 2659 2558 2201 2558 2637 2558 2637 2559 2201 2559 2605 2559 2605 2560 2201 2560 2573 2560 2529 2561 2201 2561 2117 2561 2200 2562 2117 2562 2201 2562 2199 2563 2200 2563 3554 2563 2199 2564 2117 2564 2200 2564 2116 2565 2199 2565 2198 2565 2658 2566 2198 2566 2698 2566 2636 2567 2198 2567 2658 2567 2604 2568 2198 2568 2636 2568 2572 2569 2198 2569 2604 2569 2556 2570 2198 2570 2572 2570 2528 2571 2198 2571 2556 2571 2116 2572 2528 2572 2512 2572 2116 2573 2512 2573 2511 2573 2116 2574 2511 2574 2527 2574 2199 2575 2116 2575 2117 2575 2528 2576 2116 2576 2198 2576 2555 2577 2116 2577 2527 2577 2571 2578 2116 2578 2555 2578 2603 2579 2116 2579 2571 2579 2635 2580 2116 2580 2603 2580 2657 2581 2116 2581 2635 2581 2116 2582 2657 2582 2697 2582 2061 2583 1131 2583 2062 2583 1131 2584 2061 2584 1130 2584 1589 2585 1925 2585 2064 2585 1925 2586 1589 2586 1902 2586 1902 2587 1589 2587 1874 2587 1874 2588 1589 2588 1842 2588 1842 2589 1589 2589 1802 2589 1802 2590 1589 2590 1778 2590 1778 2591 1589 2591 1722 2591 1722 2592 1589 2592 1684 2592 1684 2593 1589 2593 1624 2593 1624 2594 1589 2594 1603 2594 2064 2595 1588 2595 1589 2595 2063 2596 1588 2596 2064 2596 1924 2597 1588 2597 2063 2597 1588 2598 1924 2598 1596 2598 1710 2599 1596 2599 1924 2599 1602 2600 1680 2600 1620 2600 1602 2601 1710 2601 1680 2601 1710 2602 1924 2602 1774 2602 1774 2603 1924 2603 1806 2603 1898 2604 1806 2604 1924 2604 1806 2605 1898 2605 1846 2605 1596 2606 1710 2606 1602 2606 1846 2607 1898 2607 1870 2607 1513 2608 1287 2608 1308 2608 1513 2609 1308 2609 1328 2609 1513 2610 1328 2610 1348 2610 1513 2611 1348 2611 1380 2611 1513 2612 1380 2612 1400 2612 1513 2613 1400 2613 1448 2613 1513 2614 1448 2614 1476 2614 1513 2615 1476 2615 1496 2615 1513 2616 1496 2616 1508 2616 1287 2617 1513 2617 1133 2617 1512 2618 1133 2618 1513 2618 1286 2619 1512 2619 1510 2619 1462 2620 1510 2620 1498 2620 1462 2621 1498 2621 1486 2621 1510 2622 1462 2622 1286 2622 1286 2623 1462 2623 1414 2623 1306 2624 1414 2624 1382 2624 1306 2625 1382 2625 1362 2625 1306 2626 1362 2626 1342 2626 1306 2627 1342 2627 1322 2627 1414 2628 1306 2628 1286 2628 1512 2629 1286 2629 1132 2629 1512 2630 1132 2630 1133 2630 2104 2631 3324 2631 3372 2631 1930 2632 1594 2632 1599 2632 2104 2633 3270 2633 3324 2633 3218 2634 2104 2634 2103 2634 1713 2635 1599 2635 1608 2635 2104 2636 3218 2636 3270 2636 3218 2637 2103 2637 3186 2637 1683 2638 1608 2638 1623 2638 3186 2639 2103 2639 3156 2639 1713 2640 1608 2640 1683 2640 3156 2641 2103 2641 3126 2641 1599 2642 1713 2642 1930 2642 3126 2643 2103 2643 3119 2643 1930 2644 1713 2644 1777 2644 3119 2645 2103 2645 3125 2645 2102 2646 3125 2646 2103 2646 1930 2647 1777 2647 1809 2647 3125 2648 2102 2648 3155 2648 1901 2649 1809 2649 1849 2649 3155 2650 2102 2650 3185 2650 1901 2651 1849 2651 1873 2651 3185 2652 2102 2652 3217 2652 1809 2653 1901 2653 1930 2653 1594 2654 1930 2654 2103 2654 3675 2655 3217 2655 2102 2655 3217 2656 3675 2656 3269 2656 3269 2657 3675 2657 3323 2657 3323 2658 3675 2658 3371 2658 3371 2659 3675 2659 3725 2659 3675 2660 2102 2660 43 2660 372 2661 1163 2661 332 2661 412 2662 1163 2662 372 2662 1163 2663 412 2663 1162 2663 1163 2664 1162 2664 1514 2664 1162 2665 412 2665 432 2665 1288 2666 1514 2666 1162 2666 1162 2667 432 2667 460 2667 1162 2668 460 2668 480 2668 1514 2669 1288 2669 1511 2669 1162 2670 480 2670 487 2670 1463 2671 1511 2671 1288 2671 1162 2672 487 2672 479 2672 1511 2673 1463 2673 1499 2673 1161 2674 479 2674 459 2674 1499 2675 1463 2675 1487 2675 1161 2676 459 2676 431 2676 1463 2677 1288 2677 1415 2677 1161 2678 431 2678 411 2678 1307 2679 1415 2679 1288 2679 43 2680 411 2680 371 2680 1415 2681 1307 2681 1383 2681 43 2682 371 2682 331 2682 1383 2683 1307 2683 1363 2683 43 2684 331 2684 291 2684 1363 2685 1307 2685 1343 2685 1343 2686 1307 2686 1323 2686 1595 2687 1931 2687 1905 2687 414 2688 44 2688 374 2688 3676 2689 3326 2689 3374 2689 434 2690 44 2690 414 2690 3676 2691 3272 2691 3326 2691 44 2692 434 2692 3676 2692 3676 2693 3220 2693 3272 2693 3188 2694 3676 2694 434 2694 3676 2695 3188 2695 3220 2695 462 2696 3188 2696 434 2696 462 2697 3158 2697 3188 2697 1164 2698 462 2698 482 2698 462 2699 1164 2699 3158 2699 1164 2700 482 2700 488 2700 2105 2701 3158 2701 1164 2701 1164 2702 488 2702 481 2702 3158 2703 2105 2703 3128 2703 1164 2704 481 2704 461 2704 3128 2705 2105 2705 3120 2705 1164 2706 461 2706 433 2706 3120 2707 2105 2707 3127 2707 1164 2708 433 2708 413 2708 3127 2709 2105 2709 3157 2709 1164 2710 413 2710 373 2710 3157 2711 2105 2711 3187 2711 1164 2712 373 2712 333 2712 3187 2713 2105 2713 3219 2713 1164 2714 333 2714 293 2714 3219 2715 2105 2715 3271 2715 176 2716 44 2716 1 2716 334 2717 44 2717 294 2717 374 2718 44 2718 334 2718 44 2719 262 2719 294 2719 44 2720 216 2720 262 2720 44 2721 176 2721 216 2721 1 2722 140 2722 176 2722 1 2723 106 2723 140 2723 1 2724 98 2724 106 2724 1 2725 88 2725 98 2725 1 2726 97 2726 88 2726 1 2727 105 2727 97 2727 1 2728 139 2728 105 2728 1 2729 175 2729 139 2729 3271 2730 2105 2730 3325 2730 1163 2731 293 2731 261 2731 260 2732 261 2732 215 2732 214 2733 215 2733 175 2733 174 2734 175 2734 1 2734 293 2735 1163 2735 1164 2735 1515 2736 1289 2736 1163 2736 1289 2737 1515 2737 1309 2737 1309 2738 1515 2738 1329 2738 1329 2739 1515 2739 1349 2739 1349 2740 1515 2740 1381 2740 1381 2741 1515 2741 1401 2741 1401 2742 1515 2742 1449 2742 1449 2743 1515 2743 1477 2743 1477 2744 1515 2744 1497 2744 1497 2745 1515 2745 1509 2745 1163 2746 1514 2746 1515 2746 261 2747 260 2747 1163 2747 332 2748 1163 2748 292 2748 1163 2749 260 2749 292 2749 215 2750 214 2750 260 2750 175 2751 174 2751 214 2751 0 2752 174 2752 1 2752 174 2753 0 2753 138 2753 138 2754 0 2754 104 2754 104 2755 0 2755 96 2755 96 2756 0 2756 87 2756 0 2757 95 2757 87 2757 0 2758 103 2758 95 2758 0 2759 137 2759 103 2759 0 2760 173 2760 137 2760 43 2761 173 2761 0 2761 173 2762 43 2762 213 2762 213 2763 43 2763 259 2763 259 2764 43 2764 291 2764 411 2765 43 2765 1161 2765 1161 2766 43 2766 2102 2766 479 2767 1161 2767 1162 2767 3438 2768 3676 2768 3374 2768 3508 2769 3676 2769 3438 2769 3548 2770 3676 2770 3508 2770 3676 2771 3548 2771 3726 2771 3584 2772 3726 2772 3548 2772 3618 2773 3726 2773 3584 2773 3626 2774 3726 2774 3618 2774 3636 2775 3726 2775 3626 2775 3625 2776 3726 2776 3636 2776 3617 2777 3726 2777 3625 2777 3583 2778 3726 2778 3617 2778 3547 2779 3726 2779 3583 2779 3325 2780 2105 2780 3373 2780 2104 2781 3373 2781 2105 2781 3373 2782 2104 2782 3437 2782 3436 2783 3437 2783 2104 2783 3437 2784 3436 2784 3507 2784 3506 2785 3507 2785 3436 2785 1595 2786 1905 2786 1877 2786 1595 2787 1877 2787 1845 2787 1595 2788 1845 2788 1805 2788 1595 2789 1805 2789 1781 2789 1595 2790 1781 2790 1725 2790 1595 2791 1725 2791 1687 2791 1595 2792 1687 2792 1627 2792 1595 2793 1627 2793 1609 2793 1931 2794 1595 2794 2104 2794 1594 2795 2104 2795 1595 2795 2103 2796 2104 2796 1594 2796 3436 2797 2104 2797 3372 2797 3507 2798 3506 2798 3547 2798 3546 2799 3547 2799 3506 2799 3547 2800 3546 2800 3726 2800 3725 2801 3546 2801 3582 2801 3725 2802 3582 2802 3616 2802 3725 2803 3616 2803 3624 2803 3725 2804 3624 2804 3635 2804 3546 2805 3725 2805 3726 2805 3623 2806 3725 2806 3635 2806 3615 2807 3725 2807 3623 2807 3581 2808 3725 2808 3615 2808 3545 2809 3725 2809 3581 2809 3505 2810 3725 2810 3545 2810 3435 2811 3725 2811 3505 2811 3725 2812 3435 2812 3371 2812 2125 2813 2126 2813 2195 2813 2125 2814 2195 2814 2194 2814 2126 2815 2125 2815 2081 2815 2125 2816 2080 2816 2081 2816 2124 2817 2080 2817 2125 2817 2080 2818 2124 2818 2079 2818 2127 2819 2128 2819 2197 2819 2127 2820 2197 2820 2196 2820 2128 2821 2127 2821 2082 2821 2126 2822 2082 2822 2127 2822 2082 2823 2126 2823 2081 2823 2129 2824 2083 2824 2084 2824 2128 2825 2083 2825 2129 2825 2083 2826 2128 2826 2082 2826 2198 2827 2119 2827 2118 2827 2119 2828 2198 2828 2199 2828 2121 2829 2129 2829 2123 2829 2129 2830 2121 2830 2128 2830 2117 2831 2120 2831 2121 2831 2120 2832 2117 2832 2119 2832 2116 2833 2119 2833 2117 2833 2117 2834 2121 2834 2123 2834 2120 2835 2126 2835 2127 2835 2126 2836 2120 2836 2119 2836 2118 2837 2124 2837 2125 2837 2124 2838 2118 2838 2122 2838 2119 2839 2116 2839 2118 2839 2118 2840 2116 2840 2122 2840 3558 2841 2194 2841 2195 2841 2194 2842 3558 2842 3557 2842 3558 2843 2199 2843 3554 2843 2195 2844 2199 2844 3558 2844 2119 2845 2195 2845 2126 2845 2195 2846 2119 2846 2199 2846 2198 2847 3557 2847 3553 2847 2198 2848 2194 2848 3557 2848 2118 2849 2194 2849 2198 2849 2194 2850 2118 2850 2125 2850 3554 2851 3557 2851 3558 2851 3557 2852 3554 2852 3553 2852 3560 2853 2196 2853 2197 2853 2196 2854 3560 2854 3559 2854 2200 2855 2121 2855 2120 2855 2121 2856 2200 2856 2201 2856 2200 2857 3559 2857 3555 2857 2200 2858 2196 2858 3559 2858 2120 2859 2196 2859 2200 2859 2196 2860 2120 2860 2127 2860 3556 2861 3559 2861 3560 2861 3559 2862 3556 2862 3555 2862 3560 2863 2201 2863 3556 2863 2197 2864 2201 2864 3560 2864 2121 2865 2197 2865 2128 2865 2197 2866 2121 2866 2201 2866 1149 2867 1121 2867 1150 2867 1120 2868 1149 2868 1148 2868 1149 2869 1120 2869 1121 2869 1151 2870 1122 2870 1123 2870 1150 2871 1122 2871 1151 2871 1121 2872 1122 2872 1150 2872 1122 2873 1121 2873 1105 2873 1105 2874 1121 2874 1104 2874 1152 2875 1125 2875 1153 2875 1152 2876 1124 2876 1125 2876 1151 2877 1124 2877 1152 2877 1123 2878 1124 2878 1151 2878 1124 2879 1123 2879 1107 2879 1107 2880 1123 2880 1106 2880 1114 2881 1120 2881 1118 2881 1120 2882 1114 2882 1121 2882 1112 2883 1115 2883 1114 2883 1115 2884 1112 2884 1116 2884 1113 2885 1116 2885 1112 2885 1112 2886 1114 2886 1118 2886 1115 2887 1123 2887 1122 2887 1123 2888 1115 2888 1116 2888 1117 2889 1125 2889 1124 2889 1125 2890 1117 2890 1119 2890 1116 2891 1113 2891 1117 2891 1117 2892 1113 2892 1119 2892 159 2893 164 2893 163 2893 164 2894 159 2894 160 2894 1116 2895 1106 2895 1123 2895 1090 2896 1106 2896 1116 2896 163 2897 1090 2897 159 2897 1090 2898 163 2898 1106 2898 1091 2899 1116 2899 1117 2899 1116 2900 1091 2900 1090 2900 163 2901 1107 2901 1106 2901 1107 2902 163 2902 164 2902 1107 2903 1117 2903 1124 2903 1107 2904 1091 2904 1117 2904 164 2905 1091 2905 1107 2905 1091 2906 164 2906 160 2906 1089 2907 1114 2907 1115 2907 1114 2908 1089 2908 1088 2908 161 2909 1105 2909 1104 2909 1105 2910 161 2910 162 2910 157 2911 162 2911 161 2911 162 2912 157 2912 158 2912 1114 2913 1104 2913 1121 2913 1088 2914 1104 2914 1114 2914 161 2915 1088 2915 157 2915 1088 2916 161 2916 1104 2916 1105 2917 1115 2917 1122 2917 1105 2918 1089 2918 1115 2918 162 2919 1089 2919 1105 2919 1089 2920 162 2920 158 2920 1119 2921 1135 2921 1143 2921 1135 2922 1119 2922 1113 2922 1153 2923 1119 2923 1143 2923 1119 2924 1153 2924 1125 2924 1112 2925 1142 2925 1130 2925 1142 2926 1112 2926 1118 2926 1142 2927 1120 2927 1148 2927 1120 2928 1142 2928 1118 2928 2074 2929 2117 2929 2123 2929 2117 2930 2074 2930 2066 2930 2129 2931 2074 2931 2123 2931 2074 2932 2129 2932 2084 2932 2122 2933 2079 2933 2124 2933 2079 2934 2122 2934 2073 2934 2061 2935 2122 2935 2116 2935 2122 2936 2061 2936 2073 2936 5579 2937 5590 2937 5591 2937 5590 2938 5579 2938 5578 2938 5591 2939 5606 2939 5607 2939 5606 2940 5591 2940 5590 2940 5607 2941 5630 2941 5631 2941 5630 2942 5607 2942 5606 2942 5631 2943 5658 2943 5659 2943 5658 2944 5631 2944 5630 2944 5658 2945 5699 2945 5659 2945 5699 2946 5658 2946 5698 2946 5698 2947 5747 2947 5699 2947 5747 2948 5698 2948 5746 2948 5746 2949 5831 2949 5747 2949 5831 2950 5746 2950 5830 2950 5830 2951 5887 2951 5831 2951 5887 2952 5830 2952 5886 2952 5886 2953 5935 2953 5887 2953 5935 2954 5886 2954 5934 2954 5934 2955 5975 2955 5935 2955 5975 2956 5934 2956 5974 2956 5974 2957 6027 2957 5975 2957 6027 2958 5974 2958 6026 2958 6026 2959 6087 2959 6027 2959 6087 2960 6026 2960 6086 2960 6086 2961 6133 2961 6087 2961 6133 2962 6086 2962 6132 2962 6152 2963 6133 2963 6132 2963 6133 2964 6152 2964 6153 2964 6184 2965 6153 2965 6152 2965 6153 2966 6184 2966 6185 2966 6212 2967 6185 2967 6184 2967 6185 2968 6212 2968 6213 2968 6218 2969 6213 2969 6212 2969 6213 2970 6218 2970 6219 2970 6210 2971 6219 2971 6218 2971 6219 2972 6210 2972 6211 2972 6182 2973 6211 2973 6210 2973 6211 2974 6182 2974 6183 2974 6150 2975 6183 2975 6182 2975 6183 2976 6150 2976 6151 2976 6130 2977 6151 2977 6150 2977 6151 2978 6130 2978 6131 2978 6130 2979 6085 2979 6131 2979 6085 2980 6130 2980 6084 2980 6084 2981 6025 2981 6085 2981 6025 2982 6084 2982 6024 2982 6024 2983 5973 2983 6025 2983 5973 2984 6024 2984 5972 2984 5972 2985 5933 2985 5973 2985 5933 2986 5972 2986 5932 2986 5932 2987 5885 2987 5933 2987 5885 2988 5932 2988 5884 2988 5884 2989 5829 2989 5885 2989 5829 2990 5884 2990 5828 2990 5828 2991 5745 2991 5829 2991 5745 2992 5828 2992 5744 2992 5744 2993 5697 2993 5745 2993 5697 2994 5744 2994 5696 2994 5696 2995 5657 2995 5697 2995 5657 2996 5696 2996 5656 2996 5657 2997 5628 2997 5629 2997 5628 2998 5657 2998 5656 2998 5629 2999 5604 2999 5605 2999 5604 3000 5629 3000 5628 3000 5605 3001 5588 3001 5589 3001 5588 3002 5605 3002 5604 3002 5589 3003 5578 3003 5579 3003 5578 3004 5589 3004 5588 3004 4189 3005 4200 3005 4201 3005 4200 3006 4189 3006 4188 3006 4201 3007 4228 3007 4229 3007 4228 3008 4201 3008 4200 3008 4229 3009 4260 3009 4261 3009 4260 3010 4229 3010 4228 3010 4261 3011 4280 3011 4281 3011 4280 3012 4261 3012 4260 3012 4280 3013 4327 3013 4281 3013 4327 3014 4280 3014 4326 3014 4326 3015 4387 3015 4327 3015 4387 3016 4326 3016 4386 3016 4386 3017 4439 3017 4387 3017 4439 3018 4386 3018 4438 3018 4438 3019 4479 3019 4439 3019 4479 3020 4438 3020 4478 3020 4478 3021 4527 3021 4479 3021 4527 3022 4478 3022 4526 3022 4526 3023 4583 3023 4527 3023 4583 3024 4526 3024 4582 3024 4582 3025 4667 3025 4583 3025 4667 3026 4582 3026 4666 3026 4666 3027 4715 3027 4667 3027 4715 3028 4666 3028 4714 3028 4714 3029 4755 3029 4715 3029 4755 3030 4714 3030 4754 3030 4782 3031 4755 3031 4754 3031 4755 3032 4782 3032 4783 3032 4806 3033 4783 3033 4782 3033 4783 3034 4806 3034 4807 3034 4822 3035 4807 3035 4806 3035 4807 3036 4822 3036 4823 3036 4828 3037 4823 3037 4822 3037 4823 3038 4828 3038 4829 3038 4820 3039 4829 3039 4828 3039 4829 3040 4820 3040 4821 3040 4804 3041 4821 3041 4820 3041 4821 3042 4804 3042 4805 3042 4780 3043 4805 3043 4804 3043 4805 3044 4780 3044 4781 3044 4752 3045 4781 3045 4780 3045 4781 3046 4752 3046 4753 3046 4752 3047 4713 3047 4753 3047 4713 3048 4752 3048 4712 3048 4712 3049 4665 3049 4713 3049 4665 3050 4712 3050 4664 3050 4664 3051 4581 3051 4665 3051 4581 3052 4664 3052 4580 3052 4580 3053 4525 3053 4581 3053 4525 3054 4580 3054 4524 3054 4524 3055 4477 3055 4525 3055 4477 3056 4524 3056 4476 3056 4476 3057 4437 3057 4477 3057 4437 3058 4476 3058 4436 3058 4436 3059 4385 3059 4437 3059 4385 3060 4436 3060 4384 3060 4384 3061 4325 3061 4385 3061 4325 3062 4384 3062 4324 3062 4324 3063 4279 3063 4325 3063 4279 3064 4324 3064 4278 3064 4279 3065 4258 3065 4259 3065 4258 3066 4279 3066 4278 3066 4259 3067 4226 3067 4227 3067 4226 3068 4259 3068 4258 3068 4227 3069 4198 3069 4199 3069 4198 3070 4227 3070 4226 3070 4199 3071 4188 3071 4189 3071 4188 3072 4199 3072 4198 3072 4185 3073 4192 3073 4193 3073 4192 3074 4185 3074 4184 3074 4193 3075 4220 3075 4221 3075 4220 3076 4193 3076 4192 3076 4221 3077 4252 3077 4253 3077 4252 3078 4221 3078 4220 3078 4253 3079 4272 3079 4273 3079 4272 3080 4253 3080 4252 3080 4272 3081 4319 3081 4273 3081 4319 3082 4272 3082 4318 3082 4318 3083 4379 3083 4319 3083 4379 3084 4318 3084 4378 3084 4378 3085 4431 3085 4379 3085 4431 3086 4378 3086 4430 3086 4430 3087 4471 3087 4431 3087 4471 3088 4430 3088 4470 3088 4470 3089 4519 3089 4471 3089 4519 3090 4470 3090 4518 3090 4518 3091 4575 3091 4519 3091 4575 3092 4518 3092 4574 3092 4574 3093 4659 3093 4575 3093 4659 3094 4574 3094 4658 3094 4658 3095 4707 3095 4659 3095 4707 3096 4658 3096 4706 3096 4706 3097 4747 3097 4707 3097 4747 3098 4706 3098 4746 3098 4774 3099 4747 3099 4746 3099 4747 3100 4774 3100 4775 3100 4798 3101 4775 3101 4774 3101 4775 3102 4798 3102 4799 3102 4814 3103 4799 3103 4798 3103 4799 3104 4814 3104 4815 3104 4824 3105 4815 3105 4814 3105 4815 3106 4824 3106 4825 3106 4812 3107 4825 3107 4824 3107 4825 3108 4812 3108 4813 3108 4796 3109 4813 3109 4812 3109 4813 3110 4796 3110 4797 3110 4772 3111 4797 3111 4796 3111 4797 3112 4772 3112 4773 3112 4744 3113 4773 3113 4772 3113 4773 3114 4744 3114 4745 3114 4744 3115 4705 3115 4745 3115 4705 3116 4744 3116 4704 3116 4704 3117 4657 3117 4705 3117 4657 3118 4704 3118 4656 3118 4656 3119 4573 3119 4657 3119 4573 3120 4656 3120 4572 3120 4572 3121 4517 3121 4573 3121 4517 3122 4572 3122 4516 3122 4516 3123 4469 3123 4517 3123 4469 3124 4516 3124 4468 3124 4468 3125 4429 3125 4469 3125 4429 3126 4468 3126 4428 3126 4428 3127 4377 3127 4429 3127 4377 3128 4428 3128 4376 3128 4376 3129 4317 3129 4377 3129 4317 3130 4376 3130 4316 3130 4316 3131 4271 3131 4317 3131 4271 3132 4316 3132 4270 3132 4271 3133 4250 3133 4251 3133 4250 3134 4271 3134 4270 3134 4251 3135 4218 3135 4219 3135 4218 3136 4251 3136 4250 3136 4219 3137 4190 3137 4191 3137 4190 3138 4219 3138 4218 3138 4191 3139 4184 3139 4185 3139 4184 3140 4191 3140 4190 3140 5575 3141 5582 3141 5583 3141 5582 3142 5575 3142 5574 3142 5583 3143 5598 3143 5599 3143 5598 3144 5583 3144 5582 3144 5599 3145 5622 3145 5623 3145 5622 3146 5599 3146 5598 3146 5623 3147 5650 3147 5651 3147 5650 3148 5623 3148 5622 3148 5650 3149 5691 3149 5651 3149 5691 3150 5650 3150 5690 3150 5690 3151 5739 3151 5691 3151 5739 3152 5690 3152 5738 3152 5738 3153 5823 3153 5739 3153 5823 3154 5738 3154 5822 3154 5822 3155 5879 3155 5823 3155 5879 3156 5822 3156 5878 3156 5878 3157 5927 3157 5879 3157 5927 3158 5878 3158 5926 3158 5926 3159 5967 3159 5927 3159 5967 3160 5926 3160 5966 3160 5966 3161 6019 3161 5967 3161 6019 3162 5966 3162 6018 3162 6018 3163 6079 3163 6019 3163 6079 3164 6018 3164 6078 3164 6078 3165 6125 3165 6079 3165 6125 3166 6078 3166 6124 3166 6144 3167 6125 3167 6124 3167 6125 3168 6144 3168 6145 3168 6176 3169 6145 3169 6144 3169 6145 3170 6176 3170 6177 3170 6204 3171 6177 3171 6176 3171 6177 3172 6204 3172 6205 3172 6214 3173 6205 3173 6204 3173 6205 3174 6214 3174 6215 3174 6202 3175 6215 3175 6214 3175 6215 3176 6202 3176 6203 3176 6174 3177 6203 3177 6202 3177 6203 3178 6174 3178 6175 3178 6142 3179 6175 3179 6174 3179 6175 3180 6142 3180 6143 3180 6122 3181 6143 3181 6142 3181 6143 3182 6122 3182 6123 3182 6122 3183 6077 3183 6123 3183 6077 3184 6122 3184 6076 3184 6076 3185 6017 3185 6077 3185 6017 3186 6076 3186 6016 3186 6016 3187 5965 3187 6017 3187 5965 3188 6016 3188 5964 3188 5964 3189 5925 3189 5965 3189 5925 3190 5964 3190 5924 3190 5924 3191 5877 3191 5925 3191 5877 3192 5924 3192 5876 3192 5876 3193 5821 3193 5877 3193 5821 3194 5876 3194 5820 3194 5820 3195 5737 3195 5821 3195 5737 3196 5820 3196 5736 3196 5736 3197 5689 3197 5737 3197 5689 3198 5736 3198 5688 3198 5688 3199 5649 3199 5689 3199 5649 3200 5688 3200 5648 3200 5649 3201 5620 3201 5621 3201 5620 3202 5649 3202 5648 3202 5621 3203 5596 3203 5597 3203 5596 3204 5621 3204 5620 3204 5597 3205 5580 3205 5581 3205 5580 3206 5597 3206 5596 3206 5581 3207 5574 3207 5575 3207 5574 3208 5581 3208 5580 3208 4187 3209 4196 3209 4197 3209 4196 3210 4187 3210 4186 3210 4197 3211 4224 3211 4225 3211 4224 3212 4197 3212 4196 3212 4225 3213 4256 3213 4257 3213 4256 3214 4225 3214 4224 3214 4257 3215 4276 3215 4277 3215 4276 3216 4257 3216 4256 3216 4276 3217 4323 3217 4277 3217 4323 3218 4276 3218 4322 3218 4322 3219 4383 3219 4323 3219 4383 3220 4322 3220 4382 3220 4382 3221 4435 3221 4383 3221 4435 3222 4382 3222 4434 3222 4434 3223 4475 3223 4435 3223 4475 3224 4434 3224 4474 3224 4474 3225 4523 3225 4475 3225 4523 3226 4474 3226 4522 3226 4522 3227 4579 3227 4523 3227 4579 3228 4522 3228 4578 3228 4578 3229 4663 3229 4579 3229 4663 3230 4578 3230 4662 3230 4662 3231 4711 3231 4663 3231 4711 3232 4662 3232 4710 3232 4710 3233 4751 3233 4711 3233 4751 3234 4710 3234 4750 3234 4778 3235 4751 3235 4750 3235 4751 3236 4778 3236 4779 3236 4802 3237 4779 3237 4778 3237 4779 3238 4802 3238 4803 3238 4818 3239 4803 3239 4802 3239 4803 3240 4818 3240 4819 3240 4826 3241 4819 3241 4818 3241 4819 3242 4826 3242 4827 3242 4816 3243 4827 3243 4826 3243 4827 3244 4816 3244 4817 3244 4800 3245 4817 3245 4816 3245 4817 3246 4800 3246 4801 3246 4776 3247 4801 3247 4800 3247 4801 3248 4776 3248 4777 3248 4748 3249 4777 3249 4776 3249 4777 3250 4748 3250 4749 3250 4748 3251 4709 3251 4749 3251 4709 3252 4748 3252 4708 3252 4708 3253 4661 3253 4709 3253 4661 3254 4708 3254 4660 3254 4660 3255 4577 3255 4661 3255 4577 3256 4660 3256 4576 3256 4576 3257 4521 3257 4577 3257 4521 3258 4576 3258 4520 3258 4520 3259 4473 3259 4521 3259 4473 3260 4520 3260 4472 3260 4472 3261 4433 3261 4473 3261 4433 3262 4472 3262 4432 3262 4432 3263 4381 3263 4433 3263 4381 3264 4432 3264 4380 3264 4380 3265 4321 3265 4381 3265 4321 3266 4380 3266 4320 3266 4320 3267 4275 3267 4321 3267 4275 3268 4320 3268 4274 3268 4275 3269 4254 3269 4255 3269 4254 3270 4275 3270 4274 3270 4255 3271 4222 3271 4223 3271 4222 3272 4255 3272 4254 3272 4223 3273 4194 3273 4195 3273 4194 3274 4223 3274 4222 3274 4195 3275 4186 3275 4187 3275 4186 3276 4195 3276 4194 3276 5577 3277 5586 3277 5587 3277 5586 3278 5577 3278 5576 3278 5587 3279 5602 3279 5603 3279 5602 3280 5587 3280 5586 3280 5603 3281 5626 3281 5627 3281 5626 3282 5603 3282 5602 3282 5627 3283 5654 3283 5655 3283 5654 3284 5627 3284 5626 3284 5654 3285 5695 3285 5655 3285 5695 3286 5654 3286 5694 3286 5694 3287 5743 3287 5695 3287 5743 3288 5694 3288 5742 3288 5742 3289 5827 3289 5743 3289 5827 3290 5742 3290 5826 3290 5826 3291 5883 3291 5827 3291 5883 3292 5826 3292 5882 3292 5882 3293 5931 3293 5883 3293 5931 3294 5882 3294 5930 3294 5930 3295 5971 3295 5931 3295 5971 3296 5930 3296 5970 3296 5970 3297 6023 3297 5971 3297 6023 3298 5970 3298 6022 3298 6022 3299 6083 3299 6023 3299 6083 3300 6022 3300 6082 3300 6082 3301 6129 3301 6083 3301 6129 3302 6082 3302 6128 3302 6148 3303 6129 3303 6128 3303 6129 3304 6148 3304 6149 3304 6180 3305 6149 3305 6148 3305 6149 3306 6180 3306 6181 3306 6208 3307 6181 3307 6180 3307 6181 3308 6208 3308 6209 3308 6216 3309 6209 3309 6208 3309 6209 3310 6216 3310 6217 3310 6206 3311 6217 3311 6216 3311 6217 3312 6206 3312 6207 3312 6178 3313 6207 3313 6206 3313 6207 3314 6178 3314 6179 3314 6146 3315 6179 3315 6178 3315 6179 3316 6146 3316 6147 3316 6126 3317 6147 3317 6146 3317 6147 3318 6126 3318 6127 3318 6126 3319 6081 3319 6127 3319 6081 3320 6126 3320 6080 3320 6080 3321 6021 3321 6081 3321 6021 3322 6080 3322 6020 3322 6020 3323 5969 3323 6021 3323 5969 3324 6020 3324 5968 3324 5968 3325 5929 3325 5969 3325 5929 3326 5968 3326 5928 3326 5928 3327 5881 3327 5929 3327 5881 3328 5928 3328 5880 3328 5880 3329 5825 3329 5881 3329 5825 3330 5880 3330 5824 3330 5824 3331 5741 3331 5825 3331 5741 3332 5824 3332 5740 3332 5740 3333 5693 3333 5741 3333 5693 3334 5740 3334 5692 3334 5692 3335 5653 3335 5693 3335 5653 3336 5692 3336 5652 3336 5653 3337 5624 3337 5625 3337 5624 3338 5653 3338 5652 3338 5625 3339 5600 3339 5601 3339 5600 3340 5625 3340 5624 3340 5601 3341 5584 3341 5585 3341 5584 3342 5601 3342 5600 3342 5585 3343 5576 3343 5577 3343 5576 3344 5585 3344 5584 3344 6171 3345 6284 3345 6285 3345 6284 3346 6171 3346 6170 3346 4238 3347 6171 3347 4239 3347 6171 3348 4238 3348 6170 3348 4238 3349 4113 3349 4112 3349 4113 3350 4238 3350 4239 3350 4118 3351 4117 3351 4119 3351 4118 3352 4116 3352 4117 3352 4118 3353 4115 3353 4116 3353 4112 3354 4115 3354 4118 3354 4115 3355 4112 3355 4114 3355 4114 3356 4112 3356 4113 3356 4118 3357 4241 3357 4240 3357 4241 3358 4118 3358 4119 3358 6172 3359 4241 3359 6173 3359 4241 3360 6172 3360 4240 3360 6291 3361 6172 3361 6173 3361 6172 3362 6291 3362 6290 3362 6289 3363 6290 3363 6291 3363 6288 3364 6290 3364 6289 3364 6287 3365 6290 3365 6288 3365 6284 3366 6287 3366 6286 3366 6284 3367 6286 3367 6285 3367 6287 3368 6284 3368 6290 3368 4802 3369 4928 3369 4818 3369 4928 3370 4820 3370 4828 3370 4778 3371 4928 3371 4802 3371 4928 3372 4804 3372 4820 3372 4750 3373 4928 3373 4778 3373 4928 3374 4780 3374 4804 3374 4710 3375 4928 3375 4750 3375 4928 3376 4752 3376 4780 3376 4662 3377 4928 3377 4710 3377 4928 3378 4712 3378 4752 3378 4664 3379 4928 3379 4662 3379 4928 3380 4664 3380 4712 3380 4578 3381 4664 3381 4662 3381 4578 3382 4580 3382 4664 3382 4522 3383 4580 3383 4578 3383 4522 3384 4524 3384 4580 3384 4474 3385 4524 3385 4522 3385 4474 3386 4476 3386 4524 3386 4434 3387 4476 3387 4474 3387 4434 3388 4436 3388 4476 3388 4382 3389 4436 3389 4434 3389 4382 3390 4384 3390 4436 3390 4322 3391 4384 3391 4382 3391 4322 3392 4324 3392 4384 3392 4276 3393 4324 3393 4322 3393 4276 3394 4278 3394 4324 3394 4256 3395 4278 3395 4276 3395 4256 3396 4258 3396 4278 3396 4118 3397 4256 3397 4224 3397 4256 3398 4118 3398 4258 3398 4118 3399 4224 3399 4196 3399 4258 3400 4118 3400 4226 3400 4118 3401 4196 3401 4186 3401 4226 3402 4118 3402 4198 3402 4798 3403 4925 3403 4814 3403 4925 3404 4816 3404 4826 3404 4774 3405 4925 3405 4798 3405 4925 3406 4800 3406 4816 3406 4746 3407 4925 3407 4774 3407 4925 3408 4776 3408 4800 3408 4706 3409 4925 3409 4746 3409 4925 3410 4748 3410 4776 3410 4658 3411 4925 3411 4706 3411 4925 3412 4708 3412 4748 3412 4660 3413 4925 3413 4658 3413 4925 3414 4660 3414 4708 3414 4574 3415 4660 3415 4658 3415 4574 3416 4576 3416 4660 3416 4518 3417 4576 3417 4574 3417 4518 3418 4520 3418 4576 3418 4470 3419 4520 3419 4518 3419 4470 3420 4472 3420 4520 3420 4430 3421 4472 3421 4470 3421 4430 3422 4432 3422 4472 3422 4378 3423 4432 3423 4430 3423 4378 3424 4380 3424 4432 3424 4318 3425 4380 3425 4378 3425 4318 3426 4320 3426 4380 3426 4272 3427 4320 3427 4318 3427 4272 3428 4274 3428 4320 3428 4252 3429 4274 3429 4272 3429 4252 3430 4254 3430 4274 3430 4112 3431 4252 3431 4220 3431 4252 3432 4112 3432 4254 3432 4112 3433 4220 3433 4192 3433 4254 3434 4112 3434 4222 3434 4112 3435 4192 3435 4184 3435 4222 3436 4112 3436 4194 3436 5352 3437 5576 3437 5350 3437 5576 3438 5352 3438 5586 3438 5350 3439 5432 3439 5428 3439 5434 3440 5586 3440 5352 3440 5350 3441 5428 3441 5424 3441 5586 3442 5434 3442 5481 3442 5350 3443 5424 3443 5416 3443 5434 3444 5352 3444 5430 3444 5350 3445 5416 3445 5406 3445 5430 3446 5352 3446 5426 3446 5350 3447 5406 3447 5398 3447 5426 3448 5352 3448 5418 3448 5350 3449 5398 3449 5390 3449 5418 3450 5352 3450 5408 3450 5350 3451 5390 3451 5382 3451 5408 3452 5352 3452 5400 3452 5350 3453 5382 3453 5374 3453 5400 3454 5352 3454 5392 3454 5350 3455 5374 3455 5368 3455 5392 3456 5352 3456 5384 3456 5350 3457 5368 3457 5362 3457 5384 3458 5352 3458 5376 3458 5350 3459 5362 3459 5354 3459 5376 3460 5352 3460 5370 3460 5370 3461 5352 3461 5364 3461 5364 3462 5352 3462 5356 3462 6180 3463 6290 3463 6208 3463 6290 3464 6210 3464 6218 3464 6148 3465 6290 3465 6180 3465 6290 3466 6182 3466 6210 3466 6150 3467 6290 3467 6148 3467 6290 3468 6150 3468 6182 3468 6128 3469 6150 3469 6148 3469 6128 3470 6130 3470 6150 3470 6082 3471 6130 3471 6128 3471 6082 3472 6084 3472 6130 3472 6022 3473 6084 3473 6082 3473 6022 3474 6024 3474 6084 3474 5970 3475 6024 3475 6022 3475 5970 3476 5972 3476 6024 3476 5930 3477 5972 3477 5970 3477 5930 3478 5932 3478 5972 3478 5882 3479 5932 3479 5930 3479 5882 3480 5884 3480 5932 3480 5826 3481 5884 3481 5882 3481 5826 3482 5828 3482 5884 3482 5742 3483 5828 3483 5826 3483 5742 3484 5744 3484 5828 3484 5481 3485 5742 3485 5694 3485 5742 3486 5481 3486 5744 3486 5481 3487 5694 3487 5654 3487 5744 3488 5481 3488 5696 3488 5481 3489 5654 3489 5626 3489 5696 3490 5481 3490 5656 3490 5481 3491 5626 3491 5602 3491 5656 3492 5481 3492 5628 3492 5481 3493 5602 3493 5586 3493 5628 3494 5481 3494 5604 3494 5584 3495 5350 3495 5576 3495 5604 3496 5481 3496 5588 3496 6176 3497 6284 3497 6204 3497 6284 3498 6206 3498 6216 3498 6144 3499 6284 3499 6176 3499 6284 3500 6178 3500 6206 3500 6146 3501 6284 3501 6144 3501 6284 3502 6146 3502 6178 3502 6124 3503 6146 3503 6144 3503 6124 3504 6126 3504 6146 3504 6078 3505 6126 3505 6124 3505 6078 3506 6080 3506 6126 3506 6018 3507 6080 3507 6078 3507 6018 3508 6020 3508 6080 3508 5966 3509 6020 3509 6018 3509 5966 3510 5968 3510 6020 3510 5926 3511 5968 3511 5966 3511 5926 3512 5928 3512 5968 3512 5878 3513 5928 3513 5926 3513 5878 3514 5880 3514 5928 3514 5822 3515 5880 3515 5878 3515 5822 3516 5824 3516 5880 3516 5738 3517 5824 3517 5822 3517 5738 3518 5740 3518 5824 3518 5479 3519 5738 3519 5690 3519 5738 3520 5479 3520 5740 3520 5479 3521 5690 3521 5650 3521 5740 3522 5479 3522 5692 3522 5479 3523 5650 3523 5622 3523 5692 3524 5479 3524 5652 3524 5479 3525 5622 3525 5598 3525 5652 3526 5479 3526 5624 3526 5479 3527 5598 3527 5582 3527 5624 3528 5479 3528 5600 3528 5479 3529 5582 3529 5574 3529 5432 3530 5600 3530 5479 3530 6204 3531 6284 3531 6214 3531 6284 3532 6202 3532 6214 3532 6284 3533 6174 3533 6202 3533 6122 3534 6284 3534 6170 3534 6284 3535 6142 3535 6174 3535 6284 3536 6122 3536 6142 3536 6170 3537 6076 3537 6122 3537 6170 3538 6016 3538 6076 3538 6170 3539 5964 3539 6016 3539 6170 3540 5924 3540 5964 3540 6170 3541 5876 3541 5924 3541 6170 3542 5820 3542 5876 3542 6170 3543 5736 3543 5820 3543 5477 3544 5736 3544 6170 3544 5736 3545 5477 3545 5688 3545 5350 3546 5600 3546 5432 3546 5479 3547 5574 3547 5477 3547 5580 3548 5477 3548 5574 3548 5596 3549 5477 3549 5580 3549 5620 3550 5477 3550 5596 3550 5648 3551 5477 3551 5620 3551 5688 3552 5477 3552 5648 3552 6170 3553 4922 3553 5477 3553 4824 3554 4925 3554 4922 3554 4925 3555 4826 3555 4928 3555 4814 3556 4925 3556 4824 3556 4922 3557 4812 3557 4824 3557 4922 3558 4796 3558 4812 3558 4922 3559 4772 3559 4796 3559 4922 3560 4744 3560 4772 3560 4922 3561 4704 3561 4744 3561 4238 3562 4922 3562 6170 3562 4656 3563 4922 3563 4238 3563 4922 3564 4656 3564 4704 3564 4656 3565 4238 3565 4572 3565 4572 3566 4238 3566 4516 3566 4516 3567 4238 3567 4468 3567 4238 3568 4428 3568 4468 3568 4238 3569 4376 3569 4428 3569 4238 3570 4316 3570 4376 3570 4238 3571 4270 3571 4316 3571 4112 3572 4270 3572 4238 3572 4270 3573 4112 3573 4250 3573 4250 3574 4112 3574 4218 3574 4218 3575 4112 3575 4190 3575 4194 3576 4112 3576 4186 3576 4118 3577 4186 3577 4112 3577 4190 3578 4112 3578 4184 3578 6284 3579 6216 3579 6290 3579 6208 3580 6290 3580 6216 3580 6212 3581 6290 3581 6218 3581 6184 3582 6290 3582 6212 3582 6152 3583 6290 3583 6184 3583 6132 3584 6290 3584 6152 3584 6290 3585 6132 3585 6172 3585 6086 3586 6172 3586 6132 3586 6026 3587 6172 3587 6086 3587 5974 3588 6172 3588 6026 3588 5934 3589 6172 3589 5974 3589 5886 3590 6172 3590 5934 3590 5830 3591 6172 3591 5886 3591 5746 3592 6172 3592 5830 3592 5483 3593 5746 3593 5698 3593 5483 3594 5698 3594 5658 3594 5600 3595 5350 3595 5584 3595 5588 3596 5481 3596 5578 3596 5483 3597 5578 3597 5481 3597 5578 3598 5483 3598 5590 3598 5590 3599 5483 3599 5606 3599 5606 3600 5483 3600 5630 3600 5630 3601 5483 3601 5658 3601 5746 3602 5483 3602 6172 3602 4930 3603 6172 3603 5483 3603 4818 3604 4928 3604 4826 3604 4928 3605 4828 3605 4930 3605 4822 3606 4930 3606 4828 3606 4806 3607 4930 3607 4822 3607 4782 3608 4930 3608 4806 3608 4754 3609 4930 3609 4782 3609 4714 3610 4930 3610 4754 3610 4666 3611 4930 3611 4714 3611 4930 3612 4666 3612 4240 3612 4240 3613 4666 3613 4582 3613 4240 3614 4582 3614 4526 3614 4240 3615 4526 3615 4478 3615 4930 3616 4240 3616 6172 3616 4438 3617 4240 3617 4478 3617 4386 3618 4240 3618 4438 3618 4326 3619 4240 3619 4386 3619 4280 3620 4240 3620 4326 3620 4118 3621 4280 3621 4260 3621 4118 3622 4260 3622 4228 3622 4118 3623 4228 3623 4200 3623 4118 3624 4200 3624 4188 3624 4198 3625 4118 3625 4188 3625 4280 3626 4118 3626 4240 3626 4982 3627 5296 3627 5280 3627 5296 3628 4925 3628 5300 3628 4982 3629 5280 3629 5250 3629 4928 3630 5300 3630 4925 3630 4982 3631 5250 3631 5226 3631 4986 3632 5300 3632 4928 3632 4982 3633 5226 3633 5198 3633 5296 3634 4982 3634 4925 3634 4982 3635 5198 3635 5168 3635 5300 3636 4986 3636 5282 3636 4982 3637 5168 3637 5138 3637 5228 3638 4986 3638 5200 3638 4982 3639 5138 3639 5108 3639 5200 3640 4986 3640 5170 3640 4982 3641 5108 3641 5078 3641 5170 3642 4986 3642 5140 3642 4982 3643 5078 3643 5046 3643 5140 3644 4986 3644 5110 3644 4982 3645 5046 3645 5018 3645 5110 3646 4986 3646 5080 3646 4982 3647 5018 3647 4998 3647 5080 3648 4986 3648 5048 3648 5048 3649 4986 3649 5020 3649 5020 3650 4986 3650 5000 3650 5282 3651 4986 3651 5252 3651 5252 3652 4986 3652 5228 3652 6112 3653 6219 3653 6211 3653 6096 3654 6211 3654 6183 3654 6219 3655 6112 3655 6213 3655 6064 3656 6183 3656 6151 3656 6098 3657 6213 3657 6112 3657 6052 3658 6151 3658 6131 3658 6213 3659 6098 3659 6185 3659 6066 3660 6185 3660 6098 3660 6211 3661 6096 3661 6112 3661 6012 3662 6131 3662 6085 3662 6183 3663 6064 3663 6096 3663 6151 3664 6052 3664 6064 3664 5984 3665 6085 3665 6025 3665 6131 3666 6012 3666 6052 3666 6085 3667 5984 3667 6012 3667 5973 3668 5984 3668 6025 3668 5973 3669 5952 3669 5984 3669 5933 3670 5952 3670 5973 3670 5933 3671 5912 3671 5952 3671 5885 3672 5912 3672 5933 3672 5885 3673 5864 3673 5912 3673 5829 3674 5864 3674 5885 3674 5829 3675 5816 3675 5864 3675 5745 3676 5816 3676 5829 3676 5697 3677 5816 3677 5745 3677 5816 3678 5697 3678 5772 3678 5657 3679 5772 3679 5697 3679 5772 3680 5657 3680 5728 3680 5629 3681 5728 3681 5657 3681 5728 3682 5629 3682 5708 3682 5605 3683 5708 3683 5629 3683 6185 3684 6066 3684 6153 3684 6054 3685 6153 3685 6066 3685 6153 3686 6054 3686 6133 3686 6014 3687 6133 3687 6054 3687 6133 3688 6014 3688 6087 3688 5986 3689 6087 3689 6014 3689 6087 3690 5986 3690 6027 3690 5986 3691 5975 3691 6027 3691 5954 3692 5975 3692 5986 3692 5954 3693 5935 3693 5975 3693 5914 3694 5935 3694 5954 3694 5914 3695 5887 3695 5935 3695 5866 3696 5887 3696 5914 3696 5866 3697 5831 3697 5887 3697 5818 3698 5831 3698 5866 3698 5699 3699 5818 3699 5774 3699 5818 3700 5747 3700 5831 3700 5659 3701 5774 3701 5730 3701 5631 3702 5730 3702 5710 3702 5818 3703 5699 3703 5747 3703 5607 3704 5710 3704 5686 3704 5591 3705 5686 3705 5666 3705 5708 3706 5605 3706 5684 3706 5774 3707 5659 3707 5699 3707 5589 3708 5684 3708 5605 3708 5730 3709 5631 3709 5659 3709 5684 3710 5589 3710 5666 3710 5710 3711 5607 3711 5631 3711 5579 3712 5666 3712 5589 3712 5686 3713 5591 3713 5607 3713 5666 3714 5579 3714 5591 3714 4740 3715 4829 3715 4821 3715 4724 3716 4821 3716 4805 3716 4829 3717 4740 3717 4823 3717 4700 3718 4805 3718 4781 3718 4726 3719 4823 3719 4740 3719 4680 3720 4781 3720 4753 3720 4823 3721 4726 3721 4807 3721 4702 3722 4807 3722 4726 3722 4821 3723 4724 3723 4740 3723 4636 3724 4753 3724 4713 3724 4805 3725 4700 3725 4724 3725 4781 3726 4680 3726 4700 3726 4592 3727 4713 3727 4665 3727 4753 3728 4636 3728 4680 3728 4713 3729 4592 3729 4636 3729 4581 3730 4592 3730 4665 3730 4581 3731 4544 3731 4592 3731 4525 3732 4544 3732 4581 3732 4525 3733 4496 3733 4544 3733 4477 3734 4496 3734 4525 3734 4477 3735 4456 3735 4496 3735 4437 3736 4456 3736 4477 3736 4437 3737 4424 3737 4456 3737 4385 3738 4424 3738 4437 3738 4325 3739 4424 3739 4385 3739 4424 3740 4325 3740 4396 3740 4279 3741 4396 3741 4325 3741 4396 3742 4279 3742 4356 3742 4259 3743 4356 3743 4279 3743 4356 3744 4259 3744 4344 3744 4227 3745 4344 3745 4259 3745 4807 3746 4702 3746 4783 3746 4682 3747 4783 3747 4702 3747 4783 3748 4682 3748 4755 3748 4638 3749 4755 3749 4682 3749 4755 3750 4638 3750 4715 3750 4594 3751 4715 3751 4638 3751 4715 3752 4594 3752 4667 3752 4594 3753 4583 3753 4667 3753 4546 3754 4583 3754 4594 3754 4546 3755 4527 3755 4583 3755 4498 3756 4527 3756 4546 3756 4498 3757 4479 3757 4527 3757 4458 3758 4479 3758 4498 3758 4458 3759 4439 3759 4479 3759 4426 3760 4439 3760 4458 3760 4327 3761 4426 3761 4398 3761 4426 3762 4387 3762 4439 3762 4281 3763 4398 3763 4358 3763 4261 3764 4358 3764 4346 3764 4426 3765 4327 3765 4387 3765 4229 3766 4346 3766 4314 3766 4201 3767 4314 3767 4294 3767 4344 3768 4227 3768 4312 3768 4398 3769 4281 3769 4327 3769 4199 3770 4312 3770 4227 3770 4358 3771 4261 3771 4281 3771 4312 3772 4199 3772 4294 3772 4346 3773 4229 3773 4261 3773 4189 3774 4294 3774 4199 3774 4314 3775 4201 3775 4229 3775 4294 3776 4189 3776 4201 3776 4736 3777 4825 3777 4813 3777 4716 3778 4813 3778 4797 3778 4825 3779 4736 3779 4815 3779 4692 3780 4797 3780 4773 3780 4718 3781 4815 3781 4736 3781 4672 3782 4773 3782 4745 3782 4815 3783 4718 3783 4799 3783 4694 3784 4799 3784 4718 3784 4813 3785 4716 3785 4736 3785 4628 3786 4745 3786 4705 3786 4797 3787 4692 3787 4716 3787 4773 3788 4672 3788 4692 3788 4584 3789 4705 3789 4657 3789 4745 3790 4628 3790 4672 3790 4705 3791 4584 3791 4628 3791 4573 3792 4584 3792 4657 3792 4573 3793 4536 3793 4584 3793 4517 3794 4536 3794 4573 3794 4517 3795 4488 3795 4536 3795 4469 3796 4488 3796 4517 3796 4469 3797 4448 3797 4488 3797 4429 3798 4448 3798 4469 3798 4429 3799 4416 3799 4448 3799 4377 3800 4416 3800 4429 3800 4317 3801 4416 3801 4377 3801 4416 3802 4317 3802 4388 3802 4271 3803 4388 3803 4317 3803 4388 3804 4271 3804 4348 3804 4251 3805 4348 3805 4271 3805 4348 3806 4251 3806 4336 3806 4219 3807 4336 3807 4251 3807 4799 3808 4694 3808 4775 3808 4674 3809 4775 3809 4694 3809 4775 3810 4674 3810 4747 3810 4630 3811 4747 3811 4674 3811 4747 3812 4630 3812 4707 3812 4586 3813 4707 3813 4630 3813 4707 3814 4586 3814 4659 3814 4586 3815 4575 3815 4659 3815 4538 3816 4575 3816 4586 3816 4538 3817 4519 3817 4575 3817 4490 3818 4519 3818 4538 3818 4490 3819 4471 3819 4519 3819 4450 3820 4471 3820 4490 3820 4450 3821 4431 3821 4471 3821 4418 3822 4431 3822 4450 3822 4319 3823 4418 3823 4390 3823 4418 3824 4379 3824 4431 3824 4273 3825 4390 3825 4350 3825 4253 3826 4350 3826 4338 3826 4418 3827 4319 3827 4379 3827 4221 3828 4338 3828 4306 3828 4193 3829 4306 3829 4290 3829 4336 3830 4219 3830 4304 3830 4390 3831 4273 3831 4319 3831 4191 3832 4304 3832 4219 3832 4350 3833 4253 3833 4273 3833 4304 3834 4191 3834 4290 3834 4338 3835 4221 3835 4253 3835 4185 3836 4290 3836 4191 3836 4306 3837 4193 3837 4221 3837 4290 3838 4185 3838 4193 3838 6108 3839 6215 3839 6203 3839 6088 3840 6203 3840 6175 3840 6215 3841 6108 3841 6205 3841 6056 3842 6175 3842 6143 3842 6090 3843 6205 3843 6108 3843 6044 3844 6143 3844 6123 3844 6205 3845 6090 3845 6177 3845 6058 3846 6177 3846 6090 3846 6203 3847 6088 3847 6108 3847 6004 3848 6123 3848 6077 3848 6175 3849 6056 3849 6088 3849 6143 3850 6044 3850 6056 3850 5976 3851 6077 3851 6017 3851 6123 3852 6004 3852 6044 3852 6077 3853 5976 3853 6004 3853 5965 3854 5976 3854 6017 3854 5965 3855 5944 3855 5976 3855 5925 3856 5944 3856 5965 3856 5925 3857 5904 3857 5944 3857 5877 3858 5904 3858 5925 3858 5877 3859 5856 3859 5904 3859 5821 3860 5856 3860 5877 3860 5821 3861 5808 3861 5856 3861 5737 3862 5808 3862 5821 3862 5689 3863 5808 3863 5737 3863 5808 3864 5689 3864 5764 3864 5649 3865 5764 3865 5689 3865 5764 3866 5649 3866 5720 3866 5621 3867 5720 3867 5649 3867 5720 3868 5621 3868 5700 3868 5597 3869 5700 3869 5621 3869 6177 3870 6058 3870 6145 3870 6046 3871 6145 3871 6058 3871 6145 3872 6046 3872 6125 3872 6006 3873 6125 3873 6046 3873 6125 3874 6006 3874 6079 3874 5978 3875 6079 3875 6006 3875 6079 3876 5978 3876 6019 3876 5978 3877 5967 3877 6019 3877 5946 3878 5967 3878 5978 3878 5946 3879 5927 3879 5967 3879 5906 3880 5927 3880 5946 3880 5906 3881 5879 3881 5927 3881 5858 3882 5879 3882 5906 3882 5858 3883 5823 3883 5879 3883 5810 3884 5823 3884 5858 3884 5691 3885 5810 3885 5766 3885 5810 3886 5739 3886 5823 3886 5651 3887 5766 3887 5722 3887 5623 3888 5722 3888 5702 3888 5810 3889 5691 3889 5739 3889 5599 3890 5702 3890 5678 3890 5583 3891 5678 3891 5662 3891 5700 3892 5597 3892 5676 3892 5766 3893 5651 3893 5691 3893 5581 3894 5676 3894 5597 3894 5722 3895 5623 3895 5651 3895 5676 3896 5581 3896 5662 3896 5702 3897 5599 3897 5623 3897 5575 3898 5662 3898 5581 3898 5678 3899 5583 3899 5599 3899 5662 3900 5575 3900 5583 3900 4738 3901 4827 3901 4817 3901 4720 3902 4817 3902 4801 3902 4827 3903 4738 3903 4819 3903 4696 3904 4801 3904 4777 3904 4722 3905 4819 3905 4738 3905 4676 3906 4777 3906 4749 3906 4819 3907 4722 3907 4803 3907 4698 3908 4803 3908 4722 3908 4817 3909 4720 3909 4738 3909 4632 3910 4749 3910 4709 3910 4801 3911 4696 3911 4720 3911 4777 3912 4676 3912 4696 3912 4588 3913 4709 3913 4661 3913 4749 3914 4632 3914 4676 3914 4709 3915 4588 3915 4632 3915 4577 3916 4588 3916 4661 3916 4577 3917 4540 3917 4588 3917 4521 3918 4540 3918 4577 3918 4521 3919 4492 3919 4540 3919 4473 3920 4492 3920 4521 3920 4473 3921 4452 3921 4492 3921 4433 3922 4452 3922 4473 3922 4433 3923 4420 3923 4452 3923 4381 3924 4420 3924 4433 3924 4321 3925 4420 3925 4381 3925 4420 3926 4321 3926 4392 3926 4275 3927 4392 3927 4321 3927 4392 3928 4275 3928 4352 3928 4255 3929 4352 3929 4275 3929 4352 3930 4255 3930 4340 3930 4223 3931 4340 3931 4255 3931 4803 3932 4698 3932 4779 3932 4678 3933 4779 3933 4698 3933 4779 3934 4678 3934 4751 3934 4634 3935 4751 3935 4678 3935 4751 3936 4634 3936 4711 3936 4590 3937 4711 3937 4634 3937 4711 3938 4590 3938 4663 3938 4590 3939 4579 3939 4663 3939 4542 3940 4579 3940 4590 3940 4542 3941 4523 3941 4579 3941 4494 3942 4523 3942 4542 3942 4494 3943 4475 3943 4523 3943 4454 3944 4475 3944 4494 3944 4454 3945 4435 3945 4475 3945 4422 3946 4435 3946 4454 3946 4323 3947 4422 3947 4394 3947 4422 3948 4383 3948 4435 3948 4277 3949 4394 3949 4354 3949 4257 3950 4354 3950 4342 3950 4422 3951 4323 3951 4383 3951 4225 3952 4342 3952 4310 3952 4197 3953 4310 3953 4292 3953 4340 3954 4223 3954 4308 3954 4394 3955 4277 3955 4323 3955 4195 3956 4308 3956 4223 3956 4354 3957 4257 3957 4277 3957 4308 3958 4195 3958 4292 3958 4342 3959 4225 3959 4257 3959 4187 3960 4292 3960 4195 3960 4310 3961 4197 3961 4225 3961 4292 3962 4187 3962 4197 3962 6110 3963 6217 3963 6207 3963 6092 3964 6207 3964 6179 3964 6217 3965 6110 3965 6209 3965 6060 3966 6179 3966 6147 3966 6094 3967 6209 3967 6110 3967 6048 3968 6147 3968 6127 3968 6209 3969 6094 3969 6181 3969 6062 3970 6181 3970 6094 3970 6207 3971 6092 3971 6110 3971 6008 3972 6127 3972 6081 3972 6179 3973 6060 3973 6092 3973 6147 3974 6048 3974 6060 3974 5980 3975 6081 3975 6021 3975 6127 3976 6008 3976 6048 3976 6081 3977 5980 3977 6008 3977 5969 3978 5980 3978 6021 3978 5969 3979 5948 3979 5980 3979 5929 3980 5948 3980 5969 3980 5929 3981 5908 3981 5948 3981 5881 3982 5908 3982 5929 3982 5881 3983 5860 3983 5908 3983 5825 3984 5860 3984 5881 3984 5825 3985 5812 3985 5860 3985 5741 3986 5812 3986 5825 3986 5693 3987 5812 3987 5741 3987 5812 3988 5693 3988 5768 3988 5653 3989 5768 3989 5693 3989 5768 3990 5653 3990 5724 3990 5625 3991 5724 3991 5653 3991 5724 3992 5625 3992 5704 3992 5601 3993 5704 3993 5625 3993 6181 3994 6062 3994 6149 3994 6050 3995 6149 3995 6062 3995 6149 3996 6050 3996 6129 3996 6010 3997 6129 3997 6050 3997 6129 3998 6010 3998 6083 3998 5982 3999 6083 3999 6010 3999 6083 4000 5982 4000 6023 4000 5982 4001 5971 4001 6023 4001 5950 4002 5971 4002 5982 4002 5950 4003 5931 4003 5971 4003 5910 4004 5931 4004 5950 4004 5910 4005 5883 4005 5931 4005 5862 4006 5883 4006 5910 4006 5862 4007 5827 4007 5883 4007 5814 4008 5827 4008 5862 4008 5695 4009 5814 4009 5770 4009 5814 4010 5743 4010 5827 4010 5655 4011 5770 4011 5726 4011 5627 4012 5726 4012 5706 4012 5814 4013 5695 4013 5743 4013 5603 4014 5706 4014 5682 4014 5587 4015 5682 4015 5664 4015 5704 4016 5601 4016 5680 4016 5770 4017 5655 4017 5695 4017 5585 4018 5680 4018 5601 4018 5726 4019 5627 4019 5655 4019 5680 4020 5585 4020 5664 4020 5706 4021 5603 4021 5627 4021 5577 4022 5664 4022 5585 4022 5682 4023 5587 4023 5603 4023 5664 4024 5577 4024 5587 4024 5914 4025 5955 4025 5915 4025 5955 4026 5914 4026 5954 4026 5954 4027 5987 4027 5955 4027 5987 4028 5954 4028 5986 4028 5986 4029 6015 4029 5987 4029 6015 4030 5986 4030 6014 4030 6054 4031 6015 4031 6014 4031 6015 4032 6054 4032 6055 4032 6066 4033 6055 4033 6054 4033 6055 4034 6066 4034 6067 4034 6098 4035 6067 4035 6066 4035 6067 4036 6098 4036 6099 4036 6112 4037 6099 4037 6098 4037 6099 4038 6112 4038 6113 4038 6096 4039 6113 4039 6112 4039 6113 4040 6096 4040 6097 4040 6064 4041 6097 4041 6096 4041 6097 4042 6064 4042 6065 4042 6052 4043 6065 4043 6064 4043 6065 4044 6052 4044 6053 4044 6012 4045 6053 4045 6052 4045 6053 4046 6012 4046 6013 4046 6012 4047 5985 4047 6013 4047 5985 4048 6012 4048 5984 4048 5984 4049 5953 4049 5985 4049 5953 4050 5984 4050 5952 4050 5952 4051 5913 4051 5953 4051 5913 4052 5952 4052 5912 4052 5912 4053 5865 4053 5913 4053 5865 4054 5912 4054 5864 4054 5864 4055 5817 4055 5865 4055 5817 4056 5864 4056 5816 4056 5816 4057 5773 4057 5817 4057 5773 4058 5816 4058 5772 4058 5773 4059 5728 4059 5729 4059 5728 4060 5773 4060 5772 4060 5729 4061 5708 4061 5709 4061 5708 4062 5729 4062 5728 4062 5709 4063 5684 4063 5685 4063 5684 4064 5709 4064 5708 4064 5685 4065 5666 4065 5667 4065 5666 4066 5685 4066 5684 4066 5667 4067 5686 4067 5687 4067 5686 4068 5667 4068 5666 4068 5687 4069 5710 4069 5711 4069 5710 4070 5687 4070 5686 4070 5711 4071 5730 4071 5731 4071 5730 4072 5711 4072 5710 4072 5731 4073 5774 4073 5775 4073 5774 4074 5731 4074 5730 4074 5774 4075 5819 4075 5775 4075 5819 4076 5774 4076 5818 4076 5818 4077 5867 4077 5819 4077 5867 4078 5818 4078 5866 4078 5866 4079 5915 4079 5867 4079 5915 4080 5866 4080 5914 4080 5910 4081 5951 4081 5911 4081 5951 4082 5910 4082 5950 4082 5950 4083 5983 4083 5951 4083 5983 4084 5950 4084 5982 4084 5982 4085 6011 4085 5983 4085 6011 4086 5982 4086 6010 4086 6050 4087 6011 4087 6010 4087 6011 4088 6050 4088 6051 4088 6062 4089 6051 4089 6050 4089 6051 4090 6062 4090 6063 4090 6094 4091 6063 4091 6062 4091 6063 4092 6094 4092 6095 4092 6110 4093 6095 4093 6094 4093 6095 4094 6110 4094 6111 4094 6092 4095 6111 4095 6110 4095 6111 4096 6092 4096 6093 4096 6060 4097 6093 4097 6092 4097 6093 4098 6060 4098 6061 4098 6048 4099 6061 4099 6060 4099 6061 4100 6048 4100 6049 4100 6008 4101 6049 4101 6048 4101 6049 4102 6008 4102 6009 4102 6008 4103 5981 4103 6009 4103 5981 4104 6008 4104 5980 4104 5980 4105 5949 4105 5981 4105 5949 4106 5980 4106 5948 4106 5948 4107 5909 4107 5949 4107 5909 4108 5948 4108 5908 4108 5908 4109 5861 4109 5909 4109 5861 4110 5908 4110 5860 4110 5860 4111 5813 4111 5861 4111 5813 4112 5860 4112 5812 4112 5812 4113 5769 4113 5813 4113 5769 4114 5812 4114 5768 4114 5769 4115 5724 4115 5725 4115 5724 4116 5769 4116 5768 4116 5725 4117 5704 4117 5705 4117 5704 4118 5725 4118 5724 4118 5705 4119 5680 4119 5681 4119 5680 4120 5705 4120 5704 4120 5681 4121 5664 4121 5665 4121 5664 4122 5681 4122 5680 4122 5665 4123 5682 4123 5683 4123 5682 4124 5665 4124 5664 4124 5683 4125 5706 4125 5707 4125 5706 4126 5683 4126 5682 4126 5707 4127 5726 4127 5727 4127 5726 4128 5707 4128 5706 4128 5727 4129 5770 4129 5771 4129 5770 4130 5727 4130 5726 4130 5770 4131 5815 4131 5771 4131 5815 4132 5770 4132 5814 4132 5814 4133 5863 4133 5815 4133 5863 4134 5814 4134 5862 4134 5862 4135 5911 4135 5863 4135 5911 4136 5862 4136 5910 4136 5906 4137 5947 4137 5907 4137 5947 4138 5906 4138 5946 4138 5946 4139 5979 4139 5947 4139 5979 4140 5946 4140 5978 4140 5978 4141 6007 4141 5979 4141 6007 4142 5978 4142 6006 4142 6046 4143 6007 4143 6006 4143 6007 4144 6046 4144 6047 4144 6058 4145 6047 4145 6046 4145 6047 4146 6058 4146 6059 4146 6090 4147 6059 4147 6058 4147 6059 4148 6090 4148 6091 4148 6108 4149 6091 4149 6090 4149 6091 4150 6108 4150 6109 4150 6088 4151 6109 4151 6108 4151 6109 4152 6088 4152 6089 4152 6056 4153 6089 4153 6088 4153 6089 4154 6056 4154 6057 4154 6044 4155 6057 4155 6056 4155 6057 4156 6044 4156 6045 4156 6004 4157 6045 4157 6044 4157 6045 4158 6004 4158 6005 4158 6004 4159 5977 4159 6005 4159 5977 4160 6004 4160 5976 4160 5976 4161 5945 4161 5977 4161 5945 4162 5976 4162 5944 4162 5944 4163 5905 4163 5945 4163 5905 4164 5944 4164 5904 4164 5904 4165 5857 4165 5905 4165 5857 4166 5904 4166 5856 4166 5856 4167 5809 4167 5857 4167 5809 4168 5856 4168 5808 4168 5808 4169 5765 4169 5809 4169 5765 4170 5808 4170 5764 4170 5765 4171 5720 4171 5721 4171 5720 4172 5765 4172 5764 4172 5721 4173 5700 4173 5701 4173 5700 4174 5721 4174 5720 4174 5701 4175 5676 4175 5677 4175 5676 4176 5701 4176 5700 4176 5677 4177 5662 4177 5663 4177 5662 4178 5677 4178 5676 4178 5663 4179 5678 4179 5679 4179 5678 4180 5663 4180 5662 4180 5679 4181 5702 4181 5703 4181 5702 4182 5679 4182 5678 4182 5703 4183 5722 4183 5723 4183 5722 4184 5703 4184 5702 4184 5723 4185 5766 4185 5767 4185 5766 4186 5723 4186 5722 4186 5766 4187 5811 4187 5767 4187 5811 4188 5766 4188 5810 4188 5810 4189 5859 4189 5811 4189 5859 4190 5810 4190 5858 4190 5858 4191 5907 4191 5859 4191 5907 4192 5858 4192 5906 4192 4498 4193 4547 4193 4499 4193 4547 4194 4498 4194 4546 4194 4546 4195 4595 4195 4547 4195 4595 4196 4546 4196 4594 4196 4594 4197 4639 4197 4595 4197 4639 4198 4594 4198 4638 4198 4682 4199 4639 4199 4638 4199 4639 4200 4682 4200 4683 4200 4702 4201 4683 4201 4682 4201 4683 4202 4702 4202 4703 4202 4726 4203 4703 4203 4702 4203 4703 4204 4726 4204 4727 4204 4740 4205 4727 4205 4726 4205 4727 4206 4740 4206 4741 4206 4724 4207 4741 4207 4740 4207 4741 4208 4724 4208 4725 4208 4700 4209 4725 4209 4724 4209 4725 4210 4700 4210 4701 4210 4680 4211 4701 4211 4700 4211 4701 4212 4680 4212 4681 4212 4636 4213 4681 4213 4680 4213 4681 4214 4636 4214 4637 4214 4636 4215 4593 4215 4637 4215 4593 4216 4636 4216 4592 4216 4592 4217 4545 4217 4593 4217 4545 4218 4592 4218 4544 4218 4544 4219 4497 4219 4545 4219 4497 4220 4544 4220 4496 4220 4496 4221 4457 4221 4497 4221 4457 4222 4496 4222 4456 4222 4456 4223 4425 4223 4457 4223 4425 4224 4456 4224 4424 4224 4424 4225 4397 4225 4425 4225 4397 4226 4424 4226 4396 4226 4397 4227 4356 4227 4357 4227 4356 4228 4397 4228 4396 4228 4357 4229 4344 4229 4345 4229 4344 4230 4357 4230 4356 4230 4345 4231 4312 4231 4313 4231 4312 4232 4345 4232 4344 4232 4313 4233 4294 4233 4295 4233 4294 4234 4313 4234 4312 4234 4295 4235 4314 4235 4315 4235 4314 4236 4295 4236 4294 4236 4315 4237 4346 4237 4347 4237 4346 4238 4315 4238 4314 4238 4347 4239 4358 4239 4359 4239 4358 4240 4347 4240 4346 4240 4359 4241 4398 4241 4399 4241 4398 4242 4359 4242 4358 4242 4398 4243 4427 4243 4399 4243 4427 4244 4398 4244 4426 4244 4426 4245 4459 4245 4427 4245 4459 4246 4426 4246 4458 4246 4458 4247 4499 4247 4459 4247 4499 4248 4458 4248 4498 4248 4494 4249 4543 4249 4495 4249 4543 4250 4494 4250 4542 4250 4542 4251 4591 4251 4543 4251 4591 4252 4542 4252 4590 4252 4590 4253 4635 4253 4591 4253 4635 4254 4590 4254 4634 4254 4678 4255 4635 4255 4634 4255 4635 4256 4678 4256 4679 4256 4698 4257 4679 4257 4678 4257 4679 4258 4698 4258 4699 4258 4722 4259 4699 4259 4698 4259 4699 4260 4722 4260 4723 4260 4738 4261 4723 4261 4722 4261 4723 4262 4738 4262 4739 4262 4720 4263 4739 4263 4738 4263 4739 4264 4720 4264 4721 4264 4696 4265 4721 4265 4720 4265 4721 4266 4696 4266 4697 4266 4676 4267 4697 4267 4696 4267 4697 4268 4676 4268 4677 4268 4632 4269 4677 4269 4676 4269 4677 4270 4632 4270 4633 4270 4632 4271 4589 4271 4633 4271 4589 4272 4632 4272 4588 4272 4588 4273 4541 4273 4589 4273 4541 4274 4588 4274 4540 4274 4540 4275 4493 4275 4541 4275 4493 4276 4540 4276 4492 4276 4492 4277 4453 4277 4493 4277 4453 4278 4492 4278 4452 4278 4452 4279 4421 4279 4453 4279 4421 4280 4452 4280 4420 4280 4420 4281 4393 4281 4421 4281 4393 4282 4420 4282 4392 4282 4393 4283 4352 4283 4353 4283 4352 4284 4393 4284 4392 4284 4353 4285 4340 4285 4341 4285 4340 4286 4353 4286 4352 4286 4341 4287 4308 4287 4309 4287 4308 4288 4341 4288 4340 4288 4309 4289 4292 4289 4293 4289 4292 4290 4309 4290 4308 4290 4293 4291 4310 4291 4311 4291 4310 4292 4293 4292 4292 4292 4311 4293 4342 4293 4343 4293 4342 4294 4311 4294 4310 4294 4343 4295 4354 4295 4355 4295 4354 4296 4343 4296 4342 4296 4355 4297 4394 4297 4395 4297 4394 4298 4355 4298 4354 4298 4394 4299 4423 4299 4395 4299 4423 4300 4394 4300 4422 4300 4422 4301 4455 4301 4423 4301 4455 4302 4422 4302 4454 4302 4454 4303 4495 4303 4455 4303 4495 4304 4454 4304 4494 4304 4490 4305 4539 4305 4491 4305 4539 4306 4490 4306 4538 4306 4538 4307 4587 4307 4539 4307 4587 4308 4538 4308 4586 4308 4586 4309 4631 4309 4587 4309 4631 4310 4586 4310 4630 4310 4674 4311 4631 4311 4630 4311 4631 4312 4674 4312 4675 4312 4694 4313 4675 4313 4674 4313 4675 4314 4694 4314 4695 4314 4718 4315 4695 4315 4694 4315 4695 4316 4718 4316 4719 4316 4736 4317 4719 4317 4718 4317 4719 4318 4736 4318 4737 4318 4716 4319 4737 4319 4736 4319 4737 4320 4716 4320 4717 4320 4692 4321 4717 4321 4716 4321 4717 4322 4692 4322 4693 4322 4672 4323 4693 4323 4692 4323 4693 4324 4672 4324 4673 4324 4628 4325 4673 4325 4672 4325 4673 4326 4628 4326 4629 4326 4628 4327 4585 4327 4629 4327 4585 4328 4628 4328 4584 4328 4584 4329 4537 4329 4585 4329 4537 4330 4584 4330 4536 4330 4536 4331 4489 4331 4537 4331 4489 4332 4536 4332 4488 4332 4488 4333 4449 4333 4489 4333 4449 4334 4488 4334 4448 4334 4448 4335 4417 4335 4449 4335 4417 4336 4448 4336 4416 4336 4416 4337 4389 4337 4417 4337 4389 4338 4416 4338 4388 4338 4389 4339 4348 4339 4349 4339 4348 4340 4389 4340 4388 4340 4349 4341 4336 4341 4337 4341 4336 4342 4349 4342 4348 4342 4337 4343 4304 4343 4305 4343 4304 4344 4337 4344 4336 4344 4305 4345 4290 4345 4291 4345 4290 4346 4305 4346 4304 4346 4291 4347 4306 4347 4307 4347 4306 4348 4291 4348 4290 4348 4307 4349 4338 4349 4339 4349 4338 4350 4307 4350 4306 4350 4339 4351 4350 4351 4351 4351 4350 4352 4339 4352 4338 4352 4351 4353 4390 4353 4391 4353 4390 4354 4351 4354 4350 4354 4390 4355 4419 4355 4391 4355 4419 4356 4390 4356 4418 4356 4418 4357 4451 4357 4419 4357 4451 4358 4418 4358 4450 4358 4450 4359 4491 4359 4451 4359 4491 4360 4450 4360 4490 4360 6609 4361 6621 4361 6617 4361 6621 4362 6609 4362 6613 4362 6601 4363 6613 4363 6609 4363 6613 4364 6601 4364 6605 4364 6593 4365 6605 4365 6601 4365 6605 4366 6593 4366 6597 4366 6593 4367 6589 4367 6597 4367 6589 4368 6593 4368 6585 4368 6585 4369 6581 4369 6589 4369 6581 4370 6585 4370 6577 4370 6577 4371 6573 4371 6581 4371 6573 4372 6577 4372 6569 4372 6569 4373 6565 4373 6573 4373 6565 4374 6569 4374 6563 4374 6563 4375 6572 4375 6565 4375 6572 4376 6563 4376 6568 4376 6568 4377 6580 4377 6572 4377 6580 4378 6568 4378 6576 4378 6576 4379 6588 4379 6580 4379 6588 4380 6576 4380 6584 4380 6584 4381 6596 4381 6588 4381 6596 4382 6584 4382 6592 4382 6596 4383 6600 4383 6604 4383 6600 4384 6596 4384 6592 4384 6604 4385 6608 4385 6612 4385 6608 4386 6604 4386 6600 4386 6612 4387 6616 4387 6620 4387 6616 4388 6612 4388 6608 4388 6620 4389 6624 4389 6628 4389 6624 4390 6620 4390 6616 4390 6628 4391 6632 4391 6636 4391 6632 4392 6628 4392 6624 4392 6636 4393 6640 4393 6644 4393 6640 4394 6636 4394 6632 4394 6640 4395 6652 4395 6644 4395 6652 4396 6640 4396 6648 4396 6648 4397 6660 4397 6652 4397 6660 4398 6648 4398 6656 4398 6656 4399 6668 4399 6660 4399 6668 4400 6656 4400 6664 4400 6664 4401 6673 4401 6668 4401 6673 4402 6664 4402 6671 4402 6671 4403 6669 4403 6673 4403 6669 4404 6671 4404 6665 4404 6665 4405 6661 4405 6669 4405 6661 4406 6665 4406 6657 4406 6657 4407 6653 4407 6661 4407 6653 4408 6657 4408 6649 4408 6649 4409 6645 4409 6653 4409 6645 4410 6649 4410 6641 4410 6633 4411 6645 4411 6641 4411 6645 4412 6633 4412 6637 4412 6625 4413 6637 4413 6633 4413 6637 4414 6625 4414 6629 4414 6617 4415 6629 4415 6625 4415 6629 4416 6617 4416 6621 4416 6607 4417 6619 4417 6615 4417 6619 4418 6607 4418 6611 4418 6599 4419 6611 4419 6607 4419 6611 4420 6599 4420 6603 4420 6591 4421 6603 4421 6599 4421 6603 4422 6591 4422 6595 4422 6591 4423 6587 4423 6595 4423 6587 4424 6591 4424 6583 4424 6583 4425 6579 4425 6587 4425 6579 4426 6583 4426 6575 4426 6575 4427 6571 4427 6579 4427 6571 4428 6575 4428 6567 4428 6567 4429 6564 4429 6571 4429 6564 4430 6567 4430 6562 4430 6562 4431 6570 4431 6564 4431 6570 4432 6562 4432 6566 4432 6566 4433 6578 4433 6570 4433 6578 4434 6566 4434 6574 4434 6574 4435 6586 4435 6578 4435 6586 4436 6574 4436 6582 4436 6582 4437 6594 4437 6586 4437 6594 4438 6582 4438 6590 4438 6594 4439 6598 4439 6602 4439 6598 4440 6594 4440 6590 4440 6602 4441 6606 4441 6610 4441 6606 4442 6602 4442 6598 4442 6610 4443 6614 4443 6618 4443 6614 4444 6610 4444 6606 4444 6618 4445 6622 4445 6626 4445 6622 4446 6618 4446 6614 4446 6626 4447 6630 4447 6634 4447 6630 4448 6626 4448 6622 4448 6634 4449 6638 4449 6642 4449 6638 4450 6634 4450 6630 4450 6638 4451 6650 4451 6642 4451 6650 4452 6638 4452 6646 4452 6646 4453 6658 4453 6650 4453 6658 4454 6646 4454 6654 4454 6654 4455 6666 4455 6658 4455 6666 4456 6654 4456 6662 4456 6662 4457 6672 4457 6666 4457 6672 4458 6662 4458 6670 4458 6670 4459 6667 4459 6672 4459 6667 4460 6670 4460 6663 4460 6663 4461 6659 4461 6667 4461 6659 4462 6663 4462 6655 4462 6655 4463 6651 4463 6659 4463 6651 4464 6655 4464 6647 4464 6647 4465 6643 4465 6651 4465 6643 4466 6647 4466 6639 4466 6631 4467 6643 4467 6639 4467 6643 4468 6631 4468 6635 4468 6623 4469 6635 4469 6631 4469 6635 4470 6623 4470 6627 4470 6615 4471 6627 4471 6623 4471 6627 4472 6615 4472 6619 4472 7125 4473 7137 4473 7133 4473 7137 4474 7125 4474 7129 4474 7117 4475 7129 4475 7125 4475 7129 4476 7117 4476 7121 4476 7109 4477 7121 4477 7117 4477 7121 4478 7109 4478 7113 4478 7109 4479 7105 4479 7113 4479 7105 4480 7109 4480 7101 4480 7101 4481 7097 4481 7105 4481 7097 4482 7101 4482 7093 4482 7093 4483 7089 4483 7097 4483 7089 4484 7093 4484 7085 4484 7085 4485 7081 4485 7089 4485 7081 4486 7085 4486 7079 4486 7079 4487 7088 4487 7081 4487 7088 4488 7079 4488 7084 4488 7084 4489 7096 4489 7088 4489 7096 4490 7084 4490 7092 4490 7092 4491 7104 4491 7096 4491 7104 4492 7092 4492 7100 4492 7100 4493 7112 4493 7104 4493 7112 4494 7100 4494 7108 4494 7112 4495 7116 4495 7120 4495 7116 4496 7112 4496 7108 4496 7120 4497 7124 4497 7128 4497 7124 4498 7120 4498 7116 4498 7128 4499 7132 4499 7136 4499 7132 4500 7128 4500 7124 4500 7136 4501 7140 4501 7144 4501 7140 4502 7136 4502 7132 4502 7144 4503 7148 4503 7152 4503 7148 4504 7144 4504 7140 4504 7152 4505 7156 4505 7160 4505 7156 4506 7152 4506 7148 4506 7156 4507 7168 4507 7160 4507 7168 4508 7156 4508 7164 4508 7164 4509 7176 4509 7168 4509 7176 4510 7164 4510 7172 4510 7172 4511 7184 4511 7176 4511 7184 4512 7172 4512 7180 4512 7180 4513 7189 4513 7184 4513 7189 4514 7180 4514 7187 4514 7187 4515 7185 4515 7189 4515 7185 4516 7187 4516 7181 4516 7181 4517 7177 4517 7185 4517 7177 4518 7181 4518 7173 4518 7173 4519 7169 4519 7177 4519 7169 4520 7173 4520 7165 4520 7165 4521 7161 4521 7169 4521 7161 4522 7165 4522 7157 4522 7149 4523 7161 4523 7157 4523 7161 4524 7149 4524 7153 4524 7141 4525 7153 4525 7149 4525 7153 4526 7141 4526 7145 4526 7133 4527 7145 4527 7141 4527 7145 4528 7133 4528 7137 4528 7123 4529 7135 4529 7131 4529 7135 4530 7123 4530 7127 4530 7115 4531 7127 4531 7123 4531 7127 4532 7115 4532 7119 4532 7107 4533 7119 4533 7115 4533 7119 4534 7107 4534 7111 4534 7107 4535 7103 4535 7111 4535 7103 4536 7107 4536 7099 4536 7099 4537 7095 4537 7103 4537 7095 4538 7099 4538 7091 4538 7091 4539 7087 4539 7095 4539 7087 4540 7091 4540 7083 4540 7083 4541 7080 4541 7087 4541 7080 4542 7083 4542 7078 4542 7078 4543 7086 4543 7080 4543 7086 4544 7078 4544 7082 4544 7082 4545 7094 4545 7086 4545 7094 4546 7082 4546 7090 4546 7090 4547 7102 4547 7094 4547 7102 4548 7090 4548 7098 4548 7098 4549 7110 4549 7102 4549 7110 4550 7098 4550 7106 4550 7110 4551 7114 4551 7118 4551 7114 4552 7110 4552 7106 4552 7118 4553 7122 4553 7126 4553 7122 4554 7118 4554 7114 4554 7126 4555 7130 4555 7134 4555 7130 4556 7126 4556 7122 4556 7134 4557 7138 4557 7142 4557 7138 4558 7134 4558 7130 4558 7142 4559 7146 4559 7150 4559 7146 4560 7142 4560 7138 4560 7150 4561 7154 4561 7158 4561 7154 4562 7150 4562 7146 4562 7154 4563 7166 4563 7158 4563 7166 4564 7154 4564 7162 4564 7162 4565 7174 4565 7166 4565 7174 4566 7162 4566 7170 4566 7170 4567 7182 4567 7174 4567 7182 4568 7170 4568 7178 4568 7178 4569 7188 4569 7182 4569 7188 4570 7178 4570 7186 4570 7186 4571 7183 4571 7188 4571 7183 4572 7186 4572 7179 4572 7179 4573 7175 4573 7183 4573 7175 4574 7179 4574 7171 4574 7171 4575 7167 4575 7175 4575 7167 4576 7171 4576 7163 4576 7163 4577 7159 4577 7167 4577 7159 4578 7163 4578 7155 4578 7147 4579 7159 4579 7155 4579 7159 4580 7147 4580 7151 4580 7139 4581 7151 4581 7147 4581 7151 4582 7139 4582 7143 4582 7131 4583 7143 4583 7139 4583 7143 4584 7131 4584 7135 4584 6558 4585 6561 4585 6560 4585 6561 4586 6558 4586 6559 4586 6558 4587 7272 4587 7270 4587 7272 4588 6558 4588 6560 4588 6561 4589 7271 4589 7277 4589 7271 4590 6561 4590 6559 4590 6639 4591 6640 4591 6631 4591 7108 4592 7123 4592 7131 4592 6640 4593 6639 4593 7108 4593 7108 4594 7115 4594 7123 4594 7107 4595 7108 4595 6639 4595 7108 4596 7107 4596 7115 4596 6647 4597 7107 4597 6639 4597 6647 4598 7099 4598 7107 4598 6655 4599 7099 4599 6647 4599 6655 4600 7091 4600 7099 4600 6663 4601 7091 4601 6655 4601 6663 4602 7083 4602 7091 4602 6670 4603 7083 4603 6663 4603 6670 4604 7078 4604 7083 4604 6662 4605 7078 4605 6670 4605 6662 4606 7082 4606 7078 4606 6654 4607 7082 4607 6662 4607 6654 4608 7090 4608 7082 4608 6646 4609 7090 4609 6654 4609 6646 4610 7098 4610 7090 4610 6638 4611 7098 4611 6646 4611 6638 4612 7106 4612 7098 4612 6630 4613 7106 4613 6638 4613 6630 4614 7114 4614 7106 4614 6558 4615 6630 4615 6622 4615 6630 4616 6558 4616 7114 4616 6558 4617 6622 4617 6614 4617 7114 4618 6558 4618 7122 4618 6633 4619 6559 4619 6625 4619 6559 4620 7125 4620 7133 4620 7117 4621 6559 4621 6633 4621 6559 4622 7117 4622 7125 4622 6641 4623 7117 4623 6633 4623 6641 4624 7109 4624 7117 4624 6649 4625 7109 4625 6641 4625 6649 4626 7101 4626 7109 4626 6657 4627 7101 4627 6649 4627 6657 4628 7093 4628 7101 4628 6665 4629 7093 4629 6657 4629 6665 4630 7085 4630 7093 4630 6671 4631 7085 4631 6665 4631 6671 4632 7079 4632 7085 4632 6664 4633 7079 4633 6671 4633 6664 4634 7084 4634 7079 4634 6656 4635 7084 4635 6664 4635 6656 4636 7092 4636 7084 4636 6648 4637 7092 4637 6656 4637 6648 4638 7100 4638 7092 4638 6640 4639 7100 4639 6648 4639 6640 4640 7108 4640 7100 4640 6624 4641 6623 4641 6632 4641 6631 4642 6632 4642 6623 4642 6623 4643 6624 4643 6615 4643 6632 4644 6631 4644 6640 4644 6615 4645 6624 4645 6616 4645 7108 4646 7131 4646 7116 4646 6625 4647 6559 4647 6617 4647 6559 4648 6609 4648 6617 4648 6559 4649 6601 4649 6609 4649 6559 4650 6593 4650 6601 4650 6559 4651 6585 4651 6593 4651 6559 4652 6577 4652 6585 4652 6559 4653 6569 4653 6577 4653 6559 4654 6563 4654 6569 4654 6559 4655 6568 4655 6563 4655 6559 4656 6576 4656 6568 4656 6575 4657 6576 4657 6559 4657 7116 4658 7131 4658 7124 4658 6608 4659 6615 4659 6616 4659 6607 4660 6608 4660 6600 4660 6599 4661 6600 4661 6592 4661 6591 4662 6592 4662 6584 4662 6576 4663 6575 4663 6584 4663 6608 4664 6607 4664 6615 4664 6600 4665 6599 4665 6607 4665 6592 4666 6591 4666 6599 4666 6584 4667 6583 4667 6591 4667 6584 4668 6575 4668 6583 4668 6558 4669 6575 4669 6559 4669 6575 4670 6558 4670 6567 4670 7270 4671 7122 4671 6558 4671 6606 4672 6558 4672 6614 4672 6598 4673 6558 4673 6606 4673 6590 4674 6558 4674 6598 4674 6582 4675 6558 4675 6590 4675 6574 4676 6558 4676 6582 4676 6566 4677 6558 4677 6574 4677 6562 4678 6558 4678 6566 4678 6567 4679 6558 4679 6562 4679 6559 4680 7133 4680 7271 4680 7141 4681 7271 4681 7133 4681 7149 4682 7271 4682 7141 4682 7157 4683 7271 4683 7149 4683 7165 4684 7271 4684 7157 4684 7173 4685 7271 4685 7165 4685 7181 4686 7271 4686 7173 4686 7187 4687 7271 4687 7181 4687 7180 4688 7271 4688 7187 4688 7172 4689 7271 4689 7180 4689 7164 4690 7271 4690 7172 4690 7156 4691 7271 4691 7164 4691 7155 4692 7156 4692 7148 4692 7124 4693 7131 4693 7132 4693 7132 4694 7131 4694 7140 4694 7139 4695 7140 4695 7131 4695 7140 4696 7139 4696 7148 4696 7147 4697 7148 4697 7139 4697 7155 4698 7148 4698 7147 4698 7156 4699 7155 4699 7271 4699 7270 4700 7155 4700 7163 4700 7270 4701 7163 4701 7171 4701 7270 4702 7171 4702 7179 4702 7270 4703 7179 4703 7186 4703 7270 4704 7186 4704 7178 4704 7155 4705 7270 4705 7271 4705 7170 4706 7270 4706 7178 4706 7162 4707 7270 4707 7170 4707 7154 4708 7270 4708 7162 4708 7146 4709 7270 4709 7154 4709 7138 4710 7270 4710 7146 4710 7130 4711 7270 4711 7138 4711 7122 4712 7270 4712 7130 4712 6423 4713 6443 4713 6439 4713 6443 4714 6423 4714 6428 4714 6455 4715 6475 4715 6471 4715 6475 4716 6455 4716 6459 4716 6439 4717 6459 4717 6455 4717 6459 4718 6439 4718 6443 4718 6479 4719 6475 4719 6483 4719 6475 4720 6479 4720 6471 4720 6503 4721 6499 4721 6507 4721 6499 4722 6503 4722 6495 4722 6495 4723 6483 4723 6499 4723 6483 4724 6495 4724 6479 4724 6510 4725 6507 4725 6512 4725 6507 4726 6510 4726 6503 4726 6502 4727 6512 4727 6506 4727 6512 4728 6502 4728 6510 4728 6494 4729 6506 4729 6498 4729 6506 4730 6494 4730 6502 4730 6478 4731 6498 4731 6482 4731 6498 4732 6478 4732 6494 4732 6470 4733 6482 4733 6474 4733 6482 4734 6470 4734 6478 4734 6458 4735 6470 4735 6474 4735 6470 4736 6458 4736 6454 4736 6442 4737 6454 4737 6458 4737 6454 4738 6442 4738 6438 4738 6427 4739 6438 4739 6442 4739 6438 4740 6427 4740 6422 4740 6418 4741 6422 4741 6427 4741 6422 4742 6418 4742 6414 4742 6402 4743 6414 4743 6418 4743 6414 4744 6402 4744 6398 4744 6386 4745 6398 4745 6402 4745 6398 4746 6386 4746 6382 4746 6374 4747 6386 4747 6378 4747 6386 4748 6374 4748 6382 4748 6358 4749 6378 4749 6362 4749 6378 4750 6358 4750 6374 4750 6350 4751 6362 4751 6354 4751 6362 4752 6350 4752 6358 4752 6346 4753 6354 4753 6348 4753 6354 4754 6346 4754 6350 4754 6359 4755 6355 4755 6363 4755 6355 4756 6359 4756 6351 4756 6351 4757 6348 4757 6355 4757 6348 4758 6351 4758 6346 4758 6375 4759 6363 4759 6379 4759 6363 4760 6375 4760 6359 4760 6383 4761 6403 4761 6399 4761 6403 4762 6383 4762 6387 4762 6383 4763 6379 4763 6387 4763 6379 4764 6383 4764 6375 4764 6415 4765 6428 4765 6423 4765 6428 4766 6415 4766 6419 4766 6399 4767 6419 4767 6415 4767 6419 4768 6399 4768 6403 4768 6791 4769 6811 4769 6807 4769 6811 4770 6791 4770 6796 4770 6823 4771 6843 4771 6839 4771 6843 4772 6823 4772 6827 4772 6807 4773 6827 4773 6823 4773 6827 4774 6807 4774 6811 4774 6847 4775 6843 4775 6851 4775 6843 4776 6847 4776 6839 4776 6871 4777 6867 4777 6875 4777 6867 4778 6871 4778 6863 4778 6863 4779 6851 4779 6867 4779 6851 4780 6863 4780 6847 4780 6878 4781 6875 4781 6880 4781 6875 4782 6878 4782 6871 4782 6870 4783 6880 4783 6874 4783 6880 4784 6870 4784 6878 4784 6862 4785 6874 4785 6866 4785 6874 4786 6862 4786 6870 4786 6846 4787 6866 4787 6850 4787 6866 4788 6846 4788 6862 4788 6838 4789 6850 4789 6842 4789 6850 4790 6838 4790 6846 4790 6826 4791 6838 4791 6842 4791 6838 4792 6826 4792 6822 4792 6810 4793 6822 4793 6826 4793 6822 4794 6810 4794 6806 4794 6795 4795 6806 4795 6810 4795 6806 4796 6795 4796 6790 4796 6786 4797 6790 4797 6795 4797 6790 4798 6786 4798 6782 4798 6770 4799 6782 4799 6786 4799 6782 4800 6770 4800 6766 4800 6754 4801 6766 4801 6770 4801 6766 4802 6754 4802 6750 4802 6742 4803 6754 4803 6746 4803 6754 4804 6742 4804 6750 4804 6726 4805 6746 4805 6730 4805 6746 4806 6726 4806 6742 4806 6718 4807 6730 4807 6722 4807 6730 4808 6718 4808 6726 4808 6714 4809 6722 4809 6716 4809 6722 4810 6714 4810 6718 4810 6727 4811 6723 4811 6731 4811 6723 4812 6727 4812 6719 4812 6719 4813 6716 4813 6723 4813 6716 4814 6719 4814 6714 4814 6743 4815 6731 4815 6747 4815 6731 4816 6743 4816 6727 4816 6751 4817 6771 4817 6767 4817 6771 4818 6751 4818 6755 4818 6751 4819 6747 4819 6755 4819 6747 4820 6751 4820 6743 4820 6783 4821 6796 4821 6791 4821 6796 4822 6783 4822 6787 4822 6767 4823 6787 4823 6783 4823 6787 4824 6767 4824 6771 4824 6793 4825 6813 4825 6809 4825 6813 4826 6793 4826 6800 4826 6825 4827 6845 4827 6841 4827 6845 4828 6825 4828 6829 4828 6809 4829 6829 4829 6825 4829 6829 4830 6809 4830 6813 4830 6849 4831 6845 4831 6853 4831 6845 4832 6849 4832 6841 4832 6873 4833 6869 4833 6877 4833 6869 4834 6873 4834 6865 4834 6865 4835 6853 4835 6869 4835 6853 4836 6865 4836 6849 4836 6879 4837 6877 4837 6881 4837 6877 4838 6879 4838 6873 4838 6872 4839 6881 4839 6876 4839 6881 4840 6872 4840 6879 4840 6864 4841 6876 4841 6868 4841 6876 4842 6864 4842 6872 4842 6848 4843 6868 4843 6852 4843 6868 4844 6848 4844 6864 4844 6840 4845 6852 4845 6844 4845 6852 4846 6840 4846 6848 4846 6828 4847 6840 4847 6844 4847 6840 4848 6828 4848 6824 4848 6812 4849 6824 4849 6828 4849 6824 4850 6812 4850 6808 4850 6799 4851 6808 4851 6812 4851 6808 4852 6799 4852 6792 4852 6788 4853 6792 4853 6799 4853 6792 4854 6788 4854 6784 4854 6772 4855 6784 4855 6788 4855 6784 4856 6772 4856 6768 4856 6756 4857 6768 4857 6772 4857 6768 4858 6756 4858 6752 4858 6744 4859 6756 4859 6748 4859 6756 4860 6744 4860 6752 4860 6728 4861 6748 4861 6732 4861 6748 4862 6728 4862 6744 4862 6720 4863 6732 4863 6724 4863 6732 4864 6720 4864 6728 4864 6715 4865 6724 4865 6717 4865 6724 4866 6715 4866 6720 4866 6729 4867 6725 4867 6733 4867 6725 4868 6729 4868 6721 4868 6721 4869 6717 4869 6725 4869 6717 4870 6721 4870 6715 4870 6745 4871 6733 4871 6749 4871 6733 4872 6745 4872 6729 4872 6753 4873 6773 4873 6769 4873 6773 4874 6753 4874 6757 4874 6753 4875 6749 4875 6757 4875 6749 4876 6753 4876 6745 4876 6785 4877 6800 4877 6793 4877 6800 4878 6785 4878 6789 4878 6769 4879 6789 4879 6785 4879 6789 4880 6769 4880 6773 4880 6425 4881 6445 4881 6441 4881 6445 4882 6425 4882 6432 4882 6457 4883 6477 4883 6473 4883 6477 4884 6457 4884 6461 4884 6441 4885 6461 4885 6457 4885 6461 4886 6441 4886 6445 4886 6481 4887 6477 4887 6485 4887 6477 4888 6481 4888 6473 4888 6505 4889 6501 4889 6509 4889 6501 4890 6505 4890 6497 4890 6497 4891 6485 4891 6501 4891 6485 4892 6497 4892 6481 4892 6511 4893 6509 4893 6513 4893 6509 4894 6511 4894 6505 4894 6504 4895 6513 4895 6508 4895 6513 4896 6504 4896 6511 4896 6496 4897 6508 4897 6500 4897 6508 4898 6496 4898 6504 4898 6480 4899 6500 4899 6484 4899 6500 4900 6480 4900 6496 4900 6472 4901 6484 4901 6476 4901 6484 4902 6472 4902 6480 4902 6460 4903 6472 4903 6476 4903 6472 4904 6460 4904 6456 4904 6444 4905 6456 4905 6460 4905 6456 4906 6444 4906 6440 4906 6431 4907 6440 4907 6444 4907 6440 4908 6431 4908 6424 4908 6420 4909 6424 4909 6431 4909 6424 4910 6420 4910 6416 4910 6404 4911 6416 4911 6420 4911 6416 4912 6404 4912 6400 4912 6388 4913 6400 4913 6404 4913 6400 4914 6388 4914 6384 4914 6376 4915 6388 4915 6380 4915 6388 4916 6376 4916 6384 4916 6360 4917 6380 4917 6364 4917 6380 4918 6360 4918 6376 4918 6352 4919 6364 4919 6356 4919 6364 4920 6352 4920 6360 4920 6347 4921 6356 4921 6349 4921 6356 4922 6347 4922 6352 4922 6361 4923 6357 4923 6365 4923 6357 4924 6361 4924 6353 4924 6353 4925 6349 4925 6357 4925 6349 4926 6353 4926 6347 4926 6377 4927 6365 4927 6381 4927 6365 4928 6377 4928 6361 4928 6385 4929 6405 4929 6401 4929 6405 4930 6385 4930 6389 4930 6385 4931 6381 4931 6389 4931 6381 4932 6385 4932 6377 4932 6417 4933 6432 4933 6425 4933 6432 4934 6417 4934 6421 4934 6401 4935 6421 4935 6417 4935 6421 4936 6401 4936 6405 4936 6305 4937 7009 4937 7013 4937 7009 4938 6305 4938 6303 4938 6297 4939 6301 4939 6299 4939 6303 4940 6301 4940 6297 4940 6301 4941 6303 4941 6305 4941 6296 4942 6299 4942 6298 4942 6299 4943 6296 4943 6297 4943 6302 4944 6300 4944 6304 4944 6296 4945 6300 4945 6302 4945 6300 4946 6296 4946 6298 4946 6302 4947 7010 4947 7006 4947 7010 4948 6302 4948 6304 4948 7011 4949 6935 4949 7012 4949 7011 4950 6934 4950 6935 4950 7010 4951 6934 4951 7011 4951 6934 4952 7010 4952 6304 4952 6934 4953 6304 4953 6300 4953 6935 4954 7013 4954 7012 4954 7013 4955 6935 4955 6305 4955 6305 4956 6935 4956 6301 4956 2131 4957 4098 4957 4101 4957 4098 4958 2131 4958 2113 4958 2131 4959 2112 4959 2113 4959 2130 4960 2112 4960 2131 4960 2112 4961 2130 4961 2111 4961 2379 4962 2380 4962 2412 4962 2408 4963 2412 4963 2440 4963 2380 4964 2379 4964 2341 4964 2436 4965 2440 4965 2484 4965 2357 4966 2341 4966 2379 4966 2452 4967 2484 4967 2536 4967 2341 4968 2357 4968 2317 4968 2333 4969 2317 4969 2357 4969 2412 4970 2408 4970 2379 4970 2472 4971 2536 4971 2576 4971 2440 4972 2436 4972 2408 4972 2484 4973 2452 4973 2436 4973 2496 4974 2576 4974 2584 4974 2536 4975 2472 4975 2452 4975 2576 4976 2496 4976 2472 4976 2608 4977 2496 4977 2584 4977 2608 4978 2520 4978 2496 4978 2616 4979 2520 4979 2608 4979 2616 4980 2533 4980 2520 4980 2615 4981 2533 4981 2616 4981 2615 4982 2519 4982 2533 4982 2607 4983 2519 4983 2615 4983 2607 4984 2495 4984 2519 4984 2583 4985 2495 4985 2607 4985 2575 4986 2495 4986 2583 4986 2495 4987 2575 4987 2471 4987 2535 4988 2471 4988 2575 4988 2471 4989 2535 4989 2451 4989 2483 4990 2451 4990 2535 4990 2451 4991 2483 4991 2435 4991 2439 4992 2435 4992 2483 4992 2317 4993 2333 4993 2289 4993 2313 4994 2289 4994 2333 4994 2289 4995 2313 4995 2253 4995 2301 4996 2253 4996 2313 4996 2253 4997 2301 4997 2241 4997 2281 4998 2241 4998 2301 4998 2241 4999 2281 4999 2229 4999 2281 5000 2217 5000 2229 5000 2273 5001 2217 5001 2281 5001 2273 5002 2205 5002 2217 5002 2266 5003 2205 5003 2273 5003 2266 5004 2204 5004 2205 5004 2272 5005 2204 5005 2266 5005 2272 5006 2216 5006 2204 5006 2280 5007 2216 5007 2272 5007 2240 5008 2280 5008 2300 5008 2280 5009 2228 5009 2216 5009 2252 5010 2300 5010 2312 5010 2288 5011 2312 5011 2332 5011 2280 5012 2240 5012 2228 5012 2316 5013 2332 5013 2356 5013 2340 5014 2356 5014 2378 5014 2435 5015 2439 5015 2407 5015 2300 5016 2252 5016 2240 5016 2411 5017 2407 5017 2439 5017 2312 5018 2288 5018 2252 5018 2407 5019 2411 5019 2378 5019 2332 5020 2316 5020 2288 5020 2377 5021 2378 5021 2411 5021 2356 5022 2340 5022 2316 5022 2378 5023 2377 5023 2340 5023 2383 5024 2384 5024 2414 5024 2410 5025 2414 5025 2442 5025 2384 5026 2383 5026 2343 5026 2438 5027 2442 5027 2486 5027 2359 5028 2343 5028 2383 5028 2454 5029 2486 5029 2538 5029 2343 5030 2359 5030 2319 5030 2335 5031 2319 5031 2359 5031 2414 5032 2410 5032 2383 5032 2474 5033 2538 5033 2578 5033 2442 5034 2438 5034 2410 5034 2486 5035 2454 5035 2438 5035 2498 5036 2578 5036 2586 5036 2538 5037 2474 5037 2454 5037 2578 5038 2498 5038 2474 5038 2610 5039 2498 5039 2586 5039 2610 5040 2522 5040 2498 5040 2618 5041 2522 5041 2610 5041 2618 5042 2534 5042 2522 5042 2617 5043 2534 5043 2618 5043 2617 5044 2521 5044 2534 5044 2609 5045 2521 5045 2617 5045 2609 5046 2497 5046 2521 5046 2585 5047 2497 5047 2609 5047 2577 5048 2497 5048 2585 5048 2497 5049 2577 5049 2473 5049 2537 5050 2473 5050 2577 5050 2473 5051 2537 5051 2453 5051 2485 5052 2453 5052 2537 5052 2453 5053 2485 5053 2437 5053 2441 5054 2437 5054 2485 5054 2319 5055 2335 5055 2291 5055 2315 5056 2291 5056 2335 5056 2291 5057 2315 5057 2255 5057 2303 5058 2255 5058 2315 5058 2255 5059 2303 5059 2243 5059 2283 5060 2243 5060 2303 5060 2243 5061 2283 5061 2231 5061 2283 5062 2219 5062 2231 5062 2275 5063 2219 5063 2283 5063 2275 5064 2207 5064 2219 5064 2267 5065 2207 5065 2275 5065 2267 5066 2206 5066 2207 5066 2274 5067 2206 5067 2267 5067 2274 5068 2218 5068 2206 5068 2282 5069 2218 5069 2274 5069 2242 5070 2282 5070 2302 5070 2282 5071 2230 5071 2218 5071 2254 5072 2302 5072 2314 5072 2290 5073 2314 5073 2334 5073 2282 5074 2242 5074 2230 5074 2318 5075 2334 5075 2358 5075 2342 5076 2358 5076 2382 5076 2437 5077 2441 5077 2409 5077 2302 5078 2254 5078 2242 5078 2413 5079 2409 5079 2441 5079 2314 5080 2290 5080 2254 5080 2409 5081 2413 5081 2382 5081 2334 5082 2318 5082 2290 5082 2381 5083 2382 5083 2413 5083 2358 5084 2342 5084 2318 5084 2382 5085 2381 5085 2342 5085 3971 5086 3972 5086 3990 5086 3986 5087 3990 5087 4006 5087 3972 5088 3971 5088 3950 5088 4002 5089 4006 5089 4030 5089 3962 5090 3950 5090 3971 5090 4018 5091 4030 5091 4058 5091 3950 5092 3962 5092 3934 5092 3946 5093 3934 5093 3962 5093 3990 5094 3986 5094 3971 5094 4026 5095 4058 5095 4066 5095 4006 5096 4002 5096 3986 5096 4030 5097 4018 5097 4002 5097 4042 5098 4066 5098 4074 5098 4058 5099 4026 5099 4018 5099 4066 5100 4042 5100 4026 5100 4082 5101 4042 5101 4074 5101 4082 5102 4050 5102 4042 5102 4090 5103 4050 5103 4082 5103 4090 5104 4055 5104 4050 5104 4089 5105 4055 5105 4090 5105 4089 5106 4049 5106 4055 5106 4081 5107 4049 5107 4089 5107 4081 5108 4041 5108 4049 5108 4073 5109 4041 5109 4081 5109 4065 5110 4041 5110 4073 5110 4041 5111 4065 5111 4025 5111 4057 5112 4025 5112 4065 5112 4025 5113 4057 5113 4017 5113 4029 5114 4017 5114 4057 5114 4017 5115 4029 5115 4001 5115 4005 5116 4001 5116 4029 5116 3934 5117 3946 5117 3910 5117 3930 5118 3910 5118 3946 5118 3910 5119 3930 5119 3882 5119 3922 5120 3882 5120 3930 5120 3882 5121 3922 5121 3874 5121 3906 5122 3874 5122 3922 5122 3874 5123 3906 5123 3866 5123 3906 5124 3858 5124 3866 5124 3898 5125 3858 5125 3906 5125 3898 5126 3850 5126 3858 5126 3891 5127 3850 5127 3898 5127 3891 5128 3849 5128 3850 5128 3897 5129 3849 5129 3891 5129 3897 5130 3857 5130 3849 5130 3905 5131 3857 5131 3897 5131 3873 5132 3905 5132 3921 5132 3905 5133 3865 5133 3857 5133 3881 5134 3921 5134 3929 5134 3909 5135 3929 5135 3945 5135 3905 5136 3873 5136 3865 5136 3933 5137 3945 5137 3961 5137 3949 5138 3961 5138 3970 5138 4001 5139 4005 5139 3985 5139 3921 5140 3881 5140 3873 5140 3989 5141 3985 5141 4005 5141 3929 5142 3909 5142 3881 5142 3985 5143 3989 5143 3970 5143 3945 5144 3933 5144 3909 5144 3969 5145 3970 5145 3989 5145 3961 5146 3949 5146 3933 5146 3970 5147 3969 5147 3949 5147 3975 5148 3976 5148 3992 5148 3988 5149 3992 5149 4008 5149 3976 5150 3975 5150 3952 5150 4004 5151 4008 5151 4032 5151 3964 5152 3952 5152 3975 5152 4020 5153 4032 5153 4060 5153 3952 5154 3964 5154 3936 5154 3948 5155 3936 5155 3964 5155 3992 5156 3988 5156 3975 5156 4028 5157 4060 5157 4068 5157 4008 5158 4004 5158 3988 5158 4032 5159 4020 5159 4004 5159 4044 5160 4068 5160 4076 5160 4060 5161 4028 5161 4020 5161 4068 5162 4044 5162 4028 5162 4084 5163 4044 5163 4076 5163 4084 5164 4052 5164 4044 5164 4092 5165 4052 5165 4084 5165 4092 5166 4056 5166 4052 5166 4091 5167 4056 5167 4092 5167 4091 5168 4051 5168 4056 5168 4083 5169 4051 5169 4091 5169 4083 5170 4043 5170 4051 5170 4075 5171 4043 5171 4083 5171 4067 5172 4043 5172 4075 5172 4043 5173 4067 5173 4027 5173 4059 5174 4027 5174 4067 5174 4027 5175 4059 5175 4019 5175 4031 5176 4019 5176 4059 5176 4019 5177 4031 5177 4003 5177 4007 5178 4003 5178 4031 5178 3936 5179 3948 5179 3912 5179 3932 5180 3912 5180 3948 5180 3912 5181 3932 5181 3884 5181 3924 5182 3884 5182 3932 5182 3884 5183 3924 5183 3876 5183 3908 5184 3876 5184 3924 5184 3876 5185 3908 5185 3868 5185 3908 5186 3860 5186 3868 5186 3900 5187 3860 5187 3908 5187 3900 5188 3852 5188 3860 5188 3892 5189 3852 5189 3900 5189 3892 5190 3851 5190 3852 5190 3899 5191 3851 5191 3892 5191 3899 5192 3859 5192 3851 5192 3907 5193 3859 5193 3899 5193 3875 5194 3907 5194 3923 5194 3907 5195 3867 5195 3859 5195 3883 5196 3923 5196 3931 5196 3911 5197 3931 5197 3947 5197 3907 5198 3875 5198 3867 5198 3935 5199 3947 5199 3963 5199 3951 5200 3963 5200 3974 5200 4003 5201 4007 5201 3987 5201 3923 5202 3883 5202 3875 5202 3991 5203 3987 5203 4007 5203 3931 5204 3911 5204 3883 5204 3987 5205 3991 5205 3974 5205 3947 5206 3935 5206 3911 5206 3973 5207 3974 5207 3991 5207 3963 5208 3951 5208 3935 5208 3974 5209 3973 5209 3951 5209 6428 5210 6429 5210 6447 5210 6443 5211 6447 5211 6463 5211 6429 5212 6428 5212 6407 5212 6459 5213 6463 5213 6487 5213 6419 5214 6407 5214 6428 5214 6475 5215 6487 5215 6515 5215 6407 5216 6419 5216 6391 5216 6403 5217 6391 5217 6419 5217 6447 5218 6443 5218 6428 5218 6483 5219 6515 5219 6523 5219 6463 5220 6459 5220 6443 5220 6487 5221 6475 5221 6459 5221 6499 5222 6523 5222 6531 5222 6515 5223 6483 5223 6475 5223 6523 5224 6499 5224 6483 5224 6539 5225 6499 5225 6531 5225 6539 5226 6507 5226 6499 5226 6547 5227 6507 5227 6539 5227 6547 5228 6512 5228 6507 5228 6546 5229 6512 5229 6547 5229 6546 5230 6506 5230 6512 5230 6538 5231 6506 5231 6546 5231 6538 5232 6498 5232 6506 5232 6530 5233 6498 5233 6538 5233 6522 5234 6498 5234 6530 5234 6498 5235 6522 5235 6482 5235 6514 5236 6482 5236 6522 5236 6482 5237 6514 5237 6474 5237 6486 5238 6474 5238 6514 5238 6474 5239 6486 5239 6458 5239 6462 5240 6458 5240 6486 5240 6391 5241 6403 5241 6367 5241 6387 5242 6367 5242 6403 5242 6367 5243 6387 5243 6339 5243 6379 5244 6339 5244 6387 5244 6339 5245 6379 5245 6331 5245 6363 5246 6331 5246 6379 5246 6331 5247 6363 5247 6323 5247 6363 5248 6315 5248 6323 5248 6355 5249 6315 5249 6363 5249 6355 5250 6307 5250 6315 5250 6348 5251 6307 5251 6355 5251 6348 5252 6306 5252 6307 5252 6354 5253 6306 5253 6348 5253 6354 5254 6314 5254 6306 5254 6362 5255 6314 5255 6354 5255 6330 5256 6362 5256 6378 5256 6362 5257 6322 5257 6314 5257 6338 5258 6378 5258 6386 5258 6366 5259 6386 5259 6402 5259 6362 5260 6330 5260 6322 5260 6390 5261 6402 5261 6418 5261 6406 5262 6418 5262 6427 5262 6458 5263 6462 5263 6442 5263 6378 5264 6338 5264 6330 5264 6446 5265 6442 5265 6462 5265 6386 5266 6366 5266 6338 5266 6442 5267 6446 5267 6427 5267 6402 5268 6390 5268 6366 5268 6426 5269 6427 5269 6446 5269 6418 5270 6406 5270 6390 5270 6427 5271 6426 5271 6406 5271 6432 5272 6433 5272 6449 5272 6445 5273 6449 5273 6465 5273 6433 5274 6432 5274 6409 5274 6461 5275 6465 5275 6489 5275 6421 5276 6409 5276 6432 5276 6477 5277 6489 5277 6517 5277 6409 5278 6421 5278 6393 5278 6405 5279 6393 5279 6421 5279 6449 5280 6445 5280 6432 5280 6485 5281 6517 5281 6525 5281 6465 5282 6461 5282 6445 5282 6489 5283 6477 5283 6461 5283 6501 5284 6525 5284 6533 5284 6517 5285 6485 5285 6477 5285 6525 5286 6501 5286 6485 5286 6541 5287 6501 5287 6533 5287 6541 5288 6509 5288 6501 5288 6549 5289 6509 5289 6541 5289 6549 5290 6513 5290 6509 5290 6548 5291 6513 5291 6549 5291 6548 5292 6508 5292 6513 5292 6540 5293 6508 5293 6548 5293 6540 5294 6500 5294 6508 5294 6532 5295 6500 5295 6540 5295 6524 5296 6500 5296 6532 5296 6500 5297 6524 5297 6484 5297 6516 5298 6484 5298 6524 5298 6484 5299 6516 5299 6476 5299 6488 5300 6476 5300 6516 5300 6476 5301 6488 5301 6460 5301 6464 5302 6460 5302 6488 5302 6393 5303 6405 5303 6369 5303 6389 5304 6369 5304 6405 5304 6369 5305 6389 5305 6341 5305 6381 5306 6341 5306 6389 5306 6341 5307 6381 5307 6333 5307 6365 5308 6333 5308 6381 5308 6333 5309 6365 5309 6325 5309 6365 5310 6317 5310 6325 5310 6357 5311 6317 5311 6365 5311 6357 5312 6309 5312 6317 5312 6349 5313 6309 5313 6357 5313 6349 5314 6308 5314 6309 5314 6356 5315 6308 5315 6349 5315 6356 5316 6316 5316 6308 5316 6364 5317 6316 5317 6356 5317 6332 5318 6364 5318 6380 5318 6364 5319 6324 5319 6316 5319 6340 5320 6380 5320 6388 5320 6368 5321 6388 5321 6404 5321 6364 5322 6332 5322 6324 5322 6392 5323 6404 5323 6420 5323 6408 5324 6420 5324 6431 5324 6460 5325 6464 5325 6444 5325 6380 5326 6340 5326 6332 5326 6448 5327 6444 5327 6464 5327 6388 5328 6368 5328 6340 5328 6444 5329 6448 5329 6431 5329 6404 5330 6392 5330 6368 5330 6430 5331 6431 5331 6448 5331 6420 5332 6408 5332 6392 5332 6431 5333 6430 5333 6408 5333 6796 5334 6797 5334 6815 5334 6811 5335 6815 5335 6831 5335 6797 5336 6796 5336 6775 5336 6827 5337 6831 5337 6855 5337 6787 5338 6775 5338 6796 5338 6843 5339 6855 5339 6883 5339 6775 5340 6787 5340 6759 5340 6771 5341 6759 5341 6787 5341 6815 5342 6811 5342 6796 5342 6851 5343 6883 5343 6891 5343 6831 5344 6827 5344 6811 5344 6855 5345 6843 5345 6827 5345 6867 5346 6891 5346 6899 5346 6883 5347 6851 5347 6843 5347 6891 5348 6867 5348 6851 5348 6907 5349 6867 5349 6899 5349 6907 5350 6875 5350 6867 5350 6915 5351 6875 5351 6907 5351 6915 5352 6880 5352 6875 5352 6914 5353 6880 5353 6915 5353 6914 5354 6874 5354 6880 5354 6906 5355 6874 5355 6914 5355 6906 5356 6866 5356 6874 5356 6898 5357 6866 5357 6906 5357 6890 5358 6866 5358 6898 5358 6866 5359 6890 5359 6850 5359 6882 5360 6850 5360 6890 5360 6850 5361 6882 5361 6842 5361 6854 5362 6842 5362 6882 5362 6842 5363 6854 5363 6826 5363 6830 5364 6826 5364 6854 5364 6759 5365 6771 5365 6735 5365 6755 5366 6735 5366 6771 5366 6735 5367 6755 5367 6707 5367 6747 5368 6707 5368 6755 5368 6707 5369 6747 5369 6699 5369 6731 5370 6699 5370 6747 5370 6699 5371 6731 5371 6691 5371 6731 5372 6683 5372 6691 5372 6723 5373 6683 5373 6731 5373 6723 5374 6675 5374 6683 5374 6716 5375 6675 5375 6723 5375 6716 5376 6674 5376 6675 5376 6722 5377 6674 5377 6716 5377 6722 5378 6682 5378 6674 5378 6730 5379 6682 5379 6722 5379 6698 5380 6730 5380 6746 5380 6730 5381 6690 5381 6682 5381 6706 5382 6746 5382 6754 5382 6734 5383 6754 5383 6770 5383 6730 5384 6698 5384 6690 5384 6758 5385 6770 5385 6786 5385 6774 5386 6786 5386 6795 5386 6826 5387 6830 5387 6810 5387 6746 5388 6706 5388 6698 5388 6814 5389 6810 5389 6830 5389 6754 5390 6734 5390 6706 5390 6810 5391 6814 5391 6795 5391 6770 5392 6758 5392 6734 5392 6794 5393 6795 5393 6814 5393 6786 5394 6774 5394 6758 5394 6795 5395 6794 5395 6774 5395 6800 5396 6801 5396 6817 5396 6813 5397 6817 5397 6833 5397 6801 5398 6800 5398 6777 5398 6829 5399 6833 5399 6857 5399 6789 5400 6777 5400 6800 5400 6845 5401 6857 5401 6885 5401 6777 5402 6789 5402 6761 5402 6773 5403 6761 5403 6789 5403 6817 5404 6813 5404 6800 5404 6853 5405 6885 5405 6893 5405 6833 5406 6829 5406 6813 5406 6857 5407 6845 5407 6829 5407 6869 5408 6893 5408 6901 5408 6885 5409 6853 5409 6845 5409 6893 5410 6869 5410 6853 5410 6909 5411 6869 5411 6901 5411 6909 5412 6877 5412 6869 5412 6917 5413 6877 5413 6909 5413 6917 5414 6881 5414 6877 5414 6916 5415 6881 5415 6917 5415 6916 5416 6876 5416 6881 5416 6908 5417 6876 5417 6916 5417 6908 5418 6868 5418 6876 5418 6900 5419 6868 5419 6908 5419 6892 5420 6868 5420 6900 5420 6868 5421 6892 5421 6852 5421 6884 5422 6852 5422 6892 5422 6852 5423 6884 5423 6844 5423 6856 5424 6844 5424 6884 5424 6844 5425 6856 5425 6828 5425 6832 5426 6828 5426 6856 5426 6761 5427 6773 5427 6737 5427 6757 5428 6737 5428 6773 5428 6737 5429 6757 5429 6709 5429 6749 5430 6709 5430 6757 5430 6709 5431 6749 5431 6701 5431 6733 5432 6701 5432 6749 5432 6701 5433 6733 5433 6693 5433 6733 5434 6685 5434 6693 5434 6725 5435 6685 5435 6733 5435 6725 5436 6677 5436 6685 5436 6717 5437 6677 5437 6725 5437 6717 5438 6676 5438 6677 5438 6724 5439 6676 5439 6717 5439 6724 5440 6684 5440 6676 5440 6732 5441 6684 5441 6724 5441 6700 5442 6732 5442 6748 5442 6732 5443 6692 5443 6684 5443 6708 5444 6748 5444 6756 5444 6736 5445 6756 5445 6772 5445 6732 5446 6700 5446 6692 5446 6760 5447 6772 5447 6788 5447 6776 5448 6788 5448 6799 5448 6828 5449 6832 5449 6812 5449 6748 5450 6708 5450 6700 5450 6816 5451 6812 5451 6832 5451 6756 5452 6736 5452 6708 5452 6812 5453 6816 5453 6799 5453 6772 5454 6760 5454 6736 5454 6798 5455 6799 5455 6816 5455 6788 5456 6776 5456 6760 5456 6799 5457 6798 5457 6776 5457 4114 5458 4101 5458 4105 5458 4101 5459 4114 5459 6301 5459 4114 5460 4105 5460 4104 5460 6286 5461 6301 5461 4114 5461 4114 5462 4104 5462 4100 5462 6301 5463 6286 5463 6299 5463 6299 5464 6286 5464 6298 5464 6298 5465 6286 5465 6300 5465 2908 5466 2931 5466 2932 5466 2931 5467 2908 5467 2907 5467 2932 5468 2971 5468 2972 5468 2971 5469 2932 5469 2931 5469 2972 5470 2995 5470 2996 5470 2995 5471 2972 5471 2971 5471 2996 5472 3045 5472 3046 5472 3045 5473 2996 5473 2995 5473 3045 5474 3088 5474 3046 5474 3088 5475 3045 5475 3087 5475 3087 5476 3144 5476 3088 5476 3144 5477 3087 5477 3143 5477 3143 5478 3202 5478 3144 5478 3202 5479 3143 5479 3201 5479 3201 5480 3256 5480 3202 5480 3256 5481 3201 5481 3255 5481 3255 5482 3300 5482 3256 5482 3300 5483 3255 5483 3299 5483 3299 5484 3342 5484 3300 5484 3342 5485 3299 5485 3341 5485 3395 5486 3342 5486 3341 5486 3342 5487 3395 5487 3396 5487 3419 5488 3396 5488 3395 5488 3396 5489 3419 5489 3420 5489 3467 5490 3420 5490 3419 5490 3420 5491 3467 5491 3468 5491 3495 5492 3468 5492 3467 5492 3468 5493 3495 5493 3496 5493 3463 5494 3496 5494 3495 5494 3496 5495 3463 5495 3464 5495 3415 5496 3464 5496 3463 5496 3464 5497 3415 5497 3416 5497 3391 5498 3416 5498 3415 5498 3416 5499 3391 5499 3392 5499 3337 5500 3392 5500 3391 5500 3392 5501 3337 5501 3338 5501 3337 5502 3296 5502 3338 5502 3296 5503 3337 5503 3295 5503 3295 5504 3252 5504 3296 5504 3252 5505 3295 5505 3251 5505 3251 5506 3198 5506 3252 5506 3198 5507 3251 5507 3197 5507 3197 5508 3140 5508 3198 5508 3140 5509 3197 5509 3139 5509 3139 5510 3084 5510 3140 5510 3084 5511 3139 5511 3083 5511 3083 5512 3042 5512 3084 5512 3042 5513 3083 5513 3041 5513 3042 5514 2991 5514 2992 5514 2991 5515 3042 5515 3041 5515 2992 5516 2967 5516 2968 5516 2967 5517 2992 5517 2991 5517 2968 5518 2927 5518 2928 5518 2927 5519 2968 5519 2967 5519 2928 5520 2907 5520 2908 5520 2907 5521 2928 5521 2927 5521 3846 5522 3847 5522 3848 5522 3847 5523 3846 5523 3845 5523 2448 5524 2182 5524 2432 5524 3847 5525 3958 5525 3966 5525 2182 5526 2448 5526 3847 5526 3847 5527 3942 5527 3958 5527 2468 5528 3847 5528 2448 5528 3847 5529 3926 5529 3942 5529 3847 5530 2468 5530 3721 5530 3894 5531 3847 5531 3721 5531 3721 5532 2468 5532 2492 5532 3847 5533 3918 5533 3926 5533 3721 5534 2492 5534 2516 5534 3847 5535 3902 5535 3918 5535 3721 5536 2516 5536 2531 5536 3847 5537 3894 5537 3902 5537 3721 5538 2531 5538 2515 5538 3894 5539 3721 5539 3889 5539 3721 5540 2515 5540 2491 5540 3889 5541 3721 5541 3893 5541 3721 5542 2491 5542 2467 5542 3893 5543 3721 5543 3901 5543 3721 5544 2467 5544 2447 5544 3901 5545 3721 5545 3917 5545 3721 5546 2447 5546 2431 5546 3917 5547 3721 5547 3925 5547 3721 5548 2431 5548 2403 5548 3925 5549 3721 5549 3941 5549 3721 5550 2403 5550 2373 5550 4099 5551 3941 5551 3721 5551 2110 5552 2434 5552 4097 5552 4097 5553 3960 5553 3968 5553 2450 5554 4097 5554 2434 5554 4097 5555 3944 5555 3960 5555 2470 5556 4097 5556 2450 5556 4097 5557 3928 5557 3944 5557 3920 5558 4097 5558 2470 5558 4097 5559 3920 5559 3928 5559 2494 5560 3920 5560 2470 5560 2494 5561 3904 5561 3920 5561 2518 5562 3904 5562 2494 5562 2518 5563 3896 5563 3904 5563 2532 5564 3896 5564 2518 5564 2532 5565 3890 5565 3896 5565 3848 5566 2532 5566 2517 5566 2532 5567 3848 5567 3890 5567 3848 5568 2517 5568 2493 5568 3890 5569 3848 5569 3895 5569 3848 5570 2493 5570 2469 5570 3895 5571 3848 5571 3903 5571 3848 5572 2469 5572 2449 5572 3903 5573 3848 5573 3919 5573 2183 5574 2449 5574 2433 5574 3919 5575 3848 5575 3927 5575 2183 5576 2433 5576 2405 5576 3927 5577 3848 5577 3943 5577 2183 5578 2405 5578 2375 5578 3943 5579 3848 5579 3959 5579 2331 5580 2110 5580 2109 5580 2406 5581 2110 5581 2376 5581 2434 5582 2110 5582 2406 5582 2110 5583 2355 5583 2376 5583 2110 5584 2331 5584 2355 5584 2109 5585 2311 5585 2331 5585 2109 5586 2299 5586 2311 5586 2109 5587 2279 5587 2299 5587 2109 5588 2271 5588 2279 5588 2109 5589 2265 5589 2271 5589 2109 5590 2270 5590 2265 5590 2183 5591 2270 5591 2109 5591 2270 5592 2183 5592 2278 5592 2278 5593 2183 5593 2298 5593 2449 5594 2183 5594 3848 5594 2354 5595 2183 5595 2375 5595 2330 5596 2183 5596 2354 5596 2310 5597 2183 5597 2330 5597 2298 5598 2183 5598 2310 5598 2109 5599 2182 5599 2183 5599 2404 5600 2182 5600 2374 5600 2182 5601 2353 5601 2374 5601 2182 5602 2329 5602 2353 5602 2182 5603 2309 5603 2329 5603 2182 5604 2297 5604 2309 5604 2182 5605 2277 5605 2297 5605 2182 5606 2269 5606 2277 5606 2108 5607 2269 5607 2182 5607 2269 5608 2108 5608 2264 5608 2264 5609 2108 5609 2268 5609 3941 5610 4099 5610 3957 5610 2108 5611 2182 5611 2109 5611 2268 5612 2108 5612 2276 5612 2108 5613 2296 5613 2276 5613 2108 5614 2308 5614 2296 5614 2108 5615 2328 5615 2308 5615 2108 5616 2352 5616 2328 5616 2108 5617 2373 5617 2352 5617 3721 5618 2373 5618 2108 5618 3957 5619 4099 5619 3965 5619 3965 5620 4099 5620 4102 5620 3984 5621 4097 5621 3968 5621 4000 5622 4097 5622 3984 5622 4016 5623 4097 5623 4000 5623 4097 5624 4016 5624 4103 5624 4024 5625 4103 5625 4016 5625 4040 5626 4103 5626 4024 5626 4048 5627 4103 5627 4040 5627 4054 5628 4103 5628 4048 5628 4047 5629 4103 5629 4054 5629 4039 5630 4103 5630 4047 5630 4023 5631 4103 5631 4039 5631 4022 5632 4023 5632 4015 5632 3959 5633 3848 5633 3967 5633 3967 5634 3848 5634 3983 5634 3848 5635 3999 5635 3983 5635 3848 5636 4015 5636 3999 5636 4014 5637 4015 5637 3848 5637 4014 5638 3848 5638 3847 5638 2432 5639 2182 5639 2404 5639 3982 5640 3847 5640 3966 5640 3998 5641 3847 5641 3982 5641 4014 5642 3847 5642 3998 5642 4022 5643 4015 5643 4014 5643 4023 5644 4022 5644 4103 5644 4102 5645 4022 5645 4038 5645 4102 5646 4038 5646 4046 5646 4102 5647 4046 5647 4053 5647 4102 5648 4053 5648 4045 5648 4022 5649 4102 5649 4103 5649 4037 5650 4102 5650 4045 5650 4021 5651 4102 5651 4037 5651 4013 5652 4102 5652 4021 5652 3997 5653 4102 5653 4013 5653 3981 5654 4102 5654 3997 5654 4102 5655 3981 5655 3965 5655 2106 5656 2183 5656 2182 5656 2183 5657 2106 5657 2107 5657 2099 5658 2185 5658 2100 5658 2185 5659 2099 5659 2184 5659 2185 5660 3845 5660 3846 5660 3845 5661 2185 5661 2184 5661 3342 5662 3846 5662 3848 5662 3846 5663 3468 5663 3496 5663 3846 5664 3420 5664 3468 5664 3846 5665 3396 5665 3420 5665 3846 5666 3342 5666 3396 5666 3848 5667 3300 5667 3342 5667 3848 5668 3256 5668 3300 5668 2183 5669 3256 5669 3848 5669 3256 5670 2183 5670 3202 5670 3202 5671 2183 5671 3144 5671 2107 5672 2908 5672 2932 5672 2107 5673 2932 5673 2972 5673 3144 5674 2183 5674 3088 5674 2183 5675 3046 5675 3088 5675 2183 5676 2996 5676 3046 5676 2107 5677 2996 5677 2183 5677 2996 5678 2107 5678 2972 5678 2908 5679 2107 5679 2100 5679 2908 5680 2100 5680 2185 5680 3464 5681 3846 5681 3496 5681 3416 5682 3846 5682 3464 5682 3392 5683 3846 5683 3416 5683 3338 5684 3846 5684 3392 5684 2185 5685 3338 5685 3296 5685 3338 5686 2185 5686 3846 5686 3252 5687 2185 5687 3296 5687 3198 5688 2185 5688 3252 5688 3140 5689 2185 5689 3198 5689 3084 5690 2185 5690 3140 5690 3042 5691 2185 5691 3084 5691 2992 5692 2185 5692 3042 5692 2968 5693 2185 5693 2992 5693 2928 5694 2185 5694 2968 5694 2185 5695 2928 5695 2908 5695 3467 5696 3845 5696 3495 5696 3845 5697 3463 5697 3495 5697 3845 5698 3415 5698 3463 5698 3845 5699 3391 5699 3415 5699 3845 5700 3337 5700 3391 5700 2184 5701 3337 5701 3845 5701 2967 5702 2099 5702 2927 5702 2991 5703 2099 5703 2967 5703 2099 5704 2991 5704 2184 5704 3041 5705 2184 5705 2991 5705 3083 5706 2184 5706 3041 5706 3139 5707 2184 5707 3083 5707 3197 5708 2184 5708 3139 5708 3251 5709 2184 5709 3197 5709 3295 5710 2184 5710 3251 5710 3337 5711 2184 5711 3295 5711 3419 5712 3845 5712 3467 5712 3395 5713 3845 5713 3419 5713 3341 5714 3845 5714 3395 5714 3845 5715 3341 5715 3847 5715 3299 5716 3847 5716 3341 5716 3255 5717 3847 5717 3299 5717 2182 5718 3255 5718 3201 5718 2182 5719 3201 5719 3143 5719 2182 5720 3143 5720 3087 5720 2106 5721 2927 5721 2099 5721 2927 5722 2106 5722 2907 5722 3255 5723 2182 5723 3847 5723 3045 5724 2182 5724 3087 5724 2995 5725 2182 5725 3045 5725 2106 5726 2995 5726 2971 5726 2907 5727 2106 5727 2931 5727 2931 5728 2106 5728 2971 5728 2995 5729 2106 5729 2182 5729 3958 5730 3971 5730 3966 5730 3971 5731 3958 5731 3962 5731 3942 5732 3962 5732 3958 5732 3962 5733 3942 5733 3946 5733 3926 5734 3946 5734 3942 5734 3946 5735 3926 5735 3930 5735 3926 5736 3922 5736 3930 5736 3922 5737 3926 5737 3918 5737 3918 5738 3906 5738 3922 5738 3906 5739 3918 5739 3902 5739 3902 5740 3898 5740 3906 5740 3898 5741 3902 5741 3894 5741 3894 5742 3891 5742 3898 5742 3891 5743 3894 5743 3889 5743 3889 5744 3897 5744 3891 5744 3897 5745 3889 5745 3893 5745 3893 5746 3905 5746 3897 5746 3905 5747 3893 5747 3901 5747 3901 5748 3921 5748 3905 5748 3921 5749 3901 5749 3917 5749 3917 5750 3929 5750 3921 5750 3929 5751 3917 5751 3925 5751 3929 5752 3941 5752 3945 5752 3941 5753 3929 5753 3925 5753 3945 5754 3957 5754 3961 5754 3957 5755 3945 5755 3941 5755 3961 5756 3965 5756 3970 5756 3965 5757 3961 5757 3957 5757 3970 5758 3981 5758 3985 5758 3981 5759 3970 5759 3965 5759 3985 5760 3997 5760 4001 5760 3997 5761 3985 5761 3981 5761 4001 5762 4013 5762 4017 5762 4013 5763 4001 5763 3997 5763 4013 5764 4025 5764 4017 5764 4025 5765 4013 5765 4021 5765 4021 5766 4041 5766 4025 5766 4041 5767 4021 5767 4037 5767 4037 5768 4049 5768 4041 5768 4049 5769 4037 5769 4045 5769 4045 5770 4055 5770 4049 5770 4055 5771 4045 5771 4053 5771 4053 5772 4050 5772 4055 5772 4050 5773 4053 5773 4046 5773 4046 5774 4042 5774 4050 5774 4042 5775 4046 5775 4038 5775 4038 5776 4026 5776 4042 5776 4026 5777 4038 5777 4022 5777 4022 5778 4018 5778 4026 5778 4018 5779 4022 5779 4014 5779 3998 5780 4018 5780 4014 5780 4018 5781 3998 5781 4002 5781 3982 5782 4002 5782 3998 5782 4002 5783 3982 5783 3986 5783 3966 5784 3986 5784 3982 5784 3986 5785 3966 5785 3971 5785 2353 5786 2379 5786 2374 5786 2379 5787 2353 5787 2357 5787 2329 5788 2357 5788 2353 5788 2357 5789 2329 5789 2333 5789 2309 5790 2333 5790 2329 5790 2333 5791 2309 5791 2313 5791 2309 5792 2301 5792 2313 5792 2301 5793 2309 5793 2297 5793 2297 5794 2281 5794 2301 5794 2281 5795 2297 5795 2277 5795 2277 5796 2273 5796 2281 5796 2273 5797 2277 5797 2269 5797 2269 5798 2266 5798 2273 5798 2266 5799 2269 5799 2264 5799 2264 5800 2272 5800 2266 5800 2272 5801 2264 5801 2268 5801 2268 5802 2280 5802 2272 5802 2280 5803 2268 5803 2276 5803 2276 5804 2300 5804 2280 5804 2300 5805 2276 5805 2296 5805 2296 5806 2312 5806 2300 5806 2312 5807 2296 5807 2308 5807 2312 5808 2328 5808 2332 5808 2328 5809 2312 5809 2308 5809 2332 5810 2352 5810 2356 5810 2352 5811 2332 5811 2328 5811 2356 5812 2373 5812 2378 5812 2373 5813 2356 5813 2352 5813 2378 5814 2403 5814 2407 5814 2403 5815 2378 5815 2373 5815 2407 5816 2431 5816 2435 5816 2431 5817 2407 5817 2403 5817 2435 5818 2447 5818 2451 5818 2447 5819 2435 5819 2431 5819 2447 5820 2471 5820 2451 5820 2471 5821 2447 5821 2467 5821 2467 5822 2495 5822 2471 5822 2495 5823 2467 5823 2491 5823 2491 5824 2519 5824 2495 5824 2519 5825 2491 5825 2515 5825 2515 5826 2533 5826 2519 5826 2533 5827 2515 5827 2531 5827 2531 5828 2520 5828 2533 5828 2520 5829 2531 5829 2516 5829 2516 5830 2496 5830 2520 5830 2496 5831 2516 5831 2492 5831 2492 5832 2472 5832 2496 5832 2472 5833 2492 5833 2468 5833 2468 5834 2452 5834 2472 5834 2452 5835 2468 5835 2448 5835 2432 5836 2452 5836 2448 5836 2452 5837 2432 5837 2436 5837 2404 5838 2436 5838 2432 5838 2436 5839 2404 5839 2408 5839 2374 5840 2408 5840 2404 5840 2408 5841 2374 5841 2379 5841 2355 5842 2383 5842 2376 5842 2383 5843 2355 5843 2359 5843 2331 5844 2359 5844 2355 5844 2359 5845 2331 5845 2335 5845 2311 5846 2335 5846 2331 5846 2335 5847 2311 5847 2315 5847 2311 5848 2303 5848 2315 5848 2303 5849 2311 5849 2299 5849 2299 5850 2283 5850 2303 5850 2283 5851 2299 5851 2279 5851 2279 5852 2275 5852 2283 5852 2275 5853 2279 5853 2271 5853 2271 5854 2267 5854 2275 5854 2267 5855 2271 5855 2265 5855 2265 5856 2274 5856 2267 5856 2274 5857 2265 5857 2270 5857 2270 5858 2282 5858 2274 5858 2282 5859 2270 5859 2278 5859 2278 5860 2302 5860 2282 5860 2302 5861 2278 5861 2298 5861 2298 5862 2314 5862 2302 5862 2314 5863 2298 5863 2310 5863 2314 5864 2330 5864 2334 5864 2330 5865 2314 5865 2310 5865 2334 5866 2354 5866 2358 5866 2354 5867 2334 5867 2330 5867 2358 5868 2375 5868 2382 5868 2375 5869 2358 5869 2354 5869 2382 5870 2405 5870 2409 5870 2405 5871 2382 5871 2375 5871 2409 5872 2433 5872 2437 5872 2433 5873 2409 5873 2405 5873 2437 5874 2449 5874 2453 5874 2449 5875 2437 5875 2433 5875 2449 5876 2473 5876 2453 5876 2473 5877 2449 5877 2469 5877 2469 5878 2497 5878 2473 5878 2497 5879 2469 5879 2493 5879 2493 5880 2521 5880 2497 5880 2521 5881 2493 5881 2517 5881 2517 5882 2534 5882 2521 5882 2534 5883 2517 5883 2532 5883 2532 5884 2522 5884 2534 5884 2522 5885 2532 5885 2518 5885 2518 5886 2498 5886 2522 5886 2498 5887 2518 5887 2494 5887 2494 5888 2474 5888 2498 5888 2474 5889 2494 5889 2470 5889 2470 5890 2454 5890 2474 5890 2454 5891 2470 5891 2450 5891 2434 5892 2454 5892 2450 5892 2454 5893 2434 5893 2438 5893 2406 5894 2438 5894 2434 5894 2438 5895 2406 5895 2410 5895 2376 5896 2410 5896 2406 5896 2410 5897 2376 5897 2383 5897 3960 5898 3975 5898 3968 5898 3975 5899 3960 5899 3964 5899 3944 5900 3964 5900 3960 5900 3964 5901 3944 5901 3948 5901 3928 5902 3948 5902 3944 5902 3948 5903 3928 5903 3932 5903 3928 5904 3924 5904 3932 5904 3924 5905 3928 5905 3920 5905 3920 5906 3908 5906 3924 5906 3908 5907 3920 5907 3904 5907 3904 5908 3900 5908 3908 5908 3900 5909 3904 5909 3896 5909 3896 5910 3892 5910 3900 5910 3892 5911 3896 5911 3890 5911 3890 5912 3899 5912 3892 5912 3899 5913 3890 5913 3895 5913 3895 5914 3907 5914 3899 5914 3907 5915 3895 5915 3903 5915 3903 5916 3923 5916 3907 5916 3923 5917 3903 5917 3919 5917 3919 5918 3931 5918 3923 5918 3931 5919 3919 5919 3927 5919 3931 5920 3943 5920 3947 5920 3943 5921 3931 5921 3927 5921 3947 5922 3959 5922 3963 5922 3959 5923 3947 5923 3943 5923 3963 5924 3967 5924 3974 5924 3967 5925 3963 5925 3959 5925 3974 5926 3983 5926 3987 5926 3983 5927 3974 5927 3967 5927 3987 5928 3999 5928 4003 5928 3999 5929 3987 5929 3983 5929 4003 5930 4015 5930 4019 5930 4015 5931 4003 5931 3999 5931 4015 5932 4027 5932 4019 5932 4027 5933 4015 5933 4023 5933 4023 5934 4043 5934 4027 5934 4043 5935 4023 5935 4039 5935 4039 5936 4051 5936 4043 5936 4051 5937 4039 5937 4047 5937 4047 5938 4056 5938 4051 5938 4056 5939 4047 5939 4054 5939 4054 5940 4052 5940 4056 5940 4052 5941 4054 5941 4048 5941 4048 5942 4044 5942 4052 5942 4044 5943 4048 5943 4040 5943 4040 5944 4028 5944 4044 5944 4028 5945 4040 5945 4024 5945 4024 5946 4020 5946 4028 5946 4020 5947 4024 5947 4016 5947 4000 5948 4020 5948 4016 5948 4020 5949 4000 5949 4004 5949 3984 5950 4004 5950 4000 5950 4004 5951 3984 5951 3988 5951 3968 5952 3988 5952 3984 5952 3988 5953 3968 5953 3975 5953 4102 5954 4100 5954 4104 5954 4100 5955 4102 5955 4099 5955 4103 5956 4104 5956 4105 5956 4104 5957 4103 5957 4102 5957 4097 5958 4101 5958 4098 5958 4103 5959 4101 5959 4097 5959 4101 5960 4103 5960 4105 5960 2113 5961 4097 5961 4098 5961 4097 5962 2113 5962 2110 5962 2914 5963 2939 5963 2940 5963 2939 5964 2914 5964 2913 5964 2940 5965 2979 5965 2980 5965 2979 5966 2940 5966 2939 5966 2980 5967 3003 5967 3004 5967 3003 5968 2980 5968 2979 5968 3004 5969 3053 5969 3054 5969 3053 5970 3004 5970 3003 5970 3053 5971 3096 5971 3054 5971 3096 5972 3053 5972 3095 5972 3095 5973 3152 5973 3096 5973 3152 5974 3095 5974 3151 5974 3151 5975 3214 5975 3152 5975 3214 5976 3151 5976 3213 5976 3213 5977 3264 5977 3214 5977 3264 5978 3213 5978 3263 5978 3263 5979 3308 5979 3264 5979 3308 5980 3263 5980 3307 5980 3307 5981 3350 5981 3308 5981 3350 5982 3307 5982 3349 5982 3403 5983 3350 5983 3349 5983 3350 5984 3403 5984 3404 5984 3427 5985 3404 5985 3403 5985 3404 5986 3427 5986 3428 5986 3477 5987 3428 5987 3427 5987 3428 5988 3477 5988 3478 5988 3501 5989 3478 5989 3477 5989 3478 5990 3501 5990 3502 5990 3475 5991 3502 5991 3501 5991 3502 5992 3475 5992 3476 5992 3425 5993 3476 5993 3475 5993 3476 5994 3425 5994 3426 5994 3401 5995 3426 5995 3425 5995 3426 5996 3401 5996 3402 5996 3347 5997 3402 5997 3401 5997 3402 5998 3347 5998 3348 5998 3347 5999 3306 5999 3348 5999 3306 6000 3347 6000 3305 6000 3305 6001 3262 6001 3306 6001 3262 6002 3305 6002 3261 6002 3261 6003 3210 6003 3262 6003 3210 6004 3261 6004 3209 6004 3209 6005 3150 6005 3210 6005 3150 6006 3209 6006 3149 6006 3149 6007 3094 6007 3150 6007 3094 6008 3149 6008 3093 6008 3093 6009 3052 6009 3094 6009 3052 6010 3093 6010 3051 6010 3052 6011 3001 6011 3002 6011 3001 6012 3052 6012 3051 6012 3002 6013 2977 6013 2978 6013 2977 6014 3002 6014 3001 6014 2978 6015 2937 6015 2938 6015 2937 6016 2978 6016 2977 6016 2938 6017 2913 6017 2914 6017 2913 6018 2938 6018 2937 6018 2910 6019 2935 6019 2936 6019 2935 6020 2910 6020 2909 6020 2936 6021 2975 6021 2976 6021 2975 6022 2936 6022 2935 6022 2976 6023 2999 6023 3000 6023 2999 6024 2976 6024 2975 6024 3000 6025 3049 6025 3050 6025 3049 6026 3000 6026 2999 6026 3049 6027 3092 6027 3050 6027 3092 6028 3049 6028 3091 6028 3091 6029 3148 6029 3092 6029 3148 6030 3091 6030 3147 6030 3147 6031 3206 6031 3148 6031 3206 6032 3147 6032 3205 6032 3205 6033 3260 6033 3206 6033 3260 6034 3205 6034 3259 6034 3259 6035 3304 6035 3260 6035 3304 6036 3259 6036 3303 6036 3303 6037 3346 6037 3304 6037 3346 6038 3303 6038 3345 6038 3399 6039 3346 6039 3345 6039 3346 6040 3399 6040 3400 6040 3423 6041 3400 6041 3399 6041 3400 6042 3423 6042 3424 6042 3473 6043 3424 6043 3423 6043 3424 6044 3473 6044 3474 6044 3497 6045 3474 6045 3473 6045 3474 6046 3497 6046 3498 6046 3469 6047 3498 6047 3497 6047 3498 6048 3469 6048 3470 6048 3421 6049 3470 6049 3469 6049 3470 6050 3421 6050 3422 6050 3397 6051 3422 6051 3421 6051 3422 6052 3397 6052 3398 6052 3343 6053 3398 6053 3397 6053 3398 6054 3343 6054 3344 6054 3343 6055 3302 6055 3344 6055 3302 6056 3343 6056 3301 6056 3301 6057 3258 6057 3302 6057 3258 6058 3301 6058 3257 6058 3257 6059 3204 6059 3258 6059 3204 6060 3257 6060 3203 6060 3203 6061 3146 6061 3204 6061 3146 6062 3203 6062 3145 6062 3145 6063 3090 6063 3146 6063 3090 6064 3145 6064 3089 6064 3089 6065 3048 6065 3090 6065 3048 6066 3089 6066 3047 6066 3048 6067 2997 6067 2998 6067 2997 6068 3048 6068 3047 6068 2998 6069 2973 6069 2974 6069 2973 6070 2998 6070 2997 6070 2974 6071 2933 6071 2934 6071 2933 6072 2974 6072 2973 6072 2934 6073 2909 6073 2910 6073 2909 6074 2934 6074 2933 6074 2906 6075 2929 6075 2930 6075 2929 6076 2906 6076 2905 6076 2930 6077 2969 6077 2970 6077 2969 6078 2930 6078 2929 6078 2970 6079 2993 6079 2994 6079 2993 6080 2970 6080 2969 6080 2994 6081 3043 6081 3044 6081 3043 6082 2994 6082 2993 6082 3043 6083 3086 6083 3044 6083 3086 6084 3043 6084 3085 6084 3085 6085 3142 6085 3086 6085 3142 6086 3085 6086 3141 6086 3141 6087 3200 6087 3142 6087 3200 6088 3141 6088 3199 6088 3199 6089 3254 6089 3200 6089 3254 6090 3199 6090 3253 6090 3253 6091 3298 6091 3254 6091 3298 6092 3253 6092 3297 6092 3297 6093 3340 6093 3298 6093 3340 6094 3297 6094 3339 6094 3393 6095 3340 6095 3339 6095 3340 6096 3393 6096 3394 6096 3417 6097 3394 6097 3393 6097 3394 6098 3417 6098 3418 6098 3465 6099 3418 6099 3417 6099 3418 6100 3465 6100 3466 6100 3493 6101 3466 6101 3465 6101 3466 6102 3493 6102 3494 6102 3461 6103 3494 6103 3493 6103 3494 6104 3461 6104 3462 6104 3413 6105 3462 6105 3461 6105 3462 6106 3413 6106 3414 6106 3389 6107 3414 6107 3413 6107 3414 6108 3389 6108 3390 6108 3335 6109 3390 6109 3389 6109 3390 6110 3335 6110 3336 6110 3335 6111 3294 6111 3336 6111 3294 6112 3335 6112 3293 6112 3293 6113 3250 6113 3294 6113 3250 6114 3293 6114 3249 6114 3249 6115 3196 6115 3250 6115 3196 6116 3249 6116 3195 6116 3195 6117 3138 6117 3196 6117 3138 6118 3195 6118 3137 6118 3137 6119 3082 6119 3138 6119 3082 6120 3137 6120 3081 6120 3081 6121 3040 6121 3082 6121 3040 6122 3081 6122 3039 6122 3040 6123 2989 6123 2990 6123 2989 6124 3040 6124 3039 6124 2990 6125 2965 6125 2966 6125 2965 6126 2990 6126 2989 6126 2966 6127 2925 6127 2926 6127 2925 6128 2966 6128 2965 6128 2926 6129 2905 6129 2906 6129 2905 6130 2926 6130 2925 6130 226 6131 245 6131 246 6131 245 6132 226 6132 225 6132 246 6133 277 6133 278 6133 277 6134 246 6134 245 6134 278 6135 289 6135 290 6135 289 6136 278 6136 277 6136 290 6137 329 6137 330 6137 329 6138 290 6138 289 6138 329 6139 358 6139 330 6139 358 6140 329 6140 357 6140 357 6141 390 6141 358 6141 390 6142 357 6142 389 6142 389 6143 430 6143 390 6143 430 6144 389 6144 429 6144 429 6145 478 6145 430 6145 478 6146 429 6146 477 6146 477 6147 522 6147 478 6147 522 6148 477 6148 521 6148 521 6149 550 6149 522 6149 550 6150 521 6150 549 6150 585 6151 550 6151 549 6151 550 6152 585 6152 586 6152 597 6153 586 6153 585 6153 586 6154 597 6154 598 6154 621 6155 598 6155 597 6155 598 6156 621 6156 622 6156 627 6157 622 6157 621 6157 622 6158 627 6158 628 6158 619 6159 628 6159 627 6159 628 6160 619 6160 620 6160 595 6161 620 6161 619 6161 620 6162 595 6162 596 6162 583 6163 596 6163 595 6163 596 6164 583 6164 584 6164 547 6165 584 6165 583 6165 584 6166 547 6166 548 6166 547 6167 520 6167 548 6167 520 6168 547 6168 519 6168 519 6169 476 6169 520 6169 476 6170 519 6170 475 6170 475 6171 428 6171 476 6171 428 6172 475 6172 427 6172 427 6173 388 6173 428 6173 388 6174 427 6174 387 6174 387 6175 356 6175 388 6175 356 6176 387 6176 355 6176 355 6177 328 6177 356 6177 328 6178 355 6178 327 6178 328 6179 287 6179 288 6179 287 6180 328 6180 327 6180 288 6181 275 6181 276 6181 275 6182 288 6182 287 6182 276 6183 243 6183 244 6183 243 6184 276 6184 275 6184 244 6185 225 6185 226 6185 225 6186 244 6186 243 6186 224 6187 241 6187 242 6187 241 6188 224 6188 223 6188 242 6189 273 6189 274 6189 273 6190 242 6190 241 6190 274 6191 285 6191 286 6191 285 6192 274 6192 273 6192 286 6193 325 6193 326 6193 325 6194 286 6194 285 6194 325 6195 354 6195 326 6195 354 6196 325 6196 353 6196 353 6197 386 6197 354 6197 386 6198 353 6198 385 6198 385 6199 426 6199 386 6199 426 6200 385 6200 425 6200 425 6201 474 6201 426 6201 474 6202 425 6202 473 6202 473 6203 518 6203 474 6203 518 6204 473 6204 517 6204 517 6205 546 6205 518 6205 546 6206 517 6206 545 6206 581 6207 546 6207 545 6207 546 6208 581 6208 582 6208 593 6209 582 6209 581 6209 582 6210 593 6210 594 6210 617 6211 594 6211 593 6211 594 6212 617 6212 618 6212 625 6213 618 6213 617 6213 618 6214 625 6214 626 6214 615 6215 626 6215 625 6215 626 6216 615 6216 616 6216 591 6217 616 6217 615 6217 616 6218 591 6218 592 6218 579 6219 592 6219 591 6219 592 6220 579 6220 580 6220 543 6221 580 6221 579 6221 580 6222 543 6222 544 6222 543 6223 516 6223 544 6223 516 6224 543 6224 515 6224 515 6225 472 6225 516 6225 472 6226 515 6226 471 6226 471 6227 424 6227 472 6227 424 6228 471 6228 423 6228 423 6229 384 6229 424 6229 384 6230 423 6230 383 6230 383 6231 352 6231 384 6231 352 6232 383 6232 351 6232 351 6233 324 6233 352 6233 324 6234 351 6234 323 6234 324 6235 283 6235 284 6235 283 6236 324 6236 323 6236 284 6237 271 6237 272 6237 271 6238 284 6238 283 6238 272 6239 239 6239 240 6239 239 6240 272 6240 271 6240 240 6241 223 6241 224 6241 223 6242 240 6242 239 6242 222 6243 237 6243 238 6243 237 6244 222 6244 221 6244 238 6245 269 6245 270 6245 269 6246 238 6246 237 6246 270 6247 281 6247 282 6247 281 6248 270 6248 269 6248 282 6249 321 6249 322 6249 321 6250 282 6250 281 6250 321 6251 350 6251 322 6251 350 6252 321 6252 349 6252 349 6253 382 6253 350 6253 382 6254 349 6254 381 6254 381 6255 422 6255 382 6255 422 6256 381 6256 421 6256 421 6257 470 6257 422 6257 470 6258 421 6258 469 6258 469 6259 514 6259 470 6259 514 6260 469 6260 513 6260 513 6261 542 6261 514 6261 542 6262 513 6262 541 6262 577 6263 542 6263 541 6263 542 6264 577 6264 578 6264 589 6265 578 6265 577 6265 578 6266 589 6266 590 6266 613 6267 590 6267 589 6267 590 6268 613 6268 614 6268 623 6269 614 6269 613 6269 614 6270 623 6270 624 6270 611 6271 624 6271 623 6271 624 6272 611 6272 612 6272 587 6273 612 6273 611 6273 612 6274 587 6274 588 6274 575 6275 588 6275 587 6275 588 6276 575 6276 576 6276 539 6277 576 6277 575 6277 576 6278 539 6278 540 6278 539 6279 512 6279 540 6279 512 6280 539 6280 511 6280 511 6281 468 6281 512 6281 468 6282 511 6282 467 6282 467 6283 420 6283 468 6283 420 6284 467 6284 419 6284 419 6285 380 6285 420 6285 380 6286 419 6286 379 6286 379 6287 348 6287 380 6287 348 6288 379 6288 347 6288 347 6289 320 6289 348 6289 320 6290 347 6290 319 6290 320 6291 279 6291 280 6291 279 6292 320 6292 319 6292 280 6293 267 6293 268 6293 267 6294 280 6294 279 6294 268 6295 235 6295 236 6295 235 6296 268 6296 267 6296 236 6297 221 6297 222 6297 221 6298 236 6298 235 6298 3562 6299 3719 6299 3720 6299 3719 6300 3562 6300 3561 6300 3722 6301 3723 6301 3724 6301 3719 6302 3722 6302 3721 6302 3719 6303 3721 6303 3720 6303 3722 6304 3719 6304 3723 6304 3718 6305 3567 6305 3568 6305 3723 6306 3718 6306 3724 6306 3718 6307 3723 6307 3567 6307 6 6308 172 6308 171 6308 172 6309 6 6309 7 6309 4 6310 7 6310 6 6310 7 6311 4 6311 5 6311 165 6312 5 6312 4 6312 5 6313 165 6313 166 6313 165 6314 1160 6314 166 6314 1160 6315 165 6315 1193 6315 1193 6316 165 6316 2032 6316 3561 6317 2032 6317 165 6317 2032 6318 3561 6318 2101 6318 2101 6319 3561 6319 3562 6319 3501 6320 3614 6320 3606 6320 3475 6321 3606 6321 3578 6321 3614 6322 3501 6322 3608 6322 3425 6323 3578 6323 3542 6323 3477 6324 3608 6324 3501 6324 3401 6325 3542 6325 3522 6325 3608 6326 3477 6326 3580 6326 3427 6327 3580 6327 3477 6327 3606 6328 3475 6328 3501 6328 3347 6329 3522 6329 3452 6329 3578 6330 3425 6330 3475 6330 3542 6331 3401 6331 3425 6331 3305 6332 3452 6332 3366 6332 3522 6333 3347 6333 3401 6333 3452 6334 3305 6334 3347 6334 3290 6335 3305 6335 3366 6335 3290 6336 3261 6336 3305 6336 3236 6337 3261 6337 3290 6337 3236 6338 3209 6338 3261 6338 3172 6339 3209 6339 3236 6339 3172 6340 3149 6340 3209 6340 3106 6341 3149 6341 3172 6341 3106 6342 3093 6342 3149 6342 3022 6343 3093 6343 3106 6343 2956 6344 3093 6344 3022 6344 3093 6345 2956 6345 3051 6345 2894 6346 3051 6346 2956 6346 3051 6347 2894 6347 3001 6347 2870 6348 3001 6348 2894 6348 3001 6349 2870 6349 2977 6349 2850 6350 2977 6350 2870 6350 3580 6351 3427 6351 3544 6351 3403 6352 3544 6352 3427 6352 3544 6353 3403 6353 3524 6353 3349 6354 3524 6354 3403 6354 3524 6355 3349 6355 3454 6355 3307 6356 3454 6356 3349 6356 3454 6357 3307 6357 3368 6357 3307 6358 3292 6358 3368 6358 3263 6359 3292 6359 3307 6359 3263 6360 3238 6360 3292 6360 3213 6361 3238 6361 3263 6361 3213 6362 3174 6362 3238 6362 3151 6363 3174 6363 3213 6363 3151 6364 3108 6364 3174 6364 3095 6365 3108 6365 3151 6365 2958 6366 3095 6366 3053 6366 3095 6367 3024 6367 3108 6367 2896 6368 3053 6368 3003 6368 2872 6369 3003 6369 2979 6369 3095 6370 2958 6370 3024 6370 2852 6371 2979 6371 2939 6371 2832 6372 2939 6372 2913 6372 2977 6373 2850 6373 2937 6373 3053 6374 2896 6374 2958 6374 2830 6375 2937 6375 2850 6375 3003 6376 2872 6376 2896 6376 2937 6377 2830 6377 2913 6377 2979 6378 2852 6378 2872 6378 2820 6379 2913 6379 2830 6379 2939 6380 2832 6380 2852 6380 2913 6381 2820 6381 2832 6381 627 6382 718 6382 710 6382 619 6383 710 6383 690 6383 718 6384 627 6384 712 6384 595 6385 690 6385 670 6385 621 6386 712 6386 627 6386 583 6387 670 6387 646 6387 712 6388 621 6388 692 6388 597 6389 692 6389 621 6389 710 6390 619 6390 627 6390 547 6391 646 6391 608 6391 690 6392 595 6392 619 6392 670 6393 583 6393 595 6393 519 6394 608 6394 568 6394 646 6395 547 6395 583 6395 608 6396 519 6396 547 6396 508 6397 519 6397 568 6397 508 6398 475 6398 519 6398 456 6399 475 6399 508 6399 456 6400 427 6400 475 6400 408 6401 427 6401 456 6401 408 6402 387 6402 427 6402 368 6403 387 6403 408 6403 368 6404 355 6404 387 6404 316 6405 355 6405 368 6405 256 6406 355 6406 316 6406 355 6407 256 6407 327 6407 210 6408 327 6408 256 6408 327 6409 210 6409 287 6409 190 6410 287 6410 210 6410 287 6411 190 6411 275 6411 154 6412 275 6412 190 6412 692 6413 597 6413 672 6413 585 6414 672 6414 597 6414 672 6415 585 6415 648 6415 549 6416 648 6416 585 6416 648 6417 549 6417 610 6417 521 6418 610 6418 549 6418 610 6419 521 6419 570 6419 521 6420 510 6420 570 6420 477 6421 510 6421 521 6421 477 6422 458 6422 510 6422 429 6423 458 6423 477 6423 429 6424 410 6424 458 6424 389 6425 410 6425 429 6425 389 6426 370 6426 410 6426 357 6427 370 6427 389 6427 258 6428 357 6428 329 6428 357 6429 318 6429 370 6429 212 6430 329 6430 289 6430 192 6431 289 6431 277 6431 357 6432 258 6432 318 6432 156 6433 277 6433 245 6433 128 6434 245 6434 225 6434 275 6435 154 6435 243 6435 329 6436 212 6436 258 6436 126 6437 243 6437 154 6437 289 6438 192 6438 212 6438 243 6439 126 6439 225 6439 277 6440 156 6440 192 6440 116 6441 225 6441 126 6441 245 6442 128 6442 156 6442 225 6443 116 6443 128 6443 625 6444 716 6444 706 6444 615 6445 706 6445 686 6445 716 6446 625 6446 708 6446 591 6447 686 6447 666 6447 617 6448 708 6448 625 6448 579 6449 666 6449 642 6449 708 6450 617 6450 688 6450 593 6451 688 6451 617 6451 706 6452 615 6452 625 6452 543 6453 642 6453 604 6453 686 6454 591 6454 615 6454 666 6455 579 6455 591 6455 515 6456 604 6456 564 6456 642 6457 543 6457 579 6457 604 6458 515 6458 543 6458 504 6459 515 6459 564 6459 504 6460 471 6460 515 6460 452 6461 471 6461 504 6461 452 6462 423 6462 471 6462 404 6463 423 6463 452 6463 404 6464 383 6464 423 6464 364 6465 383 6465 404 6465 364 6466 351 6466 383 6466 312 6467 351 6467 364 6467 252 6468 351 6468 312 6468 351 6469 252 6469 323 6469 206 6470 323 6470 252 6470 323 6471 206 6471 283 6471 186 6472 283 6472 206 6472 283 6473 186 6473 271 6473 150 6474 271 6474 186 6474 688 6475 593 6475 668 6475 581 6476 668 6476 593 6476 668 6477 581 6477 644 6477 545 6478 644 6478 581 6478 644 6479 545 6479 606 6479 517 6480 606 6480 545 6480 606 6481 517 6481 566 6481 517 6482 506 6482 566 6482 473 6483 506 6483 517 6483 473 6484 454 6484 506 6484 425 6485 454 6485 473 6485 425 6486 406 6486 454 6486 385 6487 406 6487 425 6487 385 6488 366 6488 406 6488 353 6489 366 6489 385 6489 254 6490 353 6490 325 6490 353 6491 314 6491 366 6491 208 6492 325 6492 285 6492 188 6493 285 6493 273 6493 353 6494 254 6494 314 6494 152 6495 273 6495 241 6495 124 6496 241 6496 223 6496 271 6497 150 6497 239 6497 325 6498 208 6498 254 6498 122 6499 239 6499 150 6499 285 6500 188 6500 208 6500 239 6501 122 6501 223 6501 273 6502 152 6502 188 6502 114 6503 223 6503 122 6503 241 6504 124 6504 152 6504 223 6505 114 6505 124 6505 623 6506 714 6506 702 6506 611 6507 702 6507 682 6507 714 6508 623 6508 704 6508 587 6509 682 6509 662 6509 613 6510 704 6510 623 6510 575 6511 662 6511 638 6511 704 6512 613 6512 684 6512 589 6513 684 6513 613 6513 702 6514 611 6514 623 6514 539 6515 638 6515 600 6515 682 6516 587 6516 611 6516 662 6517 575 6517 587 6517 511 6518 600 6518 560 6518 638 6519 539 6519 575 6519 600 6520 511 6520 539 6520 500 6521 511 6521 560 6521 500 6522 467 6522 511 6522 448 6523 467 6523 500 6523 448 6524 419 6524 467 6524 400 6525 419 6525 448 6525 400 6526 379 6526 419 6526 360 6527 379 6527 400 6527 360 6528 347 6528 379 6528 308 6529 347 6529 360 6529 248 6530 347 6530 308 6530 347 6531 248 6531 319 6531 202 6532 319 6532 248 6532 319 6533 202 6533 279 6533 182 6534 279 6534 202 6534 279 6535 182 6535 267 6535 146 6536 267 6536 182 6536 684 6537 589 6537 664 6537 577 6538 664 6538 589 6538 664 6539 577 6539 640 6539 541 6540 640 6540 577 6540 640 6541 541 6541 602 6541 513 6542 602 6542 541 6542 602 6543 513 6543 562 6543 513 6544 502 6544 562 6544 469 6545 502 6545 513 6545 469 6546 450 6546 502 6546 421 6547 450 6547 469 6547 421 6548 402 6548 450 6548 381 6549 402 6549 421 6549 381 6550 362 6550 402 6550 349 6551 362 6551 381 6551 250 6552 349 6552 321 6552 349 6553 310 6553 362 6553 204 6554 321 6554 281 6554 184 6555 281 6555 269 6555 349 6556 250 6556 310 6556 148 6557 269 6557 237 6557 120 6558 237 6558 221 6558 267 6559 146 6559 235 6559 321 6560 204 6560 250 6560 118 6561 235 6561 146 6561 281 6562 184 6562 204 6562 235 6563 118 6563 221 6563 269 6564 148 6564 184 6564 112 6565 221 6565 118 6565 237 6566 120 6566 148 6566 221 6567 112 6567 120 6567 3493 6568 3610 6568 3598 6568 3461 6569 3598 6569 3570 6569 3610 6570 3493 6570 3600 6570 3413 6571 3570 6571 3534 6571 3465 6572 3600 6572 3493 6572 3389 6573 3534 6573 3514 6573 3600 6574 3465 6574 3572 6574 3417 6575 3572 6575 3465 6575 3598 6576 3461 6576 3493 6576 3335 6577 3514 6577 3444 6577 3570 6578 3413 6578 3461 6578 3534 6579 3389 6579 3413 6579 3293 6580 3444 6580 3358 6580 3514 6581 3335 6581 3389 6581 3444 6582 3293 6582 3335 6582 3282 6583 3293 6583 3358 6583 3282 6584 3249 6584 3293 6584 3228 6585 3249 6585 3282 6585 3228 6586 3195 6586 3249 6586 3164 6587 3195 6587 3228 6587 3164 6588 3137 6588 3195 6588 3098 6589 3137 6589 3164 6589 3098 6590 3081 6590 3137 6590 3014 6591 3081 6591 3098 6591 2948 6592 3081 6592 3014 6592 3081 6593 2948 6593 3039 6593 2886 6594 3039 6594 2948 6594 3039 6595 2886 6595 2989 6595 2862 6596 2989 6596 2886 6596 2989 6597 2862 6597 2965 6597 2842 6598 2965 6598 2862 6598 3572 6599 3417 6599 3536 6599 3393 6600 3536 6600 3417 6600 3536 6601 3393 6601 3516 6601 3339 6602 3516 6602 3393 6602 3516 6603 3339 6603 3446 6603 3297 6604 3446 6604 3339 6604 3446 6605 3297 6605 3360 6605 3297 6606 3284 6606 3360 6606 3253 6607 3284 6607 3297 6607 3253 6608 3230 6608 3284 6608 3199 6609 3230 6609 3253 6609 3199 6610 3166 6610 3230 6610 3141 6611 3166 6611 3199 6611 3141 6612 3100 6612 3166 6612 3085 6613 3100 6613 3141 6613 2950 6614 3085 6614 3043 6614 3085 6615 3016 6615 3100 6615 2888 6616 3043 6616 2993 6616 2864 6617 2993 6617 2969 6617 3085 6618 2950 6618 3016 6618 2844 6619 2969 6619 2929 6619 2824 6620 2929 6620 2905 6620 2965 6621 2842 6621 2925 6621 3043 6622 2888 6622 2950 6622 2822 6623 2925 6623 2842 6623 2993 6624 2864 6624 2888 6624 2925 6625 2822 6625 2905 6625 2969 6626 2844 6626 2864 6626 2816 6627 2905 6627 2822 6627 2929 6628 2824 6628 2844 6628 2905 6629 2816 6629 2824 6629 3497 6630 3612 6630 3602 6630 3469 6631 3602 6631 3574 6631 3612 6632 3497 6632 3604 6632 3421 6633 3574 6633 3538 6633 3473 6634 3604 6634 3497 6634 3397 6635 3538 6635 3518 6635 3604 6636 3473 6636 3576 6636 3423 6637 3576 6637 3473 6637 3602 6638 3469 6638 3497 6638 3343 6639 3518 6639 3448 6639 3574 6640 3421 6640 3469 6640 3538 6641 3397 6641 3421 6641 3301 6642 3448 6642 3362 6642 3518 6643 3343 6643 3397 6643 3448 6644 3301 6644 3343 6644 3286 6645 3301 6645 3362 6645 3286 6646 3257 6646 3301 6646 3232 6647 3257 6647 3286 6647 3232 6648 3203 6648 3257 6648 3168 6649 3203 6649 3232 6649 3168 6650 3145 6650 3203 6650 3102 6651 3145 6651 3168 6651 3102 6652 3089 6652 3145 6652 3018 6653 3089 6653 3102 6653 2952 6654 3089 6654 3018 6654 3089 6655 2952 6655 3047 6655 2890 6656 3047 6656 2952 6656 3047 6657 2890 6657 2997 6657 2866 6658 2997 6658 2890 6658 2997 6659 2866 6659 2973 6659 2846 6660 2973 6660 2866 6660 3576 6661 3423 6661 3540 6661 3399 6662 3540 6662 3423 6662 3540 6663 3399 6663 3520 6663 3345 6664 3520 6664 3399 6664 3520 6665 3345 6665 3450 6665 3303 6666 3450 6666 3345 6666 3450 6667 3303 6667 3364 6667 3303 6668 3288 6668 3364 6668 3259 6669 3288 6669 3303 6669 3259 6670 3234 6670 3288 6670 3205 6671 3234 6671 3259 6671 3205 6672 3170 6672 3234 6672 3147 6673 3170 6673 3205 6673 3147 6674 3104 6674 3170 6674 3091 6675 3104 6675 3147 6675 2954 6676 3091 6676 3049 6676 3091 6677 3020 6677 3104 6677 2892 6678 3049 6678 2999 6678 2868 6679 2999 6679 2975 6679 3091 6680 2954 6680 3020 6680 2848 6681 2975 6681 2935 6681 2828 6682 2935 6682 2909 6682 2973 6683 2846 6683 2933 6683 3049 6684 2892 6684 2954 6684 2826 6685 2933 6685 2846 6685 2999 6686 2868 6686 2892 6686 2933 6687 2826 6687 2909 6687 2975 6688 2848 6688 2868 6688 2818 6689 2909 6689 2826 6689 2935 6690 2828 6690 2848 6690 2909 6691 2818 6691 2828 6691 2820 6692 2831 6692 2832 6692 2831 6693 2820 6693 2819 6693 2832 6694 2851 6694 2852 6694 2851 6695 2832 6695 2831 6695 2852 6696 2871 6696 2872 6696 2871 6697 2852 6697 2851 6697 2872 6698 2895 6698 2896 6698 2895 6699 2872 6699 2871 6699 2895 6700 2958 6700 2896 6700 2958 6701 2895 6701 2957 6701 2957 6702 3024 6702 2958 6702 3024 6703 2957 6703 3023 6703 3023 6704 3108 6704 3024 6704 3108 6705 3023 6705 3107 6705 3107 6706 3174 6706 3108 6706 3174 6707 3107 6707 3173 6707 3173 6708 3238 6708 3174 6708 3238 6709 3173 6709 3237 6709 3237 6710 3292 6710 3238 6710 3292 6711 3237 6711 3291 6711 3291 6712 3368 6712 3292 6712 3368 6713 3291 6713 3367 6713 3367 6714 3454 6714 3368 6714 3454 6715 3367 6715 3453 6715 3453 6716 3524 6716 3454 6716 3524 6717 3453 6717 3523 6717 3543 6718 3524 6718 3523 6718 3524 6719 3543 6719 3544 6719 3579 6720 3544 6720 3543 6720 3544 6721 3579 6721 3580 6721 3607 6722 3580 6722 3579 6722 3580 6723 3607 6723 3608 6723 3613 6724 3608 6724 3607 6724 3608 6725 3613 6725 3614 6725 3605 6726 3614 6726 3613 6726 3614 6727 3605 6727 3606 6727 3577 6728 3606 6728 3605 6728 3606 6729 3577 6729 3578 6729 3541 6730 3578 6730 3577 6730 3578 6731 3541 6731 3542 6731 3521 6732 3542 6732 3541 6732 3542 6733 3521 6733 3522 6733 3521 6734 3452 6734 3522 6734 3452 6735 3521 6735 3451 6735 3451 6736 3366 6736 3452 6736 3366 6737 3451 6737 3365 6737 3365 6738 3290 6738 3366 6738 3290 6739 3365 6739 3289 6739 3289 6740 3236 6740 3290 6740 3236 6741 3289 6741 3235 6741 3235 6742 3172 6742 3236 6742 3172 6743 3235 6743 3171 6743 3171 6744 3106 6744 3172 6744 3106 6745 3171 6745 3105 6745 3105 6746 3022 6746 3106 6746 3022 6747 3105 6747 3021 6747 3021 6748 2956 6748 3022 6748 2956 6749 3021 6749 2955 6749 2955 6750 2894 6750 2956 6750 2894 6751 2955 6751 2893 6751 2894 6752 2869 6752 2870 6752 2869 6753 2894 6753 2893 6753 2870 6754 2849 6754 2850 6754 2849 6755 2870 6755 2869 6755 2850 6756 2829 6756 2830 6756 2829 6757 2850 6757 2849 6757 2830 6758 2819 6758 2820 6758 2819 6759 2830 6759 2829 6759 116 6760 127 6760 128 6760 127 6761 116 6761 115 6761 128 6762 155 6762 156 6762 155 6763 128 6763 127 6763 156 6764 191 6764 192 6764 191 6765 156 6765 155 6765 192 6766 211 6766 212 6766 211 6767 192 6767 191 6767 211 6768 258 6768 212 6768 258 6769 211 6769 257 6769 257 6770 318 6770 258 6770 318 6771 257 6771 317 6771 317 6772 370 6772 318 6772 370 6773 317 6773 369 6773 369 6774 410 6774 370 6774 410 6775 369 6775 409 6775 409 6776 458 6776 410 6776 458 6777 409 6777 457 6777 457 6778 510 6778 458 6778 510 6779 457 6779 509 6779 509 6780 570 6780 510 6780 570 6781 509 6781 569 6781 569 6782 610 6782 570 6782 610 6783 569 6783 609 6783 609 6784 648 6784 610 6784 648 6785 609 6785 647 6785 671 6786 648 6786 647 6786 648 6787 671 6787 672 6787 691 6788 672 6788 671 6788 672 6789 691 6789 692 6789 711 6790 692 6790 691 6790 692 6791 711 6791 712 6791 717 6792 712 6792 711 6792 712 6793 717 6793 718 6793 709 6794 718 6794 717 6794 718 6795 709 6795 710 6795 689 6796 710 6796 709 6796 710 6797 689 6797 690 6797 669 6798 690 6798 689 6798 690 6799 669 6799 670 6799 645 6800 670 6800 669 6800 670 6801 645 6801 646 6801 645 6802 608 6802 646 6802 608 6803 645 6803 607 6803 607 6804 568 6804 608 6804 568 6805 607 6805 567 6805 567 6806 508 6806 568 6806 508 6807 567 6807 507 6807 507 6808 456 6808 508 6808 456 6809 507 6809 455 6809 455 6810 408 6810 456 6810 408 6811 455 6811 407 6811 407 6812 368 6812 408 6812 368 6813 407 6813 367 6813 367 6814 316 6814 368 6814 316 6815 367 6815 315 6815 315 6816 256 6816 316 6816 256 6817 315 6817 255 6817 255 6818 210 6818 256 6818 210 6819 255 6819 209 6819 210 6820 189 6820 190 6820 189 6821 210 6821 209 6821 190 6822 153 6822 154 6822 153 6823 190 6823 189 6823 154 6824 125 6824 126 6824 125 6825 154 6825 153 6825 126 6826 115 6826 116 6826 115 6827 126 6827 125 6827 114 6828 123 6828 124 6828 123 6829 114 6829 113 6829 124 6830 151 6830 152 6830 151 6831 124 6831 123 6831 152 6832 187 6832 188 6832 187 6833 152 6833 151 6833 188 6834 207 6834 208 6834 207 6835 188 6835 187 6835 207 6836 254 6836 208 6836 254 6837 207 6837 253 6837 253 6838 314 6838 254 6838 314 6839 253 6839 313 6839 313 6840 366 6840 314 6840 366 6841 313 6841 365 6841 365 6842 406 6842 366 6842 406 6843 365 6843 405 6843 405 6844 454 6844 406 6844 454 6845 405 6845 453 6845 453 6846 506 6846 454 6846 506 6847 453 6847 505 6847 505 6848 566 6848 506 6848 566 6849 505 6849 565 6849 565 6850 606 6850 566 6850 606 6851 565 6851 605 6851 605 6852 644 6852 606 6852 644 6853 605 6853 643 6853 667 6854 644 6854 643 6854 644 6855 667 6855 668 6855 687 6856 668 6856 667 6856 668 6857 687 6857 688 6857 707 6858 688 6858 687 6858 688 6859 707 6859 708 6859 715 6860 708 6860 707 6860 708 6861 715 6861 716 6861 705 6862 716 6862 715 6862 716 6863 705 6863 706 6863 685 6864 706 6864 705 6864 706 6865 685 6865 686 6865 665 6866 686 6866 685 6866 686 6867 665 6867 666 6867 641 6868 666 6868 665 6868 666 6869 641 6869 642 6869 641 6870 604 6870 642 6870 604 6871 641 6871 603 6871 603 6872 564 6872 604 6872 564 6873 603 6873 563 6873 563 6874 504 6874 564 6874 504 6875 563 6875 503 6875 503 6876 452 6876 504 6876 452 6877 503 6877 451 6877 451 6878 404 6878 452 6878 404 6879 451 6879 403 6879 403 6880 364 6880 404 6880 364 6881 403 6881 363 6881 363 6882 312 6882 364 6882 312 6883 363 6883 311 6883 311 6884 252 6884 312 6884 252 6885 311 6885 251 6885 251 6886 206 6886 252 6886 206 6887 251 6887 205 6887 206 6888 185 6888 186 6888 185 6889 206 6889 205 6889 186 6890 149 6890 150 6890 149 6891 186 6891 185 6891 150 6892 121 6892 122 6892 121 6893 150 6893 149 6893 122 6894 113 6894 114 6894 113 6895 122 6895 121 6895 112 6896 119 6896 120 6896 119 6897 112 6897 111 6897 120 6898 147 6898 148 6898 147 6899 120 6899 119 6899 148 6900 183 6900 184 6900 183 6901 148 6901 147 6901 184 6902 203 6902 204 6902 203 6903 184 6903 183 6903 203 6904 250 6904 204 6904 250 6905 203 6905 249 6905 249 6906 310 6906 250 6906 310 6907 249 6907 309 6907 309 6908 362 6908 310 6908 362 6909 309 6909 361 6909 361 6910 402 6910 362 6910 402 6911 361 6911 401 6911 401 6912 450 6912 402 6912 450 6913 401 6913 449 6913 449 6914 502 6914 450 6914 502 6915 449 6915 501 6915 501 6916 562 6916 502 6916 562 6917 501 6917 561 6917 561 6918 602 6918 562 6918 602 6919 561 6919 601 6919 601 6920 640 6920 602 6920 640 6921 601 6921 639 6921 663 6922 640 6922 639 6922 640 6923 663 6923 664 6923 683 6924 664 6924 663 6924 664 6925 683 6925 684 6925 703 6926 684 6926 683 6926 684 6927 703 6927 704 6927 713 6928 704 6928 703 6928 704 6929 713 6929 714 6929 701 6930 714 6930 713 6930 714 6931 701 6931 702 6931 681 6932 702 6932 701 6932 702 6933 681 6933 682 6933 661 6934 682 6934 681 6934 682 6935 661 6935 662 6935 637 6936 662 6936 661 6936 662 6937 637 6937 638 6937 637 6938 600 6938 638 6938 600 6939 637 6939 599 6939 599 6940 560 6940 600 6940 560 6941 599 6941 559 6941 559 6942 500 6942 560 6942 500 6943 559 6943 499 6943 499 6944 448 6944 500 6944 448 6945 499 6945 447 6945 447 6946 400 6946 448 6946 400 6947 447 6947 399 6947 399 6948 360 6948 400 6948 360 6949 399 6949 359 6949 359 6950 308 6950 360 6950 308 6951 359 6951 307 6951 307 6952 248 6952 308 6952 248 6953 307 6953 247 6953 247 6954 202 6954 248 6954 202 6955 247 6955 201 6955 202 6956 181 6956 182 6956 181 6957 202 6957 201 6957 182 6958 145 6958 146 6958 145 6959 182 6959 181 6959 146 6960 117 6960 118 6960 117 6961 146 6961 145 6961 118 6962 111 6962 112 6962 111 6963 118 6963 117 6963 2816 6964 2823 6964 2824 6964 2823 6965 2816 6965 2815 6965 2824 6966 2843 6966 2844 6966 2843 6967 2824 6967 2823 6967 2844 6968 2863 6968 2864 6968 2863 6969 2844 6969 2843 6969 2864 6970 2887 6970 2888 6970 2887 6971 2864 6971 2863 6971 2887 6972 2950 6972 2888 6972 2950 6973 2887 6973 2949 6973 2949 6974 3016 6974 2950 6974 3016 6975 2949 6975 3015 6975 3015 6976 3100 6976 3016 6976 3100 6977 3015 6977 3099 6977 3099 6978 3166 6978 3100 6978 3166 6979 3099 6979 3165 6979 3165 6980 3230 6980 3166 6980 3230 6981 3165 6981 3229 6981 3229 6982 3284 6982 3230 6982 3284 6983 3229 6983 3283 6983 3283 6984 3360 6984 3284 6984 3360 6985 3283 6985 3359 6985 3359 6986 3446 6986 3360 6986 3446 6987 3359 6987 3445 6987 3445 6988 3516 6988 3446 6988 3516 6989 3445 6989 3515 6989 3535 6990 3516 6990 3515 6990 3516 6991 3535 6991 3536 6991 3571 6992 3536 6992 3535 6992 3536 6993 3571 6993 3572 6993 3599 6994 3572 6994 3571 6994 3572 6995 3599 6995 3600 6995 3609 6996 3600 6996 3599 6996 3600 6997 3609 6997 3610 6997 3597 6998 3610 6998 3609 6998 3610 6999 3597 6999 3598 6999 3569 7000 3598 7000 3597 7000 3598 7001 3569 7001 3570 7001 3533 7002 3570 7002 3569 7002 3570 7003 3533 7003 3534 7003 3513 7004 3534 7004 3533 7004 3534 7005 3513 7005 3514 7005 3513 7006 3444 7006 3514 7006 3444 7007 3513 7007 3443 7007 3443 7008 3358 7008 3444 7008 3358 7009 3443 7009 3357 7009 3357 7010 3282 7010 3358 7010 3282 7011 3357 7011 3281 7011 3281 7012 3228 7012 3282 7012 3228 7013 3281 7013 3227 7013 3227 7014 3164 7014 3228 7014 3164 7015 3227 7015 3163 7015 3163 7016 3098 7016 3164 7016 3098 7017 3163 7017 3097 7017 3097 7018 3014 7018 3098 7018 3014 7019 3097 7019 3013 7019 3013 7020 2948 7020 3014 7020 2948 7021 3013 7021 2947 7021 2947 7022 2886 7022 2948 7022 2886 7023 2947 7023 2885 7023 2886 7024 2861 7024 2862 7024 2861 7025 2886 7025 2885 7025 2862 7026 2841 7026 2842 7026 2841 7027 2862 7027 2861 7027 2842 7028 2821 7028 2822 7028 2821 7029 2842 7029 2841 7029 2822 7030 2815 7030 2816 7030 2815 7031 2822 7031 2821 7031 2818 7032 2827 7032 2828 7032 2827 7033 2818 7033 2817 7033 2828 7034 2847 7034 2848 7034 2847 7035 2828 7035 2827 7035 2848 7036 2867 7036 2868 7036 2867 7037 2848 7037 2847 7037 2868 7038 2891 7038 2892 7038 2891 7039 2868 7039 2867 7039 2891 7040 2954 7040 2892 7040 2954 7041 2891 7041 2953 7041 2953 7042 3020 7042 2954 7042 3020 7043 2953 7043 3019 7043 3019 7044 3104 7044 3020 7044 3104 7045 3019 7045 3103 7045 3103 7046 3170 7046 3104 7046 3170 7047 3103 7047 3169 7047 3169 7048 3234 7048 3170 7048 3234 7049 3169 7049 3233 7049 3233 7050 3288 7050 3234 7050 3288 7051 3233 7051 3287 7051 3287 7052 3364 7052 3288 7052 3364 7053 3287 7053 3363 7053 3363 7054 3450 7054 3364 7054 3450 7055 3363 7055 3449 7055 3449 7056 3520 7056 3450 7056 3520 7057 3449 7057 3519 7057 3539 7058 3520 7058 3519 7058 3520 7059 3539 7059 3540 7059 3575 7060 3540 7060 3539 7060 3540 7061 3575 7061 3576 7061 3603 7062 3576 7062 3575 7062 3576 7063 3603 7063 3604 7063 3611 7064 3604 7064 3603 7064 3604 7065 3611 7065 3612 7065 3601 7066 3612 7066 3611 7066 3612 7067 3601 7067 3602 7067 3573 7068 3602 7068 3601 7068 3602 7069 3573 7069 3574 7069 3537 7070 3574 7070 3573 7070 3574 7071 3537 7071 3538 7071 3517 7072 3538 7072 3537 7072 3538 7073 3517 7073 3518 7073 3517 7074 3448 7074 3518 7074 3448 7075 3517 7075 3447 7075 3447 7076 3362 7076 3448 7076 3362 7077 3447 7077 3361 7077 3361 7078 3286 7078 3362 7078 3286 7079 3361 7079 3285 7079 3285 7080 3232 7080 3286 7080 3232 7081 3285 7081 3231 7081 3231 7082 3168 7082 3232 7082 3168 7083 3231 7083 3167 7083 3167 7084 3102 7084 3168 7084 3102 7085 3167 7085 3101 7085 3101 7086 3018 7086 3102 7086 3018 7087 3101 7087 3017 7087 3017 7088 2952 7088 3018 7088 2952 7089 3017 7089 2951 7089 2951 7090 2890 7090 2952 7090 2890 7091 2951 7091 2889 7091 2890 7092 2865 7092 2866 7092 2865 7093 2890 7093 2889 7093 2866 7094 2845 7094 2846 7094 2845 7095 2866 7095 2865 7095 2846 7096 2825 7096 2826 7096 2825 7097 2846 7097 2845 7097 2826 7098 2817 7098 2818 7098 2817 7099 2826 7099 2825 7099 687 7100 1037 7100 707 7100 1037 7101 709 7101 717 7101 667 7102 1037 7102 687 7102 1037 7103 689 7103 709 7103 643 7104 1037 7104 667 7104 1037 7105 669 7105 689 7105 645 7106 1037 7106 643 7106 1037 7107 645 7107 669 7107 605 7108 645 7108 643 7108 605 7109 607 7109 645 7109 565 7110 607 7110 605 7110 565 7111 567 7111 607 7111 505 7112 567 7112 565 7112 505 7113 507 7113 567 7113 453 7114 507 7114 505 7114 453 7115 455 7115 507 7115 405 7116 455 7116 453 7116 405 7117 407 7117 455 7117 365 7118 407 7118 405 7118 365 7119 367 7119 407 7119 313 7120 367 7120 365 7120 313 7121 315 7121 367 7121 253 7122 315 7122 313 7122 253 7123 255 7123 315 7123 207 7124 255 7124 253 7124 207 7125 209 7125 255 7125 187 7126 209 7126 207 7126 187 7127 189 7127 209 7127 6 7128 187 7128 151 7128 187 7129 6 7129 189 7129 6 7130 151 7130 123 7130 189 7131 6 7131 153 7131 6 7132 123 7132 113 7132 153 7133 6 7133 125 7133 663 7134 1027 7134 683 7134 1029 7135 705 7135 715 7135 1027 7136 663 7136 1029 7136 1029 7137 685 7137 705 7137 639 7138 1029 7138 663 7138 1029 7139 665 7139 685 7139 601 7140 1029 7140 639 7140 1029 7141 641 7141 665 7141 561 7142 1029 7142 601 7142 1029 7143 603 7143 641 7143 501 7144 1029 7144 561 7144 1029 7145 563 7145 603 7145 449 7146 1029 7146 501 7146 1029 7147 503 7147 563 7147 451 7148 1029 7148 449 7148 1029 7149 451 7149 503 7149 401 7150 451 7150 449 7150 401 7151 403 7151 451 7151 361 7152 403 7152 401 7152 361 7153 363 7153 403 7153 309 7154 363 7154 361 7154 309 7155 311 7155 363 7155 249 7156 311 7156 309 7156 249 7157 251 7157 311 7157 203 7158 251 7158 249 7158 203 7159 205 7159 251 7159 183 7160 205 7160 203 7160 183 7161 185 7161 205 7161 4 7162 183 7162 147 7162 183 7163 4 7163 185 7163 4 7164 147 7164 119 7164 185 7165 4 7165 149 7165 4 7166 119 7166 111 7166 149 7167 4 7167 121 7167 2817 7168 1629 7168 2827 7168 1663 7169 2827 7169 1629 7169 1629 7170 1969 7170 1951 7170 2827 7171 1663 7171 2398 7171 1629 7172 1951 7172 1933 7172 2398 7173 1663 7173 1985 7173 1629 7174 1933 7174 1907 7174 1985 7175 1663 7175 1955 7175 1629 7176 1907 7176 1879 7176 1955 7177 1663 7177 1937 7177 1629 7178 1879 7178 1851 7178 1937 7179 1663 7179 1911 7179 1629 7180 1851 7180 1823 7180 1911 7181 1663 7181 1883 7181 1629 7182 1823 7182 1795 7182 1883 7183 1663 7183 1855 7183 1629 7184 1795 7184 1755 7184 1855 7185 1663 7185 1827 7185 1629 7186 1755 7186 1705 7186 1827 7187 1663 7187 1799 7187 1629 7188 1705 7188 1689 7188 1799 7189 1663 7189 1759 7189 1629 7190 1689 7190 1665 7190 1759 7191 1663 7191 1709 7191 1709 7192 1663 7192 1693 7192 1693 7193 1663 7193 1669 7193 3575 7194 3723 7194 3603 7194 3723 7195 3605 7195 3613 7195 3539 7196 3723 7196 3575 7196 3723 7197 3577 7197 3605 7197 3541 7198 3723 7198 3539 7198 3723 7199 3541 7199 3577 7199 3519 7200 3541 7200 3539 7200 3519 7201 3521 7201 3541 7201 3449 7202 3521 7202 3519 7202 3449 7203 3451 7203 3521 7203 3363 7204 3451 7204 3449 7204 3363 7205 3365 7205 3451 7205 3287 7206 3365 7206 3363 7206 3287 7207 3289 7207 3365 7207 3233 7208 3289 7208 3287 7208 3233 7209 3235 7209 3289 7209 3169 7210 3235 7210 3233 7210 3169 7211 3171 7211 3235 7211 3103 7212 3171 7212 3169 7212 3103 7213 3105 7213 3171 7213 3019 7214 3105 7214 3103 7214 3019 7215 3021 7215 3105 7215 2953 7216 3021 7216 3019 7216 2953 7217 2955 7217 3021 7217 2891 7218 2955 7218 2953 7218 2891 7219 2893 7219 2955 7219 2398 7220 2891 7220 2867 7220 2891 7221 2398 7221 2893 7221 2398 7222 2867 7222 2847 7222 2893 7223 2398 7223 2869 7223 2398 7224 2847 7224 2827 7224 2869 7225 2398 7225 2849 7225 2825 7226 1629 7226 2817 7226 2849 7227 2398 7227 2829 7227 3571 7228 3719 7228 3599 7228 3719 7229 3601 7229 3611 7229 3535 7230 3719 7230 3571 7230 3719 7231 3573 7231 3601 7231 3537 7232 3719 7232 3535 7232 3719 7233 3537 7233 3573 7233 3515 7234 3537 7234 3535 7234 3515 7235 3517 7235 3537 7235 3445 7236 3517 7236 3515 7236 3445 7237 3447 7237 3517 7237 3359 7238 3447 7238 3445 7238 3359 7239 3361 7239 3447 7239 3283 7240 3361 7240 3359 7240 3283 7241 3285 7241 3361 7241 3229 7242 3285 7242 3283 7242 3229 7243 3231 7243 3285 7243 3165 7244 3231 7244 3229 7244 3165 7245 3167 7245 3231 7245 2372 7246 3165 7246 3099 7246 3165 7247 2372 7247 3167 7247 2372 7248 3099 7248 3015 7248 3167 7249 2372 7249 3101 7249 2372 7250 3015 7250 2949 7250 3101 7251 2372 7251 3017 7251 2372 7252 2949 7252 2887 7252 3017 7253 2372 7253 2951 7253 2372 7254 2887 7254 2863 7254 2951 7255 2372 7255 2889 7255 2370 7256 2863 7256 2843 7256 2889 7257 2372 7257 2865 7257 2370 7258 2843 7258 2823 7258 2865 7259 2372 7259 2845 7259 2370 7260 2823 7260 2815 7260 1969 7261 2845 7261 2372 7261 3599 7262 3719 7262 3609 7262 3719 7263 3597 7263 3609 7263 3719 7264 3569 7264 3597 7264 3513 7265 3719 7265 3561 7265 3719 7266 3533 7266 3569 7266 3719 7267 3513 7267 3533 7267 3561 7268 3443 7268 3513 7268 3561 7269 3357 7269 3443 7269 3561 7270 3281 7270 3357 7270 3561 7271 3227 7271 3281 7271 3561 7272 3163 7272 3227 7272 3561 7273 3097 7273 3163 7273 3561 7274 3013 7274 3097 7274 3561 7275 2947 7275 3013 7275 2370 7276 2947 7276 3561 7276 2845 7277 1969 7277 2825 7277 2863 7278 2370 7278 2372 7278 2821 7279 2370 7279 2815 7279 2841 7280 2370 7280 2821 7280 2861 7281 2370 7281 2841 7281 2885 7282 2370 7282 2861 7282 2947 7283 2370 7283 2885 7283 3561 7284 1027 7284 2370 7284 703 7285 1027 7285 713 7285 1029 7286 715 7286 1037 7286 683 7287 1027 7287 703 7287 165 7288 1027 7288 3561 7288 1027 7289 701 7289 713 7289 1027 7290 681 7290 701 7290 1027 7291 661 7291 681 7291 1027 7292 637 7292 661 7292 1027 7293 599 7293 637 7293 1027 7294 165 7294 599 7294 599 7295 165 7295 559 7295 559 7296 165 7296 499 7296 499 7297 165 7297 447 7297 447 7298 165 7298 399 7298 165 7299 359 7299 399 7299 165 7300 307 7300 359 7300 165 7301 247 7301 307 7301 165 7302 201 7302 247 7302 4 7303 201 7303 165 7303 201 7304 4 7304 181 7304 181 7305 4 7305 145 7305 145 7306 4 7306 117 7306 121 7307 4 7307 113 7307 6 7308 113 7308 4 7308 117 7309 4 7309 111 7309 3719 7310 3611 7310 3723 7310 3603 7311 3723 7311 3611 7311 3607 7312 3723 7312 3613 7312 3579 7313 3723 7313 3607 7313 3543 7314 3723 7314 3579 7314 3523 7315 3723 7315 3543 7315 3723 7316 3523 7316 3567 7316 3453 7317 3567 7317 3523 7317 3367 7318 3567 7318 3453 7318 3291 7319 3567 7319 3367 7319 3237 7320 3567 7320 3291 7320 3173 7321 3567 7321 3237 7321 3107 7322 3567 7322 3173 7322 3023 7323 3567 7323 3107 7323 2402 7324 3023 7324 2957 7324 2402 7325 2957 7325 2895 7325 1629 7326 2825 7326 1969 7326 2829 7327 2398 7327 2819 7327 2819 7328 2398 7328 2831 7328 2398 7329 2851 7329 2831 7329 2398 7330 2871 7330 2851 7330 2398 7331 2895 7331 2871 7331 2402 7332 2895 7332 2398 7332 3023 7333 2402 7333 3567 7333 1239 7334 1493 7334 1489 7334 1493 7335 1029 7335 1495 7335 1239 7336 1489 7336 1473 7336 1037 7337 1495 7337 1029 7337 1239 7338 1473 7338 1459 7338 1253 7339 1495 7339 1037 7339 1239 7340 1459 7340 1417 7340 1493 7341 1239 7341 1029 7341 1239 7342 1417 7342 1385 7342 1495 7343 1253 7343 1491 7343 1239 7344 1385 7344 1365 7344 1461 7345 1253 7345 1419 7345 1239 7346 1365 7346 1345 7346 1419 7347 1253 7347 1387 7347 1239 7348 1345 7348 1325 7348 1387 7349 1253 7349 1367 7349 1239 7350 1325 7350 1303 7350 1367 7351 1253 7351 1347 7351 1239 7352 1303 7352 1283 7352 1347 7353 1253 7353 1327 7353 1239 7354 1283 7354 1267 7354 1327 7355 1253 7355 1305 7355 1305 7356 1253 7356 1285 7356 1285 7357 1253 7357 1269 7357 1491 7358 1253 7358 1475 7358 1475 7359 1253 7359 1461 7359 707 7360 1037 7360 715 7360 711 7361 1037 7361 717 7361 691 7362 1037 7362 711 7362 671 7363 1037 7363 691 7363 647 7364 1037 7364 671 7364 1037 7365 647 7365 1039 7365 609 7366 1039 7366 647 7366 569 7367 1039 7367 609 7367 509 7368 1039 7368 569 7368 171 7369 509 7369 457 7369 171 7370 457 7370 409 7370 171 7371 409 7371 369 7371 509 7372 171 7372 1039 7372 317 7373 171 7373 369 7373 257 7374 171 7374 317 7374 211 7375 171 7375 257 7375 6 7376 211 7376 191 7376 6 7377 191 7377 155 7377 6 7378 155 7378 127 7378 6 7379 127 7379 115 7379 125 7380 6 7380 115 7380 211 7381 6 7381 171 7381 3784 7382 3796 7382 3792 7382 3796 7383 3784 7383 3788 7383 3800 7384 3812 7384 3808 7384 3812 7385 3800 7385 3804 7385 3792 7386 3804 7386 3800 7386 3804 7387 3792 7387 3796 7387 3816 7388 3812 7388 3820 7388 3812 7389 3816 7389 3808 7389 3832 7390 3828 7390 3836 7390 3828 7391 3832 7391 3824 7391 3824 7392 3820 7392 3828 7392 3820 7393 3824 7393 3816 7393 3838 7394 3836 7394 3840 7394 3836 7395 3838 7395 3832 7395 3831 7396 3840 7396 3835 7396 3840 7397 3831 7397 3838 7397 3823 7398 3835 7398 3827 7398 3835 7399 3823 7399 3831 7399 3815 7400 3827 7400 3819 7400 3827 7401 3815 7401 3823 7401 3807 7402 3819 7402 3811 7402 3819 7403 3807 7403 3815 7403 3803 7404 3807 7404 3811 7404 3807 7405 3803 7405 3799 7405 3795 7406 3799 7406 3803 7406 3799 7407 3795 7407 3791 7407 3787 7408 3791 7408 3795 7408 3791 7409 3787 7409 3783 7409 3779 7410 3783 7410 3787 7410 3783 7411 3779 7411 3775 7411 3771 7412 3775 7412 3779 7412 3775 7413 3771 7413 3767 7413 3763 7414 3767 7414 3771 7414 3767 7415 3763 7415 3759 7415 3751 7416 3763 7416 3755 7416 3763 7417 3751 7417 3759 7417 3743 7418 3755 7418 3747 7418 3755 7419 3743 7419 3751 7419 3735 7420 3747 7420 3739 7420 3747 7421 3735 7421 3743 7421 3730 7422 3739 7422 3732 7422 3739 7423 3730 7423 3735 7423 3744 7424 3740 7424 3748 7424 3740 7425 3744 7425 3736 7425 3736 7426 3732 7426 3740 7426 3732 7427 3736 7427 3730 7427 3752 7428 3748 7428 3756 7428 3748 7429 3752 7429 3744 7429 3760 7430 3772 7430 3768 7430 3772 7431 3760 7431 3764 7431 3760 7432 3756 7432 3764 7432 3756 7433 3760 7433 3752 7433 3776 7434 3788 7434 3784 7434 3788 7435 3776 7435 3780 7435 3768 7436 3780 7436 3776 7436 3780 7437 3768 7437 3772 7437 3782 7438 3794 7438 3790 7438 3794 7439 3782 7439 3786 7439 3798 7440 3810 7440 3806 7440 3810 7441 3798 7441 3802 7441 3790 7442 3802 7442 3798 7442 3802 7443 3790 7443 3794 7443 3814 7444 3810 7444 3818 7444 3810 7445 3814 7445 3806 7445 3830 7446 3826 7446 3834 7446 3826 7447 3830 7447 3822 7447 3822 7448 3818 7448 3826 7448 3818 7449 3822 7449 3814 7449 3837 7450 3834 7450 3839 7450 3834 7451 3837 7451 3830 7451 3829 7452 3839 7452 3833 7452 3839 7453 3829 7453 3837 7453 3821 7454 3833 7454 3825 7454 3833 7455 3821 7455 3829 7455 3813 7456 3825 7456 3817 7456 3825 7457 3813 7457 3821 7457 3805 7458 3817 7458 3809 7458 3817 7459 3805 7459 3813 7459 3801 7460 3805 7460 3809 7460 3805 7461 3801 7461 3797 7461 3793 7462 3797 7462 3801 7462 3797 7463 3793 7463 3789 7463 3785 7464 3789 7464 3793 7464 3789 7465 3785 7465 3781 7465 3777 7466 3781 7466 3785 7466 3781 7467 3777 7467 3773 7467 3769 7468 3773 7468 3777 7468 3773 7469 3769 7469 3765 7469 3761 7470 3765 7470 3769 7470 3765 7471 3761 7471 3757 7471 3749 7472 3761 7472 3753 7472 3761 7473 3749 7473 3757 7473 3741 7474 3753 7474 3745 7474 3753 7475 3741 7475 3749 7475 3733 7476 3745 7476 3737 7476 3745 7477 3733 7477 3741 7477 3729 7478 3737 7478 3731 7478 3737 7479 3729 7479 3733 7479 3742 7480 3738 7480 3746 7480 3738 7481 3742 7481 3734 7481 3734 7482 3731 7482 3738 7482 3731 7483 3734 7483 3729 7483 3750 7484 3746 7484 3754 7484 3746 7485 3750 7485 3742 7485 3758 7486 3770 7486 3766 7486 3770 7487 3758 7487 3762 7487 3758 7488 3754 7488 3762 7488 3754 7489 3758 7489 3750 7489 3774 7490 3786 7490 3782 7490 3786 7491 3774 7491 3778 7491 3766 7492 3778 7492 3774 7492 3778 7493 3766 7493 3770 7493 1535 7494 1579 7494 1575 7494 1579 7495 1535 7495 1539 7495 1583 7496 1617 7496 1613 7496 1617 7497 1583 7497 1587 7497 1575 7498 1587 7498 1583 7498 1587 7499 1575 7499 1579 7499 1675 7500 1617 7500 1679 7500 1617 7501 1675 7501 1613 7501 1717 7502 1701 7502 1721 7502 1701 7503 1717 7503 1697 7503 1697 7504 1679 7504 1701 7504 1679 7505 1697 7505 1675 7505 1727 7506 1721 7506 1729 7506 1721 7507 1727 7507 1717 7507 1716 7508 1729 7508 1720 7508 1729 7509 1716 7509 1727 7509 1696 7510 1720 7510 1700 7510 1720 7511 1696 7511 1716 7511 1674 7512 1700 7512 1678 7512 1700 7513 1674 7513 1696 7513 1612 7514 1678 7514 1616 7514 1678 7515 1612 7515 1674 7515 1586 7516 1612 7516 1616 7516 1612 7517 1586 7517 1582 7517 1578 7518 1582 7518 1586 7518 1582 7519 1578 7519 1574 7519 1538 7520 1574 7520 1578 7520 1574 7521 1538 7521 1534 7521 1530 7522 1534 7522 1538 7522 1534 7523 1530 7523 1526 7523 1522 7524 1526 7524 1530 7524 1526 7525 1522 7525 1518 7525 1506 7526 1518 7526 1522 7526 1518 7527 1506 7527 1502 7527 1480 7528 1506 7528 1484 7528 1506 7529 1480 7529 1502 7529 1466 7530 1484 7530 1470 7530 1484 7531 1466 7531 1480 7531 1452 7532 1470 7532 1456 7532 1470 7533 1452 7533 1466 7533 1445 7534 1456 7534 1447 7534 1456 7535 1445 7535 1452 7535 1467 7536 1457 7536 1471 7536 1457 7537 1467 7537 1453 7537 1453 7538 1447 7538 1457 7538 1447 7539 1453 7539 1445 7539 1481 7540 1471 7540 1485 7540 1471 7541 1481 7541 1467 7541 1503 7542 1523 7542 1519 7542 1523 7543 1503 7543 1507 7543 1503 7544 1485 7544 1507 7544 1485 7545 1503 7545 1481 7545 1527 7546 1539 7546 1535 7546 1539 7547 1527 7547 1531 7547 1519 7548 1531 7548 1527 7548 1531 7549 1519 7549 1523 7549 1533 7550 1577 7550 1573 7550 1577 7551 1533 7551 1537 7551 1581 7552 1615 7552 1611 7552 1615 7553 1581 7553 1585 7553 1573 7554 1585 7554 1581 7554 1585 7555 1573 7555 1577 7555 1673 7556 1615 7556 1677 7556 1615 7557 1673 7557 1611 7557 1715 7558 1699 7558 1719 7558 1699 7559 1715 7559 1695 7559 1695 7560 1677 7560 1699 7560 1677 7561 1695 7561 1673 7561 1726 7562 1719 7562 1728 7562 1719 7563 1726 7563 1715 7563 1714 7564 1728 7564 1718 7564 1728 7565 1714 7565 1726 7565 1694 7566 1718 7566 1698 7566 1718 7567 1694 7567 1714 7567 1672 7568 1698 7568 1676 7568 1698 7569 1672 7569 1694 7569 1610 7570 1676 7570 1614 7570 1676 7571 1610 7571 1672 7571 1584 7572 1610 7572 1614 7572 1610 7573 1584 7573 1580 7573 1576 7574 1580 7574 1584 7574 1580 7575 1576 7575 1572 7575 1536 7576 1572 7576 1576 7576 1572 7577 1536 7577 1532 7577 1528 7578 1532 7578 1536 7578 1532 7579 1528 7579 1524 7579 1520 7580 1524 7580 1528 7580 1524 7581 1520 7581 1516 7581 1504 7582 1516 7582 1520 7582 1516 7583 1504 7583 1500 7583 1478 7584 1504 7584 1482 7584 1504 7585 1478 7585 1500 7585 1464 7586 1482 7586 1468 7586 1482 7587 1464 7587 1478 7587 1450 7588 1468 7588 1454 7588 1468 7589 1450 7589 1464 7589 1444 7590 1454 7590 1446 7590 1454 7591 1444 7591 1450 7591 1465 7592 1455 7592 1469 7592 1455 7593 1465 7593 1451 7593 1451 7594 1446 7594 1455 7594 1446 7595 1451 7595 1444 7595 1479 7596 1469 7596 1483 7596 1469 7597 1479 7597 1465 7597 1501 7598 1521 7598 1517 7598 1521 7599 1501 7599 1505 7599 1501 7600 1483 7600 1505 7600 1483 7601 1501 7601 1479 7601 1525 7602 1537 7602 1533 7602 1537 7603 1525 7603 1529 7603 1517 7604 1529 7604 1525 7604 1529 7605 1517 7605 1521 7605 3842 7606 3843 7606 3844 7606 3843 7607 3842 7607 3841 7607 1099 7608 3842 7608 3844 7608 3842 7609 1099 7609 1093 7609 1092 7610 3843 7610 3841 7610 3843 7611 1092 7611 1094 7611 1611 7612 1612 7612 1581 7612 3759 7613 3774 7613 3782 7613 1612 7614 1611 7614 3759 7614 3759 7615 3766 7615 3774 7615 3758 7616 3759 7616 1611 7616 3759 7617 3758 7617 3766 7617 1673 7618 3758 7618 1611 7618 1673 7619 3750 7619 3758 7619 1695 7620 3750 7620 1673 7620 1695 7621 3742 7621 3750 7621 1715 7622 3742 7622 1695 7622 1715 7623 3734 7623 3742 7623 1726 7624 3734 7624 1715 7624 1726 7625 3729 7625 3734 7625 1714 7626 3729 7626 1726 7626 1714 7627 3733 7627 3729 7627 1694 7628 3733 7628 1714 7628 1694 7629 3741 7629 3733 7629 1672 7630 3741 7630 1694 7630 1672 7631 3749 7631 3741 7631 1610 7632 3749 7632 1672 7632 1610 7633 3757 7633 3749 7633 1580 7634 3757 7634 1610 7634 1580 7635 3765 7635 3757 7635 3841 7636 1580 7636 1572 7636 1580 7637 3841 7637 3765 7637 1092 7638 1572 7638 1532 7638 3765 7639 3841 7639 3773 7639 1583 7640 3842 7640 1575 7640 3842 7641 3776 7641 3784 7641 3768 7642 3842 7642 1583 7642 3842 7643 3768 7643 3776 7643 1613 7644 3768 7644 1583 7644 1613 7645 3760 7645 3768 7645 1675 7646 3760 7646 1613 7646 1675 7647 3752 7647 3760 7647 1697 7648 3752 7648 1675 7648 1697 7649 3744 7649 3752 7649 1717 7650 3744 7650 1697 7650 1717 7651 3736 7651 3744 7651 1727 7652 3736 7652 1717 7652 1727 7653 3730 7653 3736 7653 1716 7654 3730 7654 1727 7654 1716 7655 3735 7655 3730 7655 1696 7656 3735 7656 1716 7656 1696 7657 3743 7657 3735 7657 1674 7658 3743 7658 1696 7658 1674 7659 3751 7659 3743 7659 1612 7660 3751 7660 1674 7660 1612 7661 3759 7661 3751 7661 1574 7662 1573 7662 1582 7662 1581 7663 1582 7663 1573 7663 1573 7664 1574 7664 1533 7664 1582 7665 1581 7665 1612 7665 1533 7666 1574 7666 1534 7666 3759 7667 3782 7667 3767 7667 1575 7668 1093 7668 1535 7668 1093 7669 1527 7669 1535 7669 1093 7670 1519 7670 1527 7670 1093 7671 1503 7671 1519 7671 1093 7672 1481 7672 1503 7672 1093 7673 1467 7673 1481 7673 1093 7674 1453 7674 1467 7674 1093 7675 1445 7675 1453 7675 1093 7676 1452 7676 1445 7676 1093 7677 1466 7677 1452 7677 1093 7678 1480 7678 1466 7678 1093 7679 1502 7679 1480 7679 1501 7680 1502 7680 1093 7680 3767 7681 3782 7681 3775 7681 1526 7682 1533 7682 1534 7682 1525 7683 1526 7683 1518 7683 1502 7684 1501 7684 1518 7684 1526 7685 1525 7685 1533 7685 1518 7686 1517 7686 1525 7686 1518 7687 1501 7687 1517 7687 1092 7688 1501 7688 1093 7688 1501 7689 1092 7689 1479 7689 1479 7690 1092 7690 1465 7690 1465 7691 1092 7691 1451 7691 1451 7692 1092 7692 1444 7692 1572 7693 1092 7693 3841 7693 1524 7694 1092 7694 1532 7694 1516 7695 1092 7695 1524 7695 1500 7696 1092 7696 1516 7696 1478 7697 1092 7697 1500 7697 1464 7698 1092 7698 1478 7698 1450 7699 1092 7699 1464 7699 1444 7700 1092 7700 1450 7700 1093 7701 1575 7701 3842 7701 3792 7702 3842 7702 3784 7702 3800 7703 3842 7703 3792 7703 3808 7704 3842 7704 3800 7704 3816 7705 3842 7705 3808 7705 3824 7706 3842 7706 3816 7706 3832 7707 3842 7707 3824 7707 3838 7708 3842 7708 3832 7708 3831 7709 3842 7709 3838 7709 3823 7710 3842 7710 3831 7710 3822 7711 3823 7711 3815 7711 3775 7712 3782 7712 3783 7712 3783 7713 3782 7713 3791 7713 3790 7714 3791 7714 3782 7714 3791 7715 3790 7715 3799 7715 3798 7716 3799 7716 3790 7716 3799 7717 3798 7717 3807 7717 3806 7718 3807 7718 3798 7718 3807 7719 3806 7719 3815 7719 3814 7720 3815 7720 3806 7720 3822 7721 3815 7721 3814 7721 3823 7722 3822 7722 3842 7722 3841 7723 3822 7723 3830 7723 3841 7724 3830 7724 3837 7724 3822 7725 3841 7725 3842 7725 3829 7726 3841 7726 3837 7726 3821 7727 3841 7727 3829 7727 3813 7728 3841 7728 3821 7728 3805 7729 3841 7729 3813 7729 3797 7730 3841 7730 3805 7730 3789 7731 3841 7731 3797 7731 3781 7732 3841 7732 3789 7732 3773 7733 3841 7733 3781 7733 2656 7734 2700 7734 2696 7734 2700 7735 2656 7735 2660 7735 2634 7736 2660 7736 2656 7736 2660 7737 2634 7737 2638 7737 2602 7738 2638 7738 2634 7738 2638 7739 2602 7739 2606 7739 2570 7740 2606 7740 2602 7740 2606 7741 2570 7741 2574 7741 2570 7742 2558 7742 2574 7742 2558 7743 2570 7743 2554 7743 2554 7744 2530 7744 2558 7744 2530 7745 2554 7745 2526 7745 2526 7746 2514 7746 2530 7746 2514 7747 2526 7747 2510 7747 2510 7748 2513 7748 2514 7748 2513 7749 2510 7749 2509 7749 2509 7750 2529 7750 2513 7750 2529 7751 2509 7751 2525 7751 2525 7752 2557 7752 2529 7752 2557 7753 2525 7753 2553 7753 2553 7754 2573 7754 2557 7754 2573 7755 2553 7755 2569 7755 2573 7756 2601 7756 2605 7756 2601 7757 2573 7757 2569 7757 2605 7758 2633 7758 2637 7758 2633 7759 2605 7759 2601 7759 2637 7760 2655 7760 2659 7760 2655 7761 2637 7761 2633 7761 2659 7762 2695 7762 2699 7762 2695 7763 2659 7763 2655 7763 2699 7764 2711 7764 2715 7764 2711 7765 2699 7765 2695 7765 2715 7766 2741 7766 2745 7766 2741 7767 2715 7767 2711 7767 2745 7768 2753 7768 2757 7768 2753 7769 2745 7769 2741 7769 2757 7770 2769 7770 2773 7770 2769 7771 2757 7771 2753 7771 2769 7772 2789 7772 2773 7772 2789 7773 2769 7773 2785 7773 2785 7774 2801 7774 2789 7774 2801 7775 2785 7775 2797 7775 2797 7776 2813 7776 2801 7776 2813 7777 2797 7777 2809 7777 2809 7778 2814 7778 2813 7778 2814 7779 2809 7779 2810 7779 2810 7780 2802 7780 2814 7780 2802 7781 2810 7781 2798 7781 2798 7782 2790 7782 2802 7782 2790 7783 2798 7783 2786 7783 2786 7784 2774 7784 2790 7784 2774 7785 2786 7785 2770 7785 2754 7786 2774 7786 2770 7786 2774 7787 2754 7787 2758 7787 2742 7788 2758 7788 2754 7788 2758 7789 2742 7789 2746 7789 2712 7790 2746 7790 2742 7790 2746 7791 2712 7791 2716 7791 2696 7792 2716 7792 2712 7792 2716 7793 2696 7793 2700 7793 2654 7794 2698 7794 2694 7794 2698 7795 2654 7795 2658 7795 2632 7796 2658 7796 2654 7796 2658 7797 2632 7797 2636 7797 2600 7798 2636 7798 2632 7798 2636 7799 2600 7799 2604 7799 2568 7800 2604 7800 2600 7800 2604 7801 2568 7801 2572 7801 2568 7802 2556 7802 2572 7802 2556 7803 2568 7803 2552 7803 2552 7804 2528 7804 2556 7804 2528 7805 2552 7805 2524 7805 2524 7806 2512 7806 2528 7806 2512 7807 2524 7807 2508 7807 2508 7808 2511 7808 2512 7808 2511 7809 2508 7809 2507 7809 2507 7810 2527 7810 2511 7810 2527 7811 2507 7811 2523 7811 2523 7812 2555 7812 2527 7812 2555 7813 2523 7813 2551 7813 2551 7814 2571 7814 2555 7814 2571 7815 2551 7815 2567 7815 2571 7816 2599 7816 2603 7816 2599 7817 2571 7817 2567 7817 2603 7818 2631 7818 2635 7818 2631 7819 2603 7819 2599 7819 2635 7820 2653 7820 2657 7820 2653 7821 2635 7821 2631 7821 2657 7822 2693 7822 2697 7822 2693 7823 2657 7823 2653 7823 2697 7824 2709 7824 2713 7824 2709 7825 2697 7825 2693 7825 2713 7826 2739 7826 2743 7826 2739 7827 2713 7827 2709 7827 2743 7828 2751 7828 2755 7828 2751 7829 2743 7829 2739 7829 2755 7830 2767 7830 2771 7830 2767 7831 2755 7831 2751 7831 2767 7832 2787 7832 2771 7832 2787 7833 2767 7833 2783 7833 2783 7834 2799 7834 2787 7834 2799 7835 2783 7835 2795 7835 2795 7836 2811 7836 2799 7836 2811 7837 2795 7837 2807 7837 2807 7838 2812 7838 2811 7838 2812 7839 2807 7839 2808 7839 2808 7840 2800 7840 2812 7840 2800 7841 2808 7841 2796 7841 2796 7842 2788 7842 2800 7842 2788 7843 2796 7843 2784 7843 2784 7844 2772 7844 2788 7844 2772 7845 2784 7845 2768 7845 2752 7846 2772 7846 2768 7846 2772 7847 2752 7847 2756 7847 2740 7848 2756 7848 2752 7848 2756 7849 2740 7849 2744 7849 2710 7850 2744 7850 2740 7850 2744 7851 2710 7851 2714 7851 2694 7852 2714 7852 2710 7852 2714 7853 2694 7853 2698 7853 845 7854 881 7854 885 7854 881 7855 845 7855 841 7855 885 7856 903 7856 907 7856 903 7857 885 7857 881 7857 907 7858 919 7858 923 7858 919 7859 907 7859 903 7859 923 7860 935 7860 939 7860 935 7861 923 7861 919 7861 935 7862 955 7862 939 7862 955 7863 935 7863 951 7863 951 7864 971 7864 955 7864 971 7865 951 7865 967 7865 967 7866 979 7866 971 7866 979 7867 967 7867 975 7867 975 7868 980 7868 979 7868 980 7869 975 7869 976 7869 976 7870 972 7870 980 7870 972 7871 976 7871 968 7871 968 7872 956 7872 972 7872 956 7873 968 7873 952 7873 952 7874 940 7874 956 7874 940 7875 952 7875 936 7875 920 7876 940 7876 936 7876 940 7877 920 7877 924 7877 904 7878 924 7878 920 7878 924 7879 904 7879 908 7879 882 7880 908 7880 904 7880 908 7881 882 7881 886 7881 842 7882 886 7882 882 7882 886 7883 842 7883 846 7883 826 7884 846 7884 842 7884 846 7885 826 7885 830 7885 796 7886 830 7886 826 7886 830 7887 796 7887 800 7887 784 7888 800 7888 796 7888 800 7889 784 7889 788 7889 760 7890 788 7890 784 7890 788 7891 760 7891 764 7891 760 7892 748 7892 764 7892 748 7893 760 7893 744 7893 744 7894 736 7894 748 7894 736 7895 744 7895 732 7895 732 7896 724 7896 736 7896 724 7897 732 7897 720 7897 720 7898 723 7898 724 7898 723 7899 720 7899 719 7899 719 7900 735 7900 723 7900 735 7901 719 7901 731 7901 731 7902 747 7902 735 7902 747 7903 731 7903 743 7903 743 7904 763 7904 747 7904 763 7905 743 7905 759 7905 763 7906 783 7906 787 7906 783 7907 763 7907 759 7907 787 7908 795 7908 799 7908 795 7909 787 7909 783 7909 799 7910 825 7910 829 7910 825 7911 799 7911 795 7911 829 7912 841 7912 845 7912 841 7913 829 7913 825 7913 828 7914 848 7914 844 7914 848 7915 828 7915 832 7915 798 7916 832 7916 828 7916 832 7917 798 7917 802 7917 786 7918 802 7918 798 7918 802 7919 786 7919 790 7919 762 7920 790 7920 786 7920 790 7921 762 7921 766 7921 762 7922 750 7922 766 7922 750 7923 762 7923 746 7923 746 7924 738 7924 750 7924 738 7925 746 7925 734 7925 734 7926 726 7926 738 7926 726 7927 734 7927 722 7927 722 7928 725 7928 726 7928 725 7929 722 7929 721 7929 721 7930 737 7930 725 7930 737 7931 721 7931 733 7931 733 7932 749 7932 737 7932 749 7933 733 7933 745 7933 745 7934 765 7934 749 7934 765 7935 745 7935 761 7935 765 7936 785 7936 789 7936 785 7937 765 7937 761 7937 789 7938 797 7938 801 7938 797 7939 789 7939 785 7939 801 7940 827 7940 831 7940 827 7941 801 7941 797 7941 831 7942 843 7942 847 7942 843 7943 831 7943 827 7943 847 7944 883 7944 887 7944 883 7945 847 7945 843 7945 887 7946 905 7946 909 7946 905 7947 887 7947 883 7947 909 7948 921 7948 925 7948 921 7949 909 7949 905 7949 925 7950 937 7950 941 7950 937 7951 925 7951 921 7951 937 7952 957 7952 941 7952 957 7953 937 7953 953 7953 953 7954 973 7954 957 7954 973 7955 953 7955 969 7955 969 7956 981 7956 973 7956 981 7957 969 7957 977 7957 977 7958 982 7958 981 7958 982 7959 977 7959 978 7959 978 7960 974 7960 982 7960 974 7961 978 7961 970 7961 970 7962 958 7962 974 7962 958 7963 970 7963 954 7963 954 7964 942 7964 958 7964 942 7965 954 7965 938 7965 922 7966 942 7966 938 7966 942 7967 922 7967 926 7967 906 7968 926 7968 922 7968 926 7969 906 7969 910 7969 884 7970 910 7970 906 7970 910 7971 884 7971 888 7971 844 7972 888 7972 884 7972 888 7973 844 7973 848 7973 8 7974 11 7974 10 7974 11 7975 8 7975 9 7975 8 7976 3706 7976 3704 7976 3706 7977 8 7977 10 7977 3705 7978 3706 7978 3707 7978 3706 7979 3705 7979 3704 7979 11 7980 3705 7980 3707 7980 3705 7981 11 7981 9 7981 921 7982 920 7982 937 7982 2569 7983 2654 7983 2694 7983 936 7984 937 7984 920 7984 2569 7985 2632 7985 2654 7985 937 7986 936 7986 2569 7986 2569 7987 2600 7987 2632 7987 2568 7988 2569 7988 936 7988 2569 7989 2568 7989 2600 7989 952 7990 2568 7990 936 7990 952 7991 2552 7991 2568 7991 968 7992 2552 7992 952 7992 968 7993 2524 7993 2552 7993 976 7994 2524 7994 968 7994 976 7995 2508 7995 2524 7995 975 7996 2508 7996 976 7996 975 7997 2507 7997 2508 7997 967 7998 2507 7998 975 7998 967 7999 2523 7999 2507 7999 951 8000 2523 8000 967 8000 951 8001 2551 8001 2523 8001 935 8002 2551 8002 951 8002 935 8003 2567 8003 2551 8003 919 8004 2567 8004 935 8004 919 8005 2599 8005 2567 8005 903 8006 2599 8006 919 8006 903 8007 2631 8007 2599 8007 8 8008 903 8008 881 8008 903 8009 8 8009 2631 8009 8 8010 881 8010 841 8010 3704 8011 2631 8011 8 8011 9 8012 906 8012 3705 8012 3705 8013 2656 8013 2696 8013 2634 8014 3705 8014 906 8014 3705 8015 2634 8015 2656 8015 922 8016 2634 8016 906 8016 922 8017 2602 8017 2634 8017 938 8018 2602 8018 922 8018 938 8019 2570 8019 2602 8019 954 8020 2570 8020 938 8020 954 8021 2554 8021 2570 8021 970 8022 2554 8022 954 8022 970 8023 2526 8023 2554 8023 978 8024 2526 8024 970 8024 978 8025 2510 8025 2526 8025 977 8026 2510 8026 978 8026 977 8027 2509 8027 2510 8027 969 8028 2509 8028 977 8028 969 8029 2525 8029 2509 8029 953 8030 2525 8030 969 8030 953 8031 2553 8031 2525 8031 937 8032 2553 8032 953 8032 937 8033 2569 8033 2553 8033 904 8034 905 8034 882 8034 905 8035 904 8035 921 8035 883 8036 882 8036 905 8036 920 8037 921 8037 904 8037 882 8038 883 8038 842 8038 2569 8039 2694 8039 2601 8039 842 8040 883 8040 843 8040 2601 8041 2694 8041 2633 8041 884 8042 9 8042 844 8042 9 8043 828 8043 844 8043 9 8044 798 8044 828 8044 9 8045 786 8045 798 8045 9 8046 762 8046 786 8046 9 8047 746 8047 762 8047 9 8048 734 8048 746 8048 9 8049 722 8049 734 8049 9 8050 721 8050 722 8050 9 8051 733 8051 721 8051 9 8052 745 8052 733 8052 744 8053 745 8053 9 8053 2633 8054 2694 8054 2655 8054 827 8055 842 8055 843 8055 826 8056 827 8056 797 8056 796 8057 797 8057 785 8057 784 8058 785 8058 761 8058 745 8059 744 8059 761 8059 827 8060 826 8060 842 8060 797 8061 796 8061 826 8061 785 8062 784 8062 796 8062 761 8063 760 8063 784 8063 761 8064 744 8064 760 8064 8 8065 744 8065 9 8065 744 8066 8 8066 732 8066 732 8067 8 8067 720 8067 2631 8068 3704 8068 2653 8068 825 8069 8 8069 841 8069 795 8070 8 8070 825 8070 783 8071 8 8071 795 8071 759 8072 8 8072 783 8072 743 8073 8 8073 759 8073 731 8074 8 8074 743 8074 719 8075 8 8075 731 8075 720 8076 8 8076 719 8076 906 8077 9 8077 884 8077 2712 8078 3705 8078 2696 8078 2742 8079 3705 8079 2712 8079 2754 8080 3705 8080 2742 8080 2770 8081 3705 8081 2754 8081 2786 8082 3705 8082 2770 8082 2798 8083 3705 8083 2786 8083 2810 8084 3705 8084 2798 8084 2809 8085 3705 8085 2810 8085 2797 8086 3705 8086 2809 8086 2785 8087 3705 8087 2797 8087 2784 8088 2785 8088 2769 8088 2655 8089 2694 8089 2695 8089 2695 8090 2694 8090 2711 8090 2710 8091 2711 8091 2694 8091 2711 8092 2710 8092 2741 8092 2740 8093 2741 8093 2710 8093 2741 8094 2740 8094 2753 8094 2752 8095 2753 8095 2740 8095 2753 8096 2752 8096 2769 8096 2768 8097 2769 8097 2752 8097 2784 8098 2769 8098 2768 8098 2785 8099 2784 8099 3705 8099 3704 8100 2784 8100 2796 8100 3704 8101 2796 8101 2808 8101 3704 8102 2808 8102 2807 8102 2784 8103 3704 8103 3705 8103 2795 8104 3704 8104 2807 8104 2783 8105 3704 8105 2795 8105 2767 8106 3704 8106 2783 8106 2751 8107 3704 8107 2767 8107 2739 8108 3704 8108 2751 8108 2709 8109 3704 8109 2739 8109 2693 8110 3704 8110 2709 8110 2653 8111 3704 8111 2693 8111 4791 8112 4837 8112 4833 8112 4837 8113 4791 8113 4795 8113 4845 8114 4861 8114 4857 8114 4861 8115 4845 8115 4849 8115 4833 8116 4849 8116 4845 8116 4849 8117 4833 8117 4837 8117 4869 8118 4861 8118 4873 8118 4861 8119 4869 8119 4857 8119 4889 8120 4881 8120 4893 8120 4881 8121 4889 8121 4877 8121 4877 8122 4873 8122 4881 8122 4873 8123 4877 8123 4869 8123 4895 8124 4893 8124 4897 8124 4893 8125 4895 8125 4889 8125 4888 8126 4897 8126 4892 8126 4897 8127 4888 8127 4895 8127 4876 8128 4892 8128 4880 8128 4892 8129 4876 8129 4888 8129 4868 8130 4880 8130 4872 8130 4880 8131 4868 8131 4876 8131 4856 8132 4872 8132 4860 8132 4872 8133 4856 8133 4868 8133 4848 8134 4856 8134 4860 8134 4856 8135 4848 8135 4844 8135 4836 8136 4844 8136 4848 8136 4844 8137 4836 8137 4832 8137 4794 8138 4832 8138 4836 8138 4832 8139 4794 8139 4790 8139 4766 8140 4790 8140 4794 8140 4790 8141 4766 8141 4762 8141 4734 8142 4762 8142 4766 8142 4762 8143 4734 8143 4730 8143 4690 8144 4730 8144 4734 8144 4730 8145 4690 8145 4686 8145 4642 8146 4690 8146 4646 8146 4690 8147 4642 8147 4686 8147 4614 8148 4646 8148 4618 8148 4646 8149 4614 8149 4642 8149 4598 8150 4618 8150 4602 8150 4618 8151 4598 8151 4614 8151 4569 8152 4602 8152 4571 8152 4602 8153 4569 8153 4598 8153 4615 8154 4603 8154 4619 8154 4603 8155 4615 8155 4599 8155 4599 8156 4571 8156 4603 8156 4571 8157 4599 8157 4569 8157 4643 8158 4619 8158 4647 8158 4619 8159 4643 8159 4615 8159 4687 8160 4735 8160 4731 8160 4735 8161 4687 8161 4691 8161 4687 8162 4647 8162 4691 8162 4647 8163 4687 8163 4643 8163 4763 8164 4795 8164 4791 8164 4795 8165 4763 8165 4767 8165 4731 8166 4767 8166 4763 8166 4767 8167 4731 8167 4735 8167 5611 8168 5643 8168 5639 8168 5643 8169 5611 8169 5615 8169 5671 8170 5719 8170 5715 8170 5719 8171 5671 8171 5675 8171 5639 8172 5675 8172 5671 8172 5675 8173 5639 8173 5643 8173 5759 8174 5719 8174 5763 8174 5719 8175 5759 8175 5715 8175 5803 8176 5791 8176 5807 8176 5791 8177 5803 8177 5787 8177 5787 8178 5763 8178 5791 8178 5763 8179 5787 8179 5759 8179 5833 8180 5807 8180 5835 8180 5807 8181 5833 8181 5803 8181 5802 8182 5835 8182 5806 8182 5835 8183 5802 8183 5833 8183 5786 8184 5806 8184 5790 8184 5806 8185 5786 8185 5802 8185 5758 8186 5790 8186 5762 8186 5790 8187 5758 8187 5786 8187 5714 8188 5762 8188 5718 8188 5762 8189 5714 8189 5758 8189 5674 8190 5714 8190 5718 8190 5714 8191 5674 8191 5670 8191 5642 8192 5670 8192 5674 8192 5670 8193 5642 8193 5638 8193 5614 8194 5638 8194 5642 8194 5638 8195 5614 8195 5610 8195 5572 8196 5610 8196 5614 8196 5610 8197 5572 8197 5568 8197 5560 8198 5568 8198 5572 8198 5568 8199 5560 8199 5556 8199 5548 8200 5556 8200 5560 8200 5556 8201 5548 8201 5544 8201 5532 8202 5548 8202 5536 8202 5548 8203 5532 8203 5544 8203 5524 8204 5536 8204 5528 8204 5536 8205 5524 8205 5532 8205 5512 8206 5528 8206 5516 8206 5528 8207 5512 8207 5524 8207 5507 8208 5516 8208 5509 8208 5516 8209 5507 8209 5512 8209 5525 8210 5517 8210 5529 8210 5517 8211 5525 8211 5513 8211 5513 8212 5509 8212 5517 8212 5509 8213 5513 8213 5507 8213 5533 8214 5529 8214 5537 8214 5529 8215 5533 8215 5525 8215 5545 8216 5561 8216 5557 8216 5561 8217 5545 8217 5549 8217 5545 8218 5537 8218 5549 8218 5537 8219 5545 8219 5533 8219 5569 8220 5615 8220 5611 8220 5615 8221 5569 8221 5573 8221 5557 8222 5573 8222 5569 8222 5573 8223 5557 8223 5561 8223 5609 8224 5641 8224 5637 8224 5641 8225 5609 8225 5613 8225 5669 8226 5717 8226 5713 8226 5717 8227 5669 8227 5673 8227 5637 8228 5673 8228 5669 8228 5673 8229 5637 8229 5641 8229 5757 8230 5717 8230 5761 8230 5717 8231 5757 8231 5713 8231 5801 8232 5789 8232 5805 8232 5789 8233 5801 8233 5785 8233 5785 8234 5761 8234 5789 8234 5761 8235 5785 8235 5757 8235 5832 8236 5805 8236 5834 8236 5805 8237 5832 8237 5801 8237 5800 8238 5834 8238 5804 8238 5834 8239 5800 8239 5832 8239 5784 8240 5804 8240 5788 8240 5804 8241 5784 8241 5800 8241 5756 8242 5788 8242 5760 8242 5788 8243 5756 8243 5784 8243 5712 8244 5760 8244 5716 8244 5760 8245 5712 8245 5756 8245 5672 8246 5712 8246 5716 8246 5712 8247 5672 8247 5668 8247 5640 8248 5668 8248 5672 8248 5668 8249 5640 8249 5636 8249 5612 8250 5636 8250 5640 8250 5636 8251 5612 8251 5608 8251 5570 8252 5608 8252 5612 8252 5608 8253 5570 8253 5566 8253 5558 8254 5566 8254 5570 8254 5566 8255 5558 8255 5554 8255 5546 8256 5554 8256 5558 8256 5554 8257 5546 8257 5542 8257 5530 8258 5546 8258 5534 8258 5546 8259 5530 8259 5542 8259 5522 8260 5534 8260 5526 8260 5534 8261 5522 8261 5530 8261 5510 8262 5526 8262 5514 8262 5526 8263 5510 8263 5522 8263 5506 8264 5514 8264 5508 8264 5514 8265 5506 8265 5510 8265 5523 8266 5515 8266 5527 8266 5515 8267 5523 8267 5511 8267 5511 8268 5508 8268 5515 8268 5508 8269 5511 8269 5506 8269 5531 8270 5527 8270 5535 8270 5527 8271 5531 8271 5523 8271 5543 8272 5559 8272 5555 8272 5559 8273 5543 8273 5547 8273 5543 8274 5535 8274 5547 8274 5535 8275 5543 8275 5531 8275 5567 8276 5613 8276 5609 8276 5613 8277 5567 8277 5571 8277 5555 8278 5571 8278 5567 8278 5571 8279 5555 8279 5559 8279 4789 8280 4835 8280 4831 8280 4835 8281 4789 8281 4793 8281 4843 8282 4859 8282 4855 8282 4859 8283 4843 8283 4847 8283 4831 8284 4847 8284 4843 8284 4847 8285 4831 8285 4835 8285 4867 8286 4859 8286 4871 8286 4859 8287 4867 8287 4855 8287 4887 8288 4879 8288 4891 8288 4879 8289 4887 8289 4875 8289 4875 8290 4871 8290 4879 8290 4871 8291 4875 8291 4867 8291 4894 8292 4891 8292 4896 8292 4891 8293 4894 8293 4887 8293 4886 8294 4896 8294 4890 8294 4896 8295 4886 8295 4894 8295 4874 8296 4890 8296 4878 8296 4890 8297 4874 8297 4886 8297 4866 8298 4878 8298 4870 8298 4878 8299 4866 8299 4874 8299 4854 8300 4870 8300 4858 8300 4870 8301 4854 8301 4866 8301 4846 8302 4854 8302 4858 8302 4854 8303 4846 8303 4842 8303 4834 8304 4842 8304 4846 8304 4842 8305 4834 8305 4830 8305 4792 8306 4830 8306 4834 8306 4830 8307 4792 8307 4788 8307 4764 8308 4788 8308 4792 8308 4788 8309 4764 8309 4760 8309 4732 8310 4760 8310 4764 8310 4760 8311 4732 8311 4728 8311 4688 8312 4728 8312 4732 8312 4728 8313 4688 8313 4684 8313 4640 8314 4688 8314 4644 8314 4688 8315 4640 8315 4684 8315 4612 8316 4644 8316 4616 8316 4644 8317 4612 8317 4640 8317 4596 8318 4616 8318 4600 8318 4616 8319 4596 8319 4612 8319 4568 8320 4600 8320 4570 8320 4600 8321 4568 8321 4596 8321 4613 8322 4601 8322 4617 8322 4601 8323 4613 8323 4597 8323 4597 8324 4570 8324 4601 8324 4570 8325 4597 8325 4568 8325 4641 8326 4617 8326 4645 8326 4617 8327 4641 8327 4613 8327 4685 8328 4733 8328 4729 8328 4733 8329 4685 8329 4689 8329 4685 8330 4645 8330 4689 8330 4645 8331 4685 8331 4641 8331 4761 8332 4793 8332 4789 8332 4793 8333 4761 8333 4765 8333 4729 8334 4765 8334 4761 8334 4765 8335 4729 8335 4733 8335 6281 8336 6282 8336 6283 8336 6282 8337 6281 8337 6280 8337 4123 8338 6281 8338 6283 8338 6281 8339 4123 8339 4121 8339 4120 8340 4123 8340 4122 8340 4123 8341 4120 8341 4121 8341 4120 8342 6282 8342 6280 8342 6282 8343 4120 8343 4122 8343 4855 8344 4856 8344 4843 8344 5544 8345 5567 8345 5609 8345 4856 8346 4855 8346 5544 8346 5544 8347 5555 8347 5567 8347 5543 8348 5544 8348 4855 8348 5544 8349 5543 8349 5555 8349 4867 8350 5543 8350 4855 8350 4867 8351 5531 8351 5543 8351 4875 8352 5531 8352 4867 8352 4875 8353 5523 8353 5531 8353 4887 8354 5523 8354 4875 8354 4887 8355 5511 8355 5523 8355 4894 8356 5511 8356 4887 8356 4894 8357 5506 8357 5511 8357 4886 8358 5506 8358 4894 8358 4886 8359 5510 8359 5506 8359 4874 8360 5510 8360 4886 8360 4874 8361 5522 8361 5510 8361 4866 8362 5522 8362 4874 8362 4866 8363 5530 8363 5522 8363 4854 8364 5530 8364 4866 8364 4854 8365 5542 8365 5530 8365 4842 8366 5542 8366 4854 8366 4842 8367 5554 8367 5542 8367 4120 8368 4842 8368 4830 8368 4842 8369 4120 8369 5554 8369 4120 8370 4830 8370 4788 8370 6280 8371 5554 8371 4120 8371 4121 8372 4845 8372 6281 8372 6281 8373 5569 8373 5611 8373 5557 8374 6281 8374 4845 8374 6281 8375 5557 8375 5569 8375 4857 8376 5557 8376 4845 8376 4857 8377 5545 8377 5557 8377 4869 8378 5545 8378 4857 8378 4869 8379 5533 8379 5545 8379 4877 8380 5533 8380 4869 8380 4877 8381 5525 8381 5533 8381 4889 8382 5525 8382 4877 8382 4889 8383 5513 8383 5525 8383 4895 8384 5513 8384 4889 8384 4895 8385 5507 8385 5513 8385 4888 8386 5507 8386 4895 8386 4888 8387 5512 8387 5507 8387 4876 8388 5512 8388 4888 8388 4876 8389 5524 8389 5512 8389 4868 8390 5524 8390 4876 8390 4868 8391 5532 8391 5524 8391 4856 8392 5532 8392 4868 8392 4856 8393 5544 8393 5532 8393 4832 8394 4831 8394 4844 8394 4843 8395 4844 8395 4831 8395 4831 8396 4832 8396 4789 8396 4844 8397 4843 8397 4856 8397 4789 8398 4832 8398 4790 8398 5544 8399 5609 8399 5556 8399 4833 8400 4121 8400 4791 8400 4121 8401 4763 8401 4791 8401 4121 8402 4731 8402 4763 8402 4121 8403 4687 8403 4731 8403 4121 8404 4643 8404 4687 8404 4121 8405 4615 8405 4643 8405 4121 8406 4599 8406 4615 8406 4121 8407 4569 8407 4599 8407 4121 8408 4598 8408 4569 8408 4121 8409 4614 8409 4598 8409 4613 8410 4614 8410 4121 8410 5556 8411 5609 8411 5568 8411 4762 8412 4789 8412 4790 8412 4761 8413 4762 8413 4730 8413 4729 8414 4730 8414 4686 8414 4685 8415 4686 8415 4642 8415 4614 8416 4613 8416 4642 8416 4762 8417 4761 8417 4789 8417 4730 8418 4729 8418 4761 8418 4686 8419 4685 8419 4729 8419 4642 8420 4641 8420 4685 8420 4642 8421 4613 8421 4641 8421 4120 8422 4613 8422 4121 8422 4613 8423 4120 8423 4597 8423 5554 8424 6280 8424 5566 8424 4760 8425 4120 8425 4788 8425 4728 8426 4120 8426 4760 8426 4684 8427 4120 8427 4728 8427 4640 8428 4120 8428 4684 8428 4612 8429 4120 8429 4640 8429 4596 8430 4120 8430 4612 8430 4568 8431 4120 8431 4596 8431 4597 8432 4120 8432 4568 8432 4845 8433 4121 8433 4833 8433 5639 8434 6281 8434 5611 8434 5671 8435 6281 8435 5639 8435 5715 8436 6281 8436 5671 8436 5759 8437 6281 8437 5715 8437 5787 8438 6281 8438 5759 8438 5803 8439 6281 8439 5787 8439 5833 8440 6281 8440 5803 8440 5802 8441 6281 8441 5833 8441 5786 8442 6281 8442 5802 8442 5785 8443 5786 8443 5758 8443 5568 8444 5609 8444 5610 8444 5610 8445 5609 8445 5638 8445 5637 8446 5638 8446 5609 8446 5638 8447 5637 8447 5670 8447 5669 8448 5670 8448 5637 8448 5670 8449 5669 8449 5714 8449 5713 8450 5714 8450 5669 8450 5714 8451 5713 8451 5758 8451 5757 8452 5758 8452 5713 8452 5785 8453 5758 8453 5757 8453 5786 8454 5785 8454 6281 8454 6280 8455 5785 8455 5801 8455 6280 8456 5801 8456 5832 8456 5785 8457 6280 8457 6281 8457 5800 8458 6280 8458 5832 8458 5784 8459 6280 8459 5800 8459 5756 8460 6280 8460 5784 8460 5712 8461 6280 8461 5756 8461 5668 8462 6280 8462 5712 8462 5636 8463 6280 8463 5668 8463 5608 8464 6280 8464 5636 8464 5566 8465 6280 8465 5608 8465 3326 8466 3381 8466 3374 8466 3381 8467 3326 8467 3330 8467 3272 8468 3330 8468 3326 8468 3330 8469 3272 8469 3276 8469 3220 8470 3276 8470 3272 8470 3276 8471 3220 8471 3224 8471 3220 8472 3192 8472 3224 8472 3192 8473 3220 8473 3188 8473 3188 8474 3162 8474 3192 8474 3162 8475 3188 8475 3158 8475 3158 8476 3132 8476 3162 8476 3132 8477 3158 8477 3128 8477 3128 8478 3122 8478 3132 8478 3122 8479 3128 8479 3120 8479 3120 8480 3131 8480 3122 8480 3131 8481 3120 8481 3127 8481 3127 8482 3161 8482 3131 8482 3161 8483 3127 8483 3157 8483 3157 8484 3191 8484 3161 8484 3191 8485 3157 8485 3187 8485 3187 8486 3223 8486 3191 8486 3223 8487 3187 8487 3219 8487 3223 8488 3271 8488 3275 8488 3271 8489 3223 8489 3219 8489 3275 8490 3325 8490 3329 8490 3325 8491 3275 8491 3271 8491 3329 8492 3373 8492 3380 8492 3373 8493 3329 8493 3325 8493 3380 8494 3437 8494 3441 8494 3437 8495 3380 8495 3373 8495 3441 8496 3507 8496 3511 8496 3507 8497 3441 8497 3437 8497 3511 8498 3547 8498 3551 8498 3547 8499 3511 8499 3507 8499 3547 8500 3587 8500 3551 8500 3587 8501 3547 8501 3583 8501 3583 8502 3621 8502 3587 8502 3621 8503 3583 8503 3617 8503 3617 8504 3629 8504 3621 8504 3629 8505 3617 8505 3625 8505 3625 8506 3638 8506 3629 8506 3638 8507 3625 8507 3636 8507 3636 8508 3630 8508 3638 8508 3630 8509 3636 8509 3626 8509 3626 8510 3622 8510 3630 8510 3622 8511 3626 8511 3618 8511 3618 8512 3588 8512 3622 8512 3588 8513 3618 8513 3584 8513 3584 8514 3552 8514 3588 8514 3552 8515 3584 8515 3548 8515 3508 8516 3552 8516 3548 8516 3552 8517 3508 8517 3512 8517 3438 8518 3512 8518 3508 8518 3512 8519 3438 8519 3442 8519 3374 8520 3442 8520 3438 8520 3442 8521 3374 8521 3381 8521 300 8522 333 8522 337 8522 333 8523 300 8523 293 8523 337 8524 373 8524 377 8524 373 8525 337 8525 333 8525 377 8526 413 8526 417 8526 413 8527 377 8527 373 8527 413 8528 437 8528 417 8528 437 8529 413 8529 433 8529 433 8530 465 8530 437 8530 465 8531 433 8531 461 8531 461 8532 485 8532 465 8532 485 8533 461 8533 481 8533 481 8534 490 8534 485 8534 490 8535 481 8535 488 8535 488 8536 486 8536 490 8536 486 8537 488 8537 482 8537 482 8538 466 8538 486 8538 466 8539 482 8539 462 8539 462 8540 438 8540 466 8540 438 8541 462 8541 434 8541 434 8542 418 8542 438 8542 418 8543 434 8543 414 8543 374 8544 418 8544 414 8544 418 8545 374 8545 378 8545 334 8546 378 8546 374 8546 378 8547 334 8547 338 8547 294 8548 338 8548 334 8548 338 8549 294 8549 301 8549 262 8550 301 8550 294 8550 301 8551 262 8551 266 8551 216 8552 266 8552 262 8552 266 8553 216 8553 220 8553 176 8554 220 8554 216 8554 220 8555 176 8555 180 8555 176 8556 144 8556 180 8556 144 8557 176 8557 140 8557 140 8558 110 8558 144 8558 110 8559 140 8559 106 8559 106 8560 102 8560 110 8560 102 8561 106 8561 98 8561 98 8562 90 8562 102 8562 90 8563 98 8563 88 8563 88 8564 101 8564 90 8564 101 8565 88 8565 97 8565 97 8566 109 8566 101 8566 109 8567 97 8567 105 8567 105 8568 143 8568 109 8568 143 8569 105 8569 139 8569 139 8570 179 8570 143 8570 179 8571 139 8571 175 8571 179 8572 215 8572 219 8572 215 8573 179 8573 175 8573 219 8574 261 8574 265 8574 261 8575 219 8575 215 8575 265 8576 293 8576 300 8576 293 8577 265 8577 261 8577 3324 8578 3377 8578 3372 8578 3377 8579 3324 8579 3328 8579 3270 8580 3328 8580 3324 8580 3328 8581 3270 8581 3274 8581 3218 8582 3274 8582 3270 8582 3274 8583 3218 8583 3222 8583 3218 8584 3190 8584 3222 8584 3190 8585 3218 8585 3186 8585 3186 8586 3160 8586 3190 8586 3160 8587 3186 8587 3156 8587 3156 8588 3130 8588 3160 8588 3130 8589 3156 8589 3126 8589 3126 8590 3121 8590 3130 8590 3121 8591 3126 8591 3119 8591 3119 8592 3129 8592 3121 8592 3129 8593 3119 8593 3125 8593 3125 8594 3159 8594 3129 8594 3159 8595 3125 8595 3155 8595 3155 8596 3189 8596 3159 8596 3189 8597 3155 8597 3185 8597 3185 8598 3221 8598 3189 8598 3221 8599 3185 8599 3217 8599 3221 8600 3269 8600 3273 8600 3269 8601 3221 8601 3217 8601 3273 8602 3323 8602 3327 8602 3323 8603 3273 8603 3269 8603 3327 8604 3371 8604 3376 8604 3371 8605 3327 8605 3323 8605 3376 8606 3435 8606 3439 8606 3435 8607 3376 8607 3371 8607 3439 8608 3505 8608 3509 8608 3505 8609 3439 8609 3435 8609 3509 8610 3545 8610 3549 8610 3545 8611 3509 8611 3505 8611 3545 8612 3585 8612 3549 8612 3585 8613 3545 8613 3581 8613 3581 8614 3619 8614 3585 8614 3619 8615 3581 8615 3615 8615 3615 8616 3627 8616 3619 8616 3627 8617 3615 8617 3623 8617 3623 8618 3637 8618 3627 8618 3637 8619 3623 8619 3635 8619 3635 8620 3628 8620 3637 8620 3628 8621 3635 8621 3624 8621 3624 8622 3620 8622 3628 8622 3620 8623 3624 8623 3616 8623 3616 8624 3586 8624 3620 8624 3586 8625 3616 8625 3582 8625 3582 8626 3550 8626 3586 8626 3550 8627 3582 8627 3546 8627 3506 8628 3550 8628 3546 8628 3550 8629 3506 8629 3510 8629 3436 8630 3510 8630 3506 8630 3510 8631 3436 8631 3440 8631 3372 8632 3440 8632 3436 8632 3440 8633 3372 8633 3377 8633 296 8634 331 8634 335 8634 331 8635 296 8635 291 8635 335 8636 371 8636 375 8636 371 8637 335 8637 331 8637 375 8638 411 8638 415 8638 411 8639 375 8639 371 8639 411 8640 435 8640 415 8640 435 8641 411 8641 431 8641 431 8642 463 8642 435 8642 463 8643 431 8643 459 8643 459 8644 483 8644 463 8644 483 8645 459 8645 479 8645 479 8646 489 8646 483 8646 489 8647 479 8647 487 8647 487 8648 484 8648 489 8648 484 8649 487 8649 480 8649 480 8650 464 8650 484 8650 464 8651 480 8651 460 8651 460 8652 436 8652 464 8652 436 8653 460 8653 432 8653 432 8654 416 8654 436 8654 416 8655 432 8655 412 8655 372 8656 416 8656 412 8656 416 8657 372 8657 376 8657 332 8658 376 8658 372 8658 376 8659 332 8659 336 8659 292 8660 336 8660 332 8660 336 8661 292 8661 297 8661 260 8662 297 8662 292 8662 297 8663 260 8663 264 8663 214 8664 264 8664 260 8664 264 8665 214 8665 218 8665 174 8666 218 8666 214 8666 218 8667 174 8667 178 8667 174 8668 142 8668 178 8668 142 8669 174 8669 138 8669 138 8670 108 8670 142 8670 108 8671 138 8671 104 8671 104 8672 100 8672 108 8672 100 8673 104 8673 96 8673 96 8674 89 8674 100 8674 89 8675 96 8675 87 8675 87 8676 99 8676 89 8676 99 8677 87 8677 95 8677 95 8678 107 8678 99 8678 107 8679 95 8679 103 8679 103 8680 141 8680 107 8680 141 8681 103 8681 137 8681 137 8682 177 8682 141 8682 177 8683 137 8683 173 8683 177 8684 213 8684 217 8684 213 8685 177 8685 173 8685 217 8686 259 8686 263 8686 259 8687 217 8687 213 8687 263 8688 291 8688 296 8688 291 8689 263 8689 259 8689 1 8690 50 8690 3 8690 50 8691 1 8691 44 8691 0 8692 3 8692 2 8692 3 8693 0 8693 1 8693 43 8694 2 8694 47 8694 2 8695 43 8695 0 8695 43 8696 3679 8696 3675 8696 3679 8697 43 8697 47 8697 3725 8698 3679 8698 3727 8698 3679 8699 3725 8699 3675 8699 3726 8700 3727 8700 3728 8700 3727 8701 3726 8701 3725 8701 3676 8702 3728 8702 3682 8702 3728 8703 3676 8703 3726 8703 2367 8704 3676 8704 3682 8704 1024 8705 3676 8705 2367 8705 44 8706 1024 8706 50 8706 1024 8707 44 8707 3676 8707 2776 8708 2736 8708 2760 8708 2792 8709 2736 8709 2776 8709 2792 8710 2720 8710 2736 8710 2834 8711 2720 8711 2792 8711 2834 8712 2706 8712 2720 8712 2854 8713 2706 8713 2834 8713 2854 8714 2682 8714 2706 8714 2874 8715 2682 8715 2854 8715 2874 8716 2670 8716 2682 8716 2882 8717 2670 8717 2874 8717 2882 8718 2650 8718 2670 8718 2901 8719 2650 8719 2882 8719 2901 8720 2647 8720 2650 8720 2881 8721 2647 8721 2901 8721 2881 8722 2649 8722 2647 8722 2873 8723 2649 8723 2881 8723 2873 8724 2669 8724 2649 8724 2853 8725 2669 8725 2873 8725 2853 8726 2681 8726 2669 8726 2833 8727 2681 8727 2853 8727 2833 8728 2705 8728 2681 8728 2791 8729 2705 8729 2833 8729 2791 8730 2719 8730 2705 8730 2775 8731 2719 8731 2791 8731 2775 8732 2735 8732 2719 8732 2735 8733 2775 8733 2759 8733 804 8734 756 8734 772 8734 820 8735 756 8735 804 8735 820 8736 740 8736 756 8736 834 8737 740 8737 820 8737 834 8738 698 8738 740 8738 858 8739 698 8739 834 8739 858 8740 678 8740 698 8740 870 8741 678 8741 858 8741 870 8742 658 8742 678 8742 890 8743 658 8743 870 8743 890 8744 650 8744 658 8744 893 8745 650 8745 890 8745 893 8746 631 8746 650 8746 889 8747 631 8747 893 8747 889 8748 649 8748 631 8748 869 8749 649 8749 889 8749 869 8750 657 8750 649 8750 857 8751 657 8751 869 8751 857 8752 677 8752 657 8752 833 8753 677 8753 857 8753 833 8754 697 8754 677 8754 819 8755 697 8755 833 8755 819 8756 739 8756 697 8756 803 8757 739 8757 819 8757 803 8758 755 8758 739 8758 755 8759 803 8759 771 8759 3381 8760 3382 8760 3488 8760 3442 8761 3488 8761 3528 8761 3382 8762 3381 8762 3312 8762 3512 8763 3528 8763 3592 8763 3330 8764 3312 8764 3381 8764 3552 8765 3592 8765 3642 8765 3312 8766 3330 8766 3242 8766 3276 8767 3242 8767 3330 8767 3488 8768 3442 8768 3381 8768 3528 8769 3512 8769 3442 8769 3588 8770 3642 8770 3650 8770 3592 8771 3552 8771 3512 8771 3642 8772 3588 8772 3552 8772 3622 8773 3650 8773 3662 8773 3650 8774 3622 8774 3588 8774 3630 8775 3662 8775 3670 8775 3662 8776 3630 8776 3622 8776 3638 8777 3670 8777 3678 8777 3670 8778 3638 8778 3630 8778 3669 8779 3638 8779 3678 8779 3638 8780 3669 8780 3629 8780 3661 8781 3629 8781 3669 8781 3629 8782 3661 8782 3621 8782 3649 8783 3621 8783 3661 8783 3621 8784 3649 8784 3587 8784 3641 8785 3587 8785 3649 8785 3587 8786 3641 8786 3551 8786 3591 8787 3551 8787 3641 8787 3527 8788 3511 8788 3591 8788 3551 8789 3591 8789 3511 8789 3242 8790 3276 8790 3180 8790 3224 8791 3180 8791 3276 8791 3180 8792 3224 8792 3114 8792 3192 8793 3114 8793 3224 8793 3114 8794 3192 8794 3070 8794 3162 8795 3070 8795 3192 8795 3070 8796 3162 8796 3058 8796 3132 8797 3058 8797 3162 8797 3058 8798 3132 8798 3028 8798 3122 8799 3028 8799 3132 8799 3122 8800 3008 8800 3028 8800 3027 8801 3122 8801 3131 8801 3122 8802 3027 8802 3008 8802 3057 8803 3131 8803 3161 8803 3131 8804 3057 8804 3027 8804 3069 8805 3161 8805 3191 8805 3113 8806 3191 8806 3223 8806 3161 8807 3069 8807 3057 8807 3179 8808 3223 8808 3275 8808 3241 8809 3275 8809 3329 8809 3191 8810 3113 8810 3069 8810 3311 8811 3329 8811 3380 8811 3511 8812 3527 8812 3441 8812 3487 8813 3441 8813 3527 8813 3223 8814 3179 8814 3113 8814 3441 8815 3487 8815 3380 8815 3275 8816 3241 8816 3179 8816 3379 8817 3380 8817 3487 8817 3329 8818 3311 8818 3241 8818 3380 8819 3379 8819 3311 8819 3377 8820 3378 8820 3486 8820 3440 8821 3486 8821 3526 8821 3378 8822 3377 8822 3310 8822 3510 8823 3526 8823 3590 8823 3328 8824 3310 8824 3377 8824 3550 8825 3590 8825 3640 8825 3310 8826 3328 8826 3240 8826 3274 8827 3240 8827 3328 8827 3486 8828 3440 8828 3377 8828 3526 8829 3510 8829 3440 8829 3586 8830 3640 8830 3648 8830 3590 8831 3550 8831 3510 8831 3640 8832 3586 8832 3550 8832 3620 8833 3648 8833 3660 8833 3648 8834 3620 8834 3586 8834 3628 8835 3660 8835 3668 8835 3660 8836 3628 8836 3620 8836 3637 8837 3668 8837 3677 8837 3668 8838 3637 8838 3628 8838 3667 8839 3637 8839 3677 8839 3637 8840 3667 8840 3627 8840 3659 8841 3627 8841 3667 8841 3627 8842 3659 8842 3619 8842 3647 8843 3619 8843 3659 8843 3619 8844 3647 8844 3585 8844 3639 8845 3585 8845 3647 8845 3585 8846 3639 8846 3549 8846 3589 8847 3549 8847 3639 8847 3525 8848 3509 8848 3589 8848 3549 8849 3589 8849 3509 8849 3240 8850 3274 8850 3178 8850 3222 8851 3178 8851 3274 8851 3178 8852 3222 8852 3112 8852 3190 8853 3112 8853 3222 8853 3112 8854 3190 8854 3068 8854 3160 8855 3068 8855 3190 8855 3068 8856 3160 8856 3056 8856 3130 8857 3056 8857 3160 8857 3056 8858 3130 8858 3026 8858 3121 8859 3026 8859 3130 8859 3121 8860 3007 8860 3026 8860 3025 8861 3121 8861 3129 8861 3121 8862 3025 8862 3007 8862 3055 8863 3129 8863 3159 8863 3129 8864 3055 8864 3025 8864 3067 8865 3159 8865 3189 8865 3111 8866 3189 8866 3221 8866 3159 8867 3067 8867 3055 8867 3177 8868 3221 8868 3273 8868 3239 8869 3273 8869 3327 8869 3189 8870 3111 8870 3067 8870 3309 8871 3327 8871 3376 8871 3509 8872 3525 8872 3439 8872 3485 8873 3439 8873 3525 8873 3221 8874 3177 8874 3111 8874 3439 8875 3485 8875 3376 8875 3273 8876 3239 8876 3177 8876 3375 8877 3376 8877 3485 8877 3327 8878 3309 8878 3239 8878 3376 8879 3375 8879 3309 8879 301 8880 302 8880 342 8880 338 8881 342 8881 394 8881 302 8882 301 8882 230 8882 378 8883 394 8883 442 8883 266 8884 230 8884 301 8884 418 8885 442 8885 494 8885 230 8886 266 8886 196 8886 220 8887 196 8887 266 8887 342 8888 338 8888 301 8888 394 8889 378 8889 338 8889 438 8890 494 8890 526 8890 442 8891 418 8891 378 8891 494 8892 438 8892 418 8892 466 8893 526 8893 534 8893 526 8894 466 8894 438 8894 486 8895 534 8895 554 8895 534 8896 486 8896 466 8896 490 8897 554 8897 572 8897 554 8898 490 8898 486 8898 553 8899 490 8899 572 8899 490 8900 553 8900 485 8900 533 8901 485 8901 553 8901 485 8902 533 8902 465 8902 525 8903 465 8903 533 8903 465 8904 525 8904 437 8904 493 8905 437 8905 525 8905 437 8906 493 8906 417 8906 441 8907 417 8907 493 8907 393 8908 377 8908 441 8908 417 8909 441 8909 377 8909 196 8910 220 8910 132 8910 180 8911 132 8911 220 8911 132 8912 180 8912 82 8912 144 8913 82 8913 180 8913 82 8914 144 8914 74 8914 110 8915 74 8915 144 8915 74 8916 110 8916 62 8916 102 8917 62 8917 110 8917 62 8918 102 8918 54 8918 90 8919 54 8919 102 8919 90 8920 46 8920 54 8920 53 8921 90 8921 101 8921 90 8922 53 8922 46 8922 61 8923 101 8923 109 8923 101 8924 61 8924 53 8924 73 8925 109 8925 143 8925 81 8926 143 8926 179 8926 109 8927 73 8927 61 8927 131 8928 179 8928 219 8928 195 8929 219 8929 265 8929 143 8930 81 8930 73 8930 229 8931 265 8931 300 8931 377 8932 393 8932 337 8932 341 8933 337 8933 393 8933 179 8934 131 8934 81 8934 337 8935 341 8935 300 8935 219 8936 195 8936 131 8936 299 8937 300 8937 341 8937 265 8938 229 8938 195 8938 300 8939 299 8939 229 8939 297 8940 298 8940 340 8940 336 8941 340 8941 392 8941 298 8942 297 8942 228 8942 376 8943 392 8943 440 8943 264 8944 228 8944 297 8944 416 8945 440 8945 492 8945 228 8946 264 8946 194 8946 218 8947 194 8947 264 8947 340 8948 336 8948 297 8948 392 8949 376 8949 336 8949 436 8950 492 8950 524 8950 440 8951 416 8951 376 8951 492 8952 436 8952 416 8952 464 8953 524 8953 532 8953 524 8954 464 8954 436 8954 484 8955 532 8955 552 8955 532 8956 484 8956 464 8956 489 8957 552 8957 571 8957 552 8958 489 8958 484 8958 551 8959 489 8959 571 8959 489 8960 551 8960 483 8960 531 8961 483 8961 551 8961 483 8962 531 8962 463 8962 523 8963 463 8963 531 8963 463 8964 523 8964 435 8964 491 8965 435 8965 523 8965 435 8966 491 8966 415 8966 439 8967 415 8967 491 8967 391 8968 375 8968 439 8968 415 8969 439 8969 375 8969 194 8970 218 8970 130 8970 178 8971 130 8971 218 8971 130 8972 178 8972 80 8972 142 8973 80 8973 178 8973 80 8974 142 8974 72 8974 108 8975 72 8975 142 8975 72 8976 108 8976 60 8976 100 8977 60 8977 108 8977 60 8978 100 8978 52 8978 89 8979 52 8979 100 8979 89 8980 45 8980 52 8980 51 8981 89 8981 99 8981 89 8982 51 8982 45 8982 59 8983 99 8983 107 8983 99 8984 59 8984 51 8984 71 8985 107 8985 141 8985 79 8986 141 8986 177 8986 107 8987 71 8987 59 8987 129 8988 177 8988 217 8988 193 8989 217 8989 263 8989 141 8990 79 8990 71 8990 227 8991 263 8991 296 8991 375 8992 391 8992 335 8992 339 8993 335 8993 391 8993 177 8994 129 8994 79 8994 335 8995 339 8995 296 8995 217 8996 193 8996 129 8996 295 8997 296 8997 339 8997 263 8998 227 8998 193 8998 296 8999 295 8999 227 8999 2760 9000 2778 9000 2776 9000 2778 9001 2760 9001 2762 9001 2792 9002 2836 9002 2834 9002 2836 9003 2792 9003 2794 9003 2776 9004 2794 9004 2792 9004 2794 9005 2776 9005 2778 9005 2854 9006 2836 9006 2856 9006 2836 9007 2854 9007 2834 9007 2882 9008 2876 9008 2884 9008 2876 9009 2882 9009 2874 9009 2874 9010 2856 9010 2876 9010 2856 9011 2874 9011 2854 9011 2901 9012 2884 9012 2902 9012 2884 9013 2901 9013 2882 9013 2881 9014 2902 9014 2883 9014 2902 9015 2881 9015 2901 9015 2873 9016 2883 9016 2875 9016 2883 9017 2873 9017 2881 9017 2853 9018 2875 9018 2855 9018 2875 9019 2853 9019 2873 9019 2833 9020 2855 9020 2835 9020 2855 9021 2833 9021 2853 9021 2793 9022 2833 9022 2835 9022 2833 9023 2793 9023 2791 9023 2777 9024 2791 9024 2793 9024 2791 9025 2777 9025 2775 9025 2761 9026 2775 9026 2777 9026 2775 9027 2761 9027 2759 9027 2737 9028 2759 9028 2761 9028 2759 9029 2737 9029 2735 9029 2721 9030 2735 9030 2737 9030 2735 9031 2721 9031 2719 9031 2707 9032 2719 9032 2721 9032 2719 9033 2707 9033 2705 9033 2681 9034 2707 9034 2683 9034 2707 9035 2681 9035 2705 9035 2669 9036 2683 9036 2671 9036 2683 9037 2669 9037 2681 9037 2649 9038 2671 9038 2651 9038 2671 9039 2649 9039 2669 9039 2647 9040 2651 9040 2648 9040 2651 9041 2647 9041 2649 9041 2670 9042 2652 9042 2672 9042 2652 9043 2670 9043 2650 9043 2650 9044 2648 9044 2652 9044 2648 9045 2650 9045 2647 9045 2682 9046 2672 9046 2684 9046 2672 9047 2682 9047 2670 9047 2706 9048 2722 9048 2720 9048 2722 9049 2706 9049 2708 9049 2706 9050 2684 9050 2708 9050 2684 9051 2706 9051 2682 9051 2736 9052 2762 9052 2760 9052 2762 9053 2736 9053 2738 9053 2720 9054 2738 9054 2736 9054 2738 9055 2720 9055 2722 9055 772 9056 806 9056 804 9056 806 9057 772 9057 774 9057 820 9058 836 9058 834 9058 836 9059 820 9059 822 9059 804 9060 822 9060 820 9060 822 9061 804 9061 806 9061 858 9062 836 9062 860 9062 836 9063 858 9063 834 9063 890 9064 872 9064 892 9064 872 9065 890 9065 870 9065 870 9066 860 9066 872 9066 860 9067 870 9067 858 9067 893 9068 892 9068 894 9068 892 9069 893 9069 890 9069 889 9070 894 9070 891 9070 894 9071 889 9071 893 9071 869 9072 891 9072 871 9072 891 9073 869 9073 889 9073 857 9074 871 9074 859 9074 871 9075 857 9075 869 9075 833 9076 859 9076 835 9076 859 9077 833 9077 857 9077 821 9078 833 9078 835 9078 833 9079 821 9079 819 9079 805 9080 819 9080 821 9080 819 9081 805 9081 803 9081 773 9082 803 9082 805 9082 803 9083 773 9083 771 9083 757 9084 771 9084 773 9084 771 9085 757 9085 755 9085 741 9086 755 9086 757 9086 755 9087 741 9087 739 9087 699 9088 739 9088 741 9088 739 9089 699 9089 697 9089 677 9090 699 9090 679 9090 699 9091 677 9091 697 9091 657 9092 679 9092 659 9092 679 9093 657 9093 677 9093 649 9094 659 9094 651 9094 659 9095 649 9095 657 9095 631 9096 651 9096 632 9096 651 9097 631 9097 649 9097 658 9098 652 9098 660 9098 652 9099 658 9099 650 9099 650 9100 632 9100 652 9100 632 9101 650 9101 631 9101 678 9102 660 9102 680 9102 660 9103 678 9103 658 9103 698 9104 742 9104 740 9104 742 9105 698 9105 700 9105 698 9106 680 9106 700 9106 680 9107 698 9107 678 9107 756 9108 774 9108 772 9108 774 9109 756 9109 758 9109 740 9110 758 9110 756 9110 758 9111 740 9111 742 9111 3382 9112 3492 9112 3488 9112 3492 9113 3382 9113 3386 9113 3488 9114 3532 9114 3528 9114 3532 9115 3488 9115 3492 9115 3592 9116 3646 9116 3642 9116 3646 9117 3592 9117 3596 9117 3528 9118 3596 9118 3592 9118 3596 9119 3528 9119 3532 9119 3650 9120 3646 9120 3654 9120 3646 9121 3650 9121 3642 9121 3662 9122 3654 9122 3666 9122 3654 9123 3662 9123 3650 9123 3670 9124 3666 9124 3674 9124 3666 9125 3670 9125 3662 9125 3678 9126 3674 9126 3681 9126 3674 9127 3678 9127 3670 9127 3669 9128 3681 9128 3673 9128 3681 9129 3669 9129 3678 9129 3661 9130 3673 9130 3665 9130 3673 9131 3661 9131 3669 9131 3649 9132 3665 9132 3653 9132 3665 9133 3649 9133 3661 9133 3641 9134 3653 9134 3645 9134 3653 9135 3641 9135 3649 9135 3595 9136 3641 9136 3645 9136 3641 9137 3595 9137 3591 9137 3531 9138 3591 9138 3595 9138 3591 9139 3531 9139 3527 9139 3491 9140 3527 9140 3531 9140 3527 9141 3491 9141 3487 9141 3385 9142 3487 9142 3491 9142 3487 9143 3385 9143 3379 9143 3315 9144 3379 9144 3385 9144 3379 9145 3315 9145 3311 9145 3245 9146 3311 9146 3315 9146 3311 9147 3245 9147 3241 9147 3183 9148 3241 9148 3245 9148 3241 9149 3183 9149 3179 9149 3117 9150 3179 9150 3183 9150 3179 9151 3117 9151 3113 9151 3069 9152 3117 9152 3073 9152 3117 9153 3069 9153 3113 9153 3057 9154 3073 9154 3061 9154 3073 9155 3057 9155 3069 9155 3027 9156 3061 9156 3031 9156 3061 9157 3027 9157 3057 9157 3008 9158 3031 9158 3010 9158 3031 9159 3008 9159 3027 9159 3028 9160 3010 9160 3032 9160 3010 9161 3028 9161 3008 9161 3058 9162 3032 9162 3062 9162 3032 9163 3058 9163 3028 9163 3070 9164 3062 9164 3074 9164 3062 9165 3070 9165 3058 9165 3114 9166 3074 9166 3118 9166 3074 9167 3114 9167 3070 9167 3114 9168 3184 9168 3180 9168 3184 9169 3114 9169 3118 9169 3180 9170 3246 9170 3242 9170 3246 9171 3180 9171 3184 9171 3312 9172 3386 9172 3382 9172 3386 9173 3312 9173 3316 9173 3242 9174 3316 9174 3312 9174 3316 9175 3242 9175 3246 9175 3378 9176 3490 9176 3486 9176 3490 9177 3378 9177 3384 9177 3486 9178 3530 9178 3526 9178 3530 9179 3486 9179 3490 9179 3590 9180 3644 9180 3640 9180 3644 9181 3590 9181 3594 9181 3526 9182 3594 9182 3590 9182 3594 9183 3526 9183 3530 9183 3648 9184 3644 9184 3652 9184 3644 9185 3648 9185 3640 9185 3660 9186 3652 9186 3664 9186 3652 9187 3660 9187 3648 9187 3668 9188 3664 9188 3672 9188 3664 9189 3668 9189 3660 9189 3677 9190 3672 9190 3680 9190 3672 9191 3677 9191 3668 9191 3667 9192 3680 9192 3671 9192 3680 9193 3667 9193 3677 9193 3659 9194 3671 9194 3663 9194 3671 9195 3659 9195 3667 9195 3647 9196 3663 9196 3651 9196 3663 9197 3647 9197 3659 9197 3639 9198 3651 9198 3643 9198 3651 9199 3639 9199 3647 9199 3593 9200 3639 9200 3643 9200 3639 9201 3593 9201 3589 9201 3529 9202 3589 9202 3593 9202 3589 9203 3529 9203 3525 9203 3489 9204 3525 9204 3529 9204 3525 9205 3489 9205 3485 9205 3383 9206 3485 9206 3489 9206 3485 9207 3383 9207 3375 9207 3313 9208 3375 9208 3383 9208 3375 9209 3313 9209 3309 9209 3243 9210 3309 9210 3313 9210 3309 9211 3243 9211 3239 9211 3181 9212 3239 9212 3243 9212 3239 9213 3181 9213 3177 9213 3115 9214 3177 9214 3181 9214 3177 9215 3115 9215 3111 9215 3067 9216 3115 9216 3071 9216 3115 9217 3067 9217 3111 9217 3055 9218 3071 9218 3059 9218 3071 9219 3055 9219 3067 9219 3025 9220 3059 9220 3029 9220 3059 9221 3025 9221 3055 9221 3007 9222 3029 9222 3009 9222 3029 9223 3007 9223 3025 9223 3026 9224 3009 9224 3030 9224 3009 9225 3026 9225 3007 9225 3056 9226 3030 9226 3060 9226 3030 9227 3056 9227 3026 9227 3068 9228 3060 9228 3072 9228 3060 9229 3068 9229 3056 9229 3112 9230 3072 9230 3116 9230 3072 9231 3112 9231 3068 9231 3112 9232 3182 9232 3178 9232 3182 9233 3112 9233 3116 9233 3178 9234 3244 9234 3240 9234 3244 9235 3178 9235 3182 9235 3310 9236 3384 9236 3378 9236 3384 9237 3310 9237 3314 9237 3240 9238 3314 9238 3310 9238 3314 9239 3240 9239 3244 9239 302 9240 346 9240 342 9240 346 9241 302 9241 306 9241 342 9242 398 9242 394 9242 398 9243 342 9243 346 9243 442 9244 498 9244 494 9244 498 9245 442 9245 446 9245 394 9246 446 9246 442 9246 446 9247 394 9247 398 9247 526 9248 498 9248 530 9248 498 9249 526 9249 494 9249 534 9250 530 9250 538 9250 530 9251 534 9251 526 9251 554 9252 538 9252 558 9252 538 9253 554 9253 534 9253 572 9254 558 9254 574 9254 558 9255 572 9255 554 9255 553 9256 574 9256 557 9256 574 9257 553 9257 572 9257 533 9258 557 9258 537 9258 557 9259 533 9259 553 9259 525 9260 537 9260 529 9260 537 9261 525 9261 533 9261 493 9262 529 9262 497 9262 529 9263 493 9263 525 9263 445 9264 493 9264 497 9264 493 9265 445 9265 441 9265 397 9266 441 9266 445 9266 441 9267 397 9267 393 9267 345 9268 393 9268 397 9268 393 9269 345 9269 341 9269 305 9270 341 9270 345 9270 341 9271 305 9271 299 9271 233 9272 299 9272 305 9272 299 9273 233 9273 229 9273 199 9274 229 9274 233 9274 229 9275 199 9275 195 9275 135 9276 195 9276 199 9276 195 9277 135 9277 131 9277 85 9278 131 9278 135 9278 131 9279 85 9279 81 9279 73 9280 85 9280 77 9280 85 9281 73 9281 81 9281 61 9282 77 9282 65 9282 77 9283 61 9283 73 9283 53 9284 65 9284 57 9284 65 9285 53 9285 61 9285 46 9286 57 9286 49 9286 57 9287 46 9287 53 9287 54 9288 49 9288 58 9288 49 9289 54 9289 46 9289 62 9290 58 9290 66 9290 58 9291 62 9291 54 9291 74 9292 66 9292 78 9292 66 9293 74 9293 62 9293 82 9294 78 9294 86 9294 78 9295 82 9295 74 9295 82 9296 136 9296 132 9296 136 9297 82 9297 86 9297 132 9298 200 9298 196 9298 200 9299 132 9299 136 9299 230 9300 306 9300 302 9300 306 9301 230 9301 234 9301 196 9302 234 9302 230 9302 234 9303 196 9303 200 9303 298 9304 344 9304 340 9304 344 9305 298 9305 304 9305 340 9306 396 9306 392 9306 396 9307 340 9307 344 9307 440 9308 496 9308 492 9308 496 9309 440 9309 444 9309 392 9310 444 9310 440 9310 444 9311 392 9311 396 9311 524 9312 496 9312 528 9312 496 9313 524 9313 492 9313 532 9314 528 9314 536 9314 528 9315 532 9315 524 9315 552 9316 536 9316 556 9316 536 9317 552 9317 532 9317 571 9318 556 9318 573 9318 556 9319 571 9319 552 9319 551 9320 573 9320 555 9320 573 9321 551 9321 571 9321 531 9322 555 9322 535 9322 555 9323 531 9323 551 9323 523 9324 535 9324 527 9324 535 9325 523 9325 531 9325 491 9326 527 9326 495 9326 527 9327 491 9327 523 9327 443 9328 491 9328 495 9328 491 9329 443 9329 439 9329 395 9330 439 9330 443 9330 439 9331 395 9331 391 9331 343 9332 391 9332 395 9332 391 9333 343 9333 339 9333 303 9334 339 9334 343 9334 339 9335 303 9335 295 9335 231 9336 295 9336 303 9336 295 9337 231 9337 227 9337 197 9338 227 9338 231 9338 227 9339 197 9339 193 9339 133 9340 193 9340 197 9340 193 9341 133 9341 129 9341 83 9342 129 9342 133 9342 129 9343 83 9343 79 9343 71 9344 83 9344 75 9344 83 9345 71 9345 79 9345 59 9346 75 9346 63 9346 75 9347 59 9347 71 9347 51 9348 63 9348 55 9348 63 9349 51 9349 59 9349 45 9350 55 9350 48 9350 55 9351 45 9351 51 9351 52 9352 48 9352 56 9352 48 9353 52 9353 45 9353 60 9354 56 9354 64 9354 56 9355 60 9355 52 9355 72 9356 64 9356 76 9356 64 9357 72 9357 60 9357 80 9358 76 9358 84 9358 76 9359 80 9359 72 9359 80 9360 134 9360 130 9360 134 9361 80 9361 84 9361 130 9362 198 9362 194 9362 198 9363 130 9363 134 9363 228 9364 304 9364 298 9364 304 9365 228 9365 232 9365 194 9366 232 9366 228 9366 232 9367 194 9367 198 9367 1026 9368 2370 9368 1027 9368 2370 9369 1026 9369 2369 9369 3682 9370 3492 9370 3386 9370 3682 9371 3532 9371 3492 9371 3682 9372 3596 9372 3532 9372 3682 9373 3646 9373 3596 9373 3728 9374 3654 9374 3646 9374 3728 9375 3666 9375 3654 9375 3728 9376 3674 9376 3666 9376 3728 9377 3681 9377 3674 9377 3728 9378 3673 9378 3681 9378 3728 9379 3665 9379 3673 9379 3728 9380 3653 9380 3665 9380 3728 9381 3645 9381 3653 9381 2794 9382 3385 9382 3491 9382 2836 9383 3491 9383 3531 9383 2856 9384 3531 9384 3595 9384 2876 9385 3595 9385 3645 9385 2884 9386 3645 9386 3728 9386 3385 9387 2778 9387 2762 9387 3385 9388 2794 9388 2778 9388 3491 9389 2836 9389 2794 9389 3531 9390 2856 9390 2836 9390 3595 9391 2876 9391 2856 9391 3645 9392 2884 9392 2876 9392 3728 9393 2902 9393 2884 9393 3727 9394 2902 9394 3728 9394 3314 9395 2777 9395 3384 9395 2793 9396 3384 9396 2777 9396 3490 9397 2793 9397 2835 9397 3530 9398 2835 9398 2855 9398 3594 9399 2855 9399 2875 9399 3644 9400 2875 9400 2883 9400 2902 9401 3727 9401 2883 9401 2793 9402 3490 9402 3384 9402 2835 9403 3530 9403 3490 9403 2855 9404 3594 9404 3530 9404 2875 9405 3644 9405 3594 9405 2883 9406 3727 9406 3644 9406 3644 9407 3727 9407 3652 9407 3652 9408 3727 9408 3664 9408 3664 9409 3727 9409 3672 9409 3672 9410 3727 9410 3680 9410 3727 9411 3671 9411 3680 9411 3727 9412 3663 9412 3671 9412 3727 9413 3651 9413 3663 9413 3727 9414 3643 9414 3651 9414 3679 9415 3643 9415 3727 9415 3643 9416 3679 9416 3593 9416 3593 9417 3679 9417 3529 9417 3529 9418 3679 9418 3489 9418 3489 9419 3679 9419 3383 9419 2366 9420 3679 9420 1023 9420 3383 9421 3679 9421 2366 9421 3646 9422 3682 9422 3728 9422 3316 9423 3682 9423 3386 9423 3246 9424 3682 9424 3316 9424 3682 9425 3246 9425 2367 9425 3184 9426 2367 9426 3246 9426 3118 9427 2367 9427 3184 9427 3074 9428 2367 9428 3118 9428 3062 9429 2367 9429 3074 9429 3032 9430 2367 9430 3062 9430 3010 9431 2367 9431 3032 9431 3031 9432 2367 9432 3010 9432 3061 9433 2367 9433 3031 9433 3073 9434 2367 9434 3061 9434 2708 9435 3073 9435 3117 9435 2762 9436 3315 9436 3385 9436 2762 9437 3245 9437 3315 9437 2738 9438 3245 9438 2762 9438 3245 9439 2738 9439 3183 9439 2722 9440 3183 9440 2738 9440 3183 9441 2722 9441 3117 9441 2708 9442 3117 9442 2722 9442 3073 9443 2708 9443 2367 9443 2684 9444 2367 9444 2708 9444 2672 9445 2367 9445 2684 9445 2652 9446 2367 9446 2672 9446 2648 9447 2367 9447 2652 9447 2777 9448 3314 9448 2761 9448 3244 9449 2761 9449 3314 9449 2761 9450 3244 9450 2737 9450 3182 9451 2737 9451 3244 9451 2737 9452 3182 9452 2721 9452 3116 9453 2721 9453 3182 9453 2721 9454 3116 9454 2707 9454 3072 9455 2707 9455 3116 9455 2366 9456 2707 9456 3072 9456 2707 9457 2366 9457 2683 9457 2683 9458 2366 9458 2671 9458 2366 9459 3072 9459 3060 9459 2366 9460 3060 9460 3030 9460 2366 9461 3030 9461 3009 9461 2366 9462 3009 9462 3029 9462 2648 9463 2366 9463 2367 9463 2651 9464 2366 9464 2648 9464 2671 9465 2366 9465 2651 9465 3059 9466 2366 9466 3029 9466 3071 9467 2366 9467 3059 9467 3115 9468 2366 9468 3071 9468 3181 9469 2366 9469 3115 9469 3243 9470 2366 9470 3181 9470 3313 9471 2366 9471 3243 9471 2366 9472 3313 9472 3383 9472 398 9473 50 9473 1024 9473 50 9474 346 9474 306 9474 50 9475 398 9475 346 9475 1024 9476 446 9476 398 9476 1024 9477 498 9477 446 9477 1024 9478 530 9478 498 9478 1024 9479 538 9479 530 9479 1024 9480 558 9480 538 9480 1024 9481 574 9481 558 9481 1024 9482 557 9482 574 9482 1024 9483 537 9483 557 9483 1024 9484 529 9484 537 9484 836 9485 529 9485 1024 9485 758 9486 345 9486 774 9486 397 9487 774 9487 345 9487 806 9488 397 9488 445 9488 822 9489 445 9489 497 9489 529 9490 836 9490 497 9490 397 9491 806 9491 774 9491 445 9492 822 9492 806 9492 497 9493 836 9493 822 9493 1024 9494 860 9494 836 9494 1024 9495 872 9495 860 9495 1024 9496 892 9496 872 9496 1024 9497 894 9497 892 9497 396 9498 773 9498 805 9498 444 9499 805 9499 821 9499 496 9500 821 9500 835 9500 1023 9501 835 9501 859 9501 1023 9502 859 9502 871 9502 1023 9503 871 9503 891 9503 773 9504 344 9504 304 9504 773 9505 396 9505 344 9505 805 9506 444 9506 396 9506 821 9507 496 9507 444 9507 835 9508 528 9508 496 9508 835 9509 1023 9509 528 9509 528 9510 1023 9510 536 9510 536 9511 1023 9511 556 9511 556 9512 1023 9512 573 9512 1023 9513 894 9513 1024 9513 1023 9514 891 9514 894 9514 573 9515 1023 9515 555 9515 1023 9516 535 9516 555 9516 1023 9517 527 9517 535 9517 1023 9518 495 9518 527 9518 1023 9519 443 9519 495 9519 1023 9520 395 9520 443 9520 47 9521 395 9521 1023 9521 395 9522 47 9522 343 9522 343 9523 47 9523 303 9523 303 9524 47 9524 2 9524 47 9525 1023 9525 3679 9525 234 9526 50 9526 306 9526 200 9527 50 9527 234 9527 136 9528 50 9528 200 9528 86 9529 50 9529 136 9529 50 9530 86 9530 3 9530 78 9531 3 9531 86 9531 66 9532 3 9532 78 9532 58 9533 3 9533 66 9533 49 9534 3 9534 58 9534 57 9535 3 9535 49 9535 65 9536 3 9536 57 9536 77 9537 3 9537 65 9537 85 9538 3 9538 77 9538 345 9539 758 9539 305 9539 742 9540 305 9540 758 9540 305 9541 742 9541 233 9541 700 9542 233 9542 742 9542 233 9543 700 9543 199 9543 680 9544 199 9544 700 9544 199 9545 680 9545 135 9545 660 9546 135 9546 680 9546 135 9547 660 9547 85 9547 652 9548 85 9548 660 9548 85 9549 652 9549 3 9549 632 9550 3 9550 652 9550 2 9551 632 9551 651 9551 304 9552 757 9552 773 9552 304 9553 741 9553 757 9553 232 9554 741 9554 304 9554 741 9555 232 9555 699 9555 198 9556 699 9556 232 9556 699 9557 198 9557 679 9557 134 9558 679 9558 198 9558 679 9559 134 9559 659 9559 84 9560 659 9560 134 9560 659 9561 84 9561 651 9561 2 9562 651 9562 84 9562 2 9563 84 9563 76 9563 2 9564 76 9564 64 9564 2 9565 64 9565 56 9565 2 9566 56 9566 48 9566 632 9567 2 9567 3 9567 55 9568 2 9568 48 9568 63 9569 2 9569 55 9569 75 9570 2 9570 63 9570 83 9571 2 9571 75 9571 133 9572 2 9572 83 9572 197 9573 2 9573 133 9573 231 9574 2 9574 197 9574 2 9575 231 9575 303 9575 1016 9576 170 9576 1026 9576 20 9577 170 9577 1016 9577 21 9578 170 9578 20 9578 170 9579 21 9579 94 9579 94 9580 21 9580 70 9580 70 9581 21 9581 42 9581 38 9582 21 9582 34 9582 34 9583 21 9583 30 9583 30 9584 21 9584 25 9584 1026 9585 1015 9585 1016 9585 918 9586 1015 9586 934 9586 1015 9587 950 9587 934 9587 1015 9588 966 9588 950 9588 1015 9589 990 9589 966 9589 1015 9590 998 9590 990 9590 1015 9591 1006 9591 998 9591 1015 9592 1010 9592 1006 9592 818 9593 933 9593 949 9593 824 9594 949 9594 965 9594 933 9595 770 9595 754 9595 933 9596 794 9596 770 9596 933 9597 810 9597 794 9597 933 9598 814 9598 810 9598 817 9599 965 9599 989 9599 933 9600 818 9600 814 9600 949 9601 824 9601 818 9601 965 9602 817 9602 824 9602 989 9603 813 9603 817 9603 1014 9604 989 9604 997 9604 769 9605 1014 9605 753 9605 793 9606 1014 9606 769 9606 809 9607 1014 9607 793 9607 813 9608 1014 9608 809 9608 989 9609 1014 9609 813 9609 1005 9610 1014 9610 997 9610 1010 9611 1014 9611 1005 9611 1015 9612 1014 9612 1010 9612 1026 9613 1014 9613 1015 9613 1026 9614 1013 9614 1014 9614 916 9615 1013 9615 932 9615 1013 9616 948 9616 932 9616 1013 9617 964 9617 948 9617 1013 9618 988 9618 964 9618 1013 9619 996 9619 988 9619 1013 9620 1004 9620 996 9620 1012 9621 1004 9621 1013 9621 947 9622 1012 9622 931 9622 963 9623 1012 9623 947 9623 987 9624 1012 9624 963 9624 995 9625 1012 9625 987 9625 1003 9626 1012 9626 995 9626 1009 9627 1012 9627 1003 9627 1004 9628 1012 9628 1009 9628 1025 9629 1013 9629 1026 9629 1013 9630 1025 9630 1012 9630 169 9631 26 9631 1011 9631 33 9632 26 9632 169 9632 26 9633 33 9633 29 9633 33 9634 169 9634 37 9634 37 9635 169 9635 41 9635 41 9636 169 9636 69 9636 1012 9637 1025 9637 1011 9637 169 9638 1011 9638 1025 9638 69 9639 169 9639 93 9639 42 9640 21 9640 38 9640 902 9641 1015 9641 918 9641 1015 9642 902 9642 19 9642 880 9643 19 9643 902 9643 868 9644 19 9644 880 9644 856 9645 19 9645 868 9645 696 9646 856 9646 840 9646 730 9647 840 9647 855 9647 754 9648 855 9648 867 9648 754 9649 867 9649 879 9649 754 9650 879 9650 901 9650 754 9651 917 9651 933 9651 754 9652 901 9652 917 9652 855 9653 754 9653 730 9653 840 9654 730 9654 696 9654 856 9655 696 9655 19 9655 676 9656 19 9656 696 9656 656 9657 19 9657 676 9657 636 9658 19 9658 656 9658 630 9659 19 9659 636 9659 635 9660 19 9660 630 9660 18 9661 635 9661 655 9661 18 9662 753 9662 1014 9662 753 9663 18 9663 729 9663 729 9664 18 9664 695 9664 695 9665 18 9665 675 9665 675 9666 18 9666 655 9666 635 9667 18 9667 19 9667 1013 9668 916 9668 17 9668 900 9669 17 9669 916 9669 878 9670 17 9670 900 9670 16 9671 878 9671 866 9671 16 9672 866 9672 854 9672 16 9673 854 9673 839 9673 16 9674 839 9674 853 9674 1012 9675 915 9675 931 9675 1012 9676 899 9676 915 9676 878 9677 16 9677 17 9677 865 9678 16 9678 853 9678 877 9679 16 9679 865 9679 899 9680 16 9680 877 9680 16 9681 899 9681 1012 9681 14 9682 24 9682 15 9682 24 9683 14 9683 26 9683 3693 9684 3699 9684 3697 9684 3713 9685 2782 9685 2421 9685 3713 9686 2806 9686 2782 9686 3713 9687 2840 9687 2806 9687 3713 9688 2860 9688 2840 9688 3713 9689 2880 9689 2860 9689 3712 9690 2880 9690 3713 9690 2880 9691 3712 9691 2900 9691 2900 9692 3712 9692 2904 9692 2690 9693 2781 9693 2805 9693 2703 9694 2805 9694 2839 9694 2781 9695 2628 9695 2596 9695 2781 9696 2644 9696 2628 9696 2781 9697 2666 9697 2644 9697 2781 9698 2678 9698 2666 9698 3712 9699 2839 9699 2859 9699 2781 9700 2690 9700 2678 9700 2805 9701 2703 9701 2690 9701 2839 9702 2689 9702 2703 9702 2839 9703 3712 9703 2689 9703 3712 9704 2859 9704 2879 9704 2420 9705 2627 9705 3712 9705 2643 9706 3712 9706 2627 9706 2665 9707 3712 9707 2643 9707 2677 9708 3712 9708 2665 9708 2689 9709 3712 9709 2677 9709 2899 9710 3712 9710 2879 9710 2904 9711 3712 9711 2899 9711 2646 9712 2423 9712 3715 9712 2423 9713 2630 9713 2598 9713 2423 9714 2646 9714 2630 9714 3715 9715 2668 9715 2646 9715 3715 9716 2680 9716 2668 9716 3715 9717 2692 9717 2680 9717 3715 9718 2704 9718 2692 9718 3715 9719 2691 9719 2704 9719 3715 9720 2679 9720 2691 9720 3715 9721 2667 9721 2679 9721 3714 9722 2667 9722 3715 9722 2422 9723 2629 9723 3714 9723 2645 9724 3714 9724 2629 9724 2667 9725 3714 9725 2645 9725 3717 9726 3566 9726 3634 9726 3717 9727 3634 9727 3658 9727 3717 9728 3658 9728 3686 9728 3717 9729 3686 9729 3690 9729 3717 9730 3690 9730 3694 9730 3717 9731 3694 9731 3698 9731 3717 9732 3698 9732 3703 9732 3566 9733 3717 9733 3716 9733 3566 9734 3716 9734 2424 9734 3566 9735 2424 9735 2369 9735 2423 9736 2369 9736 2424 9736 2566 9737 2423 9737 2598 9737 2550 9738 2423 9738 2566 9738 2506 9739 2423 9739 2550 9739 2482 9740 2423 9740 2506 9740 2466 9741 2423 9741 2482 9741 2458 9742 2423 9742 2466 9742 2629 9743 2422 9743 2597 9743 2597 9744 2422 9744 2565 9744 2565 9745 2422 9745 2549 9745 2549 9746 2422 9746 2505 9746 2505 9747 2422 9747 2481 9747 2422 9748 2465 9748 2481 9748 2422 9749 2458 9749 2465 9749 2422 9750 2423 9750 2458 9750 2422 9751 2369 9751 2423 9751 2421 9752 2369 9752 2422 9752 2766 9753 2421 9753 2782 9753 2750 9754 2421 9754 2766 9754 2734 9755 2421 9755 2750 9755 2730 9756 2421 9756 2734 9756 2504 9757 2730 9757 2726 9757 2548 9758 2726 9758 2718 9758 2596 9759 2765 9759 2781 9759 2596 9760 2749 9760 2765 9760 2596 9761 2733 9761 2749 9761 2596 9762 2729 9762 2733 9762 2596 9763 2725 9763 2729 9763 2564 9764 2725 9764 2596 9764 2725 9765 2564 9765 2718 9765 2548 9766 2718 9766 2564 9766 2726 9767 2548 9767 2504 9767 2730 9768 2504 9768 2421 9768 2480 9769 2421 9769 2504 9769 2464 9770 2421 9770 2480 9770 2420 9771 2464 9771 2457 9771 2627 9772 2420 9772 2595 9772 2420 9773 2563 9773 2595 9773 2420 9774 2547 9774 2563 9774 2420 9775 2503 9775 2547 9775 2420 9776 2479 9776 2503 9776 2420 9777 2463 9777 2479 9777 2420 9778 2457 9778 2463 9778 2464 9779 2420 9779 2421 9779 2368 9780 2421 9780 2420 9780 2368 9781 2420 9781 2419 9781 3699 9782 3693 9782 3565 9782 3565 9783 3693 9783 3689 9783 3565 9784 3689 9784 3685 9784 3565 9785 3685 9785 3657 9785 3565 9786 3657 9786 3633 9786 3699 9787 3565 9787 2419 9787 2421 9788 2368 9788 2369 9788 2368 9789 2419 9789 3565 9789 3702 9790 3710 9790 3711 9790 3710 9791 3702 9791 3699 9791 2263 9792 2307 9792 2287 9792 2251 9793 2307 9793 2263 9793 2251 9794 2327 9794 2307 9794 2239 9795 2327 9795 2251 9795 2239 9796 2339 9796 2327 9796 2227 9797 2339 9797 2239 9797 2227 9798 2351 9798 2339 9798 2215 9799 2351 9799 2227 9799 2215 9800 2363 9800 2351 9800 2203 9801 2363 9801 2215 9801 2203 9802 2365 9802 2363 9802 2214 9803 2365 9803 2203 9803 2214 9804 2362 9804 2365 9804 2226 9805 2362 9805 2214 9805 2226 9806 2350 9806 2362 9806 2238 9807 2350 9807 2226 9807 2238 9808 2338 9808 2350 9808 2250 9809 2338 9809 2238 9809 2250 9810 2326 9810 2338 9810 2262 9811 2326 9811 2250 9811 2262 9812 2306 9812 2326 9812 2306 9813 2262 9813 2286 9813 1061 9814 1069 9814 1065 9814 1057 9815 1069 9815 1061 9815 1057 9816 1073 9816 1069 9816 1053 9817 1073 9817 1057 9817 1053 9818 1077 9818 1073 9818 1049 9819 1077 9819 1053 9819 1049 9820 1081 9820 1077 9820 1045 9821 1081 9821 1049 9821 1045 9822 1085 9822 1081 9822 1041 9823 1085 9823 1045 9823 1041 9824 1087 9824 1085 9824 1044 9825 1087 9825 1041 9825 1044 9826 1084 9826 1087 9826 1048 9827 1084 9827 1044 9827 1048 9828 1080 9828 1084 9828 1052 9829 1080 9829 1048 9829 1052 9830 1076 9830 1080 9830 1056 9831 1076 9831 1052 9831 1056 9832 1072 9832 1076 9832 1060 9833 1072 9833 1056 9833 1060 9834 1068 9834 1072 9834 1068 9835 1060 9835 1064 9835 1024 9836 2368 9836 1025 9836 2368 9837 1024 9837 2367 9837 6031 9838 6075 9838 6071 9838 6075 9839 6031 9839 6038 9839 6117 9840 6161 9840 6157 9840 6161 9841 6117 9841 6121 9841 6071 9842 6121 9842 6117 9842 6121 9843 6071 9843 6075 9843 6189 9844 6161 9844 6193 9844 6161 9845 6189 9845 6157 9845 6231 9846 6227 9846 6235 9846 6227 9847 6231 9847 6223 9847 6223 9848 6193 9848 6227 9848 6193 9849 6223 9849 6189 9849 6237 9850 6235 9850 6239 9850 6235 9851 6237 9851 6231 9851 6230 9852 6239 9852 6234 9852 6239 9853 6230 9853 6237 9853 6222 9854 6234 9854 6226 9854 6234 9855 6222 9855 6230 9855 6188 9856 6226 9856 6192 9856 6226 9857 6188 9857 6222 9857 6156 9858 6192 9858 6160 9858 6192 9859 6156 9859 6188 9859 6120 9860 6156 9860 6160 9860 6156 9861 6120 9861 6116 9861 6074 9862 6116 9862 6120 9862 6116 9863 6074 9863 6070 9863 6037 9864 6070 9864 6074 9864 6070 9865 6037 9865 6030 9865 6002 9866 6030 9866 6037 9866 6030 9867 6002 9867 5998 9867 5962 9868 5998 9868 6002 9868 5998 9869 5962 9869 5958 9869 5922 9870 5958 9870 5962 9870 5958 9871 5922 9871 5918 9871 5898 9872 5922 9872 5902 9872 5922 9873 5898 9873 5918 9873 5870 9874 5902 9874 5874 9874 5902 9875 5870 9875 5898 9875 5850 9876 5874 9876 5854 9876 5874 9877 5850 9877 5870 9877 5845 9878 5854 9878 5847 9878 5854 9879 5845 9879 5850 9879 5871 9880 5855 9880 5875 9880 5855 9881 5871 9881 5851 9881 5851 9882 5847 9882 5855 9882 5847 9883 5851 9883 5845 9883 5899 9884 5875 9884 5903 9884 5875 9885 5899 9885 5871 9885 5919 9886 5963 9886 5959 9886 5963 9887 5919 9887 5923 9887 5919 9888 5903 9888 5923 9888 5903 9889 5919 9889 5899 9889 5999 9890 6038 9890 6031 9890 6038 9891 5999 9891 6003 9891 5959 9892 6003 9892 5999 9892 6003 9893 5959 9893 5963 9893 6029 9894 6073 9894 6069 9894 6073 9895 6029 9895 6034 9895 6115 9896 6159 9896 6155 9896 6159 9897 6115 9897 6119 9897 6069 9898 6119 9898 6115 9898 6119 9899 6069 9899 6073 9899 6187 9900 6159 9900 6191 9900 6159 9901 6187 9901 6155 9901 6229 9902 6225 9902 6233 9902 6225 9903 6229 9903 6221 9903 6221 9904 6191 9904 6225 9904 6191 9905 6221 9905 6187 9905 6236 9906 6233 9906 6238 9906 6233 9907 6236 9907 6229 9907 6228 9908 6238 9908 6232 9908 6238 9909 6228 9909 6236 9909 6220 9910 6232 9910 6224 9910 6232 9911 6220 9911 6228 9911 6186 9912 6224 9912 6190 9912 6224 9913 6186 9913 6220 9913 6154 9914 6190 9914 6158 9914 6190 9915 6154 9915 6186 9915 6118 9916 6154 9916 6158 9916 6154 9917 6118 9917 6114 9917 6072 9918 6114 9918 6118 9918 6114 9919 6072 9919 6068 9919 6033 9920 6068 9920 6072 9920 6068 9921 6033 9921 6028 9921 6000 9922 6028 9922 6033 9922 6028 9923 6000 9923 5996 9923 5960 9924 5996 9924 6000 9924 5996 9925 5960 9925 5956 9925 5920 9926 5956 9926 5960 9926 5956 9927 5920 9927 5916 9927 5896 9928 5920 9928 5900 9928 5920 9929 5896 9929 5916 9929 5868 9930 5900 9930 5872 9930 5900 9931 5868 9931 5896 9931 5848 9932 5872 9932 5852 9932 5872 9933 5848 9933 5868 9933 5844 9934 5852 9934 5846 9934 5852 9935 5844 9935 5848 9935 5869 9936 5853 9936 5873 9936 5853 9937 5869 9937 5849 9937 5849 9938 5846 9938 5853 9938 5846 9939 5849 9939 5844 9939 5897 9940 5873 9940 5901 9940 5873 9941 5897 9941 5869 9941 5917 9942 5961 9942 5957 9942 5961 9943 5917 9943 5921 9943 5917 9944 5901 9944 5921 9944 5901 9945 5917 9945 5897 9945 5997 9946 6034 9946 6029 9946 6034 9947 5997 9947 6001 9947 5957 9948 6001 9948 5997 9948 6001 9949 5957 9949 5961 9949 4361 9950 4405 9950 4401 9950 4405 9951 4361 9951 4366 9951 4441 9952 4485 9952 4481 9952 4485 9953 4441 9953 4445 9953 4401 9954 4445 9954 4441 9954 4445 9955 4401 9955 4405 9955 4501 9956 4485 9956 4505 9956 4485 9957 4501 9957 4481 9957 4549 9958 4533 9958 4553 9958 4533 9959 4549 9959 4529 9959 4529 9960 4505 9960 4533 9960 4505 9961 4529 9961 4501 9961 4556 9962 4553 9962 4558 9962 4553 9963 4556 9963 4549 9963 4548 9964 4558 9964 4552 9964 4558 9965 4548 9965 4556 9965 4528 9966 4552 9966 4532 9966 4552 9967 4528 9967 4548 9967 4500 9968 4532 9968 4504 9968 4532 9969 4500 9969 4528 9969 4480 9970 4504 9970 4484 9970 4504 9971 4480 9971 4500 9971 4444 9972 4480 9972 4484 9972 4480 9973 4444 9973 4440 9973 4404 9974 4440 9974 4444 9974 4440 9975 4404 9975 4400 9975 4365 9976 4400 9976 4404 9976 4400 9977 4365 9977 4360 9977 4332 9978 4360 9978 4365 9978 4360 9979 4332 9979 4328 9979 4286 9980 4328 9980 4332 9980 4328 9981 4286 9981 4282 9981 4246 9982 4282 9982 4286 9982 4282 9983 4246 9983 4242 9983 4210 9984 4246 9984 4214 9984 4246 9985 4210 9985 4242 9985 4176 9986 4214 9986 4180 9986 4214 9987 4176 9987 4210 9987 4168 9988 4180 9988 4172 9988 4180 9989 4168 9989 4176 9989 4164 9990 4172 9990 4166 9990 4172 9991 4164 9991 4168 9991 4177 9992 4173 9992 4181 9992 4173 9993 4177 9993 4169 9993 4169 9994 4166 9994 4173 9994 4166 9995 4169 9995 4164 9995 4211 9996 4181 9996 4215 9996 4181 9997 4211 9997 4177 9997 4243 9998 4287 9998 4283 9998 4287 9999 4243 9999 4247 9999 4243 10000 4215 10000 4247 10000 4215 10001 4243 10001 4211 10001 4329 10002 4366 10002 4361 10002 4366 10003 4329 10003 4333 10003 4283 10004 4333 10004 4329 10004 4333 10005 4283 10005 4287 10005 4363 10006 4407 10006 4403 10006 4407 10007 4363 10007 4370 10007 4443 10008 4487 10008 4483 10008 4487 10009 4443 10009 4447 10009 4403 10010 4447 10010 4443 10010 4447 10011 4403 10011 4407 10011 4503 10012 4487 10012 4507 10012 4487 10013 4503 10013 4483 10013 4551 10014 4535 10014 4555 10014 4535 10015 4551 10015 4531 10015 4531 10016 4507 10016 4535 10016 4507 10017 4531 10017 4503 10017 4557 10018 4555 10018 4559 10018 4555 10019 4557 10019 4551 10019 4550 10020 4559 10020 4554 10020 4559 10021 4550 10021 4557 10021 4530 10022 4554 10022 4534 10022 4554 10023 4530 10023 4550 10023 4502 10024 4534 10024 4506 10024 4534 10025 4502 10025 4530 10025 4482 10026 4506 10026 4486 10026 4506 10027 4482 10027 4502 10027 4446 10028 4482 10028 4486 10028 4482 10029 4446 10029 4442 10029 4406 10030 4442 10030 4446 10030 4442 10031 4406 10031 4402 10031 4369 10032 4402 10032 4406 10032 4402 10033 4369 10033 4362 10033 4334 10034 4362 10034 4369 10034 4362 10035 4334 10035 4330 10035 4288 10036 4330 10036 4334 10036 4330 10037 4288 10037 4284 10037 4248 10038 4284 10038 4288 10038 4284 10039 4248 10039 4244 10039 4212 10040 4248 10040 4216 10040 4248 10041 4212 10041 4244 10041 4178 10042 4216 10042 4182 10042 4216 10043 4178 10043 4212 10043 4170 10044 4182 10044 4174 10044 4182 10045 4170 10045 4178 10045 4165 10046 4174 10046 4167 10046 4174 10047 4165 10047 4170 10047 4179 10048 4175 10048 4183 10048 4175 10049 4179 10049 4171 10049 4171 10050 4167 10050 4175 10050 4167 10051 4171 10051 4165 10051 4213 10052 4183 10052 4217 10052 4183 10053 4213 10053 4179 10053 4245 10054 4289 10054 4285 10054 4289 10055 4245 10055 4249 10055 4245 10056 4217 10056 4249 10056 4217 10057 4245 10057 4213 10057 4331 10058 4370 10058 4363 10058 4370 10059 4331 10059 4335 10059 4285 10060 4335 10060 4331 10060 4335 10061 4285 10061 4289 10061 5476 10062 6273 10062 6279 10062 4921 10063 6273 10063 5476 10063 4125 10064 4921 10064 4131 10064 4921 10065 4125 10065 6273 10065 4107 10066 4131 10066 4111 10066 4131 10067 4107 10067 4125 10067 4106 10068 4109 10068 4108 10068 4109 10069 4106 10069 4110 10069 4107 10070 4110 10070 4106 10070 4110 10071 4107 10071 4111 10071 4124 10072 4108 10072 4128 10072 4108 10073 4124 10073 4106 10073 4124 10074 6276 10074 6272 10074 6276 10075 4124 10075 4128 10075 6292 10076 6276 10076 6294 10076 6276 10077 6292 10077 6272 10077 6293 10078 6294 10078 6295 10078 6294 10079 6293 10079 6292 10079 6273 10080 6295 10080 6279 10080 6295 10081 6273 10081 6293 10081 5340 10082 5422 10082 5412 10082 4483 10083 4125 10083 4443 10083 6273 10084 5999 10084 6031 10084 4503 10085 4125 10085 4483 10085 6273 10086 5959 10086 5999 10086 4125 10087 4503 10087 6273 10087 6273 10088 5919 10088 5959 10088 5899 10089 6273 10089 4503 10089 6273 10090 5899 10090 5919 10090 4531 10091 5899 10091 4503 10091 4531 10092 5871 10092 5899 10092 4978 10093 4531 10093 4551 10093 4531 10094 4978 10094 5871 10094 4978 10095 4551 10095 4557 10095 5452 10096 5871 10096 4978 10096 4978 10097 4557 10097 4550 10097 5871 10098 5452 10098 5851 10098 4978 10099 4550 10099 4530 10099 5851 10100 5452 10100 5845 10100 4978 10101 4530 10101 4502 10101 5845 10102 5452 10102 5850 10102 4978 10103 4502 10103 4482 10103 5850 10104 5452 10104 5870 10104 4978 10105 4482 10105 4442 10105 5870 10106 5452 10106 5898 10106 4978 10107 4442 10107 4402 10107 5898 10108 5452 10108 5918 10108 4978 10109 4402 10109 4362 10109 5918 10110 5452 10110 5958 10110 4245 10111 4125 10111 4107 10111 4403 10112 4125 10112 4363 10112 4443 10113 4125 10113 4403 10113 4125 10114 4331 10114 4363 10114 4125 10115 4285 10115 4331 10115 4125 10116 4245 10116 4285 10116 4107 10117 4213 10117 4245 10117 4107 10118 4179 10118 4213 10118 4107 10119 4171 10119 4179 10119 4107 10120 4165 10120 4171 10120 4107 10121 4170 10121 4165 10121 4107 10122 4178 10122 4170 10122 4107 10123 4212 10123 4178 10123 4107 10124 4244 10124 4212 10124 5958 10125 5452 10125 5998 10125 4977 10126 4362 10126 4330 10126 4329 10127 4330 10127 4284 10127 4283 10128 4284 10128 4244 10128 4243 10129 4244 10129 4107 10129 4362 10130 4977 10130 4978 10130 5336 10131 5036 10131 4977 10131 5036 10132 5336 10132 5058 10132 5058 10133 5336 10133 5090 10133 5090 10134 5336 10134 5124 10134 5124 10135 5336 10135 5158 10135 5158 10136 5336 10136 5184 10136 5184 10137 5336 10137 5216 10137 5216 10138 5336 10138 5260 10138 5260 10139 5336 10139 5304 10139 5304 10140 5336 10140 5318 10140 4977 10141 5335 10141 5336 10141 4330 10142 4329 10142 4977 10142 4977 10143 4976 10143 5335 10143 5035 10144 5335 10144 4976 10144 5335 10145 5035 10145 5324 10145 5220 10146 5324 10146 5035 10146 5324 10147 5220 10147 5317 10147 5317 10148 5264 10148 5308 10148 5317 10149 5220 10149 5264 10149 5220 10150 5035 10150 5188 10150 5066 10151 5152 10151 5035 10151 5152 10152 5066 10152 5120 10152 5188 10153 5035 10153 5152 10153 4977 10154 4361 10154 4401 10154 4977 10155 4329 10155 4361 10155 4284 10156 4283 10156 4329 10156 4244 10157 4243 10157 4283 10157 4106 10158 4243 10158 4107 10158 4243 10159 4106 10159 4211 10159 4211 10160 4106 10160 4177 10160 4177 10161 4106 10161 4169 10161 4328 10162 4124 10162 4360 10162 4282 10163 4124 10163 4328 10163 4242 10164 4124 10164 4282 10164 4124 10165 4242 10165 4106 10165 4210 10166 4106 10166 4242 10166 4176 10167 4106 10167 4210 10167 4168 10168 4106 10168 4176 10168 4164 10169 4106 10169 4168 10169 4169 10170 4106 10170 4164 10170 6071 10171 6273 10171 6031 10171 6117 10172 6273 10172 6071 10172 6157 10173 6273 10173 6117 10173 6273 10174 6157 10174 6293 10174 6189 10175 6293 10175 6157 10175 6223 10176 6293 10176 6189 10176 6231 10177 6293 10177 6223 10177 6237 10178 6293 10178 6231 10178 6230 10179 6293 10179 6237 10179 6222 10180 6293 10180 6230 10180 6188 10181 6293 10181 6222 10181 6156 10182 6293 10182 6188 10182 5998 10183 5452 10183 6030 10183 5451 10184 6030 10184 5452 10184 6030 10185 5451 10185 6070 10185 6069 10186 6070 10186 5451 10186 6070 10187 6069 10187 6116 10187 6115 10188 6116 10188 6069 10188 5340 10189 5412 10189 5404 10189 5340 10190 5404 10190 5396 10190 5340 10191 5396 10191 5388 10191 5340 10192 5388 10192 5380 10192 5340 10193 5380 10193 5372 10193 5340 10194 5372 10194 5360 10194 5340 10195 5360 10195 5348 10195 5340 10196 5348 10196 5344 10196 5422 10197 5340 10197 5451 10197 5339 10198 5451 10198 5340 10198 5450 10199 5451 10199 5339 10199 5421 10200 5339 10200 5342 10200 5366 10201 5342 10201 5346 10201 5366 10202 5346 10202 5358 10202 5342 10203 5366 10203 5421 10203 5421 10204 5366 10204 5378 10204 5414 10205 5378 10205 5386 10205 5414 10206 5386 10206 5394 10206 5414 10207 5394 10207 5402 10207 5414 10208 5402 10208 5410 10208 5378 10209 5414 10209 5421 10209 5339 10210 5421 10210 5450 10210 5957 10211 5451 10211 5450 10211 6029 10212 5451 10212 5997 10212 6116 10213 6115 10213 6156 10213 6155 10214 6156 10214 6115 10214 6156 10215 6155 10215 6293 10215 6292 10216 6155 10216 6187 10216 6292 10217 6187 10217 6221 10217 6292 10218 6221 10218 6229 10218 6292 10219 6229 10219 6236 10219 6155 10220 6292 10220 6293 10220 6228 10221 6292 10221 6236 10221 6220 10222 6292 10222 6228 10222 6186 10223 6292 10223 6220 10223 6154 10224 6292 10224 6186 10224 6272 10225 6154 10225 6114 10225 6272 10226 6114 10226 6068 10226 6272 10227 6068 10227 6028 10227 4360 10228 4124 10228 6028 10228 6272 10229 6028 10229 4124 10229 6154 10230 6272 10230 6292 10230 6069 10231 5451 10231 6029 10231 5451 10232 5957 10232 5997 10232 5450 10233 5917 10233 5957 10233 5450 10234 5897 10234 5917 10234 5450 10235 5869 10235 5897 10235 5450 10236 5849 10236 5869 10236 5449 10237 5849 10237 5450 10237 5849 10238 5449 10238 5844 10238 5120 10239 5066 10239 5096 10239 4441 10240 4977 10240 4401 10240 4977 10241 4441 10241 4976 10241 4481 10242 4976 10242 4441 10242 4501 10243 4976 10243 4481 10243 4529 10244 4976 10244 4501 10244 4549 10245 4976 10245 4529 10245 4975 10246 4549 10246 4556 10246 4549 10247 4975 10247 4976 10247 4548 10248 4975 10248 4556 10248 4528 10249 4975 10249 4548 10249 4500 10250 4975 10250 4528 10250 5449 10251 5848 10251 5844 10251 4480 10252 4975 10252 4500 10252 5449 10253 5868 10253 5848 10253 4440 10254 4975 10254 4480 10254 5449 10255 5896 10255 5868 10255 4400 10256 4975 10256 4440 10256 5449 10257 5916 10257 5896 10257 4975 10258 4400 10258 5449 10258 5449 10259 5956 10259 5916 10259 5996 10260 5449 10260 4400 10260 5449 10261 5996 10261 5956 10261 4360 10262 5996 10262 4400 10262 5996 10263 4360 10263 6028 10263 5551 10264 5519 10264 5539 10264 5563 10265 5519 10265 5551 10265 5563 10266 5503 10266 5519 10266 5593 10267 5503 10267 5563 10267 5593 10268 5499 10268 5503 10268 5617 10269 5499 10269 5593 10269 5617 10270 5495 10270 5499 10270 5633 10271 5495 10271 5617 10271 5633 10272 5491 10272 5495 10272 5645 10273 5491 10273 5633 10273 5645 10274 5487 10274 5491 10274 5660 10275 5487 10275 5645 10275 5660 10276 5484 10276 5487 10276 5644 10277 5484 10277 5660 10277 5644 10278 5486 10278 5484 10278 5632 10279 5486 10279 5644 10279 5632 10280 5490 10280 5486 10280 5616 10281 5490 10281 5632 10281 5616 10282 5494 10282 5490 10282 5592 10283 5494 10283 5616 10283 5592 10284 5498 10284 5494 10284 5562 10285 5498 10285 5592 10285 5562 10286 5502 10286 5498 10286 5550 10287 5502 10287 5562 10287 5550 10288 5518 10288 5502 10288 5518 10289 5550 10289 5538 10289 4883 10290 4851 10290 4863 10290 4899 10291 4851 10291 4883 10291 4899 10292 4839 10292 4851 10292 4903 10293 4839 10293 4899 10293 4903 10294 4809 10294 4839 10294 4907 10295 4809 10295 4903 10295 4907 10296 4785 10296 4809 10296 4911 10297 4785 10297 4907 10297 4911 10298 4769 10298 4785 10298 4915 10299 4769 10299 4911 10299 4915 10300 4757 10300 4769 10300 4918 10301 4757 10301 4915 10301 4918 10302 4742 10302 4757 10302 4914 10303 4742 10303 4918 10303 4914 10304 4756 10304 4742 10304 4910 10305 4756 10305 4914 10305 4910 10306 4768 10306 4756 10306 4906 10307 4768 10307 4910 10307 4906 10308 4784 10308 4768 10308 4902 10309 4784 10309 4906 10309 4902 10310 4808 10310 4784 10310 4898 10311 4808 10311 4902 10311 4898 10312 4838 10312 4808 10312 4882 10313 4838 10313 4898 10313 4882 10314 4850 10314 4838 10314 4850 10315 4882 10315 4862 10315 4366 10316 4367 10316 4409 10316 4405 10317 4409 10317 4461 10317 4367 10318 4366 10318 4297 10318 4445 10319 4461 10319 4509 10319 4333 10320 4297 10320 4366 10320 4485 10321 4509 10321 4561 10321 4297 10322 4333 10322 4263 10322 4287 10323 4263 10323 4333 10323 4409 10324 4405 10324 4366 10324 4461 10325 4445 10325 4405 10325 4505 10326 4561 10326 4605 10326 4509 10327 4485 10327 4445 10327 4561 10328 4505 10328 4485 10328 4533 10329 4605 10329 4621 10329 4605 10330 4533 10330 4505 10330 4553 10331 4621 10331 4649 10331 4621 10332 4553 10332 4533 10332 4558 10333 4649 10333 4668 10333 4649 10334 4558 10334 4553 10334 4648 10335 4558 10335 4668 10335 4558 10336 4648 10336 4552 10336 4620 10337 4552 10337 4648 10337 4552 10338 4620 10338 4532 10338 4604 10339 4532 10339 4620 10339 4532 10340 4604 10340 4504 10340 4560 10341 4504 10341 4604 10341 4504 10342 4560 10342 4484 10342 4508 10343 4484 10343 4560 10343 4460 10344 4444 10344 4508 10344 4484 10345 4508 10345 4444 10345 4263 10346 4287 10346 4203 10346 4247 10347 4203 10347 4287 10347 4203 10348 4247 10348 4157 10348 4215 10349 4157 10349 4247 10349 4157 10350 4215 10350 4149 10350 4181 10351 4149 10351 4215 10351 4149 10352 4181 10352 4141 10352 4173 10353 4141 10353 4181 10353 4141 10354 4173 10354 4133 10354 4166 10355 4133 10355 4173 10355 4166 10356 4126 10356 4133 10356 4132 10357 4166 10357 4172 10357 4166 10358 4132 10358 4126 10358 4140 10359 4172 10359 4180 10359 4172 10360 4140 10360 4132 10360 4148 10361 4180 10361 4214 10361 4156 10362 4214 10362 4246 10362 4180 10363 4148 10363 4140 10363 4202 10364 4246 10364 4286 10364 4262 10365 4286 10365 4332 10365 4214 10366 4156 10366 4148 10366 4296 10367 4332 10367 4365 10367 4444 10368 4460 10368 4404 10368 4408 10369 4404 10369 4460 10369 4246 10370 4202 10370 4156 10370 4404 10371 4408 10371 4365 10371 4286 10372 4262 10372 4202 10372 4364 10373 4365 10373 4408 10373 4332 10374 4296 10374 4262 10374 4365 10375 4364 10375 4296 10375 6034 10376 6035 10376 6101 10376 6073 10377 6101 10377 6135 10377 6035 10378 6034 10378 5989 10378 6119 10379 6135 10379 6195 10379 6001 10380 5989 10380 6034 10380 6159 10381 6195 10381 6241 10381 5989 10382 6001 10382 5937 10382 5961 10383 5937 10383 6001 10383 6101 10384 6073 10384 6034 10384 6135 10385 6119 10385 6073 10385 6191 10386 6241 10386 6249 10386 6195 10387 6159 10387 6119 10387 6241 10388 6191 10388 6159 10388 6225 10389 6249 10389 6257 10389 6249 10390 6225 10390 6191 10390 6233 10391 6257 10391 6265 10391 6257 10392 6233 10392 6225 10392 6238 10393 6265 10393 6274 10393 6265 10394 6238 10394 6233 10394 6264 10395 6238 10395 6274 10395 6238 10396 6264 10396 6232 10396 6256 10397 6232 10397 6264 10397 6232 10398 6256 10398 6224 10398 6248 10399 6224 10399 6256 10399 6224 10400 6248 10400 6190 10400 6240 10401 6190 10401 6248 10401 6190 10402 6240 10402 6158 10402 6194 10403 6158 10403 6240 10403 6134 10404 6118 10404 6194 10404 6158 10405 6194 10405 6118 10405 5937 10406 5961 10406 5889 10406 5921 10407 5889 10407 5961 10407 5889 10408 5921 10408 5837 10408 5901 10409 5837 10409 5921 10409 5837 10410 5901 10410 5793 10410 5873 10411 5793 10411 5901 10411 5793 10412 5873 10412 5777 10412 5853 10413 5777 10413 5873 10413 5777 10414 5853 10414 5749 10414 5846 10415 5749 10415 5853 10415 5846 10416 5732 10416 5749 10416 5748 10417 5846 10417 5852 10417 5846 10418 5748 10418 5732 10418 5776 10419 5852 10419 5872 10419 5852 10420 5776 10420 5748 10420 5792 10421 5872 10421 5900 10421 5836 10422 5900 10422 5920 10422 5872 10423 5792 10423 5776 10423 5888 10424 5920 10424 5960 10424 5936 10425 5960 10425 6000 10425 5900 10426 5836 10426 5792 10426 5988 10427 6000 10427 6033 10427 6118 10428 6134 10428 6072 10428 6100 10429 6072 10429 6134 10429 5920 10430 5888 10430 5836 10430 6072 10431 6100 10431 6033 10431 5960 10432 5936 10432 5888 10432 6032 10433 6033 10433 6100 10433 6000 10434 5988 10434 5936 10434 6033 10435 6032 10435 5988 10435 6038 10436 6039 10436 6103 10436 6075 10437 6103 10437 6137 10437 6039 10438 6038 10438 5991 10438 6121 10439 6137 10439 6197 10439 6003 10440 5991 10440 6038 10440 6161 10441 6197 10441 6243 10441 5991 10442 6003 10442 5939 10442 5963 10443 5939 10443 6003 10443 6103 10444 6075 10444 6038 10444 6137 10445 6121 10445 6075 10445 6193 10446 6243 10446 6251 10446 6197 10447 6161 10447 6121 10447 6243 10448 6193 10448 6161 10448 6227 10449 6251 10449 6259 10449 6251 10450 6227 10450 6193 10450 6235 10451 6259 10451 6267 10451 6259 10452 6235 10452 6227 10452 6239 10453 6267 10453 6275 10453 6267 10454 6239 10454 6235 10454 6266 10455 6239 10455 6275 10455 6239 10456 6266 10456 6234 10456 6258 10457 6234 10457 6266 10457 6234 10458 6258 10458 6226 10458 6250 10459 6226 10459 6258 10459 6226 10460 6250 10460 6192 10460 6242 10461 6192 10461 6250 10461 6192 10462 6242 10462 6160 10462 6196 10463 6160 10463 6242 10463 6136 10464 6120 10464 6196 10464 6160 10465 6196 10465 6120 10465 5939 10466 5963 10466 5891 10466 5923 10467 5891 10467 5963 10467 5891 10468 5923 10468 5839 10468 5903 10469 5839 10469 5923 10469 5839 10470 5903 10470 5795 10470 5875 10471 5795 10471 5903 10471 5795 10472 5875 10472 5779 10472 5855 10473 5779 10473 5875 10473 5779 10474 5855 10474 5751 10474 5847 10475 5751 10475 5855 10475 5847 10476 5733 10476 5751 10476 5750 10477 5847 10477 5854 10477 5847 10478 5750 10478 5733 10478 5778 10479 5854 10479 5874 10479 5854 10480 5778 10480 5750 10480 5794 10481 5874 10481 5902 10481 5838 10482 5902 10482 5922 10482 5874 10483 5794 10483 5778 10483 5890 10484 5922 10484 5962 10484 5938 10485 5962 10485 6002 10485 5902 10486 5838 10486 5794 10486 5990 10487 6002 10487 6037 10487 6120 10488 6136 10488 6074 10488 6102 10489 6074 10489 6136 10489 5922 10490 5890 10490 5838 10490 6074 10491 6102 10491 6037 10491 5962 10492 5938 10492 5890 10492 6036 10493 6037 10493 6102 10493 6002 10494 5990 10494 5938 10494 6037 10495 6036 10495 5990 10495 4370 10496 4371 10496 4411 10496 4407 10497 4411 10497 4463 10497 4371 10498 4370 10498 4299 10498 4447 10499 4463 10499 4511 10499 4335 10500 4299 10500 4370 10500 4487 10501 4511 10501 4563 10501 4299 10502 4335 10502 4265 10502 4289 10503 4265 10503 4335 10503 4411 10504 4407 10504 4370 10504 4463 10505 4447 10505 4407 10505 4507 10506 4563 10506 4607 10506 4511 10507 4487 10507 4447 10507 4563 10508 4507 10508 4487 10508 4535 10509 4607 10509 4623 10509 4607 10510 4535 10510 4507 10510 4555 10511 4623 10511 4651 10511 4623 10512 4555 10512 4535 10512 4559 10513 4651 10513 4669 10513 4651 10514 4559 10514 4555 10514 4650 10515 4559 10515 4669 10515 4559 10516 4650 10516 4554 10516 4622 10517 4554 10517 4650 10517 4554 10518 4622 10518 4534 10518 4606 10519 4534 10519 4622 10519 4534 10520 4606 10520 4506 10520 4562 10521 4506 10521 4606 10521 4506 10522 4562 10522 4486 10522 4510 10523 4486 10523 4562 10523 4462 10524 4446 10524 4510 10524 4486 10525 4510 10525 4446 10525 4265 10526 4289 10526 4205 10526 4249 10527 4205 10527 4289 10527 4205 10528 4249 10528 4159 10528 4217 10529 4159 10529 4249 10529 4159 10530 4217 10530 4151 10530 4183 10531 4151 10531 4217 10531 4151 10532 4183 10532 4143 10532 4175 10533 4143 10533 4183 10533 4143 10534 4175 10534 4135 10534 4167 10535 4135 10535 4175 10535 4167 10536 4127 10536 4135 10536 4134 10537 4167 10537 4174 10537 4167 10538 4134 10538 4127 10538 4142 10539 4174 10539 4182 10539 4174 10540 4142 10540 4134 10540 4150 10541 4182 10541 4216 10541 4158 10542 4216 10542 4248 10542 4182 10543 4150 10543 4142 10543 4204 10544 4248 10544 4288 10544 4264 10545 4288 10545 4334 10545 4216 10546 4158 10546 4150 10546 4298 10547 4334 10547 4369 10547 4446 10548 4462 10548 4406 10548 4410 10549 4406 10549 4462 10549 4248 10550 4204 10550 4158 10550 4406 10551 4410 10551 4369 10551 4288 10552 4264 10552 4204 10552 4368 10553 4369 10553 4410 10553 4334 10554 4298 10554 4264 10554 4369 10555 4368 10555 4298 10555 5539 10556 5553 10556 5551 10556 5553 10557 5539 10557 5541 10557 5563 10558 5595 10558 5593 10558 5595 10559 5563 10559 5565 10559 5551 10560 5565 10560 5563 10560 5565 10561 5551 10561 5553 10561 5617 10562 5595 10562 5619 10562 5595 10563 5617 10563 5593 10563 5645 10564 5635 10564 5647 10564 5635 10565 5645 10565 5633 10565 5633 10566 5619 10566 5635 10566 5619 10567 5633 10567 5617 10567 5660 10568 5647 10568 5661 10568 5647 10569 5660 10569 5645 10569 5644 10570 5661 10570 5646 10570 5661 10571 5644 10571 5660 10571 5632 10572 5646 10572 5634 10572 5646 10573 5632 10573 5644 10573 5616 10574 5634 10574 5618 10574 5634 10575 5616 10575 5632 10575 5592 10576 5618 10576 5594 10576 5618 10577 5592 10577 5616 10577 5564 10578 5592 10578 5594 10578 5592 10579 5564 10579 5562 10579 5552 10580 5562 10580 5564 10580 5562 10581 5552 10581 5550 10581 5540 10582 5550 10582 5552 10582 5550 10583 5540 10583 5538 10583 5520 10584 5538 10584 5540 10584 5538 10585 5520 10585 5518 10585 5504 10586 5518 10586 5520 10586 5518 10587 5504 10587 5502 10587 5500 10588 5502 10588 5504 10588 5502 10589 5500 10589 5498 10589 5494 10590 5500 10590 5496 10590 5500 10591 5494 10591 5498 10591 5490 10592 5496 10592 5492 10592 5496 10593 5490 10593 5494 10593 5486 10594 5492 10594 5488 10594 5492 10595 5486 10595 5490 10595 5484 10596 5488 10596 5485 10596 5488 10597 5484 10597 5486 10597 5491 10598 5489 10598 5493 10598 5489 10599 5491 10599 5487 10599 5487 10600 5485 10600 5489 10600 5485 10601 5487 10601 5484 10601 5495 10602 5493 10602 5497 10602 5493 10603 5495 10603 5491 10603 5499 10604 5505 10604 5503 10604 5505 10605 5499 10605 5501 10605 5499 10606 5497 10606 5501 10606 5497 10607 5499 10607 5495 10607 5519 10608 5541 10608 5539 10608 5541 10609 5519 10609 5521 10609 5503 10610 5521 10610 5519 10610 5521 10611 5503 10611 5505 10611 4863 10612 4885 10612 4883 10612 4885 10613 4863 10613 4865 10613 4899 10614 4905 10614 4903 10614 4905 10615 4899 10615 4901 10615 4883 10616 4901 10616 4899 10616 4901 10617 4883 10617 4885 10617 4907 10618 4905 10618 4909 10618 4905 10619 4907 10619 4903 10619 4915 10620 4913 10620 4917 10620 4913 10621 4915 10621 4911 10621 4911 10622 4909 10622 4913 10622 4909 10623 4911 10623 4907 10623 4918 10624 4917 10624 4919 10624 4917 10625 4918 10625 4915 10625 4914 10626 4919 10626 4916 10626 4919 10627 4914 10627 4918 10627 4910 10628 4916 10628 4912 10628 4916 10629 4910 10629 4914 10629 4906 10630 4912 10630 4908 10630 4912 10631 4906 10631 4910 10631 4902 10632 4908 10632 4904 10632 4908 10633 4902 10633 4906 10633 4900 10634 4902 10634 4904 10634 4902 10635 4900 10635 4898 10635 4884 10636 4898 10636 4900 10636 4898 10637 4884 10637 4882 10637 4864 10638 4882 10638 4884 10638 4882 10639 4864 10639 4862 10639 4852 10640 4862 10640 4864 10640 4862 10641 4852 10641 4850 10641 4840 10642 4850 10642 4852 10642 4850 10643 4840 10643 4838 10643 4810 10644 4838 10644 4840 10644 4838 10645 4810 10645 4808 10645 4784 10646 4810 10646 4786 10646 4810 10647 4784 10647 4808 10647 4768 10648 4786 10648 4770 10648 4786 10649 4768 10649 4784 10649 4756 10650 4770 10650 4758 10650 4770 10651 4756 10651 4768 10651 4742 10652 4758 10652 4743 10652 4758 10653 4742 10653 4756 10653 4769 10654 4759 10654 4771 10654 4759 10655 4769 10655 4757 10655 4757 10656 4743 10656 4759 10656 4743 10657 4757 10657 4742 10657 4785 10658 4771 10658 4787 10658 4771 10659 4785 10659 4769 10659 4809 10660 4841 10660 4839 10660 4841 10661 4809 10661 4811 10661 4809 10662 4787 10662 4811 10662 4787 10663 4809 10663 4785 10663 4851 10664 4865 10664 4863 10664 4865 10665 4851 10665 4853 10665 4839 10666 4853 10666 4851 10666 4853 10667 4839 10667 4841 10667 4367 10668 4413 10668 4409 10668 4413 10669 4367 10669 4373 10669 4409 10670 4465 10670 4461 10670 4465 10671 4409 10671 4413 10671 4509 10672 4565 10672 4561 10672 4565 10673 4509 10673 4513 10673 4461 10674 4513 10674 4509 10674 4513 10675 4461 10675 4465 10675 4605 10676 4565 10676 4609 10676 4565 10677 4605 10677 4561 10677 4621 10678 4609 10678 4625 10678 4609 10679 4621 10679 4605 10679 4649 10680 4625 10680 4653 10680 4625 10681 4649 10681 4621 10681 4668 10682 4653 10682 4670 10682 4653 10683 4668 10683 4649 10683 4648 10684 4670 10684 4652 10684 4670 10685 4648 10685 4668 10685 4620 10686 4652 10686 4624 10686 4652 10687 4620 10687 4648 10687 4604 10688 4624 10688 4608 10688 4624 10689 4604 10689 4620 10689 4560 10690 4608 10690 4564 10690 4608 10691 4560 10691 4604 10691 4512 10692 4560 10692 4564 10692 4560 10693 4512 10693 4508 10693 4464 10694 4508 10694 4512 10694 4508 10695 4464 10695 4460 10695 4412 10696 4460 10696 4464 10696 4460 10697 4412 10697 4408 10697 4372 10698 4408 10698 4412 10698 4408 10699 4372 10699 4364 10699 4300 10700 4364 10700 4372 10700 4364 10701 4300 10701 4296 10701 4266 10702 4296 10702 4300 10702 4296 10703 4266 10703 4262 10703 4206 10704 4262 10704 4266 10704 4262 10705 4206 10705 4202 10705 4160 10706 4202 10706 4206 10706 4202 10707 4160 10707 4156 10707 4148 10708 4160 10708 4152 10708 4160 10709 4148 10709 4156 10709 4140 10710 4152 10710 4144 10710 4152 10711 4140 10711 4148 10711 4132 10712 4144 10712 4136 10712 4144 10713 4132 10713 4140 10713 4126 10714 4136 10714 4129 10714 4136 10715 4126 10715 4132 10715 4133 10716 4129 10716 4137 10716 4129 10717 4133 10717 4126 10717 4141 10718 4137 10718 4145 10718 4137 10719 4141 10719 4133 10719 4149 10720 4145 10720 4153 10720 4145 10721 4149 10721 4141 10721 4157 10722 4153 10722 4161 10722 4153 10723 4157 10723 4149 10723 4157 10724 4207 10724 4203 10724 4207 10725 4157 10725 4161 10725 4203 10726 4267 10726 4263 10726 4267 10727 4203 10727 4207 10727 4297 10728 4373 10728 4367 10728 4373 10729 4297 10729 4301 10729 4263 10730 4301 10730 4297 10730 4301 10731 4263 10731 4267 10731 6035 10732 6105 10732 6101 10732 6105 10733 6035 10733 6041 10733 6101 10734 6139 10734 6135 10734 6139 10735 6101 10735 6105 10735 6195 10736 6245 10736 6241 10736 6245 10737 6195 10737 6199 10737 6135 10738 6199 10738 6195 10738 6199 10739 6135 10739 6139 10739 6249 10740 6245 10740 6253 10740 6245 10741 6249 10741 6241 10741 6257 10742 6253 10742 6261 10742 6253 10743 6257 10743 6249 10743 6265 10744 6261 10744 6269 10744 6261 10745 6265 10745 6257 10745 6274 10746 6269 10746 6277 10746 6269 10747 6274 10747 6265 10747 6264 10748 6277 10748 6268 10748 6277 10749 6264 10749 6274 10749 6256 10750 6268 10750 6260 10750 6268 10751 6256 10751 6264 10751 6248 10752 6260 10752 6252 10752 6260 10753 6248 10753 6256 10753 6240 10754 6252 10754 6244 10754 6252 10755 6240 10755 6248 10755 6198 10756 6240 10756 6244 10756 6240 10757 6198 10757 6194 10757 6138 10758 6194 10758 6198 10758 6194 10759 6138 10759 6134 10759 6104 10760 6134 10760 6138 10760 6134 10761 6104 10761 6100 10761 6040 10762 6100 10762 6104 10762 6100 10763 6040 10763 6032 10763 5992 10764 6032 10764 6040 10764 6032 10765 5992 10765 5988 10765 5940 10766 5988 10766 5992 10766 5988 10767 5940 10767 5936 10767 5892 10768 5936 10768 5940 10768 5936 10769 5892 10769 5888 10769 5840 10770 5888 10770 5892 10770 5888 10771 5840 10771 5836 10771 5792 10772 5840 10772 5796 10772 5840 10773 5792 10773 5836 10773 5776 10774 5796 10774 5780 10774 5796 10775 5776 10775 5792 10775 5748 10776 5780 10776 5752 10776 5780 10777 5748 10777 5776 10777 5732 10778 5752 10778 5734 10778 5752 10779 5732 10779 5748 10779 5749 10780 5734 10780 5753 10780 5734 10781 5749 10781 5732 10781 5777 10782 5753 10782 5781 10782 5753 10783 5777 10783 5749 10783 5793 10784 5781 10784 5797 10784 5781 10785 5793 10785 5777 10785 5837 10786 5797 10786 5841 10786 5797 10787 5837 10787 5793 10787 5837 10788 5893 10788 5889 10788 5893 10789 5837 10789 5841 10789 5889 10790 5941 10790 5937 10790 5941 10791 5889 10791 5893 10791 5989 10792 6041 10792 6035 10792 6041 10793 5989 10793 5993 10793 5937 10794 5993 10794 5989 10794 5993 10795 5937 10795 5941 10795 6039 10796 6107 10796 6103 10796 6107 10797 6039 10797 6043 10797 6103 10798 6141 10798 6137 10798 6141 10799 6103 10799 6107 10799 6197 10800 6247 10800 6243 10800 6247 10801 6197 10801 6201 10801 6137 10802 6201 10802 6197 10802 6201 10803 6137 10803 6141 10803 6251 10804 6247 10804 6255 10804 6247 10805 6251 10805 6243 10805 6259 10806 6255 10806 6263 10806 6255 10807 6259 10807 6251 10807 6267 10808 6263 10808 6271 10808 6263 10809 6267 10809 6259 10809 6275 10810 6271 10810 6278 10810 6271 10811 6275 10811 6267 10811 6266 10812 6278 10812 6270 10812 6278 10813 6266 10813 6275 10813 6258 10814 6270 10814 6262 10814 6270 10815 6258 10815 6266 10815 6250 10816 6262 10816 6254 10816 6262 10817 6250 10817 6258 10817 6242 10818 6254 10818 6246 10818 6254 10819 6242 10819 6250 10819 6200 10820 6242 10820 6246 10820 6242 10821 6200 10821 6196 10821 6140 10822 6196 10822 6200 10822 6196 10823 6140 10823 6136 10823 6106 10824 6136 10824 6140 10824 6136 10825 6106 10825 6102 10825 6042 10826 6102 10826 6106 10826 6102 10827 6042 10827 6036 10827 5994 10828 6036 10828 6042 10828 6036 10829 5994 10829 5990 10829 5942 10830 5990 10830 5994 10830 5990 10831 5942 10831 5938 10831 5894 10832 5938 10832 5942 10832 5938 10833 5894 10833 5890 10833 5842 10834 5890 10834 5894 10834 5890 10835 5842 10835 5838 10835 5794 10836 5842 10836 5798 10836 5842 10837 5794 10837 5838 10837 5778 10838 5798 10838 5782 10838 5798 10839 5778 10839 5794 10839 5750 10840 5782 10840 5754 10840 5782 10841 5750 10841 5778 10841 5733 10842 5754 10842 5735 10842 5754 10843 5733 10843 5750 10843 5751 10844 5735 10844 5755 10844 5735 10845 5751 10845 5733 10845 5779 10846 5755 10846 5783 10846 5755 10847 5779 10847 5751 10847 5795 10848 5783 10848 5799 10848 5783 10849 5795 10849 5779 10849 5839 10850 5799 10850 5843 10850 5799 10851 5839 10851 5795 10851 5839 10852 5895 10852 5891 10852 5895 10853 5839 10853 5843 10853 5891 10854 5943 10854 5939 10854 5943 10855 5891 10855 5895 10855 5991 10856 6043 10856 6039 10856 6043 10857 5991 10857 5995 10857 5939 10858 5995 10858 5991 10858 5995 10859 5939 10859 5943 10859 4371 10860 4415 10860 4411 10860 4415 10861 4371 10861 4375 10861 4411 10862 4467 10862 4463 10862 4467 10863 4411 10863 4415 10863 4511 10864 4567 10864 4563 10864 4567 10865 4511 10865 4515 10865 4463 10866 4515 10866 4511 10866 4515 10867 4463 10867 4467 10867 4607 10868 4567 10868 4611 10868 4567 10869 4607 10869 4563 10869 4623 10870 4611 10870 4627 10870 4611 10871 4623 10871 4607 10871 4651 10872 4627 10872 4655 10872 4627 10873 4651 10873 4623 10873 4669 10874 4655 10874 4671 10874 4655 10875 4669 10875 4651 10875 4650 10876 4671 10876 4654 10876 4671 10877 4650 10877 4669 10877 4622 10878 4654 10878 4626 10878 4654 10879 4622 10879 4650 10879 4606 10880 4626 10880 4610 10880 4626 10881 4606 10881 4622 10881 4562 10882 4610 10882 4566 10882 4610 10883 4562 10883 4606 10883 4514 10884 4562 10884 4566 10884 4562 10885 4514 10885 4510 10885 4466 10886 4510 10886 4514 10886 4510 10887 4466 10887 4462 10887 4414 10888 4462 10888 4466 10888 4462 10889 4414 10889 4410 10889 4374 10890 4410 10890 4414 10890 4410 10891 4374 10891 4368 10891 4302 10892 4368 10892 4374 10892 4368 10893 4302 10893 4298 10893 4268 10894 4298 10894 4302 10894 4298 10895 4268 10895 4264 10895 4208 10896 4264 10896 4268 10896 4264 10897 4208 10897 4204 10897 4162 10898 4204 10898 4208 10898 4204 10899 4162 10899 4158 10899 4150 10900 4162 10900 4154 10900 4162 10901 4150 10901 4158 10901 4142 10902 4154 10902 4146 10902 4154 10903 4142 10903 4150 10903 4134 10904 4146 10904 4138 10904 4146 10905 4134 10905 4142 10905 4127 10906 4138 10906 4130 10906 4138 10907 4127 10907 4134 10907 4135 10908 4130 10908 4139 10908 4130 10909 4135 10909 4127 10909 4143 10910 4139 10910 4147 10910 4139 10911 4143 10911 4135 10911 4151 10912 4147 10912 4155 10912 4147 10913 4151 10913 4143 10913 4159 10914 4155 10914 4163 10914 4155 10915 4159 10915 4151 10915 4159 10916 4209 10916 4205 10916 4209 10917 4159 10917 4163 10917 4205 10918 4269 10918 4265 10918 4269 10919 4205 10919 4209 10919 4299 10920 4375 10920 4371 10920 4375 10921 4299 10921 4303 10921 4265 10922 4303 10922 4299 10922 4303 10923 4265 10923 4269 10923 1630 10924 4110 10924 1631 10924 4110 10925 1630 10925 4109 10925 4467 10926 4131 10926 4921 10926 4131 10927 4415 10927 4375 10927 4131 10928 4467 10928 4415 10928 4921 10929 4515 10929 4467 10929 4921 10930 4567 10930 4515 10930 4921 10931 4611 10931 4567 10931 4921 10932 4627 10932 4611 10932 4920 10933 4627 10933 4921 10933 4627 10934 4920 10934 4655 10934 4655 10935 4920 10935 4671 10935 4303 10936 4131 10936 4375 10936 4269 10937 4131 10937 4303 10937 4209 10938 4131 10938 4269 10938 4163 10939 4131 10939 4209 10939 4131 10940 4163 10940 4111 10940 4155 10941 4111 10941 4163 10941 4147 10942 4111 10942 4155 10942 4139 10943 4111 10943 4147 10943 4110 10944 4139 10944 4130 10944 4139 10945 4110 10945 4111 10945 4921 10946 5477 10946 4922 10946 5477 10947 4921 10947 5476 10947 6279 10948 6107 10948 6043 10948 6279 10949 6141 10949 6107 10949 6279 10950 6201 10950 6141 10950 6279 10951 6247 10951 6201 10951 6295 10952 6255 10952 6247 10952 6295 10953 6263 10953 6255 10953 6295 10954 6271 10954 6263 10954 6295 10955 6278 10955 6271 10955 6295 10956 6270 10956 6278 10956 6295 10957 6262 10957 6270 10957 6295 10958 6254 10958 6262 10958 6295 10959 6246 10959 6254 10959 5565 10960 6042 10960 6106 10960 5595 10961 6106 10961 6140 10961 5619 10962 6140 10962 6200 10962 5635 10963 6200 10963 6246 10963 5635 10964 6246 10964 6295 10964 6042 10965 5553 10965 5541 10965 6042 10966 5565 10966 5553 10966 6106 10967 5595 10967 5565 10967 6140 10968 5619 10968 5595 10968 6200 10969 5635 10969 5619 10969 6295 10970 5647 10970 5635 10970 6295 10971 5661 10971 5647 10971 6294 10972 5661 10972 6295 10972 5993 10973 5552 10973 6041 10973 5564 10974 6041 10974 5552 10974 6105 10975 5564 10975 5594 10975 6139 10976 5594 10976 5618 10976 6199 10977 5618 10977 5634 10977 6245 10978 5634 10978 5646 10978 5661 10979 6294 10979 5646 10979 5564 10980 6105 10980 6041 10980 5594 10981 6139 10981 6105 10981 5618 10982 6199 10982 6139 10982 5634 10983 6245 10983 6199 10983 5646 10984 6294 10984 6245 10984 6245 10985 6294 10985 6253 10985 6253 10986 6294 10986 6261 10986 6261 10987 6294 10987 6269 10987 6269 10988 6294 10988 6277 10988 6294 10989 6268 10989 6277 10989 6294 10990 6260 10990 6268 10990 6294 10991 6252 10991 6260 10991 6294 10992 6244 10992 6252 10992 6276 10993 6244 10993 6294 10993 6244 10994 6276 10994 6198 10994 6198 10995 6276 10995 6138 10995 6138 10996 6276 10996 6104 10996 6104 10997 6276 10997 6040 10997 6040 10998 6276 10998 4372 10998 4128 10999 4372 10999 6276 10999 4372 11000 4128 11000 4108 11000 6247 11001 6279 11001 6295 11001 5995 11002 6279 11002 6043 11002 5943 11003 6279 11003 5995 11003 6279 11004 5943 11004 5476 11004 5895 11005 5476 11005 5943 11005 5843 11006 5476 11006 5895 11006 5799 11007 5476 11007 5843 11007 5783 11008 5476 11008 5799 11008 5755 11009 5476 11009 5783 11009 5735 11010 5476 11010 5755 11010 5754 11011 5476 11011 5735 11011 5782 11012 5476 11012 5754 11012 5798 11013 5476 11013 5782 11013 5501 11014 5798 11014 5842 11014 5541 11015 5994 11015 6042 11015 5541 11016 5942 11016 5994 11016 5521 11017 5942 11017 5541 11017 5942 11018 5521 11018 5894 11018 5505 11019 5894 11019 5521 11019 5894 11020 5505 11020 5842 11020 5501 11021 5842 11021 5505 11021 5798 11022 5501 11022 5476 11022 5497 11023 5476 11023 5501 11023 5493 11024 5476 11024 5497 11024 5489 11025 5476 11025 5493 11025 5485 11026 5476 11026 5489 11026 5552 11027 5993 11027 5540 11027 5941 11028 5540 11028 5993 11028 5540 11029 5941 11029 5520 11029 5893 11030 5520 11030 5941 11030 5475 11031 5520 11031 5893 11031 5520 11032 5475 11032 5504 11032 5504 11033 5475 11033 5500 11033 5500 11034 5475 11034 5496 11034 5496 11035 5475 11035 5492 11035 5475 11036 5893 11036 5841 11036 5475 11037 5841 11037 5797 11037 5475 11038 5797 11038 5781 11038 5475 11039 5781 11039 5753 11039 5475 11040 5753 11040 5734 11040 5485 11041 5475 11041 5476 11041 5488 11042 5475 11042 5485 11042 5492 11043 5475 11043 5488 11043 5752 11044 5475 11044 5734 11044 5780 11045 5475 11045 5752 11045 5475 11046 4652 11046 4670 11046 5796 11047 5475 11047 5780 11047 5475 11048 4624 11048 4652 11048 5840 11049 5475 11049 5796 11049 5475 11050 4608 11050 4624 11050 5892 11051 5475 11051 5840 11051 5475 11052 4564 11052 4608 11052 5940 11053 5475 11053 5892 11053 5475 11054 4512 11054 4564 11054 4464 11055 5475 11055 5940 11055 5475 11056 4464 11056 4512 11056 5992 11057 4464 11057 5940 11057 5992 11058 4412 11058 4464 11058 6040 11059 4412 11059 5992 11059 4412 11060 6040 11060 4372 11060 4136 11061 4109 11061 4129 11061 4108 11062 4136 11062 4144 11062 4108 11063 4144 11063 4152 11063 4108 11064 4152 11064 4160 11064 4108 11065 4160 11065 4206 11065 4108 11066 4206 11066 4266 11066 4136 11067 4108 11067 4109 11067 4300 11068 4108 11068 4266 11068 4108 11069 4300 11069 4372 11069 4853 11070 4885 11070 4865 11070 4841 11071 4885 11071 4853 11071 4841 11072 4901 11072 4885 11072 4811 11073 4901 11073 4841 11073 4811 11074 4905 11074 4901 11074 4787 11075 4905 11075 4811 11075 4787 11076 4909 11076 4905 11076 4771 11077 4909 11077 4787 11077 4771 11078 4913 11078 4909 11078 4759 11079 4913 11079 4771 11079 4759 11080 4917 11080 4913 11080 4743 11081 4917 11081 4759 11081 4743 11082 4919 11082 4917 11082 4758 11083 4919 11083 4743 11083 4758 11084 4916 11084 4919 11084 4770 11085 4916 11085 4758 11085 4770 11086 4912 11086 4916 11086 4786 11087 4912 11087 4770 11087 4786 11088 4908 11088 4912 11088 4810 11089 4908 11089 4786 11089 4810 11090 4904 11090 4908 11090 4840 11091 4904 11091 4810 11091 4840 11092 4900 11092 4904 11092 4852 11093 4900 11093 4840 11093 4852 11094 4884 11094 4900 11094 4884 11095 4852 11095 4864 11095 4301 11096 4413 11096 4373 11096 4267 11097 4413 11097 4301 11097 4267 11098 4465 11098 4413 11098 4207 11099 4465 11099 4267 11099 4207 11100 4513 11100 4465 11100 4161 11101 4513 11101 4207 11101 4161 11102 4565 11102 4513 11102 4153 11103 4565 11103 4161 11103 4153 11104 4609 11104 4565 11104 4145 11105 4609 11105 4153 11105 4145 11106 4625 11106 4609 11106 4137 11107 4625 11107 4145 11107 4137 11108 4653 11108 4625 11108 4129 11109 4653 11109 4137 11109 4653 11110 4129 11110 4670 11110 4138 11111 4671 11111 4130 11111 4138 11112 4654 11112 4671 11112 4146 11113 4654 11113 4138 11113 4146 11114 4626 11114 4654 11114 4154 11115 4626 11115 4146 11115 4154 11116 4610 11116 4626 11116 4162 11117 4610 11117 4154 11117 4162 11118 4566 11118 4610 11118 4208 11119 4566 11119 4162 11119 4208 11120 4514 11120 4566 11120 4268 11121 4514 11121 4208 11121 4268 11122 4466 11122 4514 11122 4302 11123 4466 11123 4268 11123 4302 11124 4414 11124 4466 11124 4414 11125 4302 11125 4374 11125 2702 11126 2692 11126 2704 11126 2692 11127 2702 11127 2688 11127 2688 11128 2680 11128 2692 11128 2680 11129 2688 11129 2676 11129 2676 11130 2668 11130 2680 11130 2668 11131 2676 11131 2664 11131 2642 11132 2668 11132 2664 11132 2668 11133 2642 11133 2646 11133 2626 11134 2646 11134 2642 11134 2646 11135 2626 11135 2630 11135 2594 11136 2630 11136 2626 11136 2630 11137 2594 11137 2598 11137 2562 11138 2598 11138 2594 11138 2598 11139 2562 11139 2566 11139 2546 11140 2566 11140 2562 11140 2566 11141 2546 11141 2550 11141 2502 11142 2550 11142 2546 11142 2550 11143 2502 11143 2506 11143 2502 11144 2482 11144 2506 11144 2482 11145 2502 11145 2478 11145 2478 11146 2466 11146 2482 11146 2466 11147 2478 11147 2462 11147 2462 11148 2458 11148 2466 11148 2458 11149 2462 11149 2456 11149 2456 11150 2465 11150 2458 11150 2465 11151 2456 11151 2461 11151 2461 11152 2481 11152 2465 11152 2481 11153 2461 11153 2477 11153 2477 11154 2505 11154 2481 11154 2505 11155 2477 11155 2501 11155 2505 11156 2545 11156 2549 11156 2545 11157 2505 11157 2501 11157 2549 11158 2561 11158 2565 11158 2561 11159 2549 11159 2545 11159 2565 11160 2593 11160 2597 11160 2593 11161 2565 11161 2561 11161 2597 11162 2625 11162 2629 11162 2625 11163 2597 11163 2593 11163 2629 11164 2641 11164 2645 11164 2641 11165 2629 11165 2625 11165 2645 11166 2663 11166 2667 11166 2663 11167 2645 11167 2641 11167 2663 11168 2679 11168 2667 11168 2679 11169 2663 11169 2675 11169 2675 11170 2691 11170 2679 11170 2691 11171 2675 11171 2687 11171 2687 11172 2704 11172 2691 11172 2704 11173 2687 11173 2702 11173 2364 11174 2363 11174 2365 11174 2363 11175 2364 11175 2361 11175 2361 11176 2351 11176 2363 11176 2351 11177 2361 11177 2349 11177 2349 11178 2339 11178 2351 11178 2339 11179 2349 11179 2337 11179 2325 11180 2339 11180 2337 11180 2339 11181 2325 11181 2327 11181 2305 11182 2327 11182 2325 11182 2327 11183 2305 11183 2307 11183 2285 11184 2307 11184 2305 11184 2307 11185 2285 11185 2287 11185 2261 11186 2287 11186 2285 11186 2287 11187 2261 11187 2263 11187 2249 11188 2263 11188 2261 11188 2263 11189 2249 11189 2251 11189 2237 11190 2251 11190 2249 11190 2251 11191 2237 11191 2239 11191 2237 11192 2227 11192 2239 11192 2227 11193 2237 11193 2225 11193 2225 11194 2215 11194 2227 11194 2215 11195 2225 11195 2213 11195 2213 11196 2203 11196 2215 11196 2203 11197 2213 11197 2202 11197 2202 11198 2214 11198 2203 11198 2214 11199 2202 11199 2212 11199 2212 11200 2226 11200 2214 11200 2226 11201 2212 11201 2224 11201 2224 11202 2238 11202 2226 11202 2238 11203 2224 11203 2236 11203 2238 11204 2248 11204 2250 11204 2248 11205 2238 11205 2236 11205 2250 11206 2260 11206 2262 11206 2260 11207 2250 11207 2248 11207 2262 11208 2284 11208 2286 11208 2284 11209 2262 11209 2260 11209 2286 11210 2304 11210 2306 11210 2304 11211 2286 11211 2284 11211 2306 11212 2324 11212 2326 11212 2324 11213 2306 11213 2304 11213 2326 11214 2336 11214 2338 11214 2336 11215 2326 11215 2324 11215 2336 11216 2350 11216 2338 11216 2350 11217 2336 11217 2348 11217 2348 11218 2362 11218 2350 11218 2362 11219 2348 11219 2360 11219 2360 11220 2365 11220 2362 11220 2365 11221 2360 11221 2364 11221 1008 11222 1006 11222 1010 11222 1006 11223 1008 11223 1002 11223 1002 11224 998 11224 1006 11224 998 11225 1002 11225 994 11225 994 11226 990 11226 998 11226 990 11227 994 11227 986 11227 962 11228 990 11228 986 11228 990 11229 962 11229 966 11229 946 11230 966 11230 962 11230 966 11231 946 11231 950 11231 930 11232 950 11232 946 11232 950 11233 930 11233 934 11233 914 11234 934 11234 930 11234 934 11235 914 11235 918 11235 898 11236 918 11236 914 11236 918 11237 898 11237 902 11237 876 11238 902 11238 898 11238 902 11239 876 11239 880 11239 876 11240 868 11240 880 11240 868 11241 876 11241 864 11241 864 11242 856 11242 868 11242 856 11243 864 11243 852 11243 852 11244 840 11244 856 11244 840 11245 852 11245 838 11245 838 11246 855 11246 840 11246 855 11247 838 11247 851 11247 851 11248 867 11248 855 11248 867 11249 851 11249 863 11249 863 11250 879 11250 867 11250 879 11251 863 11251 875 11251 879 11252 897 11252 901 11252 897 11253 879 11253 875 11253 901 11254 913 11254 917 11254 913 11255 901 11255 897 11255 917 11256 929 11256 933 11256 929 11257 917 11257 913 11257 933 11258 945 11258 949 11258 945 11259 933 11259 929 11259 949 11260 961 11260 965 11260 961 11261 949 11261 945 11261 965 11262 985 11262 989 11262 985 11263 965 11263 961 11263 985 11264 997 11264 989 11264 997 11265 985 11265 993 11265 993 11266 1005 11266 997 11266 1005 11267 993 11267 1001 11267 1001 11268 1010 11268 1005 11268 1010 11269 1001 11269 1008 11269 823 11270 818 11270 824 11270 818 11271 823 11271 816 11271 816 11272 814 11272 818 11272 814 11273 816 11273 812 11273 812 11274 810 11274 814 11274 810 11275 812 11275 808 11275 792 11276 810 11276 808 11276 810 11277 792 11277 794 11277 768 11278 794 11278 792 11278 794 11279 768 11279 770 11279 752 11280 770 11280 768 11280 770 11281 752 11281 754 11281 728 11282 754 11282 752 11282 754 11283 728 11283 730 11283 694 11284 730 11284 728 11284 730 11285 694 11285 696 11285 674 11286 696 11286 694 11286 696 11287 674 11287 676 11287 674 11288 656 11288 676 11288 656 11289 674 11289 654 11289 654 11290 636 11290 656 11290 636 11291 654 11291 634 11291 634 11292 630 11292 636 11292 630 11293 634 11293 629 11293 629 11294 635 11294 630 11294 635 11295 629 11295 633 11295 633 11296 655 11296 635 11296 655 11297 633 11297 653 11297 653 11298 675 11298 655 11298 675 11299 653 11299 673 11299 675 11300 693 11300 695 11300 693 11301 675 11301 673 11301 695 11302 727 11302 729 11302 727 11303 695 11303 693 11303 729 11304 751 11304 753 11304 751 11305 729 11305 727 11305 753 11306 767 11306 769 11306 767 11307 753 11307 751 11307 769 11308 791 11308 793 11308 791 11309 769 11309 767 11309 793 11310 807 11310 809 11310 807 11311 793 11311 791 11311 807 11312 813 11312 809 11312 813 11313 807 11313 811 11313 811 11314 817 11314 813 11314 817 11315 811 11315 815 11315 815 11316 824 11316 817 11316 824 11317 815 11317 823 11317 1007 11318 1004 11318 1009 11318 1004 11319 1007 11319 1000 11319 1000 11320 996 11320 1004 11320 996 11321 1000 11321 992 11321 992 11322 988 11322 996 11322 988 11323 992 11323 984 11323 960 11324 988 11324 984 11324 988 11325 960 11325 964 11325 944 11326 964 11326 960 11326 964 11327 944 11327 948 11327 928 11328 948 11328 944 11328 948 11329 928 11329 932 11329 912 11330 932 11330 928 11330 932 11331 912 11331 916 11331 896 11332 916 11332 912 11332 916 11333 896 11333 900 11333 874 11334 900 11334 896 11334 900 11335 874 11335 878 11335 874 11336 866 11336 878 11336 866 11337 874 11337 862 11337 862 11338 854 11338 866 11338 854 11339 862 11339 850 11339 850 11340 839 11340 854 11340 839 11341 850 11341 837 11341 837 11342 853 11342 839 11342 853 11343 837 11343 849 11343 849 11344 865 11344 853 11344 865 11345 849 11345 861 11345 861 11346 877 11346 865 11346 877 11347 861 11347 873 11347 877 11348 895 11348 899 11348 895 11349 877 11349 873 11349 899 11350 911 11350 915 11350 911 11351 899 11351 895 11351 915 11352 927 11352 931 11352 927 11353 915 11353 911 11353 931 11354 943 11354 947 11354 943 11355 931 11355 927 11355 947 11356 959 11356 963 11356 959 11357 947 11357 943 11357 963 11358 983 11358 987 11358 983 11359 963 11359 959 11359 983 11360 995 11360 987 11360 995 11361 983 11361 991 11361 991 11362 1003 11362 995 11362 1003 11363 991 11363 999 11363 999 11364 1009 11364 1003 11364 1009 11365 999 11365 1007 11365 1086 11366 1085 11366 1087 11366 1085 11367 1086 11367 1083 11367 1083 11368 1081 11368 1085 11368 1081 11369 1083 11369 1079 11369 1079 11370 1077 11370 1081 11370 1077 11371 1079 11371 1075 11371 1071 11372 1077 11372 1075 11372 1077 11373 1071 11373 1073 11373 1067 11374 1073 11374 1071 11374 1073 11375 1067 11375 1069 11375 1063 11376 1069 11376 1067 11376 1069 11377 1063 11377 1065 11377 1059 11378 1065 11378 1063 11378 1065 11379 1059 11379 1061 11379 1055 11380 1061 11380 1059 11380 1061 11381 1055 11381 1057 11381 1051 11382 1057 11382 1055 11382 1057 11383 1051 11383 1053 11383 1051 11384 1049 11384 1053 11384 1049 11385 1051 11385 1047 11385 1047 11386 1045 11386 1049 11386 1045 11387 1047 11387 1043 11387 1043 11388 1041 11388 1045 11388 1041 11389 1043 11389 1040 11389 1040 11390 1044 11390 1041 11390 1044 11391 1040 11391 1042 11391 1042 11392 1048 11392 1044 11392 1048 11393 1042 11393 1046 11393 1046 11394 1052 11394 1048 11394 1052 11395 1046 11395 1050 11395 1052 11396 1054 11396 1056 11396 1054 11397 1052 11397 1050 11397 1056 11398 1058 11398 1060 11398 1058 11399 1056 11399 1054 11399 1060 11400 1062 11400 1064 11400 1062 11401 1060 11401 1058 11401 1064 11402 1066 11402 1068 11402 1066 11403 1064 11403 1062 11403 1068 11404 1070 11404 1072 11404 1070 11405 1068 11405 1066 11405 1072 11406 1074 11406 1076 11406 1074 11407 1072 11407 1070 11407 1074 11408 1080 11408 1076 11408 1080 11409 1074 11409 1078 11409 1078 11410 1084 11410 1080 11410 1084 11411 1078 11411 1082 11411 1082 11412 1087 11412 1084 11412 1087 11413 1082 11413 1086 11413 2701 11414 2690 11414 2703 11414 2690 11415 2701 11415 2686 11415 2686 11416 2678 11416 2690 11416 2678 11417 2686 11417 2674 11417 2674 11418 2666 11418 2678 11418 2666 11419 2674 11419 2662 11419 2640 11420 2666 11420 2662 11420 2666 11421 2640 11421 2644 11421 2624 11422 2644 11422 2640 11422 2644 11423 2624 11423 2628 11423 2592 11424 2628 11424 2624 11424 2628 11425 2592 11425 2596 11425 2560 11426 2596 11426 2592 11426 2596 11427 2560 11427 2564 11427 2544 11428 2564 11428 2560 11428 2564 11429 2544 11429 2548 11429 2500 11430 2548 11430 2544 11430 2548 11431 2500 11431 2504 11431 2500 11432 2480 11432 2504 11432 2480 11433 2500 11433 2476 11433 2476 11434 2464 11434 2480 11434 2464 11435 2476 11435 2460 11435 2460 11436 2457 11436 2464 11436 2457 11437 2460 11437 2455 11437 2455 11438 2463 11438 2457 11438 2463 11439 2455 11439 2459 11439 2459 11440 2479 11440 2463 11440 2479 11441 2459 11441 2475 11441 2475 11442 2503 11442 2479 11442 2503 11443 2475 11443 2499 11443 2503 11444 2543 11444 2547 11444 2543 11445 2503 11445 2499 11445 2547 11446 2559 11446 2563 11446 2559 11447 2547 11447 2543 11447 2563 11448 2591 11448 2595 11448 2591 11449 2563 11449 2559 11449 2595 11450 2623 11450 2627 11450 2623 11451 2595 11451 2591 11451 2627 11452 2639 11452 2643 11452 2639 11453 2627 11453 2623 11453 2643 11454 2661 11454 2665 11454 2661 11455 2643 11455 2639 11455 2661 11456 2677 11456 2665 11456 2677 11457 2661 11457 2673 11457 2673 11458 2689 11458 2677 11458 2689 11459 2673 11459 2685 11459 2685 11460 2703 11460 2689 11460 2703 11461 2685 11461 2701 11461 2903 11462 2900 11462 2904 11462 2900 11463 2903 11463 2898 11463 2898 11464 2880 11464 2900 11464 2880 11465 2898 11465 2878 11465 2878 11466 2860 11466 2880 11466 2860 11467 2878 11467 2858 11467 2838 11468 2860 11468 2858 11468 2860 11469 2838 11469 2840 11469 2804 11470 2840 11470 2838 11470 2840 11471 2804 11471 2806 11471 2780 11472 2806 11472 2804 11472 2806 11473 2780 11473 2782 11473 2764 11474 2782 11474 2780 11474 2782 11475 2764 11475 2766 11475 2748 11476 2766 11476 2764 11476 2766 11477 2748 11477 2750 11477 2732 11478 2750 11478 2748 11478 2750 11479 2732 11479 2734 11479 2732 11480 2730 11480 2734 11480 2730 11481 2732 11481 2728 11481 2728 11482 2726 11482 2730 11482 2726 11483 2728 11483 2724 11483 2724 11484 2718 11484 2726 11484 2718 11485 2724 11485 2717 11485 2717 11486 2725 11486 2718 11486 2725 11487 2717 11487 2723 11487 2723 11488 2729 11488 2725 11488 2729 11489 2723 11489 2727 11489 2727 11490 2733 11490 2729 11490 2733 11491 2727 11491 2731 11491 2733 11492 2747 11492 2749 11492 2747 11493 2733 11493 2731 11493 2749 11494 2763 11494 2765 11494 2763 11495 2749 11495 2747 11495 2765 11496 2779 11496 2781 11496 2779 11497 2765 11497 2763 11497 2781 11498 2803 11498 2805 11498 2803 11499 2781 11499 2779 11499 2805 11500 2837 11500 2839 11500 2837 11501 2805 11501 2803 11501 2839 11502 2857 11502 2859 11502 2857 11503 2839 11503 2837 11503 2857 11504 2879 11504 2859 11504 2879 11505 2857 11505 2877 11505 2877 11506 2899 11506 2879 11506 2899 11507 2877 11507 2897 11507 2897 11508 2904 11508 2899 11508 2904 11509 2897 11509 2903 11509 2369 11510 3564 11510 3566 11510 1026 11511 3564 11511 2369 11511 168 11512 1026 11512 170 11512 1026 11513 168 11513 3564 11513 94 11514 168 11514 170 11514 168 11515 94 11515 92 11515 70 11516 92 11516 94 11516 92 11517 70 11517 68 11517 42 11518 68 11518 70 11518 68 11519 42 11519 40 11519 38 11520 40 11520 42 11520 40 11521 38 11521 36 11521 32 11522 38 11522 34 11522 38 11523 32 11523 36 11523 28 11524 34 11524 30 11524 34 11525 28 11525 32 11525 23 11526 30 11526 25 11526 30 11527 23 11527 28 11527 13 11528 25 11528 21 11528 25 11529 13 11529 23 11529 12 11530 16 11530 15 11530 16 11531 12 11531 17 11531 17 11532 12 11532 18 11532 13 11533 18 11533 12 11533 18 11534 13 11534 19 11534 19 11535 13 11535 20 11535 20 11536 13 11536 21 11536 22 11537 15 11537 24 11537 15 11538 22 11538 12 11538 27 11539 26 11539 29 11539 22 11540 26 11540 27 11540 26 11541 22 11541 24 11541 35 11542 33 11542 37 11542 33 11543 35 11543 31 11543 31 11544 29 11544 33 11544 29 11545 31 11545 27 11545 35 11546 41 11546 39 11546 41 11547 35 11547 37 11547 67 11548 93 11548 91 11548 93 11549 67 11549 69 11549 39 11550 69 11550 67 11550 69 11551 39 11551 41 11551 91 11552 169 11552 167 11552 169 11553 91 11553 93 11553 3563 11554 2368 11554 3565 11554 3563 11555 1025 11555 2368 11555 167 11556 1025 11556 3563 11556 1025 11557 167 11557 169 11557 3563 11558 3633 11558 3631 11558 3633 11559 3563 11559 3565 11559 3631 11560 3657 11560 3655 11560 3657 11561 3631 11561 3633 11561 3683 11562 3689 11562 3687 11562 3689 11563 3683 11563 3685 11563 3655 11564 3685 11564 3683 11564 3685 11565 3655 11565 3657 11565 3691 11566 3689 11566 3693 11566 3689 11567 3691 11567 3687 11567 3700 11568 3699 11568 3702 11568 3695 11569 3699 11569 3700 11569 3699 11570 3695 11570 3697 11570 3695 11571 3693 11571 3697 11571 3693 11572 3695 11572 3691 11572 3708 11573 3702 11573 3711 11573 3702 11574 3708 11574 3700 11574 3709 11575 3716 11575 3717 11575 3716 11576 3709 11576 3715 11576 3715 11577 3709 11577 3714 11577 3708 11578 3714 11578 3709 11578 3714 11579 3708 11579 3713 11579 3713 11580 3708 11580 3712 11580 3712 11581 3708 11581 3711 11581 3701 11582 3717 11582 3703 11582 3717 11583 3701 11583 3709 11583 3696 11584 3703 11584 3698 11584 3703 11585 3696 11585 3701 11585 3692 11586 3698 11586 3694 11586 3698 11587 3692 11587 3696 11587 3688 11588 3694 11588 3690 11588 3694 11589 3688 11589 3692 11589 3686 11590 3688 11590 3690 11590 3688 11591 3686 11591 3684 11591 3658 11592 3684 11592 3686 11592 3684 11593 3658 11593 3656 11593 3634 11594 3656 11594 3658 11594 3656 11595 3634 11595 3632 11595 3566 11596 3632 11596 3634 11596 3632 11597 3566 11597 3564 11597 1071 11598 751 11598 984 11598 2728 11599 2560 11599 2592 11599 1075 11600 751 11600 1071 11600 2728 11601 2544 11601 2560 11601 751 11602 1075 11602 2732 11602 2728 11603 2500 11603 2544 11603 1067 11604 984 11604 992 11604 2732 11605 1075 11605 2728 11605 1063 11606 992 11606 1000 11606 2728 11607 1075 11607 2500 11607 1059 11608 1000 11608 1007 11608 2500 11609 1075 11609 2476 11609 1055 11610 1007 11610 999 11610 1079 11611 2476 11611 1075 11611 1051 11612 999 11612 991 11612 984 11613 1067 11613 1071 11613 1047 11614 991 11614 983 11614 2476 11615 1079 11615 2460 11615 1043 11616 983 11616 959 11616 1083 11617 2460 11617 1079 11617 1040 11618 959 11618 943 11618 992 11619 1063 11619 1067 11619 1042 11620 943 11620 927 11620 2460 11621 1083 11621 2455 11621 1001 11622 2212 11622 1008 11622 2284 11623 2562 11623 2594 11623 2212 11624 1001 11624 2224 11624 2284 11625 2546 11625 2562 11625 993 11626 2224 11626 1001 11626 2284 11627 2502 11627 2546 11627 2224 11628 993 11628 2236 11628 2284 11629 2478 11629 2502 11629 985 11630 2236 11630 993 11630 2284 11631 2462 11631 2478 11631 811 11632 2236 11632 985 11632 2284 11633 2456 11633 2462 11633 807 11634 2236 11634 811 11634 2284 11635 2461 11635 2456 11635 2780 11636 2236 11636 807 11636 2284 11637 2477 11637 2461 11637 2236 11638 2780 11638 2248 11638 2260 11639 2477 11639 2284 11639 815 11640 985 11640 961 11640 2501 11641 2248 11641 2780 11641 823 11642 961 11642 945 11642 2248 11643 2501 11643 2260 11643 816 11644 945 11644 929 11644 2477 11645 2260 11645 2501 11645 13 11646 168 11646 92 11646 168 11647 2249 11647 3564 11647 13 11648 92 11648 68 11648 2261 11649 3564 11649 2249 11649 13 11650 68 11650 40 11650 2285 11651 3564 11651 2261 11651 13 11652 40 11652 36 11652 2305 11653 3564 11653 2285 11653 13 11654 36 11654 32 11654 2325 11655 3564 11655 2305 11655 13 11656 32 11656 28 11656 2337 11657 3564 11657 2325 11657 13 11658 28 11658 23 11658 2642 11659 3564 11659 2626 11659 168 11660 13 11660 898 11660 3709 11661 3564 11661 2642 11661 3656 11662 3709 11662 3684 11662 3684 11663 3709 11663 3688 11663 2626 11664 3564 11664 2337 11664 168 11665 2237 11665 2249 11665 946 11666 168 11666 930 11666 962 11667 168 11667 946 11667 986 11668 168 11668 962 11668 168 11669 986 11669 2237 11669 2237 11670 986 11670 2225 11670 994 11671 2225 11671 986 11671 2225 11672 994 11672 2213 11672 1002 11673 2213 11673 994 11673 1008 11674 2202 11674 1002 11674 2213 11675 1002 11675 2202 11675 168 11676 914 11676 930 11676 168 11677 898 11677 914 11677 13 11678 876 11678 898 11678 13 11679 864 11679 876 11679 13 11680 852 11680 864 11680 674 11681 852 11681 13 11681 852 11682 694 11682 838 11682 728 11683 838 11683 694 11683 838 11684 728 11684 851 11684 808 11685 897 11685 792 11685 875 11686 792 11686 897 11686 792 11687 875 11687 768 11687 863 11688 768 11688 875 11688 752 11689 851 11689 728 11689 768 11690 863 11690 752 11690 851 11691 752 11691 863 11691 852 11692 674 11692 694 11692 13 11693 654 11693 674 11693 13 11694 634 11694 654 11694 13 11695 629 11695 634 11695 13 11696 633 11696 629 11696 12 11697 633 11697 13 11697 912 11698 751 11698 727 11698 896 11699 727 11699 693 11699 751 11700 2764 11700 2780 11700 751 11701 2748 11701 2764 11701 12 11702 693 11702 673 11702 751 11703 2732 11703 2748 11703 944 11704 751 11704 928 11704 960 11705 751 11705 944 11705 984 11706 751 11706 960 11706 2728 11707 2592 11707 2724 11707 2724 11708 2592 11708 2717 11708 2723 11709 2592 11709 2727 11709 2640 11710 2731 11710 2624 11710 2727 11711 2624 11711 2731 11711 2624 11712 2727 11712 2592 11712 2717 11713 2592 11713 2723 11713 12 11714 673 11714 653 11714 633 11715 12 11715 653 11715 751 11716 912 11716 928 11716 727 11717 896 11717 912 11717 693 11718 874 11718 896 11718 693 11719 12 11719 874 11719 874 11720 12 11720 862 11720 862 11721 12 11721 850 11721 1086 11722 2455 11722 1083 11722 1000 11723 1059 11723 1063 11723 1046 11724 927 11724 911 11724 1007 11725 1055 11725 1059 11725 999 11726 1051 11726 1055 11726 991 11727 1047 11727 1051 11727 983 11728 1043 11728 1047 11728 167 11729 911 11729 895 11729 959 11730 1040 11730 1043 11730 943 11731 1042 11731 1040 11731 927 11732 1046 11732 1042 11732 911 11733 167 11733 1046 11733 1046 11734 167 11734 1050 11734 1054 11735 167 11735 1058 11735 1050 11736 167 11736 1054 11736 873 11737 167 11737 895 11737 861 11738 167 11738 873 11738 167 11739 861 11739 12 11739 849 11740 12 11740 861 11740 837 11741 12 11741 849 11741 850 11742 12 11742 837 11742 3688 11743 3709 11743 3692 11743 3696 11744 3709 11744 3701 11744 3692 11745 3709 11745 3696 11745 2626 11746 2337 11746 2349 11746 2594 11747 2349 11747 2361 11747 2594 11748 2361 11748 2364 11748 2594 11749 2364 11749 2360 11749 2594 11750 2360 11750 2348 11750 2594 11751 2348 11751 2336 11751 2594 11752 2336 11752 2324 11752 2202 11753 1008 11753 2212 11753 2594 11754 2304 11754 2284 11754 2594 11755 2324 11755 2304 11755 2349 11756 2594 11756 2626 11756 3564 11757 3709 11757 3632 11757 3632 11758 3709 11758 3656 11758 2664 11759 3709 11759 2642 11759 2676 11760 3709 11760 2664 11760 2688 11761 3709 11761 2676 11761 2702 11762 3709 11762 2688 11762 2687 11763 3709 11763 2702 11763 2675 11764 3709 11764 2687 11764 2858 11765 2675 11765 2663 11765 897 11766 808 11766 913 11766 812 11767 913 11767 808 11767 913 11768 812 11768 929 11768 816 11769 929 11769 812 11769 945 11770 816 11770 823 11770 961 11771 823 11771 815 11771 985 11772 815 11772 811 11772 2501 11773 2780 11773 2545 11773 2545 11774 2780 11774 2561 11774 2780 11775 807 11775 791 11775 2780 11776 791 11776 767 11776 2780 11777 767 11777 751 11777 2561 11778 2780 11778 2593 11778 2780 11779 2625 11779 2593 11779 2804 11780 2625 11780 2780 11780 2625 11781 2804 11781 2641 11781 2838 11782 2641 11782 2804 11782 2641 11783 2838 11783 2663 11783 2858 11784 2663 11784 2838 11784 2675 11785 2858 11785 2878 11785 2675 11786 2878 11786 3709 11786 3708 11787 2878 11787 2898 11787 3708 11788 2898 11788 2903 11788 2731 11789 2640 11789 2747 11789 2662 11790 2747 11790 2640 11790 2747 11791 2662 11791 2763 11791 2674 11792 2763 11792 2662 11792 2763 11793 2674 11793 2779 11793 2686 11794 2779 11794 2674 11794 2779 11795 2686 11795 2803 11795 2701 11796 2803 11796 2686 11796 2803 11797 2701 11797 2837 11797 2685 11798 2837 11798 2701 11798 3708 11799 2837 11799 2685 11799 3708 11800 2685 11800 2673 11800 2837 11801 3708 11801 2857 11801 2455 11802 1086 11802 2459 11802 1082 11803 2459 11803 1086 11803 2459 11804 1082 11804 2475 11804 1078 11805 2475 11805 1082 11805 2475 11806 1078 11806 2499 11806 1074 11807 2499 11807 1078 11807 2499 11808 1074 11808 2543 11808 1070 11809 2543 11809 1074 11809 3563 11810 2543 11810 1070 11810 2543 11811 3563 11811 2559 11811 3563 11812 1070 11812 1066 11812 167 11813 1066 11813 1062 11813 1058 11814 167 11814 1062 11814 2878 11815 3708 11815 3709 11815 2897 11816 3708 11816 2903 11816 2877 11817 3708 11817 2897 11817 2857 11818 3708 11818 2877 11818 3563 11819 2673 11819 2661 11819 3563 11820 2661 11820 2639 11820 3563 11821 2639 11821 2623 11821 3563 11822 2623 11822 2591 11822 1066 11823 167 11823 3563 11823 167 11824 12 11824 22 11824 2559 11825 3563 11825 2591 11825 167 11826 22 11826 27 11826 2673 11827 3563 11827 3708 11827 167 11828 27 11828 31 11828 3708 11829 3563 11829 3700 11829 167 11830 31 11830 35 11830 3700 11831 3563 11831 3695 11831 167 11832 35 11832 39 11832 3695 11833 3563 11833 3691 11833 167 11834 39 11834 67 11834 3691 11835 3563 11835 3687 11835 167 11836 67 11836 91 11836 3687 11837 3563 11837 3683 11837 3683 11838 3563 11838 3655 11838 3655 11839 3563 11839 3631 11839 1746 11840 1735 11840 1734 11840 1735 11841 1746 11841 1747 11841 1766 11842 1747 11842 1746 11842 1747 11843 1766 11843 1767 11843 1786 11844 1767 11844 1766 11844 1767 11845 1786 11845 1787 11845 1814 11846 1787 11846 1786 11846 1787 11847 1814 11847 1815 11847 1834 11848 1815 11848 1814 11848 1815 11849 1834 11849 1835 11849 1862 11850 1835 11850 1834 11850 1835 11851 1862 11851 1863 11851 1862 11852 1891 11852 1863 11852 1891 11853 1862 11853 1890 11853 1890 11854 1917 11854 1891 11854 1917 11855 1890 11855 1916 11855 1916 11856 1943 11856 1917 11856 1943 11857 1916 11857 1942 11857 1942 11858 1961 11858 1943 11858 1961 11859 1942 11859 1960 11859 1960 11860 1975 11860 1961 11860 1975 11861 1960 11861 1974 11861 1974 11862 2430 11862 1975 11862 2430 11863 1974 11863 2429 11863 2423 11864 2430 11864 2429 11864 2430 11865 2423 11865 2424 11865 3716 11866 2393 11866 2394 11866 2393 11867 3716 11867 3715 11867 2393 11868 1981 11868 2394 11868 1981 11869 2393 11869 1980 11869 1980 11870 1967 11870 1981 11870 1967 11871 1980 11871 1966 11871 1966 11872 1949 11872 1967 11872 1949 11873 1966 11873 1948 11873 1948 11874 1923 11874 1949 11874 1923 11875 1948 11875 1922 11875 1922 11876 1897 11876 1923 11876 1897 11877 1922 11877 1896 11877 1896 11878 1869 11878 1897 11878 1869 11879 1896 11879 1868 11879 1840 11880 1869 11880 1868 11880 1869 11881 1840 11881 1841 11881 1820 11882 1841 11882 1840 11882 1841 11883 1820 11883 1821 11883 1792 11884 1821 11884 1820 11884 1821 11885 1792 11885 1793 11885 1772 11886 1793 11886 1792 11886 1793 11887 1772 11887 1773 11887 1752 11888 1773 11888 1772 11888 1773 11889 1752 11889 1753 11889 1740 11890 1753 11890 1752 11890 1753 11891 1740 11891 1741 11891 1734 11892 1741 11892 1740 11892 1741 11893 1734 11893 1735 11893 2394 11894 2430 11894 3716 11894 1741 11895 2394 11895 1981 11895 2394 11896 1741 11896 2430 11896 1741 11897 1981 11897 1967 11897 1735 11898 2430 11898 1741 11898 1741 11899 1967 11899 1949 11899 2430 11900 1735 11900 1975 11900 1741 11901 1949 11901 1923 11901 1975 11902 1735 11902 1961 11902 1741 11903 1923 11903 1897 11903 1961 11904 1735 11904 1943 11904 1741 11905 1897 11905 1869 11905 1943 11906 1735 11906 1917 11906 1741 11907 1869 11907 1841 11907 1917 11908 1735 11908 1891 11908 1741 11909 1841 11909 1821 11909 1891 11910 1735 11910 1863 11910 1741 11911 1821 11911 1793 11911 1863 11912 1735 11912 1835 11912 1741 11913 1793 11913 1773 11913 1835 11914 1735 11914 1815 11914 1741 11915 1773 11915 1753 11915 1815 11916 1735 11916 1787 11916 1787 11917 1735 11917 1767 11917 1767 11918 1735 11918 1747 11918 3716 11919 2430 11919 2424 11919 2429 11920 3715 11920 2423 11920 2429 11921 2393 11921 3715 11921 1734 11922 2429 11922 1974 11922 2429 11923 1734 11923 2393 11923 1734 11924 1974 11924 1960 11924 1740 11925 2393 11925 1734 11925 1734 11926 1960 11926 1942 11926 2393 11927 1740 11927 1980 11927 1734 11928 1942 11928 1916 11928 1980 11929 1740 11929 1966 11929 1734 11930 1916 11930 1890 11930 1966 11931 1740 11931 1948 11931 1734 11932 1890 11932 1862 11932 1948 11933 1740 11933 1922 11933 1734 11934 1862 11934 1834 11934 1922 11935 1740 11935 1896 11935 1734 11936 1834 11936 1814 11936 1896 11937 1740 11937 1868 11937 1734 11938 1814 11938 1786 11938 1868 11939 1740 11939 1840 11939 1734 11940 1786 11940 1766 11940 1840 11941 1740 11941 1820 11941 1734 11942 1766 11942 1746 11942 1820 11943 1740 11943 1792 11943 1792 11944 1740 11944 1772 11944 1772 11945 1740 11945 1752 11945 1744 11946 1733 11946 1732 11946 1733 11947 1744 11947 1745 11947 1764 11948 1745 11948 1744 11948 1745 11949 1764 11949 1765 11949 1784 11950 1765 11950 1764 11950 1765 11951 1784 11951 1785 11951 1812 11952 1785 11952 1784 11952 1785 11953 1812 11953 1813 11953 1832 11954 1813 11954 1812 11954 1813 11955 1832 11955 1833 11955 1860 11956 1833 11956 1832 11956 1833 11957 1860 11957 1861 11957 1860 11958 1889 11958 1861 11958 1889 11959 1860 11959 1888 11959 1888 11960 1915 11960 1889 11960 1915 11961 1888 11961 1914 11961 1914 11962 1941 11962 1915 11962 1941 11963 1914 11963 1940 11963 1940 11964 1959 11964 1941 11964 1959 11965 1940 11965 1958 11965 1958 11966 1973 11966 1959 11966 1973 11967 1958 11967 1972 11967 1972 11968 2428 11968 1973 11968 2428 11969 1972 11969 2427 11969 2421 11970 2428 11970 2427 11970 2428 11971 2421 11971 2422 11971 3714 11972 2391 11972 2392 11972 2391 11973 3714 11973 3713 11973 2391 11974 1979 11974 2392 11974 1979 11975 2391 11975 1978 11975 1978 11976 1965 11976 1979 11976 1965 11977 1978 11977 1964 11977 1964 11978 1947 11978 1965 11978 1947 11979 1964 11979 1946 11979 1946 11980 1921 11980 1947 11980 1921 11981 1946 11981 1920 11981 1920 11982 1895 11982 1921 11982 1895 11983 1920 11983 1894 11983 1894 11984 1867 11984 1895 11984 1867 11985 1894 11985 1866 11985 1838 11986 1867 11986 1866 11986 1867 11987 1838 11987 1839 11987 1818 11988 1839 11988 1838 11988 1839 11989 1818 11989 1819 11989 1790 11990 1819 11990 1818 11990 1819 11991 1790 11991 1791 11991 1770 11992 1791 11992 1790 11992 1791 11993 1770 11993 1771 11993 1750 11994 1771 11994 1770 11994 1771 11995 1750 11995 1751 11995 1738 11996 1751 11996 1750 11996 1751 11997 1738 11997 1739 11997 1732 11998 1739 11998 1738 11998 1739 11999 1732 11999 1733 11999 2392 12000 2428 12000 3714 12000 1739 12001 2392 12001 1979 12001 2392 12002 1739 12002 2428 12002 1739 12003 1979 12003 1965 12003 1733 12004 2428 12004 1739 12004 1739 12005 1965 12005 1947 12005 2428 12006 1733 12006 1973 12006 1739 12007 1947 12007 1921 12007 1973 12008 1733 12008 1959 12008 1739 12009 1921 12009 1895 12009 1959 12010 1733 12010 1941 12010 1739 12011 1895 12011 1867 12011 1941 12012 1733 12012 1915 12012 1739 12013 1867 12013 1839 12013 1915 12014 1733 12014 1889 12014 1739 12015 1839 12015 1819 12015 1889 12016 1733 12016 1861 12016 1739 12017 1819 12017 1791 12017 1861 12018 1733 12018 1833 12018 1739 12019 1791 12019 1771 12019 1833 12020 1733 12020 1813 12020 1739 12021 1771 12021 1751 12021 1813 12022 1733 12022 1785 12022 1785 12023 1733 12023 1765 12023 1765 12024 1733 12024 1745 12024 3714 12025 2428 12025 2422 12025 2427 12026 3713 12026 2421 12026 2427 12027 2391 12027 3713 12027 1732 12028 2427 12028 1972 12028 2427 12029 1732 12029 2391 12029 1732 12030 1972 12030 1958 12030 1738 12031 2391 12031 1732 12031 1732 12032 1958 12032 1940 12032 2391 12033 1738 12033 1978 12033 1732 12034 1940 12034 1914 12034 1978 12035 1738 12035 1964 12035 1732 12036 1914 12036 1888 12036 1964 12037 1738 12037 1946 12037 1732 12038 1888 12038 1860 12038 1946 12039 1738 12039 1920 12039 1732 12040 1860 12040 1832 12040 1920 12041 1738 12041 1894 12041 1732 12042 1832 12042 1812 12042 1894 12043 1738 12043 1866 12043 1732 12044 1812 12044 1784 12044 1866 12045 1738 12045 1838 12045 1732 12046 1784 12046 1764 12046 1838 12047 1738 12047 1818 12047 1732 12048 1764 12048 1744 12048 1818 12049 1738 12049 1790 12049 1790 12050 1738 12050 1770 12050 1770 12051 1738 12051 1750 12051 1970 12052 2426 12052 1971 12052 2426 12053 1970 12053 2425 12053 2419 12054 2426 12054 2425 12054 2426 12055 2419 12055 2420 12055 3711 12056 2390 12056 3712 12056 2390 12057 3711 12057 2389 12057 2389 12058 3711 12058 3710 12058 2389 12059 1977 12059 2390 12059 1977 12060 2389 12060 1976 12060 1736 12061 1749 12061 1748 12061 1749 12062 1736 12062 1737 12062 1748 12063 1769 12063 1768 12063 1769 12064 1748 12064 1749 12064 1788 12065 1817 12065 1816 12065 1817 12066 1788 12066 1789 12066 1768 12067 1789 12067 1788 12067 1789 12068 1768 12068 1769 12068 1816 12069 1837 12069 1836 12069 1837 12070 1816 12070 1817 12070 1836 12071 1865 12071 1864 12071 1865 12072 1836 12072 1837 12072 1918 12073 1893 12073 1919 12073 1893 12074 1918 12074 1892 12074 1892 12075 1865 12075 1893 12075 1865 12076 1892 12076 1864 12076 1944 12077 1919 12077 1945 12077 1919 12078 1944 12078 1918 12078 1962 12079 1945 12079 1963 12079 1945 12080 1962 12080 1944 12080 1976 12081 1963 12081 1977 12081 1963 12082 1976 12082 1962 12082 1730 12083 1737 12083 1736 12083 1737 12084 1730 12084 1731 12084 1956 12085 1971 12085 1957 12085 1971 12086 1956 12086 1970 12086 1938 12087 1957 12087 1939 12087 1957 12088 1938 12088 1956 12088 1912 12089 1939 12089 1913 12089 1939 12090 1912 12090 1938 12090 1886 12091 1913 12091 1887 12091 1913 12092 1886 12092 1912 12092 1858 12093 1887 12093 1859 12093 1887 12094 1858 12094 1886 12094 1858 12095 1831 12095 1830 12095 1831 12096 1858 12096 1859 12096 1830 12097 1811 12097 1810 12097 1811 12098 1830 12098 1831 12098 1810 12099 1783 12099 1782 12099 1783 12100 1810 12100 1811 12100 1782 12101 1763 12101 1762 12101 1763 12102 1782 12102 1783 12102 1762 12103 1743 12103 1742 12103 1743 12104 1762 12104 1763 12104 1742 12105 1731 12105 1730 12105 1731 12106 1742 12106 1743 12106 2390 12107 2426 12107 3712 12107 1737 12108 2390 12108 1977 12108 2390 12109 1737 12109 2426 12109 1737 12110 1977 12110 1963 12110 1731 12111 2426 12111 1737 12111 1737 12112 1963 12112 1945 12112 2426 12113 1731 12113 1971 12113 1737 12114 1945 12114 1919 12114 1971 12115 1731 12115 1957 12115 1737 12116 1919 12116 1893 12116 1957 12117 1731 12117 1939 12117 1737 12118 1893 12118 1865 12118 1939 12119 1731 12119 1913 12119 1737 12120 1865 12120 1837 12120 1913 12121 1731 12121 1887 12121 1737 12122 1837 12122 1817 12122 1887 12123 1731 12123 1859 12123 1737 12124 1817 12124 1789 12124 1859 12125 1731 12125 1831 12125 1737 12126 1789 12126 1769 12126 1831 12127 1731 12127 1811 12127 1737 12128 1769 12128 1749 12128 1811 12129 1731 12129 1783 12129 1783 12130 1731 12130 1763 12130 1763 12131 1731 12131 1743 12131 3712 12132 2426 12132 2420 12132 2425 12133 3699 12133 2419 12133 3699 12134 2425 12134 3710 12134 2425 12135 2389 12135 3710 12135 1730 12136 2425 12136 1970 12136 2425 12137 1730 12137 2389 12137 1730 12138 1970 12138 1956 12138 1736 12139 2389 12139 1730 12139 1730 12140 1956 12140 1938 12140 2389 12141 1736 12141 1976 12141 1730 12142 1938 12142 1912 12142 1976 12143 1736 12143 1962 12143 1730 12144 1912 12144 1886 12144 1962 12145 1736 12145 1944 12145 1730 12146 1886 12146 1858 12146 1944 12147 1736 12147 1918 12147 1730 12148 1858 12148 1830 12148 1918 12149 1736 12149 1892 12149 1730 12150 1830 12150 1810 12150 1892 12151 1736 12151 1864 12151 1730 12152 1810 12152 1782 12152 1864 12153 1736 12153 1836 12153 1730 12154 1782 12154 1762 12154 1836 12155 1736 12155 1816 12155 1730 12156 1762 12156 1742 12156 1816 12157 1736 12157 1788 12157 1788 12158 1736 12158 1768 12158 1768 12159 1736 12159 1748 12159 1246 12160 1031 12160 1247 12160 1031 12161 1246 12161 1030 12161 1260 12162 1247 12162 1261 12162 1247 12163 1260 12163 1246 12163 1296 12164 1277 12164 1297 12164 1277 12165 1296 12165 1276 12165 1276 12166 1261 12166 1277 12166 1261 12167 1276 12167 1260 12167 1336 12168 1317 12168 1337 12168 1317 12169 1336 12169 1316 12169 1316 12170 1297 12170 1317 12170 1297 12171 1316 12171 1296 12171 1357 12172 1336 12172 1337 12172 1336 12173 1357 12173 1356 12173 1375 12174 1356 12174 1357 12174 1356 12175 1375 12175 1374 12175 1409 12176 1394 12176 1395 12176 1394 12177 1409 12177 1408 12177 1395 12178 1374 12178 1375 12178 1374 12179 1395 12179 1394 12179 1427 12180 1408 12180 1409 12180 1408 12181 1427 12181 1426 12181 1439 12182 1426 12182 1427 12182 1426 12183 1439 12183 1438 12183 1433 12184 1438 12184 1439 12184 1438 12185 1433 12185 1432 12185 1421 12186 1432 12186 1433 12186 1432 12187 1421 12187 1420 12187 1403 12188 1420 12188 1421 12188 1420 12189 1403 12189 1402 12189 1389 12190 1402 12190 1403 12190 1402 12191 1389 12191 1388 12191 1369 12192 1388 12192 1389 12192 1388 12193 1369 12193 1368 12193 1351 12194 1368 12194 1369 12194 1368 12195 1351 12195 1350 12195 1331 12196 1350 12196 1351 12196 1350 12197 1331 12197 1330 12197 1310 12198 1331 12198 1311 12198 1331 12199 1310 12199 1330 12199 1290 12200 1311 12200 1291 12200 1311 12201 1290 12201 1310 12201 1270 12202 1291 12202 1271 12202 1291 12203 1270 12203 1290 12203 1254 12204 1271 12204 1255 12204 1271 12205 1254 12205 1270 12205 1240 12206 1255 12206 1241 12206 1255 12207 1240 12207 1254 12207 1017 12208 1241 12208 1018 12208 1241 12209 1017 12209 1240 12209 1012 12210 1017 12210 1018 12210 1017 12211 1012 12211 1011 12211 15 12212 1030 12212 14 12212 1030 12213 15 12213 1031 12213 1031 12214 15 12214 16 12214 1011 12215 26 12215 1017 12215 1240 12216 1432 12216 1420 12216 1432 12217 1017 12217 1438 12217 1240 12218 1420 12218 1402 12218 1246 12219 1438 12219 1030 12219 1240 12220 1402 12220 1388 12220 1438 12221 1246 12221 1426 12221 1240 12222 1388 12222 1368 12222 1432 12223 1240 12223 1017 12223 1240 12224 1368 12224 1350 12224 1426 12225 1246 12225 1408 12225 1240 12226 1350 12226 1330 12226 1394 12227 1246 12227 1374 12227 1240 12228 1330 12228 1310 12228 1374 12229 1246 12229 1356 12229 1240 12230 1310 12230 1290 12230 1356 12231 1246 12231 1336 12231 1240 12232 1290 12232 1270 12232 1336 12233 1246 12233 1316 12233 1240 12234 1270 12234 1254 12234 1316 12235 1246 12235 1296 12235 1296 12236 1246 12236 1276 12236 1276 12237 1246 12237 1260 12237 1408 12238 1246 12238 1394 12238 1438 12239 1017 12239 1030 12239 14 12240 1017 12240 26 12240 1017 12241 14 12241 1030 12241 1247 12242 1439 12242 1427 12242 1439 12243 1031 12243 1433 12243 1247 12244 1427 12244 1409 12244 1018 12245 1433 12245 1031 12245 1247 12246 1409 12246 1395 12246 1241 12247 1433 12247 1018 12247 1247 12248 1395 12248 1375 12248 1439 12249 1247 12249 1031 12249 1247 12250 1375 12250 1357 12250 1433 12251 1241 12251 1421 12251 1247 12252 1357 12252 1337 12252 1389 12253 1241 12253 1369 12253 1247 12254 1337 12254 1317 12254 1369 12255 1241 12255 1351 12255 1247 12256 1317 12256 1297 12256 1351 12257 1241 12257 1331 12257 1247 12258 1297 12258 1277 12258 1331 12259 1241 12259 1311 12259 1247 12260 1277 12260 1261 12260 1311 12261 1241 12261 1291 12261 1291 12262 1241 12262 1271 12262 1271 12263 1241 12263 1255 12263 1421 12264 1241 12264 1403 12264 1403 12265 1241 12265 1389 12265 1018 12266 16 12266 1012 12266 16 12267 1018 12267 1031 12267 1441 12268 1428 12268 1429 12268 1428 12269 1441 12269 1440 12269 1429 12270 1410 12270 1411 12270 1410 12271 1429 12271 1428 12271 1411 12272 1396 12272 1397 12272 1396 12273 1411 12273 1410 12273 1397 12274 1376 12274 1377 12274 1376 12275 1397 12275 1396 12275 1377 12276 1358 12276 1359 12276 1358 12277 1377 12277 1376 12277 1359 12278 1338 12278 1339 12278 1338 12279 1359 12279 1358 12279 1338 12280 1319 12280 1339 12280 1319 12281 1338 12281 1318 12281 1318 12282 1299 12282 1319 12282 1299 12283 1318 12283 1298 12283 1298 12284 1279 12284 1299 12284 1279 12285 1298 12285 1278 12285 1278 12286 1263 12286 1279 12286 1263 12287 1278 12287 1262 12287 1262 12288 1249 12288 1263 12288 1249 12289 1262 12289 1248 12289 1435 12290 1440 12290 1441 12290 1440 12291 1435 12291 1434 12291 1242 12292 1257 12292 1243 12292 1257 12293 1242 12293 1256 12293 1256 12294 1273 12294 1257 12294 1273 12295 1256 12295 1272 12295 1272 12296 1293 12296 1273 12296 1293 12297 1272 12297 1292 12297 1292 12298 1313 12298 1293 12298 1313 12299 1292 12299 1312 12299 1312 12300 1333 12300 1313 12300 1333 12301 1312 12301 1332 12301 1333 12302 1352 12302 1353 12302 1352 12303 1333 12303 1332 12303 1353 12304 1370 12304 1371 12304 1370 12305 1353 12305 1352 12305 1371 12306 1390 12306 1391 12306 1390 12307 1371 12307 1370 12307 1391 12308 1404 12308 1405 12308 1404 12309 1391 12309 1390 12309 1405 12310 1422 12310 1423 12310 1422 12311 1405 12311 1404 12311 1423 12312 1434 12312 1435 12312 1434 12313 1423 12313 1422 12313 1019 12314 1243 12314 1020 12314 1243 12315 1019 12315 1242 12315 1014 12316 1019 12316 1020 12316 1019 12317 1014 12317 1013 12317 17 12318 1033 12318 1032 12318 1033 12319 17 12319 18 12319 1248 12320 1033 12320 1249 12320 1033 12321 1248 12321 1032 12321 1013 12322 17 12322 1019 12322 1242 12323 1434 12323 1422 12323 1434 12324 1019 12324 1440 12324 1242 12325 1422 12325 1404 12325 1248 12326 1440 12326 1032 12326 1242 12327 1404 12327 1390 12327 1440 12328 1248 12328 1428 12328 1242 12329 1390 12329 1370 12329 1434 12330 1242 12330 1019 12330 1242 12331 1370 12331 1352 12331 1428 12332 1248 12332 1410 12332 1242 12333 1352 12333 1332 12333 1396 12334 1248 12334 1376 12334 1242 12335 1332 12335 1312 12335 1376 12336 1248 12336 1358 12336 1242 12337 1312 12337 1292 12337 1358 12338 1248 12338 1338 12338 1242 12339 1292 12339 1272 12339 1338 12340 1248 12340 1318 12340 1242 12341 1272 12341 1256 12341 1318 12342 1248 12342 1298 12342 1298 12343 1248 12343 1278 12343 1278 12344 1248 12344 1262 12344 1410 12345 1248 12345 1396 12345 1440 12346 1019 12346 1032 12346 1032 12347 1019 12347 17 12347 1249 12348 1441 12348 1429 12348 1441 12349 1033 12349 1435 12349 1249 12350 1429 12350 1411 12350 1020 12351 1435 12351 1033 12351 1249 12352 1411 12352 1397 12352 1243 12353 1435 12353 1020 12353 1249 12354 1397 12354 1377 12354 1441 12355 1249 12355 1033 12355 1249 12356 1377 12356 1359 12356 1435 12357 1243 12357 1423 12357 1249 12358 1359 12358 1339 12358 1391 12359 1243 12359 1371 12359 1249 12360 1339 12360 1319 12360 1371 12361 1243 12361 1353 12361 1249 12362 1319 12362 1299 12362 1353 12363 1243 12363 1333 12363 1249 12364 1299 12364 1279 12364 1333 12365 1243 12365 1313 12365 1249 12366 1279 12366 1263 12366 1313 12367 1243 12367 1293 12367 1293 12368 1243 12368 1273 12368 1273 12369 1243 12369 1257 12369 1423 12370 1243 12370 1405 12370 1405 12371 1243 12371 1391 12371 1020 12372 18 12372 1014 12372 18 12373 1020 12373 1033 12373 1443 12374 1430 12374 1431 12374 1430 12375 1443 12375 1442 12375 1431 12376 1412 12376 1413 12376 1412 12377 1431 12377 1430 12377 1413 12378 1398 12378 1399 12378 1398 12379 1413 12379 1412 12379 1399 12380 1378 12380 1379 12380 1378 12381 1399 12381 1398 12381 1379 12382 1360 12382 1361 12382 1360 12383 1379 12383 1378 12383 1361 12384 1340 12384 1341 12384 1340 12385 1361 12385 1360 12385 1340 12386 1321 12386 1341 12386 1321 12387 1340 12387 1320 12387 1320 12388 1301 12388 1321 12388 1301 12389 1320 12389 1300 12389 1300 12390 1281 12390 1301 12390 1281 12391 1300 12391 1280 12391 1280 12392 1265 12392 1281 12392 1265 12393 1280 12393 1264 12393 1264 12394 1251 12394 1265 12394 1251 12395 1264 12395 1250 12395 1437 12396 1442 12396 1443 12396 1442 12397 1437 12397 1436 12397 1244 12398 1259 12398 1245 12398 1259 12399 1244 12399 1258 12399 1258 12400 1275 12400 1259 12400 1275 12401 1258 12401 1274 12401 1274 12402 1295 12402 1275 12402 1295 12403 1274 12403 1294 12403 1294 12404 1315 12404 1295 12404 1315 12405 1294 12405 1314 12405 1314 12406 1335 12406 1315 12406 1335 12407 1314 12407 1334 12407 1335 12408 1354 12408 1355 12408 1354 12409 1335 12409 1334 12409 1355 12410 1372 12410 1373 12410 1372 12411 1355 12411 1354 12411 1373 12412 1392 12412 1393 12412 1392 12413 1373 12413 1372 12413 1393 12414 1406 12414 1407 12414 1406 12415 1393 12415 1392 12415 1407 12416 1424 12416 1425 12416 1424 12417 1407 12417 1406 12417 1425 12418 1436 12418 1437 12418 1436 12419 1425 12419 1424 12419 1021 12420 1245 12420 1022 12420 1245 12421 1021 12421 1244 12421 1016 12422 1021 12422 1022 12422 1021 12423 1016 12423 1015 12423 19 12424 1035 12424 1034 12424 1035 12425 19 12425 20 12425 1250 12426 1035 12426 1251 12426 1035 12427 1250 12427 1034 12427 1015 12428 19 12428 1021 12428 1244 12429 1436 12429 1424 12429 1436 12430 1021 12430 1442 12430 1244 12431 1424 12431 1406 12431 1250 12432 1442 12432 1034 12432 1244 12433 1406 12433 1392 12433 1442 12434 1250 12434 1430 12434 1244 12435 1392 12435 1372 12435 1436 12436 1244 12436 1021 12436 1244 12437 1372 12437 1354 12437 1430 12438 1250 12438 1412 12438 1244 12439 1354 12439 1334 12439 1398 12440 1250 12440 1378 12440 1244 12441 1334 12441 1314 12441 1378 12442 1250 12442 1360 12442 1244 12443 1314 12443 1294 12443 1360 12444 1250 12444 1340 12444 1244 12445 1294 12445 1274 12445 1340 12446 1250 12446 1320 12446 1244 12447 1274 12447 1258 12447 1320 12448 1250 12448 1300 12448 1300 12449 1250 12449 1280 12449 1280 12450 1250 12450 1264 12450 1412 12451 1250 12451 1398 12451 1442 12452 1021 12452 1034 12452 1034 12453 1021 12453 19 12453 1251 12454 1443 12454 1431 12454 1443 12455 1035 12455 1437 12455 1251 12456 1431 12456 1413 12456 1022 12457 1437 12457 1035 12457 1251 12458 1413 12458 1399 12458 1245 12459 1437 12459 1022 12459 1251 12460 1399 12460 1379 12460 1443 12461 1251 12461 1035 12461 1251 12462 1379 12462 1361 12462 1437 12463 1245 12463 1425 12463 1251 12464 1361 12464 1341 12464 1393 12465 1245 12465 1373 12465 1251 12466 1341 12466 1321 12466 1373 12467 1245 12467 1355 12467 1251 12468 1321 12468 1301 12468 1355 12469 1245 12469 1335 12469 1251 12470 1301 12470 1281 12470 1335 12471 1245 12471 1315 12471 1251 12472 1281 12472 1265 12472 1315 12473 1245 12473 1295 12473 1295 12474 1245 12474 1275 12474 1275 12475 1245 12475 1259 12475 1425 12476 1245 12476 1407 12476 1407 12477 1245 12477 1393 12477 1022 12478 20 12478 1016 12478 20 12479 1022 12479 1035 12479 2093 12480 4970 12480 2094 12480 4970 12481 2093 12481 4969 12481 1927 12482 5056 12482 5032 12482 5056 12483 1927 12483 1903 12483 1903 12484 5088 12484 5056 12484 5088 12485 1903 12485 1875 12485 1875 12486 5122 12486 5088 12486 5122 12487 1875 12487 1843 12487 1843 12488 5156 12488 5122 12488 5156 12489 1843 12489 1803 12489 1803 12490 5182 12490 5156 12490 5182 12491 1803 12491 1779 12491 1723 12492 5182 12492 1779 12492 5182 12493 1723 12493 5214 12493 1685 12494 5214 12494 1723 12494 5214 12495 1685 12495 5258 12495 1625 12496 5258 12496 1685 12496 5258 12497 1625 12497 5302 12497 1605 12498 5302 12498 1625 12498 5302 12499 1605 12499 5314 12499 5330 12500 5314 12500 1605 12500 5330 12501 1605 12501 1591 12501 5314 12502 5330 12502 5328 12502 1590 12503 5330 12503 1591 12503 5330 12504 1590 12504 5329 12504 1600 12505 5329 12505 1590 12505 1600 12506 1590 12506 1597 12506 5319 12507 5329 12507 1600 12507 5329 12508 5319 12508 5327 12508 5327 12509 5319 12509 5322 12509 1618 12510 1600 12510 1604 12510 1600 12511 1618 12511 5319 12511 5309 12512 5319 12512 1618 12512 5319 12513 5309 12513 5313 12513 1670 12514 1618 12514 1621 12514 1618 12515 1670 12515 5309 12515 5269 12516 5309 12516 1670 12516 5309 12517 5269 12517 5306 12517 1702 12518 1670 12518 1681 12518 1670 12519 1702 12519 5269 12519 5235 12520 5269 12520 1702 12520 5269 12521 5235 12521 5262 12521 1760 12522 1702 12522 1711 12522 1702 12523 1760 12523 5235 12523 5195 12524 5235 12524 1760 12524 5235 12525 5195 12525 5218 12525 5195 12526 5159 12526 5186 12526 5195 12527 1800 12527 5159 12527 1760 12528 1800 12528 5195 12528 1800 12529 1760 12529 1775 12529 5159 12530 5129 12530 5150 12530 5159 12531 1828 12531 5129 12531 1800 12532 1828 12532 5159 12532 1828 12533 1800 12533 1807 12533 5129 12534 5101 12534 5118 12534 5129 12535 1856 12535 5101 12535 1828 12536 1856 12536 5129 12536 1856 12537 1828 12537 1847 12537 5101 12538 5071 12538 5094 12538 5101 12539 1884 12539 5071 12539 1856 12540 1884 12540 5101 12540 1884 12541 1856 12541 1871 12541 5071 12542 5031 12542 5064 12542 5071 12543 1926 12543 5031 12543 1884 12544 1926 12544 5071 12544 1926 12545 1884 12545 1899 12545 2091 12546 4968 12546 2092 12546 4968 12547 2091 12547 4967 12547 4971 12548 2096 12548 4972 12548 2096 12549 4971 12549 2095 12549 5033 12550 5072 12550 5065 12550 1928 12551 5072 12551 5033 12551 1885 12552 1928 12552 1900 12552 1928 12553 1885 12553 5072 12553 5072 12554 5102 12554 5095 12554 1885 12555 5102 12555 5072 12555 1857 12556 1885 12556 1872 12556 1885 12557 1857 12557 5102 12557 5102 12558 5130 12558 5119 12558 1857 12559 5130 12559 5102 12559 1829 12560 1857 12560 1848 12560 1857 12561 1829 12561 5130 12561 5130 12562 5160 12562 5151 12562 1829 12563 5160 12563 5130 12563 1801 12564 1829 12564 1808 12564 1829 12565 1801 12565 5160 12565 5160 12566 5196 12566 5187 12566 1801 12567 5196 12567 5160 12567 1761 12568 1801 12568 1776 12568 1801 12569 1761 12569 5196 12569 5196 12570 5236 12570 5219 12570 5236 12571 5196 12571 1703 12571 1761 12572 1703 12572 5196 12572 1703 12573 1761 12573 1712 12573 5236 12574 5270 12574 5263 12574 5270 12575 5236 12575 1671 12575 1703 12576 1671 12576 5236 12576 1671 12577 1703 12577 1682 12577 5270 12578 5310 12578 5307 12578 5310 12579 5270 12579 1619 12579 1671 12580 1619 12580 5270 12580 1619 12581 1671 12581 1622 12581 5310 12582 5320 12582 5316 12582 5320 12583 5310 12583 1601 12583 1619 12584 1601 12584 5310 12584 1601 12585 1619 12585 1607 12585 5320 12586 5331 12586 5334 12586 5320 12587 5334 12587 5323 12587 5331 12588 5320 12588 1592 12588 1601 12589 1592 12589 5320 12589 1592 12590 1601 12590 1598 12590 5331 12591 1593 12591 5332 12591 1593 12592 5331 12592 1592 12592 5332 12593 5315 12593 5333 12593 5315 12594 5332 12594 1606 12594 1606 12595 5332 12595 1593 12595 5315 12596 1626 12596 5303 12596 1626 12597 5315 12597 1606 12597 5303 12598 1686 12598 5259 12598 1686 12599 5303 12599 1626 12599 5259 12600 1724 12600 5215 12600 1724 12601 5259 12601 1686 12601 5215 12602 1780 12602 5183 12602 1780 12603 5215 12603 1724 12603 5183 12604 1804 12604 5157 12604 1804 12605 5183 12605 1780 12605 5157 12606 1844 12606 5123 12606 1844 12607 5157 12607 1804 12607 5123 12608 1876 12608 5089 12608 1876 12609 5123 12609 1844 12609 5089 12610 1904 12610 5057 12610 1904 12611 5089 12611 1876 12611 5057 12612 1929 12612 5034 12612 1929 12613 5057 12613 1904 12613 4973 12614 2098 12614 4974 12614 2098 12615 4973 12615 2097 12615 5332 12616 5330 12616 5331 12616 5333 12617 5330 12617 5332 12617 5330 12618 5333 12618 5328 12618 5329 12619 5331 12619 5330 12619 5329 12620 5334 12620 5331 12620 5334 12621 5329 12621 5327 12621 2181 12622 6983 12622 6985 12622 6983 12623 2181 12623 2179 12623 6935 12624 6938 12624 6939 12624 6938 12625 6935 12625 6937 12625 6934 12626 6937 12626 6935 12626 6937 12627 6934 12627 6936 12627 6979 12628 6981 12628 6982 12628 6979 12629 6978 12629 6981 12629 6977 12630 6978 12630 6979 12630 6977 12631 6976 12631 6978 12631 6975 12632 6976 12632 6977 12632 6975 12633 6974 12633 6976 12633 6973 12634 6974 12634 6975 12634 6973 12635 6972 12635 6974 12635 6971 12636 6972 12636 6973 12636 6971 12637 6970 12637 6972 12637 6969 12638 6970 12638 6971 12638 6969 12639 6968 12639 6970 12639 6967 12640 6968 12640 6969 12640 6967 12641 6966 12641 6968 12641 6965 12642 6966 12642 6967 12642 6965 12643 6964 12643 6966 12643 6963 12644 6964 12644 6965 12644 6963 12645 6962 12645 6964 12645 6961 12646 6962 12646 6963 12646 6961 12647 6960 12647 6962 12647 6959 12648 6960 12648 6961 12648 6959 12649 6958 12649 6960 12649 6957 12650 6958 12650 6959 12650 6957 12651 6956 12651 6958 12651 6955 12652 6956 12652 6957 12652 6955 12653 6954 12653 6956 12653 6953 12654 6954 12654 6955 12654 6953 12655 6952 12655 6954 12655 6951 12656 6952 12656 6953 12656 6951 12657 6950 12657 6952 12657 6949 12658 6950 12658 6951 12658 6949 12659 6948 12659 6950 12659 6947 12660 6948 12660 6949 12660 6947 12661 6946 12661 6948 12661 6945 12662 6946 12662 6947 12662 6945 12663 6944 12663 6946 12663 6943 12664 6944 12664 6945 12664 6943 12665 6942 12665 6944 12665 6941 12666 6942 12666 6943 12666 6941 12667 6940 12667 6942 12667 6938 12668 6940 12668 6941 12668 6940 12669 6938 12669 6937 12669 6982 12670 6985 12670 6983 12670 6985 12671 6982 12671 6984 12671 6981 12672 6984 12672 6982 12672 6984 12673 6981 12673 6980 12673 2130 12674 2133 12674 2132 12674 2133 12675 2130 12675 2134 12675 2131 12676 2134 12676 2130 12676 2134 12677 2131 12677 2135 12677 2174 12678 2178 12678 2177 12678 2174 12679 2175 12679 2178 12679 2172 12680 2175 12680 2174 12680 2172 12681 2173 12681 2175 12681 2170 12682 2173 12682 2172 12682 2170 12683 2171 12683 2173 12683 2168 12684 2171 12684 2170 12684 2168 12685 2169 12685 2171 12685 2166 12686 2169 12686 2168 12686 2166 12687 2167 12687 2169 12687 2164 12688 2167 12688 2166 12688 2164 12689 2165 12689 2167 12689 2162 12690 2165 12690 2164 12690 2162 12691 2163 12691 2165 12691 2160 12692 2163 12692 2162 12692 2160 12693 2161 12693 2163 12693 2158 12694 2161 12694 2160 12694 2158 12695 2159 12695 2161 12695 2156 12696 2159 12696 2158 12696 2156 12697 2157 12697 2159 12697 2154 12698 2157 12698 2156 12698 2154 12699 2155 12699 2157 12699 2152 12700 2155 12700 2154 12700 2152 12701 2153 12701 2155 12701 2150 12702 2153 12702 2152 12702 2150 12703 2151 12703 2153 12703 2148 12704 2151 12704 2150 12704 2148 12705 2149 12705 2151 12705 2146 12706 2149 12706 2148 12706 2146 12707 2147 12707 2149 12707 2144 12708 2147 12708 2146 12708 2144 12709 2145 12709 2147 12709 2142 12710 2145 12710 2144 12710 2142 12711 2143 12711 2145 12711 2140 12712 2143 12712 2142 12712 2140 12713 2141 12713 2143 12713 2138 12714 2141 12714 2140 12714 2138 12715 2139 12715 2141 12715 2136 12716 2139 12716 2138 12716 2136 12717 2137 12717 2139 12717 2133 12718 2137 12718 2136 12718 2137 12719 2133 12719 2134 12719 2177 12720 2180 12720 2176 12720 2180 12721 2177 12721 2181 12721 2178 12722 2181 12722 2177 12722 2181 12723 2178 12723 2179 12723 2178 12724 6983 12724 2179 12724 6983 12725 2178 12725 6982 12725 3718 12726 2177 12726 2176 12726 4116 12727 2177 12727 3718 12727 2177 12728 4116 12728 6981 12728 6288 12729 6981 12729 4116 12729 6981 12730 6288 12730 6980 12730 2964 12731 2944 12731 2157 12731 2944 12732 2920 12732 2159 12732 2944 12733 2159 12733 2157 12733 6961 12734 3460 12734 3432 12734 2916 12735 2161 12735 2159 12735 6963 12736 3482 12736 3460 12736 6961 12737 6963 12737 3460 12737 2960 12738 2163 12738 2161 12738 3504 12739 6965 12739 3484 12739 6963 12740 6965 12740 3504 12740 3012 12741 2165 12741 2163 12741 3124 12742 3176 12742 2167 12742 3176 12743 3216 12743 2167 12743 3124 12744 2167 12744 2165 12744 3216 12745 6971 12745 2167 12745 2167 12746 6973 12746 2169 12746 6973 12747 2167 12747 6971 12747 2169 12748 6975 12748 2171 12748 6975 12749 2169 12749 6973 12749 2171 12750 6977 12750 2173 12750 6977 12751 2171 12751 6975 12751 2175 12752 6982 12752 2178 12752 6982 12753 2175 12753 6979 12753 2173 12754 6979 12754 2175 12754 6979 12755 2173 12755 6977 12755 6963 12756 3504 12756 3482 12756 2916 12757 2924 12757 2161 12757 2924 12758 2960 12758 2161 12758 2960 12759 2984 12759 2163 12759 2984 12760 3012 12760 2163 12760 3012 12761 3064 12761 2165 12761 3064 12762 3080 12762 2165 12762 3080 12763 3124 12763 2165 12763 3248 12764 6971 12764 3216 12764 3280 12765 6969 12765 3248 12765 6969 12766 6971 12766 3248 12766 3332 12767 6969 12767 3280 12767 3356 12768 6969 12768 3332 12768 3388 12769 6967 12769 3356 12769 6967 12770 6969 12770 3356 12770 3412 12771 6967 12771 3388 12771 3456 12772 6965 12772 3412 12772 6965 12773 6967 12773 3412 12773 3484 12774 6965 12774 3456 12774 2920 12775 2916 12775 2159 12775 3432 12776 6959 12776 6961 12776 3432 12777 3430 12777 6959 12777 3408 12778 3430 12778 3432 12778 3408 12779 3406 12779 3430 12779 3354 12780 3406 12780 3408 12780 3354 12781 3352 12781 3406 12781 3322 12782 3352 12782 3354 12782 3322 12783 3320 12783 3352 12783 3268 12784 3320 12784 3322 12784 3268 12785 3266 12785 3320 12785 3212 12786 3266 12786 3268 12786 3212 12787 3208 12787 3266 12787 3136 12788 3208 12788 3212 12788 3136 12789 3134 12789 3208 12789 3078 12790 3134 12790 3136 12790 3078 12791 3076 12791 3134 12791 3038 12792 3076 12792 3078 12792 3038 12793 3036 12793 3076 12793 2157 12794 3038 12794 2988 12794 3038 12795 2157 12795 3036 12795 2157 12796 2988 12796 2964 12796 2155 12797 3036 12797 2157 12797 3036 12798 2155 12798 2986 12798 2986 12799 2155 12799 2962 12799 6941 12800 2134 12800 6938 12800 2134 12801 6941 12801 2137 12801 6943 12802 2137 12802 6941 12802 2137 12803 6943 12803 2139 12803 6945 12804 2139 12804 6943 12804 2139 12805 6945 12805 2141 12805 6947 12806 2141 12806 6945 12806 2141 12807 6947 12807 2143 12807 3194 12808 3154 12808 2145 12808 3154 12809 3110 12809 2147 12809 3154 12810 2147 12810 2145 12810 6949 12811 3226 12811 3194 12811 6949 12812 3194 12812 2145 12812 6949 12813 2143 12813 6947 12813 2143 12814 6949 12814 2145 12814 6949 12815 6951 12815 3278 12815 6951 12816 6953 12816 3370 12816 2922 12817 2912 12817 2151 12817 2912 12818 2153 12818 2151 12818 6953 12819 6955 12819 3434 12819 2918 12820 2942 12820 2153 12820 2942 12821 2155 12821 2153 12821 2942 12822 2962 12822 2155 12822 6955 12823 6957 12823 3500 12823 3480 12824 6957 12824 3458 12824 3458 12825 6959 12825 3430 12825 6957 12826 6959 12826 3458 12826 2912 12827 2918 12827 2153 12827 6955 12828 3500 12828 3472 12828 6955 12829 3472 12829 3434 12829 6953 12830 3434 12830 3410 12830 6953 12831 3410 12831 3370 12831 6951 12832 3370 12832 3334 12832 6951 12833 3334 12833 3318 12833 6951 12834 3318 12834 3278 12834 6949 12835 3278 12835 3226 12835 3110 12836 3066 12836 2147 12836 3066 12837 3034 12837 2147 12837 3034 12838 3006 12838 2149 12838 3034 12839 2149 12839 2147 12839 3006 12840 2982 12840 2149 12840 2982 12841 2946 12841 2151 12841 2982 12842 2151 12842 2149 12842 2946 12843 2922 12843 2151 12843 3500 12844 6957 12844 3480 12844 3940 12845 2135 12845 3956 12845 2135 12846 2418 12846 2388 12846 2446 12847 2135 12847 3940 12847 2135 12848 2446 12848 2418 12848 3916 12849 2446 12849 3940 12849 3916 12850 2490 12850 2446 12850 3888 12851 2490 12851 3916 12851 3888 12852 2542 12852 2490 12852 3880 12853 2542 12853 3888 12853 3880 12854 2582 12854 2542 12854 3872 12855 2582 12855 3880 12855 3872 12856 2590 12856 2582 12856 3864 12857 2590 12857 3872 12857 3864 12858 2614 12858 2590 12858 3856 12859 2614 12859 3864 12859 3856 12860 2622 12860 2614 12860 3855 12861 2622 12861 3856 12861 3855 12862 2621 12862 2622 12862 3863 12863 2621 12863 3855 12863 3863 12864 2613 12864 2621 12864 3871 12865 2613 12865 3863 12865 3871 12866 2589 12866 2613 12866 3879 12867 2589 12867 3871 12867 3879 12868 2581 12868 2589 12868 3887 12869 2581 12869 3879 12869 3887 12870 2541 12870 2581 12870 3915 12871 2541 12871 3887 12871 3915 12872 2489 12872 2541 12872 2134 12873 3915 12873 3939 12873 3915 12874 2134 12874 2489 12874 2134 12875 3939 12875 3955 12875 2489 12876 2134 12876 2445 12876 2134 12877 3955 12877 3979 12877 2445 12878 2134 12878 2417 12878 6413 12879 3980 12879 6437 12879 6413 12880 3996 12880 3980 12880 6397 12881 3996 12881 6413 12881 6397 12882 4012 12882 3996 12882 6373 12883 4012 12883 6397 12883 6373 12884 4036 12884 4012 12884 6345 12885 4036 12885 6373 12885 6345 12886 4064 12886 4036 12886 6337 12887 4064 12887 6345 12887 6337 12888 4072 12888 4064 12888 6329 12889 4072 12889 6337 12889 6329 12890 4080 12890 4072 12890 6321 12891 4080 12891 6329 12891 6321 12892 4088 12892 4080 12892 6313 12893 4088 12893 6321 12893 6313 12894 4096 12894 4088 12894 6312 12895 4096 12895 6313 12895 6312 12896 4095 12896 4096 12896 6320 12897 4095 12897 6312 12897 6320 12898 4087 12898 4095 12898 6328 12899 4087 12899 6320 12899 6328 12900 4079 12900 4087 12900 6336 12901 4079 12901 6328 12901 6336 12902 4071 12902 4079 12902 6344 12903 4071 12903 6336 12903 6344 12904 4063 12904 4071 12904 6372 12905 4063 12905 6344 12905 6372 12906 4035 12906 4063 12906 6396 12907 4035 12907 6372 12907 6396 12908 4011 12908 4035 12908 6412 12909 4011 12909 6396 12909 6412 12910 3995 12910 4011 12910 6938 12911 6412 12911 6436 12911 6412 12912 6938 12912 3995 12912 6765 12913 6939 12913 6781 12913 6939 12914 6453 12914 6437 12914 6469 12915 6939 12915 6765 12915 6939 12916 6469 12916 6453 12916 6741 12917 6469 12917 6765 12917 6741 12918 6493 12918 6469 12918 6713 12919 6493 12919 6741 12919 6713 12920 6521 12920 6493 12920 6705 12921 6521 12921 6713 12921 6705 12922 6529 12922 6521 12922 6697 12923 6529 12923 6705 12923 6697 12924 6537 12924 6529 12924 6689 12925 6537 12925 6697 12925 6689 12926 6545 12926 6537 12926 6681 12927 6545 12927 6689 12927 6681 12928 6553 12928 6545 12928 6680 12929 6553 12929 6681 12929 6680 12930 6552 12930 6553 12930 6688 12931 6552 12931 6680 12931 6688 12932 6544 12932 6552 12932 6696 12933 6544 12933 6688 12933 6696 12934 6536 12934 6544 12934 6704 12935 6536 12935 6696 12935 6704 12936 6528 12936 6536 12936 6712 12937 6528 12937 6704 12937 6712 12938 6520 12938 6528 12938 6740 12939 6520 12939 6712 12939 6740 12940 6492 12940 6520 12940 6938 12941 6740 12941 6764 12941 6740 12942 6938 12942 6492 12942 6938 12943 6764 12943 6780 12943 6492 12944 6938 12944 6468 12944 6938 12945 6780 12945 6804 12945 6468 12946 6938 12946 6452 12946 6781 12947 6939 12947 6805 12947 6939 12948 6821 12948 6805 12948 6939 12949 6837 12949 6821 12949 6939 12950 6861 12950 6837 12950 6939 12951 6889 12951 6861 12951 6939 12952 6897 12952 6889 12952 6939 12953 6905 12953 6897 12953 6939 12954 6913 12954 6905 12954 6939 12955 6921 12955 6913 12955 6939 12956 6920 12956 6921 12956 6938 12957 6920 12957 6939 12957 6920 12958 6938 12958 6912 12958 6912 12959 6938 12959 6904 12959 6452 12960 6938 12960 6436 12960 2134 12961 3995 12961 6938 12961 3995 12962 2134 12962 3979 12962 6820 12963 6938 12963 6804 12963 6836 12964 6938 12964 6820 12964 6860 12965 6938 12965 6836 12965 6888 12966 6938 12966 6860 12966 6896 12967 6938 12967 6888 12967 6904 12968 6938 12968 6896 12968 6939 12969 6437 12969 2135 12969 3980 12970 2135 12970 6437 12970 3956 12971 2135 12971 3980 12971 2347 12972 2135 12972 2388 12972 2323 12973 2135 12973 2347 12973 2295 12974 2135 12974 2323 12974 2259 12975 2135 12975 2295 12975 2247 12976 2135 12976 2259 12976 2235 12977 2135 12977 2247 12977 2223 12978 2135 12978 2235 12978 2211 12979 2135 12979 2223 12979 2210 12980 2135 12980 2211 12980 2134 12981 2210 12981 2222 12981 2134 12982 2222 12982 2234 12982 2134 12983 2234 12983 2246 12983 2210 12984 2134 12984 2135 12984 2258 12985 2134 12985 2246 12985 2294 12986 2134 12986 2258 12986 2322 12987 2134 12987 2294 12987 2346 12988 2134 12988 2322 12988 2387 12989 2134 12989 2346 12989 2417 12990 2134 12990 2387 12990 6939 12991 6301 12991 6935 12991 6939 12992 4101 12992 6301 12992 2135 12993 4101 12993 6939 12993 4101 12994 2135 12994 2131 12994 3938 12995 2133 12995 3954 12995 2133 12996 2416 12996 2386 12996 3914 12997 2133 12997 3938 12997 2133 12998 2444 12998 2416 12998 2488 12999 2133 12999 3914 12999 2133 13000 2488 13000 2444 13000 3886 13001 2488 13001 3914 13001 3886 13002 2540 13002 2488 13002 3878 13003 2540 13003 3886 13003 3878 13004 2580 13004 2540 13004 3722 13005 3878 13005 3870 13005 3878 13006 3722 13006 2580 13006 3722 13007 3870 13007 3862 13007 2580 13008 3722 13008 2588 13008 3722 13009 3862 13009 3854 13009 2588 13010 3722 13010 2612 13010 3722 13011 3854 13011 3853 13011 2612 13012 3722 13012 2620 13012 3722 13013 3853 13013 3861 13013 2620 13014 3722 13014 2619 13014 3722 13015 3861 13015 3869 13015 2619 13016 3722 13016 2611 13016 3722 13017 3869 13017 3877 13017 2611 13018 3722 13018 2587 13018 3722 13019 3877 13019 3885 13019 2587 13020 3722 13020 2579 13020 3722 13021 3885 13021 3913 13021 2579 13022 3722 13022 2539 13022 3722 13023 3913 13023 3937 13023 2539 13024 3722 13024 2487 13024 3722 13025 3937 13025 3953 13025 2487 13026 3722 13026 2443 13026 3722 13027 3953 13027 3977 13027 2443 13028 3722 13028 2415 13028 6937 13029 6287 13029 2133 13029 4115 13030 2133 13030 6287 13030 6287 13031 6411 13031 6395 13031 3994 13032 2133 13032 4115 13032 6287 13033 6395 13033 6371 13033 2133 13034 3994 13034 3978 13034 6287 13035 6371 13035 6343 13035 3994 13036 4115 13036 4010 13036 6287 13037 6343 13037 6335 13037 4010 13038 4115 13038 4034 13038 6287 13039 6335 13039 6327 13039 4034 13040 4115 13040 4062 13040 6287 13041 6327 13041 6319 13041 4062 13042 4115 13042 4070 13042 6287 13043 6319 13043 6311 13043 4070 13044 4115 13044 4078 13044 6287 13045 6311 13045 6310 13045 4078 13046 4115 13046 4086 13046 6287 13047 6310 13047 6318 13047 4086 13048 4115 13048 4094 13048 6287 13049 6318 13049 6326 13049 4094 13050 4115 13050 4093 13050 6287 13051 6326 13051 6334 13051 4093 13052 4115 13052 4085 13052 6287 13053 6334 13053 6342 13053 4085 13054 4115 13054 4077 13054 6287 13055 6342 13055 6370 13055 4077 13056 4115 13056 4069 13056 6287 13057 6370 13057 6394 13057 4069 13058 4115 13058 4061 13058 6287 13059 6394 13059 6410 13059 4061 13060 4115 13060 4033 13060 6287 13061 6410 13061 6434 13061 4033 13062 4115 13062 4009 13062 6763 13063 6937 13063 6779 13063 6937 13064 6451 13064 6435 13064 6739 13065 6937 13065 6763 13065 6937 13066 6467 13066 6451 13066 6491 13067 6937 13067 6739 13067 6937 13068 6491 13068 6467 13068 6711 13069 6491 13069 6739 13069 6711 13070 6519 13070 6491 13070 6703 13071 6519 13071 6711 13071 6703 13072 6527 13072 6519 13072 6695 13073 6527 13073 6703 13073 6695 13074 6535 13074 6527 13074 6687 13075 6535 13075 6695 13075 6687 13076 6543 13076 6535 13076 6679 13077 6543 13077 6687 13077 6679 13078 6551 13078 6543 13078 6678 13079 6551 13079 6679 13079 6678 13080 6550 13080 6551 13080 6686 13081 6550 13081 6678 13081 6686 13082 6542 13082 6550 13082 6694 13083 6542 13083 6686 13083 6694 13084 6534 13084 6542 13084 6702 13085 6534 13085 6694 13085 6702 13086 6526 13086 6534 13086 6710 13087 6526 13087 6702 13087 6710 13088 6518 13088 6526 13088 6738 13089 6518 13089 6710 13089 6738 13090 6490 13090 6518 13090 6762 13091 6490 13091 6738 13091 6762 13092 6466 13092 6490 13092 6936 13093 6762 13093 6778 13093 6762 13094 6936 13094 6466 13094 6936 13095 6778 13095 6802 13095 6466 13096 6936 13096 6450 13096 6779 13097 6937 13097 6803 13097 6937 13098 6819 13098 6803 13098 6937 13099 6835 13099 6819 13099 6937 13100 6859 13100 6835 13100 6937 13101 6887 13101 6859 13101 6937 13102 6895 13102 6887 13102 6937 13103 6903 13103 6895 13103 6937 13104 6911 13104 6903 13104 6937 13105 6919 13105 6911 13105 6936 13106 6919 13106 6937 13106 6919 13107 6936 13107 6918 13107 6918 13108 6936 13108 6910 13108 6450 13109 6936 13109 6434 13109 4009 13110 4115 13110 3993 13110 6434 13111 6936 13111 6287 13111 6818 13112 6936 13112 6802 13112 6834 13113 6936 13113 6818 13113 6858 13114 6936 13114 6834 13114 6886 13115 6936 13115 6858 13115 6894 13116 6936 13116 6886 13116 6902 13117 6936 13117 6894 13117 6910 13118 6936 13118 6902 13118 6411 13119 6937 13119 6435 13119 6287 13120 6937 13120 6411 13120 3954 13121 2133 13121 3978 13121 2345 13122 2133 13122 2386 13122 2321 13123 2133 13123 2345 13123 2293 13124 2133 13124 2321 13124 2257 13125 2133 13125 2293 13125 2245 13126 2133 13126 2257 13126 2233 13127 2133 13127 2245 13127 2221 13128 2133 13128 2233 13128 2209 13129 2133 13129 2221 13129 2132 13130 2209 13130 2208 13130 2132 13131 2208 13131 2220 13131 2132 13132 2220 13132 2232 13132 3722 13133 3993 13133 4115 13133 3993 13134 3722 13134 3977 13134 2132 13135 2415 13135 3722 13135 2415 13136 2132 13136 2385 13136 2209 13137 2132 13137 2133 13137 2244 13138 2132 13138 2232 13138 2256 13139 2132 13139 2244 13139 2292 13140 2132 13140 2256 13140 2320 13141 2132 13141 2292 13141 2344 13142 2132 13142 2320 13142 2385 13143 2132 13143 2344 13143 2961 13144 2941 13144 2154 13144 2941 13145 2917 13145 2152 13145 2154 13146 2941 13146 2152 13146 6958 13147 3457 13147 3429 13147 2911 13148 2921 13148 2150 13148 2152 13149 2911 13149 2150 13149 6956 13150 3479 13150 3457 13150 6958 13151 6956 13151 3457 13151 6956 13152 6954 13152 3499 13152 6954 13153 6952 13153 3433 13153 3109 13154 3153 13154 2146 13154 3153 13155 3193 13155 2144 13155 2146 13156 3153 13156 2144 13156 6952 13157 6950 13157 3369 13157 3225 13158 6948 13158 3193 13158 3193 13159 6948 13159 2144 13159 6946 13160 2144 13160 6948 13160 2144 13161 6946 13161 2142 13161 6950 13162 6948 13162 3277 13162 6944 13163 2142 13163 6946 13163 2142 13164 6944 13164 2140 13164 6942 13165 2140 13165 6944 13165 2140 13166 6942 13166 2138 13166 6940 13167 2138 13167 6942 13167 2138 13168 6940 13168 2136 13168 6937 13169 2136 13169 6940 13169 2136 13170 6937 13170 2133 13170 6956 13171 3499 13171 3479 13171 3499 13172 6954 13172 3471 13172 3471 13173 6954 13173 3433 13173 3433 13174 6952 13174 3409 13174 3409 13175 6952 13175 3369 13175 3369 13176 6950 13176 3333 13176 3333 13177 6950 13177 3317 13177 3317 13178 6950 13178 3277 13178 3277 13179 6948 13179 3225 13179 3065 13180 3109 13180 2146 13180 3033 13181 3065 13181 2146 13181 3005 13182 3033 13182 2148 13182 2148 13183 3033 13183 2146 13183 2981 13184 3005 13184 2148 13184 2945 13185 2981 13185 2150 13185 2150 13186 2981 13186 2148 13186 2921 13187 2945 13187 2150 13187 2917 13188 2911 13188 2152 13188 3429 13189 6960 13189 6958 13189 3429 13190 3431 13190 6960 13190 3405 13191 3431 13191 3429 13191 3405 13192 3407 13192 3431 13192 3351 13193 3407 13193 3405 13193 3351 13194 3353 13194 3407 13194 3319 13195 3353 13195 3351 13195 3319 13196 3321 13196 3353 13196 3265 13197 3321 13197 3319 13197 3265 13198 3267 13198 3321 13198 3207 13199 3267 13199 3265 13199 3207 13200 3211 13200 3267 13200 3133 13201 3211 13201 3207 13201 3133 13202 3135 13202 3211 13202 3075 13203 3135 13203 3133 13203 3075 13204 3077 13204 3135 13204 3035 13205 3077 13205 3075 13205 3035 13206 3037 13206 3077 13206 2154 13207 3035 13207 2985 13207 3035 13208 2154 13208 3037 13208 2154 13209 2985 13209 2961 13209 2156 13210 3037 13210 2154 13210 3037 13211 2156 13211 2987 13211 2987 13212 2156 13212 2963 13212 2177 13213 6978 13213 2174 13213 6978 13214 2177 13214 6981 13214 2174 13215 6976 13215 2172 13215 6976 13216 2174 13216 6978 13216 2172 13217 6974 13217 2170 13217 6974 13218 2172 13218 6976 13218 3215 13219 3175 13219 2166 13219 2170 13220 6972 13220 2168 13220 6972 13221 2170 13221 6974 13221 3175 13222 3123 13222 2166 13222 2166 13223 3123 13223 2164 13223 2168 13224 6970 13224 2166 13224 6970 13225 2168 13225 6972 13225 6970 13226 3215 13226 2166 13226 2164 13227 3011 13227 2162 13227 2162 13228 2959 13228 2160 13228 2160 13229 2915 13229 2158 13229 6964 13230 3503 13230 3483 13230 2919 13231 2943 13231 2158 13231 2158 13232 2943 13232 2156 13232 2943 13233 2963 13233 2156 13233 3481 13234 6962 13234 3459 13234 6964 13235 6962 13235 3503 13235 3459 13236 6960 13236 3431 13236 6962 13237 6960 13237 3459 13237 2915 13238 2919 13238 2158 13238 2923 13239 2915 13239 2160 13239 2959 13240 2923 13240 2160 13240 2983 13241 2959 13241 2162 13241 3011 13242 2983 13242 2162 13242 3063 13243 3011 13243 2164 13243 3079 13244 3063 13244 2164 13244 3123 13245 3079 13245 2164 13245 6970 13246 3247 13246 3215 13246 6968 13247 3279 13247 3247 13247 6970 13248 6968 13248 3247 13248 6968 13249 3331 13249 3279 13249 6968 13250 3355 13250 3331 13250 6966 13251 3387 13251 3355 13251 6968 13252 6966 13252 3355 13252 6966 13253 3411 13253 3387 13253 6964 13254 3455 13254 3411 13254 6966 13255 6964 13255 3411 13255 6964 13256 3483 13256 3455 13256 3503 13257 6962 13257 3481 13257 3481 13258 3504 13258 3503 13258 3504 13259 3481 13259 3482 13259 3459 13260 3482 13260 3481 13260 3482 13261 3459 13261 3460 13261 3431 13262 3460 13262 3459 13262 3460 13263 3431 13263 3432 13263 3407 13264 3432 13264 3431 13264 3432 13265 3407 13265 3408 13265 3353 13266 3408 13266 3407 13266 3408 13267 3353 13267 3354 13267 3353 13268 3322 13268 3354 13268 3322 13269 3353 13269 3321 13269 3321 13270 3268 13270 3322 13270 3268 13271 3321 13271 3267 13271 3267 13272 3212 13272 3268 13272 3212 13273 3267 13273 3211 13273 3211 13274 3136 13274 3212 13274 3136 13275 3211 13275 3135 13275 3135 13276 3078 13276 3136 13276 3078 13277 3135 13277 3077 13277 3077 13278 3038 13278 3078 13278 3038 13279 3077 13279 3037 13279 3038 13280 2987 13280 2988 13280 2987 13281 3038 13281 3037 13281 2988 13282 2963 13282 2964 13282 2963 13283 2988 13283 2987 13283 2964 13284 2943 13284 2944 13284 2943 13285 2964 13285 2963 13285 2944 13286 2919 13286 2920 13286 2919 13287 2944 13287 2943 13287 2920 13288 2915 13288 2916 13288 2915 13289 2920 13289 2919 13289 2916 13290 2923 13290 2924 13290 2923 13291 2916 13291 2915 13291 2924 13292 2959 13292 2960 13292 2959 13293 2924 13293 2923 13293 2984 13294 3011 13294 3012 13294 3011 13295 2984 13295 2983 13295 2960 13296 2983 13296 2984 13296 2983 13297 2960 13297 2959 13297 3063 13298 3080 13298 3064 13298 3080 13299 3063 13299 3079 13299 3011 13300 3064 13300 3012 13300 3064 13301 3011 13301 3063 13301 3079 13302 3124 13302 3080 13302 3124 13303 3079 13303 3123 13303 3123 13304 3176 13304 3124 13304 3176 13305 3123 13305 3175 13305 3175 13306 3216 13306 3176 13306 3216 13307 3175 13307 3215 13307 3248 13308 3279 13308 3280 13308 3279 13309 3248 13309 3247 13309 3216 13310 3247 13310 3248 13310 3247 13311 3216 13311 3215 13311 3280 13312 3331 13312 3332 13312 3331 13313 3280 13313 3279 13313 3387 13314 3356 13314 3355 13314 3356 13315 3387 13315 3388 13315 3332 13316 3355 13316 3356 13316 3355 13317 3332 13317 3331 13317 3411 13318 3388 13318 3387 13318 3388 13319 3411 13319 3412 13319 3455 13320 3412 13320 3411 13320 3412 13321 3455 13321 3456 13321 3483 13322 3456 13322 3455 13322 3456 13323 3483 13323 3484 13323 3503 13324 3484 13324 3483 13324 3484 13325 3503 13325 3504 13325 2918 13326 2941 13326 2942 13326 2941 13327 2918 13327 2917 13327 2912 13328 2917 13328 2918 13328 2917 13329 2912 13329 2911 13329 2942 13330 2961 13330 2962 13330 2961 13331 2942 13331 2941 13331 2962 13332 2985 13332 2986 13332 2985 13333 2962 13333 2961 13333 2986 13334 3035 13334 3036 13334 3035 13335 2986 13335 2985 13335 3075 13336 3134 13336 3076 13336 3134 13337 3075 13337 3133 13337 3035 13338 3076 13338 3036 13338 3076 13339 3035 13339 3075 13339 3133 13340 3208 13340 3134 13340 3208 13341 3133 13341 3207 13341 3207 13342 3266 13342 3208 13342 3266 13343 3207 13343 3265 13343 3265 13344 3320 13344 3266 13344 3320 13345 3265 13345 3319 13345 3319 13346 3352 13346 3320 13346 3352 13347 3319 13347 3351 13347 3405 13348 3352 13348 3351 13348 3352 13349 3405 13349 3406 13349 3429 13350 3406 13350 3405 13350 3406 13351 3429 13351 3430 13351 3457 13352 3430 13352 3429 13352 3430 13353 3457 13353 3458 13353 3479 13354 3458 13354 3457 13354 3458 13355 3479 13355 3480 13355 3499 13356 3480 13356 3479 13356 3480 13357 3499 13357 3500 13357 3471 13358 3500 13358 3499 13358 3500 13359 3471 13359 3472 13359 3433 13360 3472 13360 3471 13360 3472 13361 3433 13361 3434 13361 3409 13362 3434 13362 3433 13362 3434 13363 3409 13363 3410 13363 3369 13364 3410 13364 3409 13364 3410 13365 3369 13365 3370 13365 3369 13366 3334 13366 3370 13366 3334 13367 3369 13367 3333 13367 3333 13368 3318 13368 3334 13368 3318 13369 3333 13369 3317 13369 3317 13370 3278 13370 3318 13370 3278 13371 3317 13371 3277 13371 3277 13372 3226 13372 3278 13372 3226 13373 3277 13373 3225 13373 3225 13374 3194 13374 3226 13374 3194 13375 3225 13375 3193 13375 3194 13376 3153 13376 3154 13376 3153 13377 3194 13377 3193 13377 3154 13378 3109 13378 3110 13378 3109 13379 3154 13379 3153 13379 3110 13380 3065 13380 3066 13380 3065 13381 3110 13381 3109 13381 3066 13382 3033 13382 3034 13382 3033 13383 3066 13383 3065 13383 3034 13384 3005 13384 3006 13384 3005 13385 3034 13385 3033 13385 3006 13386 2981 13386 2982 13386 2981 13387 3006 13387 3005 13387 2982 13388 2945 13388 2946 13388 2945 13389 2982 13389 2981 13389 2946 13390 2921 13390 2922 13390 2921 13391 2946 13391 2945 13391 2922 13392 2911 13392 2912 13392 2911 13393 2922 13393 2921 13393 2384 13394 2418 13394 2414 13394 2418 13395 2384 13395 2388 13395 2442 13396 2490 13396 2486 13396 2490 13397 2442 13397 2446 13397 2414 13398 2446 13398 2442 13398 2446 13399 2414 13399 2418 13399 2486 13400 2542 13400 2538 13400 2542 13401 2486 13401 2490 13401 2586 13402 2582 13402 2590 13402 2582 13403 2586 13403 2578 13403 2578 13404 2542 13404 2582 13404 2542 13405 2578 13405 2538 13405 2610 13406 2590 13406 2614 13406 2590 13407 2610 13407 2586 13407 2618 13408 2614 13408 2622 13408 2614 13409 2618 13409 2610 13409 2617 13410 2622 13410 2621 13410 2622 13411 2617 13411 2618 13411 2609 13412 2621 13412 2613 13412 2621 13413 2609 13413 2617 13413 2585 13414 2613 13414 2589 13414 2613 13415 2585 13415 2609 13415 2577 13416 2589 13416 2581 13416 2589 13417 2577 13417 2585 13417 2537 13418 2581 13418 2541 13418 2581 13419 2537 13419 2577 13419 2489 13420 2537 13420 2541 13420 2537 13421 2489 13421 2485 13421 2445 13422 2485 13422 2489 13422 2485 13423 2445 13423 2441 13423 2417 13424 2441 13424 2445 13424 2441 13425 2417 13425 2413 13425 2387 13426 2413 13426 2417 13426 2413 13427 2387 13427 2381 13427 2346 13428 2381 13428 2387 13428 2381 13429 2346 13429 2342 13429 2322 13430 2342 13430 2346 13430 2342 13431 2322 13431 2318 13431 2294 13432 2318 13432 2322 13432 2318 13433 2294 13433 2290 13433 2258 13434 2290 13434 2294 13434 2290 13435 2258 13435 2254 13435 2242 13436 2258 13436 2246 13436 2258 13437 2242 13437 2254 13437 2230 13438 2246 13438 2234 13438 2246 13439 2230 13439 2242 13439 2218 13440 2234 13440 2222 13440 2234 13441 2218 13441 2230 13441 2206 13442 2222 13442 2210 13442 2222 13443 2206 13443 2218 13443 2207 13444 2210 13444 2211 13444 2210 13445 2207 13445 2206 13445 2231 13446 2223 13446 2235 13446 2223 13447 2231 13447 2219 13447 2219 13448 2211 13448 2223 13448 2211 13449 2219 13449 2207 13449 2243 13450 2235 13450 2247 13450 2235 13451 2243 13451 2231 13451 2255 13452 2247 13452 2259 13452 2247 13453 2255 13453 2243 13453 2291 13454 2323 13454 2319 13454 2323 13455 2291 13455 2295 13455 2255 13456 2295 13456 2291 13456 2295 13457 2255 13457 2259 13457 2319 13458 2347 13458 2343 13458 2347 13459 2319 13459 2323 13459 2343 13460 2388 13460 2384 13460 2388 13461 2343 13461 2347 13461 3976 13462 3996 13462 3992 13462 3996 13463 3976 13463 3980 13463 4008 13464 4036 13464 4032 13464 4036 13465 4008 13465 4012 13465 3992 13466 4012 13466 4008 13466 4012 13467 3992 13467 3996 13467 4032 13468 4064 13468 4060 13468 4064 13469 4032 13469 4036 13469 4076 13470 4072 13470 4080 13470 4072 13471 4076 13471 4068 13471 4068 13472 4064 13472 4072 13472 4064 13473 4068 13473 4060 13473 4084 13474 4080 13474 4088 13474 4080 13475 4084 13475 4076 13475 4092 13476 4088 13476 4096 13476 4088 13477 4092 13477 4084 13477 4091 13478 4096 13478 4095 13478 4096 13479 4091 13479 4092 13479 4083 13480 4095 13480 4087 13480 4095 13481 4083 13481 4091 13481 4075 13482 4087 13482 4079 13482 4087 13483 4075 13483 4083 13483 4067 13484 4079 13484 4071 13484 4079 13485 4067 13485 4075 13485 4059 13486 4071 13486 4063 13486 4071 13487 4059 13487 4067 13487 4035 13488 4059 13488 4063 13488 4059 13489 4035 13489 4031 13489 4011 13490 4031 13490 4035 13490 4031 13491 4011 13491 4007 13491 3995 13492 4007 13492 4011 13492 4007 13493 3995 13493 3991 13493 3979 13494 3991 13494 3995 13494 3991 13495 3979 13495 3973 13495 3955 13496 3973 13496 3979 13496 3973 13497 3955 13497 3951 13497 3939 13498 3951 13498 3955 13498 3951 13499 3939 13499 3935 13499 3915 13500 3935 13500 3939 13500 3935 13501 3915 13501 3911 13501 3887 13502 3911 13502 3915 13502 3911 13503 3887 13503 3883 13503 3875 13504 3887 13504 3879 13504 3887 13505 3875 13505 3883 13505 3867 13506 3879 13506 3871 13506 3879 13507 3867 13507 3875 13507 3859 13508 3871 13508 3863 13508 3871 13509 3859 13509 3867 13509 3851 13510 3863 13510 3855 13510 3863 13511 3851 13511 3859 13511 3852 13512 3855 13512 3856 13512 3855 13513 3852 13513 3851 13513 3868 13514 3864 13514 3872 13514 3864 13515 3868 13515 3860 13515 3860 13516 3856 13516 3864 13516 3856 13517 3860 13517 3852 13517 3876 13518 3872 13518 3880 13518 3872 13519 3876 13519 3868 13519 3884 13520 3880 13520 3888 13520 3880 13521 3884 13521 3876 13521 3912 13522 3940 13522 3936 13522 3940 13523 3912 13523 3916 13523 3884 13524 3916 13524 3912 13524 3916 13525 3884 13525 3888 13525 3936 13526 3956 13526 3952 13526 3956 13527 3936 13527 3940 13527 3952 13528 3980 13528 3976 13528 3980 13529 3952 13529 3956 13529 6433 13530 6453 13530 6449 13530 6453 13531 6433 13531 6437 13531 6465 13532 6493 13532 6489 13532 6493 13533 6465 13533 6469 13533 6449 13534 6469 13534 6465 13534 6469 13535 6449 13535 6453 13535 6489 13536 6521 13536 6517 13536 6521 13537 6489 13537 6493 13537 6533 13538 6529 13538 6537 13538 6529 13539 6533 13539 6525 13539 6525 13540 6521 13540 6529 13540 6521 13541 6525 13541 6517 13541 6541 13542 6537 13542 6545 13542 6537 13543 6541 13543 6533 13543 6549 13544 6545 13544 6553 13544 6545 13545 6549 13545 6541 13545 6548 13546 6553 13546 6552 13546 6553 13547 6548 13547 6549 13547 6540 13548 6552 13548 6544 13548 6552 13549 6540 13549 6548 13549 6532 13550 6544 13550 6536 13550 6544 13551 6532 13551 6540 13551 6524 13552 6536 13552 6528 13552 6536 13553 6524 13553 6532 13553 6516 13554 6528 13554 6520 13554 6528 13555 6516 13555 6524 13555 6492 13556 6516 13556 6520 13556 6516 13557 6492 13557 6488 13557 6468 13558 6488 13558 6492 13558 6488 13559 6468 13559 6464 13559 6452 13560 6464 13560 6468 13560 6464 13561 6452 13561 6448 13561 6436 13562 6448 13562 6452 13562 6448 13563 6436 13563 6430 13563 6412 13564 6430 13564 6436 13564 6430 13565 6412 13565 6408 13565 6396 13566 6408 13566 6412 13566 6408 13567 6396 13567 6392 13567 6372 13568 6392 13568 6396 13568 6392 13569 6372 13569 6368 13569 6344 13570 6368 13570 6372 13570 6368 13571 6344 13571 6340 13571 6332 13572 6344 13572 6336 13572 6344 13573 6332 13573 6340 13573 6324 13574 6336 13574 6328 13574 6336 13575 6324 13575 6332 13575 6316 13576 6328 13576 6320 13576 6328 13577 6316 13577 6324 13577 6308 13578 6320 13578 6312 13578 6320 13579 6308 13579 6316 13579 6309 13580 6312 13580 6313 13580 6312 13581 6309 13581 6308 13581 6325 13582 6321 13582 6329 13582 6321 13583 6325 13583 6317 13583 6317 13584 6313 13584 6321 13584 6313 13585 6317 13585 6309 13585 6333 13586 6329 13586 6337 13586 6329 13587 6333 13587 6325 13587 6341 13588 6337 13588 6345 13588 6337 13589 6341 13589 6333 13589 6369 13590 6397 13590 6393 13590 6397 13591 6369 13591 6373 13591 6341 13592 6373 13592 6369 13592 6373 13593 6341 13593 6345 13593 6393 13594 6413 13594 6409 13594 6413 13595 6393 13595 6397 13595 6409 13596 6437 13596 6433 13596 6437 13597 6409 13597 6413 13597 6801 13598 6821 13598 6817 13598 6821 13599 6801 13599 6805 13599 6833 13600 6861 13600 6857 13600 6861 13601 6833 13601 6837 13601 6817 13602 6837 13602 6833 13602 6837 13603 6817 13603 6821 13603 6857 13604 6889 13604 6885 13604 6889 13605 6857 13605 6861 13605 6901 13606 6897 13606 6905 13606 6897 13607 6901 13607 6893 13607 6893 13608 6889 13608 6897 13608 6889 13609 6893 13609 6885 13609 6909 13610 6905 13610 6913 13610 6905 13611 6909 13611 6901 13611 6917 13612 6913 13612 6921 13612 6913 13613 6917 13613 6909 13613 6916 13614 6921 13614 6920 13614 6921 13615 6916 13615 6917 13615 6908 13616 6920 13616 6912 13616 6920 13617 6908 13617 6916 13617 6900 13618 6912 13618 6904 13618 6912 13619 6900 13619 6908 13619 6892 13620 6904 13620 6896 13620 6904 13621 6892 13621 6900 13621 6884 13622 6896 13622 6888 13622 6896 13623 6884 13623 6892 13623 6860 13624 6884 13624 6888 13624 6884 13625 6860 13625 6856 13625 6836 13626 6856 13626 6860 13626 6856 13627 6836 13627 6832 13627 6820 13628 6832 13628 6836 13628 6832 13629 6820 13629 6816 13629 6804 13630 6816 13630 6820 13630 6816 13631 6804 13631 6798 13631 6780 13632 6798 13632 6804 13632 6798 13633 6780 13633 6776 13633 6764 13634 6776 13634 6780 13634 6776 13635 6764 13635 6760 13635 6740 13636 6760 13636 6764 13636 6760 13637 6740 13637 6736 13637 6712 13638 6736 13638 6740 13638 6736 13639 6712 13639 6708 13639 6700 13640 6712 13640 6704 13640 6712 13641 6700 13641 6708 13641 6692 13642 6704 13642 6696 13642 6704 13643 6692 13643 6700 13643 6684 13644 6696 13644 6688 13644 6696 13645 6684 13645 6692 13645 6676 13646 6688 13646 6680 13646 6688 13647 6676 13647 6684 13647 6677 13648 6680 13648 6681 13648 6680 13649 6677 13649 6676 13649 6693 13650 6689 13650 6697 13650 6689 13651 6693 13651 6685 13651 6685 13652 6681 13652 6689 13652 6681 13653 6685 13653 6677 13653 6701 13654 6697 13654 6705 13654 6697 13655 6701 13655 6693 13655 6709 13656 6705 13656 6713 13656 6705 13657 6709 13657 6701 13657 6737 13658 6765 13658 6761 13658 6765 13659 6737 13659 6741 13659 6709 13660 6741 13660 6737 13660 6741 13661 6709 13661 6713 13661 6761 13662 6781 13662 6777 13662 6781 13663 6761 13663 6765 13663 6777 13664 6805 13664 6801 13664 6805 13665 6777 13665 6781 13665 2344 13666 2377 13666 2385 13666 2377 13667 2344 13667 2340 13667 2320 13668 2340 13668 2344 13668 2340 13669 2320 13669 2316 13669 2292 13670 2316 13670 2320 13670 2316 13671 2292 13671 2288 13671 2256 13672 2288 13672 2292 13672 2288 13673 2256 13673 2252 13673 2240 13674 2256 13674 2244 13674 2256 13675 2240 13675 2252 13675 2228 13676 2244 13676 2232 13676 2244 13677 2228 13677 2240 13677 2216 13678 2232 13678 2220 13678 2232 13679 2216 13679 2228 13679 2204 13680 2220 13680 2208 13680 2220 13681 2204 13681 2216 13681 2205 13682 2208 13682 2209 13682 2208 13683 2205 13683 2204 13683 2229 13684 2221 13684 2233 13684 2221 13685 2229 13685 2217 13685 2217 13686 2209 13686 2221 13686 2209 13687 2217 13687 2205 13687 2241 13688 2233 13688 2245 13688 2233 13689 2241 13689 2229 13689 2253 13690 2245 13690 2257 13690 2245 13691 2253 13691 2241 13691 2289 13692 2321 13692 2317 13692 2321 13693 2289 13693 2293 13693 2253 13694 2293 13694 2289 13694 2293 13695 2253 13695 2257 13695 2317 13696 2345 13696 2341 13696 2345 13697 2317 13697 2321 13697 2341 13698 2386 13698 2380 13698 2386 13699 2341 13699 2345 13699 2380 13700 2416 13700 2412 13700 2416 13701 2380 13701 2386 13701 2440 13702 2488 13702 2484 13702 2488 13703 2440 13703 2444 13703 2412 13704 2444 13704 2440 13704 2444 13705 2412 13705 2416 13705 2484 13706 2540 13706 2536 13706 2540 13707 2484 13707 2488 13707 2584 13708 2580 13708 2588 13708 2580 13709 2584 13709 2576 13709 2576 13710 2540 13710 2580 13710 2540 13711 2576 13711 2536 13711 2608 13712 2588 13712 2612 13712 2588 13713 2608 13713 2584 13713 2616 13714 2612 13714 2620 13714 2612 13715 2616 13715 2608 13715 2615 13716 2620 13716 2619 13716 2620 13717 2615 13717 2616 13717 2607 13718 2619 13718 2611 13718 2619 13719 2607 13719 2615 13719 2583 13720 2611 13720 2587 13720 2611 13721 2583 13721 2607 13721 2575 13722 2587 13722 2579 13722 2587 13723 2575 13723 2583 13723 2535 13724 2579 13724 2539 13724 2579 13725 2535 13725 2575 13725 2487 13726 2535 13726 2539 13726 2535 13727 2487 13727 2483 13727 2443 13728 2483 13728 2487 13728 2483 13729 2443 13729 2439 13729 2415 13730 2439 13730 2443 13730 2439 13731 2415 13731 2411 13731 2385 13732 2411 13732 2415 13732 2411 13733 2385 13733 2377 13733 3953 13734 3969 13734 3977 13734 3969 13735 3953 13735 3949 13735 3937 13736 3949 13736 3953 13736 3949 13737 3937 13737 3933 13737 3913 13738 3933 13738 3937 13738 3933 13739 3913 13739 3909 13739 3885 13740 3909 13740 3913 13740 3909 13741 3885 13741 3881 13741 3873 13742 3885 13742 3877 13742 3885 13743 3873 13743 3881 13743 3865 13744 3877 13744 3869 13744 3877 13745 3865 13745 3873 13745 3857 13746 3869 13746 3861 13746 3869 13747 3857 13747 3865 13747 3849 13748 3861 13748 3853 13748 3861 13749 3849 13749 3857 13749 3850 13750 3853 13750 3854 13750 3853 13751 3850 13751 3849 13751 3866 13752 3862 13752 3870 13752 3862 13753 3866 13753 3858 13753 3858 13754 3854 13754 3862 13754 3854 13755 3858 13755 3850 13755 3874 13756 3870 13756 3878 13756 3870 13757 3874 13757 3866 13757 3882 13758 3878 13758 3886 13758 3878 13759 3882 13759 3874 13759 3910 13760 3938 13760 3934 13760 3938 13761 3910 13761 3914 13761 3882 13762 3914 13762 3910 13762 3914 13763 3882 13763 3886 13763 3934 13764 3954 13764 3950 13764 3954 13765 3934 13765 3938 13765 3950 13766 3978 13766 3972 13766 3978 13767 3950 13767 3954 13767 3972 13768 3994 13768 3990 13768 3994 13769 3972 13769 3978 13769 4006 13770 4034 13770 4030 13770 4034 13771 4006 13771 4010 13771 3990 13772 4010 13772 4006 13772 4010 13773 3990 13773 3994 13773 4030 13774 4062 13774 4058 13774 4062 13775 4030 13775 4034 13775 4074 13776 4070 13776 4078 13776 4070 13777 4074 13777 4066 13777 4066 13778 4062 13778 4070 13778 4062 13779 4066 13779 4058 13779 4082 13780 4078 13780 4086 13780 4078 13781 4082 13781 4074 13781 4090 13782 4086 13782 4094 13782 4086 13783 4090 13783 4082 13783 4089 13784 4094 13784 4093 13784 4094 13785 4089 13785 4090 13785 4081 13786 4093 13786 4085 13786 4093 13787 4081 13787 4089 13787 4073 13788 4085 13788 4077 13788 4085 13789 4073 13789 4081 13789 4065 13790 4077 13790 4069 13790 4077 13791 4065 13791 4073 13791 4057 13792 4069 13792 4061 13792 4069 13793 4057 13793 4065 13793 4033 13794 4057 13794 4061 13794 4057 13795 4033 13795 4029 13795 4009 13796 4029 13796 4033 13796 4029 13797 4009 13797 4005 13797 3993 13798 4005 13798 4009 13798 4005 13799 3993 13799 3989 13799 3977 13800 3989 13800 3993 13800 3989 13801 3977 13801 3969 13801 6410 13802 6426 13802 6434 13802 6426 13803 6410 13803 6406 13803 6394 13804 6406 13804 6410 13804 6406 13805 6394 13805 6390 13805 6370 13806 6390 13806 6394 13806 6390 13807 6370 13807 6366 13807 6342 13808 6366 13808 6370 13808 6366 13809 6342 13809 6338 13809 6330 13810 6342 13810 6334 13810 6342 13811 6330 13811 6338 13811 6322 13812 6334 13812 6326 13812 6334 13813 6322 13813 6330 13813 6314 13814 6326 13814 6318 13814 6326 13815 6314 13815 6322 13815 6306 13816 6318 13816 6310 13816 6318 13817 6306 13817 6314 13817 6307 13818 6310 13818 6311 13818 6310 13819 6307 13819 6306 13819 6323 13820 6319 13820 6327 13820 6319 13821 6323 13821 6315 13821 6315 13822 6311 13822 6319 13822 6311 13823 6315 13823 6307 13823 6331 13824 6327 13824 6335 13824 6327 13825 6331 13825 6323 13825 6339 13826 6335 13826 6343 13826 6335 13827 6339 13827 6331 13827 6367 13828 6395 13828 6391 13828 6395 13829 6367 13829 6371 13829 6339 13830 6371 13830 6367 13830 6371 13831 6339 13831 6343 13831 6391 13832 6411 13832 6407 13832 6411 13833 6391 13833 6395 13833 6407 13834 6435 13834 6429 13834 6435 13835 6407 13835 6411 13835 6429 13836 6451 13836 6447 13836 6451 13837 6429 13837 6435 13837 6463 13838 6491 13838 6487 13838 6491 13839 6463 13839 6467 13839 6447 13840 6467 13840 6463 13840 6467 13841 6447 13841 6451 13841 6487 13842 6519 13842 6515 13842 6519 13843 6487 13843 6491 13843 6531 13844 6527 13844 6535 13844 6527 13845 6531 13845 6523 13845 6523 13846 6519 13846 6527 13846 6519 13847 6523 13847 6515 13847 6539 13848 6535 13848 6543 13848 6535 13849 6539 13849 6531 13849 6547 13850 6543 13850 6551 13850 6543 13851 6547 13851 6539 13851 6546 13852 6551 13852 6550 13852 6551 13853 6546 13853 6547 13853 6538 13854 6550 13854 6542 13854 6550 13855 6538 13855 6546 13855 6530 13856 6542 13856 6534 13856 6542 13857 6530 13857 6538 13857 6522 13858 6534 13858 6526 13858 6534 13859 6522 13859 6530 13859 6514 13860 6526 13860 6518 13860 6526 13861 6514 13861 6522 13861 6490 13862 6514 13862 6518 13862 6514 13863 6490 13863 6486 13863 6466 13864 6486 13864 6490 13864 6486 13865 6466 13865 6462 13865 6450 13866 6462 13866 6466 13866 6462 13867 6450 13867 6446 13867 6434 13868 6446 13868 6450 13868 6446 13869 6434 13869 6426 13869 6778 13870 6794 13870 6802 13870 6794 13871 6778 13871 6774 13871 6762 13872 6774 13872 6778 13872 6774 13873 6762 13873 6758 13873 6738 13874 6758 13874 6762 13874 6758 13875 6738 13875 6734 13875 6710 13876 6734 13876 6738 13876 6734 13877 6710 13877 6706 13877 6698 13878 6710 13878 6702 13878 6710 13879 6698 13879 6706 13879 6690 13880 6702 13880 6694 13880 6702 13881 6690 13881 6698 13881 6682 13882 6694 13882 6686 13882 6694 13883 6682 13883 6690 13883 6674 13884 6686 13884 6678 13884 6686 13885 6674 13885 6682 13885 6675 13886 6678 13886 6679 13886 6678 13887 6675 13887 6674 13887 6691 13888 6687 13888 6695 13888 6687 13889 6691 13889 6683 13889 6683 13890 6679 13890 6687 13890 6679 13891 6683 13891 6675 13891 6699 13892 6695 13892 6703 13892 6695 13893 6699 13893 6691 13893 6707 13894 6703 13894 6711 13894 6703 13895 6707 13895 6699 13895 6735 13896 6763 13896 6759 13896 6763 13897 6735 13897 6739 13897 6707 13898 6739 13898 6735 13898 6739 13899 6707 13899 6711 13899 6759 13900 6779 13900 6775 13900 6779 13901 6759 13901 6763 13901 6775 13902 6803 13902 6797 13902 6803 13903 6775 13903 6779 13903 6797 13904 6819 13904 6815 13904 6819 13905 6797 13905 6803 13905 6831 13906 6859 13906 6855 13906 6859 13907 6831 13907 6835 13907 6815 13908 6835 13908 6831 13908 6835 13909 6815 13909 6819 13909 6855 13910 6887 13910 6883 13910 6887 13911 6855 13911 6859 13911 6899 13912 6895 13912 6903 13912 6895 13913 6899 13913 6891 13913 6891 13914 6887 13914 6895 13914 6887 13915 6891 13915 6883 13915 6907 13916 6903 13916 6911 13916 6903 13917 6907 13917 6899 13917 6915 13918 6911 13918 6919 13918 6911 13919 6915 13919 6907 13919 6914 13920 6919 13920 6918 13920 6919 13921 6914 13921 6915 13921 6906 13922 6918 13922 6910 13922 6918 13923 6906 13923 6914 13923 6898 13924 6910 13924 6902 13924 6910 13925 6898 13925 6906 13925 6890 13926 6902 13926 6894 13926 6902 13927 6890 13927 6898 13927 6882 13928 6894 13928 6886 13928 6894 13929 6882 13929 6890 13929 6858 13930 6882 13930 6886 13930 6882 13931 6858 13931 6854 13931 6834 13932 6854 13932 6858 13932 6854 13933 6834 13933 6830 13933 6818 13934 6830 13934 6834 13934 6830 13935 6818 13935 6814 13935 6802 13936 6814 13936 6818 13936 6814 13937 6802 13937 6794 13937 2396 13938 2399 13938 2400 13938 2399 13939 2396 13939 2395 13939 2398 13940 2401 13940 2402 13940 2401 13941 2398 13941 2397 13941 1982 13942 2396 13942 1983 13942 2396 13943 1982 13943 2395 13943 1984 13944 2398 13944 1985 13944 2398 13945 1984 13945 2397 13945 1952 13946 1983 13946 1953 13946 1983 13947 1952 13947 1982 13947 1954 13948 1985 13948 1955 13948 1985 13949 1954 13949 1984 13949 1934 13950 1953 13950 1935 13950 1953 13951 1934 13951 1952 13951 1936 13952 1955 13952 1937 13952 1955 13953 1936 13953 1954 13953 1908 13954 1935 13954 1909 13954 1935 13955 1908 13955 1934 13955 1910 13956 1937 13956 1911 13956 1937 13957 1910 13957 1936 13957 1880 13958 1909 13958 1881 13958 1909 13959 1880 13959 1908 13959 1882 13960 1911 13960 1883 13960 1911 13961 1882 13961 1910 13961 1852 13962 1881 13962 1853 13962 1881 13963 1852 13963 1880 13963 1854 13964 1883 13964 1855 13964 1883 13965 1854 13965 1882 13965 1824 13966 1853 13966 1825 13966 1853 13967 1824 13967 1852 13967 1826 13968 1855 13968 1827 13968 1855 13969 1826 13969 1854 13969 1797 13970 1824 13970 1825 13970 1824 13971 1797 13971 1796 13971 1799 13972 1826 13972 1827 13972 1826 13973 1799 13973 1798 13973 1757 13974 1796 13974 1797 13974 1796 13975 1757 13975 1756 13975 1759 13976 1798 13976 1799 13976 1798 13977 1759 13977 1758 13977 1707 13978 1756 13978 1757 13978 1756 13979 1707 13979 1706 13979 1709 13980 1758 13980 1759 13980 1758 13981 1709 13981 1708 13981 1691 13982 1706 13982 1707 13982 1706 13983 1691 13983 1690 13983 1693 13984 1708 13984 1709 13984 1708 13985 1693 13985 1692 13985 1667 13986 1690 13986 1691 13986 1690 13987 1667 13987 1666 13987 1669 13988 1692 13988 1693 13988 1692 13989 1669 13989 1668 13989 1661 13990 1666 13990 1667 13990 1666 13991 1661 13991 1660 13991 1663 13992 1668 13992 1669 13992 1668 13993 1663 13993 1662 13993 1658 13994 1660 13994 1661 13994 1633 13995 1658 13995 1656 13995 1633 13996 1656 13996 1654 13996 1633 13997 1654 13997 1652 13997 1633 13998 1652 13998 1650 13998 1633 13999 1650 13999 1648 13999 1633 14000 1648 14000 1646 14000 1633 14001 1646 14001 1644 14001 1633 14002 1644 14002 1642 14002 1633 14003 1642 14003 1640 14003 1633 14004 1640 14004 1638 14004 1633 14005 1638 14005 1636 14005 1632 14006 1658 14006 1633 14006 1658 14007 1632 14007 1660 14007 1635 14008 1662 14008 1663 14008 1662 14009 1635 14009 1659 14009 1634 14010 1659 14010 1635 14010 1659 14011 1634 14011 1657 14011 1657 14012 1634 14012 1655 14012 1655 14013 1634 14013 1653 14013 1653 14014 1634 14014 1651 14014 1651 14015 1634 14015 1649 14015 1649 14016 1634 14016 1647 14016 1647 14017 1634 14017 1645 14017 1645 14018 1634 14018 1643 14018 1643 14019 1634 14019 1641 14019 1641 14020 1634 14020 1639 14020 1629 14021 1635 14021 1663 14021 1635 14022 1629 14022 1631 14022 1628 14023 1631 14023 1629 14023 1631 14024 1628 14024 1630 14024 1639 14025 1634 14025 1637 14025 1665 14026 1628 14026 1629 14026 1628 14027 1665 14027 1664 14027 1689 14028 1664 14028 1665 14028 1664 14029 1689 14029 1688 14029 1705 14030 1688 14030 1689 14030 1688 14031 1705 14031 1704 14031 1795 14032 1754 14032 1755 14032 1754 14033 1795 14033 1794 14033 1755 14034 1704 14034 1705 14034 1704 14035 1755 14035 1754 14035 1823 14036 1794 14036 1795 14036 1794 14037 1823 14037 1822 14037 1850 14038 1823 14038 1851 14038 1823 14039 1850 14039 1822 14039 1906 14040 1879 14040 1907 14040 1879 14041 1906 14041 1878 14041 1878 14042 1851 14042 1879 14042 1851 14043 1878 14043 1850 14043 1950 14044 1933 14044 1951 14044 1933 14045 1950 14045 1932 14045 1932 14046 1907 14046 1933 14046 1907 14047 1932 14047 1906 14047 1968 14048 1951 14048 1969 14048 1951 14049 1968 14049 1950 14049 2371 14050 1969 14050 2372 14050 1969 14051 2371 14051 1968 14051 2369 14052 2372 14052 2370 14052 2368 14053 2372 14053 2369 14053 2372 14054 2368 14054 2371 14054 2367 14055 2371 14055 2368 14055 2371 14056 2367 14056 2366 14056 1024 14057 1028 14057 1023 14057 1025 14058 1028 14058 1024 14058 1028 14059 1025 14059 1029 14059 1026 14060 1029 14060 1025 14060 1029 14061 1026 14061 1027 14061 1238 14062 1029 14062 1239 14062 1029 14063 1238 14063 1028 14063 1266 14064 1239 14064 1267 14064 1239 14065 1266 14065 1238 14065 1302 14066 1283 14066 1303 14066 1283 14067 1302 14067 1282 14067 1282 14068 1267 14068 1283 14068 1267 14069 1282 14069 1266 14069 1324 14070 1303 14070 1325 14070 1303 14071 1324 14071 1302 14071 1344 14072 1325 14072 1345 14072 1325 14073 1344 14073 1324 14073 1364 14074 1345 14074 1365 14074 1345 14075 1364 14075 1344 14075 1364 14076 1385 14076 1384 14076 1385 14077 1364 14077 1365 14077 1416 14078 1459 14078 1458 14078 1459 14079 1416 14079 1417 14079 1384 14080 1417 14080 1416 14080 1417 14081 1384 14081 1385 14081 1458 14082 1473 14082 1472 14082 1473 14083 1458 14083 1459 14083 1472 14084 1489 14084 1488 14084 1489 14085 1472 14085 1473 14085 1488 14086 1493 14086 1492 14086 1493 14087 1488 14087 1489 14087 1492 14088 1495 14088 1494 14088 1495 14089 1492 14089 1493 14089 1494 14090 1491 14090 1490 14090 1491 14091 1494 14091 1495 14091 1490 14092 1475 14092 1474 14092 1475 14093 1490 14093 1491 14093 1474 14094 1461 14094 1460 14094 1461 14095 1474 14095 1475 14095 1460 14096 1419 14096 1418 14096 1419 14097 1460 14097 1461 14097 1418 14098 1387 14098 1386 14098 1387 14099 1418 14099 1419 14099 1386 14100 1367 14100 1366 14100 1367 14101 1386 14101 1387 14101 1346 14102 1367 14102 1347 14102 1367 14103 1346 14103 1366 14103 1326 14104 1347 14104 1327 14104 1347 14105 1326 14105 1346 14105 1304 14106 1327 14106 1305 14106 1327 14107 1304 14107 1326 14107 1284 14108 1305 14108 1285 14108 1305 14109 1284 14109 1304 14109 1268 14110 1285 14110 1269 14110 1285 14111 1268 14111 1284 14111 1252 14112 1269 14112 1253 14112 1269 14113 1252 14113 1268 14113 1036 14114 1253 14114 1037 14114 1253 14115 1036 14115 1252 14115 1036 14116 1039 14116 1038 14116 1039 14117 1036 14117 1037 14117 2366 14118 1968 14118 2371 14118 2366 14119 1950 14119 1968 14119 1492 14120 1630 14120 1628 14120 1630 14121 1492 14121 1632 14121 1494 14122 1632 14122 1492 14122 1664 14123 1492 14123 1628 14123 1488 14124 1664 14124 1688 14124 1472 14125 1688 14125 1704 14125 1458 14126 1704 14126 1754 14126 1416 14127 1754 14127 1794 14127 1384 14128 1794 14128 1822 14128 1664 14129 1488 14129 1492 14129 1364 14130 1822 14130 1850 14130 1688 14131 1472 14131 1488 14131 1344 14132 1850 14132 1878 14132 1704 14133 1458 14133 1472 14133 1324 14134 1878 14134 1906 14134 1754 14135 1416 14135 1458 14135 1794 14136 1384 14136 1416 14136 1302 14137 1906 14137 1932 14137 1822 14138 1364 14138 1384 14138 1282 14139 1932 14139 1950 14139 1266 14140 1950 14140 2366 14140 1850 14141 1344 14141 1364 14141 1878 14142 1324 14142 1344 14142 1906 14143 1302 14143 1324 14143 1932 14144 1282 14144 1302 14144 1950 14145 1266 14145 1282 14145 2366 14146 1238 14146 1266 14146 1023 14147 1238 14147 2366 14147 1238 14148 1023 14148 1028 14148 5475 14149 5431 14149 5478 14149 5475 14150 5427 14150 5431 14150 5349 14151 5293 14151 5351 14151 5353 14152 5293 14152 5349 14152 5279 14153 5353 14153 5361 14153 5249 14154 5361 14154 5367 14154 5225 14155 5367 14155 5373 14155 5197 14156 5373 14156 5381 14156 5167 14157 5381 14157 5389 14157 5353 14158 5279 14158 5293 14158 5137 14159 5389 14159 5397 14159 5361 14160 5249 14160 5279 14160 5107 14161 5397 14161 5405 14161 5367 14162 5225 14162 5249 14162 5077 14163 5405 14163 5415 14163 5373 14164 5197 14164 5225 14164 5381 14165 5167 14165 5197 14165 5045 14166 5415 14166 5423 14166 5389 14167 5137 14167 5167 14167 5017 14168 5423 14168 5427 14168 4997 14169 5427 14169 5475 14169 5397 14170 5107 14170 5137 14170 5405 14171 5077 14171 5107 14171 5415 14172 5045 14172 5077 14172 5423 14173 5017 14173 5045 14173 5427 14174 4997 14174 5017 14174 5475 14175 4979 14175 4997 14175 4670 14176 4979 14176 5475 14176 4129 14177 4979 14177 4670 14177 4109 14178 4979 14178 4129 14178 1632 14179 4109 14179 1630 14179 4109 14180 1632 14180 4979 14180 5433 14181 5482 14181 5480 14181 5429 14182 5482 14182 5433 14182 5297 14183 5351 14183 5293 14183 5297 14184 5355 14184 5351 14184 5281 14185 5355 14185 5297 14185 5355 14186 5281 14186 5363 14186 5251 14187 5363 14187 5281 14187 5363 14188 5251 14188 5369 14188 5227 14189 5369 14189 5251 14189 5369 14190 5227 14190 5375 14190 5199 14191 5375 14191 5227 14191 5375 14192 5199 14192 5383 14192 5169 14193 5383 14193 5199 14193 5383 14194 5169 14194 5391 14194 5139 14195 5391 14195 5169 14195 5391 14196 5139 14196 5399 14196 5109 14197 5399 14197 5139 14197 5399 14198 5109 14198 5407 14198 5079 14199 5407 14199 5109 14199 5407 14200 5079 14200 5417 14200 5047 14201 5417 14201 5079 14201 5417 14202 5047 14202 5425 14202 5019 14203 5425 14203 5047 14203 5425 14204 5019 14204 5429 14204 4999 14205 5429 14205 5019 14205 5429 14206 4999 14206 5482 14206 4983 14207 5482 14207 4999 14207 1570 14208 4983 14208 1566 14208 4983 14209 1570 14209 5482 14209 1982 14210 2399 14210 2395 14210 1952 14211 2399 14211 1982 14211 1632 14212 1494 14212 1660 14212 1494 14213 1666 14213 1660 14213 1490 14214 1666 14214 1494 14214 1666 14215 1490 14215 1690 14215 1474 14216 1690 14216 1490 14216 1690 14217 1474 14217 1706 14217 1460 14218 1706 14218 1474 14218 1706 14219 1460 14219 1756 14219 1418 14220 1756 14220 1460 14220 1756 14221 1418 14221 1796 14221 1386 14222 1796 14222 1418 14222 1796 14223 1386 14223 1824 14223 1366 14224 1824 14224 1386 14224 1824 14225 1366 14225 1852 14225 1346 14226 1852 14226 1366 14226 1852 14227 1346 14227 1880 14227 1326 14228 1880 14228 1346 14228 1880 14229 1326 14229 1908 14229 1304 14230 1908 14230 1326 14230 1908 14231 1304 14231 1934 14231 1284 14232 1934 14232 1304 14232 1934 14233 1284 14233 1952 14233 1268 14234 1952 14234 1284 14234 1952 14235 1268 14235 2399 14235 1252 14236 2399 14236 1268 14236 1038 14237 1252 14237 1036 14237 1252 14238 1038 14238 2399 14238 5478 14239 5432 14239 5479 14239 5432 14240 5478 14240 5431 14240 5476 14241 5479 14241 5477 14241 5479 14242 5476 14242 5478 14242 5478 14243 5476 14243 5475 14243 4921 14244 4924 14244 4920 14244 4924 14245 4921 14245 4925 14245 4925 14246 4921 14246 4922 14246 4979 14247 4923 14247 4980 14247 1632 14248 4923 14248 4979 14248 4923 14249 1632 14249 1633 14249 4982 14250 4924 14250 4925 14250 4981 14251 4924 14251 4982 14251 1634 14252 4924 14252 4981 14252 4924 14253 1634 14253 1635 14253 4998 14254 4981 14254 4982 14254 4990 14255 4981 14255 4998 14255 4981 14256 4990 14256 4987 14256 4998 14257 4995 14257 4990 14257 4993 14258 4980 14258 4989 14258 4997 14259 4995 14259 4998 14259 4997 14260 4993 14260 4995 14260 4997 14261 4980 14261 4993 14261 4980 14262 4997 14262 4979 14262 5046 14263 5023 14263 5018 14263 5037 14264 5023 14264 5046 14264 5023 14265 5037 14265 5027 14265 5046 14266 5043 14266 5037 14266 5041 14267 5025 14267 5039 14267 5041 14268 5045 14268 5025 14268 5043 14269 5045 14269 5041 14269 5045 14270 5043 14270 5046 14270 5021 14271 5018 14271 5023 14271 5017 14272 5025 14272 5045 14272 5021 14273 5017 14273 5018 14273 5025 14274 5017 14274 5021 14274 5018 14275 5003 14275 4998 14275 5009 14276 5003 14276 5018 14276 5003 14277 5009 14277 5007 14277 5018 14278 5015 14278 5009 14278 5013 14279 5006 14279 5011 14279 5013 14280 5017 14280 5006 14280 5015 14281 5017 14281 5013 14281 5017 14282 5015 14282 5018 14282 5001 14283 4998 14283 5003 14283 4997 14284 5006 14284 5017 14284 5001 14285 4997 14285 4998 14285 5006 14286 4997 14286 5001 14286 5078 14287 5051 14287 5046 14287 5069 14288 5051 14288 5078 14288 5051 14289 5069 14289 5061 14289 5078 14290 5075 14290 5069 14290 5073 14291 5053 14291 5067 14291 5073 14292 5077 14292 5053 14292 5075 14293 5077 14293 5073 14293 5077 14294 5075 14294 5078 14294 5049 14295 5046 14295 5051 14295 5045 14296 5053 14296 5077 14296 5049 14297 5045 14297 5046 14297 5053 14298 5045 14298 5049 14298 5051 14299 5061 14299 5059 14299 5108 14300 5083 14300 5078 14300 5099 14301 5083 14301 5108 14301 5083 14302 5099 14302 5091 14302 5108 14303 5105 14303 5099 14303 5103 14304 5085 14304 5097 14304 5103 14305 5107 14305 5085 14305 5105 14306 5107 14306 5103 14306 5107 14307 5105 14307 5108 14307 5081 14308 5078 14308 5083 14308 5081 14309 5077 14309 5078 14309 5085 14310 5077 14310 5081 14310 5077 14311 5085 14311 5107 14311 5138 14312 5115 14312 5108 14312 5131 14313 5115 14313 5138 14313 5115 14314 5131 14314 5125 14314 5138 14315 5133 14315 5131 14315 5138 14316 5135 14316 5133 14316 5135 14317 5113 14317 5127 14317 5135 14318 5137 14318 5113 14318 5137 14319 5135 14319 5138 14319 5111 14320 5108 14320 5115 14320 5111 14321 5107 14321 5108 14321 5113 14322 5107 14322 5111 14322 5107 14323 5113 14323 5137 14323 5167 14324 5165 14324 5168 14324 5167 14325 5161 14325 5165 14325 5141 14326 5161 14326 5167 14326 5161 14327 5141 14327 5147 14327 5141 14328 5167 14328 5137 14328 5162 14329 5168 14329 5165 14329 5146 14330 5162 14330 5153 14330 5162 14331 5146 14331 5168 14331 5138 14332 5146 14332 5143 14332 5138 14333 5143 14333 5141 14333 5138 14334 5141 14334 5137 14334 5146 14335 5138 14335 5168 14335 5225 14336 5223 14336 5226 14336 5225 14337 5221 14337 5223 14337 5203 14338 5221 14338 5225 14338 5221 14339 5203 14339 5207 14339 5203 14340 5197 14340 5202 14340 5197 14341 5203 14341 5225 14341 5211 14342 5226 14342 5223 14342 5205 14343 5211 14343 5209 14343 5211 14344 5205 14344 5226 14344 5198 14345 5205 14345 5202 14345 5198 14346 5202 14346 5197 14346 5205 14347 5198 14347 5226 14347 5197 14348 5193 14348 5198 14348 5197 14349 5189 14349 5193 14349 5173 14350 5189 14350 5197 14350 5189 14351 5173 14351 5177 14351 5173 14352 5167 14352 5171 14352 5167 14353 5173 14353 5197 14353 5191 14354 5198 14354 5193 14354 5175 14355 5191 14355 5179 14355 5191 14356 5175 14356 5198 14356 5168 14357 5175 14357 5171 14357 5168 14358 5171 14358 5167 14358 5175 14359 5168 14359 5198 14359 5249 14360 5247 14360 5250 14360 5249 14361 5245 14361 5247 14361 5231 14362 5245 14362 5249 14362 5245 14363 5231 14363 5243 14363 5243 14364 5231 14364 5233 14364 5231 14365 5225 14365 5229 14365 5225 14366 5231 14366 5249 14366 5241 14367 5250 14367 5247 14367 5237 14368 5241 14368 5239 14368 5241 14369 5237 14369 5250 14369 5226 14370 5237 14370 5229 14370 5237 14371 5226 14371 5250 14371 5226 14372 5229 14372 5225 14372 5279 14373 5277 14373 5280 14373 5279 14374 5275 14374 5277 14374 5265 14375 5275 14375 5279 14375 5275 14376 5265 14376 5271 14376 5249 14377 5265 14377 5279 14377 5265 14378 5249 14378 5253 14378 5273 14379 5280 14379 5277 14379 5255 14380 5273 14380 5267 14380 5273 14381 5255 14381 5280 14381 5250 14382 5255 14382 5253 14382 5250 14383 5253 14383 5249 14383 5255 14384 5250 14384 5280 14384 5287 14385 5294 14385 5293 14385 5294 14386 5287 14386 5291 14386 5279 14387 5287 14387 5293 14387 5287 14388 5279 14388 5283 14388 5284 14389 5295 14389 5288 14389 5295 14390 5284 14390 5296 14390 5280 14391 5284 14391 5283 14391 5280 14392 5283 14392 5279 14392 5284 14393 5280 14393 5296 14393 5293 14394 5298 14394 5297 14394 5298 14395 5293 14395 5294 14395 5295 14396 5300 14396 5299 14396 5300 14397 5295 14397 5296 14397 5281 14398 5286 14398 5282 14398 5281 14399 5285 14399 5286 14399 5297 14400 5285 14400 5281 14400 5298 14401 5285 14401 5297 14401 5285 14402 5298 14402 5289 14402 5290 14403 5282 14403 5286 14403 5299 14404 5290 14404 5292 14404 5290 14405 5299 14405 5300 14405 5290 14406 5300 14406 5282 14406 5251 14407 5254 14407 5252 14407 5251 14408 5256 14408 5254 14408 5281 14409 5256 14409 5251 14409 5274 14410 5256 14410 5281 14410 5256 14411 5274 14411 5268 14411 5274 14412 5281 14412 5278 14412 5266 14413 5252 14413 5254 14413 5276 14414 5266 14414 5272 14414 5266 14415 5276 14415 5282 14415 5282 14416 5276 14416 5278 14416 5282 14417 5278 14417 5281 14417 5266 14418 5282 14418 5252 14418 5227 14419 5230 14419 5228 14419 5227 14420 5238 14420 5230 14420 5251 14421 5238 14421 5227 14421 5242 14422 5238 14422 5251 14422 5238 14423 5242 14423 5240 14423 5242 14424 5251 14424 5248 14424 5232 14425 5228 14425 5230 14425 5246 14426 5232 14426 5234 14426 5246 14427 5234 14427 5244 14427 5232 14428 5246 14428 5252 14428 5252 14429 5246 14429 5248 14429 5232 14430 5252 14430 5228 14430 5252 14431 5248 14431 5251 14431 5199 14432 5201 14432 5200 14432 5199 14433 5206 14433 5201 14433 5227 14434 5206 14434 5199 14434 5212 14435 5206 14435 5227 14435 5206 14436 5212 14436 5210 14436 5212 14437 5227 14437 5224 14437 5204 14438 5200 14438 5201 14438 5222 14439 5204 14439 5208 14439 5204 14440 5222 14440 5228 14440 5228 14441 5222 14441 5224 14441 5228 14442 5224 14442 5227 14442 5204 14443 5228 14443 5200 14443 5169 14444 5172 14444 5170 14444 5169 14445 5176 14445 5172 14445 5199 14446 5176 14446 5169 14446 5192 14447 5176 14447 5199 14447 5176 14448 5192 14448 5180 14448 5192 14449 5199 14449 5194 14449 5174 14450 5170 14450 5172 14450 5190 14451 5174 14451 5178 14451 5174 14452 5190 14452 5200 14452 5200 14453 5190 14453 5194 14453 5200 14454 5194 14454 5199 14454 5174 14455 5200 14455 5170 14455 5139 14456 5142 14456 5140 14456 5139 14457 5144 14457 5142 14457 5139 14458 5145 14458 5144 14458 5169 14459 5145 14459 5139 14459 5163 14460 5145 14460 5169 14460 5163 14461 5169 14461 5166 14461 5145 14462 5163 14462 5154 14462 5164 14463 5142 14463 5148 14463 5142 14464 5164 14464 5170 14464 5170 14465 5164 14465 5166 14465 5170 14466 5166 14466 5169 14466 5142 14467 5170 14467 5140 14467 5110 14468 5114 14468 5140 14468 5110 14469 5112 14469 5114 14469 5112 14470 5109 14470 5116 14470 5109 14471 5112 14471 5110 14471 5136 14472 5114 14472 5128 14472 5114 14473 5136 14473 5140 14473 5116 14474 5132 14474 5126 14474 5139 14475 5116 14475 5109 14475 5136 14476 5139 14476 5140 14476 5134 14477 5139 14477 5136 14477 5132 14478 5139 14478 5134 14478 5116 14479 5139 14479 5132 14479 5080 14480 5086 14480 5110 14480 5080 14481 5082 14481 5086 14481 5082 14482 5079 14482 5084 14482 5079 14483 5082 14483 5080 14483 5104 14484 5086 14484 5098 14484 5086 14485 5104 14485 5110 14485 5106 14486 5110 14486 5104 14486 5084 14487 5100 14487 5092 14487 5109 14488 5084 14488 5079 14488 5106 14489 5109 14489 5110 14489 5100 14490 5109 14490 5106 14490 5084 14491 5109 14491 5100 14491 5060 14492 5052 14492 5062 14492 5048 14493 5054 14493 5080 14493 5048 14494 5050 14494 5054 14494 5050 14495 5047 14495 5052 14495 5047 14496 5050 14496 5048 14496 5074 14497 5054 14497 5068 14497 5054 14498 5074 14498 5080 14498 5076 14499 5080 14499 5074 14499 5052 14500 5070 14500 5062 14500 5079 14501 5052 14501 5047 14501 5076 14502 5079 14502 5080 14502 5070 14503 5079 14503 5076 14503 5052 14504 5079 14504 5070 14504 5020 14505 5026 14505 5048 14505 5020 14506 5022 14506 5026 14506 5022 14507 5019 14507 5024 14507 5019 14508 5022 14508 5020 14508 5042 14509 5026 14509 5040 14509 5026 14510 5042 14510 5048 14510 5044 14511 5048 14511 5042 14511 5024 14512 5038 14512 5028 14512 5047 14513 5024 14513 5019 14513 5044 14514 5047 14514 5048 14514 5038 14515 5047 14515 5044 14515 5024 14516 5047 14516 5038 14516 5000 14517 5005 14517 5020 14517 5000 14518 5002 14518 5005 14518 5002 14519 4999 14519 5004 14519 4999 14520 5002 14520 5000 14520 5014 14521 5005 14521 5012 14521 5005 14522 5014 14522 5020 14522 5016 14523 5020 14523 5014 14523 5004 14524 5010 14524 5008 14524 5019 14525 5004 14525 4999 14525 5016 14526 5019 14526 5020 14526 5010 14527 5019 14527 5016 14527 5004 14528 5019 14528 5010 14528 4985 14529 5000 14529 4986 14529 4994 14530 4985 14530 4992 14530 4985 14531 4994 14531 5000 14531 4996 14532 5000 14532 4994 14532 4984 14533 4991 14533 4988 14533 4999 14534 4984 14534 4983 14534 4996 14535 4999 14535 5000 14535 4991 14536 4999 14536 4996 14536 4984 14537 4999 14537 4991 14537 1566 14538 4984 14538 1567 14538 4984 14539 1566 14539 4983 14539 1569 14540 1568 14540 4927 14540 4927 14541 4986 14541 4928 14541 4926 14542 4927 14542 1568 14542 4985 14543 4927 14543 4926 14543 4927 14544 4985 14544 4986 14544 4927 14545 4930 14545 4929 14545 4930 14546 4927 14546 4928 14546 5483 14547 4929 14547 4930 14547 5482 14548 4929 14548 5483 14548 1570 14549 4929 14549 5482 14549 4929 14550 1570 14550 1571 14550 5481 14551 5482 14551 5483 14551 5482 14552 5481 14552 5480 14552 5433 14553 5481 14553 5434 14553 5481 14554 5433 14554 5480 14554 5429 14555 5434 14555 5430 14555 5434 14556 5429 14556 5433 14556 5425 14557 5430 14557 5426 14557 5430 14558 5425 14558 5429 14558 5417 14559 5426 14559 5418 14559 5426 14560 5417 14560 5425 14560 5407 14561 5418 14561 5408 14561 5418 14562 5407 14562 5417 14562 5399 14563 5408 14563 5400 14563 5408 14564 5399 14564 5407 14564 5391 14565 5400 14565 5392 14565 5400 14566 5391 14566 5399 14566 5384 14567 5391 14567 5392 14567 5391 14568 5384 14568 5383 14568 5376 14569 5383 14569 5384 14569 5383 14570 5376 14570 5375 14570 5370 14571 5375 14571 5376 14571 5375 14572 5370 14572 5369 14572 5364 14573 5369 14573 5370 14573 5369 14574 5364 14574 5363 14574 5356 14575 5363 14575 5364 14575 5363 14576 5356 14576 5355 14576 5352 14577 5355 14577 5356 14577 5355 14578 5352 14578 5351 14578 5350 14579 5351 14579 5352 14579 5351 14580 5350 14580 5349 14580 5354 14581 5349 14581 5350 14581 5349 14582 5354 14582 5353 14582 5362 14583 5353 14583 5354 14583 5353 14584 5362 14584 5361 14584 5368 14585 5361 14585 5362 14585 5361 14586 5368 14586 5367 14586 5382 14587 5373 14587 5374 14587 5373 14588 5382 14588 5381 14588 5374 14589 5367 14589 5368 14589 5367 14590 5374 14590 5373 14590 5390 14591 5381 14591 5382 14591 5381 14592 5390 14592 5389 14592 5397 14593 5390 14593 5398 14593 5390 14594 5397 14594 5389 14594 5415 14595 5406 14595 5416 14595 5406 14596 5415 14596 5405 14596 5405 14597 5398 14597 5406 14597 5398 14598 5405 14598 5397 14598 5427 14599 5424 14599 5428 14599 5424 14600 5427 14600 5423 14600 5423 14601 5416 14601 5424 14601 5416 14602 5423 14602 5415 14602 5431 14603 5428 14603 5432 14603 5428 14604 5431 14604 5427 14604 1564 14605 1568 14605 1567 14605 1564 14606 1565 14606 1568 14606 1562 14607 1565 14607 1564 14607 1562 14608 1563 14608 1565 14608 1560 14609 1563 14609 1562 14609 1560 14610 1561 14610 1563 14610 1558 14611 1561 14611 1560 14611 1558 14612 1559 14612 1561 14612 1556 14613 1559 14613 1558 14613 1556 14614 1557 14614 1559 14614 1554 14615 1557 14615 1556 14615 1554 14616 1555 14616 1557 14616 1552 14617 1555 14617 1554 14617 1552 14618 1553 14618 1555 14618 1550 14619 1553 14619 1552 14619 1550 14620 1551 14620 1553 14620 1548 14621 1551 14621 1550 14621 1548 14622 1549 14622 1551 14622 1546 14623 1549 14623 1548 14623 1546 14624 1547 14624 1549 14624 1544 14625 1547 14625 1546 14625 1544 14626 1545 14626 1547 14626 1542 14627 1545 14627 1544 14627 1542 14628 1543 14628 1545 14628 1540 14629 1543 14629 1542 14629 1543 14630 1540 14630 1541 14630 1567 14631 1570 14631 1566 14631 1570 14632 1567 14632 1571 14632 1568 14633 1571 14633 1567 14633 1571 14634 1568 14634 1569 14634 1571 14635 4927 14635 4929 14635 4927 14636 1571 14636 1569 14636 5289 14637 5298 14637 1542 14637 5289 14638 5274 14638 5285 14638 5289 14639 5268 14639 5274 14639 5268 14640 5289 14640 1544 14640 1544 14641 5289 14641 1542 14641 5268 14642 5242 14642 5256 14642 5268 14643 5240 14643 5242 14643 5240 14644 5268 14644 1546 14644 5268 14645 1544 14645 1546 14645 5240 14646 5212 14646 5238 14646 5240 14647 5210 14647 5212 14647 5210 14648 5240 14648 1548 14648 1548 14649 5240 14649 1546 14649 5210 14650 5192 14650 5206 14650 5210 14651 5180 14651 5192 14651 5180 14652 5210 14652 1550 14652 1550 14653 5210 14653 1548 14653 5180 14654 5163 14654 5176 14654 5180 14655 5154 14655 5163 14655 5154 14656 5180 14656 1552 14656 1552 14657 5180 14657 1550 14657 5126 14658 5145 14658 5154 14658 5145 14659 5126 14659 5132 14659 5126 14660 5154 14660 1554 14660 1554 14661 5154 14661 1552 14661 5092 14662 5126 14662 1556 14662 5126 14663 5092 14663 5116 14663 5116 14664 5092 14664 5100 14664 1556 14665 5126 14665 1554 14665 5062 14666 5092 14666 1558 14666 5092 14667 5062 14667 5084 14667 5084 14668 5062 14668 5070 14668 1558 14669 5092 14669 1556 14669 5028 14670 5060 14670 1560 14670 5060 14671 5028 14671 5052 14671 5052 14672 5028 14672 5038 14672 1558 14673 1560 14673 5060 14673 1558 14674 5060 14674 5062 14674 5008 14675 5028 14675 1562 14675 5028 14676 5008 14676 5024 14676 5024 14677 5008 14677 5010 14677 1560 14678 1562 14678 5028 14678 4988 14679 5008 14679 1564 14679 5008 14680 4988 14680 5004 14680 5004 14681 4988 14681 4991 14681 5008 14682 1562 14682 1564 14682 4984 14683 4988 14683 1567 14683 4988 14684 1564 14684 1567 14684 5294 14685 2396 14685 5298 14685 1658 14686 2396 14686 5294 14686 1661 14687 2396 14687 1658 14687 2396 14688 1661 14688 1983 14688 1983 14689 1661 14689 1953 14689 1953 14690 1661 14690 1935 14690 1935 14691 1661 14691 1909 14691 1909 14692 1661 14692 1881 14692 1881 14693 1661 14693 1853 14693 1853 14694 1661 14694 1825 14694 1825 14695 1661 14695 1797 14695 1797 14696 1661 14696 1757 14696 1757 14697 1661 14697 1707 14697 1707 14698 1661 14698 1691 14698 1691 14699 1661 14699 1667 14699 2400 14700 5298 14700 2396 14700 1542 14701 2400 14701 1540 14701 2400 14702 1542 14702 5298 14702 2397 14703 5299 14703 2401 14703 1543 14704 2401 14704 5299 14704 2401 14705 1543 14705 1541 14705 5299 14706 2397 14706 5295 14706 1662 14707 2397 14707 1984 14707 1662 14708 1984 14708 1954 14708 1662 14709 1954 14709 1936 14709 1662 14710 1936 14710 1910 14710 1662 14711 1910 14711 1882 14711 1662 14712 1882 14712 1854 14712 1662 14713 1854 14713 1826 14713 1662 14714 1826 14714 1798 14714 1662 14715 1798 14715 1758 14715 1662 14716 1758 14716 1708 14716 1662 14717 1708 14717 1692 14717 1662 14718 1692 14718 1668 14718 2397 14719 1662 14719 1659 14719 2397 14720 1659 14720 5295 14720 4992 14721 4985 14721 4926 14721 4926 14722 1568 14722 1565 14722 5012 14723 4992 14723 1565 14723 5005 14724 4992 14724 5012 14724 4992 14725 5005 14725 4994 14725 4992 14726 4926 14726 1565 14726 5040 14727 5012 14727 1563 14727 5026 14728 5012 14728 5040 14728 5012 14729 5026 14729 5014 14729 5012 14730 1565 14730 1563 14730 5068 14731 5040 14731 1561 14731 5054 14732 5040 14732 5068 14732 5040 14733 5054 14733 5042 14733 1561 14734 5040 14734 1563 14734 5098 14735 5068 14735 1559 14735 5086 14736 5068 14736 5098 14736 5068 14737 5086 14737 5074 14737 5068 14738 1561 14738 1559 14738 5128 14739 5098 14739 1557 14739 5114 14740 5098 14740 5128 14740 5098 14741 5114 14741 5104 14741 5098 14742 1559 14742 1557 14742 5136 14743 5148 14743 5142 14743 5128 14744 5148 14744 5136 14744 5148 14745 5128 14745 1555 14745 5128 14746 1557 14746 1555 14746 5164 14747 5178 14747 5174 14747 5148 14748 5178 14748 5164 14748 5178 14749 5148 14749 1553 14749 5148 14750 1555 14750 1553 14750 5190 14751 5208 14751 5204 14751 5178 14752 5208 14752 5190 14752 5208 14753 5178 14753 1551 14753 5178 14754 1553 14754 1551 14754 5222 14755 5234 14755 5232 14755 5208 14756 5234 14756 5222 14756 5234 14757 5208 14757 1549 14757 5244 14758 5234 14758 1549 14758 5208 14759 1551 14759 1549 14759 5244 14760 5266 14760 5246 14760 5266 14761 5244 14761 5272 14761 5272 14762 5244 14762 1547 14762 5244 14763 1549 14763 1547 14763 5276 14764 5292 14764 5290 14764 5272 14765 5292 14765 5276 14765 5292 14766 5272 14766 1545 14766 5272 14767 1547 14767 1545 14767 5299 14768 5292 14768 1543 14768 5292 14769 1545 14769 1543 14769 5290 14770 5278 14770 5276 14770 5278 14771 5290 14771 5286 14771 5286 14772 5274 14772 5278 14772 5274 14773 5286 14773 5285 14773 5266 14774 5248 14774 5246 14774 5248 14775 5266 14775 5254 14775 5254 14776 5242 14776 5248 14776 5242 14777 5254 14777 5256 14777 5222 14778 5230 14778 5224 14778 5230 14779 5222 14779 5232 14779 5238 14780 5224 14780 5230 14780 5224 14781 5238 14781 5212 14781 5190 14782 5201 14782 5194 14782 5201 14783 5190 14783 5204 14783 5206 14784 5194 14784 5201 14784 5194 14785 5206 14785 5192 14785 5164 14786 5172 14786 5166 14786 5172 14787 5164 14787 5174 14787 5176 14788 5166 14788 5172 14788 5166 14789 5176 14789 5163 14789 5144 14790 5136 14790 5142 14790 5136 14791 5144 14791 5134 14791 5145 14792 5134 14792 5144 14792 5134 14793 5145 14793 5132 14793 5114 14794 5106 14794 5104 14794 5106 14795 5114 14795 5112 14795 5086 14796 5076 14796 5074 14796 5076 14797 5086 14797 5082 14797 5100 14798 5112 14798 5116 14798 5112 14799 5100 14799 5106 14799 5054 14800 5044 14800 5042 14800 5044 14801 5054 14801 5050 14801 5070 14802 5082 14802 5084 14802 5082 14803 5070 14803 5076 14803 5026 14804 5016 14804 5014 14804 5016 14805 5026 14805 5022 14805 5038 14806 5050 14806 5052 14806 5050 14807 5038 14807 5044 14807 5005 14808 4996 14808 4994 14808 4996 14809 5005 14809 5002 14809 5010 14810 5022 14810 5024 14810 5022 14811 5010 14811 5016 14811 4991 14812 5002 14812 5004 14812 5002 14813 4991 14813 4996 14813 4989 14814 4980 14814 4923 14814 1636 14815 4923 14815 1633 14815 4989 14816 5011 14816 5006 14816 4989 14817 5006 14817 4993 14817 5011 14818 4989 14818 1636 14818 4989 14819 4923 14819 1636 14819 5011 14820 5039 14820 5025 14820 5011 14821 5025 14821 5013 14821 5039 14822 5011 14822 1638 14822 1638 14823 5011 14823 1636 14823 5039 14824 5067 14824 5053 14824 5039 14825 5053 14825 5041 14825 5067 14826 5039 14826 1640 14826 1640 14827 5039 14827 1638 14827 5067 14828 5097 14828 5085 14828 5067 14829 5085 14829 5073 14829 5097 14830 5067 14830 1642 14830 1642 14831 5067 14831 1640 14831 5097 14832 5127 14832 5113 14832 5097 14833 5113 14833 5103 14833 5127 14834 5097 14834 1644 14834 1644 14835 5097 14835 1642 14835 5135 14836 5147 14836 5141 14836 5127 14837 5147 14837 5135 14837 5147 14838 5127 14838 1646 14838 1646 14839 5127 14839 1644 14839 5161 14840 5177 14840 5173 14840 5147 14841 5177 14841 5161 14841 5177 14842 5147 14842 1648 14842 1648 14843 5147 14843 1646 14843 5189 14844 5207 14844 5203 14844 5177 14845 5207 14845 5189 14845 5207 14846 5177 14846 1650 14846 1650 14847 5177 14847 1648 14847 5221 14848 5233 14848 5231 14848 5207 14849 5233 14849 5221 14849 5233 14850 5207 14850 1652 14850 5243 14851 5233 14851 1652 14851 1652 14852 5207 14852 1650 14852 5243 14853 5265 14853 5245 14853 5265 14854 5243 14854 5271 14854 5271 14855 5243 14855 1654 14855 1654 14856 5243 14856 1652 14856 5275 14857 5291 14857 5287 14857 5271 14858 5291 14858 5275 14858 5291 14859 5271 14859 1656 14859 1656 14860 5271 14860 1654 14860 5294 14861 5291 14861 1658 14861 1658 14862 5291 14862 1656 14862 5288 14863 5295 14863 1659 14863 5288 14864 5273 14864 5284 14864 5288 14865 5267 14865 5273 14865 5267 14866 5288 14866 1657 14866 5288 14867 1659 14867 1657 14867 5267 14868 5241 14868 5255 14868 5267 14869 5239 14869 5241 14869 5239 14870 5267 14870 1655 14870 5267 14871 1657 14871 1655 14871 5239 14872 5211 14872 5237 14872 5239 14873 5209 14873 5211 14873 5209 14874 5239 14874 1653 14874 5239 14875 1655 14875 1653 14875 5209 14876 5191 14876 5205 14876 5209 14877 5179 14877 5191 14877 5179 14878 5209 14878 1651 14878 5209 14879 1653 14879 1651 14879 5179 14880 5162 14880 5175 14880 5179 14881 5153 14881 5162 14881 5153 14882 5179 14882 1649 14882 5179 14883 1651 14883 1649 14883 5125 14884 5146 14884 5153 14884 5146 14885 5125 14885 5131 14885 5125 14886 5153 14886 1647 14886 5153 14887 1649 14887 1647 14887 5115 14888 5091 14888 5099 14888 5091 14889 5115 14889 5125 14889 5091 14890 5125 14890 1645 14890 5125 14891 1647 14891 1645 14891 5083 14892 5061 14892 5069 14892 5061 14893 5083 14893 5091 14893 5061 14894 5091 14894 1643 14894 5091 14895 1645 14895 1643 14895 5051 14896 5027 14896 5037 14896 5027 14897 5051 14897 5059 14897 5027 14898 5059 14898 1641 14898 1641 14899 5059 14899 1643 14899 5061 14900 1643 14900 5059 14900 5023 14901 5007 14901 5009 14901 5007 14902 5023 14902 5027 14902 5007 14903 5027 14903 1639 14903 5027 14904 1641 14904 1639 14904 5003 14905 4987 14905 4990 14905 4987 14906 5003 14906 5007 14906 4987 14907 5007 14907 1637 14907 5007 14908 1639 14908 1637 14908 4981 14909 4987 14909 1634 14909 4987 14910 1637 14910 1634 14910 4990 14911 5001 14911 5003 14911 5001 14912 4990 14912 4995 14912 5009 14913 5021 14913 5023 14913 5021 14914 5009 14914 5015 14914 4995 14915 5006 14915 5001 14915 5006 14916 4995 14916 4993 14916 5037 14917 5049 14917 5051 14917 5049 14918 5037 14918 5043 14918 5015 14919 5025 14919 5021 14919 5025 14920 5015 14920 5013 14920 5069 14921 5081 14921 5083 14921 5081 14922 5069 14922 5075 14922 5043 14923 5053 14923 5049 14923 5053 14924 5043 14924 5041 14924 5075 14925 5085 14925 5081 14925 5085 14926 5075 14926 5073 14926 5099 14927 5111 14927 5115 14927 5111 14928 5099 14928 5105 14928 5105 14929 5113 14929 5111 14929 5113 14930 5105 14930 5103 14930 5146 14931 5133 14931 5143 14931 5133 14932 5146 14932 5131 14932 5143 14933 5135 14933 5141 14933 5135 14934 5143 14934 5133 14934 5175 14935 5165 14935 5171 14935 5165 14936 5175 14936 5162 14936 5161 14937 5171 14937 5165 14937 5171 14938 5161 14938 5173 14938 5205 14939 5193 14939 5202 14939 5193 14940 5205 14940 5191 14940 5189 14941 5202 14941 5193 14941 5202 14942 5189 14942 5203 14942 5237 14943 5223 14943 5229 14943 5223 14944 5237 14944 5211 14944 5221 14945 5229 14945 5223 14945 5229 14946 5221 14946 5231 14946 5241 14947 5253 14947 5255 14947 5253 14948 5241 14948 5247 14948 5247 14949 5265 14949 5253 14949 5265 14950 5247 14950 5245 14950 5273 14951 5283 14951 5284 14951 5283 14952 5273 14952 5277 14952 5277 14953 5287 14953 5283 14953 5287 14954 5277 14954 5275 14954 4924 14955 4671 14955 4920 14955 4924 14956 4130 14956 4671 14956 4924 14957 4110 14957 4130 14957 1635 14958 4110 14958 4924 14958 4110 14959 1635 14959 1631 14959</p>
        </triangles>
      </mesh>
    </geometry>
  </library_geometries>
  <library_materials>
    <material id="mat_union001" name="union001">
      <instance_effect url="#effect_union001"/>
    </material>
  </library_materials>
  <library_visual_scenes>
    <visual_scene id="myscene">
      <node id="node0" name="node0">
        <instance_geometry url="#geometry0">
          <bind_material>
            <technique_common>
              <instance_material symbol="ref_union001" target="#mat_union001"/>
            </technique_common>
          </bind_material>
        </instance_geometry>
      </node>
    </visual_scene>
  </library_visual_scenes>
  <scene>
    <instance_visual_scene url="#myscene"/>
  </scene>
</COLLADA>
