<COLLADA xmlns="http://www.collada.org/2005/11/COLLADASchema" version="1.4.1">
  <asset>
    <contributor/>
    <created>2023-05-04T15:01:57.362914</created>
    <modified>2023-05-04T15:01:57.362923</modified>
    <unit name="meter" meter="1.0"/>
    <up_axis>Z_UP</up_axis>
  </asset>
  <library_effects>
    <effect id="effect_Mesh" name="effect_Mesh">
      <profile_COMMON>
        <technique sid="common">
          <phong>
            <emission>
              <color>0.0 0.0 0.0 1.0</color>
            </emission>
            <ambient>
              <color>0.0 0.0 0.0 1.0</color>
            </ambient>
            <diffuse>
              <color>0.07450980693101883 0.07450980693101883 0.07450980693101883 1.0</color>
            </diffuse>
            <specular>
              <color>1 1 1 1.0</color>
            </specular>
            <shininess>
              <float>0.0</float>
            </shininess>
            <reflective>
              <color>0.0 0.0 0.0 1.0</color>
            </reflective>
            <reflectivity>
              <float>0.0</float>
            </reflectivity>
            <transparent>
              <color>0.0 0.0 0.0 1.0</color>
            </transparent>
            <transparency>
              <float>1.0</float>
            </transparency>
          </phong>
        </technique>
        <extra>
          <technique profile="GOOGLEEARTH">
            <double_sided>0</double_sided>
          </technique>
        </extra>
      </profile_COMMON>
    </effect>
    <effect id="effect_Mesh001" name="effect_Mesh001">
      <profile_COMMON>
        <technique sid="common">
          <phong>
            <emission>
              <color>0.0 0.0 0.0 1.0</color>
            </emission>
            <ambient>
              <color>0.0 0.0 0.0 1.0</color>
            </ambient>
            <diffuse>
              <color>0.0 0.0 0.0 1.0</color>
            </diffuse>
            <specular>
              <color>1 1 1 1.0</color>
            </specular>
            <shininess>
              <float>0.0</float>
            </shininess>
            <reflective>
              <color>0.0 0.0 0.0 1.0</color>
            </reflective>
            <reflectivity>
              <float>0.0</float>
            </reflectivity>
            <transparent>
              <color>0.0 0.0 0.0 1.0</color>
            </transparent>
            <transparency>
              <float>1.0</float>
            </transparency>
          </phong>
        </technique>
        <extra>
          <technique profile="GOOGLEEARTH">
            <double_sided>0</double_sided>
          </technique>
        </extra>
      </profile_COMMON>
    </effect>
    <effect id="effect_Mesh002" name="effect_Mesh002">
      <profile_COMMON>
        <technique sid="common">
          <phong>
            <emission>
              <color>0.0 0.0 0.0 1.0</color>
            </emission>
            <ambient>
              <color>0.0 0.0 0.0 1.0</color>
            </ambient>
            <diffuse>
              <color>0.07450980693101883 0.07450980693101883 0.07450980693101883 1.0</color>
            </diffuse>
            <specular>
              <color>1 1 1 1.0</color>
            </specular>
            <shininess>
              <float>0.0</float>
            </shininess>
            <reflective>
              <color>0.0 0.0 0.0 1.0</color>
            </reflective>
            <reflectivity>
              <float>0.0</float>
            </reflectivity>
            <transparent>
              <color>0.0 0.0 0.0 1.0</color>
            </transparent>
            <transparency>
              <float>1.0</float>
            </transparency>
          </phong>
        </technique>
        <extra>
          <technique profile="GOOGLEEARTH">
            <double_sided>0</double_sided>
          </technique>
        </extra>
      </profile_COMMON>
    </effect>
    <effect id="effect_Mesh003" name="effect_Mesh003">
      <profile_COMMON>
        <technique sid="common">
          <phong>
            <emission>
              <color>0.0 0.0 0.0 1.0</color>
            </emission>
            <ambient>
              <color>0.0 0.0 0.0 1.0</color>
            </ambient>
            <diffuse>
              <color>0.0 0.0 0.0 1.0</color>
            </diffuse>
            <specular>
              <color>1 1 1 1.0</color>
            </specular>
            <shininess>
              <float>0.0</float>
            </shininess>
            <reflective>
              <color>0.0 0.0 0.0 1.0</color>
            </reflective>
            <reflectivity>
              <float>0.0</float>
            </reflectivity>
            <transparent>
              <color>0.0 0.0 0.0 1.0</color>
            </transparent>
            <transparency>
              <float>1.0</float>
            </transparency>
          </phong>
        </technique>
        <extra>
          <technique profile="GOOGLEEARTH">
            <double_sided>0</double_sided>
          </technique>
        </extra>
      </profile_COMMON>
    </effect>
    <effect id="effect_Mesh004" name="effect_Mesh004">
      <profile_COMMON>
        <technique sid="common">
          <phong>
            <emission>
              <color>0.0 0.0 0.0 1.0</color>
            </emission>
            <ambient>
              <color>0.0 0.0 0.0 1.0</color>
            </ambient>
            <diffuse>
              <color>0.07450980693101883 0.07450980693101883 0.07450980693101883 1.0</color>
            </diffuse>
            <specular>
              <color>1 1 1 1.0</color>
            </specular>
            <shininess>
              <float>0.0</float>
            </shininess>
            <reflective>
              <color>0.0 0.0 0.0 1.0</color>
            </reflective>
            <reflectivity>
              <float>0.0</float>
            </reflectivity>
            <transparent>
              <color>0.0 0.0 0.0 1.0</color>
            </transparent>
            <transparency>
              <float>1.0</float>
            </transparency>
          </phong>
        </technique>
        <extra>
          <technique profile="GOOGLEEARTH">
            <double_sided>0</double_sided>
          </technique>
        </extra>
      </profile_COMMON>
    </effect>
    <effect id="effect_Mesh005" name="effect_Mesh005">
      <profile_COMMON>
        <technique sid="common">
          <phong>
            <emission>
              <color>0.0 0.0 0.0 1.0</color>
            </emission>
            <ambient>
              <color>0.0 0.0 0.0 1.0</color>
            </ambient>
            <diffuse>
              <color>0.0 0.0 0.0 1.0</color>
            </diffuse>
            <specular>
              <color>1 1 1 1.0</color>
            </specular>
            <shininess>
              <float>0.0</float>
            </shininess>
            <reflective>
              <color>0.0 0.0 0.0 1.0</color>
            </reflective>
            <reflectivity>
              <float>0.0</float>
            </reflectivity>
            <transparent>
              <color>0.0 0.0 0.0 1.0</color>
            </transparent>
            <transparency>
              <float>1.0</float>
            </transparency>
          </phong>
        </technique>
        <extra>
          <technique profile="GOOGLEEARTH">
            <double_sided>0</double_sided>
          </technique>
        </extra>
      </profile_COMMON>
    </effect>
    <effect id="effect_Mesh006" name="effect_Mesh006">
      <profile_COMMON>
        <technique sid="common">
          <phong>
            <emission>
              <color>0.0 0.0 0.0 1.0</color>
            </emission>
            <ambient>
              <color>0.0 0.0 0.0 1.0</color>
            </ambient>
            <diffuse>
              <color>0.800000011920929 0.800000011920929 0.800000011920929 1.0</color>
            </diffuse>
            <specular>
              <color>1 1 1 1.0</color>
            </specular>
            <shininess>
              <float>0.0</float>
            </shininess>
            <reflective>
              <color>0.0 0.0 0.0 1.0</color>
            </reflective>
            <reflectivity>
              <float>0.0</float>
            </reflectivity>
            <transparent>
              <color>0.0 0.0 0.0 1.0</color>
            </transparent>
            <transparency>
              <float>1.0</float>
            </transparency>
          </phong>
        </technique>
        <extra>
          <technique profile="GOOGLEEARTH">
            <double_sided>0</double_sided>
          </technique>
        </extra>
      </profile_COMMON>
    </effect>
    <effect id="effect_Mesh007" name="effect_Mesh007">
      <profile_COMMON>
        <technique sid="common">
          <phong>
            <emission>
              <color>0.0 0.0 0.0 1.0</color>
            </emission>
            <ambient>
              <color>0.0 0.0 0.0 1.0</color>
            </ambient>
            <diffuse>
              <color>0.5647059082984924 0.5843137502670288 0.686274528503418 1.0</color>
            </diffuse>
            <specular>
              <color>1 1 1 1.0</color>
            </specular>
            <shininess>
              <float>0.0</float>
            </shininess>
            <reflective>
              <color>0.0 0.0 0.0 1.0</color>
            </reflective>
            <reflectivity>
              <float>0.0</float>
            </reflectivity>
            <transparent>
              <color>0.0 0.0 0.0 1.0</color>
            </transparent>
            <transparency>
              <float>1.0</float>
            </transparency>
          </phong>
        </technique>
        <extra>
          <technique profile="GOOGLEEARTH">
            <double_sided>0</double_sided>
          </technique>
        </extra>
      </profile_COMMON>
    </effect>
    <effect id="effect_Mesh008" name="effect_Mesh008">
      <profile_COMMON>
        <technique sid="common">
          <phong>
            <emission>
              <color>0.0 0.0 0.0 1.0</color>
            </emission>
            <ambient>
              <color>0.0 0.0 0.0 1.0</color>
            </ambient>
            <diffuse>
              <color>0.5647059082984924 0.5843137502670288 0.686274528503418 1.0</color>
            </diffuse>
            <specular>
              <color>1 1 1 1.0</color>
            </specular>
            <shininess>
              <float>0.0</float>
            </shininess>
            <reflective>
              <color>0.0 0.0 0.0 1.0</color>
            </reflective>
            <reflectivity>
              <float>0.0</float>
            </reflectivity>
            <transparent>
              <color>0.0 0.0 0.0 1.0</color>
            </transparent>
            <transparency>
              <float>1.0</float>
            </transparency>
          </phong>
        </technique>
        <extra>
          <technique profile="GOOGLEEARTH">
            <double_sided>0</double_sided>
          </technique>
        </extra>
      </profile_COMMON>
    </effect>
    <effect id="effect_Mesh009" name="effect_Mesh009">
      <profile_COMMON>
        <technique sid="common">
          <phong>
            <emission>
              <color>0.0 0.0 0.0 1.0</color>
            </emission>
            <ambient>
              <color>0.0 0.0 0.0 1.0</color>
            </ambient>
            <diffuse>
              <color>0.800000011920929 0.800000011920929 0.800000011920929 1.0</color>
            </diffuse>
            <specular>
              <color>1 1 1 1.0</color>
            </specular>
            <shininess>
              <float>0.0</float>
            </shininess>
            <reflective>
              <color>0.0 0.0 0.0 1.0</color>
            </reflective>
            <reflectivity>
              <float>0.0</float>
            </reflectivity>
            <transparent>
              <color>0.0 0.0 0.0 1.0</color>
            </transparent>
            <transparency>
              <float>1.0</float>
            </transparency>
          </phong>
        </technique>
        <extra>
          <technique profile="GOOGLEEARTH">
            <double_sided>0</double_sided>
          </technique>
        </extra>
      </profile_COMMON>
    </effect>
    <effect id="effect_Mesh010" name="effect_Mesh010">
      <profile_COMMON>
        <technique sid="common">
          <phong>
            <emission>
              <color>0.0 0.0 0.0 1.0</color>
            </emission>
            <ambient>
              <color>0.0 0.0 0.0 1.0</color>
            </ambient>
            <diffuse>
              <color>0.09803921729326248 0.019607843831181526 0.1725490242242813 1.0</color>
            </diffuse>
            <specular>
              <color>1 1 1 1.0</color>
            </specular>
            <shininess>
              <float>0.0</float>
            </shininess>
            <reflective>
              <color>0.0 0.0 0.0 1.0</color>
            </reflective>
            <reflectivity>
              <float>0.0</float>
            </reflectivity>
            <transparent>
              <color>0.0 0.0 0.0 1.0</color>
            </transparent>
            <transparency>
              <float>1.0</float>
            </transparency>
          </phong>
        </technique>
        <extra>
          <technique profile="GOOGLEEARTH">
            <double_sided>0</double_sided>
          </technique>
        </extra>
      </profile_COMMON>
    </effect>
    <effect id="effect_Mesh011" name="effect_Mesh011">
      <profile_COMMON>
        <technique sid="common">
          <phong>
            <emission>
              <color>0.0 0.0 0.0 1.0</color>
            </emission>
            <ambient>
              <color>0.0 0.0 0.0 1.0</color>
            </ambient>
            <diffuse>
              <color>0.09803921729326248 0.019607843831181526 0.1725490242242813 1.0</color>
            </diffuse>
            <specular>
              <color>1 1 1 1.0</color>
            </specular>
            <shininess>
              <float>0.0</float>
            </shininess>
            <reflective>
              <color>0.0 0.0 0.0 1.0</color>
            </reflective>
            <reflectivity>
              <float>0.0</float>
            </reflectivity>
            <transparent>
              <color>0.0 0.0 0.0 1.0</color>
            </transparent>
            <transparency>
              <float>1.0</float>
            </transparency>
          </phong>
        </technique>
        <extra>
          <technique profile="GOOGLEEARTH">
            <double_sided>0</double_sided>
          </technique>
        </extra>
      </profile_COMMON>
    </effect>
    <effect id="effect_Mesh012" name="effect_Mesh012">
      <profile_COMMON>
        <technique sid="common">
          <phong>
            <emission>
              <color>0.0 0.0 0.0 1.0</color>
            </emission>
            <ambient>
              <color>0.0 0.0 0.0 1.0</color>
            </ambient>
            <diffuse>
              <color>0.5647059082984924 0.5843137502670288 0.686274528503418 1.0</color>
            </diffuse>
            <specular>
              <color>1 1 1 1.0</color>
            </specular>
            <shininess>
              <float>0.0</float>
            </shininess>
            <reflective>
              <color>0.0 0.0 0.0 1.0</color>
            </reflective>
            <reflectivity>
              <float>0.0</float>
            </reflectivity>
            <transparent>
              <color>0.0 0.0 0.0 1.0</color>
            </transparent>
            <transparency>
              <float>1.0</float>
            </transparency>
          </phong>
        </technique>
        <extra>
          <technique profile="GOOGLEEARTH">
            <double_sided>0</double_sided>
          </technique>
        </extra>
      </profile_COMMON>
    </effect>
    <effect id="effect_Mesh013" name="effect_Mesh013">
      <profile_COMMON>
        <technique sid="common">
          <phong>
            <emission>
              <color>0.0 0.0 0.0 1.0</color>
            </emission>
            <ambient>
              <color>0.0 0.0 0.0 1.0</color>
            </ambient>
            <diffuse>
              <color>0.5647059082984924 0.5843137502670288 0.686274528503418 1.0</color>
            </diffuse>
            <specular>
              <color>1 1 1 1.0</color>
            </specular>
            <shininess>
              <float>0.0</float>
            </shininess>
            <reflective>
              <color>0.0 0.0 0.0 1.0</color>
            </reflective>
            <reflectivity>
              <float>0.0</float>
            </reflectivity>
            <transparent>
              <color>0.0 0.0 0.0 1.0</color>
            </transparent>
            <transparency>
              <float>1.0</float>
            </transparency>
          </phong>
        </technique>
        <extra>
          <technique profile="GOOGLEEARTH">
            <double_sided>0</double_sided>
          </technique>
        </extra>
      </profile_COMMON>
    </effect>
    <effect id="effect_Mesh014" name="effect_Mesh014">
      <profile_COMMON>
        <technique sid="common">
          <phong>
            <emission>
              <color>0.0 0.0 0.0 1.0</color>
            </emission>
            <ambient>
              <color>0.0 0.0 0.0 1.0</color>
            </ambient>
            <diffuse>
              <color>0.0 0.0 0.0 1.0</color>
            </diffuse>
            <specular>
              <color>1 1 1 1.0</color>
            </specular>
            <shininess>
              <float>0.0</float>
            </shininess>
            <reflective>
              <color>0.0 0.0 0.0 1.0</color>
            </reflective>
            <reflectivity>
              <float>0.0</float>
            </reflectivity>
            <transparent>
              <color>0.0 0.0 0.0 1.0</color>
            </transparent>
            <transparency>
              <float>1.0</float>
            </transparency>
          </phong>
        </technique>
        <extra>
          <technique profile="GOOGLEEARTH">
            <double_sided>0</double_sided>
          </technique>
        </extra>
      </profile_COMMON>
    </effect>
    <effect id="effect_Mesh015" name="effect_Mesh015">
      <profile_COMMON>
        <technique sid="common">
          <phong>
            <emission>
              <color>0.0 0.0 0.0 1.0</color>
            </emission>
            <ambient>
              <color>0.0 0.0 0.0 1.0</color>
            </ambient>
            <diffuse>
              <color>0.0 0.0 0.0 1.0</color>
            </diffuse>
            <specular>
              <color>1 1 1 1.0</color>
            </specular>
            <shininess>
              <float>0.0</float>
            </shininess>
            <reflective>
              <color>0.0 0.0 0.0 1.0</color>
            </reflective>
            <reflectivity>
              <float>0.0</float>
            </reflectivity>
            <transparent>
              <color>0.0 0.0 0.0 1.0</color>
            </transparent>
            <transparency>
              <float>1.0</float>
            </transparency>
          </phong>
        </technique>
        <extra>
          <technique profile="GOOGLEEARTH">
            <double_sided>0</double_sided>
          </technique>
        </extra>
      </profile_COMMON>
    </effect>
    <effect id="effect_Mesh018" name="effect_Mesh018">
      <profile_COMMON>
        <technique sid="common">
          <phong>
            <emission>
              <color>0.0 0.0 0.0 1.0</color>
            </emission>
            <ambient>
              <color>0.0 0.0 0.0 1.0</color>
            </ambient>
            <diffuse>
              <color>0.0 0.0 0.0 1.0</color>
            </diffuse>
            <specular>
              <color>1 1 1 1.0</color>
            </specular>
            <shininess>
              <float>0.0</float>
            </shininess>
            <reflective>
              <color>0.0 0.0 0.0 1.0</color>
            </reflective>
            <reflectivity>
              <float>0.0</float>
            </reflectivity>
            <transparent>
              <color>0.0 0.0 0.0 1.0</color>
            </transparent>
            <transparency>
              <float>1.0</float>
            </transparency>
          </phong>
        </technique>
        <extra>
          <technique profile="GOOGLEEARTH">
            <double_sided>0</double_sided>
          </technique>
        </extra>
      </profile_COMMON>
    </effect>
    <effect id="effect_Mesh019" name="effect_Mesh019">
      <profile_COMMON>
        <technique sid="common">
          <phong>
            <emission>
              <color>0.0 0.0 0.0 1.0</color>
            </emission>
            <ambient>
              <color>0.0 0.0 0.0 1.0</color>
            </ambient>
            <diffuse>
              <color>0.800000011920929 0.800000011920929 0.800000011920929 1.0</color>
            </diffuse>
            <specular>
              <color>1 1 1 1.0</color>
            </specular>
            <shininess>
              <float>0.0</float>
            </shininess>
            <reflective>
              <color>0.0 0.0 0.0 1.0</color>
            </reflective>
            <reflectivity>
              <float>0.0</float>
            </reflectivity>
            <transparent>
              <color>0.0 0.0 0.0 1.0</color>
            </transparent>
            <transparency>
              <float>1.0</float>
            </transparency>
          </phong>
        </technique>
        <extra>
          <technique profile="GOOGLEEARTH">
            <double_sided>0</double_sided>
          </technique>
        </extra>
      </profile_COMMON>
    </effect>
    <effect id="effect_Mesh020" name="effect_Mesh020">
      <profile_COMMON>
        <technique sid="common">
          <phong>
            <emission>
              <color>0.0 0.0 0.0 1.0</color>
            </emission>
            <ambient>
              <color>0.0 0.0 0.0 1.0</color>
            </ambient>
            <diffuse>
              <color>0.800000011920929 0.800000011920929 0.800000011920929 1.0</color>
            </diffuse>
            <specular>
              <color>1 1 1 1.0</color>
            </specular>
            <shininess>
              <float>0.0</float>
            </shininess>
            <reflective>
              <color>0.0 0.0 0.0 1.0</color>
            </reflective>
            <reflectivity>
              <float>0.0</float>
            </reflectivity>
            <transparent>
              <color>0.0 0.0 0.0 1.0</color>
            </transparent>
            <transparency>
              <float>1.0</float>
            </transparency>
          </phong>
        </technique>
        <extra>
          <technique profile="GOOGLEEARTH">
            <double_sided>0</double_sided>
          </technique>
        </extra>
      </profile_COMMON>
    </effect>
    <effect id="effect_Mesh021" name="effect_Mesh021">
      <profile_COMMON>
        <technique sid="common">
          <phong>
            <emission>
              <color>0.0 0.0 0.0 1.0</color>
            </emission>
            <ambient>
              <color>0.0 0.0 0.0 1.0</color>
            </ambient>
            <diffuse>
              <color>0.800000011920929 0.800000011920929 0.800000011920929 1.0</color>
            </diffuse>
            <specular>
              <color>1 1 1 1.0</color>
            </specular>
            <shininess>
              <float>0.0</float>
            </shininess>
            <reflective>
              <color>0.0 0.0 0.0 1.0</color>
            </reflective>
            <reflectivity>
              <float>0.0</float>
            </reflectivity>
            <transparent>
              <color>0.0 0.0 0.0 1.0</color>
            </transparent>
            <transparency>
              <float>1.0</float>
            </transparency>
          </phong>
        </technique>
        <extra>
          <technique profile="GOOGLEEARTH">
            <double_sided>0</double_sided>
          </technique>
        </extra>
      </profile_COMMON>
    </effect>
    <effect id="effect_Mesh022" name="effect_Mesh022">
      <profile_COMMON>
        <technique sid="common">
          <phong>
            <emission>
              <color>0.0 0.0 0.0 1.0</color>
            </emission>
            <ambient>
              <color>0.0 0.0 0.0 1.0</color>
            </ambient>
            <diffuse>
              <color>0.800000011920929 0.800000011920929 0.800000011920929 1.0</color>
            </diffuse>
            <specular>
              <color>1 1 1 1.0</color>
            </specular>
            <shininess>
              <float>0.0</float>
            </shininess>
            <reflective>
              <color>0.0 0.0 0.0 1.0</color>
            </reflective>
            <reflectivity>
              <float>0.0</float>
            </reflectivity>
            <transparent>
              <color>0.0 0.0 0.0 1.0</color>
            </transparent>
            <transparency>
              <float>1.0</float>
            </transparency>
          </phong>
        </technique>
        <extra>
          <technique profile="GOOGLEEARTH">
            <double_sided>0</double_sided>
          </technique>
        </extra>
      </profile_COMMON>
    </effect>
    <effect id="effect_Mesh023" name="effect_Mesh023">
      <profile_COMMON>
        <technique sid="common">
          <phong>
            <emission>
              <color>0.0 0.0 0.0 1.0</color>
            </emission>
            <ambient>
              <color>0.0 0.0 0.0 1.0</color>
            </ambient>
            <diffuse>
              <color>0.800000011920929 0.800000011920929 0.800000011920929 1.0</color>
            </diffuse>
            <specular>
              <color>1 1 1 1.0</color>
            </specular>
            <shininess>
              <float>0.0</float>
            </shininess>
            <reflective>
              <color>0.0 0.0 0.0 1.0</color>
            </reflective>
            <reflectivity>
              <float>0.0</float>
            </reflectivity>
            <transparent>
              <color>0.0 0.0 0.0 1.0</color>
            </transparent>
            <transparency>
              <float>1.0</float>
            </transparency>
          </phong>
        </technique>
        <extra>
          <technique profile="GOOGLEEARTH">
            <double_sided>0</double_sided>
          </technique>
        </extra>
      </profile_COMMON>
    </effect>
    <effect id="effect_Mesh024" name="effect_Mesh024">
      <profile_COMMON>
        <technique sid="common">
          <phong>
            <emission>
              <color>0.0 0.0 0.0 1.0</color>
            </emission>
            <ambient>
              <color>0.0 0.0 0.0 1.0</color>
            </ambient>
            <diffuse>
              <color>0.12941177189350128 0.12941177189350128 0.12941177189350128 1.0</color>
            </diffuse>
            <specular>
              <color>1 1 1 1.0</color>
            </specular>
            <shininess>
              <float>0.0</float>
            </shininess>
            <reflective>
              <color>0.0 0.0 0.0 1.0</color>
            </reflective>
            <reflectivity>
              <float>0.0</float>
            </reflectivity>
            <transparent>
              <color>0.0 0.0 0.0 1.0</color>
            </transparent>
            <transparency>
              <float>1.0</float>
            </transparency>
          </phong>
        </technique>
        <extra>
          <technique profile="GOOGLEEARTH">
            <double_sided>0</double_sided>
          </technique>
        </extra>
      </profile_COMMON>
    </effect>
    <effect id="effect_Mesh216" name="effect_Mesh216">
      <profile_COMMON>
        <technique sid="common">
          <phong>
            <emission>
              <color>0.0 0.0 0.0 1.0</color>
            </emission>
            <ambient>
              <color>0.0 0.0 0.0 1.0</color>
            </ambient>
            <diffuse>
              <color>0.0 0.0 0.0 1.0</color>
            </diffuse>
            <specular>
              <color>1 1 1 1.0</color>
            </specular>
            <shininess>
              <float>0.0</float>
            </shininess>
            <reflective>
              <color>0.0 0.0 0.0 1.0</color>
            </reflective>
            <reflectivity>
              <float>0.0</float>
            </reflectivity>
            <transparent>
              <color>0.0 0.0 0.0 1.0</color>
            </transparent>
            <transparency>
              <float>1.0</float>
            </transparency>
          </phong>
        </technique>
        <extra>
          <technique profile="GOOGLEEARTH">
            <double_sided>0</double_sided>
          </technique>
        </extra>
      </profile_COMMON>
    </effect>
  </library_effects>
  <library_geometries>
    <geometry id="geometry0" name="Mesh">
      <mesh>
        <source id="cubeverts-array0">
          <float_array count="24" id="cubeverts-array0-array">-5.22 -1.595001 0.71 -5.73 -2.245001 0.71 -5.73 -1.595001 0.7100001 -5.22 -2.245001 0.97 -5.73 -2.245001 0.97 -5.73 -1.595001 0.97 -5.22 -1.595001 0.97 -5.22 -2.245001 0.7099999</float_array>
          <technique_common>
            <accessor count="8" source="#cubeverts-array0-array" stride="3">
              <param type="float" name="X"/>
              <param type="float" name="Y"/>
              <param type="float" name="Z"/>
            </accessor>
          </technique_common>
        </source>
        <source id="cubenormals-array0">
          <float_array count="36" id="cubenormals-array0-array">-1.196769e-07 9.390024e-08 -1 0 -1 0 0 0 1 0 1 0 -1 0 0 1 0 0 -1.196769e-07 9.390024e-08 -1 0 -1 0 0 -0 1 0 1 0 -1 0 0 1 0 0</float_array>
          <technique_common>
            <accessor count="12" source="#cubenormals-array0-array" stride="3">
              <param type="float" name="X"/>
              <param type="float" name="Y"/>
              <param type="float" name="Z"/>
            </accessor>
          </technique_common>
        </source>
        <vertices id="cubeverts-array0-vertices">
          <input semantic="POSITION" source="#cubeverts-array0"/>
        </vertices>
        <triangles count="12" material="ref_Mesh">
          <input offset="0" semantic="VERTEX" source="#cubeverts-array0-vertices"/>
          <input offset="1" semantic="NORMAL" source="#cubenormals-array0"/>
          <p>0 0 1 0 2 0 1 1 3 1 4 1 3 2 5 2 4 2 6 3 2 3 5 3 4 4 2 4 1 4 7 5 6 5 3 5 0 6 7 6 1 6 1 7 7 7 3 7 3 8 6 8 5 8 6 9 0 9 2 9 4 10 5 10 2 10 7 11 0 11 6 11</p>
        </triangles>
      </mesh>
    </geometry>
    <geometry id="geometry1" name="Mesh001">
      <mesh>
        <source id="cubeverts-array1">
          <float_array count="312" id="cubeverts-array1-array">-5.38 -1.594001 0.95 -5.4375 -1.594001 0.75 -5.4375 -1.594001 0.95 -5.38 -1.600001 0.95 -5.4375 -1.600001 0.95 -5.38 -1.594001 0.75 -5.4375 -1.600001 0.75 -5.38 -1.600001 0.75 -5.31 -1.600001 0.95 -5.31 -1.594001 0.75 -5.31 -1.594001 0.95 -5.3675 -1.594001 0.95 -5.3675 -1.600001 0.95 -5.3675 -1.600001 0.75 -5.3675 -1.594001 0.75 -5.31 -1.600001 0.75 -5.2975 -1.594001 0.95 -5.2975 -1.600001 0.75 -5.2975 -1.600001 0.95 -5.24 -1.600001 0.95 -5.24 -1.600001 0.75 -5.24 -1.594001 0.75 -5.2975 -1.594001 0.75 -5.24 -1.594001 0.95 -5.71 -2.240001 0.8399999 -5.55 -2.240001 0.7299999 -5.71 -2.240001 0.7299999 -5.55 -2.240001 0.8399999 -5.55 -2.246001 0.7299999 -5.55 -2.246001 0.8399999 -5.71 -2.246001 0.7299999 -5.71 -2.246001 0.8399999 -5.47 -2.240001 0.95 -5.24 -2.240001 0.8899999 -5.47 -2.240001 0.8899999 -5.24 -2.240001 0.95 -5.24 -2.246001 0.8899999 -5.24 -2.246001 0.95 -5.47 -2.246001 0.8899999 -5.47 -2.246001 0.95 -5.67 -1.660001 0.71 -5.71 -1.660001 0.69 -5.67 -1.660001 0.69 -5.71 -1.660001 0.71 -5.71 -1.620001 0.69 -5.71 -1.620001 0.71 -5.67 -1.620001 0.69 -5.67 -1.620001 0.71 -5.24 -1.660001 0.71 -5.28 -1.660001 0.69 -5.24 -1.660001 0.69 -5.28 -1.660001 0.71 -5.28 -1.620001 0.69 -5.28 -1.620001 0.71 -5.24 -1.620001 0.69 -5.24 -1.620001 0.71 -5.67 -2.220001 0.71 -5.71 -2.220001 0.69 -5.67 -2.220001 0.69 -5.71 -2.220001 0.71 -5.71 -2.180001 0.69 -5.71 -2.180001 0.71 -5.67 -2.180001 0.69 -5.67 -2.180001 0.71 -5.24 -2.220001 0.71 -5.28 -2.220001 0.69 -5.24 -2.220001 0.69 -5.28 -2.220001 0.71 -5.28 -2.180001 0.69 -5.28 -2.180001 0.71 -5.24 -2.180001 0.69 -5.24 -2.180001 0.71 -5.45 -1.594001 0.95 -5.5075 -1.594001 0.75 -5.5075 -1.594001 0.95 -5.45 -1.600001 0.95 -5.5075 -1.600001 0.95 -5.45 -1.594001 0.75 -5.5075 -1.600001 0.75 -5.45 -1.600001 0.75 -5.52 -1.594001 0.95 -5.5775 -1.594001 0.75 -5.5775 -1.594001 0.95 -5.52 -1.600001 0.95 -5.5775 -1.600001 0.95 -5.52 -1.594001 0.75 -5.5775 -1.600001 0.75 -5.52 -1.600001 0.75 -5.59 -1.594001 0.95 -5.6475 -1.594001 0.75 -5.6475 -1.594001 0.95 -5.59 -1.600001 0.95 -5.6475 -1.600001 0.95 -5.59 -1.594001 0.75 -5.6475 -1.600001 0.75 -5.59 -1.600001 0.75 -5.67 -1.594001 0.95 -5.7175 -1.594001 0.9 -5.7175 -1.594001 0.95 -5.67 -1.600001 0.95 -5.7175 -1.600001 0.95 -5.67 -1.594001 0.9 -5.7175 -1.600001 0.9 -5.67 -1.600001 0.9</float_array>
          <technique_common>
            <accessor count="104" source="#cubeverts-array1-array" stride="3">
              <param type="float" name="X"/>
              <param type="float" name="Y"/>
              <param type="float" name="Z"/>
            </accessor>
          </technique_common>
        </source>
        <source id="cubenormals-array1">
          <float_array count="468" id="cubenormals-array1-array">0 1 0 0 0 1 1 -0 0 -0 0 -1 0 -1 0 -1 -0 0 1 -0 0 0 0 1 -1 -0 0 -0 0 -1 0 1 0 0 -1 0 -1 -0 0 0 0 1 0 -1 0 -0 0 -1 1 -0 0 0 1 0 0 1 0 1 0 0 0 -1 -0 -1 0 0 0 0 -1 0 0 1 0 1 0 1 0 0 0 -1 -0 -1 0 0 0 0 -1 0 0 1 0 -1 -0 -1 0 0 0 1 0 1 0 0 0 0 -1 0 0 1 0 -1 -0 -1 0 0 0 1 0 1 0 0 0 0 -1 0 0 1 0 -1 -0 -1 0 0 0 1 0 1 0 0 0 0 -1 0 0 1 0 -1 -0 -1 0 0 0 1 0 1 0 0 0 0 -1 0 0 1 0 1 0 0 0 1 1 -0 0 -0 0 -1 0 -1 0 -1 -0 0 0 1 0 0 0 1 1 -0 0 -0 0 -1 0 -1 0 -1 -0 0 0 1 0 0 0 1 1 -0 0 -0 0 -1 0 -1 0 -1 -0 0 0 1 0 0 0 1 1 -0 0 -0 0 -1 0 -1 0 -1 -0 0 0 1 0 0 -0 1 1 0 0 0 -0 -1 0 -1 0 -1 0 -0 1 0 0 0 -0 1 -1 0 -0 0 -0 -1 0 1 0 0 -1 0 -1 0 -0 0 -0 1 0 -1 0 0 -0 -1 1 0 0 0 1 0 -0 1 0 1 0 0 -0 -1 0 -1 0 0 0 0 -1 0 -0 1 -0 1 0 1 0 0 -0 -1 0 -1 0 0 0 0 -1 0 0 1 -0 -1 0 -1 0 0 -0 1 0 1 0 0 0 0 -1 0 0 1 -0 -1 0 -1 0 0 -0 1 0 1 0 0 0 0 -1 0 0 1 -0 -1 0 -1 0 0 -0 1 0 1 0 0 0 0 -1 0 0 1 -0 -1 0 -1 0 0 -0 1 0 1 0 0 0 0 -1 0 0 1 0 1 0 0 -0 1 1 0 0 0 -0 -1 0 -1 0 -1 0 -0 0 1 0 0 -0 1 1 0 0 0 -0 -1 0 -1 0 -1 0 -0 0 1 0 0 -0 1 1 0 0 0 -0 -1 0 -1 0 -1 0 -0 0 1 0 0 -0 1 1 0 0 0 -0 -1 0 -1 0 -1 0 -0</float_array>
          <technique_common>
            <accessor count="156" source="#cubenormals-array1-array" stride="3">
              <param type="float" name="X"/>
              <param type="float" name="Y"/>
              <param type="float" name="Z"/>
            </accessor>
          </technique_common>
        </source>
        <vertices id="cubeverts-array1-vertices">
          <input semantic="POSITION" source="#cubeverts-array1"/>
        </vertices>
        <triangles count="156" material="ref_Mesh001">
          <input offset="0" semantic="VERTEX" source="#cubeverts-array1-vertices"/>
          <input offset="1" semantic="NORMAL" source="#cubenormals-array1"/>
          <p>0 0 1 0 2 0 3 1 2 1 4 1 3 2 5 2 0 2 5 3 6 3 1 3 7 4 4 4 6 4 2 5 6 5 4 5 8 6 9 6 10 6 8 7 11 7 12 7 11 8 13 8 12 8 9 9 13 9 14 9 10 10 14 10 11 10 15 11 12 11 13 11 16 12 17 12 18 12 19 13 16 13 18 13 20 14 18 14 17 14 21 15 17 15 22 15 19 16 21 16 23 16 23 17 22 17 16 17 24 18 25 18 26 18 27 19 28 19 25 19 29 20 30 20 28 20 31 21 26 21 30 21 28 22 26 22 25 22 29 23 24 23 31 23 32 24 33 24 34 24 35 25 36 25 33 25 37 26 38 26 36 26 39 27 34 27 38 27 36 28 34 28 33 28 35 29 39 29 37 29 40 30 41 30 42 30 43 31 44 31 41 31 45 32 46 32 44 32 47 33 42 33 46 33 44 34 42 34 41 34 43 35 47 35 45 35 48 36 49 36 50 36 51 37 52 37 49 37 53 38 54 38 52 38 55 39 50 39 54 39 52 40 50 40 49 40 51 41 55 41 53 41 56 42 57 42 58 42 59 43 60 43 57 43 61 44 62 44 60 44 63 45 58 45 62 45 60 46 58 46 57 46 59 47 63 47 61 47 64 48 65 48 66 48 67 49 68 49 65 49 69 50 70 50 68 50 71 51 66 51 70 51 68 52 66 52 65 52 67 53 71 53 69 53 72 54 73 54 74 54 75 55 74 55 76 55 75 56 77 56 72 56 77 57 78 57 73 57 79 58 76 58 78 58 74 59 78 59 76 59 80 60 81 60 82 60 83 61 82 61 84 61 83 62 85 62 80 62 85 63 86 63 81 63 87 64 84 64 86 64 82 65 86 65 84 65 88 66 89 66 90 66 91 67 90 67 92 67 91 68 93 68 88 68 93 69 94 69 89 69 95 70 92 70 94 70 90 71 94 71 92 71 96 72 97 72 98 72 99 73 98 73 100 73 99 74 101 74 96 74 101 75 102 75 97 75 103 76 100 76 102 76 98 77 102 77 100 77 0 78 5 78 1 78 3 79 0 79 2 79 3 80 7 80 5 80 5 81 7 81 6 81 7 82 3 82 4 82 2 83 1 83 6 83 8 84 15 84 9 84 8 85 10 85 11 85 11 86 14 86 13 86 9 87 15 87 13 87 10 88 9 88 14 88 15 89 8 89 12 89 16 90 22 90 17 90 19 91 23 91 16 91 20 92 19 92 18 92 21 93 20 93 17 93 19 94 20 94 21 94 23 95 21 95 22 95 24 96 27 96 25 96 27 97 29 97 28 97 29 98 31 98 30 98 31 99 24 99 26 99 28 100 30 100 26 100 29 101 27 101 24 101 32 102 35 102 33 102 35 103 37 103 36 103 37 104 39 104 38 104 39 105 32 105 34 105 36 106 38 106 34 106 35 107 32 107 39 107 40 108 43 108 41 108 43 109 45 109 44 109 45 110 47 110 46 110 47 111 40 111 42 111 44 112 46 112 42 112 43 113 40 113 47 113 48 114 51 114 49 114 51 115 53 115 52 115 53 116 55 116 54 116 55 117 48 117 50 117 52 118 54 118 50 118 51 119 48 119 55 119 56 120 59 120 57 120 59 121 61 121 60 121 61 122 63 122 62 122 63 123 56 123 58 123 60 124 62 124 58 124 59 125 56 125 63 125 64 126 67 126 65 126 67 127 69 127 68 127 69 128 71 128 70 128 71 129 64 129 66 129 68 130 70 130 66 130 67 131 64 131 71 131 72 132 77 132 73 132 75 133 72 133 74 133 75 134 79 134 77 134 77 135 79 135 78 135 79 136 75 136 76 136 74 137 73 137 78 137 80 138 85 138 81 138 83 139 80 139 82 139 83 140 87 140 85 140 85 141 87 141 86 141 87 142 83 142 84 142 82 143 81 143 86 143 88 144 93 144 89 144 91 145 88 145 90 145 91 146 95 146 93 146 93 147 95 147 94 147 95 148 91 148 92 148 90 149 89 149 94 149 96 150 101 150 97 150 99 151 96 151 98 151 99 152 103 152 101 152 101 153 103 153 102 153 103 154 99 154 100 154 98 155 97 155 102 155</p>
        </triangles>
      </mesh>
    </geometry>
    <geometry id="geometry2" name="Mesh002">
      <mesh>
        <source id="cubeverts-array2">
          <float_array count="24" id="cubeverts-array2-array">-5.483832 -1.5947 1.85 -5.483832 -2.2447 1.22 -5.483832 -1.5947 1.22 -5.483832 -2.2447 1.85 -5.743832 -2.2447 1.22 -5.743832 -2.2447 1.85 -5.743832 -1.5947 1.22 -5.743832 -1.5947 1.85</float_array>
          <technique_common>
            <accessor count="8" source="#cubeverts-array2-array" stride="3">
              <param type="float" name="X"/>
              <param type="float" name="Y"/>
              <param type="float" name="Z"/>
            </accessor>
          </technique_common>
        </source>
        <source id="cubenormals-array2">
          <float_array count="36" id="cubenormals-array2-array">1 0 0 0 -1 -0 -1 0 0 0 1 0 0 0 -1 0 0 1 1 0 0 -0 -1 0 -1 0 0 -0 1 0 0 0 -1 0 0 1</float_array>
          <technique_common>
            <accessor count="12" source="#cubenormals-array2-array" stride="3">
              <param type="float" name="X"/>
              <param type="float" name="Y"/>
              <param type="float" name="Z"/>
            </accessor>
          </technique_common>
        </source>
        <vertices id="cubeverts-array2-vertices">
          <input semantic="POSITION" source="#cubeverts-array2"/>
        </vertices>
        <triangles count="12" material="ref_Mesh002">
          <input offset="0" semantic="VERTEX" source="#cubeverts-array2-vertices"/>
          <input offset="1" semantic="NORMAL" source="#cubenormals-array2"/>
          <p>0 0 1 0 2 0 3 1 4 1 1 1 5 2 6 2 4 2 7 3 2 3 6 3 4 4 2 4 1 4 5 5 0 5 7 5 0 6 3 6 1 6 3 7 5 7 4 7 5 8 7 8 6 8 7 9 0 9 2 9 4 10 6 10 2 10 5 11 3 11 0 11</p>
        </triangles>
      </mesh>
    </geometry>
    <geometry id="geometry3" name="Mesh003">
      <mesh>
        <source id="cubeverts-array3">
          <float_array count="240" id="cubeverts-array3-array">-5.513832 -1.5997 1.83 -5.713832 -1.5997 1.75 -5.513832 -1.5997 1.75 -5.713832 -1.5997 1.83 -5.713832 -1.5937 1.75 -5.713832 -1.5937 1.83 -5.513832 -1.5937 1.75 -5.513832 -1.5937 1.83 -5.513832 -1.5997 1.73 -5.713832 -1.5997 1.65 -5.513832 -1.5997 1.65 -5.713832 -1.5997 1.73 -5.713832 -1.5937 1.65 -5.713832 -1.5937 1.73 -5.513832 -1.5937 1.65 -5.513832 -1.5937 1.73 -5.513832 -1.5997 1.63 -5.713832 -1.5997 1.55 -5.513832 -1.5997 1.55 -5.713832 -1.5997 1.63 -5.713832 -1.5937 1.55 -5.713832 -1.5937 1.63 -5.513832 -1.5937 1.55 -5.513832 -1.5937 1.63 -5.693832 -1.5997 1.52 -5.713832 -1.5997 1.5 -5.693832 -1.5997 1.5 -5.713832 -1.5997 1.52 -5.713832 -1.5937 1.5 -5.713832 -1.5937 1.52 -5.693832 -1.5937 1.5 -5.693832 -1.5937 1.52 -5.713832 -2.2397 1.35 -5.533832 -2.2397 1.24 -5.713832 -2.2397 1.24 -5.533832 -2.2397 1.35 -5.533832 -2.2457 1.24 -5.533832 -2.2457 1.35 -5.713832 -2.2457 1.24 -5.713832 -2.2457 1.35 -5.713832 -2.2397 1.82 -5.613832 -2.2397 1.55 -5.713832 -2.2397 1.55 -5.613832 -2.2397 1.82 -5.613832 -2.2457 1.55 -5.613832 -2.2457 1.82 -5.713832 -2.2457 1.55 -5.713832 -2.2457 1.82 -5.673832 -1.6597 1.22 -5.713832 -1.6597 1.2 -5.673832 -1.6597 1.2 -5.713832 -1.6597 1.22 -5.713832 -1.6197 1.2 -5.713832 -1.6197 1.22 -5.673832 -1.6197 1.2 -5.673832 -1.6197 1.22 -5.513832 -1.6597 1.22 -5.553832 -1.6597 1.2 -5.513832 -1.6597 1.2 -5.553832 -1.6597 1.22 -5.553832 -1.6197 1.2 -5.553832 -1.6197 1.22 -5.513832 -1.6197 1.2 -5.513832 -1.6197 1.22 -5.673832 -2.2197 1.22 -5.713832 -2.2197 1.2 -5.673832 -2.2197 1.2 -5.713832 -2.2197 1.22 -5.713832 -2.1797 1.2 -5.713832 -2.1797 1.22 -5.673832 -2.1797 1.2 -5.673832 -2.1797 1.22 -5.513832 -2.2197 1.22 -5.553832 -2.2197 1.2 -5.513832 -2.2197 1.2 -5.553832 -2.2197 1.22 -5.553832 -2.1797 1.2 -5.553832 -2.1797 1.22 -5.513832 -2.1797 1.2 -5.513832 -2.1797 1.22</float_array>
          <technique_common>
            <accessor count="80" source="#cubeverts-array3-array" stride="3">
              <param type="float" name="X"/>
              <param type="float" name="Y"/>
              <param type="float" name="Z"/>
            </accessor>
          </technique_common>
        </source>
        <source id="cubenormals-array3">
          <float_array count="360" id="cubenormals-array3-array">0 -1 -0 -1 0 0 0 1 0 1 0 0 0 0 -1 0 0 1 0 -1 -0 -1 0 0 0 1 0 1 0 0 0 0 -1 0 0 1 0 -1 -0 -1 0 0 0 1 0 1 0 0 0 0 -1 0 0 1 0 -1 -0 -1 0 0 0 1 0 1 0 0 0 0 -1 0 0 1 -1.356337e-06 1 0 1 0 0 0 -1 -0 -1 0 0 0 0 -1 0 0 1 -2.441406e-06 1 0 1 0 0 0 -1 -0 -1 0 0 0 0 -1 0 0 1 0 -1 -0 -1 0 0 0 1 0 1 0 0 0 0 -1 0 0 1 0 -1 -0 -1 0 0 0 1 0 1 0 0 0 0 -1 0 0 1 0 -1 -0 -1 0 0 0 1 0 1 0 0 0 0 -1 0 0 1 0 -1 -0 -1 0 0 0 1 0 1 0 0 0 0 -1 0 0 1 -0 -1 0 -1 0 0 -0 1 0 1 0 0 0 0 -1 0 0 1 -0 -1 0 -1 0 0 -0 1 0 1 0 0 0 0 -1 0 0 1 -0 -1 0 -1 0 0 -0 1 0 1 0 0 0 0 -1 0 0 1 -0 -1 0 -1 0 0 -0 1 0 1 0 0 0 0 -1 0 0 1 -1.356337e-06 1 0 1 0 0 -0 -1 0 -1 0 0 0 0 -1 0 0 1 -2.441406e-06 1 0 1 0 0 -0 -1 0 -1 0 0 0 0 -1 0 -0 1 -0 -1 0 -1 0 0 -0 1 0 1 0 0 0 0 -1 0 0 1 -0 -1 0 -1 0 0 -0 1 0 1 0 0 0 0 -1 0 0 1 -0 -1 0 -1 0 0 -0 1 0 1 0 0 0 0 -1 0 0 1 -0 -1 0 -1 0 0 -0 1 0 1 0 0 0 0 -1 0 0 1</float_array>
          <technique_common>
            <accessor count="120" source="#cubenormals-array3-array" stride="3">
              <param type="float" name="X"/>
              <param type="float" name="Y"/>
              <param type="float" name="Z"/>
            </accessor>
          </technique_common>
        </source>
        <vertices id="cubeverts-array3-vertices">
          <input semantic="POSITION" source="#cubeverts-array3"/>
        </vertices>
        <triangles count="120" material="ref_Mesh003">
          <input offset="0" semantic="VERTEX" source="#cubeverts-array3-vertices"/>
          <input offset="1" semantic="NORMAL" source="#cubenormals-array3"/>
          <p>0 0 1 0 2 0 3 1 4 1 1 1 5 2 6 2 4 2 7 3 2 3 6 3 4 4 2 4 1 4 3 5 7 5 5 5 8 6 9 6 10 6 11 7 12 7 9 7 13 8 14 8 12 8 15 9 10 9 14 9 12 10 10 10 9 10 11 11 15 11 13 11 16 12 17 12 18 12 19 13 20 13 17 13 21 14 22 14 20 14 23 15 18 15 22 15 20 16 18 16 17 16 19 17 23 17 21 17 24 18 25 18 26 18 27 19 28 19 25 19 29 20 30 20 28 20 31 21 26 21 30 21 28 22 26 22 25 22 27 23 31 23 29 23 32 24 33 24 34 24 35 25 36 25 33 25 37 26 38 26 36 26 39 27 34 27 38 27 36 28 34 28 33 28 35 29 39 29 37 29 40 30 41 30 42 30 43 31 44 31 41 31 45 32 46 32 44 32 47 33 42 33 46 33 44 34 42 34 41 34 45 35 40 35 47 35 48 36 49 36 50 36 51 37 52 37 49 37 53 38 54 38 52 38 55 39 50 39 54 39 52 40 50 40 49 40 51 41 55 41 53 41 56 42 57 42 58 42 59 43 60 43 57 43 61 44 62 44 60 44 63 45 58 45 62 45 60 46 58 46 57 46 59 47 63 47 61 47 64 48 65 48 66 48 67 49 68 49 65 49 69 50 70 50 68 50 71 51 66 51 70 51 68 52 66 52 65 52 67 53 71 53 69 53 72 54 73 54 74 54 75 55 76 55 73 55 77 56 78 56 76 56 79 57 74 57 78 57 76 58 74 58 73 58 75 59 79 59 77 59 0 60 3 60 1 60 3 61 5 61 4 61 5 62 7 62 6 62 7 63 0 63 2 63 4 64 6 64 2 64 3 65 0 65 7 65 8 66 11 66 9 66 11 67 13 67 12 67 13 68 15 68 14 68 15 69 8 69 10 69 12 70 14 70 10 70 11 71 8 71 15 71 16 72 19 72 17 72 19 73 21 73 20 73 21 74 23 74 22 74 23 75 16 75 18 75 20 76 22 76 18 76 19 77 16 77 23 77 24 78 27 78 25 78 27 79 29 79 28 79 29 80 31 80 30 80 31 81 24 81 26 81 28 82 30 82 26 82 27 83 24 83 31 83 32 84 35 84 33 84 35 85 37 85 36 85 37 86 39 86 38 86 39 87 32 87 34 87 36 88 38 88 34 88 35 89 32 89 39 89 40 90 43 90 41 90 43 91 45 91 44 91 45 92 47 92 46 92 47 93 40 93 42 93 44 94 46 94 42 94 45 95 43 95 40 95 48 96 51 96 49 96 51 97 53 97 52 97 53 98 55 98 54 98 55 99 48 99 50 99 52 100 54 100 50 100 51 101 48 101 55 101 56 102 59 102 57 102 59 103 61 103 60 103 61 104 63 104 62 104 63 105 56 105 58 105 60 106 62 106 58 106 59 107 56 107 63 107 64 108 67 108 65 108 67 109 69 109 68 109 69 110 71 110 70 110 71 111 64 111 66 111 68 112 70 112 66 112 67 113 64 113 71 113 72 114 75 114 73 114 75 115 77 115 76 115 77 116 79 116 78 116 79 117 72 117 74 117 76 118 78 118 74 118 75 119 72 119 79 119</p>
        </triangles>
      </mesh>
    </geometry>
    <geometry id="geometry4" name="Mesh004">
      <mesh>
        <source id="cubeverts-array4">
          <float_array count="24" id="cubeverts-array4-array">-5.193832 -1.5947 1.85 -5.193832 -2.2447 1.22 -5.193832 -1.5947 1.22 -5.193832 -2.2447 1.85 -5.453832 -2.2447 1.22 -5.453832 -2.2447 1.85 -5.453832 -1.5947 1.22 -5.453832 -1.5947 1.85</float_array>
          <technique_common>
            <accessor count="8" source="#cubeverts-array4-array" stride="3">
              <param type="float" name="X"/>
              <param type="float" name="Y"/>
              <param type="float" name="Z"/>
            </accessor>
          </technique_common>
        </source>
        <source id="cubenormals-array4">
          <float_array count="36" id="cubenormals-array4-array">1 0 0 0 -1 -0 -1 0 0 0 1 0 0 0 -1 0 0 1 1 0 0 -0 -1 0 -1 0 0 -0 1 0 0 0 -1 0 0 1</float_array>
          <technique_common>
            <accessor count="12" source="#cubenormals-array4-array" stride="3">
              <param type="float" name="X"/>
              <param type="float" name="Y"/>
              <param type="float" name="Z"/>
            </accessor>
          </technique_common>
        </source>
        <vertices id="cubeverts-array4-vertices">
          <input semantic="POSITION" source="#cubeverts-array4"/>
        </vertices>
        <triangles count="12" material="ref_Mesh004">
          <input offset="0" semantic="VERTEX" source="#cubeverts-array4-vertices"/>
          <input offset="1" semantic="NORMAL" source="#cubenormals-array4"/>
          <p>0 0 1 0 2 0 3 1 4 1 1 1 5 2 6 2 4 2 7 3 2 3 6 3 4 4 2 4 1 4 5 5 0 5 7 5 0 6 3 6 1 6 3 7 5 7 4 7 5 8 7 8 6 8 7 9 0 9 2 9 4 10 6 10 2 10 5 11 3 11 0 11</p>
        </triangles>
      </mesh>
    </geometry>
    <geometry id="geometry5" name="Mesh005">
      <mesh>
        <source id="cubeverts-array5">
          <float_array count="240" id="cubeverts-array5-array">-5.223832 -1.5997 1.83 -5.423832 -1.5997 1.75 -5.223832 -1.5997 1.75 -5.423832 -1.5997 1.83 -5.423832 -1.5937 1.75 -5.423832 -1.5937 1.83 -5.223832 -1.5937 1.75 -5.223832 -1.5937 1.83 -5.223832 -1.5997 1.73 -5.423832 -1.5997 1.65 -5.223832 -1.5997 1.65 -5.423832 -1.5997 1.73 -5.423832 -1.5937 1.65 -5.423832 -1.5937 1.73 -5.223832 -1.5937 1.65 -5.223832 -1.5937 1.73 -5.223832 -1.5997 1.63 -5.423832 -1.5997 1.55 -5.223832 -1.5997 1.55 -5.423832 -1.5997 1.63 -5.423832 -1.5937 1.55 -5.423832 -1.5937 1.63 -5.223832 -1.5937 1.55 -5.223832 -1.5937 1.63 -5.403832 -1.5997 1.52 -5.423832 -1.5997 1.5 -5.403832 -1.5997 1.5 -5.423832 -1.5997 1.52 -5.423832 -1.5937 1.5 -5.423832 -1.5937 1.52 -5.403832 -1.5937 1.5 -5.403832 -1.5937 1.52 -5.423832 -2.2397 1.35 -5.243832 -2.2397 1.24 -5.423832 -2.2397 1.24 -5.243832 -2.2397 1.35 -5.243832 -2.2457 1.24 -5.243832 -2.2457 1.35 -5.423832 -2.2457 1.24 -5.423832 -2.2457 1.35 -5.423832 -2.2397 1.82 -5.323832 -2.2397 1.55 -5.423832 -2.2397 1.55 -5.323832 -2.2397 1.82 -5.323832 -2.2457 1.55 -5.323832 -2.2457 1.82 -5.423832 -2.2457 1.55 -5.423832 -2.2457 1.82 -5.383832 -1.6597 1.22 -5.423832 -1.6597 1.2 -5.383832 -1.6597 1.2 -5.423832 -1.6597 1.22 -5.423832 -1.6197 1.2 -5.423832 -1.6197 1.22 -5.383832 -1.6197 1.2 -5.383832 -1.6197 1.22 -5.223832 -1.6597 1.22 -5.263832 -1.6597 1.2 -5.223832 -1.6597 1.2 -5.263832 -1.6597 1.22 -5.263832 -1.6197 1.2 -5.263832 -1.6197 1.22 -5.223832 -1.6197 1.2 -5.223832 -1.6197 1.22 -5.383832 -2.2197 1.22 -5.423832 -2.2197 1.2 -5.383832 -2.2197 1.2 -5.423832 -2.2197 1.22 -5.423832 -2.1797 1.2 -5.423832 -2.1797 1.22 -5.383832 -2.1797 1.2 -5.383832 -2.1797 1.22 -5.223832 -2.2197 1.22 -5.263832 -2.2197 1.2 -5.223832 -2.2197 1.2 -5.263832 -2.2197 1.22 -5.263832 -2.1797 1.2 -5.263832 -2.1797 1.22 -5.223832 -2.1797 1.2 -5.223832 -2.1797 1.22</float_array>
          <technique_common>
            <accessor count="80" source="#cubeverts-array5-array" stride="3">
              <param type="float" name="X"/>
              <param type="float" name="Y"/>
              <param type="float" name="Z"/>
            </accessor>
          </technique_common>
        </source>
        <source id="cubenormals-array5">
          <float_array count="360" id="cubenormals-array5-array">0 -1 -0 -1 0 0 0 1 0 1 0 0 0 0 -1 0 0 1 0 -1 -0 -1 0 0 0 1 0 1 0 0 0 0 -1 0 0 1 0 -1 -0 -1 0 0 0 1 0 1 0 0 0 0 -1 0 0 1 0 -1 -0 -1 0 0 0 1 0 1 0 0 0 0 -1 0 0 1 -1.356337e-06 1 0 1 0 0 0 -1 -0 -1 0 0 0 0 -1 0 0 1 -2.441406e-06 1 0 1 0 0 0 -1 -0 -1 0 0 0 0 -1 0 0 1 0 -1 -0 -1 0 0 0 1 0 1 0 0 0 0 -1 0 0 1 0 -1 -0 -1 0 0 0 1 0 1 0 0 0 0 -1 0 0 1 0 -1 -0 -1 0 0 0 1 0 1 0 0 0 0 -1 0 0 1 0 -1 -0 -1 0 0 0 1 0 1 0 0 0 0 -1 0 0 1 -0 -1 0 -1 0 0 -0 1 0 1 0 0 0 0 -1 0 0 1 -0 -1 0 -1 0 0 -0 1 0 1 0 0 0 0 -1 0 0 1 -0 -1 0 -1 0 0 -0 1 0 1 0 0 0 0 -1 0 0 1 -0 -1 0 -1 0 0 -0 1 0 1 0 0 0 0 -1 0 0 1 -1.356337e-06 1 0 1 0 0 -0 -1 0 -1 0 0 0 0 -1 0 0 1 -2.441406e-06 1 0 1 0 0 -0 -1 0 -1 0 0 0 0 -1 0 -0 1 -0 -1 0 -1 0 0 -0 1 0 1 0 0 0 0 -1 0 0 1 -0 -1 0 -1 0 0 -0 1 0 1 0 0 0 0 -1 0 0 1 -0 -1 0 -1 0 0 -0 1 0 1 0 0 0 0 -1 0 0 1 -0 -1 0 -1 0 0 -0 1 0 1 0 0 0 0 -1 0 0 1</float_array>
          <technique_common>
            <accessor count="120" source="#cubenormals-array5-array" stride="3">
              <param type="float" name="X"/>
              <param type="float" name="Y"/>
              <param type="float" name="Z"/>
            </accessor>
          </technique_common>
        </source>
        <vertices id="cubeverts-array5-vertices">
          <input semantic="POSITION" source="#cubeverts-array5"/>
        </vertices>
        <triangles count="120" material="ref_Mesh005">
          <input offset="0" semantic="VERTEX" source="#cubeverts-array5-vertices"/>
          <input offset="1" semantic="NORMAL" source="#cubenormals-array5"/>
          <p>0 0 1 0 2 0 3 1 4 1 1 1 5 2 6 2 4 2 7 3 2 3 6 3 4 4 2 4 1 4 3 5 7 5 5 5 8 6 9 6 10 6 11 7 12 7 9 7 13 8 14 8 12 8 15 9 10 9 14 9 12 10 10 10 9 10 11 11 15 11 13 11 16 12 17 12 18 12 19 13 20 13 17 13 21 14 22 14 20 14 23 15 18 15 22 15 20 16 18 16 17 16 19 17 23 17 21 17 24 18 25 18 26 18 27 19 28 19 25 19 29 20 30 20 28 20 31 21 26 21 30 21 28 22 26 22 25 22 27 23 31 23 29 23 32 24 33 24 34 24 35 25 36 25 33 25 37 26 38 26 36 26 39 27 34 27 38 27 36 28 34 28 33 28 35 29 39 29 37 29 40 30 41 30 42 30 43 31 44 31 41 31 45 32 46 32 44 32 47 33 42 33 46 33 44 34 42 34 41 34 45 35 40 35 47 35 48 36 49 36 50 36 51 37 52 37 49 37 53 38 54 38 52 38 55 39 50 39 54 39 52 40 50 40 49 40 51 41 55 41 53 41 56 42 57 42 58 42 59 43 60 43 57 43 61 44 62 44 60 44 63 45 58 45 62 45 60 46 58 46 57 46 59 47 63 47 61 47 64 48 65 48 66 48 67 49 68 49 65 49 69 50 70 50 68 50 71 51 66 51 70 51 68 52 66 52 65 52 67 53 71 53 69 53 72 54 73 54 74 54 75 55 76 55 73 55 77 56 78 56 76 56 79 57 74 57 78 57 76 58 74 58 73 58 75 59 79 59 77 59 0 60 3 60 1 60 3 61 5 61 4 61 5 62 7 62 6 62 7 63 0 63 2 63 4 64 6 64 2 64 3 65 0 65 7 65 8 66 11 66 9 66 11 67 13 67 12 67 13 68 15 68 14 68 15 69 8 69 10 69 12 70 14 70 10 70 11 71 8 71 15 71 16 72 19 72 17 72 19 73 21 73 20 73 21 74 23 74 22 74 23 75 16 75 18 75 20 76 22 76 18 76 19 77 16 77 23 77 24 78 27 78 25 78 27 79 29 79 28 79 29 80 31 80 30 80 31 81 24 81 26 81 28 82 30 82 26 82 27 83 24 83 31 83 32 84 35 84 33 84 35 85 37 85 36 85 37 86 39 86 38 86 39 87 32 87 34 87 36 88 38 88 34 88 35 89 32 89 39 89 40 90 43 90 41 90 43 91 45 91 44 91 45 92 47 92 46 92 47 93 40 93 42 93 44 94 46 94 42 94 45 95 43 95 40 95 48 96 51 96 49 96 51 97 53 97 52 97 53 98 55 98 54 98 55 99 48 99 50 99 52 100 54 100 50 100 51 101 48 101 55 101 56 102 59 102 57 102 59 103 61 103 60 103 61 104 63 104 62 104 63 105 56 105 58 105 60 106 62 106 58 106 59 107 56 107 63 107 64 108 67 108 65 108 67 109 69 109 68 109 69 110 71 110 70 110 71 111 64 111 66 111 68 112 70 112 66 112 67 113 64 113 71 113 72 114 75 114 73 114 75 115 77 115 76 115 77 116 79 116 78 116 79 117 72 117 74 117 76 118 78 118 74 118 75 119 72 119 79 119</p>
        </triangles>
      </mesh>
    </geometry>
    <geometry id="geometry6" name="Mesh006">
      <mesh>
        <source id="cubeverts-array6">
          <float_array count="24" id="cubeverts-array6-array">-0.8800001 1.906 2.185 -0.8800001 1.666 0.8249999 -0.8800001 1.906 0.8249999 -0.8800001 1.666 2.185 -1.47 1.666 0.8249999 -1.47 1.666 2.185 -1.47 1.906 0.8249999 -1.47 1.906 2.185</float_array>
          <technique_common>
            <accessor count="8" source="#cubeverts-array6-array" stride="3">
              <param type="float" name="X"/>
              <param type="float" name="Y"/>
              <param type="float" name="Z"/>
            </accessor>
          </technique_common>
        </source>
        <source id="cubenormals-array6">
          <float_array count="36" id="cubenormals-array6-array">1 2.543133e-07 0 4.137977e-07 -1 0 -1 -5.086263e-07 -0 -2.068988e-07 1 0 0 0 -1 0 0 1 1 2.543133e-07 0 4.137977e-07 -1 0 -1 -5.086263e-07 0 -2.068988e-07 1 0 0 0 -1 0 0 1</float_array>
          <technique_common>
            <accessor count="12" source="#cubenormals-array6-array" stride="3">
              <param type="float" name="X"/>
              <param type="float" name="Y"/>
              <param type="float" name="Z"/>
            </accessor>
          </technique_common>
        </source>
        <vertices id="cubeverts-array6-vertices">
          <input semantic="POSITION" source="#cubeverts-array6"/>
        </vertices>
        <triangles count="12" material="ref_Mesh006">
          <input offset="0" semantic="VERTEX" source="#cubeverts-array6-vertices"/>
          <input offset="1" semantic="NORMAL" source="#cubenormals-array6"/>
          <p>0 0 1 0 2 0 3 1 4 1 1 1 5 2 6 2 4 2 7 3 2 3 6 3 4 4 2 4 1 4 3 5 7 5 5 5 0 6 3 6 1 6 3 7 5 7 4 7 5 8 7 8 6 8 7 9 0 9 2 9 4 10 6 10 2 10 3 11 0 11 7 11</p>
        </triangles>
      </mesh>
    </geometry>
    <geometry id="geometry7" name="Mesh007">
      <mesh>
        <source id="cubeverts-array7">
          <float_array count="24" id="cubeverts-array7-array">-3.593225 -2.182657 1.789 -3.593225 -2.422657 1.289 -3.593225 -2.182657 1.289 -3.593225 -2.422657 1.789 -4.183225 -2.422657 1.289 -4.183225 -2.422657 1.789 -4.183225 -2.182657 1.289 -4.183225 -2.182657 1.789</float_array>
          <technique_common>
            <accessor count="8" source="#cubeverts-array7-array" stride="3">
              <param type="float" name="X"/>
              <param type="float" name="Y"/>
              <param type="float" name="Z"/>
            </accessor>
          </technique_common>
        </source>
        <source id="cubenormals-array7">
          <float_array count="36" id="cubenormals-array7-array">1 0 0 4.137978e-07 -1 0 -1 0 0 -4.137978e-07 1 0 0 0 -1 0 0 1 1 0 0 4.137978e-07 -1 0 -1 0 0 -4.137978e-07 1 0 -0 0 -1 0 -0 1</float_array>
          <technique_common>
            <accessor count="12" source="#cubenormals-array7-array" stride="3">
              <param type="float" name="X"/>
              <param type="float" name="Y"/>
              <param type="float" name="Z"/>
            </accessor>
          </technique_common>
        </source>
        <vertices id="cubeverts-array7-vertices">
          <input semantic="POSITION" source="#cubeverts-array7"/>
        </vertices>
        <triangles count="12" material="ref_Mesh007">
          <input offset="0" semantic="VERTEX" source="#cubeverts-array7-vertices"/>
          <input offset="1" semantic="NORMAL" source="#cubenormals-array7"/>
          <p>0 0 1 0 2 0 3 1 4 1 1 1 5 2 6 2 4 2 7 3 2 3 6 3 1 4 6 4 2 4 3 5 7 5 5 5 0 6 3 6 1 6 3 7 5 7 4 7 5 8 7 8 6 8 7 9 0 9 2 9 1 10 4 10 6 10 3 11 0 11 7 11</p>
        </triangles>
      </mesh>
    </geometry>
    <geometry id="geometry8" name="Mesh008">
      <mesh>
        <source id="cubeverts-array8">
          <float_array count="24" id="cubeverts-array8-array">-1.014484 2.188791 2.114 -0.3327008 2.188791 1.799 -1.014484 2.188791 1.799 -0.3327008 2.188791 2.114 -0.3327008 2.126391 1.799 -0.3327008 2.126391 2.114 -1.014484 2.126391 1.799 -1.014484 2.126391 2.114</float_array>
          <technique_common>
            <accessor count="8" source="#cubeverts-array8-array" stride="3">
              <param type="float" name="X"/>
              <param type="float" name="Y"/>
              <param type="float" name="Z"/>
            </accessor>
          </technique_common>
        </source>
        <source id="cubenormals-array8">
          <float_array count="36" id="cubenormals-array8-array">-3.580911e-07 1 0 1 0 0 3.580911e-07 -1 0 -1 0 0 0 0 -1 0 0 1 -3.580911e-07 1 0 1 0 0 3.580911e-07 -1 0 -1 0 0 -0 0 -1 0 -0 1</float_array>
          <technique_common>
            <accessor count="12" source="#cubenormals-array8-array" stride="3">
              <param type="float" name="X"/>
              <param type="float" name="Y"/>
              <param type="float" name="Z"/>
            </accessor>
          </technique_common>
        </source>
        <vertices id="cubeverts-array8-vertices">
          <input semantic="POSITION" source="#cubeverts-array8"/>
        </vertices>
        <triangles count="12" material="ref_Mesh008">
          <input offset="0" semantic="VERTEX" source="#cubeverts-array8-vertices"/>
          <input offset="1" semantic="NORMAL" source="#cubenormals-array8"/>
          <p>0 0 1 0 2 0 3 1 4 1 1 1 5 2 6 2 4 2 7 3 2 3 6 3 4 4 2 4 1 4 5 5 0 5 7 5 0 6 3 6 1 6 3 7 5 7 4 7 5 8 7 8 6 8 7 9 0 9 2 9 4 10 6 10 2 10 5 11 3 11 0 11</p>
        </triangles>
      </mesh>
    </geometry>
    <geometry id="geometry9" name="Mesh009">
      <mesh>
        <source id="cubeverts-array9">
          <float_array count="240" id="cubeverts-array9-array">-1.00924 2.181591 2.104 -1.00924 2.133591 2.064 -1.00924 2.181591 2.064 -1.00924 2.133591 2.104 -1.015533 2.133591 2.064 -1.015533 2.133591 2.104 -1.015533 2.181591 2.064 -1.015533 2.181591 2.104 -1.00924 2.181591 2.054 -1.00924 2.133591 2.014 -1.00924 2.181591 2.014 -1.00924 2.133591 2.054 -1.015533 2.133591 2.014 -1.015533 2.133591 2.054 -1.015533 2.181591 2.014 -1.015533 2.181591 2.054 -1.00924 2.181591 2.004 -1.00924 2.133591 1.964 -1.00924 2.181591 1.964 -1.00924 2.133591 2.004 -1.015533 2.133591 1.964 -1.015533 2.133591 2.004 -1.015533 2.181591 1.964 -1.015533 2.181591 2.004 -1.00924 2.138391 1.949 -1.00924 2.133591 1.939 -1.00924 2.138391 1.939 -1.00924 2.133591 1.949 -1.015533 2.133591 1.939 -1.015533 2.133591 1.949 -1.015533 2.138391 1.939 -1.015533 2.138391 1.949 -0.3379453 2.133591 1.864 -0.3379454 2.176791 1.809 -0.3379453 2.133591 1.809 -0.3379454 2.176791 1.864 -0.3316519 2.176791 1.809 -0.3316519 2.176791 1.864 -0.3316519 2.133591 1.809 -0.3316519 2.133591 1.864 -0.3379453 2.133591 2.099 -0.3379454 2.157591 1.964 -0.3379453 2.133591 1.964 -0.3379454 2.157591 2.099 -0.3316519 2.157591 1.964 -0.3316519 2.157591 2.099 -0.3316519 2.133591 1.964 -0.3316519 2.133591 2.099 -0.946306 2.143191 1.799 -0.946306 2.133591 1.789 -0.946306 2.143191 1.789 -0.946306 2.133591 1.799 -0.9882621 2.133591 1.789 -0.9882621 2.133591 1.799 -0.9882621 2.143191 1.789 -0.9882621 2.143191 1.799 -0.946306 2.181591 1.799 -0.946306 2.171991 1.789 -0.946306 2.181591 1.789 -0.946306 2.171991 1.799 -0.9882621 2.171991 1.789 -0.9882621 2.171991 1.799 -0.9882621 2.181591 1.789 -0.9882621 2.181591 1.799 -0.3589232 2.143191 1.799 -0.3589232 2.133591 1.789 -0.3589232 2.143191 1.789 -0.3589232 2.133591 1.799 -0.4008792 2.133591 1.789 -0.4008792 2.133591 1.799 -0.4008792 2.143191 1.789 -0.4008792 2.143191 1.799 -0.3589232 2.181591 1.799 -0.3589232 2.171991 1.789 -0.3589232 2.181591 1.789 -0.3589232 2.171991 1.799 -0.4008792 2.171991 1.789 -0.4008792 2.171991 1.799 -0.4008792 2.181591 1.789 -0.4008792 2.181591 1.799</float_array>
          <technique_common>
            <accessor count="80" source="#cubeverts-array9-array" stride="3">
              <param type="float" name="X"/>
              <param type="float" name="Y"/>
              <param type="float" name="Z"/>
            </accessor>
          </technique_common>
        </source>
        <source id="cubenormals-array9">
          <float_array count="360" id="cubenormals-array9-array">1 0 0 0 -1 -0 -1 0 0 0 1 0 0 0 -1 0 0 1 1 0 0 0 -1 -0 -1 0 0 0 1 0 0 0 -1 0 0 1 1 0 0 0 -1 -0 -1 0 0 0 1 0 0 0 -1 0 0 1 1 0 0 0 -1 -0 -1 0 0 0 1 0 0 0 -1 0 0 1 -1 -2.119267e-06 -0 0 1 0 1 0 0 0 -1 -0 -0 0 -1 -0 0 1 -1 -3.814697e-06 -0 0 1 0 1 0 0 0 -1 -0 -0 0 -1 0 0 1 1 0 0 0 -1 -0 -1 0 0 0 1 0 0 0 -1 0 0 1 1 0 0 5.818952e-06 -1 0 -1 0 0 0 1 0 0 0 -1 0 0 1 1 0 0 0 -1 -0 -1 0 0 -5.818973e-06 1 0 0 0 -1 0 0 1 1 0 0 0 -1 -0 -1 0 0 0 1 0 0 0 -1 0 0 1 1 0 0 -0 -1 0 -1 0 0 -0 1 0 0 0 -1 0 -0 1 1 0 0 -0 -1 0 -1 0 0 -0 1 0 0 0 -1 0 -0 1 1 0 0 -0 -1 0 -1 0 0 -0 1 0 0 0 -1 0 -0 1 1 0 0 -0 -1 0 -1 0 0 -0 1 0 0 0 -1 0 -0 1 -1 -2.119267e-06 0 -0 1 0 1 0 0 -0 -1 0 0 -0 -1 0 0 1 -1 -3.814697e-06 0 -0 1 0 1 0 0 -0 -1 0 0 -0 -1 0 0 1 1 0 0 -0 -1 0 -1 0 0 -0 1 0 0 0 -1 0 -0 1 1 0 0 5.818952e-06 -1 0 -1 0 0 -0 1 0 0 0 -1 0 -0 1 1 0 0 -0 -1 0 -1 0 0 -5.818973e-06 1 0 0 0 -1 0 -0 1 1 0 0 -0 -1 0 -1 0 0 -0 1 0 0 0 -1 0 -0 1</float_array>
          <technique_common>
            <accessor count="120" source="#cubenormals-array9-array" stride="3">
              <param type="float" name="X"/>
              <param type="float" name="Y"/>
              <param type="float" name="Z"/>
            </accessor>
          </technique_common>
        </source>
        <vertices id="cubeverts-array9-vertices">
          <input semantic="POSITION" source="#cubeverts-array9"/>
        </vertices>
        <triangles count="120" material="ref_Mesh009">
          <input offset="0" semantic="VERTEX" source="#cubeverts-array9-vertices"/>
          <input offset="1" semantic="NORMAL" source="#cubenormals-array9"/>
          <p>0 0 1 0 2 0 3 1 4 1 1 1 5 2 6 2 4 2 7 3 2 3 6 3 4 4 2 4 1 4 3 5 7 5 5 5 8 6 9 6 10 6 11 7 12 7 9 7 13 8 14 8 12 8 15 9 10 9 14 9 12 10 10 10 9 10 11 11 15 11 13 11 16 12 17 12 18 12 19 13 20 13 17 13 21 14 22 14 20 14 23 15 18 15 22 15 20 16 18 16 17 16 19 17 23 17 21 17 24 18 25 18 26 18 27 19 28 19 25 19 29 20 30 20 28 20 31 21 26 21 30 21 28 22 26 22 25 22 27 23 31 23 29 23 32 24 33 24 34 24 35 25 36 25 33 25 37 26 38 26 36 26 39 27 34 27 38 27 36 28 34 28 33 28 35 29 39 29 37 29 40 30 41 30 42 30 43 31 44 31 41 31 45 32 46 32 44 32 47 33 42 33 46 33 44 34 42 34 41 34 45 35 40 35 47 35 48 36 49 36 50 36 51 37 52 37 49 37 53 38 54 38 52 38 55 39 50 39 54 39 52 40 50 40 49 40 51 41 55 41 53 41 56 42 57 42 58 42 59 43 60 43 57 43 61 44 62 44 60 44 63 45 58 45 62 45 60 46 58 46 57 46 59 47 63 47 61 47 64 48 65 48 66 48 67 49 68 49 65 49 69 50 70 50 68 50 71 51 66 51 70 51 68 52 66 52 65 52 67 53 71 53 69 53 72 54 73 54 74 54 75 55 76 55 73 55 77 56 78 56 76 56 79 57 74 57 78 57 76 58 74 58 73 58 75 59 79 59 77 59 0 60 3 60 1 60 3 61 5 61 4 61 5 62 7 62 6 62 7 63 0 63 2 63 4 64 6 64 2 64 3 65 0 65 7 65 8 66 11 66 9 66 11 67 13 67 12 67 13 68 15 68 14 68 15 69 8 69 10 69 12 70 14 70 10 70 11 71 8 71 15 71 16 72 19 72 17 72 19 73 21 73 20 73 21 74 23 74 22 74 23 75 16 75 18 75 20 76 22 76 18 76 19 77 16 77 23 77 24 78 27 78 25 78 27 79 29 79 28 79 29 80 31 80 30 80 31 81 24 81 26 81 28 82 30 82 26 82 27 83 24 83 31 83 32 84 35 84 33 84 35 85 37 85 36 85 37 86 39 86 38 86 39 87 32 87 34 87 36 88 38 88 34 88 35 89 32 89 39 89 40 90 43 90 41 90 43 91 45 91 44 91 45 92 47 92 46 92 47 93 40 93 42 93 44 94 46 94 42 94 45 95 43 95 40 95 48 96 51 96 49 96 51 97 53 97 52 97 53 98 55 98 54 98 55 99 48 99 50 99 52 100 54 100 50 100 51 101 48 101 55 101 56 102 59 102 57 102 59 103 61 103 60 103 61 104 63 104 62 104 63 105 56 105 58 105 60 106 62 106 58 106 59 107 56 107 63 107 64 108 67 108 65 108 67 109 69 109 68 109 69 110 71 110 70 110 71 111 64 111 66 111 68 112 70 112 66 112 67 113 64 113 71 113 72 114 75 114 73 114 75 115 77 115 76 115 77 116 79 116 78 116 79 117 72 117 74 117 76 118 78 118 74 118 75 119 72 119 79 119</p>
        </triangles>
      </mesh>
    </geometry>
    <geometry id="geometry10" name="Mesh010">
      <mesh>
        <source id="cubeverts-array10">
          <float_array count="24" id="cubeverts-array10-array">-5.772 -2.395001 2.05 -5.772 -1.475001 0 -5.772 -2.395001 0 -5.172 -1.475001 2.05 -5.172 -2.395001 0 -5.172 -1.475001 0 -5.172 -2.395001 2.05 -5.772 -1.475001 2.05</float_array>
          <technique_common>
            <accessor count="8" source="#cubeverts-array10-array" stride="3">
              <param type="float" name="X"/>
              <param type="float" name="Y"/>
              <param type="float" name="Z"/>
            </accessor>
          </technique_common>
        </source>
        <source id="cubenormals-array10">
          <float_array count="30" id="cubenormals-array10-array">-1 0 0 1 0 0 0 -1 -0 -0 0 -1 -0 0 1 -1 0 0 1 0 0 -0 -1 0 0 -0 -1 0 0 1</float_array>
          <technique_common>
            <accessor count="10" source="#cubenormals-array10-array" stride="3">
              <param type="float" name="X"/>
              <param type="float" name="Y"/>
              <param type="float" name="Z"/>
            </accessor>
          </technique_common>
        </source>
        <vertices id="cubeverts-array10-vertices">
          <input semantic="POSITION" source="#cubeverts-array10"/>
        </vertices>
        <triangles count="10" material="ref_Mesh010">
          <input offset="0" semantic="VERTEX" source="#cubeverts-array10-vertices"/>
          <input offset="1" semantic="NORMAL" source="#cubenormals-array10"/>
          <p>0 0 1 0 2 0 3 1 4 1 5 1 6 2 2 2 4 2 5 3 2 3 1 3 7 4 6 4 3 4 0 5 7 5 1 5 3 6 6 6 4 6 6 7 0 7 2 7 5 8 4 8 2 8 7 9 0 9 6 9</p>
        </triangles>
      </mesh>
    </geometry>
    <geometry id="geometry11" name="Mesh011">
      <mesh>
        <source id="cubeverts-array11">
          <float_array count="12" id="cubeverts-array11-array">-5.772 -1.475001 2.05 -5.954742 -0.9035069 2.384186e-07 -5.772 -1.475001 2.384186e-07 -5.954742 -0.9035069 2.05</float_array>
          <technique_common>
            <accessor count="4" source="#cubeverts-array11-array" stride="3">
              <param type="float" name="X"/>
              <param type="float" name="Y"/>
              <param type="float" name="Z"/>
            </accessor>
          </technique_common>
        </source>
        <source id="cubenormals-array11">
          <float_array count="6" id="cubenormals-array11-array">-0.9524898 -0.3045704 -0 -0.9524898 -0.3045704 0</float_array>
          <technique_common>
            <accessor count="2" source="#cubenormals-array11-array" stride="3">
              <param type="float" name="X"/>
              <param type="float" name="Y"/>
              <param type="float" name="Z"/>
            </accessor>
          </technique_common>
        </source>
        <vertices id="cubeverts-array11-vertices">
          <input semantic="POSITION" source="#cubeverts-array11"/>
        </vertices>
        <triangles count="2" material="ref_Mesh011">
          <input offset="0" semantic="VERTEX" source="#cubeverts-array11-vertices"/>
          <input offset="1" semantic="NORMAL" source="#cubenormals-array11"/>
          <p>0 0 1 0 2 0 0 1 3 1 1 1</p>
        </triangles>
      </mesh>
    </geometry>
    <geometry id="geometry12" name="Mesh012">
      <mesh>
        <source id="cubeverts-array12">
          <float_array count="24" id="cubeverts-array12-array">-5.18265 -1.487181 0.6872073 -5.182651 -2.380753 0.6572074 -5.18265 -1.487181 0.6572074 -5.182651 -2.380753 0.6872073 -5.764345 -2.380753 0.6572074 -5.764345 -2.380753 0.6872073 -5.764345 -1.487181 0.6572074 -5.764345 -1.487181 0.6872073</float_array>
          <technique_common>
            <accessor count="8" source="#cubeverts-array12-array" stride="3">
              <param type="float" name="X"/>
              <param type="float" name="Y"/>
              <param type="float" name="Z"/>
            </accessor>
          </technique_common>
        </source>
        <source id="cubenormals-array12">
          <float_array count="36" id="cubenormals-array12-array">1 -5.464374e-07 0 0 -1 -0 -1 5.464373e-07 0 2.09853e-07 1 0 0 0 -1 0 0 1 1 -5.464374e-07 0 -0 -1 0 -1 5.464373e-07 0 2.09853e-07 1 0 0 0 -1 0 -0 1</float_array>
          <technique_common>
            <accessor count="12" source="#cubenormals-array12-array" stride="3">
              <param type="float" name="X"/>
              <param type="float" name="Y"/>
              <param type="float" name="Z"/>
            </accessor>
          </technique_common>
        </source>
        <vertices id="cubeverts-array12-vertices">
          <input semantic="POSITION" source="#cubeverts-array12"/>
        </vertices>
        <triangles count="12" material="ref_Mesh012">
          <input offset="0" semantic="VERTEX" source="#cubeverts-array12-vertices"/>
          <input offset="1" semantic="NORMAL" source="#cubenormals-array12"/>
          <p>0 0 1 0 2 0 3 1 4 1 1 1 5 2 6 2 4 2 7 3 2 3 6 3 4 4 2 4 1 4 3 5 7 5 5 5 0 6 3 6 1 6 3 7 5 7 4 7 5 8 7 8 6 8 7 9 0 9 2 9 4 10 6 10 2 10 3 11 0 11 7 11</p>
        </triangles>
      </mesh>
    </geometry>
    <geometry id="geometry13" name="Mesh013">
      <mesh>
        <source id="cubeverts-array13">
          <float_array count="24" id="cubeverts-array13-array">-5.18265 -1.487181 1.201225 -5.182651 -2.380753 1.171225 -5.18265 -1.487181 1.171225 -5.182651 -2.380753 1.201225 -5.764345 -2.380753 1.171225 -5.764345 -2.380753 1.201225 -5.764345 -1.487181 1.171225 -5.764345 -1.487181 1.201225</float_array>
          <technique_common>
            <accessor count="8" source="#cubeverts-array13-array" stride="3">
              <param type="float" name="X"/>
              <param type="float" name="Y"/>
              <param type="float" name="Z"/>
            </accessor>
          </technique_common>
        </source>
        <source id="cubenormals-array13">
          <float_array count="36" id="cubenormals-array13-array">1 -5.464374e-07 0 0 -1 -0 -1 5.464373e-07 0 2.09853e-07 1 0 0 0 -1 0 0 1 1 -5.464374e-07 0 -0 -1 0 -1 5.464373e-07 0 2.09853e-07 1 0 0 0 -1 0 -0 1</float_array>
          <technique_common>
            <accessor count="12" source="#cubenormals-array13-array" stride="3">
              <param type="float" name="X"/>
              <param type="float" name="Y"/>
              <param type="float" name="Z"/>
            </accessor>
          </technique_common>
        </source>
        <vertices id="cubeverts-array13-vertices">
          <input semantic="POSITION" source="#cubeverts-array13"/>
        </vertices>
        <triangles count="12" material="ref_Mesh013">
          <input offset="0" semantic="VERTEX" source="#cubeverts-array13-vertices"/>
          <input offset="1" semantic="NORMAL" source="#cubenormals-array13"/>
          <p>0 0 1 0 2 0 3 1 4 1 1 1 5 2 6 2 4 2 7 3 2 3 6 3 4 4 2 4 1 4 3 5 7 5 5 5 0 6 3 6 1 6 3 7 5 7 4 7 5 8 7 8 6 8 7 9 0 9 2 9 4 10 6 10 2 10 3 11 0 11 7 11</p>
        </triangles>
      </mesh>
    </geometry>
    <geometry id="geometry14" name="Mesh014">
      <mesh>
        <source id="cubeverts-array14">
          <float_array count="12" id="cubeverts-array14-array">-6.000001 2.400003 0.325 -6.000001 -2.519998 0 -6.000001 2.400003 0 -6.000001 -2.519998 0.325</float_array>
          <technique_common>
            <accessor count="4" source="#cubeverts-array14-array" stride="3">
              <param type="float" name="X"/>
              <param type="float" name="Y"/>
              <param type="float" name="Z"/>
            </accessor>
          </technique_common>
        </source>
        <source id="cubenormals-array14">
          <float_array count="6" id="cubenormals-array14-array">1 0 0 1 0 0</float_array>
          <technique_common>
            <accessor count="2" source="#cubenormals-array14-array" stride="3">
              <param type="float" name="X"/>
              <param type="float" name="Y"/>
              <param type="float" name="Z"/>
            </accessor>
          </technique_common>
        </source>
        <vertices id="cubeverts-array14-vertices">
          <input semantic="POSITION" source="#cubeverts-array14"/>
        </vertices>
        <triangles count="2" material="ref_Mesh014">
          <input offset="0" semantic="VERTEX" source="#cubeverts-array14-vertices"/>
          <input offset="1" semantic="NORMAL" source="#cubenormals-array14"/>
          <p>0 0 1 0 2 0 0 1 3 1 1 1</p>
        </triangles>
      </mesh>
    </geometry>
    <geometry id="geometry15" name="Mesh015">
      <mesh>
        <source id="cubeverts-array15">
          <float_array count="12" id="cubeverts-array15-array">7 -2.519999 0.325 7 2.400001 0 7 -2.519999 0 7 2.400001 0.325</float_array>
          <technique_common>
            <accessor count="4" source="#cubeverts-array15-array" stride="3">
              <param type="float" name="X"/>
              <param type="float" name="Y"/>
              <param type="float" name="Z"/>
            </accessor>
          </technique_common>
        </source>
        <source id="cubenormals-array15">
          <float_array count="6" id="cubenormals-array15-array">-1 0 0 -1 0 0</float_array>
          <technique_common>
            <accessor count="2" source="#cubenormals-array15-array" stride="3">
              <param type="float" name="X"/>
              <param type="float" name="Y"/>
              <param type="float" name="Z"/>
            </accessor>
          </technique_common>
        </source>
        <vertices id="cubeverts-array15-vertices">
          <input semantic="POSITION" source="#cubeverts-array15"/>
        </vertices>
        <triangles count="2" material="ref_Mesh015">
          <input offset="0" semantic="VERTEX" source="#cubeverts-array15-vertices"/>
          <input offset="1" semantic="NORMAL" source="#cubenormals-array15"/>
          <p>0 0 1 0 2 0 0 1 3 1 1 1</p>
        </triangles>
      </mesh>
    </geometry>
    <geometry id="geometry16" name="Mesh018">
      <mesh>
        <source id="cubeverts-array16">
          <float_array count="12" id="cubeverts-array16-array">-6 -2.52 0.325 7 -2.519999 0 -6 -2.52 0 7 -2.519999 0.325</float_array>
          <technique_common>
            <accessor count="4" source="#cubeverts-array16-array" stride="3">
              <param type="float" name="X"/>
              <param type="float" name="Y"/>
              <param type="float" name="Z"/>
            </accessor>
          </technique_common>
        </source>
        <source id="cubenormals-array16">
          <float_array count="6" id="cubenormals-array16-array">-7.512019e-08 1 0 -7.512019e-08 1 0</float_array>
          <technique_common>
            <accessor count="2" source="#cubenormals-array16-array" stride="3">
              <param type="float" name="X"/>
              <param type="float" name="Y"/>
              <param type="float" name="Z"/>
            </accessor>
          </technique_common>
        </source>
        <vertices id="cubeverts-array16-vertices">
          <input semantic="POSITION" source="#cubeverts-array16"/>
        </vertices>
        <triangles count="2" material="ref_Mesh018">
          <input offset="0" semantic="VERTEX" source="#cubeverts-array16-vertices"/>
          <input offset="1" semantic="NORMAL" source="#cubenormals-array16"/>
          <p>0 0 1 0 2 0 0 1 3 1 1 1</p>
        </triangles>
      </mesh>
    </geometry>
    <geometry id="geometry17" name="Mesh019">
      <mesh>
        <source id="cubeverts-array17">
          <float_array count="24" id="cubeverts-array17-array">-4.672 2.425 2.11 -4.672 2.375 0 -4.672 2.425 0 -4.672 2.375 2.11 -5.512 2.375 0 -5.512 2.375 2.11 -5.512 2.425 0 -5.512 2.425 2.11</float_array>
          <technique_common>
            <accessor count="8" source="#cubeverts-array17-array" stride="3">
              <param type="float" name="X"/>
              <param type="float" name="Y"/>
              <param type="float" name="Z"/>
            </accessor>
          </technique_common>
        </source>
        <source id="cubenormals-array17">
          <float_array count="36" id="cubenormals-array17-array">1 0 0 2.906436e-07 -1 0 -1 0 0 -2.906436e-07 1 0 0 0 -1 0 0 1 1 0 0 2.906436e-07 -1 0 -1 0 0 -2.906436e-07 1 0 0 0 -1 0 -0 1</float_array>
          <technique_common>
            <accessor count="12" source="#cubenormals-array17-array" stride="3">
              <param type="float" name="X"/>
              <param type="float" name="Y"/>
              <param type="float" name="Z"/>
            </accessor>
          </technique_common>
        </source>
        <vertices id="cubeverts-array17-vertices">
          <input semantic="POSITION" source="#cubeverts-array17"/>
        </vertices>
        <triangles count="12" material="ref_Mesh019">
          <input offset="0" semantic="VERTEX" source="#cubeverts-array17-vertices"/>
          <input offset="1" semantic="NORMAL" source="#cubenormals-array17"/>
          <p>0 0 1 0 2 0 3 1 4 1 1 1 5 2 6 2 4 2 7 3 2 3 6 3 4 4 2 4 1 4 3 5 7 5 5 5 0 6 3 6 1 6 3 7 5 7 4 7 5 8 7 8 6 8 7 9 0 9 2 9 4 10 6 10 2 10 3 11 0 11 7 11</p>
        </triangles>
      </mesh>
    </geometry>
    <geometry id="geometry18" name="Mesh020">
      <mesh>
        <source id="cubeverts-array18">
          <float_array count="24" id="cubeverts-array18-array">0.7808378 -2.796972 2.11 0.7613138 -2.843003 0 0.7808378 -2.796972 0 0.7613138 -2.843003 2.11 -0.01199974 -2.515 0 -0.01199974 -2.515 2.11 0.007524249 -2.468969 0 0.007524249 -2.468969 2.11</float_array>
          <technique_common>
            <accessor count="8" source="#cubeverts-array18-array" stride="3">
              <param type="float" name="X"/>
              <param type="float" name="Y"/>
              <param type="float" name="Z"/>
            </accessor>
          </technique_common>
        </source>
        <source id="cubenormals-array18">
          <float_array count="36" id="cubenormals-array18-array">0.9206114 -0.3904802 0 -0.3904797 -0.9206115 -0 -0.9206113 0.3904802 0 0.3904797 0.9206115 0 0 0 -1 0 0 1 0.9206114 -0.3904802 0 -0.3904797 -0.9206115 0 -0.9206113 0.3904802 0 0.3904797 0.9206115 0 0 0 -1 0 -0 1</float_array>
          <technique_common>
            <accessor count="12" source="#cubenormals-array18-array" stride="3">
              <param type="float" name="X"/>
              <param type="float" name="Y"/>
              <param type="float" name="Z"/>
            </accessor>
          </technique_common>
        </source>
        <vertices id="cubeverts-array18-vertices">
          <input semantic="POSITION" source="#cubeverts-array18"/>
        </vertices>
        <triangles count="12" material="ref_Mesh020">
          <input offset="0" semantic="VERTEX" source="#cubeverts-array18-vertices"/>
          <input offset="1" semantic="NORMAL" source="#cubenormals-array18"/>
          <p>0 0 1 0 2 0 3 1 4 1 1 1 5 2 6 2 4 2 7 3 2 3 6 3 4 4 2 4 1 4 3 5 7 5 5 5 0 6 3 6 1 6 3 7 5 7 4 7 5 8 7 8 6 8 7 9 0 9 2 9 4 10 6 10 2 10 3 11 0 11 7 11</p>
        </triangles>
      </mesh>
    </geometry>
    <geometry id="geometry19" name="Mesh021">
      <mesh>
        <source id="cubeverts-array19">
          <float_array count="24" id="cubeverts-array19-array">2.572591 1.952885 2.185 2.80336 2.022885 1.123462 2.572591 1.952885 0.9849999 4.341822 2.022885 1.123462 4.572591 1.952885 2.185 4.572591 1.952885 0.9849999 4.341822 2.022885 2.046539 2.80336 2.022885 2.046539</float_array>
          <technique_common>
            <accessor count="8" source="#cubeverts-array19-array" stride="3">
              <param type="float" name="X"/>
              <param type="float" name="Y"/>
              <param type="float" name="Z"/>
            </accessor>
          </technique_common>
        </source>
        <source id="cubenormals-array19">
          <float_array count="36" id="cubenormals-array19-array">-0.290274 0.9569436 0 0.2902731 0.9569439 0 0 -1 -0 0 0.8924352 -0.4511755 0 0.8924348 0.4511766 0 1 0 -0.2902739 0.9569436 0 0.2902731 0.9569438 -0 -0 -1 0 0 0.8924352 -0.4511755 0 0.8924347 0.4511765 -0 1 0</float_array>
          <technique_common>
            <accessor count="12" source="#cubenormals-array19-array" stride="3">
              <param type="float" name="X"/>
              <param type="float" name="Y"/>
              <param type="float" name="Z"/>
            </accessor>
          </technique_common>
        </source>
        <vertices id="cubeverts-array19-vertices">
          <input semantic="POSITION" source="#cubeverts-array19"/>
        </vertices>
        <triangles count="12" material="ref_Mesh021">
          <input offset="0" semantic="VERTEX" source="#cubeverts-array19-vertices"/>
          <input offset="1" semantic="NORMAL" source="#cubenormals-array19"/>
          <p>0 0 1 0 2 0 3 1 4 1 5 1 4 2 2 2 5 2 3 3 2 3 1 3 6 4 0 4 4 4 7 5 3 5 1 5 0 6 7 6 1 6 3 7 6 7 4 7 4 8 0 8 2 8 3 9 5 9 2 9 6 10 7 10 0 10 7 11 6 11 3 11</p>
        </triangles>
      </mesh>
    </geometry>
    <geometry id="geometry20" name="Mesh022">
      <mesh>
        <source id="cubeverts-array20">
          <float_array count="24" id="cubeverts-array20-array">-2.85 -2.37 0.025 -2.85 -1.67 -0.025 -2.85 -2.37 -0.025 -2.85 -1.67 0.025 -2.15 -1.67 -0.025 -2.15 -1.67 0.025 -2.15 -2.37 -0.025 -2.15 -2.37 0.025</float_array>
          <technique_common>
            <accessor count="8" source="#cubeverts-array20-array" stride="3">
              <param type="float" name="X"/>
              <param type="float" name="Y"/>
              <param type="float" name="Z"/>
            </accessor>
          </technique_common>
        </source>
        <source id="cubenormals-array20">
          <float_array count="36" id="cubenormals-array20-array">-1 0 0 0 1 0 1 0 0 0 -1 -0 -0 0 -1 -0 0 1 -1 0 0 -0 1 0 1 0 0 -0 -1 0 0 -0 -1 0 0 1</float_array>
          <technique_common>
            <accessor count="12" source="#cubenormals-array20-array" stride="3">
              <param type="float" name="X"/>
              <param type="float" name="Y"/>
              <param type="float" name="Z"/>
            </accessor>
          </technique_common>
        </source>
        <vertices id="cubeverts-array20-vertices">
          <input semantic="POSITION" source="#cubeverts-array20"/>
        </vertices>
        <triangles count="12" material="ref_Mesh022">
          <input offset="0" semantic="VERTEX" source="#cubeverts-array20-vertices"/>
          <input offset="1" semantic="NORMAL" source="#cubenormals-array20"/>
          <p>0 0 1 0 2 0 3 1 4 1 1 1 5 2 6 2 4 2 7 3 2 3 6 3 4 4 2 4 1 4 3 5 7 5 5 5 0 6 3 6 1 6 3 7 5 7 4 7 5 8 7 8 6 8 7 9 0 9 2 9 4 10 6 10 2 10 3 11 0 11 7 11</p>
        </triangles>
      </mesh>
    </geometry>
    <geometry id="geometry21" name="Mesh023">
      <mesh>
        <source id="cubeverts-array21">
          <float_array count="120" id="cubeverts-array21-array">-4.93 -2.52 0.8049999 -4.93 -1.52 0.755 -4.93 -2.52 0.755 -4.93 -1.52 0.8049999 -2.93 -1.52 0.755 -2.93 -1.52 0.8049999 -2.93 -2.52 0.755 -2.93 -2.52 0.8049999 -3.005 -1.595001 0.7799999 -3.005 -1.545001 -5.960464e-08 -3.005 -1.595001 -5.960464e-08 -3.005 -1.545001 0.7799999 -2.955 -1.545001 -5.960464e-08 -2.955 -1.545001 0.7799999 -2.955 -1.595001 -5.960464e-08 -2.955 -1.595001 0.7799999 -4.905 -1.595001 0.7799999 -4.905 -1.545001 -5.960464e-08 -4.905 -1.595001 -5.960464e-08 -4.905 -1.545001 0.7799999 -4.855 -1.545001 -5.960464e-08 -4.855 -1.545001 0.7799999 -4.855 -1.595001 -5.960464e-08 -4.855 -1.595001 0.7799999 -4.905 -2.495 0.7799999 -4.905 -2.445 -5.960464e-08 -4.905 -2.495 -5.960464e-08 -4.905 -2.445 0.7799999 -4.855 -2.445 -5.960464e-08 -4.855 -2.445 0.7799999 -4.855 -2.495 -5.960464e-08 -4.855 -2.495 0.7799999 -3.005 -2.495 0.7799999 -3.005 -2.445 -5.960464e-08 -3.005 -2.495 -5.960464e-08 -3.005 -2.445 0.7799999 -2.955 -2.445 -5.960464e-08 -2.955 -2.445 0.7799999 -2.955 -2.495 -5.960464e-08 -2.955 -2.495 0.7799999</float_array>
          <technique_common>
            <accessor count="40" source="#cubeverts-array21-array" stride="3">
              <param type="float" name="X"/>
              <param type="float" name="Y"/>
              <param type="float" name="Z"/>
            </accessor>
          </technique_common>
        </source>
        <source id="cubenormals-array21">
          <float_array count="180" id="cubenormals-array21-array">-1 0 0 0 1 0 1 0 0 0 -1 -0 -0 0 -1 -0 0 1 -1 0 0 0 1 0 1 0 0 0 -1 -0 -0 0 -1 -0 0 1 -1 0 0 0 1 0 1 0 0 0 -1 -0 -0 0 -1 -0 0 1 -1 0 0 0 1 0 1 0 0 0 -1 -0 -0 0 -1 -0 0 1 -1 0 0 0 1 0 1 0 0 0 -1 -0 -0 0 -1 -0 0 1 -1 0 0 -0 1 0 1 0 0 -0 -1 0 0 -0 -1 0 0 1 -1 0 0 -0 1 0 1 0 0 -0 -1 0 0 -0 -1 0 0 1 -1 0 0 -0 1 0 1 0 0 -0 -1 0 0 -0 -1 0 0 1 -1 0 0 -0 1 0 1 0 0 -0 -1 0 0 -0 -1 0 0 1 -1 0 0 -0 1 0 1 0 0 -0 -1 0 0 -0 -1 0 0 1</float_array>
          <technique_common>
            <accessor count="60" source="#cubenormals-array21-array" stride="3">
              <param type="float" name="X"/>
              <param type="float" name="Y"/>
              <param type="float" name="Z"/>
            </accessor>
          </technique_common>
        </source>
        <vertices id="cubeverts-array21-vertices">
          <input semantic="POSITION" source="#cubeverts-array21"/>
        </vertices>
        <triangles count="60" material="ref_Mesh023">
          <input offset="0" semantic="VERTEX" source="#cubeverts-array21-vertices"/>
          <input offset="1" semantic="NORMAL" source="#cubenormals-array21"/>
          <p>0 0 1 0 2 0 3 1 4 1 1 1 5 2 6 2 4 2 7 3 2 3 6 3 4 4 2 4 1 4 3 5 7 5 5 5 8 6 9 6 10 6 11 7 12 7 9 7 13 8 14 8 12 8 15 9 10 9 14 9 12 10 10 10 9 10 11 11 15 11 13 11 16 12 17 12 18 12 19 13 20 13 17 13 21 14 22 14 20 14 23 15 18 15 22 15 20 16 18 16 17 16 19 17 23 17 21 17 24 18 25 18 26 18 27 19 28 19 25 19 29 20 30 20 28 20 31 21 26 21 30 21 28 22 26 22 25 22 27 23 31 23 29 23 32 24 33 24 34 24 35 25 36 25 33 25 37 26 38 26 36 26 39 27 34 27 38 27 36 28 34 28 33 28 35 29 39 29 37 29 0 30 3 30 1 30 3 31 5 31 4 31 5 32 7 32 6 32 7 33 0 33 2 33 4 34 6 34 2 34 3 35 0 35 7 35 8 36 11 36 9 36 11 37 13 37 12 37 13 38 15 38 14 38 15 39 8 39 10 39 12 40 14 40 10 40 11 41 8 41 15 41 16 42 19 42 17 42 19 43 21 43 20 43 21 44 23 44 22 44 23 45 16 45 18 45 20 46 22 46 18 46 19 47 16 47 23 47 24 48 27 48 25 48 27 49 29 49 28 49 29 50 31 50 30 50 31 51 24 51 26 51 28 52 30 52 26 52 27 53 24 53 31 53 32 54 35 54 33 54 35 55 37 55 36 55 37 56 39 56 38 56 39 57 32 57 34 57 36 58 38 58 34 58 35 59 32 59 39 59</p>
        </triangles>
      </mesh>
    </geometry>
    <geometry id="geometry22" name="Mesh024">
      <mesh>
        <source id="cubeverts-array22">
          <float_array count="24" id="cubeverts-array22-array">-0.9220007 2.4 3.25 -0.9220005 1.905 0 -0.9220007 2.4 -1.53406e-07 -0.9220005 1.905 3.25 -1.422001 1.905 0 -1.422001 2.4 3.25 -1.422001 2.4 -1.53406e-07 -1.422001 1.905 3.25</float_array>
          <technique_common>
            <accessor count="8" source="#cubeverts-array22-array" stride="3">
              <param type="float" name="X"/>
              <param type="float" name="Y"/>
              <param type="float" name="Z"/>
            </accessor>
          </technique_common>
        </source>
        <source id="cubenormals-array22">
          <float_array count="36" id="cubenormals-array22-array">1 3.699101e-07 0 0 -1 -0 -1 0 0 0 1 0 0 -3.099111e-07 -1 0 0 1 1 3.6991e-07 0 -0 -1 0 -1 0 0 -0 1 0 0 -3.099111e-07 -1 0 0 1</float_array>
          <technique_common>
            <accessor count="12" source="#cubenormals-array22-array" stride="3">
              <param type="float" name="X"/>
              <param type="float" name="Y"/>
              <param type="float" name="Z"/>
            </accessor>
          </technique_common>
        </source>
        <vertices id="cubeverts-array22-vertices">
          <input semantic="POSITION" source="#cubeverts-array22"/>
        </vertices>
        <triangles count="12" material="ref_Mesh024">
          <input offset="0" semantic="VERTEX" source="#cubeverts-array22-vertices"/>
          <input offset="1" semantic="NORMAL" source="#cubenormals-array22"/>
          <p>0 0 1 0 2 0 3 1 4 1 1 1 4 2 5 2 6 2 5 3 2 3 6 3 4 4 2 4 1 4 7 5 0 5 5 5 0 6 3 6 1 6 3 7 7 7 4 7 4 8 7 8 5 8 5 9 0 9 2 9 4 10 6 10 2 10 7 11 3 11 0 11</p>
        </triangles>
      </mesh>
    </geometry>
    <geometry id="geometry23" name="Mesh216">
      <mesh>
        <source id="cubeverts-array23">
          <float_array count="12" id="cubeverts-array23-array">-6 2.4 0.325 7 2.400001 0 -6 2.4 0 7 2.400001 0.325</float_array>
          <technique_common>
            <accessor count="4" source="#cubeverts-array23-array" stride="3">
              <param type="float" name="X"/>
              <param type="float" name="Y"/>
              <param type="float" name="Z"/>
            </accessor>
          </technique_common>
        </source>
        <source id="cubenormals-array23">
          <float_array count="6" id="cubenormals-array23-array">-7.512019e-08 1 0 -7.512019e-08 1 0</float_array>
          <technique_common>
            <accessor count="2" source="#cubenormals-array23-array" stride="3">
              <param type="float" name="X"/>
              <param type="float" name="Y"/>
              <param type="float" name="Z"/>
            </accessor>
          </technique_common>
        </source>
        <vertices id="cubeverts-array23-vertices">
          <input semantic="POSITION" source="#cubeverts-array23"/>
        </vertices>
        <triangles count="2" material="ref_Mesh216">
          <input offset="0" semantic="VERTEX" source="#cubeverts-array23-vertices"/>
          <input offset="1" semantic="NORMAL" source="#cubenormals-array23"/>
          <p>0 0 1 0 2 0 0 1 3 1 1 1</p>
        </triangles>
      </mesh>
    </geometry>
  </library_geometries>
  <library_materials>
    <material id="mat_Mesh" name="Mesh">
      <instance_effect url="#effect_Mesh"/>
    </material>
    <material id="mat_Mesh001" name="Mesh001">
      <instance_effect url="#effect_Mesh001"/>
    </material>
    <material id="mat_Mesh002" name="Mesh002">
      <instance_effect url="#effect_Mesh002"/>
    </material>
    <material id="mat_Mesh003" name="Mesh003">
      <instance_effect url="#effect_Mesh003"/>
    </material>
    <material id="mat_Mesh004" name="Mesh004">
      <instance_effect url="#effect_Mesh004"/>
    </material>
    <material id="mat_Mesh005" name="Mesh005">
      <instance_effect url="#effect_Mesh005"/>
    </material>
    <material id="mat_Mesh006" name="Mesh006">
      <instance_effect url="#effect_Mesh006"/>
    </material>
    <material id="mat_Mesh007" name="Mesh007">
      <instance_effect url="#effect_Mesh007"/>
    </material>
    <material id="mat_Mesh008" name="Mesh008">
      <instance_effect url="#effect_Mesh008"/>
    </material>
    <material id="mat_Mesh009" name="Mesh009">
      <instance_effect url="#effect_Mesh009"/>
    </material>
    <material id="mat_Mesh010" name="Mesh010">
      <instance_effect url="#effect_Mesh010"/>
    </material>
    <material id="mat_Mesh011" name="Mesh011">
      <instance_effect url="#effect_Mesh011"/>
    </material>
    <material id="mat_Mesh012" name="Mesh012">
      <instance_effect url="#effect_Mesh012"/>
    </material>
    <material id="mat_Mesh013" name="Mesh013">
      <instance_effect url="#effect_Mesh013"/>
    </material>
    <material id="mat_Mesh014" name="Mesh014">
      <instance_effect url="#effect_Mesh014"/>
    </material>
    <material id="mat_Mesh015" name="Mesh015">
      <instance_effect url="#effect_Mesh015"/>
    </material>
    <material id="mat_Mesh018" name="Mesh018">
      <instance_effect url="#effect_Mesh018"/>
    </material>
    <material id="mat_Mesh019" name="Mesh019">
      <instance_effect url="#effect_Mesh019"/>
    </material>
    <material id="mat_Mesh020" name="Mesh020">
      <instance_effect url="#effect_Mesh020"/>
    </material>
    <material id="mat_Mesh021" name="Mesh021">
      <instance_effect url="#effect_Mesh021"/>
    </material>
    <material id="mat_Mesh022" name="Mesh022">
      <instance_effect url="#effect_Mesh022"/>
    </material>
    <material id="mat_Mesh023" name="Mesh023">
      <instance_effect url="#effect_Mesh023"/>
    </material>
    <material id="mat_Mesh024" name="Mesh024">
      <instance_effect url="#effect_Mesh024"/>
    </material>
    <material id="mat_Mesh216" name="Mesh216">
      <instance_effect url="#effect_Mesh216"/>
    </material>
  </library_materials>
  <library_visual_scenes>
    <visual_scene id="myscene">
      <node id="node0" name="node0">
        <instance_geometry url="#geometry0">
          <bind_material>
            <technique_common>
              <instance_material symbol="ref_Mesh" target="#mat_Mesh"/>
            </technique_common>
          </bind_material>
        </instance_geometry>
      </node>
      <node id="node1" name="node1">
        <instance_geometry url="#geometry1">
          <bind_material>
            <technique_common>
              <instance_material symbol="ref_Mesh001" target="#mat_Mesh001"/>
            </technique_common>
          </bind_material>
        </instance_geometry>
      </node>
      <node id="node2" name="node2">
        <instance_geometry url="#geometry2">
          <bind_material>
            <technique_common>
              <instance_material symbol="ref_Mesh002" target="#mat_Mesh002"/>
            </technique_common>
          </bind_material>
        </instance_geometry>
      </node>
      <node id="node3" name="node3">
        <instance_geometry url="#geometry3">
          <bind_material>
            <technique_common>
              <instance_material symbol="ref_Mesh003" target="#mat_Mesh003"/>
            </technique_common>
          </bind_material>
        </instance_geometry>
      </node>
      <node id="node4" name="node4">
        <instance_geometry url="#geometry4">
          <bind_material>
            <technique_common>
              <instance_material symbol="ref_Mesh004" target="#mat_Mesh004"/>
            </technique_common>
          </bind_material>
        </instance_geometry>
      </node>
      <node id="node5" name="node5">
        <instance_geometry url="#geometry5">
          <bind_material>
            <technique_common>
              <instance_material symbol="ref_Mesh005" target="#mat_Mesh005"/>
            </technique_common>
          </bind_material>
        </instance_geometry>
      </node>
      <node id="node6" name="node6">
        <instance_geometry url="#geometry6">
          <bind_material>
            <technique_common>
              <instance_material symbol="ref_Mesh006" target="#mat_Mesh006"/>
            </technique_common>
          </bind_material>
        </instance_geometry>
      </node>
      <node id="node7" name="node7">
        <instance_geometry url="#geometry7">
          <bind_material>
            <technique_common>
              <instance_material symbol="ref_Mesh007" target="#mat_Mesh007"/>
            </technique_common>
          </bind_material>
        </instance_geometry>
      </node>
      <node id="node8" name="node8">
        <instance_geometry url="#geometry8">
          <bind_material>
            <technique_common>
              <instance_material symbol="ref_Mesh008" target="#mat_Mesh008"/>
            </technique_common>
          </bind_material>
        </instance_geometry>
      </node>
      <node id="node9" name="node9">
        <instance_geometry url="#geometry9">
          <bind_material>
            <technique_common>
              <instance_material symbol="ref_Mesh009" target="#mat_Mesh009"/>
            </technique_common>
          </bind_material>
        </instance_geometry>
      </node>
      <node id="node10" name="node10">
        <instance_geometry url="#geometry10">
          <bind_material>
            <technique_common>
              <instance_material symbol="ref_Mesh010" target="#mat_Mesh010"/>
            </technique_common>
          </bind_material>
        </instance_geometry>
      </node>
      <node id="node11" name="node11">
        <instance_geometry url="#geometry11">
          <bind_material>
            <technique_common>
              <instance_material symbol="ref_Mesh011" target="#mat_Mesh011"/>
            </technique_common>
          </bind_material>
        </instance_geometry>
      </node>
      <node id="node12" name="node12">
        <instance_geometry url="#geometry12">
          <bind_material>
            <technique_common>
              <instance_material symbol="ref_Mesh012" target="#mat_Mesh012"/>
            </technique_common>
          </bind_material>
        </instance_geometry>
      </node>
      <node id="node13" name="node13">
        <instance_geometry url="#geometry13">
          <bind_material>
            <technique_common>
              <instance_material symbol="ref_Mesh013" target="#mat_Mesh013"/>
            </technique_common>
          </bind_material>
        </instance_geometry>
      </node>
      <node id="node14" name="node14">
        <instance_geometry url="#geometry14">
          <bind_material>
            <technique_common>
              <instance_material symbol="ref_Mesh014" target="#mat_Mesh014"/>
            </technique_common>
          </bind_material>
        </instance_geometry>
      </node>
      <node id="node15" name="node15">
        <instance_geometry url="#geometry15">
          <bind_material>
            <technique_common>
              <instance_material symbol="ref_Mesh015" target="#mat_Mesh015"/>
            </technique_common>
          </bind_material>
        </instance_geometry>
      </node>
      <node id="node16" name="node16">
        <instance_geometry url="#geometry16">
          <bind_material>
            <technique_common>
              <instance_material symbol="ref_Mesh018" target="#mat_Mesh018"/>
            </technique_common>
          </bind_material>
        </instance_geometry>
      </node>
      <node id="node17" name="node17">
        <instance_geometry url="#geometry17">
          <bind_material>
            <technique_common>
              <instance_material symbol="ref_Mesh019" target="#mat_Mesh019"/>
            </technique_common>
          </bind_material>
        </instance_geometry>
      </node>
      <node id="node18" name="node18">
        <instance_geometry url="#geometry18">
          <bind_material>
            <technique_common>
              <instance_material symbol="ref_Mesh020" target="#mat_Mesh020"/>
            </technique_common>
          </bind_material>
        </instance_geometry>
      </node>
      <node id="node19" name="node19">
        <instance_geometry url="#geometry19">
          <bind_material>
            <technique_common>
              <instance_material symbol="ref_Mesh021" target="#mat_Mesh021"/>
            </technique_common>
          </bind_material>
        </instance_geometry>
      </node>
      <node id="node20" name="node20">
        <instance_geometry url="#geometry20">
          <bind_material>
            <technique_common>
              <instance_material symbol="ref_Mesh022" target="#mat_Mesh022"/>
            </technique_common>
          </bind_material>
        </instance_geometry>
      </node>
      <node id="node21" name="node21">
        <instance_geometry url="#geometry21">
          <bind_material>
            <technique_common>
              <instance_material symbol="ref_Mesh023" target="#mat_Mesh023"/>
            </technique_common>
          </bind_material>
        </instance_geometry>
      </node>
      <node id="node22" name="node22">
        <instance_geometry url="#geometry22">
          <bind_material>
            <technique_common>
              <instance_material symbol="ref_Mesh024" target="#mat_Mesh024"/>
            </technique_common>
          </bind_material>
        </instance_geometry>
      </node>
      <node id="node23" name="node23">
        <instance_geometry url="#geometry23">
          <bind_material>
            <technique_common>
              <instance_material symbol="ref_Mesh216" target="#mat_Mesh216"/>
            </technique_common>
          </bind_material>
        </instance_geometry>
      </node>
    </visual_scene>
  </library_visual_scenes>
  <scene>
    <instance_visual_scene url="#myscene"/>
  </scene>
</COLLADA>
