<COLLADA xmlns="http://www.collada.org/2005/11/COLLADASchema" version="1.4.1">
  <asset>
    <contributor/>
    <created>2023-11-06T13:00:38.872211</created>
    <modified>2023-11-06T13:00:38.872216</modified>
    <unit name="meter" meter="1.0"/>
    <up_axis>Z_UP</up_axis>
  </asset>
  <library_effects>
    <effect id="effect_Mesh008" name="effect_Mesh008">
      <profile_COMMON>
        <technique sid="common">
          <phong>
            <emission>
              <color>0.0 0.0 0.0 1.0</color>
            </emission>
            <ambient>
              <color>0.0 0.0 0.0 1.0</color>
            </ambient>
            <diffuse>
              <color>0.2862745225429535 0.615686297416687 0.8549019694328308 1.0</color>
            </diffuse>
            <specular>
              <color>1 1 1 1.0</color>
            </specular>
            <shininess>
              <float>0.0</float>
            </shininess>
            <reflective>
              <color>0.0 0.0 0.0 1.0</color>
            </reflective>
            <reflectivity>
              <float>0.0</float>
            </reflectivity>
            <transparent>
              <color>0.0 0.0 0.0 1.0</color>
            </transparent>
            <transparency>
              <float>1.0</float>
            </transparency>
          </phong>
        </technique>
        <extra>
          <technique profile="GOOGLEEARTH">
            <double_sided>0</double_sided>
          </technique>
        </extra>
      </profile_COMMON>
    </effect>
    <effect id="effect_Mesh009" name="effect_Mesh009">
      <profile_COMMON>
        <technique sid="common">
          <phong>
            <emission>
              <color>0.0 0.0 0.0 1.0</color>
            </emission>
            <ambient>
              <color>0.0 0.0 0.0 1.0</color>
            </ambient>
            <diffuse>
              <color>0.800000011920929 0.800000011920929 0.800000011920929 1.0</color>
            </diffuse>
            <specular>
              <color>1 1 1 1.0</color>
            </specular>
            <shininess>
              <float>0.0</float>
            </shininess>
            <reflective>
              <color>0.0 0.0 0.0 1.0</color>
            </reflective>
            <reflectivity>
              <float>0.0</float>
            </reflectivity>
            <transparent>
              <color>0.0 0.0 0.0 1.0</color>
            </transparent>
            <transparency>
              <float>1.0</float>
            </transparency>
          </phong>
        </technique>
        <extra>
          <technique profile="GOOGLEEARTH">
            <double_sided>0</double_sided>
          </technique>
        </extra>
      </profile_COMMON>
    </effect>
    <effect id="effect_Mesh010" name="effect_Mesh010">
      <profile_COMMON>
        <technique sid="common">
          <phong>
            <emission>
              <color>0.0 0.0 0.0 1.0</color>
            </emission>
            <ambient>
              <color>0.0 0.0 0.0 1.0</color>
            </ambient>
            <diffuse>
              <color>0.800000011920929 0.800000011920929 0.800000011920929 1.0</color>
            </diffuse>
            <specular>
              <color>1 1 1 1.0</color>
            </specular>
            <shininess>
              <float>0.0</float>
            </shininess>
            <reflective>
              <color>0.0 0.0 0.0 1.0</color>
            </reflective>
            <reflectivity>
              <float>0.0</float>
            </reflectivity>
            <transparent>
              <color>0.0 0.0 0.0 1.0</color>
            </transparent>
            <transparency>
              <float>1.0</float>
            </transparency>
          </phong>
        </technique>
        <extra>
          <technique profile="GOOGLEEARTH">
            <double_sided>0</double_sided>
          </technique>
        </extra>
      </profile_COMMON>
    </effect>
  </library_effects>
  <library_geometries>
    <geometry id="geometry0" name="Mesh008">
      <mesh>
        <source id="cubeverts-array0">
          <float_array count="1899" id="cubeverts-array0-array">-0.0213944 0.02031082 0.00715 -0.02360769 0.01768975 0.00715 -0.0213944 0.02031082 0.006350005 -0.02360769 0.01768975 0.006350005 -0.02550171 0.01482945 0.00715 -0.02550171 0.01482945 0.006350005 -0.02705087 0.01176861 0.00715 -0.02705087 0.01176861 0.006350005 -0.02823422 0.008548623 0.00715 -0.02823422 0.008548623 0.006350005 -0.02903574 0.005213027 0.00715 -0.02903574 0.005213027 0.006350005 -0.02944461 0.001806935 0.00715 -0.02944461 0.001806935 0.006350005 -0.02945529 -0.001623593 0.00715 -0.02945529 -0.001623593 0.006350005 -0.02906763 -0.005032166 0.00715 -0.02906763 -0.005032166 0.006350005 -0.02828689 -0.008372684 0.00715 -0.02828689 -0.008372684 0.006350005 -0.02712362 -0.01159998 0.00715 -0.02712362 -0.01159998 0.006350005 -0.02559354 -0.0146704 0.00715 -0.02559354 -0.0146704 0.006350005 -0.02371735 -0.01754244 0.00715 -0.02371735 -0.01754244 0.006350005 -0.02152043 -0.02017724 0.00715 -0.02152043 -0.02017724 0.006350005 -0.01903249 -0.02253918 0.00715 -0.01903249 -0.02253918 0.006350005 -0.01628716 -0.02459631 0.00715 -0.01628716 -0.02459631 0.006350005 -0.01332157 -0.02632082 0.00715 -0.01332157 -0.02632082 0.006350005 -0.01017583 -0.02768939 0.00715 -0.01017583 -0.02768939 0.006350005 -0.006892486 -0.02868351 0.00715 -0.006892486 -0.02868351 0.006350005 -0.00351593 -0.02928973 0.00715 -0.00351593 -0.02928973 0.006350005 -9.182617e-05 -0.02949986 0.00715 -9.182617e-05 -0.02949986 0.006350005 0.003333519 -0.02931105 0.00715 0.003333519 -0.02931105 0.006350005 0.006713784 -0.02872586 0.00715 0.006713784 -0.02872586 0.006350005 0.01000326 -0.0277522 0.00715 0.01000326 -0.0277522 0.006350005 0.01315745 -0.02640325 0.00715 0.01315745 -0.02640325 0.006350005 0.01613372 -0.02469723 0.00715 0.01613372 -0.02469723 0.006350005 0.0188918 -0.02265723 0.00715 0.0188918 -0.02265723 0.006350005 0.0213944 -0.02031082 0.006350005 0.0213944 -0.02031082 0.00715 0.02360769 -0.01768975 0.006350005 0.02360769 -0.01768975 0.00715 0.02550171 -0.01482945 0.006350005 0.02550171 -0.01482945 0.00715 0.02705087 -0.01176861 0.006350005 0.02705087 -0.01176861 0.00715 0.02823422 -0.008548623 0.006350005 0.02823422 -0.008548623 0.00715 0.02903574 -0.005213027 0.006350005 0.02903574 -0.005213027 0.00715 0.02944461 -0.001806935 0.006350005 0.02944461 -0.001806935 0.00715 0.02945529 0.001623593 0.006350005 0.02945529 0.001623593 0.00715 0.02906763 0.005032166 0.006350005 0.02906763 0.005032166 0.00715 0.02828689 0.008372684 0.006350005 0.02828689 0.008372684 0.00715 0.02712362 0.01159998 0.006350005 0.02712362 0.01159998 0.00715 0.02559354 0.0146704 0.006350005 0.02559354 0.0146704 0.00715 0.02371735 0.01754244 0.006350005 0.02371735 0.01754244 0.00715 0.02152043 0.02017724 0.006350005 0.02152043 0.02017724 0.00715 0.01903249 0.02253918 0.006350005 0.01903249 0.02253918 0.00715 0.01628716 0.02459631 0.006350005 0.01628716 0.02459631 0.00715 0.01332157 0.02632082 0.006350005 0.01332157 0.02632082 0.00715 0.01017583 0.02768939 0.006350005 0.01017583 0.02768939 0.00715 0.006892486 0.02868351 0.006350005 0.006892486 0.02868351 0.00715 0.00351593 0.02928973 0.006350005 0.00351593 0.02928973 0.00715 9.182617e-05 0.02949986 0.006350005 9.182617e-05 0.02949986 0.00715 -0.003333519 0.02931105 0.006350005 -0.003333519 0.02931105 0.00715 -0.006713784 0.02872586 0.006350005 -0.006713784 0.02872586 0.00715 -0.01000326 0.0277522 0.006350005 -0.01000326 0.0277522 0.00715 -0.01315745 0.02640325 0.006350005 -0.01315745 0.02640325 0.00715 -0.01613372 0.02469723 0.006350005 -0.01613372 0.02469723 0.00715 -0.0188918 0.02265723 0.006350005 -0.0188918 0.02265723 0.00715 -0.002042221 0.0296297 0.00615 -0.002762431 0.03519175 0.00615 0.0009312406 0.03528772 0.00615 0.001348622 0.02966936 0.00615 0.00461471 0.03499706 0.00615 -0.005406441 0.02920377 0.00615 -0.01001884 0.03384838 0.00615 -0.006425838 0.03471021 0.00615 0.004721884 0.02932224 0.00615 0.008247619 0.03432298 0.00615 -0.00870018 0.02839713 0.00615 -0.01350208 0.0326157 0.00615 0.008033589 0.02859286 0.00615 0.01179017 0.03327284 0.00615 -0.0118805 0.02722028 0.00615 -0.01683738 0.03102568 0.00615 0.01124056 0.02749072 0.00615 0.01520354 0.03185816 0.00615 -0.01490594 0.02568858 0.00615 -0.01998821 0.02909573 0.00615 0.014301 0.0260302 0.00615 0.01845033 0.03009444 0.00615 -0.01773705 0.02382199 0.00615 -0.02292004 0.026847 0.00615 0.017175 0.02423034 0.00615 0.02149499 0.02800099 0.00615 -0.02033694 0.02164483 0.00615 -0.02560076 0.02430414 0.00615 0.0198251 0.0221146 0.00615 0.02430414 0.02560076 0.00615 -0.0226717 0.01918551 0.00615 -0.02800099 0.02149499 0.00615 0.02221675 0.01971056 0.00615 0.026847 0.02292004 0.00615 -0.02471091 0.01647608 0.00615 -0.03009444 0.01845033 0.00615 0.02431877 0.01704956 0.00615 0.02909573 0.01998821 0.00615 -0.02642797 0.01355185 0.00615 -0.03185816 0.01520354 0.00615 0.02610376 0.01416629 0.00615 0.03102568 0.01683738 0.00615 0.0326157 0.01350208 0.00615 -0.0278005 0.01045095 0.00615 -0.03327284 0.01179017 0.00615 0.02754844 0.01109835 0.00615 0.03384838 0.01001884 0.00615 -0.0288106 0.007213814 0.00615 -0.03432298 0.008247619 0.00615 0.02863399 0.007885724 0.00615 0.03471021 0.006425838 0.00615 -0.02944512 0.003882631 0.00615 -0.03499706 0.00461471 0.00615 0.02934625 0.004570292 0.00615 0.03519175 0.002762431 0.00615 -0.03528772 0.0009312406 0.00615 -0.02969578 0.0005008321 0.00615 0.02967594 0.001195281 0.00615 0.03528772 -0.0009312406 0.00615 -0.03519175 -0.002762431 0.00615 -0.0295593 -0.002887496 0.00615 0.02961875 -0.002195312 0.00615 0.03499706 -0.00461471 0.00615 -0.03471021 -0.006425838 0.00615 -0.02903748 -0.006238181 0.00615 0.02917545 -0.005557286 0.00615 0.03432298 -0.008247619 0.00615 -0.03384838 -0.01001884 0.00615 -0.0281371 -0.009507545 0.00615 0.02835179 -0.008846812 0.00615 0.03327284 -0.01179017 0.00615 -0.0326157 -0.01350208 0.00615 -0.02686992 -0.01265296 0.00615 0.02715852 -0.01202101 0.00615 0.03185816 -0.01520354 0.00615 0.02561121 -0.01503849 0.00615 -0.03102568 -0.01683738 0.00615 -0.02525245 -0.01563342 0.00615 0.03009444 -0.01845033 0.00615 0.02373001 -0.01785992 0.00615 -0.02909573 -0.01998821 0.00615 -0.02330577 -0.01841008 0.00615 0.02800099 -0.02149499 0.00615 0.02153945 -0.02044852 0.00615 -0.026847 -0.02292004 0.00615 -0.02105527 -0.02094674 0.00615 0.02560076 -0.02430414 0.00615 -0.02430414 -0.02560076 0.00615 -0.01853027 -0.02321032 0.00615 0.02292004 -0.026847 0.00615 0.01906809 -0.02277055 0.00615 -0.02149499 -0.02800099 0.00615 -0.01576371 -0.02517132 0.00615 0.01998821 -0.02909573 0.00615 0.01634816 -0.02479572 0.00615 -0.01845033 -0.03009444 0.00615 -0.01279164 -0.02680418 0.00615 0.01683738 -0.03102568 0.00615 0.0134151 -0.02649764 0.00615 -0.01520354 -0.03185816 0.00615 0.01350208 -0.0326157 0.00615 0.01030715 -0.02785413 0.00615 -0.01179017 -0.03327284 0.00615 -0.009652822 -0.0280876 0.00615 -0.008247619 -0.03432298 0.00615 -0.006388155 -0.02900485 0.00615 0.01001884 -0.03384838 0.00615 0.007064833 -0.0288475 0.00615 -0.00461471 -0.03499706 0.00615 -0.003040211 -0.02954399 0.00615 0.006425838 -0.03471021 0.00615 0.003730415 -0.02946479 0.00615 0.002762431 -0.03519175 0.00615 0.0003473662 -0.02969797 0.00615 -0.0009312406 -0.03528772 0.00615 -0.002762431 0.03519175 0.008150002 -0.0004337383 0.03424725 0.008150002 0.0009312406 0.03528772 0.008150002 -0.006425838 0.03471021 0.008150002 -0.004071541 0.03400713 0.008150002 0.003208979 0.03409934 0.008150002 0.00461471 0.03499706 0.008150002 -0.01001884 0.03384838 0.008150002 -0.007663212 0.0333817 0.008150002 0.006815337 0.03356507 0.008150002 0.008247619 0.03432298 0.008150002 -0.01350208 0.0326157 0.008150002 -0.01116805 0.03237803 0.008150002 0.01034447 0.03265049 0.008150002 0.01179017 0.03327284 0.008150002 -0.01683738 0.03102568 0.008150002 -0.01454636 0.03100751 0.008150002 0.0137564 0.03136597 0.008150002 0.01520354 0.03185816 0.008150002 -0.01775985 0.02928567 0.008150002 -0.01998821 0.02909573 0.008150002 0.01701247 0.02972606 0.008150002 0.01845033 0.03009444 0.008150002 -0.02077211 0.027232 0.008150002 -0.02292004 0.026847 0.008150002 0.02007578 0.02774934 0.008150002 0.02149499 0.02800099 0.008150002 -0.02354902 0.02486979 0.008150002 -0.02560076 0.02430414 0.008150002 0.02291162 0.02545821 0.008150002 0.02430414 0.02560076 0.008150002 -0.0260591 0.02222579 0.008150002 -0.02800099 0.02149499 0.008150002 0.02548786 0.02287862 0.008150002 0.026847 0.02292004 0.008150002 -0.02827393 0.01932996 0.008150002 0.02777531 0.02003982 0.008150002 0.02909573 0.01998821 0.008150002 -0.03009444 0.01845033 0.008150002 -0.0301684 0.01621512 0.008150002 0.02974806 0.01697396 0.008150002 0.03102568 0.01683738 0.008150002 -0.03185816 0.01520354 0.008150002 -0.03172105 0.01291655 0.008150002 0.03138376 0.01371577 0.008150002 0.0326157 0.01350208 0.008150002 -0.03327284 0.01179017 0.008150002 -0.03291429 0.009471636 0.008150002 0.03266386 0.01030218 0.008150002 0.03384838 0.01001884 0.008150002 -0.03432298 0.008247619 0.008150002 -0.0337346 0.005919402 0.008150002 0.03357386 0.006771858 0.008150002 0.03471021 0.006425838 0.008150002 -0.03499706 0.00461471 0.008150002 -0.03417268 0.002300099 0.008150002 0.03410348 0.003164811 0.008150002 0.03519175 0.002762431 0.008150002 -0.03528772 0.0009312406 0.008150002 -0.03422357 -0.001345264 0.008150002 0.03424666 -0.0004780951 0.008150002 0.03528772 -0.0009312406 0.008150002 -0.03519175 -0.002762431 0.008150002 -0.0338867 -0.004975387 0.008150002 0.03400183 -0.004115584 0.008150002 0.03499706 -0.00461471 0.008150002 -0.03471021 -0.006425838 0.008150002 -0.03316587 -0.008549133 0.008150002 0.03337174 -0.00770644 0.008150002 0.03432298 -0.008247619 0.008150002 -0.03384838 -0.01001884 0.008150002 -0.03206926 -0.01202602 0.008150002 0.03236354 -0.01120998 0.008150002 0.03327284 -0.01179017 0.008150002 -0.0326157 -0.01350208 0.008150002 -0.03060929 -0.01536664 0.008150002 0.03098865 -0.01458651 0.008150002 0.03185816 -0.01520354 0.008150002 -0.03102568 -0.01683738 0.008150002 -0.02880251 -0.01853315 0.008150002 0.02926264 -0.01779776 0.008150002 -0.02909573 -0.01998821 0.008150002 0.03009444 -0.01845033 0.008150002 -0.02666939 -0.02148968 0.008150002 0.02720507 -0.02080737 0.008150002 0.02800099 -0.02149499 0.008150002 -0.026847 -0.02292004 0.008150002 -0.02423409 -0.02420272 0.008150002 0.02483927 -0.02358121 0.008150002 -0.02430414 -0.02560076 0.008150002 0.02560076 -0.02430414 0.008150002 -0.0215242 -0.02664153 0.008150002 -0.02149499 -0.02800099 0.008150002 0.02219202 -0.02608787 0.008150002 0.02292004 -0.026847 0.008150002 -0.01857044 -0.02877848 0.008150002 -0.01845033 -0.03009444 0.008150002 0.01998821 -0.02909573 0.008150002 0.01929332 -0.02829894 0.008150002 -0.01540627 -0.03058937 0.008150002 -0.01520354 -0.03185816 0.008150002 0.01683738 -0.03102568 0.008150002 0.01617603 -0.03018938 0.008150002 -0.01206754 -0.03205366 0.008150002 -0.01179017 -0.03327284 0.008150002 -0.008592083 -0.03315477 0.008150002 0.01350208 -0.0326157 0.008150002 0.01287546 -0.03173775 0.008150002 -0.008247619 -0.03432298 0.008150002 -0.005019272 -0.03388022 0.008150002 0.01001884 -0.03384838 0.008150002 0.009428998 -0.03292653 0.008150002 -0.00461471 -0.03499706 0.008150002 -0.00138959 -0.0342218 0.008150002 0.006425838 -0.03471021 0.008150002 0.005875704 -0.03374224 0.008150002 -0.0009312406 -0.03528772 0.008150002 0.002255837 -0.03417563 0.008150002 0.002762431 -0.03519175 0.008150002 0.02815964 -0.02161677 0.007950003 0.02574581 -0.02444184 0.006350005 0.02815964 -0.02161677 0.006350005 0.02574581 -0.02444184 0.007950003 0.03026494 -0.01855487 0.007950003 0.03026494 -0.01855487 0.006350005 0.03203866 -0.01528968 0.007950003 0.03203866 -0.01528968 0.006350005 0.03346136 -0.01185697 0.007950003 0.03346136 -0.01185697 0.006350005 0.03451744 -0.008294348 0.007950003 0.03451744 -0.008294348 0.006350005 0.03519535 -0.004640855 0.007950003 0.03519535 -0.004640855 0.006350005 0.03548764 -0.0009365167 0.007950003 0.03548764 -0.0009365167 0.006350005 0.03539113 0.002778083 0.007950003 0.03539113 0.002778083 0.006350005 0.03490687 0.006462245 0.007950003 0.03490687 0.006462245 0.006350005 0.03404016 0.01007561 0.007950003 0.03404016 0.01007561 0.006350005 0.03280049 0.01357858 0.007950003 0.03280049 0.01357858 0.006350005 0.03120146 0.01693278 0.007950003 0.03120146 0.01693278 0.006350005 0.02926058 0.02010146 0.007950003 0.02926058 0.02010146 0.006350005 0.02699911 0.0230499 0.007950003 0.02699911 0.0230499 0.006350005 0.02444184 0.02574581 0.007950003 0.02444184 0.02574581 0.006350005 0.02161677 0.02815964 0.007950003 0.02161677 0.02815964 0.006350005 0.01855487 0.03026494 0.007950003 0.01855487 0.03026494 0.006350005 0.01528968 0.03203866 0.007950003 0.01528968 0.03203866 0.006350005 0.01185697 0.03346136 0.007950003 0.01185697 0.03346136 0.006350005 0.008294348 0.03451744 0.007950003 0.008294348 0.03451744 0.006350005 0.004640855 0.03519535 0.007950003 0.004640855 0.03519535 0.006350005 0.0009365167 0.03548764 0.007950003 0.0009365167 0.03548764 0.006350005 -0.002778083 0.03539113 0.007950003 -0.002778083 0.03539113 0.006350005 -0.006462245 0.03490687 0.007950003 -0.006462245 0.03490687 0.006350005 -0.01007561 0.03404016 0.007950003 -0.01007561 0.03404016 0.006350005 -0.01357858 0.03280049 0.007950003 -0.01357858 0.03280049 0.006350005 -0.01693278 0.03120146 0.007950003 -0.01693278 0.03120146 0.006350005 -0.02010146 0.02926058 0.007950003 -0.02010146 0.02926058 0.006350005 -0.0230499 0.02699911 0.007950003 -0.0230499 0.02699911 0.006350005 -0.02574581 0.02444184 0.007950003 -0.02574581 0.02444184 0.006350005 -0.02815964 0.02161677 0.007950003 -0.02815964 0.02161677 0.006350005 -0.03026494 0.01855487 0.007950003 -0.03026494 0.01855487 0.006350005 -0.03203866 0.01528968 0.007950003 -0.03203866 0.01528968 0.006350005 -0.03346136 0.01185697 0.007950003 -0.03346136 0.01185697 0.006350005 -0.03451744 0.008294348 0.007950003 -0.03451744 0.008294348 0.006350005 -0.03519535 0.004640855 0.007950003 -0.03519535 0.004640855 0.006350005 -0.03548764 0.0009365167 0.007950003 -0.03548764 0.0009365167 0.006350005 -0.03539113 -0.002778083 0.007950003 -0.03539113 -0.002778083 0.006350005 -0.03490687 -0.006462245 0.007950003 -0.03490687 -0.006462245 0.006350005 -0.03404016 -0.01007561 0.007950003 -0.03404016 -0.01007561 0.006350005 -0.03280049 -0.01357858 0.007950003 -0.03280049 -0.01357858 0.006350005 -0.03120146 -0.01693278 0.007950003 -0.03120146 -0.01693278 0.006350005 -0.02926058 -0.02010146 0.007950003 -0.02926058 -0.02010146 0.006350005 -0.02699911 -0.0230499 0.007950003 -0.02699911 -0.0230499 0.006350005 -0.02444184 -0.02574581 0.007950003 -0.02444184 -0.02574581 0.006350005 -0.02161677 -0.02815964 0.007950003 -0.02161677 -0.02815964 0.006350005 -0.01855487 -0.03026494 0.007950003 -0.01855487 -0.03026494 0.006350005 -0.01528968 -0.03203866 0.007950003 -0.01528968 -0.03203866 0.006350005 -0.01185697 -0.03346136 0.007950003 -0.01185697 -0.03346136 0.006350005 -0.008294348 -0.03451744 0.007950003 -0.008294348 -0.03451744 0.006350005 -0.004640855 -0.03519535 0.007950003 -0.004640855 -0.03519535 0.006350005 -0.0009365167 -0.03548764 0.007950003 -0.0009365167 -0.03548764 0.006350005 0.002778083 -0.03539113 0.007950003 0.002778083 -0.03539113 0.006350005 0.006462245 -0.03490687 0.007950003 0.006462245 -0.03490687 0.006350005 0.01007561 -0.03404016 0.007950003 0.01007561 -0.03404016 0.006350005 0.01357858 -0.03280049 0.007950003 0.01357858 -0.03280049 0.006350005 0.01693278 -0.03120146 0.007950003 0.01693278 -0.03120146 0.006350005 0.02010146 -0.02926058 0.007950003 0.02010146 -0.02926058 0.006350005 0.0230499 -0.02699911 0.007950003 0.0230499 -0.02699911 0.006350005 -0.02469422 0.02344351 0.007950003 -0.02708415 0.02063617 0.007950003 -0.02469422 0.02344351 0.00765 -0.02708415 0.02063617 0.00765 -0.02915654 0.01758689 0.007950003 -0.02915654 0.01758689 0.00765 -0.0308871 0.01433141 0.007950003 -0.0308871 0.01433141 0.00765 -0.03225554 0.01090792 0.007950003 -0.03225554 0.01090792 0.00765 -0.03324581 0.007356539 0.007950003 -0.03324581 0.007356539 0.00765 -0.0338463 0.00371891 0.007950003 -0.0338463 0.00371891 0.00765 -0.03404998 3.768078e-05 0.007950003 -0.03404998 3.768078e-05 0.00765 -0.03385445 -0.003643991 0.007950003 -0.03385445 -0.003643991 0.00765 -0.03326201 -0.007282939 0.007950003 -0.03326201 -0.007282939 0.00765 -0.0322796 -0.0108365 0.007950003 -0.0322796 -0.0108365 0.00765 -0.03091875 -0.01426302 0.007950003 -0.03091875 -0.01426302 0.00765 -0.02919539 -0.01752231 0.007950003 -0.02919539 -0.01752231 0.00765 -0.02712976 -0.02057617 0.007950003 -0.02712976 -0.02057617 0.00765 -0.02474604 -0.0233888 0.007950003 -0.02474604 -0.0233888 0.00765 -0.02207221 -0.02592721 0.007950003 -0.02207221 -0.02592721 0.00765 -0.0191396 -0.02816165 0.007950003 -0.0191396 -0.02816165 0.00765 -0.01598259 -0.03006592 0.007950003 -0.01598259 -0.03006592 0.00765 -0.0126382 -0.03161769 0.007950003 -0.0126382 -0.03161769 0.00765 -0.009145638 -0.03279877 0.007950003 -0.009145638 -0.03279877 0.00765 -0.005545858 -0.03359533 0.007950003 -0.005545858 -0.03359533 0.00765 -0.001881054 -0.033998 0.007950003 -0.001881054 -0.033998 0.00765 0.001805803 -0.03400208 0.007950003 0.001805803 -0.03400208 0.00765 0.005471489 -0.03360752 0.007950003 0.005471489 -0.03360752 0.00765 0.00907303 -0.03281894 0.007950003 0.00907303 -0.03281894 0.00765 0.01256819 -0.03164558 0.007950003 0.01256819 -0.03164558 0.00765 0.01591601 -0.03010122 0.007950003 0.01591601 -0.03010122 0.00765 0.01907722 -0.02820394 0.007950003 0.01907722 -0.02820394 0.00765 0.02201477 -0.025976 0.007950003 0.02201477 -0.025976 0.00765 0.02469422 -0.02344351 0.007950003 0.02469422 -0.02344351 0.00765 0.02708415 -0.02063617 0.00765 0.02708415 -0.02063617 0.007950003 0.02915654 -0.01758689 0.00765 0.02915654 -0.01758689 0.007950003 0.0308871 -0.01433141 0.00765 0.0308871 -0.01433141 0.007950003 0.03225554 -0.01090792 0.00765 0.03225554 -0.01090792 0.007950003 0.03324581 -0.007356539 0.00765 0.03324581 -0.007356539 0.007950003 0.0338463 -0.00371891 0.00765 0.0338463 -0.00371891 0.007950003 0.03404998 -3.768078e-05 0.00765 0.03404998 -3.768078e-05 0.007950003 0.03385445 0.003643991 0.00765 0.03385445 0.003643991 0.007950003 0.03326201 0.007282939 0.00765 0.03326201 0.007282939 0.007950003 0.0322796 0.0108365 0.00765 0.0322796 0.0108365 0.007950003 0.03091875 0.01426302 0.00765 0.03091875 0.01426302 0.007950003 0.02919539 0.01752231 0.00765 0.02919539 0.01752231 0.007950003 0.02712976 0.02057617 0.00765 0.02712976 0.02057617 0.007950003 0.02474604 0.0233888 0.00765 0.02474604 0.0233888 0.007950003 0.02207221 0.02592721 0.00765 0.02207221 0.02592721 0.007950003 0.0191396 0.02816165 0.00765 0.0191396 0.02816165 0.007950003 0.01598259 0.03006592 0.00765 0.01598259 0.03006592 0.007950003 0.0126382 0.03161769 0.00765 0.0126382 0.03161769 0.007950003 0.009145638 0.03279877 0.00765 0.009145638 0.03279877 0.007950003 0.005545858 0.03359533 0.00765 0.005545858 0.03359533 0.007950003 0.001881054 0.033998 0.00765 0.001881054 0.033998 0.007950003 -0.001805803 0.03400208 0.00765 -0.001805803 0.03400208 0.007950003 -0.005471489 0.03360752 0.00765 -0.005471489 0.03360752 0.007950003 -0.00907303 0.03281894 0.00765 -0.00907303 0.03281894 0.007950003 -0.01256819 0.03164558 0.00765 -0.01256819 0.03164558 0.007950003 -0.01591601 0.03010122 0.00765 -0.01591601 0.03010122 0.007950003 -0.01907722 0.02820394 0.00765 -0.01907722 0.02820394 0.007950003 -0.02201477 0.025976 0.00765 -0.02201477 0.025976 0.007950003 0.02978444 -0.0005023275 0.00765 0.02964756 0.002896117 0.00765 0.02953304 -0.003894223 0.00765 0.02912417 0.006256806 0.00765 0.02889662 -0.007235352 0.00765 0.02822111 0.009535929 0.00765 0.0278835 -0.01048216 0.00765 0.02695015 0.01269073 0.00765 0.02650687 -0.01359231 0.00765 0.02532784 0.0156801 0.00765 0.02478469 -0.01652527 0.00765 0.02337535 0.01846505 0.00765 0.0227394 -0.01924279 0.00765 0.02111813 0.02100928 0.00765 0.02039766 -0.02170946 0.00765 0.0185856 0.02327962 0.00765 0.01779001 -0.02389311 0.00765 0.01581078 0.02524648 0.00765 0.01495044 -0.02576528 0.00765 0.01282984 0.0268842 0.00765 0.01191597 -0.02730155 0.00765 0.009681643 0.02817146 0.00765 0.008726156 -0.02848191 0.00765 0.006407228 0.02909145 0.00765 0.005422583 -0.02929097 0.00765 0.003049289 0.02963219 0.00765 0.002048319 -0.02971817 0.00765 -0.0003484033 0.02978664 0.00765 -0.001352649 -0.02975795 0.00765 -0.003741553 0.02955276 0.00765 -0.004735982 -0.02940979 0.00765 -0.007085926 0.02893363 0.00765 -0.008057574 -0.02867823 0.00765 -0.01033792 0.0279373 0.00765 -0.01345515 0.02657676 0.00765 -0.01127413 -0.0275728 0.00765 -0.01639697 0.02486975 0.00765 -0.0143437 -0.02610792 0.00765 -0.01912503 0.02283853 0.00765 -0.01722628 -0.02430268 0.00765 -0.02160376 0.02050957 0.00765 -0.01988429 -0.02218062 0.00765 -0.02228308 -0.01976941 0.00765 -0.02380086 0.01791325 0.00765 -0.02439138 -0.01710046 0.00765 -0.02568767 0.01508339 0.00765 -0.02618169 -0.01420859 0.00765 -0.02723961 0.0120569 0.00765 -0.02763069 -0.01113149 0.00765 -0.02843644 0.008873226 0.00765 -0.02871948 -0.007909266 0.00765 -0.02926255 0.005573878 0.00765 -0.02943387 -0.004583938 0.00765 -0.02970719 0.002201866 0.00765 -0.02976454 -0.00119885 0.00765</float_array>
          <technique_common>
            <accessor count="633" source="#cubeverts-array0-array" stride="3">
              <param type="float" name="X"/>
              <param type="float" name="Y"/>
              <param type="float" name="Z"/>
            </accessor>
          </technique_common>
        </source>
        <source id="cubenormals-array0">
          <float_array count="3798" id="cubenormals-array0-array">0.7640382 -0.645171 0 0.7640382 -0.645171 0 0.8337747 -0.5521048 0 0.8337747 -0.5521048 0 0.8922315 -0.4515783 0 0.8922315 -0.4515783 0 0.9386228 -0.3449452 0 0.9386228 -0.3449452 0 0.9723226 -0.2336426 0 0.9723226 -0.2336426 0 0.992872 -0.1191853 0 0.992872 -0.1191853 0 0.9999951 -0.003112988 0 0.9999951 -0.003112988 0 0.9935947 0.1130021 0 0.9935947 0.1130021 0 0.9737581 0.2275852 0 0.9737581 0.2275852 0 0.9407533 0.3390917 0 0.9407533 0.3390917 0 0.8950244 0.4460172 0 0.8950244 0.4460172 0 0.8371942 0.5469058 0 0.8371942 0.5469058 0 0.7680415 0.6404001 0 0.7680415 0.6404001 0 0.6885036 0.7252329 0 0.6885036 0.7252329 0 0.5996516 0.8002611 0 0.5996516 0.8002611 0 0.5026925 0.8644653 0 0.5026925 0.8644653 0 0.3989362 0.9169787 0 0.3989362 0.9169787 0 0.289785 0.9570917 0 0.289785 0.9570917 0 0.1767126 0.9842625 0 0.1767126 0.9842625 0 0.06125285 0.9981223 0 0.06125285 0.9981223 0 -0.055038 0.9984843 0 -0.055038 0.9984843 0 -0.1705822 0.9853435 0 -0.1705822 0.9853435 0 -0.2838202 0.9588775 0 -0.2838202 0.9588775 0 -0.3932188 0.9194449 0 -0.3932188 0.9194449 0 -0.4973019 0.8675776 0 -0.4973019 0.8675776 0 -0.5946584 0.8039784 0 -0.6839758 0.7295047 0 -0.5946584 0.8039784 0 -0.7640382 0.645171 0 -0.6839758 0.7295047 0 -0.8337747 0.5521048 0 -0.7640382 0.645171 0 -0.8922315 0.4515783 0 -0.8337747 0.5521048 0 -0.9386228 0.3449452 0 -0.8922315 0.4515783 0 -0.9723226 0.2336426 0 -0.9386228 0.3449452 0 -0.992872 0.1191853 0 -0.9723226 0.2336426 0 -0.9999951 0.003112988 0 -0.992872 0.1191853 0 -0.9935947 -0.1130021 0 -0.9999951 0.003112988 0 -0.9737581 -0.2275852 0 -0.9935947 -0.1130021 0 -0.9737581 -0.2275852 0 -0.9407533 -0.3390917 0 -0.9407533 -0.3390917 0 -0.8950244 -0.4460172 0 -0.8950244 -0.4460172 0 -0.8371942 -0.5469058 0 -0.8371942 -0.5469058 0 -0.7680415 -0.6404001 0 -0.7680415 -0.6404001 0 -0.6885036 -0.7252329 0 -0.6885036 -0.7252329 0 -0.5996516 -0.8002611 0 -0.5996516 -0.8002611 0 -0.5026925 -0.8644653 0 -0.5026925 -0.8644653 0 -0.3989362 -0.9169787 0 -0.3989362 -0.9169787 0 -0.289785 -0.9570917 0 -0.1767126 -0.9842625 0 -0.289785 -0.9570917 0 -0.06125285 -0.9981223 0 -0.1767126 -0.9842625 0 -0.06125285 -0.9981223 0 0.055038 -0.9984843 0 0.1705822 -0.9853435 0 0.055038 -0.9984843 0 0.1705822 -0.9853435 0 0.2838202 -0.9588775 0 0.2838202 -0.9588775 0 0.3932188 -0.9194449 0 0.3932188 -0.9194449 0 0.4973019 -0.8675776 0 0.4973019 -0.8675776 0 0.5946584 -0.8039784 0 0.5946584 -0.8039784 0 0.6839758 -0.7295047 0 0.6839758 -0.7295047 0 0 0 -1 -0 0 -1 0 0 -1 0 0 -1 0 0 -1 0 0 -1 0 0 -1 0 0 -1 0 0 -1 0 0 -1 0 0 -1 0 0 -1 0 0 -1 0 0 -1 0 0 -1 0 0 -1 0 0 -1 0 0 -1 0 0 -1 0 0 -1 0 0 -1 0 0 -1 0 0 -1 0 0 -1 0 0 -1 0 0 -1 0 0 -1 0 0 -1 0 0 -1 0 0 -1 0 0 -1 0 0 -1 0 0 -1 0 0 -1 0 0 -1 0 0 -1 0 0 -1 0 0 -1 0 0 -1 0 0 -1 0 0 -1 0 0 -1 0 0 -1 0 0 -1 0 0 -1 0 0 -1 0 0 -1 0 0 -1 0 0 -1 0 0 -1 0 0 -1 0 0 -1 0 0 -1 0 0 -1 0 0 -1 0 0 -1 0 0 -1 0 0 -1 0 0 -1 0 0 -1 0 0 -1 0 0 -1 0 0 -1 0 0 -1 0 0 -1 0 0 -1 0 0 -1 0 0 -1 0 0 -1 0 0 -1 0 0 -1 0 0 -1 0 0 -1 0 0 -1 0 0 -1 0 0 -1 0 0 -1 0 0 -1 0 0 -1 0 0 -1 0 0 -1 0 0 -1 0 0 -1 0 0 -1 0 0 -1 0 0 -1 0 0 -1 0 0 -1 0 0 -1 0 0 -1 0 0 -1 0 0 -1 0 0 -1 0 0 -1 0 0 -1 0 0 -1 0 0 -1 0 0 -1 0 0 -1 0 0 -1 0 0 -1 0 0 -1 0 0 -1 0 0 -1 0 0 -1 0 0 -1 0 0 -1 0 0 -1 0 0 -1 0 0 -1 0 0 -1 0 0 -1 0 0 -1 0 0 -1 0 0 -1 -0 0 1 -0 0 1 0 0 1 0 0 1 -0 0 1 -0 0 1 0 0 1 0 0 1 -0 0 1 -0 0 1 0 0 1 0 0 1 -0 0 1 -0 0 1 0 0 1 0 0 1 -0 0 1 0 0 1 0 0 1 0 0 1 -0 0 1 -0 0 1 0 0 1 0 0 1 -0 0 1 -0 0 1 0 0 1 0 0 1 -0 0 1 -0 0 1 0 0 1 0 0 1 -0 0 1 -0 0 1 -0 0 1 -0 -0 1 0 0 1 -0 0 1 0 0 1 -0 -0 1 0 0 1 -0 0 1 0 0 1 -0 -0 1 0 0 1 -0 0 1 0 0 1 -0 -0 1 0 0 1 -0 0 1 0 0 1 -0 0 1 0 0 1 -0 0 1 0 0 1 -0 0 1 0 0 1 -0 0 1 0 0 1 -0 0 1 0 0 1 -0 0 1 0 0 1 -0 0 1 0 0 1 -0 0 1 0 0 1 -0 0 1 0 0 1 -0 0 1 0 0 1 -0 0 1 0 0 1 -0 0 1 0 0 1 -0 0 1 0 0 1 -0 0 1 0 0 1 0 0 1 -0 0 1 -0 0 1 0 0 1 -0 0 1 0 0 1 -0 0 1 0 0 1 0 0 1 -0 0 1 -0 0 1 0 0 1 -0 0 1 0 0 1 -0 -0 1 0 0 1 0 0 1 -0 0 1 -0 -0 1 0 0 1 0 0 1 -0 0 1 -0 -0 1 0 0 1 0 0 1 0 0 1 -0 0 1 -0 0 1 0 0 1 0 0 1 -0 0 1 -0 0 1 0 0 1 0 0 1 -0 0 1 -0 0 1 -0 0 1 0 0 1 0 0 1 -0 0 1 0.7602738 -0.6496028 0 0.7602738 -0.6496028 0 0.8240114 -0.5665733 0 0.8240114 -0.5665733 0 0.8787196 -0.4773384 0 0.8787196 -0.4773384 0 0.9238011 -0.3828727 0 0.9238011 -0.3828727 0 0.9587621 -0.28421 0 0.9587621 -0.28421 0 0.9832175 -0.1824372 0 0.9832175 -0.1824372 0 0.9969015 -0.07866023 0 0.9969015 -0.07866023 0 0.9996626 0.02597299 0 0.9996626 0.02597299 0 0.9914718 0.1303219 0 0.9914718 0.1303219 0 0.9724177 0.2332465 0 0.9724177 0.2332465 0 0.9427086 0.3336172 0 0.9427086 0.3336172 0 0.9026735 0.4303262 0 0.9026735 0.4303262 0 0.8527468 0.5223245 0 0.8527468 0.5223245 0 0.7934766 0.6086007 0 0.7934766 0.6086007 0 0.7255155 0.6882058 0 0.7255155 0.6882058 0 0.6496028 0.7602738 0 0.6496028 0.7602738 0 0.5665733 0.8240114 0 0.5665733 0.8240114 0 0.4773384 0.8787196 0 0.4773384 0.8787196 0 0.3828727 0.9238011 0 0.3828727 0.9238011 0 0.28421 0.9587621 0 0.28421 0.9587621 0 0.1824372 0.9832175 0 0.1824372 0.9832175 0 0.07866023 0.9969015 0 0.07866023 0.9969015 0 -0.02597299 0.9996626 0 -0.02597299 0.9996626 0 -0.1303219 0.9914718 0 -0.1303219 0.9914718 0 -0.2332465 0.9724177 0 -0.2332465 0.9724177 0 -0.3336172 0.9427086 0 -0.3336172 0.9427086 0 -0.4303262 0.9026735 0 -0.4303262 0.9026735 0 -0.5223245 0.8527468 0 -0.5223245 0.8527468 0 -0.6086007 0.7934766 0 -0.6086007 0.7934766 0 -0.6882058 0.7255155 0 -0.6882058 0.7255155 0 -0.7602738 0.6496028 0 -0.7602738 0.6496028 0 -0.8240114 0.5665733 0 -0.8240114 0.5665733 0 -0.8787196 0.4773384 0 -0.8787196 0.4773384 0 -0.9238011 0.3828727 0 -0.9238011 0.3828727 0 -0.9587621 0.28421 0 -0.9587621 0.28421 0 -0.9832175 0.1824372 0 -0.9832175 0.1824372 0 -0.9969015 0.07866023 0 -0.9969015 0.07866023 0 -0.9996626 -0.02597299 -0 -0.9996626 -0.02597299 0 -0.9914718 -0.1303219 -0 -0.9914718 -0.1303219 0 -0.9724177 -0.2332465 -0 -0.9724177 -0.2332465 0 -0.9427086 -0.3336172 -0 -0.9427086 -0.3336172 0 -0.9026735 -0.4303262 -0 -0.9026735 -0.4303262 0 -0.8527468 -0.5223245 -0 -0.8527468 -0.5223245 0 -0.7934766 -0.6086007 0 -0.7934766 -0.6086007 -0 -0.7255155 -0.6882058 0 -0.7255155 -0.6882058 -0 -0.6496028 -0.7602738 0 -0.6496028 -0.7602738 -0 -0.5665733 -0.8240114 0 -0.5665733 -0.8240114 -0 -0.4773384 -0.8787196 0 -0.4773384 -0.8787196 -0 -0.3828727 -0.9238011 0 -0.3828727 -0.9238011 -0 -0.28421 -0.9587621 0 -0.28421 -0.9587621 -0 -0.1824372 -0.9832175 0 -0.1824372 -0.9832175 -0 -0.07866023 -0.9969015 0 -0.07866023 -0.9969015 -0 0.02597299 -0.9996626 0 0.02597299 -0.9996626 0 0.1303219 -0.9914718 0 0.1303219 -0.9914718 0 0.2332465 -0.9724177 0 0.2332465 -0.9724177 0 0.3336172 -0.9427086 0 0.3336172 -0.9427086 0 0.4303262 -0.9026735 0 0.4303262 -0.9026735 0 0.5223245 -0.8527468 0 0.5223245 -0.8527468 0 0.6086007 -0.7934766 0 0.6086007 -0.7934766 0 0.6882058 -0.7255155 0 0.6882058 -0.7255155 0 0.7614451 -0.6482295 0 0.7614451 -0.6482295 0 0.8270677 -0.5621024 0 0.8270677 -0.5621024 0 0.8829937 -0.4693849 0 0.8829937 -0.4693849 0 0.9285658 -0.3711678 0 0.9285658 -0.3711678 0 0.9632537 -0.2685931 0 0.9632537 -0.2685931 0 0.986647 -0.1628732 0 0.986647 -0.1628732 0 0.9984728 -0.05524537 0 0.9984728 -0.05524537 0 0.9985926 0.05303426 0 0.9985926 0.05303426 0 0.9870051 0.160689 0 0.9870051 0.160689 0 0.963845 0.2664637 0 0.963845 0.2664637 0 0.9293867 0.3691074 0 0.9293867 0.3691074 0 0.8840286 0.4674329 0 0.8840286 0.4674329 0 0.8283107 0.5602691 0 0.8283107 0.5602691 0 0.7628774 0.6465431 0 0.7628774 0.6465431 0 0.688503 0.7252334 0 0.688503 0.7252334 0 0.6060553 0.7954224 0 0.6060553 0.7954224 0 0.5165015 0.8562863 0 0.5165015 0.8562863 0 0.4208918 0.9071109 0 0.4208918 0.9071109 0 0.3203489 0.9472997 0 0.3203489 0.9472997 0 0.2160535 0.9763815 0 0.2160535 0.9763815 0 0.1092181 0.9940178 0 0.1092181 0.9940178 0 0.001106066 0.9999993 0 0.001106066 0.9999993 0 -0.1070174 0.9942571 0 -0.1070174 0.9942571 0 -0.2138896 0.9768578 0 -0.2138896 0.9768578 0 -0.3182546 0.9480052 0 -0.3182546 0.9480052 0 -0.4188823 0.9080406 0 -0.4188823 0.9080406 0 -0.5146064 0.8574266 0 -0.5146064 0.8574266 0 -0.6042922 0.7967628 0 -0.6042922 0.7967628 0 -0.6868957 0.726756 0 -0.6868957 0.726756 0 -0.7614451 0.6482295 0 -0.7614451 0.6482295 0 -0.8270677 0.5621024 0 -0.8270677 0.5621024 0 -0.8829937 0.4693849 0 -0.8829937 0.4693849 0 -0.9285658 0.3711678 0 -0.9285658 0.3711678 0 -0.9632537 0.2685931 0 -0.9632537 0.2685931 0 -0.986647 0.1628732 0 -0.986647 0.1628732 0 -0.9984728 0.05524537 0 -0.9984728 0.05524537 0 -0.9985926 -0.05303426 0 -0.9870051 -0.160689 0 -0.9985926 -0.05303426 0 -0.963845 -0.2664637 0 -0.9870051 -0.160689 0 -0.9293867 -0.3691074 0 -0.963845 -0.2664637 0 -0.8840286 -0.4674329 0 -0.9293867 -0.3691074 0 -0.8283107 -0.5602691 0 -0.8840286 -0.4674329 0 -0.7628774 -0.6465431 0 -0.8283107 -0.5602691 0 -0.688503 -0.7252334 0 -0.7628774 -0.6465431 0 -0.6060553 -0.7954224 0 -0.688503 -0.7252334 0 -0.6060553 -0.7954224 0 -0.5165015 -0.8562863 0 -0.4208918 -0.9071109 0 -0.5165015 -0.8562863 0 -0.4208918 -0.9071109 0 -0.3203489 -0.9472997 0 -0.3203489 -0.9472997 0 -0.2160535 -0.9763815 0 -0.2160535 -0.9763815 0 -0.1092181 -0.9940178 0 -0.1092181 -0.9940178 0 -0.001106066 -0.9999993 0 -0.001106066 -0.9999993 0 0.1070174 -0.9942571 0 0.1070174 -0.9942571 0 0.2138896 -0.9768578 0 0.2138896 -0.9768578 0 0.3182546 -0.9480052 0 0.3182546 -0.9480052 0 0.4188823 -0.9080406 0 0.4188823 -0.9080406 0 0.5146064 -0.8574266 0 0.5146064 -0.8574266 0 0.6042922 -0.7967628 0 0.6042922 -0.7967628 0 0.6868957 -0.726756 0 0.6868957 -0.726756 0 -0 0 1 0 0 1 -0 0 1 0 0 1 -0 0 1 0 0 1 -0 0 1 0 0 1 -0 0 1 0 0 1 -0 0 1 0 0 1 0 0 1 -0 0 1 0 0 1 -0 0 1 0 0 1 -0 0 1 0 0 1 -0 0 1 0 0 1 -0 0 1 0 0 1 -0 0 1 0 0 1 -0 0 1 0 0 1 -0 0 1 0 0 1 -0 0 1 0 0 1 -0 0 1 0 0 1 -0 0 1 0 0 1 -0 0 1 0 0 1 -0 0 1 -0 0 1 0 0 1 0 0 1 -0 0 1 -0 0 1 0 0 1 -0 0 1 0 0 1 -0 0 1 0 0 1 -0 0 1 0 -0 1 -0 0 1 0 0 1 -0 0 1 0 0 1 -0 0 1 0 0 1 -0 0 1 -0 0 1 0 0 1 -0 0 1 0 0 1 0 0 1 -0 0 1 -0 0 1 0 0 1 0 0 1 -0 0 1 -0 0 1 0 0 1 -0 0 1 0 0 1 -0 0 1 0 0 1 -0 0 1 0 0 1 -0 0 1 0 0 1 -0 0 1 0 0 1 0 0 1 -0 0 1 -0 0 1 0 0 1 -0 0 1 -0 0 1 0 0 1 0 0 1 -0 0 1 0 0 1 -0 0 1 -0 0 1 0 0 1 0 0 1 -0 0 1 -0 0 1 0 0 1 0 0 1 -0 0 1 -0 0 1 0 0 1 -0 0 1 0 0 1 -0 0 1 0 0 1 -0 0 1 0 0 1 -0 0 1 0 0 1 0 0 1 -0 0 1 -0 0 1 0 0 1 0 0 1 -0.5383761 0.4591792 0.7066156 -0.5343283 0.4548816 0.7124436 -0.5889382 0.4026372 0.7007391 -0.5757116 0.3912725 0.7179568 -0.6333736 0.3404312 0.6949422 -0.6098576 0.3241902 0.7231696 -0.6710337 0.2732383 0.6892422 -0.6365654 0.2544489 0.7280387 -0.7014008 0.2018389 0.683592 -0.6556081 0.1828093 0.7326382 -0.7239341 0.1270297 0.6780728 -0.6668951 0.1100894 0.7369744 -0.7382624 0.04969076 0.6726808 -0.6704529 0.03709607 0.7410242 -0.7441352 -0.02924828 0.6673884 -0.6662931 -0.03538616 0.74485 -0.7413215 -0.1088471 0.6622648 -0.6546377 -0.1065781 0.748392 -0.7298242 -0.1881244 0.657241 -0.6356051 -0.1757188 0.7517506 -0.7095872 -0.266096 0.6524407 -0.6095694 -0.2420915 0.7548622 -0.680861 -0.3418109 0.6477605 -0.5768461 -0.3050092 0.7577717 -0.6438435 -0.4142857 0.6432984 -0.537882 -0.3638232 0.7604706 -0.598957 -0.4826281 0.6389997 -0.4931363 -0.417936 0.7629849 -0.5466411 -0.5459313 0.634935 -0.4431584 -0.4668002 0.7653158 -0.4874948 -0.6033954 0.6310806 -0.3885436 -0.5099473 0.7674553 -0.4221946 -0.6542717 0.6274394 -0.3299095 -0.5469432 0.7694237 -0.351485 -0.6978806 0.6240361 -0.2679268 -0.5774389 0.7712195 -0.2761993 -0.7336376 0.6208783 -0.2032873 -0.6011384 0.7728562 -0.197229 -0.7610556 0.6179767 -0.1367162 -0.6178434 0.7743244 -0.1155226 -0.7797835 0.6152986 -0.06893679 -0.6274087 0.7756327 -0.0320569 -0.7895097 0.6129003 -0.0006965648 -0.6297656 0.776785 0.05215149 -0.7900921 0.6107656 0.06726304 -0.624915 0.7777897 0.1360831 -0.781486 0.6089016 0.1342066 -0.6129368 0.7786508 0.2187148 -0.7637569 0.6073213 0.1994116 -0.594 0.7793581 0.2990258 -0.7370942 0.6060328 0.2621669 -0.5683178 0.7799252 0.3760474 -0.7018216 0.605008 0.321802 -0.5361801 0.7803553 0.4488218 -0.6583184 0.6042979 0.3776765 -0.4979688 0.7806327 0.5164684 -0.6071379 0.6038575 0.4291756 -0.4540805 0.7807811 0.5781569 -0.5488729 0.6037161 0.4757611 -0.4050224 0.7807741 0.6331398 -0.4842471 0.6038533 0.5169069 -0.3513069 0.7806348 0.6807402 -0.4140312 0.6042938 0.552168 -0.2935234 0.7803554 0.7203889 -0.3390903 0.6050269 0.5811599 -0.2323021 0.7799287 0.7516397 -0.2603499 0.6060163 0.6035569 -0.1682954 0.7793559 0.7740766 -0.1787565 0.6073316 0.6190727 -0.102195 0.778656 0.7874826 -0.09531675 0.608922 0.6275563 -0.03472262 0.7777966 0.7917334 -0.01105317 0.6107668 0.6288754 0.03339895 0.7767883 0.7867734 0.07301185 0.6129085 0.6229783 0.1014238 0.775636 0.7727372 0.1558629 0.6152917 0.6099202 0.168618 0.7743161 0.7497945 0.2364846 0.617967 0.5897761 0.2342305 0.772852 0.7183234 0.313933 0.6208522 0.5627556 0.2975588 0.77121 0.6786844 0.3872503 0.6240391 0.5290765 0.3578672 0.7694212 0.6314679 0.4556009 0.6274362 0.4890812 0.4144993 0.7674568 0.5772624 0.5181667 0.6310875 0.4431569 0.4667985 0.7653176 0.5168109 0.5742553 0.6349309 0.3917654 0.5141759 0.762983 0.4508762 0.6232156 0.6389937 0.3354048 0.5560537 0.7604656 0.3802975 0.6644942 0.6432894 0.2746395 0.5919062 0.7577732 0.305986 0.6976791 0.6477781 0.2101084 0.6213091 0.7548705 0.2288881 0.7224452 0.6524439 0.1424755 0.6438704 0.7517524 0.1499717 0.7386056 0.6572444 0.07243925 0.6592854 0.7483952 0.07020314 0.7459907 0.6622457 0.0007380212 0.6672494 0.7448341 -0.00943008 0.7446404 0.6673993 -0.07185881 0.6676126 0.7410328 -0.08796182 0.7346938 0.6726722 -0.1445739 0.6602851 0.7369681 -0.164452 0.7163634 0.67807 -0.2166101 0.6452304 0.7326375 -0.2379873 0.6899631 0.683603 -0.2871554 0.6224869 0.7280465 -0.3077226 0.6559548 0.6892243 -0.3554319 0.5922135 0.7231537 -0.3728634 0.6148428 0.6949399 -0.4206408 0.5546173 0.7179562 -0.4326717 0.5672305 0.7007458 -0.4820106 0.5099814 0.7124499 -0.4865179 0.5138051 0.7066149 -0.4845869 0.5157508 -0.7065243 -0.4797426 0.5116767 -0.7127649 -0.4263538 0.5726192 -0.7002355 -0.413505 0.559059 -0.7186561 -0.3613215 0.6226958 -0.6940438 -0.3429534 0.5983061 -0.7241635 -0.2903241 0.6651825 -0.6879274 -0.2690234 0.6290445 -0.7293349 -0.2142565 0.699324 -0.6819384 -0.192702 0.6510373 -0.7341774 -0.1341298 0.7245287 -0.6760675 -0.1149793 0.6641614 -0.7386943 -0.05102668 0.7403139 -0.6703219 -0.03684117 0.6683623 -0.742923 0.03392247 0.7463062 -0.6647378 0.04073075 0.6637122 -0.7468781 0.1195356 0.7422894 -0.6593313 0.1167752 0.6504202 -0.7505445 0.2046048 0.7282262 -0.6540822 0.1903598 0.6287138 -0.7539774 0.2879165 0.7041487 -0.64906 0.2605996 0.5990037 -0.7571542 0.3682815 0.6703317 -0.6442236 0.3266616 0.5617502 -0.7600847 0.444532 0.6271421 -0.6395968 0.3877588 0.517481 -0.7627952 0.5155431 0.5750824 -0.635213 0.443168 0.4668095 -0.7653046 0.580254 0.5147963 -0.6311022 0.4922691 0.4104585 -0.7675904 0.6377253 0.4471007 -0.6272218 0.5344902 0.3491613 -0.7696795 0.6870752 0.3728694 -0.6236153 0.5693737 0.2837358 -0.7715617 0.7275694 0.2931132 -0.6202641 0.5965161 0.2150124 -0.7732645 0.7585355 0.2088998 -0.6172396 0.6156245 0.1438828 -0.774793 0.7795159 0.1213982 -0.6145058 0.6265436 0.07125718 -0.7761222 0.7901775 0.03182799 -0.612051 0.6291391 -0.001958514 -0.7772903 0.790288 -0.05857638 -0.6099293 0.6234434 -0.07483876 -0.7782786 0.779824 -0.1485399 -0.6081204 0.6095527 -0.1464714 -0.7790967 0.7588992 -0.2368031 -0.606627 0.5876505 -0.2159624 -0.779761 0.7277517 -0.3221201 -0.6054882 0.55806 -0.2824466 -0.7802519 0.6868355 -0.4032981 -0.604655 0.521163 -0.3451012 -0.7805731 0.6367067 -0.4792078 -0.6041229 0.4774294 -0.4031521 -0.7807236 0.5780176 -0.5487413 -0.603969 0.427397 -0.4558467 -0.7807275 0.5116231 -0.6109636 -0.6041236 0.3717053 -0.5025457 -0.7805658 0.4384287 -0.6649768 -0.6046371 0.3110497 -0.5426477 -0.7802445 0.3594835 -0.7100571 -0.6054673 0.2461889 -0.575652 -0.7797536 0.2758915 -0.7455709 -0.6066366 0.1779256 -0.6011158 -0.7791035 0.1888338 -0.7710593 -0.6081195 0.1071121 -0.6187176 -0.7782772 0.09953526 -0.7861856 -0.6099221 0.03462726 -0.6281981 -0.7772824 0.009248943 -0.7907743 -0.612038 -0.03862542 -0.6294057 -0.7761163 -0.08075601 -0.7847789 -0.6144921 -0.1117216 -0.6222726 -0.7747871 -0.1692248 -0.7683554 -0.6172462 -0.1837439 -0.6068629 -0.7732758 -0.2549306 -0.7417883 -0.6202906 -0.2537811 -0.583331 -0.7715699 -0.3366882 -0.7055112 -0.6236145 -0.3209359 -0.5519039 -0.7696767 -0.4133826 -0.6600859 -0.6272172 -0.3843433 -0.5129229 -0.7675874 -0.4839791 -0.6062146 -0.6310849 -0.4431739 -0.4668157 -0.7652974 -0.5475218 -0.5447003 -0.6352333 -0.4966351 -0.4140989 -0.7628078 -0.6032044 -0.4764927 -0.6396086 -0.5440235 -0.3553889 -0.7600902 -0.6503072 -0.4025957 -0.6442183 -0.5846698 -0.2913583 -0.7571469 -0.6882704 -0.3241035 -0.6490306 -0.6179995 -0.222756 -0.7539604 -0.7166135 -0.2421446 -0.654088 -0.6434725 -0.1503914 -0.7505503 -0.735082 -0.1579192 -0.6593299 -0.660705 -0.07514239 -0.7468752 -0.7435359 -0.07263254 -0.6647396 -0.6693714 0.002083757 -0.742925 -0.7419712 0.012515 -0.6703149 -0.6692416 0.08033644 -0.7386892 -0.7305086 0.09632276 -0.6760762 -0.6601589 0.1586317 -0.7341842 -0.7095069 0.1776524 -0.6819382 -0.6421639 0.2359961 -0.7293361 -0.6793494 0.2553865 -0.6879405 -0.6152987 0.3114165 -0.7241735 -0.640608 0.3284922 -0.6940564 -0.579769 0.3839086 -0.7186669 -0.593987 0.3960434 -0.7002351 -0.5358983 0.4525246 -0.7127655 -0.5402185 0.4571508 -0.7065246 0.5379685 -0.4596579 -0.7066147 0.5379688 -0.4596581 -0.7066146 0.5830682 -0.4009062 -0.7066157 0.5830715 -0.400908 -0.706612 0.6217843 -0.3377662 -0.7066104 0.6217864 -0.337767 -0.7066082 0.6536872 -0.2709218 -0.7066076 0.6536769 -0.2709187 -0.7066184 0.6784146 -0.2011066 -0.7066187 0.6784254 -0.2011085 -0.7066077 0.6957306 -0.1290923 -0.7066074 0.6957188 -0.1290914 -0.7066193 0.705401 -0.05566214 -0.7066195 0.7054259 -0.05566143 -0.7065948 0.7073798 0.01837937 -0.7065948 0.7073761 0.01837888 -0.7065984 0.7015796 0.09221993 -0.7065986 0.7015588 0.0922149 -0.7066198 0.6880763 0.1650447 -0.7066197 0.6880677 0.1650416 -0.7066286 0.6670464 0.2360599 -0.7066292 0.6670671 0.2360698 -0.7066063 0.6387377 0.3045018 -0.7066065 0.6387366 0.3045011 -0.7066079 0.6034073 0.3695999 -0.7066086 0.6034013 0.3695953 -0.7066159 0.5614617 0.4306444 -0.706616 0.5614601 0.4306428 -0.7066182 0.5133716 0.4869708 -0.706618 0.5133741 0.4869738 -0.7066141 0.4596579 0.5379685 -0.7066147 0.4596581 0.5379688 -0.7066146 0.4009062 0.5830682 -0.7066157 0.400908 0.5830715 -0.706612 0.3377662 0.6217843 -0.7066104 0.337767 0.6217864 -0.7066082 0.2709218 0.6536872 -0.7066076 0.2709187 0.6536769 -0.7066184 0.2011066 0.6784146 -0.7066187 0.2011085 0.6784254 -0.7066077 0.1290923 0.6957306 -0.7066074 0.1290914 0.6957188 -0.7066193 0.05566214 0.705401 -0.7066195 0.05566143 0.7054259 -0.7065948 -0.01837937 0.7073798 -0.7065948 -0.01837888 0.7073761 -0.7065984 -0.09221993 0.7015796 -0.7065986 -0.0922149 0.7015588 -0.7066198 -0.1650447 0.6880763 -0.7066197 -0.1650416 0.6880677 -0.7066286 -0.2360599 0.6670464 -0.7066292 -0.2360698 0.6670671 -0.7066063 -0.3045018 0.6387377 -0.7066065 -0.3045011 0.6387366 -0.7066079 -0.3695999 0.6034073 -0.7066086 -0.3695953 0.6034013 -0.7066159 -0.4306444 0.5614617 -0.706616 -0.4306428 0.5614601 -0.7066182 -0.4869708 0.5133716 -0.706618 -0.4869738 0.5133741 -0.7066141 -0.5379685 0.4596579 -0.7066147 -0.5379688 0.4596581 -0.7066146 -0.5830682 0.4009062 -0.7066157 -0.5830715 0.400908 -0.706612 -0.6217843 0.3377662 -0.7066104 -0.6217864 0.337767 -0.7066082 -0.6536872 0.2709218 -0.7066076 -0.6536769 0.2709187 -0.7066184 -0.6784146 0.2011066 -0.7066187 -0.6784254 0.2011085 -0.7066077 -0.6957306 0.1290923 -0.7066074 -0.6957188 0.1290914 -0.7066193 -0.705401 0.05566214 -0.7066195 -0.7054259 0.05566143 -0.7065948 -0.7073798 -0.01837937 -0.7065948 -0.7073761 -0.01837888 -0.7065984 -0.7015796 -0.09221993 -0.7065986 -0.7015588 -0.0922149 -0.7066198 -0.6880763 -0.1650447 -0.7066197 -0.6880677 -0.1650416 -0.7066286 -0.6670464 -0.2360599 -0.7066292 -0.6670671 -0.2360698 -0.7066063 -0.6387377 -0.3045018 -0.7066065 -0.6387366 -0.3045011 -0.7066079 -0.6034073 -0.3695999 -0.7066086 -0.6034013 -0.3695953 -0.7066159 -0.5614617 -0.4306444 -0.706616 -0.5614601 -0.4306428 -0.7066182 -0.5133716 -0.4869708 -0.706618 -0.5133741 -0.4869738 -0.7066141 -0.4596579 -0.5379685 -0.7066147 -0.4596581 -0.5379688 -0.7066146 -0.4009062 -0.5830682 -0.7066157 -0.400908 -0.5830715 -0.706612 -0.3377662 -0.6217843 -0.7066104 -0.337767 -0.6217864 -0.7066082 -0.2709218 -0.6536872 -0.7066076 -0.2709187 -0.6536769 -0.7066184 -0.2011066 -0.6784146 -0.7066187 -0.2011085 -0.6784254 -0.7066077 -0.1290923 -0.6957306 -0.7066074 -0.1290914 -0.6957188 -0.7066193 -0.05566214 -0.705401 -0.7066195 -0.05566143 -0.7054259 -0.7065948 0.01837937 -0.7073798 -0.7065948 0.01837888 -0.7073761 -0.7065984 0.09221993 -0.7015796 -0.7065986 0.0922149 -0.7015588 -0.7066198 0.1650447 -0.6880763 -0.7066197 0.1650416 -0.6880677 -0.7066286 0.2360599 -0.6670464 -0.7066292 0.2360698 -0.6670671 -0.7066063 0.3045018 -0.6387377 -0.7066065 0.3045011 -0.6387366 -0.7066079 0.3695999 -0.6034073 -0.7066086 0.3695953 -0.6034013 -0.7066159 0.4306444 -0.5614617 -0.706616 0.4306428 -0.5614601 -0.7066182 0.4869708 -0.5133716 -0.706618 0.4869738 -0.5133741 -0.7066141 0.4869652 -0.5133651 0.7066267 0.4869621 -0.5133625 0.7066306 0.4306353 -0.5614504 0.7066306 0.4306367 -0.5614518 0.7066286 0.3695887 -0.6033905 0.7066287 0.3695933 -0.6033965 0.7066212 0.3044957 -0.6387253 0.7066204 0.3044963 -0.6387262 0.7066194 0.2360656 -0.6670551 0.7066191 0.2360557 -0.6670346 0.7066419 0.1650387 -0.6880555 0.7066411 0.1650417 -0.688064 0.7066324 0.09221326 -0.7015464 0.7066324 0.09221828 -0.701567 0.7066113 0.01837904 -0.7073671 0.7066073 0.01837855 -0.7073634 0.706611 -0.05566115 -0.7053884 0.7066322 -0.05566043 -0.7054132 0.7066075 -0.12909 -0.6957182 0.7066202 -0.1290891 -0.6957064 0.7066318 -0.201103 -0.6784024 0.7066314 -0.201105 -0.6784132 0.7066202 -0.2709169 -0.6536756 0.7066204 -0.270914 -0.6536652 0.7066309 -0.3377602 -0.6217733 0.706623 -0.337761 -0.6217752 0.7066208 -0.400899 -0.5830577 0.7066284 -0.4009008 -0.583061 0.7066247 -0.4596498 -0.5379589 0.7066274 -0.4596499 -0.5379591 0.7066271 -0.5133625 -0.4869621 0.7066306 -0.5133651 -0.4869652 0.7066267 -0.5614518 -0.4306367 0.7066286 -0.5614504 -0.4306353 0.7066306 -0.6033965 -0.3695933 0.7066212 -0.6033905 -0.3695887 0.7066287 -0.6387262 -0.3044963 0.7066194 -0.6387253 -0.3044957 0.7066204 -0.6670551 -0.2360656 0.7066191 -0.6670346 -0.2360557 0.7066419 -0.6880555 -0.1650387 0.7066411 -0.688064 -0.1650417 0.7066324 -0.7015464 -0.09221326 0.7066324 -0.701567 -0.09221828 0.7066113 -0.7073634 -0.01837855 0.706611 -0.7073671 -0.01837904 0.7066073 -0.7054132 0.05566043 0.7066075 -0.7053884 0.05566115 0.7066322 -0.6957064 0.1290891 0.7066318 -0.6957182 0.12909 0.7066202 -0.6784132 0.201105 0.7066202 -0.6784024 0.201103 0.7066314 -0.6536652 0.270914 0.7066309 -0.6536756 0.2709169 0.7066204 -0.6217733 0.3377602 0.706623 -0.6217752 0.337761 0.7066208 -0.5830577 0.400899 0.7066284 -0.583061 0.4009008 0.7066247 -0.5379589 0.4596498 0.7066274 -0.5379591 0.4596499 0.7066271 -0.4869621 0.5133625 0.7066306 -0.4869652 0.5133651 0.7066267 -0.4306367 0.5614518 0.7066286 -0.4306353 0.5614504 0.7066306 -0.3695933 0.6033965 0.7066212 -0.3695887 0.6033905 0.7066287 -0.3044963 0.6387262 0.7066194 -0.3044957 0.6387253 0.7066204 -0.2360557 0.6670346 0.7066419 -0.2360656 0.6670551 0.7066191 -0.1650417 0.688064 0.7066324 -0.1650387 0.6880555 0.7066411 -0.09221828 0.701567 0.7066113 -0.09221326 0.7015464 0.7066324 -0.01837904 0.7073671 0.7066073 -0.01837855 0.7073634 0.706611 0.05566115 0.7053884 0.7066322 0.05566043 0.7054132 0.7066075 0.12909 0.6957182 0.7066202 0.1290891 0.6957064 0.7066318 0.201103 0.6784024 0.7066314 0.201105 0.6784132 0.7066202 0.2709169 0.6536756 0.7066204 0.270914 0.6536652 0.7066309 0.3377602 0.6217733 0.706623 0.337761 0.6217752 0.7066208 0.400899 0.5830577 0.7066284 0.4009008 0.583061 0.7066247 0.4596499 0.5379591 0.7066271 0.4596498 0.5379589 0.7066274 0.5133651 0.4869652 0.7066267 0.5133625 0.4869621 0.7066306 0.5614504 0.4306353 0.7066306 0.5614518 0.4306367 0.7066286 0.6033965 0.3695933 0.7066212 0.6033905 0.3695887 0.7066287 0.6387262 0.3044963 0.7066194 0.6387253 0.3044957 0.7066204 0.6670346 0.2360557 0.7066419 0.6670551 0.2360656 0.7066191 0.688064 0.1650417 0.7066324 0.6880555 0.1650387 0.7066411 0.701567 0.09221828 0.7066113 0.7015464 0.09221326 0.7066324 0.7073671 0.01837904 0.7066073 0.7073634 0.01837855 0.706611 0.7053884 -0.05566115 0.7066322 0.7054132 -0.05566043 0.7066075 0.6957182 -0.12909 0.7066202 0.6957064 -0.1290891 0.7066318 0.6784024 -0.201103 0.7066314 0.6784132 -0.201105 0.7066202 0.6536756 -0.2709169 0.7066204 0.6536652 -0.270914 0.7066309 0.6217733 -0.3377602 0.706623 0.6217752 -0.337761 0.7066208 0.5830577 -0.400899 0.7066284 0.583061 -0.4009008 0.7066247 0.5379589 -0.4596498 0.7066274 0.5379591 -0.4596499 0.7066271 0.6613541 -0.5596614 0.4993894 0.6598922 -0.5572278 0.5040233 0.7230208 -0.4820744 0.4948183 0.7179469 -0.4754066 0.508469 0.7754919 -0.3976607 0.4903857 0.7660369 -0.3877084 0.5127082 0.8180159 -0.3075147 0.4860911 0.803598 -0.2953234 0.5167342 0.8499717 -0.2128211 0.4819289 0.830191 -0.1994893 0.5205641 0.8708656 -0.1148338 0.4779187 0.8455235 -0.1014975 0.5242025 0.8803679 -0.01484665 0.474059 0.8494642 -0.002644385 0.5276397 0.8783013 0.0857961 0.4703465 0.8420039 0.09576161 0.5309042 0.8646317 0.1857518 0.4668064 0.8233166 0.1924243 0.5339689 0.8395126 0.2836713 0.4634104 0.7936893 0.2860829 0.5368556 0.8032255 0.3782371 0.4601799 0.7535568 0.3755196 0.5395713 0.7562127 0.4681594 0.4571315 0.7034976 0.4595671 0.5421155 0.6990753 0.5522248 0.4542481 0.6442117 0.5371497 0.5444828 0.6325455 0.6292866 0.4515356 0.5765171 0.6072723 0.5466701 0.5574923 0.6982931 0.4489869 0.5013186 0.6690316 0.5487042 0.4748839 0.758288 0.4466369 0.4196398 0.721642 0.5505774 0.3858151 0.8084529 0.4444667 0.332576 0.7644458 0.5522823 0.2914642 0.8480971 0.4424702 0.2412855 0.7969094 0.5538201 0.1930809 0.8766671 0.4406524 0.1469746 0.8186265 0.5552019 0.0919712 0.8937539 0.4390274 0.05089487 0.8293377 0.5564248 -0.01051657 0.8991157 0.4375848 -0.04569145 0.8289216 0.5574955 -0.1130151 0.8926554 0.4363414 -0.1415087 0.8174044 0.5584133 -0.214157 0.8744519 0.4352823 -0.2353021 0.7949604 0.5591698 -0.3125862 0.8447345 0.4344116 -0.325839 0.7618939 0.5597737 -0.4069869 0.8038883 0.433734 -0.4119321 0.7186442 0.5602342 -0.4960992 0.7524471 0.4332541 -0.4924556 0.6658002 0.5605333 -0.5787282 0.6911001 0.4329601 -0.5663502 0.6040493 0.5606889 -0.653765 0.6206533 0.432875 -0.6326441 0.5342188 0.5606887 -0.7202196 0.5420597 0.4329607 -0.6904724 0.4572136 0.5605388 -0.7771926 0.4563529 0.4332594 -0.7390661 0.3740579 0.560234 -0.8239329 0.3646936 0.4337431 -0.7777807 0.2858354 0.5597815 -0.8598288 0.2682974 0.4344088 -0.8061088 0.1937025 0.5591671 -0.8843915 0.1684592 0.4352851 -0.8236486 0.0988716 0.558415 -0.8973214 0.06650753 0.4363383 -0.8301777 0.002584346 0.5574929 -0.8984478 -0.03618674 0.4375866 -0.8255734 -0.09389296 0.5564285 -0.8877719 -0.1382606 0.4390273 -0.8098922 -0.1892867 0.5551983 -0.8654606 -0.2383454 0.4406466 -0.7833105 -0.2823419 0.5538118 -0.8318246 -0.3351127 0.4424559 -0.7461483 -0.3718278 0.552274 -0.7873297 -0.4272784 0.4444605 -0.6988785 -0.4565496 0.5505737 -0.7326048 -0.5136197 0.4466375 -0.6420941 -0.5353839 0.5487068 -0.668397 -0.5929962 0.4489999 -0.5765131 -0.6072681 0.5466791 -0.5955912 -0.6643724 0.4515313 -0.5029721 -0.6712381 0.54448 -0.5151766 -0.7268042 0.4542563 -0.4224116 -0.7264087 0.5421245 -0.4282553 -0.7795015 0.4571376 -0.335879 -0.772038 0.5395764 -0.3360138 -0.8217747 0.4601967 -0.2444817 -0.8074656 0.5368688 -0.2396929 -0.853111 0.4634102 -0.1494113 -0.8321986 0.5339679 -0.1406011 -0.8731168 0.4667958 -0.05190802 -0.8458471 0.5308939 -0.04007368 -0.8815702 0.4703491 0.04675289 -0.8481781 0.527644 0.06054675 -0.8784134 0.4740507 0.1452677 -0.8391182 0.5241928 0.1598979 -0.8637266 0.4779215 0.2423314 -0.8187086 0.5205687 0.2566718 -0.8377696 0.4819354 0.3366517 -0.7871768 0.5167382 0.34958 -0.8009472 0.4860838 0.426967 -0.7448735 0.5127015 0.4373969 -0.753799 0.4903785 0.5120512 -0.6922935 0.5084618 0.5189719 -0.697013 0.4948141 0.5907449 -0.6300678 0.5040189 0.5932491 -0.6314003 0.4993888</float_array>
          <technique_common>
            <accessor count="1266" source="#cubenormals-array0-array" stride="3">
              <param type="float" name="X"/>
              <param type="float" name="Y"/>
              <param type="float" name="Z"/>
            </accessor>
          </technique_common>
        </source>
        <vertices id="cubeverts-array0-vertices">
          <input semantic="POSITION" source="#cubeverts-array0"/>
        </vertices>
        <triangles count="1266" material="ref_Mesh008">
          <input offset="0" semantic="VERTEX" source="#cubeverts-array0-vertices"/>
          <input offset="1" semantic="NORMAL" source="#cubenormals-array0"/>
          <p>0 0 1 0 2 0 2 1 1 1 3 1 1 2 4 2 3 2 3 3 4 3 5 3 4 4 6 4 5 4 5 5 6 5 7 5 6 6 8 6 7 6 7 7 8 7 9 7 8 8 10 8 9 8 9 9 10 9 11 9 10 10 12 10 11 10 11 11 12 11 13 11 12 12 14 12 13 12 13 13 14 13 15 13 14 14 16 14 15 14 15 15 16 15 17 15 16 16 18 16 17 16 17 17 18 17 19 17 18 18 20 18 19 18 19 19 20 19 21 19 20 20 22 20 21 20 21 21 22 21 23 21 22 22 24 22 23 22 23 23 24 23 25 23 24 24 26 24 25 24 25 25 26 25 27 25 27 26 28 26 29 26 26 27 28 27 27 27 29 28 30 28 31 28 28 29 30 29 29 29 31 30 32 30 33 30 30 31 32 31 31 31 33 32 34 32 35 32 32 33 34 33 33 33 35 34 36 34 37 34 34 35 36 35 35 35 37 36 38 36 39 36 36 37 38 37 37 37 39 38 40 38 41 38 38 39 40 39 39 39 41 40 42 40 43 40 40 41 42 41 41 41 42 42 44 42 43 42 43 43 44 43 45 43 44 44 46 44 45 44 45 45 46 45 47 45 46 46 48 46 47 46 47 47 48 47 49 47 48 48 50 48 49 48 49 49 50 49 51 49 50 50 52 50 51 50 53 51 52 51 54 51 51 52 52 52 53 52 54 53 55 53 56 53 52 54 55 54 54 54 56 55 57 55 58 55 55 56 57 56 56 56 58 57 59 57 60 57 57 58 59 58 58 58 60 59 61 59 62 59 59 60 61 60 60 60 62 61 63 61 64 61 61 62 63 62 62 62 64 63 65 63 66 63 63 64 65 64 64 64 66 65 67 65 68 65 65 66 67 66 66 66 68 67 69 67 70 67 67 68 69 68 68 68 70 69 71 69 72 69 69 70 71 70 70 70 71 71 73 71 72 71 72 72 73 72 74 72 73 73 75 73 74 73 74 74 75 74 76 74 75 75 77 75 76 75 76 76 77 76 78 76 77 77 79 77 78 77 78 78 79 78 80 78 79 79 81 79 80 79 80 80 81 80 82 80 81 81 83 81 82 81 82 82 83 82 84 82 83 83 85 83 84 83 84 84 85 84 86 84 85 85 87 85 86 85 86 86 87 86 88 86 87 87 89 87 88 87 88 88 89 88 90 88 90 89 91 89 92 89 89 90 91 90 90 90 92 91 93 91 94 91 91 92 93 92 92 92 93 93 95 93 94 93 94 94 95 94 96 94 96 95 97 95 98 95 95 96 97 96 96 96 97 97 99 97 98 97 98 98 99 98 100 98 99 99 101 99 100 99 100 100 101 100 102 100 101 101 103 101 102 101 102 102 103 102 104 102 103 103 105 103 104 103 104 104 105 104 106 104 105 105 107 105 106 105 106 106 107 106 2 106 107 107 0 107 2 107 108 108 109 108 110 108 111 109 108 109 110 109 111 110 110 110 112 110 113 111 109 111 108 111 113 112 114 112 115 112 113 113 115 113 109 113 116 114 111 114 112 114 116 115 112 115 117 115 118 116 114 116 113 116 118 117 119 117 114 117 120 118 117 118 121 118 120 119 116 119 117 119 122 120 123 120 119 120 122 121 119 121 118 121 124 122 121 122 125 122 124 123 120 123 121 123 126 124 123 124 122 124 126 125 127 125 123 125 128 126 125 126 129 126 128 127 124 127 125 127 130 128 131 128 127 128 130 129 127 129 126 129 132 130 128 130 129 130 132 131 129 131 133 131 134 132 135 132 131 132 134 133 131 133 130 133 136 134 133 134 137 134 136 135 132 135 133 135 138 136 139 136 135 136 138 137 135 137 134 137 140 138 137 138 141 138 140 139 136 139 137 139 142 140 143 140 139 140 142 141 139 141 138 141 144 142 141 142 145 142 144 143 140 143 141 143 146 144 147 144 143 144 146 145 143 145 142 145 148 146 145 146 149 146 148 147 144 147 145 147 150 148 148 148 149 148 151 149 152 149 147 149 151 150 147 150 146 150 153 151 148 151 150 151 154 152 153 152 150 152 155 153 152 153 151 153 155 154 156 154 152 154 157 155 153 155 154 155 158 156 157 156 154 156 159 157 156 157 155 157 159 158 160 158 156 158 161 159 157 159 158 159 162 160 161 160 158 160 163 161 160 161 159 161 164 162 163 162 159 162 165 163 161 163 162 163 166 164 165 164 162 164 167 165 163 165 164 165 168 166 167 166 164 166 169 167 165 167 166 167 170 168 169 168 166 168 171 169 167 169 168 169 171 170 168 170 172 170 173 171 169 171 170 171 174 172 173 172 170 172 175 173 171 173 172 173 175 174 172 174 176 174 177 175 173 175 174 175 178 176 177 176 174 176 179 177 175 177 176 177 179 178 176 178 180 178 181 179 177 179 178 179 182 180 183 180 181 180 182 181 181 181 178 181 184 182 179 182 180 182 184 183 180 183 185 183 186 184 187 184 183 184 186 185 183 185 182 185 188 186 184 186 185 186 188 187 185 187 189 187 190 188 191 188 187 188 190 189 187 189 186 189 192 190 189 190 193 190 192 191 188 191 189 191 194 192 191 192 190 192 195 193 193 193 196 193 195 194 192 194 193 194 197 195 198 195 191 195 197 196 191 196 194 196 199 197 196 197 200 197 199 198 195 198 196 198 201 199 202 199 198 199 201 200 198 200 197 200 203 201 200 201 204 201 203 202 199 202 200 202 205 203 202 203 201 203 205 204 206 204 202 204 207 205 203 205 204 205 208 206 209 206 206 206 208 207 206 207 205 207 210 208 204 208 211 208 210 209 207 209 204 209 212 210 211 210 213 210 212 211 210 211 211 211 214 212 215 212 209 212 214 213 209 213 208 213 216 214 213 214 217 214 216 215 212 215 213 215 218 216 219 216 215 216 218 217 215 217 214 217 220 218 221 218 219 218 220 219 219 219 218 219 222 220 217 220 221 220 222 221 221 221 220 221 222 222 216 222 217 222 223 223 224 223 225 223 226 224 227 224 223 224 223 225 227 225 224 225 225 226 228 226 229 226 224 227 228 227 225 227 230 228 231 228 226 228 226 229 231 229 227 229 229 230 232 230 233 230 228 231 232 231 229 231 234 232 235 232 230 232 230 233 235 233 231 233 233 234 236 234 237 234 232 235 236 235 233 235 238 236 239 236 234 236 234 237 239 237 235 237 237 238 240 238 241 238 236 239 240 239 237 239 238 240 242 240 239 240 238 241 243 241 242 241 241 242 244 242 245 242 240 243 244 243 241 243 243 244 246 244 242 244 243 245 247 245 246 245 245 246 248 246 249 246 244 247 248 247 245 247 247 248 250 248 246 248 247 249 251 249 250 249 249 250 252 250 253 250 248 251 252 251 249 251 251 252 254 252 250 252 251 253 255 253 254 253 253 254 256 254 257 254 252 255 256 255 253 255 255 256 258 256 254 256 256 257 259 257 257 257 259 258 260 258 257 258 255 259 261 259 258 259 261 260 262 260 258 260 259 261 263 261 260 261 263 262 264 262 260 262 261 263 265 263 262 263 265 264 266 264 262 264 263 265 267 265 264 265 267 266 268 266 264 266 265 267 269 267 266 267 269 268 270 268 266 268 267 269 271 269 268 269 271 270 272 270 268 270 269 271 273 271 270 271 273 272 274 272 270 272 271 273 275 273 272 273 275 274 276 274 272 274 273 275 277 275 274 275 277 276 278 276 274 276 275 277 279 277 276 277 279 278 280 278 276 278 277 279 281 279 278 279 281 280 282 280 278 280 279 281 283 281 280 281 283 282 284 282 280 282 281 283 285 283 282 283 285 284 286 284 282 284 283 285 287 285 284 285 287 286 288 286 284 286 285 287 289 287 286 287 289 288 290 288 286 288 287 289 291 289 288 289 291 290 292 290 288 290 289 291 293 291 290 291 293 292 294 292 290 292 291 293 295 293 292 293 295 294 296 294 292 294 293 295 297 295 294 295 297 296 298 296 294 296 295 297 299 297 296 297 299 298 300 298 296 298 297 299 301 299 298 299 301 300 302 300 298 300 299 301 303 301 300 301 301 302 304 302 302 302 303 303 305 303 300 303 304 304 306 304 302 304 303 305 307 305 305 305 307 306 308 306 305 306 304 307 309 307 306 307 309 308 310 308 306 308 307 309 311 309 308 309 309 310 312 310 310 310 311 311 313 311 308 311 312 312 314 312 310 312 312 313 315 313 314 313 316 314 317 314 311 314 311 315 317 315 313 315 315 316 318 316 314 316 315 317 319 317 318 317 316 318 320 318 317 318 321 319 320 319 316 319 319 320 322 320 318 320 319 321 323 321 322 321 321 322 324 322 320 322 325 323 324 323 321 323 323 324 326 324 322 324 323 325 327 325 326 325 326 326 327 326 328 326 325 327 329 327 324 327 330 328 329 328 325 328 327 329 331 329 328 329 328 330 331 330 332 330 330 331 333 331 329 331 334 332 333 332 330 332 331 333 335 333 332 333 332 334 335 334 336 334 334 335 337 335 333 335 338 336 337 336 334 336 335 337 339 337 336 337 336 338 339 338 340 338 338 339 341 339 337 339 339 340 341 340 340 340 340 341 341 341 338 341 342 342 343 342 344 342 342 343 345 343 343 343 346 344 344 344 347 344 346 345 342 345 344 345 348 346 347 346 349 346 348 347 346 347 347 347 350 348 349 348 351 348 350 349 348 349 349 349 352 350 351 350 353 350 352 351 350 351 351 351 354 352 353 352 355 352 354 353 352 353 353 353 356 354 355 354 357 354 356 355 354 355 355 355 358 356 357 356 359 356 358 357 356 357 357 357 360 358 359 358 361 358 360 359 358 359 359 359 362 360 361 360 363 360 362 361 360 361 361 361 364 362 363 362 365 362 364 363 362 363 363 363 366 364 365 364 367 364 366 365 364 365 365 365 368 366 367 366 369 366 368 367 366 367 367 367 370 368 369 368 371 368 370 369 368 369 369 369 372 370 371 370 373 370 372 371 370 371 371 371 374 372 373 372 375 372 374 373 372 373 373 373 376 374 375 374 377 374 376 375 374 375 375 375 378 376 377 376 379 376 378 377 376 377 377 377 380 378 379 378 381 378 380 379 378 379 379 379 382 380 380 380 381 380 382 381 381 381 383 381 384 382 382 382 383 382 384 383 383 383 385 383 386 384 384 384 385 384 386 385 385 385 387 385 388 386 386 386 387 386 388 387 387 387 389 387 390 388 388 388 389 388 390 389 389 389 391 389 392 390 391 390 393 390 392 391 390 391 391 391 394 392 393 392 395 392 394 393 392 393 393 393 396 394 395 394 397 394 396 395 394 395 395 395 398 396 397 396 399 396 398 397 396 397 397 397 400 398 399 398 401 398 400 399 398 399 399 399 402 400 401 400 403 400 402 401 400 401 401 401 404 402 403 402 405 402 404 403 402 403 403 403 406 404 405 404 407 404 406 405 404 405 405 405 408 406 407 406 409 406 408 407 406 407 407 407 410 408 409 408 411 408 410 409 408 409 409 409 412 410 411 410 413 410 412 411 410 411 411 411 414 412 413 412 415 412 414 413 412 413 413 413 416 414 415 414 417 414 416 415 414 415 415 415 418 416 417 416 419 416 418 417 416 417 417 417 420 418 419 418 421 418 420 419 418 419 419 419 422 420 421 420 423 420 422 421 420 421 421 421 424 422 423 422 425 422 424 423 422 423 423 423 426 424 425 424 427 424 426 425 424 425 425 425 428 426 427 426 429 426 428 427 426 427 427 427 430 428 428 428 429 428 430 429 429 429 431 429 432 430 430 430 431 430 432 431 431 431 433 431 434 432 432 432 433 432 434 433 433 433 435 433 436 434 434 434 435 434 436 435 435 435 437 435 438 436 436 436 437 436 438 437 437 437 439 437 440 438 438 438 439 438 440 439 439 439 441 439 442 440 440 440 441 440 442 441 441 441 443 441 444 442 442 442 443 442 444 443 443 443 445 443 446 444 444 444 445 444 446 445 445 445 447 445 448 446 446 446 447 446 448 447 447 447 449 447 450 448 448 448 449 448 450 449 449 449 451 449 452 450 450 450 451 450 452 451 451 451 453 451 454 452 452 452 453 452 454 453 453 453 455 453 456 454 454 454 455 454 456 455 455 455 457 455 458 456 456 456 457 456 458 457 457 457 459 457 460 458 459 458 461 458 460 459 458 459 459 459 345 460 461 460 343 460 345 461 460 461 461 461 462 462 463 462 464 462 464 463 463 463 465 463 463 464 466 464 465 464 465 465 466 465 467 465 467 466 468 466 469 466 466 467 468 467 467 467 469 468 470 468 471 468 468 469 470 469 469 469 471 470 472 470 473 470 470 471 472 471 471 471 473 472 474 472 475 472 472 473 474 473 473 473 475 474 476 474 477 474 474 475 476 475 475 475 477 476 478 476 479 476 476 477 478 477 477 477 479 478 480 478 481 478 478 479 480 479 479 479 481 480 482 480 483 480 480 481 482 481 481 481 483 482 484 482 485 482 482 483 484 483 483 483 485 484 486 484 487 484 484 485 486 485 485 485 487 486 488 486 489 486 486 487 488 487 487 487 489 488 490 488 491 488 488 489 490 489 489 489 491 490 492 490 493 490 490 491 492 491 491 491 493 492 494 492 495 492 492 493 494 493 493 493 495 494 496 494 497 494 494 495 496 495 495 495 497 496 498 496 499 496 496 497 498 497 497 497 499 498 500 498 501 498 498 499 500 499 499 499 501 500 502 500 503 500 500 501 502 501 501 501 502 502 504 502 503 502 503 503 504 503 505 503 504 504 506 504 505 504 505 505 506 505 507 505 506 506 508 506 507 506 507 507 508 507 509 507 508 508 510 508 509 508 509 509 510 509 511 509 510 510 512 510 511 510 511 511 512 511 513 511 512 512 514 512 513 512 513 513 514 513 515 513 514 514 516 514 515 514 515 515 516 515 517 515 516 516 518 516 517 516 517 517 518 517 519 517 518 518 520 518 519 518 519 519 520 519 521 519 521 520 520 520 522 520 520 521 523 521 522 521 522 522 523 522 524 522 523 523 525 523 524 523 524 524 525 524 526 524 525 525 527 525 526 525 526 526 527 526 528 526 527 527 529 527 528 527 528 528 529 528 530 528 529 529 531 529 530 529 530 530 531 530 532 530 531 531 533 531 532 531 532 532 533 532 534 532 533 533 535 533 534 533 534 534 535 534 536 534 536 535 537 535 538 535 535 536 537 536 536 536 538 537 539 537 540 537 537 538 539 538 538 538 540 539 541 539 542 539 539 540 541 540 540 540 542 541 543 541 544 541 541 542 543 542 542 542 544 543 545 543 546 543 543 544 545 544 544 544 546 545 547 545 548 545 545 546 547 546 546 546 548 547 549 547 550 547 547 548 549 548 548 548 550 549 551 549 552 549 549 550 551 550 550 550 551 551 553 551 552 551 552 552 553 552 554 552 554 553 555 553 556 553 553 554 555 554 554 554 555 555 557 555 556 555 556 556 557 556 558 556 557 557 559 557 558 557 558 558 559 558 560 558 559 559 561 559 560 559 560 560 561 560 562 560 561 561 563 561 562 561 562 562 563 562 564 562 563 563 565 563 564 563 564 564 565 564 566 564 565 565 567 565 566 565 566 566 567 566 568 566 567 567 569 567 568 567 568 568 569 568 570 568 569 569 571 569 570 569 570 570 571 570 572 570 571 571 573 571 572 571 572 572 573 572 574 572 573 573 575 573 574 573 574 574 575 574 576 574 575 575 577 575 576 575 577 576 462 576 576 576 576 577 462 577 464 577 578 578 532 578 534 578 579 579 578 579 534 579 579 580 534 580 536 580 580 581 532 581 578 581 580 582 530 582 532 582 581 583 579 583 536 583 581 584 536 584 538 584 582 585 528 585 530 585 582 586 530 586 580 586 583 587 581 587 538 587 583 588 538 588 540 588 583 589 540 589 542 589 584 590 526 590 528 590 584 591 528 591 582 591 585 592 542 592 544 592 585 593 583 593 542 593 586 594 524 594 526 594 586 595 526 595 584 595 587 596 544 596 546 596 587 597 585 597 544 597 588 598 522 598 524 598 588 599 524 599 586 599 589 600 546 600 548 600 589 601 587 601 546 601 590 602 521 602 522 602 590 603 522 603 588 603 591 604 548 604 550 604 591 605 589 605 548 605 592 606 519 606 521 606 592 607 521 607 590 607 593 608 550 608 552 608 593 609 591 609 550 609 594 610 517 610 519 610 594 611 519 611 592 611 595 612 552 612 554 612 595 613 593 613 552 613 596 614 515 614 517 614 596 615 517 615 594 615 597 616 595 616 554 616 556 617 597 617 554 617 598 618 513 618 515 618 598 619 515 619 596 619 599 620 597 620 556 620 558 621 599 621 556 621 600 622 513 622 598 622 600 623 511 623 513 623 601 624 599 624 558 624 560 625 601 625 558 625 602 626 511 626 600 626 509 627 511 627 602 627 603 628 601 628 560 628 562 629 603 629 560 629 604 630 509 630 602 630 507 631 509 631 604 631 605 632 603 632 562 632 564 633 605 633 562 633 606 634 507 634 604 634 505 635 507 635 606 635 607 636 605 636 564 636 566 637 607 637 564 637 608 638 505 638 606 638 609 639 607 639 566 639 503 640 505 640 608 640 568 641 609 641 566 641 610 642 503 642 608 642 611 643 609 643 568 643 501 644 503 644 610 644 570 645 611 645 568 645 612 646 611 646 570 646 499 647 501 647 610 647 499 648 610 648 613 648 572 649 612 649 570 649 614 650 612 650 572 650 497 651 499 651 613 651 497 652 613 652 615 652 574 653 614 653 572 653 616 654 614 654 574 654 495 655 497 655 615 655 495 656 615 656 617 656 576 657 618 657 616 657 576 658 616 658 574 658 493 659 495 659 617 659 493 660 617 660 619 660 464 661 618 661 576 661 491 662 493 662 619 662 491 663 619 663 620 663 465 664 621 664 618 664 465 665 618 665 464 665 489 666 620 666 622 666 489 667 491 667 620 667 467 668 623 668 621 668 467 669 621 669 465 669 487 670 622 670 624 670 487 671 489 671 622 671 469 672 625 672 623 672 469 673 623 673 467 673 485 674 624 674 626 674 485 675 487 675 624 675 471 676 627 676 625 676 471 677 625 677 469 677 483 678 626 678 628 678 483 679 485 679 626 679 473 680 629 680 627 680 473 681 627 681 471 681 481 682 628 682 630 682 481 683 483 683 628 683 475 684 631 684 629 684 475 685 629 685 473 685 479 686 481 686 630 686 479 687 630 687 632 687 477 688 632 688 631 688 477 689 631 689 475 689 477 690 479 690 632 690 311 691 307 691 520 691 520 692 307 692 523 692 307 693 303 693 523 693 523 694 303 694 525 694 303 695 299 695 525 695 525 696 299 696 527 696 299 697 295 697 527 697 527 698 295 698 529 698 295 699 291 699 529 699 291 700 531 700 529 700 291 701 287 701 531 701 287 702 533 702 531 702 287 703 283 703 533 703 283 704 535 704 533 704 283 705 279 705 535 705 279 706 537 706 535 706 279 707 275 707 537 707 275 708 539 708 537 708 275 709 271 709 539 709 271 710 541 710 539 710 271 711 267 711 541 711 267 712 543 712 541 712 267 713 263 713 543 713 263 714 545 714 543 714 263 715 259 715 545 715 259 716 547 716 545 716 259 717 256 717 547 717 256 718 549 718 547 718 256 719 252 719 549 719 252 720 551 720 549 720 252 721 248 721 551 721 248 722 553 722 551 722 248 723 244 723 553 723 244 724 555 724 553 724 244 725 240 725 555 725 240 726 557 726 555 726 240 727 236 727 557 727 236 728 559 728 557 728 236 729 232 729 559 729 232 730 561 730 559 730 232 731 228 731 561 731 228 732 563 732 561 732 228 733 224 733 563 733 224 734 565 734 563 734 224 735 227 735 565 735 227 736 567 736 565 736 227 737 231 737 567 737 231 738 569 738 567 738 231 739 235 739 569 739 235 740 571 740 569 740 235 741 239 741 571 741 239 742 573 742 571 742 239 743 242 743 573 743 242 744 575 744 573 744 242 745 246 745 575 745 246 746 577 746 575 746 246 747 250 747 577 747 250 748 462 748 577 748 250 749 254 749 462 749 254 750 463 750 462 750 254 751 258 751 463 751 258 752 466 752 463 752 258 753 262 753 466 753 262 754 468 754 466 754 262 755 266 755 468 755 266 756 470 756 468 756 266 757 270 757 470 757 270 758 472 758 470 758 270 759 274 759 472 759 274 760 474 760 472 760 274 761 278 761 474 761 278 762 476 762 474 762 278 763 282 763 476 763 282 764 478 764 476 764 282 765 286 765 478 765 286 766 480 766 478 766 286 767 290 767 480 767 290 768 482 768 480 768 290 769 294 769 482 769 294 770 484 770 482 770 294 771 298 771 484 771 298 772 486 772 484 772 298 773 302 773 486 773 302 774 488 774 486 774 302 775 306 775 488 775 306 776 490 776 488 776 306 777 310 777 490 777 310 778 492 778 490 778 310 779 314 779 492 779 314 780 494 780 492 780 314 781 318 781 494 781 318 782 496 782 494 782 318 783 322 783 496 783 322 784 498 784 496 784 322 785 326 785 498 785 326 786 500 786 498 786 326 787 328 787 500 787 328 788 502 788 500 788 328 789 332 789 502 789 332 790 504 790 502 790 332 791 336 791 504 791 336 792 506 792 504 792 336 793 340 793 506 793 340 794 508 794 506 794 340 795 338 795 508 795 338 796 510 796 508 796 338 797 334 797 510 797 334 798 512 798 510 798 334 799 330 799 512 799 330 800 514 800 512 800 330 801 325 801 514 801 325 802 516 802 514 802 325 803 321 803 516 803 321 804 518 804 516 804 321 805 316 805 518 805 316 806 520 806 518 806 316 807 311 807 520 807 191 808 198 808 54 808 54 809 198 809 53 809 198 810 202 810 53 810 53 811 202 811 51 811 202 812 206 812 51 812 51 813 206 813 49 813 206 814 209 814 49 814 49 815 209 815 47 815 209 816 215 816 47 816 215 817 45 817 47 817 215 818 219 818 45 818 219 819 43 819 45 819 219 820 221 820 43 820 221 821 41 821 43 821 221 822 217 822 41 822 217 823 39 823 41 823 217 824 213 824 39 824 213 825 37 825 39 825 213 826 211 826 37 826 211 827 35 827 37 827 211 828 204 828 35 828 204 829 33 829 35 829 204 830 200 830 33 830 200 831 31 831 33 831 200 832 196 832 31 832 196 833 29 833 31 833 196 834 193 834 29 834 193 835 27 835 29 835 193 836 189 836 27 836 189 837 25 837 27 837 189 838 185 838 25 838 185 839 23 839 25 839 185 840 180 840 23 840 180 841 21 841 23 841 180 842 176 842 21 842 176 843 19 843 21 843 176 844 172 844 19 844 172 845 17 845 19 845 172 846 168 846 17 846 168 847 15 847 17 847 168 848 164 848 15 848 164 849 13 849 15 849 164 850 159 850 13 850 159 851 11 851 13 851 159 852 155 852 11 852 155 853 9 853 11 853 155 854 151 854 9 854 151 855 7 855 9 855 151 856 146 856 7 856 146 857 5 857 7 857 146 858 142 858 5 858 142 859 3 859 5 859 142 860 138 860 3 860 138 861 2 861 3 861 138 862 134 862 2 862 134 863 106 863 2 863 134 864 130 864 106 864 130 865 104 865 106 865 130 866 126 866 104 866 126 867 102 867 104 867 126 868 122 868 102 868 122 869 100 869 102 869 122 870 118 870 100 870 118 871 98 871 100 871 118 872 113 872 98 872 113 873 96 873 98 873 113 874 108 874 96 874 108 875 94 875 96 875 108 876 111 876 94 876 111 877 92 877 94 877 111 878 116 878 92 878 116 879 90 879 92 879 116 880 120 880 90 880 120 881 88 881 90 881 120 882 124 882 88 882 124 883 86 883 88 883 124 884 128 884 86 884 128 885 84 885 86 885 128 886 132 886 84 886 132 887 82 887 84 887 132 888 136 888 82 888 136 889 80 889 82 889 136 890 140 890 80 890 140 891 78 891 80 891 140 892 144 892 78 892 144 893 76 893 78 893 144 894 148 894 76 894 148 895 74 895 76 895 148 896 153 896 74 896 153 897 72 897 74 897 153 898 157 898 72 898 157 899 70 899 72 899 157 900 161 900 70 900 161 901 68 901 70 901 161 902 165 902 68 902 165 903 66 903 68 903 165 904 169 904 66 904 169 905 64 905 66 905 169 906 173 906 64 906 173 907 62 907 64 907 173 908 177 908 62 908 177 909 60 909 62 909 177 910 181 910 60 910 181 911 58 911 60 911 181 912 183 912 58 912 183 913 56 913 58 913 183 914 187 914 56 914 187 915 54 915 56 915 187 916 191 916 54 916 190 917 343 917 194 917 344 918 343 918 190 918 186 919 344 919 190 919 347 920 344 920 186 920 182 921 347 921 186 921 349 922 347 922 182 922 178 923 349 923 182 923 351 924 349 924 178 924 174 925 351 925 178 925 353 926 351 926 174 926 170 927 353 927 174 927 355 928 353 928 170 928 166 929 355 929 170 929 357 930 355 930 166 930 162 931 357 931 166 931 359 932 357 932 162 932 158 933 359 933 162 933 361 934 359 934 158 934 154 935 361 935 158 935 363 936 361 936 154 936 150 937 363 937 154 937 365 938 363 938 150 938 149 939 365 939 150 939 367 940 365 940 149 940 145 941 367 941 149 941 369 942 367 942 145 942 141 943 369 943 145 943 371 944 369 944 141 944 137 945 371 945 141 945 373 946 371 946 137 946 133 947 373 947 137 947 375 948 373 948 133 948 129 949 375 949 133 949 377 950 375 950 129 950 125 951 377 951 129 951 379 952 377 952 125 952 121 953 379 953 125 953 381 954 379 954 121 954 117 955 381 955 121 955 383 956 381 956 117 956 112 957 383 957 117 957 385 958 383 958 112 958 110 959 385 959 112 959 387 960 385 960 110 960 109 961 387 961 110 961 389 962 387 962 109 962 115 963 389 963 109 963 391 964 389 964 115 964 114 965 391 965 115 965 393 966 391 966 114 966 119 967 393 967 114 967 395 968 393 968 119 968 123 969 395 969 119 969 397 970 395 970 123 970 127 971 397 971 123 971 399 972 397 972 127 972 131 973 399 973 127 973 401 974 399 974 131 974 135 975 401 975 131 975 403 976 401 976 135 976 139 977 403 977 135 977 405 978 403 978 139 978 143 979 405 979 139 979 407 980 405 980 143 980 147 981 407 981 143 981 409 982 407 982 147 982 152 983 409 983 147 983 411 984 409 984 152 984 156 985 411 985 152 985 413 986 411 986 156 986 160 987 413 987 156 987 415 988 413 988 160 988 163 989 415 989 160 989 417 990 415 990 163 990 167 991 417 991 163 991 419 992 417 992 167 992 171 993 419 993 167 993 421 994 419 994 171 994 175 995 421 995 171 995 423 996 421 996 175 996 179 997 423 997 175 997 425 998 423 998 179 998 184 999 425 999 179 999 427 1000 425 1000 184 1000 188 1001 427 1001 184 1001 429 1002 427 1002 188 1002 192 1003 429 1003 188 1003 431 1004 429 1004 192 1004 195 1005 431 1005 192 1005 433 1006 431 1006 195 1006 199 1007 433 1007 195 1007 435 1008 433 1008 199 1008 203 1009 435 1009 199 1009 437 1010 435 1010 203 1010 207 1011 437 1011 203 1011 439 1012 437 1012 207 1012 210 1013 439 1013 207 1013 441 1014 439 1014 210 1014 212 1015 441 1015 210 1015 443 1016 441 1016 212 1016 216 1017 443 1017 212 1017 445 1018 443 1018 216 1018 222 1019 445 1019 216 1019 447 1020 445 1020 222 1020 220 1021 447 1021 222 1021 449 1022 447 1022 220 1022 218 1023 449 1023 220 1023 451 1024 449 1024 218 1024 214 1025 451 1025 218 1025 453 1026 451 1026 214 1026 208 1027 453 1027 214 1027 455 1028 453 1028 208 1028 205 1029 455 1029 208 1029 457 1030 455 1030 205 1030 201 1031 457 1031 205 1031 459 1032 457 1032 201 1032 197 1033 459 1033 201 1033 461 1034 459 1034 197 1034 194 1035 461 1035 197 1035 343 1036 461 1036 194 1036 460 1037 345 1037 313 1037 460 1038 313 1038 317 1038 458 1039 460 1039 317 1039 458 1040 317 1040 320 1040 456 1041 458 1041 320 1041 456 1042 320 1042 324 1042 454 1043 456 1043 324 1043 454 1044 324 1044 329 1044 452 1045 454 1045 329 1045 452 1046 329 1046 333 1046 450 1047 452 1047 333 1047 450 1048 333 1048 337 1048 448 1049 450 1049 337 1049 448 1050 337 1050 341 1050 446 1051 341 1051 339 1051 446 1052 448 1052 341 1052 444 1053 339 1053 335 1053 444 1054 446 1054 339 1054 442 1055 335 1055 331 1055 442 1056 444 1056 335 1056 440 1057 331 1057 327 1057 440 1058 442 1058 331 1058 438 1059 327 1059 323 1059 438 1060 440 1060 327 1060 436 1061 323 1061 319 1061 436 1062 438 1062 323 1062 434 1063 319 1063 315 1063 434 1064 436 1064 319 1064 432 1065 315 1065 312 1065 432 1066 434 1066 315 1066 430 1067 312 1067 309 1067 430 1068 432 1068 312 1068 428 1069 309 1069 304 1069 428 1070 430 1070 309 1070 426 1071 304 1071 301 1071 426 1072 428 1072 304 1072 424 1073 301 1073 297 1073 424 1074 426 1074 301 1074 422 1075 424 1075 297 1075 422 1076 297 1076 293 1076 420 1077 422 1077 293 1077 420 1078 293 1078 289 1078 418 1079 420 1079 289 1079 418 1080 289 1080 285 1080 416 1081 418 1081 285 1081 416 1082 285 1082 281 1082 414 1083 416 1083 281 1083 414 1084 281 1084 277 1084 412 1085 414 1085 277 1085 412 1086 277 1086 273 1086 410 1087 412 1087 273 1087 410 1088 273 1088 269 1088 408 1089 410 1089 269 1089 408 1090 269 1090 265 1090 406 1091 265 1091 261 1091 406 1092 408 1092 265 1092 404 1093 261 1093 255 1093 404 1094 406 1094 261 1094 402 1095 255 1095 251 1095 402 1096 404 1096 255 1096 400 1097 251 1097 247 1097 400 1098 402 1098 251 1098 398 1099 247 1099 243 1099 398 1100 400 1100 247 1100 396 1101 243 1101 238 1101 396 1102 398 1102 243 1102 394 1103 238 1103 234 1103 394 1104 396 1104 238 1104 392 1105 234 1105 230 1105 392 1106 394 1106 234 1106 390 1107 230 1107 226 1107 390 1108 392 1108 230 1108 388 1109 226 1109 223 1109 388 1110 390 1110 226 1110 386 1111 223 1111 225 1111 386 1112 388 1112 223 1112 384 1113 225 1113 229 1113 384 1114 386 1114 225 1114 382 1115 229 1115 233 1115 382 1116 384 1116 229 1116 380 1117 233 1117 237 1117 380 1118 382 1118 233 1118 378 1119 237 1119 241 1119 378 1120 380 1120 237 1120 376 1121 241 1121 245 1121 376 1122 378 1122 241 1122 374 1123 245 1123 249 1123 374 1124 376 1124 245 1124 372 1125 374 1125 249 1125 372 1126 249 1126 253 1126 370 1127 372 1127 253 1127 370 1128 253 1128 257 1128 368 1129 370 1129 257 1129 368 1130 257 1130 260 1130 366 1131 260 1131 264 1131 366 1132 368 1132 260 1132 364 1133 264 1133 268 1133 364 1134 366 1134 264 1134 362 1135 268 1135 272 1135 362 1136 364 1136 268 1136 360 1137 272 1137 276 1137 360 1138 362 1138 272 1138 358 1139 276 1139 280 1139 358 1140 360 1140 276 1140 356 1141 280 1141 284 1141 356 1142 358 1142 280 1142 354 1143 284 1143 288 1143 354 1144 356 1144 284 1144 352 1145 288 1145 292 1145 352 1146 354 1146 288 1146 350 1147 292 1147 296 1147 350 1148 352 1148 292 1148 348 1149 296 1149 300 1149 348 1150 350 1150 296 1150 346 1151 300 1151 305 1151 346 1152 348 1152 300 1152 342 1153 305 1153 308 1153 342 1154 346 1154 305 1154 345 1155 308 1155 313 1155 345 1156 342 1156 308 1156 618 1157 621 1157 0 1157 0 1158 621 1158 1 1158 621 1159 623 1159 1 1159 1 1160 623 1160 4 1160 623 1161 625 1161 4 1161 4 1162 625 1162 6 1162 625 1163 627 1163 6 1163 6 1164 627 1164 8 1164 627 1165 629 1165 8 1165 8 1166 629 1166 10 1166 629 1167 631 1167 10 1167 10 1168 631 1168 12 1168 631 1169 632 1169 12 1169 12 1170 632 1170 14 1170 632 1171 630 1171 14 1171 14 1172 630 1172 16 1172 630 1173 628 1173 16 1173 16 1174 628 1174 18 1174 628 1175 626 1175 18 1175 626 1176 20 1176 18 1176 626 1177 624 1177 20 1177 624 1178 22 1178 20 1178 624 1179 622 1179 22 1179 622 1180 24 1180 22 1180 622 1181 620 1181 24 1181 620 1182 26 1182 24 1182 620 1183 619 1183 26 1183 619 1184 28 1184 26 1184 619 1185 617 1185 28 1185 617 1186 30 1186 28 1186 617 1187 615 1187 30 1187 615 1188 32 1188 30 1188 615 1189 613 1189 32 1189 613 1190 34 1190 32 1190 613 1191 610 1191 34 1191 610 1192 36 1192 34 1192 610 1193 608 1193 36 1193 608 1194 38 1194 36 1194 608 1195 606 1195 38 1195 606 1196 40 1196 38 1196 606 1197 604 1197 40 1197 604 1198 42 1198 40 1198 604 1199 602 1199 42 1199 602 1200 44 1200 42 1200 602 1201 600 1201 44 1201 600 1202 46 1202 44 1202 600 1203 598 1203 46 1203 598 1204 48 1204 46 1204 598 1205 596 1205 48 1205 596 1206 50 1206 48 1206 596 1207 594 1207 50 1207 594 1208 52 1208 50 1208 594 1209 592 1209 52 1209 592 1210 55 1210 52 1210 592 1211 590 1211 55 1211 590 1212 57 1212 55 1212 590 1213 588 1213 57 1213 588 1214 59 1214 57 1214 588 1215 586 1215 59 1215 586 1216 61 1216 59 1216 586 1217 584 1217 61 1217 584 1218 63 1218 61 1218 584 1219 582 1219 63 1219 582 1220 65 1220 63 1220 582 1221 580 1221 65 1221 580 1222 67 1222 65 1222 580 1223 578 1223 67 1223 578 1224 69 1224 67 1224 578 1225 579 1225 69 1225 579 1226 71 1226 69 1226 579 1227 581 1227 71 1227 581 1228 73 1228 71 1228 581 1229 583 1229 73 1229 583 1230 75 1230 73 1230 583 1231 585 1231 75 1231 585 1232 77 1232 75 1232 585 1233 587 1233 77 1233 587 1234 79 1234 77 1234 587 1235 589 1235 79 1235 589 1236 81 1236 79 1236 589 1237 591 1237 81 1237 591 1238 83 1238 81 1238 591 1239 593 1239 83 1239 593 1240 85 1240 83 1240 593 1241 595 1241 85 1241 595 1242 87 1242 85 1242 595 1243 597 1243 87 1243 597 1244 89 1244 87 1244 597 1245 599 1245 89 1245 599 1246 91 1246 89 1246 599 1247 601 1247 91 1247 601 1248 93 1248 91 1248 601 1249 603 1249 93 1249 603 1250 95 1250 93 1250 603 1251 605 1251 95 1251 605 1252 97 1252 95 1252 605 1253 607 1253 97 1253 607 1254 99 1254 97 1254 607 1255 609 1255 99 1255 609 1256 101 1256 99 1256 609 1257 611 1257 101 1257 611 1258 103 1258 101 1258 611 1259 612 1259 103 1259 612 1260 105 1260 103 1260 612 1261 614 1261 105 1261 614 1262 107 1262 105 1262 614 1263 616 1263 107 1263 616 1264 0 1264 107 1264 616 1265 618 1265 0 1265</p>
        </triangles>
      </mesh>
    </geometry>
    <geometry id="geometry1" name="Mesh009">
      <mesh>
        <source id="cubeverts-array1">
          <float_array count="7170" id="cubeverts-array1-array">0.01679523 -0.0118621 0.0141 0.01659024 -0.01279735 0.0141 0.01560203 -0.01312886 0.0141 0.01609505 -0.01108173 0.0141 0.01462686 -0.01343388 0.0141 0.01767044 -0.01243938 0.0141 0.01762571 -0.01267794 0.0141 0.01561568 -0.0101493 0.0141 0.01360654 -0.01348831 0.0141 0.01260446 -0.01328876 0.0141 0.01168283 -0.01284762 0.0141 0.0108989 -0.01219229 0.0141 0.01866344 -0.01277581 0.0141 0.01538846 -0.009125772 0.0141 0.01030136 -0.01136347 0.0141 0.00992732 -0.01041263 0.0141 0.0098 -0.009398829 0.0141 0.01542826 -0.008078085 0.0141 0.01573246 -0.007074747 0.0141 0.01656993 -0.004795828 0.0141 0.01707914 -0.002421904 0.0141 0.01725 4.281713e-17 0.0141 0.0098 0.009398829 0.0141 0.01707914 0.002421904 0.0141 0.01656993 0.004795828 0.0141 0.01573246 0.007074747 0.0141 0.01542826 0.008078085 0.0141 0.01538846 0.009125772 0.0141 0.00992732 0.01041263 0.0141 0.01030136 0.01136347 0.0141 0.0108989 0.01219229 0.0141 0.01561568 0.0101493 0.0141 0.01168283 0.01284762 0.0141 0.01260446 0.01328876 0.0141 0.01360654 0.01348831 0.0141 0.01462686 0.01343388 0.0141 0.01609505 0.01108173 0.0141 0.01560203 0.01312886 0.0141 0.01679523 0.0118621 0.0141 0.01659024 0.01279735 0.0141 0.01767044 0.01243938 0.0141 0.01762571 0.01267794 0.0141 0.01866344 0.01277581 0.0141 -0.002901713 0.02661265 0.006099997 -0.00106066 0.02606066 0.006099997 -0.002689072 0.02607556 0.006099997 -0.00305869 0.02708033 0.006099997 -0.00075 0.02629904 0.006099997 -0.003096415 0.02757221 0.006099997 -0.003012593 0.02805835 0.006099997 -0.002812323 0.02850919 0.006099997 -0.002507791 0.0288973 0.006099997 -0.002117524 0.02919905 0.006099997 -0.001665266 0.0293961 0.006099997 -0.001299038 0.02575 0.006099997 -0.002554024 0.02551392 0.006099997 -0.0003929375 0.02949738 0.006099997 -0.0003882286 0.02644889 0.006099997 -0.001178534 0.02947645 0.006099997 -0.001448889 0.02538823 0.006099997 -0.002499252 0.02493886 0.006099997 -0.0015 0.025 0.006099997 0.0003929375 0.02949738 0.006099997 9.554928e-18 0.0265 0.006099997 -0.001448889 0.02461177 0.006099997 -0.002401127 0.02430387 0.006099997 0.0003882286 0.02644889 0.006099997 0.001665266 0.0293961 0.006099997 0.001178534 0.02947645 0.006099997 -0.001299038 0.02425 0.006099997 -0.002144396 0.02371487 0.006099997 0.00075 0.02629904 0.006099997 0.002117524 0.02919905 0.006099997 0.002507791 0.0288973 0.006099997 0.002812323 0.02850919 0.006099997 0.003012593 0.02805835 0.006099997 -0.00106066 0.02393934 0.006099997 -0.001746018 0.02321075 0.006099997 0.003096415 0.02757221 0.006099997 -0.00075 0.02370096 0.006099997 -0.001232308 0.02282482 0.006099997 0.00305869 0.02708033 0.006099997 -0.0003882286 0.02355111 0.006099997 0.002901713 0.02661265 0.006099997 0.00106066 0.02606066 0.006099997 0.002689072 0.02607556 0.006099997 0.001299038 0.02575 0.006099997 -0.0006371991 0.02258257 0.006099997 7.671571e-18 0.0235 0.006099997 0.002554024 0.02551392 0.006099997 0.001448889 0.02538823 0.006099997 6.270656e-18 0.0225 0.006099997 0.002499252 0.02493886 0.006099997 0.0015 0.025 0.006099997 0.001448889 0.02461177 0.006099997 0.0003882286 0.02355111 0.006099997 0.0006371991 0.02258257 0.006099997 0.002401127 0.02430387 0.006099997 0.001299038 0.02425 0.006099997 0.00075 0.02370096 0.006099997 0.001232308 0.02282482 0.006099997 0.002144396 0.02371487 0.006099997 0.00106066 0.02393934 0.006099997 0.001746018 0.02321075 0.006099997 -0.01252026 0.02664847 0.006099997 -0.01240071 0.0266292 0.006099997 -0.01264094 0.02663844 0.006099997 -0.01972785 0.02193312 0.006099997 -0.01944544 0.01944544 0.006099997 -0.02172185 0.01996024 0.006099997 -0.0122893 0.02658176 0.006099997 -0.01984273 0.01892767 0.006099997 -0.01892767 0.01984273 0.006099997 -0.01832472 0.02009248 0.006099997 -0.0222877 0.01916991 0.006099997 -0.02009248 0.01832472 0.006099997 -0.02264621 0.01826642 0.006099997 -0.01219256 0.02650892 0.006099997 -0.01206461 0.0263054 0.006099997 -0.01211617 0.02641497 0.006099997 -0.0120409 0.02618666 0.006099997 -0.01204643 0.02606569 0.006099997 -0.01208087 0.0259496 0.006099997 -0.01275566 0.02659968 0.006099997 -0.01767767 0.02017767 0.006099997 -0.01755549 0.02370769 0.006099997 -0.02017767 0.01767767 0.006099997 -0.02277621 0.01730314 0.006099997 -0.01230652 0.02527563 0.006099997 -0.0152244 0.02526792 0.006099997 -0.02267003 0.01633695 0.006099997 -0.02009248 0.01703062 0.006099997 -0.02233393 0.01542489 0.006099997 -0.01703062 0.02009248 0.006099997 -0.01241238 0.02457281 0.006099997 -0.01984273 0.01642767 0.006099997 -0.02178777 0.01462083 0.006099997 -0.01642767 0.01984273 0.006099997 -0.01239528 0.02386227 0.006099997 -0.01239252 0.02344608 0.006099997 -0.01247597 0.02303833 0.006099997 -0.01944544 0.0159099 0.006099997 -0.01264199 0.02265668 0.006099997 -0.02106379 0.01397225 0.006099997 -0.02098321 0.01391462 0.006099997 -0.01298607 0.02186247 0.006099997 -0.02090404 0.01385506 0.006099997 -0.02082634 0.01379361 0.006099997 -0.01892767 0.01551261 0.006099997 -0.01315575 0.02101373 0.006099997 -0.0159099 0.01944544 0.006099997 -0.01314348 0.02014827 0.006099997 -0.01551261 0.01892767 0.006099997 -0.01832472 0.01526285 0.006099997 -0.0198945 0.01319597 0.006099997 -0.01294979 0.01930468 0.006099997 -0.01526285 0.01832472 0.006099997 -0.01284448 0.01895842 0.006099997 -0.018854 0.01281801 0.006099997 -0.01767767 0.01517767 0.006099997 -0.0127645 0.01860545 0.006099997 -0.01271026 0.01824762 0.006099997 -0.01517767 0.01767767 0.006099997 -0.01775583 0.01267828 0.006099997 -0.01248867 0.0173098 0.006099997 -0.01526285 0.01703062 0.006099997 -0.01703062 0.01526285 0.006099997 -0.01665384 0.01278362 0.006099997 -0.01560203 0.01312886 0.006099997 -0.01642767 0.01551261 0.006099997 -0.0120543 0.0164496 0.006099997 -0.01551261 0.01642767 0.006099997 -0.01462686 0.01343388 0.006099997 -0.0159099 0.0159099 0.006099997 -0.01360654 0.01348831 0.006099997 -0.01143116 0.01571454 0.006099997 -0.01260446 0.01328876 0.006099997 -0.01065365 0.01514524 0.006099997 -0.01168283 0.01284762 0.006099997 -0.009520596 0.01433652 0.006099997 -0.0108989 0.01219229 0.006099997 -0.008582363 0.01330814 0.006099997 -0.01030136 0.01136347 0.006099997 -0.007880695 0.01210585 0.006099997 -0.00992732 0.01041263 0.006099997 -0.007446806 0.01078313 0.006099997 -0.0098 0.009398829 0.006099997 -0.0073 0.009398829 0.006099997 0.01219256 0.02650892 0.006099997 0.01206461 0.0263054 0.006099997 0.01211617 0.02641497 0.006099997 0.01208087 0.0259496 0.006099997 0.0120409 0.02618666 0.006099997 0.01204643 0.02606569 0.006099997 0.01275566 0.02659968 0.006099997 0.0122893 0.02658176 0.006099997 0.01240071 0.0266292 0.006099997 0.01252026 0.02664847 0.006099997 0.01264094 0.02663844 0.006099997 0.01230652 0.02527563 0.006099997 -0.0073 0.003438687 0.006099997 -0.008526329 0.0019049 0.006099997 -0.009059784 0.001410329 0.006099997 -0.009463297 0.0008050587 0.006099997 -0.007892308 0.002261539 0.006099997 -0.007774271 0.002294453 0.006099997 0.0152244 0.02526792 0.006099997 0.01241238 0.02457281 0.006099997 0.01239528 0.02386227 0.006099997 0.01239252 0.02344608 0.006099997 0.01247597 0.02303833 0.006099997 0.01264199 0.02265668 0.006099997 -0.007223814 0.002651969 0.006099997 -0.007651772 0.002297669 0.006099997 -0.007532171 0.002270992 0.006099997 -0.00742265 0.002216025 0.006099997 -0.007329788 0.00213607 0.006099997 -0.007259163 0.002035929 0.006099997 -0.007215016 0.001921617 0.006099997 -0.006998086 0.00189449 0.006099997 -0.0072 0.0018 0.006099997 0.01298607 0.02186247 0.006099997 -0.006631206 0.001194399 0.006099997 0.01755549 0.02370769 0.006099997 -0.02082634 -0.01379361 0.006099997 -0.01944544 -0.0159099 0.006099997 -0.02090404 -0.01385506 0.006099997 -0.02098321 -0.01391462 0.006099997 -0.02106379 -0.01397225 0.006099997 -0.02178777 -0.01462083 0.006099997 0.01315575 0.02101373 0.006099997 0.0159099 0.01944544 0.006099997 0.01314348 0.02014827 0.006099997 -0.01984273 -0.01642767 0.006099997 -0.02233393 -0.01542489 0.006099997 0.01551261 0.01892767 0.006099997 0.01294979 0.01930468 0.006099997 0.01642767 0.01984273 0.006099997 -0.01892767 -0.01551261 0.006099997 -0.0198945 -0.01319597 0.006099997 0.01703062 0.02009248 0.006099997 0.01526285 0.01832472 0.006099997 0.01284448 0.01895842 0.006099997 0.0127645 0.01860545 0.006099997 0.01271026 0.01824762 0.006099997 -0.01832472 -0.01526285 0.006099997 -0.018854 -0.01281801 0.006099997 -0.02009248 -0.01703062 0.006099997 -0.02267003 -0.01633695 0.006099997 -0.02277621 -0.01730314 0.006099997 -0.01767767 -0.01517767 0.006099997 -0.01665384 -0.01278362 0.006099997 -0.01775583 -0.01267828 0.006099997 -0.02017767 -0.01767767 0.006099997 -0.02264621 -0.01826642 0.006099997 0.01767767 0.02017767 0.006099997 0.01517767 0.01767767 0.006099997 0.01248867 0.0173098 0.006099997 0.01972785 0.02193312 0.006099997 0.01526285 0.01703062 0.006099997 0.0120543 0.0164496 0.006099997 -0.02009248 -0.01832472 0.006099997 -0.0222877 -0.01916991 0.006099997 -0.01560203 -0.01312886 0.006099997 -0.01703062 -0.01526285 0.006099997 0.01832472 0.02009248 0.006099997 -0.02172185 -0.01996024 0.006099997 0.009520596 0.01433652 0.006099997 0.0108989 0.01219229 0.006099997 0.008582363 0.01330814 0.006099997 0.01168283 0.01284762 0.006099997 0.01065365 0.01514524 0.006099997 0.01030136 0.01136347 0.006099997 0.007880695 0.01210585 0.006099997 -0.01984273 -0.01892767 0.006099997 -0.01642767 -0.01551261 0.006099997 -0.01462686 -0.01343388 0.006099997 0.01551261 0.01642767 0.006099997 0.01892767 0.01984273 0.006099997 0.01260446 0.01328876 0.006099997 0.01143116 0.01571454 0.006099997 0.00992732 0.01041263 0.006099997 0.007446806 0.01078313 0.006099997 -0.0159099 -0.0159099 0.006099997 -0.01944544 -0.01944544 0.006099997 0.01944544 0.01944544 0.006099997 0.01360654 0.01348831 0.006099997 0.0098 0.009398829 0.006099997 0.0073 0.009398829 0.006099997 -0.01360654 -0.01348831 0.006099997 -0.01551261 -0.01642767 0.006099997 0.01642767 0.01551261 0.006099997 0.01462686 0.01343388 0.006099997 0.0159099 0.0159099 0.006099997 -0.0098 -0.009398829 0.006099997 -0.0098 -0.01106295 0.006099997 -0.00992732 -0.01041263 0.006099997 -0.01030136 -0.01136347 0.006099997 0.02172185 0.01996024 0.006099997 0.01984273 0.01892767 0.006099997 -0.01526285 -0.01703062 0.006099997 0.02009248 0.01832472 0.006099997 -0.009867617 -0.01222388 0.006099997 -0.0108989 -0.01219229 0.006099997 0.01560203 0.01312886 0.006099997 0.01703062 0.01526285 0.006099997 -0.01767767 -0.02017767 0.006099997 -0.01939155 -0.02223101 0.006099997 -0.01832472 -0.02009248 0.006099997 -0.01892767 -0.01984273 0.006099997 0.0222877 0.01916991 0.006099997 -0.01006955 -0.01336911 0.006099997 -0.01168283 -0.01284762 0.006099997 0.0073 0.003438687 0.006099997 0.01767767 0.01517767 0.006099997 0.01665384 0.01278362 0.006099997 -0.01040307 -0.01448316 0.006099997 -0.01260446 -0.01328876 0.006099997 0.02264621 0.01826642 0.006099997 0.02017767 0.01767767 0.006099997 0.01775583 0.01267828 0.006099997 0.007223814 0.002651969 0.006099997 0.00742265 0.002216025 0.006099997 0.007329788 0.00213607 0.006099997 0.007259163 0.002035929 0.006099997 0.006998086 0.00189449 0.006099997 0.007532171 0.002270992 0.006099997 0.007215016 0.001921617 0.006099997 0.007651772 0.002297669 0.006099997 0.0072 0.0018 0.006099997 0.006631206 0.001194399 0.006099997 0.02277621 0.01730314 0.006099997 0.02009248 0.01703062 0.006099997 0.007774271 0.002294453 0.006099997 0.007892308 0.002261539 0.006099997 0.01832472 0.01526285 0.006099997 0.018854 0.01281801 0.006099997 0.02267003 0.01633695 0.006099997 0.008526329 0.0019049 0.006099997 0.01892767 0.01551261 0.006099997 0.0198945 0.01319597 0.006099997 -0.01196349 -0.01877036 0.006099997 -0.01517767 -0.01767767 0.006099997 -0.01526285 -0.01832472 0.006099997 0.02233393 0.01542489 0.006099997 0.01984273 0.01642767 0.006099997 0.01944544 0.0159099 0.006099997 0.02082634 0.01379361 0.006099997 0.02090404 0.01385506 0.006099997 0.02098321 0.01391462 0.006099997 0.02106379 0.01397225 0.006099997 0.02178777 0.01462083 0.006099997 -0.01703062 -0.02009248 0.006099997 -0.0156407 -0.0231 0.006099997 -0.01571938 -0.02320008 0.006099997 -0.01682535 -0.02423133 0.006099997 -0.0155393 -0.02302304 0.006099997 -0.01642767 -0.01984273 0.006099997 -0.01256226 -0.02005357 0.006099997 -0.01551261 -0.01892767 0.006099997 -0.01577024 -0.02331678 0.006099997 0.009059784 0.001410329 0.006099997 -0.01578998 -0.02344254 0.006099997 -0.01577733 -0.02356921 0.006099997 -0.01437791 -0.02221291 0.006099997 -0.0159099 -0.01944544 0.006099997 -0.01337535 -0.0212129 0.006099997 -0.01573309 -0.02368858 0.006099997 -0.01566015 -0.0237929 0.006099997 -0.01556322 -0.02387543 0.006099997 0.009463297 0.0008050587 0.006099997 -0.01405447 -0.02593688 0.006099997 -0.01310962 -0.02530589 0.006099997 -0.01052582 -0.02648503 0.006099997 -0.01111262 -0.0273269 0.006099997 -0.0009 -0.01975 0.006099997 -0.00106066 -0.02068934 0.006099997 -0.001961158 -0.0196103 0.006099997 -0.00075 -0.02045096 0.006099997 -0.001299038 -0.021 0.006099997 -0.00295 -0.0192007 0.006099997 -0.0072 -0.02692044 0.006099997 -0.003799138 -0.01854914 0.006099997 -0.0003882286 -0.02030111 0.006099997 -0.001448889 -0.02136177 0.006099997 -1.530803e-17 -0.02025 0.006099997 -0.0015 -0.02175 0.006099997 -0.0077237 -0.02741988 0.006099997 -0.00803558 -0.02838449 0.006099997 -0.007837502 -0.02740116 0.006099997 -0.007608638 -0.02741202 0.006099997 -0.007498437 -0.02737801 0.006099997 -0.00739896 -0.02731966 0.006099997 0.0009 -0.01975 0.006099997 0.0003882286 -0.02030111 0.006099997 -0.0015 -0.02225 0.006099997 0.00992732 -0.01041263 0.006099997 0.0098 -0.01106295 0.006099997 0.0098 -0.009398829 0.006099997 -0.001448889 -0.02263823 0.006099997 0.00075 -0.02045096 0.006099997 0.01030136 -0.01136347 0.006099997 -0.001299038 -0.023 0.006099997 0.00106066 -0.02068934 0.006099997 0.001961158 -0.0196103 0.006099997 0.009867617 -0.01222388 0.006099997 -0.00106066 -0.02331066 0.006099997 0.001299038 -0.021 0.006099997 0.00295 -0.0192007 0.006099997 0.001448889 -0.02136177 0.006099997 0.0108989 -0.01219229 0.006099997 0.0015 -0.02175 0.006099997 0.01006955 -0.01336911 0.006099997 0.0015 -0.02225 0.006099997 -0.004860785 -0.02909678 0.006099997 -0.0073155 -0.02724006 0.006099997 -0.007252496 -0.02714346 0.006099997 -0.007213301 -0.027035 0.006099997 -0.00075 -0.02354904 0.006099997 0.01168283 -0.01284762 0.006099997 0.01040307 -0.01448316 0.006099997 0.01260446 -0.01328876 0.006099997 0.01360654 -0.01348831 0.006099997 -0.001626858 -0.02945511 0.006099997 -1.439295e-17 -0.02375 0.006099997 -0.0003882286 -0.02369889 0.006099997 0.01196349 -0.01877036 0.006099997 0.001626858 -0.02945511 0.006099997 0.00075 -0.02354904 0.006099997 0.0003882286 -0.02369889 0.006099997 0.0159099 -0.0159099 0.006099997 0.01551261 -0.01642767 0.006099997 0.01462686 -0.01343388 0.006099997 0.01642767 -0.01551261 0.006099997 0.01560203 -0.01312886 0.006099997 0.01526285 -0.01703062 0.006099997 0.01665384 -0.01278362 0.006099997 0.01703062 -0.01526285 0.006099997 0.01767767 -0.01517767 0.006099997 0.018854 -0.01281801 0.006099997 0.01775583 -0.01267828 0.006099997 0.01517767 -0.01767767 0.006099997 0.01832472 -0.01526285 0.006099997 0.0198945 -0.01319597 0.006099997 0.01526285 -0.01832472 0.006099997 0.01256226 -0.02005357 0.006099997 0.004860785 -0.02909678 0.006099997 0.00106066 -0.02331066 0.006099997 0.003799138 -0.01854914 0.006099997 0.0072 -0.02692044 0.006099997 0.001448889 -0.02263823 0.006099997 0.001299038 -0.023 0.006099997 0.007213301 -0.027035 0.006099997 0.007252496 -0.02714346 0.006099997 0.01551261 -0.01892767 0.006099997 0.01892767 -0.01551261 0.006099997 0.0073155 -0.02724006 0.006099997 0.01337535 -0.0212129 0.006099997 0.02082634 -0.01379361 0.006099997 0.00739896 -0.02731966 0.006099997 0.02106379 -0.01397225 0.006099997 0.01944544 -0.0159099 0.006099997 0.02098321 -0.01391462 0.006099997 0.02090404 -0.01385506 0.006099997 0.0159099 -0.01944544 0.006099997 0.02178777 -0.01462083 0.006099997 0.01984273 -0.01642767 0.006099997 0.00803558 -0.02838449 0.006099997 0.007498437 -0.02737801 0.006099997 0.007608638 -0.02741202 0.006099997 0.0077237 -0.02741988 0.006099997 0.007837502 -0.02740116 0.006099997 0.01642767 -0.01984273 0.006099997 0.01437791 -0.02221291 0.006099997 0.01052582 -0.02648503 0.006099997 0.02233393 -0.01542489 0.006099997 0.02009248 -0.01703062 0.006099997 0.01310962 -0.02530589 0.006099997 0.01111262 -0.0273269 0.006099997 0.01703062 -0.02009248 0.006099997 0.0155393 -0.02302304 0.006099997 0.01767767 -0.02017767 0.006099997 0.0156407 -0.0231 0.006099997 0.01571938 -0.02320008 0.006099997 0.02267003 -0.01633695 0.006099997 0.01405447 -0.02593688 0.006099997 0.01556322 -0.02387543 0.006099997 0.02277621 -0.01730314 0.006099997 0.02017767 -0.01767767 0.006099997 0.02264621 -0.01826642 0.006099997 0.02009248 -0.01832472 0.006099997 0.01682535 -0.02423133 0.006099997 0.01566015 -0.0237929 0.006099997 0.01573309 -0.02368858 0.006099997 0.01577733 -0.02356921 0.006099997 0.01578998 -0.02344254 0.006099997 0.01577024 -0.02331678 0.006099997 0.0222877 -0.01916991 0.006099997 0.01944544 -0.01944544 0.006099997 0.01939155 -0.02223101 0.006099997 0.01892767 -0.01984273 0.006099997 0.01832472 -0.02009248 0.006099997 0.01984273 -0.01892767 0.006099997 0.02172185 -0.01996024 0.006099997 -0.0098 -0.0006 0.006099997 -0.009714649 0.0001224193 0.006099997 -0.005736376 -0.00051314 0.006099997 -0.005185821 -0.002360651 0.006099997 -0.005 -0.004279474 0.006099997 -0.005 -0.01565 0.006099997 -0.004860296 -0.01671116 0.006099997 -0.004450704 -0.0177 0.006099997 0.005736376 -0.00051314 0.006099997 0.005185821 -0.002360651 0.006099997 0.005 -0.004279474 0.006099997 0.005 -0.01565 0.006099997 0.004860296 -0.01671116 0.006099997 0.004450704 -0.0177 0.006099997 0.0098 -0.0006 0.006099997 0.009714649 0.0001224193 0.006099997 0.01275566 0.02659968 0.00765 0.0152244 0.02526792 0.00765 0.01755549 0.02370769 0.00765 0.01972785 0.02193312 0.00765 0.02172185 0.01996024 0.00765 -0.001178534 0.02947645 0.00765 -0.0003929375 0.02949738 0.00765 0.0003929375 0.02949738 0.00765 0.001178534 0.02947645 0.00765 0.02172185 -0.01996024 0.00765 0.01939155 -0.02223101 0.00765 0.01682535 -0.02423133 0.00765 0.01405447 -0.02593688 0.00765 0.01111262 -0.0273269 0.00765 0.00803558 -0.02838449 0.00765 0.004860785 -0.02909678 0.00765 0.001626858 -0.02945511 0.00765 -0.001626858 -0.02945511 0.00765 -0.004860785 -0.02909678 0.00765 -0.00803558 -0.02838449 0.00765 -0.01111262 -0.0273269 0.00765 -0.01405447 -0.02593688 0.00765 -0.01682535 -0.02423133 0.00765 -0.01939155 -0.02223101 0.00765 -0.02172185 -0.01996024 0.00765 1.079556e-17 0.03395 0.00765 1.014571e-17 0.03395 0.008100005 0.003670641 0.03375098 0.008100005 0.003670641 0.03375098 0.00765 0.007298246 0.03315627 0.008100005 0.007298246 0.03315627 0.00765 0.01084029 0.03217282 0.008100005 0.01084029 0.03217282 0.00765 0.01425523 0.03081219 0.008100005 0.01425523 0.03081219 0.00765 0.01750305 0.0290903 0.008100005 0.01750305 0.0290903 0.00765 0.02054566 0.02702736 0.008100005 0.02054566 0.02702736 0.00765 0.0233474 0.02464755 0.008100005 0.0233474 0.02464755 0.00765 0.0258754 0.02197876 0.008100005 0.0258754 0.02197876 0.00765 0.02810004 0.0190523 0.008100005 0.02810004 0.0190523 0.00765 0.02999523 0.01590247 0.008100005 0.02999523 0.01590247 0.00765 0.03153876 0.01256619 0.008100005 0.03153876 0.01256619 0.00765 0.03271252 0.009082587 0.008100005 0.03271252 0.009082587 0.00765 0.03350276 0.005492499 0.008100005 0.03350276 0.005492499 0.00765 0.03390021 0.001838016 0.008100005 0.03390021 0.001838016 0.00765 0.03390021 -0.001838016 0.008100005 0.03390021 -0.001838016 0.00765 0.03350276 -0.005492499 0.008100005 0.03350276 -0.005492499 0.00765 0.03271252 -0.009082587 0.008100005 0.03271252 -0.009082587 0.00765 0.03153876 -0.01256619 0.008100005 0.03153876 -0.01256619 0.00765 0.02999523 -0.01590247 0.008100005 0.02999523 -0.01590247 0.00765 0.02810004 -0.0190523 0.008100005 0.02810004 -0.0190523 0.00765 0.0258754 -0.02197876 0.008100005 0.0258754 -0.02197876 0.00765 0.0233474 -0.02464755 0.008100005 0.0233474 -0.02464755 0.00765 0.02054566 -0.02702736 0.008100005 0.02054566 -0.02702736 0.00765 0.01750305 -0.0290903 0.008100005 0.01750305 -0.0290903 0.00765 0.01425523 -0.03081219 0.008100005 0.01425523 -0.03081219 0.00765 0.01084029 -0.03217282 0.008100005 0.01084029 -0.03217282 0.00765 0.007298246 -0.03315627 0.008100005 0.007298246 -0.03315627 0.00765 0.003670641 -0.03375098 0.008100005 0.003670641 -0.03375098 0.00765 -4.75578e-17 -0.03395 0.008100005 5.083996e-18 -0.03395 0.00765 -0.003670641 -0.03375098 0.008100005 -0.003670641 -0.03375098 0.00765 -0.007298246 -0.03315627 0.008100005 -0.007298246 -0.03315627 0.00765 -0.01084029 -0.03217282 0.008100005 -0.01084029 -0.03217282 0.00765 -0.01425523 -0.03081219 0.008100005 -0.01425523 -0.03081219 0.00765 -0.01750305 -0.0290903 0.008100005 -0.01750305 -0.0290903 0.00765 -0.02054566 -0.02702736 0.008100005 -0.02054566 -0.02702736 0.00765 -0.0233474 -0.02464755 0.008100005 -0.0233474 -0.02464755 0.00765 -0.0258754 -0.02197876 0.008100005 -0.0258754 -0.02197876 0.00765 -0.02810004 -0.0190523 0.008100005 -0.02810004 -0.0190523 0.00765 -0.02999523 -0.01590247 0.008100005 -0.02999523 -0.01590247 0.00765 -0.03153876 -0.01256619 0.008100005 -0.03153876 -0.01256619 0.00765 -0.03271252 -0.009082587 0.008100005 -0.03271252 -0.009082587 0.00765 -0.03350276 -0.005492499 0.008100005 -0.03350276 -0.005492499 0.00765 -0.03390021 -0.001838016 0.008100005 -0.03390021 -0.001838016 0.00765 -0.03390021 0.001838016 0.008100005 -0.03390021 0.001838016 0.00765 -0.03350276 0.005492499 0.008100005 -0.03350276 0.005492499 0.00765 -0.03271252 0.009082587 0.008100005 -0.03271252 0.009082587 0.00765 -0.03153876 0.01256619 0.008100005 -0.03153876 0.01256619 0.00765 -0.02999523 0.01590247 0.008100005 -0.02999523 0.01590247 0.00765 -0.02810004 0.0190523 0.008100005 -0.02810004 0.0190523 0.00765 -0.0258754 0.02197876 0.008100005 -0.0258754 0.02197876 0.00765 -0.0233474 0.02464755 0.008100005 -0.0233474 0.02464755 0.00765 -0.02054566 0.02702736 0.008100005 -0.02054566 0.02702736 0.00765 -0.01750305 0.0290903 0.008100005 -0.01750305 0.0290903 0.00765 -0.01425523 0.03081219 0.008100005 -0.01425523 0.03081219 0.00765 -0.01084029 0.03217282 0.008100005 -0.01084029 0.03217282 0.00765 -0.007298246 0.03315627 0.008100005 -0.007298246 0.03315627 0.00765 -0.003670641 0.03375098 0.008100005 -0.003670641 0.03375098 0.00765 -0.02303793 -0.02432085 0.008100005 -0.02553243 -0.02168744 0.008100005 -0.02027334 -0.02666912 0.008100005 -0.02772758 -0.01879977 0.008100005 -0.01727105 -0.02870472 0.008100005 -0.02959765 -0.01569168 0.008100005 -0.01406629 -0.03040378 0.008100005 -0.03112072 -0.01239963 0.008100005 -0.0106966 -0.03174638 0.008100005 -0.03227892 -0.008962199 0.008100005 -0.00720151 -0.03271679 0.008100005 -0.03305869 -0.005419697 0.008100005 -0.003621987 -0.03330362 0.008100005 -0.03345087 -0.001813653 0.008100005 -4.700308e-17 -0.0335 0.008100005 -0.03345087 0.001813653 0.008100005 0.003621987 -0.03330362 0.008100005 -0.03305869 0.005419697 0.008100005 0.00720151 -0.03271679 0.008100005 -0.03227892 0.008962199 0.008100005 0.0106966 -0.03174638 0.008100005 -0.03112072 0.01239963 0.008100005 0.01406629 -0.03040378 0.008100005 -0.02959765 0.01569168 0.008100005 0.01727105 -0.02870472 0.008100005 -0.02772758 0.01879977 0.008100005 0.02027334 -0.02666912 0.008100005 -0.02553243 0.02168744 0.008100005 0.02303793 -0.02432085 0.008100005 -0.02303793 0.02432085 0.008100005 0.02553243 -0.02168744 0.008100005 -0.02027334 0.02666912 0.008100005 0.02772758 -0.01879977 0.008100005 -0.01727105 0.02870472 0.008100005 0.02959765 -0.01569168 0.008100005 -0.01406629 0.03040378 0.008100005 0.03112072 -0.01239963 0.008100005 -0.0106966 0.03174638 0.008100005 0.03227892 -0.008962199 0.008100005 -0.00720151 0.03271679 0.008100005 0.03305869 -0.005419697 0.008100005 -0.003621987 0.03330362 0.008100005 0.03345087 -0.001813653 0.008100005 9.935575e-18 0.0335 0.008100005 0.03345087 0.001813653 0.008100005 0.003621987 0.03330362 0.008100005 0.03305869 0.005419697 0.008100005 0.00720151 0.03271679 0.008100005 0.03227892 0.008962199 0.008100005 0.0106966 0.03174638 0.008100005 0.03112072 0.01239963 0.008100005 0.01406629 0.03040378 0.008100005 0.02959765 0.01569168 0.008100005 0.01727105 0.02870472 0.008100005 0.02772758 0.01879977 0.008100005 0.02027334 0.02666912 0.008100005 0.02303793 0.02432085 0.008100005 0.02553243 0.02168744 0.008100005 -0.02085965 0.02085965 0.0233 -0.02055572 0.02239693 0.0233 -0.02297479 0.01990777 0.0233 -0.01992767 0.02157478 0.0233 -0.02157478 0.01992767 0.0233 -0.02202434 0.01884236 0.0233 -0.01884236 0.02202434 0.0233 -0.01786867 0.02459412 0.0233 -0.01767767 0.02217767 0.0233 -0.02217767 0.01767767 0.0233 -0.02509435 0.01715907 0.0233 -0.02202434 0.01651298 0.0233 -0.01651298 0.02202434 0.0233 -0.01494868 0.02647068 0.0233 -0.02157478 0.01542767 0.0233 -0.02688676 0.01418669 0.0233 -0.01542767 0.02157478 0.0233 -0.02085965 0.01449569 0.0233 -0.02832867 0.01102935 0.0233 -0.01449569 0.02085965 0.0233 -0.01183381 0.02800216 0.0233 -0.01992767 0.01378055 0.0233 -0.01378055 0.01992767 0.0233 -0.00856467 0.02916859 0.0233 -0.01257942 0.01121074 0.0233 -0.01449569 0.01449569 0.0233 -0.01542767 0.01378055 0.0233 -0.01072069 0.01299959 0.0233 -0.013331 0.01651298 0.0233 -0.01378055 0.01542767 0.0233 -0.01414331 0.009159112 0.0233 -0.01651298 0.013331 0.0233 -0.01767767 0.01317767 0.0233 -0.008610664 0.01448375 0.0233 -0.01317767 0.01767767 0.0233 -0.01537569 0.006892807 0.0233 -0.01884236 0.013331 0.0233 -0.006298818 0.01562842 0.0233 -0.013331 0.01884236 0.0233 -0.01624767 0.004464938 0.0233 -0.02940126 0.007728237 0.0233 -0.03009057 0.004326371 0.0233 -0.003839332 0.01640677 0.0233 -0.005183875 0.02995476 0.0233 -0.01673882 0.001932416 0.0233 -0.0303876 0.0008681039 0.0233 -0.001289855 0.01680056 0.0233 0.0017355 0.03035042 0.0233 -0.0017355 0.03035042 0.0233 -0.01683764 -0.0006454011 0.0233 -0.03028848 -0.00260148 0.0233 0.001289855 0.01680056 0.0233 0.005183875 0.02995476 0.0233 -0.01654178 -0.00320809 0.0233 -0.02979451 -0.00603715 0.0233 -0.02891212 -0.009394114 0.0233 0.003839332 0.01640677 0.0233 0.00856467 0.02916859 0.0233 -0.01585821 -0.005695584 0.0233 0.006298818 0.01562842 0.0233 -0.02085965 -0.01449569 0.0233 -0.02765281 -0.01262862 0.0233 -0.02603301 -0.01569848 0.0233 0.01449569 0.02085965 0.0233 0.01494868 0.02647068 0.0233 0.01183381 0.02800216 0.0233 0.01542767 0.02157478 0.0233 -0.02157478 -0.01542767 0.0233 -0.01992767 -0.01378055 0.0233 0.01378055 0.01992767 0.0233 0.013331 0.01884236 0.0233 -0.01884236 -0.013331 0.0233 -0.01480293 -0.008049582 0.0233 -0.02202434 -0.01651298 0.0233 0.01651298 0.02202434 0.0233 0.01786867 0.02459412 0.0233 -0.02407383 -0.0185637 0.0233 -0.01767767 -0.01317767 0.0233 -0.02217767 -0.01767767 0.0233 0.01767767 0.02217767 0.0233 0.01317767 0.01767767 0.0233 0.008610664 0.01448375 0.0233 0.013331 0.01651298 0.0233 -0.02202434 -0.01884236 0.0233 -0.01651298 -0.013331 0.0233 -0.01340069 -0.0102149 0.0233 0.01884236 0.02202434 0.0233 0.01072069 0.01299959 0.0233 0.02055572 0.02239693 0.0233 0.01378055 0.01542767 0.0233 -0.02157478 -0.01992767 0.0233 0.01992767 0.02157478 0.0233 -0.01542767 -0.01378055 0.0233 -0.02180081 -0.0211869 0.0233 0.02085965 0.02085965 0.0233 -0.02085965 -0.02085965 0.0233 0.01449569 0.01449569 0.0233 -0.01168434 -0.01214079 0.0233 -0.01449569 -0.01449569 0.0233 0.01257942 0.01121074 0.0233 -0.01992767 -0.02157478 0.0233 0.01542767 0.01378055 0.0233 -0.01378055 -0.01542767 0.0233 0.02297479 0.01990777 0.0233 0.02157478 0.01992767 0.0233 0.02202434 0.01884236 0.0233 -0.009694119 -0.01378211 0.0233 -0.013331 -0.01651298 0.0233 -0.01924358 -0.02353391 0.0233 -0.01884236 -0.02202434 0.0233 -0.01767767 -0.02217767 0.0233 -0.01317767 -0.01767767 0.0233 0.02217767 0.01767767 0.0233 0.01414331 0.009159112 0.0233 0.01767767 0.01317767 0.0233 0.01651298 0.013331 0.0233 -0.007476679 -0.01510039 0.0233 -0.013331 -0.01884236 0.0233 0.02509435 0.01715907 0.0233 0.02202434 0.01651298 0.0233 0.02157478 0.01542767 0.0233 0.01537569 0.006892807 0.0233 0.01884236 0.013331 0.0233 -0.01643548 -0.02557411 0.0233 -0.01542767 -0.02157478 0.0233 -0.01651298 -0.02202434 0.0233 -0.005083992 -0.01606473 0.0233 0.01624767 0.004464938 0.0233 0.01992767 0.01378055 0.0233 0.02688676 0.01418669 0.0233 0.02085965 0.01449569 0.0233 -0.01341312 -0.02728091 0.0233 -0.01378055 -0.01992767 0.0233 -0.01449569 -0.02085965 0.0233 0.02832867 0.01102935 0.0233 -0.0102159 -0.02863207 0.0233 -0.002474874 -0.02252513 0.0233 -0.00257214 -0.01665252 0.0233 -0.003031089 -0.02325 0.0233 -0.00175 -0.02196891 0.0233 -0.0009058667 -0.02161926 0.0233 -3.552673e-17 -0.01685 0.0233 -0.00338074 -0.02409413 0.0233 1.525076e-16 -0.0215 0.0233 -0.0035 -0.025 0.0233 0.02940126 0.007728237 0.0233 0.0009058667 -0.02161926 0.0233 0.00257214 -0.01665252 0.0233 -0.006885502 -0.02960996 0.0233 -0.00338074 -0.02590587 0.0233 -0.003031089 -0.02675 0.0233 0.00175 -0.02196891 0.0233 0.002474874 -0.02252513 0.0233 0.005083992 -0.01606473 0.0233 0.03009057 0.004326371 0.0233 0.01673882 0.001932416 0.0233 0.003031089 -0.02325 0.0233 -0.003465339 -0.03020185 0.0233 -0.00175 -0.02803109 0.0233 -0.002474874 -0.02747487 0.0233 -0.0009058667 -0.02838074 0.0233 0.01378055 -0.01542767 0.0233 0.01168434 -0.01214079 0.0233 0.009694119 -0.01378211 0.0233 0.01449569 -0.01449569 0.0233 0.01542767 -0.01378055 0.0233 0.01340069 -0.0102149 0.0233 0.0303876 0.0008681039 0.0233 0.01683764 -0.0006454011 0.0233 0.013331 -0.01651298 0.0233 0.01651298 -0.013331 0.0233 0.01480293 -0.008049582 0.0233 -4.185422e-17 -0.0304 0.0233 1.480332e-16 -0.0285 0.0233 0.0009058667 -0.02838074 0.0233 0.01317767 -0.01767767 0.0233 0.007476679 -0.01510039 0.0233 0.01767767 -0.01317767 0.0233 0.013331 -0.01884236 0.0233 0.01884236 -0.013331 0.0233 0.01585821 -0.005695584 0.0233 0.03028848 -0.00260148 0.0233 0.01654178 -0.00320809 0.0233 0.003465339 -0.03020185 0.0233 0.003031089 -0.02675 0.0233 0.002474874 -0.02747487 0.0233 0.00175 -0.02803109 0.0233 0.01378055 -0.01992767 0.0233 0.00338074 -0.02409413 0.0233 0.01992767 -0.01378055 0.0233 0.02979451 -0.00603715 0.0233 0.006885502 -0.02960996 0.0233 0.0035 -0.025 0.0233 0.00338074 -0.02590587 0.0233 0.02891212 -0.009394114 0.0233 0.0102159 -0.02863207 0.0233 0.02765281 -0.01262862 0.0233 0.02085965 -0.01449569 0.0233 0.01341312 -0.02728091 0.0233 0.01542767 -0.02157478 0.0233 0.01449569 -0.02085965 0.0233 0.02603301 -0.01569848 0.0233 0.02157478 -0.01542767 0.0233 0.02202434 -0.01651298 0.0233 0.01643548 -0.02557411 0.0233 0.01767767 -0.02217767 0.0233 0.01651298 -0.02202434 0.0233 0.02407383 -0.0185637 0.0233 0.02217767 -0.01767767 0.0233 0.02202434 -0.01884236 0.0233 0.02157478 -0.01992767 0.0233 0.01924358 -0.02353391 0.0233 0.01992767 -0.02157478 0.0233 0.01884236 -0.02202434 0.0233 0.02180081 -0.0211869 0.0233 0.02085965 -0.02085965 0.0233 6.113445e-18 0.0315 0.0101 -1.936003e-17 0.0315 0.0222 0.003526881 0.03130194 0.0222 0.003526881 0.03130194 0.0101 0.007009409 0.03071023 0.0222 0.007009409 0.03071023 0.0101 0.01040379 0.02973232 0.0222 0.01040379 0.02973232 0.0101 0.01366734 0.02838052 0.0222 0.01366734 0.02838052 0.0101 0.01675901 0.02667181 0.0222 0.01675901 0.02667181 0.0101 0.01963993 0.02462769 0.0222 0.01963993 0.02462769 0.0101 0.02227386 0.02227386 0.0222 0.02227386 0.02227386 0.0101 0.02462769 0.01963993 0.0222 0.02462769 0.01963993 0.0101 0.02667181 0.01675901 0.0222 0.02667181 0.01675901 0.0101 0.02838052 0.01366734 0.0222 0.02838052 0.01366734 0.0101 0.02973232 0.01040379 0.0222 0.02973232 0.01040379 0.0101 0.03071023 0.007009409 0.0222 0.03071023 0.007009409 0.0101 0.03130194 0.003526881 0.0222 0.03130194 0.003526881 0.0101 0.0315 7.350176e-17 0.0222 0.0315 4.71421e-17 0.0101 0.03130194 -0.003526881 0.0222 0.03130194 -0.003526881 0.0101 0.03071023 -0.007009409 0.0222 0.03071023 -0.007009409 0.0101 0.02973232 -0.01040379 0.0222 0.02973232 -0.01040379 0.0101 0.02838052 -0.01366734 0.0222 0.02838052 -0.01366734 0.0101 0.02667181 -0.01675901 0.0222 0.02667181 -0.01675901 0.0101 0.02462769 -0.01963993 0.0222 0.02462769 -0.01963993 0.0101 0.02227386 -0.02227386 0.0222 0.02227386 -0.02227386 0.0101 0.01963993 -0.02462769 0.0222 0.01963993 -0.02462769 0.0101 0.01675901 -0.02667181 0.0222 0.01675901 -0.02667181 0.0101 0.01366734 -0.02838052 0.0222 0.01366734 -0.02838052 0.0101 0.01040379 -0.02973232 0.0222 0.01040379 -0.02973232 0.0101 0.007009409 -0.03071023 0.0222 0.007009409 -0.03071023 0.0101 0.003526881 -0.03130194 0.0222 0.003526881 -0.03130194 0.0101 -4.077939e-17 -0.0315 0.0222 -2.716355e-17 -0.0315 0.0101 -0.003526881 -0.03130194 0.0222 -0.003526881 -0.03130194 0.0101 -0.007009409 -0.03071023 0.0222 -0.007009409 -0.03071023 0.0101 -0.01040379 -0.02973232 0.0222 -0.01040379 -0.02973232 0.0101 -0.01366734 -0.02838052 0.0222 -0.01366734 -0.02838052 0.0101 -0.01675901 -0.02667181 0.0222 -0.01675901 -0.02667181 0.0101 -0.01963993 -0.02462769 0.0222 -0.01963993 -0.02462769 0.0101 -0.02227386 -0.02227386 0.0222 -0.02227386 -0.02227386 0.0101 -0.02462769 -0.01963993 0.0222 -0.02462769 -0.01963993 0.0101 -0.02667181 -0.01675901 0.0222 -0.02667181 -0.01675901 0.0101 -0.02838052 -0.01366734 0.0222 -0.02838052 -0.01366734 0.0101 -0.02973232 -0.01040379 0.0222 -0.02973232 -0.01040379 0.0101 -0.03071023 -0.007009409 0.0222 -0.03071023 -0.007009409 0.0101 -0.03130194 -0.003526881 0.0222 -0.03130194 -0.003526881 0.0101 -0.0315 8.121704e-17 0.0222 -0.0315 7.028793e-17 0.0101 -0.03130194 0.003526881 0.0222 -0.03130194 0.003526881 0.0101 -0.03071023 0.007009409 0.0222 -0.03071023 0.007009409 0.0101 -0.02973232 0.01040379 0.0222 -0.02973232 0.01040379 0.0101 -0.02838052 0.01366734 0.0222 -0.02838052 0.01366734 0.0101 -0.02667181 0.01675901 0.0222 -0.02667181 0.01675901 0.0101 -0.02462769 0.01963993 0.0222 -0.02462769 0.01963993 0.0101 -0.02227386 0.02227386 0.0222 -0.02227386 0.02227386 0.0101 -0.01963993 0.02462769 0.0222 -0.01963993 0.02462769 0.0101 -0.01675901 0.02667181 0.0222 -0.01675901 0.02667181 0.0101 -0.01366734 0.02838052 0.0222 -0.01366734 0.02838052 0.0101 -0.01040379 0.02973232 0.0222 -0.01040379 0.02973232 0.0101 -0.007009409 0.03071023 0.0222 -0.007009409 0.03071023 0.0101 -0.003526881 0.03130194 0.0222 -0.003526881 0.03130194 0.0101 -0.01967767 -0.02114177 0.0138 -0.01944544 -0.01944544 0.0138 -0.0205061 -0.0205061 0.0138 -0.01871295 -0.02154137 0.0138 -0.01892767 -0.01984273 0.0138 -0.01984273 -0.01892767 0.0138 -0.02114177 -0.01967767 0.0138 -0.01832472 -0.02009248 0.0138 -0.02009248 -0.01832472 0.0138 -0.02154137 -0.01871295 0.0138 -0.02017767 -0.01767767 0.0138 -0.02167767 -0.01767767 0.0138 -0.01767767 -0.02167767 0.0138 -0.01767767 -0.02017767 0.0138 -0.02009248 -0.01703062 0.0138 -0.02154137 -0.01664239 0.0138 -0.01664239 -0.02154137 0.0138 -0.01703062 -0.02009248 0.0138 -0.01984273 -0.01642767 0.0138 -0.02114177 -0.01567767 0.0138 -0.01567767 -0.02114177 0.0138 -0.01642767 -0.01984273 0.0138 -0.01944544 -0.0159099 0.0138 -0.0205061 -0.01484924 0.0138 -0.0159099 -0.01944544 0.0138 -0.01484924 -0.0205061 0.0138 -0.01892767 -0.01551261 0.0138 -0.01551261 -0.01892767 0.0138 -0.01967767 -0.01421357 0.0138 -0.01421357 -0.01967767 0.0138 -0.01832472 -0.01526285 0.0138 -0.01871295 -0.01381397 0.0138 -0.01381397 -0.01871295 0.0138 -0.01526285 -0.01832472 0.0138 -0.01767767 -0.01367767 0.0138 -0.01767767 -0.01517767 0.0138 -0.01367767 -0.01767767 0.0138 -0.01517767 -0.01767767 0.0138 -0.01526285 -0.01703062 0.0138 -0.01381397 -0.01664239 0.0138 -0.01551261 -0.01642767 0.0138 -0.01664239 -0.01381397 0.0138 -0.01703062 -0.01526285 0.0138 -0.01642767 -0.01551261 0.0138 -0.01421357 -0.01567767 0.0138 -0.01567767 -0.01421357 0.0138 -0.0159099 -0.0159099 0.0138 -0.01484924 -0.01484924 0.0138 -0.01767767 -0.02167767 0.0228 -0.01664239 -0.02154137 0.0228 -0.01567767 -0.02114177 0.0228 -0.01484924 -0.0205061 0.0228 -0.01421357 -0.01967767 0.0228 -0.01381397 -0.01871295 0.0228 -0.01367767 -0.01767767 0.0228 -0.01381397 -0.01664239 0.0228 -0.01421357 -0.01567767 0.0228 -0.01484924 -0.01484924 0.0228 -0.01567767 -0.01421357 0.0228 -0.01664239 -0.01381397 0.0228 -0.01767767 -0.01367767 0.0228 -0.01871295 -0.01381397 0.0228 -0.01967767 -0.01421357 0.0228 -0.0205061 -0.01484924 0.0228 -0.02114177 -0.01567767 0.0228 -0.02154137 -0.01664239 0.0228 -0.02167767 -0.01767767 0.0228 -0.02154137 -0.01871295 0.0228 -0.02114177 -0.01967767 0.0228 -0.0205061 -0.0205061 0.0228 -0.01967767 -0.02114177 0.0228 -0.01871295 -0.02154137 0.0228 -0.01967767 0.01421357 0.0138 -0.01944544 0.0159099 0.0138 -0.0205061 0.01484924 0.0138 -0.01871295 0.01381397 0.0138 -0.01892767 0.01551261 0.0138 -0.01984273 0.01642767 0.0138 -0.02114177 0.01567767 0.0138 -0.01767767 0.01367767 0.0138 -0.01832472 0.01526285 0.0138 -0.02009248 0.01703062 0.0138 -0.02154137 0.01664239 0.0138 -0.02017767 0.01767767 0.0138 -0.02167767 0.01767767 0.0138 -0.01767767 0.01517767 0.0138 -0.02009248 0.01832472 0.0138 -0.02154137 0.01871295 0.0138 -0.01664239 0.01381397 0.0138 -0.01703062 0.01526285 0.0138 -0.01984273 0.01892767 0.0138 -0.02114177 0.01967767 0.0138 -0.01567767 0.01421357 0.0138 -0.01642767 0.01551261 0.0138 -0.01944544 0.01944544 0.0138 -0.0205061 0.0205061 0.0138 -0.0159099 0.0159099 0.0138 -0.01484924 0.01484924 0.0138 -0.01892767 0.01984273 0.0138 -0.01967767 0.02114177 0.0138 -0.01421357 0.01567767 0.0138 -0.01551261 0.01642767 0.0138 -0.01832472 0.02009248 0.0138 -0.01871295 0.02154137 0.0138 -0.01381397 0.01664239 0.0138 -0.01526285 0.01703062 0.0138 -0.01767767 0.02167767 0.0138 -0.01767767 0.02017767 0.0138 -0.01367767 0.01767767 0.0138 -0.01517767 0.01767767 0.0138 -0.01703062 0.02009248 0.0138 -0.01664239 0.02154137 0.0138 -0.01642767 0.01984273 0.0138 -0.01381397 0.01871295 0.0138 -0.01526285 0.01832472 0.0138 -0.01551261 0.01892767 0.0138 -0.01421357 0.01967767 0.0138 -0.0159099 0.01944544 0.0138 -0.01567767 0.02114177 0.0138 -0.01484924 0.0205061 0.0138 -0.01767767 0.01367767 0.0228 -0.01664239 0.01381397 0.0228 -0.01567767 0.01421357 0.0228 -0.01484924 0.01484924 0.0228 -0.01421357 0.01567767 0.0228 -0.01381397 0.01664239 0.0228 -0.01367767 0.01767767 0.0228 -0.01381397 0.01871295 0.0228 -0.01421357 0.01967767 0.0228 -0.01484924 0.0205061 0.0228 -0.01567767 0.02114177 0.0228 -0.01664239 0.02154137 0.0228 -0.01767767 0.02167767 0.0228 -0.01871295 0.02154137 0.0228 -0.01967767 0.02114177 0.0228 -0.0205061 0.0205061 0.0228 -0.02114177 0.01967767 0.0228 -0.02154137 0.01871295 0.0228 -0.02167767 0.01767767 0.0228 -0.02154137 0.01664239 0.0228 -0.02114177 0.01567767 0.0228 -0.0205061 0.01484924 0.0228 -0.01967767 0.01421357 0.0228 -0.01871295 0.01381397 0.0228 0.01567767 0.01421357 0.0138 0.0159099 0.0159099 0.0138 0.01484924 0.01484924 0.0138 0.01551261 0.01642767 0.0138 0.01421357 0.01567767 0.0138 0.01664239 0.01381397 0.0138 0.01642767 0.01551261 0.0138 0.01767767 0.01367767 0.0138 0.01703062 0.01526285 0.0138 0.01526285 0.01703062 0.0138 0.01381397 0.01664239 0.0138 0.01517767 0.01767767 0.0138 0.01367767 0.01767767 0.0138 0.01767767 0.01517767 0.0138 0.01526285 0.01832472 0.0138 0.01381397 0.01871295 0.0138 0.01871295 0.01381397 0.0138 0.01832472 0.01526285 0.0138 0.01551261 0.01892767 0.0138 0.01421357 0.01967767 0.0138 0.01967767 0.01421357 0.0138 0.01892767 0.01551261 0.0138 0.01484924 0.0205061 0.0138 0.0159099 0.01944544 0.0138 0.0205061 0.01484924 0.0138 0.01944544 0.0159099 0.0138 0.01642767 0.01984273 0.0138 0.01567767 0.02114177 0.0138 0.02114177 0.01567767 0.0138 0.01984273 0.01642767 0.0138 0.01703062 0.02009248 0.0138 0.01664239 0.02154137 0.0138 0.02154137 0.01664239 0.0138 0.02009248 0.01703062 0.0138 0.01767767 0.02167767 0.0138 0.01767767 0.02017767 0.0138 0.02167767 0.01767767 0.0138 0.02017767 0.01767767 0.0138 0.02154137 0.01871295 0.0138 0.02009248 0.01832472 0.0138 0.01832472 0.02009248 0.0138 0.01871295 0.02154137 0.0138 0.02114177 0.01967767 0.0138 0.01984273 0.01892767 0.0138 0.01892767 0.01984273 0.0138 0.01967767 0.02114177 0.0138 0.01944544 0.01944544 0.0138 0.0205061 0.0205061 0.0138 0.01767767 0.01367767 0.0228 0.01871295 0.01381397 0.0228 0.01967767 0.01421357 0.0228 0.0205061 0.01484924 0.0228 0.02114177 0.01567767 0.0228 0.02154137 0.01664239 0.0228 0.02167767 0.01767767 0.0228 0.02154137 0.01871295 0.0228 0.02114177 0.01967767 0.0228 0.0205061 0.0205061 0.0228 0.01967767 0.02114177 0.0228 0.01871295 0.02154137 0.0228 0.01767767 0.02167767 0.0228 0.01664239 0.02154137 0.0228 0.01567767 0.02114177 0.0228 0.01484924 0.0205061 0.0228 0.01421357 0.01967767 0.0228 0.01381397 0.01871295 0.0228 0.01367767 0.01767767 0.0228 0.01381397 0.01664239 0.0228 0.01421357 0.01567767 0.0228 0.01484924 0.01484924 0.0228 0.01567767 0.01421357 0.0228 0.01664239 0.01381397 0.0228 0.01567767 -0.02114177 0.0138 0.0159099 -0.01944544 0.0138 0.01484924 -0.0205061 0.0138 0.01664239 -0.02154137 0.0138 0.01642767 -0.01984273 0.0138 0.01551261 -0.01892767 0.0138 0.01421357 -0.01967767 0.0138 0.01703062 -0.02009248 0.0138 0.01526285 -0.01832472 0.0138 0.01381397 -0.01871295 0.0138 0.01767767 -0.02167767 0.0138 0.01767767 -0.02017767 0.0138 0.01517767 -0.01767767 0.0138 0.01367767 -0.01767767 0.0138 0.01871295 -0.02154137 0.0138 0.01832472 -0.02009248 0.0138 0.01526285 -0.01703062 0.0138 0.01381397 -0.01664239 0.0138 0.01967767 -0.02114177 0.0138 0.01892767 -0.01984273 0.0138 0.01551261 -0.01642767 0.0138 0.01421357 -0.01567767 0.0138 0.0159099 -0.0159099 0.0138 0.01484924 -0.01484924 0.0138 0.0205061 -0.0205061 0.0138 0.01944544 -0.01944544 0.0138 0.01642767 -0.01551261 0.0138 0.02114177 -0.01967767 0.0138 0.01984273 -0.01892767 0.0138 0.01567767 -0.01421357 0.0138 0.02154137 -0.01871295 0.0138 0.02009248 -0.01832472 0.0138 0.01664239 -0.01381397 0.0138 0.01703062 -0.01526285 0.0138 0.02167767 -0.01767767 0.0138 0.02017767 -0.01767767 0.0138 0.01767767 -0.01367767 0.0138 0.01767767 -0.01517767 0.0138 0.02154137 -0.01664239 0.0138 0.02009248 -0.01703062 0.0138 0.01871295 -0.01381397 0.0138 0.01832472 -0.01526285 0.0138 0.01892767 -0.01551261 0.0138 0.02114177 -0.01567767 0.0138 0.01984273 -0.01642767 0.0138 0.01967767 -0.01421357 0.0138 0.0205061 -0.01484924 0.0138 0.01944544 -0.0159099 0.0138 0.01767767 -0.02167767 0.0228 0.01871295 -0.02154137 0.0228 0.01967767 -0.02114177 0.0228 0.0205061 -0.0205061 0.0228 0.02114177 -0.01967767 0.0228 0.02154137 -0.01871295 0.0228 0.02167767 -0.01767767 0.0228 0.02154137 -0.01664239 0.0228 0.02114177 -0.01567767 0.0228 0.0205061 -0.01484924 0.0228 0.01967767 -0.01421357 0.0228 0.01871295 -0.01381397 0.0228 0.01767767 -0.01367767 0.0228 0.01664239 -0.01381397 0.0228 0.01567767 -0.01421357 0.0228 0.01484924 -0.01484924 0.0228 0.01421357 -0.01567767 0.0228 0.01381397 -0.01664239 0.0228 0.01367767 -0.01767767 0.0228 0.01381397 -0.01871295 0.0228 0.01421357 -0.01967767 0.0228 0.01484924 -0.0205061 0.0228 0.01567767 -0.02114177 0.0228 0.01664239 -0.02154137 0.0228 -3.342456e-17 -0.01575 0.0222 0.002463843 -0.01555609 0.0222 -2.317153e-17 -0.01575 0.0151 0.002463843 -0.01555609 0.0151 0.004867018 -0.01497914 0.0222 0.004867018 -0.01497914 0.0151 0.007150351 -0.01403335 0.0222 0.007150351 -0.01403335 0.0151 0.009257618 -0.01274202 0.0222 0.009257618 -0.01274202 0.0151 0.01113693 -0.01113693 0.0222 0.01113693 -0.01113693 0.0151 0.01274202 -0.009257618 0.0151 0.01274202 -0.009257618 0.0222 0.01403335 -0.007150351 0.0222 0.01403335 -0.007150351 0.0151 0.01497914 -0.004867018 0.0222 0.01497914 -0.004867018 0.0151 0.01555609 -0.002463843 0.0222 0.01555609 -0.002463843 0.0151 0.01575 7.060852e-17 0.0222 0.01575 6.193202e-17 0.0151 0.01555609 0.002463843 0.0222 0.01555609 0.002463843 0.0151 0.01497914 0.004867018 0.0151 0.01497914 0.004867018 0.0222 0.01403335 0.007150351 0.0222 0.01403335 0.007150351 0.0151 0.01274202 0.009257618 0.0151 0.01274202 0.009257618 0.0222 0.01113693 0.01113693 0.0222 0.01113693 0.01113693 0.0151 0.009257618 0.01274202 0.0222 0.009257618 0.01274202 0.0151 0.007150351 0.01403335 0.0222 0.007150351 0.01403335 0.0151 0.004867018 0.01497914 0.0222 0.004867018 0.01497914 0.0151 0.002463843 0.01555609 0.0222 0.002463843 0.01555609 0.0151 -1.678605e-17 0.01575 0.0222 -6.533018e-18 0.01575 0.0151 -0.002463843 0.01555609 0.0222 -0.002463843 0.01555609 0.0151 -0.004867018 0.01497914 0.0151 -0.004867018 0.01497914 0.0222 -0.007150351 0.01403335 0.0151 -0.007150351 0.01403335 0.0222 -0.009257618 0.01274202 0.0222 -0.009257618 0.01274202 0.0151 -0.01113693 0.01113693 0.0222 -0.01113693 0.01113693 0.0151 -0.01274202 0.009257618 0.0222 -0.01274202 0.009257618 0.0151 -0.01403335 0.007150351 0.0222 -0.01403335 0.007150351 0.0151 -0.01497914 0.004867018 0.0222 -0.01497914 0.004867018 0.0151 -0.01555609 0.002463843 0.0222 -0.01555609 0.002463843 0.0151 -0.01575 8.218145e-17 0.0222 -0.01575 7.350495e-17 0.0151 -0.01555609 -0.002463843 0.0222 -0.01555609 -0.002463843 0.0151 -0.01497914 -0.004867018 0.0222 -0.01497914 -0.004867018 0.0151 -0.01403335 -0.007150351 0.0222 -0.01403335 -0.007150351 0.0151 -0.01274202 -0.009257618 0.0222 -0.01274202 -0.009257618 0.0151 -0.01113693 -0.01113693 0.0151 -0.01113693 -0.01113693 0.0222 -0.009257618 -0.01274202 0.0151 -0.009257618 -0.01274202 0.0222 -0.007150351 -0.01403335 0.0222 -0.007150351 -0.01403335 0.0151 -0.004867018 -0.01497914 0.0222 -0.004867018 -0.01497914 0.0151 -0.002463843 -0.01555609 0.0222 -0.002463843 -0.01555609 0.0151 1.590754e-16 -0.028 0.0172 0.0007764571 -0.02789778 0.0172 1.604102e-16 -0.027 0.0165991 -0.0007764571 -0.02789778 0.0172 1.617448e-16 -0.026 0.0159983 0.0004647232 -0.02588546 0.0159983 1.630795e-16 -0.025 0.0153974 0.0008229839 -0.02556807 0.0159983 0.0015 -0.02759808 0.0172 0.0009294463 -0.02677091 0.0165991 0.00212132 -0.02712132 0.0172 0.0009927091 -0.02512054 0.0159983 0.002598076 -0.0265 0.0172 0.001645968 -0.02613613 0.0165991 0.002897778 -0.02577646 0.0172 0.0009350162 -0.0246454 0.0159983 0.003 -0.025 0.0172 0.001985418 -0.02524107 0.0165991 0.0006631227 -0.02425149 0.0159983 0.002897778 -0.02422354 0.0172 0.001870032 -0.02429079 0.0165991 0.002598076 -0.0235 0.0172 0.0002393157 -0.02402906 0.0159983 0.00212132 -0.02287868 0.0172 0.001326245 -0.02350298 0.0165991 0.0015 -0.02240192 0.0172 -0.0002393157 -0.02402906 0.0159983 0.0007764571 -0.02210222 0.0172 0.0004786313 -0.02305812 0.0165991 1.607324e-16 -0.022 0.0172 -0.0006631227 -0.02425149 0.0159983 -0.0004786313 -0.02305812 0.0165991 -0.0007764571 -0.02210222 0.0172 -0.0015 -0.02240192 0.0172 -0.0009350162 -0.0246454 0.0159983 -0.00212132 -0.02287868 0.0172 -0.001326245 -0.02350298 0.0165991 -0.002598076 -0.0235 0.0172 -0.0009927091 -0.02512054 0.0159983 -0.001870032 -0.02429079 0.0165991 -0.002897778 -0.02422354 0.0172 -0.003 -0.025 0.0172 -0.0008229839 -0.02556807 0.0159983 -0.002897778 -0.02577646 0.0172 -0.001985418 -0.02524107 0.0165991 -0.0004647232 -0.02588546 0.0159983 -0.001645968 -0.02613613 0.0165991 -0.002598076 -0.0265 0.0172 -0.00212132 -0.02712132 0.0172 -0.0009294463 -0.02677091 0.0165991 -0.0015 -0.02759808 0.0172 1.529886e-16 -0.028 0.0228 0.0007764571 -0.02789778 0.0228 0.0015 -0.02759808 0.0228 0.00212132 -0.02712132 0.0228 0.002598076 -0.0265 0.0228 0.002897778 -0.02577646 0.0228 0.003 -0.025 0.0228 0.002897778 -0.02422354 0.0228 0.002598076 -0.0235 0.0228 0.00212132 -0.02287868 0.0228 0.0015 -0.02240192 0.0228 0.0007764571 -0.02210222 0.0228 1.543756e-16 -0.022 0.0228 -0.0007764571 -0.02210222 0.0228 -0.0015 -0.02240192 0.0228 -0.00212132 -0.02287868 0.0228 -0.002598076 -0.0235 0.0228 -0.002897778 -0.02422354 0.0228 -0.003 -0.025 0.0228 -0.002897778 -0.02577646 0.0228 -0.002598076 -0.0265 0.0228 -0.00212132 -0.02712132 0.0228 -0.0015 -0.02759808 0.0228 -0.0007764571 -0.02789778 0.0228 1.559059e-18 0.0330565 0.008149802 1.253234e-18 0.03263509 0.0082967 -1.273354e-18 0.03151311 0.009871397 0.003528474 0.03244378 0.0082967 8.26334e-19 0.03225674 0.0085334 0.003453353 0.03175306 0.008848097 3.007102e-19 0.03194029 0.008848097 -2.974492e-19 0.03170151 0.009225096 0.003411402 0.03136732 0.009645697 -9.385595e-19 0.03155228 0.009645697 0.007015579 0.0318721 0.0082967 0.006866219 0.03119355 0.008848097 0.006782807 0.03081461 0.009645697 0.01042043 0.03092674 0.0082967 0.01019858 0.03026832 0.008848097 0.01007469 0.02990062 0.009645697 0.01370312 0.0296188 0.0082967 0.01341138 0.02898823 0.008848097 0.01324846 0.02863607 0.009645697 0.01682515 0.02796361 0.0082967 0.01646694 0.02736827 0.008848097 0.0162669 0.0270358 0.009645697 0.01974991 0.02598057 0.0082967 0.01932944 0.02542745 0.008848097 0.01909463 0.02511855 0.009645697 0.02244313 0.02369293 0.0082967 0.02196532 0.02318851 0.008848097 0.02487322 0.02112751 0.0082967 0.02434368 0.02067771 0.008848097 0.02551514 0.02034764 0.0082967 0.02497193 0.01991445 0.008848097 0.02466857 0.01967253 0.009645697 0.0270117 0.01831439 0.0082967 0.02643663 0.01792448 0.008848097 0.02763292 0.01736291 0.0082967 0.02704462 0.01699326 0.008848097 0.02671608 0.01678683 0.009645697 0.02883349 0.01528655 0.0082967 0.02821964 0.0149611 0.008848097 0.0294032 0.01415983 0.0082967 0.02877721 0.01385837 0.008848097 0.02842762 0.01369002 0.009645697 0.03031724 0.01207949 0.0082967 0.02967179 0.01182232 0.008848097 0.03080371 0.01077869 0.0082967 0.03014791 0.01054921 0.008848097 0.02978167 0.01042106 0.009645697 0.03144554 0.00873081 0.0082967 0.03077607 0.008544933 0.008848097 0.03181686 0.00726199 0.0082967 0.03113948 0.007107384 0.008848097 0.0307612 0.007021043 0.009645697 0.03220517 0.005279769 0.0082967 0.03151953 0.005167365 0.008848097 0.03242989 0.00365397 0.0082967 0.03173946 0.003576178 0.008848097 0.03135389 0.003532734 0.009645697 0.03258722 0.001766828 0.0082967 0.03189345 0.001729213 0.008848097 0.03263509 -1.345493e-14 0.0082967 0.03194029 -1.316656e-14 0.008848097 0.03258722 -0.001766828 0.0082967 0.03155228 -1.30049e-14 0.009645697 0.03189345 -0.001729213 0.008848097 0.03242989 -0.00365397 0.0082967 0.03173946 -0.003576178 0.008848097 0.03220517 -0.005279769 0.0082967 0.03135389 -0.003532734 0.009645697 0.03151953 -0.005167365 0.008848097 0.03181686 -0.00726199 0.0082967 0.03113948 -0.007107384 0.008848097 0.03144554 -0.00873081 0.0082967 0.0307612 -0.007021043 0.009645697 0.03077607 -0.008544933 0.008848097 0.03080371 -0.01077869 0.0082967 0.03014791 -0.01054921 0.008848097 0.03031724 -0.01207949 0.0082967 0.02978167 -0.01042106 0.009645697 0.02967179 -0.01182232 0.008848097 0.0294032 -0.01415983 0.0082967 0.02877721 -0.01385837 0.008848097 0.02883349 -0.01528655 0.0082967 0.02842762 -0.01369002 0.009645697 0.02821964 -0.0149611 0.008848097 0.02763292 -0.01736291 0.0082967 0.02704462 -0.01699326 0.008848097 0.0270117 -0.01831439 0.0082967 0.02671608 -0.01678683 0.009645697 0.02643663 -0.01792448 0.008848097 0.02551514 -0.02034764 0.0082967 0.02497193 -0.01991445 0.008848097 0.02487322 -0.02112751 0.0082967 0.02466857 -0.01967253 0.009645697 0.02434368 -0.02067771 0.008848097 0.02307649 -0.02307649 0.0082967 0.0225852 -0.0225852 0.008848097 0.02231083 -0.02231083 0.009645697 0.02034764 -0.02551514 0.0082967 0.01991445 -0.02497193 0.008848097 0.01967253 -0.02466857 0.009645697 0.01736291 -0.02763292 0.0082967 0.01699326 -0.02704462 0.008848097 0.01678683 -0.02671608 0.009645697 0.01415983 -0.0294032 0.0082967 0.01385837 -0.02877721 0.008848097 0.01369002 -0.02842762 0.009645697 0.01077869 -0.03080371 0.0082967 0.01054921 -0.03014791 0.008848097 0.01042106 -0.02978167 0.009645697 0.00726199 -0.03181686 0.0082967 0.007107384 -0.03113948 0.008848097 0.007021043 -0.0307612 0.009645697 0.00365397 -0.03242989 0.0082967 0.003576178 -0.03173946 0.008848097 0.003532734 -0.03135389 0.009645697 -2.123184e-17 -0.03263509 0.0082967 -2.170363e-17 -0.03194029 0.008848097 -2.267429e-17 -0.03155228 0.009645697 -0.003528474 -0.03244378 0.0082967 -0.003453353 -0.03175306 0.008848097 -0.003411402 -0.03136732 0.009645697 -0.007015579 -0.0318721 0.0082967 -0.006866219 -0.03119355 0.008848097 -0.006782807 -0.03081461 0.009645697 -0.01042043 -0.03092674 0.0082967 -0.01019858 -0.03026832 0.008848097 -0.01007469 -0.02990062 0.009645697 -0.01370312 -0.0296188 0.0082967 -0.01341138 -0.02898823 0.008848097 -0.01324846 -0.02863607 0.009645697 -0.01682515 -0.02796361 0.0082967 -0.01646694 -0.02736827 0.008848097 -0.0162669 -0.0270358 0.009645697 -0.01974991 -0.02598057 0.0082967 -0.01932944 -0.02542745 0.008848097 -0.01909463 -0.02511855 0.009645697 -0.02244313 -0.02369293 0.0082967 -0.02196532 -0.02318851 0.008848097 -0.02487322 -0.02112751 0.0082967 -0.02434368 -0.02067771 0.008848097 -0.02551514 -0.02034764 0.0082967 -0.02497193 -0.01991445 0.008848097 -0.02466857 -0.01967253 0.009645697 -0.0270117 -0.01831439 0.0082967 -0.02643663 -0.01792448 0.008848097 -0.02763292 -0.01736291 0.0082967 -0.02704462 -0.01699326 0.008848097 -0.02671608 -0.01678683 0.009645697 -0.02883349 -0.01528655 0.0082967 -0.02821964 -0.0149611 0.008848097 -0.0294032 -0.01415983 0.0082967 -0.02877721 -0.01385837 0.008848097 -0.02842762 -0.01369002 0.009645697 -0.03031724 -0.01207949 0.0082967 -0.02967179 -0.01182232 0.008848097 -0.03080371 -0.01077869 0.0082967 -0.03014791 -0.01054921 0.008848097 -0.02978167 -0.01042106 0.009645697 -0.03144554 -0.00873081 0.0082967 -0.03077607 -0.008544933 0.008848097 -0.03181686 -0.00726199 0.0082967 -0.03113948 -0.007107384 0.008848097 -0.0307612 -0.007021043 0.009645697 -0.03220517 -0.005279769 0.0082967 -0.03151953 -0.005167365 0.008848097 -0.03242989 -0.00365397 0.0082967 -0.03173946 -0.003576178 0.008848097 -0.03135389 -0.003532734 0.009645697 -0.03258722 -0.001766828 0.0082967 -0.03189345 -0.001729213 0.008848097 -0.03263509 1.356781e-14 0.0082967 -0.03194029 1.328088e-14 0.008848097 -0.03258722 0.001766828 0.0082967 -0.03155228 1.312121e-14 0.009645697 -0.03189345 0.001729213 0.008848097 -0.03242989 0.00365397 0.0082967 -0.03173946 0.003576178 0.008848097 -0.03220517 0.005279769 0.0082967 -0.03135389 0.003532734 0.009645697 -0.03151953 0.005167365 0.008848097 -0.03181686 0.00726199 0.0082967 -0.03113948 0.007107384 0.008848097 -0.03144554 0.00873081 0.0082967 -0.0307612 0.007021043 0.009645697 -0.03077607 0.008544933 0.008848097 -0.03080371 0.01077869 0.0082967 -0.03014791 0.01054921 0.008848097 -0.03031724 0.01207949 0.0082967 -0.02978167 0.01042106 0.009645697 -0.02967179 0.01182232 0.008848097 -0.0294032 0.01415983 0.0082967 -0.02877721 0.01385837 0.008848097 -0.02883349 0.01528655 0.0082967 -0.02842762 0.01369002 0.009645697 -0.02821964 0.0149611 0.008848097 -0.02763292 0.01736291 0.0082967 -0.02704462 0.01699326 0.008848097 -0.0270117 0.01831439 0.0082967 -0.02671608 0.01678683 0.009645697 -0.02643663 0.01792448 0.008848097 -0.02551514 0.02034764 0.0082967 -0.02497193 0.01991445 0.008848097 -0.02487322 0.02112751 0.0082967 -0.02466857 0.01967253 0.009645697 -0.02434368 0.02067771 0.008848097 -0.02307649 0.02307649 0.0082967 -0.0225852 0.0225852 0.008848097 -0.02231083 0.02231083 0.009645697 -0.02034764 0.02551514 0.0082967 -0.01991445 0.02497193 0.008848097 -0.01967253 0.02466857 0.009645697 -0.01736291 0.02763292 0.0082967 -0.01699326 0.02704462 0.008848097 -0.01678683 0.02671608 0.009645697 -0.01415983 0.0294032 0.0082967 -0.01385837 0.02877721 0.008848097 -0.01369002 0.02842762 0.009645697 -0.01077869 0.03080371 0.0082967 -0.01054921 0.03014791 0.008848097 -0.01042106 0.02978167 0.009645697 -0.00726199 0.03181686 0.0082967 -0.007107384 0.03113948 0.008848097 -0.007021043 0.0307612 0.009645697 -0.00365397 0.03242989 0.0082967 -0.003576178 0.03173946 0.008848097 -0.003532734 0.03135389 0.009645697 -0.0222877 -0.01916991 0.00765 -0.02264621 -0.01826642 0.00765 -0.02277621 -0.01730314 0.00765 -0.02587033 -0.01388712 0.00765 -0.02660636 -0.01317424 0.00765 -0.02714263 -0.01230112 0.00765 -0.02498053 -0.01439523 0.00765 -0.02399253 -0.01466684 0.00765 -0.02267003 -0.01633695 0.00765 -0.02296803 -0.01468498 0.00765 -0.02233393 -0.01542489 0.00765 -0.02829531 -0.009349633 0.00765 -0.02197102 -0.01444853 0.00765 -0.02178777 -0.01462083 0.00765 -0.02912808 -0.00629244 0.00765 -0.02106379 -0.01397225 0.00765 -0.02963154 -0.003164106 0.00765 -0.0298 -3.143119e-15 0.00765 -0.02963154 0.003164106 0.00765 -0.02912808 0.00629244 0.00765 -0.02829531 0.009349633 0.00765 -0.02714263 0.01230112 0.00765 -0.02660636 0.01317424 0.00765 -0.02587033 0.01388712 0.00765 -0.02498053 0.01439523 0.00765 -0.02106379 0.01397225 0.00765 -0.02197102 0.01444853 0.00765 -0.02178777 0.01462083 0.00765 -0.02233393 0.01542489 0.00765 -0.02296803 0.01468498 0.00765 -0.02267003 0.01633695 0.00765 -0.02399253 0.01466684 0.00765 -0.02277621 0.01730314 0.00765 -0.02264621 0.01826642 0.00765 -0.0222877 0.01916991 0.00765 -0.02172185 0.01996024 0.00765 -0.01972785 0.02193312 0.00765 0.0222877 -0.01916991 0.00765 0.02264621 -0.01826642 0.00765 -0.01755549 0.02370769 0.00765 0.02197102 -0.01444853 0.00765 0.02233393 -0.01542489 0.00765 0.02178777 -0.01462083 0.00765 0.02106379 -0.01397225 0.00765 0.02296803 -0.01468498 0.00765 0.02267003 -0.01633695 0.00765 0.02277621 -0.01730314 0.00765 0.02399253 -0.01466684 0.00765 0.02498053 -0.01439523 0.00765 -0.0152244 0.02526792 0.00765 0.02587033 -0.01388712 0.00765 -0.01275566 0.02659968 0.00765 0.02660636 -0.01317424 0.00765 0.02714263 -0.01230112 0.00765 -0.01166289 0.0266903 0.00765 -0.01208087 0.0259496 0.00765 -0.01204643 0.02606569 0.00765 -0.0120409 0.02618666 0.00765 -0.01206461 0.0263054 0.00765 -0.01211617 0.02641497 0.00765 -0.01219256 0.02650892 0.00765 -0.0122893 0.02658176 0.00765 -0.01240071 0.0266292 0.00765 -0.01110108 0.02732882 0.00765 -0.01252026 0.02664847 0.00765 -0.01264094 0.02663844 0.00765 -0.01041962 0.0278377 0.00765 0.02829531 -0.009349633 0.00765 -0.00964783 0.02819502 0.00765 -0.008986876 0.0284126 0.00765 -0.008321021 0.02861469 0.00765 -0.00765063 0.02880118 0.00765 0.02912808 -0.00629244 0.00765 -0.00305869 0.02708033 0.00765 -0.002901713 0.02661265 0.00765 -0.003404761 0.02741019 0.00765 -0.003096415 0.02757221 0.00765 -0.003012593 0.02805835 0.00765 -0.004076706 0.0280717 0.00765 -0.002812323 0.02850919 0.00765 -0.00488201 0.02856221 0.00765 -0.006717514 0.02893686 0.00765 -0.005778078 0.02885577 0.00765 -0.002507791 0.0288973 0.00765 0.02963154 -0.003164106 0.00765 -0.001665266 0.0293961 0.00765 -0.002117524 0.02919905 0.00765 0.003404761 0.02741019 0.00765 0.002901713 0.02661265 0.00765 0.00305869 0.02708033 0.00765 0.003096415 0.02757221 0.00765 0.003012593 0.02805835 0.00765 0.0298 -3.123949e-15 0.00765 0.004076706 0.0280717 0.00765 0.002812323 0.02850919 0.00765 0.00488201 0.02856221 0.00765 0.002507791 0.0288973 0.00765 0.02963154 0.003164106 0.00765 0.02197102 0.01444853 0.00765 0.02106379 0.01397225 0.00765 0.02178777 0.01462083 0.00765 0.005778078 0.02885577 0.00765 0.002117524 0.02919905 0.00765 0.001665266 0.0293961 0.00765 0.02233393 0.01542489 0.00765 0.02296803 0.01468498 0.00765 0.01166289 0.0266903 0.00765 0.0120409 0.02618666 0.00765 0.01204643 0.02606569 0.00765 0.01208087 0.0259496 0.00765 0.01206461 0.0263054 0.00765 0.01211617 0.02641497 0.00765 0.01219256 0.02650892 0.00765 0.0122893 0.02658176 0.00765 0.02912808 0.00629244 0.00765 0.02267003 0.01633695 0.00765 0.02399253 0.01466684 0.00765 0.01240071 0.0266292 0.00765 0.01110108 0.02732882 0.00765 0.01252026 0.02664847 0.00765 0.02277621 0.01730314 0.00765 0.02498053 0.01439523 0.00765 0.006717514 0.02893686 0.00765 0.00765063 0.02880118 0.00765 0.02829531 0.009349633 0.00765 0.01041962 0.0278377 0.00765 0.00964783 0.02819502 0.00765 0.008321021 0.02861469 0.00765 0.008986876 0.0284126 0.00765 0.02714263 0.01230112 0.00765 0.01264094 0.02663844 0.00765 0.02660636 0.01317424 0.00765 0.02587033 0.01388712 0.00765 0.02264621 0.01826642 0.00765 0.0222877 0.01916991 0.00765 2.334486e-18 0.0265 0.0111 0.0003882286 0.02644889 0.0111 1.667147e-18 0.026 0.0114004 -0.0003882286 0.02644889 0.0111 9.998186e-19 0.0255 0.0117009 0.00025 0.02543301 0.0117009 3.324786e-19 0.025 0.0120013 0.0004330127 0.02525 0.0117009 0.00075 0.02629904 0.0111 0.0005 0.02586603 0.0114004 0.00106066 0.02606066 0.0111 0.0005 0.025 0.0117009 0.001299038 0.02575 0.0111 0.0008660254 0.0255 0.0114004 0.001448889 0.02538823 0.0111 0.0004330127 0.02475 0.0117009 0.0015 0.025 0.0111 0.001 0.025 0.0114004 0.001448889 0.02461177 0.0111 0.00025 0.02456699 0.0117009 0.001299038 0.02425 0.0111 0.0008660254 0.0245 0.0114004 0.00106066 0.02393934 0.0111 8.161188e-19 0.0245 0.0117009 0.00075 0.02370096 0.0111 0.0005 0.02413397 0.0114004 0.0003882286 0.02355111 0.0111 -0.00025 0.02456699 0.0117009 4.511247e-19 0.0235 0.0111 1.299758e-18 0.024 0.0114004 -0.0003882286 0.02355111 0.0111 -0.0004330127 0.02475 0.0117009 -0.00075 0.02370096 0.0111 -0.0005 0.02413397 0.0114004 -0.00106066 0.02393934 0.0111 -0.0005 0.025 0.0117009 -0.0008660254 0.0245 0.0114004 -0.001299038 0.02425 0.0111 -0.001448889 0.02461177 0.0111 -0.0004330127 0.02525 0.0117009 -0.001 0.025 0.0114004 -0.0015 0.025 0.0111 -0.001448889 0.02538823 0.0111 -0.00025 0.02543301 0.0117009 -0.0008660254 0.0255 0.0114004 -0.001299038 0.02575 0.0111 -0.00106066 0.02606066 0.0111 -0.0005 0.02586603 0.0114004 -0.00075 0.02629904 0.0111 -0.01556322 -0.02387543 0.004300002 -0.01310962 -0.02530589 0.004300002 -0.01052582 -0.02648503 0.004300002 -0.007837502 -0.02740116 0.004300002 -0.0155393 -0.02302304 0.004300002 -0.01437791 -0.02221291 0.004300002 -0.01337535 -0.0212129 0.004300002 -0.01256226 -0.02005357 0.004300002 -0.01196349 -0.01877036 0.004300002 -0.01040307 -0.01448316 0.004300002 -0.01006955 -0.01336911 0.004300002 -0.009867617 -0.01222388 0.004300002 -0.0098 -0.01106295 0.004300002 -0.0098 0.009398829 0.0141 -0.0098 -0.0006 0.004300002 -0.0098 -0.009398829 0.0141 -0.007892308 0.002261539 0.004300002 -0.008526329 0.0019049 0.004300002 -0.009059784 0.001410329 0.004300002 -0.009463297 0.0008050587 0.004300002 -0.009714649 0.0001224193 0.004300002 -0.0072 0.0018 0.004300002 -0.0072 -0.02692044 0.004300002 -0.01558247 -0.02352415 0.004100005 -0.01545401 -0.02370788 0.004100005 -0.01551216 -0.02365837 0.004100005 -0.01555593 -0.02359577 0.004100005 -0.0155477 -0.02330267 0.004100005 -0.01559006 -0.02344815 0.004100005 -0.01557822 -0.02337269 0.004100005 -0.01550049 -0.02324263 0.004100005 -0.01543965 -0.02319645 0.004100005 -0.01424958 -0.02236631 0.004100005 -0.01301762 -0.0251283 0.004100005 -0.01322227 -0.02134161 0.004100005 -0.01045196 -0.02629917 0.004100005 -0.007431498 -0.02705425 0.004100005 -0.0074693 -0.02711221 0.004100005 -0.007519376 -0.02715997 0.004100005 -0.007579062 -0.02719498 0.004100005 -0.00740798 -0.02698917 0.004100005 -0.0074 -0.02692044 0.004100005 -0.007645183 -0.02721539 0.004100005 -0.007714221 -0.0272201 0.004100005 -0.0077825 -0.02720887 0.004100005 -0.0123891 -0.02015366 0.004100005 -0.01177555 -0.01883877 0.004100005 -0.01021514 -0.01455156 0.004100005 -0.009874944 -0.01341524 0.004100005 -0.0074 0.0018 0.004100005 -0.0096 -0.0006 0.004100005 -0.009520155 7.581165e-05 0.004100005 -0.00928502 0.0007144097 0.004100005 -0.008907537 0.00128063 0.004100005 -0.008408503 0.001743293 0.004100005 -0.007815384 0.002076923 0.004100005 -0.0096 -0.01106295 0.004100005 -0.007671063 0.002098601 0.004100005 -0.007744562 0.002096672 0.004100005 -0.007435498 0.001941557 0.004100005 -0.00740901 0.00187297 0.004100005 -0.00753359 0.002049615 0.004100005 -0.007599302 0.002082595 0.004100005 -0.007477873 0.002001642 0.004100005 -0.009668966 -0.0122471 0.004100005 -0.007215016 0.001921617 0.004300002 -0.007259163 0.002035929 0.004300002 -0.007329788 0.00213607 0.004300002 -0.00742265 0.002216025 0.004300002 -0.007532171 0.002270992 0.004300002 -0.007651772 0.002297669 0.004300002 -0.007774271 0.002294453 0.004300002 -0.0077237 -0.02741988 0.004300002 -0.007608638 -0.02741202 0.004300002 -0.007498437 -0.02737801 0.004300002 -0.00739896 -0.02731966 0.004300002 -0.0073155 -0.02724006 0.004300002 -0.007252496 -0.02714346 0.004300002 -0.007213301 -0.027035 0.004300002 -0.01566015 -0.0237929 0.004300002 -0.01573309 -0.02368858 0.004300002 -0.01577733 -0.02356921 0.004300002 -0.01578998 -0.02344254 0.004300002 -0.01577024 -0.02331678 0.004300002 -0.01571938 -0.02320008 0.004300002 -0.0156407 -0.0231 0.004300002 0.007837502 -0.02740116 0.004300002 0.01052582 -0.02648503 0.004300002 0.01310962 -0.02530589 0.004300002 0.01556322 -0.02387543 0.004300002 0.0072 0.0018 0.004300002 0.0072 -0.02692044 0.004300002 0.0098 -0.0006 0.004300002 0.009714649 0.0001224193 0.004300002 0.009463297 0.0008050587 0.004300002 0.009059784 0.001410329 0.004300002 0.008526329 0.0019049 0.004300002 0.007892308 0.002261539 0.004300002 0.0098 -0.01106295 0.004300002 0.009867617 -0.01222388 0.004300002 0.01006955 -0.01336911 0.004300002 0.01040307 -0.01448316 0.004300002 0.01196349 -0.01877036 0.004300002 0.01256226 -0.02005357 0.004300002 0.01337535 -0.0212129 0.004300002 0.01437791 -0.02221291 0.004300002 0.0155393 -0.02302304 0.004300002 0.007645183 -0.02721539 0.004100005 0.007579062 -0.02719498 0.004100005 0.007519376 -0.02715997 0.004100005 0.0074693 -0.02711221 0.004100005 0.0074 -0.02692044 0.004100005 0.007431498 -0.02705425 0.004100005 0.00740798 -0.02698917 0.004100005 0.0077825 -0.02720887 0.004100005 0.007714221 -0.0272201 0.004100005 0.01045196 -0.02629917 0.004100005 0.01322227 -0.02134161 0.004100005 0.01301762 -0.0251283 0.004100005 0.01424958 -0.02236631 0.004100005 0.01545401 -0.02370788 0.004100005 0.01555593 -0.02359577 0.004100005 0.01551216 -0.02365837 0.004100005 0.01558247 -0.02352415 0.004100005 0.01559006 -0.02344815 0.004100005 0.01557822 -0.02337269 0.004100005 0.0123891 -0.02015366 0.004100005 0.01543965 -0.02319645 0.004100005 0.0155477 -0.02330267 0.004100005 0.01550049 -0.02324263 0.004100005 0.01177555 -0.01883877 0.004100005 0.01021514 -0.01455156 0.004100005 0.009874944 -0.01341524 0.004100005 0.009668966 -0.0122471 0.004100005 0.0096 -0.01106295 0.004100005 0.0074 0.0018 0.004100005 0.0096 -0.0006 0.004100005 0.007435498 0.001941557 0.004100005 0.00740901 0.00187297 0.004100005 0.007477873 0.002001642 0.004100005 0.00753359 0.002049615 0.004100005 0.009520155 7.581165e-05 0.004100005 0.007599302 0.002082595 0.004100005 0.007671063 0.002098601 0.004100005 0.007815384 0.002076923 0.004100005 0.007744562 0.002096672 0.004100005 0.00928502 0.0007144097 0.004100005 0.008408503 0.001743293 0.004100005 0.008907537 0.00128063 0.004100005 0.007774271 0.002294453 0.004300002 0.007651772 0.002297669 0.004300002 0.007532171 0.002270992 0.004300002 0.00742265 0.002216025 0.004300002 0.007329788 0.00213607 0.004300002 0.007259163 0.002035929 0.004300002 0.007215016 0.001921617 0.004300002 0.007213301 -0.027035 0.004300002 0.007252496 -0.02714346 0.004300002 0.0073155 -0.02724006 0.004300002 0.00739896 -0.02731966 0.004300002 0.007498437 -0.02737801 0.004300002 0.007608638 -0.02741202 0.004300002 0.0077237 -0.02741988 0.004300002 0.0156407 -0.0231 0.004300002 0.01571938 -0.02320008 0.004300002 0.01577024 -0.02331678 0.004300002 0.01578998 -0.02344254 0.004300002 0.01577733 -0.02356921 0.004300002 0.01573309 -0.02368858 0.004300002 0.01566015 -0.0237929 0.004300002 -0.0015 -0.02175 0.01129999 -0.001448889 -0.02136177 0.01129999 -0.001299038 -0.021 0.01129999 -0.00106066 -0.02068934 0.01129999 -0.00075 -0.02045096 0.01129999 -0.0003882286 -0.02030111 0.01129999 -2.801729e-17 -0.02025 0.01129999 0.0003882286 -0.02030111 0.01129999 0.00075 -0.02045096 0.01129999 0.00106066 -0.02068934 0.01129999 0.001299038 -0.021 0.01129999 0.001448889 -0.02136177 0.01129999 0.0015 -0.02175 0.01129999 -0.0015 -0.02225 0.01129999 0.0015 -0.02225 0.01129999 0.001448889 -0.02263823 0.01129999 0.001299038 -0.023 0.01129999 0.00106066 -0.02331066 0.01129999 0.00075 -0.02354904 0.01129999 0.0003882286 -0.02369889 0.01129999 -2.363221e-17 -0.02375 0.01129999 -0.0003882286 -0.02369889 0.01129999 -0.00075 -0.02354904 0.01129999 -0.00106066 -0.02331066 0.01129999 -0.001299038 -0.023 0.01129999 -0.001448889 -0.02263823 0.01129999 0.01866344 -0.01277581 0.0218 0.01943611 -0.01299708 0.0218 0.02016333 -0.0133393 0.0218 0.02082634 -0.01379361 0.0218 0.02714263 -0.01230112 0.0218 0.02657962 -0.01320722 0.0218 0.02580191 -0.0139374 0.0218 0.02486215 -0.01444224 0.0218 0.02382397 -0.01468755 0.0218 0.02275765 -0.01465674 0.0218 0.02173537 -0.01435188 0.0218 0.02714263 0.01230112 0.0218 0.02829531 0.009349633 0.0218 0.02912808 0.00629244 0.0218 0.02963154 0.003164106 0.0218 0.0298 -3.156078e-15 0.0218 0.02963154 -0.003164106 0.0218 0.02912808 -0.00629244 0.0218 0.02829531 -0.009349633 0.0218 0.02082634 0.01379361 0.0218 0.02173537 0.01435188 0.0218 0.02275765 0.01465674 0.0218 0.02382397 0.01468755 0.0218 0.02486215 0.01444224 0.0218 0.02580191 0.0139374 0.0218 0.02657962 0.01320722 0.0218 0.02016333 0.0133393 0.0218 0.01943611 0.01299708 0.0218 0.01866344 0.01277581 0.0218 -0.02714263 -0.01230112 0.0218 -0.02829531 -0.009349633 0.0218 -0.02912808 -0.00629244 0.0218 -0.02963154 -0.003164106 0.0218 -0.0298 -3.115562e-15 0.0218 -0.02963154 0.003164106 0.0218 -0.02912808 0.00629244 0.0218 -0.02829531 0.009349633 0.0218 -0.02714263 0.01230112 0.0218 -0.02082634 -0.01379361 0.0218 -0.02173537 -0.01435188 0.0218 -0.02275765 -0.01465674 0.0218 -0.02382397 -0.01468755 0.0218 -0.02486215 -0.01444224 0.0218 -0.02580191 -0.0139374 0.0218 -0.02657962 -0.01320722 0.0218 -0.02016333 -0.0133393 0.0218 -0.01943611 -0.01299708 0.0218 -0.01866344 -0.01277581 0.0141 -0.01866344 -0.01277581 0.0218 -0.01762571 -0.01267794 0.0141 -0.01659024 -0.01279735 0.0141 -0.01560203 -0.01312886 0.0141 -0.00992732 -0.01041263 0.0141 -0.01030136 -0.01136347 0.0141 -0.0108989 -0.01219229 0.0141 -0.01168283 -0.01284762 0.0141 -0.01260446 -0.01328876 0.0141 -0.01360654 -0.01348831 0.0141 -0.01462686 -0.01343388 0.0141 -0.01560203 0.01312886 0.0141 -0.01462686 0.01343388 0.0141 -0.01360654 0.01348831 0.0141 -0.01260446 0.01328876 0.0141 -0.01168283 0.01284762 0.0141 -0.0108989 0.01219229 0.0141 -0.01030136 0.01136347 0.0141 -0.00992732 0.01041263 0.0141 -0.01659024 0.01279735 0.0141 -0.01762571 0.01267794 0.0141 -0.01866344 0.01277581 0.0141 -0.01866344 0.01277581 0.0218 -0.01943611 0.01299708 0.0218 -0.02016333 0.0133393 0.0218 -0.02082634 0.01379361 0.0218 -0.02657962 0.01320722 0.0218 -0.02580191 0.0139374 0.0218 -0.02486215 0.01444224 0.0218 -0.02382397 0.01468755 0.0218 -0.02275765 0.01465674 0.0218 -0.02173537 0.01435188 0.0218 -0.01767044 -0.01243938 0.0141 -0.01679523 -0.0118621 0.0141 -0.01609505 -0.01108173 0.0141 -0.01561568 -0.0101493 0.0141 -0.01538846 -0.009125772 0.0141 -0.01542826 -0.008078085 0.0141 -0.01573246 -0.007074747 0.0141 -0.01656993 -0.004795828 0.0141 -0.01707914 -0.002421904 0.0141 -0.01725 5.325582e-16 0.0141 -0.01767044 0.01243938 0.0141 -0.01679523 0.0118621 0.0141 -0.01609505 0.01108173 0.0141 -0.01561568 0.0101493 0.0141 -0.01542826 0.008078085 0.0141 -0.01538846 0.009125772 0.0141 -0.01573246 0.007074747 0.0141 -0.01656993 0.004795828 0.0141 -0.01707914 0.002421904 0.0141 0.01271026 0.01824762 0.0141 0.01248867 0.0173098 0.0141 0.0120543 0.0164496 0.0141 0.01143116 0.01571454 0.0141 0.01065365 0.01514524 0.0141 0.01277581 0.01866344 0.0141 0.01288234 0.01909357 0.0218 0.01294979 0.01930468 0.0218 0.0128243 0.01887969 0.0218 0.01277581 0.01866344 0.0218 0.01272822 0.01838682 0.0141 0.01275007 0.01852547 0.0141 0.01264199 0.02265668 0.0218 0.01298607 0.02186247 0.0218 0.01315575 0.02101373 0.0218 0.01314348 0.02014827 0.0218 0.01247597 0.02303833 0.0218 0.01239252 0.02344608 0.0218 0.01239528 0.02386227 0.0218 0.00964783 0.02819502 0.0218 0.01048098 0.02780039 0.0218 0.0112049 0.02722959 0.0218 0.01178299 0.02651148 0.0218 0.01218602 0.02568236 0.0218 0.01239361 0.02478415 0.0218 0.00765063 0.02880118 0.0218 0.008321021 0.02861469 0.0218 0.008986876 0.0284126 0.0218 0.002499252 0.02493886 0.0218 0.002660491 0.02598133 0.0218 0.003082372 0.02694814 0.0218 0.003736968 0.02777532 0.0218 0.004580949 0.02840811 0.0218 0.005558448 0.02880462 0.0218 0.006604762 0.02893859 0.0218 0.002401127 0.02430387 0.0218 0.002144396 0.02371487 0.0218 0.001746018 0.02321075 0.0218 0.001232308 0.02282482 0.0218 0.0006371991 0.02258257 0.0218 -9.426592e-18 0.0225 0.0218 -0.0006371991 0.02258257 0.0218 -0.001232308 0.02282482 0.0218 -0.001746018 0.02321075 0.0218 -0.002144396 0.02371487 0.0218 -0.002401127 0.02430387 0.0218 -0.002499252 0.02493886 0.0218 -0.00765063 0.02880118 0.0218 -0.006604762 0.02893859 0.0218 -0.005558448 0.02880462 0.0218 -0.004580949 0.02840811 0.0218 -0.003736968 0.02777532 0.0218 -0.003082372 0.02694814 0.0218 -0.002660491 0.02598133 0.0218 -0.00964783 0.02819502 0.0218 -0.008986876 0.0284126 0.0218 -0.008321021 0.02861469 0.0218 -0.01239528 0.02386227 0.0218 -0.01239361 0.02478415 0.0218 -0.01218602 0.02568236 0.0218 -0.01178299 0.02651148 0.0218 -0.0112049 0.02722959 0.0218 -0.01048098 0.02780039 0.0218 -0.01239252 0.02344608 0.0218 -0.01247597 0.02303833 0.0218 -0.01264199 0.02265668 0.0218 -0.01294979 0.01930468 0.0218 -0.01314348 0.02014827 0.0218 -0.01315575 0.02101373 0.0218 -0.01298607 0.02186247 0.0218 -0.01277581 0.01866344 0.0141 -0.0128243 0.01887969 0.0218 -0.01277581 0.01866344 0.0218 -0.01288234 0.01909357 0.0218 -0.01275007 0.01852547 0.0141 -0.01272822 0.01838682 0.0141 -0.01271026 0.01824762 0.0141 -0.01065365 0.01514524 0.0141 -0.01143116 0.01571454 0.0141 -0.0120543 0.0164496 0.0141 -0.01248867 0.0173098 0.0141 -0.009520596 0.01433652 0.0141 -0.008582363 0.01330814 0.0141 -0.007880695 0.01210585 0.0141 -0.007446806 0.01078313 0.0141 -0.0073 0.009398829 0.0141 -0.0073 0.003438687 0.0141 -0.006631206 0.001194399 0.0141 -0.006998086 0.00189449 0.0141 -0.007223814 0.002651969 0.0141 -0.005736376 -0.00051314 0.0141 -0.005185821 -0.002360651 0.0141 -0.005 -0.004279474 0.0141 -0.005 -0.01565 0.0141 -0.0009 -0.01975 0.0141 -0.001961158 -0.0196103 0.0141 -0.00295 -0.0192007 0.0141 -0.003799138 -0.01854914 0.0141 -0.004450704 -0.0177 0.0141 -0.004860296 -0.01671116 0.0141 0.0009 -0.01975 0.0141 0.005 -0.01565 0.0141 0.004860296 -0.01671116 0.0141 0.004450704 -0.0177 0.0141 0.003799138 -0.01854914 0.0141 0.00295 -0.0192007 0.0141 0.001961158 -0.0196103 0.0141 0.005 -0.004279474 0.0141 0.005185821 -0.002360651 0.0141 0.005736376 -0.00051314 0.0141 0.006631206 0.001194399 0.0141 0.0073 0.003438687 0.0141 0.007223814 0.002651969 0.0141 0.006998086 0.00189449 0.0141 0.0073 0.009398829 0.0141 0.007446806 0.01078313 0.0141 0.007880695 0.01210585 0.0141 0.008582363 0.01330814 0.0141 0.009520596 0.01433652 0.0141 -0.0118621 0.01679523 0.0141 -0.01108173 0.01609505 0.0141 -0.01243938 0.01767044 0.0141 -0.0101493 0.01561568 0.0141 -0.009125772 0.01538846 0.0141 -0.008078085 0.01542826 0.0141 -0.007074747 0.01573246 0.0141 -0.004795828 0.01656993 0.0141 -0.002421904 0.01707914 0.0141 3.455767e-18 0.01725 0.0141 0.002421904 0.01707914 0.0141 0.004795828 0.01656993 0.0141 0.007074747 0.01573246 0.0141 0.008078085 0.01542826 0.0141 0.009125772 0.01538846 0.0141 0.0101493 0.01561568 0.0141 0.01108173 0.01609505 0.0141 0.0118621 0.01679523 0.0141 0.01243938 0.01767044 0.0141 -0.007074747 0.01573246 0.0218 -0.009125772 0.01538846 0.0218 -0.008078085 0.01542826 0.0218 -0.0101493 0.01561568 0.0218 -0.01108173 0.01609505 0.0218 -0.0118621 0.01679523 0.0218 -0.01243938 0.01767044 0.0218 -0.004795828 0.01656993 0.0218 -0.002421904 0.01707914 0.0218 -7.663728e-18 0.01725 0.0218 0.002421904 0.01707914 0.0218 0.004795828 0.01656993 0.0218 0.007074747 0.01573246 0.0218 0.008078085 0.01542826 0.0218 0.0101493 0.01561568 0.0218 0.009125772 0.01538846 0.0218 0.01243938 0.01767044 0.0218 0.0118621 0.01679523 0.0218 0.01108173 0.01609505 0.0218 -0.01767044 0.01243938 0.0218 -0.01679523 0.0118621 0.0218 -0.01609505 0.01108173 0.0218 -0.01561568 0.0101493 0.0218 -0.01538846 0.009125772 0.0218 -0.01542826 0.008078085 0.0218 -0.01573246 0.007074747 0.0218 -0.01656993 0.004795828 0.0218 -0.01707914 0.002421904 0.0218 -0.01725 9.765663e-17 0.0218 -0.01707914 -0.002421904 0.0218 -0.01656993 -0.004795828 0.0218 -0.01573246 -0.007074747 0.0218 -0.01542826 -0.008078085 0.0218 -0.01538846 -0.009125772 0.0218 -0.01561568 -0.0101493 0.0218 -0.01609505 -0.01108173 0.0218 -0.01679523 -0.0118621 0.0218 -0.01767044 -0.01243938 0.0218 0.01679523 0.0118621 0.0218 0.01561568 0.0101493 0.0218 0.01609505 0.01108173 0.0218 0.01767044 0.01243938 0.0218 0.01542826 0.008078085 0.0218 0.01538846 0.009125772 0.0218 0.01573246 0.007074747 0.0218 0.01656993 0.004795828 0.0218 0.01707914 0.002421904 0.0218 0.01573246 -0.007074747 0.0218 0.01538846 -0.009125772 0.0218 0.01542826 -0.008078085 0.0218 0.01561568 -0.0101493 0.0218 0.01725 7.732101e-17 0.0218 0.01679523 -0.0118621 0.0218 0.01609505 -0.01108173 0.0218 0.01767044 -0.01243938 0.0218 0.01656993 -0.004795828 0.0218 0.01707914 -0.002421904 0.0218</float_array>
          <technique_common>
            <accessor count="2390" source="#cubeverts-array1-array" stride="3">
              <param type="float" name="X"/>
              <param type="float" name="Y"/>
              <param type="float" name="Z"/>
            </accessor>
          </technique_common>
        </source>
        <source id="cubenormals-array1">
          <float_array count="14376" id="cubenormals-array1-array">0 0 -1 0 0 -1 0 -0 -1 0 0 -1 -0 0 -1 0 0 -1 0 0 -1 0 0 -1 0 0 -1 0 -0 -1 0 0 -1 0 0 -1 0 0 -1 0 0 -1 0 -0 -1 0 0 -1 0 0 -1 0 0 -1 0 0 -1 0 0 -1 0 0 -1 -0 -0 -1 -0 -0 -1 -0 -0 -1 -0 -0 -1 -0 -0 -1 0 0 -1 0 0 -1 0 0 -1 -0 0 -1 0 0 -1 0 -0 -1 0 -0 -1 0 0 -1 -0 -0 -1 0 0 -1 -0 -0 -1 -0 -0 -1 -0 0 -1 -0 -0 -1 0 0 -1 0 0 -1 0 0 -1 0 0 -1 0 -0 -1 0 -0 -1 0 -0 -1 0 -0 -1 0 -0 -1 0 0 -1 0 0 -1 -0 0 -1 0 -0 -1 0 -0 -1 0 0 -1 0 0 -1 0 0 -1 0 0 -1 -0 0 -1 0 0 -1 0 0 -1 0 -0 -1 0 0 -1 -0 0 -1 -0 0 -1 0 0 -1 0 -0 -1 0 0 -1 -0 0 -1 -0 0 -1 -0 0 -1 0 -0 -1 0 -0 -1 0 0 -1 0 -0 -1 0 -0 -1 0 0 -1 0 0 -1 0 -0 -1 0 0 -1 0 0 -1 0 0 -1 0 0 -1 0 0 -1 -0 0 -1 0 0 -1 0 0 -1 0 0 -1 0 0 -1 0 -0 -1 0 0 -1 0 -0 -1 0 -0 -1 0 -0 -1 0 0 -1 0 -0 -1 0 0 -1 0 -0 -1 0 0 -1 0 -0 -1 -0 0 -1 0 0 -1 0 -0 -1 0 -0 -1 -0 -0 -1 -0 0 -1 0 0 -1 0 0 -1 0 -0 -1 0 -0 -1 -0 0 -1 -0 -0 -1 -0 -0 -1 -0 -0 -1 -0 -0 -1 -0 0 -1 -0 0 -1 0 -0 -1 0 0 -1 0 0 -1 0 -0 -1 0 0 -1 -0 0 -1 0 -0 -1 0 0 -1 0 0 -1 0 -0 -1 0 -0 -1 0 0 -1 0 0 -1 0 -0 -1 0 0 -1 -0 -0 -1 -0 -0 -1 -0 0 -1 0 -0 -1 -0 0 -1 0 0 -1 0 0 -1 0 0 -1 0 -0 -1 -0 0 -1 0 0 -1 0 0 -1 0 -0 -1 0 0 -1 0 0 -1 0 0 -1 0 -0 -1 -0 0 -1 0 0 -1 0 -0 -1 0 0 -1 0 -0 -1 0 0 -1 -0 0 -1 0 -0 -1 0 0 -1 0 -0 -1 0 0 -1 0 -0 -1 0 -0 -1 0 -0 -1 0 -0 -1 0 0 -1 0 -0 -1 0 -0 -1 0 -0 -1 0 -0 -1 0 -0 -1 0 0 -1 0 0 -1 0 0 -1 -0 0 -1 0 0 -1 0 -0 -1 0 0 -1 0 -0 -1 0 0 -1 0 -0 -1 0 0 -1 0 0 -1 0 -0 -1 0 0 -1 0 -0 -1 0 -0 -1 0 0 -1 0 0 -1 0 0 -1 0 -0 -1 0 -0 -1 0 -0 -1 0 -0 -1 0 -0 -1 -0 -0 -1 0 0 -1 -0 -0 -1 -0 0 -1 0 0 -1 -0 0 -1 0 0 -1 0 0 -1 0 0 -1 0 -0 -1 0 -0 -1 0 0 -1 0 -0 -1 0 0 -1 0 -0 -1 0 0 -1 0 0 -1 0 0 -1 0 0 -1 0 0 -1 0 0 -1 0 0 -1 0 -0 -1 0 0 -1 0 -0 -1 0 -0 -1 0 -0 -1 0 -0 -1 0 -0 -1 0 -0 -1 0 -0 -1 -0 0 -1 0 -0 -1 0 -0 -1 -0 0 -1 0 0 -1 0 0 -1 0 0 -1 0 0 -1 0 -0 -1 0 0 -1 0 -0 -1 0 -0 -1 0 -0 -1 -0 0 -1 0 0 -1 0 -0 -1 -0 0 -1 0 -0 -1 0 -0 -1 0 0 -1 -0 0 -1 0 -0 -1 0 0 -1 0 0 -1 0 -0 -1 0 -0 -1 0 0 -1 0 0 -1 0 -0 -1 0 -0 -1 0 -0 -1 0 0 -1 -0 0 -1 0 0 -1 0 0 -1 0 0 -1 0 -0 -1 0 0 -1 0 -0 -1 -0 0 -1 0 -0 -1 0 -0 -1 0 0 -1 -0 0 -1 0 -0 -1 0 0 -1 0 0 -1 0 -0 -1 0 -0 -1 -0 0 -1 0 0 -1 0 -0 -1 0 0 -1 0 -0 -1 -0 0 -1 0 0 -1 0 -0 -1 -0 0 -1 -0 0 -1 0 0 -1 -0 0 -1 -0 0 -1 0 0 -1 0 -0 -1 0 -0 -1 0 0 -1 0 -0 -1 0 0 -1 0 0 -1 0 0 -1 0 -0 -1 0 0 -1 -0 0 -1 -0 0 -1 -0 0 -1 -0 0 -1 0 -0 -1 0 -0 -1 -0 0 -1 0 -0 -1 -0 0 -1 -0 0 -1 0 0 -1 -0 0 -1 0 -0 -1 0 -0 -1 0 -0 -1 0 0 -1 0 -0 -1 0 0 -1 0 -0 -1 -0 0 -1 0 0 -1 0 0 -1 0 0 -1 0 0 -1 -0 0 -1 0 -0 -1 0 -0 -1 0 -0 -1 0 0 -1 0 0 -1 0 -0 -1 0 0 -1 0 0 -1 0 0 -1 0 0 -1 0 -0 -1 0 0 -1 0 -0 -1 -0 0 -1 0 0 -1 0 -0 -1 0 -0 -1 -0 0 -1 0 -0 -1 0 0 -1 0 0 -1 0 0 -1 0 0 -1 0 0 -1 0 -0 -1 -0 0 -1 0 -0 -1 0 0 -1 0 -0 -1 -0 0 -1 0 0 -1 0 -0 -1 -0 0 -1 0 -0 -1 0 0 -1 0 0 -1 0 0 -1 0 -0 -1 0 0 -1 0 -0 -1 -0 0 -1 0 0 -1 0 -0 -1 0 -0 -1 0 -0 -1 0 -0 -1 0 0 -1 0 -0 -1 0 0 -1 -0 0 -1 0 -0 -1 -0 0 -1 0 -0 -1 -0 0 -1 -0 0 -1 0 0 -1 -0 0 -1 -0 -0 -1 0 0 -1 -0 0 -1 -0 0 -1 0 0 -1 0 0 -1 0 0 -1 -0 0 -1 0 -0 -1 0 0 -1 0 0 -1 0 -0 -1 -0 -0 -1 -0 0 -1 0 -0 -1 0 0 -1 0 -0 -1 0 -0 -1 0 -0 -1 0 0 -1 -0 0 -1 0 -0 -1 0 0 -1 0 0 -1 0 0 -1 0 -0 -1 0 0 -1 0 0 -1 0 0 -1 0 -0 -1 0 0 -1 0 -0 -1 0 -0 -1 0 -0 -1 0 -0 -1 -0 0 -1 0 -0 -1 0 0 -1 0 -0 -1 0 -0 -1 0 0 -1 -0 0 -1 -0 0 -1 0 0 -1 0 -0 -1 0 -0 -1 0 -0 -1 -0 0 -1 0 -0 -1 0 0 -1 0 -0 -1 0 -0 -1 -0 0 -1 0 -0 -1 0 0 -1 0 0 -1 -0 0 -1 0 0 -1 0 0 -1 0 0 -1 -0 0 -1 0 0 -1 0 -0 -1 0 0 -1 0 -0 -1 0 -0 -1 0 0 -1 0 -0 -1 0 -0 -1 0 -0 -1 0 -0 -1 0 -0 -1 0 -0 -1 0 -0 -1 0 0 -1 0 -0 -1 0 0 -1 0 -0 -1 0 -0 -1 -0 0 -1 -0 0 -1 -0 0 -1 0 0 -1 0 -0 -1 0 -0 -1 0 0 -1 0 -0 -1 -0 -0 -1 -0 -0 -1 -0 -0 -1 0 -0 -1 -0 0 -1 0 0 -1 0 0 -1 0 -0 -1 0 0 -1 0 0 -1 0 -0 -1 -0 0 -1 0 0 -1 -0 0 -1 0 0 -1 0 0 -1 0 -0 -1 0 -0 -1 0 0 -1 0 -0 -1 0 0 -1 0 0 -1 0 -0 -1 0 -0 -1 0 -0 -1 0 -0 -1 0 -0 -1 0 -0 -1 0 0 -1 0 0 -1 0 0 -1 0 0 -1 0 -0 -1 0 -0 -1 0 -0 -1 0 0 -1 0 -0 -1 0 -0 -1 -0 0 -1 0 -0 -1 0 0 -1 0 0 -1 0 0 -1 0 0 -1 0 0 -1 0 0 -1 0 0 -1 0 0 -1 0 0 -1 0 0 -1 0 -0 -1 0 -0 -1 0 -0 -1 0 -0 -1 0 0 -1 0 -0 -1 0 -0 -1 0 -0 -1 0 -0 -1 0 0 -1 0.4747738 0.8801079 0 0.4747738 0.8801079 -0 0.556222 0.8310338 -0 0.6326365 0.7744488 -0 0.556222 0.8310338 0 0.6326365 0.7744488 -0 0.7033321 0.7108614 -0 0.7033321 0.7108614 0 -0.02663188 0.9996454 0 -0.02663188 0.9996454 0 0 1 -0 0.02663188 0.9996454 -0 0 1 0 0.02663188 0.9996454 -0 0.6978999 -0.7161953 0 0.6978999 -0.7161953 0 0.61478 -0.7886987 0 0.61478 -0.7886987 0 0.5241853 -0.8516042 0 0.5241853 -0.8516042 0 0.4272107 -0.9041521 0 0.4272107 -0.9041521 0 0.3250401 -0.9457002 0 0.3250401 -0.9457002 0 0.2189162 -0.9757436 0 0.2189162 -0.9757436 0 0.1101293 -0.9939173 0 0.1101293 -0.9939173 0 0 -1 0 0 -1 0 -0.1101293 -0.9939173 0 -0.1101293 -0.9939173 0 -0.2189162 -0.9757436 0 -0.3250401 -0.9457002 0 -0.2189162 -0.9757436 0 -0.3250401 -0.9457002 0 -0.4272107 -0.9041521 0 -0.4272107 -0.9041521 0 -0.5241853 -0.8516042 0 -0.5241853 -0.8516042 0 -0.61478 -0.7886987 0 -0.61478 -0.7886987 0 -0.6978999 -0.7161953 0 -0.6978999 -0.7161953 0 0.05414 0.9985333 7.818324e-17 0.1617808 0.9868267 -0 0.05414 0.9985333 -0 0.2675294 0.9635497 -0 0.1617808 0.9868267 -0 0.3701367 0.9289773 -0 0.2675294 0.9635497 -0 0.4684098 0.8835113 -0 0.3701367 0.9289773 -0 0.561187 0.827689 -0 0.4684098 0.8835113 -0 0.6473844 0.7621636 -0 0.561187 0.827689 -0 0.7259973 0.6876976 -0 0.6473844 0.7621636 -0 0.7960925 0.6051749 -0 0.7259973 0.6876976 -0 0.8568573 0.5155537 -0 0.7960925 0.6051749 -0 0.9075752 0.4198894 -0 0.8568573 0.5155537 -0 0.9476533 0.3193013 -0 0.9075752 0.4198894 -0 0.9766204 0.2149712 -0 0.9476533 0.3193013 -0 0.9941381 0.1081181 -0 0.9766204 0.2149712 -0 1 0 -0 0.9941381 0.1081181 -0 0.9941381 -0.1081181 0 1 0 0 0.9766204 -0.2149712 0 0.9941381 -0.1081181 0 0.9476533 -0.3193013 0 0.9766204 -0.2149712 0 0.9075752 -0.4198894 0 0.9476533 -0.3193013 0 0.8568573 -0.5155537 0 0.9075752 -0.4198894 0 0.8568573 -0.5155537 0 0.7960925 -0.6051749 0 0.7960925 -0.6051749 0 0.7259973 -0.6876976 0 0.7259973 -0.6876976 0 0.6473844 -0.7621636 0 0.6473844 -0.7621636 0 0.561187 -0.827689 0 0.561187 -0.827689 0 0.4684098 -0.8835113 0 0.4684098 -0.8835113 0 0.3701367 -0.9289773 0 0.3701367 -0.9289773 0 0.2675294 -0.9635497 0 0.1617808 -0.9868267 0 0.2675294 -0.9635497 0 0.05414 -0.9985333 0 0.1617808 -0.9868267 0 -0.05414 -0.9985333 -6.333321e-15 0.05414 -0.9985333 6.333321e-15 -0.1617808 -0.9868267 0 -0.05414 -0.9985333 0 -0.2675294 -0.9635497 0 -0.1617808 -0.9868267 0 -0.3701367 -0.9289773 0 -0.2675294 -0.9635497 0 -0.4684098 -0.8835113 0 -0.3701367 -0.9289773 0 -0.561187 -0.827689 0 -0.4684098 -0.8835113 0 -0.6473844 -0.7621636 0 -0.561187 -0.827689 0 -0.7259973 -0.6876976 0 -0.6473844 -0.7621636 0 -0.7960925 -0.6051749 0 -0.7259973 -0.6876976 0 -0.8568573 -0.5155537 0 -0.7960925 -0.6051749 0 -0.9075752 -0.4198894 0 -0.8568573 -0.5155537 0 -0.9476533 -0.3193013 0 -0.9075752 -0.4198894 0 -0.9766204 -0.2149712 0 -0.9476533 -0.3193013 0 -0.9941381 -0.1081181 0 -0.9766204 -0.2149712 0 -1 0 0 -0.9941381 -0.1081181 0 -0.9941381 0.1081181 0 -1 0 0 -0.9941381 0.1081181 0 -0.9766204 0.2149712 0 -0.9476533 0.3193013 0 -0.9766204 0.2149712 0 -0.9476533 0.3193013 0 -0.9075752 0.4198894 0 -0.9075752 0.4198894 0 -0.8568573 0.5155537 0 -0.8568573 0.5155537 0 -0.7960925 0.6051749 0 -0.7960925 0.6051749 0 -0.7259973 0.6876976 0 -0.7259973 0.6876976 0 -0.6473844 0.7621636 0 -0.6473844 0.7621636 0 -0.561187 0.827689 0 -0.561187 0.827689 0 -0.4684098 0.8835113 0 -0.4684098 0.8835113 0 -0.3701367 0.9289773 0 -0.3701367 0.9289773 0 -0.2675294 0.9635497 0 -0.2675294 0.9635497 0 -0.1617808 0.9868267 0 -0.1617808 0.9868267 0 -0.05414 0.9985333 0 -0.05414 0.9985333 -7.818324e-17 0 -0 1 0 0 1 0 0 1 -0 0 1 0 -0 1 0 0 1 -0 0 1 0 -0 1 0 0 1 0 0 1 0 -0 1 -0 0 1 0 0 1 0 0 1 -0 0 1 0 -0 1 0 0 1 0 0 1 0 -0 1 -0 0 1 0 0 1 0 0 1 -0 0 1 0 -0 1 0 -0 1 0 0 1 0 -0 1 0 0 1 0 0 1 0 -0 1 0 0 1 0 0 1 0 0 1 0 -0 1 0 0 1 0 -0 1 0 -0 1 0 0 1 0 -0 1 0 0 1 0 -0 1 0 0 1 0 -0 1 0 0 1 0 -0 1 0 0 1 0 -0 1 0 0 1 0 0 1 0 -0 1 0 -0 1 0 0 1 0 -0 1 0 0 1 0 0 1 0 -0 1 0 0 1 0 -0 1 0 -0 1 0 0 1 0 -0 1 0 0 1 0 -0 1 0 0 1 0 0 1 0 -0 1 0 -0 1 0 0 1 0 -0 1 0 0 1 0 -0 1 0 0 1 0 -0 1 0 0 1 0 -0 1 0 0 1 0 -0 1 0 0 1 0 0 1 0 -0 1 0 -0 1 0 0 1 0 0 1 0 -0 1 0 -0 1 0 -0 1 0 0 1 0 -0 1 0 -0 1 0 0 1 0 -0 1 0 0 1 0 -0 1 -0 0 1 0 0 1 0 0 1 -0 0 1 0 -0 1 0 0 1 0 0 1 -0 0 1 0 -0 1 0 0 1 0 0 1 -0 0 1 0 -0 1 0 0 1 0 0 1 -0 0 1 0 -0 1 0 0 1 0 0 1 0 0 1 0 -0 1 0 0 1 0 0 1 0 -0 1 0 0 1 0 -0 1 0 -0 1 0 0 1 0 -0 1 0 0 1 0 -0 1 0 0 1 0 0 1 0 -0 1 0 0 1 0 0 1 0 0 1 0 -0 1 0 0 1 0 0 1 0 -0 1 0 0 1 0 0 1 0 0 1 0 -0 1 0 0 1 0 0 1 0 0 1 0 0 1 0 0 1 0 0 1 0 -0 1 0 0 1 0 0 1 0 -0 1 0 0 1 0 0 1 0 0 1 0 0 1 0 0 1 0 0 1 0 0 1 0 0 1 0 -0 1 0 0 1 0 0 1 0 0 1 0 0 1 0 -0 1 0 0 1 0 -0 1 0 0 1 0 0 1 0 -0 1 0 0 1 0 -0 1 0 0 1 0 0 1 0 0 1 0 0 1 0 -0 1 0 0 1 0 -0 1 0 0 1 0 -0 1 0 0 1 0 -0 1 0 -0 1 0 0 1 0 0 1 0 0 1 0 -0 1 0 0 1 0 -0 1 0 -0 1 0 0 1 0 -0 1 0 -0 1 0 0 1 0 -0 1 0 -0 1 0 -0 1 0 -0 1 0 -0 1 0 0 1 0 0 1 0 0 1 0 -0 1 0 0 1 0 0 1 0 -0 1 0 0 1 0 0 1 0 0 1 0 -0 1 0 -0 1 0 -0 1 0 0 1 0 0 1 0 0 1 0 0 1 0 0 1 0 -0 1 0 0 1 0 0 1 0 -0 1 0 0 1 0 0 1 0 -0 1 0 0 1 0 0 1 0 -0 1 0 0 1 0 0 1 0 -0 1 0 -0 1 0 0 1 0 0 1 0 -0 1 0 0 1 0 0 1 0 0 1 0 0 1 0 0 1 0 -0 1 0 0 1 0 0 1 0 -0 1 0 0 1 0 0 1 0 0 1 0 -0 1 0 0 1 0 0 1 0 0 1 0 0 1 0 0 1 0 0 1 0 0 1 0 0 1 0 0 1 0 0 1 0 0 1 0 0 1 0 -0 1 0 0 1 0 0 1 0 -0 1 0 -0 1 0 0 1 0 0 1 0 -0 1 0 0 1 0 0 1 0 -0 1 0 -0 1 0 0 1 0 0 1 0 -0 1 0 -0 1 0 0 1 0 0 1 0 0 1 0 -0 1 0 -0 1 0 0 1 0 0 1 0 0 1 0 0 1 0 -0 1 0 0 1 0 0 1 0 0 1 0 0 1 0 -0 1 0 0 1 0 0 1 0 0 1 0 -0 1 0 0 1 0 0 1 0 -0 1 0 0 1 0 0 1 0 0 1 0 0 1 0 0 1 0 0 1 0 0 1 0 -0 1 0 0 1 0 0 1 0 0 1 0 0 1 0 0 1 0 0 1 0 0 1 0 -0 1 0 0 1 0 0 1 0 0 1 0 0 1 0 -0 1 0 0 1 0 -0 1 0 0 1 0 0 1 0 -0 1 0 0 1 0 0 1 0 0 1 0 -0 1 0 -0 1 0 0 1 0 0 1 0 0 1 0 0 1 0 -0 1 0 -0 1 0 0 1 0 0 1 0 0 1 0 0 1 0 -0 1 0 0 1 0 -0 1 0 0 1 0 0 1 0 0 1 0.05606866 0.9984269 1.180383e-16 0.05606866 0.9984269 -0 0.1675078 0.9858707 -0 0.1675078 0.9858707 -0 0.2768368 0.9609169 -0 0.2768368 0.9609169 -0 0.3826819 0.9238801 -0 0.3826819 0.9238801 -0 0.4837198 0.8752229 -0 0.4837198 0.8752229 -0 0.5786713 0.8155608 -0 0.5786713 0.8155608 -0 0.666347 0.7456418 -0 0.666347 0.7456418 -0 0.7456418 0.666347 -0 0.7456418 0.666347 -0 0.8155608 0.5786713 -0 0.8155608 0.5786713 -0 0.8752229 0.4837198 -0 0.8752229 0.4837198 -0 0.9238801 0.3826819 -0 0.9238801 0.3826819 -0 0.9609169 0.2768368 -0 0.9609169 0.2768368 -0 0.9858707 0.1675078 -0 0.9984269 0.05606866 -0 0.9858707 0.1675078 -0 0.9984269 -0.05606866 1.221447e-16 0.9984269 0.05606866 -1.221447e-16 0.9858707 -0.1675078 0 0.9984269 -0.05606866 0 0.9609169 -0.2768368 0 0.9858707 -0.1675078 0 0.9238801 -0.3826819 0 0.9609169 -0.2768368 0 0.8752229 -0.4837198 0 0.9238801 -0.3826819 0 0.8155608 -0.5786713 0 0.8752229 -0.4837198 0 0.7456418 -0.666347 0 0.8155608 -0.5786713 0 0.7456418 -0.666347 0 0.666347 -0.7456418 0 0.666347 -0.7456418 0 0.5786713 -0.8155608 0 0.5786713 -0.8155608 0 0.4837198 -0.8752229 0 0.4837198 -0.8752229 0 0.3826819 -0.9238801 0 0.3826819 -0.9238801 0 0.2768368 -0.9609169 0 0.2768368 -0.9609169 0 0.1675078 -0.9858707 0 0.1675078 -0.9858707 0 0.05606866 -0.9984269 0 0.05606866 -0.9984269 6.309272e-17 -0.05606866 -0.9984269 -6.309272e-17 -0.05606866 -0.9984269 0 -0.1675078 -0.9858707 0 -0.1675078 -0.9858707 0 -0.2768368 -0.9609169 0 -0.2768368 -0.9609169 0 -0.3826819 -0.9238801 0 -0.3826819 -0.9238801 0 -0.4837198 -0.8752229 0 -0.4837198 -0.8752229 0 -0.5786713 -0.8155608 0 -0.5786713 -0.8155608 0 -0.666347 -0.7456418 0 -0.666347 -0.7456418 0 -0.7456418 -0.666347 0 -0.7456418 -0.666347 0 -0.8155608 -0.5786713 0 -0.8155608 -0.5786713 0 -0.8752229 -0.4837198 0 -0.8752229 -0.4837198 0 -0.9238801 -0.3826819 0 -0.9238801 -0.3826819 0 -0.9609169 -0.2768368 0 -0.9609169 -0.2768368 0 -0.9858707 -0.1675078 0 -0.9858707 -0.1675078 0 -0.9984269 -0.05606866 0 -0.9984269 -0.05606866 5.064303e-17 -0.9984269 0.05606866 -5.064303e-17 -0.9858707 0.1675078 0 -0.9984269 0.05606866 0 -0.9609169 0.2768368 0 -0.9858707 0.1675078 0 -0.9238801 0.3826819 0 -0.9609169 0.2768368 0 -0.8752229 0.4837198 0 -0.9238801 0.3826819 0 -0.8752229 0.4837198 0 -0.8155608 0.5786713 0 -0.7456418 0.666347 0 -0.8155608 0.5786713 0 -0.666347 0.7456418 0 -0.7456418 0.666347 0 -0.5786713 0.8155608 0 -0.666347 0.7456418 0 -0.4837198 0.8752229 0 -0.5786713 0.8155608 0 -0.3826819 0.9238801 0 -0.4837198 0.8752229 0 -0.2768368 0.9609169 0 -0.3826819 0.9238801 0 -0.1675078 0.9858707 0 -0.2768368 0.9609169 0 -0.05606866 0.9984269 0 -0.1675078 0.9858707 0 -0.05606866 0.9984269 -1.180383e-16 0 -0 1 0 0 1 0 0 1 0 -0 1 0 0 1 0 -0 1 0 -0 1 0 0 1 0 -0 1 0 0 1 0 -0 1 0 0 1 0 0 1 0 -0 1 0 0 1 0 0 1 0 0 1 0 -0 1 0 0 1 0 -0 1 -0 0 1 0 -0 1 0 0 1 0 -0 1 0 -0 1 0 0 1 0 0 1 0 -0 1 0 -0 1 0 0 1 0 -0 1 0 0 1 0 -0 1 0 -0 1 0 -0 1 0 0 1 0 -0 1 0 -0 1 0 0 1 0 0 1 0 -0 1 0 0 1 0 0 1 0 -0 1 0 -0 1 0 -0 1 0 0 1 0 0 1 -0.130528 0.9914446 0 -0.130528 0.9914446 0 -0.3826846 0.9238791 0 -0.3826846 0.9238791 0 -0.6087559 0.7933576 0 -0.7933567 0.6087571 0 -0.6087559 0.7933576 0 -0.7933567 0.6087571 0 -0.9238792 0.3826842 0 -0.9238792 0.3826842 0 -0.9914446 0.1305287 0 -0.9914446 0.1305287 0 -0.9914445 -0.1305289 0 -0.9238791 -0.3826846 0 -0.9914445 -0.1305289 -0 -0.7933567 -0.6087571 0 -0.9238791 -0.3826846 0 -0.6087571 -0.7933567 0 -0.7933567 -0.6087571 0 -0.6087571 -0.7933567 0 -0.3826846 -0.9238791 0 -0.1305289 -0.9914445 0 -0.3826846 -0.9238791 -0 -0.1305289 -0.9914445 0 0.1305287 -0.9914446 0 0.1305287 -0.9914446 0 0.3826842 -0.9238792 0 0.3826842 -0.9238792 0 0.6087571 -0.7933567 0 0.6087571 -0.7933567 0 0.7933576 -0.6087559 0 0.7933576 -0.6087559 0 0.9238791 -0.3826846 0 0.9238791 -0.3826846 0 0.9914446 -0.130528 0 0.9914446 -0.130528 0 0.9914447 0.1305277 0 0.9914447 0.1305277 0 0.9238792 0.3826842 0 0.9238792 0.3826842 0 0.7933576 0.6087559 0 0.7933576 0.6087559 0 0.6087559 0.7933576 0 0.6087559 0.7933576 0 0.3826842 0.9238792 0 0.3826842 0.9238792 0 0.1305277 0.9914447 0 0.1305277 0.9914447 0 0 -0 1 0 0 1 0 0 1 0 -0 1 0 0 1 0 0 1 0 -0 1 0 -0 1 0 0 1 0 -0 1 0 0 1 0 -0 1 0 0 1 0 -0 1 0 0 1 0 0 1 0 0 1 0 -0 1 0 0 1 0 -0 1 -0 0 1 0 -0 1 0 0 1 0 -0 1 0 0 1 0 0 1 0 -0 1 -0 0 1 0 -0 1 0 0 1 0 -0 1 0 0 1 0 -0 1 0 -0 1 0 -0 1 0 0 1 0 -0 1 0 0 1 0 0 1 0 -0 1 0 0 1 0 -0 1 0 -0 1 0 0 1 0 -0 1 0 -0 1 0 0 1 0 0 1 -0.1305289 0.9914445 0 -0.1305289 0.9914445 0 -0.3826846 0.9238791 0 -0.3826846 0.9238791 0 -0.6087571 0.7933567 0 -0.7933567 0.6087571 0 -0.6087571 0.7933567 0 -0.7933567 0.6087571 0 -0.9238791 0.3826846 0 -0.9238791 0.3826846 0 -0.9914445 0.1305289 0 -0.9914445 0.1305289 0 -0.9914446 -0.1305287 0 -0.9238792 -0.3826842 0 -0.9914446 -0.1305287 -0 -0.7933567 -0.6087571 0 -0.9238792 -0.3826842 0 -0.6087559 -0.7933576 0 -0.7933567 -0.6087571 0 -0.6087559 -0.7933576 0 -0.3826846 -0.9238791 0 -0.130528 -0.9914446 0 -0.3826846 -0.9238791 -0 -0.130528 -0.9914446 0 0.1305277 -0.9914447 0 0.1305277 -0.9914447 0 0.3826842 -0.9238792 0 0.3826842 -0.9238792 0 0.6087559 -0.7933576 0 0.6087559 -0.7933576 0 0.7933576 -0.6087559 0 0.7933576 -0.6087559 0 0.9238792 -0.3826842 0 0.9238792 -0.3826842 0 0.9914447 -0.1305277 0 0.9914447 -0.1305277 0 0.9914446 0.130528 0 0.9914446 0.130528 0 0.9238791 0.3826846 0 0.9238791 0.3826846 0 0.7933576 0.6087559 0 0.7933576 0.6087559 0 0.6087571 0.7933567 0 0.6087571 0.7933567 0 0.3826842 0.9238792 0 0.3826842 0.9238792 0 0.1305287 0.9914446 0 0.1305287 0.9914446 0 0 -0 1 0 -0 1 0 0 1 0 0 1 0 0 1 0 0 1 0 -0 1 0 -0 1 0 0 1 0 -0 1 0 0 1 0 -0 1 0 0 1 0 -0 1 0 0 1 0 0 1 0 0 1 0 -0 1 0 0 1 0 -0 1 0 0 1 0 -0 1 0 0 1 0 0 1 0 0 1 0 0 1 -0 0 1 0 -0 1 0 -0 1 0 0 1 0 -0 1 0 0 1 0 -0 1 0 -0 1 0 -0 1 0 0 1 0 -0 1 0 0 1 0 -0 1 0 0 1 0 0 1 0 -0 1 0 -0 1 0 0 1 0 -0 1 0 -0 1 0 0 1 0 0 1 -0.1305287 0.9914446 0 -0.1305287 0.9914446 0 -0.3826842 0.9238792 0 -0.3826842 0.9238792 0 -0.6087571 0.7933567 0 -0.7933576 0.6087559 0 -0.6087571 0.7933567 0 -0.7933576 0.6087559 0 -0.9238791 0.3826846 0 -0.9238791 0.3826846 0 -0.9914446 0.130528 0 -0.9914446 0.130528 0 -0.9914447 -0.1305277 0 -0.9238792 -0.3826842 0 -0.9914447 -0.1305277 -0 -0.7933576 -0.6087559 0 -0.9238792 -0.3826842 0 -0.6087559 -0.7933576 0 -0.7933576 -0.6087559 0 -0.6087559 -0.7933576 0 -0.3826842 -0.9238792 0 -0.1305277 -0.9914447 0 -0.3826842 -0.9238792 -0 -0.1305277 -0.9914447 0 0.130528 -0.9914446 0 0.130528 -0.9914446 0 0.3826846 -0.9238791 0 0.3826846 -0.9238791 0 0.6087559 -0.7933576 0 0.6087559 -0.7933576 0 0.7933567 -0.6087571 0 0.7933567 -0.6087571 0 0.9238792 -0.3826842 0 0.9238792 -0.3826842 0 0.9914446 -0.1305287 0 0.9914446 -0.1305287 0 0.9914445 0.1305289 0 0.9914445 0.1305289 0 0.9238791 0.3826846 0 0.9238791 0.3826846 0 0.7933567 0.6087571 0 0.7933567 0.6087571 0 0.6087571 0.7933567 0 0.6087571 0.7933567 0 0.3826846 0.9238791 0 0.3826846 0.9238791 0 0.1305289 0.9914445 0 0.1305289 0.9914445 0 0 -0 1 0 0 1 0 0 1 0 -0 1 0 0 1 0 -0 1 0 -0 1 0 0 1 0 -0 1 0 0 1 0 -0 1 0 0 1 0 0 1 0 0 1 0 0 1 0 -0 1 0 0 1 0 -0 1 0 0 1 0 -0 1 0 0 1 0 0 1 0 0 1 0 0 1 0 -0 1 0 -0 1 -0 0 1 0 0 1 0 -0 1 0 0 1 0 -0 1 0 0 1 0 -0 1 0 0 1 0 -0 1 0 -0 1 0 -0 1 0 0 1 0 0 1 0 -0 1 0 0 1 0 -0 1 0 0 1 0 -0 1 0 0 1 0 0 1 0 -0 1 0 -0 1 -0.1305277 0.9914447 0 -0.1305277 0.9914447 0 -0.3826842 0.9238792 0 -0.3826842 0.9238792 0 -0.6087559 0.7933576 0 -0.7933576 0.6087559 0 -0.6087559 0.7933576 0 -0.7933576 0.6087559 0 -0.9238792 0.3826842 0 -0.9238792 0.3826842 0 -0.9914447 0.1305277 0 -0.9914447 0.1305277 0 -0.9914446 -0.130528 0 -0.9238791 -0.3826846 0 -0.9914446 -0.130528 -0 -0.7933576 -0.6087559 0 -0.9238791 -0.3826846 0 -0.6087571 -0.7933567 0 -0.7933576 -0.6087559 0 -0.6087571 -0.7933567 0 -0.3826842 -0.9238792 0 -0.1305287 -0.9914446 0 -0.3826842 -0.9238792 -0 -0.1305287 -0.9914446 0 0.1305289 -0.9914445 0 0.1305289 -0.9914445 0 0.3826846 -0.9238791 0 0.3826846 -0.9238791 0 0.6087571 -0.7933567 0 0.6087571 -0.7933567 0 0.7933567 -0.6087571 0 0.7933567 -0.6087571 0 0.9238791 -0.3826846 0 0.9238791 -0.3826846 0 0.9914445 -0.1305289 0 0.9914445 -0.1305289 0 0.9914446 0.1305287 0 0.9914446 0.1305287 0 0.9238792 0.3826842 0 0.9238792 0.3826842 0 0.7933567 0.6087571 0 0.7933567 0.6087571 0 0.6087559 0.7933576 0 0.6087559 0.7933576 0 0.3826846 0.9238791 0 0.3826846 0.9238791 0 0.130528 0.9914446 0 0.130528 0.9914446 0 -0.1305322 -0.9914441 0 -0.1305322 -0.9914441 0 -0.3826815 -0.9238803 0 -0.3826815 -0.9238803 0 -0.6087534 -0.7933595 0 -0.6087534 -0.7933595 0 -0.7933595 -0.6087534 0 -0.7933595 -0.6087534 0 -0.9238803 -0.3826815 0 -0.9238803 -0.3826815 0 -0.9914441 -0.1305322 0 -0.9914441 -0.1305322 0 -0.9914441 0.1305322 0 -0.9914441 0.1305322 0 -0.9238803 0.3826815 0 -0.7933584 0.6087549 0 -0.9238803 0.3826815 0 -0.7933584 0.6087549 0 -0.6087534 0.7933595 0 -0.3826964 0.9238741 0 -0.6087534 0.7933595 0 -0.1305178 0.991446 0 -0.3826964 0.9238741 0 -0.1305178 0.991446 0 0.1305178 0.991446 -0 0.1305178 0.991446 0 0.3826964 0.9238741 0 0.3826964 0.9238741 0 0.6087549 0.7933584 -0 0.6087549 0.7933584 0 0.7933584 0.6087549 -0 0.7933584 0.6087549 0 0.9238741 0.3826964 0 0.9238741 0.3826964 0 0.991446 0.1305178 -0 0.991446 0.1305178 0 0.991446 -0.1305178 0 0.991446 -0.1305178 0 0.9238741 -0.3826964 0 0.9238741 -0.3826964 0 0.7933595 -0.6087534 0 0.7933595 -0.6087534 0 0.6087549 -0.7933584 0 0.6087549 -0.7933584 0 0.3826815 -0.9238803 0 0.3826815 -0.9238803 0 0.1305322 -0.9914441 0 0.1305322 -0.9914441 0 -0.1305322 -0.9914441 0 -0.1305322 -0.9914441 0 -0.3826815 -0.9238803 0 -0.3826815 -0.9238803 0 -0.6087549 -0.7933584 0 -0.6087549 -0.7933584 0 -0.7933595 -0.6087534 0 -0.7933595 -0.6087534 0 -0.9238741 -0.3826964 0 -0.9238741 -0.3826964 0 -0.991446 -0.1305178 0 -0.991446 -0.1305178 0 -0.991446 0.1305178 0 -0.991446 0.1305178 0 -0.9238741 0.3826964 0 -0.7933584 0.6087549 0 -0.9238741 0.3826964 0 -0.7933584 0.6087549 0 -0.6087549 0.7933584 0 -0.3826964 0.9238741 0 -0.6087549 0.7933584 0 -0.1305178 0.991446 0 -0.3826964 0.9238741 0 -0.1305178 0.991446 0 0.1305178 0.991446 -0 0.1305178 0.991446 0 0.3826964 0.9238741 0 0.3826964 0.9238741 0 0.6087534 0.7933595 -0 0.6087534 0.7933595 0 0.7933584 0.6087549 -0 0.7933584 0.6087549 0 0.9238803 0.3826815 0 0.9238803 0.3826815 0 0.9914441 0.1305322 -0 0.9914441 0.1305322 0 0.9914441 -0.1305322 0 0.9914441 -0.1305322 0 0.9238803 -0.3826815 0 0.9238803 -0.3826815 0 0.7933595 -0.6087534 0 0.7933595 -0.6087534 0 0.6087534 -0.7933595 0 0.6087534 -0.7933595 0 0.3826815 -0.9238803 0 0.3826815 -0.9238803 0 0.1305322 -0.9914441 0 0.1305322 -0.9914441 0 -0.1305178 -0.991446 0 -0.1305178 -0.991446 0 -0.3826964 -0.9238741 0 -0.3826964 -0.9238741 0 -0.6087549 -0.7933584 0 -0.6087549 -0.7933584 0 -0.7933584 -0.6087549 0 -0.7933584 -0.6087549 0 -0.9238741 -0.3826964 0 -0.9238741 -0.3826964 0 -0.991446 -0.1305178 0 -0.991446 -0.1305178 0 -0.991446 0.1305178 0 -0.991446 0.1305178 0 -0.9238741 0.3826964 0 -0.7933595 0.6087534 0 -0.9238741 0.3826964 0 -0.7933595 0.6087534 0 -0.6087549 0.7933584 0 -0.3826815 0.9238803 0 -0.6087549 0.7933584 0 -0.1305322 0.9914441 0 -0.3826815 0.9238803 0 -0.1305322 0.9914441 0 0.1305322 0.9914441 -0 0.1305322 0.9914441 0 0.3826815 0.9238803 0 0.3826815 0.9238803 0 0.6087534 0.7933595 -0 0.6087534 0.7933595 0 0.7933595 0.6087534 -0 0.7933595 0.6087534 0 0.9238803 0.3826815 0 0.9238803 0.3826815 0 0.9914441 0.1305322 -0 0.9914441 0.1305322 0 0.9914441 -0.1305322 0 0.9914441 -0.1305322 0 0.9238803 -0.3826815 0 0.9238803 -0.3826815 0 0.7933584 -0.6087549 0 0.7933584 -0.6087549 0 0.6087534 -0.7933595 0 0.6087534 -0.7933595 0 0.3826964 -0.9238741 0 0.3826964 -0.9238741 0 0.1305178 -0.991446 0 0.1305178 -0.991446 0 -0.1305178 -0.991446 0 -0.1305178 -0.991446 0 -0.3826964 -0.9238741 0 -0.3826964 -0.9238741 0 -0.6087534 -0.7933595 0 -0.6087534 -0.7933595 0 -0.7933584 -0.6087549 0 -0.7933584 -0.6087549 0 -0.9238803 -0.3826815 0 -0.9238803 -0.3826815 0 -0.9914441 -0.1305322 0 -0.9914441 -0.1305322 0 -0.9914441 0.1305322 0 -0.9914441 0.1305322 0 -0.9238803 0.3826815 0 -0.7933595 0.6087534 0 -0.9238803 0.3826815 0 -0.7933595 0.6087534 0 -0.6087534 0.7933595 0 -0.3826815 0.9238803 0 -0.6087534 0.7933595 0 -0.1305322 0.9914441 0 -0.3826815 0.9238803 0 -0.1305322 0.9914441 0 0.1305322 0.9914441 -0 0.1305322 0.9914441 0 0.3826815 0.9238803 0 0.3826815 0.9238803 0 0.6087549 0.7933584 -0 0.6087549 0.7933584 0 0.7933595 0.6087534 -0 0.7933595 0.6087534 0 0.9238741 0.3826964 0 0.9238741 0.3826964 0 0.991446 0.1305178 -0 0.991446 0.1305178 0 0.991446 -0.1305178 0 0.991446 -0.1305178 0 0.9238741 -0.3826964 0 0.9238741 -0.3826964 0 0.7933584 -0.6087549 0 0.7933584 -0.6087549 0 0.6087549 -0.7933584 0 0.6087549 -0.7933584 0 0.3826964 -0.9238741 0 0.3826964 -0.9238741 0 0.1305178 -0.991446 0 0.1305178 -0.991446 0 -0.07845989 0.9969172 -1.13303e-16 -0.07845989 0.9969172 0 -0.2334445 0.9723701 0 -0.2334445 0.9723701 0 -0.3826844 0.9238791 0 -0.3826844 0.9238791 0 -0.522497 0.8526412 0 -0.522497 0.8526412 0 -0.6494493 0.7604048 0 -0.6494493 0.7604048 0 -0.7604048 0.6494493 0 -0.7604048 0.6494493 0 -0.8526412 0.522497 0 -0.8526412 0.522497 0 -0.9238791 0.3826844 0 -0.9238791 0.3826844 0 -0.9723701 0.2334445 0 -0.9723701 0.2334445 0 -0.9969172 0.07845989 0 -0.9969172 0.07845989 0 -0.9969172 -0.07845989 9.588136e-17 -0.9969172 -0.07845989 0 -0.9723701 -0.2334445 0 -0.9723701 -0.2334445 0 -0.9238791 -0.3826844 -0 -0.9238791 -0.3826844 0 -0.8526412 -0.522497 0 -0.8526412 -0.522497 0 -0.7604048 -0.6494493 -0 -0.7604048 -0.6494493 0 -0.6494493 -0.7604048 -0 -0.6494493 -0.7604048 0 -0.522497 -0.8526412 -0 -0.522497 -0.8526412 0 -0.3826844 -0.9238791 0 -0.3826844 -0.9238791 -0 -0.2334445 -0.9723701 0 -0.2334445 -0.9723701 -0 -0.07845989 -0.9969172 0 -0.07845989 -0.9969172 -0 0.07845989 -0.9969172 0 0.2334445 -0.9723701 0 0.07845989 -0.9969172 1.133031e-16 0.3826844 -0.9238791 0 0.2334445 -0.9723701 0 0.3826844 -0.9238791 0 0.522497 -0.8526412 0 0.522497 -0.8526412 0 0.6494493 -0.7604048 0 0.6494493 -0.7604048 0 0.7604048 -0.6494493 0 0.7604048 -0.6494493 0 0.8526412 -0.522497 0 0.8526412 -0.522497 0 0.9238791 -0.3826844 0 0.9238791 -0.3826844 0 0.9723701 -0.2334445 0 0.9723701 -0.2334445 0 0.9969172 -0.07845989 0 0.9969172 -0.07845989 0 0.9969172 0.07845989 -9.588136e-17 0.9969172 0.07845989 0 0.9723701 0.2334445 0 0.9723701 0.2334445 0 0.9238791 0.3826844 0 0.9238791 0.3826844 0 0.8526412 0.522497 0 0.8526412 0.522497 0 0.7604048 0.6494493 -0 0.7604048 0.6494493 0 0.6494493 0.7604048 -0 0.6494493 0.7604048 0 0.522497 0.8526412 0 0.522497 0.8526412 0 0.3826844 0.9238791 0 0.3826844 0.9238791 0 0.2334445 0.9723701 0 0.2334445 0.9723701 0 0.07845989 0.9969172 0 0.07845989 0.9969172 0 0 0 1 0 0 1 0 0 1 0 0 1 0 0 1 0 0 1 0 0 1 0 0 1 0 0 1 0 0 1 0 0 1 0 0 1 0 0 1 0 0 1 0 0 1 0 0 1 0 0 1 0 0 1 0 0 1 0 -0 1 0 0 1 0 0 1 0 0 1 0 0 1 0 -0 1 0 0 1 0 -0 1 0 0 1 0 0 1 0 0 1 0 0 1 0 -0 1 0 0 1 0 0 1 0 -0 1 0 0 1 0 0 1 0 -0 1 -0.03967772 -0.7065499 0.7065499 -0.04033338 -0.7053734 0.7076874 -0.1187232 -0.6987481 0.7054473 -0.12029 -0.6950784 0.7087993 -0.1965046 -0.6820791 0.7043819 -0.1984353 -0.6758121 0.7098601 -0.2720274 -0.6567352 0.7033491 -0.2737792 -0.6478379 0.7108804 -0.3443229 -0.623004 0.7023587 -0.3453588 -0.6115527 0.7118502 -0.4124579 -0.581305 0.7014008 -0.4122672 -0.5674384 0.7127758 -0.475552 -0.5321423 0.700482 -0.4736569 -0.5160816 0.7136588 -0.5327842 -0.4761256 0.6996038 -0.5287516 -0.4581671 0.7144961 -0.5834144 -0.4139547 0.6987625 -0.5768617 -0.3944463 0.715292 -0.6267761 -0.3464077 0.6979637 -0.6173826 -0.3257593 0.7160443 -0.6623053 -0.2743346 0.6972032 -0.6498165 -0.252997 0.7167504 -0.6895311 -0.1986515 0.69648 -0.6737568 -0.1770996 0.7174172 -0.7080865 -0.1203099 0.695801 -0.6889141 -0.09905013 0.7180434 -0.695116 -0.01985811 0.7186233 -0.717721 -0.04030506 0.6951634 -0.6922904 0.0594606 0.7191651 -0.7183 0.04033757 0.6945632 -0.6804943 0.1378866 0.719663 -0.7097962 0.1206004 0.6940064 -0.6598918 0.2144106 0.7201186 -0.6923084 0.1994516 0.6934898 -0.6307526 0.2880556 0.7205381 -0.6660476 0.2758847 0.6930139 -0.5934716 0.3578757 0.7209136 -0.6313305 0.3489249 0.6925845 -0.5485308 0.4229801 0.7212501 -0.5885998 0.4176339 0.6921937 -0.496517 0.4825361 0.7215468 -0.5383862 0.4811319 0.691847 -0.4813249 0.5386021 0.6915448 -0.4381061 0.5357809 0.7218046 -0.4181378 0.5893101 0.6912845 -0.3740528 0.5820385 0.722022 -0.3496273 0.6326014 0.6910689 -0.3051854 0.6207156 0.7222008 -0.276662 0.6679241 0.6908947 -0.2323931 0.6513246 0.7223362 -0.2001756 0.6948215 0.6907624 -0.1566083 0.673469 0.7224358 -0.1211354 0.7129451 0.6906776 -0.07880992 0.6868674 0.7224972 -0.04054903 0.7220654 0.6906353 0 0.6913546 0.7225156 0.04054903 0.7220654 0.6906353 0.07880992 0.6868674 0.7224972 0.1211354 0.7129451 0.6906776 0.1566083 0.6734689 0.7224357 0.2001756 0.6948215 0.6907624 0.2323931 0.6513246 0.7223362 0.276662 0.6679241 0.6908947 0.3051854 0.6207156 0.7222008 0.3496273 0.6326014 0.6910689 0.3740528 0.5820385 0.722022 0.4181378 0.5893101 0.6912845 0.4381061 0.5357808 0.7218046 0.4813249 0.5386021 0.6915448 0.496517 0.4825361 0.7215468 0.5383862 0.4811319 0.691847 0.5485308 0.4229801 0.7212501 0.5885998 0.4176339 0.6921937 0.5934715 0.3578757 0.7209136 0.6313305 0.3489249 0.6925845 0.6307526 0.2880556 0.7205381 0.6660476 0.2758847 0.6930139 0.6598918 0.2144106 0.7201186 0.6923084 0.1994516 0.6934898 0.6804943 0.1378866 0.719663 0.7097962 0.1206004 0.6940064 0.6922903 0.0594606 0.7191651 0.7183 0.04033757 0.6945632 0.695116 -0.01985809 0.7186233 0.7177209 -0.04030506 0.6951633 0.6889142 -0.09905013 0.7180434 0.7080865 -0.1203099 0.695801 0.6737568 -0.1770996 0.7174172 0.6895311 -0.1986515 0.69648 0.6498165 -0.252997 0.7167504 0.6623053 -0.2743346 0.6972032 0.6173827 -0.3257593 0.7160444 0.6267761 -0.3464077 0.6979638 0.5768617 -0.3944463 0.715292 0.5834144 -0.4139547 0.6987625 0.5287516 -0.458167 0.7144961 0.5327842 -0.4761256 0.6996038 0.4736569 -0.5160816 0.7136588 0.475552 -0.5321423 0.7004819 0.4122672 -0.5674384 0.7127758 0.4124579 -0.581305 0.7014008 0.3453588 -0.6115527 0.7118502 0.344323 -0.623004 0.7023587 0.2737792 -0.6478379 0.7108804 0.2720274 -0.6567352 0.7033491 0.1984353 -0.6758121 0.7098601 0.1965046 -0.6820791 0.7043819 0.12029 -0.6950783 0.7087992 0.1187232 -0.6987481 0.7054473 0.04033338 -0.7053734 0.7076874 0.03967772 -0.7065499 0.7065499 -0.05420918 0.706067 0.706067 -0.05544048 0.704431 0.7076039 -0.1646022 0.6856204 0.7091057 -0.1616829 0.6909315 0.704608 -0.2692864 0.6501129 0.7105196 -0.2657751 0.6594318 0.7032165 -0.3669685 0.5988407 0.7118455 -0.3639896 0.6122568 0.7018926 -0.4539706 0.5504726 0.7006359 -0.4553114 0.5330992 0.7130895 -0.5335455 0.4754948 0.6994526 -0.5322019 0.454545 0.7142478 -0.6007924 0.3890677 0.6983372 -0.59582 0.3651175 0.7153236 -0.6540681 0.2932141 0.6972951 -0.6446588 0.2670272 0.7163181 -0.6920707 0.1901828 0.6963251 -0.6775817 0.1626724 0.7172313 -0.7138522 0.0824131 0.6954302 -0.6938269 0.05460591 0.7180686 -0.7188576 -0.02755663 0.694611 -0.69305 -0.05454477 0.718823 -0.7069327 -0.137101 0.6938657 -0.6753017 -0.162125 0.719502 -0.6783245 -0.2436232 0.6931981 -0.6410468 -0.2655311 0.7201057 -0.6336821 -0.344586 0.6926092 -0.5911536 -0.3622579 0.7206293 -0.5740482 -0.4375785 0.6920937 -0.5268492 -0.4499733 0.7210783 -0.5008134 -0.5203771 0.6916601 -0.4497206 -0.5265533 0.721452 -0.4157057 -0.5910076 0.6913022 -0.3616479 -0.5901582 0.7217507 -0.3207342 -0.6477743 0.6910267 -0.2647866 -0.6392494 0.7219753 -0.1614884 -0.6726503 0.7221239 -0.2181496 -0.6893241 0.6908277 -0.05426964 -0.6895542 0.7221979 -0.1103853 -0.7146581 0.6907089 0.05426964 -0.6895542 0.7221979 0 -0.7231718 0.6906682 0.1614884 -0.6726503 0.7221239 0.1103853 -0.7146581 0.6907089 0.2647866 -0.6392494 0.7219752 0.2181496 -0.6893241 0.6908277 0.3616479 -0.5901582 0.7217507 0.3207342 -0.6477743 0.6910267 0.4497206 -0.5265533 0.721452 0.4157057 -0.5910076 0.6913022 0.5008134 -0.5203771 0.6916601 0.5268492 -0.4499733 0.7210783 0.5740482 -0.4375785 0.6920937 0.5911537 -0.3622579 0.7206293 0.6336821 -0.344586 0.6926092 0.6410468 -0.2655311 0.7201057 0.6783245 -0.2436232 0.6931981 0.6753017 -0.162125 0.719502 0.7069327 -0.137101 0.6938657 0.69305 -0.05454478 0.7188231 0.7188576 -0.02755663 0.694611 0.6938269 0.05460592 0.7180686 0.7138522 0.0824131 0.6954302 0.6775817 0.1626724 0.7172313 0.6920707 0.1901828 0.6963251 0.6446588 0.2670272 0.716318 0.654068 0.2932141 0.6972951 0.59582 0.3651174 0.7153236 0.6007924 0.3890677 0.6983372 0.5322019 0.4545449 0.7142478 0.5335456 0.4754948 0.6994525 0.4553114 0.5330992 0.7130895 0.4539706 0.5504726 0.7006359 0.3669685 0.5988407 0.7118455 0.3639896 0.6122568 0.7018926 0.2692864 0.6501129 0.7105196 0.2657751 0.6594318 0.7032164 0.1646022 0.6856203 0.7091057 0.1616829 0.6909315 0.704608 0.05544048 0.704431 0.7076039 0.05420918 0.706067 0.706067 -0.06765144 0.5138833 0.8551884 0.06765144 0.5138833 0.8551884 -0.1259346 0.5109626 0.850328 -0.3489707 0.3939052 0.8503283 -0.1996607 0.482023 0.8531058 -0.3127317 0.407557 0.8579605 -0.1259265 0.5109 0.8503668 -0.1182312 0.479679 0.869442 -0.1259205 0.5109054 0.8503644 -0.4920561 0.1866113 0.8503276 -0.4156695 0.3189542 0.8517553 -0.4693295 0.1944042 0.8613575 -0.3489301 0.3938594 0.8503662 -0.3287488 0.3710818 0.8684598 -0.3489295 0.3938611 0.8503656 -0.5224172 -0.06343348 0.8503273 -0.5203971 0.06851089 0.8511717 -0.4919972 0.1865892 0.8503664 -0.4667907 0.1770297 0.8664681 -0.4919973 0.186589 0.8503665 -0.4330999 -0.2989459 0.8503268 -0.5004242 -0.06588144 0.86327 -0.4846397 -0.2007459 0.8513668 -0.5223535 -0.0634258 0.850367 -0.433046 -0.2989087 0.8503675 -0.4979855 -0.06046697 0.8650747 -0.5223535 -0.06342573 0.850367 -0.2445644 -0.4659744 0.850327 -0.4053983 -0.3110738 0.8595843 -0.3183811 -0.4149178 0.852336 -0.4092491 -0.2824843 0.8675931 -0.4330458 -0.29891 0.8503671 0 -0.5262544 0.8503272 -0.1975246 -0.476869 0.8564929 -0.0678954 -0.5157268 0.8540586 -0.2298878 -0.4380181 0.8690752 -0.2445353 -0.465919 0.8503658 -0.2445312 -0.4659189 0.850367 0.2445644 -0.4659744 0.850327 0.2445353 -0.465919 0.8503658 0.0678954 -0.5157268 0.8540586 0.1975246 -0.476869 0.8564928 0 -0.4938203 0.869564 0 -0.5261918 0.8503659 0 -0.5261918 0.850366 0.4330999 -0.2989459 0.8503268 0.3183811 -0.4149178 0.852336 0.4053983 -0.3110738 0.8595843 0.2445312 -0.4659189 0.850367 0.2298878 -0.4380181 0.8690752 0.5224172 -0.06343348 0.8503273 0.4330459 -0.2989087 0.8503674 0.5223535 -0.06342573 0.850367 0.4846397 -0.2007459 0.8513668 0.5004242 -0.06588144 0.86327 0.4092491 -0.2824843 0.8675931 0.4330458 -0.29891 0.850367 0.4920561 0.1866113 0.8503276 0.5203971 0.06851089 0.8511717 0.5223535 -0.0634258 0.850367 0.4979855 -0.06046697 0.8650747 0.1259346 0.5109626 0.850328 0.3489707 0.3939052 0.8503282 0.4667907 0.1770297 0.8664681 0.4919974 0.1865891 0.8503664 0.4693295 0.1944042 0.8613575 0.4156695 0.3189542 0.8517553 0.4919972 0.1865892 0.8503665 0.3489309 0.3938603 0.8503655 0.348929 0.3938606 0.8503659 0.3127317 0.4075571 0.8579605 0.1996607 0.4820229 0.8531058 0.1259205 0.5109054 0.8503644 0.3287488 0.3710818 0.8684598 0.1259265 0.5109 0.8503668 0.1182312 0.479679 0.869442 -0.1305213 0.9914455 -1.418672e-16 -0.1305213 0.9914455 0 -0.3826839 0.9238794 0 -0.3826839 0.9238794 0 -0.6087641 0.7933513 0 -0.7933535 0.6087612 0 -0.6087641 0.7933513 0 -0.7933535 0.6087612 0 -0.9238784 0.382686 0 -0.9238784 0.382686 0 -0.9914451 0.1305249 0 -0.9914451 0.1305249 0 -0.9914451 -0.1305249 0 -0.9238784 -0.382686 0 -0.9914451 -0.1305249 -0 -0.9238784 -0.382686 0 -0.7933526 -0.6087624 0 -0.7933526 -0.6087624 -0 -0.6087657 -0.7933501 0 -0.3826818 -0.9238803 0 -0.6087657 -0.7933501 -0 -0.3826818 -0.9238803 0 -0.1305237 -0.9914451 -0 -0.1305237 -0.9914451 0 0.1305237 -0.9914451 1.48163e-16 0.1305237 -0.9914451 0 0.3826818 -0.9238803 0 0.3826818 -0.9238803 0 0.6087657 -0.7933501 0 0.6087657 -0.7933501 0 0.7933526 -0.6087624 0 0.7933526 -0.6087624 0 0.9238784 -0.382686 0 0.9238784 -0.382686 0 0.9914451 -0.1305249 0 0.9914451 -0.1305249 0 0.9914451 0.1305249 0 0.9914451 0.1305249 0 0.9238784 0.382686 0 0.9238784 0.382686 0 0.7933535 0.6087612 0 0.7933535 0.6087612 0 0.6087641 0.7933513 -0 0.6087641 0.7933513 0 0.3826839 0.9238794 0 0.3826839 0.9238794 0 0.1305213 0.9914455 0 0.1305213 0.9914455 0 0.006049685 0.1115787 0.9937372 -0.006049686 0.1115787 0.9937372 0.009475174 0.3291474 0.944231 -0.05597699 0.9967945 0.05716117 -0.001825736 0.2231859 0.9747742 0.01784406 0.3291098 0.9441231 0.02874438 0.5301516 0.8474155 0.0194897 0.6224672 0.7824033 0.0382023 0.7046234 0.7085524 0.04575456 0.8439211 0.5345127 0.03424148 0.8990114 0.4365844 0.05560482 0.9901671 0.1283638 0.0510306 0.9412114 0.3339415 0.05334339 0.9838686 0.1707544 0.04640319 0.9972844 0.05718929 0.03592581 0.2191392 0.975032 0.0359259 0.2191394 0.9750319 0.1006603 0.6140029 0.7828588 0.1006599 0.6140019 0.7828597 0.1455209 0.8876419 0.4369388 -0.3496453 0.8598785 0.3719637 0.1455211 0.8876421 0.4369383 0.1658219 0.9759482 0.1415213 0.1609641 0.9818419 0.1003844 0.05940906 0.2139703 0.975032 0.05940838 0.2139691 0.9750322 0.2531818 0.9118737 0.3230874 0.1664565 0.599519 0.7828597 0.1664574 0.5995204 0.7828583 -0.09362832 0.9096028 0.4047919 0.273552 0.9495153 0.1535899 0.2896833 0.8513032 0.4374543 0.08219328 0.2062907 0.9750326 0.08219402 0.2062917 0.9750323 0.3507474 0.8803142 0.3194106 0.2303005 0.5780116 0.7828565 0.2302989 0.5780096 0.7828584 0.3774639 0.9112827 0.1645747 0.3833382 0.8134401 0.4374551 0.09700261 0.9030141 0.4185165 0.1040154 0.1961947 0.9750325 0.1040171 0.1961966 0.975032 0.2914437 0.5497234 0.7828568 0.2914426 0.5497171 0.7828616 0.4444019 0.8382279 0.3160393 0.2505719 0.8696518 0.4253462 0.4722948 0.765239 0.4374321 0.4762948 0.8617886 0.1745379 0.1246201 0.1838005 0.9750319 0.1246187 0.1837993 0.9750323 0.3491676 0.5149847 0.7828619 0.5329924 0.7861064 0.3129792 0.3491706 0.5149871 0.7828591 0.5554157 0.7072349 0.4374155 0.3799966 0.8193809 0.4292057 0.5688515 0.8017212 0.1834423 0.1437618 0.169249 0.9750319 0.1437604 0.1692479 0.9750324 0.6154449 0.7245568 0.3102341 0.4028035 0.4742163 0.7828591 0.4028015 0.4742151 0.7828608 0.6227775 0.6968876 0.3556626 0.1612181 0.1527134 0.9750319 0.1612165 0.1527126 0.9750324 0.6962665 0.6222226 0.3578436 0.4517117 0.427885 0.7828608 0.6907473 0.6543121 0.3078049 0.4517163 0.4278872 0.7828569 0.1847176 0.1404186 0.9727086 0.1712325 0.1409433 0.9750971 0.4799981 0.3950921 0.7832651 0.4799987 0.395092 0.7832647 0.9168903 0.3836703 0.1100416 0.6943089 0.5714939 0.4374127 0.1787194 0.1315454 0.9750668 0.724319 0.5331291 0.4371902 0.7240167 0.6803017 0.1139712 0.500876 0.3686669 0.783076 0.7609719 0.5399384 0.3597059 0.5008782 0.3686673 0.7830744 0.5205687 0.3398781 0.7832567 0.1857086 0.1212487 0.9750953 0.1994328 0.1199943 0.9725369 0.5205685 0.3398769 0.7832574 0.944311 0.3097715 0.1109882 0.7529862 0.4916215 0.4374015 0.1920973 0.1110725 0.97507 0.5383812 0.3112971 0.7830963 0.7907459 0.6014574 0.1138863 0.8161161 0.4510525 0.3612563 0.7785743 0.4501817 0.4372165 0.5383778 0.3112969 0.7830988 0.2117735 0.09797727 0.9723952 0.1979308 0.1000809 0.9750934 0.5548241 0.2805336 0.7832441 0.5548171 0.2805354 0.7832482 0.9671602 0.2283225 0.111669 0.8025178 0.405774 0.437393 0.2031398 0.08925363 0.9750733 0.8610441 0.3566546 0.3624922 0.8233729 0.3617652 0.4372449 0.5693375 0.2501501 0.7831218 0.848577 0.5166944 0.1137706 0.5693382 0.25015 0.7831213 0.2077501 0.07769398 0.9750915 0.2215609 0.07465241 0.9722848 0.5823364 0.2177811 0.7832342 0.5823323 0.2177825 0.7832369 0.8423007 0.3150063 0.4373791 0.9836302 0.1410004 0.1122073 0.211715 0.06635406 0.9750764 0.8952149 0.2579083 0.363419 0.8970211 0.4271194 0.113676 0.5933867 0.1859728 0.7831388 0.8581712 0.2689587 0.4372681 0.593383 0.1859735 0.7831414 0.2150472 0.0543638 0.9750894 0.2286565 0.05033151 0.9722052 0.6027774 0.1523818 0.7832236 0.6027771 0.1523814 0.7832239 0.8718593 0.2204051 0.4373591 0.9924185 0.04925326 0.1126047 0.2177161 0.04264996 0.9750798 0.6102235 0.119541 0.7831585 0.6102208 0.1195419 0.7831604 0.9182261 0.1560144 0.3640335 0.9357284 0.3339495 0.113535 0.8825479 0.1728907 0.4372849 0.6159043 0.08513106 0.7832079 0.2329561 0.02533529 0.9721572 0.2197308 0.03037147 0.9750877 0.6159008 0.08512783 0.783211 0.9925631 -0.04548096 0.1129157 0.8908272 0.1231273 0.4373402 0.2210744 0.0184308 0.9750828 0.619646 0.05166395 0.7831792 0.9645224 0.2384208 0.1133666 0.9297999 0.05221478 0.3643429 0.6196539 0.05166006 0.7831733 0.8962045 0.07472245 0.4373031 0.2217485 0.00600808 0.9750853 0.2343959 0 0.9721413 0.6215467 0.01684025 0.7831961 0.621555 0.01683522 0.7831897 0.2217485 -0.00600808 0.9750854 0.8989744 0.02434931 0.4373238 0.9834016 -0.1418248 0.1131682 0.6215467 -0.01683499 0.7831962 0.6215547 -0.01684047 0.7831897 0.8989744 -0.0243493 0.4373238 0.9834016 0.1418248 0.1131682 0.9297999 -0.05221478 0.3643429 0.2210744 -0.0184308 0.9750828 0.2329561 -0.02533529 0.9721572 0.6196535 -0.05166458 0.7831732 0.6196464 -0.05165944 0.7831792 0.2197308 -0.03037147 0.9750877 0.9645224 -0.2384208 0.1133666 0.8962045 -0.07472245 0.4373031 0.6159009 -0.08512784 0.7832109 0.6159043 -0.08513106 0.7832079 0.8908272 -0.1231273 0.4373402 0.9925631 0.04548096 0.1129157 0.9182261 -0.1560144 0.3640335 0.2177161 -0.04264996 0.9750798 0.2286565 -0.05033152 0.9722052 0.6102232 -0.1195424 0.7831585 0.6102211 -0.1195406 0.7831604 0.2150472 -0.0543638 0.9750894 0.9357284 -0.3339495 0.113535 0.8825479 -0.1728907 0.4372849 0.9924185 -0.04925326 0.1126047 0.895215 -0.2579083 0.363419 0.6027771 -0.1523814 0.7832239 0.6027774 -0.1523818 0.7832236 0.8718593 -0.2204051 0.4373592 0.211715 -0.06635407 0.9750764 0.2215609 -0.07465241 0.9722848 0.5933836 -0.1859718 0.7831414 0.5933861 -0.1859745 0.7831388 0.2077501 -0.07769399 0.9750915 0.8970211 -0.4271194 0.113676 0.8581712 -0.2689587 0.4372681 0.8610441 -0.3566546 0.3624922 0.8423007 -0.3150063 0.4373791 0.5823355 -0.2177837 0.7832341 0.5823332 -0.2177799 0.7832368 0.9836302 -0.1410004 0.1122073 0.2031398 -0.08925363 0.9750734 0.2117735 -0.09797726 0.9723952 0.5693377 -0.2501498 0.7831218 0.569338 -0.2501503 0.7831213 0.1979308 -0.1000809 0.9750934 0.848577 -0.5166944 0.1137706 0.8233729 -0.3617652 0.4372448 0.8161161 -0.4510525 0.3612563 0.8025178 -0.405774 0.437393 0.5548192 -0.2805311 0.7832482 0.5548218 -0.2805378 0.783244 0.9671602 -0.2283225 0.111669 0.1920973 -0.1110725 0.97507 0.1994328 -0.1199943 0.9725369 0.5383805 -0.3112985 0.7830963 0.5383785 -0.3112956 0.7830987 0.1857086 -0.1212487 0.9750953 0.7907459 -0.6014574 0.1138863 0.7785745 -0.4501817 0.4372165 0.7609719 -0.5399384 0.359706 0.7529862 -0.4916215 0.4374015 0.5205685 -0.3398769 0.7832574 0.5205687 -0.3398781 0.7832568 0.944311 -0.3097715 0.1109882 0.1847176 -0.1404186 0.9727086 0.1787194 -0.1315454 0.9750668 0.5008776 -0.3686681 0.7830744 0.5008765 -0.3686661 0.783076 0.1712325 -0.1409433 0.9750971 0.724319 -0.5331291 0.4371902 0.7240167 -0.6803017 0.1139712 0.9168903 -0.3836703 0.1100416 0.6943089 -0.5714939 0.4374127 0.4799984 -0.3950918 0.783265 0.4799984 -0.3950923 0.7832647 0.6962665 -0.6222226 0.3578436 0.1631701 -0.1504234 0.9750633 0.1678418 -0.1589884 0.972909 0.4572882 -0.4215661 0.7830514 0.6767949 -0.1353553 0.7236212 0.4572876 -0.4215648 0.7830525 0.6490154 -0.7521815 0.1140262 0.6612608 -0.609605 0.4371682 0.6619912 -0.7407676 0.1141533 0.1490432 -0.1754667 0.973138 0.2828318 -0.3164886 0.9054508 0.5993847 -0.6707111 0.4369033 0.6903951 -0.1645281 0.7044751 0.3012203 -0.5502797 0.7787545 0.6619914 -0.7407657 0.1141645 0.5993874 -0.6707121 0.4368982 0.1285902 -0.1896568 0.9733935 0.2461239 -0.3468798 0.9050401 0.7134169 -0.1851718 0.6758311 0.243823 -0.5772371 0.7793251 0.5748871 -0.8102291 0.1141649 0.5205205 -0.7336064 0.4368983 0.5205204 -0.7336064 0.4368982 0.5748883 -0.8102292 0.1141578 0.1067693 -0.2013878 0.9736751 0.206217 -0.373122 0.9045743 0.4351098 -0.787273 0.4368988 0.1836566 -0.5984539 0.7798225 0.4805587 -0.8695034 0.1141363 0.4805553 -0.8695027 0.114157 0.4351081 -0.787272 0.4369023 0.08270469 -0.1996673 0.9763672 0.08388381 -0.2105336 0.973981 0.2381205 -0.574873 0.782828 0.2381207 -0.5748758 0.7828259 0.3801804 -0.9178408 0.1141532 0.3801831 -0.9178419 0.1141369 0.3442276 -0.8310376 0.4369027 0.3442276 -0.8310378 0.4369023 0.06018564 -0.2089082 0.9760815 0.06025027 -0.2170013 0.9743102 0.1722579 -0.5979224 0.7828256 0.2490152 -0.8643538 0.4369027 0.172258 -0.5979186 0.7828285 0.2750273 -0.9546363 0.1141475 0.2750265 -0.9546358 0.1141527 0.2490172 -0.8643557 0.4368977 0.03665482 -0.2157333 0.9757641 0.1042293 -0.6134456 0.7828286 0.03618859 -0.2207417 0.9746607 0.1042286 -0.6134443 0.7828298 0.166413 -0.9794273 0.1141434 0.1664125 -0.979427 0.1141474 0.1506747 -0.8868019 0.4368976 0.1506743 -0.8868031 0.4368954 0.01235697 -0.2200387 0.9754129 0.01202247 -0.2217389 0.9750319 0.03488845 -0.6212569 0.7828298 0.03488861 -0.6212564 0.7828303 0.0557022 -0.9919012 0.1141464 0.05570258 -0.9919014 0.1141436 0.05043479 -0.8980974 0.4368953 0.05043517 -0.8980966 0.4368968 -0.03368539 -0.6212821 0.7828627 -0.0120225 -0.2217389 0.9750319 -0.01202246 -0.2217388 0.975032 -0.03368409 -0.621287 0.7828588 -0.05560482 -0.9901671 0.1283638 -0.04869587 -0.8981721 0.4369388 -0.05378456 -0.9920056 0.1141584 -0.04869721 -0.8981742 0.4369345 -0.03592581 -0.2191392 0.975032 -0.0359259 -0.2191394 0.9750319 -0.1006603 -0.6140029 0.7828588 -0.1006599 -0.6140019 0.7828597 -0.1658219 -0.9759482 0.1415213 -0.1609641 -0.9818419 0.1003844 0.3496453 -0.8598785 0.3719637 -0.1455209 -0.8876419 0.4369388 -0.1455211 -0.8876421 0.4369383 -0.05940838 -0.2139691 0.9750322 -0.05940906 -0.2139703 0.975032 -0.1664565 -0.599519 0.7828597 -0.1664574 -0.5995204 0.7828583 -0.2531818 -0.9118737 0.3230874 -0.2896833 -0.8513032 0.4374543 -0.273552 -0.9495153 0.1535899 0.09362832 -0.9096028 0.4047919 -0.08219402 -0.2062917 0.9750323 -0.08219328 -0.2062907 0.9750326 -0.2302989 -0.5780096 0.7828584 -0.2303005 -0.5780116 0.7828565 -0.3507474 -0.8803142 0.3194106 -0.09700261 -0.9030141 0.4185165 -0.3833382 -0.8134401 0.4374551 -0.3774639 -0.9112827 0.1645747 -0.1040154 -0.1961947 0.9750325 -0.1040171 -0.1961966 0.975032 -0.2914455 -0.5497225 0.7828567 -0.4444019 -0.8382279 0.3160393 -0.2914409 -0.5497181 0.7828615 -0.4762948 -0.8617886 0.1745379 -0.2505719 -0.8696518 0.4253462 -0.4722948 -0.765239 0.4374321 -0.1246201 -0.1838005 0.9750319 -0.1246187 -0.1837993 0.9750323 -0.3491676 -0.5149847 0.7828619 -0.5329924 -0.7861064 0.3129792 -0.3491706 -0.5149871 0.7828591 -0.3799966 -0.8193809 0.4292057 -0.5688515 -0.8017212 0.1834423 -0.5554157 -0.7072349 0.4374155 -0.1612178 -0.1527138 0.975032 -0.1437604 -0.1692479 0.9750324 -0.1437618 -0.169249 0.9750319 -0.6154449 -0.7245568 0.3102341 -0.6227775 -0.6968876 0.3556626 -0.4028035 -0.4742163 0.7828591 -0.4028015 -0.4742151 0.7828608 -0.1612168 -0.1527122 0.9750323 -0.6962665 -0.6222226 0.3578436 -0.4517117 -0.427885 0.7828608 -0.4517163 -0.4278872 0.7828569 -0.6907473 -0.6543121 0.3078049 -0.1847176 -0.1404186 0.9727086 -0.1712325 -0.1409433 0.9750971 -0.4799981 -0.3950921 0.7832651 -0.4799987 -0.395092 0.7832647 -0.6943089 -0.5714939 0.4374127 -0.9168903 -0.3836703 0.1100416 -0.1787194 -0.1315454 0.9750668 -0.7609719 -0.5399384 0.3597059 -0.7240167 -0.6803017 0.1139712 -0.724319 -0.5331291 0.4371902 -0.5008782 -0.3686673 0.7830744 -0.500876 -0.3686669 0.783076 -0.1994328 -0.1199943 0.9725369 -0.1857086 -0.1212487 0.9750953 -0.5205691 -0.3398774 0.7832567 -0.5205681 -0.3398776 0.7832574 -0.944311 -0.3097715 0.1109882 -0.7529862 -0.4916215 0.4374015 -0.1920973 -0.1110725 0.97507 -0.5383785 -0.3112956 0.7830987 -0.8161161 -0.4510525 0.3612563 -0.7907459 -0.6014574 0.1138863 -0.7785743 -0.4501817 0.4372165 -0.5383805 -0.3112985 0.7830963 -0.2117735 -0.09797727 0.9723952 -0.1979308 -0.1000809 0.9750934 -0.5548218 -0.2805378 0.783244 -0.5548192 -0.2805311 0.7832483 -0.9671602 -0.2283225 0.111669 -0.8025178 -0.405774 0.437393 -0.2031398 -0.08925363 0.9750733 -0.8610441 -0.3566546 0.3624922 -0.8233729 -0.3617652 0.4372449 -0.5693382 -0.25015 0.7831213 -0.848577 -0.5166944 0.1137706 -0.5693375 -0.2501501 0.7831218 -0.2077501 -0.07769398 0.9750915 -0.2215609 -0.07465241 0.9722848 -0.5823364 -0.2177811 0.7832342 -0.5823323 -0.2177825 0.7832369 -0.8423007 -0.3150063 0.4373791 -0.9836302 -0.1410004 0.1122073 -0.211715 -0.06635406 0.9750764 -0.5933861 -0.1859745 0.7831388 -0.8581712 -0.2689587 0.4372681 -0.8970211 -0.4271194 0.113676 -0.5933836 -0.1859718 0.7831414 -0.8952149 -0.2579083 0.363419 -0.2150472 -0.0543638 0.9750894 -0.2286565 -0.05033151 0.9722052 -0.6027774 -0.1523815 0.7832236 -0.602777 -0.1523817 0.7832239 -0.9924185 -0.04925326 0.1126047 -0.8718593 -0.2204051 0.4373591 -0.2177161 -0.04264996 0.9750798 -0.610221 -0.1195406 0.7831604 -0.9357284 -0.3339495 0.113535 -0.9182261 -0.1560144 0.3640335 -0.8825479 -0.1728907 0.4372849 -0.6102232 -0.1195424 0.7831585 -0.2329561 -0.02533529 0.9721572 -0.2197308 -0.03037147 0.9750877 -0.6159043 -0.08513106 0.7832079 -0.6159008 -0.08512783 0.783211 -0.9925631 0.04548096 0.1129157 -0.8908272 -0.1231273 0.4373402 -0.2210744 -0.0184308 0.9750828 -0.9297999 -0.05221478 0.3643429 -0.6196539 -0.05166006 0.7831733 -0.619646 -0.05166395 0.7831792 -0.9645224 -0.2384208 0.1133666 -0.8962045 -0.07472245 0.4373031 -0.2343959 0 0.9721413 -0.2217485 -0.00600808 0.9750853 -0.6215547 -0.01684046 0.7831897 -0.6215467 -0.01683499 0.7831962 -0.2217485 0.00600808 0.9750854 -0.9834016 0.1418248 0.1131682 -0.8989744 -0.02434931 0.4373238 -0.9297999 0.05221478 0.3643429 -0.9834016 -0.1418248 0.1131682 -0.6215467 0.01683499 0.7831962 -0.6215547 0.01684047 0.7831897 -0.8989744 0.0243493 0.4373238 -0.2329561 0.02533529 0.9721572 -0.2210744 0.0184308 0.9750828 -0.6196538 0.05166006 0.7831733 -0.619646 0.05166395 0.7831792 -0.2197308 0.03037147 0.9750877 -0.9645224 0.2384208 0.1133666 -0.8962045 0.07472245 0.4373031 -0.9182261 0.1560144 0.3640335 -0.9925631 -0.04548096 0.1129157 -0.6159009 0.08512784 0.7832109 -0.6159043 0.08513106 0.7832079 -0.8908272 0.1231273 0.4373402 -0.2286565 0.05033152 0.9722052 -0.2177161 0.04264996 0.9750798 -0.6102232 0.1195424 0.7831585 -0.6102211 0.1195406 0.7831604 -0.2150472 0.0543638 0.9750894 -0.9357284 0.3339495 0.113535 -0.8825479 0.1728907 0.4372849 -0.895215 0.2579083 0.363419 -0.9924185 0.04925326 0.1126047 -0.6027771 0.1523814 0.7832239 -0.6027774 0.1523818 0.7832236 -0.8718593 0.2204051 0.4373592 -0.2215609 0.07465241 0.9722848 -0.211715 0.06635407 0.9750764 -0.593383 0.1859735 0.7831414 -0.5933867 0.1859728 0.7831388 -0.2077501 0.07769399 0.9750915 -0.8970211 0.4271194 0.113676 -0.8581712 0.2689587 0.4372681 -0.8610441 0.3566546 0.3624922 -0.9836302 0.1410004 0.1122073 -0.5823355 0.2177837 0.7832341 -0.5823332 0.2177799 0.7832368 -0.8423007 0.3150063 0.4373791 -0.2117735 0.09797726 0.9723952 -0.2031398 0.08925363 0.9750734 -0.5693374 0.2501501 0.7831218 -0.5693382 0.25015 0.7831213 -0.1979308 0.1000809 0.9750934 -0.848577 0.5166944 0.1137706 -0.8233729 0.3617652 0.4372448 -0.8025178 0.405774 0.437393 -0.5548218 0.2805378 0.783244 -0.9671602 0.2283225 0.111669 -0.8161161 0.4510525 0.3612563 -0.5548192 0.2805311 0.7832482 -0.1920973 0.1110725 0.97507 -0.1994328 0.1199943 0.9725369 -0.5383805 0.3112985 0.7830963 -0.5383785 0.3112956 0.7830987 -0.1857086 0.1212487 0.9750953 -0.520568 0.3398776 0.7832574 -0.7907459 0.6014574 0.1138863 -0.7785745 0.4501817 0.4372165 -0.7609719 0.5399384 0.359706 -0.944311 0.3097715 0.1109882 -0.5205691 0.3398774 0.7832567 -0.7529862 0.4916215 0.4374015 -0.1847176 0.1404186 0.9727086 -0.1787194 0.1315454 0.9750668 -0.5008765 0.3686661 0.783076 -0.5008776 0.3686681 0.7830744 -0.1712325 0.1409433 0.9750971 -0.724319 0.5331291 0.4371902 -0.7240167 0.6803017 0.1139712 -0.6962665 0.6222226 0.3578436 -0.9168903 0.3836703 0.1100416 -0.4799984 0.3950923 0.7832647 -0.4799984 0.3950918 0.783265 -0.6943089 0.5714939 0.4374127 -0.1678418 0.1589884 0.972909 -0.1631701 0.1504234 0.9750633 -0.4572882 0.4215661 0.7830514 -0.6767949 0.1353553 0.7236212 -0.4572876 0.4215648 0.7830525 -0.6612608 0.609605 0.4371682 -0.6490154 0.7521815 0.1140262 -0.1490432 0.1754667 0.973138 -0.2828318 0.3164886 0.9054508 -0.3012203 0.5502797 0.7787545 -0.6903951 0.1645281 0.7044751 -0.6619903 0.7407666 0.1141645 -0.5993863 0.6707129 0.4368983 -0.6619923 0.7407666 0.1141534 -0.5993857 0.6707102 0.4369034 -0.1285902 0.1896568 0.9733935 -0.2461239 0.3468798 0.9050401 -0.243823 0.5772371 0.7793251 -0.7134169 0.1851718 0.6758311 -0.4805576 0.8695014 0.1141571 -0.5748883 0.8102292 0.1141578 -0.5748871 0.8102291 0.1141649 -0.5205205 0.7336064 0.4368983 -0.5205204 0.7336064 0.4368982 -0.1067693 0.2013878 0.9736751 -0.206217 0.373122 0.9045743 -0.1836566 0.5984539 0.7798225 -0.4805563 0.8695047 0.1141363 -0.435109 0.7872715 0.4369023 -0.435109 0.7872735 0.4368988 -0.08388381 0.2105336 0.973981 -0.08270469 0.1996673 0.9763672 -0.2381197 0.5748733 0.782828 -0.3442275 0.8310376 0.4369026 -0.2381215 0.5748755 0.7828259 -0.3801804 0.9178408 0.1141532 -0.3801831 0.9178419 0.1141369 -0.3442276 0.8310377 0.4369023 -0.06025027 0.2170013 0.9743102 -0.06018564 0.2089082 0.9760815 -0.1722579 0.5979224 0.7828256 -0.2490152 0.8643538 0.4369027 -0.172258 0.5979186 0.7828285 -0.1664129 0.9794269 0.1141474 -0.2750273 0.9546363 0.1141475 -0.2750265 0.9546358 0.1141527 -0.2490172 0.8643557 0.4368977 -0.03618859 0.2207417 0.9746607 -0.02977144 0.5301356 0.8473901 -0.03665482 0.2157333 0.9757641 -0.01235696 0.2200387 0.9754129 -0.03956802 0.7045859 0.7085148 -0.04738917 0.8438567 0.5344719 -0.0211861 0.6224414 0.7823796 -0.1042289 0.6134457 0.7828286 -0.1042291 0.6134443 0.7828298 -0.1506743 0.8868031 0.4368954 -0.05285094 0.9411222 0.3339098 -0.05524575 0.9837667 0.1707367 -0.1664125 0.9794275 0.1141434 -0.03648111 0.898943 0.436544 -0.05200436 0.992105 0.1141192 -0.1506747 0.8868019 0.4368976 -0.0926879 0.7040614 0.7040641 -0.09269116 0.7040636 0.7040617 -0.2717586 0.6560825 0.7040619 -0.2717581 0.6560823 0.7040622 -0.4323066 0.563389 0.7040623 -0.4323065 0.5633891 0.7040624 -0.5633903 0.4323043 0.7040628 -0.5633882 0.4323047 0.7040641 -0.6560795 0.2717592 0.7040644 -0.6560808 0.2717585 0.7040635 -0.704062 0.09269059 0.7040634 -0.7040613 0.09269121 0.704064 -0.7040613 -0.09269049 0.7040641 -0.7040619 -0.0926915 0.7040632 -0.6560809 -0.2717597 0.7040628 -0.6560802 -0.2717576 0.7040643 -0.5633885 -0.4323043 0.7040642 -0.5633886 -0.432305 0.7040637 -0.432307 -0.5633872 0.7040636 -0.4323065 -0.5633891 0.7040623 -0.271757 -0.6560828 0.7040622 -0.2717569 -0.656083 0.704062 -0.09268997 -0.7040638 0.7040616 -0.09269234 -0.7040612 0.7040639 0.09268963 -0.7040614 0.7040641 0.09269261 -0.7040633 0.7040618 0.2717571 -0.656083 0.704062 0.2717569 -0.6560829 0.7040622 0.4323078 -0.5633883 0.7040622 0.4323058 -0.5633882 0.7040635 0.5633889 -0.4323046 0.7040637 0.5633882 -0.4323047 0.7040641 0.6560795 -0.2717592 0.7040644 0.6560814 -0.2717581 0.7040629 0.7040621 -0.09269062 0.7040632 0.7040613 -0.09269141 0.704064 0.7040613 0.09269049 0.7040641 0.7040618 0.09269129 0.7040634 0.6560804 0.2717595 0.7040634 0.6560799 0.2717581 0.7040644 0.5633891 0.4323034 0.7040642 0.5633893 0.4323055 0.7040629 0.4323066 0.5633889 0.7040624 0.4323065 0.5633891 0.7040623 0.2717585 0.6560821 0.7040622 0.2717582 0.6560826 0.7040619 0.09268828 0.7040641 0.7040614 0.09269086 0.7040613 0.704064 -0.09269334 0.7040611 0.7040638 -0.09268826 0.7040568 0.7040688 -0.2717567 0.6560764 0.7040682 -0.2717556 0.6560758 0.7040692 -0.4322979 0.5633878 0.7040687 -0.4323083 0.5633897 0.7040607 -0.5633944 0.432303 0.7040603 -0.5633839 0.4323038 0.7040682 -0.6560755 0.2717563 0.7040692 -0.6560766 0.2717559 0.7040683 -0.7040559 0.09269265 0.7040691 -0.7040614 0.09268887 0.7040641 -0.7040612 -0.09269317 0.7040638 -0.7040568 -0.09268812 0.7040688 -0.6560764 -0.2717564 0.7040682 -0.6560762 -0.271756 0.7040687 -0.5633885 -0.4322984 0.7040679 -0.5633904 -0.4323088 0.7040599 -0.4323028 -0.5633959 0.7040591 -0.4323032 -0.5633914 0.7040626 -0.2717589 -0.6560818 0.7040623 -0.2717617 -0.6560739 0.7040685 -0.09269194 -0.7040554 0.7040697 -0.09268773 -0.7040615 0.7040642 0.09269253 -0.7040612 0.7040639 0.09268691 -0.7040564 0.7040694 0.2717562 -0.6560759 0.7040689 0.2717643 -0.6560797 0.7040622 0.4323011 -0.5633937 0.7040619 0.4323057 -0.5633946 0.7040585 0.5633966 -0.4323033 0.7040583 0.563392 -0.4323037 0.7040617 0.6560824 -0.2717589 0.7040617 0.6560739 -0.2717619 0.7040685 0.7040554 -0.09269176 0.7040697 0.7040616 -0.09268758 0.7040642 0.7040612 0.0926927 0.7040638 0.7040564 0.09268706 0.7040694 0.6560758 0.2717564 0.7040689 0.6560794 0.271764 0.7040627 0.5633931 0.4323006 0.7040628 0.563394 0.4323052 0.7040594 0.4323035 0.5633951 0.7040594 0.4323043 0.5633845 0.7040673 0.2717563 0.656076 0.7040687 0.2717561 0.6560765 0.7040683 0.09269249 0.704056 0.7040691 0.09268872 0.7040614 0.7040641 -0.09269317 0.7040612 0.7040638 -0.09268812 0.7040568 0.7040688 -0.2717564 0.6560764 0.7040682 -0.271756 0.6560762 0.7040687 -0.4322984 0.5633885 0.7040679 -0.4323088 0.5633904 0.7040599 -0.5633959 0.4323028 0.7040591 -0.5633914 0.4323032 0.7040626 -0.6560818 0.2717589 0.7040623 -0.6560739 0.2717617 0.7040685 -0.7040554 0.09269194 0.7040697 -0.7040615 0.09268773 0.7040642 -0.7040612 -0.09269253 0.7040639 -0.7040564 -0.09268691 0.7040694 -0.6560759 -0.2717562 0.7040689 -0.6560797 -0.2717643 0.7040622 -0.5633937 -0.4323011 0.7040619 -0.5633946 -0.4323057 0.7040585 -0.4323033 -0.5633966 0.7040583 -0.4323037 -0.563392 0.7040617 -0.2717589 -0.6560824 0.7040617 -0.2717619 -0.6560739 0.7040685 -0.09269176 -0.7040554 0.7040697 -0.09268758 -0.7040616 0.7040642 0.0926927 -0.7040612 0.7040638 0.09268706 -0.7040564 0.7040694 0.2717564 -0.6560758 0.7040689 0.271764 -0.6560794 0.7040627 0.4323006 -0.5633931 0.7040628 0.4323052 -0.563394 0.7040594 0.5633951 -0.4323035 0.7040594 0.5633845 -0.4323043 0.7040673 0.656076 -0.2717563 0.7040687 0.6560765 -0.2717561 0.7040683 0.704056 -0.09269249 0.7040691 0.7040614 -0.09268872 0.7040641 0.7040611 0.09269334 0.7040638 0.7040568 0.09268826 0.7040688 0.6560764 0.2717567 0.7040682 0.6560758 0.2717556 0.7040692 0.5633878 0.4322979 0.7040687 0.5633897 0.4323083 0.7040607 0.432303 0.5633944 0.7040603 0.4323038 0.5633839 0.7040682 0.2717563 0.6560755 0.7040692 0.2717559 0.6560766 0.7040683 0.09269265 0.7040559 0.7040691 0.09268887 0.7040614 0.7040641 -0.09269253 0.7040612 0.7040639 -0.09268691 0.7040564 0.7040694 -0.2717562 0.6560759 0.7040689 -0.2717643 0.6560797 0.7040622 -0.4323011 0.5633937 0.7040619 -0.4323057 0.5633946 0.7040585 -0.5633966 0.4323033 0.7040583 -0.563392 0.4323037 0.7040617 -0.6560824 0.2717589 0.7040617 -0.6560739 0.2717619 0.7040685 -0.7040554 0.09269176 0.7040697 -0.7040616 0.09268758 0.7040642 -0.7040612 -0.0926927 0.7040638 -0.7040564 -0.09268706 0.7040694 -0.6560758 -0.2717564 0.7040689 -0.6560794 -0.271764 0.7040627 -0.5633931 -0.4323006 0.7040628 -0.563394 -0.4323052 0.7040594 -0.4323035 -0.5633951 0.7040594 -0.4323043 -0.5633845 0.7040673 -0.2717563 -0.656076 0.7040687 -0.2717561 -0.6560765 0.7040683 -0.09269249 -0.704056 0.7040691 -0.09268872 -0.7040614 0.7040641 0.09269334 -0.7040611 0.7040638 0.09268826 -0.7040568 0.7040688 0.2717567 -0.6560764 0.7040682 0.2717556 -0.6560758 0.7040692 0.4322979 -0.5633878 0.7040687 0.4323083 -0.5633897 0.7040607 0.5633944 -0.432303 0.7040603 0.5633839 -0.4323038 0.7040682 0.6560755 -0.2717563 0.7040692 0.6560766 -0.2717559 0.7040683 0.7040559 -0.09269265 0.7040691 0.7040614 -0.09268887 0.7040641 0.7040612 0.09269317 0.7040638 0.7040568 0.09268812 0.7040688 0.6560764 0.2717564 0.7040682 0.6560762 0.271756 0.7040687 0.5633885 0.4322984 0.7040679 0.5633904 0.4323088 0.7040599 0.4323028 0.5633959 0.7040591 0.4323032 0.5633914 0.7040626 0.2717589 0.6560818 0.7040623 0.2717617 0.6560739 0.7040685 0.09269194 0.7040554 0.7040697 0.09268773 0.7040615 0.7040642 -0.0926927 0.7040612 0.7040638 -0.09268706 0.7040564 0.7040694 -0.2717564 0.6560758 0.7040689 -0.271764 0.6560794 0.7040627 -0.4323006 0.5633931 0.7040628 -0.4323052 0.563394 0.7040594 -0.5633951 0.4323035 0.7040594 -0.5633845 0.4323043 0.7040673 -0.656076 0.2717563 0.7040687 -0.6560765 0.2717561 0.7040683 -0.704056 0.09269249 0.7040691 -0.7040614 0.09268872 0.7040641 -0.7040611 -0.09269334 0.7040638 -0.7040568 -0.09268826 0.7040688 -0.6560764 -0.2717567 0.7040682 -0.6560758 -0.2717556 0.7040692 -0.5633878 -0.4322979 0.7040687 -0.5633897 -0.4323083 0.7040607 -0.432303 -0.5633944 0.7040603 -0.4323038 -0.5633839 0.7040682 -0.2717563 -0.6560755 0.7040692 -0.2717559 -0.6560766 0.7040683 -0.09269265 -0.7040559 0.7040691 -0.09268887 -0.7040614 0.7040641 0.09269317 -0.7040612 0.7040638 0.09268812 -0.7040568 0.7040688 0.2717564 -0.6560764 0.7040682 0.271756 -0.6560762 0.7040687 0.4322984 -0.5633885 0.7040679 0.4323088 -0.5633904 0.7040599 0.5633959 -0.4323028 0.7040591 0.5633914 -0.4323032 0.7040626 0.6560818 -0.2717589 0.7040623 0.6560739 -0.2717617 0.7040685 0.7040554 -0.09269194 0.7040697 0.7040615 -0.09268773 0.7040642 0.7040612 0.09269253 0.7040639 0.7040564 0.09268691 0.7040694 0.6560759 0.2717562 0.7040689 0.6560797 0.2717643 0.7040622 0.5633937 0.4323011 0.7040619 0.5633946 0.4323057 0.7040585 0.4323033 0.5633966 0.7040583 0.4323037 0.563392 0.7040617 0.2717589 0.6560824 0.7040617 0.2717619 0.6560739 0.7040685 0.09269176 0.7040554 0.7040697 0.09268758 0.7040616 0.7040642 0 0 -1 0 0 -1 -0 0 -1 0 -0 -1 0 0 -1 -0 0 -1 0 0 -1 0 -0 -1 0 -0 -1 0 0 -1 -0 0 -1 0 0 -1 -0 0 -1 0 0 -1 0 -0 -1 0 -0 -1 -0 0 -1 0 0 -1 -0 -0 -1 0 -0 -1 -0 0 -1 0 0 -1 -0 -0 -1 -0 0 -1 0 -0 -1 0 -0 -1 -0 0 -1 0 0 -1 -0 0 -1 -0 0 -1 0 -0 -1 0 0 -1 0 -0 -1 -0 0 -1 -0 0 -1 0 -0 -1 -0 0 -1 0 -0 -1 -0 0 -1 0 -0 -1 0 -0 -1 -0 0 -1 -0 0 -1 0 0 -1 0 0 -1 0 -0 -1 0 0 -1 -0 0 -1 0 0 -1 0 -0 -1 -0 0 -1 0 0 -1 0 0 -1 0 -0 -1 -0 0 -1 0 -0 -1 -0 0 -1 -0 0 -1 0 -0 -1 -0 0 -1 0 0 -1 0 -0 -1 0 -0 -1 0 0 -1 0 -0 -1 0 0 -1 -0 0 -1 0 0 -1 0 -0 -1 0 0 -1 -0 0 -1 0 -0 -1 -0 0 -1 0 -0 -1 -0 0 -1 0 -0 -1 -0 0 -1 -0 0 -1 0 -0 -1 0 -0 -1 -0 0 -1 0 0 -1 -0 0 -1 0 -0 -1 0 0 -1 0 -0 -1 0 -0 -1 -0 0 -1 -0 0 -1 0 0 -1 0 0 -1 -0 0 -1 0 0 -1 0 0 -1 0 -0 -1 0 0 -1 0 -0 -1 0 0 -1 0 -0 -1 -0 0 -1 -0 0 -1 0 0 -1 0 -0 -1 0 0 -1 0 0 -1 0 0 -1 0 0 -1 0 0 -1 0 0 -1 0 0 -1 0 0 -1 0 0 -1 0 0 -1 0 0 -1 0 -0 -1 0 0 -1 -0 0 -1 -0 0 -1 0 0 -1 0 0 -1 0 -0 -1 0 0 -1 0 0 -1 0 0 -1 0 0 -1 -0 0 -1 -0 -0 -1 0 -0 -1 0 0 -1 -0 0 -1 0 0 -1 -0 0 -1 0 0 -1 0 -0 -1 0 0 -1 0 0 -1 0 0 -1 -0 0 -1 0 0 -1 0 0 -1 0 0 -1 0 0 -1 0 0 -1 0 -0 -1 0 0 -1 -0 0 -1 0 0 -1 0 0 -1 -0 0 -1 0 0 -1 -0 0 -1 0 0 -1 -0 0 -1 0 0 -1 0 0 -1 0 -0 -1 0 0 -1 0 -0 -1 -0 0 -1 -0 0 -1 0 -0 -1 -0 0 -1 0 0 -1 0 0 -1 0 0 -1 0 0 -1 0 0 -1 0 -0 -1 0 0 -1 0 0 -1 -0 0 -1 -0 0 -1 -0 0 -1 -0 0 -1 0 -0 -1 -0 0 -1 0 -0 -1 0 0 -1 0 0 -1 -0 0 -1 -0 0 -1 0 -0 -1 0 0 -1 -0 0 -1 0 0 -1 0 -0 -1 0 -0 -1 -0 0 -1 -0 0 -1 0 0 -1 0 0 -1 0 0 -1 0 0 -1 0 -0 -1 0 0 -1 0 0 -1 0 0 -1 0 0 -1 -0 0 -1 0 0 -1 0 -0 -1 0 0 -1 0 0 -1 0 0 -1 0 -0 -1 -0 0 -1 0 0 -1 0 0 -1 0 -0 -1 0 0 -1 0 0 -1 -0 0 -1 0 0 -1 0 0 -1 0 -0 -1 0 0 -1 0 -0 -1 -0 0 -1 -0.7033321 0.7108614 0 -0.7033321 0.7108614 0 -0.6326365 0.7744488 0 -0.6326365 0.7744488 0 -0.556222 0.8310338 0 -0.556222 0.8310338 0 -0.4747738 0.8801079 0 -0.4747738 0.8801079 0 -0.06764327 -0.5138212 -0.8552263 0.06764327 -0.5138212 -0.8552263 -0.1367035 -0.5101648 -0.8491431 -0.3734647 -0.37347 -0.8491433 -0.1983285 -0.4788066 -0.8552251 -0.3154969 -0.4111591 -0.8552251 -0.1367269 -0.5102881 -0.8490653 -0.12688 -0.473538 -0.8715866 -0.1367345 -0.5102804 -0.8490687 -0.5101652 -0.1366984 -0.8491437 -0.411159 -0.3154941 -0.8552261 -0.4788048 -0.1983285 -0.8552262 -0.3735544 -0.3735597 -0.8490643 -0.3466562 -0.3466521 -0.8715858 -0.3735565 -0.373552 -0.8490668 -0.5101652 0.1366984 -0.8491437 -0.5138212 -0.06764533 -0.8552263 -0.5138212 0.06764501 -0.8552263 -0.4735366 -0.1268838 -0.8715869 -0.5102878 -0.1367312 -0.8490647 -0.5102878 -0.1367312 -0.8490648 -0.3734647 0.37347 -0.8491433 -0.4788043 0.1983293 -0.8552263 -0.4111598 0.3154928 -0.8552262 -0.4735362 0.1268837 -0.8715871 -0.5102878 0.1367312 -0.8490648 -0.5102878 0.1367312 -0.8490648 -0.1367035 0.5101648 -0.8491431 -0.3154959 0.411161 -0.8552245 -0.198329 0.4788079 -0.8552243 -0.3735499 0.3735552 -0.8490683 -0.3466567 0.3466508 -0.871586 -0.3735592 0.3735528 -0.8490653 0.1367035 0.5101648 -0.8491431 -0.06764327 0.5138212 -0.8552263 0.06764327 0.5138212 -0.8552263 -0.1367238 0.510284 -0.8490682 -0.1268785 0.4735391 -0.8715862 -0.1367364 0.5102874 -0.8490642 0.3734647 0.37347 -0.8491433 0.198329 0.4788079 -0.8552243 0.3154959 0.411161 -0.8552245 0.1268785 0.4735391 -0.8715862 0.1367342 0.510279 -0.8490696 0.1367249 0.5102882 -0.8490655 0.5101652 0.1366984 -0.8491437 0.3735569 0.3735505 -0.8490672 0.4111598 0.3154928 -0.8552262 0.4788043 0.1983293 -0.8552263 0.3466567 0.3466508 -0.871586 0.5102878 0.1367312 -0.8490648 0.3735544 0.3735597 -0.8490643 0.5101652 -0.1366984 -0.8491437 0.5102878 -0.1367312 -0.8490648 0.5102878 0.1367312 -0.8490648 0.5138212 0.06764501 -0.8552263 0.5138212 -0.06764533 -0.8552263 0.4735362 0.1268837 -0.8715871 0.3734647 -0.37347 -0.8491433 0.1367035 -0.5101648 -0.8491431 0.4735366 -0.1268838 -0.8715869 0.4788048 -0.1983285 -0.8552262 0.411159 -0.3154941 -0.8552261 0.5102878 -0.1367312 -0.8490647 0.3735507 -0.373556 -0.8490676 0.1367345 -0.5102804 -0.8490687 0.3735584 -0.3735539 -0.8490651 0.3466562 -0.3466521 -0.8715858 0.3154969 -0.4111591 -0.8552251 0.1983285 -0.4788066 -0.8552251 0.1367269 -0.5102881 -0.8490653 0.12688 -0.473538 -0.8715866 -0.1305213 -0.9914455 0 -0.1305213 -0.9914455 -1.884842e-16 -0.3826839 -0.9238793 0 -0.6087657 -0.7933501 -0 -0.3826839 -0.9238793 0 -0.6087657 -0.7933501 0 -0.7933526 -0.6087624 0 -0.7933526 -0.6087624 0 -0.9238788 -0.3826852 0 -0.9238788 -0.3826852 0 -0.991445 -0.1305252 0 -0.9914451 0.1305246 0 -0.991445 -0.1305252 0 -0.9914451 0.1305246 0 -0.9238781 0.3826869 0 -0.9238781 0.3826869 0 -0.7933544 0.60876 0 -0.7933544 0.60876 0 -0.6087626 0.7933524 0 -0.3826839 0.9238793 0 -0.6087626 0.7933524 0 -0.3826839 0.9238793 0 -0.1305213 0.9914455 0 -0.1305213 0.9914455 0 0.1305213 0.9914455 1.884843e-16 0.1305213 0.9914455 0 0.3826839 0.9238793 0 0.3826839 0.9238793 0 0.6087626 0.7933524 0 0.6087626 0.7933524 -0 0.7933544 0.60876 0 0.7933544 0.60876 -0 0.9238781 0.3826869 0 0.9914451 0.1305246 0 0.9238781 0.3826869 0 0.9914451 0.1305246 0 0.991445 -0.1305252 0 0.991445 -0.1305252 0 0.9238788 -0.3826852 0 0.9238788 -0.3826852 0 0.7933526 -0.6087624 0 0.6087657 -0.7933501 0 0.7933526 -0.6087624 0 0.6087657 -0.7933501 0 0.3826839 -0.9238793 0 0.3826839 -0.9238793 0 0.1305213 -0.9914455 0 0.1305213 -0.9914455 0 -0.5036586 -0.8639028 0 -0.5036586 -0.8639028 -0 -0.4151697 -0.909744 -0 -0.3225667 -0.9465467 -0 -0.4151697 -0.909744 0 -0.3225667 -0.9465467 -0 -0.5721136 0.8201745 0 -0.5721136 0.8201745 0 -0.7062058 0.7080066 0 -0.7062058 0.7080066 0 -0.8187143 0.574201 0 -0.8187143 0.574201 0 -0.9062001 0.4228492 0 -0.9062001 0.4228492 0 -0.9396921 0.3420217 0 -0.9396921 0.3420217 0 -0.9579906 0.2867995 0 -0.9579906 0.2867995 0 -0.9848081 0.1736464 0 -0.9848081 0.1736464 0 -0.9983081 0.05814483 0 -0.9983081 0.05814483 0 -1 0 0 -1 0 0 -1 0 -0 -1 0 0 -1 0 0 -1 0 0 -0.4902634 0.8715743 0 -0.4902634 0.8715743 0 -0.6798751 0.733328 0 -0.6798751 0.733328 0 -0.8320506 0.5546997 0 -0.8320506 0.5546997 0 -0.9384084 0.3455282 0 -0.9384084 0.3455282 0 -0.993093 0.11733 0 -0.993093 0.11733 0 1 0 0 1 0 0 0 0 -1 0 0 -1 0 0 -1 0 0 -1 0 -0 -1 0 -0 -1 0 0 -1 0 -0 -1 0 0 -1 0 0 -1 0 -0 -1 0 0 -1 0 0 -1 0 0 -1 0 0 -1 0 0 -1 0 0 -1 -0 0 -1 0 0 -1 0 -0 -1 0 0 -1 0 -0 -1 0 -0 -1 0 -0 -1 0 0 -1 0 0 -1 0 0 -1 0 0 -1 -0 0 -1 0 0 -1 0 0 -1 0 0 -1 -0 -0 -1 0 0 -1 0 0 -1 -0 -0 -1 0 0 -1 0 -0 -1 0 -0 -1 0 -0 -1 0.9924636 0.1225398 0 0.9328503 0.3602643 0 0.9924636 0.1225398 0 0.8172081 0.5763428 0 0.9328503 0.3602643 0 0.6524805 0.7578055 0 0.8172081 0.5763428 0 0.4485595 0.893753 0 0.6524805 0.7578055 0 0.2177009 0.9760155 0 0.4485595 0.893753 0 -0.02624252 0.9996556 0 0.2177009 0.9760155 0 -0.2685996 0.9632519 0 -0.02624252 0.9996556 0 -0.2685996 0.9632519 0 -0.1623028 -0.986741 -0 0.06815418 -0.9976748 0 -0.1623028 -0.986741 -0 0.2948923 -0.9555305 0 0.06815418 -0.9976748 0 0.5059493 -0.8625632 0 0.2948923 -0.9555305 0 0.6901724 -0.723645 0 0.5059493 -0.8625632 0 0.8375985 -0.5462863 0 0.6901724 -0.723645 0 0.9404732 -0.339868 0 0.8375985 -0.5462863 0 0.993327 -0.1153325 0 0.9404732 -0.339868 0 0.993327 -0.1153325 0 -0.6482905 -0.7613931 0 -0.8195388 -0.5730238 0 -0.6482905 -0.7613931 0 -0.9376737 -0.3475168 0 -0.8195388 -0.5730238 0 -0.9950507 -0.09936872 0 -0.9376737 -0.3475168 0 -0.987904 0.1550665 0 -0.9950507 -0.09936872 0 -0.9167255 0.3995176 0 -0.987904 0.1550665 0 -0.7861395 0.6180492 0 -0.9167255 0.3995176 0 -0.6045714 0.7965509 0 -0.7861395 0.6180492 0 -0.6045714 0.7965509 0 -0.6419966 0.2995671 -0.705762 -0.641994 0.2995649 -0.7057652 -0.5800149 0.4067905 -0.7057649 -0.5800219 0.4067989 -0.7057544 -0.5003171 0.5015929 -0.7057531 -0.5003152 0.5015897 -0.7057567 -0.4053178 0.5810581 -0.7057542 -0.4053153 0.5810511 -0.7057614 -0.6644749 0.2418482 -0.7070944 -0.664452 0.241842 -0.7071181 -0.4292587 0.5655162 -0.7042218 -0.5581045 0.4388388 -0.7042301 -0.4292288 0.5655289 -0.7042299 -0.6508445 0.2836873 -0.704218 -0.5581474 0.4388058 -0.7042165 -0.7014146 0.1100531 -0.7042058 -0.6508695 0.283655 -0.7042078 -0.7064682 -0.07054746 -0.7042199 -0.7013968 0.1100949 -0.7042171 -0.6657389 -0.2467023 -0.7042227 -0.7064686 -0.07055005 -0.7042194 -0.5818642 -0.4068315 -0.7042174 -0.6657357 -0.2467323 -0.7042153 -0.5818613 -0.4068391 -0.7042155 -0.4602584 -0.5405914 -0.7042181 -0.4602795 -0.540581 -0.7042123 -0.7065028 0.04114911 -0.7065129 -0.7064977 0.04114704 -0.7065181 -0.6969433 0.1228886 -0.7065184 -0.6969514 0.1228931 -0.7065096 -0.6779719 0.2029686 -0.7065111 -0.6779852 0.2029781 -0.7064955 -0.3563574 -0.6112458 -0.7066739 -0.3563545 -0.6112387 -0.7066815 -0.2937476 -0.6436721 -0.7066815 -0.2937514 -0.6436853 -0.7066678 -0.2282291 -0.6697245 -0.7066687 -0.2282273 -0.6697151 -0.7066782 -0.7071017 -0 -0.7071118 -0.7071017 -0 -0.7071118 -0.1151471 -0.700052 -0.7047471 -0.1151442 -0.7000518 -0.7047477 0.04830159 -0.7078241 -0.7047355 0.04835254 -0.7078086 -0.7047474 0.2092405 -0.6779052 -0.7047431 0.2092168 -0.677919 -0.7047368 0.3589619 -0.6119473 -0.7047459 0.3589522 -0.6119565 -0.704743 0.4896539 -0.5133936 -0.7047454 0.4896508 -0.5133983 -0.704744 0.5942399 -0.3875847 -0.7047389 0.5942453 -0.38757 -0.7047424 0.6672344 -0.2411125 -0.7047432 0.6672329 -0.2411245 -0.7047405 0.70473 -0.08182076 -0.7047418 0.7047304 -0.08182431 -0.7047409 -0.3478637 0.6184227 -0.7046589 -0.3478653 0.6184237 -0.7046572 -0.4824067 0.5203297 -0.7046565 -0.4824007 0.5203277 -0.704662 -0.5903732 0.3935854 -0.704663 -0.5903797 0.393586 -0.7046573 -0.6658461 0.2451679 -0.7046571 -0.6658443 0.2451682 -0.7046587 -0.7046452 0.08325204 -0.7046589 -0.7046471 0.08325127 -0.7046572 0.7071009 0 -0.7071127 0.7071009 0 -0.7071127 0.7044212 0.08697698 -0.704433 0.6621101 0.2557022 -0.7044334 0.704421 0.08697505 -0.7044335 0.5800316 0.4090692 -0.7044328 0.6621097 0.2557051 -0.7044327 0.463111 0.5378692 -0.7044324 0.5800307 0.4090714 -0.7044323 0.4631116 0.5378683 -0.7044325 0.3183744 0.6343598 -0.7044327 0.3183744 0.6343598 -0.7044327 0.1545174 0.6927471 -0.704433 0.1545177 0.6927471 -0.7044329 -0.01862218 0.7095271 -0.7044321 -0.01862616 0.7095259 -0.7044331 -0.1906481 0.6836855 -0.704434 -0.1906441 0.6836879 -0.7044329 0.3225667 -0.9465467 0 0.4151697 -0.909744 0 0.3225667 -0.9465467 0 0.5036586 -0.8639028 0 0.4151697 -0.909744 0 0.5036586 -0.8639028 0 -1 0 0 -1 0 0 0.993093 0.11733 0 0.9384084 0.3455282 0 0.993093 0.11733 0 0.8320506 0.5546997 0 0.9384084 0.3455282 0 0.6798751 0.733328 0 0.8320506 0.5546997 0 0.4902634 0.8715743 0 0.6798751 0.733328 0 0.4902634 0.8715743 0 1 0 0 1 0 0 1 0 0 1 0 0 1 0 0 1 0 0 0.9983081 0.05814483 -0 0.9848081 0.1736464 -0 0.9983081 0.05814483 0 0.9579906 0.2867995 -0 0.9848081 0.1736464 0 0.9579906 0.2867995 0 0.9396921 0.3420217 0 0.9396921 0.3420217 0 0.9062001 0.4228492 -0 0.8187143 0.574201 -0 0.9062001 0.4228492 0 0.7062058 0.7080066 -0 0.8187143 0.574201 0 0.5721136 0.8201745 -0 0.7062058 0.7080066 0 0.5721136 0.8201745 0 0 0 -1 0 0 -1 0 0 -1 0 0 -1 0 0 -1 -0 0 -1 0 0 -1 0 0 -1 0 0 -1 0 -0 -1 -0 0 -1 0 0 -1 0 0 -1 0 0 -1 0 -0 -1 0 0 -1 0 -0 -1 -0 -0 -1 0 -0 -1 -0 0 -1 0 -0 -1 0 -0 -1 0 -0 -1 0 -0 -1 0 -0 -1 0 -0 -1 0 0 -1 0 0 -1 0 0 -1 0 0 -1 0 0 -1 -0 -0 -1 0 0 -1 0 0 -1 0 0 -1 -0 0 -1 -0 -0 -1 0 0 -1 -0 -0 -1 0 0 -1 0.2685996 0.9632519 0 0.02624252 0.9996556 0 0.2685996 0.9632519 0 -0.2177009 0.9760155 0 0.02624252 0.9996556 0 -0.2177009 0.9760155 0 -0.4485595 0.893753 0 -0.4485595 0.893753 0 -0.6524805 0.7578055 0 -0.6524805 0.7578055 0 -0.8172081 0.5763428 0 -0.8172081 0.5763428 0 -0.9328503 0.3602643 0 -0.9328503 0.3602643 0 -0.9924636 0.1225398 0 -0.9924636 0.1225398 0 -0.993327 -0.1153325 0 -0.993327 -0.1153325 -0 -0.9404732 -0.339868 -0 -0.9404732 -0.339868 0 -0.8375985 -0.5462863 -0 -0.8375985 -0.5462863 0 -0.6901724 -0.723645 -0 -0.6901724 -0.723645 0 -0.5059493 -0.8625632 -0 -0.5059493 -0.8625632 0 -0.2948923 -0.9555305 -0 -0.2948923 -0.9555305 0 -0.06815418 -0.9976748 -0 -0.06815418 -0.9976748 0 0.1623028 -0.986741 0 0.1623028 -0.986741 0 0.6045714 0.7965509 0 0.7861395 0.6180492 -0 0.6045714 0.7965509 -0 0.9167255 0.3995176 -0 0.7861395 0.6180492 -0 0.987904 0.1550665 -0 0.9167255 0.3995176 -0 0.9950507 -0.09936872 0 0.987904 0.1550665 -0 0.9376737 -0.3475168 0 0.9950507 -0.09936872 0 0.8195388 -0.5730238 0 0.9376737 -0.3475168 0 0.6482905 -0.7613931 0 0.8195388 -0.5730238 0 0.6482905 -0.7613931 0 0.4053136 0.5810522 -0.7057616 0.4053194 0.581057 -0.7057543 0.5003145 0.5015904 -0.7057567 0.5003177 0.5015922 -0.7057531 0.5800236 0.4067966 -0.7057543 0.5800134 0.4067929 -0.7057648 0.6419936 0.2995658 -0.7057653 0.6419969 0.2995663 -0.705762 0.4602767 -0.5405777 -0.7042167 0.5818662 -0.406833 -0.7042149 0.4602631 -0.5405969 -0.7042109 0.5818601 -0.4068382 -0.704217 0.6657389 -0.2467023 -0.7042227 0.6657357 -0.2467323 -0.7042152 0.7064682 -0.07054746 -0.7042199 0.7064686 -0.07055005 -0.7042194 0.7014146 0.1100531 -0.7042058 0.7013968 0.1100949 -0.7042171 0.6508445 0.2836873 -0.704218 0.6508695 0.283655 -0.7042078 0.5581045 0.4388388 -0.7042301 0.5581474 0.4388058 -0.7042165 0.4292587 0.5655162 -0.7042218 0.4292288 0.5655289 -0.7042299 0.664452 0.241842 -0.7071181 0.664475 0.2418482 -0.7070944 0.2282273 -0.6697151 -0.7066782 0.2282291 -0.6697245 -0.7066688 0.2937476 -0.6436721 -0.7066814 0.2937514 -0.6436853 -0.7066677 0.3563573 -0.6112457 -0.706674 0.3563545 -0.6112388 -0.7066814 0.6779868 0.2029731 -0.7064954 0.6779705 0.2029737 -0.706511 0.6969521 0.1228902 -0.7065096 0.6969429 0.1228916 -0.7065184 0.7064975 0.0411488 -0.7065181 0.7065029 0.04114734 -0.706513 -0.70473 -0.08182076 -0.7047418 -0.6672344 -0.2411125 -0.7047432 -0.7047304 -0.08182431 -0.704741 -0.5942399 -0.3875847 -0.7047389 -0.6672329 -0.2411245 -0.7047405 -0.4896539 -0.5133936 -0.7047454 -0.5942453 -0.38757 -0.7047424 -0.3589619 -0.6119473 -0.7047459 -0.4896508 -0.5133983 -0.704744 -0.2092405 -0.6779052 -0.7047431 -0.3589522 -0.6119565 -0.7047429 -0.04830159 -0.7078241 -0.7047355 -0.2092168 -0.677919 -0.7047369 0.1151442 -0.7000518 -0.7047477 -0.04835254 -0.7078086 -0.7047474 0.1151471 -0.7000519 -0.7047471 0.7071017 0 -0.7071118 0.7071017 0 -0.7071118 -0.7071009 -0 -0.7071127 -0.7071009 -0 -0.7071127 0.7046471 0.08325127 -0.7046572 0.7046452 0.08325204 -0.7046589 0.665846 0.2451679 -0.7046572 0.6658442 0.2451682 -0.7046588 0.5903732 0.3935855 -0.704663 0.5903797 0.393586 -0.7046573 0.4824067 0.5203297 -0.7046565 0.4824007 0.5203278 -0.704662 0.3478637 0.6184227 -0.7046589 0.3478653 0.6184237 -0.7046572 0.1906481 0.6836855 -0.704434 0.01862218 0.7095271 -0.7044321 0.1906441 0.6836879 -0.704433 -0.1545174 0.6927471 -0.704433 0.01862616 0.7095259 -0.7044331 -0.3183744 0.6343598 -0.7044327 -0.1545177 0.6927471 -0.7044329 -0.4631108 0.537869 -0.7044327 -0.3183744 0.6343598 -0.7044327 -0.5800323 0.4090695 -0.7044321 -0.4631118 0.5378684 -0.7044324 -0.6621109 0.2557024 -0.7044327 -0.5800304 0.4090712 -0.7044328 -0.7044206 0.08697708 -0.7044336 -0.6621093 0.2557049 -0.7044334 -0.7044213 0.08697509 -0.704433 0.991445 -0.1305252 0 0.991445 -0.1305252 0 0.9238788 -0.3826852 0 0.9238788 -0.3826852 0 0.7933526 -0.6087623 0 0.6087657 -0.7933501 0 0.7933526 -0.6087623 0 0.6087657 -0.7933501 0 0.3826839 -0.9238793 0 0.3826839 -0.9238793 0 0.1305213 -0.9914455 0 0.1305213 -0.9914455 0 -0.1305213 -0.9914455 0 -0.1305213 -0.9914455 -3.19006e-16 -0.3826839 -0.9238793 0 -0.3826839 -0.9238793 0 -0.6087657 -0.7933501 0 -0.7933526 -0.6087623 -0 -0.6087657 -0.7933501 0 -0.7933526 -0.6087623 0 -0.9238788 -0.3826852 0 -0.991445 -0.1305252 -0 -0.9238788 -0.3826852 0 -0.991445 -0.1305252 0 1 0 0 1 0 0 -0.991445 0.1305252 0 -0.991445 0.1305252 0 -0.9238788 0.3826852 0 -0.9238788 0.3826852 0 -0.7933526 0.6087623 0 -0.7933526 0.6087623 0 -0.6087657 0.7933501 0 -0.6087657 0.7933501 0 -0.3826839 0.9238793 0 -0.3826839 0.9238793 0 -0.1305213 0.9914455 0 -0.1305213 0.9914455 0 0.1305213 0.9914455 0 0.1305213 0.9914455 2.31908e-16 0.3826839 0.9238793 0 0.3826839 0.9238793 -0 0.6087657 0.7933501 0 0.6087657 0.7933501 -0 0.7933526 0.6087623 0 0.7933526 0.6087623 -0 0.9238788 0.3826852 0 0.9238788 0.3826852 -0 0.991445 0.1305252 0 0.991445 0.1305252 -0 -1 0 0 -1 0 0 0 0 -1 0 0 -1 0 0 -1 0 0 -1 0 0 -1 0 0 -1 0 0 -1 0 0 -1 0 0 -1 -0 0 -1 0 0 -1 0 0 -1 0 0 -1 -0 0 -1 0 0 -1 0 0 -1 -0 -0 -1 0 -0 -1 0 0 -1 0 0 -1 0 0 -1 0 0 -1 -0 0 -1 0 -0 -1 0.992206 -0.1246083 0 0.992206 -0.1246083 0 0.9305864 -0.3660723 0 0.8111678 -0.5848134 0 0.9305864 -0.3660723 0 0.8111678 -0.5848134 0 0.6413705 -0.7672313 0 0.6413705 -0.7672313 0 0.431742 -0.9019971 0 0.431742 -0.9019971 0 0.1953026 -0.980743 0 0.1953026 -0.980743 0 -0.05327121 -0.9985802 0 -0.2985243 -0.954402 -0 -0.05327121 -0.9985802 0 -0.2985243 -0.954402 0 -0.2985243 0.954402 0 -0.2985243 0.954402 0 -0.05327121 0.9985802 0 -0.05327121 0.9985802 0 0.1953026 0.980743 0 0.1953026 0.980743 -0 0.431742 0.9019971 0 0.431742 0.9019971 -0 0.6413705 0.7672313 0 0.6413705 0.7672313 -0 0.8111678 0.5848134 0 0.8111678 0.5848134 -0 0.9305864 0.3660723 0 0.9305864 0.3660723 -0 0.992206 0.1246083 0 0.992206 0.1246083 -0 -0.3180462 0.9480753 0 -0.1145607 0.9934158 0.0007941903 -0.3118639 0.9501265 -0.000848678 0.2753044 0.9613571 -0 0.09389554 0.995581 0.001484855 -0.09515669 0.995461 -0.001590102 0.1262206 0.9919997 -0.002226125 0.4257956 0.9048188 0.0009694357 0.3044449 0.9525247 -0.003177963 0.3414206 0.9399053 0.003174712 0.5652527 0.8249178 -0 0.5398608 0.8417529 -0.001559448 -0.8521085 0.5233653 0 -0.849386 0.5277719 -0.0003750919 -0.6844784 0.7290327 -0.0007192064 -0.6957204 0.7183126 0.0003594097 -0.4732383 0.8809338 -0.001032476 -0.495883 0.8683891 0.0006878975 -0.2299568 0.9732 -0.00131492 -0.2650747 0.9642274 0.0009857512 0.02888194 0.9995816 -0.001565458 -0.01770232 0.9998425 0.001252499 0.2857791 0.9582939 -0.001786226 0.2307581 0.9730101 0.001489041 0.5233257 0.8521305 -0.001976069 0.4648204 0.8854033 0.001693361 0.5817298 0.813382 -0 0.6011754 0.7991157 -0.00154135 0.6011907 0.7991056 0 0.6203101 0.784343 -0.004630364 -0.9314836 -0.3637834 -0 -0.9648448 -0.2628205 -0 -0.9314836 -0.3637834 0 -0.9872962 -0.158891 -0 -0.9648448 -0.2628205 0 -0.9985857 -0.05316531 -0 -0.9872962 -0.158891 0 -0.9985857 0.05316531 1.207173e-16 -0.9985857 -0.05316531 0 -0.9872962 0.158891 0 -0.9985857 0.05316531 0 -0.9648448 0.2628205 0 -0.9872962 0.158891 0 -0.9648448 0.2628205 0 -0.9314836 0.3637834 0 -0.9314836 0.3637834 0 0.6011907 -0.7991056 0 0.5233257 -0.8521305 -0.00197607 0.6203101 -0.784343 -0.004630364 0.6011754 -0.7991157 -0.001541353 0.5817298 -0.813382 0 0.2857791 -0.9582939 -0.001786226 0.4648204 -0.8854033 0.001693361 0.02888194 -0.9995816 -0.001565458 0.2307581 -0.9730101 0.001489042 -0.2299568 -0.9732 -0.001314921 -0.01770232 -0.9998425 0.001252499 -0.4732383 -0.8809338 -0.001032475 -0.2650747 -0.9642274 0.0009857512 -0.6844784 -0.7290327 -0.0007192086 -0.495883 -0.8683891 0.000687898 -0.849386 -0.5277719 -0.0003750921 -0.6957204 -0.7183126 0.0003594114 -0.8521085 -0.5233653 0 0.5652527 -0.8249178 0 0.4257956 -0.9048188 0.0009694357 0.5398608 -0.8417529 -0.001559448 0.2753044 -0.9613571 0 0.3044449 -0.9525247 -0.003177962 0.3414206 -0.9399053 0.003174712 0.09389554 -0.995581 0.001484855 0.1262206 -0.9919997 -0.002226124 -0.1145607 -0.9934158 0.0007941903 -0.09515669 -0.995461 -0.001590102 -0.3180462 -0.9480753 0 -0.3118639 -0.9501265 -0.0008486772 0.9314836 0.3637834 -0 0.9314836 0.3637834 0 0.9648448 0.2628205 0 0.9648448 0.2628205 -0 0.9872962 0.158891 0 0.9872962 0.158891 -0 0.9985857 0.05316531 0 0.9985857 0.05316531 -0 0.9985857 -0.05316531 0 0.9985857 -0.05316531 1.035388e-16 0.9872962 -0.158891 0 0.9872962 -0.158891 0 0.9648448 -0.2628205 0 0.9648448 -0.2628205 0 0.9314836 -0.3637834 0 0.9314836 -0.3637834 0 -0.6011907 0.7991056 0 -0.5233257 0.8521305 -0.00197607 -0.6203101 0.784343 -0.004630364 -0.6011754 0.7991157 -0.001541353 -0.5817298 0.813382 0 -0.2857791 0.9582939 -0.001786226 -0.4648204 0.8854033 0.001693361 -0.02888194 0.9995816 -0.001565458 -0.2307581 0.9730101 0.001489042 0.2299568 0.9732 -0.001314921 0.01770232 0.9998425 0.001252499 0.4732383 0.8809338 -0.001032475 0.2650747 0.9642274 0.0009857512 0.6844784 0.7290327 -0.0007192086 0.495883 0.8683891 0.000687898 0.849386 0.5277719 -0.0003750921 0.6957204 0.7183126 0.0003594114 0.8521085 0.5233653 0 -0.5652527 0.8249178 0 -0.4257956 0.9048188 0.0009694357 -0.5398608 0.8417529 -0.001559448 -0.2753044 0.9613571 0 -0.3044449 0.9525247 -0.003177962 -0.3414206 0.9399053 0.003174712 -0.09389554 0.995581 0.001484855 -0.1262206 0.9919997 -0.002226124 0.1145607 0.9934158 0.0007941903 0.09515669 0.995461 -0.001590102 0.3180462 0.9480753 -0 0.3118639 0.9501265 -0.0008486772 -0.992206 0.1246083 0 -0.992206 0.1246083 0 -0.9305864 0.3660723 0 -0.9305864 0.3660723 0 -0.8111678 0.5848134 0 -0.8111678 0.5848134 0 -0.6413705 0.7672313 0 -0.6413705 0.7672313 0 -0.431742 0.9019971 0 -0.431742 0.9019971 0 -0.1953026 0.980743 0 -0.1953026 0.980743 0 0.05327121 0.9985802 0 0.05327121 0.9985802 -0 0.2985243 0.954402 0 0.2985243 0.954402 -0 0.2985243 -0.954402 0 0.2985243 -0.954402 0 0.05327121 -0.9985802 0 0.05327121 -0.9985802 0 -0.1953026 -0.980743 0 -0.1953026 -0.980743 0 -0.431742 -0.9019971 0 -0.431742 -0.9019971 0 -0.6413705 -0.7672313 0 -0.6413705 -0.7672313 0 -0.8111678 -0.5848134 0 -0.9305864 -0.3660723 -0 -0.8111678 -0.5848134 0 -0.9305864 -0.3660723 0 -0.992206 -0.1246083 0 -0.992206 -0.1246083 0 0.3180462 -0.9480753 0 0.1145607 -0.9934158 0.0007941903 0.3118639 -0.9501265 -0.000848678 -0.2753044 -0.9613571 0 -0.09389554 -0.995581 0.001484855 0.09515669 -0.995461 -0.001590102 -0.1262206 -0.9919997 -0.002226125 -0.4257956 -0.9048188 0.0009694357 -0.3044449 -0.9525247 -0.003177963 -0.3414206 -0.9399053 0.003174712 -0.5652527 -0.8249178 0 -0.5398608 -0.8417529 -0.001559448 0.8521085 -0.5233653 0 0.849386 -0.5277719 -0.0003750919 0.6844784 -0.7290327 -0.0007192064 0.6957204 -0.7183126 0.0003594097 0.4732383 -0.8809338 -0.001032476 0.495883 -0.8683891 0.0006878975 0.2299568 -0.9732 -0.00131492 0.2650747 -0.9642274 0.0009857512 -0.02888194 -0.9995816 -0.001565458 0.01770232 -0.9998425 0.001252499 -0.2857791 -0.9582939 -0.001786226 -0.2307581 -0.9730101 0.001489041 -0.5233257 -0.8521305 -0.001976069 -0.4648204 -0.8854033 0.001693361 -0.5817298 -0.813382 0 -0.6011754 -0.7991157 -0.00154135 -0.6011907 -0.7991056 0 -0.6203101 -0.784343 -0.004630364 0 -0 -1 0 0 -1 0 0 -1 0 -0 -1 0 0 -1 0 -0 -1 0 0 -1 0 0 -1 0 -0 -1 -0 0 -1 0 0 -1 -0 0 -1 -0 0 -1 -0 0 -1 0 0 -1 0 0 -1 0 0 -1 0 0 -1 -0 0 -1 0 0 -1 -0 0 -1 0 0 -1 0 0 -1 0 0 -1 0 0 -1 0 0 -1 0 0 -1 0 0 -1 0 0 -1 0 0 -1 0 0 -1 0 0 -1 0 -0 -1 0 0 -1 0 -0 -1 -0 0 -1 0 -0 -1 -0 0 -1 0 0 -1 0 -0 -1 -0 0 -1 -0.9732022 0.2299511 0 -0.9732022 0.2299511 0 -0.892648 0.4507546 0 -0.892648 0.4507546 0 -0.7627894 0.646647 0 -0.7627894 0.646647 0 -0.590773 0.8068378 0 -0.590773 0.8068378 0 -0.9525547 0.3043437 -0.003822315 -0.9650955 0.2618953 -0.001277618 -0.9757704 0.2187968 0 -0.9917794 0.1279593 0 -0.9830379 0.1834023 6.026263e-05 -0.9878097 0.1556664 -0.0002256313 -0.9887058 0.149869 -0.0003881297 -0.9752768 0.2209864 -0.0002231518 -0.9651083 0.2618513 0 -0.956727 0.2909759 0.002516752 -0.9175885 -0.3975317 0 -0.9175885 -0.3975317 0 -0.9805957 -0.1960413 0 -0.9805957 -0.1960413 0 -0.9998995 0.01417599 0 -0.9746397 0.2237797 0 -0.9998995 0.01417599 0 -0.9746397 0.2237797 0 -0.9169961 -0.3988963 0 -0.9796927 -0.2005048 0 -0.9169961 -0.3988963 0 -0.9796927 -0.2005048 0 -0.9999779 0.006633554 0 -0.9999779 0.006633554 0 -0.4201337 -0.9074622 0 -0.428069 -0.9037459 -0.00052667 -0.6191661 -0.7852594 -0.0009640211 -0.5983312 -0.8012487 0.0004819036 -0.7789592 -0.6270734 -0.001313215 -0.7507647 -0.6605693 0.0008759614 -0.8993725 -0.4371804 -0.001573305 -0.8709036 -0.4914524 0.001181089 -0.9743159 -0.2251792 -0.001644447 -0.9482629 -0.3174862 0 -0.9475635 -0.3195659 0.001006089 -0.9999977 -0.001812422 -0.001171155 -0.9888456 -0.1489423 0.0008227139 -0.9997106 0.02405841 0 -0.2680032 -0.9634181 -0 -0.2904244 -0.9568979 -0 -0.2680032 -0.9634181 0 -0.312683 -0.9498575 -0 -0.2904244 -0.9568979 0 -0.312683 -0.9498575 0 0.9954948 -0.09481718 0 0.9882467 -0.1528526 -0.002151001 0.9722875 -0.2337881 0.0003667773 0.916537 -0.3999436 -0.002219359 0.9302819 -0.366845 -0.0005083084 0.9297808 -0.3681135 0 0.7841615 -0.6205521 -0.002397304 0.8458042 -0.5334903 0.001850043 0.5998793 -0.800087 -0.002355279 0.7015498 -0.7126178 0.001917895 0.3758897 -0.926662 -0.002094222 0.5201983 -0.8540437 0.001766997 0.1270015 -0.9919012 -0.001614259 0.3113275 -0.9503017 0.001397145 -0.1302634 -0.991479 -0.0009167651 0.08599696 -0.9962951 0.0008070582 -0.1438913 -0.9895935 0 0.9882699 -0.1527172 0 0.9167033 -0.3995686 0 0.9882699 -0.1527172 0 0.7845884 -0.6200169 0 0.9167033 -0.3995686 0 0.6006459 -0.7995152 0 0.7845884 -0.6200169 0 0.3770255 -0.9262028 0 0.6006459 -0.7995152 0 0.1285098 -0.9917082 0 0.3770255 -0.9262028 0 -0.1285098 -0.9917082 -1.284873e-16 0.1285098 -0.9917082 1.284873e-16 -0.3770255 -0.9262028 0 -0.1285098 -0.9917082 0 -0.6006459 -0.7995152 0 -0.3770255 -0.9262028 0 -0.7845884 -0.6200169 0 -0.6006459 -0.7995152 0 -0.9167033 -0.3995686 0 -0.7845884 -0.6200169 0 -0.9882699 -0.1527172 0 -0.9167033 -0.3995686 0 -0.9882699 -0.1527172 0 0.1438913 -0.9895935 0 0.1302634 -0.991479 -0.000916765 -0.1270015 -0.9919012 -0.001614259 -0.08599696 -0.9962951 0.0008070586 -0.3758897 -0.926662 -0.00209422 -0.3113275 -0.9503017 0.001397144 -0.5998793 -0.800087 -0.002355278 -0.5201983 -0.8540437 0.001766996 -0.7841615 -0.6205521 -0.002397304 -0.7015498 -0.7126178 0.001917895 -0.916537 -0.3999436 -0.00221936 -0.8458042 -0.5334903 0.001850043 -0.9297808 -0.3681135 0 -0.9302819 -0.366845 -0.0005083086 -0.9882467 -0.1528526 -0.002151001 -0.9722875 -0.2337881 0.0003667771 -0.9954948 -0.09481718 0 0.312683 -0.9498575 0 0.312683 -0.9498575 0 0.2904244 -0.9568979 0 0.2904244 -0.9568979 0 0.2680032 -0.9634181 0 0.2680032 -0.9634181 0 0.9997106 0.02405841 -0 0.9999977 -0.001812422 -0.001171155 0.9743159 -0.2251792 -0.001644447 0.9888456 -0.1489423 0.0008227141 0.8993725 -0.4371804 -0.001573305 0.9475635 -0.3195659 0.001006089 0.9482629 -0.3174862 0 0.7789592 -0.6270734 -0.001313213 0.8709036 -0.4914524 0.001181089 0.6191661 -0.7852594 -0.0009640217 0.7507647 -0.6605693 0.0008759598 0.428069 -0.9037459 -0.00052667 0.5983312 -0.8012487 0.0004819052 0.4201337 -0.9074622 0 0.9999779 0.006633554 0 0.9796927 -0.2005048 0 0.9999779 0.006633554 -0 0.9169961 -0.3988963 0 0.9796927 -0.2005048 0 0.9169961 -0.3988963 0 0.9746397 0.2237797 -0 0.9746397 0.2237797 0 0.9998995 0.01417599 0 0.9998995 0.01417599 -0 0.9805957 -0.1960413 0 0.9805957 -0.1960413 0 0.9175885 -0.3975317 0 0.9175885 -0.3975317 0 0.9757704 0.2187968 -0 0.9650955 0.2618953 -0.001277618 0.9525547 0.3043437 -0.003822315 0.9651083 0.2618513 -0 0.956727 0.2909759 0.002516751 0.9878097 0.1556664 -0.0002256313 0.9830379 0.1834023 6.026263e-05 0.9752768 0.2209864 -0.0002231519 0.9917794 0.1279593 -0 0.9887058 0.149869 -0.0003881298 0.590773 0.8068378 -0 0.590773 0.8068378 0 0.7627894 0.646647 0 0.7627894 0.646647 -0 0.892648 0.4507546 0 0.9732022 0.2299511 0 0.892648 0.4507546 -0 0.9732022 0.2299511 0 0.5809507 0.8139387 0 0.5809507 0.8139387 -0 0.738744 0.6739862 -0 0.738744 0.6739862 0 0.9501846 0.3116876 -0 0.8636754 0.5040485 -0 0.8636754 0.5040485 0 0.9944236 0.1054591 -0 0.9501846 0.3116876 -0 0.9944236 0.1054591 -0 1 0 0 1 0 0 0.8857452 0.4641719 -0 0.8857452 0.4641719 0 0.9583524 0.2855881 0 0.9583524 0.2855881 -0 0.9953436 0.09638961 0 0.9953436 0.09638961 -0 0.8857454 0.4641714 -0 0.8857454 0.4641714 -0 0.9583526 0.2855875 -0 0.9583526 0.2855875 0 0.9953436 0.09639025 -0 0.9953436 0.09639025 0 1 0 0 1 0 0 0.1305224 0.9914454 -0 0.1305224 0.9914454 0 0.3826909 0.9238764 0 0.6087565 0.7933572 0 0.3826909 0.9238764 -0 0.6087565 0.7933572 0 0.7933549 0.6087595 0 0.7933549 0.6087595 -0 0.9238791 0.3826846 0 0.9238791 0.3826846 -0 0.9914449 0.1305261 0 0.9914449 0.1305261 -0 -0 1 0 0 1 0 -0.9914449 0.1305261 0 -0.9914449 0.1305261 0 -0.9238791 0.3826846 0 -0.9238791 0.3826846 0 -0.7933549 0.6087595 0 -0.7933549 0.6087595 0 -0.6087565 0.7933572 0 -0.6087565 0.7933572 0 -0.3826909 0.9238764 0 -0.3826909 0.9238764 0 -0.1305224 0.9914454 0 -0.1305224 0.9914454 0 -1 0 0 -1 0 0 -0.9953436 0.09639025 0 -0.9953436 0.09639025 0 -0.9583526 0.2855875 0 -0.9583526 0.2855875 0 -0.8857454 0.4641714 0 -0.8857454 0.4641714 0 -0.9953436 0.09638961 0 -0.9953436 0.09638961 0 -0.9583524 0.2855881 0 -0.8857452 0.4641719 0 -0.9583524 0.2855881 0 -0.8857452 0.4641719 0 -1 0 0 -1 0 0 -0.9944236 0.1054591 0 -0.9944236 0.1054591 0 -0.9501846 0.3116876 0 -0.9501846 0.3116876 0 -0.8636754 0.5040485 0 -0.8636754 0.5040485 0 -0.738744 0.6739862 0 -0.738744 0.6739862 0 -0.5809507 0.8139387 0 -0.5809507 0.8139387 0 0 0 -1 0 0 -1 0 0 -1 0 0 -1 0 0 -1 0 0 -1 0 0 -1 0 0 -1 0 0 -1 -0 0 -1 0 0 -1 0 0 -1 0 0 -1 0 0 -1 0 -0 -1 -0 0 -1 -0 0 -1 0 0 -1 -0 0 -1 0 0 -1 0 -0 -1 -0 0 -1 0 0 -1 -0 0 -1 0 -0 -1 -0 0 -1 0 -0 -1 0 0 -1 0 0 -1 0 0 -1 0 0 -1 -0 0 -1 0 0 -1 0 0 -1 0 0 -1 -0 0 -1 0 0 -1 0 0 -1 -0 0 -1 0 0 -1 0 0 -1 0 0 -1 0 0 -1 0 0 -1 0 0 -1 0 0 -1 -0 0 -1 0 -0 -1 0 0 -1 0 -0 -1 0 0 -1 -0 -0 -1 0 0 -1 -0 -0 -1 0 0 -1 -0 -0 -1 -0 -0 -1 -0 0 -1 -0 -0 -1 0 0 -1 -0 0 -1 0 0 -1 0 -0 -1 0 0 -1 0 -0 -1 0 0 -1 0 -0 -1 0 0 -1 0 0 -1 0 0 -1 0 0 -1 0 0 -1 0 -0 -1 0 0 -1 0 0 -1 0 0 -1 0 0 -1 0 0 -1 0 -0 -1 0 -0 -1 0 0 -1 0 -0 -1 0 0 -1 0 0 -1 -0 -0 -1 -0 -0 -1 -0 -0 -1 0 -0 -1 -0 -0 -1 0 -0 -1 0 -0 -1 -0 -0 -1 0 -0 -1 0 -0 -1 0 -0 -1 0 -0 -1 0 -0 -1 0 0 -1 0 0 -1 0 0 -1 0 0 -1 0 0 -1 0 0 -1 0 -0 -1 0 0 -1 0 0 -1 0 -0 -1 0 0 -1 0 0 -1 -0 0 -1 0 -0 -1 0 -0 -1 0 -0 -1 0 -0 -1 0 -0 -1 -0 0 -1 -0 0 -1 0 0 -1 0 -0 -1 0 -0 -1 -0 -0 -1 0 0 -1 -0 -0 -1 0 -0 -1 0 -0 -1 0 -0 -1 -0 -0 -1 -0 -0 -1 0 0 -1 0 -0 -1 -0 -0 -1 -0 -0 -1 -0 -0 -1 -0 0 -1 0 -0 -1 0 0 -1 -0 -0 -1 0 -0 -1 0 0 -1 -0 0 -1 -0 0 -1 -0 0 -1 -0 0 -1 0 -0 -1 -0 0 -1 0 0 -1 0 0 -1 0 0 -1 0 0 -1 0 0 -1 0 0 -1 0 0 -1 0 0 -1 -0.9471184 0.3208842 0 -0.8347661 0.5506047 0 -0.9471184 0.3208842 0 -0.6678296 0.7443143 0 -0.8347661 0.5506047 0 -0.4572218 0.8893527 0 -0.6678296 0.7443143 0 -0.2167213 0.9762335 0 -0.4572218 0.8893527 0 0.03796078 0.9992791 0 -0.2167213 0.9762335 0 0.03796078 0.9992791 0 0.2901456 0.9569825 0 0.2901456 0.9569825 -0 -0.3449319 0.9386278 0 -0.3449319 0.9386278 0 -0.2097309 0.9777592 0 -0.2097309 0.9777592 0 -0.07037302 0.9975207 -1.01625e-16 -0.07037302 0.9975207 0 0.07037302 0.9975207 -0 0.07037302 0.9975207 0 0.2097309 0.9777592 -0 0.2097309 0.9777592 0 0.3449319 0.9386278 -0 0.3449319 0.9386278 0 -0.2901456 0.9569825 0 -0.2901456 0.9569825 0 -0.03796078 0.9992791 0 -0.03796078 0.9992791 0 0.2167213 0.9762335 0 0.2167213 0.9762335 -0 0.4572218 0.8893527 0 0.6678296 0.7443143 0 0.4572218 0.8893527 -0 0.6678296 0.7443143 0 0.8347661 0.5506047 0 0.8347661 0.5506047 -0 0.9471184 0.3208842 0 0.9471184 0.3208842 -0 0 -0 -1 0 -0 -1 0 -0 -1 0 -0 -1 -0 -0 -1 0 -0 -1 0 -0 -1 0 -0 -1 0 -0 -1 -0 -0 -1 -0 -0 -1 -0 -0 -1 -0 -0 -1 -0 0 -1 -0 -0 -1 -0 0 -1 0 -0 -1 0 -0 -1 -0 0 -1 0 -0 -1 -0 0 -1 -0 0 -1 0 0 -1 0 -0 -1 0 -0 -1 0 0 -1 0 -0 -1 0 0 -1 0 0 -1 0 0 -1 0 0 -1 0 0 -1 0 0 -1 0 0 -1 0 0 -1 0 0 -1 -0 0 -1 0 0 -1 0 0 -1 -0 -0 -1 0 0 -1 -0 0 -1 -0 0 -1 0 0 -1 0 0 -1 -0 0 -1 -0.3208842 -0.9471184 0 -0.3208842 -0.9471184 0 -0.5506047 -0.8347661 0 -0.5506047 -0.8347661 0 -0.7443143 -0.6678296 0 -0.7443143 -0.6678296 0 -0.8893527 -0.4572218 0 -0.8893527 -0.4572218 0 -0.9762335 -0.2167213 0 -0.9762335 -0.2167213 0 -0.9992791 0.03796078 0 -0.9992791 0.03796078 0 -0.9569825 0.2901456 0 -0.9569825 0.2901456 0 -0.9386278 -0.3449319 0 -0.9777592 -0.2097309 0 -0.9386278 -0.3449319 0 -0.9975207 -0.07037302 0 -0.9777592 -0.2097309 0 -0.9975207 0.07037302 3.974719e-15 -0.9975207 -0.07037302 -3.974719e-15 -0.9777592 0.2097309 0 -0.9975207 0.07037302 0 -0.9386278 0.3449319 0 -0.9777592 0.2097309 0 -0.9386278 0.3449319 0 -0.9569825 -0.2901456 -0 -0.9992791 -0.03796078 -0 -0.9569825 -0.2901456 0 -0.9762335 0.2167213 0 -0.9992791 -0.03796078 0 -0.8893527 0.4572218 0 -0.9762335 0.2167213 0 -0.7443143 0.6678296 0 -0.8893527 0.4572218 0 -0.5506047 0.8347661 0 -0.7443143 0.6678296 0 -0.5506047 0.8347661 0 -0.3208842 0.9471184 0 -0.3208842 0.9471184 0 0 0 -1 0 0 -1 0 0 -1 0 0 -1 0 0 -1 0 0 -1 0 0 -1 0 -0 -1 0 0 -1 0 -0 -1 -0 -0 -1 -0 -0 -1 0 -0 -1 0 -0 -1 -0 -0 -1 0 -0 -1 0 -0 -1 -0 -0 -1 0 0 -1 0 -0 -1 0 0 -1 0 0 -1 0 -0 -1 0 0 -1 0 -0 -1 0 0 -1 0 -0 -1 0 0 -1 0 0 -1 0 -0 -1 0 0 -1 0 -0 -1 -0 0 -1 0 -0 -1 -0 0 -1 0 0 -1 0 0 -1 -0 0 -1 0 0 -1 0 0 -1 0 0 -1 0 0 -1 0 0 -1 0 0 -1 0 0 -1 0 0 -1 0.3208842 0.9471184 0 0.3208842 0.9471184 -0 0.5506047 0.8347661 0 0.5506047 0.8347661 -0 0.7443143 0.6678296 0 0.7443143 0.6678296 -0 0.8893527 0.4572218 0 0.8893527 0.4572218 -0 0.9762335 0.2167213 0 0.9762335 0.2167213 -0 0.9992791 -0.03796078 0 0.9992791 -0.03796078 0 0.9569825 -0.2901456 0 0.9569825 -0.2901456 0 0.9386278 0.3449319 0 0.9777592 0.2097309 -0 0.9386278 0.3449319 -0 0.9975207 0.07037302 -0 0.9777592 0.2097309 -0 0.9975207 -0.07037302 3.153431e-16 0.9975207 0.07037302 -3.153431e-16 0.9777592 -0.2097309 0 0.9975207 -0.07037302 0 0.9386278 -0.3449319 0 0.9777592 -0.2097309 0 0.9386278 -0.3449319 0 0.9569825 0.2901456 0 0.9569825 0.2901456 -0 0.9992791 0.03796078 0 0.9992791 0.03796078 -0 0.9762335 -0.2167213 0 0.9762335 -0.2167213 0 0.8893527 -0.4572218 0 0.8893527 -0.4572218 0 0.7443143 -0.6678296 0 0.7443143 -0.6678296 0 0.5506047 -0.8347661 0 0.5506047 -0.8347661 0 0.3208842 -0.9471184 0 0.3208842 -0.9471184 0 -0.8130855 -0.5821442 0 -0.8130855 -0.5821442 0 -0.9294973 -0.3688289 0 -0.9294973 -0.3688289 0 -0.9910159 -0.1337443 0 -0.9910159 -0.1337443 0 -0.9940156 0.1092381 0 -0.9940156 0.1092381 0 -0.9383166 0.3457774 0 -0.9383166 0.3457774 0 -0.8272139 0.5618871 0 -0.8272139 0.5618871 0 -0.667257 0.7448276 0 -0.667257 0.7448276 0 -0.8130855 0.5821442 0 -0.8130855 0.5821442 0 -0.9294973 0.3688289 0 -0.9294973 0.3688289 0 -0.9910159 0.1337443 0 -0.9910159 0.1337443 0 -0.9940156 -0.1092381 -0 -0.9940156 -0.1092381 0 -0.9383166 -0.3457774 -0 -0.9383166 -0.3457774 0 -0.8272139 -0.5618871 -0 -0.8272139 -0.5618871 0 -0.667257 -0.7448276 -0 -0.667257 -0.7448276 0 0.8130855 0.5821442 0 0.8130855 0.5821442 -0 0.9294973 0.3688289 -0 0.9294973 0.3688289 0 0.9910159 0.1337443 -0 0.9910159 0.1337443 0 0.9940156 -0.1092381 0 0.9940156 -0.1092381 0 0.9383166 -0.3457774 0 0.9383166 -0.3457774 0 0.8272139 -0.5618871 0 0.8272139 -0.5618871 0 0.667257 -0.7448276 0 0.667257 -0.7448276 0 0.8130855 -0.5821442 0 0.8130855 -0.5821442 0 0.9294973 -0.3688289 0 0.9294973 -0.3688289 0 0.9910159 -0.1337443 0 0.9910159 -0.1337443 0 0.9940156 0.1092381 0 0.9940156 0.1092381 0 0.9383166 0.3457774 0 0.9383166 0.3457774 0 0.8272139 0.5618871 0 0.8272139 0.5618871 0 0.667257 0.7448276 0 0.667257 0.7448276 0 -0.1628779 0.9866462 0 -0.1628779 0.9866462 0 -0.3994323 0.9167627 0 -0.3994323 0.9167627 0 -0.6116761 0.7911083 0 -0.6116761 0.7911083 0 -0.7867245 0.6173043 0 -0.7867245 0.6173043 0 -0.9138893 0.4059635 0 -0.9138893 0.4059635 0 -0.9854584 0.169917 0 -0.9854584 0.169917 0 -0.9970719 -0.07647084 -0 -0.9970719 -0.07647084 0 -0.9480221 -0.3182044 -0 -0.9480221 -0.3182044 0 0.1628779 0.9866462 0 0.1628779 0.9866462 -0 0.3994323 0.9167627 -0 0.3994323 0.9167627 0 0.6116761 0.7911083 -0 0.6116761 0.7911083 0 0.7867245 0.6173043 -0 0.7867245 0.6173043 0 0.9138893 0.4059635 -0 0.9138893 0.4059635 0 0.9854584 0.169917 -0 0.9854584 0.169917 0 0.9970719 -0.07647084 0 0.9970719 -0.07647084 0 0.9480221 -0.3182044 0 0.9480221 -0.3182044 0 -0.3200976 0.9473845 0 -0.3200976 0.9473845 0 -0.08281737 0.9965647 0 -0.08281737 0.9965647 0 0.1591336 0.987257 -0 0.1591336 0.987257 0 0.3917719 0.9200624 -0 0.3917719 0.9200624 0 0.6015047 0.7988693 -0 0.6015047 0.7988693 0 0.7758889 0.6308695 -0 0.7758889 0.6308695 0 0.9048271 0.4257792 -0 0.9048271 0.4257792 0 0.9806415 0.1958117 -0 0.9806415 0.1958117 0 0.9989566 -0.04566915 0 0.9989566 -0.04566915 0 0.9587052 -0.2844015 0 0.9587052 -0.2844015 0 0.3200976 0.9473845 0 0.3200976 0.9473845 0 0.08281737 0.9965647 0 0.08281737 0.9965647 0 -0.1591336 0.987257 0 -0.1591336 0.987257 0 -0.3917719 0.9200624 0 -0.3917719 0.9200624 0 -0.6015047 0.7988693 0 -0.6015047 0.7988693 0 -0.7758889 0.6308695 0 -0.7758889 0.6308695 0 -0.9048271 0.4257792 0 -0.9048271 0.4257792 0 -0.9806415 0.1958117 0 -0.9806415 0.1958117 0 -0.9989566 -0.04566915 -0 -0.9989566 -0.04566915 0 -0.9587052 -0.2844015 -0 -0.9587052 -0.2844015 0</float_array>
          <technique_common>
            <accessor count="4792" source="#cubenormals-array1-array" stride="3">
              <param type="float" name="X"/>
              <param type="float" name="Y"/>
              <param type="float" name="Z"/>
            </accessor>
          </technique_common>
        </source>
        <vertices id="cubeverts-array1-vertices">
          <input semantic="POSITION" source="#cubeverts-array1"/>
        </vertices>
        <triangles count="4792" material="ref_Mesh009">
          <input offset="0" semantic="VERTEX" source="#cubeverts-array1-vertices"/>
          <input offset="1" semantic="NORMAL" source="#cubenormals-array1"/>
          <p>0 0 1 0 2 0 3 1 2 1 4 1 3 2 0 2 2 2 5 3 6 3 1 3 5 4 1 4 0 4 7 5 4 5 8 5 7 6 8 6 9 6 7 7 9 7 10 7 7 8 10 8 11 8 7 9 3 9 4 9 12 10 6 10 5 10 13 11 11 11 14 11 13 12 14 12 15 12 13 13 15 13 16 13 13 14 7 14 11 14 17 15 13 15 16 15 18 16 17 16 16 16 19 17 18 17 16 17 20 18 19 18 16 18 21 19 20 19 16 19 22 20 21 20 16 20 23 21 21 21 22 21 24 22 23 22 22 22 25 23 24 23 22 23 26 24 25 24 22 24 27 25 26 25 22 25 27 26 22 26 28 26 27 27 28 27 29 27 27 28 29 28 30 28 31 29 27 29 30 29 31 30 30 30 32 30 33 31 31 31 32 31 34 32 31 32 33 32 35 33 36 33 31 33 35 34 31 34 34 34 37 35 38 35 36 35 37 36 36 36 35 36 39 37 38 37 37 37 40 38 38 38 39 38 41 39 40 39 39 39 42 40 40 40 41 40 43 41 44 41 45 41 46 42 47 42 43 42 48 43 47 43 46 43 49 44 47 44 48 44 50 45 47 45 49 45 51 46 47 46 50 46 52 47 47 47 51 47 53 48 47 48 52 48 43 49 47 49 44 49 45 50 54 50 55 50 44 51 54 51 45 51 56 52 57 52 58 52 58 53 57 53 53 53 53 54 57 54 47 54 54 55 59 55 55 55 55 56 59 56 60 56 59 57 61 57 60 57 62 58 63 58 56 58 56 59 63 59 57 59 60 60 64 60 65 60 61 61 64 61 60 61 62 62 66 62 63 62 67 63 66 63 68 63 68 64 66 64 62 64 65 65 69 65 70 65 64 66 69 66 65 66 67 67 71 67 66 67 72 68 71 68 67 68 73 69 71 69 72 69 74 70 71 70 73 70 74 71 75 71 71 71 69 72 76 72 70 72 76 73 77 73 70 73 75 74 78 74 71 74 76 75 79 75 77 75 79 76 80 76 77 76 78 77 81 77 71 77 79 78 82 78 80 78 71 79 83 79 84 79 81 80 83 80 71 80 84 81 85 81 86 81 83 82 85 82 84 82 82 83 87 83 80 83 88 84 87 84 82 84 86 85 89 85 90 85 85 86 89 86 86 86 88 87 91 87 87 87 90 88 92 88 93 88 93 89 92 89 94 89 89 90 92 90 90 90 95 91 96 91 88 91 88 92 96 92 91 92 94 93 97 93 98 93 92 94 97 94 94 94 99 95 100 95 95 95 95 96 100 96 96 96 98 97 101 97 102 97 97 98 101 98 98 98 102 99 103 99 99 99 101 100 103 100 102 100 99 101 103 101 100 101 104 102 105 102 106 102 107 103 108 103 109 103 105 104 110 104 106 104 108 105 111 105 109 105 107 106 112 106 108 106 107 107 113 107 112 107 114 108 115 108 116 108 109 109 115 109 114 109 111 110 115 110 109 110 117 111 118 111 110 111 119 112 118 112 117 112 110 113 120 113 106 113 118 114 120 114 110 114 120 115 121 115 106 115 121 116 122 116 106 116 106 117 122 117 123 117 107 118 124 118 113 118 125 119 124 119 107 119 116 120 126 120 127 120 115 121 126 121 116 121 122 122 128 122 123 122 123 123 128 123 129 123 130 124 131 124 132 124 127 125 131 125 130 125 126 126 131 126 127 126 125 127 133 127 124 127 128 128 134 128 129 128 132 129 135 129 136 129 131 130 135 130 132 130 125 131 137 131 133 131 134 132 138 132 129 132 138 133 139 133 129 133 139 134 140 134 129 134 135 135 141 135 136 135 140 136 142 136 129 136 141 137 143 137 136 137 141 138 144 138 143 138 125 139 145 139 137 139 129 140 145 140 125 140 142 141 145 141 129 141 141 142 146 142 144 142 141 143 147 143 146 143 141 144 148 144 147 144 137 145 149 145 150 145 145 146 149 146 137 146 150 147 151 147 152 147 149 148 151 148 150 148 153 149 154 149 148 149 148 150 154 150 147 150 151 151 155 151 152 151 152 152 155 152 156 152 155 153 157 153 156 153 153 154 158 154 154 154 159 155 158 155 153 155 157 156 160 156 156 156 156 157 161 157 162 157 160 158 161 158 156 158 159 159 163 159 158 159 162 160 164 160 165 160 161 161 164 161 162 161 166 162 167 162 159 162 159 163 167 163 163 163 166 164 168 164 167 164 169 165 168 165 166 165 164 166 170 166 165 166 165 167 170 167 171 167 171 168 172 168 173 168 173 169 172 169 169 169 169 170 172 170 168 170 171 171 174 171 172 171 170 172 174 172 171 172 175 173 174 173 170 173 175 174 176 174 174 174 175 175 177 175 176 175 177 176 178 176 176 176 177 177 179 177 178 177 179 178 180 178 178 178 179 179 181 179 180 179 181 180 182 180 180 180 182 181 183 181 184 181 181 182 183 182 182 182 184 183 185 183 186 183 183 184 185 184 184 184 185 185 187 185 186 185 188 186 189 186 190 186 188 187 191 187 189 187 192 188 191 188 193 188 189 189 191 189 192 189 188 190 194 190 191 190 195 191 194 191 188 191 196 192 194 192 195 192 197 193 194 193 196 193 198 194 194 194 197 194 194 195 199 195 191 195 187 196 200 196 186 196 200 197 201 197 186 197 186 198 201 198 202 198 202 199 203 199 186 199 200 200 204 200 201 200 200 201 205 201 204 201 199 202 206 202 207 202 207 203 206 203 208 203 208 204 206 204 209 204 209 205 206 205 210 205 194 206 206 206 199 206 206 207 211 207 210 207 200 208 212 208 205 208 205 209 212 209 213 209 212 210 214 210 213 210 212 211 215 211 214 211 212 212 216 212 215 212 212 213 217 213 216 213 218 214 219 214 220 214 217 215 219 215 218 215 212 216 219 216 217 216 206 217 221 217 211 217 219 218 222 218 220 218 206 219 223 219 221 219 224 220 225 220 226 220 226 221 225 221 227 221 227 222 225 222 228 222 228 223 225 223 229 223 230 224 231 224 232 224 225 225 233 225 229 225 229 226 233 226 234 226 232 227 235 227 236 227 231 228 235 228 232 228 221 229 237 229 230 229 223 230 237 230 221 230 230 231 237 231 231 231 224 232 238 232 225 232 239 233 238 233 224 233 223 234 240 234 237 234 236 235 241 235 242 235 242 236 241 236 243 236 243 237 241 237 244 237 235 238 241 238 236 238 239 239 245 239 238 239 246 240 245 240 239 240 233 241 247 241 234 241 248 242 247 242 249 242 234 243 247 243 248 243 246 244 250 244 245 244 251 245 250 245 252 245 252 246 250 246 246 246 247 247 253 247 249 247 249 248 253 248 254 248 223 249 255 249 240 249 244 250 256 250 257 250 241 251 256 251 244 251 223 252 258 252 255 252 257 253 259 253 260 253 256 254 259 254 257 254 253 255 261 255 254 255 254 256 261 256 262 256 263 257 264 257 251 257 251 258 264 258 250 258 258 259 265 259 255 259 261 260 266 260 262 260 267 261 268 261 269 261 267 262 270 262 268 262 271 263 270 263 267 263 268 264 272 264 269 264 269 265 272 265 273 265 261 266 274 266 266 266 263 267 275 267 264 267 276 268 275 268 263 268 259 269 277 269 260 269 258 270 278 270 265 270 271 271 279 271 270 271 280 272 279 272 271 272 273 273 281 273 282 273 272 274 281 274 273 274 276 275 283 275 275 275 274 276 284 276 266 276 258 277 285 277 278 277 260 278 286 278 280 278 277 279 286 279 260 279 280 280 286 280 279 280 282 281 287 281 288 281 281 282 287 282 282 282 289 283 290 283 276 283 276 284 290 284 283 284 291 285 292 285 293 285 293 286 292 286 277 286 277 287 292 287 286 287 294 288 295 288 296 288 296 289 295 289 297 289 285 290 298 290 299 290 258 291 298 291 285 291 289 292 300 292 290 292 298 293 301 293 299 293 295 294 302 294 297 294 297 295 302 295 303 295 291 296 304 296 292 296 305 297 304 297 291 297 306 298 307 298 308 298 308 299 307 299 309 299 309 300 307 300 284 300 284 301 307 301 266 301 298 302 310 302 301 302 302 303 311 303 303 303 303 304 311 304 312 304 287 305 313 305 288 305 314 306 315 306 305 306 305 307 315 307 304 307 311 308 316 308 312 308 312 309 316 309 317 309 317 310 316 310 289 310 310 311 318 311 301 311 301 312 318 312 319 312 314 313 320 313 315 313 321 314 322 314 323 314 321 315 324 315 325 315 323 316 324 316 321 316 321 317 326 317 322 317 324 318 327 318 325 318 321 319 328 319 326 319 327 320 329 320 325 320 329 321 330 321 325 321 319 322 331 322 332 322 318 323 331 323 319 323 313 324 333 324 321 324 321 325 333 325 328 325 313 326 334 326 333 326 335 327 336 327 314 327 314 328 336 328 320 328 331 329 337 329 332 329 287 330 338 330 313 330 313 331 338 331 334 331 339 332 340 332 335 332 335 333 340 333 336 333 289 334 341 334 300 334 316 335 341 335 289 335 300 336 341 336 342 336 342 337 341 337 343 337 332 338 344 338 345 338 337 339 344 339 332 339 346 340 347 340 339 340 339 341 347 341 340 341 346 342 348 342 347 342 346 343 349 343 348 343 346 344 350 344 349 344 346 345 351 345 350 345 345 346 351 346 346 346 344 347 351 347 345 347 352 348 353 348 306 348 307 349 354 349 355 349 306 350 354 350 307 350 353 351 354 351 306 351 352 352 356 352 353 352 357 353 356 353 352 353 341 354 358 354 343 354 343 355 358 355 359 355 354 356 360 356 355 356 287 357 361 357 338 357 360 358 362 358 355 358 362 359 363 359 355 359 357 360 364 360 356 360 365 361 364 361 357 361 358 362 366 362 359 362 365 363 366 363 364 363 359 364 366 364 365 364 363 365 367 365 355 365 367 366 368 366 355 366 368 367 369 367 355 367 287 368 370 368 361 368 369 369 371 369 355 369 369 370 372 370 371 370 373 371 374 371 372 371 372 372 374 372 371 372 375 373 376 373 377 373 375 374 378 374 376 374 376 375 379 375 377 375 380 376 381 376 382 376 375 377 383 377 378 377 379 378 384 378 377 378 377 379 384 379 380 379 375 380 385 380 383 380 384 381 386 381 380 381 387 382 388 382 389 382 390 383 388 383 387 383 391 384 388 384 390 384 392 385 388 385 391 385 389 386 388 386 373 386 373 387 388 387 374 387 375 388 393 388 385 388 393 389 394 389 385 389 380 390 395 390 381 390 386 391 395 391 380 391 396 392 397 392 398 392 395 393 399 393 381 393 393 394 400 394 394 394 396 395 401 395 397 395 399 396 402 396 381 396 393 397 403 397 400 397 404 398 403 398 393 398 401 399 405 399 397 399 402 400 406 400 381 400 404 401 407 401 403 401 408 402 409 402 404 402 404 403 409 403 407 403 401 404 410 404 405 404 408 405 411 405 409 405 410 406 412 406 405 406 408 407 413 407 411 407 392 408 414 408 388 408 406 409 414 409 381 409 415 410 414 410 392 410 416 411 414 411 415 411 417 412 414 412 416 412 381 413 414 413 417 413 418 414 414 414 406 414 410 415 419 415 412 415 419 416 420 416 412 416 419 417 421 417 420 417 421 418 422 418 420 418 418 419 423 419 414 419 424 420 423 420 425 420 425 421 423 421 418 421 422 422 426 422 420 422 424 423 427 423 423 423 428 424 427 424 429 424 429 425 427 425 424 425 430 426 431 426 432 426 432 427 431 427 422 427 432 428 433 428 430 428 434 429 433 429 432 429 422 430 435 430 426 430 431 431 435 431 422 431 436 432 437 432 434 432 434 433 437 433 433 433 436 434 438 434 437 434 439 435 438 435 440 435 440 436 438 436 436 436 435 437 441 437 426 437 439 438 442 438 438 438 443 439 442 439 439 439 426 440 444 440 445 440 441 441 444 441 426 441 428 442 446 442 427 442 447 443 446 443 428 443 448 444 449 444 408 444 447 445 449 445 446 445 408 446 449 446 413 446 413 447 449 447 450 447 450 448 449 448 451 448 451 449 449 449 447 449 449 450 452 450 446 450 452 451 453 451 446 451 444 452 454 452 445 452 443 453 455 453 442 453 453 454 456 454 446 454 454 455 457 455 445 455 443 456 458 456 455 456 456 457 459 457 446 457 460 458 461 458 462 458 462 459 461 459 463 459 463 460 461 460 458 460 458 461 461 461 455 461 454 462 464 462 457 462 460 463 465 463 461 463 461 464 465 464 466 464 459 465 467 465 446 465 468 466 467 466 459 466 469 467 467 467 468 467 470 468 467 468 469 468 471 469 467 469 470 469 472 470 473 470 464 470 464 471 473 471 457 471 471 472 474 472 467 472 465 473 475 473 466 473 466 474 475 474 476 474 477 475 478 475 474 475 474 476 478 476 467 476 479 477 480 477 472 477 472 478 480 478 473 478 481 479 482 479 479 479 479 480 482 480 480 480 481 481 483 481 482 481 475 482 484 482 476 482 477 483 485 483 478 483 486 484 485 484 477 484 484 485 487 485 476 485 476 486 487 486 488 486 487 487 489 487 488 487 488 488 489 488 490 488 486 489 491 489 485 489 492 490 491 490 486 490 493 491 491 491 492 491 494 492 491 492 493 492 495 493 491 493 494 493 496 494 491 494 495 494 483 495 491 495 496 495 489 496 497 496 490 496 498 497 499 497 500 497 481 498 499 498 483 498 500 499 499 499 501 499 501 500 499 500 481 500 483 501 499 501 491 501 502 502 503 502 498 502 498 503 503 503 499 503 497 504 503 504 490 504 490 505 503 505 502 505 504 506 186 506 505 506 505 507 186 507 203 507 381 508 220 508 222 508 381 509 222 509 506 509 381 510 506 510 507 510 381 511 507 511 508 511 381 512 508 512 509 512 381 513 509 513 510 513 381 514 510 514 511 514 381 515 511 515 382 515 329 516 449 516 330 516 330 517 449 517 512 517 512 518 449 518 513 518 513 519 449 519 514 519 514 520 449 520 515 520 515 521 449 521 516 521 516 522 449 522 517 522 517 523 449 523 448 523 287 524 518 524 519 524 287 525 519 525 370 525 206 526 194 526 520 526 206 527 520 527 521 527 223 528 521 528 522 528 223 529 522 529 523 529 223 530 206 530 521 530 258 531 223 531 523 531 298 532 523 532 524 532 298 533 258 533 523 533 56 534 58 534 525 534 56 535 525 535 526 535 62 536 526 536 527 536 62 537 527 537 528 537 62 538 56 538 526 538 68 539 62 539 528 539 499 540 529 540 530 540 499 541 503 541 529 541 491 542 530 542 531 542 491 543 499 543 530 543 485 544 531 544 532 544 485 545 491 545 531 545 478 546 532 546 533 546 478 547 485 547 532 547 467 548 533 548 534 548 467 549 478 549 533 549 446 550 534 550 535 550 446 551 467 551 534 551 427 552 535 552 536 552 427 553 446 553 535 553 423 554 536 554 537 554 423 555 427 555 536 555 414 556 537 556 538 556 414 557 423 557 537 557 388 558 538 558 539 558 388 559 539 559 540 559 388 560 414 560 538 560 374 561 388 561 540 561 371 562 540 562 541 562 371 563 374 563 540 563 355 564 541 564 542 564 355 565 371 565 541 565 307 566 542 566 543 566 307 567 355 567 542 567 266 568 543 568 544 568 266 569 307 569 543 569 545 570 546 570 547 570 548 571 547 571 549 571 548 572 545 572 547 572 550 573 549 573 551 573 550 574 548 574 549 574 552 575 551 575 553 575 552 576 550 576 551 576 554 577 553 577 555 577 554 578 552 578 553 578 556 579 555 579 557 579 556 580 554 580 555 580 558 581 557 581 559 581 558 582 556 582 557 582 560 583 559 583 561 583 560 584 558 584 559 584 562 585 561 585 563 585 562 586 560 586 561 586 564 587 563 587 565 587 564 588 562 588 563 588 566 589 565 589 567 589 566 590 564 590 565 590 568 591 567 591 569 591 568 592 566 592 567 592 570 593 569 593 571 593 570 594 568 594 569 594 572 595 571 595 573 595 572 596 570 596 571 596 574 597 573 597 575 597 574 598 572 598 573 598 576 599 575 599 577 599 576 600 574 600 575 600 578 601 577 601 579 601 578 602 576 602 577 602 580 603 579 603 581 603 580 604 578 604 579 604 582 605 581 605 583 605 582 606 580 606 581 606 584 607 583 607 585 607 584 608 582 608 583 608 586 609 584 609 585 609 586 610 585 610 587 610 588 611 586 611 587 611 588 612 587 612 589 612 590 613 588 613 589 613 590 614 589 614 591 614 592 615 590 615 591 615 592 616 591 616 593 616 594 617 592 617 593 617 594 618 593 618 595 618 596 619 594 619 595 619 596 620 595 620 597 620 598 621 596 621 597 621 598 622 597 622 599 622 600 623 599 623 601 623 600 624 598 624 599 624 602 625 601 625 603 625 602 626 600 626 601 626 604 627 603 627 605 627 604 628 602 628 603 628 606 629 605 629 607 629 606 630 604 630 605 630 608 631 607 631 609 631 608 632 606 632 607 632 610 633 609 633 611 633 610 634 608 634 609 634 612 635 611 635 613 635 612 636 610 636 611 636 614 637 613 637 615 637 614 638 612 638 613 638 616 639 615 639 617 639 616 640 614 640 615 640 618 641 617 641 619 641 618 642 616 642 617 642 620 643 619 643 621 643 620 644 618 644 619 644 622 645 621 645 623 645 622 646 620 646 621 646 624 647 623 647 625 647 624 648 622 648 623 648 626 649 625 649 627 649 626 650 624 650 625 650 628 651 627 651 629 651 628 652 626 652 627 652 630 653 629 653 631 653 630 654 628 654 629 654 632 655 631 655 633 655 632 656 630 656 631 656 634 657 633 657 635 657 634 658 632 658 633 658 636 659 634 659 635 659 636 660 635 660 637 660 638 661 637 661 639 661 638 662 636 662 637 662 640 663 638 663 639 663 640 664 639 664 641 664 642 665 640 665 641 665 642 666 641 666 643 666 644 667 642 667 643 667 644 668 643 668 645 668 646 669 644 669 645 669 646 670 645 670 647 670 648 671 646 671 647 671 648 672 647 672 649 672 650 673 648 673 649 673 650 674 649 674 651 674 652 675 650 675 651 675 652 676 651 676 653 676 654 677 652 677 653 677 654 678 653 678 655 678 656 679 654 679 655 679 656 680 655 680 657 680 658 681 656 681 657 681 658 682 657 682 659 682 660 683 658 683 659 683 660 684 659 684 546 684 545 685 660 685 546 685 617 686 661 686 619 686 661 687 662 687 619 687 662 688 621 688 619 688 617 689 663 689 661 689 615 690 663 690 617 690 662 691 664 691 621 691 615 692 665 692 663 692 613 693 665 693 615 693 664 694 623 694 621 694 664 695 666 695 623 695 611 696 667 696 613 696 613 697 667 697 665 697 623 698 668 698 625 698 666 699 668 699 623 699 611 700 609 700 667 700 609 701 669 701 667 701 625 702 670 702 627 702 668 703 670 703 625 703 607 704 671 704 609 704 609 705 671 705 669 705 627 706 672 706 629 706 670 707 672 707 627 707 607 708 605 708 671 708 605 709 673 709 671 709 629 710 674 710 631 710 672 711 674 711 629 711 603 712 675 712 605 712 605 713 675 713 673 713 631 714 676 714 633 714 674 715 676 715 631 715 601 716 677 716 603 716 603 717 677 717 675 717 633 718 678 718 635 718 676 719 678 719 633 719 599 720 679 720 601 720 601 721 679 721 677 721 678 722 637 722 635 722 678 723 680 723 637 723 599 724 597 724 679 724 597 725 681 725 679 725 680 726 639 726 637 726 680 727 682 727 639 727 597 728 683 728 681 728 595 729 683 729 597 729 682 730 684 730 639 730 639 731 684 731 641 731 595 732 685 732 683 732 593 733 685 733 595 733 641 734 686 734 643 734 684 735 686 735 641 735 593 736 687 736 685 736 591 737 687 737 593 737 686 738 688 738 643 738 643 739 688 739 645 739 589 740 689 740 591 740 591 741 689 741 687 741 690 742 647 742 688 742 688 743 647 743 645 743 589 744 587 744 689 744 689 745 587 745 691 745 690 746 692 746 647 746 692 747 649 747 647 747 587 748 585 748 691 748 691 749 585 749 693 749 694 750 651 750 692 750 692 751 651 751 649 751 585 752 695 752 693 752 585 753 583 753 695 753 694 754 696 754 651 754 696 755 653 755 651 755 583 756 697 756 695 756 583 757 581 757 697 757 696 758 698 758 653 758 698 759 655 759 653 759 581 760 579 760 697 760 697 761 579 761 699 761 698 762 700 762 655 762 700 763 657 763 655 763 699 764 577 764 701 764 579 765 577 765 699 765 700 766 702 766 657 766 702 767 659 767 657 767 577 768 703 768 701 768 577 769 575 769 703 769 702 770 704 770 659 770 704 771 546 771 659 771 703 772 573 772 705 772 575 773 573 773 703 773 706 774 547 774 704 774 704 775 547 775 546 775 705 776 571 776 707 776 573 777 571 777 705 777 708 778 549 778 706 778 706 779 549 779 547 779 571 780 569 780 707 780 707 781 569 781 709 781 708 782 551 782 549 782 710 783 551 783 708 783 569 784 711 784 709 784 569 785 567 785 711 785 710 786 553 786 551 786 712 787 553 787 710 787 567 788 565 788 711 788 711 789 565 789 713 789 712 790 714 790 553 790 714 791 555 791 553 791 565 792 563 792 713 792 713 793 563 793 715 793 714 794 557 794 555 794 716 795 557 795 714 795 717 796 557 796 716 796 563 797 561 797 715 797 715 798 561 798 718 798 717 799 559 799 557 799 561 800 559 800 718 800 718 801 559 801 717 801 719 802 720 802 721 802 722 803 720 803 719 803 723 804 719 804 721 804 724 805 723 805 721 805 725 806 720 806 722 806 725 807 726 807 720 807 727 808 726 808 725 808 728 809 724 809 721 809 728 810 721 810 729 810 730 811 728 811 729 811 731 812 732 812 726 812 731 813 726 813 727 813 733 814 729 814 734 814 733 815 730 815 729 815 735 816 732 816 731 816 736 817 734 817 737 817 736 818 733 818 734 818 738 819 739 819 732 819 738 820 732 820 735 820 740 821 736 821 737 821 741 822 742 822 739 822 741 823 739 823 738 823 743 824 744 824 745 824 746 825 744 825 743 825 746 826 747 826 748 826 746 827 748 827 744 827 749 828 745 828 750 828 749 829 750 829 751 829 749 830 743 830 745 830 752 831 747 831 746 831 752 832 753 832 747 832 754 833 749 833 751 833 754 834 751 834 755 834 756 835 753 835 752 835 756 836 742 836 741 836 756 837 741 837 757 837 756 838 757 838 753 838 758 839 737 839 759 839 758 840 759 840 760 840 758 841 740 841 737 841 758 842 754 842 755 842 758 843 755 843 740 843 761 844 742 844 756 844 761 845 762 845 742 845 763 846 760 846 764 846 763 847 758 847 760 847 765 848 762 848 761 848 765 849 766 849 767 849 765 850 767 850 762 850 768 851 764 851 769 851 768 852 763 852 764 852 770 853 771 853 766 853 770 854 766 854 765 854 772 855 769 855 773 855 772 856 773 856 774 856 772 857 768 857 769 857 775 858 776 858 771 858 775 859 771 859 770 859 777 860 772 860 774 860 778 861 776 861 775 861 779 862 780 862 781 862 782 863 783 863 784 863 785 864 783 864 782 864 786 865 779 865 781 865 787 866 777 866 774 866 787 867 774 867 780 867 787 868 780 868 779 868 788 869 784 869 776 869 788 870 782 870 784 870 788 871 776 871 778 871 789 872 788 872 778 872 790 873 777 873 787 873 790 874 791 874 777 874 792 875 786 875 781 875 793 876 794 876 783 876 793 877 783 877 785 877 795 878 792 878 781 878 796 879 791 879 790 879 797 880 792 880 795 880 798 881 794 881 793 881 799 882 789 882 778 882 799 883 778 883 800 883 801 884 799 884 800 884 802 885 797 885 795 885 803 886 791 886 796 886 803 887 804 887 791 887 805 888 794 888 798 888 806 889 801 889 800 889 807 890 794 890 805 890 808 891 801 891 806 891 809 892 802 892 795 892 810 893 807 893 805 893 811 894 804 894 803 894 812 895 809 895 795 895 813 896 807 896 810 896 814 897 809 897 812 897 815 898 808 898 806 898 816 899 804 899 811 899 816 900 811 900 817 900 818 901 815 901 806 901 819 902 814 902 812 902 820 903 815 903 818 903 821 904 816 904 817 904 822 905 807 905 813 905 822 906 813 906 823 906 824 907 822 907 823 907 825 908 816 908 821 908 825 909 821 909 826 909 827 910 828 910 819 910 827 911 819 911 812 911 829 912 828 912 827 912 830 913 825 913 826 913 831 914 822 914 824 914 832 915 833 915 834 915 832 916 834 916 820 916 832 917 820 917 818 917 835 918 825 918 830 918 835 919 830 919 836 919 837 920 831 920 838 920 837 921 838 921 839 921 837 922 822 922 831 922 840 923 833 923 832 923 840 924 841 924 833 924 842 925 829 925 827 925 842 926 843 926 844 926 842 927 844 927 829 927 845 928 835 928 836 928 846 929 847 929 841 929 846 930 841 930 840 930 848 931 839 931 849 931 848 932 837 932 839 932 850 933 851 933 852 933 850 934 852 934 843 934 850 935 843 935 842 935 853 936 849 936 847 936 853 937 848 937 849 937 853 938 847 938 846 938 854 939 851 939 850 939 855 940 856 940 845 940 857 941 845 941 836 941 857 942 836 942 851 942 857 943 855 943 845 943 858 944 856 944 855 944 859 945 856 945 858 945 859 946 860 946 856 946 861 947 857 947 851 947 861 948 851 948 854 948 862 949 860 949 859 949 863 950 861 950 854 950 864 951 853 951 846 951 865 952 860 952 862 952 865 953 866 953 860 953 867 954 863 954 854 954 867 955 868 955 863 955 869 956 868 956 867 956 870 957 866 957 865 957 871 958 866 958 870 958 871 959 872 959 866 959 873 960 846 960 874 960 873 961 864 961 846 961 875 962 872 962 871 962 876 963 869 963 867 963 876 964 877 964 878 964 876 965 878 965 869 965 879 966 877 966 876 966 880 967 881 967 882 967 880 968 883 968 881 968 884 969 885 969 881 969 884 970 881 970 883 970 886 971 874 971 887 971 886 972 873 972 874 972 888 973 880 973 882 973 889 974 890 974 885 974 889 975 885 975 884 975 891 976 879 976 876 976 891 977 892 977 879 977 891 978 893 978 892 978 894 979 882 979 895 979 894 980 888 980 882 980 896 981 890 981 889 981 897 982 895 982 872 982 897 983 872 983 875 983 897 984 894 984 895 984 898 985 899 985 890 985 898 986 890 986 896 986 900 987 887 987 901 987 900 988 886 988 887 988 902 989 903 989 904 989 902 990 904 990 905 990 902 991 905 991 893 991 902 992 893 992 891 992 906 993 875 993 907 993 906 994 897 994 875 994 908 995 899 995 898 995 909 996 900 996 901 996 910 997 903 997 902 997 910 998 911 998 912 998 910 999 912 999 903 999 913 1000 901 1000 899 1000 913 1001 909 1001 901 1001 913 1002 899 1002 908 1002 914 1003 906 1003 907 1003 914 1004 907 1004 911 1004 914 1005 911 1005 910 1005 915 1006 913 1006 908 1006 915 1007 908 1007 916 1007 917 1008 918 1008 919 1008 917 1009 919 1009 906 1009 917 1010 906 1010 914 1010 920 1011 915 1011 916 1011 920 1012 916 1012 921 1012 920 1013 921 1013 922 1013 923 1014 918 1014 917 1014 923 1015 924 1015 925 1015 923 1016 925 1016 918 1016 926 1017 920 1017 922 1017 926 1018 922 1018 927 1018 926 1019 927 1019 928 1019 926 1020 928 1020 929 1020 930 1021 924 1021 923 1021 930 1022 931 1022 932 1022 930 1023 932 1023 924 1023 933 1024 926 1024 929 1024 933 1025 931 1025 930 1025 933 1026 929 1026 934 1026 933 1027 934 1027 931 1027 935 1028 936 1028 937 1028 938 1029 935 1029 937 1029 938 1030 937 1030 939 1030 940 1031 938 1031 939 1031 940 1032 939 1032 941 1032 942 1033 940 1033 941 1033 942 1034 941 1034 943 1034 944 1035 942 1035 943 1035 944 1036 943 1036 945 1036 946 1037 944 1037 945 1037 946 1038 945 1038 947 1038 948 1039 946 1039 947 1039 948 1040 947 1040 949 1040 950 1041 948 1041 949 1041 950 1042 949 1042 951 1042 952 1043 950 1043 951 1043 952 1044 951 1044 953 1044 954 1045 952 1045 953 1045 954 1046 953 1046 955 1046 956 1047 954 1047 955 1047 956 1048 955 1048 957 1048 958 1049 956 1049 957 1049 958 1050 957 1050 959 1050 960 1051 958 1051 959 1051 960 1052 959 1052 961 1052 962 1053 961 1053 963 1053 962 1054 960 1054 961 1054 964 1055 963 1055 965 1055 964 1056 962 1056 963 1056 966 1057 965 1057 967 1057 966 1058 964 1058 965 1058 968 1059 967 1059 969 1059 968 1060 966 1060 967 1060 970 1061 969 1061 971 1061 970 1062 968 1062 969 1062 972 1063 971 1063 973 1063 972 1064 970 1064 971 1064 974 1065 973 1065 975 1065 974 1066 972 1066 973 1066 976 1067 975 1067 977 1067 976 1068 974 1068 975 1068 978 1069 976 1069 977 1069 978 1070 977 1070 979 1070 980 1071 978 1071 979 1071 980 1072 979 1072 981 1072 982 1073 980 1073 981 1073 982 1074 981 1074 983 1074 984 1075 982 1075 983 1075 984 1076 983 1076 985 1076 986 1077 984 1077 985 1077 986 1078 985 1078 987 1078 988 1079 986 1079 987 1079 988 1080 987 1080 989 1080 990 1081 988 1081 989 1081 990 1082 989 1082 991 1082 992 1083 990 1083 991 1083 992 1084 991 1084 993 1084 994 1085 992 1085 993 1085 994 1086 993 1086 995 1086 996 1087 994 1087 995 1087 996 1088 995 1088 997 1088 998 1089 996 1089 997 1089 998 1090 997 1090 999 1090 1000 1091 998 1091 999 1091 1000 1092 999 1092 1001 1092 1002 1093 1000 1093 1001 1093 1002 1094 1001 1094 1003 1094 1004 1095 1002 1095 1003 1095 1004 1096 1003 1096 1005 1096 1006 1097 1004 1097 1005 1097 1006 1098 1005 1098 1007 1098 1008 1099 1006 1099 1007 1099 1008 1100 1007 1100 1009 1100 1010 1101 1008 1101 1009 1101 1010 1102 1009 1102 1011 1102 1012 1103 1010 1103 1011 1103 1012 1104 1011 1104 1013 1104 1014 1105 1012 1105 1013 1105 1014 1106 1013 1106 1015 1106 1016 1107 1014 1107 1015 1107 1016 1108 1015 1108 1017 1108 1018 1109 1016 1109 1017 1109 1018 1110 1017 1110 1019 1110 1020 1111 1018 1111 1019 1111 1020 1112 1019 1112 1021 1112 1022 1113 1021 1113 1023 1113 1022 1114 1020 1114 1021 1114 1024 1115 1023 1115 1025 1115 1024 1116 1022 1116 1023 1116 1026 1117 1025 1117 1027 1117 1026 1118 1024 1118 1025 1118 1028 1119 1027 1119 1029 1119 1028 1120 1026 1120 1027 1120 1030 1121 1028 1121 1029 1121 1030 1122 1029 1122 1031 1122 1032 1123 1031 1123 1033 1123 1032 1124 1030 1124 1031 1124 1034 1125 1033 1125 1035 1125 1034 1126 1032 1126 1033 1126 1036 1127 1035 1127 1037 1127 1036 1128 1034 1128 1035 1128 1038 1129 1037 1129 1039 1129 1038 1130 1036 1130 1037 1130 1040 1131 1039 1131 1041 1131 1040 1132 1038 1132 1039 1132 1042 1133 1041 1133 1043 1133 1042 1134 1040 1134 1041 1134 1044 1135 1043 1135 1045 1135 1044 1136 1042 1136 1043 1136 1046 1137 1045 1137 936 1137 1046 1138 1044 1138 1045 1138 935 1139 1046 1139 936 1139 1047 1140 1048 1140 1049 1140 1050 1141 1051 1141 1047 1141 1047 1142 1051 1142 1048 1142 1049 1143 1052 1143 1053 1143 1048 1144 1052 1144 1049 1144 1050 1145 1054 1145 1051 1145 1053 1146 1055 1146 1056 1146 1052 1147 1055 1147 1053 1147 1056 1148 1057 1148 1058 1148 1055 1149 1057 1149 1056 1149 1059 1150 1060 1150 1050 1150 1050 1151 1060 1151 1054 1151 1058 1152 1061 1152 1062 1152 1057 1153 1061 1153 1058 1153 1063 1154 1064 1154 1059 1154 1059 1155 1064 1155 1060 1155 1062 1156 1065 1156 1066 1156 1061 1157 1065 1157 1062 1157 1067 1158 1068 1158 1063 1158 1063 1159 1068 1159 1064 1159 1066 1160 1069 1160 1070 1160 1065 1161 1069 1161 1066 1161 1067 1162 1071 1162 1068 1162 1067 1163 1072 1163 1071 1163 1069 1164 1073 1164 1070 1164 1072 1165 1074 1165 1071 1165 1073 1166 1075 1166 1070 1166 1072 1167 1076 1167 1074 1167 1073 1168 1077 1168 1075 1168 1077 1169 1078 1169 1075 1169 1076 1170 1079 1170 1074 1170 1074 1171 1079 1171 1080 1171 1077 1172 1081 1172 1078 1172 1082 1173 1081 1173 1077 1173 1079 1174 1083 1174 1080 1174 1080 1175 1083 1175 1084 1175 1085 1176 1086 1176 1087 1176 1084 1177 1086 1177 1085 1177 1083 1178 1086 1178 1084 1178 1082 1179 1088 1179 1081 1179 1089 1180 1088 1180 1082 1180 1090 1181 1088 1181 1089 1181 1086 1182 1091 1182 1087 1182 1090 1183 1092 1183 1088 1183 1093 1184 1094 1184 1090 1184 1087 1185 1094 1185 1093 1185 1091 1186 1094 1186 1087 1186 1090 1187 1094 1187 1092 1187 1095 1188 1096 1188 1059 1188 1059 1189 1096 1189 1063 1189 1063 1190 1097 1190 1067 1190 1096 1191 1097 1191 1063 1191 1067 1192 1098 1192 1072 1192 1072 1193 1098 1193 1076 1193 1097 1194 1098 1194 1067 1194 1098 1195 1099 1195 1076 1195 1076 1196 1100 1196 1079 1196 1099 1197 1100 1197 1076 1197 1079 1198 1101 1198 1083 1198 1100 1199 1101 1199 1079 1199 1083 1200 1102 1200 1086 1200 1086 1201 1102 1201 1091 1201 1101 1202 1102 1202 1083 1202 1091 1203 1103 1203 1094 1203 1102 1204 1103 1204 1091 1204 1094 1205 1104 1205 1092 1205 1103 1206 1104 1206 1094 1206 1104 1207 1105 1207 1092 1207 1092 1208 1106 1208 1088 1208 1088 1209 1106 1209 1081 1209 1105 1210 1106 1210 1092 1210 1106 1211 1107 1211 1081 1211 1107 1212 1108 1212 1081 1212 1081 1213 1108 1213 1078 1213 1078 1214 1108 1214 1075 1214 1108 1215 1109 1215 1075 1215 1109 1216 1110 1216 1075 1216 1075 1217 1110 1217 1070 1217 1110 1218 1111 1218 1070 1218 1070 1219 1111 1219 1066 1219 1111 1220 1112 1220 1066 1220 1066 1221 1112 1221 1062 1221 1112 1222 1113 1222 1062 1222 1062 1223 1113 1223 1058 1223 1113 1224 1114 1224 1058 1224 1058 1225 1114 1225 1056 1225 1114 1226 1115 1226 1056 1226 1056 1227 1115 1227 1053 1227 1115 1228 1116 1228 1053 1228 1053 1229 1116 1229 1049 1229 1116 1230 1117 1230 1049 1230 1049 1231 1117 1231 1047 1231 1117 1232 1118 1232 1047 1232 1047 1233 1118 1233 1050 1233 1118 1234 1095 1234 1050 1234 1050 1235 1095 1235 1059 1235 1119 1236 1120 1236 1121 1236 1122 1237 1123 1237 1119 1237 1119 1238 1123 1238 1120 1238 1121 1239 1124 1239 1125 1239 1120 1240 1124 1240 1121 1240 1126 1241 1127 1241 1122 1241 1122 1242 1127 1242 1123 1242 1125 1243 1128 1243 1129 1243 1124 1244 1128 1244 1125 1244 1129 1245 1130 1245 1131 1245 1128 1246 1130 1246 1129 1246 1126 1247 1132 1247 1127 1247 1131 1248 1133 1248 1134 1248 1130 1249 1133 1249 1131 1249 1135 1250 1136 1250 1126 1250 1126 1251 1136 1251 1132 1251 1134 1252 1137 1252 1138 1252 1133 1253 1137 1253 1134 1253 1139 1254 1140 1254 1135 1254 1135 1255 1140 1255 1136 1255 1138 1256 1141 1256 1142 1256 1137 1257 1141 1257 1138 1257 1139 1258 1143 1258 1140 1258 1139 1259 1144 1259 1143 1259 1145 1260 1146 1260 1141 1260 1141 1261 1146 1261 1142 1261 1144 1262 1147 1262 1143 1262 1143 1263 1147 1263 1148 1263 1145 1264 1149 1264 1146 1264 1149 1265 1150 1265 1146 1265 1147 1266 1151 1266 1148 1266 1148 1267 1151 1267 1152 1267 1149 1268 1153 1268 1150 1268 1154 1269 1153 1269 1149 1269 1151 1270 1155 1270 1152 1270 1152 1271 1155 1271 1156 1271 1157 1272 1158 1272 1154 1272 1159 1273 1158 1273 1157 1273 1154 1274 1158 1274 1153 1274 1156 1275 1160 1275 1161 1275 1155 1276 1160 1276 1156 1276 1162 1277 1163 1277 1164 1277 1161 1278 1163 1278 1162 1278 1160 1279 1163 1279 1161 1279 1164 1280 1165 1280 1159 1280 1159 1281 1165 1281 1158 1281 1163 1282 1166 1282 1164 1282 1164 1283 1166 1283 1165 1283 1167 1284 1168 1284 1126 1284 1126 1285 1168 1285 1135 1285 1135 1286 1169 1286 1139 1286 1168 1287 1169 1287 1135 1287 1139 1288 1170 1288 1144 1288 1144 1289 1170 1289 1147 1289 1169 1290 1170 1290 1139 1290 1170 1291 1171 1291 1147 1291 1147 1292 1172 1292 1151 1292 1171 1293 1172 1293 1147 1293 1151 1294 1173 1294 1155 1294 1172 1295 1173 1295 1151 1295 1155 1296 1174 1296 1160 1296 1160 1297 1174 1297 1163 1297 1173 1298 1174 1298 1155 1298 1163 1299 1175 1299 1166 1299 1174 1300 1175 1300 1163 1300 1166 1301 1176 1301 1165 1301 1175 1302 1176 1302 1166 1302 1176 1303 1177 1303 1165 1303 1165 1304 1178 1304 1158 1304 1158 1305 1178 1305 1153 1305 1177 1306 1178 1306 1165 1306 1178 1307 1179 1307 1153 1307 1179 1308 1180 1308 1153 1308 1153 1309 1180 1309 1150 1309 1150 1310 1180 1310 1146 1310 1180 1311 1181 1311 1146 1311 1181 1312 1182 1312 1146 1312 1146 1313 1182 1313 1142 1313 1182 1314 1183 1314 1142 1314 1142 1315 1183 1315 1138 1315 1183 1316 1184 1316 1138 1316 1138 1317 1184 1317 1134 1317 1184 1318 1185 1318 1134 1318 1134 1319 1185 1319 1131 1319 1185 1320 1186 1320 1131 1320 1131 1321 1186 1321 1129 1321 1186 1322 1187 1322 1129 1322 1129 1323 1187 1323 1125 1323 1187 1324 1188 1324 1125 1324 1125 1325 1188 1325 1121 1325 1188 1326 1189 1326 1121 1326 1121 1327 1189 1327 1119 1327 1189 1328 1190 1328 1119 1328 1119 1329 1190 1329 1122 1329 1190 1330 1167 1330 1122 1330 1122 1331 1167 1331 1126 1331 1191 1332 1192 1332 1193 1332 1193 1333 1194 1333 1195 1333 1192 1334 1194 1334 1193 1334 1196 1335 1197 1335 1191 1335 1191 1336 1197 1336 1192 1336 1198 1337 1199 1337 1196 1337 1196 1338 1199 1338 1197 1338 1195 1339 1200 1339 1201 1339 1194 1340 1200 1340 1195 1340 1201 1341 1202 1341 1203 1341 1200 1342 1202 1342 1201 1342 1198 1343 1204 1343 1199 1343 1203 1344 1205 1344 1206 1344 1202 1345 1205 1345 1203 1345 1207 1346 1208 1346 1198 1346 1198 1347 1208 1347 1204 1347 1206 1348 1209 1348 1210 1348 1205 1349 1209 1349 1206 1349 1211 1350 1212 1350 1207 1350 1207 1351 1212 1351 1208 1351 1209 1352 1213 1352 1210 1352 1209 1353 1214 1353 1213 1353 1215 1354 1216 1354 1211 1354 1211 1355 1216 1355 1212 1355 1217 1356 1218 1356 1214 1356 1214 1357 1218 1357 1213 1357 1216 1358 1219 1358 1220 1358 1215 1359 1219 1359 1216 1359 1217 1360 1221 1360 1218 1360 1221 1361 1222 1361 1218 1361 1219 1362 1223 1362 1220 1362 1220 1363 1223 1363 1224 1363 1221 1364 1225 1364 1222 1364 1226 1365 1225 1365 1221 1365 1223 1366 1227 1366 1224 1366 1224 1367 1227 1367 1228 1367 1228 1368 1229 1368 1230 1368 1227 1369 1229 1369 1228 1369 1231 1370 1232 1370 1226 1370 1226 1371 1232 1371 1225 1371 1229 1372 1233 1372 1230 1372 1230 1373 1233 1373 1234 1373 1235 1374 1236 1374 1231 1374 1231 1375 1236 1375 1232 1375 1237 1376 1238 1376 1235 1376 1234 1377 1238 1377 1237 1377 1235 1378 1238 1378 1236 1378 1233 1379 1238 1379 1234 1379 1239 1380 1240 1380 1198 1380 1198 1381 1240 1381 1207 1381 1207 1382 1241 1382 1211 1382 1240 1383 1241 1383 1207 1383 1211 1384 1242 1384 1215 1384 1215 1385 1242 1385 1219 1385 1241 1386 1242 1386 1211 1386 1242 1387 1243 1387 1219 1387 1219 1388 1244 1388 1223 1388 1243 1389 1244 1389 1219 1389 1223 1390 1245 1390 1227 1390 1244 1391 1245 1391 1223 1391 1227 1392 1246 1392 1229 1392 1229 1393 1246 1393 1233 1393 1245 1394 1246 1394 1227 1394 1233 1395 1247 1395 1238 1395 1246 1396 1247 1396 1233 1396 1238 1397 1248 1397 1236 1397 1247 1398 1248 1398 1238 1398 1248 1399 1249 1399 1236 1399 1236 1400 1250 1400 1232 1400 1232 1401 1250 1401 1225 1401 1249 1402 1250 1402 1236 1402 1250 1403 1251 1403 1225 1403 1251 1404 1252 1404 1225 1404 1225 1405 1252 1405 1222 1405 1222 1406 1252 1406 1218 1406 1252 1407 1253 1407 1218 1407 1253 1408 1254 1408 1218 1408 1218 1409 1254 1409 1213 1409 1254 1410 1255 1410 1213 1410 1213 1411 1255 1411 1210 1411 1255 1412 1256 1412 1210 1412 1210 1413 1256 1413 1206 1413 1256 1414 1257 1414 1206 1414 1206 1415 1257 1415 1203 1415 1257 1416 1258 1416 1203 1416 1203 1417 1258 1417 1201 1417 1258 1418 1259 1418 1201 1418 1201 1419 1259 1419 1195 1419 1259 1420 1260 1420 1195 1420 1195 1421 1260 1421 1193 1421 1260 1422 1261 1422 1193 1422 1193 1423 1261 1423 1191 1423 1261 1424 1262 1424 1191 1424 1191 1425 1262 1425 1196 1425 1262 1426 1239 1426 1196 1426 1196 1427 1239 1427 1198 1427 1263 1428 1264 1428 1265 1428 1266 1429 1267 1429 1263 1429 1263 1430 1267 1430 1264 1430 1265 1431 1268 1431 1269 1431 1264 1432 1268 1432 1265 1432 1266 1433 1270 1433 1267 1433 1269 1434 1271 1434 1272 1434 1268 1435 1271 1435 1269 1435 1273 1436 1274 1436 1266 1436 1266 1437 1274 1437 1270 1437 1272 1438 1275 1438 1276 1438 1271 1439 1275 1439 1272 1439 1277 1440 1278 1440 1273 1440 1273 1441 1278 1441 1274 1441 1276 1442 1279 1442 1280 1442 1275 1443 1279 1443 1276 1443 1281 1444 1282 1444 1277 1444 1277 1445 1282 1445 1278 1445 1280 1446 1283 1446 1284 1446 1279 1447 1283 1447 1280 1447 1285 1448 1286 1448 1283 1448 1283 1449 1286 1449 1284 1449 1287 1450 1288 1450 1281 1450 1281 1451 1288 1451 1282 1451 1285 1452 1289 1452 1286 1452 1287 1453 1290 1453 1288 1453 1288 1454 1290 1454 1291 1454 1289 1455 1292 1455 1286 1455 1290 1456 1293 1456 1291 1456 1291 1457 1293 1457 1294 1457 1289 1458 1295 1458 1292 1458 1296 1459 1295 1459 1289 1459 1293 1460 1297 1460 1294 1460 1294 1461 1297 1461 1298 1461 1296 1462 1299 1462 1295 1462 1300 1463 1299 1463 1296 1463 1298 1464 1301 1464 1302 1464 1297 1465 1301 1465 1298 1465 1300 1466 1303 1466 1299 1466 1304 1467 1303 1467 1300 1467 1305 1468 1303 1468 1304 1468 1302 1469 1306 1469 1307 1469 1301 1470 1306 1470 1302 1470 1305 1471 1308 1471 1303 1471 1305 1472 1309 1472 1308 1472 1306 1473 1309 1473 1307 1473 1310 1474 1309 1474 1305 1474 1307 1475 1309 1475 1310 1475 1311 1476 1312 1476 1273 1476 1273 1477 1312 1477 1277 1477 1277 1478 1313 1478 1281 1478 1312 1479 1313 1479 1277 1479 1281 1480 1314 1480 1287 1480 1287 1481 1314 1481 1290 1481 1313 1482 1314 1482 1281 1482 1314 1483 1315 1483 1290 1483 1290 1484 1316 1484 1293 1484 1315 1485 1316 1485 1290 1485 1293 1486 1317 1486 1297 1486 1316 1487 1317 1487 1293 1487 1297 1488 1318 1488 1301 1488 1301 1489 1318 1489 1306 1489 1317 1490 1318 1490 1297 1490 1306 1491 1319 1491 1309 1491 1318 1492 1319 1492 1306 1492 1309 1493 1320 1493 1308 1493 1319 1494 1320 1494 1309 1494 1320 1495 1321 1495 1308 1495 1308 1496 1322 1496 1303 1496 1303 1497 1322 1497 1299 1497 1321 1498 1322 1498 1308 1498 1322 1499 1323 1499 1299 1499 1323 1500 1324 1500 1299 1500 1299 1501 1324 1501 1295 1501 1295 1502 1324 1502 1292 1502 1324 1503 1325 1503 1292 1503 1325 1504 1326 1504 1292 1504 1292 1505 1326 1505 1286 1505 1326 1506 1327 1506 1286 1506 1286 1507 1327 1507 1284 1507 1327 1508 1328 1508 1284 1508 1284 1509 1328 1509 1280 1509 1328 1510 1329 1510 1280 1510 1280 1511 1329 1511 1276 1511 1329 1512 1330 1512 1276 1512 1276 1513 1330 1513 1272 1513 1330 1514 1331 1514 1272 1514 1272 1515 1331 1515 1269 1515 1331 1516 1332 1516 1269 1516 1269 1517 1332 1517 1265 1517 1332 1518 1333 1518 1265 1518 1265 1519 1333 1519 1263 1519 1333 1520 1334 1520 1263 1520 1263 1521 1334 1521 1266 1521 1334 1522 1311 1522 1266 1522 1266 1523 1311 1523 1273 1523 255 1524 265 1524 1226 1524 1226 1525 265 1525 1231 1525 1231 1526 278 1526 1235 1526 265 1527 278 1527 1231 1527 1235 1528 285 1528 1237 1528 278 1529 285 1529 1235 1529 1237 1530 299 1530 1234 1530 285 1531 299 1531 1237 1531 1234 1532 301 1532 1230 1532 299 1533 301 1533 1234 1533 1230 1534 319 1534 1228 1534 301 1535 319 1535 1230 1535 1228 1536 332 1536 1224 1536 319 1537 332 1537 1228 1537 1224 1538 345 1538 1220 1538 1220 1539 345 1539 1216 1539 332 1540 345 1540 1224 1540 345 1541 346 1541 1216 1541 1216 1542 339 1542 1212 1542 1212 1543 339 1543 1208 1543 346 1544 339 1544 1216 1544 1208 1545 335 1545 1204 1545 339 1546 335 1546 1208 1546 335 1547 314 1547 1204 1547 314 1548 305 1548 1204 1548 1204 1549 305 1549 1199 1549 1199 1550 305 1550 1197 1550 305 1551 291 1551 1197 1551 291 1552 293 1552 1197 1552 1197 1553 293 1553 1192 1553 293 1554 277 1554 1192 1554 1192 1555 277 1555 1194 1555 1194 1556 277 1556 1200 1556 277 1557 259 1557 1200 1557 259 1558 256 1558 1200 1558 1200 1559 256 1559 1202 1559 256 1560 241 1560 1202 1560 1202 1561 241 1561 1205 1561 1205 1562 241 1562 1209 1562 241 1563 235 1563 1209 1563 235 1564 231 1564 1209 1564 1209 1565 231 1565 1214 1565 1214 1566 231 1566 1217 1566 231 1567 237 1567 1217 1567 237 1568 240 1568 1217 1568 1217 1569 240 1569 1221 1569 1221 1570 255 1570 1226 1570 240 1571 255 1571 1221 1571 124 1572 133 1572 1154 1572 1154 1573 133 1573 1157 1573 1157 1574 137 1574 1159 1574 133 1575 137 1575 1157 1575 1159 1576 150 1576 1164 1576 137 1577 150 1577 1159 1577 1164 1578 152 1578 1162 1578 150 1579 152 1579 1164 1579 1162 1580 156 1580 1161 1580 152 1581 156 1581 1162 1581 1161 1582 162 1582 1156 1582 156 1583 162 1583 1161 1583 1156 1584 165 1584 1152 1584 162 1585 165 1585 1156 1585 1152 1586 171 1586 1148 1586 1148 1587 171 1587 1143 1587 165 1588 171 1588 1152 1588 171 1589 173 1589 1143 1589 1143 1590 169 1590 1140 1590 1140 1591 169 1591 1136 1591 173 1592 169 1592 1143 1592 1136 1593 166 1593 1132 1593 169 1594 166 1594 1136 1594 166 1595 159 1595 1132 1595 159 1596 153 1596 1132 1596 1132 1597 153 1597 1127 1597 1127 1598 153 1598 1123 1598 153 1599 148 1599 1123 1599 148 1600 141 1600 1123 1600 1123 1601 141 1601 1120 1601 141 1602 135 1602 1120 1602 1120 1603 135 1603 1124 1603 1124 1604 135 1604 1128 1604 135 1605 131 1605 1128 1605 131 1606 126 1606 1128 1606 1128 1607 126 1607 1130 1607 126 1608 115 1608 1130 1608 1130 1609 115 1609 1133 1609 1133 1610 115 1610 1137 1610 115 1611 111 1611 1137 1611 111 1612 108 1612 1137 1612 1137 1613 108 1613 1141 1613 1141 1614 108 1614 1145 1614 108 1615 112 1615 1145 1615 112 1616 113 1616 1145 1616 1145 1617 113 1617 1149 1617 1149 1618 124 1618 1154 1618 113 1619 124 1619 1149 1619 250 1620 264 1620 1082 1620 1082 1621 264 1621 1089 1621 1089 1622 275 1622 1090 1622 264 1623 275 1623 1089 1623 1090 1624 283 1624 1093 1624 275 1625 283 1625 1090 1625 1093 1626 290 1626 1087 1626 283 1627 290 1627 1093 1627 1087 1628 300 1628 1085 1628 290 1629 300 1629 1087 1629 1085 1630 342 1630 1084 1630 300 1631 342 1631 1085 1631 1084 1632 343 1632 1080 1632 342 1633 343 1633 1084 1633 1080 1634 359 1634 1074 1634 1074 1635 359 1635 1071 1635 343 1636 359 1636 1080 1636 359 1637 365 1637 1071 1637 1071 1638 357 1638 1068 1638 1068 1639 357 1639 1064 1639 365 1640 357 1640 1071 1640 1064 1641 352 1641 1060 1641 357 1642 352 1642 1064 1642 352 1643 306 1643 1060 1643 306 1644 308 1644 1060 1644 1060 1645 308 1645 1054 1645 1054 1646 308 1646 1051 1646 308 1647 309 1647 1051 1647 309 1648 284 1648 1051 1648 1051 1649 284 1649 1048 1649 284 1650 274 1650 1048 1650 1048 1651 274 1651 1052 1651 1052 1652 274 1652 1055 1652 274 1653 261 1653 1055 1653 261 1654 253 1654 1055 1654 1055 1655 253 1655 1057 1655 253 1656 247 1656 1057 1656 1057 1657 247 1657 1061 1657 1061 1658 247 1658 1065 1658 247 1659 233 1659 1065 1659 233 1660 225 1660 1065 1660 1065 1661 225 1661 1069 1661 1069 1662 225 1662 1073 1662 225 1663 238 1663 1073 1663 238 1664 245 1664 1073 1664 1073 1665 245 1665 1077 1665 1077 1666 250 1666 1082 1666 245 1667 250 1667 1077 1667 438 1668 442 1668 1300 1668 1300 1669 442 1669 1304 1669 1304 1670 455 1670 1305 1670 442 1671 455 1671 1304 1671 1305 1672 461 1672 1310 1672 455 1673 461 1673 1305 1673 1310 1674 466 1674 1307 1674 461 1675 466 1675 1310 1675 1307 1676 476 1676 1302 1676 466 1677 476 1677 1307 1677 1302 1678 488 1678 1298 1678 476 1679 488 1679 1302 1679 1298 1680 490 1680 1294 1680 488 1681 490 1681 1298 1681 1294 1682 502 1682 1291 1682 1291 1683 502 1683 1288 1683 490 1684 502 1684 1294 1684 502 1685 498 1685 1288 1685 1288 1686 500 1686 1282 1686 1282 1687 500 1687 1278 1687 498 1688 500 1688 1288 1688 1278 1689 501 1689 1274 1689 500 1690 501 1690 1278 1690 501 1691 481 1691 1274 1691 481 1692 479 1692 1274 1692 1274 1693 479 1693 1270 1693 1270 1694 479 1694 1267 1694 479 1695 472 1695 1267 1695 472 1696 464 1696 1267 1696 1267 1697 464 1697 1264 1697 464 1698 454 1698 1264 1698 1264 1699 454 1699 1268 1699 1268 1700 454 1700 1271 1700 454 1701 444 1701 1271 1701 444 1702 441 1702 1271 1702 1271 1703 441 1703 1275 1703 441 1704 435 1704 1275 1704 1275 1705 435 1705 1279 1705 1279 1706 435 1706 1283 1706 435 1707 431 1707 1283 1707 431 1708 430 1708 1283 1708 1283 1709 430 1709 1285 1709 1285 1710 430 1710 1289 1710 430 1711 433 1711 1289 1711 433 1712 437 1712 1289 1712 1289 1713 437 1713 1296 1713 1296 1714 438 1714 1300 1714 437 1715 438 1715 1296 1715 1335 1716 1336 1716 1337 1716 1337 1717 1336 1717 1338 1717 1338 1718 1339 1718 1340 1718 1336 1719 1339 1719 1338 1719 1340 1720 1341 1720 1342 1720 1339 1721 1341 1721 1340 1721 1341 1722 1343 1722 1342 1722 1342 1723 1343 1723 1344 1723 1343 1724 1345 1724 1344 1724 1344 1725 1345 1725 1346 1725 1346 1726 1345 1726 1347 1726 1345 1727 1348 1727 1347 1727 1348 1728 1349 1728 1347 1728 1347 1729 1349 1729 1350 1729 1349 1730 1351 1730 1350 1730 1350 1731 1351 1731 1352 1731 1351 1732 1353 1732 1352 1732 1352 1733 1353 1733 1354 1733 1353 1734 1355 1734 1354 1734 1354 1735 1355 1735 1356 1735 1355 1736 1357 1736 1356 1736 1356 1737 1357 1737 1358 1737 1358 1738 1357 1738 1359 1738 1357 1739 1360 1739 1359 1739 1360 1740 1361 1740 1359 1740 1359 1741 1361 1741 1362 1741 1362 1742 1361 1742 1363 1742 1361 1743 1364 1743 1363 1743 1364 1744 1365 1744 1363 1744 1363 1745 1365 1745 1366 1745 1365 1746 1367 1746 1366 1746 1366 1747 1367 1747 1368 1747 1367 1748 1369 1748 1368 1748 1368 1749 1369 1749 1370 1749 1370 1750 1371 1750 1372 1750 1369 1751 1371 1751 1370 1751 1372 1752 1373 1752 1374 1752 1371 1753 1373 1753 1372 1753 1374 1754 1375 1754 1376 1754 1373 1755 1375 1755 1374 1755 1376 1756 1377 1756 1378 1756 1378 1757 1377 1757 1379 1757 1375 1758 1377 1758 1376 1758 1379 1759 1380 1759 1381 1759 1377 1760 1380 1760 1379 1760 1380 1761 1382 1761 1381 1761 1381 1762 1383 1762 1384 1762 1382 1763 1383 1763 1381 1763 1384 1764 1385 1764 1386 1764 1383 1765 1385 1765 1384 1765 1386 1766 1387 1766 1388 1766 1385 1767 1387 1767 1386 1767 1388 1768 1389 1768 1390 1768 1387 1769 1389 1769 1388 1769 1390 1770 1391 1770 1392 1770 1389 1771 1391 1771 1390 1771 1392 1772 1393 1772 1394 1772 1391 1773 1393 1773 1392 1773 1393 1774 1395 1774 1394 1774 1394 1775 1395 1775 1396 1775 1395 1776 1397 1776 1396 1776 1396 1777 1397 1777 1398 1777 1397 1778 1399 1778 1398 1778 1398 1779 1399 1779 1400 1779 1399 1780 1401 1780 1400 1780 1400 1781 1401 1781 1402 1781 1401 1782 1403 1782 1402 1782 1402 1783 1403 1783 1404 1783 1404 1784 1403 1784 1405 1784 1403 1785 1406 1785 1405 1785 1405 1786 1406 1786 1407 1786 1406 1787 1408 1787 1407 1787 1408 1788 1409 1788 1407 1788 1407 1789 1409 1789 1410 1789 1409 1790 1411 1790 1410 1790 1410 1791 1411 1791 1412 1791 1411 1792 1413 1792 1412 1792 1412 1793 1413 1793 1414 1793 1413 1794 1335 1794 1414 1794 1414 1795 1335 1795 1337 1795 1384 1796 1386 1796 1388 1796 1381 1797 1384 1797 1388 1797 1379 1798 1388 1798 1390 1798 1379 1799 1381 1799 1388 1799 1394 1800 1390 1800 1392 1800 1402 1801 1394 1801 1396 1801 1402 1802 1396 1802 1398 1802 1402 1803 1398 1803 1400 1803 1370 1804 1372 1804 1374 1804 1370 1805 1374 1805 1376 1805 1370 1806 1376 1806 1378 1806 1370 1807 1378 1807 1379 1807 1370 1808 1379 1808 1390 1808 1405 1809 1402 1809 1404 1809 1366 1810 1368 1810 1370 1810 1407 1811 1394 1811 1402 1811 1407 1812 1402 1812 1405 1812 1363 1813 1366 1813 1370 1813 1410 1814 1390 1814 1394 1814 1410 1815 1370 1815 1390 1815 1410 1816 1394 1816 1407 1816 1359 1817 1362 1817 1363 1817 1414 1818 1410 1818 1412 1818 1414 1819 1363 1819 1370 1819 1414 1820 1370 1820 1410 1820 1358 1821 1359 1821 1363 1821 1337 1822 1363 1822 1414 1822 1356 1823 1358 1823 1363 1823 1352 1824 1354 1824 1356 1824 1342 1825 1337 1825 1338 1825 1342 1826 1338 1826 1340 1826 1350 1827 1356 1827 1363 1827 1350 1828 1352 1828 1356 1828 1344 1829 1337 1829 1342 1829 1347 1830 1363 1830 1337 1830 1347 1831 1337 1831 1344 1831 1347 1832 1350 1832 1363 1832 1346 1833 1347 1833 1344 1833 993 1834 991 1834 891 1834 993 1835 891 1835 876 1835 995 1836 993 1836 876 1836 995 1837 876 1837 867 1837 997 1838 995 1838 867 1838 997 1839 867 1839 854 1839 999 1840 997 1840 854 1840 999 1841 854 1841 850 1841 1001 1842 999 1842 850 1842 1001 1843 850 1843 842 1843 1003 1844 1001 1844 842 1844 1003 1845 842 1845 827 1845 1005 1846 1003 1846 827 1846 1005 1847 827 1847 812 1847 1007 1848 1005 1848 812 1848 1007 1849 812 1849 795 1849 1009 1850 1007 1850 795 1850 1009 1851 795 1851 781 1851 1011 1852 1009 1852 781 1852 1011 1853 781 1853 780 1853 1013 1854 1011 1854 780 1854 1013 1855 780 1855 774 1855 1015 1856 1013 1856 774 1856 1015 1857 774 1857 773 1857 1017 1858 1015 1858 773 1858 1017 1859 773 1859 769 1859 1019 1860 769 1860 764 1860 1019 1861 1017 1861 769 1861 1021 1862 764 1862 760 1862 1021 1863 1019 1863 764 1863 1023 1864 760 1864 759 1864 1023 1865 1021 1865 760 1865 1025 1866 759 1866 737 1866 1025 1867 1023 1867 759 1867 1027 1868 737 1868 734 1868 1027 1869 1025 1869 737 1869 1029 1870 734 1870 729 1870 1029 1871 1027 1871 734 1871 1031 1872 729 1872 721 1872 1031 1873 1029 1873 729 1873 1033 1874 721 1874 720 1874 1033 1875 1031 1875 721 1875 1035 1876 1033 1876 720 1876 1035 1877 720 1877 726 1877 1037 1878 1035 1878 726 1878 1037 1879 726 1879 732 1879 1039 1880 1037 1880 732 1880 1039 1881 732 1881 739 1881 1041 1882 1039 1882 739 1882 742 1883 1041 1883 739 1883 1043 1884 1041 1884 742 1884 762 1885 1043 1885 742 1885 1045 1886 1043 1886 762 1886 767 1887 1045 1887 762 1887 936 1888 1045 1888 767 1888 766 1889 936 1889 767 1889 937 1890 936 1890 766 1890 771 1891 937 1891 766 1891 939 1892 937 1892 771 1892 776 1893 939 1893 771 1893 941 1894 939 1894 776 1894 784 1895 941 1895 776 1895 943 1896 941 1896 784 1896 783 1897 943 1897 784 1897 945 1898 943 1898 783 1898 794 1899 945 1899 783 1899 947 1900 945 1900 794 1900 807 1901 947 1901 794 1901 949 1902 947 1902 807 1902 822 1903 949 1903 807 1903 951 1904 949 1904 822 1904 837 1905 951 1905 822 1905 953 1906 951 1906 837 1906 848 1907 953 1907 837 1907 955 1908 953 1908 848 1908 853 1909 955 1909 848 1909 957 1910 955 1910 853 1910 864 1911 957 1911 853 1911 959 1912 957 1912 864 1912 873 1913 959 1913 864 1913 961 1914 959 1914 873 1914 886 1915 961 1915 873 1915 963 1916 961 1916 886 1916 900 1917 963 1917 886 1917 965 1918 963 1918 900 1918 909 1919 965 1919 900 1919 967 1920 965 1920 909 1920 913 1921 967 1921 909 1921 969 1922 967 1922 913 1922 915 1923 969 1923 913 1923 971 1924 969 1924 915 1924 920 1925 971 1925 915 1925 973 1926 971 1926 920 1926 926 1927 973 1927 920 1927 975 1928 973 1928 926 1928 933 1929 975 1929 926 1929 977 1930 975 1930 933 1930 930 1931 977 1931 933 1931 979 1932 977 1932 930 1932 923 1933 979 1933 930 1933 981 1934 979 1934 923 1934 917 1935 981 1935 923 1935 983 1936 981 1936 917 1936 914 1937 983 1937 917 1937 985 1938 983 1938 914 1938 910 1939 985 1939 914 1939 987 1940 985 1940 910 1940 902 1941 987 1941 910 1941 989 1942 987 1942 902 1942 891 1943 989 1943 902 1943 991 1944 989 1944 891 1944 860 1945 866 1945 1335 1945 1335 1946 866 1946 1336 1946 1336 1947 872 1947 1339 1947 866 1948 872 1948 1336 1948 1339 1949 895 1949 1341 1949 872 1950 895 1950 1339 1950 1341 1951 882 1951 1343 1951 895 1952 882 1952 1341 1952 882 1953 881 1953 1343 1953 1343 1954 881 1954 1345 1954 881 1955 885 1955 1345 1955 1345 1956 885 1956 1348 1956 885 1957 890 1957 1348 1957 1348 1958 890 1958 1349 1958 890 1959 899 1959 1349 1959 1349 1960 899 1960 1351 1960 899 1961 901 1961 1351 1961 1351 1962 901 1962 1353 1962 901 1963 887 1963 1353 1963 1353 1964 887 1964 1355 1964 887 1965 874 1965 1355 1965 1355 1966 874 1966 1357 1966 874 1967 846 1967 1357 1967 1357 1968 846 1968 1360 1968 846 1969 840 1969 1360 1969 1360 1970 840 1970 1361 1970 840 1971 832 1971 1361 1971 1361 1972 832 1972 1364 1972 832 1973 818 1973 1364 1973 1364 1974 818 1974 1365 1974 818 1975 806 1975 1365 1975 1365 1976 806 1976 1367 1976 806 1977 800 1977 1367 1977 1367 1978 800 1978 1369 1978 800 1979 778 1979 1369 1979 1369 1980 778 1980 1371 1980 1371 1981 775 1981 1373 1981 778 1982 775 1982 1371 1982 1373 1983 770 1983 1375 1983 775 1984 770 1984 1373 1984 1375 1985 765 1985 1377 1985 770 1986 765 1986 1375 1986 1377 1987 761 1987 1380 1987 765 1988 761 1988 1377 1988 1380 1989 756 1989 1382 1989 761 1990 756 1990 1380 1990 1382 1991 752 1991 1383 1991 756 1992 752 1992 1382 1992 1383 1993 746 1993 1385 1993 752 1994 746 1994 1383 1994 746 1995 743 1995 1385 1995 743 1996 1387 1996 1385 1996 743 1997 749 1997 1387 1997 749 1998 1389 1998 1387 1998 749 1999 754 1999 1389 1999 754 2000 1391 2000 1389 2000 754 2001 758 2001 1391 2001 758 2002 1393 2002 1391 2002 758 2003 763 2003 1393 2003 763 2004 1395 2004 1393 2004 763 2005 768 2005 1395 2005 768 2006 1397 2006 1395 2006 768 2007 772 2007 1397 2007 772 2008 1399 2008 1397 2008 772 2009 777 2009 1399 2009 777 2010 1401 2010 1399 2010 777 2011 791 2011 1401 2011 791 2012 1403 2012 1401 2012 791 2013 804 2013 1403 2013 804 2014 1406 2014 1403 2014 804 2015 816 2015 1406 2015 816 2016 1408 2016 1406 2016 816 2017 825 2017 1408 2017 825 2018 1409 2018 1408 2018 825 2019 835 2019 1409 2019 835 2020 1411 2020 1409 2020 835 2021 845 2021 1411 2021 845 2022 1413 2022 1411 2022 845 2023 856 2023 1413 2023 856 2024 1335 2024 1413 2024 856 2025 860 2025 1335 2025 1415 2026 1416 2026 1417 2026 1418 2027 1415 2027 1417 2027 1419 2028 1420 2028 1421 2028 1420 2029 1422 2029 1421 2029 1423 2030 1424 2030 1416 2030 1425 2031 1424 2031 1423 2031 1417 2032 1424 2032 1419 2032 1416 2033 1424 2033 1417 2033 1419 2034 1424 2034 1420 2034 1422 2035 1426 2035 1421 2035 1427 2036 1428 2036 1425 2036 1429 2037 1428 2037 1427 2037 1420 2038 1428 2038 1422 2038 1425 2039 1428 2039 1424 2039 1424 2040 1428 2040 1420 2040 1426 2041 1430 2041 1421 2041 1431 2042 1432 2042 1429 2042 1428 2043 1432 2043 1422 2043 1429 2044 1432 2044 1428 2044 1422 2045 1432 2045 1426 2045 1430 2046 1433 2046 1421 2046 1434 2047 1435 2047 1431 2047 1436 2048 1435 2048 1434 2048 1432 2049 1435 2049 1426 2049 1430 2050 1435 2050 1433 2050 1431 2051 1435 2051 1432 2051 1426 2052 1435 2052 1430 2052 1433 2053 1437 2053 1421 2053 1438 2054 1439 2054 1436 2054 1440 2055 1439 2055 1438 2055 1436 2056 1439 2056 1435 2056 1435 2057 1439 2057 1433 2057 1437 2058 1441 2058 1421 2058 1442 2059 1443 2059 1440 2059 1444 2060 1443 2060 1442 2060 1440 2061 1443 2061 1439 2061 1433 2062 1443 2062 1437 2062 1439 2063 1443 2063 1433 2063 1441 2064 1445 2064 1421 2064 1441 2065 1446 2065 1445 2065 1447 2066 1446 2066 1444 2066 1448 2067 1446 2067 1447 2067 1444 2068 1446 2068 1443 2068 1437 2069 1446 2069 1441 2069 1443 2070 1446 2070 1437 2070 1445 2071 1449 2071 1421 2071 1450 2072 1451 2072 1448 2072 1452 2073 1451 2073 1450 2073 1446 2074 1451 2074 1445 2074 1448 2075 1451 2075 1446 2075 1449 2076 1453 2076 1421 2076 1445 2077 1454 2077 1449 2077 1449 2078 1454 2078 1453 2078 1455 2079 1454 2079 1452 2079 1456 2080 1454 2080 1455 2080 1452 2081 1454 2081 1451 2081 1451 2082 1454 2082 1445 2082 1453 2083 1457 2083 1421 2083 1458 2084 1459 2084 1456 2084 1454 2085 1459 2085 1453 2085 1456 2086 1459 2086 1454 2086 1421 2087 1460 2087 1419 2087 1457 2088 1460 2088 1421 2088 1458 2089 1461 2089 1459 2089 1453 2090 1461 2090 1457 2090 1462 2091 1461 2091 1458 2091 1463 2092 1461 2092 1462 2092 1459 2093 1461 2093 1453 2093 1457 2094 1464 2094 1460 2094 1461 2095 1464 2095 1457 2095 1465 2096 1464 2096 1463 2096 1418 2097 1464 2097 1465 2097 1460 2098 1464 2098 1419 2098 1463 2099 1464 2099 1461 2099 1419 2100 1464 2100 1417 2100 1417 2101 1464 2101 1418 2101 1466 2102 1467 2102 1415 2102 1415 2103 1467 2103 1416 2103 1416 2104 1468 2104 1423 2104 1467 2105 1468 2105 1416 2105 1423 2106 1469 2106 1425 2106 1425 2107 1469 2107 1427 2107 1468 2108 1469 2108 1423 2108 1469 2109 1470 2109 1427 2109 1427 2110 1471 2110 1429 2110 1470 2111 1471 2111 1427 2111 1429 2112 1472 2112 1431 2112 1471 2113 1472 2113 1429 2113 1431 2114 1473 2114 1434 2114 1434 2115 1473 2115 1436 2115 1472 2116 1473 2116 1431 2116 1473 2117 1474 2117 1436 2117 1436 2118 1475 2118 1438 2118 1474 2119 1475 2119 1436 2119 1438 2120 1476 2120 1440 2120 1440 2121 1476 2121 1442 2121 1475 2122 1476 2122 1438 2122 1476 2123 1477 2123 1442 2123 1477 2124 1478 2124 1442 2124 1442 2125 1478 2125 1444 2125 1444 2126 1478 2126 1447 2126 1478 2127 1479 2127 1447 2127 1479 2128 1480 2128 1447 2128 1447 2129 1480 2129 1448 2129 1448 2130 1480 2130 1450 2130 1480 2131 1481 2131 1450 2131 1481 2132 1482 2132 1450 2132 1450 2133 1482 2133 1452 2133 1482 2134 1483 2134 1452 2134 1452 2135 1483 2135 1455 2135 1483 2136 1484 2136 1455 2136 1455 2137 1484 2137 1456 2137 1484 2138 1485 2138 1456 2138 1456 2139 1485 2139 1458 2139 1485 2140 1486 2140 1458 2140 1458 2141 1486 2141 1462 2141 1486 2142 1487 2142 1462 2142 1462 2143 1487 2143 1463 2143 1463 2144 1487 2144 1465 2144 1487 2145 1488 2145 1465 2145 1488 2146 1489 2146 1465 2146 1465 2147 1489 2147 1418 2147 1489 2148 1466 2148 1418 2148 1418 2149 1466 2149 1415 2149 1490 2150 706 2150 704 2150 702 2151 1490 2151 704 2151 702 2152 1491 2152 1490 2152 1046 2153 935 2153 1492 2153 1490 2154 1493 2154 706 2154 1491 2155 1493 2155 1490 2155 1494 2156 1493 2156 1491 2156 1494 2157 1495 2157 1493 2157 1496 2158 1495 2158 1494 2158 1497 2159 1495 2159 1496 2159 1497 2160 1498 2160 1495 2160 938 2161 1498 2161 935 2161 1499 2162 1498 2162 1497 2162 1492 2163 1498 2163 1499 2163 935 2164 1498 2164 1492 2164 1493 2165 1500 2165 706 2165 706 2166 1500 2166 708 2166 1495 2167 1501 2167 1493 2167 1493 2168 1501 2168 1500 2168 1498 2169 1502 2169 1495 2169 1501 2170 1502 2170 940 2170 1495 2171 1502 2171 1501 2171 940 2172 1502 2172 938 2172 938 2173 1502 2173 1498 2173 1500 2174 1503 2174 708 2174 708 2175 1503 2175 710 2175 940 2176 1504 2176 1501 2176 1501 2177 1504 2177 1500 2177 1500 2178 1504 2178 1503 2178 1504 2179 1505 2179 942 2179 942 2180 1505 2180 940 2180 940 2181 1505 2181 1504 2181 710 2182 1506 2182 712 2182 1503 2183 1506 2183 710 2183 942 2184 1507 2184 1504 2184 1503 2185 1507 2185 1506 2185 1504 2186 1507 2186 1503 2186 944 2187 1508 2187 942 2187 942 2188 1508 2188 1507 2188 1507 2189 1508 2189 944 2189 1506 2190 1509 2190 712 2190 712 2191 1509 2191 714 2191 1507 2192 1509 2192 1506 2192 1507 2193 1510 2193 1509 2193 944 2194 1510 2194 1507 2194 1510 2195 1511 2195 946 2195 944 2196 1511 2196 1510 2196 946 2197 1511 2197 944 2197 1509 2198 1512 2198 714 2198 714 2199 1512 2199 716 2199 1510 2200 1513 2200 1509 2200 946 2201 1513 2201 1510 2201 1509 2202 1513 2202 1512 2202 946 2203 1514 2203 1513 2203 1513 2204 1514 2204 948 2204 948 2205 1514 2205 946 2205 716 2206 1515 2206 717 2206 1512 2207 1515 2207 716 2207 948 2208 1516 2208 1513 2208 1513 2209 1516 2209 1512 2209 1512 2210 1516 2210 1515 2210 950 2211 1516 2211 948 2211 1515 2212 1517 2212 717 2212 717 2213 1517 2213 718 2213 952 2214 1518 2214 950 2214 1516 2215 1518 2215 1515 2215 950 2216 1518 2216 1516 2216 1515 2217 1518 2217 1517 2217 718 2218 1519 2218 715 2218 1517 2219 1519 2219 718 2219 1518 2220 1520 2220 1517 2220 1517 2221 1520 2221 1519 2221 952 2222 1521 2222 1518 2222 1518 2223 1521 2223 1520 2223 1519 2224 1522 2224 715 2224 1521 2225 1523 2225 1520 2225 952 2226 1523 2226 1521 2226 1519 2227 1523 2227 1522 2227 954 2228 1523 2228 952 2228 1520 2229 1523 2229 1519 2229 1523 2230 1524 2230 1522 2230 1522 2231 1524 2231 715 2231 715 2232 1524 2232 713 2232 1523 2233 1525 2233 1524 2233 954 2234 1526 2234 1523 2234 1523 2235 1526 2235 1525 2235 1524 2236 1527 2236 713 2236 1524 2237 1528 2237 1527 2237 954 2238 1528 2238 1526 2238 956 2239 1528 2239 954 2239 1526 2240 1528 2240 1525 2240 1525 2241 1528 2241 1524 2241 713 2242 1529 2242 711 2242 1527 2243 1529 2243 713 2243 1528 2244 1530 2244 1527 2244 1527 2245 1530 2245 1529 2245 956 2246 1531 2246 1528 2246 1528 2247 1531 2247 1530 2247 1529 2248 1532 2248 711 2248 958 2249 1533 2249 956 2249 1531 2250 1533 2250 1530 2250 1529 2251 1533 2251 1532 2251 956 2252 1533 2252 1531 2252 1530 2253 1533 2253 1529 2253 1532 2254 1534 2254 711 2254 711 2255 1534 2255 709 2255 1532 2256 1535 2256 1534 2256 1533 2257 1535 2257 1532 2257 1533 2258 1536 2258 1535 2258 958 2259 1536 2259 1533 2259 1534 2260 1537 2260 709 2260 960 2261 1538 2261 958 2261 958 2262 1538 2262 1536 2262 1535 2263 1538 2263 1534 2263 1536 2264 1538 2264 1535 2264 1534 2265 1538 2265 1537 2265 1537 2266 1539 2266 709 2266 709 2267 1539 2267 707 2267 1538 2268 1539 2268 1537 2268 1538 2269 1540 2269 1539 2269 1538 2270 1541 2270 1540 2270 960 2271 1541 2271 1538 2271 1539 2272 1542 2272 707 2272 1539 2273 1543 2273 1542 2273 1540 2274 1543 2274 1539 2274 962 2275 1543 2275 960 2275 960 2276 1543 2276 1541 2276 1541 2277 1543 2277 1540 2277 1543 2278 1544 2278 1542 2278 707 2279 1544 2279 705 2279 1542 2280 1544 2280 707 2280 1543 2281 1545 2281 1544 2281 962 2282 1546 2282 1543 2282 1543 2283 1546 2283 1545 2283 1544 2284 1547 2284 705 2284 1545 2285 1548 2285 1544 2285 962 2286 1548 2286 1546 2286 964 2287 1548 2287 962 2287 1544 2288 1548 2288 1547 2288 1546 2289 1548 2289 1545 2289 1547 2290 1549 2290 705 2290 705 2291 1549 2291 703 2291 1547 2292 1550 2292 1549 2292 1548 2293 1550 2293 1547 2293 1549 2294 1551 2294 703 2294 1548 2295 1552 2295 1550 2295 964 2296 1552 2296 1548 2296 1550 2297 1553 2297 1549 2297 1549 2298 1553 2298 1551 2298 1552 2299 1553 2299 1550 2299 964 2300 1553 2300 1552 2300 966 2301 1553 2301 964 2301 1551 2302 1554 2302 703 2302 703 2303 1554 2303 701 2303 1553 2304 1555 2304 1551 2304 1551 2305 1555 2305 1554 2305 1554 2306 1556 2306 701 2306 966 2307 1557 2307 1553 2307 1553 2308 1557 2308 1555 2308 1555 2309 1558 2309 1554 2309 1554 2310 1558 2310 1556 2310 1557 2311 1558 2311 1555 2311 966 2312 1558 2312 1557 2312 968 2313 1558 2313 966 2313 1556 2314 1559 2314 701 2314 701 2315 1559 2315 699 2315 1558 2316 1560 2316 1556 2316 1556 2317 1560 2317 1559 2317 1559 2318 1561 2318 699 2318 968 2319 1562 2319 1558 2319 1558 2320 1562 2320 1560 2320 968 2321 1563 2321 1562 2321 970 2322 1563 2322 968 2322 1560 2323 1563 2323 1559 2323 1559 2324 1563 2324 1561 2324 1562 2325 1563 2325 1560 2325 1561 2326 1564 2326 699 2326 699 2327 1564 2327 697 2327 1563 2328 1565 2328 1561 2328 1561 2329 1565 2329 1564 2329 1564 2330 1566 2330 697 2330 970 2331 1567 2331 1563 2331 1563 2332 1567 2332 1565 2332 972 2333 1568 2333 970 2333 1567 2334 1568 2334 1565 2334 1565 2335 1568 2335 1564 2335 1564 2336 1568 2336 1566 2336 970 2337 1568 2337 1567 2337 1566 2338 1569 2338 697 2338 697 2339 1569 2339 695 2339 1568 2340 1570 2340 1566 2340 1566 2341 1570 2341 1569 2341 1569 2342 1571 2342 695 2342 972 2343 1572 2343 1568 2343 1568 2344 1572 2344 1570 2344 974 2345 1573 2345 972 2345 1572 2346 1573 2346 1570 2346 1570 2347 1573 2347 1569 2347 1569 2348 1573 2348 1571 2348 972 2349 1573 2349 1572 2349 1571 2350 1574 2350 695 2350 695 2351 1574 2351 693 2351 1573 2352 1575 2352 1571 2352 1571 2353 1575 2353 1574 2353 1574 2354 1576 2354 693 2354 974 2355 1577 2355 1573 2355 1573 2356 1577 2356 1575 2356 976 2357 1578 2357 974 2357 1577 2358 1578 2358 1575 2358 1575 2359 1578 2359 1574 2359 1574 2360 1578 2360 1576 2360 974 2361 1578 2361 1577 2361 693 2362 1579 2362 691 2362 1576 2363 1579 2363 693 2363 1576 2364 1580 2364 1579 2364 1578 2365 1580 2365 1576 2365 1579 2366 1581 2366 691 2366 1578 2367 1582 2367 1580 2367 976 2368 1582 2368 1578 2368 976 2369 1583 2369 1582 2369 1582 2370 1583 2370 1580 2370 1579 2371 1583 2371 1581 2371 1580 2372 1583 2372 1579 2372 978 2373 1583 2373 976 2373 1581 2374 1584 2374 691 2374 691 2375 1584 2375 689 2375 1583 2376 1585 2376 1581 2376 1584 2377 1585 2377 689 2377 1581 2378 1585 2378 1584 2378 978 2379 1586 2379 1583 2379 1583 2380 1586 2380 1585 2380 980 2381 1586 2381 978 2381 689 2382 1587 2382 687 2382 1585 2383 1588 2383 689 2383 1586 2384 1588 2384 1585 2384 1587 2385 1588 2385 687 2385 689 2386 1588 2386 1587 2386 980 2387 1589 2387 1586 2387 1586 2388 1589 2388 1588 2388 687 2389 1590 2389 685 2389 1588 2390 1591 2390 687 2390 1590 2391 1591 2391 685 2391 687 2392 1591 2392 1590 2392 980 2393 1592 2393 1589 2393 1589 2394 1592 2394 1588 2394 1588 2395 1592 2395 1591 2395 982 2396 1592 2396 980 2396 685 2397 1593 2397 683 2397 1591 2398 1594 2398 685 2398 1592 2399 1594 2399 1591 2399 685 2400 1594 2400 1593 2400 984 2401 1595 2401 982 2401 982 2402 1595 2402 1592 2402 1592 2403 1595 2403 1594 2403 1593 2404 1596 2404 683 2404 683 2405 1596 2405 681 2405 1594 2406 1597 2406 1593 2406 1593 2407 1597 2407 1596 2407 986 2408 1598 2408 984 2408 984 2409 1598 2409 1595 2409 1595 2410 1598 2410 1594 2410 1594 2411 1598 2411 1597 2411 1596 2412 1599 2412 681 2412 681 2413 1599 2413 679 2413 1597 2414 1600 2414 1596 2414 1598 2415 1600 2415 1597 2415 1596 2416 1600 2416 1599 2416 988 2417 1601 2417 986 2417 986 2418 1601 2418 1598 2418 1598 2419 1601 2419 1600 2419 1599 2420 1602 2420 679 2420 1600 2421 1602 2421 1599 2421 679 2422 1602 2422 677 2422 1600 2423 1603 2423 1602 2423 990 2424 1604 2424 988 2424 988 2425 1604 2425 1601 2425 1601 2426 1604 2426 1600 2426 1600 2427 1604 2427 1603 2427 1602 2428 1605 2428 677 2428 677 2429 1605 2429 675 2429 1603 2430 1606 2430 1602 2430 1602 2431 1606 2431 1605 2431 992 2432 1607 2432 990 2432 990 2433 1607 2433 1604 2433 1604 2434 1607 2434 1603 2434 1603 2435 1607 2435 1606 2435 1606 2436 1608 2436 1605 2436 1605 2437 1608 2437 675 2437 675 2438 1608 2438 673 2438 1606 2439 1609 2439 1608 2439 994 2440 1610 2440 992 2440 1606 2441 1610 2441 1609 2441 992 2442 1610 2442 1607 2442 1607 2443 1610 2443 1606 2443 1608 2444 1611 2444 673 2444 673 2445 1611 2445 671 2445 1609 2446 1612 2446 1608 2446 1608 2447 1612 2447 1611 2447 996 2448 1613 2448 994 2448 994 2449 1613 2449 1610 2449 1612 2450 1613 2450 996 2450 1610 2451 1613 2451 1609 2451 1609 2452 1613 2452 1612 2452 671 2453 1614 2453 669 2453 1611 2454 1614 2454 671 2454 1612 2455 1615 2455 1611 2455 1611 2456 1615 2456 1614 2456 996 2457 1615 2457 1612 2457 996 2458 1616 2458 1615 2458 998 2459 1616 2459 996 2459 1615 2460 1616 2460 998 2460 1614 2461 1617 2461 669 2461 669 2462 1617 2462 667 2462 1615 2463 1618 2463 1614 2463 1614 2464 1618 2464 1617 2464 998 2465 1618 2465 1615 2465 1618 2466 1619 2466 1000 2466 998 2467 1619 2467 1618 2467 1000 2468 1619 2468 998 2468 1617 2469 1620 2469 667 2469 667 2470 1620 2470 665 2470 1618 2471 1621 2471 1617 2471 1000 2472 1621 2472 1618 2472 1617 2473 1621 2473 1620 2473 1002 2474 1622 2474 1000 2474 1621 2475 1622 2475 1002 2475 1000 2476 1622 2476 1621 2476 1620 2477 1623 2477 665 2477 665 2478 1623 2478 663 2478 1621 2479 1624 2479 1620 2479 1002 2480 1624 2480 1621 2480 1620 2481 1624 2481 1623 2481 1624 2482 1625 2482 1004 2482 1004 2483 1625 2483 1002 2483 1002 2484 1625 2484 1624 2484 661 2485 1626 2485 662 2485 1623 2486 1626 2486 663 2486 663 2487 1626 2487 661 2487 1004 2488 1627 2488 1624 2488 1006 2489 1627 2489 1004 2489 1624 2490 1627 2490 1623 2490 1623 2491 1627 2491 1626 2491 1626 2492 1628 2492 662 2492 1008 2493 1629 2493 1006 2493 1627 2494 1629 2494 1626 2494 1626 2495 1629 2495 1628 2495 1006 2496 1629 2496 1627 2496 662 2497 1630 2497 664 2497 1628 2498 1630 2498 662 2498 1629 2499 1631 2499 1628 2499 1628 2500 1631 2500 1630 2500 1629 2501 1632 2501 1631 2501 1008 2502 1632 2502 1629 2502 1630 2503 1633 2503 664 2503 1010 2504 1634 2504 1008 2504 1008 2505 1634 2505 1632 2505 1632 2506 1634 2506 1631 2506 1631 2507 1634 2507 1630 2507 1630 2508 1634 2508 1633 2508 664 2509 1635 2509 666 2509 1633 2510 1635 2510 664 2510 1634 2511 1636 2511 1633 2511 1633 2512 1636 2512 1635 2512 1010 2513 1637 2513 1634 2513 1634 2514 1637 2514 1636 2514 1635 2515 1638 2515 666 2515 1636 2516 1638 2516 1635 2516 1012 2517 1639 2517 1010 2517 1010 2518 1639 2518 1637 2518 1637 2519 1639 2519 1636 2519 1636 2520 1639 2520 1638 2520 666 2521 1640 2521 668 2521 1638 2522 1640 2522 666 2522 1639 2523 1640 2523 1638 2523 1639 2524 1641 2524 1640 2524 1012 2525 1642 2525 1639 2525 1639 2526 1642 2526 1641 2526 1640 2527 1643 2527 668 2527 1014 2528 1644 2528 1012 2528 1642 2529 1644 2529 1641 2529 1641 2530 1644 2530 1640 2530 1012 2531 1644 2531 1642 2531 1640 2532 1644 2532 1643 2532 1643 2533 1645 2533 668 2533 668 2534 1645 2534 670 2534 1643 2535 1646 2535 1645 2535 1644 2536 1646 2536 1643 2536 1644 2537 1647 2537 1646 2537 1014 2538 1647 2538 1644 2538 1645 2539 1648 2539 670 2539 1646 2540 1648 2540 1645 2540 1647 2541 1649 2541 1646 2541 1014 2542 1649 2542 1647 2542 1646 2543 1649 2543 1648 2543 1016 2544 1649 2544 1014 2544 1648 2545 1650 2545 670 2545 670 2546 1650 2546 672 2546 1649 2547 1651 2547 1648 2547 1648 2548 1651 2548 1650 2548 1016 2549 1652 2549 1649 2549 1649 2550 1652 2550 1651 2550 1650 2551 1653 2551 672 2551 1651 2552 1653 2552 1650 2552 1016 2553 1654 2553 1652 2553 1018 2554 1654 2554 1016 2554 1652 2555 1654 2555 1651 2555 1651 2556 1654 2556 1653 2556 672 2557 1655 2557 674 2557 1653 2558 1655 2558 672 2558 1654 2559 1655 2559 1653 2559 1654 2560 1656 2560 1655 2560 1018 2561 1657 2561 1654 2561 1654 2562 1657 2562 1656 2562 1655 2563 1658 2563 674 2563 1020 2564 1659 2564 1018 2564 1655 2565 1659 2565 1658 2565 1656 2566 1659 2566 1655 2566 1018 2567 1659 2567 1657 2567 1657 2568 1659 2568 1656 2568 674 2569 1660 2569 676 2569 1658 2570 1660 2570 674 2570 1659 2571 1660 2571 1658 2571 1659 2572 1661 2572 1660 2572 1660 2573 1662 2573 676 2573 1020 2574 1663 2574 1659 2574 1659 2575 1663 2575 1661 2575 1022 2576 1664 2576 1020 2576 1020 2577 1664 2577 1663 2577 1661 2578 1664 2578 1660 2578 1660 2579 1664 2579 1662 2579 1663 2580 1664 2580 1661 2580 676 2581 1665 2581 678 2581 1662 2582 1665 2582 676 2582 1664 2583 1665 2583 1662 2583 1664 2584 1666 2584 1665 2584 1665 2585 1667 2585 678 2585 1022 2586 1668 2586 1664 2586 1664 2587 1668 2587 1666 2587 1024 2588 1669 2588 1022 2588 1022 2589 1669 2589 1668 2589 1666 2590 1669 2590 1665 2590 1665 2591 1669 2591 1667 2591 1668 2592 1669 2592 1666 2592 678 2593 1670 2593 680 2593 1667 2594 1670 2594 678 2594 1669 2595 1671 2595 1667 2595 1667 2596 1671 2596 1670 2596 1670 2597 1672 2597 680 2597 1024 2598 1673 2598 1669 2598 1669 2599 1673 2599 1671 2599 1026 2600 1674 2600 1024 2600 1024 2601 1674 2601 1673 2601 1671 2602 1674 2602 1670 2602 1670 2603 1674 2603 1672 2603 1673 2604 1674 2604 1671 2604 680 2605 1675 2605 682 2605 1672 2606 1675 2606 680 2606 1674 2607 1675 2607 1672 2607 1674 2608 1676 2608 1675 2608 1675 2609 1677 2609 682 2609 1026 2610 1678 2610 1674 2610 1674 2611 1678 2611 1676 2611 1028 2612 1679 2612 1026 2612 1026 2613 1679 2613 1678 2613 1676 2614 1679 2614 1675 2614 1675 2615 1679 2615 1677 2615 1678 2616 1679 2616 1676 2616 682 2617 1680 2617 684 2617 1677 2618 1680 2618 682 2618 1679 2619 1680 2619 1677 2619 1679 2620 1681 2620 1680 2620 1680 2621 1682 2621 684 2621 1028 2622 1683 2622 1679 2622 1679 2623 1683 2623 1681 2623 1683 2624 1684 2624 1681 2624 1680 2625 1684 2625 1682 2625 1028 2626 1684 2626 1683 2626 1030 2627 1684 2627 1028 2627 1681 2628 1684 2628 1680 2628 1682 2629 1685 2629 684 2629 684 2630 1685 2630 686 2630 1684 2631 1686 2631 1682 2631 1682 2632 1686 2632 1685 2632 1685 2633 1687 2633 686 2633 1686 2634 1687 2634 1685 2634 1030 2635 1688 2635 1684 2635 1684 2636 1688 2636 1686 2636 1032 2637 1689 2637 1030 2637 1030 2638 1689 2638 1688 2638 1686 2639 1689 2639 1687 2639 1688 2640 1689 2640 1686 2640 686 2641 1690 2641 688 2641 1687 2642 1690 2642 686 2642 1689 2643 1691 2643 1687 2643 1687 2644 1691 2644 1690 2644 1690 2645 1692 2645 688 2645 1689 2646 1693 2646 1691 2646 1032 2647 1693 2647 1689 2647 1034 2648 1694 2648 1032 2648 1032 2649 1694 2649 1693 2649 1691 2650 1694 2650 1690 2650 1690 2651 1694 2651 1692 2651 1693 2652 1694 2652 1691 2652 688 2653 1695 2653 690 2653 1692 2654 1695 2654 688 2654 1694 2655 1696 2655 1692 2655 1695 2656 1696 2656 690 2656 1692 2657 1696 2657 1695 2657 1694 2658 1697 2658 1696 2658 1034 2659 1697 2659 1694 2659 690 2660 1698 2660 692 2660 1696 2661 1699 2661 690 2661 690 2662 1699 2662 1698 2662 1698 2663 1699 2663 692 2663 1036 2664 1700 2664 1034 2664 1696 2665 1700 2665 1699 2665 1034 2666 1700 2666 1697 2666 1697 2667 1700 2667 1696 2667 692 2668 1701 2668 694 2668 1699 2669 1702 2669 692 2669 692 2670 1702 2670 1701 2670 1701 2671 1702 2671 694 2671 1040 2672 1703 2672 1038 2672 1038 2673 1703 2673 1036 2673 1036 2674 1703 2674 1700 2674 1700 2675 1703 2675 1699 2675 1699 2676 1703 2676 1702 2676 694 2677 1704 2677 696 2677 1702 2678 1705 2678 694 2678 694 2679 1705 2679 1704 2679 1040 2680 1706 2680 1703 2680 1702 2681 1706 2681 1705 2681 1703 2682 1706 2682 1702 2682 696 2683 1707 2683 698 2683 1704 2684 1707 2684 696 2684 1705 2685 1707 2685 1704 2685 1706 2686 1708 2686 1705 2686 1705 2687 1708 2687 1707 2687 1042 2688 1709 2688 1040 2688 1040 2689 1709 2689 1706 2689 1706 2690 1709 2690 1708 2690 698 2691 1710 2691 700 2691 1707 2692 1710 2692 698 2692 1708 2693 1711 2693 1707 2693 1709 2694 1711 2694 1708 2694 1707 2695 1711 2695 1710 2695 1046 2696 1712 2696 1044 2696 1044 2697 1712 2697 1042 2697 1042 2698 1712 2698 1709 2698 1709 2699 1712 2699 1711 2699 700 2700 1713 2700 702 2700 1491 2701 1713 2701 1494 2701 1710 2702 1713 2702 700 2702 702 2703 1713 2703 1491 2703 1494 2704 1714 2704 1496 2704 1496 2705 1714 2705 1497 2705 1713 2706 1714 2706 1494 2706 1711 2707 1714 2707 1710 2707 1710 2708 1714 2708 1713 2708 1711 2709 1715 2709 1714 2709 1497 2710 1715 2710 1499 2710 1499 2711 1715 2711 1492 2711 1046 2712 1715 2712 1712 2712 1714 2713 1715 2713 1497 2713 1492 2714 1715 2714 1046 2714 1712 2715 1715 2715 1711 2715 892 2716 1467 2716 1466 2716 892 2717 893 2717 1467 2717 893 2718 1468 2718 1467 2718 893 2719 905 2719 1468 2719 905 2720 1469 2720 1468 2720 905 2721 904 2721 1469 2721 904 2722 1470 2722 1469 2722 904 2723 903 2723 1470 2723 903 2724 1471 2724 1470 2724 903 2725 912 2725 1471 2725 912 2726 1472 2726 1471 2726 912 2727 911 2727 1472 2727 911 2728 1473 2728 1472 2728 911 2729 907 2729 1473 2729 907 2730 1474 2730 1473 2730 907 2731 875 2731 1474 2731 875 2732 1475 2732 1474 2732 875 2733 871 2733 1475 2733 871 2734 1476 2734 1475 2734 871 2735 870 2735 1476 2735 870 2736 1477 2736 1476 2736 870 2737 865 2737 1477 2737 865 2738 1478 2738 1477 2738 865 2739 862 2739 1478 2739 862 2740 1479 2740 1478 2740 862 2741 859 2741 1479 2741 859 2742 1480 2742 1479 2742 859 2743 858 2743 1480 2743 858 2744 1481 2744 1480 2744 858 2745 855 2745 1481 2745 855 2746 1482 2746 1481 2746 855 2747 857 2747 1482 2747 857 2748 1483 2748 1482 2748 857 2749 861 2749 1483 2749 861 2750 1484 2750 1483 2750 861 2751 863 2751 1484 2751 863 2752 1485 2752 1484 2752 863 2753 868 2753 1485 2753 868 2754 1486 2754 1485 2754 868 2755 869 2755 1486 2755 869 2756 1487 2756 1486 2756 869 2757 878 2757 1487 2757 878 2758 1488 2758 1487 2758 878 2759 877 2759 1488 2759 877 2760 1489 2760 1488 2760 877 2761 879 2761 1489 2761 879 2762 1466 2762 1489 2762 879 2763 892 2763 1466 2763 751 2764 1168 2764 1167 2764 751 2765 750 2765 1168 2765 750 2766 1169 2766 1168 2766 750 2767 745 2767 1169 2767 745 2768 1170 2768 1169 2768 745 2769 744 2769 1170 2769 744 2770 1171 2770 1170 2770 744 2771 748 2771 1171 2771 748 2772 1172 2772 1171 2772 748 2773 747 2773 1172 2773 747 2774 1173 2774 1172 2774 747 2775 753 2775 1173 2775 753 2776 1174 2776 1173 2776 753 2777 757 2777 1174 2777 757 2778 1175 2778 1174 2778 757 2779 741 2779 1175 2779 741 2780 1176 2780 1175 2780 741 2781 738 2781 1176 2781 738 2782 1177 2782 1176 2782 738 2783 735 2783 1177 2783 735 2784 1178 2784 1177 2784 735 2785 731 2785 1178 2785 731 2786 1179 2786 1178 2786 731 2787 727 2787 1179 2787 727 2788 1180 2788 1179 2788 727 2789 725 2789 1180 2789 725 2790 1181 2790 1180 2790 725 2791 722 2791 1181 2791 722 2792 1182 2792 1181 2792 722 2793 719 2793 1182 2793 719 2794 1183 2794 1182 2794 719 2795 723 2795 1183 2795 723 2796 1184 2796 1183 2796 723 2797 724 2797 1184 2797 724 2798 1185 2798 1184 2798 724 2799 728 2799 1185 2799 728 2800 1186 2800 1185 2800 728 2801 730 2801 1186 2801 730 2802 1187 2802 1186 2802 730 2803 733 2803 1187 2803 733 2804 1188 2804 1187 2804 733 2805 736 2805 1188 2805 736 2806 1189 2806 1188 2806 736 2807 740 2807 1189 2807 740 2808 1190 2808 1189 2808 740 2809 755 2809 1190 2809 755 2810 1167 2810 1190 2810 755 2811 751 2811 1167 2811 833 2812 1240 2812 1239 2812 833 2813 841 2813 1240 2813 841 2814 1241 2814 1240 2814 841 2815 847 2815 1241 2815 847 2816 1242 2816 1241 2816 847 2817 849 2817 1242 2817 849 2818 1243 2818 1242 2818 849 2819 839 2819 1243 2819 839 2820 1244 2820 1243 2820 839 2821 838 2821 1244 2821 838 2822 1245 2822 1244 2822 838 2823 831 2823 1245 2823 831 2824 1246 2824 1245 2824 831 2825 824 2825 1246 2825 824 2826 1247 2826 1246 2826 824 2827 823 2827 1247 2827 823 2828 1248 2828 1247 2828 823 2829 813 2829 1248 2829 813 2830 1249 2830 1248 2830 813 2831 810 2831 1249 2831 810 2832 1250 2832 1249 2832 810 2833 805 2833 1250 2833 805 2834 1251 2834 1250 2834 805 2835 798 2835 1251 2835 798 2836 1252 2836 1251 2836 798 2837 793 2837 1252 2837 793 2838 1253 2838 1252 2838 793 2839 785 2839 1253 2839 785 2840 1254 2840 1253 2840 785 2841 782 2841 1254 2841 782 2842 1255 2842 1254 2842 782 2843 788 2843 1255 2843 788 2844 1256 2844 1255 2844 788 2845 789 2845 1256 2845 789 2846 1257 2846 1256 2846 789 2847 799 2847 1257 2847 799 2848 1258 2848 1257 2848 799 2849 801 2849 1258 2849 801 2850 1259 2850 1258 2850 801 2851 808 2851 1259 2851 808 2852 1260 2852 1259 2852 808 2853 815 2853 1260 2853 815 2854 1261 2854 1260 2854 815 2855 820 2855 1261 2855 820 2856 1262 2856 1261 2856 820 2857 834 2857 1262 2857 834 2858 1239 2858 1262 2858 834 2859 833 2859 1239 2859 924 2860 1312 2860 1311 2860 924 2861 932 2861 1312 2861 932 2862 1313 2862 1312 2862 932 2863 931 2863 1313 2863 931 2864 1314 2864 1313 2864 931 2865 934 2865 1314 2865 934 2866 1315 2866 1314 2866 934 2867 929 2867 1315 2867 929 2868 1316 2868 1315 2868 929 2869 928 2869 1316 2869 928 2870 1317 2870 1316 2870 928 2871 927 2871 1317 2871 927 2872 1318 2872 1317 2872 927 2873 922 2873 1318 2873 922 2874 1319 2874 1318 2874 922 2875 921 2875 1319 2875 921 2876 1320 2876 1319 2876 921 2877 916 2877 1320 2877 916 2878 1321 2878 1320 2878 916 2879 908 2879 1321 2879 908 2880 1322 2880 1321 2880 908 2881 898 2881 1322 2881 898 2882 1323 2882 1322 2882 898 2883 896 2883 1323 2883 896 2884 1324 2884 1323 2884 896 2885 889 2885 1324 2885 889 2886 1325 2886 1324 2886 889 2887 884 2887 1325 2887 884 2888 1326 2888 1325 2888 884 2889 883 2889 1326 2889 883 2890 1327 2890 1326 2890 883 2891 880 2891 1327 2891 880 2892 1328 2892 1327 2892 880 2893 888 2893 1328 2893 888 2894 1329 2894 1328 2894 888 2895 894 2895 1329 2895 894 2896 1330 2896 1329 2896 894 2897 897 2897 1330 2897 897 2898 1331 2898 1330 2898 897 2899 906 2899 1331 2899 906 2900 1332 2900 1331 2900 906 2901 919 2901 1332 2901 919 2902 1333 2902 1332 2902 919 2903 918 2903 1333 2903 918 2904 1334 2904 1333 2904 918 2905 925 2905 1334 2905 925 2906 1311 2906 1334 2906 925 2907 924 2907 1311 2907 829 2908 1096 2908 1095 2908 829 2909 844 2909 1096 2909 844 2910 1097 2910 1096 2910 844 2911 843 2911 1097 2911 843 2912 1098 2912 1097 2912 843 2913 852 2913 1098 2913 852 2914 1099 2914 1098 2914 852 2915 851 2915 1099 2915 851 2916 1100 2916 1099 2916 851 2917 836 2917 1100 2917 836 2918 1101 2918 1100 2918 836 2919 830 2919 1101 2919 830 2920 1102 2920 1101 2920 830 2921 826 2921 1102 2921 826 2922 1103 2922 1102 2922 826 2923 821 2923 1103 2923 821 2924 1104 2924 1103 2924 821 2925 817 2925 1104 2925 817 2926 1105 2926 1104 2926 817 2927 811 2927 1105 2927 811 2928 1106 2928 1105 2928 811 2929 803 2929 1106 2929 803 2930 1107 2930 1106 2930 803 2931 796 2931 1107 2931 796 2932 1108 2932 1107 2932 796 2933 790 2933 1108 2933 790 2934 1109 2934 1108 2934 790 2935 787 2935 1109 2935 787 2936 1110 2936 1109 2936 787 2937 779 2937 1110 2937 779 2938 1111 2938 1110 2938 779 2939 786 2939 1111 2939 786 2940 1112 2940 1111 2940 786 2941 792 2941 1112 2941 792 2942 1113 2942 1112 2942 792 2943 797 2943 1113 2943 797 2944 1114 2944 1113 2944 797 2945 802 2945 1114 2945 802 2946 1115 2946 1114 2946 802 2947 809 2947 1115 2947 809 2948 1116 2948 1115 2948 809 2949 814 2949 1116 2949 814 2950 1117 2950 1116 2950 814 2951 819 2951 1117 2951 819 2952 1118 2952 1117 2952 819 2953 828 2953 1118 2953 828 2954 1095 2954 1118 2954 828 2955 829 2955 1095 2955 544 2956 618 2956 620 2956 543 2957 616 2957 618 2957 543 2958 618 2958 544 2958 1716 2959 544 2959 620 2959 542 2960 614 2960 616 2960 542 2961 616 2961 543 2961 1717 2962 620 2962 622 2962 1717 2963 1716 2963 620 2963 1718 2964 1717 2964 622 2964 541 2965 612 2965 614 2965 541 2966 614 2966 542 2966 1719 2967 622 2967 624 2967 1719 2968 624 2968 1720 2968 1721 2969 624 2969 626 2969 1721 2970 1720 2970 624 2970 1722 2971 1718 2971 622 2971 1722 2972 622 2972 1719 2972 1723 2973 1724 2973 1718 2973 1723 2974 1718 2974 1722 2974 540 2975 610 2975 612 2975 540 2976 612 2976 541 2976 1725 2977 1726 2977 1724 2977 1725 2978 1724 2978 1723 2978 1727 2979 626 2979 628 2979 1727 2980 1721 2980 626 2980 539 2981 608 2981 610 2981 539 2982 610 2982 540 2982 1728 2983 1726 2983 1725 2983 1729 2984 1726 2984 1728 2984 1730 2985 628 2985 630 2985 1730 2986 1727 2986 628 2986 1731 2987 1729 2987 1728 2987 538 2988 606 2988 608 2988 538 2989 608 2989 539 2989 1732 2990 630 2990 632 2990 1732 2991 1730 2991 630 2991 537 2992 606 2992 538 2992 537 2993 604 2993 606 2993 1733 2994 632 2994 634 2994 1733 2995 1732 2995 632 2995 536 2996 602 2996 604 2996 536 2997 604 2997 537 2997 1734 2998 634 2998 636 2998 1734 2999 1733 2999 634 2999 535 3000 602 3000 536 3000 535 3001 600 3001 602 3001 1735 3002 1734 3002 636 3002 1735 3003 636 3003 638 3003 534 3004 600 3004 535 3004 534 3005 598 3005 600 3005 1736 3006 638 3006 640 3006 1736 3007 1735 3007 638 3007 533 3008 598 3008 534 3008 533 3009 596 3009 598 3009 1737 3010 1736 3010 640 3010 642 3011 1737 3011 640 3011 1738 3012 1737 3012 642 3012 1739 3013 1738 3013 642 3013 532 3014 596 3014 533 3014 594 3015 596 3015 532 3015 644 3016 1740 3016 1739 3016 644 3017 1739 3017 642 3017 531 3018 594 3018 532 3018 1741 3019 1742 3019 1743 3019 1744 3020 1742 3020 1745 3020 1744 3021 1743 3021 1742 3021 592 3022 594 3022 531 3022 1746 3023 1745 3023 1747 3023 1746 3024 1744 3024 1745 3024 1748 3025 1747 3025 1740 3025 1748 3026 1740 3026 644 3026 1748 3027 1746 3027 1747 3027 1749 3028 1748 3028 644 3028 646 3029 1749 3029 644 3029 1750 3030 1749 3030 646 3030 530 3031 592 3031 531 3031 1751 3032 1750 3032 646 3032 590 3033 592 3033 530 3033 648 3034 1751 3034 646 3034 529 3035 590 3035 530 3035 1752 3036 1751 3036 648 3036 588 3037 529 3037 1753 3037 588 3038 590 3038 529 3038 1754 3039 588 3039 1753 3039 650 3040 1755 3040 1752 3040 650 3041 1752 3041 648 3041 1756 3042 1757 3042 1758 3042 1756 3043 1758 3043 1759 3043 1760 3044 1757 3044 1756 3044 1760 3045 1761 3045 1757 3045 586 3046 1754 3046 1762 3046 586 3047 588 3047 1754 3047 1763 3048 1762 3048 1761 3048 1763 3049 1761 3049 1760 3049 1764 3050 586 3050 1762 3050 1764 3051 1762 3051 1763 3051 652 3052 1765 3052 1755 3052 652 3053 1755 3053 650 3053 1766 3054 586 3054 1764 3054 1767 3055 1765 3055 652 3055 584 3056 586 3056 1766 3056 584 3057 1766 3057 1768 3057 1769 3058 584 3058 1768 3058 1770 3059 1771 3059 1772 3059 1770 3060 1772 3060 1773 3060 1770 3061 1773 3061 1774 3061 1770 3062 1774 3062 1775 3062 1770 3063 1775 3063 1776 3063 1770 3064 1776 3064 1777 3064 1770 3065 1777 3065 1778 3065 1779 3066 1778 3066 1780 3066 1779 3067 1770 3067 1778 3067 654 3068 1780 3068 1781 3068 654 3069 1781 3069 1767 3069 654 3070 1767 3070 652 3070 654 3071 1779 3071 1780 3071 1782 3072 1779 3072 654 3072 582 3073 584 3073 1769 3073 582 3074 1769 3074 1783 3074 656 3075 1784 3075 1782 3075 656 3076 1782 3076 654 3076 656 3077 1785 3077 1784 3077 656 3078 1786 3078 1785 3078 656 3079 1787 3079 1786 3079 580 3080 582 3080 1783 3080 580 3081 1783 3081 1788 3081 1789 3082 1790 3082 1791 3082 1792 3083 1789 3083 1791 3083 1793 3084 1792 3084 1791 3084 1793 3085 1791 3085 1794 3085 1795 3086 1793 3086 1794 3086 1795 3087 1794 3087 1796 3087 658 3088 1787 3088 656 3088 658 3089 1797 3089 1787 3089 658 3090 1798 3090 1797 3090 1799 3091 1795 3091 1796 3091 578 3092 580 3092 1788 3092 578 3093 1788 3093 1800 3093 660 3094 525 3094 1801 3094 660 3095 1801 3095 1802 3095 660 3096 1802 3096 1799 3096 660 3097 1796 3097 1798 3097 660 3098 1798 3098 658 3098 660 3099 1799 3099 1796 3099 1803 3100 1804 3100 1805 3100 1803 3101 1805 3101 1806 3101 1807 3102 1803 3102 1806 3102 576 3103 578 3103 1800 3103 576 3104 1800 3104 1808 3104 1809 3105 1803 3105 1807 3105 1809 3106 1807 3106 1810 3106 1811 3107 1809 3107 1810 3107 1811 3108 1810 3108 1812 3108 545 3109 525 3109 660 3109 545 3110 526 3110 525 3110 545 3111 527 3111 526 3111 545 3112 528 3112 527 3112 574 3113 576 3113 1808 3113 574 3114 1808 3114 1813 3114 1814 3115 1815 3115 1816 3115 548 3116 1811 3116 1812 3116 548 3117 528 3117 545 3117 548 3118 1817 3118 1811 3118 548 3119 1812 3119 1818 3119 548 3120 1818 3120 1819 3120 548 3121 1819 3121 528 3121 1820 3122 1814 3122 1816 3122 1820 3123 1821 3123 1814 3123 1822 3124 1823 3124 1824 3124 1822 3125 1824 3125 1825 3125 1826 3126 1823 3126 1822 3126 1827 3127 1826 3127 1822 3127 1828 3128 1827 3128 1822 3128 1829 3129 1828 3129 1822 3129 572 3130 574 3130 1813 3130 572 3131 1813 3131 1830 3131 1831 3132 1821 3132 1820 3132 1831 3133 1832 3133 1821 3133 1833 3134 1822 3134 1834 3134 1833 3135 1829 3135 1822 3135 1835 3136 1833 3136 1834 3136 1836 3137 1832 3137 1831 3137 1836 3138 1837 3138 1832 3138 550 3139 1817 3139 548 3139 550 3140 1838 3140 1817 3140 550 3141 1839 3141 1838 3141 570 3142 572 3142 1830 3142 570 3143 1830 3143 1840 3143 552 3144 1839 3144 550 3144 552 3145 1841 3145 1842 3145 552 3146 1843 3146 1839 3146 552 3147 1844 3147 1843 3147 552 3148 1842 3148 1844 3148 568 3149 570 3149 1840 3149 568 3150 1840 3150 1845 3150 554 3151 1835 3151 1834 3151 554 3152 520 3152 1846 3152 554 3153 1846 3153 1835 3153 554 3154 1841 3154 552 3154 554 3155 1834 3155 1841 3155 566 3156 568 3156 1845 3156 566 3157 1847 3157 1848 3157 566 3158 1845 3158 1847 3158 556 3159 521 3159 520 3159 556 3160 522 3160 521 3160 556 3161 520 3161 554 3161 564 3162 1836 3162 1849 3162 564 3163 1837 3163 1836 3163 564 3164 566 3164 1848 3164 564 3165 1848 3165 1837 3165 558 3166 523 3166 522 3166 558 3167 522 3167 556 3167 562 3168 1849 3168 1850 3168 562 3169 1850 3169 524 3169 562 3170 564 3170 1849 3170 560 3171 524 3171 523 3171 560 3172 562 3172 524 3172 560 3173 523 3173 558 3173 107 3174 1751 3174 1752 3174 107 3175 109 3175 1751 3175 125 3176 1752 3176 1755 3176 125 3177 107 3177 1752 3177 129 3178 1755 3178 1765 3178 129 3179 125 3179 1755 3179 123 3180 1765 3180 1767 3180 123 3181 129 3181 1765 3181 1851 3182 1852 3182 1853 3182 1854 3183 1851 3183 1853 3183 1855 3184 1856 3184 1857 3184 1856 3185 1858 3185 1857 3185 1859 3186 1860 3186 1852 3186 1861 3187 1860 3187 1859 3187 1853 3188 1860 3188 1855 3188 1852 3189 1860 3189 1853 3189 1855 3190 1860 3190 1856 3190 1858 3191 1862 3191 1857 3191 1863 3192 1864 3192 1861 3192 1865 3193 1864 3193 1863 3193 1856 3194 1864 3194 1858 3194 1861 3195 1864 3195 1860 3195 1860 3196 1864 3196 1856 3196 1862 3197 1866 3197 1857 3197 1867 3198 1868 3198 1865 3198 1869 3199 1868 3199 1867 3199 1865 3200 1868 3200 1864 3200 1858 3201 1868 3201 1862 3201 1864 3202 1868 3202 1858 3202 1866 3203 1870 3203 1857 3203 1871 3204 1872 3204 1869 3204 1873 3205 1872 3205 1871 3205 1869 3206 1872 3206 1868 3206 1868 3207 1872 3207 1862 3207 1862 3208 1872 3208 1866 3208 1870 3209 1874 3209 1857 3209 1875 3210 1876 3210 1873 3210 1877 3211 1876 3211 1875 3211 1866 3212 1876 3212 1870 3212 1873 3213 1876 3213 1872 3213 1872 3214 1876 3214 1866 3214 1874 3215 1878 3215 1857 3215 1879 3216 1880 3216 1877 3216 1881 3217 1880 3217 1879 3217 1876 3218 1880 3218 1870 3218 1877 3219 1880 3219 1876 3219 1870 3220 1880 3220 1874 3220 1878 3221 1882 3221 1857 3221 1883 3222 1884 3222 1881 3222 1885 3223 1884 3223 1883 3223 1881 3224 1884 3224 1880 3224 1874 3225 1884 3225 1878 3225 1880 3226 1884 3226 1874 3226 1882 3227 1886 3227 1857 3227 1884 3228 1887 3228 1878 3228 1888 3229 1887 3229 1885 3229 1889 3230 1887 3230 1888 3230 1885 3231 1887 3231 1884 3231 1882 3232 1887 3232 1886 3232 1878 3233 1887 3233 1882 3233 1886 3234 1890 3234 1857 3234 1886 3235 1891 3235 1890 3235 1887 3236 1891 3236 1886 3236 1892 3237 1891 3237 1889 3237 1893 3238 1891 3238 1892 3238 1889 3239 1891 3239 1887 3239 1890 3240 1894 3240 1857 3240 1857 3241 1894 3241 1855 3241 1893 3242 1895 3242 1891 3242 1896 3243 1895 3243 1893 3243 1897 3244 1895 3244 1896 3244 1891 3245 1895 3245 1890 3245 1890 3246 1898 3246 1894 3246 1894 3247 1898 3247 1855 3247 1895 3248 1898 3248 1890 3248 1897 3249 1898 3249 1895 3249 1899 3250 1898 3250 1897 3250 1854 3251 1898 3251 1899 3251 1855 3252 1898 3252 1853 3252 1853 3253 1898 3253 1854 3253 1851 3254 66 3254 1852 3254 63 3255 66 3255 1851 3255 1852 3256 71 3256 1859 3256 1859 3257 71 3257 1861 3257 66 3258 71 3258 1852 3258 71 3259 84 3259 1861 3259 1861 3260 86 3260 1863 3260 84 3261 86 3261 1861 3261 1863 3262 90 3262 1865 3262 86 3263 90 3263 1863 3263 1865 3264 93 3264 1867 3264 1867 3265 93 3265 1869 3265 90 3266 93 3266 1865 3266 93 3267 94 3267 1869 3267 1869 3268 98 3268 1871 3268 94 3269 98 3269 1869 3269 1871 3270 102 3270 1873 3270 98 3271 102 3271 1871 3271 1873 3272 99 3272 1875 3272 1875 3273 99 3273 1877 3273 102 3274 99 3274 1873 3274 99 3275 95 3275 1877 3275 95 3276 88 3276 1877 3276 1877 3277 88 3277 1879 3277 88 3278 82 3278 1879 3278 1879 3279 82 3279 1881 3279 1881 3280 82 3280 1883 3280 82 3281 79 3281 1883 3281 1883 3282 76 3282 1885 3282 79 3283 76 3283 1883 3283 1885 3284 69 3284 1888 3284 76 3285 69 3285 1885 3285 1888 3286 69 3286 1889 3286 1889 3287 64 3287 1892 3287 69 3288 64 3288 1889 3288 64 3289 61 3289 1892 3289 1892 3290 59 3290 1893 3290 61 3291 59 3291 1892 3291 1893 3292 54 3292 1896 3292 59 3293 54 3293 1893 3293 1896 3294 44 3294 1897 3294 1897 3295 44 3295 1899 3295 54 3296 44 3296 1896 3296 44 3297 47 3297 1899 3297 1899 3298 57 3298 1854 3298 47 3299 57 3299 1899 3299 1854 3300 63 3300 1851 3300 57 3301 63 3301 1854 3301 372 3302 369 3302 1900 3302 372 3303 1900 3303 1901 3303 373 3304 1901 3304 1902 3304 373 3305 1902 3305 1903 3305 373 3306 372 3306 1901 3306 389 3307 373 3307 1903 3307 356 3308 364 3308 1904 3308 1904 3309 364 3309 1905 3309 1905 3310 366 3310 1906 3310 364 3311 366 3311 1905 3311 1906 3312 358 3312 1907 3312 366 3313 358 3313 1906 3313 1907 3314 341 3314 1908 3314 358 3315 341 3315 1907 3315 1908 3316 316 3316 1909 3316 341 3317 316 3317 1908 3317 316 3318 311 3318 1909 3318 1909 3319 311 3319 1910 3319 1910 3320 302 3320 1911 3320 311 3321 302 3321 1910 3321 1911 3322 295 3322 1912 3322 302 3323 295 3323 1911 3323 504 3324 1913 3324 186 3324 294 3325 504 3325 1914 3325 294 3326 1914 3326 1912 3326 295 3327 294 3327 1912 3327 1915 3328 1913 3328 504 3328 1915 3329 504 3329 294 3329 201 3330 204 3330 1916 3330 201 3331 1916 3331 1917 3331 202 3332 1917 3332 1918 3332 202 3333 201 3333 1917 3333 203 3334 1918 3334 1919 3334 203 3335 202 3335 1918 3335 505 3336 1919 3336 1920 3336 505 3337 203 3337 1919 3337 504 3338 1920 3338 1914 3338 504 3339 505 3339 1920 3339 220 3340 381 3340 1921 3340 1921 3341 381 3341 1922 3341 1923 3342 1924 3342 1925 3342 1923 3343 1925 3343 1926 3343 1927 3344 1923 3344 1928 3344 1927 3345 1928 3345 1929 3345 1927 3346 1924 3346 1923 3346 1930 3347 1924 3347 1927 3347 1931 3348 1924 3348 1930 3348 1932 3349 1933 3349 1924 3349 1932 3350 1924 3350 1931 3350 1934 3351 1935 3351 1933 3351 1934 3352 1933 3352 1932 3352 1936 3353 1937 3353 1938 3353 1936 3354 1938 3354 1939 3354 1940 3355 1936 3355 1939 3355 1941 3356 1939 3356 1942 3356 1941 3357 1942 3357 1943 3357 1941 3358 1943 3358 1944 3358 1941 3359 1944 3359 1935 3359 1941 3360 1940 3360 1939 3360 1945 3361 1935 3361 1934 3361 1945 3362 1941 3362 1935 3362 1946 3363 1941 3363 1945 3363 1947 3364 1941 3364 1946 3364 1948 3365 1941 3365 1947 3365 1949 3366 1950 3366 1951 3366 1949 3367 1951 3367 1952 3367 1949 3368 1952 3368 1953 3368 1949 3369 1953 3369 1954 3369 1949 3370 1954 3370 1955 3370 1949 3371 1956 3371 1950 3371 1957 3372 1955 3372 1958 3372 1959 3373 1960 3373 1949 3373 1959 3374 1949 3374 1955 3374 1959 3375 1955 3375 1957 3375 1961 3376 1957 3376 1962 3376 1963 3377 1959 3377 1957 3377 1963 3378 1957 3378 1961 3378 1949 3379 1941 3379 1956 3379 1956 3380 1941 3380 1964 3380 1964 3381 1941 3381 1948 3381 220 3382 1921 3382 1965 3382 218 3383 1965 3383 1966 3383 218 3384 220 3384 1965 3384 217 3385 1966 3385 1967 3385 217 3386 218 3386 1966 3386 216 3387 1967 3387 1968 3387 216 3388 217 3388 1967 3388 215 3389 1968 3389 1969 3389 215 3390 216 3390 1968 3390 214 3391 1969 3391 1970 3391 214 3392 215 3392 1969 3392 213 3393 1970 3393 1971 3393 213 3394 214 3394 1970 3394 205 3395 1971 3395 1916 3395 205 3396 213 3396 1971 3396 204 3397 205 3397 1916 3397 389 3398 1903 3398 1972 3398 387 3399 1972 3399 1973 3399 387 3400 389 3400 1972 3400 390 3401 1973 3401 1974 3401 390 3402 387 3402 1973 3402 391 3403 1974 3403 1975 3403 391 3404 390 3404 1974 3404 392 3405 1975 3405 1976 3405 392 3406 391 3406 1975 3406 415 3407 1976 3407 1977 3407 415 3408 392 3408 1976 3408 416 3409 1977 3409 1978 3409 416 3410 415 3410 1977 3410 417 3411 1978 3411 1922 3411 417 3412 416 3412 1978 3412 381 3413 417 3413 1922 3413 1979 3414 1900 3414 369 3414 1979 3415 368 3415 367 3415 1979 3416 369 3416 368 3416 1980 3417 367 3417 363 3417 1980 3418 1979 3418 367 3418 1981 3419 363 3419 362 3419 1981 3420 1980 3420 363 3420 1982 3421 362 3421 360 3421 1982 3422 1981 3422 362 3422 1983 3423 360 3423 354 3423 1983 3424 1982 3424 360 3424 1984 3425 354 3425 353 3425 1984 3426 1983 3426 354 3426 1985 3427 353 3427 356 3427 1985 3428 1984 3428 353 3428 1904 3429 1985 3429 356 3429 1946 3430 1907 3430 1908 3430 1946 3431 1945 3431 1907 3431 1945 3432 1906 3432 1907 3432 1945 3433 1934 3433 1906 3433 1934 3434 1905 3434 1906 3434 1934 3435 1932 3435 1905 3435 1932 3436 1904 3436 1905 3436 1932 3437 1931 3437 1904 3437 1947 3438 1946 3438 1909 3438 1909 3439 1946 3439 1908 3439 1904 3440 1931 3440 1930 3440 1985 3441 1930 3441 1927 3441 1985 3442 1904 3442 1930 3442 1984 3443 1927 3443 1929 3443 1984 3444 1985 3444 1927 3444 1983 3445 1929 3445 1928 3445 1983 3446 1984 3446 1929 3446 1982 3447 1928 3447 1923 3447 1982 3448 1983 3448 1928 3448 1981 3449 1923 3449 1926 3449 1981 3450 1982 3450 1923 3450 1980 3451 1926 3451 1925 3451 1980 3452 1981 3452 1926 3452 1979 3453 1980 3453 1925 3453 1900 3454 1925 3454 1924 3454 1900 3455 1979 3455 1925 3455 1956 3456 1911 3456 1912 3456 1956 3457 1964 3457 1911 3457 1964 3458 1910 3458 1911 3458 1964 3459 1948 3459 1910 3459 1948 3460 1909 3460 1910 3460 1948 3461 1947 3461 1909 3461 1933 3462 1900 3462 1924 3462 1901 3463 1900 3463 1933 3463 1935 3464 1901 3464 1933 3464 1902 3465 1901 3465 1935 3465 1944 3466 1902 3466 1935 3466 1903 3467 1902 3467 1944 3467 1950 3468 1956 3468 1914 3468 1914 3469 1956 3469 1912 3469 1972 3470 1903 3470 1944 3470 1972 3471 1944 3471 1943 3471 1973 3472 1943 3472 1942 3472 1973 3473 1972 3473 1943 3473 1974 3474 1942 3474 1939 3474 1974 3475 1973 3475 1942 3475 1975 3476 1939 3476 1938 3476 1975 3477 1974 3477 1939 3477 1976 3478 1938 3478 1937 3478 1976 3479 1975 3479 1938 3479 1977 3480 1937 3480 1936 3480 1977 3481 1976 3481 1937 3481 1978 3482 1936 3482 1940 3482 1978 3483 1977 3483 1936 3483 1922 3484 1940 3484 1941 3484 1922 3485 1978 3485 1940 3485 1954 3486 1916 3486 1955 3486 1917 3487 1916 3487 1954 3487 1953 3488 1917 3488 1954 3488 1918 3489 1917 3489 1953 3489 1952 3490 1918 3490 1953 3490 1919 3491 1918 3491 1952 3491 1951 3492 1919 3492 1952 3492 1920 3493 1919 3493 1951 3493 1950 3494 1920 3494 1951 3494 1914 3495 1920 3495 1950 3495 1921 3496 1922 3496 1941 3496 1921 3497 1941 3497 1949 3497 1921 3498 1949 3498 1960 3498 1965 3499 1960 3499 1959 3499 1965 3500 1921 3500 1960 3500 1966 3501 1959 3501 1963 3501 1966 3502 1965 3502 1959 3502 1967 3503 1963 3503 1961 3503 1967 3504 1966 3504 1963 3504 1968 3505 1967 3505 1961 3505 1969 3506 1961 3506 1962 3506 1969 3507 1968 3507 1961 3507 1970 3508 1962 3508 1957 3508 1970 3509 1969 3509 1962 3509 1971 3510 1957 3510 1958 3510 1971 3511 1970 3511 1957 3511 1916 3512 1958 3512 1955 3512 1916 3513 1971 3513 1958 3513 471 3514 1986 3514 1987 3514 474 3515 1987 3515 1988 3515 474 3516 471 3516 1987 3516 477 3517 1988 3517 1989 3517 477 3518 474 3518 1988 3518 486 3519 477 3519 1989 3519 449 3520 329 3520 1990 3520 449 3521 1990 3521 1991 3521 518 3522 1992 3522 1993 3522 519 3523 1993 3523 1994 3523 519 3524 518 3524 1993 3524 370 3525 1994 3525 1995 3525 370 3526 519 3526 1994 3526 361 3527 1995 3527 1996 3527 361 3528 370 3528 1995 3528 338 3529 1996 3529 1997 3529 338 3530 361 3530 1996 3530 334 3531 338 3531 1997 3531 22 3532 518 3532 287 3532 518 3533 398 3533 1992 3533 1992 3534 398 3534 1998 3534 398 3535 397 3535 1998 3535 22 3536 16 3536 518 3536 518 3537 16 3537 398 3537 1998 3538 397 3538 1999 3538 1999 3539 405 3539 2000 3539 397 3540 405 3540 1999 3540 2000 3541 412 3541 2001 3541 405 3542 412 3542 2000 3542 412 3543 420 3543 2001 3543 420 3544 426 3544 2001 3544 2001 3545 426 3545 2002 3545 2002 3546 426 3546 2003 3546 2003 3547 445 3547 2004 3547 426 3548 445 3548 2003 3548 2004 3549 457 3549 2005 3549 445 3550 457 3550 2004 3550 2005 3551 473 3551 2006 3551 457 3552 473 3552 2005 3552 473 3553 480 3553 2006 3553 2007 3554 2008 3554 2009 3554 2007 3555 2009 3555 2010 3555 2011 3556 2010 3556 2012 3556 2011 3557 2012 3557 2013 3557 2014 3558 2015 3558 2007 3558 2014 3559 2007 3559 2010 3559 2014 3560 2010 3560 2011 3560 2016 3561 2014 3561 2011 3561 2017 3562 2018 3562 2016 3562 2019 3563 2020 3563 2018 3563 2019 3564 2018 3564 2017 3564 2021 3565 2022 3565 2020 3565 2023 3566 2021 3566 2020 3566 2024 3567 2023 3567 2020 3567 2025 3568 2024 3568 2020 3568 2026 3569 2016 3569 2011 3569 2026 3570 2017 3570 2016 3570 2027 3571 2020 3571 2019 3571 2028 3572 2025 3572 2020 3572 2029 3573 2020 3573 2027 3573 2029 3574 2028 3574 2020 3574 2030 3575 2026 3575 2011 3575 2031 3576 2030 3576 2011 3576 2032 3577 2031 3577 2011 3577 2033 3578 2032 3578 2011 3578 2034 3579 2033 3579 2011 3579 2035 3580 2034 3580 2011 3580 2035 3581 2036 3581 2034 3581 2037 3582 2035 3582 2038 3582 2039 3583 2035 3583 2037 3583 2040 3584 2035 3584 2039 3584 2041 3585 2036 3585 2035 3585 2042 3586 2035 3586 2040 3586 2043 3587 2035 3587 2042 3587 2044 3588 2043 3588 2045 3588 2044 3589 2035 3589 2043 3589 2046 3590 2041 3590 2035 3590 2047 3591 2035 3591 2044 3591 2048 3592 2046 3592 2035 3592 2048 3593 2035 3593 2047 3593 334 3594 1997 3594 2049 3594 333 3595 2049 3595 2050 3595 333 3596 334 3596 2049 3596 328 3597 2050 3597 2051 3597 328 3598 333 3598 2050 3598 326 3599 328 3599 2051 3599 322 3600 2051 3600 2052 3600 322 3601 326 3601 2051 3601 323 3602 2052 3602 2053 3602 323 3603 322 3603 2052 3603 324 3604 2053 3604 2054 3604 324 3605 323 3605 2053 3605 327 3606 2054 3606 2055 3606 327 3607 324 3607 2054 3607 329 3608 2055 3608 1990 3608 329 3609 327 3609 2055 3609 452 3610 449 3610 1991 3610 452 3611 1991 3611 2056 3611 453 3612 2056 3612 2057 3612 453 3613 452 3613 2056 3613 456 3614 2057 3614 2058 3614 456 3615 453 3615 2057 3615 459 3616 2058 3616 2059 3616 459 3617 456 3617 2058 3617 468 3618 2059 3618 2060 3618 468 3619 459 3619 2059 3619 469 3620 2060 3620 2061 3620 469 3621 468 3621 2060 3621 470 3622 2061 3622 2062 3622 470 3623 469 3623 2061 3623 471 3624 2062 3624 1986 3624 471 3625 470 3625 2062 3625 2063 3626 2006 3626 480 3626 2063 3627 482 3627 483 3627 2063 3628 480 3628 482 3628 2064 3629 483 3629 496 3629 2064 3630 2063 3630 483 3630 2065 3631 496 3631 495 3631 2065 3632 2064 3632 496 3632 2066 3633 495 3633 494 3633 2066 3634 2065 3634 495 3634 2067 3635 494 3635 493 3635 2067 3636 2066 3636 494 3636 2068 3637 493 3637 492 3637 2068 3638 2067 3638 493 3638 2069 3639 492 3639 486 3639 2069 3640 2068 3640 492 3640 1989 3641 2069 3641 486 3641 2027 3642 2005 3642 2006 3642 2027 3643 2019 3643 2005 3643 2019 3644 2004 3644 2005 3644 2019 3645 2017 3645 2004 3645 2017 3646 2003 3646 2004 3646 2017 3647 2026 3647 2003 3647 2026 3648 2002 3648 2003 3648 2026 3649 2030 3649 2002 3649 2069 3650 1989 3650 2020 3650 2069 3651 2022 3651 2021 3651 2069 3652 2020 3652 2022 3652 2068 3653 2069 3653 2021 3653 2067 3654 2021 3654 2023 3654 2067 3655 2068 3655 2021 3655 2066 3656 2023 3656 2024 3656 2066 3657 2067 3657 2023 3657 2065 3658 2024 3658 2025 3658 2065 3659 2066 3659 2024 3659 2064 3660 2025 3660 2028 3660 2064 3661 2065 3661 2025 3661 2063 3662 2028 3662 2029 3662 2063 3663 2064 3663 2028 3663 2006 3664 2029 3664 2027 3664 2006 3665 2063 3665 2029 3665 2001 3666 2002 3666 2030 3666 2001 3667 2030 3667 2031 3667 1987 3668 1986 3668 2014 3668 1987 3669 2014 3669 2016 3669 1988 3670 2016 3670 2018 3670 1988 3671 1987 3671 2016 3671 1989 3672 2018 3672 2020 3672 1989 3673 1988 3673 2018 3673 2031 3674 2000 3674 2001 3674 2031 3675 2032 3675 2000 3675 2032 3676 1999 3676 2000 3676 2032 3677 2033 3677 1999 3677 2033 3678 1998 3678 1999 3678 2033 3679 2034 3679 1998 3679 1991 3680 2011 3680 2013 3680 2056 3681 2013 3681 2012 3681 2056 3682 1991 3682 2013 3682 2057 3683 2012 3683 2010 3683 2057 3684 2056 3684 2012 3684 2058 3685 2010 3685 2009 3685 2058 3686 2057 3686 2010 3686 2059 3687 2009 3687 2008 3687 2059 3688 2058 3688 2009 3688 2060 3689 2008 3689 2007 3689 2060 3690 2059 3690 2008 3690 2061 3691 2007 3691 2015 3691 2061 3692 2060 3692 2007 3692 2062 3693 2015 3693 2014 3693 2062 3694 2061 3694 2015 3694 1986 3695 2062 3695 2014 3695 1992 3696 1998 3696 2034 3696 1992 3697 2034 3697 2036 3697 2035 3698 2011 3698 1990 3698 1990 3699 2011 3699 1991 3699 1993 3700 1992 3700 2036 3700 1993 3701 2036 3701 2041 3701 1994 3702 2041 3702 2046 3702 1994 3703 1993 3703 2041 3703 1995 3704 2046 3704 2048 3704 1995 3705 1994 3705 2046 3705 1996 3706 2048 3706 2047 3706 1996 3707 1995 3707 2048 3707 1997 3708 2047 3708 2044 3708 1997 3709 1996 3709 2047 3709 1997 3710 2044 3710 2045 3710 2049 3711 2045 3711 2043 3711 2049 3712 1997 3712 2045 3712 2050 3713 2043 3713 2042 3713 2050 3714 2049 3714 2043 3714 2051 3715 2042 3715 2040 3715 2051 3716 2050 3716 2042 3716 2052 3717 2040 3717 2039 3717 2052 3718 2051 3718 2040 3718 2053 3719 2039 3719 2037 3719 2053 3720 2052 3720 2039 3720 2054 3721 2037 3721 2038 3721 2054 3722 2053 3722 2037 3722 2055 3723 2038 3723 2035 3723 2055 3724 2054 3724 2038 3724 1990 3725 2055 3725 2035 3725 386 3726 384 3726 2070 3726 2070 3727 384 3727 2071 3727 2071 3728 379 3728 2072 3728 384 3729 379 3729 2071 3729 2072 3730 376 3730 2073 3730 2073 3731 376 3731 2074 3731 379 3732 376 3732 2072 3732 376 3733 378 3733 2074 3733 2074 3734 383 3734 2075 3734 378 3735 383 3735 2074 3735 2075 3736 385 3736 2076 3736 383 3737 385 3737 2075 3737 2076 3738 394 3738 2077 3738 385 3739 394 3739 2076 3739 2077 3740 400 3740 2078 3740 394 3741 400 3741 2077 3741 2078 3742 403 3742 2079 3742 2079 3743 403 3743 2080 3743 400 3744 403 3744 2078 3744 403 3745 407 3745 2080 3745 2080 3746 409 3746 2081 3746 2081 3747 409 3747 2082 3747 407 3748 409 3748 2080 3748 409 3749 411 3749 2082 3749 2070 3750 2083 3750 386 3750 386 3751 2083 3751 395 3751 413 3752 450 3752 2084 3752 2084 3753 450 3753 2085 3753 2085 3754 451 3754 2086 3754 450 3755 451 3755 2085 3755 2086 3756 447 3756 2087 3756 451 3757 447 3757 2086 3757 2087 3758 428 3758 2088 3758 447 3759 428 3759 2087 3759 2088 3760 429 3760 2089 3760 428 3761 429 3761 2088 3761 2089 3762 424 3762 2090 3762 429 3763 424 3763 2089 3763 2090 3764 425 3764 2091 3764 424 3765 425 3765 2090 3765 2091 3766 418 3766 2092 3766 425 3767 418 3767 2091 3767 2092 3768 406 3768 2093 3768 418 3769 406 3769 2092 3769 2093 3770 402 3770 2094 3770 406 3771 402 3771 2093 3771 2094 3772 399 3772 2095 3772 402 3773 399 3773 2094 3773 2095 3774 395 3774 2083 3774 399 3775 395 3775 2095 3775 2084 3776 2082 3776 413 3776 413 3777 2082 3777 411 3777 2083 3778 2093 3778 2094 3778 2083 3779 2094 3779 2095 3779 2088 3780 2089 3780 2090 3780 2072 3781 2070 3781 2071 3781 2073 3782 2070 3782 2072 3782 2086 3783 2087 3783 2088 3783 2086 3784 2090 3784 2091 3784 2086 3785 2091 3785 2092 3785 2086 3786 2092 3786 2093 3786 2086 3787 2093 3787 2083 3787 2086 3788 2088 3788 2090 3788 2084 3789 2085 3789 2086 3789 2084 3790 2083 3790 2070 3790 2084 3791 2086 3791 2083 3791 2075 3792 2073 3792 2074 3792 2075 3793 2070 3793 2073 3793 2082 3794 2084 3794 2070 3794 2081 3795 2082 3795 2070 3795 2079 3796 2075 3796 2076 3796 2079 3797 2076 3797 2077 3797 2079 3798 2077 3798 2078 3798 2079 3799 2080 3799 2081 3799 2079 3800 2070 3800 2075 3800 2079 3801 2081 3801 2070 3801 287 3802 281 3802 22 3802 22 3803 281 3803 28 3803 28 3804 272 3804 29 3804 29 3805 272 3805 30 3805 281 3806 272 3806 28 3806 272 3807 268 3807 30 3807 30 3808 270 3808 32 3808 268 3809 270 3809 30 3809 32 3810 279 3810 33 3810 270 3811 279 3811 32 3811 33 3812 286 3812 34 3812 279 3813 286 3813 33 3813 34 3814 292 3814 35 3814 35 3815 292 3815 37 3815 286 3816 292 3816 34 3816 292 3817 304 3817 37 3817 434 3818 432 3818 2 3818 2 3819 432 3819 4 3819 4 3820 422 3820 8 3820 432 3821 422 3821 4 3821 8 3822 421 3822 9 3822 422 3823 421 3823 8 3823 9 3824 419 3824 10 3824 421 3825 419 3825 9 3825 10 3826 410 3826 11 3826 419 3827 410 3827 10 3827 11 3828 401 3828 14 3828 410 3829 401 3829 11 3829 14 3830 396 3830 15 3830 401 3831 396 3831 14 3831 15 3832 398 3832 16 3832 396 3833 398 3833 15 3833 1 3834 434 3834 2 3834 436 3835 1 3835 6 3835 436 3836 434 3836 1 3836 12 3837 2096 3837 2097 3837 440 3838 6 3838 12 3838 440 3839 436 3839 6 3839 439 3840 440 3840 12 3840 443 3841 2097 3841 2098 3841 443 3842 12 3842 2097 3842 443 3843 439 3843 12 3843 458 3844 2098 3844 2099 3844 458 3845 443 3845 2098 3845 1769 3846 1768 3846 2100 3846 2100 3847 1768 3847 2101 3847 2101 3848 1766 3848 2102 3848 1768 3849 1766 3849 2101 3849 2102 3850 1764 3850 2103 3850 1766 3851 1764 3851 2102 3851 2103 3852 1763 3852 2104 3852 1764 3853 1763 3853 2103 3853 2104 3854 1760 3854 2105 3854 1763 3855 1760 3855 2104 3855 2105 3856 1756 3856 2106 3856 1760 3857 1756 3857 2105 3857 2106 3858 1759 3858 2099 3858 1756 3859 1759 3859 2106 3859 460 3860 462 3860 1759 3860 462 3861 463 3861 1759 3861 1759 3862 458 3862 2099 3862 463 3863 458 3863 1759 3863 2107 3864 1845 3864 2108 3864 2108 3865 1840 3865 2109 3865 1845 3866 1840 3866 2108 3866 2109 3867 1830 3867 2110 3867 1840 3868 1830 3868 2109 3868 2110 3869 1813 3869 2111 3869 1830 3870 1813 3870 2110 3870 2111 3871 1808 3871 2112 3871 1813 3872 1808 3872 2111 3872 2112 3873 1800 3873 2113 3873 1808 3874 1800 3874 2112 3874 2113 3875 1788 3875 2114 3875 1800 3876 1788 3876 2113 3876 1788 3877 1783 3877 2114 3877 2114 3878 1769 3878 2100 3878 1783 3879 1769 3879 2114 3879 347 3880 1815 3880 2115 3880 2115 3881 1815 3881 2116 3881 348 3882 1815 3882 347 3882 348 3883 349 3883 1815 3883 349 3884 350 3884 1815 3884 2116 3885 1814 3885 2117 3885 1815 3886 1814 3886 2116 3886 2117 3887 1821 3887 2118 3887 1814 3888 1821 3888 2117 3888 2118 3889 1832 3889 2119 3889 1821 3890 1832 3890 2118 3890 2119 3891 1837 3891 2120 3891 1832 3892 1837 3892 2119 3892 2120 3893 1848 3893 2121 3893 1837 3894 1848 3894 2120 3894 2121 3895 1847 3895 2107 3895 1848 3896 1847 3896 2121 3896 1847 3897 1845 3897 2107 3897 347 3898 2115 3898 2122 3898 340 3899 2122 3899 2123 3899 340 3900 347 3900 2122 3900 42 3901 2123 3901 2124 3901 42 3902 340 3902 2123 3902 336 3903 340 3903 42 3903 320 3904 42 3904 41 3904 320 3905 336 3905 42 3905 315 3906 41 3906 39 3906 315 3907 320 3907 41 3907 304 3908 39 3908 37 3908 304 3909 315 3909 39 3909 1721 3910 1727 3910 2125 3910 2125 3911 1727 3911 2126 3911 2126 3912 1730 3912 2127 3912 1727 3913 1730 3913 2126 3913 2127 3914 1732 3914 2128 3914 1730 3915 1732 3915 2127 3915 2128 3916 1733 3916 2129 3916 1732 3917 1733 3917 2128 3917 2129 3918 1734 3918 2130 3918 1733 3919 1734 3919 2129 3919 2130 3920 1735 3920 2131 3920 1734 3921 1735 3921 2130 3921 2131 3922 1736 3922 2132 3922 1735 3923 1736 3923 2131 3923 2132 3924 1737 3924 2133 3924 1736 3925 1737 3925 2132 3925 224 3926 1731 3926 2134 3926 2134 3927 1731 3927 2135 3927 226 3928 1731 3928 224 3928 226 3929 227 3929 1731 3929 227 3930 228 3930 1731 3930 2135 3931 1728 3931 2136 3931 1731 3932 1728 3932 2135 3932 2136 3933 1725 3933 2137 3933 1728 3934 1725 3934 2136 3934 2137 3935 1723 3935 2138 3935 1725 3936 1723 3936 2137 3936 2138 3937 1722 3937 2139 3937 1723 3938 1722 3938 2138 3938 2139 3939 1719 3939 2140 3939 1722 3940 1719 3940 2139 3940 2140 3941 1720 3941 2125 3941 1719 3942 1720 3942 2140 3942 1720 3943 1721 3943 2125 3943 224 3944 2134 3944 2141 3944 239 3945 2141 3945 2142 3945 239 3946 224 3946 2141 3946 2143 3947 2142 3947 2144 3947 2143 3948 239 3948 2142 3948 246 3949 239 3949 2143 3949 252 3950 2143 3950 2145 3950 252 3951 246 3951 2143 3951 251 3952 2145 3952 2146 3952 251 3953 252 3953 2145 3953 263 3954 2146 3954 2147 3954 263 3955 251 3955 2146 3955 1915 3956 294 3956 2148 3956 294 3957 296 3957 2148 3957 2148 3958 297 3958 2149 3958 296 3959 297 3959 2148 3959 2149 3960 303 3960 2150 3960 297 3961 303 3961 2149 3961 2150 3962 312 3962 2151 3962 303 3963 312 3963 2150 3963 2151 3964 317 3964 2152 3964 312 3965 317 3965 2151 3965 2152 3966 289 3966 2153 3966 317 3967 289 3967 2152 3967 2153 3968 276 3968 2154 3968 289 3969 276 3969 2153 3969 2154 3970 263 3970 2147 3970 276 3971 263 3971 2154 3971 168 3972 172 3972 2155 3972 2155 3973 172 3973 2156 3973 2156 3974 174 3974 2157 3974 172 3975 174 3975 2156 3975 2157 3976 176 3976 2158 3976 174 3977 176 3977 2157 3977 2158 3978 178 3978 2159 3978 176 3979 178 3979 2158 3979 2159 3980 180 3980 2160 3980 178 3981 180 3981 2159 3981 2160 3982 182 3982 2161 3982 2161 3983 182 3983 2162 3983 180 3984 182 3984 2160 3984 182 3985 184 3985 2162 3985 2162 3986 186 3986 1913 3986 184 3987 186 3987 2162 3987 2163 3988 168 3988 2155 3988 167 3989 2163 3989 2164 3989 167 3990 168 3990 2163 3990 2165 3991 2166 3991 2167 3991 163 3992 2164 3992 2165 3992 163 3993 167 3993 2164 3993 158 3994 163 3994 2165 3994 154 3995 2167 3995 2168 3995 154 3996 2165 3996 2167 3996 154 3997 158 3997 2165 3997 147 3998 2168 3998 2169 3998 147 3999 154 3999 2168 3999 1737 4000 1738 4000 2133 4000 2133 4001 1738 4001 2170 4001 2170 4002 1739 4002 2171 4002 1738 4003 1739 4003 2170 4003 2171 4004 1740 4004 2172 4004 1739 4005 1740 4005 2171 4005 2172 4006 1747 4006 2173 4006 1740 4007 1747 4007 2172 4007 2173 4008 1745 4008 2174 4008 1747 4009 1745 4009 2173 4009 2174 4010 1742 4010 2175 4010 1745 4011 1742 4011 2174 4011 2175 4012 1741 4012 2169 4012 1742 4013 1741 4013 2175 4013 143 4014 144 4014 1741 4014 144 4015 146 4015 1741 4015 1741 4016 147 4016 2169 4016 146 4017 147 4017 1741 4017 2176 4018 2145 4018 2143 4018 2146 4019 2145 4019 2176 4019 2177 4020 2147 4020 2146 4020 2177 4021 2146 4021 2176 4021 2178 4022 2154 4022 2147 4022 2178 4023 2147 4023 2177 4023 2179 4024 2152 4024 2153 4024 2179 4025 2153 4025 2154 4025 2179 4026 2154 4026 2178 4026 2151 4027 2152 4027 2179 4027 2150 4028 2179 4028 2180 4028 2150 4029 2151 4029 2179 4029 2149 4030 2150 4030 2180 4030 2148 4031 2149 4031 2180 4031 1915 4032 2181 4032 2182 4032 1915 4033 2180 4033 2181 4033 1915 4034 2183 4034 2184 4034 1915 4035 2182 4035 2183 4035 1915 4036 2148 4036 2180 4036 2185 4037 1915 4037 2184 4037 2164 4038 2186 4038 2165 4038 2163 4039 2187 4039 2186 4039 2163 4040 2186 4040 2164 4040 2155 4041 2188 4041 2187 4041 2155 4042 2187 4042 2163 4042 2156 4043 2189 4043 2188 4043 2156 4044 2188 4044 2155 4044 1913 4045 2190 4045 2191 4045 1913 4046 2192 4046 2190 4046 1913 4047 2193 4047 2192 4047 1913 4048 2194 4048 2193 4048 1913 4049 2185 4049 2194 4049 1913 4050 1915 4050 2185 4050 2157 4051 2189 4051 2156 4051 2162 4052 1913 4052 2191 4052 2158 4053 2189 4053 2157 4053 2161 4054 2162 4054 2191 4054 2159 4055 2189 4055 2158 4055 2160 4056 2191 4056 2189 4056 2160 4057 2161 4057 2191 4057 2160 4058 2189 4058 2159 4058 244 4059 257 4059 2195 4059 2195 4060 257 4060 2196 4060 2196 4061 260 4061 2197 4061 257 4062 260 4062 2196 4062 2197 4063 280 4063 2198 4063 260 4064 280 4064 2197 4064 2198 4065 271 4065 2199 4065 280 4066 271 4066 2198 4066 2200 4067 2201 4067 2202 4067 2200 4068 2203 4068 2201 4068 2200 4069 2204 4069 2203 4069 244 4070 2195 4070 2205 4070 243 4071 2206 4071 2200 4071 243 4072 2205 4072 2206 4072 243 4073 244 4073 2205 4073 242 4074 243 4074 2200 4074 236 4075 2200 4075 2202 4075 236 4076 242 4076 2200 4076 211 4077 221 4077 2207 4077 2207 4078 221 4078 2208 4078 2208 4079 230 4079 2209 4079 221 4080 230 4080 2208 4080 2209 4081 232 4081 2210 4081 2210 4082 232 4082 2202 4082 230 4083 232 4083 2209 4083 232 4084 236 4084 2202 4084 211 4085 2207 4085 2211 4085 210 4086 2211 4086 2212 4086 210 4087 211 4087 2211 4087 209 4088 210 4088 2212 4088 208 4089 2212 4089 2213 4089 208 4090 209 4090 2212 4090 1842 4091 1841 4091 2214 4091 2214 4092 1841 4092 2215 4092 2215 4093 1834 4093 2216 4093 1841 4094 1834 4094 2215 4094 2216 4095 1822 4095 2217 4095 1834 4096 1822 4096 2216 4096 2217 4097 1825 4097 2218 4097 1822 4098 1825 4098 2217 4098 2218 4099 199 4099 2219 4099 191 4100 199 4100 1825 4100 1825 4101 199 4101 2218 4101 2219 4102 207 4102 2213 4102 199 4103 207 4103 2219 4103 207 4104 208 4104 2213 4104 2220 4105 1839 4105 2221 4105 2221 4106 1843 4106 2222 4106 1839 4107 1843 4107 2221 4107 2222 4108 1844 4108 2214 4108 1843 4109 1844 4109 2222 4109 1844 4110 1842 4110 2214 4110 92 4111 89 4111 2223 4111 2223 4112 89 4112 2224 4112 89 4113 85 4113 2224 4113 2224 4114 1804 4114 2225 4114 85 4115 1804 4115 2224 4115 85 4116 83 4116 1804 4116 2225 4117 1803 4117 2226 4117 1804 4118 1803 4118 2225 4118 2226 4119 1809 4119 2227 4119 1803 4120 1809 4120 2226 4120 2227 4121 1811 4121 2228 4121 1809 4122 1811 4122 2227 4122 2228 4123 1817 4123 2229 4123 1811 4124 1817 4124 2228 4124 2229 4125 1838 4125 2220 4125 1817 4126 1838 4126 2229 4126 1838 4127 1839 4127 2220 4127 92 4128 2223 4128 2230 4128 97 4129 2230 4129 2231 4129 97 4130 92 4130 2230 4130 101 4131 2231 4131 2232 4131 101 4132 97 4132 2231 4132 103 4133 2232 4133 2233 4133 103 4134 101 4134 2232 4134 100 4135 2233 4135 2234 4135 100 4136 103 4136 2233 4136 96 4137 2234 4137 2235 4137 96 4138 100 4138 2234 4138 91 4139 2235 4139 2236 4139 91 4140 96 4140 2235 4140 87 4141 2236 4141 2237 4141 87 4142 91 4142 2236 4142 80 4143 2237 4143 2238 4143 80 4144 87 4144 2237 4144 77 4145 2238 4145 2239 4145 77 4146 80 4146 2238 4146 70 4147 2239 4147 2240 4147 70 4148 77 4148 2239 4148 65 4149 2240 4149 2241 4149 65 4150 70 4150 2240 4150 60 4151 65 4151 2241 4151 1787 4152 1797 4152 2242 4152 2242 4153 1797 4153 2243 4153 2243 4154 1798 4154 2244 4154 1797 4155 1798 4155 2243 4155 2244 4156 1796 4156 2245 4156 1798 4157 1796 4157 2244 4157 2245 4158 1794 4158 2246 4158 1796 4159 1794 4159 2245 4159 2246 4160 1791 4160 2247 4160 1794 4161 1791 4161 2246 4161 2247 4162 1790 4162 2248 4162 1791 4163 1790 4163 2247 4163 43 4164 45 4164 1790 4164 1790 4165 45 4165 2248 4165 2248 4166 55 4166 2241 4166 45 4167 55 4167 2248 4167 55 4168 60 4168 2241 4168 1784 4169 1785 4169 2249 4169 2249 4170 1785 4170 2250 4170 2250 4171 1786 4171 2251 4171 1785 4172 1786 4172 2250 4172 2251 4173 1787 4173 2242 4173 1786 4174 1787 4174 2251 4174 138 4175 134 4175 2252 4175 2252 4176 134 4176 2253 4176 2253 4177 128 4177 2254 4177 134 4178 128 4178 2253 4178 2254 4179 1771 4179 2255 4179 128 4180 1771 4180 2254 4180 128 4181 122 4181 1771 4181 2255 4182 1770 4182 2256 4182 1771 4183 1770 4183 2255 4183 2256 4184 1779 4184 2257 4184 1770 4185 1779 4185 2256 4185 2257 4186 1782 4186 2249 4186 1779 4187 1782 4187 2257 4187 1782 4188 1784 4188 2249 4188 139 4189 138 4189 2252 4189 139 4190 2258 4190 2259 4190 139 4191 2252 4191 2258 4191 140 4192 2259 4192 2260 4192 140 4193 139 4193 2259 4193 142 4194 140 4194 2260 4194 155 4195 151 4195 2261 4195 2261 4196 151 4196 2262 4196 2262 4197 149 4197 2263 4197 151 4198 149 4198 2262 4198 2263 4199 145 4199 2264 4199 149 4200 145 4200 2263 4200 2264 4201 142 4201 2260 4201 145 4202 142 4202 2264 4202 2265 4203 2266 4203 2267 4203 2265 4204 2268 4204 2266 4204 2265 4205 2261 4205 2268 4205 155 4206 2261 4206 2265 4206 157 4207 155 4207 2265 4207 160 4208 2269 4208 2270 4208 160 4209 2265 4209 2269 4209 160 4210 157 4210 2265 4210 161 4211 2270 4211 2271 4211 161 4212 160 4212 2270 4212 177 4213 175 4213 2272 4213 2272 4214 175 4214 2273 4214 2273 4215 170 4215 2274 4215 175 4216 170 4216 2273 4216 2274 4217 164 4217 2275 4217 2275 4218 164 4218 2271 4218 170 4219 164 4219 2274 4219 164 4220 161 4220 2271 4220 179 4221 177 4221 2272 4221 179 4222 2272 4222 2276 4222 181 4223 2276 4223 2277 4223 181 4224 179 4224 2276 4224 183 4225 2278 4225 2279 4225 183 4226 2277 4226 2278 4226 183 4227 181 4227 2277 4227 185 4228 2279 4228 2280 4228 185 4229 183 4229 2279 4229 187 4230 185 4230 2280 4230 2280 4231 2281 4231 187 4231 187 4232 2281 4232 200 4232 222 4233 219 4233 2282 4233 2282 4234 219 4234 2283 4234 2283 4235 212 4235 2284 4235 219 4236 212 4236 2283 4236 2284 4237 200 4237 2281 4237 212 4238 200 4238 2284 4238 222 4239 2282 4239 2285 4239 506 4240 222 4240 2285 4240 507 4241 2285 4241 2286 4241 507 4242 506 4242 2285 4242 508 4243 2286 4243 2287 4243 508 4244 507 4244 2286 4244 2287 4245 2288 4245 508 4245 508 4246 2288 4246 509 4246 375 4247 377 4247 2289 4247 2289 4248 377 4248 2290 4248 2290 4249 380 4249 2291 4249 2291 4250 380 4250 2292 4250 377 4251 380 4251 2290 4251 380 4252 382 4252 2292 4252 2292 4253 511 4253 2293 4253 382 4254 511 4254 2292 4254 2293 4255 510 4255 2294 4255 511 4256 510 4256 2293 4256 2294 4257 509 4257 2288 4257 510 4258 509 4258 2294 4258 2289 4259 2295 4259 375 4259 375 4260 2295 4260 393 4260 515 4261 516 4261 2296 4261 2296 4262 516 4262 2297 4262 2297 4263 517 4263 2298 4263 516 4264 517 4264 2297 4264 2298 4265 448 4265 2299 4265 517 4266 448 4266 2298 4266 2299 4267 408 4267 2300 4267 448 4268 408 4268 2299 4268 2300 4269 404 4269 2301 4269 408 4270 404 4270 2300 4270 2301 4271 393 4271 2295 4271 404 4272 393 4272 2301 4272 2296 4273 2302 4273 515 4273 515 4274 2302 4274 514 4274 513 4275 514 4275 2302 4275 513 4276 2302 4276 2303 4276 512 4277 2303 4277 2304 4277 512 4278 513 4278 2303 4278 330 4279 2304 4279 2305 4279 330 4280 512 4280 2304 4280 313 4281 321 4281 2306 4281 2306 4282 321 4282 2307 4282 2307 4283 325 4283 2308 4283 2308 4284 325 4284 2305 4284 321 4285 325 4285 2307 4285 325 4286 330 4286 2305 4286 2306 4287 2309 4287 313 4287 313 4288 2309 4288 288 4288 282 4289 288 4289 2309 4289 282 4290 2309 4290 2310 4290 273 4291 2310 4291 2311 4291 273 4292 282 4292 2310 4292 269 4293 2311 4293 2312 4293 269 4294 273 4294 2311 4294 267 4295 2312 4295 2313 4295 267 4296 269 4296 2312 4296 271 4297 2313 4297 2199 4297 271 4298 267 4298 2313 4298 2290 4299 2291 4299 2292 4299 2288 4300 2292 4300 2293 4300 2288 4301 2293 4301 2294 4301 2288 4302 2290 4302 2292 4302 2289 4303 2290 4303 2288 4303 2300 4304 2301 4304 2295 4304 2298 4305 2299 4305 2300 4305 2296 4306 2297 4306 2298 4306 2296 4307 2295 4307 2289 4307 2296 4308 2289 4308 2288 4308 2296 4309 2300 4309 2295 4309 2296 4310 2298 4310 2300 4310 2281 4311 2282 4311 2283 4311 2281 4312 2283 4312 2284 4312 2302 4313 2296 4313 2288 4313 2302 4314 2288 4314 2287 4314 2303 4315 2287 4315 2286 4315 2303 4316 2302 4316 2287 4316 2314 4317 2274 4317 2275 4317 2315 4318 2274 4318 2314 4318 2315 4319 2272 4319 2273 4319 2315 4320 2273 4320 2274 4320 2304 4321 2303 4321 2286 4321 2304 4322 2286 4322 2285 4322 2316 4323 2314 4323 2275 4323 2317 4324 2272 4324 2315 4324 2317 4325 2276 4325 2272 4325 2271 4326 2316 4326 2275 4326 2270 4327 2316 4327 2271 4327 2269 4328 2316 4328 2270 4328 2265 4329 2316 4329 2269 4329 2318 4330 2276 4330 2317 4330 2319 4331 2276 4331 2318 4331 2319 4332 2277 4332 2276 4332 2305 4333 2304 4333 2285 4333 2305 4334 2285 4334 2282 4334 2320 4335 2278 4335 2277 4335 2320 4336 2277 4336 2319 4336 2306 4337 2282 4337 2281 4337 2306 4338 2307 4338 2308 4338 2306 4339 2308 4339 2305 4339 2306 4340 2305 4340 2282 4340 2321 4341 2278 4341 2320 4341 2321 4342 2279 4342 2278 4342 2322 4343 2279 4343 2321 4343 2322 4344 2280 4344 2279 4344 2309 4345 2281 4345 2280 4345 2309 4346 2306 4346 2281 4346 2323 4347 2280 4347 2322 4347 2323 4348 2309 4348 2280 4348 2324 4349 2310 4349 2309 4349 2324 4350 2309 4350 2323 4350 2325 4351 2311 4351 2310 4351 2325 4352 2310 4352 2324 4352 2326 4353 2312 4353 2311 4353 2326 4354 2311 4354 2325 4354 2327 4355 2312 4355 2326 4355 2313 4356 2312 4356 2327 4356 2328 4357 2313 4357 2327 4357 2329 4358 2313 4358 2328 4358 2199 4359 2313 4359 2329 4359 2330 4360 2199 4360 2329 4360 2330 4361 2198 4361 2199 4361 2197 4362 2198 4362 2330 4362 2331 4363 2197 4363 2330 4363 2196 4364 2197 4364 2331 4364 2332 4365 2196 4365 2331 4365 2195 4366 2196 4366 2332 4366 2205 4367 2195 4367 2332 4367 2206 4368 2205 4368 2332 4368 2200 4369 2206 4369 2332 4369 2256 4370 2254 4370 2255 4370 2257 4371 2249 4371 2256 4371 2250 4372 2252 4372 2249 4372 2254 4373 2252 4373 2253 4373 2256 4374 2252 4374 2254 4374 2249 4375 2252 4375 2256 4375 2250 4376 2258 4376 2252 4376 2243 4377 2244 4377 2242 4377 2244 4378 2245 4378 2242 4378 2263 4379 2261 4379 2262 4379 2264 4380 2261 4380 2263 4380 2260 4381 2261 4381 2264 4381 2260 4382 2268 4382 2261 4382 2245 4383 2246 4383 2242 4383 2246 4384 2248 4384 2242 4384 2247 4385 2248 4385 2246 4385 2242 4386 2241 4386 2251 4386 2248 4387 2241 4387 2242 4387 2258 4388 2240 4388 2259 4388 2250 4389 2240 4389 2258 4389 2241 4390 2240 4390 2251 4390 2251 4391 2240 4391 2250 4391 2240 4392 2239 4392 2259 4392 2226 4393 2228 4393 2225 4393 2227 4394 2228 4394 2226 4394 2259 4395 2333 4395 2260 4395 2266 4396 2333 4396 2267 4396 2268 4397 2333 4397 2266 4397 2334 4398 2333 4398 2335 4398 2336 4399 2333 4399 2334 4399 2337 4400 2333 4400 2336 4400 2338 4401 2333 4401 2337 4401 2260 4402 2333 4402 2268 4402 2339 4403 2333 4403 2338 4403 2267 4404 2333 4404 2339 4404 2228 4405 2229 4405 2225 4405 2239 4406 2340 4406 2259 4406 2259 4407 2340 4407 2333 4407 2238 4408 2340 4408 2239 4408 2224 4409 2220 4409 2223 4409 2225 4410 2220 4410 2224 4410 2229 4411 2220 4411 2225 4411 2220 4412 2221 4412 2223 4412 2223 4413 2221 4413 2230 4413 2237 4414 2341 4414 2238 4414 2236 4415 2341 4415 2237 4415 2238 4416 2341 4416 2340 4416 2221 4417 2222 4417 2230 4417 2236 4418 2342 4418 2341 4418 2235 4419 2342 4419 2236 4419 2234 4420 2342 4420 2235 4420 2216 4421 2217 4421 2215 4421 2233 4422 2343 4422 2234 4422 2232 4423 2343 4423 2233 4423 2234 4424 2343 4424 2342 4424 2217 4425 2219 4425 2215 4425 2218 4426 2219 4426 2217 4426 2232 4427 2344 4427 2343 4427 2231 4428 2344 4428 2232 4428 2215 4429 2213 4429 2214 4429 2214 4430 2213 4430 2222 4430 2219 4431 2213 4431 2215 4431 2213 4432 2212 4432 2222 4432 2222 4433 2212 4433 2230 4433 2231 4434 2211 4434 2344 4434 2212 4435 2211 4435 2230 4435 2230 4436 2211 4436 2231 4436 2211 4437 2345 4437 2344 4437 2207 4438 2345 4438 2211 4438 2208 4439 2202 4439 2207 4439 2209 4440 2202 4440 2208 4440 2210 4441 2202 4441 2209 4441 2207 4442 2201 4442 2345 4442 2202 4443 2201 4443 2207 4443 2201 4444 2203 4444 2345 4444 2203 4445 2204 4445 2345 4445 2346 4446 2347 4446 2348 4446 2204 4447 2349 4447 2345 4447 2347 4448 2350 4448 2351 4448 2345 4449 2350 4449 2346 4449 2346 4450 2350 4450 2347 4450 2349 4451 2350 4451 2345 4451 2204 4452 2332 4452 2349 4452 2349 4453 2332 4453 2350 4453 2200 4454 2332 4454 2204 4454 2350 4455 2331 4455 2351 4455 2332 4456 2331 4456 2350 4456 2351 4457 2330 4457 2347 4457 2331 4458 2330 4458 2351 4458 2347 4459 2329 4459 2348 4459 2330 4460 2329 4460 2347 4460 2348 4461 2328 4461 2346 4461 2329 4462 2328 4462 2348 4462 2328 4463 2327 4463 2346 4463 2346 4464 2326 4464 2345 4464 2327 4465 2326 4465 2346 4465 2321 4466 2320 4466 2333 4466 2321 4467 2333 4467 2340 4467 2322 4468 2340 4468 2341 4468 2322 4469 2321 4469 2340 4469 2323 4470 2341 4470 2342 4470 2323 4471 2322 4471 2341 4471 2324 4472 2342 4472 2343 4472 2324 4473 2323 4473 2342 4473 2325 4474 2343 4474 2344 4474 2325 4475 2324 4475 2343 4475 2326 4476 2344 4476 2345 4476 2326 4477 2325 4477 2344 4477 2333 4478 2319 4478 2335 4478 2320 4479 2319 4479 2333 4479 2335 4480 2318 4480 2334 4480 2319 4481 2318 4481 2335 4481 2334 4482 2317 4482 2336 4482 2318 4483 2317 4483 2334 4483 2336 4484 2315 4484 2337 4484 2337 4485 2315 4485 2338 4485 2317 4486 2315 4486 2336 4486 2315 4487 2314 4487 2338 4487 2338 4488 2316 4488 2339 4488 2314 4489 2316 4489 2338 4489 2339 4490 2265 4490 2267 4490 2316 4491 2265 4491 2339 4491 2172 4492 2174 4492 2171 4492 2173 4493 2174 4493 2172 4493 2170 4494 2169 4494 2133 4494 2171 4495 2169 4495 2170 4495 2175 4496 2169 4496 2174 4496 2174 4497 2169 4497 2171 4497 2133 4498 2168 4498 2132 4498 2169 4499 2168 4499 2133 4499 2168 4500 2167 4500 2132 4500 2352 4501 2353 4501 2166 4501 2353 4502 2354 4502 2166 4502 2354 4503 2355 4503 2166 4503 2355 4504 2356 4504 2166 4504 2356 4505 2357 4505 2166 4505 2166 4506 2358 4506 2167 4506 2357 4507 2358 4507 2166 4507 2132 4508 2359 4508 2131 4508 2167 4509 2359 4509 2132 4509 2358 4510 2359 4510 2167 4510 2131 4511 2360 4511 2130 4511 2359 4512 2360 4512 2131 4512 2360 4513 2361 4513 2130 4513 2129 4514 2361 4514 2128 4514 2130 4515 2361 4515 2129 4515 2361 4516 2362 4516 2128 4516 2128 4517 2362 4517 2127 4517 2362 4518 2363 4518 2127 4518 2127 4519 2363 4519 2126 4519 2140 4520 2138 4520 2139 4520 2140 4521 2137 4521 2138 4521 2125 4522 2137 4522 2140 4522 2125 4523 2135 4523 2137 4523 2137 4524 2135 4524 2136 4524 2125 4525 2134 4525 2135 4525 2125 4526 2141 4526 2134 4526 2126 4527 2141 4527 2125 4527 2364 4528 2142 4528 2363 4528 2363 4529 2142 4529 2126 4529 2126 4530 2142 4530 2141 4530 2365 4531 2366 4531 2364 4531 2364 4532 2144 4532 2142 4532 2366 4533 2367 4533 2364 4533 2368 4534 2369 4534 2367 4534 2144 4535 2369 4535 2370 4535 2364 4536 2369 4536 2144 4536 2367 4537 2369 4537 2364 4537 2166 4538 2186 4538 2352 4538 2165 4539 2186 4539 2166 4539 2352 4540 2187 4540 2353 4540 2186 4541 2187 4541 2352 4541 2353 4542 2188 4542 2354 4542 2187 4543 2188 4543 2353 4543 2354 4544 2189 4544 2355 4544 2188 4545 2189 4545 2354 4545 2355 4546 2191 4546 2356 4546 2189 4547 2191 4547 2355 4547 2356 4548 2190 4548 2357 4548 2191 4549 2190 4549 2356 4549 2357 4550 2192 4550 2358 4550 2190 4551 2192 4551 2357 4551 2182 4552 2364 4552 2363 4552 2183 4553 2363 4553 2362 4553 2183 4554 2182 4554 2363 4554 2184 4555 2362 4555 2361 4555 2184 4556 2183 4556 2362 4556 2185 4557 2361 4557 2360 4557 2185 4558 2184 4558 2361 4558 2194 4559 2360 4559 2359 4559 2194 4560 2185 4560 2360 4560 2193 4561 2359 4561 2358 4561 2193 4562 2194 4562 2359 4562 2192 4563 2193 4563 2358 4563 2364 4564 2182 4564 2365 4564 2365 4565 2181 4565 2366 4565 2182 4566 2181 4566 2365 4566 2366 4567 2180 4567 2367 4567 2181 4568 2180 4568 2366 4568 2367 4569 2179 4569 2368 4569 2180 4570 2179 4570 2367 4570 2368 4571 2178 4571 2369 4571 2179 4572 2178 4572 2368 4572 2369 4573 2177 4573 2370 4573 2178 4574 2177 4574 2369 4574 2177 4575 2176 4575 2370 4575 2370 4576 2143 4576 2144 4576 2176 4577 2143 4577 2370 4577 2371 4578 2372 4578 2373 4578 2374 4579 2372 4579 2371 4579 2372 4580 2375 4580 2376 4580 2124 4581 2375 4581 2374 4581 2374 4582 2375 4582 2372 4582 2123 4583 2377 4583 2124 4583 2124 4584 2377 4584 2375 4584 2118 4585 2119 4585 2117 4585 2123 4586 2378 4586 2377 4586 2117 4587 2121 4587 2116 4587 2120 4588 2121 4588 2119 4588 2119 4589 2121 4589 2117 4589 2116 4590 2107 4590 2115 4590 2115 4591 2107 4591 2122 4591 2121 4592 2107 4592 2116 4592 2122 4593 2108 4593 2123 4593 2123 4594 2108 4594 2378 4594 2107 4595 2108 4595 2122 4595 2378 4596 2109 4596 2379 4596 2108 4597 2109 4597 2378 4597 2380 4598 2381 4598 2382 4598 2380 4599 2383 4599 2381 4599 2109 4600 2110 4600 2379 4600 2379 4601 2110 4601 2384 4601 2380 4602 2385 4602 2383 4602 2383 4603 2385 4603 2386 4603 2110 4604 2111 4604 2384 4604 2380 4605 2387 4605 2385 4605 2380 4606 2096 4606 2387 4606 2388 4607 2097 4607 2380 4607 2380 4608 2097 4608 2096 4608 2384 4609 2112 4609 2389 4609 2111 4610 2112 4610 2384 4610 2389 4611 2113 4611 2388 4611 2112 4612 2113 4612 2389 4612 2097 4613 2114 4613 2098 4613 2388 4614 2114 4614 2097 4614 2113 4615 2114 4615 2388 4615 2098 4616 2100 4616 2099 4616 2114 4617 2100 4617 2098 4617 2104 4618 2102 4618 2103 4618 2105 4619 2102 4619 2104 4619 2106 4620 2102 4620 2105 4620 2099 4621 2102 4621 2106 4621 2100 4622 2101 4622 2099 4622 2099 4623 2101 4623 2102 4623 2096 4624 5 4624 2387 4624 12 4625 5 4625 2096 4625 2387 4626 0 4626 2385 4626 5 4627 0 4627 2387 4627 2385 4628 3 4628 2386 4628 0 4629 3 4629 2385 4629 2386 4630 7 4630 2383 4630 3 4631 7 4631 2386 4631 2383 4632 13 4632 2381 4632 7 4633 13 4633 2383 4633 2381 4634 17 4634 2382 4634 13 4635 17 4635 2381 4635 2382 4636 18 4636 2380 4636 17 4637 18 4637 2382 4637 24 4638 25 4638 2377 4638 24 4639 2378 4639 2379 4639 24 4640 2377 4640 2378 4640 23 4641 2379 4641 2384 4641 23 4642 24 4642 2379 4642 21 4643 2384 4643 2389 4643 21 4644 23 4644 2384 4644 20 4645 2389 4645 2388 4645 20 4646 21 4646 2389 4646 19 4647 2388 4647 2380 4647 19 4648 20 4648 2388 4648 18 4649 19 4649 2380 4649 2377 4650 26 4650 2375 4650 25 4651 26 4651 2377 4651 2375 4652 27 4652 2376 4652 26 4653 27 4653 2375 4653 2376 4654 31 4654 2372 4654 27 4655 31 4655 2376 4655 2372 4656 36 4656 2373 4656 31 4657 36 4657 2372 4657 2373 4658 38 4658 2371 4658 36 4659 38 4659 2373 4659 2371 4660 40 4660 2374 4660 38 4661 40 4661 2371 4661 2374 4662 42 4662 2124 4662 40 4663 42 4663 2374 4663 262 4664 266 4664 544 4664 262 4665 544 4665 1716 4665 254 4666 1716 4666 1717 4666 254 4667 262 4667 1716 4667 249 4668 1717 4668 1718 4668 249 4669 254 4669 1717 4669 248 4670 1718 4670 1724 4670 248 4671 249 4671 1718 4671 234 4672 1724 4672 1726 4672 234 4673 248 4673 1724 4673 229 4674 1726 4674 1729 4674 229 4675 234 4675 1726 4675 228 4676 1729 4676 1731 4676 228 4677 229 4677 1729 4677 1751 4678 109 4678 114 4678 1750 4679 1751 4679 114 4679 1749 4680 114 4680 116 4680 1749 4681 1750 4681 114 4681 1748 4682 116 4682 127 4682 1748 4683 1749 4683 116 4683 1746 4684 127 4684 130 4684 1746 4685 1748 4685 127 4685 1744 4686 130 4686 132 4686 1744 4687 1746 4687 130 4687 1743 4688 132 4688 136 4688 1743 4689 1744 4689 132 4689 1741 4690 136 4690 143 4690 1741 4691 1743 4691 136 4691 310 4692 298 4692 524 4692 310 4693 524 4693 1850 4693 318 4694 1850 4694 1849 4694 318 4695 310 4695 1850 4695 331 4696 1849 4696 1836 4696 331 4697 318 4697 1849 4697 337 4698 1836 4698 1831 4698 337 4699 331 4699 1836 4699 344 4700 1831 4700 1820 4700 344 4701 337 4701 1831 4701 351 4702 1820 4702 1816 4702 351 4703 344 4703 1820 4703 350 4704 1816 4704 1815 4704 350 4705 351 4705 1816 4705 1753 4706 529 4706 503 4706 1753 4707 503 4707 497 4707 1754 4708 497 4708 489 4708 1754 4709 1753 4709 497 4709 1762 4710 489 4710 487 4710 1762 4711 1754 4711 489 4711 1761 4712 487 4712 484 4712 1761 4713 1762 4713 487 4713 1757 4714 484 4714 475 4714 1757 4715 1761 4715 484 4715 1758 4716 475 4716 465 4716 1758 4717 1757 4717 475 4717 1759 4718 465 4718 460 4718 1759 4719 1758 4719 465 4719 1801 4720 525 4720 58 4720 1801 4721 58 4721 53 4721 1802 4722 53 4722 52 4722 1802 4723 1801 4723 53 4723 1799 4724 52 4724 51 4724 1799 4725 1802 4725 52 4725 1795 4726 51 4726 50 4726 1795 4727 1799 4727 51 4727 1793 4728 50 4728 49 4728 1793 4729 1795 4729 50 4729 1792 4730 49 4730 48 4730 1792 4731 1793 4731 49 4731 1789 4732 48 4732 46 4732 1789 4733 1792 4733 48 4733 1790 4734 46 4734 43 4734 1790 4735 1789 4735 46 4735 67 4736 68 4736 528 4736 67 4737 528 4737 1819 4737 72 4738 1819 4738 1818 4738 72 4739 67 4739 1819 4739 73 4740 1818 4740 1812 4740 73 4741 72 4741 1818 4741 74 4742 1812 4742 1810 4742 74 4743 73 4743 1812 4743 75 4744 1810 4744 1807 4744 75 4745 74 4745 1810 4745 78 4746 1807 4746 1806 4746 78 4747 75 4747 1807 4747 81 4748 1806 4748 1805 4748 81 4749 78 4749 1806 4749 83 4750 1805 4750 1804 4750 83 4751 81 4751 1805 4751 123 4752 1767 4752 1781 4752 106 4753 123 4753 1781 4753 104 4754 1781 4754 1780 4754 104 4755 106 4755 1781 4755 105 4756 1780 4756 1778 4756 105 4757 104 4757 1780 4757 110 4758 1778 4758 1777 4758 110 4759 105 4759 1778 4759 117 4760 1777 4760 1776 4760 117 4761 110 4761 1777 4761 119 4762 1776 4762 1775 4762 119 4763 117 4763 1776 4763 118 4764 1775 4764 1774 4764 118 4765 119 4765 1775 4765 120 4766 1774 4766 1773 4766 120 4767 118 4767 1774 4767 121 4768 1773 4768 1772 4768 121 4769 120 4769 1773 4769 122 4770 1772 4770 1771 4770 122 4771 121 4771 1772 4771 1846 4772 520 4772 194 4772 1846 4773 194 4773 198 4773 1835 4774 198 4774 197 4774 1835 4775 1846 4775 198 4775 1833 4776 197 4776 196 4776 1833 4777 1835 4777 197 4777 1829 4778 196 4778 195 4778 1829 4779 1833 4779 196 4779 1828 4780 195 4780 188 4780 1828 4781 1829 4781 195 4781 1827 4782 188 4782 190 4782 1827 4783 1828 4783 188 4783 1826 4784 190 4784 189 4784 1826 4785 1827 4785 190 4785 1823 4786 189 4786 192 4786 1823 4787 1826 4787 189 4787 1824 4788 192 4788 193 4788 1824 4789 1823 4789 192 4789 1825 4790 193 4790 191 4790 1825 4791 1824 4791 193 4791</p>
        </triangles>
      </mesh>
    </geometry>
    <geometry id="geometry2" name="Mesh010">
      <mesh>
        <source id="cubeverts-array2">
          <float_array count="2754" id="cubeverts-array2-array">0.01550191 -0.02918746 0.003200003 0.01564992 -0.02888765 0.003200003 0.01528234 -0.02943961 0.003200003 0.01571656 -0.02856001 0.003200003 0.01559379 -0.02790832 0.003200003 0.01569743 -0.02822621 0.003200003 0.01516555 -0.02740198 0.003200003 0.01500571 -0.02962741 0.003200003 0.0154125 -0.02762738 0.003200003 0.01256327 -0.03073917 0.003200003 0.01003923 -0.03165065 0.003200003 0.008928179 -0.02303452 0.003200003 0.00745 -0.03235593 0.003200003 0.00836272 -0.02257642 0.003200003 0.007866759 -0.02204387 0.003200003 0.00745 -0.02144729 0.003200003 -0.00745 -0.03235593 0.003200003 -0.007866759 -0.02204387 0.003200003 -0.00836272 -0.02257642 0.003200003 -0.01003923 -0.03165065 0.003200003 -0.008928179 -0.02303452 0.003200003 -0.01256327 -0.03073917 0.003200003 -0.00745 -0.02144729 0.003200003 -0.01571656 -0.02856001 0.003200003 -0.01559379 -0.02790832 0.003200003 -0.01569743 -0.02822621 0.003200003 -0.01516555 -0.02740198 0.003200003 -0.01500571 -0.02962741 0.003200003 -0.01564992 -0.02888765 0.003200003 -0.0154125 -0.02762738 0.003200003 -0.01550191 -0.02918746 0.003200003 -0.01528234 -0.02943961 0.003200003 0.005209796 -0.03966695 0.0004999985 0.005209796 -0.03966695 0.003999998 0.001740973 -0.03996896 0.003999998 0.001740973 -0.03996896 0.0004999985 -0.001740973 -0.03996896 0.003999998 -0.001740973 -0.03996896 0.0004999985 -0.005209796 -0.03966695 0.003999998 -0.005209796 -0.03966695 0.0004999985 0.01509583 -0.02980595 -0.0005000015 0.01509583 -0.02980595 0.002999998 0.01258986 -0.03094425 0.002999998 0.01258986 -0.03094425 -0.0005000015 0.009998899 -0.03187299 0.002999998 0.009998899 -0.03187299 -0.0005000015 0.007340441 -0.0325859 0.002999998 0.007340441 -0.0325859 -0.0005000015 0.01528026 -0.02723815 -0.0005000015 0.01528026 -0.02723815 0.002999998 0.01556521 -0.02749823 0.002999998 0.01556521 -0.02749823 -0.0005000015 0.01577439 -0.02782239 0.002999998 0.01577439 -0.02782239 -0.0005000015 0.01589397 -0.02818918 0.002999998 0.01589397 -0.02818918 -0.0005000015 0.01591605 -0.02857434 0.002999998 0.01591605 -0.02857434 -0.0005000015 0.01583915 -0.02895239 0.002999998 0.01583915 -0.02895239 -0.0005000015 0.01566838 -0.02929832 0.002999998 0.01566838 -0.02929832 -0.0005000015 0.01541502 -0.02958926 0.002999998 0.01541502 -0.02958926 -0.0005000015 0.009042892 -0.0228707 -0.0005000015 0.009042892 -0.0228707 0.002999998 0.00695 -0.02091775 0.003654303 0.00695 -0.0204 0.004999998 0.00695 -0.02144729 0.003700003 0.00695 -0.0204 0.003534102 0.00695 -0.03235593 0.003700003 0.00695 -0.03307375 0.002999998 0.00695 -0.03753938 -0.0005000015 0.00695 -0.03307375 -0.0005000015 0.00695 -0.03753938 0.004999998 0.00695 -0.0376839 -0.000489801 0.00695 -0.03305338 0.003165602 0.00695 -0.03299382 0.003320998 0.00695 -0.03289891 0.003457907 0.00695 -0.03277492 0.003568205 0.00695 -0.03262851 0.003647101 0.00695 -0.03249501 0.003686499 0.00695 -0.0376839 0.004989806 -0.006388545 -0.0194 0.003074103 -0.00595 -0.0194 0.003200003 -0.006527075 -0.0194 0.002883597 -0.006527075 -0.0194 -0.0007929016 0.006430296 -0.0194 -0.0007929016 0.006483217 -0.0194 -0.0007026993 0.006527075 -0.0194 -0.0005000015 0.0065159 -0.0194 -0.0006039978 0.00595 -0.0194 0.003200003 0.006527075 -0.0194 0.002883597 0.006388545 -0.0194 0.003074103 -0.00595 -0.0194 0.005292899 0.00595 -0.0194 0.005292899 -0.01528026 -0.02723815 0.002999998 -0.009042892 -0.0228707 0.002999998 -0.01528026 -0.02723815 -0.0005000015 -0.009042892 -0.0228707 -0.0005000015 -0.01541502 -0.02958926 -0.0005000015 -0.01509583 -0.02980595 -0.0005000015 -0.01509583 -0.02980595 0.002999998 -0.01541502 -0.02958926 0.002999998 -0.01566838 -0.02929832 -0.0005000015 -0.01566838 -0.02929832 0.002999998 -0.01583915 -0.02895239 -0.0005000015 -0.01583915 -0.02895239 0.002999998 -0.01591605 -0.02857434 -0.0005000015 -0.01591605 -0.02857434 0.002999998 -0.01589397 -0.02818918 -0.0005000015 -0.01589397 -0.02818918 0.002999998 -0.01577439 -0.02782239 -0.0005000015 -0.01577439 -0.02782239 0.002999998 -0.01556521 -0.02749823 -0.0005000015 -0.01556521 -0.02749823 0.002999998 -0.007340441 -0.0325859 -0.0005000015 -0.007340441 -0.0325859 0.002999998 -0.009998899 -0.03187299 0.002999998 -0.009998899 -0.03187299 -0.0005000015 -0.01258986 -0.03094425 0.002999998 -0.01258986 -0.03094425 -0.0005000015 -0.00695 -0.0376839 0.004989806 -0.00695 -0.03753938 0.004999998 -0.00695 -0.0376839 -0.000489801 -0.00695 -0.03753938 -0.0005000015 -0.00695 -0.03307375 0.002999998 -0.00695 -0.03307375 -0.0005000015 -0.00695 -0.0330629 0.003119696 -0.00695 -0.03303141 0.003235098 -0.00695 -0.03296513 0.003369505 -0.00695 -0.03286015 0.003498297 -0.00695 -0.03271155 0.003608099 -0.00695 -0.03253965 0.003676695 -0.00695 -0.03235593 0.003700003 -0.00695 -0.0204 0.004999998 -0.00695 -0.02144729 0.003700003 -0.00695 -0.02094766 0.003659102 -0.00695 -0.0204 0.003534102 0.0148714 -0.02825205 -0.001500002 0.01491126 -0.02837431 -0.001500002 0.01491862 -0.0285027 -0.001500002 0.01489298 -0.02862871 -0.001500002 0.01483606 -0.02874403 -0.001500002 0.01475161 -0.028841 -0.001500002 0.01480167 -0.028144 -0.001500002 0.01470669 -0.0280573 -0.001500002 0.01464521 -0.02891323 -0.001500002 0.01184374 -0.03016509 -0.001500002 0.00595 -0.0318507 -0.001500002 0.00595 -0.03753938 -0.001500002 0.002984164 -0.03788974 -0.001500002 -1.938366e-17 -0.03800676 -0.001500002 0.008469316 -0.02368985 -0.001500002 0.008936703 -0.03114717 -0.001500002 0.007332679 -0.02265321 -0.001500002 0.006496995 -0.02136163 -0.001500002 -0.00595 -0.03307375 -0.001500002 -0.002984164 -0.03788974 -0.001500002 -0.00595 -0.03753938 -0.001500002 -0.005987803 -0.03273912 -0.001500002 -0.006099305 -0.03242135 -0.001500002 -0.006278886 -0.03213647 -0.001500002 -0.007332679 -0.02265321 -0.001500002 -0.006517496 -0.03189883 -0.001500002 -0.006803107 -0.03172041 -0.001500002 -0.008469316 -0.02368985 -0.001500002 -0.007121324 -0.0316102 -0.001500002 -0.009700423 -0.03091857 -0.001500002 -0.01221404 -0.03001756 -0.001500002 -0.006496995 -0.02136163 -0.001500002 0.0060172 -0.0199 -0.001500002 -0.0060172 -0.0199 -0.001500002 -0.01470669 -0.0280573 -0.001500002 -0.01464521 -0.02891323 -0.001500002 -0.01480167 -0.028144 -0.001500002 -0.01475161 -0.028841 -0.001500002 -0.01483606 -0.02874403 -0.001500002 -0.01489298 -0.02862871 -0.001500002 -0.01491862 -0.0285027 -0.001500002 -0.01491126 -0.02837431 -0.001500002 -0.0148714 -0.02825205 -0.001500002 0.002984164 -0.03788974 0.005999998 0.00595 -0.0199 0.005999998 -2.358642e-17 -0.03800676 0.005999998 0.00595 -0.03753938 0.005999998 -0.002984164 -0.03788974 0.005999998 -0.00595 -0.0199 0.005999998 -0.00595 -0.03753938 0.005999998 -0.006169683 -0.01988807 -0.0014881 -0.0063141 -0.01985349 -0.0014535 -0.006445475 -0.01979812 -0.001398096 -0.006558883 -0.01972559 -0.001325601 -0.006653584 -0.01964056 -0.001240602 -0.006730875 -0.01954645 -0.001146501 0.00658083 -0.01954645 -0.001146501 0.006112626 -0.01989551 -0.0014955 0.006205999 -0.01988202 -0.001482004 0.006585613 -0.01962444 -0.001224405 0.006588878 -0.0195854 -0.001185396 0.006572498 -0.01966247 -0.001262491 0.006302023 -0.01985752 -0.001457506 0.006551003 -0.01969854 -0.001298494 0.006390768 -0.0198226 -0.001422609 0.006511531 -0.01974274 -0.001342706 0.006455649 -0.01978621 -0.001386201 -0.006336859 -0.01972968 0.005829695 -0.006245975 -0.0198552 0.005955199 -0.006275083 -0.01966655 0.0057666 -0.006385227 -0.01980032 0.005900298 -0.00620193 -0.01961455 0.005714499 -0.006099253 -0.0198888 0.005988799 -0.006120659 -0.01957647 0.005676497 -0.006035297 -0.01955378 0.005653799 -0.00595 -0.01954645 0.005646399 0.006034451 -0.01955363 0.005653593 0.006118498 -0.01957569 0.005675703 0.005991973 -0.01954821 0.005648199 0.00595 -0.01954645 0.005646399 0.006207188 -0.01961766 0.005717703 0.006099253 -0.0198888 0.005988799 0.006300038 -0.01968941 0.005789397 0.006245975 -0.0198552 0.005955199 0.006385227 -0.01980032 0.005900298 -0.007016502 -0.01979772 0.002999197 -0.007027174 -0.01984752 0.002999998 -0.007020087 -0.01981472 0.002999998 -0.007034484 -0.01988028 0.002999998 -0.007016502 -0.01979772 -0.0005000015 -0.007042012 -0.01991298 0.002999998 -0.007138093 -0.0202654 0.002999998 -0.007424576 -0.02098265 -0.0005000015 -0.007576093 -0.02126703 0.002999998 -0.008114487 -0.02202888 -0.0005000015 -0.008221308 -0.02214952 0.002999998 0.007020087 -0.01981472 0.002999998 0.007027174 -0.01984752 0.002999998 0.007016502 -0.01979772 0.002999197 0.007016502 -0.01979772 -0.0005000015 0.007034484 -0.01988028 0.002999998 0.007042012 -0.01991298 0.002999998 0.007138093 -0.0202654 0.002999998 0.007424576 -0.02098265 -0.0005000015 0.007576093 -0.02126703 0.002999998 0.008114487 -0.02202888 -0.0005000015 0.008221308 -0.02214952 0.002999998 0.008617769 -0.02347783 -0.001465898 0.009023349 -0.02289861 -0.0007587982 0.006989779 -0.01980072 -0.000729097 0.007664987 -0.02241417 -0.001412996 0.008756104 -0.02328027 -0.001365999 0.007892106 -0.0222195 -0.001207109 0.008874897 -0.02311062 -0.001207109 0.008966048 -0.02298044 -0.0009999939 0.008035205 -0.02209684 -0.000944902 0.006893387 -0.02124406 -0.001412996 0.00716178 -0.02111198 -0.001207109 0.006621632 -0.01984029 -0.001296304 0.006787217 -0.01982282 -0.001137605 0.007330887 -0.02102876 -0.000944902 0.006436996 -0.01991883 -0.001412996 0.006425052 -0.01986039 -0.001412904 0.006914292 -0.01981908 -0.000944902 0.006912105 -0.0198093 -0.0009448029 0.01485514 -0.02784529 -0.001465898 0.01499348 -0.02764773 -0.001365999 0.01511227 -0.02747807 -0.001207109 0.01520342 -0.02734789 -0.0009999939 0.01526072 -0.02726606 -0.0007587982 0.006208819 -0.03753938 -0.001465898 0.006332336 -0.03232376 -0.001424097 0.00645 -0.03753938 -0.001365999 0.006597414 -0.03264773 -0.001262109 0.006657107 -0.03753938 -0.001207109 0.00677201 -0.03285938 -0.001069406 0.006816025 -0.03753938 -0.0009999939 0.006867065 -0.03297404 -0.0008982941 0.006915926 -0.03753938 -0.0007587982 0.006922657 -0.03304091 -0.0007302032 0.006942862 -0.03306518 -0.0006173035 0.01508048 -0.02977553 -0.0007587982 0.01476184 -0.02914429 -0.001465898 0.01565341 -0.02787995 -0.0009999939 0.01532289 -0.02803722 -0.001365999 0.01578242 -0.02856474 -0.0009999939 0.01541733 -0.02853852 -0.001365999 0.01555687 -0.02922406 -0.0009999939 0.01503546 -0.02968635 -0.0009999939 0.01496385 -0.02954448 -0.001207109 0.01525222 -0.02902117 -0.001365999 0.01487052 -0.02935959 -0.001365999 0.01257705 -0.03091267 -0.0007587982 0.01252448 -0.03078304 -0.001063593 0.01219575 -0.03106459 -0.0007587982 0.01243353 -0.03055876 -0.0013117 0.01214477 -0.03093433 -0.001063593 0.01231131 -0.0302574 -0.001465898 0.01205657 -0.03070895 -0.0013117 0.01193806 -0.03040611 -0.001465898 0.009988728 -0.03184047 -0.0007587982 0.009946975 -0.03170696 -0.001063593 0.009874738 -0.03147597 -0.0013117 0.009202309 -0.03207586 -0.0007587982 0.009163836 -0.03194136 -0.001063593 0.009097293 -0.03170867 -0.0013117 0.009007872 -0.03139601 -0.001465898 0.007332975 -0.03255265 -0.0007587982 0.007322393 -0.03257648 -0.0006595016 0.007272397 -0.03255037 -0.000809404 0.007302323 -0.03241616 -0.001063593 0.007196674 -0.03251078 -0.0009451004 0.007101026 -0.0324607 -0.001063593 0.007249292 -0.03218002 -0.0013117 0.006952543 -0.03238277 -0.001195604 0.006766312 -0.03228471 -0.0013118 0.007178035 -0.03186273 -0.001465898 0.006699809 -0.03196638 -0.001465898 0.006499145 -0.03214343 -0.001420107 0.006226564 -0.03199852 -0.001480501 -0.006208819 -0.03307375 -0.001465898 -0.006208819 -0.03753938 -0.001465898 -0.00645 -0.03307375 -0.001365999 -0.00645 -0.03753938 -0.001365999 -0.006657107 -0.03307375 -0.001207109 -0.006657107 -0.03753938 -0.001207109 -0.006816025 -0.03753938 -0.0009999939 -0.006816025 -0.03307375 -0.0009999939 -0.006915926 -0.03307375 -0.0007587982 -0.006915926 -0.03753938 -0.0007587982 0.006915926 -0.03753938 0.005258795 0.006919569 -0.02015518 0.005244795 0.006869934 -0.02000793 0.005392096 0.006816025 -0.03753938 0.005500006 0.006798874 -0.0198714 0.005528601 0.006752382 -0.01981544 0.005596503 0.006657107 -0.03753938 0.005707098 0.006694553 -0.01977745 0.005667296 0.006626324 -0.0197571 0.005736594 0.006549737 -0.01975422 0.005800002 0.00645 -0.03753938 0.005865996 0.006468316 -0.01976872 0.005855002 0.006208819 -0.03753938 0.005965903 -0.006932916 -0.02021594 0.005184096 -0.006915926 -0.03753938 0.005258795 -0.006881663 -0.02003668 0.005363303 -0.006816025 -0.03753938 0.005500006 -0.006798874 -0.0198714 0.005528601 -0.006752156 -0.01981537 0.005596693 -0.006657107 -0.03753938 0.005707098 -0.006693978 -0.01977729 0.005667899 -0.006625746 -0.019757 0.005737105 -0.006549461 -0.01975424 0.0058002 -0.00645 -0.03753938 0.005865996 -0.006468255 -0.01976873 0.005855002 -0.006208819 -0.03753938 0.005965903 0.00622665 -0.03781944 0.0059411 0.005972206 -0.03782491 0.005979498 0.006462767 -0.03780499 0.005839697 0.006664915 -0.03778252 0.005681998 0.006819703 -0.03775352 0.0054784 0.006916877 -0.0377199 0.005242506 -0.006916877 -0.0377199 0.005242506 -0.006819703 -0.03775352 0.0054784 -0.006664915 -0.03778252 0.005681998 -0.006462767 -0.03780499 0.005839697 -0.00622665 -0.03781944 0.0059411 -0.005972206 -0.03782491 0.005979498 0.005597423 -0.03816604 0.005918097 0.005981264 -0.03823342 0.005877005 0.005138165 -0.03823041 0.005918097 0.005668907 -0.03865473 0.005695799 0.005944571 -0.03861339 0.0056957 0.005865936 -0.03894653 0.0054494 0.005203784 -0.03871992 0.005695799 0.005271132 -0.03922233 0.0052424 0.005751858 -0.03922183 0.005153799 0.005607531 -0.03943525 0.0048198 0.005321489 -0.03959799 0.004460295 0.005439543 -0.03958183 0.004460295 0.005326825 -0.03963779 0.004230704 0.003028527 -0.03845449 0.005918097 0.003067204 -0.03894687 0.005695799 0.0031069 -0.03945221 0.0052424 0.001678746 -0.0385368 0.005918097 0.001700186 -0.03903023 0.005695799 0.00172219 -0.03953666 0.0052424 -1.602921e-14 -0.03857326 0.005918097 0.001738642 -0.03991532 0.004460295 -1.623358e-14 -0.03906715 0.005695799 -1.644321e-14 -0.03957405 0.0052424 -0.001678746 -0.0385368 0.005918097 -0.001700186 -0.03903023 0.005695799 -0.00172219 -0.03953666 0.0052424 -0.003028527 -0.03845449 0.005918097 -0.003067204 -0.03894687 0.005695799 -0.001738642 -0.03991532 0.004460295 -0.0031069 -0.03945221 0.0052424 -0.005023586 -0.03824559 0.005918097 -0.005450506 -0.03818724 0.005918097 -0.005983428 -0.03810759 0.005918097 -0.005972824 -0.03837911 0.005818205 -0.005087742 -0.0387353 0.005695799 -0.005520113 -0.0386762 0.005695799 -0.005906671 -0.03880086 0.005569006 -0.005153588 -0.03923791 0.0052424 -0.005591556 -0.03917805 0.0052424 -0.005787689 -0.0391496 0.0052424 -0.005625191 -0.03941433 0.004859198 -0.005202822 -0.03961372 0.004460295 -0.005429366 -0.03958823 0.0044392 0.006906131 -0.03810046 0.004938605 0.005668395 -0.03955024 0.004231993 0.00601183 -0.03937866 0.004411505 0.0054416 -0.03962235 0.004116301 0.006642602 -0.03810868 0.005612502 0.006616149 -0.03825882 0.005564696 0.006357889 -0.03855188 0.005591902 0.006558216 -0.03847552 0.005476698 0.006727188 -0.03836895 0.005320601 0.006778626 -0.03849385 0.004848097 0.006484483 -0.03866845 0.005376799 0.006216956 -0.03890501 0.005354498 0.006395197 -0.03884496 0.005264494 0.006557521 -0.03875441 0.005145499 0.006578321 -0.03884493 0.004725401 0.006296682 -0.03899864 0.005146696 0.006187636 -0.0391362 0.005021201 0.006319345 -0.03914152 0.004578101 0.006334753 -0.0390651 0.004938605 -0.006927866 -0.03798069 0.0049578 -0.006040785 -0.03936015 0.004426901 -0.00564153 -0.03956047 0.004218199 -0.006621855 -0.03823101 0.0055744 -0.006862669 -0.0382683 0.004905295 -0.006572598 -0.03842948 0.005497404 -0.006587112 -0.03870107 0.005174399 -0.006670231 -0.03870377 0.004780302 -0.006486435 -0.03866402 0.005379401 -0.006344497 -0.03859566 0.005567404 -0.006384362 -0.03886361 0.005251303 -0.006330677 -0.0390697 0.004934897 -0.006390079 -0.03907175 0.004617499 -0.006263731 -0.03904328 0.005108298 -0.006169265 -0.03899102 0.0052806 0.006906131 -0.03810046 -0.0004386002 0.006778626 -0.03849385 -0.0003481003 0.006578321 -0.03884493 -0.0002254044 0.006319345 -0.03914152 -7.809601e-05 0.00601183 -0.03937866 8.849945e-05 0.005668395 -0.03955024 0.0002679962 0.0054416 -0.03962235 0.000383696 -0.00564153 -0.03956047 0.0002818054 -0.006040785 -0.03936015 7.30957e-05 -0.006390079 -0.03907175 -0.0001175018 -0.006670231 -0.03870377 -0.0002802979 -0.006862669 -0.0382683 -0.0004052979 -0.006927866 -0.03798069 -0.0004576965 0.006916877 -0.0377199 -0.0007425018 0.005981264 -0.03823342 -0.001376993 0.005972206 -0.03782491 -0.001479501 0.00622665 -0.03781944 -0.001441103 0.005607531 -0.03943525 -0.0003198029 0.005439543 -0.03958183 3.970184e-05 0.005326825 -0.03963779 0.0002693008 0.006642602 -0.03810868 -0.001112497 0.006819703 -0.03775352 -0.0009784027 0.006664915 -0.03778252 -0.001182001 0.006462767 -0.03780499 -0.0013397 0.006727188 -0.03836895 -0.0008205963 0.006616149 -0.03825882 -0.001064699 0.006558216 -0.03847552 -0.0009767014 0.006484483 -0.03866845 -0.0008768097 0.006557521 -0.03875441 -0.0006454941 0.006357889 -0.03855188 -0.001091905 0.005944571 -0.03861339 -0.001195703 0.006395197 -0.03884496 -0.0007644974 0.006216956 -0.03890501 -0.0008545013 0.005865936 -0.03894653 -0.0009494034 0.006296682 -0.03899864 -0.0006467072 0.006334753 -0.0390651 -0.0004386002 0.006187636 -0.0391362 -0.000521196 0.005751858 -0.03922183 -0.0006537949 -0.005983428 -0.03810759 -0.001418108 -0.00622665 -0.03781944 -0.001441103 -0.005972206 -0.03782491 -0.001479501 -0.006462767 -0.03780499 -0.0013397 -0.006916877 -0.0377199 -0.0007425018 -0.006819703 -0.03775352 -0.0009784027 -0.005625191 -0.03941433 -0.000359201 -0.005429366 -0.03958823 6.080475e-05 -0.006621855 -0.03823101 -0.001074396 -0.005972824 -0.03837911 -0.001318193 -0.006664915 -0.03778252 -0.001182001 -0.006572598 -0.03842948 -0.0009973999 -0.006344497 -0.03859566 -0.001067392 -0.005906671 -0.03880086 -0.001069002 -0.006486435 -0.03866402 -0.0008794037 -0.006587112 -0.03870107 -0.000674501 -0.006384362 -0.03886361 -0.0007511993 -0.006169265 -0.03899102 -0.0007805954 -0.005787689 -0.0391496 -0.000742395 -0.006263731 -0.03904328 -0.0006083008 -0.006330677 -0.0390697 -0.0004348999 0.005305272 -0.03947701 -0.0003198029 0.00571488 -0.03896902 -0.0009494949 0.005245986 -0.03903474 -0.0009494949 0.00563602 -0.0384299 -0.001318193 0.005173596 -0.03849472 -0.001318193 0.005556753 -0.03788801 -0.001479501 0.005100833 -0.03795191 -0.001479501 0.003127023 -0.03970839 -0.0003198029 0.003092078 -0.03926353 -0.0009494949 0.001733344 -0.03979337 -0.0003198029 0.00304941 -0.03872035 -0.001318193 0.003006522 -0.03817437 -0.001479501 0.001713974 -0.03934757 -0.0009494949 0.001690323 -0.03880323 -0.001318193 -2.735468e-17 -0.03983101 -0.0003198029 -2.696577e-17 -0.03938479 -0.0009494949 -2.666857e-17 -0.03883993 -0.001318193 -0.001733344 -0.03979337 -0.0003198029 -2.64628e-17 -0.03829227 -0.001479501 -0.001713974 -0.03934757 -0.0009494949 -0.003127023 -0.03970839 -0.0003198029 -0.001690323 -0.03880323 -0.001318193 -0.003092078 -0.03926353 -0.0009494949 -0.00304941 -0.03872035 -0.001318193 -0.003006522 -0.03817437 -0.001479501 -0.005186967 -0.03949269 -0.0003198029 -0.005129003 -0.03905025 -0.0009494949 -0.005564881 -0.03899067 -0.0009494949 -0.005058227 -0.03851001 -0.001318193 -0.005488091 -0.03845126 -0.001318193 -0.005410904 -0.03790906 -0.001479501 -0.006938521 -0.02024892 0.003480795 -0.006924109 -0.02017421 0.003468802 -0.006903938 -0.02010021 0.003468802 -0.006878423 -0.02002847 0.003480795 -0.006803975 -0.01987946 0.003540594 -0.006709261 -0.01974918 0.003614798 -0.006647323 -0.01968324 0.0054345 -0.006591459 -0.01963284 0.003676695 -0.006448122 -0.01953289 0.005359297 -0.006485428 -0.01955526 0.003623404 -0.006377863 -0.01949602 0.003551901 -0.006241332 -0.01944338 0.005314604 -0.006163536 -0.01942298 0.003382803 -0.006095303 -0.01941061 0.005298193 0.006060376 -0.019406 0.003295401 0.006165788 -0.01942356 0.005304701 0.006170421 -0.01942449 0.003388602 0.006338874 -0.01947864 0.003523001 0.006377826 -0.01949614 0.005341002 0.006466032 -0.01954325 0.003611601 0.006569664 -0.01961513 0.005400504 0.006591459 -0.01963284 0.003676695 0.00669705 -0.01973523 0.005460501 0.006709491 -0.01974939 0.003614699 0.006804 -0.0198795 0.003540503 0.006878423 -0.02002847 0.003480795 0.006903921 -0.02010016 0.003468802 0.006924097 -0.02017415 0.003468802 0.006938521 -0.02024892 0.003480795 0.01502903 -0.02967362 0.003193198 0.01258626 -0.03079562 0.003190504 0.01505077 -0.02971668 0.003173201 0.01260568 -0.03084328 0.003165404 0.01506944 -0.02975366 0.003141402 0.01262861 -0.03089957 0.003099997 0.01508376 -0.02978203 0.003099997 0.01509276 -0.02979987 0.003051802 0.01005761 -0.03170877 0.003190504 0.01007312 -0.03175783 0.003165404 0.01009145 -0.0318158 0.003099997 0.007463637 -0.03241534 0.003190504 0.007416123 -0.03242623 0.003190504 0.00747515 -0.0324655 0.003165404 0.007387855 -0.03248542 0.003165404 0.00748875 -0.03252475 0.003099997 0.007367032 -0.03252937 0.0031313 0.007352982 -0.03255917 0.003092902 0.007344342 -0.03257757 0.003052504 0.007341451 -0.03258374 0.003026701 0.01519524 -0.02735958 0.003193198 0.01548885 -0.02756281 0.003173201 0.01522291 -0.02732006 0.003173201 0.01524667 -0.02728613 0.003141402 0.01552048 -0.02753606 0.003141402 0.0152649 -0.0272601 0.003099997 0.01556 -0.02750263 0.003051802 0.01527636 -0.02724373 0.003051802 0.01568409 -0.02786535 0.003173201 0.01572149 -0.02784756 0.003141402 0.01576823 -0.02782532 0.003051802 0.0157957 -0.02820769 0.003173201 0.0158364 -0.02820002 0.003141402 0.01588727 -0.02819044 0.003051802 0.0158163 -0.02856717 0.003173201 0.01585762 -0.02857014 0.003141402 0.01590925 -0.02857385 0.003051802 0.01574454 -0.02892002 0.003173201 0.01578373 -0.02893343 0.003141402 0.01583271 -0.02895018 0.003051802 0.01558515 -0.02924289 0.003173201 0.01561962 -0.02926585 0.003141402 0.01566271 -0.02929455 0.003051802 0.01534868 -0.02951443 0.003173201 0.01537616 -0.02954543 0.003141402 0.0154105 -0.02958416 0.003051802 0.007016234 -0.01981554 0.003039503 0.007030644 -0.01988115 0.003039503 0.007035841 -0.01991442 0.003050002 0.007023329 -0.01984837 0.003039503 0.007004833 -0.01981796 0.003077399 0.007019276 -0.01988372 0.003077399 0.00701772 -0.01991866 0.003096701 0.007011944 -0.01985087 0.003077399 0.00698633 -0.0198219 0.003112303 0.007000827 -0.01988791 0.003112303 0.006961454 -0.01982718 0.003142805 0.006988797 -0.01992542 0.003137404 0.006993468 -0.01985493 0.003112303 0.00895787 -0.02299212 0.003193198 0.008985538 -0.02295261 0.003173201 0.009009295 -0.02291868 0.003141402 0.009027524 -0.02289264 0.003099997 0.009038984 -0.02287628 0.003051802 0.007132043 -0.02026729 0.003050002 0.00711428 -0.02027284 0.003096701 0.007085927 -0.02028169 0.003137404 0.007146353 -0.02051062 0.003152602 0.008461898 -0.02247017 0.003137404 0.008430955 -0.02250332 0.003173201 0.008216279 -0.02215412 0.003051802 0.008180984 -0.02218641 0.003137404 0.008147518 -0.02221701 0.003173201 0.007979797 -0.0219525 0.003137404 0.007944529 -0.021981 0.003173201 0.007615722 -0.02134801 0.003051802 0.007574687 -0.02137259 0.003137404 0.007535784 -0.0213959 0.003173201 0.007161463 -0.02050511 0.003137404 -0.007342545 -0.0325814 0.003038802 -0.007348452 -0.03256881 0.003075003 -0.007357553 -0.03254946 0.003107703 -0.007369242 -0.03252469 0.003135893 -0.007382893 -0.03249587 0.003158896 -0.007397856 -0.03246442 0.003176596 -0.007419284 -0.03241964 0.003192297 -0.007434498 -0.03238801 0.003198103 -0.01502903 -0.02967362 0.003193198 -0.01505077 -0.02971668 0.003173201 -0.01506944 -0.02975366 0.003141402 -0.01508376 -0.02978203 0.003099997 -0.01509276 -0.02979987 0.003051802 -0.00997547 -0.03179807 0.003158896 -0.009989481 -0.03184287 0.003107802 -0.009996864 -0.03186649 0.003051802 -0.01253415 -0.03080688 0.003193198 -0.01256036 -0.03087151 0.003158896 -0.012578 -0.03091501 0.003107802 -0.0125873 -0.03093793 0.003051802 -0.01531668 -0.02947834 0.003193198 -0.01537616 -0.02954543 0.003141402 -0.0154105 -0.02958416 0.003051802 -0.015545 -0.02921616 0.003193198 -0.01561962 -0.02926585 0.003141402 -0.01566271 -0.02929455 0.003051802 -0.0156989 -0.02890441 0.003193198 -0.01578373 -0.02893343 0.003141402 -0.01583271 -0.02895018 0.003051802 -0.01576819 -0.02856372 0.003193198 -0.01585762 -0.02857014 0.003141402 -0.01590925 -0.02857385 0.003051802 -0.0157483 -0.02821662 0.003193198 -0.0158364 -0.02820002 0.003141402 -0.01588727 -0.02819044 0.003051802 -0.01564053 -0.02788608 0.003193198 -0.01572149 -0.02784756 0.003141402 -0.01576823 -0.02782532 0.003051802 -0.01545202 -0.02759396 0.003193198 -0.01519524 -0.02735958 0.003193198 -0.01522291 -0.02732006 0.003173201 -0.01552048 -0.02753606 0.003141402 -0.01524667 -0.02728613 0.003141402 -0.0152649 -0.0272601 0.003099997 -0.01556 -0.02750263 0.003051802 -0.01527636 -0.02724373 0.003051802 -0.00895787 -0.02299212 0.003193198 -0.008985538 -0.02295261 0.003173201 -0.009009295 -0.02291868 0.003141402 -0.009027524 -0.02289264 0.003099997 -0.009038984 -0.02287628 0.003051802 -0.007146353 -0.02051062 0.003152602 -0.007132043 -0.02026729 0.003050002 -0.00711428 -0.02027284 0.003096701 -0.007085927 -0.02028169 0.003137404 -0.007570185 -0.02127042 0.003051802 -0.007528715 -0.02129427 0.003137404 -0.007489399 -0.02131687 0.003173201 -0.007979797 -0.0219525 0.003137404 -0.007944529 -0.021981 0.003173201 -0.008216279 -0.02215412 0.003051802 -0.008180984 -0.02218641 0.003137404 -0.008147518 -0.02221701 0.003173201 -0.008461898 -0.02247017 0.003137404 -0.008430955 -0.02250332 0.003173201 -0.007035841 -0.01991442 0.003050002 -0.00701772 -0.01991866 0.003096701 -0.006988797 -0.01992542 0.003137404 -0.007023329 -0.01984837 0.003039503 -0.007004833 -0.01981796 0.003077399 -0.007016234 -0.01981554 0.003039503 -0.007030644 -0.01988115 0.003039503 -0.007011944 -0.01985087 0.003077399 -0.00698633 -0.0198219 0.003112303 -0.007019276 -0.01988372 0.003077399 -0.006993468 -0.01985493 0.003112303 -0.006961454 -0.01982718 0.003142805 -0.007000827 -0.01988791 0.003112303 -0.007234369 -0.03262263 0.002999998 -0.007234369 -0.03262263 -0.0005000015 -0.007139165 -0.03268211 0.002999998 -0.007139165 -0.03268211 -0.0005000015 -0.007059629 -0.03276132 0.002999998 -0.007059629 -0.03276132 -0.0005000015 -0.006999768 -0.03285628 0.002999998 -0.006999768 -0.03285628 -0.0005000015 -0.006962601 -0.0329622 0.002999998 -0.006962601 -0.0329622 -0.0005000015 -0.006967037 -0.03235593 0.003570601 -0.007016987 -0.03235593 0.003449995 -0.00732059 -0.03235593 0.003216994 -0.0072 -0.03235593 0.003266997 -0.007070059 -0.03263477 0.003264098 -0.007096447 -0.03235593 0.003346396 -0.006967037 -0.02144729 0.003570601 -0.007016987 -0.02144729 0.003449995 -0.007096447 -0.02144729 0.003346396 -0.0072 -0.02144729 0.003266997 -0.00732059 -0.02144729 0.003216994 -0.006963114 -0.02043168 0.003424895 -0.007001768 -0.0204617 0.003321295 -0.007030861 -0.02121944 0.003417204 -0.007063936 -0.02048848 0.003229002 -0.007001181 -0.02121495 0.003469305 -0.00695769 -0.02026615 0.003355597 -0.00700792 -0.02027732 0.0032386 -0.006886192 -0.02000389 0.003355597 -0.006923803 -0.01996878 0.0032386 -0.006794134 -0.01972618 0.003311095 -0.006623854 -0.01959773 0.003456503 -0.00660195 -0.01962213 0.003551901 -0.006594298 -0.0196303 0.003613997 -0.006590815 -0.01950085 0.003321104 -0.006274635 -0.01942269 0.003265097 -0.006587668 -0.01957815 0.0034578 -0.006616641 -0.01953633 0.003360098 -0.006628736 -0.01956793 0.003400198 -0.006629412 -0.01958488 0.003427496 -0.00662743 -0.01959204 0.003442 0.00660195 -0.01962213 0.003551901 0.006594298 -0.0196303 0.003613997 0.006590815 -0.01950085 0.003321104 0.006602931 -0.01951539 0.003336699 0.006274611 -0.01942268 0.003265097 0.00662918 -0.01958627 0.003430098 0.006587668 -0.01957815 0.0034578 0.006623854 -0.01959773 0.003456503 0.006629286 -0.01957124 0.003404997 0.006624857 -0.01955414 0.003381606 0.006613132 -0.01953029 0.003353201 0.006886192 -0.02000389 0.003355597 0.006923803 -0.01996878 0.0032386 0.006811681 -0.019739 0.003292601 0.006722325 -0.01967165 0.003381903 0.00695769 -0.02026615 0.003355597 0.00700792 -0.02027732 0.0032386 0.006963114 -0.02043168 0.003424895 0.007001768 -0.0204617 0.003321295 0.007063936 -0.02048848 0.003229002 0.007029839 -0.02120544 0.003417601 0.00732059 -0.02144729 0.003216994 0.0072 -0.02144729 0.003266997 0.007096447 -0.02144729 0.003346396 0.007016987 -0.02144729 0.003449995 0.007000543 -0.02120074 0.003469397 0.006967037 -0.02144729 0.003570601 0.006967037 -0.03235593 0.003570601 0.007016987 -0.03235593 0.003449995 0.007096447 -0.03235593 0.003346396 0.0072 -0.03235593 0.003266997 0.00732059 -0.03235593 0.003216994 0.006962601 -0.0329622 0.002999998 0.006999768 -0.03285628 0.002999998 0.007234369 -0.03262263 0.002999998 0.007139165 -0.03268211 0.002999998 0.007070041 -0.03263499 0.003263899 0.007059629 -0.03276132 0.002999998 0.006962601 -0.0329622 -0.0005000015 0.006999768 -0.03285628 -0.0005000015 0.007059629 -0.03276132 -0.0005000015 0.007139165 -0.03268211 -0.0005000015 0.007234369 -0.03262263 -0.0005000015 0.006894114 -0.03262667 -0.001018907 0.006930702 -0.03265647 -0.0009612976 0.006975177 -0.03269257 -0.0008767029 0.007001665 -0.03271423 -0.000813501 0.007026901 -0.03273475 -0.0007363983 0.007042942 -0.03274769 -0.0006692978 0.007051296 -0.03275457 -0.0006195007 0.00595 -0.01946699 0.005542906 0.00595 -0.01941704 0.005422301 -0.00595 -0.01941704 0.005422301 -0.00595 -0.01946699 0.005542906 0.006527002 -0.01944518 0.003245398 0.006458593 -0.01941138 0.003162001 0.007012044 -0.0197952 0.0030381 0.007000226 -0.01979435 0.003075499 0.006981501 -0.0197952 0.003109999 0.006956591 -0.01979772 0.003140204 0.006627055 -0.01941269 0.002938002 0.006925855 -0.01968856 0.003119299 0.00687493 -0.01959142 0.003085699 0.006676899 -0.01949663 0.003173598 0.006721509 -0.01944989 0.002991805 0.006805776 -0.01951036 0.003042197 0.006638397 -0.01941275 0.002908598 0.006744569 -0.01945 0.002933005 0.006840232 -0.01951021 0.002955603 0.006920023 -0.01959105 0.002975005 0.006979902 -0.0196883 0.002989996 0.006980831 -0.01968999 -0.0005000015 0.006921783 -0.01959307 -0.0005000015 0.006842401 -0.01951197 -0.0005000015 0.006746774 -0.01945085 -0.0005000015 0.006639829 -0.01941288 -0.0005000015 0.006561697 -0.01950194 -0.001095407 0.00654006 -0.01946539 -0.001039796 0.006489639 -0.01941642 -0.0009190994 -0.006789793 -0.01947458 -0.001055605 -0.006721869 -0.0194395 -0.0009877027 -0.006648685 -0.01941501 -0.0009145065 -0.006979951 -0.01968835 0.002989996 -0.006974064 -0.01967597 -0.0006902023 -0.006920125 -0.01959114 0.002975096 -0.006899205 -0.0195659 -0.0008768097 -0.006840253 -0.01951023 0.002955603 -0.00674445 -0.01944994 0.002933005 -0.006638261 -0.01941272 0.002908499 -0.006981501 -0.0197952 0.003109999 -0.006956591 -0.01979772 0.003140204 -0.007000226 -0.01979435 0.003075499 -0.007012044 -0.0197952 0.0030381 -0.006925855 -0.01968856 0.003119299 -0.00687493 -0.01959142 0.003085699 -0.006805776 -0.01951036 0.003042197 -0.006721509 -0.01944989 0.002991805 -0.006627055 -0.01941269 0.002938002 -0.0064585 -0.01941139 0.003161902 -0.00667691 -0.01949664 0.003173598 -0.006526961 -0.01944519 0.003245398 -0.009023349 -0.02289861 -0.0007587982 -0.006571505 -0.01979419 -0.001325601 -0.006766626 -0.01975694 -0.001146501 -0.006927088 -0.01972631 -0.0008767029 -0.006730526 -0.02125005 -0.001465898 -0.007006175 -0.02111834 -0.001325601 -0.00718541 -0.0210327 -0.001146501 -0.007332808 -0.02096228 -0.0008767029 -0.007530162 -0.02248592 -0.001465898 -0.008617769 -0.02347783 -0.001465898 -0.008756104 -0.02328027 -0.001365999 -0.00776326 -0.02228845 -0.001325601 -0.008874897 -0.02311062 -0.001207109 -0.007914829 -0.02216005 -0.001146501 -0.008966048 -0.02298044 -0.0009999939 -0.008039474 -0.02205446 -0.0008767029 -0.01485514 -0.02784529 -0.001465898 -0.01499348 -0.02764773 -0.001365999 -0.01511227 -0.02747807 -0.001207109 -0.01520342 -0.02734789 -0.0009999939 -0.01526072 -0.02726606 -0.0007587982 -0.01508048 -0.02977553 -0.0007587982 -0.01476184 -0.02914429 -0.001465898 -0.01555687 -0.02922406 -0.0009999939 -0.01503546 -0.02968635 -0.0009999939 -0.01496385 -0.02954448 -0.001207109 -0.01525222 -0.02902117 -0.001365999 -0.01487052 -0.02935959 -0.001365999 -0.01578242 -0.02856474 -0.0009999939 -0.01541733 -0.02853852 -0.001365999 -0.01565341 -0.02787995 -0.0009999939 -0.01532289 -0.02803722 -0.001365999 -0.007332975 -0.03255265 -0.0007587982 -0.007178035 -0.03186273 -0.001465898 -0.00995891 -0.03174512 -0.0009999939 -0.007311085 -0.03245518 -0.0009999939 -0.007276263 -0.03230012 -0.001207109 -0.009849661 -0.03139578 -0.001365999 -0.007230882 -0.03209805 -0.001365999 -0.01253951 -0.0308201 -0.0009999939 -0.01240195 -0.0304809 -0.001365999 -0.006914726 -0.03195392 -0.001465898 -0.006678396 -0.03210155 -0.001465898 -0.006480958 -0.03229819 -0.001465898 -0.007108055 -0.03235838 -0.001207109 -0.006332362 -0.03253392 -0.001465898 -0.006957083 -0.03245269 -0.001207109 -0.007176591 -0.03250176 -0.0009999939 -0.006240099 -0.03279686 -0.001465898 -0.006830955 -0.0325783 -0.001207109 -0.007055877 -0.03257717 -0.0009999939 -0.006736029 -0.03272889 -0.001207109 -0.006955029 -0.0326776 -0.0009999939 -0.006677089 -0.03289686 -0.001207109 -0.006879129 -0.03279801 -0.0009999939 -0.006832003 -0.03293232 -0.0009999939</float_array>
          <technique_common>
            <accessor count="918" source="#cubeverts-array2-array" stride="3">
              <param type="float" name="X"/>
              <param type="float" name="Y"/>
              <param type="float" name="Z"/>
            </accessor>
          </technique_common>
        </source>
        <source id="cubenormals-array2">
          <float_array count="5496" id="cubenormals-array2-array">0 -0 1 0 0 1 0 0 1 0 0 1 0 0 1 0 0 1 0 -0 1 0 0 1 0 0 1 0 0 1 0 0 1 0 0 1 0 0 1 0 0 1 0 0 1 0 -0 1 0 0 1 0 0 1 0 -0 1 0 0 1 0 0 1 0 0 1 0 -0 1 0 -0 1 0 0 1 0 0 1 0 0 1 0 0 1 0.08673588 -0.9962313 0 0 -1 0 0.08673588 -0.9962313 0 -0.08673588 -0.9962313 0 0 -1 0 -0.08673588 -0.9962313 0 0.4135689 -0.9104728 0 0.3374311 -0.9413503 0 0.4135689 -0.9104728 0 0.2590144 -0.9658734 0 0.3374311 -0.9413503 0 0.2590144 -0.9658734 0 0.6741398 0.7386038 -0 0.8402451 0.5422068 -0 0.6741398 0.7386038 -0 0.9507493 0.3099611 -0 0.8402451 0.5422068 -0 0.9983608 0.05723388 -0 0.9507493 0.3099611 -0 0.9799325 -0.1993291 0 0.9983608 0.05723388 -0 0.8966899 -0.4426593 0 0.9799325 -0.1993291 0 0.7541329 -0.6567219 0 0.8966899 -0.4426593 0 0.5616732 -0.8273591 0 0.7541329 -0.6567219 0 0.5616732 -0.8273591 0 0.5735761 0.8191523 0 0.5735761 0.8191523 0 1 0 -0 1 0 -0 1 0 0 1 0 0 1 0 -0 1 0 0 1 0 0 1 0 0 1 0 0 1 0 0 1 0 0 1 0 0 1 0 0 1 0 0 1 0 0 -0 1 0 -0 1 0 0 1 0 0 1 0 0 1 0 -0 1 0 0 1 -0 0 1 0 0 1 0 -0 1 0 0 1 0 -0.5735761 0.8191523 0 -0.5735761 0.8191523 0 -0.5616732 -0.8273591 0 -0.5616732 -0.8273591 0 -0.7541329 -0.6567219 0 -0.7541329 -0.6567219 0 -0.8966899 -0.4426593 0 -0.8966899 -0.4426593 0 -0.9799325 -0.1993291 0 -0.9799325 -0.1993291 0 -0.9983608 0.05723388 0 -0.9983608 0.05723388 0 -0.9507493 0.3099611 0 -0.9507493 0.3099611 0 -0.8402451 0.5422068 0 -0.8402451 0.5422068 0 -0.6741398 0.7386038 0 -0.6741398 0.7386038 0 -0.2590144 -0.9658734 0 -0.3374311 -0.9413503 0 -0.2590144 -0.9658734 0 -0.4135689 -0.9104728 0 -0.3374311 -0.9413503 0 -0.4135689 -0.9104728 0 -1 0 0 -1 0 0 -1 0 0 -1 0 0 -1 0 0 -1 0 0 -1 0 0 -1 0 0 -1 0 0 -1 0 0 -1 0 0 -1 0 0 -1 0 0 -1 0 0 -1 0 0 0 0 -1 0 0 -1 0 -0 -1 0 0 -1 0 -0 -1 0 -0 -1 0 0 -1 0 0 -1 0 -0 -1 0 0 -1 0 0 -1 0 -0 -1 0 0 -1 0 -0 -1 0 -0 -1 0 0 -1 0 0 -1 0 0 -1 0 0 -1 0 0 -1 0 0 -1 0 0 -1 0 0 -1 0 0 -1 0 0 -1 0 -0 -1 0 0 -1 0 0 -1 0 0 -1 0 -0 -1 0 0 -1 0 -0 -1 0 0 -1 0 0 -1 0 0 -1 0 0 -1 0 -0 -1 0 0 -1 0 0 -1 0 0 -1 0 0 -1 0 -0 1 0 -0 1 0 0 1 0 0 1 0 0 1 0.0002430277 0.7078159 -0.7063968 0.0001464044 0.7075078 -0.7067055 -0.0002030342 0.7067736 -0.7074398 -0.0001099712 0.7069182 -0.7072954 2.195338e-05 0.7070799 -0.7071336 0 0.7070578 -0.7071558 0 0.7070578 -0.7071558 0.0001176894 0.706964 -0.7072496 5.538416e-05 0.7070058 -0.7072078 0.001778981 0.7067719 -0.7074392 0.004444072 0.7068479 -0.7073517 5.002633e-05 0.7070087 -0.7072048 -0.002144902 0.7070899 -0.7071204 -0.0002118233 0.7071261 -0.7070874 0.0009022753 0.7067922 -0.7074206 0.0004450299 0.7068999 -0.7073134 0.0007606946 0.7068173 -0.7073956 -0.0001565151 0.7070017 0.7072118 -0.0002024407 0.7069851 0.7072284 -0.000630349 0.7070532 0.7071601 0.0006845263 0.7072992 0.7069139 -4.651006e-05 0.7070102 0.7072033 0.0005726011 0.7071558 0.7070575 7.372076e-05 0.7070944 0.7071192 -2.627114e-07 0.7070749 0.7071387 -0.0003597144 0.7071856 0.7070279 0.0004089839 0.7070919 0.7071215 -0.00066259 0.7071557 0.7070575 -0 0.7071558 0.7070577 -0 0.7071558 0.7070577 0.0002664219 0.7069972 0.7072164 -0.0002530053 0.7071005 0.707113 -2.427996e-06 0.7070929 0.7071207 -1.160024e-05 0.7071371 0.7070764 9.649152e-05 0.7071196 0.707094 -0.9717786 0.2099841 0.1074853 -0.9745098 0.2243447 0.0002851902 -0.9759988 0.2177757 0.0001225872 -0.9647859 0.2630318 0.001630098 -0.9777988 0.2095457 0 -0.9162058 0.400645 -0.007109863 -0.9454474 0.3256001 0.01066247 -0.8072451 0.5902007 -0.004294029 -0.8347997 0.5504867 0.008589198 -0.6596923 0.7515358 0 -0.6717093 0.7407977 0.005033426 0.9717786 0.2099841 0.1074851 0.9777988 0.2095457 0 0.9759988 0.2177757 0.0001225872 0.9745098 0.2243447 0.0002851902 0.9454474 0.3256001 0.01066247 0.9647859 0.2630318 0.001630098 0.8347997 0.5504867 0.008589198 0.9162058 0.400645 -0.007109863 0.6717093 0.7407977 0.005033426 0.8072451 0.5902007 -0.004294029 0.6596923 0.7515358 0 0.08874971 0.09731097 -0.9912891 0.6660601 0.7345675 -0.1295169 0.04640597 0.01523325 -0.9988064 0.9393581 0.3235029 -0.1138083 0.2635406 0.2819508 -0.9225237 0.1342332 0.1688057 -0.9764661 0.4109035 0.4531736 -0.7910702 0.5344697 0.5894511 -0.6057141 0.3762141 0.4294051 -0.8210202 0.624935 0.6820318 -0.379854 0.6390787 0.7351342 -0.2261768 0.5423934 0.6075704 -0.5802307 0.1798788 0.1163857 -0.9767794 0.1736991 0.1145417 -0.9781149 0.6605296 0.2304401 -0.7145615 0.4758638 0.3137964 -0.8216359 0.4758623 0.313796 -0.8216369 0.8130773 0.5361626 -0.226793 0.8130773 0.5361636 -0.2267907 0.6796991 0.4482107 -0.5806171 0.6796994 0.4482107 -0.5806168 0.9275823 0.2973939 -0.2261587 0.1907183 -0.4442385 -0.8753734 0.2947124 0.0617331 -0.9535898 0.4995697 0.1034548 -0.860074 0.5389466 0.1856056 -0.8216369 0.1948771 0.06711289 -0.9785289 0.4838139 0.1449634 -0.8630815 0.2505534 0.0686525 -0.9656655 0.8181816 0.1884709 -0.543192 0.9174862 0.2086053 -0.3386781 0.769806 0.2651091 -0.580617 0.8900547 0.3065208 -0.3374132 0.803269 0.2622204 -0.5347889 0.07492963 0.1070105 -0.9914305 0.07493212 0.1070143 -0.9914298 0.219498 0.3134755 -0.9238797 0.2194963 0.3134729 -0.9238809 0.3491329 0.4986139 -0.7934043 0.3491277 0.4986057 -0.7934118 0.4550542 0.6498854 -0.6087484 0.4550547 0.6498861 -0.6087473 0.5299228 0.7568091 -0.3826509 0.529922 0.7568078 -0.3826546 0.5686688 0.8121439 -0.1305296 0.5686691 0.8121445 -0.1305248 0.1306387 0 -0.99143 0.1984823 0.003154615 -0.9800994 0.523501 0.002319312 -0.8520219 0.3826779 -0.0016581 -0.9238803 0.7418911 0.001514218 -0.6705187 0.6086921 -0.001492902 -0.7934051 0.8744659 0.001029546 -0.4850859 0.7933655 -0.001567235 -0.6087435 0.9494911 0.0005739437 -0.3137932 0.9843473 -0.0003525904 -0.176239 0.9238852 -0.001804525 -0.3826654 0.9981538 0 -0.06073722 0.9914418 -0.001840645 -0.1305358 0.6684668 0.7323883 -0.1294587 0.08880163 0.09727995 -0.9912875 0.556946 -0.8203957 -0.1294684 0.07397424 -0.1089718 -0.9912885 0.6131998 0.5186167 -0.5958379 0.7088087 0.5994783 -0.3717743 0.9188618 0.2995652 -0.2568146 0.812064 0.5240217 -0.2568136 0.732758 0.5970249 -0.3265378 0.3006564 0.2542788 -0.9192105 0.4745771 0.4013716 -0.7833757 0.2192091 0.1414669 -0.9653676 0.248043 0.08086938 -0.9653677 0.5781402 0.4170578 -0.7012965 0.2352077 0.06858817 -0.9695221 0.9470656 -0.1926436 -0.2568174 0.9648761 0.05531426 -0.2568159 0.9251205 0.1742845 -0.3373083 0.2604661 0.01493038 -0.9653676 0.2556574 -0.05201961 -0.9653668 0.2710887 0.0510703 -0.9611986 0.7064457 0.133087 -0.695142 0.7064446 0.1330879 -0.6951429 0.7288401 -0.6346961 -0.2568134 0.8666159 -0.4278129 -0.2568131 0.5327902 -0.6009275 -0.5958363 0.6158587 -0.6946194 -0.371782 0.639918 -0.6956142 -0.3265363 0.8907167 -0.3047076 -0.3373087 0.2612357 -0.2946444 -0.9192065 0.4123409 -0.465074 -0.7833781 0.2339474 -0.1154743 -0.9653674 0.1967438 -0.1713401 -0.9653675 0.5126044 -0.4954017 -0.7012944 0.6801746 -0.2326804 -0.6951419 0.2610027 -0.0892862 -0.9612001 0.6801756 -0.232683 -0.6951401 0.222992 -0.1014983 -0.9695218 0.410035 -0.902693 -0.1304478 0.3821376 -0.8412811 -0.3823836 0.4100344 -0.9026961 -0.1304284 0.3305196 -0.7214701 -0.6084716 0.3726579 -0.8290607 -0.4168746 0.3364575 -0.938634 -0.0759114 0.366963 -0.9210287 -0.1305533 0.254534 -0.5531894 -0.7932174 0.2910869 -0.654189 -0.6980725 0.3363971 -0.8443125 -0.4171013 0.2649572 -0.6649985 -0.6982654 0.3364003 -0.8443089 -0.417106 0.05020373 -0.1123482 -0.9923999 0.05407055 -0.1190372 -0.9914164 0.1583809 -0.3486783 -0.9237635 0.1728554 -0.392193 -0.9034963 0.2649508 -0.6649964 -0.6982698 0.1585797 -0.3980172 -0.9035679 0.1585788 -0.3980193 -0.9035671 0.04835327 -0.1213626 -0.9914298 0.3288182 -0.9353383 -0.130464 0.301455 -0.8575091 -0.4168967 0.301455 -0.8575023 -0.4169109 0.09416024 -0.2787214 -0.9557449 -0.001123264 -0.1405327 -0.9900755 0.1421631 -0.4043914 -0.9034696 0.2374762 -0.6755149 -0.6980578 0.2374766 -0.6755183 -0.6980543 0.2588061 -0.9650969 -0.04009153 0.2842954 -0.9498091 -0.1305327 0.2606153 -0.8706957 -0.4170955 0.2606098 -0.8706927 -0.4171053 0.2052688 -0.6857967 -0.6982461 0.2052684 -0.685798 -0.6982449 0.1666893 -0.08693515 -0.9821696 0.1228619 -0.4104778 -0.9035558 0.6314268 -0.7666013 -0.1167171 0.1444535 -0.9655655 -0.2163711 0.2450314 -0.9606911 -0.1305081 0.2998599 -0.8577392 -0.4175733 0.1863106 -0.8420157 -0.5062587 0.3138577 -0.8543831 -0.4141533 0.2246356 -0.8807158 -0.4169875 0.2246347 -0.8807219 -0.416975 0.2226989 -0.7090539 -0.6690649 0.1381532 -0.6366322 -0.7586917 0.1769515 -0.6937636 -0.6981263 0.1769515 -0.6937664 -0.6981235 0.1059246 -0.415294 -0.9034992 0.1546496 -0.6989263 -0.6982732 0.02648392 -0.1124328 -0.9933063 0.03230061 -0.1266391 -0.9914228 0.1059255 -0.4152959 -0.9034982 0.1514529 -0.4048782 -0.9017403 0.04992758 -0.3027479 -0.951762 0.03522925 -0.06564524 -0.9972209 0.02636374 -0.121635 -0.9922248 0.09089346 -0.4184654 -0.9036731 0.09075822 -0.4187334 -0.9035625 -0.1306387 -0 -0.99143 -0.1306387 0 -0.99143 -0.3826784 -0 -0.9238816 -0.3826784 0 -0.9238816 -0.6086928 -0 -0.793406 -0.7933666 -0 -0.6087443 -0.6086928 0 -0.793406 -0.7933666 -0 -0.6087443 -0.9238867 -0 -0.3826661 -0.9238867 0 -0.3826661 -0.9914435 -0 -0.130536 -0.9914435 0 -0.130536 0.9923486 -0.0001085249 0.1234678 0.9476643 5.852238e-05 0.3192685 0.9914436 0 0.130536 0.8870565 0.000113926 0.4616608 0.8250798 -0.0001135108 0.5650162 0.9238955 -0.0004857164 0.3826447 0.7743958 -0.0002147974 0.6327013 0.7125921 6.984239e-05 0.7015785 0.6377149 -0.0001737245 0.7702724 0.7933334 -0.0004658159 0.6087874 0.5597688 -6.429007e-05 0.8286489 0.4786299 4.987957e-05 0.8780168 0.6087117 -0.0004695828 0.7933913 0.223202 0.0001210509 0.9747722 0.366851 -0.0002076998 0.9302797 0.3827041 -0.0003890551 0.9238709 0.07482337 -0 0.9971968 0.1306059 -0.0004753518 0.9914343 -0.995722 0 0.0923996 -0.9914435 -0.0004094978 0.130536 -0.9238955 -0.0004761715 0.3826447 -0.9615156 0.0002417072 0.27475 -0.8941805 0.0001434256 0.4477065 -0.7933334 -0.000462237 0.6087873 -0.8245391 -0.0001153125 0.5658049 -0.774332 -0.0002108883 0.6327794 -0.7121114 7.118102e-05 0.7020665 -0.6087117 -0.0004689833 0.7933913 -0.6373407 -0.0001763017 0.7705821 -0.5593963 -6.182928e-05 0.8289003 -0.3827041 -0.000389055 0.9238709 -0.4789007 5.115406e-05 0.8778691 -0.366851 -0.0002076998 0.9302797 -0.1306059 -0.0004753518 0.9914343 -0.223202 0.0001210509 0.9747722 -0.07482337 0 0.9971968 0.1301952 -0.07923817 0.988317 0.1502007 -0.05917477 0.986883 0.3816862 -0.07288706 0.9214137 0.396879 -0.05586939 0.9161691 0.6075318 -0.06223476 0.7918535 0.6176912 -0.04803208 0.7849525 0.79278 -0.03734332 0.6083628 0.7983924 -0.0468578 0.6003116 0.9236568 -0.02273318 0.3825459 0.9256848 -0.02915747 0.3771702 0.9914223 -0.006556442 0.1305332 0.9916435 -0.009075666 0.1286881 -0.9914223 -0.006556456 0.1305332 -0.9916435 -0.009075683 0.1286881 -0.9236568 -0.02273316 0.3825458 -0.9256848 -0.02915744 0.3771702 -0.7927801 -0.03734335 0.6083628 -0.7983924 -0.04685779 0.6003116 -0.6075318 -0.06223477 0.7918535 -0.6176913 -0.0480321 0.7849525 -0.3816862 -0.07288708 0.9214137 -0.396879 -0.05586937 0.9161691 -0.1301952 -0.07923817 0.988317 -0.1502007 -0.05917478 0.986883 0.06126012 -0.2416155 0.9684364 -0.09130106 -0.07837684 0.9927342 0.01610327 -0.1363171 0.9905344 0.01968665 -0.1404508 0.9898919 0.06553002 -0.4348651 0.8981081 0.091129 -0.6058381 0.7903517 0.02544189 -0.4108402 0.9113523 0.05696898 -0.4064711 0.9118858 0.08529291 -0.608561 0.7889097 0.05697452 -0.4064743 0.9118841 0.1207888 -0.7492511 0.651178 0.09428868 -0.8568964 0.5067921 0.04938218 -0.6654939 0.744768 0.1283722 -0.9378542 0.3224127 0.1335864 -0.9759477 0.1722816 -0.08690736 -0.9819158 0.1681917 -0.02897989 -0.9017574 0.43127 0.01511897 -0.1423406 0.9897022 0.04336476 -0.4082662 0.9118323 0.04336757 -0.4082733 0.911829 0.08263328 -0.9491096 0.3039127 -0.01176343 -0.9884729 0.15094 0.07043172 -0.6630839 0.7452242 0.07043459 -0.6630891 0.7452192 0.09505749 -0.8949248 0.4359745 0.005339572 -0.1361665 0.9906716 0.02498393 -0.4097256 0.9118666 0.008710275 -0.1428447 0.9897068 0.02498537 -0.4097216 0.9118684 0.04058708 -0.6655002 0.7452934 0.04058274 -0.6654944 0.7452987 0.003108007 -0.1430851 0.9897055 0.0547821 -0.8982539 0.4360492 0.2599544 -0.9589785 0.1130662 0.008914938 -0.4104223 0.9118519 0.008911929 -0.4104143 0.9118556 0 -0.9530146 0.3029245 -0.1417903 -0.9833257 0.113869 0.01447311 -0.6666042 0.7452712 0.01953455 -0.899725 0.4360199 0.01447503 -0.6666077 0.7452681 -0.005339572 -0.1361665 0.9906716 -0.003108007 -0.1430851 0.9897055 -0.008912102 -0.4104223 0.911852 -0.008914771 -0.4104142 0.9118556 -0.01447318 -0.6666077 0.7452682 -0.01447495 -0.6666042 0.7452713 -0.008710275 -0.1428447 0.9897068 -0.02498393 -0.4097256 0.9118666 -0.02498537 -0.4097216 0.9118684 -0.01953455 -0.899725 0.43602 0.1417903 -0.9833257 0.1138689 -0.04058311 -0.6655005 0.7452933 -0.2599544 -0.9589785 0.1130662 -0.08263328 -0.9491096 0.3039127 -0.04058672 -0.6654942 0.7452987 -0.0547821 -0.8982539 0.4360491 -0.01605976 -0.1359488 0.9905857 -0.01490609 -0.1423575 0.9897031 0.06403219 -0.07642005 0.9950175 -0.0518015 -0.3465894 0.9365855 -0.03153008 -0.210959 0.9769863 -0.01912002 -0.1398933 0.9899819 -0.04275413 -0.4083169 0.9118385 -0.06944029 -0.663179 0.7452325 -0.05558032 -0.4066581 0.9118882 -0.04275431 -0.408316 0.9118388 -0.02330791 -0.4110087 0.9113334 -0.1109338 -0.5184047 0.8479094 -0.05559079 -0.4066637 0.911885 -0.06943913 -0.6631771 0.7452344 -0.1218524 -0.8400431 0.5286582 -0.1012833 -0.6982409 0.7086617 -0.02856511 -0.6678616 0.743737 -0.09029431 -0.6605308 0.7453496 -0.1149408 -0.8410196 0.5286536 -0.09027538 -0.6605433 0.7453407 -0.1217032 -0.9857833 0.1158432 -0.1355409 -0.9361524 0.3244184 -0.01552513 -0.9008516 0.4338495 0.03385611 -0.9928686 0.1143056 -0.09371874 -0.8950592 0.4359885 0.1499371 -0.2374708 0.9597534 0.9866456 -0.1177401 0.1125512 0.3402249 -0.9155899 0.2143413 0.3445061 -0.9139585 0.2144654 0.2440358 -0.9629371 0.1148852 0.24735 -0.9621006 0.1148064 0.1703561 -0.9846482 0.03803646 0.8904176 -0.3228816 0.3207863 0.7954113 -0.1778664 0.5793828 0.6161361 -0.2042357 0.7606997 0.3825304 -0.3974678 0.8340803 0.4043143 -0.3692142 0.8367859 0.8896545 -0.3000214 0.3442412 0.4038476 -0.3414005 0.848736 0.2796892 -0.4353234 0.8557262 0.4139654 -0.2845373 0.8646798 0.5677379 -0.435467 0.6986002 0.9201376 -0.342083 0.1905938 0.7447749 -0.4122105 0.5247788 0.9267169 -0.1038393 0.3611277 0.8084587 -0.303085 0.5045136 0.5647838 -0.5392926 0.6246462 0.7345194 -0.511575 0.4458387 0.2729919 -0.6127455 0.7416322 0.4899322 -0.6125416 0.6202897 0.2772184 -0.6098017 0.7424904 0.5085341 -0.6303943 0.5865117 0.833647 -0.5299646 0.1554679 0.740106 -0.5196682 0.4268348 0.8527614 -0.4745089 0.2182643 0.6605282 -0.6113827 0.435791 0.640034 -0.6818166 0.3542353 0.6718041 -0.7165631 0.1876612 0.2282195 -0.8518783 0.4714013 0.4941039 -0.705831 0.507606 0.3227485 -0.7515287 0.575359 0.2963583 -0.857759 0.4200251 0.5419246 -0.8228537 0.1709664 0.3075053 -0.7627655 0.5688843 0.3747766 -0.8935322 0.2472706 0.719447 -0.6850496 0.1144689 0.500534 -0.8509902 0.1590012 0.7735119 -0.5489102 0.3168232 0.5579126 -0.7555332 0.3433701 -0.9893204 -0.08643708 0.1173617 -0.8925675 -0.3148172 0.3228211 -0.1503636 -0.2041429 0.9673244 -0.3833631 -0.3904133 0.8370246 -0.3450379 -0.9132717 0.2165264 -0.3449961 -0.9131219 0.2172237 -0.2038498 -0.9762715 0.07307078 -0.3970529 -0.3305068 0.8562208 -0.6136037 -0.2394322 0.7524378 -0.7921481 -0.213252 0.5718611 -0.9020698 -0.2664632 0.3395106 -0.8962432 -0.3069866 0.3201678 -0.3794407 -0.382834 0.8422962 -0.876036 -0.3472388 0.334643 -0.4014426 -0.4161481 0.8158827 -0.8772597 -0.441648 0.1880494 -0.8753642 -0.3499492 0.3335761 -0.7386273 -0.4992505 0.4529665 -0.2473403 -0.5213619 0.8167034 -0.4416727 -0.242383 0.8638147 -0.5755278 -0.5263351 0.6258906 -0.651453 -0.7451855 0.1425048 -0.6579418 -0.6152204 0.4343 -0.3299984 -0.6991501 0.6342635 -0.4882873 -0.634358 0.599304 -0.3611113 -0.8318181 0.4215178 -0.5938693 -0.7961141 0.1162827 -0.7551246 -0.6392427 0.1454497 -0.7601314 -0.5958571 0.2591422 -0.3983895 -0.8755651 0.2732611 -0.6263073 -0.6975493 0.3480862 -0.2772763 -0.9281077 0.248463 -0.2261405 -0.7058468 0.6712977 -0.3100916 -0.8491367 0.427563 -0.492969 -0.719882 0.4886221 -0.4175074 -0.5361449 0.7336457 0.9945003 -0.1047331 0 0.9512805 -0.3083268 0 0.9945003 -0.1047331 0 0.9512805 -0.3083268 0 0.8685744 -0.4955587 0 0.7532592 -0.6577237 0 0.8685745 -0.4955587 0 0.6106663 -0.791888 0 0.7532592 -0.6577237 0 0.6106663 -0.7918881 0 0.4469214 -0.8945732 0 0.4469214 -0.8945732 0 0.3030164 -0.9529853 0 0.1889289 -0.9819908 0 0.3030164 -0.9529853 0 0.1889289 -0.9819908 0 -0.2394572 -0.9709069 0 -0.2394572 -0.970907 0 -0.4484557 -0.893805 0 -0.4484557 -0.893805 0 -0.6366864 -0.7711228 0 -0.6366864 -0.7711228 0 -0.7956554 -0.6057496 0 -0.7956553 -0.6057495 0 -0.914669 -0.4042035 0 -0.9146691 -0.4042035 0 -0.975257 -0.2210743 0 -0.9752569 -0.2210743 0 -0.9972307 -0.0743706 0 -0.9972306 -0.0743706 0 0.9866456 -0.1177399 -0.1125508 0.149937 -0.2375043 -0.959745 0.3445125 -0.9139554 -0.2144684 0.2473464 -0.9621015 -0.1148065 0.3402205 -0.9155909 -0.2143439 0.1703553 -0.9846482 -0.03803832 0.2440282 -0.9629391 -0.1148853 0.8904176 -0.3228932 -0.3207749 0.7954101 -0.1778798 -0.5793805 0.616136 -0.2042532 -0.7606952 0.3825277 -0.3974862 -0.8340726 0.8896543 -0.3000219 -0.3442414 0.4043073 -0.3692392 -0.8367784 0.9201382 -0.3420798 -0.1905963 0.9267169 -0.103839 -0.361128 0.4038393 -0.3413609 -0.8487559 0.8084807 -0.3030567 -0.5044955 0.7447861 -0.4122065 -0.524766 0.7345303 -0.5115615 -0.4458364 0.833646 -0.5299652 -0.1554711 0.7401229 -0.5196648 -0.4268098 0.8527598 -0.4745102 -0.2182682 0.279688 -0.4352965 -0.8557404 0.5677372 -0.4354652 -0.6986018 0.5647845 -0.5392765 -0.6246594 0.4139515 -0.2845226 -0.8646913 0.6605375 -0.6113897 -0.4357669 0.272992 -0.6127447 -0.7416329 0.2772179 -0.6098013 -0.7424908 0.508532 -0.6304085 -0.5864984 0.4899155 -0.6125427 -0.6203017 0.640046 -0.6818058 -0.3542342 0.6718099 -0.7165568 -0.1876639 0.4941068 -0.7058187 -0.5076204 0.2282225 -0.8518695 -0.4714158 0.7194452 -0.6850515 -0.1144692 0.7735044 -0.5489315 -0.3168047 0.5419248 -0.8228536 -0.1709665 0.3227484 -0.7515354 -0.5753504 0.2963603 -0.8577557 -0.4200306 0.3074777 -0.7627919 -0.5688638 0.3747798 -0.8935311 -0.2472695 0.5005335 -0.8509905 -0.1590011 0.5579062 -0.7555482 -0.3433478 0.9916437 -0.00908321 -0.1286866 0.9914222 -0.006561973 -0.1305332 0.9236485 -0.02270822 -0.3825673 0.9256892 -0.02917232 -0.3771585 0.7928127 -0.0373584 -0.6083193 0.7983908 -0.0468156 -0.600317 0.6075118 -0.06226357 -0.7918666 0.6176922 -0.048032 -0.7849518 0.3816605 -0.07288935 -0.9214242 0.3968778 -0.05584427 -0.9161711 0.1302282 -0.07920855 -0.988315 0.1502012 -0.0591776 -0.9868828 -0.1503643 -0.2041171 -0.9673297 -0.3833652 -0.3903925 -0.8370334 -0.8925471 -0.3149069 -0.32279 -0.9893178 -0.08647506 -0.1173555 -0.3449939 -0.9131234 -0.2172214 -0.2038506 -0.9762712 -0.07307172 -0.3450357 -0.913273 -0.2165246 -0.3970486 -0.3305702 -0.8561984 -0.9021012 -0.2663462 -0.3395189 -0.6136037 -0.2394427 -0.7524346 -0.7921469 -0.21326 -0.5718596 -0.3794553 -0.3828374 -0.8422881 -0.8962554 -0.3070071 -0.3201138 -0.8760346 -0.34724 -0.334646 -0.4014342 -0.4161485 -0.8158866 -0.2473496 -0.5213509 -0.8167077 -0.44166 -0.2424051 -0.8638149 -0.5755074 -0.526324 -0.6259187 -0.8772724 -0.441643 -0.1880014 -0.7385073 -0.4992772 -0.4531327 -0.8753846 -0.3498624 -0.3336137 -0.4880854 -0.6345488 -0.5992666 -0.330046 -0.6992286 -0.6341522 -0.6576925 -0.6154013 -0.4344213 -0.6513606 -0.7452773 -0.1424475 -0.2261408 -0.7058475 -0.671297 -0.4177181 -0.5359219 -0.733689 -0.3100876 -0.8491306 -0.4275779 -0.4931174 -0.7197398 -0.4886819 -0.361109 -0.8318153 -0.4215252 -0.5938694 -0.7961141 -0.1162825 -0.7551259 -0.6392412 -0.1454497 -0.7601333 -0.5958258 -0.2592086 -0.6264176 -0.6974376 -0.3481117 -0.3983895 -0.8755651 -0.2732611 -0.2772722 -0.9281093 -0.2484616 0.1187027 -0.8591811 -0.4977122 0.1295754 -0.9378784 -0.3218607 -0.05336328 -0.9638347 -0.2611035 -0.2521363 -0.9358505 -0.2461935 0.09066261 -0.6057922 -0.7904405 0.1118041 -0.7483618 -0.6538001 0.03516688 -0.8162584 -0.5766156 0.1050276 -0.7493471 -0.6537952 0.09582856 -0.4361556 -0.8947543 -0.008775624 -0.5653558 -0.8248005 0.07779081 -0.5550194 -0.8281921 0.07779787 -0.5550138 -0.8281951 0.01075012 -0.07078052 -0.997434 0.0368234 -0.2424513 -0.9694645 -0.0008018206 -0.2854104 -0.958405 0.007740017 -0.06552065 -0.9978212 0.03922109 -0.2798051 -0.9592553 0.03921701 -0.2798093 -0.9592543 0.009765371 -0.06967489 -0.9975219 0.08550904 -0.9821401 -0.1675978 0.103203 -0.9715677 -0.2130851 0.08619246 -0.8114445 -0.5780386 0.08619389 -0.8114415 -0.5780426 0.05951042 -0.9759758 -0.2095948 0.05921212 -0.5574463 -0.8280988 0.05921239 -0.5574452 -0.8280994 0.02985394 -0.2810526 -0.9592279 0.007568031 -0.07124735 -0.99743 0.02985367 -0.2810542 -0.9592274 0.04966471 -0.8144328 -0.5781286 0.04966059 -0.8144377 -0.5781221 0.008085654 -0.2061954 -0.9784774 -0.08439006 -0.07817778 -0.9933612 0.03411604 -0.5594561 -0.8281577 0.01719981 -0.2820533 -0.9592445 0.03411604 -0.5594561 -0.8281576 0 -0.9861357 -0.1659406 0.02122778 -0.9775615 -0.2095781 0.01771518 -0.8157806 -0.5780902 0.01771472 -0.8157812 -0.5780893 0.01216634 -0.5603952 -0.828136 0.01216918 -0.5603886 -0.8281403 -0.02122778 -0.9775615 -0.2095781 0.07333741 -0.07142739 -0.9947461 0.00613393 -0.2825355 -0.9592372 -0.01771519 -0.8157812 -0.5780893 -0.0177147 -0.8157805 -0.5780903 -0.08550904 -0.9821401 -0.1675978 -0.05951042 -0.9759758 -0.2095948 -0.006133927 -0.2825355 -0.9592372 -0.008085654 -0.2061954 -0.9784774 -0.0121662 -0.5603887 -0.8281404 -0.01216932 -0.5603951 -0.828136 -0.07333742 -0.07142744 -0.9947461 -0.04966498 -0.8144373 -0.5781221 -0.04966031 -0.814433 -0.5781286 -0.03411604 -0.5594561 -0.8281577 -0.03411604 -0.5594561 -0.8281576 -0.01719981 -0.2820532 -0.9592446 0.08439007 -0.07817778 -0.9933612 0.0616741 -0.9766313 -0.2058825 -0.138348 -0.9361909 -0.3231198 -0.1018309 -0.9724803 -0.2095532 -0.04869175 -0.8313155 -0.5536638 -0.08497568 -0.8115591 -0.578058 -0.05837587 -0.5575179 -0.8281098 -0.08498118 -0.8115658 -0.5780476 -0.09297113 -0.8106325 -0.5781273 -0.1464802 -0.7023571 -0.6965902 -0.1003649 -0.7342322 -0.6714387 -0.02943263 -0.2810882 -0.9592305 -0.06740475 -0.06640901 -0.9955132 -0.05837703 -0.5575138 -0.8281127 -0.07681908 -0.5160934 -0.8530806 -0.05159866 -0.3466552 -0.9365723 -0.02293941 -0.5619229 -0.8268715 -0.07590381 -0.555284 -0.8281898 -0.07588562 -0.555277 -0.8281961 -0.03162313 -0.2109289 -0.9769897 -0.01061324 -0.07079121 -0.9974347 -0.007896586 -0.06684604 -0.997732 -0.004103624 -0.2846142 -0.9586334 -0.00606097 -0.262557 -0.9648974 -0.03825699 -0.2799374 -0.9592557 -0.1302282 -0.07920855 -0.988315 -0.1502011 -0.0591776 -0.9868828 -0.3816605 -0.07288934 -0.9214242 -0.3968779 -0.05584427 -0.9161711 -0.6075118 -0.06226354 -0.7918666 -0.6176922 -0.04803204 -0.7849518 -0.7928127 -0.03735843 -0.6083193 -0.7983909 -0.04681558 -0.6003169 -0.9236485 -0.02270821 -0.3825673 -0.9256892 -0.02917233 -0.3771584 -0.9914222 -0.006561975 -0.1305332 -0.9916437 -0.009083199 -0.1286866 -0.9958577 0.09091374 0.001516582 -0.997126 0.07576006 0 -0.9819099 0.1893481 -0.0004352367 -0.9620398 0.2729006 0.002159714 -0.9647993 0.2629835 0.001443992 -0.9421759 0.3351189 -0.0001602564 -0.8942954 0.4474769 0.0004808681 -0.8946311 0.4468052 0.0004086157 -0.7778867 0.6283937 0.003706843 -0.8087546 0.5881463 -0.0003088445 -0.6015228 0.7988467 0.003787857 -0.7021666 0.7120102 -0.001900426 -0.589757 0.8075776 0.002266901 -0.3966252 0.9179747 0.003307807 -0.4828793 0.8756865 -0.0009077716 -0.2188036 0.9757678 0.001493274 -0.07295567 0.9973278 -0.003841576 -0.3247524 0.945794 -0.00308993 -0.1069888 0.9942603 0 0.05426728 0.9985265 0 0.1083629 0.9941069 0.003002425 0.1657619 0.9861658 -7.825426e-05 0.3235171 0.9462198 0.002176578 0.3058299 0.9520861 0.0002769732 0.5262794 0.8503037 0.003679557 0.4536152 0.8911971 -0.001140536 0.68569 0.7278926 0.001191369 0.5815891 0.8134821 -0.001004134 0.8006656 0.5991108 0.000800576 0.7024279 0.7117545 -0.0007257214 0.8872119 0.461362 0.000408159 0.8089958 0.5878143 -0.0003086174 0.9478496 0.3187172 0.0007847501 0.8944433 0.4471805 -0.0008330169 0.9422868 0.3348004 0.002069774 0.9647725 0.2630853 -0.0003501259 0.992876 0.1190733 0.00433951 0.9818832 0.1894868 0.0004795718 0.997126 0.07576005 -0 0.05404607 -0.1187346 0.991454 0.2390235 -0.6618942 0.7104672 0.1840258 -0.6755987 0.7139334 0.1591003 -0.3486037 0.923668 0.06341542 -0.1404376 0.9880566 -0.8655775 -0.4026287 0.2977679 0.2528509 -0.5542572 0.7930104 -0.7640691 -0.5155674 0.3877995 0.1811824 -0.3994444 0.8986752 0.4015441 -0.8840003 0.239386 0.3287401 -0.7222178 0.6085486 0.3827415 -0.8408549 0.3827166 0.4061894 -0.904461 0.1302326 0.3019254 -0.6676996 0.6804544 -0.4231302 -0.7548052 0.5012284 0.1120965 -0.1256618 0.9857199 -0.7810577 -0.333328 0.5280543 -0.5978814 -0.5067407 0.621089 0.1881222 -0.3995304 0.8972099 0.329126 -0.9181809 0.2204988 0.2655987 -0.6833417 0.6800746 -0.1982777 -0.7604345 0.6184055 0.0344022 -0.1500863 0.9880742 0.1027318 -0.1340127 0.9856403 0.09759776 -0.4276911 0.8986406 0.09793927 -0.4272792 0.8987994 0.1558117 -0.4132013 0.8972109 0.210583 -0.6596362 0.721481 0.175386 -0.8078033 0.5627555 0.2104405 -0.9058511 0.3676256 0.2803263 -0.9402276 0.193363 0.3439816 -0.9368778 0.06274287 0.253663 -0.9459182 0.2022222 0.2095224 -0.7026065 0.6800327 0.1629611 -0.7141252 0.6807854 0.08859564 0.09706611 0.9913269 0.07381987 -0.1087363 0.9913259 0.5569581 -0.8204136 0.1293024 0.2599872 0.2848234 0.9226496 0.4126753 0.4520975 0.7907635 0.1887693 0.1776867 0.9658124 0.5364587 0.5877133 0.6056443 0.4126578 0.4520842 0.7907803 0.6684687 0.7323904 0.1294366 0.6235085 0.6830903 0.3802956 0.6685091 0.7323912 0.1292229 0.5976872 0.6282747 0.498037 0.2192153 0.1414594 0.9653672 0.219232 0.1414791 0.9653606 0.5143874 0.3319547 0.7907033 0.514313 0.3318852 0.7907808 0.8331743 0.5376441 0.1294585 0.8331742 0.5376441 0.1294589 0.7290721 0.4704688 0.4971046 0.729071 0.4704667 0.4971082 0.2480506 0.08087103 0.9653656 0.2480469 0.08086842 0.9653667 0.5820247 0.1897521 0.790722 0.5820341 0.1897572 0.7907138 0.9427571 0.3073554 0.1293903 0.9427451 0.3073619 0.129462 0.8249507 0.2689538 0.4971118 0.8249556 0.2689591 0.4971007 0.2604834 0.014928 0.9653628 0.2604785 0.01492619 0.9653643 0.6110819 0.0350168 0.7907925 0.6111756 0.03503923 0.790719 0.989969 0.0567528 0.1293855 0.8662612 0.04966352 0.4971166 0.866261 0.04966334 0.4971172 0.9899661 0.05675543 0.129406 0.255656 -0.05199902 0.9653683 0.2556788 -0.0519968 0.9653624 0.5998045 -0.1219943 0.790792 0.5998788 -0.121996 0.7907353 0.9717125 -0.1976571 0.1292529 0.850272 -0.1729369 0.497122 0.9716983 -0.1976344 0.1293947 0.850271 -0.1729372 0.4971237 0.2339309 -0.1154869 0.9653699 0.2339354 -0.1154876 0.9653687 0.5489052 -0.2709866 0.7907398 0.5489387 -0.2709962 0.7907132 0.7780022 -0.3840885 0.4971806 0.8891668 -0.4389455 0.1292634 0.7478078 -0.6512138 0.1292437 0.8891657 -0.4389415 0.1292856 0.7780458 -0.3840865 0.4971139 0.216624 -0.3190841 0.9226372 0.1967648 -0.1713415 0.965363 0.1967432 -0.1713319 0.9653691 0.1614312 -0.2028321 0.9658153 0.3438066 -0.5064197 0.790782 0.446945 -0.6583404 0.6056633 0.4616129 -0.401991 0.7907698 0.3438098 -0.5064269 0.790776 0.4616673 -0.4020235 0.7907215 0.6543099 -0.5698123 0.4971846 0.5017646 -0.7072515 0.4980236 0.5194895 -0.7652059 0.3802507 0.747785 -0.651216 0.129365 0.6543621 -0.5698236 0.497103 0.5569608 -0.8204011 0.1293704 0.972618 0.2101655 0.09922013 0.9697058 0.2232388 0.09917171 0.9733792 0.1916906 0.1256491 0.9711841 0.2167014 0.09920627 0.9342522 0.201893 0.2939593 0.9711786 0.2167421 0.09917185 0.9726157 0.2101834 0.09920495 0.9146246 0.1635506 0.3697473 0.9259082 0.2373562 0.293864 0.8593385 0.1856754 0.4765103 0.9342512 0.2018616 0.293984 0.9328613 0.2081906 0.2939837 0.9328616 0.2082053 0.2939721 0.7584182 0.1765927 0.6273889 0.7962594 0.1386653 0.5888488 0.84995 0.2252795 0.4762711 0.7507559 0.1622497 0.6403441 0.8593458 0.1857177 0.4764805 0.858067 0.1914783 0.4765051 0.752409 0.1679006 0.6369381 0.8580728 0.1915132 0.4764807 0.0747646 0.1067748 0.9914683 0.07475924 0.106767 0.9914695 0.2196255 0.313658 0.9237875 0.2196667 0.3137158 0.923758 0.3492667 0.4988054 0.793225 0.3492837 0.4988292 0.7932026 0.4550175 0.649832 0.6088328 0.4549723 0.6497689 0.608934 0.5298353 0.7566845 0.3830185 0.5298663 0.756727 0.3828916 0.5686862 0.8121688 0.1302994 0.5686816 0.8121629 0.1303561 0.9571411 0.2609459 0.125651 0.9571421 0.2609479 0.1256397 0.8963219 0.2443631 0.3699917 0.8963256 0.2443658 0.369981 0.7795294 0.2125241 0.5892091 0.779522 0.2125201 0.5892205 0.08224456 0.1015189 0.9914281 0.6944207 0.2590873 0.6713074 0.5005389 0.616318 0.6079579 0.5690233 0.7279766 0.382443 0.5834522 0.8016211 0.1303348 0.566007 0.6448074 0.5136726 0.2415828 0.2981995 0.9234255 0.3839228 0.4738979 0.7924796 0.1563623 0.2080562 0.9655379 0.3898787 0.4828295 0.7841367 0.7654591 0.6301612 0.1302663 0.6204892 0.6142603 0.4875218 0.2144101 0.1996793 0.9561153 0.1841156 0.1822666 0.9658573 0.4405487 0.4361261 0.7846726 0.4405448 0.4361205 0.7846777 0.6701068 0.7308012 0.1299479 0.661894 0.5693039 0.4876367 0.196348 0.168878 0.9658818 0.4698904 0.4041505 0.7847709 0.4699068 0.404173 0.7847496 0.7721182 0.5645183 0.2918093 0.6979418 0.4938105 0.5186795 0.6290002 0.6133634 0.4776441 0.7160512 0.5002149 0.4868836 0.212711 0.1485956 0.9657502 0.2127031 0.1485916 0.9657525 0.5087245 0.3553884 0.7841546 -0.3143943 0.7951949 0.5184796 0.08591049 0.7896488 0.6075147 0.5086848 0.3553541 0.7841958 0.978083 0.1667973 0.1246295 0.8956456 0.2467839 0.3700224 0.7653167 0.2587453 0.5893567 0.6507187 0.220001 0.7267494 0.8051414 0.352078 0.4772719 0.6498168 0.2225552 0.7267787 -0.9051055 -0.4251872 0.0002093988 -0.9045371 -0.4263944 0.0005451722 -0.9038842 -0.4277758 0.001116225 -0.9030938 -0.4294385 0.002032616 -0.9023242 -0.4310466 0.003149399 -0.9013839 -0.4329943 0.004794991 -0.9007129 -0.4343698 0.006259354 -0.9001712 -0.4354696 0.007614824 -0.1860398 -0.6937486 0.6957745 -0.2411873 -0.6728535 0.6993546 -0.05404609 -0.1187347 0.991454 -0.1542372 -0.3510174 0.9235787 -0.2390885 -0.560875 0.792626 -0.3028837 -0.7341009 0.6077479 -0.3413285 -0.8589596 0.3816847 -0.2941151 -0.647495 0.7030267 -0.351842 -0.9270356 0.1296624 -0.08182001 -0.3003791 0.9503042 -0.1694919 -0.7175165 0.6756053 -0.6738934 -0.4540062 0.5828773 -0.1952789 -0.894155 0.4029303 -0.892884 -0.3605098 0.2697979 -0.9691996 -0.2367695 0.06776643 -0.1943971 -0.9723189 0.1296369 -0.04262549 -0.1180368 0.992094 -0.1437553 -0.4178308 0.8970796 -0.4401106 -0.2751738 0.854741 -0.885365 -0.1555481 0.4381023 -0.2277193 -0.7012036 0.6756164 -0.9862069 -0.004144521 0.1654652 -0.2682094 -0.8751403 0.4027322 -0.9950358 0.09199204 0.03796214 -0.2740864 -0.9529077 0.1297826 -0.2166195 -0.3190865 0.9226373 -0.07381864 -0.1087369 0.9913259 -0.07381476 -0.1087288 0.991327 -0.446945 -0.6583404 0.6056633 -0.3438066 -0.5064197 0.790782 -0.2972852 -0.4042464 0.8649893 -0.5569658 -0.8204085 0.1293021 -0.5194895 -0.7652059 0.3802507 -0.5569531 -0.8204064 0.1293703 -0.5017646 -0.7072515 0.4980236 -0.09908636 -0.08628373 0.9913309 -0.0991049 -0.08630565 0.9913272 -0.3796234 -0.3305956 0.8640559 -0.3796031 -0.3305613 0.8640779 -0.7478078 -0.6512138 0.1292437 -0.6543262 -0.5697923 0.4971861 -0.747785 -0.651216 0.1293651 -0.6543446 -0.5698425 0.4971043 -0.1178252 -0.0581679 0.9913292 -0.1178168 -0.05816196 0.9913307 -0.451362 -0.2228215 0.8640735 -0.4513812 -0.2228404 0.8640586 -0.8891643 -0.4389442 0.1292855 -0.8891683 -0.4389428 0.1292633 -0.7780122 -0.3840699 0.4971794 -0.7780371 -0.3841057 0.4971128 -0.1287779 -0.02619272 0.9913275 -0.1287677 -0.02618897 0.9913289 -0.4932673 -0.1003257 0.864073 -0.4932559 -0.1003191 0.8640802 -0.9716945 -0.1976534 0.1293945 -0.9717165 -0.1976381 0.1292526 -0.8502719 -0.1729374 0.497122 -0.850271 -0.1729367 0.4971237 -0.1311966 0.007518722 0.9913279 -0.131199 0.007518495 0.9913275 -0.5025268 0.0288103 0.8640814 -0.502565 0.02880001 0.8640596 -0.9899662 0.05675264 0.1294059 -0.866261 0.04966351 0.4971172 -0.8662612 0.04966336 0.4971167 -0.9899688 0.05675559 0.1293855 -0.1249448 0.04073529 0.9913272 -0.124936 0.04073383 0.9913283 -0.4785914 0.1560324 0.8640626 -0.4785719 0.1560325 0.8640734 -0.8249568 0.2689558 0.4971006 -0.9427481 0.3073525 0.1294617 -0.942754 0.3073648 0.1293902 -0.8249497 0.2689572 0.4971116 -0.08860442 0.09707573 0.9913251 -0.1104338 0.07126283 0.9913254 -0.2599805 0.2848282 0.92265 -0.08859724 0.09706496 0.9913267 -0.1104219 0.07125749 0.991327 -0.4229291 0.2729247 0.8640851 -0.5364587 0.5877133 0.6056443 -0.4126722 0.4520999 0.7907638 -0.3520069 0.3575968 0.8649946 -0.4229532 0.2729309 0.8640714 -0.5976872 0.6282747 0.498037 -0.8331742 0.5376441 0.1294585 -0.7290702 0.4704677 0.4971083 -0.6685091 0.7323912 0.1292229 -0.6235085 0.6830903 0.3802956 -0.8331742 0.537644 0.1294592 -0.6684687 0.7323904 0.1294366 -0.7290727 0.4704679 0.4971047 -0.07475927 0.1067672 0.9914695 -0.219666 0.3137149 0.9237586 -0.07476445 0.1067745 0.9914683 -0.3492842 0.4988299 0.7932019 -0.2196256 0.3136581 0.9237875 -0.4549714 0.6497676 0.608936 -0.3492664 0.498805 0.7932253 -0.5298663 0.7567271 0.3828912 -0.4550169 0.6498312 0.6088341 -0.5686817 0.8121629 0.1303559 -0.5298351 0.7566842 0.3830194 -0.5686859 0.8121684 0.1303032 -0.9862261 0.1100576 0.123472 -0.9055212 0.2089561 0.3692813 -0.7705339 0.2425119 0.589462 -0.7876603 0.3444337 0.5108393 -0.08224455 0.1015189 0.9914281 -0.8731238 0.4697575 0.1303177 -0.7887731 0.3754226 0.4867185 -0.8854011 -0.3160009 0.3408934 -0.238186 0.1259488 0.9630184 -0.6908379 -0.06064012 0.7204622 -0.5640847 0.2600321 0.7837039 -0.7005402 0.5121856 0.4968996 -0.8426814 0.5224102 0.1302904 -0.4512576 0.3727536 0.8108152 -0.2127039 0.1485906 0.9657525 -0.4737285 0.3995384 0.7848251 -0.6701069 0.7308011 0.1299477 -0.661894 0.5693039 0.4876367 -0.2144101 0.1996793 0.9561153 -0.196348 0.168878 0.9658818 -0.4699108 0.404168 0.7847496 -0.469886 0.4041553 0.784771 -0.566007 0.6448074 0.5136726 -0.5834522 0.8016211 0.1303348 -0.5690233 0.7279766 0.382443 -0.5005389 0.616318 0.6079579 -0.6204892 0.6142602 0.4875218 -0.7654591 0.6301612 0.1302661 -0.3839228 0.4738979 0.7924796 -0.2415828 0.2981995 0.9234255 -0.1841156 0.1822666 0.9658573 -0.3898787 0.4828295 0.7841367 -0.4405439 0.4361214 0.7846777 -0.1563623 0.2080562 0.9655379 -0.4405494 0.4361252 0.7846726 -0.9571421 0.2609479 0.1256398 -0.8963256 0.2443658 0.369981 -0.9571411 0.2609459 0.1256511 -0.779522 0.2125201 0.5892204 -0.8963219 0.2443631 0.3699918 -0.7795294 0.2125241 0.5892092 -0.9342522 0.201893 0.2939593 -0.9726142 0.2101831 0.09922012 -0.9726195 0.2101658 0.09920494 -0.9697058 0.2232388 0.09917171 -0.9711875 0.2167021 0.09917183 -0.9733792 0.1916906 0.1256491 -0.9711752 0.2167413 0.09920627 -0.8593385 0.1856754 0.4765103 -0.9342512 0.2018616 0.293984 -0.9146246 0.1635506 0.3697473 -0.9259082 0.2373562 0.293864 -0.9328648 0.2081914 0.2939722 -0.9328582 0.2082046 0.2939837 -0.7507559 0.1622497 0.6403441 -0.8593458 0.1857177 0.4764805 -0.7584182 0.1765927 0.6273889 -0.7962594 0.1386653 0.5888488 -0.8580799 0.1914812 0.4764807 -0.8580598 0.1915103 0.4765052 -0.84995 0.2252795 0.4762711 -0.752409 0.1679006 0.636938 -0.3272247 -0.9449466 -0 -0.5298473 -0.8480931 -0 -0.3272247 -0.9449466 0 -0.7056631 -0.7085475 -0 -0.5298473 -0.8480931 0 -0.8459435 -0.5332726 -0 -0.7056631 -0.7085475 0 -0.9435942 -0.3311042 -0 -0.8459435 -0.5332726 0 -0.9435942 -0.3311042 0 -0.9936797 -0.1122528 0 -0.9936797 -0.1122528 0 -0.9913076 -0.0165585 0.1305181 -0.9948134 -0.0376988 0.09447309 -0.9238916 -0.003916455 0.3826343 -0.1292274 -0.1207467 0.9842361 -0.9952377 -0.09403931 0.02566098 -0.9936283 -0.112247 0.01017366 -0.09747234 -0.2248356 0.9695092 -0.9823079 -0.1679612 0.08282685 -0.9425583 -0.3307407 -0.0468441 -0.3820615 -0.07099837 0.9214056 -0.01718499 -0.3381363 0.9409403 -0.5198229 -0.8320475 -0.1936004 -0.252144 -0.9260042 0.2809621 -0.325855 -0.9409915 0.09139767 -0.4410073 -0.8208443 0.3629425 -0.4738508 -0.7495561 0.4622026 -0.486272 -0.6741436 0.5559406 -0.4804994 -0.5924745 0.6466021 -0.5841128 -0.2801207 0.7618036 -0.7689278 -0.2468345 0.5897651 -0.9370934 -0.2074514 0.2807489 -0.9372247 -0.2703045 0.2203299 -0.6737029 -0.6764566 0.2975414 -0.8258156 -0.5205842 0.2168426 -0.9459718 -0.03486884 0.3223686 -0.94238 -0.3333075 0.02874175 -0.3335562 -0.1650891 0.9281626 -0.3861122 -0.8851415 0.2596957 -0.9914436 0 0.130536 -0.9238986 0 0.3826372 -0.9914436 0 0.130536 -0.7934799 0 0.6085965 -0.9238986 0 0.3826372 -0.7934799 0 0.6085965 -0.383028 0 0.9237368 -0.6084731 0 0.7935745 -0.6084731 0 0.7935745 -0.383028 0 0.9237368 -0.1301799 0 0.9914904 -0.1301799 0 0.9914904 -0.941036 0.1197084 0.3164193 -0.9933934 0.02553656 0.1118824 -0.5392337 0.2159996 0.8139849 -0.6935118 0.1500465 0.7046471 -0.8384344 0.1000025 0.5357491 -0.1063629 -0.5765731 0.8100929 -0.3643124 -0.3087673 0.8786008 -0.6069251 -0.07128625 0.7915555 -0.7928687 0.03924028 0.6081277 -0.9667536 0.06830791 0.2464174 -0.9718116 0.01923549 0.2349727 -0.9234536 0.03103509 0.3824528 -0.9875586 -0.08844001 0.1300245 -0.8694335 0.01811283 0.4937179 -0.845561 -0.1918593 0.4982135 -0.9862246 0.0903253 0.1385727 -0.9904212 0.1063315 0.08808825 -0.9146552 0.1396204 0.3793574 -0.9392453 0.158281 0.3045742 -0.78274 0.1805696 0.5955776 -0.8385659 0.1994052 0.5069956 -0.6941496 0.2285329 0.6825899 -0.9415259 0.3147624 0.1202229 -0.9622662 0.262293 0.07242975 -0.9710057 0.2066167 0.1202391 -0.9622597 0.2623349 0.07236531 -0.899127 0.2451293 0.3626048 -0.8991238 0.2451226 0.3626173 -0.778376 0.2122096 0.590845 -0.778375 0.2122087 0.5908467 -0.7881387 0.18712 0.5863646 -0.8583012 0.3453382 0.379553 -0.7543973 0.2182253 0.619082 -0.9069675 0.3991025 0.1346368 -0.9236659 0.3357742 0.1846536 -0.7094957 0.6595449 0.2482266 -0.8454083 0.4601991 0.2711116 -0.6370221 0.6989633 0.3250431 -0.7068728 0.6847804 0.1772193 -0.7173227 0.6941002 0.06060738 -0.5689326 0.8033686 0.1758252 -0.5699824 0.8195345 0.05901819 -0.317689 0.907706 0.2741233 -0.2076953 0.9630465 0.1714761 -0.1875591 0.9657296 0.1794097 -0.05815534 0.9966592 0.05734581 -0.4600007 0.8291381 0.3176938 -0.39906 0.7941837 0.458283 -0.4575267 0.7602915 0.4611139 -0.4572268 0.7605715 0.4609497 -0.4476175 0.7760531 0.444275 -0.4434664 0.7918028 0.4199832 -0.7135592 0.6026778 0.3572294 -0.5967277 0.7578964 0.2636462 0.5506282 0.8161468 0.175251 0.5598368 0.826511 0.05884148 0.2883867 0.9219771 0.2584401 0.5142836 0.7890306 0.3360702 0.1795351 0.9697015 0.1656694 0.09001855 0.9918219 0.09047652 0.2107525 0.9648749 0.1568436 0.07432424 0.9969618 -0.02330424 0.4413798 0.7872418 0.4306206 0.4554355 0.7629369 0.458809 0.4634577 0.7548772 0.464077 0.4467996 0.7673814 0.4598868 0.4076958 0.7887124 0.4601271 0.4600007 0.8291381 0.3176938 0.5701314 0.7740743 0.2752438 0.683229 0.6095738 0.4020173 0.9069538 0.3991321 0.1346417 0.864048 0.3328615 0.3776562 0.9285819 0.3097994 0.2043523 0.8441513 0.492793 0.2111011 0.7583964 0.5566946 0.3390075 0.7881387 0.18712 0.5863646 0.7516119 0.2206686 0.6215987 0.7172671 0.6941575 0.06060714 0.7068676 0.6847856 0.1772193 0.6982039 0.6665897 0.2610926 0.6371676 0.6988309 0.3250426 0.9710092 0.2065987 0.1202421 0.8991238 0.2451226 0.3626173 0.9622375 0.262394 0.07244565 0.9415258 0.3147631 0.120223 0.9622608 0.2623352 0.07234937 0.778375 0.2122087 0.5908467 0.899127 0.2451293 0.3626049 0.778376 0.2122096 0.590845 0.9904212 0.1063315 0.08808826 0.9392453 0.158281 0.3045742 0.9862245 0.09032528 0.1385727 0.838566 0.1994052 0.5069957 0.9146552 0.1396205 0.3793574 0.6941496 0.2285329 0.68259 0.78274 0.1805696 0.5955776 0.9409305 0.1234258 0.3153028 0.993396 0.02594707 0.1117636 0.5446871 0.2175621 0.8099275 0.1083541 -0.5542636 0.8252583 0.366291 -0.2923767 0.8833724 0.6071497 -0.06591974 0.7918484 0.7928662 0.03931991 0.6081257 0.6935914 0.1522307 0.7041 0.8384796 0.1009877 0.5354937 0.9674826 0.06806087 0.2436088 0.9234405 0.03149286 0.3824474 0.9881948 -0.08088786 0.1301083 0.9718661 0.02025167 0.2346615 0.8505517 -0.1726586 0.4967403 0.8710101 0.01946301 0.4908794 0.9914436 0 0.130536 0.9914436 0 0.130536 0.9238986 0 0.3826372 0.9238986 -0 0.3826372 0.7934799 0 0.6085965 0.7934799 -0 0.6085965 0.6084731 0 0.7935745 0.6084731 -0 0.7935745 0.1301799 0 0.9914904 0.383028 0 0.9237368 0.383028 -0 0.9237368 0.1301799 0 0.9914904 0.9935849 -0.1122421 0.01380658 0.9962142 -0.08117457 0.03111191 0.9435849 -0.3311009 0.004426942 0.3265559 -0.9430155 0.06389815 0.9936553 -0.03183409 0.1078691 0.9913639 -0.01267343 0.1305255 0.2925992 -0.9369252 0.1911986 0.5273644 -0.8441188 -0.09669682 0.1943438 -0.9076971 0.3719092 0.9227625 0.04957921 0.3821667 0.1640621 -0.4504995 0.8775728 0.3774581 0.1699196 0.9103037 0.1277323 -0.1930032 0.9728485 0.4883408 -0.6675346 0.5620684 0.4666698 -0.7732303 0.4293416 0.6737604 -0.6765143 0.2972801 0.8258529 -0.5206078 0.2166437 0.9388929 -0.2828839 0.1961041 0.9364236 -0.2332075 0.2621548 0.9411528 -0.1603297 0.297533 0.5840533 -0.2804553 0.761726 0.7688749 -0.2470958 0.5897245 0.9488437 -0.3155213 0.01191766 0.3936751 -0.8815578 0.2605299 0.9540298 -0.01812591 0.2991631 0.3680422 -0.1815244 0.9119176 0.9936797 -0.1122528 0 0.9936797 -0.1122528 0 0.9435942 -0.3311042 0 0.9435942 -0.3311042 0 0.8459435 -0.5332726 0 0.8459435 -0.5332726 0 0.5298473 -0.8480931 0 0.7056631 -0.7085475 0 0.7056631 -0.7085475 0 0.5298473 -0.8480931 0 0.3272247 -0.9449466 0 0.3272247 -0.9449466 0 -0.02640367 -0.1791434 -0.9834687 0.1534099 -0.120207 -0.9808239 0.2635813 -0.2501588 -0.9316359 0.2629464 -0.2224611 -0.9388132 0.3866616 -0.2993013 -0.8723025 0.9913455 -0.1119891 -0.06850269 0.9354919 -0.328261 0.1307652 0.3258239 -0.9409015 -0.09242897 0.3281094 -0.6044919 -0.725902 0.6320659 -0.1674593 -0.7566043 0.5430604 -0.5740582 -0.6128153 0.4074741 -0.6755893 -0.614446 0.7535226 -0.2699232 -0.599454 0.7484325 -0.2603348 -0.6099793 0.4108639 -0.6767097 -0.6109459 0.4303961 -0.7261389 -0.5361731 0.8014696 -0.2667894 -0.5352289 0.4607135 -0.7493024 -0.4756985 0.8582706 -0.3115547 -0.4078054 0.4757371 -0.7515773 -0.4569529 0.8434766 -0.2892603 -0.4526319 0.5103251 -0.8021885 -0.3099389 0.877613 -0.3062786 -0.3687667 0.4851929 -0.7923972 -0.3697223 0.9155776 -0.3269512 -0.2341378 0.5087999 -0.8145368 -0.2786621 0.9076825 -0.3146732 -0.2776566 0.5257782 -0.8415798 0.123696 0.70287 -0.7057428 -0.08888771 0.842604 -0.5311674 -0.08876748 0.5168051 -0.8320079 -0.201681 0.9246224 -0.3241988 -0.1999214 0.9368333 -0.3261536 0.1263613 0.5546421 -0.8294598 0.06609493 0.02484274 0.7963301 0.6043519 0.00715195 0.7931661 0.6089634 0.05712755 0.8068657 0.5879662 0.2824457 0.8862739 0.3670738 0.1005837 0.9864146 0.1298809 0.2417065 0.8865969 0.3943652 0.2345808 0.889082 0.3930714 0.2364731 0.8880405 0.3942901 0.08560386 0.7365978 0.6708916 0.1956558 0.8373671 0.5104265 0.3454389 0.848211 0.4015096 0.3739118 0.8197502 0.4338197 0.2436413 0.9074709 0.3422505 0.2342951 0.9420229 0.240205 0.5093145 0.8201782 0.2605886 0.6355321 0.7549289 0.1618061 0.6688997 0.7267033 0.1564462 0.7909834 0.6106362 0.03832392 0 0.9914426 0.130543 0 0.9914426 0.130543 0 0.7931863 0.6089789 0 0.9238916 0.3826542 0 0.9238916 0.3826542 0 0.7931863 0.6089789 -0.0883316 0.7337601 0.6736421 -0.1656768 0.8647206 0.4741407 -0.1737643 0.7760248 0.6062931 -0.2617611 0.9248189 0.2760274 -0.4915744 0.837353 0.2391537 -0.6693124 0.7258368 0.1586886 -0.7755926 0.6311035 0.01282019 -0.261437 0.9333107 0.2461335 -0.2439111 0.8944874 0.3746994 -0.3131559 0.8549111 0.4135946 -0.4287201 0.788541 0.4409107 -0.01532755 0.7930932 0.6089075 -0.05857885 0.8075172 0.586928 -0.2850772 0.8649004 0.4131324 -0.2467667 0.8799722 0.4059006 -0.219503 0.9013596 0.373322 -0.1829728 0.9472056 0.2632916 -0.0674758 0.989183 0.1302454 0.1160994 0.8443656 0.5230369 0.1077297 0.9490066 0.296278 0.04068277 0.9890719 0.1417097 0.007620261 0.9924531 0.1223883 0.9732272 0.2073262 0.0992206 0.9728407 0.2097563 0.09789406 0.9334045 0.205786 0.2939527 0.9331791 0.2122404 0.2900528 0.854962 0.2051618 0.4763913 0.8597773 0.1961779 0.471484 0.7445149 0.1898769 0.6400346 0.7514383 0.1801101 0.6347448 0.09036858 0.993738 0.06571333 0.08685954 0.9944423 0.05949825 0.7465427 0.1798167 0.6405779 0.6307626 0.5275192 0.5690886 0.7449672 0.3216814 0.5844185 0.737613 0.6352429 0.2288966 0.7323965 0.6082559 0.305974 0.7392859 0.6138964 0.2767445 0.7248322 0.5896954 0.3561985 0.7235638 0.5678986 0.3923603 0.202968 0.9351776 0.2902532 0.4178836 0.8498788 0.3210597 0.5408101 0.7064191 0.4566141 0.3587109 0.9297858 0.08261229 0.4269704 0.8618084 0.2738295 0.5571042 0.7577395 0.3398025 0.5227689 0.7870147 0.3275981 0.7249069 0.5831547 0.3666613 0.3405489 0.9061581 0.2508063 0.5463943 0.5938377 0.5906014 0.1051411 0.9937095 0.03855947 0.3059889 0.9449253 0.1161337 0.3045505 0.9451972 0.1176917 0.4911553 0.8485246 0.1969071 0.4902474 0.8504665 0.1906939 0.6563022 0.7046439 0.2697114 0.6547522 0.7090709 0.2617596 0.7847576 0.5252299 0.3290731 0.7835824 0.5319474 0.3209839 0.717499 0.3204669 0.6184627 0.8287449 0.438833 0.3472859 0.8080404 0.3825789 0.4479998 0.8818763 0.3866023 0.2698753 0.9425204 0.322594 0.08711151 0.9493117 0.3143363 0 0.853996 0.5202796 -2.46325e-05 0.9483497 0.317227 9.880138e-05 0.7146296 0.6995031 -4.426674e-05 0.8515218 0.5243191 0.0001267971 0.5385404 0.8425997 -9.121903e-05 0.711703 0.7024804 8.886238e-05 0.5326591 0.84633 0.000131922 0.3345905 0.9423636 0.000104656 0.3310546 0.9436116 -2.172047e-05 0.1134797 0.9935403 0 0.1137753 0.9935066 9.977204e-06 0.9431121 0.3122835 -0.1140993 0.8343799 0.5083289 -0.2131013 0.76098 0.5768195 -0.2969661 0.6733256 0.6590734 -0.3350447 0.1134713 0.9934665 -0.01219332 0.3220291 0.9069847 -0.2714334 0.5676054 0.2708036 -0.7774892 0.6404462 0.310531 -0.7024239 0.6458673 0.3110386 -0.6972162 0.6655508 0.4009244 -0.6295251 0.4995571 0.1035524 -0.8600695 0.5131639 0.1800014 -0.8392034 0.7127576 0.4955102 -0.4964334 0.6983969 0.4758235 -0.5346341 0.4186358 0.1497644 -0.8957202 0.7071137 0.5674171 -0.4219337 0.3414343 0.06903019 -0.9373673 0.6986955 0.6481088 -0.3029513 0.4838224 0.7569879 -0.4391869 0.2497422 0.9647745 -0.08269796 0.3132461 -0.3417857 -0.8860357 0.6850867 0.6506546 -0.3275742 0.692147 0.6966857 -0.1885771 0.3286342 0.9424365 -0.06174995 0.4427758 0.8799673 -0.1720673 0.1218595 0.9899692 -0.07149314 0 0.7540193 -0.6568521 -0.0002419834 0.7843492 -0.6203195 -6.818748e-05 0.8884591 -0.4589558 7.522395e-05 0.8356892 -0.5492027 -9.16835e-06 0.9483368 -0.3172653 0.0003328762 0.9266803 -0.3758502 0 0.9924692 -0.1224943 6.129705e-05 0.9916465 -0.1289854 -0.9484398 0.3169571 0 -0.8516118 0.524173 0.0004007133 -0.9444761 0.3285797 -0.0004057457 -0.711566 0.7026189 0.0007390893 -0.8275285 0.5614231 -0.0008158329 -0.5324784 0.8464431 0.000824069 -0.6419916 0.7667106 -0.001262174 -0.3306508 0.9437529 0.0006088444 -0.4586766 0.8886032 -0.0002753762 -0.317589 0.9482284 0.000297792 -0.1136461 0.9935213 0 -0.122232 0.9925016 -0.0002614139 -0.7445149 0.189877 0.6400346 -0.7514383 0.1801101 0.6347448 -0.854962 0.2051618 0.4763913 -0.8597774 0.1961779 0.471484 -0.9334045 0.205786 0.2939527 -0.9331791 0.2122404 0.2900528 -0.9732272 0.2073262 0.09922059 -0.9728407 0.2097562 0.09789406 -0.8080405 0.3825789 0.4479999 -0.717499 0.3204669 0.6184627 -0.9426055 0.322338 0.08713787 -0.881955 0.3864025 0.2699047 -0.8287235 0.4387572 0.3474328 -0.7847146 0.5252382 0.3291623 -0.7836145 0.5315512 0.3215612 -0.6561879 0.7046654 0.2699333 -0.6545894 0.7092441 0.2616975 -0.4911855 0.8485202 0.1968512 -0.4902666 0.8504848 0.1905627 -0.3063636 0.9448877 0.1154497 -0.3041366 0.945309 0.1178632 -0.1049557 0.9937157 0.0389016 -0.7498257 0.3218365 0.5780854 -0.7494572 0.1799924 0.6371159 -0.7439116 0.5390962 0.3949312 -0.7418882 0.555463 0.3755833 -0.7392725 0.5801406 0.3419255 -0.7374107 0.6205975 0.266616 -0.09036858 0.993738 0.06571333 -0.08697089 0.9944207 0.05969539 -0.5432621 0.7680715 0.3390168 -0.358528 0.9298705 0.08245408 -0.4268001 0.8619272 0.2737207 -0.2029537 0.9351736 0.2902757 -0.4178779 0.8498783 0.3210686 -0.5408119 0.7064193 0.4566117 -0.5413731 0.5139693 0.6653953 -0.5885593 0.614947 0.5248221 -0.7261505 0.5861222 0.359397 -0.3402811 0.9062321 0.2509029 -0.04069779 0.9890639 0.141762 -0.007782877 0.9924341 0.1225316 -0.1077374 0.9491294 0.2958816 -0.1161258 0.8444446 0.5229034 -0.07585701 0.02490086 -0.9968078 -0.6660601 0.7345675 -0.1295169 -0.4797082 -0.3211557 -0.816541 -0.4944136 0.09096876 -0.8644534 -0.6064308 0.1115791 -0.7872686 -0.7051032 0.1197609 -0.6989185 -0.8687277 0.08575772 -0.4878092 -0.7805992 0.1325838 -0.6108079 -0.6699135 0.05185638 -0.740626 -0.945167 0.1641016 -0.282365 -0.9711857 -0.03069202 -0.2363395 -0.8428699 0.1461635 -0.5178866 -0.2158057 0.07299297 -0.9737043 -0.1274028 0.03630499 -0.9911864 -0.4154445 0.1363752 -0.8993373 -0.4008047 0.1275659 -0.907239 -0.6391253 0.2098003 -0.7399341 -0.6391291 0.2098027 -0.7399304 -0.924808 0.3184921 -0.2080698 -0.8145462 0.2673842 -0.5148011 -0.9372325 0.3076571 -0.1641413 -0.8145458 0.2673838 -0.514802 -0.08875228 0.09731378 -0.9912886 -0.1105794 0.07154743 -0.9912886 -0.2597001 0.284755 -0.9227515 -0.08874917 0.09731137 -0.9912891 -0.1105792 0.07154721 -0.9912887 -0.4163309 0.4489635 -0.7906328 -0.2784834 0.3157163 -0.9070668 -0.3527906 0.2282634 -0.907433 -0.3527893 0.2282621 -0.9074338 -0.5404739 0.5844621 -0.6052206 -0.564773 0.36542 -0.7399322 -0.5647739 0.3654209 -0.739931 -0.4494233 0.5010673 -0.7395609 -0.6281934 0.6791461 -0.3796492 -0.8180438 0.5394375 -0.1995282 -0.8269943 0.5350832 -0.1725291 -0.7197853 0.4657167 -0.5147981 -0.5710486 0.6398858 -0.5142466 -0.6528617 0.7357874 -0.1799681 -0.7197852 0.4657166 -0.5147983 -0.07493217 0.1070144 -0.9914298 -0.2194964 0.313473 -0.9238809 -0.07492957 0.1070104 -0.9914305 -0.219498 0.3134755 -0.9238797 -0.4550547 0.6498863 -0.6087472 -0.3491273 0.4986059 -0.7934119 -0.349133 0.4986134 -0.7934046 -0.5299222 0.756808 -0.382654 -0.4550541 0.6498852 -0.6087487 -0.5299227 0.756809 -0.3826513 -0.5686691 0.8121444 -0.1305249 -0.5686687 0.8121441 -0.1305289 -0.556946 -0.8203957 -0.1294684 -0.07397425 -0.1089718 -0.9912885 -0.6684668 0.7323883 -0.1294588 -0.08880163 0.09727995 -0.9912875 -0.6158587 -0.6946194 -0.371782 -0.5327902 -0.6009275 -0.5958363 -0.8666159 -0.4278129 -0.2568131 -0.7288401 -0.6346961 -0.2568134 -0.639918 -0.6956142 -0.3265363 -0.1967438 -0.1713401 -0.9653675 -0.2339474 -0.1154743 -0.9653674 -0.4123409 -0.465074 -0.7833781 -0.2612357 -0.2946444 -0.9192065 -0.222992 -0.1014983 -0.9695218 -0.5126044 -0.4954017 -0.7012944 -0.9648761 0.05531426 -0.2568159 -0.9470656 -0.1926436 -0.2568174 -0.8907167 -0.3047076 -0.3373087 -0.2556574 -0.05201961 -0.9653668 -0.2604661 0.01493038 -0.9653676 -0.6801766 -0.2326811 -0.6951399 -0.2610027 -0.0892862 -0.9612001 -0.6801742 -0.2326825 -0.6951416 -0.7088087 0.5994783 -0.3717743 -0.6131998 0.5186167 -0.5958379 -0.812064 0.5240217 -0.2568136 -0.9188618 0.2995652 -0.2568146 -0.9251205 0.1742845 -0.3373083 -0.732758 0.5970249 -0.3265378 -0.4745771 0.4013716 -0.7833757 -0.3006564 0.2542788 -0.9192105 -0.248043 0.08086938 -0.9653677 -0.2192091 0.1414669 -0.9653676 -0.7064453 0.133088 -0.6951421 -0.7064447 0.1330868 -0.695143 -0.2710887 0.0510703 -0.9611986 -0.5781402 0.4170578 -0.7012965 -0.2352077 0.06858817 -0.9695221 -0.256801 -0.9576195 -0.1304531 -0.03386551 -0.1262851 -0.9914157 -0.410036 -0.9026952 -0.1304285 -0.05407123 -0.1190369 -0.9914164 -0.2393333 -0.8924777 -0.3823651 -0.205555 -0.766518 -0.6084385 -0.2621359 -0.9297003 -0.2587314 -0.1577488 -0.5882481 -0.7931453 -0.09918956 -0.3698796 -0.9237698 -0.07919492 -0.2464647 -0.9659106 -0.1952076 -0.6797109 -0.7070269 -0.3821393 -0.8412802 -0.3823836 -0.3282137 -0.7225629 -0.608423 -0.3259518 -0.9093258 -0.2586153 -0.3259494 -0.9093243 -0.258624 -0.3881777 -0.8845228 -0.2587228 -0.2518678 -0.5544876 -0.793162 -0.1583818 -0.3486779 -0.9237635 -0.08741993 -0.2438826 -0.9658567 -0.2810482 -0.6489346 -0.7070331 -0.08741923 -0.2438778 -0.9658579 -0.2386951 -0.6658999 -0.7068254 -0.2386915 -0.6658946 -0.7068315 -0.09541509 -0.2406553 -0.9659094 -0.04302145 -0.1242163 -0.991322 -0.1306244 -0.0147565 -0.9913221 -0.3244585 -0.9369587 -0.1297502 -0.9852831 -0.1113043 -0.1297249 -0.1259124 -0.363561 -0.9230219 -0.04302067 -0.1242183 -0.9913219 -0.06964812 -0.1114917 -0.9913217 -0.06964628 -0.1114911 -0.9913219 -0.09276486 -0.09314347 -0.9913218 -0.09276536 -0.09314352 -0.9913218 -0.2000202 -0.5774792 -0.7915236 -0.02632047 -0.5298145 -0.847705 -0.1112034 -0.0701002 -0.9913222 -0.1112066 -0.07009976 -0.9913219 -0.2661421 -0.426038 -0.8646733 -0.266138 -0.4260388 -0.8646742 -0.3026449 -0.8738248 -0.3805737 -0.2602507 -0.7514203 -0.6063309 -0.05596686 -0.968982 -0.2407101 -0.2602679 -0.7514207 -0.6063229 -0.1240405 -0.04352426 -0.9913222 -0.3823213 -0.04319121 -0.9230194 -0.1306241 -0.01475674 -0.9913221 -0.1240401 -0.04352441 -0.9913222 -0.3544823 -0.3559273 -0.8646722 -0.354471 -0.3559324 -0.8646747 -0.5120081 -0.8195388 -0.257301 -0.5119553 -0.8195766 -0.2572856 -0.4212995 -0.674448 -0.6063222 -0.421319 -0.674444 -0.606313 -0.424954 -0.2678724 -0.8646724 -0.4249565 -0.2678705 -0.8646718 -0.6819029 -0.68469 -0.2573093 -0.5611394 -0.563476 -0.6063147 -0.6818784 -0.6847177 -0.2573005 -0.5611553 -0.5634686 -0.6063067 -0.6072589 -0.06859819 -0.7915371 -0.7901994 -0.08926383 -0.6063142 -0.4740043 -0.1663232 -0.8646713 -0.4740008 -0.1663274 -0.8646725 -0.5227071 0.09040309 -0.8477054 -0.8174632 -0.515319 -0.2572943 -0.817485 -0.5152789 -0.2573051 -0.6727272 -0.4240523 -0.606315 -0.6727397 -0.4240428 -0.6063077 -0.9118273 -0.3199573 -0.2572907 -0.9188948 -0.103814 -0.3805984 -0.7901943 -0.08927384 -0.6063194 -0.9118313 -0.3199425 -0.2572943 -0.9576884 0.1577543 -0.2407206 -0.7503639 -0.2633035 -0.6063211 -0.7503746 -0.2632907 -0.6063135</float_array>
          <technique_common>
            <accessor count="1832" source="#cubenormals-array2-array" stride="3">
              <param type="float" name="X"/>
              <param type="float" name="Y"/>
              <param type="float" name="Z"/>
            </accessor>
          </technique_common>
        </source>
        <vertices id="cubeverts-array2-vertices">
          <input semantic="POSITION" source="#cubeverts-array2"/>
        </vertices>
        <triangles count="1832" material="ref_Mesh010">
          <input offset="0" semantic="VERTEX" source="#cubeverts-array2-vertices"/>
          <input offset="1" semantic="NORMAL" source="#cubenormals-array2"/>
          <p>0 0 1 0 2 0 3 1 4 1 1 1 5 2 4 2 3 2 1 3 4 3 2 3 2 4 6 4 7 4 8 5 6 5 4 5 7 6 6 6 9 6 4 7 6 7 2 7 10 8 11 8 12 8 9 9 11 9 10 9 6 10 11 10 9 10 11 11 13 11 12 11 13 12 14 12 12 12 14 13 15 13 12 13 16 14 17 14 18 14 19 15 20 15 21 15 16 16 20 16 19 16 18 17 20 17 16 17 16 18 22 18 17 18 23 19 24 19 25 19 21 20 26 20 27 20 20 21 26 21 21 21 28 22 29 22 23 22 30 23 29 23 28 23 31 24 29 24 30 24 27 25 29 25 31 25 23 26 29 26 24 26 26 27 29 27 27 27 32 28 33 28 34 28 35 29 34 29 36 29 35 30 32 30 34 30 37 31 36 31 38 31 37 32 35 32 36 32 39 33 37 33 38 33 40 34 41 34 42 34 43 35 42 35 44 35 43 36 40 36 42 36 45 37 44 37 46 37 45 38 43 38 44 38 47 39 45 39 46 39 48 40 49 40 50 40 51 41 50 41 52 41 51 42 48 42 50 42 53 43 52 43 54 43 53 44 51 44 52 44 55 45 54 45 56 45 55 46 53 46 54 46 57 47 56 47 58 47 57 48 55 48 56 48 59 49 58 49 60 49 59 50 57 50 58 50 61 51 60 51 62 51 61 52 59 52 60 52 63 53 62 53 41 53 63 54 61 54 62 54 40 55 63 55 41 55 64 56 49 56 48 56 65 57 49 57 64 57 66 58 67 58 68 58 69 59 67 59 66 59 67 60 70 60 68 60 71 61 72 61 73 61 72 62 74 62 75 62 76 63 74 63 71 63 77 64 74 64 76 64 78 65 74 65 77 65 79 66 74 66 78 66 80 67 74 67 79 67 81 68 74 68 80 68 70 69 74 69 81 69 71 70 74 70 72 70 74 71 82 71 75 71 67 72 74 72 70 72 83 73 84 73 85 73 85 74 84 74 86 74 84 75 87 75 86 75 88 76 89 76 90 76 87 77 89 77 88 77 84 78 91 78 87 78 87 79 91 79 89 79 91 80 92 80 89 80 91 81 93 81 92 81 94 82 95 82 84 82 84 83 95 83 91 83 96 84 97 84 98 84 98 85 97 85 99 85 100 86 101 86 102 86 100 87 102 87 103 87 104 88 103 88 105 88 104 89 100 89 103 89 106 90 105 90 107 90 106 91 104 91 105 91 108 92 107 92 109 92 108 93 106 93 107 93 110 94 109 94 111 94 110 95 108 95 109 95 112 96 111 96 113 96 112 97 110 97 111 97 114 98 113 98 115 98 114 99 112 99 113 99 98 100 115 100 96 100 98 101 114 101 115 101 116 102 117 102 118 102 119 103 118 103 120 103 119 104 116 104 118 104 121 105 120 105 102 105 121 106 119 106 120 106 101 107 121 107 102 107 122 108 123 108 124 108 124 109 123 109 125 109 125 110 126 110 127 110 123 111 126 111 125 111 123 112 128 112 126 112 123 113 129 113 128 113 123 114 130 114 129 114 123 115 131 115 130 115 123 116 132 116 131 116 123 117 133 117 132 117 123 118 134 118 133 118 134 119 135 119 136 119 137 120 135 120 138 120 136 121 135 121 137 121 123 122 135 122 134 122 139 123 140 123 141 123 139 124 141 124 142 124 139 125 142 125 143 125 139 126 143 126 144 126 145 127 139 127 144 127 146 128 144 128 147 128 146 129 145 129 144 129 148 130 146 130 147 130 149 131 150 131 151 131 149 132 151 132 152 132 153 133 148 133 154 133 153 134 154 134 149 134 153 135 146 135 148 135 155 136 153 136 149 136 156 137 155 137 149 137 157 138 152 138 158 138 157 139 158 139 159 139 160 140 149 140 152 140 160 141 152 141 157 141 161 142 149 142 160 142 162 143 149 143 161 143 163 144 164 144 165 144 163 145 162 145 164 145 163 146 149 146 162 146 166 147 165 147 167 147 166 148 167 148 168 148 166 149 168 149 169 149 166 150 163 150 165 150 170 151 171 151 156 151 170 152 149 152 163 152 170 153 156 153 149 153 172 154 171 154 170 154 173 155 166 155 169 155 173 156 169 156 174 156 175 157 173 157 174 157 175 158 174 158 176 158 175 159 176 159 177 159 175 160 177 160 178 160 175 161 178 161 179 161 175 162 179 162 180 162 175 163 180 163 181 163 182 164 183 164 184 164 185 165 183 165 182 165 186 166 187 166 188 166 184 167 187 167 186 167 183 168 187 168 184 168 172 169 189 169 190 169 172 170 190 170 191 170 172 171 191 171 192 171 172 172 192 172 193 172 172 173 193 173 194 173 195 174 171 174 172 174 195 175 172 175 194 175 196 176 171 176 195 176 197 177 196 177 195 177 198 178 195 178 199 178 200 179 195 179 198 179 201 180 197 180 195 180 202 181 195 181 200 181 203 182 201 182 195 182 204 183 195 183 202 183 205 184 203 184 195 184 205 185 195 185 204 185 206 186 207 186 208 186 209 187 207 187 206 187 210 188 211 188 212 188 208 189 211 189 210 189 207 190 211 190 208 190 213 191 187 191 214 191 212 192 187 192 213 192 211 193 187 193 212 193 215 194 183 194 216 194 217 195 183 195 215 195 218 196 183 196 217 196 214 197 183 197 218 197 187 198 183 198 214 198 219 199 220 199 221 199 216 200 220 200 219 200 183 201 220 201 216 201 220 202 222 202 221 202 222 203 223 203 221 203 224 204 225 204 226 204 227 205 228 205 229 205 225 206 228 206 227 206 229 207 228 207 230 207 224 208 228 208 225 208 230 209 231 209 232 209 228 210 231 210 230 210 232 211 233 211 234 211 231 212 233 212 232 212 234 213 99 213 97 213 233 214 99 214 234 214 235 215 236 215 237 215 237 216 236 216 238 216 236 217 239 217 238 217 239 218 240 218 238 218 238 219 241 219 242 219 240 220 241 220 238 220 242 221 243 221 244 221 241 222 243 222 242 222 244 223 245 223 64 223 243 224 245 224 244 224 245 225 65 225 64 225 155 226 246 226 153 226 244 227 64 227 247 227 196 228 156 228 171 228 238 229 242 229 248 229 249 230 250 230 246 230 249 231 246 231 155 231 251 232 252 232 250 232 251 233 253 233 252 233 251 234 250 234 249 234 254 235 247 235 253 235 254 236 244 236 247 236 254 237 253 237 251 237 255 238 155 238 156 238 255 239 249 239 155 239 256 240 257 240 258 240 256 241 251 241 249 241 256 242 249 242 255 242 259 243 242 243 244 243 259 244 244 244 254 244 259 245 254 245 251 245 259 246 251 246 256 246 259 247 248 247 242 247 260 248 196 248 197 248 260 249 197 249 261 249 260 250 261 250 257 250 260 251 256 251 255 251 260 252 255 252 156 252 260 253 257 253 256 253 260 254 156 254 196 254 262 255 258 255 263 255 262 256 263 256 248 256 262 257 259 257 256 257 262 258 248 258 259 258 262 259 256 259 258 259 264 260 153 260 246 260 264 261 146 261 153 261 265 262 246 262 250 262 265 263 264 263 246 263 266 264 250 264 252 264 266 265 265 265 250 265 267 266 252 266 253 266 267 267 266 267 252 267 268 268 253 268 247 268 268 269 267 269 253 269 48 270 247 270 64 270 48 271 268 271 247 271 269 272 150 272 149 272 269 273 149 273 270 273 271 274 270 274 272 274 271 275 269 275 270 275 273 276 272 276 274 276 273 277 271 277 272 277 275 278 274 278 276 278 275 279 273 279 274 279 277 280 276 280 278 280 277 281 278 281 279 281 277 282 275 282 276 282 72 283 279 283 73 283 72 284 277 284 279 284 51 285 268 285 48 285 145 286 146 286 264 286 280 287 63 287 40 287 147 288 144 288 281 288 282 289 266 289 267 289 282 290 267 290 268 290 282 291 53 291 55 291 282 292 51 292 53 292 282 293 268 293 51 293 283 294 264 294 265 294 283 295 265 295 266 295 283 296 139 296 145 296 283 297 140 297 139 297 283 298 266 298 282 298 283 299 145 299 264 299 284 300 57 300 59 300 284 301 55 301 57 301 284 302 282 302 55 302 285 303 141 303 140 303 285 304 142 304 141 304 285 305 140 305 283 305 285 306 283 306 282 306 285 307 282 307 284 307 286 308 61 308 63 308 286 309 59 309 61 309 286 310 287 310 288 310 286 311 280 311 287 311 286 312 63 312 280 312 286 313 284 313 59 313 289 314 290 314 281 314 289 315 288 315 290 315 289 316 143 316 142 316 289 317 144 317 143 317 289 318 286 318 288 318 289 319 285 319 284 319 289 320 142 320 285 320 289 321 284 321 286 321 289 322 281 322 144 322 291 323 40 323 43 323 291 324 287 324 280 324 291 325 280 325 40 325 292 326 288 326 287 326 292 327 287 327 291 327 293 328 43 328 45 328 293 329 291 329 43 329 294 330 290 330 288 330 294 331 288 331 292 331 295 332 291 332 293 332 295 333 294 333 292 333 295 334 292 334 291 334 296 335 148 335 147 335 296 336 147 336 281 336 296 337 281 337 290 337 296 338 290 338 294 338 297 339 294 339 295 339 298 340 294 340 297 340 298 341 296 341 294 341 298 342 148 342 296 342 299 343 293 343 45 343 300 344 295 344 293 344 300 345 293 345 299 345 301 346 154 346 148 346 301 347 148 347 298 347 301 348 298 348 297 348 301 349 297 349 295 349 301 350 295 350 300 350 302 351 45 351 47 351 302 352 299 352 45 352 302 353 300 353 299 353 303 354 300 354 302 354 304 355 301 355 300 355 304 356 300 356 303 356 305 357 154 357 301 357 305 358 301 358 304 358 306 359 47 359 307 359 306 360 307 360 308 360 306 361 302 361 47 361 309 362 308 362 310 362 309 363 310 363 311 363 309 364 306 364 308 364 309 365 303 365 302 365 309 366 302 366 306 366 312 367 311 367 313 367 312 368 313 368 314 368 312 369 303 369 309 369 312 370 304 370 303 370 312 371 305 371 304 371 312 372 309 372 311 372 315 373 149 373 154 373 315 374 154 374 305 374 315 375 305 375 312 375 316 376 314 376 317 376 316 377 317 377 318 377 316 378 318 378 149 378 316 379 149 379 315 379 316 380 312 380 314 380 316 381 315 381 312 381 319 382 159 382 320 382 319 383 157 383 159 383 321 384 320 384 322 384 321 385 319 385 320 385 323 386 322 386 324 386 323 387 324 387 325 387 323 388 321 388 322 388 326 389 323 389 325 389 327 390 325 390 328 390 327 391 326 391 325 391 127 392 328 392 125 392 127 393 327 393 328 393 329 394 67 394 330 394 329 395 330 395 331 395 329 396 74 396 67 396 332 397 331 397 333 397 332 398 333 398 334 398 332 399 329 399 331 399 335 400 334 400 336 400 335 401 336 401 337 401 335 402 337 402 338 402 335 403 332 403 334 403 339 404 338 404 340 404 339 405 340 405 223 405 339 406 335 406 338 406 341 407 222 407 220 407 341 408 223 408 222 408 341 409 339 409 223 409 185 410 220 410 183 410 185 411 341 411 220 411 342 412 135 412 123 412 342 413 123 413 343 413 344 414 343 414 345 414 344 415 342 415 343 415 346 416 344 416 345 416 347 417 345 417 348 417 347 418 346 418 345 418 349 419 347 419 348 419 350 420 349 420 348 420 351 421 348 421 352 421 351 422 350 422 348 422 353 423 351 423 352 423 209 424 352 424 354 424 209 425 353 425 352 425 207 426 209 426 354 426 211 427 354 427 188 427 211 428 207 428 354 428 187 429 211 429 188 429 355 430 341 430 185 430 355 431 185 431 356 431 357 432 339 432 341 432 357 433 341 433 355 433 358 434 335 434 339 434 358 435 339 435 357 435 332 436 335 436 358 436 359 437 332 437 358 437 329 438 332 438 359 438 360 439 329 439 359 439 74 440 329 440 360 440 82 441 74 441 360 441 361 442 343 442 123 442 361 443 123 443 122 443 362 444 345 444 343 444 362 445 343 445 361 445 363 446 348 446 345 446 363 447 345 447 362 447 352 448 348 448 363 448 364 449 352 449 363 449 354 450 352 450 364 450 365 451 354 451 364 451 188 452 354 452 365 452 366 453 188 453 365 453 367 454 368 454 356 454 367 455 356 455 185 455 369 456 185 456 182 456 369 457 367 457 185 457 370 458 371 458 368 458 370 459 372 459 371 459 370 460 368 460 367 460 373 461 370 461 367 461 373 462 372 462 370 462 373 463 367 463 369 463 374 464 375 464 372 464 374 465 376 465 375 465 374 466 372 466 373 466 377 467 378 467 376 467 377 468 379 468 378 468 377 469 33 469 379 469 377 470 376 470 374 470 380 471 369 471 182 471 381 472 369 472 380 472 381 473 373 473 369 473 382 474 34 474 33 474 382 475 33 475 377 475 382 476 374 476 373 476 382 477 373 477 381 477 382 478 377 478 374 478 383 479 182 479 184 479 383 480 381 480 380 480 383 481 380 481 182 481 384 482 381 482 383 482 385 483 382 483 381 483 385 484 381 484 384 484 386 485 383 485 184 485 387 486 382 486 385 486 387 487 34 487 382 487 388 488 383 488 386 488 388 489 384 489 383 489 389 490 36 490 34 490 389 491 34 491 387 491 389 492 385 492 384 492 389 493 387 493 385 493 389 494 384 494 388 494 390 495 184 495 186 495 390 496 386 496 184 496 391 497 388 497 386 497 391 498 386 498 390 498 392 499 389 499 388 499 392 500 388 500 391 500 393 501 390 501 186 501 394 502 390 502 393 502 394 503 391 503 390 503 395 504 389 504 392 504 395 505 36 505 389 505 396 506 391 506 394 506 396 507 36 507 395 507 396 508 38 508 36 508 396 509 392 509 391 509 396 510 395 510 392 510 397 511 186 511 188 511 397 512 393 512 186 512 398 513 188 513 366 513 398 514 399 514 400 514 398 515 366 515 399 515 398 516 397 516 188 516 401 517 394 517 393 517 401 518 396 518 394 518 401 519 397 519 398 519 401 520 393 520 397 520 402 521 398 521 400 521 402 522 400 522 403 522 402 523 401 523 398 523 404 524 396 524 401 524 405 525 406 525 407 525 405 526 403 526 406 526 405 527 402 527 403 527 405 528 401 528 402 528 405 529 407 529 404 529 405 530 404 530 401 530 408 531 409 531 38 531 408 532 407 532 409 532 408 533 404 533 407 533 408 534 38 534 396 534 408 535 396 535 404 535 368 536 355 536 356 536 410 537 82 537 360 537 411 538 376 538 378 538 411 539 412 539 376 539 413 540 378 540 379 540 413 541 411 541 378 541 33 542 413 542 379 542 414 543 360 543 359 543 414 544 359 544 358 544 414 545 358 545 357 545 414 546 357 546 355 546 414 547 355 547 368 547 414 548 410 548 360 548 415 549 414 549 368 549 416 550 368 550 371 550 416 551 415 551 368 551 417 552 415 552 416 552 418 553 419 553 410 553 418 554 415 554 417 554 418 555 410 555 414 555 418 556 414 556 415 556 420 557 417 557 416 557 420 558 418 558 417 558 421 559 371 559 372 559 421 560 420 560 416 560 421 561 416 561 371 561 422 562 420 562 421 562 423 563 424 563 419 563 423 564 418 564 420 564 423 565 419 565 418 565 423 566 420 566 422 566 425 567 423 567 422 567 425 568 424 568 423 568 425 569 421 569 372 569 425 570 422 570 421 570 426 571 372 571 375 571 426 572 375 572 376 572 426 573 412 573 427 573 426 574 425 574 372 574 426 575 376 575 412 575 428 576 427 576 424 576 428 577 426 577 427 577 428 578 424 578 425 578 428 579 425 579 426 579 429 580 361 580 122 580 362 581 361 581 429 581 399 582 366 582 365 582 399 583 365 583 364 583 409 584 430 584 431 584 409 585 407 585 430 585 38 586 409 586 431 586 432 587 400 587 399 587 432 588 364 588 363 588 432 589 363 589 362 589 432 590 429 590 433 590 432 591 362 591 429 591 432 592 399 592 364 592 434 593 432 593 433 593 434 594 400 594 432 594 435 595 433 595 436 595 435 596 434 596 433 596 437 597 434 597 435 597 438 598 403 598 400 598 438 599 400 599 434 599 438 600 434 600 437 600 439 601 435 601 436 601 439 602 437 602 435 602 439 603 403 603 438 603 439 604 438 604 437 604 440 605 407 605 406 605 440 606 441 606 430 606 440 607 436 607 441 607 440 608 439 608 436 608 440 609 430 609 407 609 442 610 439 610 440 610 442 611 440 611 406 611 443 612 406 612 403 612 443 613 442 613 406 613 443 614 439 614 442 614 443 615 403 615 439 615 75 616 82 616 410 616 444 617 410 617 419 617 444 618 75 618 410 618 445 619 444 619 419 619 446 620 419 620 424 620 446 621 424 621 427 621 446 622 445 622 419 622 447 623 427 623 412 623 447 624 446 624 427 624 448 625 447 625 412 625 449 626 412 626 411 626 449 627 448 627 412 627 450 628 411 628 413 628 450 629 413 629 33 629 450 630 449 630 411 630 32 631 450 631 33 631 451 632 38 632 431 632 451 633 39 633 38 633 452 634 431 634 430 634 452 635 451 635 431 635 453 636 430 636 441 636 453 637 452 637 430 637 454 638 441 638 436 638 454 639 453 639 441 639 455 640 436 640 433 640 455 641 454 641 436 641 456 642 433 642 429 642 456 643 455 643 433 643 124 644 429 644 122 644 124 645 456 645 429 645 444 646 457 646 75 646 458 647 459 647 460 647 461 648 448 648 449 648 462 649 449 649 450 649 462 650 461 650 449 650 463 651 450 651 32 651 463 652 462 652 450 652 464 653 465 653 457 653 464 654 466 654 465 654 464 655 467 655 466 655 464 656 460 656 467 656 464 657 457 657 444 657 464 658 458 658 460 658 468 659 444 659 445 659 468 660 464 660 444 660 469 661 458 661 464 661 469 662 464 662 468 662 470 663 469 663 468 663 471 664 470 664 468 664 472 665 445 665 446 665 472 666 471 666 468 666 472 667 468 667 445 667 473 668 474 668 458 668 473 669 469 669 470 669 473 670 470 670 471 670 473 671 458 671 469 671 475 672 471 672 472 672 476 673 477 673 474 673 476 674 474 674 473 674 476 675 471 675 475 675 476 676 473 676 471 676 478 677 475 677 472 677 478 678 472 678 446 678 478 679 476 679 475 679 478 680 477 680 476 680 479 681 446 681 447 681 479 682 478 682 446 682 480 683 447 683 448 683 480 684 481 684 477 684 480 685 461 685 481 685 480 686 477 686 478 686 480 687 448 687 461 687 480 688 479 688 447 688 480 689 478 689 479 689 457 690 72 690 75 690 457 691 277 691 72 691 465 692 275 692 277 692 465 693 277 693 457 693 466 694 273 694 275 694 466 695 275 695 465 695 271 696 273 696 466 696 467 697 271 697 466 697 269 698 271 698 467 698 460 699 269 699 467 699 150 700 269 700 460 700 459 701 150 701 460 701 482 702 483 702 484 702 485 703 483 703 482 703 456 704 486 704 487 704 456 705 124 705 486 705 452 706 488 706 489 706 451 707 489 707 39 707 451 708 452 708 489 708 490 709 482 709 491 709 490 710 455 710 456 710 490 711 492 711 485 711 490 712 487 712 492 712 490 713 485 713 482 713 490 714 456 714 487 714 493 715 455 715 490 715 493 716 490 716 491 716 494 717 491 717 495 717 494 718 493 718 491 718 496 719 493 719 494 719 497 720 454 720 455 720 497 721 493 721 496 721 497 722 455 722 493 722 498 723 496 723 494 723 498 724 494 724 495 724 498 725 497 725 496 725 498 726 454 726 497 726 499 727 495 727 500 727 499 728 498 728 495 728 501 729 499 729 500 729 501 730 498 730 499 730 502 731 500 731 488 731 502 732 452 732 453 732 502 733 453 733 454 733 502 734 454 734 498 734 502 735 498 735 501 735 502 736 488 736 452 736 502 737 501 737 500 737 503 738 481 738 461 738 503 739 461 739 462 739 503 740 462 740 463 740 503 741 463 741 32 741 504 742 474 742 477 742 504 743 477 743 481 743 505 744 481 744 503 744 505 745 504 745 481 745 506 746 458 746 474 746 506 747 474 747 504 747 507 748 504 748 505 748 507 749 506 749 504 749 508 750 150 750 459 750 508 751 459 751 458 751 508 752 458 752 506 752 509 753 151 753 150 753 509 754 506 754 507 754 509 755 508 755 506 755 509 756 150 756 508 756 510 757 32 757 35 757 510 758 503 758 32 758 511 759 505 759 503 759 511 760 503 760 510 760 512 761 510 761 35 761 513 762 507 762 505 762 513 763 505 763 511 763 514 764 509 764 507 764 514 765 151 765 509 765 514 766 507 766 513 766 515 767 511 767 510 767 515 768 510 768 512 768 516 769 152 769 151 769 516 770 151 770 514 770 516 771 513 771 511 771 516 772 514 772 513 772 516 773 511 773 515 773 517 774 35 774 37 774 517 775 512 775 35 775 518 776 515 776 512 776 518 777 512 777 517 777 519 778 516 778 515 778 519 779 515 779 518 779 520 780 517 780 37 780 521 781 152 781 516 781 521 782 516 782 519 782 522 783 518 783 517 783 522 784 517 784 520 784 523 785 37 785 39 785 523 786 520 786 37 786 524 787 521 787 519 787 524 788 158 788 152 788 524 789 519 789 518 789 524 790 518 790 522 790 524 791 152 791 521 791 525 792 522 792 520 792 525 793 520 793 523 793 526 794 524 794 522 794 526 795 522 795 525 795 527 796 524 796 526 796 527 797 158 797 524 797 528 798 39 798 489 798 528 799 489 799 488 799 528 800 523 800 39 800 529 801 488 801 500 801 529 802 525 802 523 802 529 803 526 803 525 803 529 804 523 804 528 804 529 805 528 805 488 805 530 806 500 806 495 806 530 807 529 807 500 807 531 808 527 808 526 808 531 809 158 809 527 809 531 810 526 810 529 810 532 811 495 811 491 811 532 812 491 812 482 812 532 813 530 813 495 813 532 814 529 814 530 814 532 815 531 815 529 815 533 816 482 816 484 816 533 817 484 817 159 817 533 818 159 818 158 818 533 819 532 819 482 819 533 820 158 820 531 820 533 821 531 821 532 821 483 822 320 822 159 822 483 823 159 823 484 823 485 824 322 824 320 824 485 825 320 825 483 825 492 826 324 826 322 826 492 827 322 827 485 827 325 828 324 828 492 828 487 829 325 829 492 829 328 830 325 830 487 830 486 831 328 831 487 831 125 832 328 832 486 832 124 833 125 833 486 833 534 834 135 834 342 834 534 835 138 835 135 835 535 836 534 836 342 836 536 837 342 837 344 837 536 838 535 838 342 838 537 839 536 839 344 839 538 840 344 840 346 840 538 841 537 841 344 841 539 842 346 842 540 842 539 843 538 843 346 843 541 844 540 844 542 844 541 845 539 845 540 845 543 846 541 846 542 846 544 847 542 847 545 847 544 848 543 848 542 848 546 849 545 849 547 849 546 850 547 850 94 850 546 851 544 851 545 851 84 852 546 852 94 852 548 853 91 853 95 853 548 854 95 854 549 854 550 855 548 855 549 855 551 856 549 856 552 856 551 857 550 857 549 857 553 858 552 858 554 858 553 859 551 859 552 859 555 860 554 860 556 860 555 861 553 861 554 861 557 862 556 862 333 862 557 863 555 863 556 863 558 864 333 864 331 864 558 865 557 865 333 865 559 866 331 866 330 866 559 867 558 867 331 867 560 868 559 868 330 868 561 869 560 869 330 869 562 870 330 870 67 870 562 871 561 871 330 871 69 872 562 872 67 872 9 873 563 873 7 873 10 874 42 874 9 874 12 875 44 875 10 875 564 876 565 876 563 876 564 877 563 877 9 877 564 878 9 878 42 878 566 879 567 879 565 879 566 880 564 880 42 880 566 881 565 881 564 881 568 882 42 882 41 882 568 883 569 883 567 883 568 884 570 884 569 884 568 885 41 885 570 885 568 886 567 886 566 886 568 887 566 887 42 887 571 888 42 888 10 888 571 889 10 889 44 889 572 890 571 890 44 890 572 891 42 891 571 891 573 892 44 892 42 892 573 893 42 893 572 893 573 894 572 894 44 894 574 895 12 895 575 895 574 896 44 896 12 896 576 897 575 897 577 897 576 898 574 898 575 898 576 899 44 899 574 899 578 900 577 900 579 900 578 901 579 901 580 901 578 902 580 902 581 902 578 903 581 903 582 903 578 904 582 904 46 904 578 905 46 905 44 905 578 906 44 906 576 906 578 907 576 907 577 907 8 908 583 908 6 908 563 909 2 909 7 909 41 910 62 910 570 910 584 911 585 911 583 911 584 912 586 912 585 912 584 913 583 913 8 913 587 914 588 914 586 914 587 915 586 915 584 915 589 916 50 916 49 916 589 917 590 917 588 917 589 918 49 918 590 918 589 919 588 919 587 919 591 920 8 920 4 920 591 921 584 921 8 921 592 922 584 922 591 922 592 923 587 923 584 923 593 924 52 924 50 924 593 925 50 925 589 925 593 926 587 926 592 926 593 927 589 927 587 927 594 928 4 928 5 928 594 929 591 929 4 929 595 930 591 930 594 930 595 931 592 931 591 931 596 932 54 932 52 932 596 933 52 933 593 933 596 934 592 934 595 934 596 935 593 935 592 935 597 936 5 936 3 936 597 937 594 937 5 937 598 938 594 938 597 938 598 939 595 939 594 939 599 940 56 940 54 940 599 941 595 941 598 941 599 942 596 942 595 942 599 943 54 943 596 943 600 944 3 944 1 944 600 945 597 945 3 945 601 946 598 946 597 946 601 947 597 947 600 947 602 948 58 948 56 948 602 949 598 949 601 949 602 950 56 950 599 950 602 951 599 951 598 951 603 952 1 952 0 952 603 953 600 953 1 953 604 954 601 954 600 954 604 955 600 955 603 955 605 956 601 956 604 956 605 957 60 957 58 957 605 958 62 958 60 958 605 959 58 959 602 959 605 960 602 960 601 960 606 961 563 961 565 961 606 962 0 962 2 962 606 963 603 963 0 963 606 964 2 964 563 964 607 965 565 965 567 965 607 966 567 966 569 966 607 967 603 967 606 967 607 968 606 968 565 968 607 969 604 969 603 969 608 970 605 970 604 970 608 971 607 971 569 971 608 972 569 972 570 972 608 973 62 973 605 973 608 974 604 974 607 974 608 975 570 975 62 975 609 976 236 976 235 976 610 977 240 977 239 977 610 978 611 978 240 978 612 979 239 979 236 979 612 980 609 980 613 980 612 981 610 981 239 981 612 982 236 982 609 982 614 983 615 983 611 983 614 984 611 984 610 984 616 985 613 985 617 985 616 986 612 986 613 986 616 987 610 987 612 987 616 988 614 988 610 988 618 989 619 989 620 989 618 990 620 990 615 990 618 991 615 991 614 991 621 992 617 992 619 992 621 993 616 993 617 993 621 994 618 994 614 994 621 995 619 995 618 995 621 996 614 996 616 996 11 997 6 997 583 997 622 998 11 998 583 998 623 999 583 999 585 999 623 1000 622 1000 583 1000 624 1001 585 1001 586 1001 624 1002 623 1002 585 1002 625 1003 586 1003 588 1003 625 1004 624 1004 586 1004 626 1005 588 1005 590 1005 626 1006 625 1006 588 1006 65 1007 590 1007 49 1007 65 1008 626 1008 590 1008 611 1009 627 1009 241 1009 611 1010 241 1010 240 1010 615 1011 628 1011 627 1011 615 1012 627 1012 611 1012 620 1013 629 1013 628 1013 620 1014 628 1014 615 1014 13 1015 11 1015 622 1015 630 1016 15 1016 243 1016 631 1017 624 1017 625 1017 631 1018 625 1018 626 1018 631 1019 626 1019 65 1019 631 1020 65 1020 245 1020 632 1021 622 1021 623 1021 632 1022 623 1022 624 1022 632 1023 13 1023 622 1023 632 1024 624 1024 631 1024 633 1025 631 1025 245 1025 634 1026 631 1026 633 1026 635 1027 14 1027 13 1027 635 1028 13 1028 632 1028 635 1029 631 1029 634 1029 635 1030 632 1030 631 1030 636 1031 633 1031 245 1031 636 1032 634 1032 633 1032 637 1033 14 1033 635 1033 637 1034 635 1034 634 1034 637 1035 634 1035 636 1035 638 1036 245 1036 243 1036 638 1037 636 1037 245 1037 639 1038 638 1038 243 1038 639 1039 636 1039 638 1039 640 1040 15 1040 14 1040 640 1041 14 1041 637 1041 640 1042 637 1042 636 1042 640 1043 243 1043 15 1043 640 1044 639 1044 243 1044 640 1045 636 1045 639 1045 641 1046 241 1046 627 1046 641 1047 627 1047 628 1047 641 1048 628 1048 629 1048 641 1049 629 1049 630 1049 641 1050 243 1050 241 1050 641 1051 630 1051 243 1051 117 1052 642 1052 643 1052 117 1053 643 1053 644 1053 117 1054 644 1054 645 1054 117 1055 645 1055 646 1055 117 1056 646 1056 647 1056 117 1057 647 1057 648 1057 117 1058 648 1058 649 1058 117 1059 649 1059 16 1059 118 1060 117 1060 16 1060 120 1061 118 1061 19 1061 650 1062 21 1062 27 1062 651 1063 21 1063 650 1063 652 1064 21 1064 651 1064 653 1065 21 1065 652 1065 654 1066 21 1066 653 1066 102 1067 120 1067 21 1067 102 1068 21 1068 654 1068 655 1069 16 1069 19 1069 656 1070 16 1070 655 1070 656 1071 655 1071 19 1071 657 1072 16 1072 656 1072 657 1073 656 1073 19 1073 657 1074 19 1074 118 1074 657 1075 118 1075 16 1075 658 1076 19 1076 21 1076 659 1077 19 1077 658 1077 659 1078 658 1078 21 1078 660 1079 659 1079 21 1079 660 1080 19 1080 659 1080 661 1081 660 1081 21 1081 661 1082 19 1082 660 1082 661 1083 21 1083 120 1083 661 1084 120 1084 19 1084 662 1085 651 1085 650 1085 662 1086 650 1086 27 1086 662 1087 27 1087 31 1087 663 1088 653 1088 652 1088 663 1089 652 1089 651 1089 663 1090 651 1090 662 1090 664 1091 102 1091 654 1091 664 1092 654 1092 653 1092 664 1093 103 1093 102 1093 664 1094 653 1094 663 1094 665 1095 31 1095 30 1095 665 1096 662 1096 31 1096 666 1097 662 1097 665 1097 666 1098 663 1098 662 1098 667 1099 105 1099 103 1099 667 1100 663 1100 666 1100 667 1101 103 1101 664 1101 667 1102 664 1102 663 1102 668 1103 30 1103 28 1103 668 1104 665 1104 30 1104 669 1105 665 1105 668 1105 669 1106 666 1106 665 1106 670 1107 107 1107 105 1107 670 1108 105 1108 667 1108 670 1109 667 1109 666 1109 670 1110 666 1110 669 1110 671 1111 28 1111 23 1111 671 1112 668 1112 28 1112 672 1113 669 1113 668 1113 672 1114 668 1114 671 1114 673 1115 109 1115 107 1115 673 1116 107 1116 670 1116 673 1117 670 1117 669 1117 673 1118 669 1118 672 1118 674 1119 23 1119 25 1119 674 1120 671 1120 23 1120 675 1121 672 1121 671 1121 675 1122 671 1122 674 1122 676 1123 111 1123 109 1123 676 1124 672 1124 675 1124 676 1125 673 1125 672 1125 676 1126 109 1126 673 1126 677 1127 25 1127 24 1127 677 1128 674 1128 25 1128 678 1129 675 1129 674 1129 678 1130 674 1130 677 1130 679 1131 675 1131 678 1131 679 1132 113 1132 111 1132 679 1133 111 1133 676 1133 679 1134 676 1134 675 1134 680 1135 29 1135 26 1135 680 1136 24 1136 29 1136 680 1137 681 1137 682 1137 680 1138 26 1138 681 1138 680 1139 677 1139 24 1139 683 1140 677 1140 680 1140 683 1141 684 1141 685 1141 683 1142 682 1142 684 1142 683 1143 680 1143 682 1143 683 1144 678 1144 677 1144 686 1145 683 1145 685 1145 686 1146 113 1146 679 1146 686 1147 678 1147 683 1147 686 1148 687 1148 96 1148 686 1149 685 1149 687 1149 686 1150 115 1150 113 1150 686 1151 96 1151 115 1151 686 1152 679 1152 678 1152 26 1153 20 1153 688 1153 681 1154 688 1154 689 1154 681 1155 26 1155 688 1155 682 1156 689 1156 690 1156 682 1157 681 1157 689 1157 684 1158 690 1158 691 1158 684 1159 682 1159 690 1159 685 1160 691 1160 692 1160 685 1161 684 1161 691 1161 687 1162 692 1162 97 1162 687 1163 685 1163 692 1163 96 1164 687 1164 97 1164 693 1165 694 1165 230 1165 693 1166 695 1166 694 1166 693 1167 696 1167 695 1167 232 1168 693 1168 230 1168 20 1169 18 1169 688 1169 697 1170 693 1170 232 1170 698 1171 693 1171 697 1171 698 1172 697 1172 22 1172 699 1173 22 1173 693 1173 699 1174 698 1174 22 1174 699 1175 693 1175 698 1175 700 1176 232 1176 234 1176 700 1177 697 1177 232 1177 700 1178 22 1178 697 1178 701 1179 17 1179 22 1179 701 1180 22 1180 700 1180 702 1181 700 1181 234 1181 703 1182 700 1182 702 1182 704 1183 18 1183 17 1183 704 1184 17 1184 701 1184 704 1185 701 1185 700 1185 704 1186 700 1186 703 1186 705 1187 234 1187 97 1187 705 1188 97 1188 692 1188 705 1189 692 1189 691 1189 705 1190 691 1190 690 1190 705 1191 703 1191 702 1191 705 1192 702 1192 234 1192 706 1193 690 1193 689 1193 706 1194 689 1194 688 1194 706 1195 18 1195 704 1195 706 1196 705 1196 690 1196 706 1197 703 1197 705 1197 706 1198 688 1198 18 1198 706 1199 704 1199 703 1199 230 1200 707 1200 229 1200 694 1201 708 1201 707 1201 694 1202 707 1202 230 1202 695 1203 709 1203 708 1203 695 1204 708 1204 694 1204 696 1205 709 1205 695 1205 710 1206 711 1206 712 1206 710 1207 712 1207 226 1207 710 1208 226 1208 225 1208 713 1209 227 1209 229 1209 713 1210 225 1210 227 1210 713 1211 229 1211 707 1211 713 1212 710 1212 225 1212 714 1213 715 1213 711 1213 714 1214 711 1214 710 1214 716 1215 707 1215 708 1215 716 1216 713 1216 707 1216 716 1217 710 1217 713 1217 716 1218 714 1218 710 1218 717 1219 718 1219 715 1219 717 1220 715 1220 714 1220 719 1221 709 1221 718 1221 719 1222 708 1222 709 1222 719 1223 717 1223 714 1223 719 1224 714 1224 716 1224 719 1225 716 1225 708 1225 719 1226 718 1226 717 1226 117 1227 116 1227 720 1227 720 1228 721 1228 722 1228 116 1229 721 1229 720 1229 722 1230 723 1230 724 1230 721 1231 723 1231 722 1231 724 1232 725 1232 726 1232 723 1233 725 1233 724 1233 726 1234 727 1234 728 1234 725 1235 727 1235 726 1235 727 1236 729 1236 728 1236 728 1237 127 1237 126 1237 729 1238 127 1238 728 1238 134 1239 730 1239 133 1239 730 1240 132 1240 133 1240 730 1241 731 1241 132 1241 16 1242 649 1242 732 1242 129 1243 728 1243 128 1243 128 1244 728 1244 126 1244 649 1245 648 1245 732 1245 130 1246 726 1246 129 1246 129 1247 726 1247 728 1247 732 1248 647 1248 733 1248 648 1249 647 1249 732 1249 643 1250 720 1250 722 1250 643 1251 642 1251 720 1251 642 1252 117 1252 720 1252 643 1253 734 1253 644 1253 644 1254 734 1254 645 1254 645 1255 734 1255 646 1255 646 1256 734 1256 647 1256 733 1257 734 1257 735 1257 735 1258 734 1258 731 1258 132 1259 734 1259 131 1259 131 1260 734 1260 130 1260 724 1261 734 1261 722 1261 726 1262 734 1262 724 1262 731 1263 734 1263 132 1263 130 1264 734 1264 726 1264 647 1265 734 1265 733 1265 722 1266 734 1266 643 1266 134 1267 136 1267 730 1267 730 1268 736 1268 731 1268 136 1269 736 1269 730 1269 731 1270 737 1270 735 1270 736 1271 737 1271 731 1271 737 1272 738 1272 735 1272 733 1273 739 1273 732 1273 735 1274 739 1274 733 1274 738 1275 739 1275 735 1275 739 1276 740 1276 732 1276 732 1277 22 1277 16 1277 740 1278 22 1278 732 1278 137 1279 741 1279 742 1279 137 1280 138 1280 741 1280 22 1281 743 1281 693 1281 693 1282 743 1282 744 1282 744 1283 743 1283 742 1283 740 1284 743 1284 22 1284 739 1285 743 1285 740 1285 738 1286 743 1286 739 1286 737 1287 743 1287 738 1287 742 1288 743 1288 137 1288 137 1289 745 1289 136 1289 736 1290 745 1290 737 1290 136 1291 745 1291 736 1291 737 1292 745 1292 743 1292 743 1293 745 1293 137 1293 746 1294 741 1294 534 1294 534 1295 741 1295 138 1295 747 1296 742 1296 746 1296 746 1297 742 1297 741 1297 696 1298 744 1298 747 1298 747 1299 744 1299 742 1299 696 1300 693 1300 744 1300 537 1301 748 1301 536 1301 536 1302 746 1302 535 1302 535 1303 746 1303 534 1303 748 1304 746 1304 536 1304 749 1305 747 1305 748 1305 748 1306 747 1306 746 1306 709 1307 696 1307 749 1307 749 1308 696 1308 747 1308 709 1309 749 1309 718 1309 748 1310 750 1310 749 1310 749 1311 750 1311 718 1311 537 1312 538 1312 748 1312 748 1313 538 1313 750 1313 750 1314 539 1314 751 1314 538 1315 539 1315 750 1315 539 1316 752 1316 751 1316 539 1317 753 1317 752 1317 539 1318 541 1318 753 1318 753 1319 543 1319 752 1319 541 1320 543 1320 753 1320 543 1321 544 1321 754 1321 544 1322 755 1322 754 1322 544 1323 546 1323 755 1323 546 1324 84 1324 755 1324 752 1325 756 1325 751 1325 757 1326 756 1326 754 1326 758 1327 756 1327 757 1327 759 1328 756 1328 758 1328 760 1329 756 1329 759 1329 751 1330 756 1330 760 1330 754 1331 756 1331 543 1331 543 1332 756 1332 752 1332 761 1333 553 1333 762 1333 762 1334 553 1334 555 1334 553 1335 763 1335 551 1335 764 1336 763 1336 553 1336 551 1337 765 1337 550 1337 550 1338 765 1338 548 1338 763 1339 765 1339 551 1339 765 1340 91 1340 548 1340 766 1341 767 1341 768 1341 769 1342 767 1342 766 1342 770 1343 767 1343 769 1343 771 1344 767 1344 770 1344 764 1345 767 1345 771 1345 768 1346 767 1346 761 1346 761 1347 767 1347 553 1347 553 1348 767 1348 764 1348 772 1349 558 1349 559 1349 773 1350 774 1350 772 1350 772 1351 774 1351 558 1351 558 1352 775 1352 557 1352 774 1353 775 1353 558 1353 620 1354 619 1354 773 1354 773 1355 619 1355 774 1355 557 1356 762 1356 555 1356 557 1357 761 1357 762 1357 775 1358 768 1358 557 1358 557 1359 768 1359 761 1359 562 1360 776 1360 561 1360 777 1361 772 1361 776 1361 561 1362 772 1362 560 1362 560 1363 772 1363 559 1363 776 1364 772 1364 561 1364 629 1365 773 1365 777 1365 777 1366 773 1366 772 1366 629 1367 620 1367 773 1367 778 1368 562 1368 69 1368 779 1369 776 1369 778 1369 778 1370 776 1370 562 1370 780 1371 777 1371 779 1371 779 1372 777 1372 776 1372 630 1373 629 1373 780 1373 780 1374 629 1374 777 1374 778 1375 66 1375 779 1375 69 1376 66 1376 778 1376 630 1377 781 1377 15 1377 15 1378 781 1378 782 1378 782 1379 781 1379 783 1379 783 1380 781 1380 784 1380 784 1381 781 1381 785 1381 780 1382 781 1382 630 1382 779 1383 781 1383 780 1383 66 1384 781 1384 779 1384 785 1385 786 1385 787 1385 787 1386 786 1386 68 1386 68 1387 786 1387 66 1387 66 1388 786 1388 781 1388 781 1389 786 1389 785 1389 68 1390 70 1390 787 1390 70 1391 788 1391 787 1391 787 1392 789 1392 785 1392 788 1393 789 1393 787 1393 785 1394 790 1394 784 1394 789 1395 790 1395 785 1395 784 1396 791 1396 783 1396 790 1397 791 1397 784 1397 782 1398 792 1398 15 1398 783 1399 792 1399 782 1399 791 1400 792 1400 783 1400 792 1401 12 1401 15 1401 71 1402 793 1402 76 1402 793 1403 77 1403 76 1403 793 1404 794 1404 77 1404 46 1405 582 1405 795 1405 80 1406 788 1406 81 1406 81 1407 788 1407 70 1407 582 1408 581 1408 795 1408 795 1409 580 1409 796 1409 581 1410 580 1410 795 1410 80 1411 789 1411 788 1411 577 1412 575 1412 791 1412 575 1413 792 1413 791 1413 575 1414 12 1414 792 1414 577 1415 797 1415 579 1415 579 1416 797 1416 580 1416 796 1417 797 1417 798 1417 798 1418 797 1418 794 1418 77 1419 797 1419 78 1419 78 1420 797 1420 79 1420 79 1421 797 1421 80 1421 790 1422 797 1422 791 1422 789 1423 797 1423 790 1423 794 1424 797 1424 77 1424 580 1425 797 1425 796 1425 80 1426 797 1426 789 1426 791 1427 797 1427 577 1427 73 1428 799 1428 71 1428 71 1429 799 1429 793 1429 793 1430 800 1430 794 1430 799 1431 800 1431 793 1431 794 1432 801 1432 798 1432 800 1433 801 1433 794 1433 796 1434 802 1434 795 1434 798 1435 802 1435 796 1435 801 1436 802 1436 798 1436 802 1437 803 1437 795 1437 795 1438 47 1438 46 1438 803 1439 47 1439 795 1439 149 1440 318 1440 270 1440 318 1441 317 1441 270 1441 270 1442 314 1442 272 1442 317 1443 314 1443 270 1443 314 1444 313 1444 272 1444 279 1445 799 1445 73 1445 279 1446 800 1446 799 1446 307 1447 47 1447 803 1447 311 1448 804 1448 313 1448 272 1449 804 1449 274 1449 313 1450 804 1450 272 1450 310 1451 805 1451 311 1451 274 1452 805 1452 276 1452 804 1453 805 1453 274 1453 311 1454 805 1454 804 1454 310 1455 806 1455 805 1455 805 1456 806 1456 276 1456 308 1457 807 1457 310 1457 276 1458 807 1458 278 1458 310 1459 807 1459 806 1459 806 1460 807 1460 276 1460 307 1461 808 1461 308 1461 807 1462 808 1462 278 1462 308 1463 808 1463 807 1463 278 1464 809 1464 279 1464 307 1465 809 1465 808 1465 808 1466 809 1466 278 1466 802 1467 810 1467 803 1467 801 1468 810 1468 802 1468 800 1469 810 1469 801 1469 307 1470 810 1470 809 1470 809 1471 810 1471 279 1471 279 1472 810 1472 800 1472 803 1473 810 1473 307 1473 811 1474 217 1474 215 1474 811 1475 218 1475 217 1475 216 1476 811 1476 215 1476 812 1477 811 1477 216 1477 549 1478 95 1478 812 1478 549 1479 812 1479 216 1479 552 1480 216 1480 219 1480 552 1481 549 1481 216 1481 340 1482 221 1482 223 1482 338 1483 221 1483 340 1483 554 1484 219 1484 221 1484 554 1485 552 1485 219 1485 337 1486 554 1486 221 1486 337 1487 221 1487 338 1487 336 1488 554 1488 337 1488 556 1489 554 1489 336 1489 334 1490 556 1490 336 1490 333 1491 556 1491 334 1491 812 1492 95 1492 94 1492 812 1493 94 1493 813 1493 811 1494 814 1494 214 1494 811 1495 813 1495 814 1495 811 1496 812 1496 813 1496 218 1497 811 1497 214 1497 206 1498 353 1498 209 1498 351 1499 353 1499 206 1499 208 1500 351 1500 206 1500 350 1501 351 1501 208 1501 540 1502 349 1502 350 1502 540 1503 347 1503 349 1503 540 1504 346 1504 347 1504 540 1505 350 1505 208 1505 542 1506 210 1506 212 1506 542 1507 208 1507 210 1507 542 1508 540 1508 208 1508 814 1509 213 1509 214 1509 814 1510 212 1510 213 1510 545 1511 542 1511 212 1511 545 1512 212 1512 814 1512 813 1513 545 1513 814 1513 547 1514 545 1514 813 1514 94 1515 547 1515 813 1515 815 1516 765 1516 763 1516 816 1517 765 1517 815 1517 93 1518 91 1518 765 1518 93 1519 765 1519 816 1519 817 1520 609 1520 235 1520 817 1521 235 1521 237 1521 818 1522 613 1522 609 1522 818 1523 609 1523 817 1523 617 1524 613 1524 818 1524 819 1525 617 1525 818 1525 619 1526 617 1526 819 1526 820 1527 619 1527 819 1527 93 1528 821 1528 92 1528 816 1529 821 1529 93 1529 774 1530 619 1530 820 1530 774 1531 822 1531 823 1531 774 1532 820 1532 822 1532 770 1533 774 1533 771 1533 775 1534 770 1534 769 1534 775 1535 774 1535 770 1535 766 1536 775 1536 769 1536 768 1537 775 1537 766 1537 824 1538 825 1538 821 1538 824 1539 826 1539 825 1539 824 1540 823 1540 826 1540 824 1541 816 1541 815 1541 824 1542 815 1542 763 1542 824 1543 764 1543 771 1543 824 1544 763 1544 764 1544 824 1545 771 1545 774 1545 824 1546 821 1546 816 1546 824 1547 774 1547 823 1547 827 1548 92 1548 821 1548 825 1549 827 1549 821 1549 828 1550 827 1550 825 1550 829 1551 825 1551 826 1551 829 1552 828 1552 825 1552 830 1553 826 1553 823 1553 830 1554 829 1554 826 1554 831 1555 823 1555 822 1555 831 1556 830 1556 823 1556 819 1557 822 1557 820 1557 818 1558 831 1558 822 1558 818 1559 822 1559 819 1559 817 1560 831 1560 818 1560 237 1561 831 1561 817 1561 237 1562 238 1562 832 1562 831 1563 832 1563 833 1563 831 1564 237 1564 832 1564 830 1565 833 1565 834 1565 830 1566 831 1566 833 1566 829 1567 834 1567 835 1567 829 1568 830 1568 834 1568 828 1569 829 1569 835 1569 827 1570 835 1570 836 1570 827 1571 828 1571 835 1571 92 1572 836 1572 89 1572 92 1573 827 1573 836 1573 248 1574 832 1574 238 1574 833 1575 832 1575 248 1575 263 1576 833 1576 248 1576 834 1577 833 1577 263 1577 90 1578 89 1578 836 1578 90 1579 836 1579 835 1579 204 1580 202 1580 257 1580 200 1581 258 1581 257 1581 200 1582 257 1582 202 1582 198 1583 258 1583 200 1583 205 1584 257 1584 261 1584 205 1585 204 1585 257 1585 199 1586 263 1586 258 1586 199 1587 258 1587 198 1587 203 1588 205 1588 261 1588 195 1589 263 1589 199 1589 201 1590 203 1590 261 1590 837 1591 263 1591 195 1591 88 1592 835 1592 834 1592 88 1593 90 1593 835 1593 197 1594 201 1594 261 1594 838 1595 834 1595 263 1595 838 1596 263 1596 837 1596 839 1597 88 1597 834 1597 839 1598 834 1598 838 1598 87 1599 88 1599 839 1599 837 1600 195 1600 194 1600 837 1601 194 1601 840 1601 838 1602 840 1602 841 1602 838 1603 837 1603 840 1603 839 1604 841 1604 842 1604 839 1605 838 1605 841 1605 87 1606 842 1606 86 1606 87 1607 839 1607 842 1607 228 1608 224 1608 843 1608 844 1609 843 1609 845 1609 844 1610 228 1610 843 1610 846 1611 845 1611 847 1611 846 1612 844 1612 845 1612 840 1613 847 1613 848 1613 840 1614 846 1614 847 1614 841 1615 848 1615 849 1615 841 1616 840 1616 848 1616 842 1617 841 1617 849 1617 86 1618 849 1618 85 1618 86 1619 842 1619 849 1619 850 1620 715 1620 718 1620 850 1621 718 1621 851 1621 852 1622 711 1622 715 1622 852 1623 715 1623 850 1623 712 1624 711 1624 852 1624 853 1625 712 1625 852 1625 226 1626 712 1626 853 1626 224 1627 226 1627 853 1627 854 1628 852 1628 850 1628 854 1629 850 1629 851 1629 843 1630 224 1630 853 1630 843 1631 853 1631 852 1631 843 1632 852 1632 854 1632 855 1633 843 1633 854 1633 845 1634 843 1634 855 1634 856 1635 845 1635 855 1635 847 1636 845 1636 856 1636 857 1637 847 1637 856 1637 848 1638 847 1638 857 1638 849 1639 857 1639 858 1639 849 1640 848 1640 857 1640 85 1641 849 1641 858 1641 750 1642 854 1642 851 1642 750 1643 851 1643 718 1643 760 1644 750 1644 751 1644 759 1645 750 1645 760 1645 758 1646 750 1646 759 1646 757 1647 750 1647 758 1647 83 1648 85 1648 858 1648 83 1649 858 1649 859 1649 860 1650 757 1650 754 1650 860 1651 861 1651 859 1651 860 1652 754 1652 861 1652 860 1653 858 1653 857 1653 860 1654 857 1654 856 1654 860 1655 856 1655 855 1655 860 1656 855 1656 854 1656 860 1657 854 1657 750 1657 860 1658 750 1658 757 1658 860 1659 859 1659 858 1659 83 1660 755 1660 84 1660 859 1661 755 1661 83 1661 861 1662 755 1662 859 1662 754 1663 755 1663 861 1663 170 1664 189 1664 172 1664 99 1665 233 1665 862 1665 863 1666 191 1666 190 1666 863 1667 192 1667 191 1667 863 1668 193 1668 192 1668 864 1669 194 1669 193 1669 864 1670 846 1670 840 1670 864 1671 840 1671 194 1671 864 1672 193 1672 863 1672 865 1673 844 1673 846 1673 865 1674 228 1674 844 1674 865 1675 846 1675 864 1675 866 1676 190 1676 189 1676 866 1677 189 1677 170 1677 867 1678 863 1678 190 1678 867 1679 190 1679 866 1679 868 1680 864 1680 863 1680 868 1681 863 1681 867 1681 869 1682 231 1682 228 1682 869 1683 864 1683 868 1683 869 1684 228 1684 865 1684 869 1685 865 1685 864 1685 870 1686 163 1686 166 1686 870 1687 170 1687 163 1687 870 1688 871 1688 872 1688 870 1689 166 1689 871 1689 870 1690 866 1690 170 1690 873 1691 872 1691 874 1691 873 1692 870 1692 872 1692 873 1693 866 1693 870 1693 873 1694 867 1694 866 1694 875 1695 874 1695 876 1695 875 1696 867 1696 873 1696 875 1697 868 1697 867 1697 875 1698 873 1698 874 1698 877 1699 876 1699 862 1699 877 1700 233 1700 231 1700 877 1701 231 1701 869 1701 877 1702 869 1702 868 1702 877 1703 875 1703 876 1703 877 1704 862 1704 233 1704 877 1705 868 1705 875 1705 166 1706 173 1706 878 1706 871 1707 878 1707 879 1707 871 1708 166 1708 878 1708 872 1709 871 1709 879 1709 874 1710 880 1710 881 1710 874 1711 879 1711 880 1711 874 1712 872 1712 879 1712 876 1713 881 1713 882 1713 876 1714 874 1714 881 1714 862 1715 876 1715 882 1715 99 1716 882 1716 98 1716 99 1717 862 1717 882 1717 100 1718 883 1718 101 1718 176 1719 174 1719 884 1719 882 1720 114 1720 98 1720 173 1721 175 1721 878 1721 885 1722 886 1722 883 1722 885 1723 887 1723 886 1723 885 1724 104 1724 106 1724 885 1725 100 1725 104 1725 885 1726 883 1726 100 1726 888 1727 177 1727 176 1727 888 1728 178 1728 177 1728 888 1729 889 1729 887 1729 888 1730 884 1730 889 1730 888 1731 176 1731 884 1731 888 1732 887 1732 885 1732 890 1733 108 1733 110 1733 890 1734 106 1734 108 1734 890 1735 885 1735 106 1735 891 1736 179 1736 178 1736 891 1737 180 1737 179 1737 891 1738 888 1738 885 1738 891 1739 178 1739 888 1739 891 1740 885 1740 890 1740 892 1741 882 1741 881 1741 892 1742 881 1742 880 1742 892 1743 112 1743 114 1743 892 1744 110 1744 112 1744 892 1745 890 1745 110 1745 892 1746 114 1746 882 1746 893 1747 880 1747 879 1747 893 1748 879 1748 878 1748 893 1749 181 1749 180 1749 893 1750 175 1750 181 1750 893 1751 890 1751 892 1751 893 1752 891 1752 890 1752 893 1753 180 1753 891 1753 893 1754 892 1754 880 1754 893 1755 878 1755 175 1755 119 1756 894 1756 116 1756 168 1757 167 1757 895 1757 883 1758 121 1758 101 1758 174 1759 169 1759 884 1759 896 1760 897 1760 894 1760 896 1761 898 1761 897 1761 896 1762 894 1762 119 1762 899 1763 900 1763 898 1763 899 1764 895 1764 900 1764 899 1765 168 1765 895 1765 899 1766 898 1766 896 1766 901 1767 883 1767 886 1767 901 1768 886 1768 887 1768 901 1769 119 1769 121 1769 901 1770 896 1770 119 1770 901 1771 121 1771 883 1771 902 1772 887 1772 889 1772 902 1773 889 1773 884 1773 902 1774 169 1774 168 1774 902 1775 901 1775 887 1775 902 1776 168 1776 899 1776 902 1777 899 1777 896 1777 902 1778 896 1778 901 1778 902 1779 884 1779 169 1779 895 1780 167 1780 165 1780 319 1781 160 1781 157 1781 721 1782 116 1782 894 1782 127 1783 729 1783 327 1783 903 1784 900 1784 895 1784 903 1785 895 1785 165 1785 904 1786 165 1786 164 1786 904 1787 903 1787 165 1787 905 1788 164 1788 162 1788 905 1789 904 1789 164 1789 906 1790 898 1790 900 1790 906 1791 900 1791 903 1791 907 1792 162 1792 161 1792 907 1793 905 1793 162 1793 908 1794 906 1794 903 1794 908 1795 903 1795 904 1795 909 1796 894 1796 897 1796 909 1797 897 1797 898 1797 909 1798 721 1798 894 1798 909 1799 898 1799 906 1799 910 1800 161 1800 160 1800 910 1801 319 1801 321 1801 910 1802 160 1802 319 1802 910 1803 907 1803 161 1803 911 1804 904 1804 905 1804 911 1805 908 1805 904 1805 912 1806 723 1806 721 1806 912 1807 721 1807 909 1807 912 1808 909 1808 906 1808 912 1809 906 1809 908 1809 913 1810 905 1810 907 1810 913 1811 911 1811 905 1811 914 1812 725 1812 723 1812 914 1813 912 1813 908 1813 914 1814 723 1814 912 1814 914 1815 908 1815 911 1815 915 1816 321 1816 323 1816 915 1817 323 1817 326 1817 915 1818 907 1818 910 1818 915 1819 913 1819 907 1819 915 1820 910 1820 321 1820 916 1821 727 1821 725 1821 916 1822 725 1822 914 1822 916 1823 911 1823 913 1823 916 1824 914 1824 911 1824 917 1825 729 1825 727 1825 917 1826 326 1826 327 1826 917 1827 915 1827 326 1827 917 1828 727 1828 916 1828 917 1829 327 1829 729 1829 917 1830 913 1830 915 1830 917 1831 916 1831 913 1831</p>
        </triangles>
      </mesh>
    </geometry>
  </library_geometries>
  <library_materials>
    <material id="mat_Mesh008" name="Mesh008">
      <instance_effect url="#effect_Mesh008"/>
    </material>
    <material id="mat_Mesh009" name="Mesh009">
      <instance_effect url="#effect_Mesh009"/>
    </material>
    <material id="mat_Mesh010" name="Mesh010">
      <instance_effect url="#effect_Mesh010"/>
    </material>
  </library_materials>
  <library_visual_scenes>
    <visual_scene id="myscene">
      <node id="node0" name="node0">
        <instance_geometry url="#geometry0">
          <bind_material>
            <technique_common>
              <instance_material symbol="ref_Mesh008" target="#mat_Mesh008"/>
            </technique_common>
          </bind_material>
        </instance_geometry>
      </node>
      <node id="node1" name="node1">
        <instance_geometry url="#geometry1">
          <bind_material>
            <technique_common>
              <instance_material symbol="ref_Mesh009" target="#mat_Mesh009"/>
            </technique_common>
          </bind_material>
        </instance_geometry>
      </node>
      <node id="node2" name="node2">
        <instance_geometry url="#geometry2">
          <bind_material>
            <technique_common>
              <instance_material symbol="ref_Mesh010" target="#mat_Mesh010"/>
            </technique_common>
          </bind_material>
        </instance_geometry>
      </node>
    </visual_scene>
  </library_visual_scenes>
  <scene>
    <instance_visual_scene url="#myscene"/>
  </scene>
</COLLADA>
